nsw,vic,qld,wa,sa,tan
-0.786500594,-2.950268339,3.162933448,4.109780225,-0.314530085,0
#Note: Temporary file for testing purposes.