is,os,core,coru,cere,ceru,fnre,fnru
1.284037886023797,-4.4556362950757435,2.3987890304384116,1.1976262881649369,1.1675736442567939,3.11804069196186,1.131438748048791,2.382769225648444