is,os,core,coru,cere,ceru,fnre,fnru
2.0833725350332726,-4.285729784308771,2.54826781532063,1.145536382967726,0.21896639073191143,2.78822413228382,0.2270775747076084,2.1441151633548716