nsw,vic,qld,wa,sa,tan
-0.055380062025649865,-1.3689196121645706,2.147953457373013,-0.4995617771906411,0.08871611248608423,-0.4494014496303392