nsw,vic,qld,wa,sa,tan
0.2954773218005153,-0.44814153988999406,0.3153618457463458,-0.4113784556567006,-0.009886709399435414,-0.016210855156987808