nsw,vic,qld,wa,sa,tan
-0.3658435050587324,0.26602195168652176,0.7715185483152835,-1.1449607286112615,0.2214822675334169,-0.18330109427561125