nsw,vic,qld,wa,sa,tan
0.0847194737628727,-0.26579534445413433,0.2925554071231918,-0.2515915115248208,0.13038534862056286,-0.04925356486592276