nsw,vic,qld,wa,sa,tan
0.4498770856598144,-0.5224614211547554,0.2875711664139782,-0.6219275407598444,0.015098341190217404,-0.11798766952022519