nsw,vic,qld,wa,sa,tan
0.20167868676627643,-1.7231122250940518,2.111599047681117,-0.2948759908319395,-0.34427376104624313,0.1145893085087077