nsw,vic,qld,wa,sa,tan
-0.23577889070815286,-0.5532219008551877,1.5448149500920696,-0.9606257612739589,0.17328517620150422,-0.23916645991534605