nsw,vic,qld,wa,sa,tan
0.4418456744975899,-1.9030974635473457,2.0147841906015507,-0.37496590744019076,-0.24557039012949441,-0.0860326987792452