nsw,vic,qld,wa,sa,tan
-0.07764157770383139,-1.398459989495602,2.2217423573076,-0.4952850595391969,0.06308686848149875,-0.4242492972285426