nsw,vic,qld,wa,sa,tan
-0.15434309243842165,-0.11621570785390534,0.9134541695119491,-1.0605017317468899,0.22572479474248458,-0.31939220192183837