nsw,vic,qld,wa,sa,tan
-0.20980826173004774,-0.08682844623349295,0.9436826401832069,-1.0622484608954779,0.19026205421153344,-0.18371871576391022