nsw,vic,qld,wa,sa,tan
-0.4046141184127883,0.2650406049538413,0.8883132783700523,-1.2845093256262468,0.30521502744183204,-0.24786666916420447