nsw,vic,qld,wa,sa,tan
-0.300968193412225,-0.30327373808529784,1.1333307824181234,-0.38307983789196465,-0.16721793041548375,-0.09319360948916418