nsw,vic,qld,wa,sa,tan
-0.18365111829932446,0.013101041381128326,0.37484771073247497,-0.13319918946594383,-0.06536068723645903,-0.048478806689576694