nsw,vic,qld,wa,sa,tan
-0.038701415441834884,-0.2531266704896132,0.5828684545882589,-0.5342551349971499,0.28078233287855453,-0.15950084436131215