nsw,vic,qld,wa,sa,tan
-0.3499127296612579,-0.4593577888417959,1.6449525994407026,-1.0013652505537534,0.13618993231654403,-0.2610527685830788