nsw,vic,qld,wa,sa,tan
0.41467841557350016,-1.7353933276059692,1.939900569525049,-0.5588413279352726,-0.26699737936446144,-0.06580899235174117