nsw,vic,qld,wa,sa,tan
-0.22289876468662853,0.10187362365783278,0.9769401755684658,-1.3612902262384665,0.0771279056030542,-0.42920563766561376