nsw,vic,qld,wa,sa,tan
-0.4606319501658604,0.28595806350205333,0.9985454455663572,-1.3587160820314694,0.2868285396408424,-0.26749473708049265