nsw,vic,qld,wa,sa,tan
-0.09586831293932045,-0.19919111370768328,0.7413463144886422,-0.7061447352172151,0.08016954954768005,-0.06662201023441844