nsw,vic,qld,wa,sa,tan
-0.02623501161363631,0.16751317247500164,-0.024957356890166052,-0.181518036851084,-0.10411448816232922,-0.06831497244177544