nsw,vic,qld,wa,sa,tan
-0.2221995692873275,-0.6836296452353829,1.3803998883999393,-0.23981663722021893,-0.10357075516277069,-0.029259730474972993