nsw,vic,qld,wa,sa,tan
0.15084588524807999,-0.35958839587894154,0.46910384325130466,-0.4764632644421214,0.019398192673857763,-0.08418927670320789