nsw,vic,qld,wa,sa,tan
0.4403929197320022,-0.37935561289139014,0.13514040389361986,-0.5747146061757453,-0.08950777304832169,-0.11283540278867227