nsw,vic,qld,wa,sa,tan
0.2791263678272495,-1.5050860412958216,1.682555929062393,-0.28648684639346705,-0.19490092580601504,-0.0007458955425816762