nsw,vic,qld,wa,sa,tan
0.050357441720971584,-0.42021951910724875,0.5990010672248457,-0.29834610805382966,0.05565972806386502,-0.07242321661111763