nsw,vic,qld,wa,sa,tan
-0.16180841770272575,-0.7764463196235935,1.9065507407545474,-0.9425037113033556,-0.44271601779334496,-0.141490745180846