nsw,vic,qld,wa,sa,tan
0.33576476679091455,-1.6632198238040903,1.803876995085307,-0.3735019629177412,-0.1782252765613971,0.10957068552998482