nsw,vic,qld,wa,sa,tan
0.06899186100992107,-1.590298909191367,2.187796197649054,-0.264803307113806,-0.3464872804552786,-0.08675846115121885