nsw,vic,qld,wa,sa,tan
-0.2965977618543551,-0.041383825511281884,0.635179691356803,-0.17407529270637365,-0.05138815179996809,-0.04317816101428339