nsw,vic,qld,wa,sa,tan
0.3710705231491902,-2.1610038136064316,2.4770664736610857,-0.23575819597130257,-0.33583203646135973,-0.3279991799836293