nsw,vic,qld,wa,sa,tan
-0.26106459844763114,0.09257823050629785,0.9891708031497084,-1.250833857248912,0.028379638716067294,-0.3375686055520774