nsw,vic,qld,wa,sa,tan
0.12283052402789482,-1.7280132880293473,2.2057763267152146,-0.1637986843956721,-0.3196651405086638,-0.040655637588460095