nsw,vic,qld,wa,sa,tan
-0.061717785248570634,-0.20537487378405406,0.5368813892258436,-0.2565886280074034,-0.10792683944972765,-0.04786130456092235