nsw,vic,qld,wa,sa,tan
-0.26165417918978323,-0.6840517738027392,1.6922702937603273,-0.7197330450190033,0.036846025114077204,-0.2819570147064882