innerMetro,outerMetro,provincial,rural
-0.12681699118545972,-0.46895155789948434,0.37314352256922095,0.8624549863957202