innerMetro,outerMetro,regional
-0.5988884258147777,0.19264474633284093,0.2870302500726506