innerMetro,outerMetro,regional
-0.46406374436398706,-3.0540768207874063,3.635807561977446