innerMetro,outerMetro,regional
-0.14584681494572985,0.06421677456155087,0.051423806462640734