innerMetro,outerMetro,regional
-0.2644185313101189,-0.8649158167080762,1.1390016926309336