innerMetro,outerMetro,provincial,rural
-0.17004145050283825,-0.05496736038599881,0.09181126263533392,0.2925857493572644