metro,regional
0.5703607546625075,-0.7862822979040351