metro,regional
0.9900878865162323,-1.3649157839643034