nsw,vic,qld,wa,sa,tan
3.4614699677080973,-0.48400058028399534,-2.3157070187134843,-4.554618315109395,-0.944780667406267,0.4238882605887079