nsw,vic,qld,wa,sa,tan
-0.05062931969476211,-0.3892037721761659,0.5478830333041332,0.016697705862239186,0.025851144673706247,0.027319791861921308