nsw,vic,qld,wa,sa,tan
-0.2920284168630472,-0.3887218820195276,0.9049966318618973,0.03468797822491127,0.08285455885365445,-0.006060595340845299