nsw,vic,qld,wa,sa,tan
4.323757387481746,-2.517984200198809,-1.0458510188337211,-4.707619975391995,-0.9241956057614623,0.501552474784554