nsw,vic,qld,wa,sa,tan
-0.25282955687815944,-0.7402228865265597,2.5519891340596774,-1.6123533186490422,-1.1845616511906556,0.10423020177772972