nsw,vic,qld,wa,sa,tan
-0.004378343075360152,0.07219032521174065,1.4074144478989785,-2.1003622691497092,-1.2036029466576372,0.004868822357008832