nsw,vic,qld,wa,sa,tan
0.9408372275996563,-0.2688365333127706,-0.7487395272924985,-0.739461236966419,-0.0032149071671301152,-0.08315963506203336