nsw,vic,qld,wa,sa,tan
0.5605604443795762,-0.03354446397340373,-0.6171973883210833,-0.4096772880820298,-0.008861762920859911,-0.058039126795257835