nsw,vic,qld,wa,sa,tan
-0.779332601517575,-1.333164050723362,2.993604689883917,-0.40429661323670923,0.32199391404514166,0.008872855324660705