nsw,vic,qld,wa,sa,tan
-0.706085436555471,-1.4774567731823107,2.994242356604479,-0.32163800075279103,0.37800184688050625,0.02906246669538387