nsw,vic,qld,wa,sa,tan
4.025398519083063,-1.7450608137156969,-1.4821683507056649,-4.71740718901065,-0.9944258245821099,0.3293357063166644