nsw,vic,qld,wa,sa,tan
-0.20297411351375982,-0.3875588730556059,2.0346930635898963,-1.494742562271345,-1.217707910609773,-0.11498184118875622