nsw,vic,qld,wa,sa,tan
-0.9129887477050953,-1.2198129501299717,3.0236253762995213,-0.40143411562988623,0.37148471930925187,0.07672965629438155