nsw,vic,qld,wa,sa,tan
0.19680431355656766,-0.9232031518649463,2.2928868973896983,-1.9062774366824038,-1.3337556125024048,0.04676563345579886