nsw,vic,qld,wa,sa,tan
3.2896437275848793,-2.1174233930841853,-1.0457832529467836,-2.7126958531171628,-0.6752441538934096,0.6330618544682364