nsw,vic,qld,wa,sa,tan
0.9793834024546394,-0.1277421315118785,-0.9977537577960245,-0.6025630935755181,-0.16075066965922924,-0.08309090946012873