metro,seq,regional
-0.4727311578550828,-0.35545012055646014,1.201191973805867