nsw,vic,qld,wa,sa,tan
-0.32854781006911,-0.1300011107327321,2.1249159966730815,-1.9471587952902474,-1.2212863837152812,-0.08400863842450594