nsw,vic,qld,wa,sa,tan
-0.09463405246723372,-0.3707757998470521,0.5939055945288343,-0.008313407256983076,0.0772643298772246,-4.9848909484273206e-05