nsw,vic,qld,wa,sa,tan
0.028667539641452914,-0.9789109173302261,2.6052101682667015,-2.037202839350068,-1.0075806748978562,-0.08716440704893615