nsw,vic,qld,wa,sa,tan
-0.18351417418846186,-0.28083120291216535,0.6112149725999478,-0.026296085416255006,0.12951772161742475,-0.007249348840335297