nsw,vic,qld,wa,sa,tan
0.8541417367901094,0.10808081143096124,-0.9991292446175938,-0.8199964358411787,-0.12534762594983406,-0.10378626552506125