nsw,vic,qld,wa,sa,tan
-0.27623641143316435,-0.28982022634910637,0.7530291422799718,0.024765167806711546,0.09501270057903706,0.003342453119241047