metro,seq,regional
-1.0765012011930732,1.7810318621677128,-0.06821621337423832