nsw,vic,qld,wa,sa,tan
-0.8297435601234843,-0.0658200283384506,2.364038284911198,-1.3305575230717837,-0.8746955589574554,0.04568167608021851