nsw,vic,qld,wa,sa,tan
0.6821989808718876,-0.24700158906250194,-0.5505391443396863,-0.39373229693432815,0.016808490290504505,-0.07847968511856042