nsw,vic,qld,wa,sa,tan
-0.8196815768004795,-0.47928189606346117,2.7245033388296584,-1.0884670368172968,-0.8115412890962661,0.05892512652305005