nsw,vic,qld,wa,sa,tan
-1.005989467394607,-0.25402334280038974,2.8521664327923006,-1.1884590680692144,-0.9457564761044929,-0.023508752220921376