nsw,vic,qld,wa,sa,tan
-0.595844577140893,0.3214311237254506,1.8740790943837755,-1.6107673002118394,-1.339784916786458,-0.18058811176487652