nsw,vic,qld,wa,sa,tan
-0.9319997128817213,-0.22555024282204006,2.3719796815225114,-0.7711754008976761,-0.5882531577426888,-0.07548507481385996