mean-swing-deviation,2.6507070409287508
swing-kurtosis,4.7419377547137485
federal-modifier,-0.9776417384843313
retirement-urban,-1.2235906621177095
retirement-regional,-1.3023879397502147
sophomore-candidate-urban,0.723236812808456
sophomore-candidate-regional,1.042492109779684
sophomore-party-urban,1.2338332179970752
sophomore-party-regional,0.8567693154068862
previous-swing-modifier,-0.12585746853297453
