mean-swing-deviation,2.64495799162749
swing-kurtosis,4.803305428267638
federal-modifier,-1.0144940888045269
retirement-urban,-1.1855818074769544
retirement-regional,-1.3415525809889084
sophomore-candidate-urban,0.7929091592995912
sophomore-candidate-regional,1.0240465420141331
sophomore-party-urban,1.1537179295295763
sophomore-party-regional,0.874293993442948
previous-swing-modifier,-0.1343781030326463
