Date,Party,50%
2001-11-24,@TPP,46.031
2001-11-25,@TPP,46.031
2001-11-26,@TPP,46.085
2001-11-27,@TPP,46.085
2001-11-28,@TPP,46.108
2001-11-29,@TPP,46.108
2001-11-30,@TPP,46.144
2001-12-01,@TPP,46.144
2001-12-02,@TPP,46.184
2001-12-03,@TPP,46.184
2001-12-04,@TPP,46.204
2001-12-05,@TPP,46.204
2001-12-06,@TPP,46.222
2001-12-07,@TPP,46.222
2001-12-08,@TPP,46.297
2001-12-09,@TPP,46.297
2001-12-10,@TPP,46.328
2001-12-11,@TPP,46.328
2001-12-12,@TPP,46.37
2001-12-13,@TPP,46.37
2001-12-14,@TPP,46.415
2001-12-15,@TPP,46.415
2001-12-16,@TPP,46.424
2001-12-17,@TPP,46.424
2001-12-18,@TPP,46.446
2001-12-19,@TPP,46.446
2001-12-20,@TPP,46.477
2001-12-21,@TPP,46.477
2001-12-22,@TPP,46.484
2001-12-23,@TPP,46.484
2001-12-24,@TPP,46.52
2001-12-25,@TPP,46.52
2001-12-26,@TPP,46.548
2001-12-27,@TPP,46.548
2001-12-28,@TPP,46.577
2001-12-29,@TPP,46.577
2001-12-30,@TPP,46.598
2001-12-31,@TPP,46.598
2002-01-01,@TPP,46.626
2002-01-02,@TPP,46.626
2002-01-03,@TPP,46.651
2002-01-04,@TPP,46.651
2002-01-05,@TPP,46.674
2002-01-06,@TPP,46.674
2002-01-07,@TPP,46.716
2002-01-08,@TPP,46.716
2002-01-09,@TPP,46.746
2002-01-10,@TPP,46.746
2002-01-11,@TPP,46.766
2002-01-12,@TPP,46.766
2002-01-13,@TPP,46.771
2002-01-14,@TPP,46.771
2002-01-15,@TPP,46.776
2002-01-16,@TPP,46.776
2002-01-17,@TPP,46.785
2002-01-18,@TPP,46.785
2002-01-19,@TPP,46.795
2002-01-20,@TPP,46.795
2002-01-21,@TPP,46.884
2002-01-22,@TPP,46.884
2002-01-23,@TPP,46.994
2002-01-24,@TPP,46.994
2002-01-25,@TPP,47.052
2002-01-26,@TPP,47.052
2002-01-27,@TPP,47.086
2002-01-28,@TPP,47.086
2002-01-29,@TPP,47.131
2002-01-30,@TPP,47.131
2002-01-31,@TPP,47.159
2002-02-01,@TPP,47.159
2002-02-02,@TPP,47.189
2002-02-03,@TPP,47.189
2002-02-04,@TPP,47.22
2002-02-05,@TPP,47.22
2002-02-06,@TPP,47.269
2002-02-07,@TPP,47.269
2002-02-08,@TPP,47.412
2002-02-09,@TPP,47.412
2002-02-10,@TPP,47.452
2002-02-11,@TPP,47.452
2002-02-12,@TPP,47.454
2002-02-13,@TPP,47.454
2002-02-14,@TPP,47.494
2002-02-15,@TPP,47.494
2002-02-16,@TPP,47.539
2002-02-17,@TPP,47.539
2002-02-18,@TPP,47.54
2002-02-19,@TPP,47.54
2002-02-20,@TPP,47.562
2002-02-21,@TPP,47.562
2002-02-22,@TPP,47.631
2002-02-23,@TPP,47.631
2002-02-24,@TPP,47.691
2002-02-25,@TPP,47.691
2002-02-26,@TPP,47.742
2002-02-27,@TPP,47.742
2002-02-28,@TPP,47.788
2002-03-01,@TPP,47.788
2002-03-02,@TPP,47.838
2002-03-03,@TPP,47.838
2002-03-04,@TPP,47.892
2002-03-05,@TPP,47.892
2002-03-06,@TPP,47.969
2002-03-07,@TPP,47.969
2002-03-08,@TPP,48.038
2002-03-09,@TPP,48.038
2002-03-10,@TPP,48.153
2002-03-11,@TPP,48.153
2002-03-12,@TPP,48.259
2002-03-13,@TPP,48.259
2002-03-14,@TPP,48.374
2002-03-15,@TPP,48.374
2002-03-16,@TPP,48.457
2002-03-17,@TPP,48.457
2002-03-18,@TPP,48.58
2002-03-19,@TPP,48.58
2002-03-20,@TPP,48.663
2002-03-21,@TPP,48.663
2002-03-22,@TPP,48.694
2002-03-23,@TPP,48.694
2002-03-24,@TPP,48.751
2002-03-25,@TPP,48.751
2002-03-26,@TPP,48.777
2002-03-27,@TPP,48.777
2002-03-28,@TPP,48.796
2002-03-29,@TPP,48.796
2002-03-30,@TPP,48.842
2002-03-31,@TPP,48.842
2002-04-01,@TPP,48.866
2002-04-02,@TPP,48.866
2002-04-03,@TPP,48.902
2002-04-04,@TPP,48.902
2002-04-05,@TPP,48.932
2002-04-06,@TPP,48.932
2002-04-07,@TPP,48.961
2002-04-08,@TPP,48.961
2002-04-09,@TPP,48.979
2002-04-10,@TPP,48.979
2002-04-11,@TPP,48.994
2002-04-12,@TPP,48.994
2002-04-13,@TPP,49.003
2002-04-14,@TPP,49.003
2002-04-15,@TPP,49.015
2002-04-16,@TPP,49.015
2002-04-17,@TPP,49.033
2002-04-18,@TPP,49.033
2002-04-19,@TPP,49.152
2002-04-20,@TPP,49.152
2002-04-21,@TPP,49.166
2002-04-22,@TPP,49.166
2002-04-23,@TPP,49.183
2002-04-24,@TPP,49.183
2002-04-25,@TPP,49.179
2002-04-26,@TPP,49.179
2002-04-27,@TPP,49.219
2002-04-28,@TPP,49.219
2002-04-29,@TPP,49.246
2002-04-30,@TPP,49.246
2002-05-01,@TPP,49.264
2002-05-02,@TPP,49.264
2002-05-03,@TPP,49.273
2002-05-04,@TPP,49.273
2002-05-05,@TPP,49.331
2002-05-06,@TPP,49.331
2002-05-07,@TPP,49.367
2002-05-08,@TPP,49.367
2002-05-09,@TPP,49.42
2002-05-10,@TPP,49.42
2002-05-11,@TPP,49.455
2002-05-12,@TPP,49.455
2002-05-13,@TPP,49.489
2002-05-14,@TPP,49.489
2002-05-15,@TPP,49.523
2002-05-16,@TPP,49.523
2002-05-17,@TPP,49.519
2002-05-18,@TPP,49.519
2002-05-19,@TPP,49.492
2002-05-20,@TPP,49.492
2002-05-21,@TPP,49.479
2002-05-22,@TPP,49.479
2002-05-23,@TPP,49.421
2002-05-24,@TPP,49.421
2002-05-25,@TPP,49.393
2002-05-26,@TPP,49.393
2002-05-27,@TPP,49.367
2002-05-28,@TPP,49.367
2002-05-29,@TPP,49.322
2002-05-30,@TPP,49.322
2002-05-31,@TPP,49.269
2002-06-01,@TPP,49.269
2002-06-02,@TPP,49.164
2002-06-03,@TPP,49.164
2002-06-04,@TPP,49.083
2002-06-05,@TPP,49.083
2002-06-06,@TPP,48.99
2002-06-07,@TPP,48.99
2002-06-08,@TPP,48.898
2002-06-09,@TPP,48.898
2002-06-10,@TPP,48.791
2002-06-11,@TPP,48.791
2002-06-12,@TPP,48.691
2002-06-13,@TPP,48.691
2002-06-14,@TPP,48.659
2002-06-15,@TPP,48.659
2002-06-16,@TPP,48.622
2002-06-17,@TPP,48.622
2002-06-18,@TPP,48.585
2002-06-19,@TPP,48.585
2002-06-20,@TPP,48.549
2002-06-21,@TPP,48.549
2002-06-22,@TPP,48.507
2002-06-23,@TPP,48.507
2002-06-24,@TPP,48.481
2002-06-25,@TPP,48.481
2002-06-26,@TPP,48.541
2002-06-27,@TPP,48.541
2002-06-28,@TPP,48.597
2002-06-29,@TPP,48.597
2002-06-30,@TPP,48.632
2002-07-01,@TPP,48.632
2002-07-02,@TPP,48.665
2002-07-03,@TPP,48.665
2002-07-04,@TPP,48.701
2002-07-05,@TPP,48.701
2002-07-06,@TPP,48.774
2002-07-07,@TPP,48.774
2002-07-08,@TPP,48.828
2002-07-09,@TPP,48.828
2002-07-10,@TPP,48.915
2002-07-11,@TPP,48.915
2002-07-12,@TPP,48.915
2002-07-13,@TPP,48.915
2002-07-14,@TPP,48.937
2002-07-15,@TPP,48.937
2002-07-16,@TPP,48.941
2002-07-17,@TPP,48.941
2002-07-18,@TPP,48.947
2002-07-19,@TPP,48.947
2002-07-20,@TPP,48.973
2002-07-21,@TPP,48.973
2002-07-22,@TPP,48.899
2002-07-23,@TPP,48.899
2002-07-24,@TPP,48.832
2002-07-25,@TPP,48.832
2002-07-26,@TPP,48.864
2002-07-27,@TPP,48.864
2002-07-28,@TPP,48.899
2002-07-29,@TPP,48.899
2002-07-30,@TPP,48.935
2002-07-31,@TPP,48.935
2002-08-01,@TPP,48.991
2002-08-02,@TPP,48.991
2002-08-03,@TPP,49.011
2002-08-04,@TPP,49.011
2002-08-05,@TPP,49.026
2002-08-06,@TPP,49.026
2002-08-07,@TPP,49.072
2002-08-08,@TPP,49.072
2002-08-09,@TPP,49.07
2002-08-10,@TPP,49.07
2002-08-11,@TPP,49.091
2002-08-12,@TPP,49.091
2002-08-13,@TPP,49.104
2002-08-14,@TPP,49.104
2002-08-15,@TPP,49.113
2002-08-16,@TPP,49.113
2002-08-17,@TPP,49.146
2002-08-18,@TPP,49.146
2002-08-19,@TPP,49.241
2002-08-20,@TPP,49.241
2002-08-21,@TPP,49.315
2002-08-22,@TPP,49.315
2002-08-23,@TPP,49.369
2002-08-24,@TPP,49.369
2002-08-25,@TPP,49.372
2002-08-26,@TPP,49.372
2002-08-27,@TPP,49.386
2002-08-28,@TPP,49.386
2002-08-29,@TPP,49.421
2002-08-30,@TPP,49.421
2002-08-31,@TPP,49.417
2002-09-01,@TPP,49.417
2002-09-02,@TPP,49.367
2002-09-03,@TPP,49.367
2002-09-04,@TPP,49.309
2002-09-05,@TPP,49.309
2002-09-06,@TPP,49.239
2002-09-07,@TPP,49.239
2002-09-08,@TPP,49.177
2002-09-09,@TPP,49.177
2002-09-10,@TPP,49.096
2002-09-11,@TPP,49.096
2002-09-12,@TPP,49.028
2002-09-13,@TPP,49.028
2002-09-14,@TPP,48.954
2002-09-15,@TPP,48.954
2002-09-16,@TPP,48.875
2002-09-17,@TPP,48.875
2002-09-18,@TPP,48.825
2002-09-19,@TPP,48.825
2002-09-20,@TPP,48.798
2002-09-21,@TPP,48.798
2002-09-22,@TPP,48.748
2002-09-23,@TPP,48.748
2002-09-24,@TPP,48.727
2002-09-25,@TPP,48.727
2002-09-26,@TPP,48.696
2002-09-27,@TPP,48.696
2002-09-28,@TPP,48.68
2002-09-29,@TPP,48.68
2002-09-30,@TPP,48.569
2002-10-01,@TPP,48.569
2002-10-02,@TPP,48.434
2002-10-03,@TPP,48.434
2002-10-04,@TPP,48.298
2002-10-05,@TPP,48.298
2002-10-06,@TPP,48.196
2002-10-07,@TPP,48.196
2002-10-08,@TPP,48.023
2002-10-09,@TPP,48.023
2002-10-10,@TPP,47.858
2002-10-11,@TPP,47.858
2002-10-12,@TPP,47.657
2002-10-13,@TPP,47.657
2002-10-14,@TPP,47.482
2002-10-15,@TPP,47.482
2002-10-16,@TPP,47.318
2002-10-17,@TPP,47.318
2002-10-18,@TPP,47.087
2002-10-19,@TPP,47.087
2002-10-20,@TPP,46.966
2002-10-21,@TPP,46.966
2002-10-22,@TPP,46.85
2002-10-23,@TPP,46.85
2002-10-24,@TPP,46.725
2002-10-25,@TPP,46.725
2002-10-26,@TPP,46.606
2002-10-27,@TPP,46.606
2002-10-28,@TPP,46.481
2002-10-29,@TPP,46.481
2002-10-30,@TPP,46.353
2002-10-31,@TPP,46.353
2002-11-01,@TPP,46.348
2002-11-02,@TPP,46.348
2002-11-03,@TPP,46.384
2002-11-04,@TPP,46.384
2002-11-05,@TPP,46.427
2002-11-06,@TPP,46.427
2002-11-07,@TPP,46.462
2002-11-08,@TPP,46.462
2002-11-09,@TPP,46.5
2002-11-10,@TPP,46.5
2002-11-11,@TPP,46.524
2002-11-12,@TPP,46.524
2002-11-13,@TPP,46.58
2002-11-14,@TPP,46.58
2002-11-15,@TPP,46.738
2002-11-16,@TPP,46.738
2002-11-17,@TPP,46.863
2002-11-18,@TPP,46.863
2002-11-19,@TPP,46.957
2002-11-20,@TPP,46.957
2002-11-21,@TPP,47.079
2002-11-22,@TPP,47.079
2002-11-23,@TPP,47.204
2002-11-24,@TPP,47.204
2002-11-25,@TPP,47.334
2002-11-26,@TPP,47.334
2002-11-27,@TPP,47.436
2002-11-28,@TPP,47.436
2002-11-29,@TPP,47.538
2002-11-30,@TPP,47.538
2002-12-01,@TPP,47.537
2002-12-02,@TPP,47.537
2002-12-03,@TPP,47.536
2002-12-04,@TPP,47.536
2002-12-05,@TPP,47.576
2002-12-06,@TPP,47.576
2002-12-07,@TPP,47.575
2002-12-08,@TPP,47.575
2002-12-09,@TPP,47.586
2002-12-10,@TPP,47.586
2002-12-11,@TPP,47.582
2002-12-12,@TPP,47.582
2002-12-13,@TPP,47.624
2002-12-14,@TPP,47.624
2002-12-15,@TPP,47.657
2002-12-16,@TPP,47.657
2002-12-17,@TPP,47.637
2002-12-18,@TPP,47.637
2002-12-19,@TPP,47.651
2002-12-20,@TPP,47.651
2002-12-21,@TPP,47.674
2002-12-22,@TPP,47.674
2002-12-23,@TPP,47.7
2002-12-24,@TPP,47.7
2002-12-25,@TPP,47.709
2002-12-26,@TPP,47.709
2002-12-27,@TPP,47.703
2002-12-28,@TPP,47.703
2002-12-29,@TPP,47.723
2002-12-30,@TPP,47.723
2002-12-31,@TPP,47.738
2003-01-01,@TPP,47.738
2003-01-02,@TPP,47.74
2003-01-03,@TPP,47.74
2003-01-04,@TPP,47.74
2003-01-05,@TPP,47.74
2003-01-06,@TPP,47.772
2003-01-07,@TPP,47.772
2003-01-08,@TPP,47.807
2003-01-09,@TPP,47.807
2003-01-10,@TPP,47.782
2003-01-11,@TPP,47.782
2003-01-12,@TPP,47.799
2003-01-13,@TPP,47.799
2003-01-14,@TPP,47.785
2003-01-15,@TPP,47.785
2003-01-16,@TPP,47.838
2003-01-17,@TPP,47.838
2003-01-18,@TPP,47.884
2003-01-19,@TPP,47.884
2003-01-20,@TPP,47.934
2003-01-21,@TPP,47.934
2003-01-22,@TPP,48.001
2003-01-23,@TPP,48.001
2003-01-24,@TPP,48.018
2003-01-25,@TPP,48.018
2003-01-26,@TPP,48.056
2003-01-27,@TPP,48.056
2003-01-28,@TPP,48.103
2003-01-29,@TPP,48.103
2003-01-30,@TPP,48.147
2003-01-31,@TPP,48.147
2003-02-01,@TPP,48.189
2003-02-02,@TPP,48.189
2003-02-03,@TPP,48.194
2003-02-04,@TPP,48.194
2003-02-05,@TPP,48.217
2003-02-06,@TPP,48.217
2003-02-07,@TPP,48.217
2003-02-08,@TPP,48.217
2003-02-09,@TPP,48.197
2003-02-10,@TPP,48.197
2003-02-11,@TPP,48.21
2003-02-12,@TPP,48.21
2003-02-13,@TPP,48.206
2003-02-14,@TPP,48.206
2003-02-15,@TPP,48.208
2003-02-16,@TPP,48.208
2003-02-17,@TPP,48.205
2003-02-18,@TPP,48.205
2003-02-19,@TPP,48.193
2003-02-20,@TPP,48.193
2003-02-21,@TPP,48.275
2003-02-22,@TPP,48.275
2003-02-23,@TPP,48.361
2003-02-24,@TPP,48.361
2003-02-25,@TPP,48.423
2003-02-26,@TPP,48.423
2003-02-27,@TPP,48.513
2003-02-28,@TPP,48.513
2003-03-01,@TPP,48.602
2003-03-02,@TPP,48.602
2003-03-03,@TPP,48.622
2003-03-04,@TPP,48.622
2003-03-05,@TPP,48.632
2003-03-06,@TPP,48.632
2003-03-07,@TPP,48.538
2003-03-08,@TPP,48.538
2003-03-09,@TPP,48.447
2003-03-10,@TPP,48.447
2003-03-11,@TPP,48.367
2003-03-12,@TPP,48.367
2003-03-13,@TPP,48.275
2003-03-14,@TPP,48.275
2003-03-15,@TPP,48.203
2003-03-16,@TPP,48.203
2003-03-17,@TPP,47.987
2003-03-18,@TPP,47.987
2003-03-19,@TPP,47.788
2003-03-20,@TPP,47.788
2003-03-21,@TPP,47.571
2003-03-22,@TPP,47.571
2003-03-23,@TPP,47.43
2003-03-24,@TPP,47.43
2003-03-25,@TPP,47.369
2003-03-26,@TPP,47.369
2003-03-27,@TPP,47.353
2003-03-28,@TPP,47.353
2003-03-29,@TPP,47.319
2003-03-30,@TPP,47.319
2003-03-31,@TPP,47.351
2003-04-01,@TPP,47.351
2003-04-02,@TPP,47.385
2003-04-03,@TPP,47.385
2003-04-04,@TPP,47.436
2003-04-05,@TPP,47.436
2003-04-06,@TPP,47.461
2003-04-07,@TPP,47.461
2003-04-08,@TPP,47.359
2003-04-09,@TPP,47.359
2003-04-10,@TPP,47.248
2003-04-11,@TPP,47.248
2003-04-12,@TPP,47.144
2003-04-13,@TPP,47.144
2003-04-14,@TPP,47.138
2003-04-15,@TPP,47.138
2003-04-16,@TPP,47.135
2003-04-17,@TPP,47.135
2003-04-18,@TPP,47.129
2003-04-19,@TPP,47.129
2003-04-20,@TPP,47.149
2003-04-21,@TPP,47.149
2003-04-22,@TPP,47.223
2003-04-23,@TPP,47.223
2003-04-24,@TPP,47.318
2003-04-25,@TPP,47.318
2003-04-26,@TPP,47.413
2003-04-27,@TPP,47.413
2003-04-28,@TPP,47.511
2003-04-29,@TPP,47.511
2003-04-30,@TPP,47.602
2003-05-01,@TPP,47.602
2003-05-02,@TPP,47.764
2003-05-03,@TPP,47.764
2003-05-04,@TPP,48.028
2003-05-05,@TPP,48.028
2003-05-06,@TPP,48.269
2003-05-07,@TPP,48.269
2003-05-08,@TPP,48.511
2003-05-09,@TPP,48.511
2003-05-10,@TPP,48.781
2003-05-11,@TPP,48.781
2003-05-12,@TPP,49.027
2003-05-13,@TPP,49.027
2003-05-14,@TPP,49.29
2003-05-15,@TPP,49.29
2003-05-16,@TPP,49.074
2003-05-17,@TPP,49.074
2003-05-18,@TPP,49.005
2003-05-19,@TPP,49.005
2003-05-20,@TPP,48.926
2003-05-21,@TPP,48.926
2003-05-22,@TPP,48.85
2003-05-23,@TPP,48.85
2003-05-24,@TPP,48.784
2003-05-25,@TPP,48.784
2003-05-26,@TPP,48.709
2003-05-27,@TPP,48.709
2003-05-28,@TPP,48.642
2003-05-29,@TPP,48.642
2003-05-30,@TPP,48.442
2003-05-31,@TPP,48.442
2003-06-01,@TPP,48.281
2003-06-02,@TPP,48.281
2003-06-03,@TPP,48.101
2003-06-04,@TPP,48.101
2003-06-05,@TPP,47.921
2003-06-06,@TPP,47.921
2003-06-07,@TPP,47.739
2003-06-08,@TPP,47.739
2003-06-09,@TPP,47.549
2003-06-10,@TPP,47.549
2003-06-11,@TPP,47.373
2003-06-12,@TPP,47.373
2003-06-13,@TPP,47.297
2003-06-14,@TPP,47.297
2003-06-15,@TPP,47.203
2003-06-16,@TPP,47.203
2003-06-17,@TPP,47.123
2003-06-18,@TPP,47.123
2003-06-19,@TPP,47.039
2003-06-20,@TPP,47.039
2003-06-21,@TPP,46.936
2003-06-22,@TPP,46.936
2003-06-23,@TPP,46.904
2003-06-24,@TPP,46.904
2003-06-25,@TPP,46.874
2003-06-26,@TPP,46.874
2003-06-27,@TPP,46.874
2003-06-28,@TPP,46.874
2003-06-29,@TPP,46.883
2003-06-30,@TPP,46.883
2003-07-01,@TPP,46.901
2003-07-02,@TPP,46.901
2003-07-03,@TPP,46.901
2003-07-04,@TPP,46.901
2003-07-05,@TPP,46.919
2003-07-06,@TPP,46.919
2003-07-07,@TPP,46.919
2003-07-08,@TPP,46.919
2003-07-09,@TPP,46.936
2003-07-10,@TPP,46.936
2003-07-11,@TPP,46.924
2003-07-12,@TPP,46.924
2003-07-13,@TPP,46.916
2003-07-14,@TPP,46.916
2003-07-15,@TPP,46.899
2003-07-16,@TPP,46.899
2003-07-17,@TPP,46.899
2003-07-18,@TPP,46.899
2003-07-19,@TPP,46.916
2003-07-20,@TPP,46.916
2003-07-21,@TPP,46.908
2003-07-22,@TPP,46.908
2003-07-23,@TPP,46.917
2003-07-24,@TPP,46.917
2003-07-25,@TPP,46.924
2003-07-26,@TPP,46.924
2003-07-27,@TPP,46.933
2003-07-28,@TPP,46.933
2003-07-29,@TPP,46.939
2003-07-30,@TPP,46.939
2003-07-31,@TPP,46.94
2003-08-01,@TPP,46.94
2003-08-02,@TPP,46.939
2003-08-03,@TPP,46.939
2003-08-04,@TPP,46.945
2003-08-05,@TPP,46.945
2003-08-06,@TPP,46.949
2003-08-07,@TPP,46.949
2003-08-08,@TPP,46.944
2003-08-09,@TPP,46.944
2003-08-10,@TPP,46.938
2003-08-11,@TPP,46.938
2003-08-12,@TPP,46.99
2003-08-13,@TPP,46.99
2003-08-14,@TPP,47.035
2003-08-15,@TPP,47.035
2003-08-16,@TPP,47.056
2003-08-17,@TPP,47.056
2003-08-18,@TPP,47.194
2003-08-19,@TPP,47.194
2003-08-20,@TPP,47.313
2003-08-21,@TPP,47.313
2003-08-22,@TPP,47.455
2003-08-23,@TPP,47.455
2003-08-24,@TPP,47.59
2003-08-25,@TPP,47.59
2003-08-26,@TPP,47.657
2003-08-27,@TPP,47.657
2003-08-28,@TPP,47.743
2003-08-29,@TPP,47.743
2003-08-30,@TPP,47.805
2003-08-31,@TPP,47.805
2003-09-01,@TPP,47.868
2003-09-02,@TPP,47.868
2003-09-03,@TPP,47.938
2003-09-04,@TPP,47.938
2003-09-05,@TPP,47.938
2003-09-06,@TPP,47.938
2003-09-07,@TPP,47.944
2003-09-08,@TPP,47.944
2003-09-09,@TPP,47.934
2003-09-10,@TPP,47.934
2003-09-11,@TPP,47.945
2003-09-12,@TPP,47.945
2003-09-13,@TPP,47.966
2003-09-14,@TPP,47.966
2003-09-15,@TPP,47.963
2003-09-16,@TPP,47.963
2003-09-17,@TPP,47.982
2003-09-18,@TPP,47.982
2003-09-19,@TPP,47.947
2003-09-20,@TPP,47.947
2003-09-21,@TPP,47.975
2003-09-22,@TPP,47.975
2003-09-23,@TPP,48.012
2003-09-24,@TPP,48.012
2003-09-25,@TPP,48.033
2003-09-26,@TPP,48.033
2003-09-27,@TPP,48.07
2003-09-28,@TPP,48.07
2003-09-29,@TPP,48.016
2003-09-30,@TPP,48.016
2003-10-01,@TPP,47.971
2003-10-02,@TPP,47.971
2003-10-03,@TPP,47.926
2003-10-04,@TPP,47.926
2003-10-05,@TPP,47.889
2003-10-06,@TPP,47.889
2003-10-07,@TPP,47.905
2003-10-08,@TPP,47.905
2003-10-09,@TPP,47.911
2003-10-10,@TPP,47.911
2003-10-11,@TPP,47.93
2003-10-12,@TPP,47.93
2003-10-13,@TPP,47.948
2003-10-14,@TPP,47.948
2003-10-15,@TPP,47.953
2003-10-16,@TPP,47.953
2003-10-17,@TPP,48.057
2003-10-18,@TPP,48.057
2003-10-19,@TPP,48.035
2003-10-20,@TPP,48.035
2003-10-21,@TPP,47.993
2003-10-22,@TPP,47.993
2003-10-23,@TPP,47.977
2003-10-24,@TPP,47.977
2003-10-25,@TPP,47.927
2003-10-26,@TPP,47.927
2003-10-27,@TPP,47.924
2003-10-28,@TPP,47.924
2003-10-29,@TPP,47.898
2003-10-30,@TPP,47.898
2003-10-31,@TPP,47.774
2003-11-01,@TPP,47.774
2003-11-02,@TPP,47.736
2003-11-03,@TPP,47.736
2003-11-04,@TPP,47.681
2003-11-05,@TPP,47.681
2003-11-06,@TPP,47.652
2003-11-07,@TPP,47.652
2003-11-08,@TPP,47.605
2003-11-09,@TPP,47.605
2003-11-10,@TPP,47.545
2003-11-11,@TPP,47.545
2003-11-12,@TPP,47.503
2003-11-13,@TPP,47.503
2003-11-14,@TPP,47.589
2003-11-15,@TPP,47.589
2003-11-16,@TPP,47.575
2003-11-17,@TPP,47.575
2003-11-18,@TPP,47.547
2003-11-19,@TPP,47.547
2003-11-20,@TPP,47.532
2003-11-21,@TPP,47.532
2003-11-22,@TPP,47.517
2003-11-23,@TPP,47.517
2003-11-24,@TPP,47.475
2003-11-25,@TPP,47.475
2003-11-26,@TPP,47.457
2003-11-27,@TPP,47.457
2003-11-28,@TPP,47.431
2003-11-29,@TPP,47.431
2003-11-30,@TPP,47.461
2003-12-01,@TPP,47.461
2003-12-02,@TPP,48.935
2003-12-03,@TPP,48.935
2003-12-04,@TPP,48.941
2003-12-05,@TPP,48.941
2003-12-06,@TPP,48.933
2003-12-07,@TPP,48.933
2003-12-08,@TPP,49.055
2003-12-09,@TPP,49.055
2003-12-10,@TPP,49.161
2003-12-11,@TPP,49.161
2003-12-12,@TPP,49.296
2003-12-13,@TPP,49.296
2003-12-14,@TPP,49.42
2003-12-15,@TPP,49.42
2003-12-16,@TPP,49.525
2003-12-17,@TPP,49.525
2003-12-18,@TPP,49.647
2003-12-19,@TPP,49.647
2003-12-20,@TPP,49.751
2003-12-21,@TPP,49.751
2003-12-22,@TPP,49.885
2003-12-23,@TPP,49.885
2003-12-24,@TPP,49.974
2003-12-25,@TPP,49.974
2003-12-26,@TPP,50.11
2003-12-27,@TPP,50.11
2003-12-28,@TPP,50.219
2003-12-29,@TPP,50.219
2003-12-30,@TPP,50.327
2003-12-31,@TPP,50.327
2004-01-01,@TPP,50.44
2004-01-02,@TPP,50.44
2004-01-03,@TPP,50.57
2004-01-04,@TPP,50.57
2004-01-05,@TPP,50.653
2004-01-06,@TPP,50.653
2004-01-07,@TPP,50.792
2004-01-08,@TPP,50.792
2004-01-09,@TPP,50.825
2004-01-10,@TPP,50.825
2004-01-11,@TPP,50.884
2004-01-12,@TPP,50.884
2004-01-13,@TPP,50.898
2004-01-14,@TPP,50.898
2004-01-15,@TPP,50.953
2004-01-16,@TPP,50.953
2004-01-17,@TPP,51.016
2004-01-18,@TPP,51.016
2004-01-19,@TPP,51.125
2004-01-20,@TPP,51.125
2004-01-21,@TPP,51.227
2004-01-22,@TPP,51.227
2004-01-23,@TPP,51.314
2004-01-24,@TPP,51.314
2004-01-25,@TPP,51.358
2004-01-26,@TPP,51.358
2004-01-27,@TPP,51.464
2004-01-28,@TPP,51.464
2004-01-29,@TPP,51.515
2004-01-30,@TPP,51.515
2004-01-31,@TPP,51.596
2004-02-01,@TPP,51.596
2004-02-02,@TPP,51.656
2004-02-03,@TPP,51.656
2004-02-04,@TPP,51.707
2004-02-05,@TPP,51.707
2004-02-06,@TPP,51.686
2004-02-07,@TPP,51.686
2004-02-08,@TPP,51.692
2004-02-09,@TPP,51.692
2004-02-10,@TPP,51.708
2004-02-11,@TPP,51.708
2004-02-12,@TPP,51.715
2004-02-13,@TPP,51.715
2004-02-14,@TPP,51.735
2004-02-15,@TPP,51.735
2004-02-16,@TPP,51.758
2004-02-17,@TPP,51.758
2004-02-18,@TPP,51.755
2004-02-19,@TPP,51.755
2004-02-20,@TPP,51.76
2004-02-21,@TPP,51.76
2004-02-22,@TPP,51.912
2004-02-23,@TPP,51.912
2004-02-24,@TPP,52.038
2004-02-25,@TPP,52.038
2004-02-26,@TPP,52.176
2004-02-27,@TPP,52.176
2004-02-28,@TPP,52.321
2004-02-29,@TPP,52.321
2004-03-01,@TPP,52.354
2004-03-02,@TPP,52.354
2004-03-03,@TPP,52.369
2004-03-04,@TPP,52.369
2004-03-05,@TPP,52.36
2004-03-06,@TPP,52.36
2004-03-07,@TPP,52.385
2004-03-08,@TPP,52.385
2004-03-09,@TPP,52.394
2004-03-10,@TPP,52.394
2004-03-11,@TPP,52.404
2004-03-12,@TPP,52.404
2004-03-13,@TPP,52.417
2004-03-14,@TPP,52.417
2004-03-15,@TPP,52.425
2004-03-16,@TPP,52.425
2004-03-17,@TPP,52.451
2004-03-18,@TPP,52.451
2004-03-19,@TPP,52.457
2004-03-20,@TPP,52.457
2004-03-21,@TPP,52.409
2004-03-22,@TPP,52.409
2004-03-23,@TPP,52.336
2004-03-24,@TPP,52.336
2004-03-25,@TPP,52.31
2004-03-26,@TPP,52.31
2004-03-27,@TPP,52.255
2004-03-28,@TPP,52.255
2004-03-29,@TPP,52.133
2004-03-30,@TPP,52.133
2004-03-31,@TPP,52.019
2004-04-01,@TPP,52.019
2004-04-02,@TPP,51.949
2004-04-03,@TPP,51.949
2004-04-04,@TPP,51.824
2004-04-05,@TPP,51.824
2004-04-06,@TPP,51.709
2004-04-07,@TPP,51.709
2004-04-08,@TPP,51.658
2004-04-09,@TPP,51.658
2004-04-10,@TPP,51.619
2004-04-11,@TPP,51.619
2004-04-12,@TPP,51.568
2004-04-13,@TPP,51.568
2004-04-14,@TPP,51.506
2004-04-15,@TPP,51.506
2004-04-16,@TPP,51.449
2004-04-17,@TPP,51.449
2004-04-18,@TPP,51.424
2004-04-19,@TPP,51.424
2004-04-20,@TPP,51.393
2004-04-21,@TPP,51.393
2004-04-22,@TPP,51.342
2004-04-23,@TPP,51.342
2004-04-24,@TPP,51.328
2004-04-25,@TPP,51.328
2004-04-26,@TPP,51.244
2004-04-27,@TPP,51.244
2004-04-28,@TPP,51.174
2004-04-29,@TPP,51.174
2004-04-30,@TPP,51.163
2004-05-01,@TPP,51.163
2004-05-02,@TPP,51.151
2004-05-03,@TPP,51.151
2004-05-04,@TPP,51.133
2004-05-05,@TPP,51.133
2004-05-06,@TPP,51.135
2004-05-07,@TPP,51.135
2004-05-08,@TPP,51.101
2004-05-09,@TPP,51.101
2004-05-10,@TPP,51.081
2004-05-11,@TPP,51.081
2004-05-12,@TPP,51.08
2004-05-13,@TPP,51.08
2004-05-14,@TPP,51.053
2004-05-15,@TPP,51.053
2004-05-16,@TPP,50.966
2004-05-17,@TPP,50.966
2004-05-18,@TPP,51.008
2004-05-19,@TPP,51.008
2004-05-20,@TPP,51.018
2004-05-21,@TPP,51.018
2004-05-22,@TPP,51.057
2004-05-23,@TPP,51.057
2004-05-24,@TPP,50.884
2004-05-25,@TPP,50.884
2004-05-26,@TPP,50.719
2004-05-27,@TPP,50.719
2004-05-28,@TPP,50.524
2004-05-29,@TPP,50.524
2004-05-30,@TPP,50.504
2004-05-31,@TPP,50.504
2004-06-01,@TPP,50.49
2004-06-02,@TPP,50.49
2004-06-03,@TPP,50.474
2004-06-04,@TPP,50.474
2004-06-05,@TPP,50.491
2004-06-06,@TPP,50.491
2004-06-07,@TPP,50.495
2004-06-08,@TPP,50.495
2004-06-09,@TPP,50.483
2004-06-10,@TPP,50.483
2004-06-11,@TPP,50.533
2004-06-12,@TPP,50.533
2004-06-13,@TPP,50.602
2004-06-14,@TPP,50.602
2004-06-15,@TPP,50.652
2004-06-16,@TPP,50.652
2004-06-17,@TPP,50.725
2004-06-18,@TPP,50.725
2004-06-19,@TPP,50.794
2004-06-20,@TPP,50.794
2004-06-21,@TPP,50.779
2004-06-22,@TPP,50.779
2004-06-23,@TPP,50.783
2004-06-24,@TPP,50.783
2004-06-25,@TPP,50.803
2004-06-26,@TPP,50.803
2004-06-27,@TPP,50.798
2004-06-28,@TPP,50.798
2004-06-29,@TPP,50.812
2004-06-30,@TPP,50.812
2004-07-01,@TPP,50.811
2004-07-02,@TPP,50.811
2004-07-03,@TPP,50.802
2004-07-04,@TPP,50.802
2004-07-05,@TPP,50.84
2004-07-06,@TPP,50.84
2004-07-07,@TPP,50.858
2004-07-08,@TPP,50.858
2004-07-09,@TPP,50.882
2004-07-10,@TPP,50.882
2004-07-11,@TPP,50.905
2004-07-12,@TPP,50.905
2004-07-13,@TPP,50.859
2004-07-14,@TPP,50.859
2004-07-15,@TPP,50.796
2004-07-16,@TPP,50.796
2004-07-17,@TPP,50.727
2004-07-18,@TPP,50.727
2004-07-19,@TPP,50.685
2004-07-20,@TPP,50.685
2004-07-21,@TPP,50.648
2004-07-22,@TPP,50.648
2004-07-23,@TPP,50.606
2004-07-24,@TPP,50.606
2004-07-25,@TPP,50.613
2004-07-26,@TPP,50.613
2004-07-27,@TPP,50.612
2004-07-28,@TPP,50.612
2004-07-29,@TPP,50.582
2004-07-30,@TPP,50.582
2004-07-31,@TPP,50.566
2004-08-01,@TPP,50.566
2004-08-02,@TPP,50.601
2004-08-03,@TPP,50.601
2004-08-04,@TPP,50.665
2004-08-05,@TPP,50.665
2004-08-06,@TPP,50.654
2004-08-07,@TPP,50.654
2004-08-08,@TPP,50.831
2004-08-09,@TPP,50.831
2004-08-10,@TPP,50.966
2004-08-11,@TPP,50.966
2004-08-12,@TPP,51.135
2004-08-13,@TPP,51.135
2004-08-14,@TPP,51.302
2004-08-15,@TPP,51.302
2004-08-16,@TPP,51.256
2004-08-17,@TPP,51.256
2004-08-18,@TPP,51.213
2004-08-19,@TPP,51.213
2004-08-20,@TPP,51.094
2004-08-21,@TPP,51.094
2004-08-22,@TPP,50.971
2004-08-23,@TPP,50.971
2004-08-24,@TPP,50.87
2004-08-25,@TPP,50.87
2004-08-26,@TPP,50.75
2004-08-27,@TPP,50.75
2004-08-28,@TPP,50.709
2004-08-29,@TPP,50.709
2004-08-30,@TPP,50.699
2004-08-31,@TPP,50.699
2004-09-01,@TPP,50.66
2004-09-02,@TPP,50.66
2004-09-03,@TPP,50.245
2004-09-04,@TPP,50.245
2004-09-05,@TPP,50.063
2004-09-06,@TPP,50.063
2004-09-07,@TPP,49.899
2004-09-08,@TPP,49.899
2004-09-09,@TPP,49.722
2004-09-10,@TPP,49.722
2004-09-11,@TPP,49.555
2004-09-12,@TPP,49.555
2004-09-13,@TPP,49.338
2004-09-14,@TPP,49.338
2004-09-15,@TPP,49.108
2004-09-16,@TPP,49.108
2004-09-17,@TPP,49.032
2004-09-18,@TPP,49.032
2004-09-19,@TPP,48.525
2004-09-20,@TPP,48.525
2004-09-21,@TPP,48.133
2004-09-22,@TPP,48.133
2004-09-23,@TPP,48.183
2004-09-24,@TPP,48.183
2004-09-25,@TPP,48.208
2004-09-26,@TPP,48.208
2004-09-27,@TPP,48.184
2004-09-28,@TPP,48.184
2004-09-29,@TPP,48.165
2004-09-30,@TPP,48.165
2004-10-01,@TPP,48.193
2004-10-02,@TPP,48.193
2004-10-03,@TPP,48.003
2004-10-04,@TPP,48.003
2004-10-05,@TPP,47.799
2004-10-06,@TPP,47.799
2004-10-07,@TPP,48.397
2004-10-08,@TPP,48.397
2001-11-24,ALP FP,34.641
2001-11-25,ALP FP,34.641
2001-11-26,ALP FP,34.687
2001-11-27,ALP FP,34.687
2001-11-28,ALP FP,34.795
2001-11-29,ALP FP,34.795
2001-11-30,ALP FP,34.854
2001-12-01,ALP FP,34.854
2001-12-02,ALP FP,34.924
2001-12-03,ALP FP,34.924
2001-12-04,ALP FP,34.975
2001-12-05,ALP FP,34.975
2001-12-06,ALP FP,35.057
2001-12-07,ALP FP,35.057
2001-12-08,ALP FP,35.125
2001-12-09,ALP FP,35.125
2001-12-10,ALP FP,35.189
2001-12-11,ALP FP,35.189
2001-12-12,ALP FP,35.257
2001-12-13,ALP FP,35.257
2001-12-14,ALP FP,35.319
2001-12-15,ALP FP,35.319
2001-12-16,ALP FP,35.385
2001-12-17,ALP FP,35.385
2001-12-18,ALP FP,35.463
2001-12-19,ALP FP,35.463
2001-12-20,ALP FP,35.514
2001-12-21,ALP FP,35.514
2001-12-22,ALP FP,35.59
2001-12-23,ALP FP,35.59
2001-12-24,ALP FP,35.671
2001-12-25,ALP FP,35.671
2001-12-26,ALP FP,35.724
2001-12-27,ALP FP,35.724
2001-12-28,ALP FP,35.773
2001-12-29,ALP FP,35.773
2001-12-30,ALP FP,35.866
2001-12-31,ALP FP,35.866
2002-01-01,ALP FP,35.934
2002-01-02,ALP FP,35.934
2002-01-03,ALP FP,36.0
2002-01-04,ALP FP,36.0
2002-01-05,ALP FP,36.051
2002-01-06,ALP FP,36.051
2002-01-07,ALP FP,36.16
2002-01-08,ALP FP,36.16
2002-01-09,ALP FP,36.222
2002-01-10,ALP FP,36.222
2002-01-11,ALP FP,36.231
2002-01-12,ALP FP,36.231
2002-01-13,ALP FP,36.243
2002-01-14,ALP FP,36.243
2002-01-15,ALP FP,36.25
2002-01-16,ALP FP,36.25
2002-01-17,ALP FP,36.264
2002-01-18,ALP FP,36.264
2002-01-19,ALP FP,36.263
2002-01-20,ALP FP,36.263
2002-01-21,ALP FP,36.38
2002-01-22,ALP FP,36.38
2002-01-23,ALP FP,36.495
2002-01-24,ALP FP,36.495
2002-01-25,ALP FP,36.558
2002-01-26,ALP FP,36.558
2002-01-27,ALP FP,36.622
2002-01-28,ALP FP,36.622
2002-01-29,ALP FP,36.67
2002-01-30,ALP FP,36.67
2002-01-31,ALP FP,36.73
2002-02-01,ALP FP,36.73
2002-02-02,ALP FP,36.797
2002-02-03,ALP FP,36.797
2002-02-04,ALP FP,36.845
2002-02-05,ALP FP,36.845
2002-02-06,ALP FP,36.895
2002-02-07,ALP FP,36.895
2002-02-08,ALP FP,37.098
2002-02-09,ALP FP,37.098
2002-02-10,ALP FP,37.131
2002-02-11,ALP FP,37.131
2002-02-12,ALP FP,37.152
2002-02-13,ALP FP,37.152
2002-02-14,ALP FP,37.189
2002-02-15,ALP FP,37.189
2002-02-16,ALP FP,37.201
2002-02-17,ALP FP,37.201
2002-02-18,ALP FP,37.233
2002-02-19,ALP FP,37.233
2002-02-20,ALP FP,37.259
2002-02-21,ALP FP,37.259
2002-02-22,ALP FP,37.33
2002-02-23,ALP FP,37.33
2002-02-24,ALP FP,37.379
2002-02-25,ALP FP,37.379
2002-02-26,ALP FP,37.449
2002-02-27,ALP FP,37.449
2002-02-28,ALP FP,37.529
2002-03-01,ALP FP,37.529
2002-03-02,ALP FP,37.592
2002-03-03,ALP FP,37.592
2002-03-04,ALP FP,37.658
2002-03-05,ALP FP,37.658
2002-03-06,ALP FP,37.728
2002-03-07,ALP FP,37.728
2002-03-08,ALP FP,37.792
2002-03-09,ALP FP,37.792
2002-03-10,ALP FP,37.864
2002-03-11,ALP FP,37.864
2002-03-12,ALP FP,37.962
2002-03-13,ALP FP,37.962
2002-03-14,ALP FP,38.044
2002-03-15,ALP FP,38.044
2002-03-16,ALP FP,38.137
2002-03-17,ALP FP,38.137
2002-03-18,ALP FP,38.212
2002-03-19,ALP FP,38.212
2002-03-20,ALP FP,38.295
2002-03-21,ALP FP,38.295
2002-03-22,ALP FP,38.357
2002-03-23,ALP FP,38.357
2002-03-24,ALP FP,38.425
2002-03-25,ALP FP,38.425
2002-03-26,ALP FP,38.446
2002-03-27,ALP FP,38.446
2002-03-28,ALP FP,38.504
2002-03-29,ALP FP,38.504
2002-03-30,ALP FP,38.52
2002-03-31,ALP FP,38.52
2002-04-01,ALP FP,38.585
2002-04-02,ALP FP,38.585
2002-04-03,ALP FP,38.639
2002-04-04,ALP FP,38.639
2002-04-05,ALP FP,38.689
2002-04-06,ALP FP,38.689
2002-04-07,ALP FP,38.742
2002-04-08,ALP FP,38.742
2002-04-09,ALP FP,38.752
2002-04-10,ALP FP,38.752
2002-04-11,ALP FP,38.759
2002-04-12,ALP FP,38.759
2002-04-13,ALP FP,38.775
2002-04-14,ALP FP,38.775
2002-04-15,ALP FP,38.795
2002-04-16,ALP FP,38.795
2002-04-17,ALP FP,38.829
2002-04-18,ALP FP,38.829
2002-04-19,ALP FP,38.908
2002-04-20,ALP FP,38.908
2002-04-21,ALP FP,38.892
2002-04-22,ALP FP,38.892
2002-04-23,ALP FP,38.863
2002-04-24,ALP FP,38.863
2002-04-25,ALP FP,38.849
2002-04-26,ALP FP,38.849
2002-04-27,ALP FP,38.829
2002-04-28,ALP FP,38.829
2002-04-29,ALP FP,38.825
2002-04-30,ALP FP,38.825
2002-05-01,ALP FP,38.8
2002-05-02,ALP FP,38.8
2002-05-03,ALP FP,38.784
2002-05-04,ALP FP,38.784
2002-05-05,ALP FP,38.774
2002-05-06,ALP FP,38.774
2002-05-07,ALP FP,38.79
2002-05-08,ALP FP,38.79
2002-05-09,ALP FP,38.835
2002-05-10,ALP FP,38.835
2002-05-11,ALP FP,38.844
2002-05-12,ALP FP,38.844
2002-05-13,ALP FP,38.862
2002-05-14,ALP FP,38.862
2002-05-15,ALP FP,38.872
2002-05-16,ALP FP,38.872
2002-05-17,ALP FP,38.897
2002-05-18,ALP FP,38.897
2002-05-19,ALP FP,38.856
2002-05-20,ALP FP,38.856
2002-05-21,ALP FP,38.777
2002-05-22,ALP FP,38.777
2002-05-23,ALP FP,38.743
2002-05-24,ALP FP,38.743
2002-05-25,ALP FP,38.678
2002-05-26,ALP FP,38.678
2002-05-27,ALP FP,38.628
2002-05-28,ALP FP,38.628
2002-05-29,ALP FP,38.603
2002-05-30,ALP FP,38.603
2002-05-31,ALP FP,38.495
2002-06-01,ALP FP,38.495
2002-06-02,ALP FP,38.474
2002-06-03,ALP FP,38.474
2002-06-04,ALP FP,38.427
2002-06-05,ALP FP,38.427
2002-06-06,ALP FP,38.39
2002-06-07,ALP FP,38.39
2002-06-08,ALP FP,38.35
2002-06-09,ALP FP,38.35
2002-06-10,ALP FP,38.328
2002-06-11,ALP FP,38.328
2002-06-12,ALP FP,38.295
2002-06-13,ALP FP,38.295
2002-06-14,ALP FP,38.281
2002-06-15,ALP FP,38.281
2002-06-16,ALP FP,38.273
2002-06-17,ALP FP,38.273
2002-06-18,ALP FP,38.267
2002-06-19,ALP FP,38.267
2002-06-20,ALP FP,38.244
2002-06-21,ALP FP,38.244
2002-06-22,ALP FP,38.26
2002-06-23,ALP FP,38.26
2002-06-24,ALP FP,38.251
2002-06-25,ALP FP,38.251
2002-06-26,ALP FP,38.3
2002-06-27,ALP FP,38.3
2002-06-28,ALP FP,38.347
2002-06-29,ALP FP,38.347
2002-06-30,ALP FP,38.392
2002-07-01,ALP FP,38.392
2002-07-02,ALP FP,38.441
2002-07-03,ALP FP,38.441
2002-07-04,ALP FP,38.473
2002-07-05,ALP FP,38.473
2002-07-06,ALP FP,38.554
2002-07-07,ALP FP,38.554
2002-07-08,ALP FP,38.617
2002-07-09,ALP FP,38.617
2002-07-10,ALP FP,38.705
2002-07-11,ALP FP,38.705
2002-07-12,ALP FP,38.715
2002-07-13,ALP FP,38.715
2002-07-14,ALP FP,38.711
2002-07-15,ALP FP,38.711
2002-07-16,ALP FP,38.702
2002-07-17,ALP FP,38.702
2002-07-18,ALP FP,38.712
2002-07-19,ALP FP,38.712
2002-07-20,ALP FP,38.709
2002-07-21,ALP FP,38.709
2002-07-22,ALP FP,38.643
2002-07-23,ALP FP,38.643
2002-07-24,ALP FP,38.581
2002-07-25,ALP FP,38.581
2002-07-26,ALP FP,38.595
2002-07-27,ALP FP,38.595
2002-07-28,ALP FP,38.583
2002-07-29,ALP FP,38.583
2002-07-30,ALP FP,38.57
2002-07-31,ALP FP,38.57
2002-08-01,ALP FP,38.569
2002-08-02,ALP FP,38.569
2002-08-03,ALP FP,38.544
2002-08-04,ALP FP,38.544
2002-08-05,ALP FP,38.599
2002-08-06,ALP FP,38.599
2002-08-07,ALP FP,38.658
2002-08-08,ALP FP,38.658
2002-08-09,ALP FP,38.685
2002-08-10,ALP FP,38.685
2002-08-11,ALP FP,38.696
2002-08-12,ALP FP,38.696
2002-08-13,ALP FP,38.725
2002-08-14,ALP FP,38.725
2002-08-15,ALP FP,38.737
2002-08-16,ALP FP,38.737
2002-08-17,ALP FP,38.767
2002-08-18,ALP FP,38.767
2002-08-19,ALP FP,38.813
2002-08-20,ALP FP,38.813
2002-08-21,ALP FP,38.857
2002-08-22,ALP FP,38.857
2002-08-23,ALP FP,38.835
2002-08-24,ALP FP,38.835
2002-08-25,ALP FP,38.821
2002-08-26,ALP FP,38.821
2002-08-27,ALP FP,38.826
2002-08-28,ALP FP,38.826
2002-08-29,ALP FP,38.824
2002-08-30,ALP FP,38.824
2002-08-31,ALP FP,38.8
2002-09-01,ALP FP,38.8
2002-09-02,ALP FP,38.68
2002-09-03,ALP FP,38.68
2002-09-04,ALP FP,38.548
2002-09-05,ALP FP,38.548
2002-09-06,ALP FP,38.402
2002-09-07,ALP FP,38.402
2002-09-08,ALP FP,38.253
2002-09-09,ALP FP,38.253
2002-09-10,ALP FP,38.099
2002-09-11,ALP FP,38.099
2002-09-12,ALP FP,37.944
2002-09-13,ALP FP,37.944
2002-09-14,ALP FP,37.783
2002-09-15,ALP FP,37.783
2002-09-16,ALP FP,37.725
2002-09-17,ALP FP,37.725
2002-09-18,ALP FP,37.647
2002-09-19,ALP FP,37.647
2002-09-20,ALP FP,37.616
2002-09-21,ALP FP,37.616
2002-09-22,ALP FP,37.573
2002-09-23,ALP FP,37.573
2002-09-24,ALP FP,37.527
2002-09-25,ALP FP,37.527
2002-09-26,ALP FP,37.481
2002-09-27,ALP FP,37.481
2002-09-28,ALP FP,37.424
2002-09-29,ALP FP,37.424
2002-09-30,ALP FP,37.299
2002-10-01,ALP FP,37.299
2002-10-02,ALP FP,37.147
2002-10-03,ALP FP,37.147
2002-10-04,ALP FP,37.01
2002-10-05,ALP FP,37.01
2002-10-06,ALP FP,36.872
2002-10-07,ALP FP,36.872
2002-10-08,ALP FP,36.716
2002-10-09,ALP FP,36.716
2002-10-10,ALP FP,36.562
2002-10-11,ALP FP,36.562
2002-10-12,ALP FP,36.396
2002-10-13,ALP FP,36.396
2002-10-14,ALP FP,36.243
2002-10-15,ALP FP,36.243
2002-10-16,ALP FP,36.052
2002-10-17,ALP FP,36.052
2002-10-18,ALP FP,35.878
2002-10-19,ALP FP,35.878
2002-10-20,ALP FP,35.789
2002-10-21,ALP FP,35.789
2002-10-22,ALP FP,35.689
2002-10-23,ALP FP,35.689
2002-10-24,ALP FP,35.594
2002-10-25,ALP FP,35.594
2002-10-26,ALP FP,35.504
2002-10-27,ALP FP,35.504
2002-10-28,ALP FP,35.391
2002-10-29,ALP FP,35.391
2002-10-30,ALP FP,35.298
2002-10-31,ALP FP,35.298
2002-11-01,ALP FP,35.31
2002-11-02,ALP FP,35.31
2002-11-03,ALP FP,35.364
2002-11-04,ALP FP,35.364
2002-11-05,ALP FP,35.434
2002-11-06,ALP FP,35.434
2002-11-07,ALP FP,35.507
2002-11-08,ALP FP,35.507
2002-11-09,ALP FP,35.555
2002-11-10,ALP FP,35.555
2002-11-11,ALP FP,35.621
2002-11-12,ALP FP,35.621
2002-11-13,ALP FP,35.686
2002-11-14,ALP FP,35.686
2002-11-15,ALP FP,35.896
2002-11-16,ALP FP,35.896
2002-11-17,ALP FP,36.034
2002-11-18,ALP FP,36.034
2002-11-19,ALP FP,36.187
2002-11-20,ALP FP,36.187
2002-11-21,ALP FP,36.292
2002-11-22,ALP FP,36.292
2002-11-23,ALP FP,36.427
2002-11-24,ALP FP,36.427
2002-11-25,ALP FP,36.577
2002-11-26,ALP FP,36.577
2002-11-27,ALP FP,36.729
2002-11-28,ALP FP,36.729
2002-11-29,ALP FP,36.803
2002-11-30,ALP FP,36.803
2002-12-01,ALP FP,36.801
2002-12-02,ALP FP,36.801
2002-12-03,ALP FP,36.821
2002-12-04,ALP FP,36.821
2002-12-05,ALP FP,36.82
2002-12-06,ALP FP,36.82
2002-12-07,ALP FP,36.839
2002-12-08,ALP FP,36.839
2002-12-09,ALP FP,36.828
2002-12-10,ALP FP,36.828
2002-12-11,ALP FP,36.828
2002-12-12,ALP FP,36.828
2002-12-13,ALP FP,36.85
2002-12-14,ALP FP,36.85
2002-12-15,ALP FP,36.853
2002-12-16,ALP FP,36.853
2002-12-17,ALP FP,36.862
2002-12-18,ALP FP,36.862
2002-12-19,ALP FP,36.86
2002-12-20,ALP FP,36.86
2002-12-21,ALP FP,36.869
2002-12-22,ALP FP,36.869
2002-12-23,ALP FP,36.875
2002-12-24,ALP FP,36.875
2002-12-25,ALP FP,36.893
2002-12-26,ALP FP,36.893
2002-12-27,ALP FP,36.881
2002-12-28,ALP FP,36.881
2002-12-29,ALP FP,36.874
2002-12-30,ALP FP,36.874
2002-12-31,ALP FP,36.884
2003-01-01,ALP FP,36.884
2003-01-02,ALP FP,36.897
2003-01-03,ALP FP,36.897
2003-01-04,ALP FP,36.906
2003-01-05,ALP FP,36.906
2003-01-06,ALP FP,36.887
2003-01-07,ALP FP,36.887
2003-01-08,ALP FP,36.889
2003-01-09,ALP FP,36.889
2003-01-10,ALP FP,36.857
2003-01-11,ALP FP,36.857
2003-01-12,ALP FP,36.814
2003-01-13,ALP FP,36.814
2003-01-14,ALP FP,36.768
2003-01-15,ALP FP,36.768
2003-01-16,ALP FP,36.787
2003-01-17,ALP FP,36.787
2003-01-18,ALP FP,36.842
2003-01-19,ALP FP,36.842
2003-01-20,ALP FP,36.9
2003-01-21,ALP FP,36.9
2003-01-22,ALP FP,36.956
2003-01-23,ALP FP,36.956
2003-01-24,ALP FP,36.981
2003-01-25,ALP FP,36.981
2003-01-26,ALP FP,37.003
2003-01-27,ALP FP,37.003
2003-01-28,ALP FP,37.013
2003-01-29,ALP FP,37.013
2003-01-30,ALP FP,37.061
2003-01-31,ALP FP,37.061
2003-02-01,ALP FP,37.081
2003-02-02,ALP FP,37.081
2003-02-03,ALP FP,37.085
2003-02-04,ALP FP,37.085
2003-02-05,ALP FP,37.095
2003-02-06,ALP FP,37.095
2003-02-07,ALP FP,37.004
2003-02-08,ALP FP,37.004
2003-02-09,ALP FP,36.953
2003-02-10,ALP FP,36.953
2003-02-11,ALP FP,36.856
2003-02-12,ALP FP,36.856
2003-02-13,ALP FP,36.796
2003-02-14,ALP FP,36.796
2003-02-15,ALP FP,36.699
2003-02-16,ALP FP,36.699
2003-02-17,ALP FP,36.623
2003-02-18,ALP FP,36.623
2003-02-19,ALP FP,36.583
2003-02-20,ALP FP,36.583
2003-02-21,ALP FP,36.654
2003-02-22,ALP FP,36.654
2003-02-23,ALP FP,36.72
2003-02-24,ALP FP,36.72
2003-02-25,ALP FP,36.774
2003-02-26,ALP FP,36.774
2003-02-27,ALP FP,36.856
2003-02-28,ALP FP,36.856
2003-03-01,ALP FP,36.938
2003-03-02,ALP FP,36.938
2003-03-03,ALP FP,36.922
2003-03-04,ALP FP,36.922
2003-03-05,ALP FP,36.923
2003-03-06,ALP FP,36.923
2003-03-07,ALP FP,36.853
2003-03-08,ALP FP,36.853
2003-03-09,ALP FP,36.751
2003-03-10,ALP FP,36.751
2003-03-11,ALP FP,36.711
2003-03-12,ALP FP,36.711
2003-03-13,ALP FP,36.619
2003-03-14,ALP FP,36.619
2003-03-15,ALP FP,36.561
2003-03-16,ALP FP,36.561
2003-03-17,ALP FP,36.413
2003-03-18,ALP FP,36.413
2003-03-19,ALP FP,36.279
2003-03-20,ALP FP,36.279
2003-03-21,ALP FP,36.09
2003-03-22,ALP FP,36.09
2003-03-23,ALP FP,36.04
2003-03-24,ALP FP,36.04
2003-03-25,ALP FP,36.048
2003-03-26,ALP FP,36.048
2003-03-27,ALP FP,36.018
2003-03-28,ALP FP,36.018
2003-03-29,ALP FP,36.005
2003-03-30,ALP FP,36.005
2003-03-31,ALP FP,36.082
2003-04-01,ALP FP,36.082
2003-04-02,ALP FP,36.163
2003-04-03,ALP FP,36.163
2003-04-04,ALP FP,36.228
2003-04-05,ALP FP,36.228
2003-04-06,ALP FP,36.278
2003-04-07,ALP FP,36.278
2003-04-08,ALP FP,36.177
2003-04-09,ALP FP,36.177
2003-04-10,ALP FP,36.053
2003-04-11,ALP FP,36.053
2003-04-12,ALP FP,35.926
2003-04-13,ALP FP,35.926
2003-04-14,ALP FP,35.883
2003-04-15,ALP FP,35.883
2003-04-16,ALP FP,35.875
2003-04-17,ALP FP,35.875
2003-04-18,ALP FP,35.858
2003-04-19,ALP FP,35.858
2003-04-20,ALP FP,35.815
2003-04-21,ALP FP,35.815
2003-04-22,ALP FP,35.897
2003-04-23,ALP FP,35.897
2003-04-24,ALP FP,35.984
2003-04-25,ALP FP,35.984
2003-04-26,ALP FP,36.062
2003-04-27,ALP FP,36.062
2003-04-28,ALP FP,36.145
2003-04-29,ALP FP,36.145
2003-04-30,ALP FP,36.234
2003-05-01,ALP FP,36.234
2003-05-02,ALP FP,36.314
2003-05-03,ALP FP,36.314
2003-05-04,ALP FP,36.44
2003-05-05,ALP FP,36.44
2003-05-06,ALP FP,36.562
2003-05-07,ALP FP,36.562
2003-05-08,ALP FP,36.685
2003-05-09,ALP FP,36.685
2003-05-10,ALP FP,36.785
2003-05-11,ALP FP,36.785
2003-05-12,ALP FP,36.908
2003-05-13,ALP FP,36.908
2003-05-14,ALP FP,37.03
2003-05-15,ALP FP,37.03
2003-05-16,ALP FP,37.149
2003-05-17,ALP FP,37.149
2003-05-18,ALP FP,37.171
2003-05-19,ALP FP,37.171
2003-05-20,ALP FP,37.178
2003-05-21,ALP FP,37.178
2003-05-22,ALP FP,37.196
2003-05-23,ALP FP,37.196
2003-05-24,ALP FP,37.21
2003-05-25,ALP FP,37.21
2003-05-26,ALP FP,37.237
2003-05-27,ALP FP,37.237
2003-05-28,ALP FP,37.27
2003-05-29,ALP FP,37.27
2003-05-30,ALP FP,37.165
2003-05-31,ALP FP,37.165
2003-06-01,ALP FP,37.058
2003-06-02,ALP FP,37.058
2003-06-03,ALP FP,36.916
2003-06-04,ALP FP,36.916
2003-06-05,ALP FP,36.79
2003-06-06,ALP FP,36.79
2003-06-07,ALP FP,36.693
2003-06-08,ALP FP,36.693
2003-06-09,ALP FP,36.571
2003-06-10,ALP FP,36.571
2003-06-11,ALP FP,36.452
2003-06-12,ALP FP,36.452
2003-06-13,ALP FP,36.378
2003-06-14,ALP FP,36.378
2003-06-15,ALP FP,36.292
2003-06-16,ALP FP,36.292
2003-06-17,ALP FP,36.247
2003-06-18,ALP FP,36.247
2003-06-19,ALP FP,36.181
2003-06-20,ALP FP,36.181
2003-06-21,ALP FP,36.12
2003-06-22,ALP FP,36.12
2003-06-23,ALP FP,36.1
2003-06-24,ALP FP,36.1
2003-06-25,ALP FP,36.078
2003-06-26,ALP FP,36.078
2003-06-27,ALP FP,36.096
2003-06-28,ALP FP,36.096
2003-06-29,ALP FP,36.133
2003-06-30,ALP FP,36.133
2003-07-01,ALP FP,36.169
2003-07-02,ALP FP,36.169
2003-07-03,ALP FP,36.211
2003-07-04,ALP FP,36.211
2003-07-05,ALP FP,36.232
2003-07-06,ALP FP,36.232
2003-07-07,ALP FP,36.208
2003-07-08,ALP FP,36.208
2003-07-09,ALP FP,36.16
2003-07-10,ALP FP,36.16
2003-07-11,ALP FP,36.169
2003-07-12,ALP FP,36.169
2003-07-13,ALP FP,36.137
2003-07-14,ALP FP,36.137
2003-07-15,ALP FP,36.11
2003-07-16,ALP FP,36.11
2003-07-17,ALP FP,36.09
2003-07-18,ALP FP,36.09
2003-07-19,ALP FP,36.069
2003-07-20,ALP FP,36.069
2003-07-21,ALP FP,36.108
2003-07-22,ALP FP,36.108
2003-07-23,ALP FP,36.126
2003-07-24,ALP FP,36.126
2003-07-25,ALP FP,36.132
2003-07-26,ALP FP,36.132
2003-07-27,ALP FP,36.159
2003-07-28,ALP FP,36.159
2003-07-29,ALP FP,36.153
2003-07-30,ALP FP,36.153
2003-07-31,ALP FP,36.176
2003-08-01,ALP FP,36.176
2003-08-02,ALP FP,36.163
2003-08-03,ALP FP,36.163
2003-08-04,ALP FP,36.189
2003-08-05,ALP FP,36.189
2003-08-06,ALP FP,36.187
2003-08-07,ALP FP,36.187
2003-08-08,ALP FP,36.186
2003-08-09,ALP FP,36.186
2003-08-10,ALP FP,36.19
2003-08-11,ALP FP,36.19
2003-08-12,ALP FP,36.159
2003-08-13,ALP FP,36.159
2003-08-14,ALP FP,36.124
2003-08-15,ALP FP,36.124
2003-08-16,ALP FP,36.097
2003-08-17,ALP FP,36.097
2003-08-18,ALP FP,36.128
2003-08-19,ALP FP,36.128
2003-08-20,ALP FP,36.196
2003-08-21,ALP FP,36.196
2003-08-22,ALP FP,36.23
2003-08-23,ALP FP,36.23
2003-08-24,ALP FP,36.279
2003-08-25,ALP FP,36.279
2003-08-26,ALP FP,36.318
2003-08-27,ALP FP,36.318
2003-08-28,ALP FP,36.358
2003-08-29,ALP FP,36.358
2003-08-30,ALP FP,36.377
2003-08-31,ALP FP,36.377
2003-09-01,ALP FP,36.364
2003-09-02,ALP FP,36.364
2003-09-03,ALP FP,36.367
2003-09-04,ALP FP,36.367
2003-09-05,ALP FP,36.391
2003-09-06,ALP FP,36.391
2003-09-07,ALP FP,36.385
2003-09-08,ALP FP,36.385
2003-09-09,ALP FP,36.382
2003-09-10,ALP FP,36.382
2003-09-11,ALP FP,36.413
2003-09-12,ALP FP,36.413
2003-09-13,ALP FP,36.445
2003-09-14,ALP FP,36.445
2003-09-15,ALP FP,36.445
2003-09-16,ALP FP,36.445
2003-09-17,ALP FP,36.479
2003-09-18,ALP FP,36.479
2003-09-19,ALP FP,36.465
2003-09-20,ALP FP,36.465
2003-09-21,ALP FP,36.532
2003-09-22,ALP FP,36.532
2003-09-23,ALP FP,36.605
2003-09-24,ALP FP,36.605
2003-09-25,ALP FP,36.675
2003-09-26,ALP FP,36.675
2003-09-27,ALP FP,36.723
2003-09-28,ALP FP,36.723
2003-09-29,ALP FP,36.743
2003-09-30,ALP FP,36.743
2003-10-01,ALP FP,36.755
2003-10-02,ALP FP,36.755
2003-10-03,ALP FP,36.754
2003-10-04,ALP FP,36.754
2003-10-05,ALP FP,36.747
2003-10-06,ALP FP,36.747
2003-10-07,ALP FP,36.738
2003-10-08,ALP FP,36.738
2003-10-09,ALP FP,36.74
2003-10-10,ALP FP,36.74
2003-10-11,ALP FP,36.715
2003-10-12,ALP FP,36.715
2003-10-13,ALP FP,36.692
2003-10-14,ALP FP,36.692
2003-10-15,ALP FP,36.689
2003-10-16,ALP FP,36.689
2003-10-17,ALP FP,36.692
2003-10-18,ALP FP,36.692
2003-10-19,ALP FP,36.641
2003-10-20,ALP FP,36.641
2003-10-21,ALP FP,36.604
2003-10-22,ALP FP,36.604
2003-10-23,ALP FP,36.583
2003-10-24,ALP FP,36.583
2003-10-25,ALP FP,36.565
2003-10-26,ALP FP,36.565
2003-10-27,ALP FP,36.522
2003-10-28,ALP FP,36.522
2003-10-29,ALP FP,36.482
2003-10-30,ALP FP,36.482
2003-10-31,ALP FP,36.379
2003-11-01,ALP FP,36.379
2003-11-02,ALP FP,36.274
2003-11-03,ALP FP,36.274
2003-11-04,ALP FP,36.17
2003-11-05,ALP FP,36.17
2003-11-06,ALP FP,36.07
2003-11-07,ALP FP,36.07
2003-11-08,ALP FP,35.968
2003-11-09,ALP FP,35.968
2003-11-10,ALP FP,35.855
2003-11-11,ALP FP,35.855
2003-11-12,ALP FP,35.771
2003-11-13,ALP FP,35.771
2003-11-14,ALP FP,35.795
2003-11-15,ALP FP,35.795
2003-11-16,ALP FP,35.78
2003-11-17,ALP FP,35.78
2003-11-18,ALP FP,35.776
2003-11-19,ALP FP,35.776
2003-11-20,ALP FP,35.777
2003-11-21,ALP FP,35.777
2003-11-22,ALP FP,35.779
2003-11-23,ALP FP,35.779
2003-11-24,ALP FP,35.754
2003-11-25,ALP FP,35.754
2003-11-26,ALP FP,35.747
2003-11-27,ALP FP,35.747
2003-11-28,ALP FP,35.747
2003-11-29,ALP FP,35.747
2003-11-30,ALP FP,35.762
2003-12-01,ALP FP,35.762
2003-12-02,ALP FP,39.701
2003-12-03,ALP FP,39.701
2003-12-04,ALP FP,39.719
2003-12-05,ALP FP,39.719
2003-12-06,ALP FP,39.742
2003-12-07,ALP FP,39.742
2003-12-08,ALP FP,39.891
2003-12-09,ALP FP,39.891
2003-12-10,ALP FP,40.022
2003-12-11,ALP FP,40.022
2003-12-12,ALP FP,40.176
2003-12-13,ALP FP,40.176
2003-12-14,ALP FP,40.286
2003-12-15,ALP FP,40.286
2003-12-16,ALP FP,40.378
2003-12-17,ALP FP,40.378
2003-12-18,ALP FP,40.48
2003-12-19,ALP FP,40.48
2003-12-20,ALP FP,40.594
2003-12-21,ALP FP,40.594
2003-12-22,ALP FP,40.66
2003-12-23,ALP FP,40.66
2003-12-24,ALP FP,40.752
2003-12-25,ALP FP,40.752
2003-12-26,ALP FP,40.851
2003-12-27,ALP FP,40.851
2003-12-28,ALP FP,40.96
2003-12-29,ALP FP,40.96
2003-12-30,ALP FP,41.047
2003-12-31,ALP FP,41.047
2004-01-01,ALP FP,41.127
2004-01-02,ALP FP,41.127
2004-01-03,ALP FP,41.239
2004-01-04,ALP FP,41.239
2004-01-05,ALP FP,41.324
2004-01-06,ALP FP,41.324
2004-01-07,ALP FP,41.416
2004-01-08,ALP FP,41.416
2004-01-09,ALP FP,41.434
2004-01-10,ALP FP,41.434
2004-01-11,ALP FP,41.469
2004-01-12,ALP FP,41.469
2004-01-13,ALP FP,41.487
2004-01-14,ALP FP,41.487
2004-01-15,ALP FP,41.512
2004-01-16,ALP FP,41.512
2004-01-17,ALP FP,41.54
2004-01-18,ALP FP,41.54
2004-01-19,ALP FP,41.689
2004-01-20,ALP FP,41.689
2004-01-21,ALP FP,41.814
2004-01-22,ALP FP,41.814
2004-01-23,ALP FP,41.944
2004-01-24,ALP FP,41.944
2004-01-25,ALP FP,42.082
2004-01-26,ALP FP,42.082
2004-01-27,ALP FP,42.203
2004-01-28,ALP FP,42.203
2004-01-29,ALP FP,42.334
2004-01-30,ALP FP,42.334
2004-01-31,ALP FP,42.452
2004-02-01,ALP FP,42.452
2004-02-02,ALP FP,42.587
2004-02-03,ALP FP,42.587
2004-02-04,ALP FP,42.724
2004-02-05,ALP FP,42.724
2004-02-06,ALP FP,42.688
2004-02-07,ALP FP,42.688
2004-02-08,ALP FP,42.714
2004-02-09,ALP FP,42.714
2004-02-10,ALP FP,42.749
2004-02-11,ALP FP,42.749
2004-02-12,ALP FP,42.804
2004-02-13,ALP FP,42.804
2004-02-14,ALP FP,42.84
2004-02-15,ALP FP,42.84
2004-02-16,ALP FP,42.893
2004-02-17,ALP FP,42.893
2004-02-18,ALP FP,42.924
2004-02-19,ALP FP,42.924
2004-02-20,ALP FP,42.937
2004-02-21,ALP FP,42.937
2004-02-22,ALP FP,43.023
2004-02-23,ALP FP,43.023
2004-02-24,ALP FP,43.137
2004-02-25,ALP FP,43.137
2004-02-26,ALP FP,43.225
2004-02-27,ALP FP,43.225
2004-02-28,ALP FP,43.327
2004-02-29,ALP FP,43.327
2004-03-01,ALP FP,43.404
2004-03-02,ALP FP,43.404
2004-03-03,ALP FP,43.473
2004-03-04,ALP FP,43.473
2004-03-05,ALP FP,43.526
2004-03-06,ALP FP,43.526
2004-03-07,ALP FP,43.544
2004-03-08,ALP FP,43.544
2004-03-09,ALP FP,43.564
2004-03-10,ALP FP,43.564
2004-03-11,ALP FP,43.57
2004-03-12,ALP FP,43.57
2004-03-13,ALP FP,43.579
2004-03-14,ALP FP,43.579
2004-03-15,ALP FP,43.589
2004-03-16,ALP FP,43.589
2004-03-17,ALP FP,43.619
2004-03-18,ALP FP,43.619
2004-03-19,ALP FP,43.625
2004-03-20,ALP FP,43.625
2004-03-21,ALP FP,43.506
2004-03-22,ALP FP,43.506
2004-03-23,ALP FP,43.407
2004-03-24,ALP FP,43.407
2004-03-25,ALP FP,43.301
2004-03-26,ALP FP,43.301
2004-03-27,ALP FP,43.211
2004-03-28,ALP FP,43.211
2004-03-29,ALP FP,43.053
2004-03-30,ALP FP,43.053
2004-03-31,ALP FP,42.921
2004-04-01,ALP FP,42.921
2004-04-02,ALP FP,42.86
2004-04-03,ALP FP,42.86
2004-04-04,ALP FP,42.72
2004-04-05,ALP FP,42.72
2004-04-06,ALP FP,42.579
2004-04-07,ALP FP,42.579
2004-04-08,ALP FP,42.536
2004-04-09,ALP FP,42.536
2004-04-10,ALP FP,42.52
2004-04-11,ALP FP,42.52
2004-04-12,ALP FP,42.52
2004-04-13,ALP FP,42.52
2004-04-14,ALP FP,42.504
2004-04-15,ALP FP,42.504
2004-04-16,ALP FP,42.44
2004-04-17,ALP FP,42.44
2004-04-18,ALP FP,42.424
2004-04-19,ALP FP,42.424
2004-04-20,ALP FP,42.391
2004-04-21,ALP FP,42.391
2004-04-22,ALP FP,42.379
2004-04-23,ALP FP,42.379
2004-04-24,ALP FP,42.359
2004-04-25,ALP FP,42.359
2004-04-26,ALP FP,42.301
2004-04-27,ALP FP,42.301
2004-04-28,ALP FP,42.241
2004-04-29,ALP FP,42.241
2004-04-30,ALP FP,42.205
2004-05-01,ALP FP,42.205
2004-05-02,ALP FP,42.19
2004-05-03,ALP FP,42.19
2004-05-04,ALP FP,42.162
2004-05-05,ALP FP,42.162
2004-05-06,ALP FP,42.13
2004-05-07,ALP FP,42.13
2004-05-08,ALP FP,42.083
2004-05-09,ALP FP,42.083
2004-05-10,ALP FP,42.062
2004-05-11,ALP FP,42.062
2004-05-12,ALP FP,42.049
2004-05-13,ALP FP,42.049
2004-05-14,ALP FP,42.024
2004-05-15,ALP FP,42.024
2004-05-16,ALP FP,41.894
2004-05-17,ALP FP,41.894
2004-05-18,ALP FP,41.902
2004-05-19,ALP FP,41.902
2004-05-20,ALP FP,41.898
2004-05-21,ALP FP,41.898
2004-05-22,ALP FP,41.879
2004-05-23,ALP FP,41.879
2004-05-24,ALP FP,41.796
2004-05-25,ALP FP,41.796
2004-05-26,ALP FP,41.745
2004-05-27,ALP FP,41.745
2004-05-28,ALP FP,41.579
2004-05-29,ALP FP,41.579
2004-05-30,ALP FP,41.636
2004-05-31,ALP FP,41.636
2004-06-01,ALP FP,41.668
2004-06-02,ALP FP,41.668
2004-06-03,ALP FP,41.701
2004-06-04,ALP FP,41.701
2004-06-05,ALP FP,41.748
2004-06-06,ALP FP,41.748
2004-06-07,ALP FP,41.816
2004-06-08,ALP FP,41.816
2004-06-09,ALP FP,41.856
2004-06-10,ALP FP,41.856
2004-06-11,ALP FP,41.911
2004-06-12,ALP FP,41.911
2004-06-13,ALP FP,41.964
2004-06-14,ALP FP,41.964
2004-06-15,ALP FP,42.035
2004-06-16,ALP FP,42.035
2004-06-17,ALP FP,42.096
2004-06-18,ALP FP,42.096
2004-06-19,ALP FP,42.149
2004-06-20,ALP FP,42.149
2004-06-21,ALP FP,42.134
2004-06-22,ALP FP,42.134
2004-06-23,ALP FP,42.134
2004-06-24,ALP FP,42.134
2004-06-25,ALP FP,42.058
2004-06-26,ALP FP,42.058
2004-06-27,ALP FP,41.974
2004-06-28,ALP FP,41.974
2004-06-29,ALP FP,41.917
2004-06-30,ALP FP,41.917
2004-07-01,ALP FP,41.85
2004-07-02,ALP FP,41.85
2004-07-03,ALP FP,41.788
2004-07-04,ALP FP,41.788
2004-07-05,ALP FP,41.735
2004-07-06,ALP FP,41.735
2004-07-07,ALP FP,41.684
2004-07-08,ALP FP,41.684
2004-07-09,ALP FP,41.672
2004-07-10,ALP FP,41.672
2004-07-11,ALP FP,41.635
2004-07-12,ALP FP,41.635
2004-07-13,ALP FP,41.487
2004-07-14,ALP FP,41.487
2004-07-15,ALP FP,41.318
2004-07-16,ALP FP,41.318
2004-07-17,ALP FP,41.156
2004-07-18,ALP FP,41.156
2004-07-19,ALP FP,41.085
2004-07-20,ALP FP,41.085
2004-07-21,ALP FP,41.004
2004-07-22,ALP FP,41.004
2004-07-23,ALP FP,40.975
2004-07-24,ALP FP,40.975
2004-07-25,ALP FP,40.957
2004-07-26,ALP FP,40.957
2004-07-27,ALP FP,40.938
2004-07-28,ALP FP,40.938
2004-07-29,ALP FP,40.867
2004-07-30,ALP FP,40.867
2004-07-31,ALP FP,40.785
2004-08-01,ALP FP,40.785
2004-08-02,ALP FP,40.737
2004-08-03,ALP FP,40.737
2004-08-04,ALP FP,40.681
2004-08-05,ALP FP,40.681
2004-08-06,ALP FP,40.607
2004-08-07,ALP FP,40.607
2004-08-08,ALP FP,40.69
2004-08-09,ALP FP,40.69
2004-08-10,ALP FP,40.79
2004-08-11,ALP FP,40.79
2004-08-12,ALP FP,40.877
2004-08-13,ALP FP,40.877
2004-08-14,ALP FP,40.966
2004-08-15,ALP FP,40.966
2004-08-16,ALP FP,40.921
2004-08-17,ALP FP,40.921
2004-08-18,ALP FP,40.897
2004-08-19,ALP FP,40.897
2004-08-20,ALP FP,40.824
2004-08-21,ALP FP,40.824
2004-08-22,ALP FP,40.752
2004-08-23,ALP FP,40.752
2004-08-24,ALP FP,40.705
2004-08-25,ALP FP,40.705
2004-08-26,ALP FP,40.663
2004-08-27,ALP FP,40.663
2004-08-28,ALP FP,40.644
2004-08-29,ALP FP,40.644
2004-08-30,ALP FP,40.618
2004-08-31,ALP FP,40.618
2004-09-01,ALP FP,40.603
2004-09-02,ALP FP,40.603
2004-09-03,ALP FP,40.531
2004-09-04,ALP FP,40.531
2004-09-05,ALP FP,40.518
2004-09-06,ALP FP,40.518
2004-09-07,ALP FP,40.534
2004-09-08,ALP FP,40.534
2004-09-09,ALP FP,40.523
2004-09-10,ALP FP,40.523
2004-09-11,ALP FP,40.497
2004-09-12,ALP FP,40.497
2004-09-13,ALP FP,40.355
2004-09-14,ALP FP,40.355
2004-09-15,ALP FP,40.21
2004-09-16,ALP FP,40.21
2004-09-17,ALP FP,40.039
2004-09-18,ALP FP,40.039
2004-09-19,ALP FP,39.543
2004-09-20,ALP FP,39.543
2004-09-21,ALP FP,39.146
2004-09-22,ALP FP,39.146
2004-09-23,ALP FP,39.149
2004-09-24,ALP FP,39.149
2004-09-25,ALP FP,39.153
2004-09-26,ALP FP,39.153
2004-09-27,ALP FP,39.112
2004-09-28,ALP FP,39.112
2004-09-29,ALP FP,39.147
2004-09-30,ALP FP,39.147
2004-10-01,ALP FP,39.271
2004-10-02,ALP FP,39.271
2004-10-03,ALP FP,38.952
2004-10-04,ALP FP,38.952
2004-10-05,ALP FP,38.759
2004-10-06,ALP FP,38.759
2004-10-07,ALP FP,39.059
2004-10-08,ALP FP,39.059
2001-11-24,GRN FP,7.464
2001-11-25,GRN FP,7.464
2001-11-26,GRN FP,7.43
2001-11-27,GRN FP,7.43
2001-11-28,GRN FP,7.364
2001-11-29,GRN FP,7.364
2001-11-30,GRN FP,7.322
2001-12-01,GRN FP,7.322
2001-12-02,GRN FP,7.263
2001-12-03,GRN FP,7.263
2001-12-04,GRN FP,7.201
2001-12-05,GRN FP,7.201
2001-12-06,GRN FP,7.16
2001-12-07,GRN FP,7.16
2001-12-08,GRN FP,7.104
2001-12-09,GRN FP,7.104
2001-12-10,GRN FP,7.078
2001-12-11,GRN FP,7.078
2001-12-12,GRN FP,7.024
2001-12-13,GRN FP,7.024
2001-12-14,GRN FP,6.992
2001-12-15,GRN FP,6.992
2001-12-16,GRN FP,6.921
2001-12-17,GRN FP,6.921
2001-12-18,GRN FP,6.867
2001-12-19,GRN FP,6.867
2001-12-20,GRN FP,6.822
2001-12-21,GRN FP,6.822
2001-12-22,GRN FP,6.757
2001-12-23,GRN FP,6.757
2001-12-24,GRN FP,6.705
2001-12-25,GRN FP,6.705
2001-12-26,GRN FP,6.645
2001-12-27,GRN FP,6.645
2001-12-28,GRN FP,6.565
2001-12-29,GRN FP,6.565
2001-12-30,GRN FP,6.5
2001-12-31,GRN FP,6.5
2002-01-01,GRN FP,6.434
2002-01-02,GRN FP,6.434
2002-01-03,GRN FP,6.385
2002-01-04,GRN FP,6.385
2002-01-05,GRN FP,6.339
2002-01-06,GRN FP,6.339
2002-01-07,GRN FP,6.303
2002-01-08,GRN FP,6.303
2002-01-09,GRN FP,6.218
2002-01-10,GRN FP,6.218
2002-01-11,GRN FP,6.168
2002-01-12,GRN FP,6.168
2002-01-13,GRN FP,6.119
2002-01-14,GRN FP,6.119
2002-01-15,GRN FP,6.086
2002-01-16,GRN FP,6.086
2002-01-17,GRN FP,6.05
2002-01-18,GRN FP,6.05
2002-01-19,GRN FP,6.009
2002-01-20,GRN FP,6.009
2002-01-21,GRN FP,5.981
2002-01-22,GRN FP,5.981
2002-01-23,GRN FP,5.964
2002-01-24,GRN FP,5.964
2002-01-25,GRN FP,5.984
2002-01-26,GRN FP,5.984
2002-01-27,GRN FP,5.982
2002-01-28,GRN FP,5.982
2002-01-29,GRN FP,5.993
2002-01-30,GRN FP,5.993
2002-01-31,GRN FP,6.008
2002-02-01,GRN FP,6.008
2002-02-02,GRN FP,6.028
2002-02-03,GRN FP,6.028
2002-02-04,GRN FP,6.053
2002-02-05,GRN FP,6.053
2002-02-06,GRN FP,6.039
2002-02-07,GRN FP,6.039
2002-02-08,GRN FP,6.039
2002-02-09,GRN FP,6.039
2002-02-10,GRN FP,6.039
2002-02-11,GRN FP,6.039
2002-02-12,GRN FP,6.007
2002-02-13,GRN FP,6.007
2002-02-14,GRN FP,5.973
2002-02-15,GRN FP,5.973
2002-02-16,GRN FP,5.928
2002-02-17,GRN FP,5.928
2002-02-18,GRN FP,5.899
2002-02-19,GRN FP,5.899
2002-02-20,GRN FP,5.892
2002-02-21,GRN FP,5.892
2002-02-22,GRN FP,5.883
2002-02-23,GRN FP,5.883
2002-02-24,GRN FP,5.874
2002-02-25,GRN FP,5.874
2002-02-26,GRN FP,5.894
2002-02-27,GRN FP,5.894
2002-02-28,GRN FP,5.898
2002-03-01,GRN FP,5.898
2002-03-02,GRN FP,5.877
2002-03-03,GRN FP,5.877
2002-03-04,GRN FP,5.867
2002-03-05,GRN FP,5.867
2002-03-06,GRN FP,5.891
2002-03-07,GRN FP,5.891
2002-03-08,GRN FP,5.88
2002-03-09,GRN FP,5.88
2002-03-10,GRN FP,5.902
2002-03-11,GRN FP,5.902
2002-03-12,GRN FP,5.915
2002-03-13,GRN FP,5.915
2002-03-14,GRN FP,5.955
2002-03-15,GRN FP,5.955
2002-03-16,GRN FP,5.931
2002-03-17,GRN FP,5.931
2002-03-18,GRN FP,5.953
2002-03-19,GRN FP,5.953
2002-03-20,GRN FP,5.969
2002-03-21,GRN FP,5.969
2002-03-22,GRN FP,5.943
2002-03-23,GRN FP,5.943
2002-03-24,GRN FP,5.931
2002-03-25,GRN FP,5.931
2002-03-26,GRN FP,5.934
2002-03-27,GRN FP,5.934
2002-03-28,GRN FP,5.938
2002-03-29,GRN FP,5.938
2002-03-30,GRN FP,5.928
2002-03-31,GRN FP,5.928
2002-04-01,GRN FP,5.893
2002-04-02,GRN FP,5.893
2002-04-03,GRN FP,5.88
2002-04-04,GRN FP,5.88
2002-04-05,GRN FP,5.89
2002-04-06,GRN FP,5.89
2002-04-07,GRN FP,5.889
2002-04-08,GRN FP,5.889
2002-04-09,GRN FP,5.886
2002-04-10,GRN FP,5.886
2002-04-11,GRN FP,5.871
2002-04-12,GRN FP,5.871
2002-04-13,GRN FP,5.829
2002-04-14,GRN FP,5.829
2002-04-15,GRN FP,5.822
2002-04-16,GRN FP,5.822
2002-04-17,GRN FP,5.826
2002-04-18,GRN FP,5.826
2002-04-19,GRN FP,5.811
2002-04-20,GRN FP,5.811
2002-04-21,GRN FP,5.807
2002-04-22,GRN FP,5.807
2002-04-23,GRN FP,5.819
2002-04-24,GRN FP,5.819
2002-04-25,GRN FP,5.805
2002-04-26,GRN FP,5.805
2002-04-27,GRN FP,5.812
2002-04-28,GRN FP,5.812
2002-04-29,GRN FP,5.816
2002-04-30,GRN FP,5.816
2002-05-01,GRN FP,5.811
2002-05-02,GRN FP,5.811
2002-05-03,GRN FP,5.807
2002-05-04,GRN FP,5.807
2002-05-05,GRN FP,5.806
2002-05-06,GRN FP,5.806
2002-05-07,GRN FP,5.848
2002-05-08,GRN FP,5.848
2002-05-09,GRN FP,5.855
2002-05-10,GRN FP,5.855
2002-05-11,GRN FP,5.867
2002-05-12,GRN FP,5.867
2002-05-13,GRN FP,5.879
2002-05-14,GRN FP,5.879
2002-05-15,GRN FP,5.902
2002-05-16,GRN FP,5.902
2002-05-17,GRN FP,5.918
2002-05-18,GRN FP,5.918
2002-05-19,GRN FP,5.981
2002-05-20,GRN FP,5.981
2002-05-21,GRN FP,6.04
2002-05-22,GRN FP,6.04
2002-05-23,GRN FP,6.073
2002-05-24,GRN FP,6.073
2002-05-25,GRN FP,6.129
2002-05-26,GRN FP,6.129
2002-05-27,GRN FP,6.159
2002-05-28,GRN FP,6.159
2002-05-29,GRN FP,6.214
2002-05-30,GRN FP,6.214
2002-05-31,GRN FP,6.278
2002-06-01,GRN FP,6.278
2002-06-02,GRN FP,6.257
2002-06-03,GRN FP,6.257
2002-06-04,GRN FP,6.228
2002-06-05,GRN FP,6.228
2002-06-06,GRN FP,6.211
2002-06-07,GRN FP,6.211
2002-06-08,GRN FP,6.199
2002-06-09,GRN FP,6.199
2002-06-10,GRN FP,6.188
2002-06-11,GRN FP,6.188
2002-06-12,GRN FP,6.164
2002-06-13,GRN FP,6.164
2002-06-14,GRN FP,6.16
2002-06-15,GRN FP,6.16
2002-06-16,GRN FP,6.15
2002-06-17,GRN FP,6.15
2002-06-18,GRN FP,6.156
2002-06-19,GRN FP,6.156
2002-06-20,GRN FP,6.149
2002-06-21,GRN FP,6.149
2002-06-22,GRN FP,6.128
2002-06-23,GRN FP,6.128
2002-06-24,GRN FP,6.168
2002-06-25,GRN FP,6.168
2002-06-26,GRN FP,6.178
2002-06-27,GRN FP,6.178
2002-06-28,GRN FP,6.188
2002-06-29,GRN FP,6.188
2002-06-30,GRN FP,6.213
2002-07-01,GRN FP,6.213
2002-07-02,GRN FP,6.238
2002-07-03,GRN FP,6.238
2002-07-04,GRN FP,6.256
2002-07-05,GRN FP,6.256
2002-07-06,GRN FP,6.261
2002-07-07,GRN FP,6.261
2002-07-08,GRN FP,6.274
2002-07-09,GRN FP,6.274
2002-07-10,GRN FP,6.284
2002-07-11,GRN FP,6.284
2002-07-12,GRN FP,6.332
2002-07-13,GRN FP,6.332
2002-07-14,GRN FP,6.394
2002-07-15,GRN FP,6.394
2002-07-16,GRN FP,6.452
2002-07-17,GRN FP,6.452
2002-07-18,GRN FP,6.48
2002-07-19,GRN FP,6.48
2002-07-20,GRN FP,6.551
2002-07-21,GRN FP,6.551
2002-07-22,GRN FP,6.554
2002-07-23,GRN FP,6.554
2002-07-24,GRN FP,6.572
2002-07-25,GRN FP,6.572
2002-07-26,GRN FP,6.595
2002-07-27,GRN FP,6.595
2002-07-28,GRN FP,6.66
2002-07-29,GRN FP,6.66
2002-07-30,GRN FP,6.682
2002-07-31,GRN FP,6.682
2002-08-01,GRN FP,6.726
2002-08-02,GRN FP,6.726
2002-08-03,GRN FP,6.768
2002-08-04,GRN FP,6.768
2002-08-05,GRN FP,6.78
2002-08-06,GRN FP,6.78
2002-08-07,GRN FP,6.78
2002-08-08,GRN FP,6.78
2002-08-09,GRN FP,6.809
2002-08-10,GRN FP,6.809
2002-08-11,GRN FP,6.826
2002-08-12,GRN FP,6.826
2002-08-13,GRN FP,6.853
2002-08-14,GRN FP,6.853
2002-08-15,GRN FP,6.88
2002-08-16,GRN FP,6.88
2002-08-17,GRN FP,6.915
2002-08-18,GRN FP,6.915
2002-08-19,GRN FP,7.023
2002-08-20,GRN FP,7.023
2002-08-21,GRN FP,7.116
2002-08-22,GRN FP,7.116
2002-08-23,GRN FP,7.198
2002-08-24,GRN FP,7.198
2002-08-25,GRN FP,7.258
2002-08-26,GRN FP,7.258
2002-08-27,GRN FP,7.353
2002-08-28,GRN FP,7.353
2002-08-29,GRN FP,7.446
2002-08-30,GRN FP,7.446
2002-08-31,GRN FP,7.527
2002-09-01,GRN FP,7.527
2002-09-02,GRN FP,7.656
2002-09-03,GRN FP,7.656
2002-09-04,GRN FP,7.812
2002-09-05,GRN FP,7.812
2002-09-06,GRN FP,7.92
2002-09-07,GRN FP,7.92
2002-09-08,GRN FP,8.039
2002-09-09,GRN FP,8.039
2002-09-10,GRN FP,8.126
2002-09-11,GRN FP,8.126
2002-09-12,GRN FP,8.251
2002-09-13,GRN FP,8.251
2002-09-14,GRN FP,8.356
2002-09-15,GRN FP,8.356
2002-09-16,GRN FP,8.425
2002-09-17,GRN FP,8.425
2002-09-18,GRN FP,8.489
2002-09-19,GRN FP,8.489
2002-09-20,GRN FP,8.504
2002-09-21,GRN FP,8.504
2002-09-22,GRN FP,8.544
2002-09-23,GRN FP,8.544
2002-09-24,GRN FP,8.576
2002-09-25,GRN FP,8.576
2002-09-26,GRN FP,8.614
2002-09-27,GRN FP,8.614
2002-09-28,GRN FP,8.666
2002-09-29,GRN FP,8.666
2002-09-30,GRN FP,8.725
2002-10-01,GRN FP,8.725
2002-10-02,GRN FP,8.77
2002-10-03,GRN FP,8.77
2002-10-04,GRN FP,8.831
2002-10-05,GRN FP,8.831
2002-10-06,GRN FP,8.903
2002-10-07,GRN FP,8.903
2002-10-08,GRN FP,8.925
2002-10-09,GRN FP,8.925
2002-10-10,GRN FP,8.979
2002-10-11,GRN FP,8.979
2002-10-12,GRN FP,8.995
2002-10-13,GRN FP,8.995
2002-10-14,GRN FP,9.028
2002-10-15,GRN FP,9.028
2002-10-16,GRN FP,9.059
2002-10-17,GRN FP,9.059
2002-10-18,GRN FP,9.052
2002-10-19,GRN FP,9.052
2002-10-20,GRN FP,9.029
2002-10-21,GRN FP,9.029
2002-10-22,GRN FP,8.997
2002-10-23,GRN FP,8.997
2002-10-24,GRN FP,8.978
2002-10-25,GRN FP,8.978
2002-10-26,GRN FP,8.928
2002-10-27,GRN FP,8.928
2002-10-28,GRN FP,8.901
2002-10-29,GRN FP,8.901
2002-10-30,GRN FP,8.856
2002-10-31,GRN FP,8.856
2002-11-01,GRN FP,8.817
2002-11-02,GRN FP,8.817
2002-11-03,GRN FP,8.789
2002-11-04,GRN FP,8.789
2002-11-05,GRN FP,8.756
2002-11-06,GRN FP,8.756
2002-11-07,GRN FP,8.725
2002-11-08,GRN FP,8.725
2002-11-09,GRN FP,8.719
2002-11-10,GRN FP,8.719
2002-11-11,GRN FP,8.703
2002-11-12,GRN FP,8.703
2002-11-13,GRN FP,8.686
2002-11-14,GRN FP,8.686
2002-11-15,GRN FP,8.623
2002-11-16,GRN FP,8.623
2002-11-17,GRN FP,8.61
2002-11-18,GRN FP,8.61
2002-11-19,GRN FP,8.584
2002-11-20,GRN FP,8.584
2002-11-21,GRN FP,8.538
2002-11-22,GRN FP,8.538
2002-11-23,GRN FP,8.518
2002-11-24,GRN FP,8.518
2002-11-25,GRN FP,8.486
2002-11-26,GRN FP,8.486
2002-11-27,GRN FP,8.447
2002-11-28,GRN FP,8.447
2002-11-29,GRN FP,8.418
2002-11-30,GRN FP,8.418
2002-12-01,GRN FP,8.446
2002-12-02,GRN FP,8.446
2002-12-03,GRN FP,8.477
2002-12-04,GRN FP,8.477
2002-12-05,GRN FP,8.499
2002-12-06,GRN FP,8.499
2002-12-07,GRN FP,8.521
2002-12-08,GRN FP,8.521
2002-12-09,GRN FP,8.543
2002-12-10,GRN FP,8.543
2002-12-11,GRN FP,8.59
2002-12-12,GRN FP,8.59
2002-12-13,GRN FP,8.603
2002-12-14,GRN FP,8.603
2002-12-15,GRN FP,8.578
2002-12-16,GRN FP,8.578
2002-12-17,GRN FP,8.577
2002-12-18,GRN FP,8.577
2002-12-19,GRN FP,8.551
2002-12-20,GRN FP,8.551
2002-12-21,GRN FP,8.557
2002-12-22,GRN FP,8.557
2002-12-23,GRN FP,8.554
2002-12-24,GRN FP,8.554
2002-12-25,GRN FP,8.531
2002-12-26,GRN FP,8.531
2002-12-27,GRN FP,8.524
2002-12-28,GRN FP,8.524
2002-12-29,GRN FP,8.54
2002-12-30,GRN FP,8.54
2002-12-31,GRN FP,8.528
2003-01-01,GRN FP,8.528
2003-01-02,GRN FP,8.516
2003-01-03,GRN FP,8.516
2003-01-04,GRN FP,8.506
2003-01-05,GRN FP,8.506
2003-01-06,GRN FP,8.505
2003-01-07,GRN FP,8.505
2003-01-08,GRN FP,8.501
2003-01-09,GRN FP,8.501
2003-01-10,GRN FP,8.516
2003-01-11,GRN FP,8.516
2003-01-12,GRN FP,8.53
2003-01-13,GRN FP,8.53
2003-01-14,GRN FP,8.555
2003-01-15,GRN FP,8.555
2003-01-16,GRN FP,8.585
2003-01-17,GRN FP,8.585
2003-01-18,GRN FP,8.624
2003-01-19,GRN FP,8.624
2003-01-20,GRN FP,8.596
2003-01-21,GRN FP,8.596
2003-01-22,GRN FP,8.577
2003-01-23,GRN FP,8.577
2003-01-24,GRN FP,8.563
2003-01-25,GRN FP,8.563
2003-01-26,GRN FP,8.566
2003-01-27,GRN FP,8.566
2003-01-28,GRN FP,8.582
2003-01-29,GRN FP,8.582
2003-01-30,GRN FP,8.576
2003-01-31,GRN FP,8.576
2003-02-01,GRN FP,8.585
2003-02-02,GRN FP,8.585
2003-02-03,GRN FP,8.593
2003-02-04,GRN FP,8.593
2003-02-05,GRN FP,8.589
2003-02-06,GRN FP,8.589
2003-02-07,GRN FP,8.659
2003-02-08,GRN FP,8.659
2003-02-09,GRN FP,8.699
2003-02-10,GRN FP,8.699
2003-02-11,GRN FP,8.785
2003-02-12,GRN FP,8.785
2003-02-13,GRN FP,8.872
2003-02-14,GRN FP,8.872
2003-02-15,GRN FP,8.924
2003-02-16,GRN FP,8.924
2003-02-17,GRN FP,9.028
2003-02-18,GRN FP,9.028
2003-02-19,GRN FP,9.109
2003-02-20,GRN FP,9.109
2003-02-21,GRN FP,9.147
2003-02-22,GRN FP,9.147
2003-02-23,GRN FP,9.198
2003-02-24,GRN FP,9.198
2003-02-25,GRN FP,9.251
2003-02-26,GRN FP,9.251
2003-02-27,GRN FP,9.312
2003-02-28,GRN FP,9.312
2003-03-01,GRN FP,9.339
2003-03-02,GRN FP,9.339
2003-03-03,GRN FP,9.413
2003-03-04,GRN FP,9.413
2003-03-05,GRN FP,9.456
2003-03-06,GRN FP,9.456
2003-03-07,GRN FP,9.468
2003-03-08,GRN FP,9.468
2003-03-09,GRN FP,9.448
2003-03-10,GRN FP,9.448
2003-03-11,GRN FP,9.461
2003-03-12,GRN FP,9.461
2003-03-13,GRN FP,9.461
2003-03-14,GRN FP,9.461
2003-03-15,GRN FP,9.462
2003-03-16,GRN FP,9.462
2003-03-17,GRN FP,9.413
2003-03-18,GRN FP,9.413
2003-03-19,GRN FP,9.359
2003-03-20,GRN FP,9.359
2003-03-21,GRN FP,9.338
2003-03-22,GRN FP,9.338
2003-03-23,GRN FP,9.254
2003-03-24,GRN FP,9.254
2003-03-25,GRN FP,9.26
2003-03-26,GRN FP,9.26
2003-03-27,GRN FP,9.268
2003-03-28,GRN FP,9.268
2003-03-29,GRN FP,9.29
2003-03-30,GRN FP,9.29
2003-03-31,GRN FP,9.229
2003-04-01,GRN FP,9.229
2003-04-02,GRN FP,9.191
2003-04-03,GRN FP,9.191
2003-04-04,GRN FP,9.141
2003-04-05,GRN FP,9.141
2003-04-06,GRN FP,9.09
2003-04-07,GRN FP,9.09
2003-04-08,GRN FP,9.081
2003-04-09,GRN FP,9.081
2003-04-10,GRN FP,9.071
2003-04-11,GRN FP,9.071
2003-04-12,GRN FP,9.072
2003-04-13,GRN FP,9.072
2003-04-14,GRN FP,9.019
2003-04-15,GRN FP,9.019
2003-04-16,GRN FP,8.984
2003-04-17,GRN FP,8.984
2003-04-18,GRN FP,8.93
2003-04-19,GRN FP,8.93
2003-04-20,GRN FP,8.882
2003-04-21,GRN FP,8.882
2003-04-22,GRN FP,8.809
2003-04-23,GRN FP,8.809
2003-04-24,GRN FP,8.738
2003-04-25,GRN FP,8.738
2003-04-26,GRN FP,8.677
2003-04-27,GRN FP,8.677
2003-04-28,GRN FP,8.614
2003-04-29,GRN FP,8.614
2003-04-30,GRN FP,8.559
2003-05-01,GRN FP,8.559
2003-05-02,GRN FP,8.537
2003-05-03,GRN FP,8.537
2003-05-04,GRN FP,8.487
2003-05-05,GRN FP,8.487
2003-05-06,GRN FP,8.427
2003-05-07,GRN FP,8.427
2003-05-08,GRN FP,8.374
2003-05-09,GRN FP,8.374
2003-05-10,GRN FP,8.332
2003-05-11,GRN FP,8.332
2003-05-12,GRN FP,8.279
2003-05-13,GRN FP,8.279
2003-05-14,GRN FP,8.219
2003-05-15,GRN FP,8.219
2003-05-16,GRN FP,8.196
2003-05-17,GRN FP,8.196
2003-05-18,GRN FP,8.213
2003-05-19,GRN FP,8.213
2003-05-20,GRN FP,8.25
2003-05-21,GRN FP,8.25
2003-05-22,GRN FP,8.242
2003-05-23,GRN FP,8.242
2003-05-24,GRN FP,8.263
2003-05-25,GRN FP,8.263
2003-05-26,GRN FP,8.307
2003-05-27,GRN FP,8.307
2003-05-28,GRN FP,8.344
2003-05-29,GRN FP,8.344
2003-05-30,GRN FP,8.329
2003-05-31,GRN FP,8.329
2003-06-01,GRN FP,8.346
2003-06-02,GRN FP,8.346
2003-06-03,GRN FP,8.342
2003-06-04,GRN FP,8.342
2003-06-05,GRN FP,8.326
2003-06-06,GRN FP,8.326
2003-06-07,GRN FP,8.318
2003-06-08,GRN FP,8.318
2003-06-09,GRN FP,8.343
2003-06-10,GRN FP,8.343
2003-06-11,GRN FP,8.295
2003-06-12,GRN FP,8.295
2003-06-13,GRN FP,8.336
2003-06-14,GRN FP,8.336
2003-06-15,GRN FP,8.332
2003-06-16,GRN FP,8.332
2003-06-17,GRN FP,8.353
2003-06-18,GRN FP,8.353
2003-06-19,GRN FP,8.359
2003-06-20,GRN FP,8.359
2003-06-21,GRN FP,8.358
2003-06-22,GRN FP,8.358
2003-06-23,GRN FP,8.367
2003-06-24,GRN FP,8.367
2003-06-25,GRN FP,8.403
2003-06-26,GRN FP,8.403
2003-06-27,GRN FP,8.345
2003-06-28,GRN FP,8.345
2003-06-29,GRN FP,8.31
2003-06-30,GRN FP,8.31
2003-07-01,GRN FP,8.265
2003-07-02,GRN FP,8.265
2003-07-03,GRN FP,8.214
2003-07-04,GRN FP,8.214
2003-07-05,GRN FP,8.177
2003-07-06,GRN FP,8.177
2003-07-07,GRN FP,8.172
2003-07-08,GRN FP,8.172
2003-07-09,GRN FP,8.171
2003-07-10,GRN FP,8.171
2003-07-11,GRN FP,8.186
2003-07-12,GRN FP,8.186
2003-07-13,GRN FP,8.18
2003-07-14,GRN FP,8.18
2003-07-15,GRN FP,8.191
2003-07-16,GRN FP,8.191
2003-07-17,GRN FP,8.192
2003-07-18,GRN FP,8.192
2003-07-19,GRN FP,8.217
2003-07-20,GRN FP,8.217
2003-07-21,GRN FP,8.152
2003-07-22,GRN FP,8.152
2003-07-23,GRN FP,8.109
2003-07-24,GRN FP,8.109
2003-07-25,GRN FP,8.051
2003-07-26,GRN FP,8.051
2003-07-27,GRN FP,7.972
2003-07-28,GRN FP,7.972
2003-07-29,GRN FP,7.9
2003-07-30,GRN FP,7.9
2003-07-31,GRN FP,7.826
2003-08-01,GRN FP,7.826
2003-08-02,GRN FP,7.776
2003-08-03,GRN FP,7.776
2003-08-04,GRN FP,7.724
2003-08-05,GRN FP,7.724
2003-08-06,GRN FP,7.696
2003-08-07,GRN FP,7.696
2003-08-08,GRN FP,7.623
2003-08-09,GRN FP,7.623
2003-08-10,GRN FP,7.595
2003-08-11,GRN FP,7.595
2003-08-12,GRN FP,7.599
2003-08-13,GRN FP,7.599
2003-08-14,GRN FP,7.608
2003-08-15,GRN FP,7.608
2003-08-16,GRN FP,7.615
2003-08-17,GRN FP,7.615
2003-08-18,GRN FP,7.639
2003-08-19,GRN FP,7.639
2003-08-20,GRN FP,7.669
2003-08-21,GRN FP,7.669
2003-08-22,GRN FP,7.691
2003-08-23,GRN FP,7.691
2003-08-24,GRN FP,7.726
2003-08-25,GRN FP,7.726
2003-08-26,GRN FP,7.748
2003-08-27,GRN FP,7.748
2003-08-28,GRN FP,7.744
2003-08-29,GRN FP,7.744
2003-08-30,GRN FP,7.776
2003-08-31,GRN FP,7.776
2003-09-01,GRN FP,7.821
2003-09-02,GRN FP,7.821
2003-09-03,GRN FP,7.859
2003-09-04,GRN FP,7.859
2003-09-05,GRN FP,7.84
2003-09-06,GRN FP,7.84
2003-09-07,GRN FP,7.816
2003-09-08,GRN FP,7.816
2003-09-09,GRN FP,7.8
2003-09-10,GRN FP,7.8
2003-09-11,GRN FP,7.774
2003-09-12,GRN FP,7.774
2003-09-13,GRN FP,7.766
2003-09-14,GRN FP,7.766
2003-09-15,GRN FP,7.762
2003-09-16,GRN FP,7.762
2003-09-17,GRN FP,7.778
2003-09-18,GRN FP,7.778
2003-09-19,GRN FP,7.757
2003-09-20,GRN FP,7.757
2003-09-21,GRN FP,7.768
2003-09-22,GRN FP,7.768
2003-09-23,GRN FP,7.788
2003-09-24,GRN FP,7.788
2003-09-25,GRN FP,7.801
2003-09-26,GRN FP,7.801
2003-09-27,GRN FP,7.805
2003-09-28,GRN FP,7.805
2003-09-29,GRN FP,7.785
2003-09-30,GRN FP,7.785
2003-10-01,GRN FP,7.755
2003-10-02,GRN FP,7.755
2003-10-03,GRN FP,7.748
2003-10-04,GRN FP,7.748
2003-10-05,GRN FP,7.731
2003-10-06,GRN FP,7.731
2003-10-07,GRN FP,7.748
2003-10-08,GRN FP,7.748
2003-10-09,GRN FP,7.77
2003-10-10,GRN FP,7.77
2003-10-11,GRN FP,7.762
2003-10-12,GRN FP,7.762
2003-10-13,GRN FP,7.803
2003-10-14,GRN FP,7.803
2003-10-15,GRN FP,7.807
2003-10-16,GRN FP,7.807
2003-10-17,GRN FP,7.911
2003-10-18,GRN FP,7.911
2003-10-19,GRN FP,7.928
2003-10-20,GRN FP,7.928
2003-10-21,GRN FP,7.922
2003-10-22,GRN FP,7.922
2003-10-23,GRN FP,7.946
2003-10-24,GRN FP,7.946
2003-10-25,GRN FP,7.969
2003-10-26,GRN FP,7.969
2003-10-27,GRN FP,7.978
2003-10-28,GRN FP,7.978
2003-10-29,GRN FP,7.988
2003-10-30,GRN FP,7.988
2003-10-31,GRN FP,7.975
2003-11-01,GRN FP,7.975
2003-11-02,GRN FP,8.001
2003-11-03,GRN FP,8.001
2003-11-04,GRN FP,8.028
2003-11-05,GRN FP,8.028
2003-11-06,GRN FP,8.044
2003-11-07,GRN FP,8.044
2003-11-08,GRN FP,8.089
2003-11-09,GRN FP,8.089
2003-11-10,GRN FP,8.115
2003-11-11,GRN FP,8.115
2003-11-12,GRN FP,8.124
2003-11-13,GRN FP,8.124
2003-11-14,GRN FP,8.104
2003-11-15,GRN FP,8.104
2003-11-16,GRN FP,8.069
2003-11-17,GRN FP,8.069
2003-11-18,GRN FP,8.031
2003-11-19,GRN FP,8.031
2003-11-20,GRN FP,7.983
2003-11-21,GRN FP,7.983
2003-11-22,GRN FP,7.983
2003-11-23,GRN FP,7.983
2003-11-24,GRN FP,7.983
2003-11-25,GRN FP,7.983
2003-11-26,GRN FP,7.96
2003-11-27,GRN FP,7.96
2003-11-28,GRN FP,7.959
2003-11-29,GRN FP,7.959
2003-11-30,GRN FP,8.005
2003-12-01,GRN FP,8.005
2003-12-02,GRN FP,6.258
2003-12-03,GRN FP,6.258
2003-12-04,GRN FP,6.27
2003-12-05,GRN FP,6.27
2003-12-06,GRN FP,6.278
2003-12-07,GRN FP,6.278
2003-12-08,GRN FP,6.329
2003-12-09,GRN FP,6.329
2003-12-10,GRN FP,6.367
2003-12-11,GRN FP,6.367
2003-12-12,GRN FP,6.393
2003-12-13,GRN FP,6.393
2003-12-14,GRN FP,6.43
2003-12-15,GRN FP,6.43
2003-12-16,GRN FP,6.465
2003-12-17,GRN FP,6.465
2003-12-18,GRN FP,6.506
2003-12-19,GRN FP,6.506
2003-12-20,GRN FP,6.508
2003-12-21,GRN FP,6.508
2003-12-22,GRN FP,6.538
2003-12-23,GRN FP,6.538
2003-12-24,GRN FP,6.563
2003-12-25,GRN FP,6.563
2003-12-26,GRN FP,6.6
2003-12-27,GRN FP,6.6
2003-12-28,GRN FP,6.613
2003-12-29,GRN FP,6.613
2003-12-30,GRN FP,6.628
2003-12-31,GRN FP,6.628
2004-01-01,GRN FP,6.656
2004-01-02,GRN FP,6.656
2004-01-03,GRN FP,6.69
2004-01-04,GRN FP,6.69
2004-01-05,GRN FP,6.725
2004-01-06,GRN FP,6.725
2004-01-07,GRN FP,6.743
2004-01-08,GRN FP,6.743
2004-01-09,GRN FP,6.778
2004-01-10,GRN FP,6.778
2004-01-11,GRN FP,6.809
2004-01-12,GRN FP,6.809
2004-01-13,GRN FP,6.831
2004-01-14,GRN FP,6.831
2004-01-15,GRN FP,6.861
2004-01-16,GRN FP,6.861
2004-01-17,GRN FP,6.864
2004-01-18,GRN FP,6.864
2004-01-19,GRN FP,6.842
2004-01-20,GRN FP,6.842
2004-01-21,GRN FP,6.849
2004-01-22,GRN FP,6.849
2004-01-23,GRN FP,6.811
2004-01-24,GRN FP,6.811
2004-01-25,GRN FP,6.784
2004-01-26,GRN FP,6.784
2004-01-27,GRN FP,6.747
2004-01-28,GRN FP,6.747
2004-01-29,GRN FP,6.704
2004-01-30,GRN FP,6.704
2004-01-31,GRN FP,6.66
2004-02-01,GRN FP,6.66
2004-02-02,GRN FP,6.628
2004-02-03,GRN FP,6.628
2004-02-04,GRN FP,6.569
2004-02-05,GRN FP,6.569
2004-02-06,GRN FP,6.619
2004-02-07,GRN FP,6.619
2004-02-08,GRN FP,6.648
2004-02-09,GRN FP,6.648
2004-02-10,GRN FP,6.662
2004-02-11,GRN FP,6.662
2004-02-12,GRN FP,6.666
2004-02-13,GRN FP,6.666
2004-02-14,GRN FP,6.649
2004-02-15,GRN FP,6.649
2004-02-16,GRN FP,6.669
2004-02-17,GRN FP,6.669
2004-02-18,GRN FP,6.696
2004-02-19,GRN FP,6.696
2004-02-20,GRN FP,6.713
2004-02-21,GRN FP,6.713
2004-02-22,GRN FP,6.778
2004-02-23,GRN FP,6.778
2004-02-24,GRN FP,6.857
2004-02-25,GRN FP,6.857
2004-02-26,GRN FP,6.897
2004-02-27,GRN FP,6.897
2004-02-28,GRN FP,6.949
2004-02-29,GRN FP,6.949
2004-03-01,GRN FP,6.936
2004-03-02,GRN FP,6.936
2004-03-03,GRN FP,6.919
2004-03-04,GRN FP,6.919
2004-03-05,GRN FP,6.913
2004-03-06,GRN FP,6.913
2004-03-07,GRN FP,6.921
2004-03-08,GRN FP,6.921
2004-03-09,GRN FP,6.934
2004-03-10,GRN FP,6.934
2004-03-11,GRN FP,6.95
2004-03-12,GRN FP,6.95
2004-03-13,GRN FP,6.969
2004-03-14,GRN FP,6.969
2004-03-15,GRN FP,6.966
2004-03-16,GRN FP,6.966
2004-03-17,GRN FP,6.999
2004-03-18,GRN FP,6.999
2004-03-19,GRN FP,7.033
2004-03-20,GRN FP,7.033
2004-03-21,GRN FP,7.048
2004-03-22,GRN FP,7.048
2004-03-23,GRN FP,7.084
2004-03-24,GRN FP,7.084
2004-03-25,GRN FP,7.077
2004-03-26,GRN FP,7.077
2004-03-27,GRN FP,7.112
2004-03-28,GRN FP,7.112
2004-03-29,GRN FP,7.122
2004-03-30,GRN FP,7.122
2004-03-31,GRN FP,7.104
2004-04-01,GRN FP,7.104
2004-04-02,GRN FP,7.016
2004-04-03,GRN FP,7.016
2004-04-04,GRN FP,6.968
2004-04-05,GRN FP,6.968
2004-04-06,GRN FP,6.898
2004-04-07,GRN FP,6.898
2004-04-08,GRN FP,6.927
2004-04-09,GRN FP,6.927
2004-04-10,GRN FP,6.959
2004-04-11,GRN FP,6.959
2004-04-12,GRN FP,6.947
2004-04-13,GRN FP,6.947
2004-04-14,GRN FP,6.988
2004-04-15,GRN FP,6.988
2004-04-16,GRN FP,7.015
2004-04-17,GRN FP,7.015
2004-04-18,GRN FP,6.98
2004-04-19,GRN FP,6.98
2004-04-20,GRN FP,6.999
2004-04-21,GRN FP,6.999
2004-04-22,GRN FP,7.0
2004-04-23,GRN FP,7.0
2004-04-24,GRN FP,6.997
2004-04-25,GRN FP,6.997
2004-04-26,GRN FP,6.968
2004-04-27,GRN FP,6.968
2004-04-28,GRN FP,6.959
2004-04-29,GRN FP,6.959
2004-04-30,GRN FP,6.96
2004-05-01,GRN FP,6.96
2004-05-02,GRN FP,6.973
2004-05-03,GRN FP,6.973
2004-05-04,GRN FP,7.001
2004-05-05,GRN FP,7.001
2004-05-06,GRN FP,7.022
2004-05-07,GRN FP,7.022
2004-05-08,GRN FP,7.054
2004-05-09,GRN FP,7.054
2004-05-10,GRN FP,7.082
2004-05-11,GRN FP,7.082
2004-05-12,GRN FP,7.126
2004-05-13,GRN FP,7.126
2004-05-14,GRN FP,7.161
2004-05-15,GRN FP,7.161
2004-05-16,GRN FP,7.203
2004-05-17,GRN FP,7.203
2004-05-18,GRN FP,7.253
2004-05-19,GRN FP,7.253
2004-05-20,GRN FP,7.301
2004-05-21,GRN FP,7.301
2004-05-22,GRN FP,7.344
2004-05-23,GRN FP,7.344
2004-05-24,GRN FP,7.295
2004-05-25,GRN FP,7.295
2004-05-26,GRN FP,7.248
2004-05-27,GRN FP,7.248
2004-05-28,GRN FP,7.202
2004-05-29,GRN FP,7.202
2004-05-30,GRN FP,7.188
2004-05-31,GRN FP,7.188
2004-06-01,GRN FP,7.152
2004-06-02,GRN FP,7.152
2004-06-03,GRN FP,7.117
2004-06-04,GRN FP,7.117
2004-06-05,GRN FP,7.105
2004-06-06,GRN FP,7.105
2004-06-07,GRN FP,7.072
2004-06-08,GRN FP,7.072
2004-06-09,GRN FP,7.042
2004-06-10,GRN FP,7.042
2004-06-11,GRN FP,7.044
2004-06-12,GRN FP,7.044
2004-06-13,GRN FP,7.03
2004-06-14,GRN FP,7.03
2004-06-15,GRN FP,7.027
2004-06-16,GRN FP,7.027
2004-06-17,GRN FP,7.016
2004-06-18,GRN FP,7.016
2004-06-19,GRN FP,6.994
2004-06-20,GRN FP,6.994
2004-06-21,GRN FP,6.993
2004-06-22,GRN FP,6.993
2004-06-23,GRN FP,7.008
2004-06-24,GRN FP,7.008
2004-06-25,GRN FP,7.036
2004-06-26,GRN FP,7.036
2004-06-27,GRN FP,7.087
2004-06-28,GRN FP,7.087
2004-06-29,GRN FP,7.137
2004-06-30,GRN FP,7.137
2004-07-01,GRN FP,7.177
2004-07-02,GRN FP,7.177
2004-07-03,GRN FP,7.228
2004-07-04,GRN FP,7.228
2004-07-05,GRN FP,7.305
2004-07-06,GRN FP,7.305
2004-07-07,GRN FP,7.389
2004-07-08,GRN FP,7.389
2004-07-09,GRN FP,7.444
2004-07-10,GRN FP,7.444
2004-07-11,GRN FP,7.519
2004-07-12,GRN FP,7.519
2004-07-13,GRN FP,7.544
2004-07-14,GRN FP,7.544
2004-07-15,GRN FP,7.623
2004-07-16,GRN FP,7.623
2004-07-17,GRN FP,7.684
2004-07-18,GRN FP,7.684
2004-07-19,GRN FP,7.671
2004-07-20,GRN FP,7.671
2004-07-21,GRN FP,7.678
2004-07-22,GRN FP,7.678
2004-07-23,GRN FP,7.69
2004-07-24,GRN FP,7.69
2004-07-25,GRN FP,7.689
2004-07-26,GRN FP,7.689
2004-07-27,GRN FP,7.686
2004-07-28,GRN FP,7.686
2004-07-29,GRN FP,7.699
2004-07-30,GRN FP,7.699
2004-07-31,GRN FP,7.717
2004-08-01,GRN FP,7.717
2004-08-02,GRN FP,7.754
2004-08-03,GRN FP,7.754
2004-08-04,GRN FP,7.795
2004-08-05,GRN FP,7.795
2004-08-06,GRN FP,7.808
2004-08-07,GRN FP,7.808
2004-08-08,GRN FP,7.849
2004-08-09,GRN FP,7.849
2004-08-10,GRN FP,7.893
2004-08-11,GRN FP,7.893
2004-08-12,GRN FP,7.936
2004-08-13,GRN FP,7.936
2004-08-14,GRN FP,7.97
2004-08-15,GRN FP,7.97
2004-08-16,GRN FP,8.029
2004-08-17,GRN FP,8.029
2004-08-18,GRN FP,8.069
2004-08-19,GRN FP,8.069
2004-08-20,GRN FP,8.087
2004-08-21,GRN FP,8.087
2004-08-22,GRN FP,8.093
2004-08-23,GRN FP,8.093
2004-08-24,GRN FP,8.124
2004-08-25,GRN FP,8.124
2004-08-26,GRN FP,8.131
2004-08-27,GRN FP,8.131
2004-08-28,GRN FP,8.153
2004-08-29,GRN FP,8.153
2004-08-30,GRN FP,8.375
2004-08-31,GRN FP,8.375
2004-09-01,GRN FP,8.593
2004-09-02,GRN FP,8.593
2004-09-03,GRN FP,8.535
2004-09-04,GRN FP,8.535
2004-09-05,GRN FP,8.369
2004-09-06,GRN FP,8.369
2004-09-07,GRN FP,8.223
2004-09-08,GRN FP,8.223
2004-09-09,GRN FP,8.068
2004-09-10,GRN FP,8.068
2004-09-11,GRN FP,7.891
2004-09-12,GRN FP,7.891
2004-09-13,GRN FP,7.848
2004-09-14,GRN FP,7.848
2004-09-15,GRN FP,7.817
2004-09-16,GRN FP,7.817
2004-09-17,GRN FP,7.861
2004-09-18,GRN FP,7.861
2004-09-19,GRN FP,7.809
2004-09-20,GRN FP,7.809
2004-09-21,GRN FP,7.868
2004-09-22,GRN FP,7.868
2004-09-23,GRN FP,7.967
2004-09-24,GRN FP,7.967
2004-09-25,GRN FP,8.095
2004-09-26,GRN FP,8.095
2004-09-27,GRN FP,8.052
2004-09-28,GRN FP,8.052
2004-09-29,GRN FP,8.041
2004-09-30,GRN FP,8.041
2004-10-01,GRN FP,8.003
2004-10-02,GRN FP,8.003
2004-10-03,GRN FP,8.07
2004-10-04,GRN FP,8.07
2004-10-05,GRN FP,7.842
2004-10-06,GRN FP,7.842
2004-10-07,GRN FP,8.216
2004-10-08,GRN FP,8.216
2001-11-24,LNP FP,45.367
2001-11-25,LNP FP,45.367
2001-11-26,LNP FP,45.325
2001-11-27,LNP FP,45.325
2001-11-28,LNP FP,45.305
2001-11-29,LNP FP,45.305
2001-11-30,LNP FP,45.317
2001-12-01,LNP FP,45.317
2001-12-02,LNP FP,45.277
2001-12-03,LNP FP,45.277
2001-12-04,LNP FP,45.274
2001-12-05,LNP FP,45.274
2001-12-06,LNP FP,45.239
2001-12-07,LNP FP,45.239
2001-12-08,LNP FP,45.216
2001-12-09,LNP FP,45.216
2001-12-10,LNP FP,45.19
2001-12-11,LNP FP,45.19
2001-12-12,LNP FP,45.176
2001-12-13,LNP FP,45.176
2001-12-14,LNP FP,45.131
2001-12-15,LNP FP,45.131
2001-12-16,LNP FP,45.108
2001-12-17,LNP FP,45.108
2001-12-18,LNP FP,45.104
2001-12-19,LNP FP,45.104
2001-12-20,LNP FP,45.074
2001-12-21,LNP FP,45.074
2001-12-22,LNP FP,45.074
2001-12-23,LNP FP,45.074
2001-12-24,LNP FP,45.059
2001-12-25,LNP FP,45.059
2001-12-26,LNP FP,45.063
2001-12-27,LNP FP,45.063
2001-12-28,LNP FP,45.042
2001-12-29,LNP FP,45.042
2001-12-30,LNP FP,45.046
2001-12-31,LNP FP,45.046
2002-01-01,LNP FP,45.052
2002-01-02,LNP FP,45.052
2002-01-03,LNP FP,45.025
2002-01-04,LNP FP,45.025
2002-01-05,LNP FP,45.029
2002-01-06,LNP FP,45.029
2002-01-07,LNP FP,45.03
2002-01-08,LNP FP,45.03
2002-01-09,LNP FP,45.001
2002-01-10,LNP FP,45.001
2002-01-11,LNP FP,44.946
2002-01-12,LNP FP,44.946
2002-01-13,LNP FP,44.933
2002-01-14,LNP FP,44.933
2002-01-15,LNP FP,44.902
2002-01-16,LNP FP,44.902
2002-01-17,LNP FP,44.845
2002-01-18,LNP FP,44.845
2002-01-19,LNP FP,44.801
2002-01-20,LNP FP,44.801
2002-01-21,LNP FP,44.709
2002-01-22,LNP FP,44.709
2002-01-23,LNP FP,44.626
2002-01-24,LNP FP,44.626
2002-01-25,LNP FP,44.629
2002-01-26,LNP FP,44.629
2002-01-27,LNP FP,44.625
2002-01-28,LNP FP,44.625
2002-01-29,LNP FP,44.621
2002-01-30,LNP FP,44.621
2002-01-31,LNP FP,44.616
2002-02-01,LNP FP,44.616
2002-02-02,LNP FP,44.623
2002-02-03,LNP FP,44.623
2002-02-04,LNP FP,44.634
2002-02-05,LNP FP,44.634
2002-02-06,LNP FP,44.632
2002-02-07,LNP FP,44.632
2002-02-08,LNP FP,44.517
2002-02-09,LNP FP,44.517
2002-02-10,LNP FP,44.46
2002-02-11,LNP FP,44.46
2002-02-12,LNP FP,44.424
2002-02-13,LNP FP,44.424
2002-02-14,LNP FP,44.359
2002-02-15,LNP FP,44.359
2002-02-16,LNP FP,44.326
2002-02-17,LNP FP,44.326
2002-02-18,LNP FP,44.276
2002-02-19,LNP FP,44.276
2002-02-20,LNP FP,44.239
2002-02-21,LNP FP,44.239
2002-02-22,LNP FP,44.174
2002-02-23,LNP FP,44.174
2002-02-24,LNP FP,44.138
2002-02-25,LNP FP,44.138
2002-02-26,LNP FP,44.079
2002-02-27,LNP FP,44.079
2002-02-28,LNP FP,44.058
2002-03-01,LNP FP,44.058
2002-03-02,LNP FP,44.007
2002-03-03,LNP FP,44.007
2002-03-04,LNP FP,43.962
2002-03-05,LNP FP,43.962
2002-03-06,LNP FP,43.922
2002-03-07,LNP FP,43.922
2002-03-08,LNP FP,43.815
2002-03-09,LNP FP,43.815
2002-03-10,LNP FP,43.705
2002-03-11,LNP FP,43.705
2002-03-12,LNP FP,43.61
2002-03-13,LNP FP,43.61
2002-03-14,LNP FP,43.496
2002-03-15,LNP FP,43.496
2002-03-16,LNP FP,43.374
2002-03-17,LNP FP,43.374
2002-03-18,LNP FP,43.258
2002-03-19,LNP FP,43.258
2002-03-20,LNP FP,43.156
2002-03-21,LNP FP,43.156
2002-03-22,LNP FP,43.144
2002-03-23,LNP FP,43.144
2002-03-24,LNP FP,43.106
2002-03-25,LNP FP,43.106
2002-03-26,LNP FP,43.112
2002-03-27,LNP FP,43.112
2002-03-28,LNP FP,43.108
2002-03-29,LNP FP,43.108
2002-03-30,LNP FP,43.096
2002-03-31,LNP FP,43.096
2002-04-01,LNP FP,43.084
2002-04-02,LNP FP,43.084
2002-04-03,LNP FP,43.075
2002-04-04,LNP FP,43.075
2002-04-05,LNP FP,43.052
2002-04-06,LNP FP,43.052
2002-04-07,LNP FP,43.058
2002-04-08,LNP FP,43.058
2002-04-09,LNP FP,43.014
2002-04-10,LNP FP,43.014
2002-04-11,LNP FP,42.992
2002-04-12,LNP FP,42.992
2002-04-13,LNP FP,42.963
2002-04-14,LNP FP,42.963
2002-04-15,LNP FP,42.96
2002-04-16,LNP FP,42.96
2002-04-17,LNP FP,42.961
2002-04-18,LNP FP,42.961
2002-04-19,LNP FP,42.834
2002-04-20,LNP FP,42.834
2002-04-21,LNP FP,42.757
2002-04-22,LNP FP,42.757
2002-04-23,LNP FP,42.705
2002-04-24,LNP FP,42.705
2002-04-25,LNP FP,42.648
2002-04-26,LNP FP,42.648
2002-04-27,LNP FP,42.592
2002-04-28,LNP FP,42.592
2002-04-29,LNP FP,42.531
2002-04-30,LNP FP,42.531
2002-05-01,LNP FP,42.469
2002-05-02,LNP FP,42.469
2002-05-03,LNP FP,42.454
2002-05-04,LNP FP,42.454
2002-05-05,LNP FP,42.383
2002-05-06,LNP FP,42.383
2002-05-07,LNP FP,42.327
2002-05-08,LNP FP,42.327
2002-05-09,LNP FP,42.291
2002-05-10,LNP FP,42.291
2002-05-11,LNP FP,42.227
2002-05-12,LNP FP,42.227
2002-05-13,LNP FP,42.2
2002-05-14,LNP FP,42.2
2002-05-15,LNP FP,42.148
2002-05-16,LNP FP,42.148
2002-05-17,LNP FP,42.188
2002-05-18,LNP FP,42.188
2002-05-19,LNP FP,42.217
2002-05-20,LNP FP,42.217
2002-05-21,LNP FP,42.251
2002-05-22,LNP FP,42.251
2002-05-23,LNP FP,42.308
2002-05-24,LNP FP,42.308
2002-05-25,LNP FP,42.333
2002-05-26,LNP FP,42.333
2002-05-27,LNP FP,42.366
2002-05-28,LNP FP,42.366
2002-05-29,LNP FP,42.401
2002-05-30,LNP FP,42.401
2002-05-31,LNP FP,42.479
2002-06-01,LNP FP,42.479
2002-06-02,LNP FP,42.604
2002-06-03,LNP FP,42.604
2002-06-04,LNP FP,42.743
2002-06-05,LNP FP,42.743
2002-06-06,LNP FP,42.897
2002-06-07,LNP FP,42.897
2002-06-08,LNP FP,43.069
2002-06-09,LNP FP,43.069
2002-06-10,LNP FP,43.205
2002-06-11,LNP FP,43.205
2002-06-12,LNP FP,43.349
2002-06-13,LNP FP,43.349
2002-06-14,LNP FP,43.4
2002-06-15,LNP FP,43.4
2002-06-16,LNP FP,43.447
2002-06-17,LNP FP,43.447
2002-06-18,LNP FP,43.495
2002-06-19,LNP FP,43.495
2002-06-20,LNP FP,43.549
2002-06-21,LNP FP,43.549
2002-06-22,LNP FP,43.593
2002-06-23,LNP FP,43.593
2002-06-24,LNP FP,43.64
2002-06-25,LNP FP,43.64
2002-06-26,LNP FP,43.624
2002-06-27,LNP FP,43.624
2002-06-28,LNP FP,43.583
2002-06-29,LNP FP,43.583
2002-06-30,LNP FP,43.562
2002-07-01,LNP FP,43.562
2002-07-02,LNP FP,43.53
2002-07-03,LNP FP,43.53
2002-07-04,LNP FP,43.51
2002-07-05,LNP FP,43.51
2002-07-06,LNP FP,43.448
2002-07-07,LNP FP,43.448
2002-07-08,LNP FP,43.406
2002-07-09,LNP FP,43.406
2002-07-10,LNP FP,43.331
2002-07-11,LNP FP,43.331
2002-07-12,LNP FP,43.347
2002-07-13,LNP FP,43.347
2002-07-14,LNP FP,43.361
2002-07-15,LNP FP,43.361
2002-07-16,LNP FP,43.339
2002-07-17,LNP FP,43.339
2002-07-18,LNP FP,43.344
2002-07-19,LNP FP,43.344
2002-07-20,LNP FP,43.352
2002-07-21,LNP FP,43.352
2002-07-22,LNP FP,43.419
2002-07-23,LNP FP,43.419
2002-07-24,LNP FP,43.489
2002-07-25,LNP FP,43.489
2002-07-26,LNP FP,43.432
2002-07-27,LNP FP,43.432
2002-07-28,LNP FP,43.385
2002-07-29,LNP FP,43.385
2002-07-30,LNP FP,43.318
2002-07-31,LNP FP,43.318
2002-08-01,LNP FP,43.277
2002-08-02,LNP FP,43.277
2002-08-03,LNP FP,43.219
2002-08-04,LNP FP,43.219
2002-08-05,LNP FP,43.196
2002-08-06,LNP FP,43.196
2002-08-07,LNP FP,43.192
2002-08-08,LNP FP,43.192
2002-08-09,LNP FP,43.183
2002-08-10,LNP FP,43.183
2002-08-11,LNP FP,43.205
2002-08-12,LNP FP,43.205
2002-08-13,LNP FP,43.221
2002-08-14,LNP FP,43.221
2002-08-15,LNP FP,43.215
2002-08-16,LNP FP,43.215
2002-08-17,LNP FP,43.237
2002-08-18,LNP FP,43.237
2002-08-19,LNP FP,43.154
2002-08-20,LNP FP,43.154
2002-08-21,LNP FP,43.071
2002-08-22,LNP FP,43.071
2002-08-23,LNP FP,43.058
2002-08-24,LNP FP,43.058
2002-08-25,LNP FP,43.041
2002-08-26,LNP FP,43.041
2002-08-27,LNP FP,43.046
2002-08-28,LNP FP,43.046
2002-08-29,LNP FP,43.063
2002-08-30,LNP FP,43.063
2002-08-31,LNP FP,43.042
2002-09-01,LNP FP,43.042
2002-09-02,LNP FP,43.087
2002-09-03,LNP FP,43.087
2002-09-04,LNP FP,43.165
2002-09-05,LNP FP,43.165
2002-09-06,LNP FP,43.228
2002-09-07,LNP FP,43.228
2002-09-08,LNP FP,43.27
2002-09-09,LNP FP,43.27
2002-09-10,LNP FP,43.315
2002-09-11,LNP FP,43.315
2002-09-12,LNP FP,43.364
2002-09-13,LNP FP,43.364
2002-09-14,LNP FP,43.424
2002-09-15,LNP FP,43.424
2002-09-16,LNP FP,43.527
2002-09-17,LNP FP,43.527
2002-09-18,LNP FP,43.587
2002-09-19,LNP FP,43.587
2002-09-20,LNP FP,43.636
2002-09-21,LNP FP,43.636
2002-09-22,LNP FP,43.685
2002-09-23,LNP FP,43.685
2002-09-24,LNP FP,43.726
2002-09-25,LNP FP,43.726
2002-09-26,LNP FP,43.769
2002-09-27,LNP FP,43.769
2002-09-28,LNP FP,43.81
2002-09-29,LNP FP,43.81
2002-09-30,LNP FP,43.942
2002-10-01,LNP FP,43.942
2002-10-02,LNP FP,44.08
2002-10-03,LNP FP,44.08
2002-10-04,LNP FP,44.212
2002-10-05,LNP FP,44.212
2002-10-06,LNP FP,44.367
2002-10-07,LNP FP,44.367
2002-10-08,LNP FP,44.577
2002-10-09,LNP FP,44.577
2002-10-10,LNP FP,44.782
2002-10-11,LNP FP,44.782
2002-10-12,LNP FP,44.986
2002-10-13,LNP FP,44.986
2002-10-14,LNP FP,45.187
2002-10-15,LNP FP,45.187
2002-10-16,LNP FP,45.413
2002-10-17,LNP FP,45.413
2002-10-18,LNP FP,45.618
2002-10-19,LNP FP,45.618
2002-10-20,LNP FP,45.75
2002-10-21,LNP FP,45.75
2002-10-22,LNP FP,45.874
2002-10-23,LNP FP,45.874
2002-10-24,LNP FP,46.011
2002-10-25,LNP FP,46.011
2002-10-26,LNP FP,46.124
2002-10-27,LNP FP,46.124
2002-10-28,LNP FP,46.238
2002-10-29,LNP FP,46.238
2002-10-30,LNP FP,46.362
2002-10-31,LNP FP,46.362
2002-11-01,LNP FP,46.365
2002-11-02,LNP FP,46.365
2002-11-03,LNP FP,46.339
2002-11-04,LNP FP,46.339
2002-11-05,LNP FP,46.302
2002-11-06,LNP FP,46.302
2002-11-07,LNP FP,46.279
2002-11-08,LNP FP,46.279
2002-11-09,LNP FP,46.275
2002-11-10,LNP FP,46.275
2002-11-11,LNP FP,46.246
2002-11-12,LNP FP,46.246
2002-11-13,LNP FP,46.226
2002-11-14,LNP FP,46.226
2002-11-15,LNP FP,46.096
2002-11-16,LNP FP,46.096
2002-11-17,LNP FP,46.002
2002-11-18,LNP FP,46.002
2002-11-19,LNP FP,45.872
2002-11-20,LNP FP,45.872
2002-11-21,LNP FP,45.759
2002-11-22,LNP FP,45.759
2002-11-23,LNP FP,45.679
2002-11-24,LNP FP,45.679
2002-11-25,LNP FP,45.565
2002-11-26,LNP FP,45.565
2002-11-27,LNP FP,45.446
2002-11-28,LNP FP,45.446
2002-11-29,LNP FP,45.317
2002-11-30,LNP FP,45.317
2002-12-01,LNP FP,45.307
2002-12-02,LNP FP,45.307
2002-12-03,LNP FP,45.311
2002-12-04,LNP FP,45.311
2002-12-05,LNP FP,45.32
2002-12-06,LNP FP,45.32
2002-12-07,LNP FP,45.325
2002-12-08,LNP FP,45.325
2002-12-09,LNP FP,45.323
2002-12-10,LNP FP,45.323
2002-12-11,LNP FP,45.318
2002-12-12,LNP FP,45.318
2002-12-13,LNP FP,45.268
2002-12-14,LNP FP,45.268
2002-12-15,LNP FP,45.247
2002-12-16,LNP FP,45.247
2002-12-17,LNP FP,45.204
2002-12-18,LNP FP,45.204
2002-12-19,LNP FP,45.183
2002-12-20,LNP FP,45.183
2002-12-21,LNP FP,45.164
2002-12-22,LNP FP,45.164
2002-12-23,LNP FP,45.124
2002-12-24,LNP FP,45.124
2002-12-25,LNP FP,45.1
2002-12-26,LNP FP,45.1
2002-12-27,LNP FP,45.062
2002-12-28,LNP FP,45.062
2002-12-29,LNP FP,45.024
2002-12-30,LNP FP,45.024
2002-12-31,LNP FP,44.975
2003-01-01,LNP FP,44.975
2003-01-02,LNP FP,44.966
2003-01-03,LNP FP,44.966
2003-01-04,LNP FP,44.957
2003-01-05,LNP FP,44.957
2003-01-06,LNP FP,44.925
2003-01-07,LNP FP,44.925
2003-01-08,LNP FP,44.902
2003-01-09,LNP FP,44.902
2003-01-10,LNP FP,44.843
2003-01-11,LNP FP,44.843
2003-01-12,LNP FP,44.807
2003-01-13,LNP FP,44.807
2003-01-14,LNP FP,44.762
2003-01-15,LNP FP,44.762
2003-01-16,LNP FP,44.734
2003-01-17,LNP FP,44.734
2003-01-18,LNP FP,44.683
2003-01-19,LNP FP,44.683
2003-01-20,LNP FP,44.635
2003-01-21,LNP FP,44.635
2003-01-22,LNP FP,44.603
2003-01-23,LNP FP,44.603
2003-01-24,LNP FP,44.549
2003-01-25,LNP FP,44.549
2003-01-26,LNP FP,44.508
2003-01-27,LNP FP,44.508
2003-01-28,LNP FP,44.453
2003-01-29,LNP FP,44.453
2003-01-30,LNP FP,44.394
2003-01-31,LNP FP,44.394
2003-02-01,LNP FP,44.339
2003-02-02,LNP FP,44.339
2003-02-03,LNP FP,44.319
2003-02-04,LNP FP,44.319
2003-02-05,LNP FP,44.287
2003-02-06,LNP FP,44.287
2003-02-07,LNP FP,44.224
2003-02-08,LNP FP,44.224
2003-02-09,LNP FP,44.203
2003-02-10,LNP FP,44.203
2003-02-11,LNP FP,44.143
2003-02-12,LNP FP,44.143
2003-02-13,LNP FP,44.099
2003-02-14,LNP FP,44.099
2003-02-15,LNP FP,44.059
2003-02-16,LNP FP,44.059
2003-02-17,LNP FP,44.06
2003-02-18,LNP FP,44.06
2003-02-19,LNP FP,44.055
2003-02-20,LNP FP,44.055
2003-02-21,LNP FP,44.005
2003-02-22,LNP FP,44.005
2003-02-23,LNP FP,43.942
2003-02-24,LNP FP,43.942
2003-02-25,LNP FP,43.868
2003-02-26,LNP FP,43.868
2003-02-27,LNP FP,43.83
2003-02-28,LNP FP,43.83
2003-03-01,LNP FP,43.759
2003-03-02,LNP FP,43.759
2003-03-03,LNP FP,43.751
2003-03-04,LNP FP,43.751
2003-03-05,LNP FP,43.715
2003-03-06,LNP FP,43.715
2003-03-07,LNP FP,43.8
2003-03-08,LNP FP,43.8
2003-03-09,LNP FP,43.895
2003-03-10,LNP FP,43.895
2003-03-11,LNP FP,44.013
2003-03-12,LNP FP,44.013
2003-03-13,LNP FP,44.123
2003-03-14,LNP FP,44.123
2003-03-15,LNP FP,44.213
2003-03-16,LNP FP,44.213
2003-03-17,LNP FP,44.47
2003-03-18,LNP FP,44.47
2003-03-19,LNP FP,44.712
2003-03-20,LNP FP,44.712
2003-03-21,LNP FP,44.956
2003-03-22,LNP FP,44.956
2003-03-23,LNP FP,45.147
2003-03-24,LNP FP,45.147
2003-03-25,LNP FP,45.199
2003-03-26,LNP FP,45.199
2003-03-27,LNP FP,45.28
2003-03-28,LNP FP,45.28
2003-03-29,LNP FP,45.34
2003-03-30,LNP FP,45.34
2003-03-31,LNP FP,45.353
2003-04-01,LNP FP,45.353
2003-04-02,LNP FP,45.331
2003-04-03,LNP FP,45.331
2003-04-04,LNP FP,45.321
2003-04-05,LNP FP,45.321
2003-04-06,LNP FP,45.32
2003-04-07,LNP FP,45.32
2003-04-08,LNP FP,45.401
2003-04-09,LNP FP,45.401
2003-04-10,LNP FP,45.488
2003-04-11,LNP FP,45.488
2003-04-12,LNP FP,45.573
2003-04-13,LNP FP,45.573
2003-04-14,LNP FP,45.561
2003-04-15,LNP FP,45.561
2003-04-16,LNP FP,45.528
2003-04-17,LNP FP,45.528
2003-04-18,LNP FP,45.473
2003-04-19,LNP FP,45.473
2003-04-20,LNP FP,45.473
2003-04-21,LNP FP,45.473
2003-04-22,LNP FP,45.361
2003-04-23,LNP FP,45.361
2003-04-24,LNP FP,45.257
2003-04-25,LNP FP,45.257
2003-04-26,LNP FP,45.115
2003-04-27,LNP FP,45.115
2003-04-28,LNP FP,45.035
2003-04-29,LNP FP,45.035
2003-04-30,LNP FP,44.914
2003-05-01,LNP FP,44.914
2003-05-02,LNP FP,44.77
2003-05-03,LNP FP,44.77
2003-05-04,LNP FP,44.417
2003-05-05,LNP FP,44.417
2003-05-06,LNP FP,44.044
2003-05-07,LNP FP,44.044
2003-05-08,LNP FP,43.697
2003-05-09,LNP FP,43.697
2003-05-10,LNP FP,43.367
2003-05-11,LNP FP,43.367
2003-05-12,LNP FP,42.99
2003-05-13,LNP FP,42.99
2003-05-14,LNP FP,42.647
2003-05-15,LNP FP,42.647
2003-05-16,LNP FP,43.092
2003-05-17,LNP FP,43.092
2003-05-18,LNP FP,43.211
2003-05-19,LNP FP,43.211
2003-05-20,LNP FP,43.319
2003-05-21,LNP FP,43.319
2003-05-22,LNP FP,43.456
2003-05-23,LNP FP,43.456
2003-05-24,LNP FP,43.565
2003-05-25,LNP FP,43.565
2003-05-26,LNP FP,43.689
2003-05-27,LNP FP,43.689
2003-05-28,LNP FP,43.836
2003-05-29,LNP FP,43.836
2003-05-30,LNP FP,44.032
2003-05-31,LNP FP,44.032
2003-06-01,LNP FP,44.243
2003-06-02,LNP FP,44.243
2003-06-03,LNP FP,44.478
2003-06-04,LNP FP,44.478
2003-06-05,LNP FP,44.7
2003-06-06,LNP FP,44.7
2003-06-07,LNP FP,44.896
2003-06-08,LNP FP,44.896
2003-06-09,LNP FP,45.108
2003-06-10,LNP FP,45.108
2003-06-11,LNP FP,45.344
2003-06-12,LNP FP,45.344
2003-06-13,LNP FP,45.423
2003-06-14,LNP FP,45.423
2003-06-15,LNP FP,45.538
2003-06-16,LNP FP,45.538
2003-06-17,LNP FP,45.608
2003-06-18,LNP FP,45.608
2003-06-19,LNP FP,45.714
2003-06-20,LNP FP,45.714
2003-06-21,LNP FP,45.813
2003-06-22,LNP FP,45.813
2003-06-23,LNP FP,45.875
2003-06-24,LNP FP,45.875
2003-06-25,LNP FP,45.93
2003-06-26,LNP FP,45.93
2003-06-27,LNP FP,45.89
2003-06-28,LNP FP,45.89
2003-06-29,LNP FP,45.868
2003-06-30,LNP FP,45.868
2003-07-01,LNP FP,45.878
2003-07-02,LNP FP,45.878
2003-07-03,LNP FP,45.849
2003-07-04,LNP FP,45.849
2003-07-05,LNP FP,45.845
2003-07-06,LNP FP,45.845
2003-07-07,LNP FP,45.815
2003-07-08,LNP FP,45.815
2003-07-09,LNP FP,45.802
2003-07-10,LNP FP,45.802
2003-07-11,LNP FP,45.777
2003-07-12,LNP FP,45.777
2003-07-13,LNP FP,45.763
2003-07-14,LNP FP,45.763
2003-07-15,LNP FP,45.754
2003-07-16,LNP FP,45.754
2003-07-17,LNP FP,45.726
2003-07-18,LNP FP,45.726
2003-07-19,LNP FP,45.706
2003-07-20,LNP FP,45.706
2003-07-21,LNP FP,45.694
2003-07-22,LNP FP,45.694
2003-07-23,LNP FP,45.672
2003-07-24,LNP FP,45.672
2003-07-25,LNP FP,45.627
2003-07-26,LNP FP,45.627
2003-07-27,LNP FP,45.577
2003-07-28,LNP FP,45.577
2003-07-29,LNP FP,45.546
2003-07-30,LNP FP,45.546
2003-07-31,LNP FP,45.504
2003-08-01,LNP FP,45.504
2003-08-02,LNP FP,45.443
2003-08-03,LNP FP,45.443
2003-08-04,LNP FP,45.415
2003-08-05,LNP FP,45.415
2003-08-06,LNP FP,45.419
2003-08-07,LNP FP,45.419
2003-08-08,LNP FP,45.4
2003-08-09,LNP FP,45.4
2003-08-10,LNP FP,45.378
2003-08-11,LNP FP,45.378
2003-08-12,LNP FP,45.277
2003-08-13,LNP FP,45.277
2003-08-14,LNP FP,45.169
2003-08-15,LNP FP,45.169
2003-08-16,LNP FP,45.065
2003-08-17,LNP FP,45.065
2003-08-18,LNP FP,44.824
2003-08-19,LNP FP,44.824
2003-08-20,LNP FP,44.602
2003-08-21,LNP FP,44.602
2003-08-22,LNP FP,44.364
2003-08-23,LNP FP,44.364
2003-08-24,LNP FP,44.125
2003-08-25,LNP FP,44.125
2003-08-26,LNP FP,44.013
2003-08-27,LNP FP,44.013
2003-08-28,LNP FP,43.931
2003-08-29,LNP FP,43.931
2003-08-30,LNP FP,43.789
2003-08-31,LNP FP,43.789
2003-09-01,LNP FP,43.696
2003-09-02,LNP FP,43.696
2003-09-03,LNP FP,43.584
2003-09-04,LNP FP,43.584
2003-09-05,LNP FP,43.563
2003-09-06,LNP FP,43.563
2003-09-07,LNP FP,43.547
2003-09-08,LNP FP,43.547
2003-09-09,LNP FP,43.517
2003-09-10,LNP FP,43.517
2003-09-11,LNP FP,43.516
2003-09-12,LNP FP,43.516
2003-09-13,LNP FP,43.507
2003-09-14,LNP FP,43.507
2003-09-15,LNP FP,43.503
2003-09-16,LNP FP,43.503
2003-09-17,LNP FP,43.498
2003-09-18,LNP FP,43.498
2003-09-19,LNP FP,43.613
2003-09-20,LNP FP,43.613
2003-09-21,LNP FP,43.638
2003-09-22,LNP FP,43.638
2003-09-23,LNP FP,43.671
2003-09-24,LNP FP,43.671
2003-09-25,LNP FP,43.698
2003-09-26,LNP FP,43.698
2003-09-27,LNP FP,43.72
2003-09-28,LNP FP,43.72
2003-09-29,LNP FP,43.781
2003-09-30,LNP FP,43.781
2003-10-01,LNP FP,43.837
2003-10-02,LNP FP,43.837
2003-10-03,LNP FP,43.924
2003-10-04,LNP FP,43.924
2003-10-05,LNP FP,43.987
2003-10-06,LNP FP,43.987
2003-10-07,LNP FP,43.978
2003-10-08,LNP FP,43.978
2003-10-09,LNP FP,43.959
2003-10-10,LNP FP,43.959
2003-10-11,LNP FP,43.926
2003-10-12,LNP FP,43.926
2003-10-13,LNP FP,43.908
2003-10-14,LNP FP,43.908
2003-10-15,LNP FP,43.885
2003-10-16,LNP FP,43.885
2003-10-17,LNP FP,43.749
2003-10-18,LNP FP,43.749
2003-10-19,LNP FP,43.778
2003-10-20,LNP FP,43.778
2003-10-21,LNP FP,43.803
2003-10-22,LNP FP,43.803
2003-10-23,LNP FP,43.85
2003-10-24,LNP FP,43.85
2003-10-25,LNP FP,43.89
2003-10-26,LNP FP,43.89
2003-10-27,LNP FP,43.916
2003-10-28,LNP FP,43.916
2003-10-29,LNP FP,43.976
2003-10-30,LNP FP,43.976
2003-10-31,LNP FP,44.069
2003-11-01,LNP FP,44.069
2003-11-02,LNP FP,44.042
2003-11-03,LNP FP,44.042
2003-11-04,LNP FP,44.009
2003-11-05,LNP FP,44.009
2003-11-06,LNP FP,43.983
2003-11-07,LNP FP,43.983
2003-11-08,LNP FP,43.941
2003-11-09,LNP FP,43.941
2003-11-10,LNP FP,43.909
2003-11-11,LNP FP,43.909
2003-11-12,LNP FP,43.864
2003-11-13,LNP FP,43.864
2003-11-14,LNP FP,43.749
2003-11-15,LNP FP,43.749
2003-11-16,LNP FP,43.768
2003-11-17,LNP FP,43.768
2003-11-18,LNP FP,43.774
2003-11-19,LNP FP,43.774
2003-11-20,LNP FP,43.775
2003-11-21,LNP FP,43.775
2003-11-22,LNP FP,43.805
2003-11-23,LNP FP,43.805
2003-11-24,LNP FP,43.839
2003-11-25,LNP FP,43.839
2003-11-26,LNP FP,43.859
2003-11-27,LNP FP,43.859
2003-11-28,LNP FP,43.869
2003-11-29,LNP FP,43.869
2003-11-30,LNP FP,43.834
2003-12-01,LNP FP,43.834
2003-12-02,LNP FP,44.322
2003-12-03,LNP FP,44.322
2003-12-04,LNP FP,44.324
2003-12-05,LNP FP,44.324
2003-12-06,LNP FP,44.339
2003-12-07,LNP FP,44.339
2003-12-08,LNP FP,44.253
2003-12-09,LNP FP,44.253
2003-12-10,LNP FP,44.195
2003-12-11,LNP FP,44.195
2003-12-12,LNP FP,44.129
2003-12-13,LNP FP,44.129
2003-12-14,LNP FP,44.036
2003-12-15,LNP FP,44.036
2003-12-16,LNP FP,43.925
2003-12-17,LNP FP,43.925
2003-12-18,LNP FP,43.83
2003-12-19,LNP FP,43.83
2003-12-20,LNP FP,43.698
2003-12-21,LNP FP,43.698
2003-12-22,LNP FP,43.565
2003-12-23,LNP FP,43.565
2003-12-24,LNP FP,43.452
2003-12-25,LNP FP,43.452
2003-12-26,LNP FP,43.325
2003-12-27,LNP FP,43.325
2003-12-28,LNP FP,43.2
2003-12-29,LNP FP,43.2
2003-12-30,LNP FP,43.095
2003-12-31,LNP FP,43.095
2004-01-01,LNP FP,42.968
2004-01-02,LNP FP,42.968
2004-01-03,LNP FP,42.854
2004-01-04,LNP FP,42.854
2004-01-05,LNP FP,42.72
2004-01-06,LNP FP,42.72
2004-01-07,LNP FP,42.63
2004-01-08,LNP FP,42.63
2004-01-09,LNP FP,42.558
2004-01-10,LNP FP,42.558
2004-01-11,LNP FP,42.499
2004-01-12,LNP FP,42.499
2004-01-13,LNP FP,42.438
2004-01-14,LNP FP,42.438
2004-01-15,LNP FP,42.368
2004-01-16,LNP FP,42.368
2004-01-17,LNP FP,42.3
2004-01-18,LNP FP,42.3
2004-01-19,LNP FP,42.245
2004-01-20,LNP FP,42.245
2004-01-21,LNP FP,42.192
2004-01-22,LNP FP,42.192
2004-01-23,LNP FP,42.168
2004-01-24,LNP FP,42.168
2004-01-25,LNP FP,42.128
2004-01-26,LNP FP,42.128
2004-01-27,LNP FP,42.111
2004-01-28,LNP FP,42.111
2004-01-29,LNP FP,42.084
2004-01-30,LNP FP,42.084
2004-01-31,LNP FP,42.041
2004-02-01,LNP FP,42.041
2004-02-02,LNP FP,42.011
2004-02-03,LNP FP,42.011
2004-02-04,LNP FP,41.976
2004-02-05,LNP FP,41.976
2004-02-06,LNP FP,42.021
2004-02-07,LNP FP,42.021
2004-02-08,LNP FP,42.084
2004-02-09,LNP FP,42.084
2004-02-10,LNP FP,42.142
2004-02-11,LNP FP,42.142
2004-02-12,LNP FP,42.184
2004-02-13,LNP FP,42.184
2004-02-14,LNP FP,42.213
2004-02-15,LNP FP,42.213
2004-02-16,LNP FP,42.26
2004-02-17,LNP FP,42.26
2004-02-18,LNP FP,42.282
2004-02-19,LNP FP,42.282
2004-02-20,LNP FP,42.281
2004-02-21,LNP FP,42.281
2004-02-22,LNP FP,42.14
2004-02-23,LNP FP,42.14
2004-02-24,LNP FP,42.006
2004-02-25,LNP FP,42.006
2004-02-26,LNP FP,41.853
2004-02-27,LNP FP,41.853
2004-02-28,LNP FP,41.724
2004-02-29,LNP FP,41.724
2004-03-01,LNP FP,41.749
2004-03-02,LNP FP,41.749
2004-03-03,LNP FP,41.752
2004-03-04,LNP FP,41.752
2004-03-05,LNP FP,41.735
2004-03-06,LNP FP,41.735
2004-03-07,LNP FP,41.768
2004-03-08,LNP FP,41.768
2004-03-09,LNP FP,41.75
2004-03-10,LNP FP,41.75
2004-03-11,LNP FP,41.774
2004-03-12,LNP FP,41.774
2004-03-13,LNP FP,41.752
2004-03-14,LNP FP,41.752
2004-03-15,LNP FP,41.759
2004-03-16,LNP FP,41.759
2004-03-17,LNP FP,41.768
2004-03-18,LNP FP,41.768
2004-03-19,LNP FP,41.775
2004-03-20,LNP FP,41.775
2004-03-21,LNP FP,41.797
2004-03-22,LNP FP,41.797
2004-03-23,LNP FP,41.796
2004-03-24,LNP FP,41.796
2004-03-25,LNP FP,41.815
2004-03-26,LNP FP,41.815
2004-03-27,LNP FP,41.818
2004-03-28,LNP FP,41.818
2004-03-29,LNP FP,41.883
2004-03-30,LNP FP,41.883
2004-03-31,LNP FP,41.945
2004-04-01,LNP FP,41.945
2004-04-02,LNP FP,41.965
2004-04-03,LNP FP,41.965
2004-04-04,LNP FP,42.043
2004-04-05,LNP FP,42.043
2004-04-06,LNP FP,42.125
2004-04-07,LNP FP,42.125
2004-04-08,LNP FP,42.218
2004-04-09,LNP FP,42.218
2004-04-10,LNP FP,42.315
2004-04-11,LNP FP,42.315
2004-04-12,LNP FP,42.409
2004-04-13,LNP FP,42.409
2004-04-14,LNP FP,42.514
2004-04-15,LNP FP,42.514
2004-04-16,LNP FP,42.6
2004-04-17,LNP FP,42.6
2004-04-18,LNP FP,42.641
2004-04-19,LNP FP,42.641
2004-04-20,LNP FP,42.682
2004-04-21,LNP FP,42.682
2004-04-22,LNP FP,42.713
2004-04-23,LNP FP,42.713
2004-04-24,LNP FP,42.762
2004-04-25,LNP FP,42.762
2004-04-26,LNP FP,42.858
2004-04-27,LNP FP,42.858
2004-04-28,LNP FP,42.956
2004-04-29,LNP FP,42.956
2004-04-30,LNP FP,42.945
2004-05-01,LNP FP,42.945
2004-05-02,LNP FP,42.955
2004-05-03,LNP FP,42.955
2004-05-04,LNP FP,42.97
2004-05-05,LNP FP,42.97
2004-05-06,LNP FP,42.975
2004-05-07,LNP FP,42.975
2004-05-08,LNP FP,42.978
2004-05-09,LNP FP,42.978
2004-05-10,LNP FP,42.986
2004-05-11,LNP FP,42.986
2004-05-12,LNP FP,42.996
2004-05-13,LNP FP,42.996
2004-05-14,LNP FP,43.027
2004-05-15,LNP FP,43.027
2004-05-16,LNP FP,43.107
2004-05-17,LNP FP,43.107
2004-05-18,LNP FP,43.11
2004-05-19,LNP FP,43.11
2004-05-20,LNP FP,43.083
2004-05-21,LNP FP,43.083
2004-05-22,LNP FP,43.074
2004-05-23,LNP FP,43.074
2004-05-24,LNP FP,43.296
2004-05-25,LNP FP,43.296
2004-05-26,LNP FP,43.489
2004-05-27,LNP FP,43.489
2004-05-28,LNP FP,43.701
2004-05-29,LNP FP,43.701
2004-05-30,LNP FP,43.738
2004-05-31,LNP FP,43.738
2004-06-01,LNP FP,43.777
2004-06-02,LNP FP,43.777
2004-06-03,LNP FP,43.83
2004-06-04,LNP FP,43.83
2004-06-05,LNP FP,43.89
2004-06-06,LNP FP,43.89
2004-06-07,LNP FP,43.925
2004-06-08,LNP FP,43.925
2004-06-09,LNP FP,43.959
2004-06-10,LNP FP,43.959
2004-06-11,LNP FP,43.904
2004-06-12,LNP FP,43.904
2004-06-13,LNP FP,43.864
2004-06-14,LNP FP,43.864
2004-06-15,LNP FP,43.804
2004-06-16,LNP FP,43.804
2004-06-17,LNP FP,43.759
2004-06-18,LNP FP,43.759
2004-06-19,LNP FP,43.696
2004-06-20,LNP FP,43.696
2004-06-21,LNP FP,43.717
2004-06-22,LNP FP,43.717
2004-06-23,LNP FP,43.735
2004-06-24,LNP FP,43.735
2004-06-25,LNP FP,43.664
2004-06-26,LNP FP,43.664
2004-06-27,LNP FP,43.595
2004-06-28,LNP FP,43.595
2004-06-29,LNP FP,43.524
2004-06-30,LNP FP,43.524
2004-07-01,LNP FP,43.46
2004-07-02,LNP FP,43.46
2004-07-03,LNP FP,43.381
2004-07-04,LNP FP,43.381
2004-07-05,LNP FP,43.342
2004-07-06,LNP FP,43.342
2004-07-07,LNP FP,43.269
2004-07-08,LNP FP,43.269
2004-07-09,LNP FP,43.219
2004-07-10,LNP FP,43.219
2004-07-11,LNP FP,43.146
2004-07-12,LNP FP,43.146
2004-07-13,LNP FP,43.128
2004-07-14,LNP FP,43.128
2004-07-15,LNP FP,43.116
2004-07-16,LNP FP,43.116
2004-07-17,LNP FP,43.114
2004-07-18,LNP FP,43.114
2004-07-19,LNP FP,43.098
2004-07-20,LNP FP,43.098
2004-07-21,LNP FP,43.097
2004-07-22,LNP FP,43.097
2004-07-23,LNP FP,43.131
2004-07-24,LNP FP,43.131
2004-07-25,LNP FP,43.118
2004-07-26,LNP FP,43.118
2004-07-27,LNP FP,43.075
2004-07-28,LNP FP,43.075
2004-07-29,LNP FP,43.046
2004-07-30,LNP FP,43.046
2004-07-31,LNP FP,43.022
2004-08-01,LNP FP,43.022
2004-08-02,LNP FP,42.868
2004-08-03,LNP FP,42.868
2004-08-04,LNP FP,42.717
2004-08-05,LNP FP,42.717
2004-08-06,LNP FP,42.67
2004-08-07,LNP FP,42.67
2004-08-08,LNP FP,42.452
2004-08-09,LNP FP,42.452
2004-08-10,LNP FP,42.242
2004-08-11,LNP FP,42.242
2004-08-12,LNP FP,42.029
2004-08-13,LNP FP,42.029
2004-08-14,LNP FP,41.819
2004-08-15,LNP FP,41.819
2004-08-16,LNP FP,41.885
2004-08-17,LNP FP,41.885
2004-08-18,LNP FP,41.952
2004-08-19,LNP FP,41.952
2004-08-20,LNP FP,42.125
2004-08-21,LNP FP,42.125
2004-08-22,LNP FP,42.316
2004-08-23,LNP FP,42.316
2004-08-24,LNP FP,42.497
2004-08-25,LNP FP,42.497
2004-08-26,LNP FP,42.687
2004-08-27,LNP FP,42.687
2004-08-28,LNP FP,42.765
2004-08-29,LNP FP,42.765
2004-08-30,LNP FP,42.91
2004-08-31,LNP FP,42.91
2004-09-01,LNP FP,43.089
2004-09-02,LNP FP,43.089
2004-09-03,LNP FP,43.872
2004-09-04,LNP FP,43.872
2004-09-05,LNP FP,44.085
2004-09-06,LNP FP,44.085
2004-09-07,LNP FP,44.328
2004-09-08,LNP FP,44.328
2004-09-09,LNP FP,44.585
2004-09-10,LNP FP,44.585
2004-09-11,LNP FP,44.831
2004-09-12,LNP FP,44.831
2004-09-13,LNP FP,45.137
2004-09-14,LNP FP,45.137
2004-09-15,LNP FP,45.446
2004-09-16,LNP FP,45.446
2004-09-17,LNP FP,45.397
2004-09-18,LNP FP,45.397
2004-09-19,LNP FP,45.867
2004-09-20,LNP FP,45.867
2004-09-21,LNP FP,46.331
2004-09-22,LNP FP,46.331
2004-09-23,LNP FP,46.272
2004-09-24,LNP FP,46.272
2004-09-25,LNP FP,46.219
2004-09-26,LNP FP,46.219
2004-09-27,LNP FP,46.269
2004-09-28,LNP FP,46.269
2004-09-29,LNP FP,46.365
2004-09-30,LNP FP,46.365
2004-10-01,LNP FP,46.372
2004-10-02,LNP FP,46.372
2004-10-03,LNP FP,46.474
2004-10-04,LNP FP,46.474
2004-10-05,LNP FP,46.62
2004-10-06,LNP FP,46.62
2004-10-07,LNP FP,45.914
2004-10-08,LNP FP,45.914
2001-11-24,OTH FP,13.255
2001-11-25,OTH FP,13.255
2001-11-26,OTH FP,13.283
2001-11-27,OTH FP,13.283
2001-11-28,OTH FP,13.244
2001-11-29,OTH FP,13.244
2001-11-30,OTH FP,13.258
2001-12-01,OTH FP,13.258
2001-12-02,OTH FP,13.261
2001-12-03,OTH FP,13.261
2001-12-04,OTH FP,13.277
2001-12-05,OTH FP,13.277
2001-12-06,OTH FP,13.248
2001-12-07,OTH FP,13.248
2001-12-08,OTH FP,13.28
2001-12-09,OTH FP,13.28
2001-12-10,OTH FP,13.269
2001-12-11,OTH FP,13.269
2001-12-12,OTH FP,13.281
2001-12-13,OTH FP,13.281
2001-12-14,OTH FP,13.263
2001-12-15,OTH FP,13.263
2001-12-16,OTH FP,13.287
2001-12-17,OTH FP,13.287
2001-12-18,OTH FP,13.288
2001-12-19,OTH FP,13.288
2001-12-20,OTH FP,13.274
2001-12-21,OTH FP,13.274
2001-12-22,OTH FP,13.305
2001-12-23,OTH FP,13.305
2001-12-24,OTH FP,13.303
2001-12-25,OTH FP,13.303
2001-12-26,OTH FP,13.314
2001-12-27,OTH FP,13.314
2001-12-28,OTH FP,13.289
2001-12-29,OTH FP,13.289
2001-12-30,OTH FP,13.279
2001-12-31,OTH FP,13.279
2002-01-01,OTH FP,13.308
2002-01-02,OTH FP,13.308
2002-01-03,OTH FP,13.313
2002-01-04,OTH FP,13.313
2002-01-05,OTH FP,13.322
2002-01-06,OTH FP,13.322
2002-01-07,OTH FP,13.314
2002-01-08,OTH FP,13.314
2002-01-09,OTH FP,13.315
2002-01-10,OTH FP,13.315
2002-01-11,OTH FP,13.424
2002-01-12,OTH FP,13.424
2002-01-13,OTH FP,13.481
2002-01-14,OTH FP,13.481
2002-01-15,OTH FP,13.569
2002-01-16,OTH FP,13.569
2002-01-17,OTH FP,13.665
2002-01-18,OTH FP,13.665
2002-01-19,OTH FP,13.753
2002-01-20,OTH FP,13.753
2002-01-21,OTH FP,13.764
2002-01-22,OTH FP,13.764
2002-01-23,OTH FP,13.775
2002-01-24,OTH FP,13.775
2002-01-25,OTH FP,13.724
2002-01-26,OTH FP,13.724
2002-01-27,OTH FP,13.618
2002-01-28,OTH FP,13.618
2002-01-29,OTH FP,13.546
2002-01-30,OTH FP,13.546
2002-01-31,OTH FP,13.485
2002-02-01,OTH FP,13.485
2002-02-02,OTH FP,13.389
2002-02-03,OTH FP,13.389
2002-02-04,OTH FP,13.312
2002-02-05,OTH FP,13.312
2002-02-06,OTH FP,13.243
2002-02-07,OTH FP,13.243
2002-02-08,OTH FP,13.175
2002-02-09,OTH FP,13.175
2002-02-10,OTH FP,13.208
2002-02-11,OTH FP,13.208
2002-02-12,OTH FP,13.213
2002-02-13,OTH FP,13.213
2002-02-14,OTH FP,13.226
2002-02-15,OTH FP,13.226
2002-02-16,OTH FP,13.247
2002-02-17,OTH FP,13.247
2002-02-18,OTH FP,13.265
2002-02-19,OTH FP,13.265
2002-02-20,OTH FP,13.289
2002-02-21,OTH FP,13.289
2002-02-22,OTH FP,13.312
2002-02-23,OTH FP,13.312
2002-02-24,OTH FP,13.288
2002-02-25,OTH FP,13.288
2002-02-26,OTH FP,13.277
2002-02-27,OTH FP,13.277
2002-02-28,OTH FP,13.276
2002-03-01,OTH FP,13.276
2002-03-02,OTH FP,13.302
2002-03-03,OTH FP,13.302
2002-03-04,OTH FP,13.299
2002-03-05,OTH FP,13.299
2002-03-06,OTH FP,13.303
2002-03-07,OTH FP,13.303
2002-03-08,OTH FP,13.328
2002-03-09,OTH FP,13.328
2002-03-10,OTH FP,13.327
2002-03-11,OTH FP,13.327
2002-03-12,OTH FP,13.343
2002-03-13,OTH FP,13.343
2002-03-14,OTH FP,13.344
2002-03-15,OTH FP,13.344
2002-03-16,OTH FP,13.332
2002-03-17,OTH FP,13.332
2002-03-18,OTH FP,13.329
2002-03-19,OTH FP,13.329
2002-03-20,OTH FP,13.323
2002-03-21,OTH FP,13.323
2002-03-22,OTH FP,13.296
2002-03-23,OTH FP,13.296
2002-03-24,OTH FP,13.288
2002-03-25,OTH FP,13.288
2002-03-26,OTH FP,13.265
2002-03-27,OTH FP,13.265
2002-03-28,OTH FP,13.243
2002-03-29,OTH FP,13.243
2002-03-30,OTH FP,13.22
2002-03-31,OTH FP,13.22
2002-04-01,OTH FP,13.208
2002-04-02,OTH FP,13.208
2002-04-03,OTH FP,13.162
2002-04-04,OTH FP,13.162
2002-04-05,OTH FP,13.142
2002-04-06,OTH FP,13.142
2002-04-07,OTH FP,13.102
2002-04-08,OTH FP,13.102
2002-04-09,OTH FP,13.126
2002-04-10,OTH FP,13.126
2002-04-11,OTH FP,13.149
2002-04-12,OTH FP,13.149
2002-04-13,OTH FP,13.178
2002-04-14,OTH FP,13.178
2002-04-15,OTH FP,13.196
2002-04-16,OTH FP,13.196
2002-04-17,OTH FP,13.221
2002-04-18,OTH FP,13.221
2002-04-19,OTH FP,13.272
2002-04-20,OTH FP,13.272
2002-04-21,OTH FP,13.36
2002-04-22,OTH FP,13.36
2002-04-23,OTH FP,13.447
2002-04-24,OTH FP,13.447
2002-04-25,OTH FP,13.524
2002-04-26,OTH FP,13.524
2002-04-27,OTH FP,13.641
2002-04-28,OTH FP,13.641
2002-04-29,OTH FP,13.721
2002-04-30,OTH FP,13.721
2002-05-01,OTH FP,13.786
2002-05-02,OTH FP,13.786
2002-05-03,OTH FP,13.854
2002-05-04,OTH FP,13.854
2002-05-05,OTH FP,13.859
2002-05-06,OTH FP,13.859
2002-05-07,OTH FP,13.894
2002-05-08,OTH FP,13.894
2002-05-09,OTH FP,13.894
2002-05-10,OTH FP,13.894
2002-05-11,OTH FP,13.911
2002-05-12,OTH FP,13.911
2002-05-13,OTH FP,13.954
2002-05-14,OTH FP,13.954
2002-05-15,OTH FP,13.972
2002-05-16,OTH FP,13.972
2002-05-17,OTH FP,13.912
2002-05-18,OTH FP,13.912
2002-05-19,OTH FP,13.872
2002-05-20,OTH FP,13.872
2002-05-21,OTH FP,13.855
2002-05-22,OTH FP,13.855
2002-05-23,OTH FP,13.844
2002-05-24,OTH FP,13.844
2002-05-25,OTH FP,13.814
2002-05-26,OTH FP,13.814
2002-05-27,OTH FP,13.799
2002-05-28,OTH FP,13.799
2002-05-29,OTH FP,13.775
2002-05-30,OTH FP,13.775
2002-05-31,OTH FP,13.744
2002-06-01,OTH FP,13.744
2002-06-02,OTH FP,13.664
2002-06-03,OTH FP,13.664
2002-06-04,OTH FP,13.568
2002-06-05,OTH FP,13.568
2002-06-06,OTH FP,13.478
2002-06-07,OTH FP,13.478
2002-06-08,OTH FP,13.39
2002-06-09,OTH FP,13.39
2002-06-10,OTH FP,13.292
2002-06-11,OTH FP,13.292
2002-06-12,OTH FP,13.198
2002-06-13,OTH FP,13.198
2002-06-14,OTH FP,13.141
2002-06-15,OTH FP,13.141
2002-06-16,OTH FP,13.102
2002-06-17,OTH FP,13.102
2002-06-18,OTH FP,13.048
2002-06-19,OTH FP,13.048
2002-06-20,OTH FP,12.998
2002-06-21,OTH FP,12.998
2002-06-22,OTH FP,12.924
2002-06-23,OTH FP,12.924
2002-06-24,OTH FP,12.858
2002-06-25,OTH FP,12.858
2002-06-26,OTH FP,12.827
2002-06-27,OTH FP,12.827
2002-06-28,OTH FP,12.788
2002-06-29,OTH FP,12.788
2002-06-30,OTH FP,12.759
2002-07-01,OTH FP,12.759
2002-07-02,OTH FP,12.734
2002-07-03,OTH FP,12.734
2002-07-04,OTH FP,12.696
2002-07-05,OTH FP,12.696
2002-07-06,OTH FP,12.673
2002-07-07,OTH FP,12.673
2002-07-08,OTH FP,12.649
2002-07-09,OTH FP,12.649
2002-07-10,OTH FP,12.634
2002-07-11,OTH FP,12.634
2002-07-12,OTH FP,12.569
2002-07-13,OTH FP,12.569
2002-07-14,OTH FP,12.523
2002-07-15,OTH FP,12.523
2002-07-16,OTH FP,12.468
2002-07-17,OTH FP,12.468
2002-07-18,OTH FP,12.412
2002-07-19,OTH FP,12.412
2002-07-20,OTH FP,12.364
2002-07-21,OTH FP,12.364
2002-07-22,OTH FP,12.376
2002-07-23,OTH FP,12.376
2002-07-24,OTH FP,12.375
2002-07-25,OTH FP,12.375
2002-07-26,OTH FP,12.421
2002-07-27,OTH FP,12.421
2002-07-28,OTH FP,12.428
2002-07-29,OTH FP,12.428
2002-07-30,OTH FP,12.433
2002-07-31,OTH FP,12.433
2002-08-01,OTH FP,12.444
2002-08-02,OTH FP,12.444
2002-08-03,OTH FP,12.482
2002-08-04,OTH FP,12.482
2002-08-05,OTH FP,12.396
2002-08-06,OTH FP,12.396
2002-08-07,OTH FP,12.329
2002-08-08,OTH FP,12.329
2002-08-09,OTH FP,12.252
2002-08-10,OTH FP,12.252
2002-08-11,OTH FP,12.2
2002-08-12,OTH FP,12.2
2002-08-13,OTH FP,12.117
2002-08-14,OTH FP,12.117
2002-08-15,OTH FP,12.033
2002-08-16,OTH FP,12.033
2002-08-17,OTH FP,11.985
2002-08-18,OTH FP,11.985
2002-08-19,OTH FP,11.902
2002-08-20,OTH FP,11.902
2002-08-21,OTH FP,11.82
2002-08-22,OTH FP,11.82
2002-08-23,OTH FP,11.751
2002-08-24,OTH FP,11.751
2002-08-25,OTH FP,11.693
2002-08-26,OTH FP,11.693
2002-08-27,OTH FP,11.626
2002-08-28,OTH FP,11.626
2002-08-29,OTH FP,11.567
2002-08-30,OTH FP,11.567
2002-08-31,OTH FP,11.512
2002-09-01,OTH FP,11.512
2002-09-02,OTH FP,11.454
2002-09-03,OTH FP,11.454
2002-09-04,OTH FP,11.437
2002-09-05,OTH FP,11.437
2002-09-06,OTH FP,11.422
2002-09-07,OTH FP,11.422
2002-09-08,OTH FP,11.405
2002-09-09,OTH FP,11.405
2002-09-10,OTH FP,11.376
2002-09-11,OTH FP,11.376
2002-09-12,OTH FP,11.387
2002-09-13,OTH FP,11.387
2002-09-14,OTH FP,11.374
2002-09-15,OTH FP,11.374
2002-09-16,OTH FP,11.325
2002-09-17,OTH FP,11.325
2002-09-18,OTH FP,11.268
2002-09-19,OTH FP,11.268
2002-09-20,OTH FP,11.225
2002-09-21,OTH FP,11.225
2002-09-22,OTH FP,11.18
2002-09-23,OTH FP,11.18
2002-09-24,OTH FP,11.104
2002-09-25,OTH FP,11.104
2002-09-26,OTH FP,11.025
2002-09-27,OTH FP,11.025
2002-09-28,OTH FP,10.983
2002-09-29,OTH FP,10.983
2002-09-30,OTH FP,10.918
2002-10-01,OTH FP,10.918
2002-10-02,OTH FP,10.837
2002-10-03,OTH FP,10.837
2002-10-04,OTH FP,10.777
2002-10-05,OTH FP,10.777
2002-10-06,OTH FP,10.694
2002-10-07,OTH FP,10.694
2002-10-08,OTH FP,10.648
2002-10-09,OTH FP,10.648
2002-10-10,OTH FP,10.615
2002-10-11,OTH FP,10.615
2002-10-12,OTH FP,10.554
2002-10-13,OTH FP,10.554
2002-10-14,OTH FP,10.508
2002-10-15,OTH FP,10.508
2002-10-16,OTH FP,10.442
2002-10-17,OTH FP,10.442
2002-10-18,OTH FP,10.432
2002-10-19,OTH FP,10.432
2002-10-20,OTH FP,10.429
2002-10-21,OTH FP,10.429
2002-10-22,OTH FP,10.444
2002-10-23,OTH FP,10.444
2002-10-24,OTH FP,10.467
2002-10-25,OTH FP,10.467
2002-10-26,OTH FP,10.485
2002-10-27,OTH FP,10.485
2002-10-28,OTH FP,10.495
2002-10-29,OTH FP,10.495
2002-10-30,OTH FP,10.505
2002-10-31,OTH FP,10.505
2002-11-01,OTH FP,10.517
2002-11-02,OTH FP,10.517
2002-11-03,OTH FP,10.503
2002-11-04,OTH FP,10.503
2002-11-05,OTH FP,10.501
2002-11-06,OTH FP,10.501
2002-11-07,OTH FP,10.497
2002-11-08,OTH FP,10.497
2002-11-09,OTH FP,10.503
2002-11-10,OTH FP,10.503
2002-11-11,OTH FP,10.482
2002-11-12,OTH FP,10.482
2002-11-13,OTH FP,10.475
2002-11-14,OTH FP,10.475
2002-11-15,OTH FP,10.427
2002-11-16,OTH FP,10.427
2002-11-17,OTH FP,10.451
2002-11-18,OTH FP,10.451
2002-11-19,OTH FP,10.466
2002-11-20,OTH FP,10.466
2002-11-21,OTH FP,10.472
2002-11-22,OTH FP,10.472
2002-11-23,OTH FP,10.475
2002-11-24,OTH FP,10.475
2002-11-25,OTH FP,10.494
2002-11-26,OTH FP,10.494
2002-11-27,OTH FP,10.506
2002-11-28,OTH FP,10.506
2002-11-29,OTH FP,10.571
2002-11-30,OTH FP,10.571
2002-12-01,OTH FP,10.532
2002-12-02,OTH FP,10.532
2002-12-03,OTH FP,10.537
2002-12-04,OTH FP,10.537
2002-12-05,OTH FP,10.531
2002-12-06,OTH FP,10.531
2002-12-07,OTH FP,10.515
2002-12-08,OTH FP,10.515
2002-12-09,OTH FP,10.506
2002-12-10,OTH FP,10.506
2002-12-11,OTH FP,10.493
2002-12-12,OTH FP,10.493
2002-12-13,OTH FP,10.462
2002-12-14,OTH FP,10.462
2002-12-15,OTH FP,10.507
2002-12-16,OTH FP,10.507
2002-12-17,OTH FP,10.529
2002-12-18,OTH FP,10.529
2002-12-19,OTH FP,10.547
2002-12-20,OTH FP,10.547
2002-12-21,OTH FP,10.585
2002-12-22,OTH FP,10.585
2002-12-23,OTH FP,10.592
2002-12-24,OTH FP,10.592
2002-12-25,OTH FP,10.636
2002-12-26,OTH FP,10.636
2002-12-27,OTH FP,10.655
2002-12-28,OTH FP,10.655
2002-12-29,OTH FP,10.683
2002-12-30,OTH FP,10.683
2002-12-31,OTH FP,10.693
2003-01-01,OTH FP,10.693
2003-01-02,OTH FP,10.734
2003-01-03,OTH FP,10.734
2003-01-04,OTH FP,10.773
2003-01-05,OTH FP,10.773
2003-01-06,OTH FP,10.788
2003-01-07,OTH FP,10.788
2003-01-08,OTH FP,10.81
2003-01-09,OTH FP,10.81
2003-01-10,OTH FP,10.854
2003-01-11,OTH FP,10.854
2003-01-12,OTH FP,10.891
2003-01-13,OTH FP,10.891
2003-01-14,OTH FP,10.925
2003-01-15,OTH FP,10.925
2003-01-16,OTH FP,10.885
2003-01-17,OTH FP,10.885
2003-01-18,OTH FP,10.839
2003-01-19,OTH FP,10.839
2003-01-20,OTH FP,10.818
2003-01-21,OTH FP,10.818
2003-01-22,OTH FP,10.823
2003-01-23,OTH FP,10.823
2003-01-24,OTH FP,10.858
2003-01-25,OTH FP,10.858
2003-01-26,OTH FP,10.893
2003-01-27,OTH FP,10.893
2003-01-28,OTH FP,10.951
2003-01-29,OTH FP,10.951
2003-01-30,OTH FP,10.996
2003-01-31,OTH FP,10.996
2003-02-01,OTH FP,11.034
2003-02-02,OTH FP,11.034
2003-02-03,OTH FP,11.054
2003-02-04,OTH FP,11.054
2003-02-05,OTH FP,11.093
2003-02-06,OTH FP,11.093
2003-02-07,OTH FP,11.154
2003-02-08,OTH FP,11.154
2003-02-09,OTH FP,11.169
2003-02-10,OTH FP,11.169
2003-02-11,OTH FP,11.22
2003-02-12,OTH FP,11.22
2003-02-13,OTH FP,11.264
2003-02-14,OTH FP,11.264
2003-02-15,OTH FP,11.312
2003-02-16,OTH FP,11.312
2003-02-17,OTH FP,11.26
2003-02-18,OTH FP,11.26
2003-02-19,OTH FP,11.217
2003-02-20,OTH FP,11.217
2003-02-21,OTH FP,11.161
2003-02-22,OTH FP,11.161
2003-02-23,OTH FP,11.116
2003-02-24,OTH FP,11.116
2003-02-25,OTH FP,11.059
2003-02-26,OTH FP,11.059
2003-02-27,OTH FP,10.984
2003-02-28,OTH FP,10.984
2003-03-01,OTH FP,10.924
2003-03-02,OTH FP,10.924
2003-03-03,OTH FP,10.903
2003-03-04,OTH FP,10.903
2003-03-05,OTH FP,10.883
2003-03-06,OTH FP,10.883
2003-03-07,OTH FP,10.861
2003-03-08,OTH FP,10.861
2003-03-09,OTH FP,10.829
2003-03-10,OTH FP,10.829
2003-03-11,OTH FP,10.795
2003-03-12,OTH FP,10.795
2003-03-13,OTH FP,10.781
2003-03-14,OTH FP,10.781
2003-03-15,OTH FP,10.776
2003-03-16,OTH FP,10.776
2003-03-17,OTH FP,10.708
2003-03-18,OTH FP,10.708
2003-03-19,OTH FP,10.631
2003-03-20,OTH FP,10.631
2003-03-21,OTH FP,10.561
2003-03-22,OTH FP,10.561
2003-03-23,OTH FP,10.49
2003-03-24,OTH FP,10.49
2003-03-25,OTH FP,10.425
2003-03-26,OTH FP,10.425
2003-03-27,OTH FP,10.365
2003-03-28,OTH FP,10.365
2003-03-29,OTH FP,10.312
2003-03-30,OTH FP,10.312
2003-03-31,OTH FP,10.312
2003-04-01,OTH FP,10.312
2003-04-02,OTH FP,10.304
2003-04-03,OTH FP,10.304
2003-04-04,OTH FP,10.305
2003-04-05,OTH FP,10.305
2003-04-06,OTH FP,10.299
2003-04-07,OTH FP,10.299
2003-04-08,OTH FP,10.284
2003-04-09,OTH FP,10.284
2003-04-10,OTH FP,10.261
2003-04-11,OTH FP,10.261
2003-04-12,OTH FP,10.238
2003-04-13,OTH FP,10.238
2003-04-14,OTH FP,10.253
2003-04-15,OTH FP,10.253
2003-04-16,OTH FP,10.231
2003-04-17,OTH FP,10.231
2003-04-18,OTH FP,10.21
2003-04-19,OTH FP,10.21
2003-04-20,OTH FP,10.173
2003-04-21,OTH FP,10.173
2003-04-22,OTH FP,10.111
2003-04-23,OTH FP,10.111
2003-04-24,OTH FP,10.047
2003-04-25,OTH FP,10.047
2003-04-26,OTH FP,9.994
2003-04-27,OTH FP,9.994
2003-04-28,OTH FP,9.906
2003-04-29,OTH FP,9.906
2003-04-30,OTH FP,9.849
2003-05-01,OTH FP,9.849
2003-05-02,OTH FP,9.698
2003-05-03,OTH FP,9.698
2003-05-04,OTH FP,9.712
2003-05-05,OTH FP,9.712
2003-05-06,OTH FP,9.727
2003-05-07,OTH FP,9.727
2003-05-08,OTH FP,9.726
2003-05-09,OTH FP,9.726
2003-05-10,OTH FP,9.725
2003-05-11,OTH FP,9.725
2003-05-12,OTH FP,9.722
2003-05-13,OTH FP,9.722
2003-05-14,OTH FP,9.731
2003-05-15,OTH FP,9.731
2003-05-16,OTH FP,9.685
2003-05-17,OTH FP,9.685
2003-05-18,OTH FP,9.752
2003-05-19,OTH FP,9.752
2003-05-20,OTH FP,9.818
2003-05-21,OTH FP,9.818
2003-05-22,OTH FP,9.878
2003-05-23,OTH FP,9.878
2003-05-24,OTH FP,9.942
2003-05-25,OTH FP,9.942
2003-05-26,OTH FP,9.991
2003-05-27,OTH FP,9.991
2003-05-28,OTH FP,10.035
2003-05-29,OTH FP,10.035
2003-05-30,OTH FP,10.102
2003-05-31,OTH FP,10.102
2003-06-01,OTH FP,10.109
2003-06-02,OTH FP,10.109
2003-06-03,OTH FP,10.112
2003-06-04,OTH FP,10.112
2003-06-05,OTH FP,10.116
2003-06-06,OTH FP,10.116
2003-06-07,OTH FP,10.103
2003-06-08,OTH FP,10.103
2003-06-09,OTH FP,10.12
2003-06-10,OTH FP,10.12
2003-06-11,OTH FP,10.139
2003-06-12,OTH FP,10.139
2003-06-13,OTH FP,10.135
2003-06-14,OTH FP,10.135
2003-06-15,OTH FP,10.114
2003-06-16,OTH FP,10.114
2003-06-17,OTH FP,10.094
2003-06-18,OTH FP,10.094
2003-06-19,OTH FP,10.105
2003-06-20,OTH FP,10.105
2003-06-21,OTH FP,10.108
2003-06-22,OTH FP,10.108
2003-06-23,OTH FP,10.109
2003-06-24,OTH FP,10.109
2003-06-25,OTH FP,10.082
2003-06-26,OTH FP,10.082
2003-06-27,OTH FP,10.135
2003-06-28,OTH FP,10.135
2003-06-29,OTH FP,10.169
2003-06-30,OTH FP,10.169
2003-07-01,OTH FP,10.243
2003-07-02,OTH FP,10.243
2003-07-03,OTH FP,10.261
2003-07-04,OTH FP,10.261
2003-07-05,OTH FP,10.338
2003-07-06,OTH FP,10.338
2003-07-07,OTH FP,10.394
2003-07-08,OTH FP,10.394
2003-07-09,OTH FP,10.451
2003-07-10,OTH FP,10.451
2003-07-11,OTH FP,10.529
2003-07-12,OTH FP,10.529
2003-07-13,OTH FP,10.614
2003-07-14,OTH FP,10.614
2003-07-15,OTH FP,10.645
2003-07-16,OTH FP,10.645
2003-07-17,OTH FP,10.693
2003-07-18,OTH FP,10.693
2003-07-19,OTH FP,10.733
2003-07-20,OTH FP,10.733
2003-07-21,OTH FP,10.823
2003-07-22,OTH FP,10.823
2003-07-23,OTH FP,10.906
2003-07-24,OTH FP,10.906
2003-07-25,OTH FP,11.017
2003-07-26,OTH FP,11.017
2003-07-27,OTH FP,11.129
2003-07-28,OTH FP,11.129
2003-07-29,OTH FP,11.247
2003-07-30,OTH FP,11.247
2003-07-31,OTH FP,11.36
2003-08-01,OTH FP,11.36
2003-08-02,OTH FP,11.458
2003-08-03,OTH FP,11.458
2003-08-04,OTH FP,11.53
2003-08-05,OTH FP,11.53
2003-08-06,OTH FP,11.594
2003-08-07,OTH FP,11.594
2003-08-08,OTH FP,11.687
2003-08-09,OTH FP,11.687
2003-08-10,OTH FP,11.744
2003-08-11,OTH FP,11.744
2003-08-12,OTH FP,11.839
2003-08-13,OTH FP,11.839
2003-08-14,OTH FP,11.931
2003-08-15,OTH FP,11.931
2003-08-16,OTH FP,12.011
2003-08-17,OTH FP,12.011
2003-08-18,OTH FP,12.137
2003-08-19,OTH FP,12.137
2003-08-20,OTH FP,12.255
2003-08-21,OTH FP,12.255
2003-08-22,OTH FP,12.387
2003-08-23,OTH FP,12.387
2003-08-24,OTH FP,12.513
2003-08-25,OTH FP,12.513
2003-08-26,OTH FP,12.57
2003-08-27,OTH FP,12.57
2003-08-28,OTH FP,12.616
2003-08-29,OTH FP,12.616
2003-08-30,OTH FP,12.676
2003-08-31,OTH FP,12.676
2003-09-01,OTH FP,12.747
2003-09-02,OTH FP,12.747
2003-09-03,OTH FP,12.826
2003-09-04,OTH FP,12.826
2003-09-05,OTH FP,12.825
2003-09-06,OTH FP,12.825
2003-09-07,OTH FP,12.854
2003-09-08,OTH FP,12.854
2003-09-09,OTH FP,12.863
2003-09-10,OTH FP,12.863
2003-09-11,OTH FP,12.857
2003-09-12,OTH FP,12.857
2003-09-13,OTH FP,12.886
2003-09-14,OTH FP,12.886
2003-09-15,OTH FP,12.825
2003-09-16,OTH FP,12.825
2003-09-17,OTH FP,12.773
2003-09-18,OTH FP,12.773
2003-09-19,OTH FP,12.656
2003-09-20,OTH FP,12.656
2003-09-21,OTH FP,12.6
2003-09-22,OTH FP,12.6
2003-09-23,OTH FP,12.54
2003-09-24,OTH FP,12.54
2003-09-25,OTH FP,12.472
2003-09-26,OTH FP,12.472
2003-09-27,OTH FP,12.421
2003-09-28,OTH FP,12.421
2003-09-29,OTH FP,12.409
2003-09-30,OTH FP,12.409
2003-10-01,OTH FP,12.414
2003-10-02,OTH FP,12.414
2003-10-03,OTH FP,12.421
2003-10-04,OTH FP,12.421
2003-10-05,OTH FP,12.419
2003-10-06,OTH FP,12.419
2003-10-07,OTH FP,12.423
2003-10-08,OTH FP,12.423
2003-10-09,OTH FP,12.43
2003-10-10,OTH FP,12.43
2003-10-11,OTH FP,12.452
2003-10-12,OTH FP,12.452
2003-10-13,OTH FP,12.484
2003-10-14,OTH FP,12.484
2003-10-15,OTH FP,12.512
2003-10-16,OTH FP,12.512
2003-10-17,OTH FP,12.568
2003-10-18,OTH FP,12.568
2003-10-19,OTH FP,12.545
2003-10-20,OTH FP,12.545
2003-10-21,OTH FP,12.521
2003-10-22,OTH FP,12.521
2003-10-23,OTH FP,12.492
2003-10-24,OTH FP,12.492
2003-10-25,OTH FP,12.468
2003-10-26,OTH FP,12.468
2003-10-27,OTH FP,12.441
2003-10-28,OTH FP,12.441
2003-10-29,OTH FP,12.413
2003-10-30,OTH FP,12.413
2003-10-31,OTH FP,12.436
2003-11-01,OTH FP,12.436
2003-11-02,OTH FP,12.571
2003-11-03,OTH FP,12.571
2003-11-04,OTH FP,12.707
2003-11-05,OTH FP,12.707
2003-11-06,OTH FP,12.852
2003-11-07,OTH FP,12.852
2003-11-08,OTH FP,13.0
2003-11-09,OTH FP,13.0
2003-11-10,OTH FP,13.124
2003-11-11,OTH FP,13.124
2003-11-12,OTH FP,13.274
2003-11-13,OTH FP,13.274
2003-11-14,OTH FP,13.383
2003-11-15,OTH FP,13.383
2003-11-16,OTH FP,13.381
2003-11-17,OTH FP,13.381
2003-11-18,OTH FP,13.419
2003-11-19,OTH FP,13.419
2003-11-20,OTH FP,13.446
2003-11-21,OTH FP,13.446
2003-11-22,OTH FP,13.451
2003-11-23,OTH FP,13.451
2003-11-24,OTH FP,13.466
2003-11-25,OTH FP,13.466
2003-11-26,OTH FP,13.512
2003-11-27,OTH FP,13.512
2003-11-28,OTH FP,13.523
2003-11-29,OTH FP,13.523
2003-11-30,OTH FP,13.567
2003-12-01,OTH FP,13.567
2003-12-02,OTH FP,10.357
2003-12-03,OTH FP,10.357
2003-12-04,OTH FP,10.36
2003-12-05,OTH FP,10.36
2003-12-06,OTH FP,10.365
2003-12-07,OTH FP,10.365
2003-12-08,OTH FP,10.24
2003-12-09,OTH FP,10.24
2003-12-10,OTH FP,10.124
2003-12-11,OTH FP,10.124
2003-12-12,OTH FP,10.036
2003-12-13,OTH FP,10.036
2003-12-14,OTH FP,10.024
2003-12-15,OTH FP,10.024
2003-12-16,OTH FP,9.997
2003-12-17,OTH FP,9.997
2003-12-18,OTH FP,9.991
2003-12-19,OTH FP,9.991
2003-12-20,OTH FP,10.002
2003-12-21,OTH FP,10.002
2003-12-22,OTH FP,9.986
2003-12-23,OTH FP,9.986
2003-12-24,OTH FP,10.009
2003-12-25,OTH FP,10.009
2003-12-26,OTH FP,10.0
2003-12-27,OTH FP,10.0
2003-12-28,OTH FP,10.002
2003-12-29,OTH FP,10.002
2003-12-30,OTH FP,9.995
2003-12-31,OTH FP,9.995
2004-01-01,OTH FP,9.988
2004-01-02,OTH FP,9.988
2004-01-03,OTH FP,9.979
2004-01-04,OTH FP,9.979
2004-01-05,OTH FP,9.951
2004-01-06,OTH FP,9.951
2004-01-07,OTH FP,9.975
2004-01-08,OTH FP,9.975
2004-01-09,OTH FP,10.01
2004-01-10,OTH FP,10.01
2004-01-11,OTH FP,10.051
2004-01-12,OTH FP,10.051
2004-01-13,OTH FP,10.093
2004-01-14,OTH FP,10.093
2004-01-15,OTH FP,10.155
2004-01-16,OTH FP,10.155
2004-01-17,OTH FP,10.204
2004-01-18,OTH FP,10.204
2004-01-19,OTH FP,10.167
2004-01-20,OTH FP,10.167
2004-01-21,OTH FP,10.103
2004-01-22,OTH FP,10.103
2004-01-23,OTH FP,10.062
2004-01-24,OTH FP,10.062
2004-01-25,OTH FP,10.008
2004-01-26,OTH FP,10.008
2004-01-27,OTH FP,9.949
2004-01-28,OTH FP,9.949
2004-01-29,OTH FP,9.889
2004-01-30,OTH FP,9.889
2004-01-31,OTH FP,9.822
2004-02-01,OTH FP,9.822
2004-02-02,OTH FP,9.757
2004-02-03,OTH FP,9.757
2004-02-04,OTH FP,9.698
2004-02-05,OTH FP,9.698
2004-02-06,OTH FP,9.647
2004-02-07,OTH FP,9.647
2004-02-08,OTH FP,9.558
2004-02-09,OTH FP,9.558
2004-02-10,OTH FP,9.461
2004-02-11,OTH FP,9.461
2004-02-12,OTH FP,9.356
2004-02-13,OTH FP,9.356
2004-02-14,OTH FP,9.273
2004-02-15,OTH FP,9.273
2004-02-16,OTH FP,9.181
2004-02-17,OTH FP,9.181
2004-02-18,OTH FP,9.09
2004-02-19,OTH FP,9.09
2004-02-20,OTH FP,9.021
2004-02-21,OTH FP,9.021
2004-02-22,OTH FP,9.006
2004-02-23,OTH FP,9.006
2004-02-24,OTH FP,8.971
2004-02-25,OTH FP,8.971
2004-02-26,OTH FP,8.934
2004-02-27,OTH FP,8.934
2004-02-28,OTH FP,8.915
2004-02-29,OTH FP,8.915
2004-03-01,OTH FP,8.837
2004-03-02,OTH FP,8.837
2004-03-03,OTH FP,8.787
2004-03-04,OTH FP,8.787
2004-03-05,OTH FP,8.718
2004-03-06,OTH FP,8.718
2004-03-07,OTH FP,8.688
2004-03-08,OTH FP,8.688
2004-03-09,OTH FP,8.692
2004-03-10,OTH FP,8.692
2004-03-11,OTH FP,8.658
2004-03-12,OTH FP,8.658
2004-03-13,OTH FP,8.628
2004-03-14,OTH FP,8.628
2004-03-15,OTH FP,8.586
2004-03-16,OTH FP,8.586
2004-03-17,OTH FP,8.559
2004-03-18,OTH FP,8.559
2004-03-19,OTH FP,8.47
2004-03-20,OTH FP,8.47
2004-03-21,OTH FP,8.527
2004-03-22,OTH FP,8.527
2004-03-23,OTH FP,8.593
2004-03-24,OTH FP,8.593
2004-03-25,OTH FP,8.642
2004-03-26,OTH FP,8.642
2004-03-27,OTH FP,8.718
2004-03-28,OTH FP,8.718
2004-03-29,OTH FP,8.794
2004-03-30,OTH FP,8.794
2004-03-31,OTH FP,8.853
2004-04-01,OTH FP,8.853
2004-04-02,OTH FP,8.935
2004-04-03,OTH FP,8.935
2004-04-04,OTH FP,9.017
2004-04-05,OTH FP,9.017
2004-04-06,OTH FP,9.092
2004-04-07,OTH FP,9.092
2004-04-08,OTH FP,8.944
2004-04-09,OTH FP,8.944
2004-04-10,OTH FP,8.809
2004-04-11,OTH FP,8.809
2004-04-12,OTH FP,8.706
2004-04-13,OTH FP,8.706
2004-04-14,OTH FP,8.565
2004-04-15,OTH FP,8.565
2004-04-16,OTH FP,8.494
2004-04-17,OTH FP,8.494
2004-04-18,OTH FP,8.482
2004-04-19,OTH FP,8.482
2004-04-20,OTH FP,8.467
2004-04-21,OTH FP,8.467
2004-04-22,OTH FP,8.457
2004-04-23,OTH FP,8.457
2004-04-24,OTH FP,8.434
2004-04-25,OTH FP,8.434
2004-04-26,OTH FP,8.398
2004-04-27,OTH FP,8.398
2004-04-28,OTH FP,8.372
2004-04-29,OTH FP,8.372
2004-04-30,OTH FP,8.391
2004-05-01,OTH FP,8.391
2004-05-02,OTH FP,8.348
2004-05-03,OTH FP,8.348
2004-05-04,OTH FP,8.329
2004-05-05,OTH FP,8.329
2004-05-06,OTH FP,8.306
2004-05-07,OTH FP,8.306
2004-05-08,OTH FP,8.271
2004-05-09,OTH FP,8.271
2004-05-10,OTH FP,8.247
2004-05-11,OTH FP,8.247
2004-05-12,OTH FP,8.22
2004-05-13,OTH FP,8.22
2004-05-14,OTH FP,8.179
2004-05-15,OTH FP,8.179
2004-05-16,OTH FP,8.149
2004-05-17,OTH FP,8.149
2004-05-18,OTH FP,8.06
2004-05-19,OTH FP,8.06
2004-05-20,OTH FP,7.983
2004-05-21,OTH FP,7.983
2004-05-22,OTH FP,7.907
2004-05-23,OTH FP,7.907
2004-05-24,OTH FP,7.885
2004-05-25,OTH FP,7.885
2004-05-26,OTH FP,7.881
2004-05-27,OTH FP,7.881
2004-05-28,OTH FP,7.842
2004-05-29,OTH FP,7.842
2004-05-30,OTH FP,7.804
2004-05-31,OTH FP,7.804
2004-06-01,OTH FP,7.75
2004-06-02,OTH FP,7.75
2004-06-03,OTH FP,7.719
2004-06-04,OTH FP,7.719
2004-06-05,OTH FP,7.664
2004-06-06,OTH FP,7.664
2004-06-07,OTH FP,7.62
2004-06-08,OTH FP,7.62
2004-06-09,OTH FP,7.572
2004-06-10,OTH FP,7.572
2004-06-11,OTH FP,7.55
2004-06-12,OTH FP,7.55
2004-06-13,OTH FP,7.521
2004-06-14,OTH FP,7.521
2004-06-15,OTH FP,7.503
2004-06-16,OTH FP,7.503
2004-06-17,OTH FP,7.471
2004-06-18,OTH FP,7.471
2004-06-19,OTH FP,7.446
2004-06-20,OTH FP,7.446
2004-06-21,OTH FP,7.441
2004-06-22,OTH FP,7.441
2004-06-23,OTH FP,7.415
2004-06-24,OTH FP,7.415
2004-06-25,OTH FP,7.442
2004-06-26,OTH FP,7.442
2004-06-27,OTH FP,7.44
2004-06-28,OTH FP,7.44
2004-06-29,OTH FP,7.468
2004-06-30,OTH FP,7.468
2004-07-01,OTH FP,7.507
2004-07-02,OTH FP,7.507
2004-07-03,OTH FP,7.494
2004-07-04,OTH FP,7.494
2004-07-05,OTH FP,7.488
2004-07-06,OTH FP,7.488
2004-07-07,OTH FP,7.481
2004-07-08,OTH FP,7.481
2004-07-09,OTH FP,7.466
2004-07-10,OTH FP,7.466
2004-07-11,OTH FP,7.447
2004-07-12,OTH FP,7.447
2004-07-13,OTH FP,7.575
2004-07-14,OTH FP,7.575
2004-07-15,OTH FP,7.698
2004-07-16,OTH FP,7.698
2004-07-17,OTH FP,7.824
2004-07-18,OTH FP,7.824
2004-07-19,OTH FP,7.907
2004-07-20,OTH FP,7.907
2004-07-21,OTH FP,7.997
2004-07-22,OTH FP,7.997
2004-07-23,OTH FP,8.046
2004-07-24,OTH FP,8.046
2004-07-25,OTH FP,8.113
2004-07-26,OTH FP,8.113
2004-07-27,OTH FP,8.182
2004-07-28,OTH FP,8.182
2004-07-29,OTH FP,8.263
2004-07-30,OTH FP,8.263
2004-07-31,OTH FP,8.355
2004-08-01,OTH FP,8.355
2004-08-02,OTH FP,8.496
2004-08-03,OTH FP,8.496
2004-08-04,OTH FP,8.619
2004-08-05,OTH FP,8.619
2004-08-06,OTH FP,8.75
2004-08-07,OTH FP,8.75
2004-08-08,OTH FP,8.832
2004-08-09,OTH FP,8.832
2004-08-10,OTH FP,8.916
2004-08-11,OTH FP,8.916
2004-08-12,OTH FP,8.991
2004-08-13,OTH FP,8.991
2004-08-14,OTH FP,9.067
2004-08-15,OTH FP,9.067
2004-08-16,OTH FP,9.009
2004-08-17,OTH FP,9.009
2004-08-18,OTH FP,8.935
2004-08-19,OTH FP,8.935
2004-08-20,OTH FP,8.874
2004-08-21,OTH FP,8.874
2004-08-22,OTH FP,8.761
2004-08-23,OTH FP,8.761
2004-08-24,OTH FP,8.614
2004-08-25,OTH FP,8.614
2004-08-26,OTH FP,8.493
2004-08-27,OTH FP,8.493
2004-08-28,OTH FP,8.44
2004-08-29,OTH FP,8.44
2004-08-30,OTH FP,8.101
2004-08-31,OTH FP,8.101
2004-09-01,OTH FP,7.755
2004-09-02,OTH FP,7.755
2004-09-03,OTH FP,7.387
2004-09-04,OTH FP,7.387
2004-09-05,OTH FP,7.382
2004-09-06,OTH FP,7.382
2004-09-07,OTH FP,7.372
2004-09-08,OTH FP,7.372
2004-09-09,OTH FP,7.362
2004-09-10,OTH FP,7.362
2004-09-11,OTH FP,7.351
2004-09-12,OTH FP,7.351
2004-09-13,OTH FP,7.291
2004-09-14,OTH FP,7.291
2004-09-15,OTH FP,7.24
2004-09-16,OTH FP,7.24
2004-09-17,OTH FP,7.401
2004-09-18,OTH FP,7.401
2004-09-19,OTH FP,7.581
2004-09-20,OTH FP,7.581
2004-09-21,OTH FP,7.532
2004-09-22,OTH FP,7.532
2004-09-23,OTH FP,7.55
2004-09-24,OTH FP,7.55
2004-09-25,OTH FP,7.564
2004-09-26,OTH FP,7.564
2004-09-27,OTH FP,7.463
2004-09-28,OTH FP,7.463
2004-09-29,OTH FP,7.37
2004-09-30,OTH FP,7.37
2004-10-01,OTH FP,7.299
2004-10-02,OTH FP,7.299
2004-10-03,OTH FP,7.719
2004-10-04,OTH FP,7.719
2004-10-05,OTH FP,7.574
2004-10-06,OTH FP,7.574
2004-10-07,OTH FP,7.314
2004-10-08,OTH FP,7.314
