ALP FP,38.67
LNP FP,43.845000000000006
GRN FP,12.675254237288135
UAP FP,2.8118918918918925
OTH FP,7.120727272727272
xOTH FP,7.433785714285714
@TPP,49.3525
