ALP FP,38.39
LNP FP,43.55500000000001
GRN FP,9.485762711864407
UAP FP,8.598648648648648
OTH FP,13.046181818181818
xOTH FP,7.8757142857142854
@TPP,49.3525
