ALP FP,39.78
LNP FP,44.02
GRN FP,7.890000000142438
OTH FP,8.4700000008181
xOTH FP,6.90999999999817
@TPP,49.166666666666664
