ALP FP,39.78
LNP FP,44.02
GRN FP,7.85288259413081
OTH FP,8.539989081340806
xOTH FP,6.909999999997115
@TPP,49.166666666666664
