Firm,Day,OTH FP,OTH FP adj
Essential,1,11.0,10.47719819218474
Essential,93,14.0,13.47719819218474
Galaxy,446,11.0,10.633038869607244
Essential,550,13.0,12.47719819218474
Painted Dog,1097,13.0,12.454962163841973
ReachTEL,1375,12.3,11.423190638610212
Newspoll2,1375,8.0,8.133191844345989
Newspoll2,1394,8.0,8.133191844345989
