Firm,Day,KAP FP,KAP FP adj
Essential,1,2.0,2.1832043750010692
Galaxy,330,4.0,4.09137849132644
Galaxy,426,4.0,4.09137849132644
Galaxy,902,3.0,3.114281603337949
Galaxy,1018,2.0,2.1206165066602813
SMS Morgan,1041,2.0,2.115428164965772
