Firm,Day,ONP FP,ONP FP adj
Essential,1,5.0,4.882220331118653
Essential,93,8.0,7.882220331118653
Essential,550,7.0,6.882220331118653
Painted Dog,1097,7.0,7.023098203801808
ReachTEL,1375,6.9,6.704799105889026
Newspoll2,1375,3.0,3.0000039904278646
Newspoll2,1394,2.0,2.0000039904278646
