Firm,Day,@TPP,@TPP adj,@TPP reported
Essential,1,55.530693069306935,55.16778641196739,55.0
Essential,93,54.08514851485149,53.722241857511946,54.0
Galaxy,446,54.324999999999996,54.18567380741108,54.0
Essential,550,57.11000000000001,56.74709334266046,57.0
Painted Dog,1097,65.11,64.74154719671053,66.0
ReachTEL,1375,58.754000000000005,60.97407120142252,61.0
Newspoll2,1375,69.015,65.77678894483499,68.0
Newspoll2,1394,67.992,64.753788944835,66.0
