Firm,Day,KAP FP,KAP FP adj
Galaxy,883,4.0,4.012709086135985
Galaxy,951,4.0,4.013036897479169
Galaxy,972,5.0,5.013036897479169
Galaxy,1001,8.0,8.01303689747917
Newspoll,1007,9.0,8.947856616200815
