Firm,Day,ALP FP,ALP FP adj
Essential,1,44.0,43.863087390111666
Essential,93,39.0,38.863087390111666
Galaxy,446,40.0,39.907751799097234
Essential,550,41.0,40.863087390111666
Painted Dog,1097,49.0,48.850225214487494
ReachTEL,1375,46.8,48.9360228735881
Newspoll2,1375,59.0,54.649372754386775
Newspoll2,1394,57.0,52.649372754386775
