Firm,Day,NAT FP,NAT FP adj
Essential,1,4.0,4.112514230292572
Essential,93,4.0,4.112514230292572
Galaxy,446,6.0,5.93426414479196
Essential,550,4.0,4.112514230292572
Painted Dog,1097,4.0,4.052527574470742
ReachTEL,1375,5.1,4.89922015144671
Newspoll2,1375,2.0,1.9999512623512175
Newspoll2,1394,3.0,2.9999512623512175
