Firm,Day,OTH FP,OTH FP adj
Essential,1,11.0,10.911792524191194
Essential,93,14.0,13.911792524191194
Galaxy,446,11.0,11.127584715728371
Essential,550,13.0,12.911792524191194
Painted Dog,1097,13.0,13.004977047988236
ReachTEL,1375,12.3,11.993764032758573
Newspoll2,1375,8.0,8.00003143848928
Newspoll2,1394,8.0,8.00003143848928
