Firm,Day,ONP FP,ONP FP adj
ReachTEL,650,16.3,15.993387762889741
Newspoll2,690,8.0,8.472815734626764
ReachTEL,908,8.2,7.893387762889739
ReachTEL,1069,5.4,5.09338776288974
ReachTEL,1258,4.5,4.2790505461365065
Galaxy,1328,8.0,8.202152586790989
ReachTEL,1329,7.7,7.567617152544181
Newspoll2,1387,6.0,6.118273531312685
Essential,1404,8.0,7.902751434521593
ReachTEL,1426,5.9,5.767617152544181
Newspoll2,1429,5.0,5.118273531312685
Galaxy,1435,1.0,1.2021525867909884
