Firm,Day,LNP FP,LNP FP adj
Galaxy,1,42.0,42.0081834379721
Galaxy,364,39.0,39.0081834379721
Galaxy,553,46.0,46.0081834379721
Galaxy,715,43.0,43.0081834379721
Dynata,830,38.0,37.99070968050592
Dynata,1061,35.0,35.02095278034806
Newspoll2,1074,37.0,36.75914549385323
Galaxy,1091,33.0,33.09627789880013
Newspoll2,1095,38.0,37.75914549385323
