Firm,Day,NAT FP,NAT FP adj
Essential,1,4.0,4.065875420295091
Essential,93,4.0,4.065875420295091
Galaxy,446,6.0,5.8778065887632565
Essential,550,4.0,4.065875420295091
Painted Dog,1097,4.0,3.991391965578522
ReachTEL,1375,5.1,4.708773428083912
Newspoll2,1375,2.0,2.3677700388217575
Newspoll2,1394,3.0,3.3677700388217575
