Firm,Day,OTH FP,OTH FP adj
Galaxy,1,17.0,17.009722586203782
Galaxy,364,12.0,12.009722586203782
Galaxy,553,9.0,9.009722586203782
Galaxy,715,11.0,11.009722586203782
Dynata,830,17.0,16.7971098589428
Dynata,1061,21.0,20.66604600491583
Newspoll2,1074,14.0,14.205610631644218
Galaxy,1091,15.0,14.917781202023983
Newspoll2,1095,12.0,12.205610631644218
