Firm,Day,GRN FP,GRN FP adj
F2F Morgan,1,4.0,3.987095572121563
F2F Morgan,62,3.5,3.481336752197047
Newspoll,62,4.0,4.0362042692808995
F2F Morgan,123,4.5,4.468326084960178
Newspoll,154,4.0,4.07805085771057
F2F Morgan,184,4.0,3.961500816901492
F2F Morgan,215,4.5,4.461500816901491
Newspoll,232,3.0,3.078505711932632
F2F Morgan,246,4.0,3.961500816901492
F2F Morgan,254,2.0,1.9615008169014918
Advertiser,267,2.3,2.1431502264816342
Advertiser,274,6.8,6.643150226481634
Newspoll,275,4.0,4.078505711932632
