Firm,Day,OTH FP,OTH FP adj
Essential,1,11.0,10.88473025149498
Essential,93,14.0,13.88473025149498
Galaxy,446,11.0,11.114112771264674
Essential,550,13.0,12.88473025149498
Painted Dog,1097,13.0,12.967261393107473
ReachTEL,1375,12.3,11.979751328429444
Newspoll2,1375,8.0,8.000060600694521
Newspoll2,1394,8.0,8.000060600694521
