Firm,Day,LNP FP,LNP FP adj
Galaxy,1,42.0,42.00861702321038
Galaxy,364,39.0,39.00861702321038
Galaxy,553,46.0,46.00861702321038
Galaxy,715,43.0,43.00861702321038
Dynata,830,38.0,37.98411919073204
Dynata,1061,35.0,35.03799622661703
Newspoll2,1074,37.0,36.74623076134036
Galaxy,1091,33.0,33.10151264155958
Newspoll2,1095,38.0,37.74623076134036
