Firm,Day,OTH FP,OTH FP adj
ResolvePM,1,16.0,15.876664578113083
ResolvePM,62,17.0,16.876664578113083
ResolvePM,126,17.0,16.876664578113083
ResolvePM,185,18.0,17.876664578113083
ResolvePM,277,21.0,20.876664578113083
ResolvePM,489,17.0,16.62810326422184
Essential,495,11.6091954,12.350912166633698
Newspoll2,509,13.0,13.36184013891135
Freshwater,533,17.0,16.9272574332068
ResolvePM,550,16.0,15.62810326422184
