Firm,Day,KAP FP,KAP FP adj
Galaxy,883,4.0,4.01786906818794
Galaxy,951,4.0,4.01832556887827
Galaxy,972,5.0,5.01832556887827
Galaxy,1001,8.0,8.01832556887827
Newspoll,1007,9.0,8.926634050030284
