Firm,Day,OTH FP,OTH FP adj
Newspoll,732,16.0,15.979281128567639
Newspoll,793,16.0,15.979281128567639
Newspoll,855,17.0,16.97928112856764
Newspoll,914,14.0,13.979281128567639
Newspoll,975,16.0,15.979281128567639
Newspoll,1036,17.0,16.97932170691799
Newspoll,1097,15.0,14.979675318256756
Newspoll,1158,17.0,16.979976757430787
Newspoll,1220,15.0,14.979976757430787
Nielsen,1268,12.0,12.050288511687489
Galaxy,1268,12.0,12.049826239145842
