Firm,Day,ALP FP,ALP FP adj
Galaxy,1,37.0,37.01134314146227
Galaxy,364,38.0,38.01134314146227
Galaxy,553,35.0,35.01134314146227
Galaxy,715,36.0,36.01134314146227
Dynata,830,34.0,34.04056312618702
Dynata,1061,37.0,37.10270789503138
Newspoll2,1074,39.0,38.880930498353926
