Firm,Day,ALP FP,ALP FP adj
Essential,1,44.0,43.98961079354669
Essential,93,39.0,38.98961079354669
Galaxy,446,40.0,40.00090831334517
Essential,550,41.0,40.98961079354669
Painted Dog,1097,49.0,49.007267155397486
ReachTEL,1375,46.8,47.61775787769318
Newspoll2,1375,59.0,58.99998384403142
Newspoll2,1394,57.0,56.99998384403142
