Firm,Day,ONP FP,ONP FP adj
SMS Morgan,1005,5.0,5.155701595168978
SMS Morgan,1066,6.0,6.174431514276213
ReachTEL,1154,10.8,10.89563093297841
Newspoll2,1173,13.0,12.795021076175052
Essential,1188,11.0,11.064640064922845
ReachTEL,1188,11.7,11.795630932978408
ReachTEL,1202,8.5,8.595630932978409
Galaxy,1203,9.0,8.962753466237206
Newspoll2,1209,8.0,7.795021076175051
ReachTEL,1210,6.8,6.895630932978409
