Firm,Day,GRN FP,GRN FP adj
Essential,1,9.0,8.844604365837114
Essential,93,12.0,11.844604365837114
Galaxy,446,11.0,11.07221807753411
Essential,550,13.0,12.844604365837114
Painted Dog,1097,13.0,12.965396149799355
ReachTEL,1375,8.3,8.304413065116474
Newspoll2,1375,8.0,8.000002037401961
Newspoll2,1394,9.0,9.000002037401961
