Firm,Day,@TPP,@TPP adj,@TPP reported
Galaxy,1,50.187000000000005,50.19380319813813,48.0
Galaxy,364,51.875,51.88180319813812,53.0
Galaxy,553,46.7036,46.710403198138124,47.0
Galaxy,715,48.646,48.65280319813812,49.0
Dynata,830,49.3708,49.41712491525174,49.0
Dynata,1061,51.9438,51.97572109652275,51.0
Newspoll2,1074,52.8676,52.825679392935015,53.0
