Firm,Day,OTH FP,OTH FP adj
Galaxy,1,17.0,17.000924710663707
Galaxy,364,12.0,12.000924710663707
Galaxy,553,9.0,9.000924710663707
Galaxy,715,11.0,11.000924710663707
Dynata,830,17.0,16.862596130084935
Dynata,1061,21.0,20.732407329583662
Newspoll2,1074,14.0,14.185842369274498
Galaxy,1091,15.0,14.9256644967323
Newspoll2,1095,12.0,12.185842369274498
