Firm,Day,UAP FP,UAP FP adj
ReachTEL,1040,2.0,2.0141945378241726
ReachTEL,1062,1.7,1.7141945378241725
ReachTEL,1078,1.8,1.8141945378241726
ReachTEL,1084,1.7,1.7141945378241725
ReachTEL,1101,2.4,2.4141945378241725
Morgan multi-mode,1103,4.0,3.9482030492417004
Morgan multi-mode,1106,4.0,3.9482030492417004
ReachTEL,1108,4.4,4.414194537824173
Galaxy,1108,5.0,5.00003130296896
ReachTEL,1109,6.1,6.114194537824172
ReachTEL,1110,7.0,7.014194537824173
Morgan multi-mode,1110,6.5,6.448203049241701
