Firm,Day,ALP FP,ALP FP adj
Galaxy,1,37.0,37.0091566887751
Galaxy,364,38.0,38.0091566887751
Galaxy,553,35.0,35.0091566887751
Galaxy,715,36.0,36.0091566887751
Dynata,830,34.0,34.059445109961544
Dynata,1061,37.0,37.0790027182601
Newspoll2,1074,39.0,38.99742851695519
Galaxy,1091,41.0,41.00108058131018
Newspoll2,1095,41.0,40.99742851695519
