Firm,Day,KAP FP,KAP FP adj
Essential,1,2.0,2.1113574508225614
Galaxy,330,4.0,3.9999381309318687
Galaxy,426,4.0,3.9999381309318687
Galaxy,902,3.0,2.999944702183357
Galaxy,1018,2.0,1.999946519763556
Morgan SMS,1041,2.0,1.9507765616352737
