Firm,Day,KAP FP,KAP FP adj
Galaxy,883,4.0,4.009293958116116
Galaxy,951,4.0,4.009605892520266
Galaxy,972,5.0,5.009605892520266
Galaxy,1001,8.0,8.009605892520266
Morgan Phone,1007,8.5,8.467774649227284
Newspoll,1007,9.0,8.937411418723693
