Firm,Day,LNP FP,LNP FP adj
Galaxy,1,42.0,41.9890877873091
Galaxy,364,39.0,38.9890877873091
Galaxy,553,46.0,45.9890877873091
Galaxy,715,43.0,42.9890877873091
Dynata,830,38.0,38.08471342666349
Dynata,1061,35.0,35.13245667079945
Newspoll2,1074,37.0,36.97654509195012
