Firm,Day,ALP FP,ALP FP adj
Newspoll2,1,39.0,38.994070228255865
Newspoll2,126,34.0,34.13301559261601
ResolvePM,233,37.0,36.794935481329034
Newspoll2,287,34.0,34.20512647791685
