Firm,Day,GRN FP,GRN FP adj
Essential,1,9.0,8.672963883055226
Essential,93,12.0,11.672963883055226
Galaxy,446,11.0,10.933842532471008
Essential,550,13.0,12.672963883055226
Painted Dog,1097,13.0,12.691993672259848
ReachTEL,1375,8.3,8.0430750011959
Newspoll2,1375,8.0,7.906775324356818
Newspoll2,1394,9.0,8.906775324356818
