Firm,Day,ALP FP,ALP FP adj
Essential,1,44.0,43.93865602503822
Essential,93,39.0,38.93865602503822
Galaxy,446,40.0,39.98716324830638
Essential,550,41.0,40.93865602503822
Painted Dog,1097,49.0,49.102569610822044
ReachTEL,1375,46.8,47.78064821855339
Newspoll2,1375,59.0,59.00004795455358
Newspoll2,1394,57.0,57.00004795455358
