Firm,Day,UAP FP,UAP FP adj
ReachTEL,1040,2.0,2.2123294733822156
ReachTEL,1062,1.7,1.9123294733822156
ReachTEL,1078,1.8,2.0123294733822155
ReachTEL,1084,1.7,1.9123294733822156
ReachTEL,1101,2.4,2.6123294733822156
Morgan multi-mode,1103,4.0,4.10720823744903
Morgan multi-mode,1106,4.0,4.10720823744903
ReachTEL,1108,4.4,4.612329473382216
Galaxy,1108,5.0,5.159821842134188
ReachTEL,1109,6.1,6.312329473382215
ReachTEL,1110,7.0,7.212329473382216
Morgan multi-mode,1110,6.5,6.60720823744903
