Firm,Day,ONP FP,ONP FP adj
Newspoll2,1,8.0,7.87792601324237
Newspoll2,126,10.0,9.685944061749213
ResolvePM,233,6.0,6.413725238479043
Newspoll2,287,11.0,10.58630785907555
