Firm,Day,OTH FP,OTH FP adj
Newspoll2,1,13.0,13.059014887040146
Newspoll2,126,14.0,14.102284192342152
ResolvePM,233,17.0,16.87530384110102
Newspoll2,287,15.0,15.124740414081167
