Firm,Day,ONP FP,ONP FP adj
ReachTEL,650,16.3,15.980897505209699
Newspoll2,690,8.0,8.468734107879747
ReachTEL,908,8.2,7.880897505209696
ReachTEL,1069,5.4,5.080897505209697
ReachTEL,1258,4.5,4.270970482847342
Galaxy,1328,8.0,8.199038845736194
ReachTEL,1329,7.7,7.564096781760839
Newspoll2,1387,6.0,6.1283387579234185
Essential,1404,8.0,7.89597246359728
ReachTEL,1426,5.9,5.7640967817608395
Newspoll2,1429,5.0,5.1283387579234185
Galaxy,1435,1.0,1.1990388457361931
