Firm,Day,@TPP,@TPP adj,@TPP reported
Essential,1,56.486000000000004,56.393206356820315,55.0
Essential,93,55.026,54.933206356820314,54.0
Galaxy,446,54.265915151753774,54.418196135873885,54.0
Essential,550,57.510000000000005,57.417206356820316,57.0
Painted Dog,1097,65.51,65.51257846254651,66.0
ReachTEL,1375,59.264,59.966901971856416,61.0
Newspoll2,1375,69.215,69.2149772873163,68.0
Newspoll2,1394,68.292,68.2919772873163,66.0
