Firm,Day,@TPP,@TPP adj,@TPP reported
Essential,1,55.92673267326733,55.776967918092886,55.0
Essential,93,54.481188118811886,54.33142336363744,54.0
Galaxy,446,54.30527998445518,54.405635123271516,54.0
Essential,550,57.510000000000005,57.36023524482556,57.0
Painted Dog,1097,65.51,65.52991220923194,66.0
ReachTEL,1375,59.264,59.932538015734146,61.0
Newspoll2,1375,69.215,69.21498959092429,68.0
Newspoll2,1394,68.292,68.29198959092429,66.0
