Firm,Day,@TPP,@TPP adj,@TPP reported
Galaxy,1,48.72524271844661,48.7113541143684,48.0
Galaxy,364,51.875,51.86111139592179,53.0
Galaxy,553,46.7036,46.68971139592179,47.0
Galaxy,715,48.646,48.63211139592179,49.0
Dynata,830,49.86949494949495,49.87212328703771,49.0
Dynata,1061,51.9438,51.97312155938632,51.0
Newspoll2,1074,52.8676,53.010613592232005,53.0
Galaxy,1091,56.071,56.01385764479124,56.0
Newspoll2,1095,53.205799999999996,53.348813592232,54.0
