Firm,Day,LIB FP,LIB FP adj
Essential,1,33.0,33.16849155740503
Essential,93,32.0,32.16849155740503
Galaxy,446,32.0,31.908590820447575
Essential,550,29.0,29.168491557405023
Painted Dog,1097,21.0,21.19661683220587
ReachTEL,1375,27.5,27.194082295891803
Newspoll2,1375,23.0,23.000043572691677
Newspoll2,1394,23.0,23.000043572691677
