Firm,Day,LNP FP,LNP FP adj
Galaxy,1,42.0,42.44949047255672
Galaxy,364,39.0,39.44949047255672
Galaxy,553,46.0,46.44949047255672
Galaxy,715,43.0,43.44949047255672
Dynata,830,38.0,38.67934927481031
Dynata,1061,35.0,35.68606844054521
Newspoll2,1074,37.0,36.95881403166024
Galaxy,1091,33.0,33.64226975721685
Newspoll2,1095,38.0,37.95881403166024
