Firm,Day,@TPP,@TPP adj,@TPP reported
Galaxy,1,48.72524271844661,48.41688405345651,48.0
Galaxy,364,51.875,51.566641335009905,53.0
Galaxy,553,46.7036,46.395241335009906,47.0
Galaxy,715,48.646,48.337641335009906,49.0
Dynata,830,49.86949494949495,49.585563834516,49.0
Dynata,1061,51.9438,51.71774871667068,51.0
Newspoll2,1074,52.8676,52.78893219768827,53.0
Galaxy,1091,56.071,55.66157276449587,56.0
Newspoll2,1095,53.205799999999996,53.12713219768826,54.0
