Firm,Day,ALP FP,ALP FP adj
Galaxy,1,37.0,36.9132929579377
Galaxy,364,38.0,37.9132929579377
Galaxy,553,35.0,34.9132929579377
Galaxy,715,36.0,35.9132929579377
Dynata,830,34.0,34.11769608074985
Dynata,1061,37.0,37.09924964917792
Newspoll2,1074,39.0,38.92356220398091
Galaxy,1091,41.0,40.928217150561515
Newspoll2,1095,41.0,40.92356220398091
