Firm,Day,@TPP,@TPP adj,@TPP reported
Galaxy,1,50.187000000000005,50.19432542588891,48.0
Galaxy,364,51.875,51.88232542588891,53.0
Galaxy,553,46.7036,46.71092542588891,47.0
Galaxy,715,48.646,48.65332542588891,49.0
Dynata,830,49.3708,49.40436158258417,49.0
Dynata,1061,51.9438,51.9690600278555,51.0
Newspoll2,1074,52.8676,53.0035149426491,53.0
Galaxy,1091,56.071,56.016636191051745,56.0
Newspoll2,1095,53.205799999999996,53.34171494264909,54.0
