Firm,Day,ONP FP,ONP FP adj
SMS Morgan,1005,5.0,4.823063073622481
SMS Morgan,1066,6.0,5.897483239272571
ReachTEL,1154,10.8,10.522470668568888
Newspoll2,1173,13.0,12.252609485169124
Essential,1188,11.0,10.735411568095364
ReachTEL,1188,11.7,11.422470668568886
ReachTEL,1202,8.5,8.222470668568887
Galaxy,1203,9.0,8.670078991320452
Newspoll2,1209,8.0,7.252609485169124
ReachTEL,1210,6.8,6.522470668568887
