Firm,Day,GRN FP,GRN FP adj
Newspoll2,1,10.0,9.967448177199163
Newspoll2,126,14.0,13.838628666295566
ResolvePM,233,11.0,11.228242088355856
Newspoll2,287,13.0,12.77177297076332
