Firm,Day,OTH FP,OTH FP adj
Galaxy,1,17.0,17.01089268354414
Galaxy,364,12.0,12.01089268354414
Galaxy,553,9.0,9.01089268354414
Galaxy,715,11.0,11.01089268354414
Dynata,830,17.0,16.85476633589432
Dynata,1061,21.0,20.691144958254174
Newspoll2,1074,14.0,14.085128362773792
