Firm,Day,GRN FP,GRN FP adj
Essential,1,9.0,8.879367983956588
Essential,93,12.0,11.879367983956588
Galaxy,446,11.0,11.102591204544138
Essential,550,13.0,12.879367983956588
Painted Dog,1097,13.0,12.911511035459442
ReachTEL,1375,8.3,8.298378295547646
Newspoll2,1375,8.0,7.999970030961796
Newspoll2,1394,9.0,8.999970030961796
