Firm,Day,OTH FP,OTH FP adj
Galaxy,1,17.0,16.63479648913646
Galaxy,364,12.0,11.634796489136459
Galaxy,553,9.0,8.634796489136459
Galaxy,715,11.0,10.634796489136459
Dynata,830,17.0,16.13869721055702
Dynata,1061,21.0,19.858279927600993
Newspoll2,1074,14.0,13.788457923795885
Galaxy,1091,15.0,14.440774703163184
Newspoll2,1095,12.0,11.788457923795885
