Firm,Day,LNP FP,LNP FP adj
Newspoll2,1,38.0,37.940827038554055
Newspoll2,126,38.0,37.869683327376734
ResolvePM,233,35.0,35.167304487418264
Newspoll2,287,38.0,37.832760641829005
