Firm,Day,FF FP,FF FP adj
F2F Morgan,1,4.0,3.767522978787956
F2F Morgan,62,4.0,3.787502346252145
Newspoll,62,1.0,1.122929942233528
F2F Morgan,123,3.5,3.332640917189758
Newspoll,154,2.0,2.2292805372118716
F2F Morgan,184,5.5,5.356320167517686
F2F Morgan,215,3.5,3.3563201675176857
Newspoll,232,3.0,3.230436521939897
F2F Morgan,246,3.5,3.3563201675176857
F2F Morgan,254,2.0,1.8563201675176857
Advertiser,267,5.7,5.2392595274946485
Advertiser,274,8.0,7.539259527494648
Newspoll,275,3.0,3.230436521939897
