Firm,Day,ONP FP,ONP FP adj
Essential,1,5.0,4.439658709453502
Essential,93,8.0,7.439658709453502
Essential,550,7.0,6.439658709453502
Painted Dog,1097,7.0,6.401287334615954
ReachTEL,1375,6.9,5.781886986656574
Newspoll2,1375,3.0,2.9617246690245094
Newspoll2,1394,2.0,1.9617246690245094
