Firm,Day,GRN FP,GRN FP adj
Galaxy,1,7.0,6.980952642473042
Galaxy,364,11.0,10.980952642473042
Galaxy,553,10.0,9.980952642473042
Galaxy,715,10.0,9.980952642473042
Dynata,830,10.0,10.006134666036813
Dynata,1061,7.0,7.186870622806949
Newspoll2,1074,10.0,10.047438672206638
Galaxy,1091,11.0,10.981047878865091
Newspoll2,1095,9.0,9.047438672206638
