Firm,Day,UAP FP,UAP FP adj
ReachTEL,1040,2.0,2.0196104412659004
ReachTEL,1062,1.7,1.7196104412659003
ReachTEL,1078,1.8,1.8196104412659004
ReachTEL,1084,1.7,1.7196104412659003
ReachTEL,1101,2.4,2.4196104412659003
Morgan multi-mode,1103,4.0,3.967203747256377
Morgan multi-mode,1106,4.0,3.967203747256377
ReachTEL,1108,4.4,4.419610441265901
Galaxy,1108,5.0,5.000014838012327
ReachTEL,1109,6.1,6.1196104412659
ReachTEL,1110,7.0,7.0196104412659
Morgan multi-mode,1110,6.5,6.467203747256376
