Firm,Day,GRN FP,GRN FP adj
Galaxy,1,7.0,6.544834065259379
Galaxy,364,11.0,10.54483406525938
Galaxy,553,10.0,9.54483406525938
Galaxy,715,10.0,9.54483406525938
Dynata,830,10.0,9.553745243982831
Dynata,1061,7.0,6.883103251987889
Newspoll2,1074,10.0,9.682406196345031
Galaxy,1091,11.0,10.468461565133156
Newspoll2,1095,9.0,8.682406196345031
