Firm,Day,GRN FP,GRN FP adj
Galaxy,1,7.0,6.995804595836499
Galaxy,364,11.0,10.995804595836498
Galaxy,553,10.0,9.995804595836498
Galaxy,715,10.0,9.995804595836498
Dynata,830,10.0,10.016440735390672
Dynata,1061,7.0,7.18149043819957
Newspoll2,1074,10.0,9.990612952203213
