Firm,Day,LIB FP,LIB FP adj
Essential,1,33.0,33.22509471341539
Essential,93,32.0,32.22509471341539
Galaxy,446,32.0,31.971820216141044
Essential,550,29.0,29.225094713415384
Painted Dog,1097,21.0,21.086017162908593
ReachTEL,1375,27.5,27.20269089524697
Newspoll2,1375,23.0,22.999978363541707
Newspoll2,1394,23.0,22.999978363541707
