Firm,Day,GRN FP,GRN FP adj
Newspoll,732,8.0,8.003218981851163
Newspoll,793,7.0,7.0032189818511625
Newspoll,855,6.0,6.0032189818511625
Newspoll,914,6.0,6.0032189818511625
Newspoll,975,7.0,7.0032189818511625
Newspoll,1036,6.0,6.00393026718679
Newspoll,1097,7.0,7.010128610825827
Newspoll,1158,7.0,7.01541244474763
Newspoll,1220,7.0,7.01541244474763
Nielsen,1268,10.0,9.957228075710766
Galaxy,1268,10.0,9.965492596344754
