Firm,Day,@TPP,@TPP adj,@TPP reported
Newspoll2,1,51.586999999999996,51.636112374286014,52.0
Newspoll2,126,50.104,50.20978579653485,50.0
ResolvePM,233,51.89,51.75485744353152,nan
Newspoll2,287,49.58299999999999,49.7181985852969,50.0
