Firm,Day,SFF FP,SFF FP adj
ReachTEL,908,2.4,2.375964817254725
ReachTEL,1258,6.5,6.4635561103953965
ReachTEL,1329,3.4,3.3507267694052434
ReachTEL,1426,4.8,4.750726769405244
Galaxy,1435,3.0,3.0492875850168684
