Firm,Day,NAT FP,NAT FP adj
Essential,1,4.0,4.10899336656414
Essential,93,4.0,4.10899336656414
Galaxy,446,6.0,5.893452485114304
Essential,550,4.0,4.10899336656414
Painted Dog,1097,4.0,3.9355517845792964
ReachTEL,1375,5.1,5.033192758772355
Newspoll2,1375,2.0,1.9999640139248935
Newspoll2,1394,3.0,2.9999640139248935
