Firm,Day,ALP FP,ALP FP adj
Galaxy,1,37.0,36.99846771074645
Galaxy,364,38.0,37.99846771074645
Galaxy,553,35.0,34.99846771074645
Galaxy,715,36.0,35.99846771074645
Dynata,830,34.0,34.00473874021913
Dynata,1061,37.0,37.081149367571186
Newspoll2,1074,39.0,39.015275214695926
Galaxy,1091,41.0,40.99386460908462
Newspoll2,1095,41.0,41.015275214695926
