Firm,Day,ALP FP,ALP FP adj
ResolvePM,1,28.0,27.277286400879614
ResolvePM,62,28.0,27.277286400879614
ResolvePM,126,30.0,29.277286400879614
ResolvePM,185,31.0,30.277286400879614
ResolvePM,277,34.0,33.27728640087962
ResolvePM,489,43.0,41.781549466762655
Essential,495,36.7816092,36.418453626758364
Newspoll2,509,40.0,38.88187491622398
Freshwater,533,37.0,36.417225931472025
ResolvePM,550,38.0,36.781549466762655
