Firm,Day,GRN FP,GRN FP adj
ResolvePM,1,12.0,12.054094654512943
ResolvePM,62,12.0,12.054094654512943
ResolvePM,126,11.0,11.054094654512943
ResolvePM,185,10.0,10.054094654512943
ResolvePM,277,8.0,8.054094654512943
ResolvePM,489,10.0,10.067008287350646
Essential,495,9.770114943,9.987303914060025
Newspoll2,509,12.0,11.59852249065191
Freshwater,533,11.0,10.996697354138046
ResolvePM,550,11.0,11.067008287350646
