Firm,Day,GRN FP,GRN FP adj
Galaxy,1,7.0,6.985925855810606
Galaxy,364,11.0,10.985925855810606
Galaxy,553,10.0,9.985925855810606
Galaxy,715,10.0,9.985925855810606
Dynata,830,10.0,10.016788322372243
Dynata,1061,7.0,7.156732707041654
Newspoll2,1074,10.0,10.11034957618236
Galaxy,1091,11.0,10.955855050314934
Newspoll2,1095,9.0,9.11034957618236
