Firm,Day,KAP FP,KAP FP adj
Newspoll2,1,1.0,1.0027414014893063
Newspoll2,126,1.0,0.9996605445215816
ResolvePM,233,1.0,1.0019053379562213
