Firm,Day,SFF FP,SFF FP adj
ReachTEL,908,2.4,2.394787611610641
ReachTEL,1258,6.5,6.484146002561993
ReachTEL,1329,3.4,3.3731436610032217
ReachTEL,1426,4.8,4.773143661003222
Galaxy,1435,3.0,3.1074473490887673
