Firm,Day,LIB FP,LIB FP adj
Essential,1,33.0,32.84504247021493
Essential,93,32.0,31.845042470214928
Galaxy,446,32.0,31.6023018336536
Essential,550,29.0,28.845042470214928
Painted Dog,1097,21.0,21.098187341827792
ReachTEL,1375,27.5,26.770409395977033
Newspoll2,1375,23.0,23.18237735470708
Newspoll2,1394,23.0,23.18237735470708
