Firm,Day,GRN FP,GRN FP adj
F2F Morgan,1,4.0,3.988807170141789
F2F Morgan,62,3.5,3.4870871511276
Newspoll,62,4.0,4.022840119388162
F2F Morgan,123,4.5,4.483201182243691
Newspoll,154,4.0,4.068512470805793
F2F Morgan,184,4.0,3.9811626411898366
F2F Morgan,215,4.5,4.481162641189837
Newspoll,232,3.0,3.0690089094081583
F2F Morgan,246,4.0,3.9811626411898366
F2F Morgan,254,2.0,1.9811626411898364
Advertiser,267,2.3,2.1620353826431553
Advertiser,274,6.8,6.662035382643156
Newspoll,275,4.0,4.069008909408159
