Firm,Day,KAP FP,KAP FP adj
Essential,1,2.0,2.036287407958342
Galaxy,330,4.0,4.000002305230879
Galaxy,426,4.0,4.000002305230879
Galaxy,902,3.0,3.000027109887912
Galaxy,1018,2.0,2.0000339707504953
Morgan SMS,1041,2.0,2.021376464590276
