Firm,Day,OTH FP,OTH FP adj
Newspoll,732,16.0,15.98138067977521
Newspoll,793,16.0,15.98138067977521
Newspoll,855,17.0,16.98138067977521
Newspoll,914,14.0,13.98138067977521
Newspoll,975,16.0,15.98138067977521
Newspoll,1036,17.0,16.98146425032583
Newspoll,1097,15.0,14.98219250798123
Newspoll,1158,17.0,16.982813317785833
Newspoll,1220,15.0,14.982813317785833
Nielsen,1268,12.0,12.031297723267263
Galaxy,1268,12.0,12.054504078262744
