Firm,Day,LNP FP,LNP FP adj
ResolvePM,1,44.0,44.85961003241163
ResolvePM,62,43.0,43.85961003241163
ResolvePM,126,41.0,41.85961003241163
ResolvePM,185,41.0,41.85961003241163
ResolvePM,277,37.0,37.85961003241163
ResolvePM,489,30.0,31.851071323604796
Essential,495,41.83908046,41.11858483702259
Newspoll2,509,35.0,35.96156751843832
Freshwater,533,36.0,36.56744333085909
ResolvePM,550,35.0,36.85107132360479
