Firm,Day,SFF FP,SFF FP adj
ReachTEL,908,2.4,2.390917658899423
ReachTEL,1258,6.5,6.486020889277731
ReachTEL,1329,3.4,3.3809581274654747
ReachTEL,1426,4.8,4.780958127465475
Galaxy,1435,3.0,3.0760248886470785
