Firm,Day,ONP FP,ONP FP adj
ReachTEL,650,16.3,15.015795863152162
Newspoll2,690,8.0,8.264976154960987
ReachTEL,908,8.2,6.9157958631521605
ReachTEL,1069,5.4,4.115795863152162
ReachTEL,1258,4.5,3.528883420240749
Galaxy,1328,8.0,7.721417420868461
ReachTEL,1329,7.7,7.052584114857763
Newspoll2,1387,6.0,5.870229596353334
Essential,1404,8.0,7.250591600432178
ReachTEL,1426,5.9,5.252584114857763
Newspoll2,1429,5.0,4.870229596353334
Galaxy,1435,1.0,0.7214174208684605
