Firm,Day,ONP FP,ONP FP adj
SMS Morgan,1005,5.0,5.152479483984075
SMS Morgan,1066,6.0,6.1788905961144
ReachTEL,1154,10.8,10.87885707465541
Newspoll2,1173,13.0,12.816482343306003
Essential,1188,11.0,11.058874244523421
ReachTEL,1188,11.7,11.77885707465541
ReachTEL,1202,8.5,8.57885707465541
Galaxy,1203,9.0,8.992681779879309
Newspoll2,1209,8.0,7.816482343306003
ReachTEL,1210,6.8,6.878857074655409
