Firm,Day,GRN FP,GRN FP adj
Newspoll,732,8.0,8.020411412745734
Newspoll,793,7.0,7.020411412745733
Newspoll,855,6.0,6.020411412745733
Newspoll,914,6.0,6.020411412745733
Newspoll,975,7.0,7.020411412745733
Newspoll,1036,6.0,6.020335692785178
Newspoll,1097,7.0,7.019675847414626
Newspoll,1158,7.0,7.019113356279073
Newspoll,1220,7.0,7.019113356279073
Nielsen,1268,10.0,9.959281912144313
Galaxy,1268,10.0,9.945161389445929
