Start date day,Month,Year
13,10,2010
Day,Party,0%,1%,2%,3%,4%,5%,6%,7%,8%,9%,10%,11%,12%,13%,14%,15%,16%,17%,18%,19%,20%,21%,22%,23%,24%,25%,26%,27%,28%,29%,30%,31%,32%,33%,34%,35%,36%,37%,38%,39%,40%,41%,42%,43%,44%,45%,46%,47%,48%,49%,50%,51%,52%,53%,54%,55%,56%,57%,58%,59%,60%,61%,62%,63%,64%,65%,66%,67%,68%,69%,70%,71%,72%,73%,74%,75%,76%,77%,78%,79%,80%,81%,82%,83%,84%,85%,86%,87%,88%,89%,90%,91%,92%,93%,94%,95%,96%,97%,98%,99%,100%
0,LNP FP,37.594,39.059,39.609,39.914,40.119,40.345,40.594,40.785,40.978,41.14,41.245,41.357,41.459,41.577,41.696,41.814,41.886,41.98,42.064,42.122,42.223,42.31,42.39,42.468,42.538,42.621,42.699,42.773,42.837,42.893,42.958,43.0,43.072,43.146,43.221,43.298,43.369,43.429,43.496,43.56,43.615,43.674,43.727,43.794,43.852,43.941,44.005,44.076,44.138,44.19,44.269,44.334,44.413,44.496,44.547,44.598,44.658,44.703,44.754,44.822,44.904,44.979,45.049,45.106,45.198,45.25,45.346,45.388,45.453,45.529,45.599,45.658,45.73,45.823,45.915,45.99,46.069,46.146,46.22,46.292,46.368,46.465,46.562,46.674,46.756,46.876,47.006,47.12,47.234,47.363,47.481,47.633,47.792,47.942,48.116,48.295,48.501,48.841,49.349,49.936,51.621
1,LNP FP,37.594,39.059,39.609,39.914,40.119,40.345,40.594,40.785,40.978,41.14,41.245,41.357,41.459,41.577,41.696,41.814,41.886,41.98,42.064,42.122,42.223,42.31,42.39,42.468,42.538,42.621,42.699,42.773,42.837,42.893,42.958,43.0,43.072,43.146,43.221,43.298,43.369,43.429,43.496,43.56,43.615,43.674,43.727,43.794,43.852,43.941,44.005,44.076,44.138,44.19,44.269,44.334,44.413,44.496,44.547,44.598,44.658,44.703,44.754,44.822,44.904,44.979,45.049,45.106,45.198,45.25,45.346,45.388,45.453,45.529,45.599,45.658,45.73,45.823,45.915,45.99,46.069,46.146,46.22,46.292,46.368,46.465,46.562,46.674,46.756,46.876,47.006,47.12,47.234,47.363,47.481,47.633,47.792,47.942,48.116,48.295,48.501,48.841,49.349,49.936,51.621
2,LNP FP,37.687,39.087,39.53,39.899,40.144,40.356,40.566,40.775,41.014,41.155,41.271,41.403,41.484,41.575,41.668,41.769,41.861,41.957,42.035,42.101,42.19,42.29,42.369,42.462,42.548,42.611,42.685,42.768,42.82,42.874,42.945,43.011,43.087,43.17,43.226,43.301,43.369,43.439,43.505,43.554,43.605,43.663,43.726,43.799,43.846,43.909,44.008,44.077,44.14,44.188,44.258,44.311,44.372,44.469,44.52,44.569,44.644,44.713,44.783,44.853,44.907,44.95,45.028,45.114,45.177,45.237,45.296,45.379,45.439,45.517,45.593,45.643,45.723,45.783,45.866,45.927,46.001,46.121,46.212,46.299,46.396,46.471,46.578,46.651,46.747,46.839,46.942,47.057,47.165,47.302,47.439,47.569,47.703,47.862,48.082,48.249,48.495,48.833,49.301,49.827,51.671
3,LNP FP,37.687,39.087,39.53,39.899,40.144,40.356,40.566,40.775,41.014,41.155,41.271,41.403,41.484,41.575,41.668,41.769,41.861,41.957,42.035,42.101,42.19,42.29,42.369,42.462,42.548,42.611,42.685,42.768,42.82,42.874,42.945,43.011,43.087,43.17,43.226,43.301,43.369,43.439,43.505,43.554,43.605,43.663,43.726,43.799,43.846,43.909,44.008,44.077,44.14,44.188,44.258,44.311,44.372,44.469,44.52,44.569,44.644,44.713,44.783,44.853,44.907,44.95,45.028,45.114,45.177,45.237,45.296,45.379,45.439,45.517,45.593,45.643,45.723,45.783,45.866,45.927,46.001,46.121,46.212,46.299,46.396,46.471,46.578,46.651,46.747,46.839,46.942,47.057,47.165,47.302,47.439,47.569,47.703,47.862,48.082,48.249,48.495,48.833,49.301,49.827,51.671
4,LNP FP,37.992,39.164,39.604,39.934,40.193,40.389,40.606,40.784,40.945,41.11,41.245,41.386,41.501,41.597,41.679,41.784,41.859,41.958,42.029,42.097,42.171,42.263,42.339,42.412,42.512,42.604,42.67,42.738,42.789,42.876,42.96,43.025,43.097,43.158,43.246,43.309,43.366,43.422,43.498,43.564,43.631,43.704,43.767,43.828,43.892,43.93,43.99,44.06,44.139,44.211,44.264,44.32,44.378,44.449,44.503,44.579,44.625,44.688,44.759,44.821,44.885,44.938,44.996,45.079,45.144,45.232,45.28,45.367,45.434,45.521,45.585,45.645,45.703,45.788,45.857,45.911,46.013,46.119,46.184,46.245,46.335,46.433,46.528,46.629,46.736,46.826,46.932,47.023,47.146,47.237,47.397,47.491,47.632,47.819,47.961,48.173,48.435,48.727,49.21,49.843,52.173
5,LNP FP,37.992,39.164,39.604,39.934,40.193,40.389,40.606,40.784,40.945,41.11,41.245,41.386,41.501,41.597,41.679,41.784,41.859,41.958,42.029,42.097,42.171,42.263,42.339,42.412,42.512,42.604,42.67,42.738,42.789,42.876,42.96,43.025,43.097,43.158,43.246,43.309,43.366,43.422,43.498,43.564,43.631,43.704,43.767,43.828,43.892,43.93,43.99,44.06,44.139,44.211,44.264,44.32,44.378,44.449,44.503,44.579,44.625,44.688,44.759,44.821,44.885,44.938,44.996,45.079,45.144,45.232,45.28,45.367,45.434,45.521,45.585,45.645,45.703,45.788,45.857,45.911,46.013,46.119,46.184,46.245,46.335,46.433,46.528,46.629,46.736,46.826,46.932,47.023,47.146,47.237,47.397,47.491,47.632,47.819,47.961,48.173,48.435,48.727,49.21,49.843,52.173
6,LNP FP,37.858,39.215,39.631,39.98,40.216,40.394,40.62,40.853,40.975,41.107,41.226,41.34,41.47,41.579,41.686,41.777,41.862,41.945,42.018,42.098,42.159,42.248,42.355,42.445,42.514,42.606,42.673,42.737,42.799,42.906,42.99,43.05,43.111,43.172,43.256,43.303,43.356,43.428,43.495,43.567,43.612,43.673,43.74,43.813,43.861,43.924,43.981,44.051,44.131,44.21,44.259,44.323,44.379,44.433,44.499,44.564,44.641,44.696,44.754,44.824,44.888,44.953,44.999,45.084,45.153,45.233,45.287,45.354,45.415,45.484,45.555,45.631,45.707,45.787,45.874,45.955,46.023,46.099,46.18,46.266,46.351,46.443,46.523,46.601,46.715,46.832,46.927,47.041,47.155,47.263,47.339,47.463,47.6,47.8,47.998,48.192,48.396,48.677,49.166,49.925,52.143
7,LNP FP,37.858,39.215,39.631,39.98,40.216,40.394,40.62,40.853,40.975,41.107,41.226,41.34,41.47,41.579,41.686,41.777,41.862,41.945,42.018,42.098,42.159,42.248,42.355,42.445,42.514,42.606,42.673,42.737,42.799,42.906,42.99,43.05,43.111,43.172,43.256,43.303,43.356,43.428,43.495,43.567,43.612,43.673,43.74,43.813,43.861,43.924,43.981,44.051,44.131,44.21,44.259,44.323,44.379,44.433,44.499,44.564,44.641,44.696,44.754,44.824,44.888,44.953,44.999,45.084,45.153,45.233,45.287,45.354,45.415,45.484,45.555,45.631,45.707,45.787,45.874,45.955,46.023,46.099,46.18,46.266,46.351,46.443,46.523,46.601,46.715,46.832,46.927,47.041,47.155,47.263,47.339,47.463,47.6,47.8,47.998,48.192,48.396,48.677,49.166,49.925,52.143
8,LNP FP,37.995,39.126,39.695,40.043,40.221,40.479,40.674,40.853,41.017,41.174,41.276,41.383,41.467,41.563,41.667,41.74,41.831,41.889,41.983,42.093,42.186,42.258,42.306,42.392,42.497,42.579,42.678,42.747,42.83,42.907,42.967,43.045,43.14,43.2,43.262,43.311,43.369,43.428,43.482,43.518,43.59,43.688,43.752,43.812,43.874,43.936,44.024,44.066,44.109,44.192,44.245,44.3,44.346,44.424,44.492,44.552,44.61,44.681,44.747,44.825,44.865,44.925,44.98,45.054,45.12,45.19,45.276,45.343,45.402,45.477,45.546,45.589,45.688,45.782,45.873,45.966,46.038,46.098,46.18,46.255,46.327,46.414,46.522,46.604,46.696,46.806,46.877,47.0,47.105,47.246,47.363,47.495,47.625,47.772,47.946,48.113,48.368,48.745,49.185,49.849,52.019
9,LNP FP,37.995,39.126,39.695,40.043,40.221,40.479,40.674,40.853,41.017,41.174,41.276,41.383,41.467,41.563,41.667,41.74,41.831,41.889,41.983,42.093,42.186,42.258,42.306,42.392,42.497,42.579,42.678,42.747,42.83,42.907,42.967,43.045,43.14,43.2,43.262,43.311,43.369,43.428,43.482,43.518,43.59,43.688,43.752,43.812,43.874,43.936,44.024,44.066,44.109,44.192,44.245,44.3,44.346,44.424,44.492,44.552,44.61,44.681,44.747,44.825,44.865,44.925,44.98,45.054,45.12,45.19,45.276,45.343,45.402,45.477,45.546,45.589,45.688,45.782,45.873,45.966,46.038,46.098,46.18,46.255,46.327,46.414,46.522,46.604,46.696,46.806,46.877,47.0,47.105,47.246,47.363,47.495,47.625,47.772,47.946,48.113,48.368,48.745,49.185,49.849,52.019
10,LNP FP,37.987,39.215,39.668,39.965,40.222,40.493,40.698,40.864,40.985,41.125,41.256,41.391,41.478,41.575,41.668,41.726,41.825,41.943,42.014,42.092,42.195,42.287,42.367,42.453,42.536,42.614,42.673,42.75,42.821,42.891,42.969,43.033,43.089,43.162,43.222,43.293,43.357,43.432,43.504,43.579,43.622,43.691,43.747,43.814,43.878,43.947,44.002,44.067,44.133,44.19,44.249,44.293,44.359,44.426,44.496,44.558,44.616,44.671,44.726,44.8,44.853,44.918,44.985,45.045,45.113,45.196,45.286,45.369,45.428,45.484,45.539,45.618,45.692,45.775,45.855,45.94,45.994,46.082,46.155,46.238,46.316,46.404,46.506,46.585,46.681,46.772,46.869,47.0,47.111,47.214,47.334,47.459,47.58,47.723,47.912,48.144,48.382,48.686,49.162,49.817,51.795
11,LNP FP,37.987,39.215,39.668,39.965,40.222,40.493,40.698,40.864,40.985,41.125,41.256,41.391,41.478,41.575,41.668,41.726,41.825,41.943,42.014,42.092,42.195,42.287,42.367,42.453,42.536,42.614,42.673,42.75,42.821,42.891,42.969,43.033,43.089,43.162,43.222,43.293,43.357,43.432,43.504,43.579,43.622,43.691,43.747,43.814,43.878,43.947,44.002,44.067,44.133,44.19,44.249,44.293,44.359,44.426,44.496,44.558,44.616,44.671,44.726,44.8,44.853,44.918,44.985,45.045,45.113,45.196,45.286,45.369,45.428,45.484,45.539,45.618,45.692,45.775,45.855,45.94,45.994,46.082,46.155,46.238,46.316,46.404,46.506,46.585,46.681,46.772,46.869,47.0,47.111,47.214,47.334,47.459,47.58,47.723,47.912,48.144,48.382,48.686,49.162,49.817,51.795
12,LNP FP,37.644,39.16,39.667,40.017,40.242,40.499,40.685,40.871,41.043,41.178,41.271,41.392,41.494,41.601,41.706,41.797,41.865,41.95,41.997,42.098,42.177,42.266,42.331,42.414,42.474,42.561,42.67,42.761,42.829,42.895,42.945,43.043,43.092,43.172,43.236,43.31,43.364,43.422,43.495,43.555,43.621,43.673,43.719,43.774,43.844,43.918,43.962,44.041,44.113,44.197,44.26,44.324,44.369,44.422,44.489,44.538,44.604,44.669,44.73,44.79,44.853,44.91,44.969,45.036,45.098,45.138,45.209,45.282,45.376,45.445,45.504,45.573,45.677,45.779,45.839,45.924,46.006,46.086,46.178,46.264,46.333,46.406,46.49,46.592,46.691,46.776,46.866,46.997,47.067,47.2,47.31,47.419,47.566,47.741,47.898,48.135,48.393,48.676,49.054,49.77,51.637
13,LNP FP,37.644,39.16,39.667,40.017,40.242,40.499,40.685,40.871,41.043,41.178,41.271,41.392,41.494,41.601,41.706,41.797,41.865,41.95,41.997,42.098,42.177,42.266,42.331,42.414,42.474,42.561,42.67,42.761,42.829,42.895,42.945,43.043,43.092,43.172,43.236,43.31,43.364,43.422,43.495,43.555,43.621,43.673,43.719,43.774,43.844,43.918,43.962,44.041,44.113,44.197,44.26,44.324,44.369,44.422,44.489,44.538,44.604,44.669,44.73,44.79,44.853,44.91,44.969,45.036,45.098,45.138,45.209,45.282,45.376,45.445,45.504,45.573,45.677,45.779,45.839,45.924,46.006,46.086,46.178,46.264,46.333,46.406,46.49,46.592,46.691,46.776,46.866,46.997,47.067,47.2,47.31,47.419,47.566,47.741,47.898,48.135,48.393,48.676,49.054,49.77,51.637
14,LNP FP,37.764,39.062,39.618,39.961,40.215,40.499,40.675,40.886,41.018,41.147,41.277,41.382,41.483,41.596,41.677,41.765,41.856,41.917,42.027,42.124,42.196,42.265,42.344,42.427,42.491,42.578,42.661,42.735,42.829,42.901,42.965,43.024,43.083,43.132,43.212,43.279,43.328,43.417,43.494,43.539,43.606,43.659,43.748,43.795,43.871,43.936,44.008,44.081,44.131,44.18,44.233,44.3,44.382,44.44,44.488,44.541,44.591,44.661,44.713,44.786,44.848,44.901,44.959,45.016,45.07,45.136,45.214,45.271,45.368,45.429,45.509,45.579,45.676,45.785,45.855,45.927,45.97,46.049,46.132,46.208,46.268,46.358,46.466,46.536,46.637,46.726,46.822,46.948,47.041,47.162,47.324,47.458,47.624,47.736,47.917,48.122,48.385,48.611,49.032,49.676,51.385
15,LNP FP,37.764,39.062,39.618,39.961,40.215,40.499,40.675,40.886,41.018,41.147,41.277,41.382,41.483,41.596,41.677,41.765,41.856,41.917,42.027,42.124,42.196,42.265,42.344,42.427,42.491,42.578,42.661,42.735,42.829,42.901,42.965,43.024,43.083,43.132,43.212,43.279,43.328,43.417,43.494,43.539,43.606,43.659,43.748,43.795,43.871,43.936,44.008,44.081,44.131,44.18,44.233,44.3,44.382,44.44,44.488,44.541,44.591,44.661,44.713,44.786,44.848,44.901,44.959,45.016,45.07,45.136,45.214,45.271,45.368,45.429,45.509,45.579,45.676,45.785,45.855,45.927,45.97,46.049,46.132,46.208,46.268,46.358,46.466,46.536,46.637,46.726,46.822,46.948,47.041,47.162,47.324,47.458,47.624,47.736,47.917,48.122,48.385,48.611,49.032,49.676,51.385
16,LNP FP,37.699,39.153,39.621,39.98,40.315,40.536,40.717,40.852,40.991,41.16,41.25,41.373,41.486,41.56,41.685,41.766,41.855,41.931,42.016,42.093,42.201,42.292,42.371,42.452,42.511,42.593,42.7,42.772,42.829,42.904,42.971,43.03,43.098,43.17,43.231,43.29,43.342,43.399,43.452,43.518,43.582,43.637,43.718,43.777,43.846,43.914,43.978,44.06,44.107,44.173,44.218,44.277,44.346,44.411,44.465,44.516,44.582,44.642,44.709,44.771,44.838,44.901,44.947,45.002,45.07,45.134,45.206,45.287,45.375,45.434,45.508,45.617,45.69,45.764,45.843,45.908,45.98,46.047,46.13,46.197,46.291,46.367,46.464,46.537,46.626,46.705,46.819,46.949,47.035,47.168,47.343,47.458,47.62,47.802,47.974,48.16,48.292,48.733,49.03,49.657,51.209
17,LNP FP,37.699,39.153,39.621,39.98,40.315,40.536,40.717,40.852,40.991,41.16,41.25,41.373,41.486,41.56,41.685,41.766,41.855,41.931,42.016,42.093,42.201,42.292,42.371,42.452,42.511,42.593,42.7,42.772,42.829,42.904,42.971,43.03,43.098,43.17,43.231,43.29,43.342,43.399,43.452,43.518,43.582,43.637,43.718,43.777,43.846,43.914,43.978,44.06,44.107,44.173,44.218,44.277,44.346,44.411,44.465,44.516,44.582,44.642,44.709,44.771,44.838,44.901,44.947,45.002,45.07,45.134,45.206,45.287,45.375,45.434,45.508,45.617,45.69,45.764,45.843,45.908,45.98,46.047,46.13,46.197,46.291,46.367,46.464,46.537,46.626,46.705,46.819,46.949,47.035,47.168,47.343,47.458,47.62,47.802,47.974,48.16,48.292,48.733,49.03,49.657,51.209
18,LNP FP,37.244,39.148,39.689,40.092,40.315,40.539,40.728,40.853,40.985,41.122,41.238,41.381,41.499,41.621,41.717,41.812,41.879,41.975,42.054,42.137,42.212,42.29,42.344,42.459,42.536,42.603,42.677,42.754,42.839,42.893,42.968,43.052,43.117,43.194,43.255,43.314,43.363,43.442,43.499,43.568,43.636,43.707,43.763,43.812,43.873,43.913,43.98,44.048,44.112,44.168,44.211,44.278,44.323,44.39,44.455,44.512,44.556,44.618,44.672,44.761,44.829,44.866,44.94,44.995,45.055,45.106,45.178,45.247,45.315,45.397,45.505,45.594,45.673,45.739,45.821,45.88,45.967,46.02,46.099,46.166,46.226,46.309,46.405,46.465,46.6,46.698,46.839,46.929,47.043,47.189,47.331,47.484,47.653,47.831,47.962,48.144,48.351,48.641,49.024,49.681,50.995
19,LNP FP,37.244,39.148,39.689,40.092,40.315,40.539,40.728,40.853,40.985,41.122,41.238,41.381,41.499,41.621,41.717,41.812,41.879,41.975,42.054,42.137,42.212,42.29,42.344,42.459,42.536,42.603,42.677,42.754,42.839,42.893,42.968,43.052,43.117,43.194,43.255,43.314,43.363,43.442,43.499,43.568,43.636,43.707,43.763,43.812,43.873,43.913,43.98,44.048,44.112,44.168,44.211,44.278,44.323,44.39,44.455,44.512,44.556,44.618,44.672,44.761,44.829,44.866,44.94,44.995,45.055,45.106,45.178,45.247,45.315,45.397,45.505,45.594,45.673,45.739,45.821,45.88,45.967,46.02,46.099,46.166,46.226,46.309,46.405,46.465,46.6,46.698,46.839,46.929,47.043,47.189,47.331,47.484,47.653,47.831,47.962,48.144,48.351,48.641,49.024,49.681,50.995
20,LNP FP,37.142,39.047,39.668,40.027,40.286,40.563,40.744,40.904,41.041,41.145,41.293,41.379,41.503,41.623,41.707,41.832,41.901,41.985,42.061,42.132,42.216,42.311,42.392,42.47,42.546,42.603,42.668,42.743,42.812,42.888,42.973,43.031,43.095,43.142,43.194,43.263,43.345,43.406,43.456,43.541,43.621,43.679,43.736,43.786,43.844,43.914,43.959,44.025,44.097,44.14,44.189,44.251,44.307,44.361,44.422,44.485,44.539,44.612,44.671,44.719,44.791,44.861,44.936,45.016,45.08,45.154,45.223,45.3,45.364,45.427,45.519,45.577,45.642,45.704,45.791,45.865,45.912,45.979,46.045,46.131,46.236,46.298,46.389,46.492,46.603,46.716,46.831,46.973,47.092,47.213,47.349,47.472,47.61,47.771,47.918,48.122,48.377,48.645,48.974,49.695,50.997
21,LNP FP,37.142,39.047,39.668,40.027,40.286,40.563,40.744,40.904,41.041,41.145,41.293,41.379,41.503,41.623,41.707,41.832,41.901,41.985,42.061,42.132,42.216,42.311,42.392,42.47,42.546,42.603,42.668,42.743,42.812,42.888,42.973,43.031,43.095,43.142,43.194,43.263,43.345,43.406,43.456,43.541,43.621,43.679,43.736,43.786,43.844,43.914,43.959,44.025,44.097,44.14,44.189,44.251,44.307,44.361,44.422,44.485,44.539,44.612,44.671,44.719,44.791,44.861,44.936,45.016,45.08,45.154,45.223,45.3,45.364,45.427,45.519,45.577,45.642,45.704,45.791,45.865,45.912,45.979,46.045,46.131,46.236,46.298,46.389,46.492,46.603,46.716,46.831,46.973,47.092,47.213,47.349,47.472,47.61,47.771,47.918,48.122,48.377,48.645,48.974,49.695,50.997
22,LNP FP,37.057,39.067,39.677,40.003,40.381,40.594,40.775,40.921,41.035,41.192,41.309,41.428,41.544,41.638,41.74,41.828,41.917,41.999,42.092,42.163,42.278,42.34,42.387,42.456,42.528,42.6,42.688,42.758,42.832,42.903,42.97,43.018,43.079,43.145,43.214,43.296,43.353,43.415,43.473,43.521,43.582,43.645,43.733,43.781,43.844,43.897,43.959,44.0,44.041,44.117,44.187,44.238,44.304,44.365,44.426,44.484,44.543,44.604,44.696,44.752,44.842,44.897,44.969,45.05,45.125,45.189,45.249,45.32,45.381,45.435,45.521,45.572,45.629,45.696,45.775,45.836,45.894,45.954,46.043,46.107,46.223,46.315,46.4,46.488,46.587,46.711,46.845,46.927,47.032,47.2,47.317,47.449,47.59,47.739,47.902,48.154,48.366,48.629,48.985,49.8,50.906
23,LNP FP,37.057,39.067,39.677,40.003,40.381,40.594,40.775,40.921,41.035,41.192,41.309,41.428,41.544,41.638,41.74,41.828,41.917,41.999,42.092,42.163,42.278,42.34,42.387,42.456,42.528,42.6,42.688,42.758,42.832,42.903,42.97,43.018,43.079,43.145,43.214,43.296,43.353,43.415,43.473,43.521,43.582,43.645,43.733,43.781,43.844,43.897,43.959,44.0,44.041,44.117,44.187,44.238,44.304,44.365,44.426,44.484,44.543,44.604,44.696,44.752,44.842,44.897,44.969,45.05,45.125,45.189,45.249,45.32,45.381,45.435,45.521,45.572,45.629,45.696,45.775,45.836,45.894,45.954,46.043,46.107,46.223,46.315,46.4,46.488,46.587,46.711,46.845,46.927,47.032,47.2,47.317,47.449,47.59,47.739,47.902,48.154,48.366,48.629,48.985,49.8,50.906
24,LNP FP,37.31,38.959,39.687,40.109,40.366,40.55,40.828,40.944,41.071,41.196,41.297,41.444,41.559,41.675,41.784,41.867,41.96,42.023,42.105,42.196,42.275,42.328,42.417,42.476,42.559,42.614,42.71,42.768,42.831,42.899,42.96,43.026,43.089,43.147,43.21,43.256,43.325,43.399,43.482,43.535,43.597,43.646,43.702,43.768,43.821,43.889,43.948,44.007,44.067,44.125,44.176,44.231,44.282,44.345,44.427,44.487,44.556,44.627,44.681,44.737,44.791,44.864,44.928,45.025,45.078,45.157,45.245,45.307,45.365,45.411,45.464,45.511,45.583,45.644,45.707,45.784,45.86,45.932,45.992,46.114,46.183,46.27,46.393,46.494,46.603,46.691,46.804,46.916,47.022,47.151,47.298,47.411,47.57,47.74,47.907,48.116,48.333,48.583,48.994,49.759,50.964
25,LNP FP,37.31,38.959,39.687,40.109,40.366,40.55,40.828,40.944,41.071,41.196,41.297,41.444,41.559,41.675,41.784,41.867,41.96,42.023,42.105,42.196,42.275,42.328,42.417,42.476,42.559,42.614,42.71,42.768,42.831,42.899,42.96,43.026,43.089,43.147,43.21,43.256,43.325,43.399,43.482,43.535,43.597,43.646,43.702,43.768,43.821,43.889,43.948,44.007,44.067,44.125,44.176,44.231,44.282,44.345,44.427,44.487,44.556,44.627,44.681,44.737,44.791,44.864,44.928,45.025,45.078,45.157,45.245,45.307,45.365,45.411,45.464,45.511,45.583,45.644,45.707,45.784,45.86,45.932,45.992,46.114,46.183,46.27,46.393,46.494,46.603,46.691,46.804,46.916,47.022,47.151,47.298,47.411,47.57,47.74,47.907,48.116,48.333,48.583,48.994,49.759,50.964
26,LNP FP,37.552,39.147,39.734,40.096,40.359,40.558,40.764,40.939,41.073,41.2,41.354,41.456,41.566,41.668,41.755,41.849,41.946,42.018,42.103,42.174,42.269,42.355,42.411,42.472,42.547,42.625,42.721,42.796,42.871,42.921,42.997,43.04,43.097,43.147,43.192,43.222,43.315,43.394,43.464,43.513,43.586,43.658,43.712,43.771,43.821,43.862,43.929,43.986,44.053,44.128,44.178,44.256,44.306,44.371,44.432,44.493,44.567,44.614,44.678,44.742,44.807,44.878,44.93,44.982,45.059,45.129,45.191,45.25,45.304,45.368,45.428,45.506,45.574,45.638,45.705,45.785,45.861,45.931,46.011,46.113,46.215,46.304,46.39,46.472,46.552,46.684,46.806,46.878,47.024,47.141,47.279,47.416,47.594,47.729,47.957,48.189,48.392,48.674,49.088,49.599,51.066
27,LNP FP,37.552,39.147,39.734,40.096,40.359,40.558,40.764,40.939,41.073,41.2,41.354,41.456,41.566,41.668,41.755,41.849,41.946,42.018,42.103,42.174,42.269,42.355,42.411,42.472,42.547,42.625,42.721,42.796,42.871,42.921,42.997,43.04,43.097,43.147,43.192,43.222,43.315,43.394,43.464,43.513,43.586,43.658,43.712,43.771,43.821,43.862,43.929,43.986,44.053,44.128,44.178,44.256,44.306,44.371,44.432,44.493,44.567,44.614,44.678,44.742,44.807,44.878,44.93,44.982,45.059,45.129,45.191,45.25,45.304,45.368,45.428,45.506,45.574,45.638,45.705,45.785,45.861,45.931,46.011,46.113,46.215,46.304,46.39,46.472,46.552,46.684,46.806,46.878,47.024,47.141,47.279,47.416,47.594,47.729,47.957,48.189,48.392,48.674,49.088,49.599,51.066
28,LNP FP,37.255,39.271,39.711,40.029,40.346,40.59,40.81,40.952,41.039,41.167,41.338,41.493,41.564,41.658,41.761,41.849,41.928,42.023,42.116,42.19,42.257,42.32,42.408,42.482,42.567,42.63,42.698,42.772,42.818,42.874,42.934,43.006,43.062,43.121,43.179,43.232,43.307,43.369,43.438,43.499,43.574,43.637,43.699,43.768,43.806,43.862,43.932,43.993,44.045,44.102,44.163,44.226,44.293,44.353,44.41,44.476,44.555,44.618,44.685,44.756,44.801,44.882,44.956,45.002,45.062,45.099,45.174,45.225,45.289,45.355,45.417,45.507,45.589,45.641,45.712,45.78,45.864,45.927,46.027,46.128,46.207,46.276,46.379,46.466,46.527,46.633,46.779,46.893,47.016,47.151,47.278,47.473,47.575,47.724,47.932,48.209,48.357,48.689,49.037,49.636,51.057
29,LNP FP,37.255,39.271,39.711,40.029,40.346,40.59,40.81,40.952,41.039,41.167,41.338,41.493,41.564,41.658,41.761,41.849,41.928,42.023,42.116,42.19,42.257,42.32,42.408,42.482,42.567,42.63,42.698,42.772,42.818,42.874,42.934,43.006,43.062,43.121,43.179,43.232,43.307,43.369,43.438,43.499,43.574,43.637,43.699,43.768,43.806,43.862,43.932,43.993,44.045,44.102,44.163,44.226,44.293,44.353,44.41,44.476,44.555,44.618,44.685,44.756,44.801,44.882,44.956,45.002,45.062,45.099,45.174,45.225,45.289,45.355,45.417,45.507,45.589,45.641,45.712,45.78,45.864,45.927,46.027,46.128,46.207,46.276,46.379,46.466,46.527,46.633,46.779,46.893,47.016,47.151,47.278,47.473,47.575,47.724,47.932,48.209,48.357,48.689,49.037,49.636,51.057
30,LNP FP,37.619,39.287,39.744,40.078,40.442,40.621,40.78,40.959,41.085,41.194,41.313,41.451,41.548,41.654,41.732,41.873,41.944,42.052,42.128,42.203,42.289,42.356,42.428,42.487,42.579,42.653,42.718,42.78,42.831,42.903,42.961,43.034,43.097,43.143,43.213,43.265,43.316,43.371,43.438,43.509,43.57,43.63,43.691,43.754,43.814,43.876,43.92,43.985,44.059,44.121,44.179,44.249,44.294,44.348,44.412,44.474,44.532,44.593,44.66,44.709,44.76,44.831,44.891,44.973,45.056,45.102,45.173,45.226,45.289,45.368,45.432,45.491,45.558,45.643,45.73,45.791,45.884,45.948,46.025,46.107,46.21,46.328,46.392,46.479,46.557,46.689,46.791,46.898,47.013,47.177,47.315,47.436,47.588,47.715,47.917,48.093,48.255,48.65,49.057,49.499,50.737
31,LNP FP,37.619,39.287,39.744,40.078,40.442,40.621,40.78,40.959,41.085,41.194,41.313,41.451,41.548,41.654,41.732,41.873,41.944,42.052,42.128,42.203,42.289,42.356,42.428,42.487,42.579,42.653,42.718,42.78,42.831,42.903,42.961,43.034,43.097,43.143,43.213,43.265,43.316,43.371,43.438,43.509,43.57,43.63,43.691,43.754,43.814,43.876,43.92,43.985,44.059,44.121,44.179,44.249,44.294,44.348,44.412,44.474,44.532,44.593,44.66,44.709,44.76,44.831,44.891,44.973,45.056,45.102,45.173,45.226,45.289,45.368,45.432,45.491,45.558,45.643,45.73,45.791,45.884,45.948,46.025,46.107,46.21,46.328,46.392,46.479,46.557,46.689,46.791,46.898,47.013,47.177,47.315,47.436,47.588,47.715,47.917,48.093,48.255,48.65,49.057,49.499,50.737
32,LNP FP,37.401,39.184,39.803,40.14,40.412,40.628,40.807,40.969,41.072,41.179,41.328,41.406,41.52,41.595,41.733,41.848,41.935,42.012,42.108,42.218,42.303,42.394,42.465,42.537,42.601,42.691,42.749,42.799,42.853,42.922,42.969,43.031,43.093,43.16,43.214,43.289,43.339,43.398,43.466,43.512,43.59,43.652,43.702,43.762,43.822,43.873,43.941,44.02,44.066,44.129,44.183,44.256,44.319,44.371,44.446,44.492,44.544,44.614,44.682,44.734,44.81,44.874,44.928,44.979,45.027,45.064,45.128,45.199,45.279,45.36,45.426,45.525,45.589,45.643,45.714,45.804,45.882,45.976,46.064,46.134,46.231,46.32,46.417,46.517,46.6,46.706,46.798,46.894,47.014,47.15,47.252,47.377,47.56,47.697,47.898,48.107,48.353,48.64,49.09,49.517,50.816
33,LNP FP,37.401,39.184,39.803,40.14,40.412,40.628,40.807,40.969,41.072,41.179,41.328,41.406,41.52,41.595,41.733,41.848,41.935,42.012,42.108,42.218,42.303,42.394,42.465,42.537,42.601,42.691,42.749,42.799,42.853,42.922,42.969,43.031,43.093,43.16,43.214,43.289,43.339,43.398,43.466,43.512,43.59,43.652,43.702,43.762,43.822,43.873,43.941,44.02,44.066,44.129,44.183,44.256,44.319,44.371,44.446,44.492,44.544,44.614,44.682,44.734,44.81,44.874,44.928,44.979,45.027,45.064,45.128,45.199,45.279,45.36,45.426,45.525,45.589,45.643,45.714,45.804,45.882,45.976,46.064,46.134,46.231,46.32,46.417,46.517,46.6,46.706,46.798,46.894,47.014,47.15,47.252,47.377,47.56,47.697,47.898,48.107,48.353,48.64,49.09,49.517,50.816
34,LNP FP,37.461,39.165,39.717,40.093,40.486,40.657,40.796,40.927,41.023,41.166,41.296,41.429,41.531,41.657,41.745,41.833,41.949,42.04,42.152,42.229,42.318,42.393,42.472,42.556,42.641,42.711,42.772,42.826,42.887,42.936,43.0,43.08,43.137,43.194,43.239,43.293,43.356,43.408,43.482,43.548,43.607,43.662,43.712,43.768,43.838,43.898,43.955,44.015,44.071,44.137,44.188,44.25,44.302,44.368,44.414,44.488,44.56,44.626,44.681,44.744,44.798,44.843,44.899,44.962,45.018,45.086,45.139,45.203,45.269,45.328,45.401,45.475,45.536,45.624,45.715,45.785,45.876,45.963,46.028,46.118,46.198,46.299,46.401,46.498,46.592,46.661,46.754,46.876,46.978,47.104,47.257,47.361,47.501,47.68,47.891,48.075,48.267,48.681,48.998,49.488,50.701
35,LNP FP,37.461,39.165,39.717,40.093,40.486,40.657,40.796,40.927,41.023,41.166,41.296,41.429,41.531,41.657,41.745,41.833,41.949,42.04,42.152,42.229,42.318,42.393,42.472,42.556,42.641,42.711,42.772,42.826,42.887,42.936,43.0,43.08,43.137,43.194,43.239,43.293,43.356,43.408,43.482,43.548,43.607,43.662,43.712,43.768,43.838,43.898,43.955,44.015,44.071,44.137,44.188,44.25,44.302,44.368,44.414,44.488,44.56,44.626,44.681,44.744,44.798,44.843,44.899,44.962,45.018,45.086,45.139,45.203,45.269,45.328,45.401,45.475,45.536,45.624,45.715,45.785,45.876,45.963,46.028,46.118,46.198,46.299,46.401,46.498,46.592,46.661,46.754,46.876,46.978,47.104,47.257,47.361,47.501,47.68,47.891,48.075,48.267,48.681,48.998,49.488,50.701
36,LNP FP,37.627,39.178,39.633,40.126,40.446,40.653,40.825,40.946,41.082,41.19,41.306,41.421,41.553,41.668,41.776,41.899,41.98,42.095,42.171,42.261,42.34,42.427,42.515,42.579,42.65,42.712,42.775,42.843,42.899,42.952,43.009,43.073,43.136,43.19,43.253,43.324,43.379,43.447,43.512,43.559,43.621,43.667,43.706,43.784,43.846,43.935,43.983,44.039,44.085,44.15,44.203,44.272,44.324,44.383,44.459,44.498,44.542,44.59,44.657,44.702,44.768,44.819,44.876,44.933,44.992,45.058,45.15,45.206,45.256,45.326,45.377,45.476,45.539,45.617,45.687,45.758,45.835,45.913,45.999,46.087,46.153,46.266,46.357,46.452,46.558,46.655,46.745,46.868,46.977,47.081,47.219,47.387,47.486,47.65,47.802,48.0,48.349,48.654,48.957,49.474,50.711
37,LNP FP,37.627,39.178,39.633,40.126,40.446,40.653,40.825,40.946,41.082,41.19,41.306,41.421,41.553,41.668,41.776,41.899,41.98,42.095,42.171,42.261,42.34,42.427,42.515,42.579,42.65,42.712,42.775,42.843,42.899,42.952,43.009,43.073,43.136,43.19,43.253,43.324,43.379,43.447,43.512,43.559,43.621,43.667,43.706,43.784,43.846,43.935,43.983,44.039,44.085,44.15,44.203,44.272,44.324,44.383,44.459,44.498,44.542,44.59,44.657,44.702,44.768,44.819,44.876,44.933,44.992,45.058,45.15,45.206,45.256,45.326,45.377,45.476,45.539,45.617,45.687,45.758,45.835,45.913,45.999,46.087,46.153,46.266,46.357,46.452,46.558,46.655,46.745,46.868,46.977,47.081,47.219,47.387,47.486,47.65,47.802,48.0,48.349,48.654,48.957,49.474,50.711
38,LNP FP,37.485,39.071,39.738,40.174,40.423,40.628,40.806,40.923,41.047,41.184,41.314,41.425,41.539,41.647,41.788,41.878,41.975,42.083,42.192,42.266,42.368,42.454,42.522,42.593,42.643,42.71,42.778,42.829,42.9,42.957,43.008,43.09,43.135,43.201,43.275,43.338,43.401,43.463,43.524,43.591,43.651,43.705,43.768,43.824,43.878,43.923,43.974,44.026,44.075,44.139,44.198,44.243,44.304,44.344,44.401,44.45,44.504,44.553,44.62,44.676,44.745,44.81,44.871,44.936,45.004,45.107,45.167,45.242,45.296,45.349,45.415,45.508,45.555,45.616,45.679,45.738,45.826,45.885,45.971,46.072,46.131,46.222,46.316,46.393,46.482,46.583,46.696,46.799,46.886,47.016,47.152,47.292,47.44,47.612,47.835,48.013,48.23,48.548,48.98,49.645,50.695
39,LNP FP,37.485,39.071,39.738,40.174,40.423,40.628,40.806,40.923,41.047,41.184,41.314,41.425,41.539,41.647,41.788,41.878,41.975,42.083,42.192,42.266,42.368,42.454,42.522,42.593,42.643,42.71,42.778,42.829,42.9,42.957,43.008,43.09,43.135,43.201,43.275,43.338,43.401,43.463,43.524,43.591,43.651,43.705,43.768,43.824,43.878,43.923,43.974,44.026,44.075,44.139,44.198,44.243,44.304,44.344,44.401,44.45,44.504,44.553,44.62,44.676,44.745,44.81,44.871,44.936,45.004,45.107,45.167,45.242,45.296,45.349,45.415,45.508,45.555,45.616,45.679,45.738,45.826,45.885,45.971,46.072,46.131,46.222,46.316,46.393,46.482,46.583,46.696,46.799,46.886,47.016,47.152,47.292,47.44,47.612,47.835,48.013,48.23,48.548,48.98,49.645,50.695
40,LNP FP,37.48,39.14,39.78,40.185,40.372,40.594,40.76,40.894,41.053,41.168,41.279,41.398,41.512,41.622,41.76,41.864,41.965,42.071,42.202,42.288,42.364,42.447,42.503,42.581,42.667,42.73,42.793,42.855,42.905,42.955,43.012,43.084,43.154,43.205,43.268,43.327,43.383,43.459,43.528,43.576,43.636,43.689,43.736,43.806,43.855,43.908,43.958,44.029,44.074,44.122,44.191,44.239,44.282,44.33,44.384,44.443,44.502,44.58,44.627,44.684,44.746,44.806,44.852,44.925,44.988,45.048,45.106,45.185,45.25,45.303,45.375,45.458,45.538,45.602,45.667,45.732,45.802,45.871,45.929,46.01,46.093,46.164,46.242,46.315,46.41,46.539,46.661,46.775,46.878,47.039,47.169,47.297,47.435,47.593,47.725,47.938,48.156,48.564,48.956,49.56,50.857
41,LNP FP,37.48,39.14,39.78,40.185,40.372,40.594,40.76,40.894,41.053,41.168,41.279,41.398,41.512,41.622,41.76,41.864,41.965,42.071,42.202,42.288,42.364,42.447,42.503,42.581,42.667,42.73,42.793,42.855,42.905,42.955,43.012,43.084,43.154,43.205,43.268,43.327,43.383,43.459,43.528,43.576,43.636,43.689,43.736,43.806,43.855,43.908,43.958,44.029,44.074,44.122,44.191,44.239,44.282,44.33,44.384,44.443,44.502,44.58,44.627,44.684,44.746,44.806,44.852,44.925,44.988,45.048,45.106,45.185,45.25,45.303,45.375,45.458,45.538,45.602,45.667,45.732,45.802,45.871,45.929,46.01,46.093,46.164,46.242,46.315,46.41,46.539,46.661,46.775,46.878,47.039,47.169,47.297,47.435,47.593,47.725,47.938,48.156,48.564,48.956,49.56,50.857
42,LNP FP,37.558,39.132,39.939,40.221,40.449,40.608,40.766,40.92,41.012,41.171,41.29,41.483,41.603,41.696,41.796,41.903,42.029,42.14,42.214,42.317,42.396,42.464,42.542,42.606,42.663,42.721,42.786,42.843,42.928,42.987,43.053,43.117,43.176,43.23,43.295,43.345,43.401,43.453,43.498,43.571,43.634,43.688,43.74,43.794,43.839,43.894,43.936,43.983,44.046,44.114,44.167,44.221,44.275,44.329,44.393,44.443,44.508,44.561,44.623,44.699,44.763,44.808,44.863,44.936,45.006,45.068,45.142,45.212,45.283,45.339,45.382,45.445,45.511,45.563,45.632,45.703,45.779,45.845,45.92,46.005,46.098,46.174,46.268,46.344,46.436,46.514,46.627,46.736,46.876,47.002,47.143,47.258,47.39,47.556,47.721,47.953,48.305,48.521,48.896,49.478,50.805
43,LNP FP,37.558,39.132,39.939,40.221,40.449,40.608,40.766,40.92,41.012,41.171,41.29,41.483,41.603,41.696,41.796,41.903,42.029,42.14,42.214,42.317,42.396,42.464,42.542,42.606,42.663,42.721,42.786,42.843,42.928,42.987,43.053,43.117,43.176,43.23,43.295,43.345,43.401,43.453,43.498,43.571,43.634,43.688,43.74,43.794,43.839,43.894,43.936,43.983,44.046,44.114,44.167,44.221,44.275,44.329,44.393,44.443,44.508,44.561,44.623,44.699,44.763,44.808,44.863,44.936,45.006,45.068,45.142,45.212,45.283,45.339,45.382,45.445,45.511,45.563,45.632,45.703,45.779,45.845,45.92,46.005,46.098,46.174,46.268,46.344,46.436,46.514,46.627,46.736,46.876,47.002,47.143,47.258,47.39,47.556,47.721,47.953,48.305,48.521,48.896,49.478,50.805
44,LNP FP,37.736,39.33,39.852,40.202,40.406,40.607,40.793,40.924,41.071,41.2,41.343,41.497,41.622,41.702,41.826,41.928,42.056,42.153,42.223,42.297,42.369,42.449,42.535,42.598,42.643,42.686,42.752,42.818,42.862,42.93,42.984,43.042,43.117,43.187,43.252,43.322,43.39,43.443,43.511,43.556,43.611,43.655,43.713,43.779,43.856,43.896,43.953,44.006,44.074,44.12,44.18,44.23,44.289,44.334,44.394,44.442,44.502,44.559,44.619,44.681,44.742,44.805,44.864,44.919,44.969,45.023,45.094,45.157,45.218,45.297,45.36,45.418,45.487,45.549,45.598,45.658,45.741,45.815,45.91,45.991,46.053,46.134,46.219,46.321,46.448,46.537,46.624,46.729,46.857,46.983,47.089,47.194,47.356,47.473,47.664,47.958,48.229,48.567,49.026,49.661,50.757
45,LNP FP,37.736,39.33,39.852,40.202,40.406,40.607,40.793,40.924,41.071,41.2,41.343,41.497,41.622,41.702,41.826,41.928,42.056,42.153,42.223,42.297,42.369,42.449,42.535,42.598,42.643,42.686,42.752,42.818,42.862,42.93,42.984,43.042,43.117,43.187,43.252,43.322,43.39,43.443,43.511,43.556,43.611,43.655,43.713,43.779,43.856,43.896,43.953,44.006,44.074,44.12,44.18,44.23,44.289,44.334,44.394,44.442,44.502,44.559,44.619,44.681,44.742,44.805,44.864,44.919,44.969,45.023,45.094,45.157,45.218,45.297,45.36,45.418,45.487,45.549,45.598,45.658,45.741,45.815,45.91,45.991,46.053,46.134,46.219,46.321,46.448,46.537,46.624,46.729,46.857,46.983,47.089,47.194,47.356,47.473,47.664,47.958,48.229,48.567,49.026,49.661,50.757
46,LNP FP,37.635,39.362,39.78,40.137,40.435,40.698,40.859,40.993,41.144,41.278,41.418,41.542,41.649,41.74,41.841,41.921,42.003,42.104,42.219,42.284,42.349,42.422,42.497,42.562,42.616,42.681,42.738,42.802,42.877,42.923,42.993,43.067,43.135,43.188,43.247,43.3,43.349,43.407,43.468,43.531,43.615,43.674,43.739,43.807,43.863,43.923,43.97,44.016,44.064,44.135,44.175,44.233,44.301,44.357,44.405,44.464,44.522,44.592,44.643,44.694,44.733,44.798,44.85,44.906,44.97,45.025,45.081,45.134,45.202,45.255,45.304,45.358,45.434,45.509,45.559,45.641,45.72,45.808,45.869,45.97,46.063,46.147,46.252,46.332,46.426,46.521,46.588,46.703,46.802,46.927,47.045,47.156,47.297,47.517,47.712,47.951,48.203,48.516,48.99,49.443,50.632
47,LNP FP,37.635,39.362,39.78,40.137,40.435,40.698,40.859,40.993,41.144,41.278,41.418,41.542,41.649,41.74,41.841,41.921,42.003,42.104,42.219,42.284,42.349,42.422,42.497,42.562,42.616,42.681,42.738,42.802,42.877,42.923,42.993,43.067,43.135,43.188,43.247,43.3,43.349,43.407,43.468,43.531,43.615,43.674,43.739,43.807,43.863,43.923,43.97,44.016,44.064,44.135,44.175,44.233,44.301,44.357,44.405,44.464,44.522,44.592,44.643,44.694,44.733,44.798,44.85,44.906,44.97,45.025,45.081,45.134,45.202,45.255,45.304,45.358,45.434,45.509,45.559,45.641,45.72,45.808,45.869,45.97,46.063,46.147,46.252,46.332,46.426,46.521,46.588,46.703,46.802,46.927,47.045,47.156,47.297,47.517,47.712,47.951,48.203,48.516,48.99,49.443,50.632
48,LNP FP,37.579,39.364,39.872,40.13,40.424,40.66,40.839,40.984,41.145,41.289,41.432,41.529,41.668,41.789,41.861,41.94,42.0,42.096,42.187,42.265,42.35,42.432,42.521,42.592,42.66,42.718,42.767,42.848,42.892,42.939,43.009,43.056,43.134,43.197,43.25,43.307,43.377,43.441,43.499,43.552,43.617,43.683,43.739,43.793,43.836,43.88,43.939,44.021,44.085,44.154,44.206,44.246,44.297,44.351,44.401,44.467,44.522,44.576,44.633,44.691,44.753,44.805,44.859,44.921,44.974,45.046,45.085,45.134,45.182,45.249,45.304,45.362,45.434,45.487,45.569,45.645,45.705,45.801,45.893,45.969,46.038,46.126,46.22,46.293,46.373,46.475,46.548,46.617,46.708,46.825,46.985,47.112,47.273,47.418,47.676,47.862,48.096,48.498,48.811,49.522,50.647
49,LNP FP,37.579,39.364,39.872,40.13,40.424,40.66,40.839,40.984,41.145,41.289,41.432,41.529,41.668,41.789,41.861,41.94,42.0,42.096,42.187,42.265,42.35,42.432,42.521,42.592,42.66,42.718,42.767,42.848,42.892,42.939,43.009,43.056,43.134,43.197,43.25,43.307,43.377,43.441,43.499,43.552,43.617,43.683,43.739,43.793,43.836,43.88,43.939,44.021,44.085,44.154,44.206,44.246,44.297,44.351,44.401,44.467,44.522,44.576,44.633,44.691,44.753,44.805,44.859,44.921,44.974,45.046,45.085,45.134,45.182,45.249,45.304,45.362,45.434,45.487,45.569,45.645,45.705,45.801,45.893,45.969,46.038,46.126,46.22,46.293,46.373,46.475,46.548,46.617,46.708,46.825,46.985,47.112,47.273,47.418,47.676,47.862,48.096,48.498,48.811,49.522,50.647
50,LNP FP,37.973,39.308,39.887,40.229,40.46,40.669,40.832,41.001,41.175,41.336,41.448,41.569,41.664,41.755,41.842,41.919,42.031,42.104,42.196,42.273,42.359,42.44,42.508,42.564,42.62,42.703,42.768,42.829,42.889,42.947,43.008,43.071,43.147,43.196,43.237,43.316,43.375,43.424,43.476,43.539,43.589,43.653,43.705,43.746,43.803,43.856,43.92,43.999,44.056,44.128,44.187,44.26,44.311,44.385,44.454,44.51,44.561,44.609,44.665,44.72,44.768,44.812,44.844,44.897,44.939,44.99,45.05,45.101,45.158,45.231,45.291,45.36,45.436,45.504,45.569,45.641,45.709,45.777,45.867,45.941,45.989,46.103,46.172,46.287,46.375,46.472,46.546,46.657,46.764,46.869,46.985,47.141,47.225,47.37,47.544,47.744,48.017,48.345,48.887,49.45,51.024
51,LNP FP,37.973,39.308,39.887,40.229,40.46,40.669,40.832,41.001,41.175,41.336,41.448,41.569,41.664,41.755,41.842,41.919,42.031,42.104,42.196,42.273,42.359,42.44,42.508,42.564,42.62,42.703,42.768,42.829,42.889,42.947,43.008,43.071,43.147,43.196,43.237,43.316,43.375,43.424,43.476,43.539,43.589,43.653,43.705,43.746,43.803,43.856,43.92,43.999,44.056,44.128,44.187,44.26,44.311,44.385,44.454,44.51,44.561,44.609,44.665,44.72,44.768,44.812,44.844,44.897,44.939,44.99,45.05,45.101,45.158,45.231,45.291,45.36,45.436,45.504,45.569,45.641,45.709,45.777,45.867,45.941,45.989,46.103,46.172,46.287,46.375,46.472,46.546,46.657,46.764,46.869,46.985,47.141,47.225,47.37,47.544,47.744,48.017,48.345,48.887,49.45,51.024
52,LNP FP,37.985,39.236,39.938,40.241,40.496,40.685,40.888,41.088,41.201,41.336,41.421,41.533,41.634,41.709,41.817,41.909,42.013,42.122,42.193,42.277,42.328,42.382,42.46,42.526,42.626,42.701,42.759,42.82,42.876,42.946,43.01,43.074,43.145,43.203,43.26,43.324,43.377,43.425,43.493,43.554,43.624,43.683,43.739,43.783,43.848,43.907,43.973,44.036,44.097,44.143,44.197,44.252,44.304,44.352,44.411,44.471,44.543,44.61,44.656,44.716,44.769,44.821,44.875,44.921,44.989,45.046,45.086,45.162,45.211,45.267,45.315,45.354,45.411,45.463,45.527,45.616,45.696,45.789,45.859,45.941,46.031,46.114,46.208,46.282,46.363,46.461,46.55,46.673,46.784,46.86,46.967,47.085,47.21,47.355,47.575,47.75,48.033,48.409,48.862,49.332,51.541
53,LNP FP,37.985,39.236,39.938,40.241,40.496,40.685,40.888,41.088,41.201,41.336,41.421,41.533,41.634,41.709,41.817,41.909,42.013,42.122,42.193,42.277,42.328,42.382,42.46,42.526,42.626,42.701,42.759,42.82,42.876,42.946,43.01,43.074,43.145,43.203,43.26,43.324,43.377,43.425,43.493,43.554,43.624,43.683,43.739,43.783,43.848,43.907,43.973,44.036,44.097,44.143,44.197,44.252,44.304,44.352,44.411,44.471,44.543,44.61,44.656,44.716,44.769,44.821,44.875,44.921,44.989,45.046,45.086,45.162,45.211,45.267,45.315,45.354,45.411,45.463,45.527,45.616,45.696,45.789,45.859,45.941,46.031,46.114,46.208,46.282,46.363,46.461,46.55,46.673,46.784,46.86,46.967,47.085,47.21,47.355,47.575,47.75,48.033,48.409,48.862,49.332,51.541
54,LNP FP,38.099,39.387,39.99,40.204,40.464,40.658,40.863,41.008,41.137,41.306,41.411,41.508,41.596,41.708,41.844,41.925,42.033,42.154,42.239,42.313,42.387,42.457,42.538,42.605,42.683,42.748,42.797,42.855,42.93,42.991,43.048,43.089,43.145,43.197,43.248,43.305,43.373,43.43,43.479,43.537,43.621,43.683,43.732,43.78,43.838,43.9,43.957,44.01,44.067,44.114,44.162,44.221,44.294,44.339,44.414,44.482,44.545,44.623,44.687,44.737,44.782,44.82,44.878,44.924,44.975,45.043,45.099,45.149,45.212,45.261,45.336,45.384,45.44,45.506,45.581,45.629,45.712,45.796,45.888,45.983,46.06,46.149,46.24,46.294,46.383,46.462,46.534,46.63,46.721,46.832,46.928,47.049,47.196,47.382,47.585,47.774,48.009,48.32,48.74,49.363,51.257
55,LNP FP,38.099,39.387,39.99,40.204,40.464,40.658,40.863,41.008,41.137,41.306,41.411,41.508,41.596,41.708,41.844,41.925,42.033,42.154,42.239,42.313,42.387,42.457,42.538,42.605,42.683,42.748,42.797,42.855,42.93,42.991,43.048,43.089,43.145,43.197,43.248,43.305,43.373,43.43,43.479,43.537,43.621,43.683,43.732,43.78,43.838,43.9,43.957,44.01,44.067,44.114,44.162,44.221,44.294,44.339,44.414,44.482,44.545,44.623,44.687,44.737,44.782,44.82,44.878,44.924,44.975,45.043,45.099,45.149,45.212,45.261,45.336,45.384,45.44,45.506,45.581,45.629,45.712,45.796,45.888,45.983,46.06,46.149,46.24,46.294,46.383,46.462,46.534,46.63,46.721,46.832,46.928,47.049,47.196,47.382,47.585,47.774,48.009,48.32,48.74,49.363,51.257
56,LNP FP,37.977,39.386,39.985,40.187,40.473,40.707,40.877,41.05,41.209,41.357,41.46,41.553,41.651,41.742,41.832,41.937,42.031,42.141,42.222,42.305,42.368,42.452,42.533,42.604,42.676,42.768,42.839,42.891,42.944,42.99,43.035,43.077,43.139,43.195,43.253,43.313,43.362,43.425,43.504,43.553,43.629,43.672,43.729,43.787,43.843,43.902,43.962,44.031,44.1,44.154,44.201,44.257,44.31,44.351,44.402,44.466,44.521,44.57,44.63,44.687,44.741,44.783,44.838,44.915,44.963,45.008,45.062,45.125,45.169,45.223,45.285,45.364,45.436,45.498,45.57,45.643,45.722,45.8,45.861,45.941,46.02,46.09,46.174,46.255,46.326,46.432,46.551,46.64,46.731,46.828,46.918,47.035,47.216,47.36,47.535,47.694,47.972,48.299,48.715,49.258,50.899
57,LNP FP,37.977,39.386,39.985,40.187,40.473,40.707,40.877,41.05,41.209,41.357,41.46,41.553,41.651,41.742,41.832,41.937,42.031,42.141,42.222,42.305,42.368,42.452,42.533,42.604,42.676,42.768,42.839,42.891,42.944,42.99,43.035,43.077,43.139,43.195,43.253,43.313,43.362,43.425,43.504,43.553,43.629,43.672,43.729,43.787,43.843,43.902,43.962,44.031,44.1,44.154,44.201,44.257,44.31,44.351,44.402,44.466,44.521,44.57,44.63,44.687,44.741,44.783,44.838,44.915,44.963,45.008,45.062,45.125,45.169,45.223,45.285,45.364,45.436,45.498,45.57,45.643,45.722,45.8,45.861,45.941,46.02,46.09,46.174,46.255,46.326,46.432,46.551,46.64,46.731,46.828,46.918,47.035,47.216,47.36,47.535,47.694,47.972,48.299,48.715,49.258,50.899
58,LNP FP,37.927,39.535,39.922,40.28,40.43,40.69,40.908,41.053,41.225,41.396,41.521,41.61,41.716,41.796,41.872,41.945,42.025,42.108,42.178,42.298,42.382,42.47,42.537,42.597,42.679,42.748,42.806,42.878,42.937,42.982,43.024,43.09,43.146,43.208,43.287,43.329,43.379,43.436,43.49,43.526,43.586,43.652,43.717,43.773,43.845,43.909,43.972,44.025,44.076,44.143,44.193,44.254,44.307,44.362,44.425,44.482,44.536,44.581,44.629,44.68,44.723,44.771,44.827,44.879,44.936,44.994,45.055,45.12,45.183,45.247,45.31,45.376,45.435,45.497,45.563,45.629,45.69,45.762,45.883,45.955,46.034,46.119,46.205,46.294,46.385,46.468,46.537,46.593,46.689,46.791,46.898,47.011,47.142,47.322,47.463,47.692,47.949,48.273,48.702,49.245,50.854
59,LNP FP,37.927,39.535,39.922,40.28,40.43,40.69,40.908,41.053,41.225,41.396,41.521,41.61,41.716,41.796,41.872,41.945,42.025,42.108,42.178,42.298,42.382,42.47,42.537,42.597,42.679,42.748,42.806,42.878,42.937,42.982,43.024,43.09,43.146,43.208,43.287,43.329,43.379,43.436,43.49,43.526,43.586,43.652,43.717,43.773,43.845,43.909,43.972,44.025,44.076,44.143,44.193,44.254,44.307,44.362,44.425,44.482,44.536,44.581,44.629,44.68,44.723,44.771,44.827,44.879,44.936,44.994,45.055,45.12,45.183,45.247,45.31,45.376,45.435,45.497,45.563,45.629,45.69,45.762,45.883,45.955,46.034,46.119,46.205,46.294,46.385,46.468,46.537,46.593,46.689,46.791,46.898,47.011,47.142,47.322,47.463,47.692,47.949,48.273,48.702,49.245,50.854
60,LNP FP,37.858,39.43,39.982,40.335,40.538,40.791,40.905,41.079,41.21,41.373,41.484,41.625,41.748,41.817,41.925,42.017,42.077,42.154,42.233,42.31,42.39,42.483,42.559,42.654,42.722,42.77,42.833,42.904,42.943,42.994,43.054,43.132,43.192,43.24,43.294,43.341,43.393,43.453,43.507,43.55,43.614,43.673,43.735,43.786,43.864,43.938,44.001,44.052,44.107,44.16,44.198,44.256,44.325,44.382,44.43,44.49,44.533,44.581,44.627,44.68,44.745,44.811,44.872,44.92,44.977,45.026,45.074,45.116,45.19,45.249,45.318,45.393,45.463,45.529,45.581,45.635,45.712,45.798,45.862,45.917,45.997,46.064,46.169,46.237,46.331,46.419,46.522,46.617,46.708,46.81,46.942,47.047,47.14,47.293,47.437,47.592,47.853,48.149,48.666,49.167,50.681
61,LNP FP,37.858,39.43,39.982,40.335,40.538,40.791,40.905,41.079,41.21,41.373,41.484,41.625,41.748,41.817,41.925,42.017,42.077,42.154,42.233,42.31,42.39,42.483,42.559,42.654,42.722,42.77,42.833,42.904,42.943,42.994,43.054,43.132,43.192,43.24,43.294,43.341,43.393,43.453,43.507,43.55,43.614,43.673,43.735,43.786,43.864,43.938,44.001,44.052,44.107,44.16,44.198,44.256,44.325,44.382,44.43,44.49,44.533,44.581,44.627,44.68,44.745,44.811,44.872,44.92,44.977,45.026,45.074,45.116,45.19,45.249,45.318,45.393,45.463,45.529,45.581,45.635,45.712,45.798,45.862,45.917,45.997,46.064,46.169,46.237,46.331,46.419,46.522,46.617,46.708,46.81,46.942,47.047,47.14,47.293,47.437,47.592,47.853,48.149,48.666,49.167,50.681
62,LNP FP,37.586,39.409,40.004,40.256,40.527,40.815,41.018,41.138,41.297,41.424,41.56,41.66,41.759,41.831,41.916,42.004,42.08,42.192,42.276,42.363,42.43,42.503,42.579,42.638,42.687,42.741,42.817,42.88,42.953,43.023,43.087,43.145,43.206,43.257,43.296,43.352,43.404,43.459,43.504,43.557,43.617,43.679,43.744,43.786,43.854,43.903,43.958,44.023,44.084,44.131,44.182,44.238,44.309,44.356,44.408,44.465,44.514,44.556,44.61,44.684,44.761,44.809,44.868,44.907,44.957,45.018,45.082,45.147,45.211,45.273,45.321,45.385,45.448,45.504,45.567,45.621,45.693,45.774,45.852,45.927,45.996,46.089,46.175,46.255,46.341,46.435,46.512,46.623,46.724,46.823,46.919,47.049,47.147,47.283,47.428,47.607,47.806,48.156,48.745,49.121,50.452
63,LNP FP,37.586,39.409,40.004,40.256,40.527,40.815,41.018,41.138,41.297,41.424,41.56,41.66,41.759,41.831,41.916,42.004,42.08,42.192,42.276,42.363,42.43,42.503,42.579,42.638,42.687,42.741,42.817,42.88,42.953,43.023,43.087,43.145,43.206,43.257,43.296,43.352,43.404,43.459,43.504,43.557,43.617,43.679,43.744,43.786,43.854,43.903,43.958,44.023,44.084,44.131,44.182,44.238,44.309,44.356,44.408,44.465,44.514,44.556,44.61,44.684,44.761,44.809,44.868,44.907,44.957,45.018,45.082,45.147,45.211,45.273,45.321,45.385,45.448,45.504,45.567,45.621,45.693,45.774,45.852,45.927,45.996,46.089,46.175,46.255,46.341,46.435,46.512,46.623,46.724,46.823,46.919,47.049,47.147,47.283,47.428,47.607,47.806,48.156,48.745,49.121,50.452
64,LNP FP,37.811,39.435,40.017,40.283,40.585,40.836,40.959,41.108,41.242,41.388,41.508,41.649,41.749,41.845,41.942,42.038,42.103,42.172,42.253,42.305,42.377,42.448,42.532,42.6,42.645,42.714,42.779,42.847,42.895,42.963,43.04,43.124,43.182,43.23,43.302,43.387,43.433,43.476,43.524,43.582,43.632,43.695,43.779,43.824,43.884,43.933,43.975,44.04,44.107,44.157,44.202,44.247,44.296,44.344,44.404,44.464,44.538,44.585,44.63,44.684,44.743,44.826,44.885,44.941,44.997,45.047,45.108,45.168,45.245,45.292,45.359,45.417,45.47,45.513,45.585,45.657,45.721,45.802,45.875,45.942,46.026,46.093,46.163,46.232,46.331,46.403,46.501,46.585,46.667,46.786,46.932,47.014,47.171,47.356,47.481,47.669,47.841,48.173,48.603,49.219,50.625
65,LNP FP,37.811,39.435,40.017,40.283,40.585,40.836,40.959,41.108,41.242,41.388,41.508,41.649,41.749,41.845,41.942,42.038,42.103,42.172,42.253,42.305,42.377,42.448,42.532,42.6,42.645,42.714,42.779,42.847,42.895,42.963,43.04,43.124,43.182,43.23,43.302,43.387,43.433,43.476,43.524,43.582,43.632,43.695,43.779,43.824,43.884,43.933,43.975,44.04,44.107,44.157,44.202,44.247,44.296,44.344,44.404,44.464,44.538,44.585,44.63,44.684,44.743,44.826,44.885,44.941,44.997,45.047,45.108,45.168,45.245,45.292,45.359,45.417,45.47,45.513,45.585,45.657,45.721,45.802,45.875,45.942,46.026,46.093,46.163,46.232,46.331,46.403,46.501,46.585,46.667,46.786,46.932,47.014,47.171,47.356,47.481,47.669,47.841,48.173,48.603,49.219,50.625
66,LNP FP,37.828,39.478,39.984,40.29,40.55,40.801,40.959,41.181,41.268,41.422,41.512,41.637,41.74,41.84,41.953,42.053,42.146,42.209,42.274,42.338,42.407,42.473,42.545,42.603,42.672,42.729,42.808,42.872,42.942,43.003,43.077,43.118,43.16,43.226,43.301,43.368,43.41,43.481,43.533,43.594,43.641,43.696,43.754,43.799,43.845,43.889,43.948,43.997,44.051,44.107,44.155,44.228,44.301,44.356,44.43,44.475,44.53,44.575,44.642,44.683,44.722,44.784,44.851,44.921,44.967,45.042,45.111,45.166,45.246,45.298,45.379,45.44,45.5,45.588,45.642,45.699,45.766,45.828,45.886,45.944,46.007,46.097,46.159,46.247,46.329,46.424,46.51,46.592,46.684,46.764,46.875,46.996,47.125,47.252,47.486,47.679,47.92,48.165,48.478,49.174,50.503
67,LNP FP,37.828,39.478,39.984,40.29,40.55,40.801,40.959,41.181,41.268,41.422,41.512,41.637,41.74,41.84,41.953,42.053,42.146,42.209,42.274,42.338,42.407,42.473,42.545,42.603,42.672,42.729,42.808,42.872,42.942,43.003,43.077,43.118,43.16,43.226,43.301,43.368,43.41,43.481,43.533,43.594,43.641,43.696,43.754,43.799,43.845,43.889,43.948,43.997,44.051,44.107,44.155,44.228,44.301,44.356,44.43,44.475,44.53,44.575,44.642,44.683,44.722,44.784,44.851,44.921,44.967,45.042,45.111,45.166,45.246,45.298,45.379,45.44,45.5,45.588,45.642,45.699,45.766,45.828,45.886,45.944,46.007,46.097,46.159,46.247,46.329,46.424,46.51,46.592,46.684,46.764,46.875,46.996,47.125,47.252,47.486,47.679,47.92,48.165,48.478,49.174,50.503
68,LNP FP,38.339,39.466,40.015,40.306,40.569,40.79,40.952,41.163,41.278,41.391,41.53,41.623,41.719,41.804,41.9,41.975,42.069,42.153,42.236,42.303,42.395,42.473,42.546,42.595,42.672,42.733,42.807,42.883,42.936,43.002,43.067,43.128,43.186,43.257,43.322,43.369,43.416,43.477,43.539,43.603,43.661,43.711,43.754,43.796,43.858,43.92,43.967,44.002,44.06,44.105,44.161,44.215,44.275,44.326,44.366,44.419,44.478,44.543,44.605,44.675,44.73,44.777,44.83,44.906,44.945,45.015,45.091,45.156,45.234,45.307,45.362,45.421,45.488,45.543,45.604,45.665,45.724,45.783,45.852,45.949,46.013,46.091,46.168,46.245,46.306,46.379,46.462,46.572,46.66,46.777,46.878,46.963,47.105,47.237,47.406,47.626,47.854,48.143,48.54,49.095,50.348
69,LNP FP,38.339,39.466,40.015,40.306,40.569,40.79,40.952,41.163,41.278,41.391,41.53,41.623,41.719,41.804,41.9,41.975,42.069,42.153,42.236,42.303,42.395,42.473,42.546,42.595,42.672,42.733,42.807,42.883,42.936,43.002,43.067,43.128,43.186,43.257,43.322,43.369,43.416,43.477,43.539,43.603,43.661,43.711,43.754,43.796,43.858,43.92,43.967,44.002,44.06,44.105,44.161,44.215,44.275,44.326,44.366,44.419,44.478,44.543,44.605,44.675,44.73,44.777,44.83,44.906,44.945,45.015,45.091,45.156,45.234,45.307,45.362,45.421,45.488,45.543,45.604,45.665,45.724,45.783,45.852,45.949,46.013,46.091,46.168,46.245,46.306,46.379,46.462,46.572,46.66,46.777,46.878,46.963,47.105,47.237,47.406,47.626,47.854,48.143,48.54,49.095,50.348
70,LNP FP,38.503,39.528,40.038,40.431,40.631,40.812,40.954,41.148,41.297,41.407,41.541,41.642,41.731,41.815,41.911,41.984,42.06,42.132,42.221,42.291,42.366,42.444,42.514,42.588,42.669,42.733,42.795,42.883,42.944,43.017,43.077,43.125,43.184,43.234,43.305,43.362,43.43,43.504,43.561,43.605,43.655,43.722,43.779,43.821,43.866,43.917,43.976,44.022,44.092,44.143,44.188,44.232,44.275,44.342,44.4,44.456,44.501,44.564,44.609,44.654,44.7,44.754,44.808,44.874,44.935,44.994,45.071,45.139,45.198,45.266,45.31,45.36,45.413,45.475,45.556,45.624,45.68,45.748,45.838,45.895,46.009,46.081,46.149,46.222,46.323,46.409,46.489,46.575,46.652,46.737,46.844,46.948,47.073,47.23,47.365,47.526,47.782,48.079,48.374,49.064,50.166
71,LNP FP,38.503,39.528,40.038,40.431,40.631,40.812,40.954,41.148,41.297,41.407,41.541,41.642,41.731,41.815,41.911,41.984,42.06,42.132,42.221,42.291,42.366,42.444,42.514,42.588,42.669,42.733,42.795,42.883,42.944,43.017,43.077,43.125,43.184,43.234,43.305,43.362,43.43,43.504,43.561,43.605,43.655,43.722,43.779,43.821,43.866,43.917,43.976,44.022,44.092,44.143,44.188,44.232,44.275,44.342,44.4,44.456,44.501,44.564,44.609,44.654,44.7,44.754,44.808,44.874,44.935,44.994,45.071,45.139,45.198,45.266,45.31,45.36,45.413,45.475,45.556,45.624,45.68,45.748,45.838,45.895,46.009,46.081,46.149,46.222,46.323,46.409,46.489,46.575,46.652,46.737,46.844,46.948,47.073,47.23,47.365,47.526,47.782,48.079,48.374,49.064,50.166
72,LNP FP,38.386,39.583,40.067,40.412,40.684,40.832,41.022,41.165,41.304,41.425,41.529,41.641,41.738,41.818,41.916,41.99,42.057,42.129,42.228,42.296,42.394,42.464,42.552,42.633,42.684,42.747,42.788,42.828,42.914,42.972,43.026,43.089,43.146,43.217,43.283,43.329,43.411,43.468,43.518,43.592,43.652,43.712,43.758,43.799,43.848,43.899,43.942,44.008,44.074,44.136,44.188,44.232,44.285,44.333,44.387,44.445,44.494,44.553,44.6,44.658,44.699,44.745,44.809,44.874,44.932,44.993,45.037,45.109,45.173,45.243,45.304,45.375,45.418,45.482,45.535,45.6,45.678,45.755,45.833,45.916,45.998,46.069,46.151,46.233,46.291,46.36,46.434,46.514,46.631,46.703,46.835,46.942,47.076,47.179,47.396,47.517,47.715,48.095,48.338,48.94,50.481
73,LNP FP,38.386,39.583,40.067,40.412,40.684,40.832,41.022,41.165,41.304,41.425,41.529,41.641,41.738,41.818,41.916,41.99,42.057,42.129,42.228,42.296,42.394,42.464,42.552,42.633,42.684,42.747,42.788,42.828,42.914,42.972,43.026,43.089,43.146,43.217,43.283,43.329,43.411,43.468,43.518,43.592,43.652,43.712,43.758,43.799,43.848,43.899,43.942,44.008,44.074,44.136,44.188,44.232,44.285,44.333,44.387,44.445,44.494,44.553,44.6,44.658,44.699,44.745,44.809,44.874,44.932,44.993,45.037,45.109,45.173,45.243,45.304,45.375,45.418,45.482,45.535,45.6,45.678,45.755,45.833,45.916,45.998,46.069,46.151,46.233,46.291,46.36,46.434,46.514,46.631,46.703,46.835,46.942,47.076,47.179,47.396,47.517,47.715,48.095,48.338,48.94,50.481
74,LNP FP,38.406,39.489,40.052,40.376,40.577,40.823,40.974,41.186,41.312,41.428,41.505,41.625,41.733,41.824,41.932,42.023,42.088,42.177,42.248,42.321,42.389,42.447,42.537,42.608,42.665,42.758,42.824,42.877,42.932,42.979,43.036,43.106,43.167,43.226,43.293,43.352,43.406,43.482,43.546,43.596,43.651,43.704,43.767,43.814,43.857,43.927,43.98,44.023,44.065,44.116,44.173,44.213,44.266,44.32,44.381,44.438,44.484,44.541,44.603,44.674,44.731,44.77,44.819,44.873,44.939,45.004,45.054,45.104,45.166,45.226,45.321,45.359,45.414,45.492,45.552,45.624,45.685,45.745,45.808,45.882,45.954,46.027,46.099,46.196,46.271,46.355,46.446,46.504,46.587,46.653,46.743,46.901,47.05,47.197,47.327,47.47,47.716,47.976,48.4,48.984,50.332
75,LNP FP,38.406,39.489,40.052,40.376,40.577,40.823,40.974,41.186,41.312,41.428,41.505,41.625,41.733,41.824,41.932,42.023,42.088,42.177,42.248,42.321,42.389,42.447,42.537,42.608,42.665,42.758,42.824,42.877,42.932,42.979,43.036,43.106,43.167,43.226,43.293,43.352,43.406,43.482,43.546,43.596,43.651,43.704,43.767,43.814,43.857,43.927,43.98,44.023,44.065,44.116,44.173,44.213,44.266,44.32,44.381,44.438,44.484,44.541,44.603,44.674,44.731,44.77,44.819,44.873,44.939,45.004,45.054,45.104,45.166,45.226,45.321,45.359,45.414,45.492,45.552,45.624,45.685,45.745,45.808,45.882,45.954,46.027,46.099,46.196,46.271,46.355,46.446,46.504,46.587,46.653,46.743,46.901,47.05,47.197,47.327,47.47,47.716,47.976,48.4,48.984,50.332
76,LNP FP,38.235,39.624,40.044,40.298,40.582,40.808,41.02,41.184,41.327,41.465,41.59,41.701,41.779,41.891,41.976,42.054,42.143,42.232,42.288,42.356,42.44,42.506,42.57,42.637,42.701,42.765,42.836,42.9,42.961,43.023,43.088,43.155,43.201,43.268,43.318,43.374,43.453,43.506,43.552,43.609,43.661,43.718,43.784,43.835,43.889,43.935,43.972,44.033,44.081,44.15,44.198,44.251,44.299,44.34,44.379,44.417,44.47,44.524,44.589,44.651,44.701,44.765,44.826,44.886,44.931,44.999,45.045,45.102,45.152,45.214,45.274,45.347,45.391,45.455,45.533,45.587,45.674,45.747,45.811,45.885,45.93,45.995,46.032,46.096,46.19,46.286,46.38,46.454,46.536,46.634,46.755,46.87,46.993,47.143,47.289,47.532,47.759,47.946,48.305,49.018,50.103
77,LNP FP,38.235,39.624,40.044,40.298,40.582,40.808,41.02,41.184,41.327,41.465,41.59,41.701,41.779,41.891,41.976,42.054,42.143,42.232,42.288,42.356,42.44,42.506,42.57,42.637,42.701,42.765,42.836,42.9,42.961,43.023,43.088,43.155,43.201,43.268,43.318,43.374,43.453,43.506,43.552,43.609,43.661,43.718,43.784,43.835,43.889,43.935,43.972,44.033,44.081,44.15,44.198,44.251,44.299,44.34,44.379,44.417,44.47,44.524,44.589,44.651,44.701,44.765,44.826,44.886,44.931,44.999,45.045,45.102,45.152,45.214,45.274,45.347,45.391,45.455,45.533,45.587,45.674,45.747,45.811,45.885,45.93,45.995,46.032,46.096,46.19,46.286,46.38,46.454,46.536,46.634,46.755,46.87,46.993,47.143,47.289,47.532,47.759,47.946,48.305,49.018,50.103
78,LNP FP,38.166,39.579,40.084,40.347,40.623,40.865,41.049,41.211,41.326,41.433,41.569,41.716,41.806,41.91,41.981,42.098,42.173,42.249,42.333,42.387,42.47,42.531,42.607,42.663,42.715,42.775,42.845,42.898,42.969,43.05,43.114,43.169,43.223,43.288,43.349,43.409,43.476,43.531,43.575,43.625,43.671,43.729,43.79,43.844,43.882,43.949,43.991,44.036,44.073,44.131,44.179,44.231,44.293,44.353,44.4,44.448,44.509,44.563,44.612,44.673,44.726,44.774,44.835,44.875,44.923,44.974,45.024,45.09,45.137,45.196,45.266,45.331,45.377,45.449,45.513,45.585,45.66,45.734,45.789,45.853,45.925,45.988,46.05,46.102,46.17,46.252,46.34,46.422,46.517,46.621,46.733,46.838,46.963,47.11,47.263,47.453,47.631,47.887,48.222,48.898,50.274
79,LNP FP,38.166,39.579,40.084,40.347,40.623,40.865,41.049,41.211,41.326,41.433,41.569,41.716,41.806,41.91,41.981,42.098,42.173,42.249,42.333,42.387,42.47,42.531,42.607,42.663,42.715,42.775,42.845,42.898,42.969,43.05,43.114,43.169,43.223,43.288,43.349,43.409,43.476,43.531,43.575,43.625,43.671,43.729,43.79,43.844,43.882,43.949,43.991,44.036,44.073,44.131,44.179,44.231,44.293,44.353,44.4,44.448,44.509,44.563,44.612,44.673,44.726,44.774,44.835,44.875,44.923,44.974,45.024,45.09,45.137,45.196,45.266,45.331,45.377,45.449,45.513,45.585,45.66,45.734,45.789,45.853,45.925,45.988,46.05,46.102,46.17,46.252,46.34,46.422,46.517,46.621,46.733,46.838,46.963,47.11,47.263,47.453,47.631,47.887,48.222,48.898,50.274
80,LNP FP,38.366,39.667,40.157,40.43,40.67,40.911,41.077,41.215,41.357,41.514,41.609,41.701,41.801,41.886,41.972,42.064,42.135,42.215,42.303,42.36,42.438,42.511,42.589,42.676,42.738,42.8,42.882,42.947,43.012,43.062,43.112,43.17,43.238,43.301,43.372,43.427,43.47,43.508,43.553,43.609,43.68,43.727,43.787,43.842,43.901,43.947,44.009,44.06,44.1,44.161,44.23,44.279,44.34,44.378,44.423,44.467,44.527,44.578,44.621,44.681,44.725,44.766,44.808,44.858,44.936,44.984,45.031,45.082,45.145,45.202,45.251,45.302,45.376,45.429,45.505,45.571,45.63,45.701,45.749,45.821,45.905,45.958,46.023,46.1,46.177,46.252,46.324,46.398,46.49,46.581,46.703,46.813,46.928,47.054,47.222,47.356,47.613,47.911,48.237,48.765,50.27
81,LNP FP,38.366,39.667,40.157,40.43,40.67,40.911,41.077,41.215,41.357,41.514,41.609,41.701,41.801,41.886,41.972,42.064,42.135,42.215,42.303,42.36,42.438,42.511,42.589,42.676,42.738,42.8,42.882,42.947,43.012,43.062,43.112,43.17,43.238,43.301,43.372,43.427,43.47,43.508,43.553,43.609,43.68,43.727,43.787,43.842,43.901,43.947,44.009,44.06,44.1,44.161,44.23,44.279,44.34,44.378,44.423,44.467,44.527,44.578,44.621,44.681,44.725,44.766,44.808,44.858,44.936,44.984,45.031,45.082,45.145,45.202,45.251,45.302,45.376,45.429,45.505,45.571,45.63,45.701,45.749,45.821,45.905,45.958,46.023,46.1,46.177,46.252,46.324,46.398,46.49,46.581,46.703,46.813,46.928,47.054,47.222,47.356,47.613,47.911,48.237,48.765,50.27
82,LNP FP,38.378,39.726,40.163,40.446,40.716,40.884,41.085,41.199,41.353,41.473,41.6,41.715,41.803,41.885,41.969,42.061,42.15,42.234,42.313,42.386,42.475,42.546,42.608,42.675,42.737,42.805,42.867,42.924,42.997,43.068,43.118,43.174,43.216,43.268,43.322,43.387,43.429,43.495,43.545,43.617,43.683,43.748,43.796,43.852,43.906,43.962,44.012,44.069,44.123,44.179,44.23,44.28,44.325,44.373,44.439,44.485,44.538,44.605,44.655,44.703,44.753,44.79,44.834,44.885,44.931,44.986,45.045,45.098,45.166,45.203,45.267,45.314,45.379,45.441,45.493,45.547,45.617,45.681,45.752,45.841,45.905,45.97,46.045,46.106,46.174,46.24,46.321,46.387,46.505,46.602,46.717,46.825,46.94,47.054,47.218,47.378,47.63,47.905,48.198,48.725,50.381
83,LNP FP,38.378,39.726,40.163,40.446,40.716,40.884,41.085,41.199,41.353,41.473,41.6,41.715,41.803,41.885,41.969,42.061,42.15,42.234,42.313,42.386,42.475,42.546,42.608,42.675,42.737,42.805,42.867,42.924,42.997,43.068,43.118,43.174,43.216,43.268,43.322,43.387,43.429,43.495,43.545,43.617,43.683,43.748,43.796,43.852,43.906,43.962,44.012,44.069,44.123,44.179,44.23,44.28,44.325,44.373,44.439,44.485,44.538,44.605,44.655,44.703,44.753,44.79,44.834,44.885,44.931,44.986,45.045,45.098,45.166,45.203,45.267,45.314,45.379,45.441,45.493,45.547,45.617,45.681,45.752,45.841,45.905,45.97,46.045,46.106,46.174,46.24,46.321,46.387,46.505,46.602,46.717,46.825,46.94,47.054,47.218,47.378,47.63,47.905,48.198,48.725,50.381
84,LNP FP,38.473,39.85,40.22,40.475,40.7,40.884,41.083,41.253,41.387,41.482,41.622,41.748,41.825,41.897,42.005,42.07,42.155,42.239,42.319,42.415,42.485,42.556,42.635,42.699,42.769,42.81,42.863,42.925,42.992,43.035,43.073,43.137,43.204,43.253,43.294,43.363,43.407,43.48,43.563,43.639,43.688,43.747,43.806,43.873,43.934,43.97,44.027,44.076,44.123,44.174,44.226,44.268,44.328,44.364,44.424,44.456,44.498,44.558,44.619,44.671,44.717,44.763,44.834,44.883,44.935,44.986,45.024,45.095,45.15,45.203,45.26,45.324,45.403,45.445,45.51,45.574,45.642,45.685,45.753,45.806,45.872,45.95,46.003,46.077,46.133,46.22,46.32,46.419,46.523,46.595,46.675,46.792,46.941,47.079,47.225,47.414,47.576,47.843,48.198,48.894,49.945
85,LNP FP,38.473,39.85,40.22,40.475,40.7,40.884,41.083,41.253,41.387,41.482,41.622,41.748,41.825,41.897,42.005,42.07,42.155,42.239,42.319,42.415,42.485,42.556,42.635,42.699,42.769,42.81,42.863,42.925,42.992,43.035,43.073,43.137,43.204,43.253,43.294,43.363,43.407,43.48,43.563,43.639,43.688,43.747,43.806,43.873,43.934,43.97,44.027,44.076,44.123,44.174,44.226,44.268,44.328,44.364,44.424,44.456,44.498,44.558,44.619,44.671,44.717,44.763,44.834,44.883,44.935,44.986,45.024,45.095,45.15,45.203,45.26,45.324,45.403,45.445,45.51,45.574,45.642,45.685,45.753,45.806,45.872,45.95,46.003,46.077,46.133,46.22,46.32,46.419,46.523,46.595,46.675,46.792,46.941,47.079,47.225,47.414,47.576,47.843,48.198,48.894,49.945
86,LNP FP,38.667,39.822,40.211,40.54,40.795,40.979,41.116,41.289,41.407,41.544,41.637,41.726,41.824,41.919,41.97,42.073,42.157,42.246,42.325,42.4,42.455,42.55,42.652,42.721,42.785,42.84,42.89,42.956,43.002,43.051,43.096,43.154,43.215,43.279,43.339,43.397,43.451,43.503,43.564,43.621,43.688,43.743,43.811,43.845,43.896,43.945,44.016,44.057,44.103,44.159,44.215,44.26,44.306,44.355,44.413,44.451,44.513,44.555,44.592,44.643,44.702,44.753,44.802,44.856,44.913,44.98,45.027,45.097,45.146,45.222,45.27,45.342,45.394,45.452,45.498,45.561,45.615,45.668,45.742,45.792,45.85,45.926,45.999,46.053,46.111,46.163,46.233,46.357,46.477,46.597,46.673,46.777,46.859,47.009,47.246,47.472,47.611,47.87,48.203,48.765,49.763
87,LNP FP,38.667,39.822,40.211,40.54,40.795,40.979,41.116,41.289,41.407,41.544,41.637,41.726,41.824,41.919,41.97,42.073,42.157,42.246,42.325,42.4,42.455,42.55,42.652,42.721,42.785,42.84,42.89,42.956,43.002,43.051,43.096,43.154,43.215,43.279,43.339,43.397,43.451,43.503,43.564,43.621,43.688,43.743,43.811,43.845,43.896,43.945,44.016,44.057,44.103,44.159,44.215,44.26,44.306,44.355,44.413,44.451,44.513,44.555,44.592,44.643,44.702,44.753,44.802,44.856,44.913,44.98,45.027,45.097,45.146,45.222,45.27,45.342,45.394,45.452,45.498,45.561,45.615,45.668,45.742,45.792,45.85,45.926,45.999,46.053,46.111,46.163,46.233,46.357,46.477,46.597,46.673,46.777,46.859,47.009,47.246,47.472,47.611,47.87,48.203,48.765,49.763
88,LNP FP,38.386,39.827,40.259,40.555,40.759,40.992,41.163,41.323,41.448,41.546,41.653,41.723,41.842,41.939,42.025,42.1,42.175,42.248,42.329,42.386,42.467,42.556,42.635,42.693,42.745,42.807,42.854,42.945,43.008,43.06,43.125,43.188,43.231,43.291,43.351,43.402,43.461,43.514,43.558,43.621,43.695,43.737,43.794,43.834,43.89,43.932,43.99,44.039,44.079,44.139,44.185,44.245,44.3,44.359,44.413,44.453,44.507,44.556,44.6,44.639,44.699,44.749,44.826,44.877,44.923,44.973,45.04,45.075,45.123,45.18,45.227,45.27,45.333,45.383,45.442,45.489,45.548,45.618,45.682,45.746,45.811,45.87,45.947,46.045,46.138,46.188,46.287,46.368,46.454,46.587,46.675,46.748,46.891,47.027,47.189,47.382,47.561,47.838,48.184,48.633,49.942
89,LNP FP,38.386,39.827,40.259,40.555,40.759,40.992,41.163,41.323,41.448,41.546,41.653,41.723,41.842,41.939,42.025,42.1,42.175,42.248,42.329,42.386,42.467,42.556,42.635,42.693,42.745,42.807,42.854,42.945,43.008,43.06,43.125,43.188,43.231,43.291,43.351,43.402,43.461,43.514,43.558,43.621,43.695,43.737,43.794,43.834,43.89,43.932,43.99,44.039,44.079,44.139,44.185,44.245,44.3,44.359,44.413,44.453,44.507,44.556,44.6,44.639,44.699,44.749,44.826,44.877,44.923,44.973,45.04,45.075,45.123,45.18,45.227,45.27,45.333,45.383,45.442,45.489,45.548,45.618,45.682,45.746,45.811,45.87,45.947,46.045,46.138,46.188,46.287,46.368,46.454,46.587,46.675,46.748,46.891,47.027,47.189,47.382,47.561,47.838,48.184,48.633,49.942
90,LNP FP,38.684,39.86,40.212,40.56,40.783,41.04,41.233,41.334,41.471,41.564,41.658,41.75,41.832,41.922,42.041,42.14,42.211,42.284,42.37,42.469,42.535,42.599,42.645,42.71,42.757,42.819,42.897,42.955,43.026,43.093,43.14,43.2,43.241,43.292,43.342,43.394,43.45,43.507,43.583,43.648,43.696,43.738,43.798,43.85,43.888,43.934,43.986,44.033,44.067,44.113,44.161,44.195,44.259,44.335,44.382,44.432,44.475,44.525,44.597,44.637,44.697,44.739,44.794,44.845,44.896,44.956,45.015,45.071,45.117,45.165,45.206,45.257,45.315,45.378,45.442,45.513,45.57,45.64,45.686,45.745,45.823,45.892,45.945,46.006,46.088,46.165,46.243,46.314,46.419,46.528,46.648,46.74,46.876,46.981,47.168,47.337,47.591,47.812,48.055,48.548,50.097
91,LNP FP,38.684,39.86,40.212,40.56,40.783,41.04,41.233,41.334,41.471,41.564,41.658,41.75,41.832,41.922,42.041,42.14,42.211,42.284,42.37,42.469,42.535,42.599,42.645,42.71,42.757,42.819,42.897,42.955,43.026,43.093,43.14,43.2,43.241,43.292,43.342,43.394,43.45,43.507,43.583,43.648,43.696,43.738,43.798,43.85,43.888,43.934,43.986,44.033,44.067,44.113,44.161,44.195,44.259,44.335,44.382,44.432,44.475,44.525,44.597,44.637,44.697,44.739,44.794,44.845,44.896,44.956,45.015,45.071,45.117,45.165,45.206,45.257,45.315,45.378,45.442,45.513,45.57,45.64,45.686,45.745,45.823,45.892,45.945,46.006,46.088,46.165,46.243,46.314,46.419,46.528,46.648,46.74,46.876,46.981,47.168,47.337,47.591,47.812,48.055,48.548,50.097
92,LNP FP,38.953,39.788,40.273,40.506,40.819,41.087,41.258,41.348,41.455,41.6,41.734,41.842,41.912,42.007,42.094,42.167,42.235,42.293,42.376,42.468,42.553,42.607,42.656,42.71,42.782,42.839,42.883,42.95,43.012,43.065,43.155,43.217,43.285,43.344,43.385,43.43,43.464,43.511,43.569,43.619,43.662,43.713,43.771,43.836,43.889,43.925,43.98,44.032,44.083,44.136,44.185,44.23,44.285,44.325,44.388,44.44,44.495,44.541,44.602,44.663,44.714,44.759,44.8,44.847,44.885,44.93,44.984,45.033,45.102,45.143,45.193,45.262,45.319,45.387,45.438,45.486,45.568,45.62,45.679,45.742,45.791,45.857,45.899,45.969,46.043,46.118,46.228,46.303,46.367,46.499,46.602,46.715,46.845,46.973,47.133,47.322,47.482,47.768,47.99,48.455,49.612
93,LNP FP,38.953,39.788,40.273,40.506,40.819,41.087,41.258,41.348,41.455,41.6,41.734,41.842,41.912,42.007,42.094,42.167,42.235,42.293,42.376,42.468,42.553,42.607,42.656,42.71,42.782,42.839,42.883,42.95,43.012,43.065,43.155,43.217,43.285,43.344,43.385,43.43,43.464,43.511,43.569,43.619,43.662,43.713,43.771,43.836,43.889,43.925,43.98,44.032,44.083,44.136,44.185,44.23,44.285,44.325,44.388,44.44,44.495,44.541,44.602,44.663,44.714,44.759,44.8,44.847,44.885,44.93,44.984,45.033,45.102,45.143,45.193,45.262,45.319,45.387,45.438,45.486,45.568,45.62,45.679,45.742,45.791,45.857,45.899,45.969,46.043,46.118,46.228,46.303,46.367,46.499,46.602,46.715,46.845,46.973,47.133,47.322,47.482,47.768,47.99,48.455,49.612
94,LNP FP,38.684,39.777,40.244,40.553,40.822,40.981,41.203,41.325,41.494,41.638,41.744,41.82,41.924,42.016,42.099,42.176,42.263,42.324,42.385,42.457,42.536,42.586,42.654,42.71,42.774,42.823,42.897,42.949,43.017,43.075,43.128,43.178,43.247,43.293,43.338,43.386,43.443,43.513,43.556,43.619,43.662,43.713,43.772,43.815,43.886,43.934,43.981,44.026,44.066,44.108,44.162,44.203,44.263,44.303,44.374,44.416,44.47,44.516,44.561,44.629,44.665,44.701,44.747,44.796,44.841,44.894,44.943,44.99,45.045,45.102,45.17,45.224,45.286,45.343,45.397,45.451,45.532,45.591,45.641,45.697,45.785,45.834,45.913,45.981,46.053,46.115,46.204,46.274,46.362,46.493,46.596,46.733,46.862,46.991,47.117,47.256,47.473,47.683,47.974,48.352,49.456
95,LNP FP,38.684,39.777,40.244,40.553,40.822,40.981,41.203,41.325,41.494,41.638,41.744,41.82,41.924,42.016,42.099,42.176,42.263,42.324,42.385,42.457,42.536,42.586,42.654,42.71,42.774,42.823,42.897,42.949,43.017,43.075,43.128,43.178,43.247,43.293,43.338,43.386,43.443,43.513,43.556,43.619,43.662,43.713,43.772,43.815,43.886,43.934,43.981,44.026,44.066,44.108,44.162,44.203,44.263,44.303,44.374,44.416,44.47,44.516,44.561,44.629,44.665,44.701,44.747,44.796,44.841,44.894,44.943,44.99,45.045,45.102,45.17,45.224,45.286,45.343,45.397,45.451,45.532,45.591,45.641,45.697,45.785,45.834,45.913,45.981,46.053,46.115,46.204,46.274,46.362,46.493,46.596,46.733,46.862,46.991,47.117,47.256,47.473,47.683,47.974,48.352,49.456
96,LNP FP,38.549,39.766,40.258,40.552,40.829,41.049,41.255,41.426,41.556,41.675,41.778,41.864,41.966,42.036,42.13,42.183,42.247,42.319,42.392,42.452,42.507,42.558,42.633,42.695,42.756,42.825,42.894,42.965,43.013,43.072,43.145,43.192,43.241,43.302,43.358,43.4,43.442,43.489,43.538,43.603,43.676,43.725,43.773,43.832,43.873,43.925,43.969,44.002,44.043,44.094,44.15,44.189,44.246,44.296,44.349,44.404,44.453,44.507,44.555,44.603,44.673,44.727,44.761,44.811,44.854,44.894,44.941,44.985,45.036,45.092,45.148,45.2,45.253,45.301,45.355,45.424,45.472,45.552,45.616,45.685,45.75,45.825,45.886,45.948,46.026,46.117,46.196,46.267,46.374,46.476,46.583,46.68,46.816,46.936,47.082,47.281,47.464,47.666,47.94,48.284,49.434
97,LNP FP,38.549,39.766,40.258,40.552,40.829,41.049,41.255,41.426,41.556,41.675,41.778,41.864,41.966,42.036,42.13,42.183,42.247,42.319,42.392,42.452,42.507,42.558,42.633,42.695,42.756,42.825,42.894,42.965,43.013,43.072,43.145,43.192,43.241,43.302,43.358,43.4,43.442,43.489,43.538,43.603,43.676,43.725,43.773,43.832,43.873,43.925,43.969,44.002,44.043,44.094,44.15,44.189,44.246,44.296,44.349,44.404,44.453,44.507,44.555,44.603,44.673,44.727,44.761,44.811,44.854,44.894,44.941,44.985,45.036,45.092,45.148,45.2,45.253,45.301,45.355,45.424,45.472,45.552,45.616,45.685,45.75,45.825,45.886,45.948,46.026,46.117,46.196,46.267,46.374,46.476,46.583,46.68,46.816,46.936,47.082,47.281,47.464,47.666,47.94,48.284,49.434
98,LNP FP,38.482,39.799,40.258,40.597,40.87,41.098,41.281,41.471,41.607,41.706,41.808,41.896,42.007,42.088,42.144,42.218,42.317,42.39,42.455,42.504,42.567,42.625,42.692,42.755,42.809,42.868,42.928,42.983,43.026,43.077,43.15,43.207,43.259,43.32,43.369,43.413,43.454,43.487,43.546,43.599,43.661,43.709,43.754,43.813,43.853,43.916,43.953,44.011,44.055,44.105,44.148,44.199,44.246,44.28,44.323,44.364,44.41,44.474,44.524,44.582,44.64,44.678,44.735,44.779,44.831,44.871,44.919,44.969,45.019,45.066,45.113,45.189,45.254,45.32,45.381,45.428,45.479,45.538,45.606,45.68,45.741,45.812,45.879,45.948,46.042,46.111,46.162,46.244,46.345,46.432,46.526,46.659,46.754,46.906,47.067,47.253,47.394,47.617,47.845,48.33,49.178
99,LNP FP,38.482,39.799,40.258,40.597,40.87,41.098,41.281,41.471,41.607,41.706,41.808,41.896,42.007,42.088,42.144,42.218,42.317,42.39,42.455,42.504,42.567,42.625,42.692,42.755,42.809,42.868,42.928,42.983,43.026,43.077,43.15,43.207,43.259,43.32,43.369,43.413,43.454,43.487,43.546,43.599,43.661,43.709,43.754,43.813,43.853,43.916,43.953,44.011,44.055,44.105,44.148,44.199,44.246,44.28,44.323,44.364,44.41,44.474,44.524,44.582,44.64,44.678,44.735,44.779,44.831,44.871,44.919,44.969,45.019,45.066,45.113,45.189,45.254,45.32,45.381,45.428,45.479,45.538,45.606,45.68,45.741,45.812,45.879,45.948,46.042,46.111,46.162,46.244,46.345,46.432,46.526,46.659,46.754,46.906,47.067,47.253,47.394,47.617,47.845,48.33,49.178
100,LNP FP,38.572,39.866,40.251,40.662,40.962,41.124,41.296,41.455,41.607,41.717,41.853,41.94,42.016,42.088,42.17,42.257,42.325,42.42,42.481,42.547,42.599,42.639,42.695,42.755,42.799,42.867,42.911,42.961,43.007,43.056,43.109,43.164,43.232,43.292,43.32,43.381,43.436,43.475,43.527,43.578,43.629,43.672,43.728,43.772,43.823,43.878,43.926,43.975,44.038,44.092,44.141,44.187,44.231,44.278,44.335,44.381,44.44,44.489,44.523,44.595,44.635,44.674,44.713,44.772,44.817,44.862,44.913,44.961,45.028,45.067,45.118,45.181,45.233,45.297,45.344,45.396,45.456,45.523,45.584,45.673,45.748,45.812,45.873,45.953,46.009,46.075,46.131,46.225,46.322,46.4,46.49,46.617,46.716,46.863,47.054,47.21,47.376,47.583,47.821,48.242,49.099
101,LNP FP,38.572,39.866,40.251,40.662,40.962,41.124,41.296,41.455,41.607,41.717,41.853,41.94,42.016,42.088,42.17,42.257,42.325,42.42,42.481,42.547,42.599,42.639,42.695,42.755,42.799,42.867,42.911,42.961,43.007,43.056,43.109,43.164,43.232,43.292,43.32,43.381,43.436,43.475,43.527,43.578,43.629,43.672,43.728,43.772,43.823,43.878,43.926,43.975,44.038,44.092,44.141,44.187,44.231,44.278,44.335,44.381,44.44,44.489,44.523,44.595,44.635,44.674,44.713,44.772,44.817,44.862,44.913,44.961,45.028,45.067,45.118,45.181,45.233,45.297,45.344,45.396,45.456,45.523,45.584,45.673,45.748,45.812,45.873,45.953,46.009,46.075,46.131,46.225,46.322,46.4,46.49,46.617,46.716,46.863,47.054,47.21,47.376,47.583,47.821,48.242,49.099
102,LNP FP,38.738,39.893,40.309,40.713,40.95,41.14,41.327,41.424,41.568,41.672,41.828,41.946,42.042,42.093,42.183,42.259,42.35,42.418,42.478,42.53,42.587,42.652,42.714,42.766,42.818,42.888,42.946,42.984,43.021,43.076,43.127,43.169,43.226,43.29,43.343,43.386,43.426,43.473,43.524,43.559,43.619,43.664,43.707,43.765,43.812,43.855,43.909,43.973,44.009,44.057,44.103,44.164,44.217,44.267,44.322,44.375,44.422,44.467,44.525,44.574,44.612,44.643,44.686,44.739,44.8,44.852,44.897,44.956,45.036,45.069,45.139,45.185,45.246,45.313,45.365,45.414,45.464,45.54,45.597,45.654,45.713,45.781,45.85,45.917,45.973,46.044,46.122,46.183,46.299,46.39,46.499,46.627,46.731,46.888,47.008,47.173,47.399,47.593,47.821,48.262,49.351
103,LNP FP,38.738,39.893,40.309,40.713,40.95,41.14,41.327,41.424,41.568,41.672,41.828,41.946,42.042,42.093,42.183,42.259,42.35,42.418,42.478,42.53,42.587,42.652,42.714,42.766,42.818,42.888,42.946,42.984,43.021,43.076,43.127,43.169,43.226,43.29,43.343,43.386,43.426,43.473,43.524,43.559,43.619,43.664,43.707,43.765,43.812,43.855,43.909,43.973,44.009,44.057,44.103,44.164,44.217,44.267,44.322,44.375,44.422,44.467,44.525,44.574,44.612,44.643,44.686,44.739,44.8,44.852,44.897,44.956,45.036,45.069,45.139,45.185,45.246,45.313,45.365,45.414,45.464,45.54,45.597,45.654,45.713,45.781,45.85,45.917,45.973,46.044,46.122,46.183,46.299,46.39,46.499,46.627,46.731,46.888,47.008,47.173,47.399,47.593,47.821,48.262,49.351
104,LNP FP,38.762,39.873,40.39,40.734,40.995,41.223,41.342,41.478,41.595,41.763,41.858,41.916,42.036,42.139,42.196,42.284,42.342,42.406,42.472,42.537,42.624,42.697,42.751,42.797,42.85,42.91,42.982,43.032,43.08,43.121,43.179,43.231,43.279,43.314,43.359,43.399,43.443,43.508,43.558,43.604,43.649,43.697,43.739,43.784,43.839,43.891,43.937,43.971,44.023,44.066,44.109,44.172,44.222,44.282,44.323,44.376,44.423,44.475,44.518,44.569,44.625,44.667,44.722,44.763,44.821,44.873,44.923,44.974,45.018,45.075,45.12,45.164,45.218,45.274,45.314,45.363,45.411,45.493,45.567,45.622,45.697,45.757,45.81,45.879,45.968,46.049,46.138,46.219,46.309,46.397,46.497,46.621,46.737,46.859,46.981,47.143,47.358,47.617,47.805,48.256,49.02
105,LNP FP,38.762,39.873,40.39,40.734,40.995,41.223,41.342,41.478,41.595,41.763,41.858,41.916,42.036,42.139,42.196,42.284,42.342,42.406,42.472,42.537,42.624,42.697,42.751,42.797,42.85,42.91,42.982,43.032,43.08,43.121,43.179,43.231,43.279,43.314,43.359,43.399,43.443,43.508,43.558,43.604,43.649,43.697,43.739,43.784,43.839,43.891,43.937,43.971,44.023,44.066,44.109,44.172,44.222,44.282,44.323,44.376,44.423,44.475,44.518,44.569,44.625,44.667,44.722,44.763,44.821,44.873,44.923,44.974,45.018,45.075,45.12,45.164,45.218,45.274,45.314,45.363,45.411,45.493,45.567,45.622,45.697,45.757,45.81,45.879,45.968,46.049,46.138,46.219,46.309,46.397,46.497,46.621,46.737,46.859,46.981,47.143,47.358,47.617,47.805,48.256,49.02
106,LNP FP,38.826,39.914,40.436,40.805,41.0,41.198,41.355,41.514,41.637,41.774,41.85,41.946,42.066,42.132,42.202,42.284,42.343,42.409,42.476,42.546,42.623,42.677,42.721,42.771,42.847,42.899,42.967,43.011,43.067,43.13,43.189,43.236,43.282,43.326,43.39,43.441,43.495,43.534,43.576,43.625,43.667,43.707,43.755,43.806,43.861,43.908,43.959,44.001,44.038,44.096,44.143,44.193,44.231,44.276,44.322,44.379,44.429,44.466,44.525,44.586,44.622,44.677,44.727,44.769,44.834,44.889,44.927,44.961,45.007,45.057,45.128,45.187,45.215,45.255,45.313,45.376,45.438,45.489,45.537,45.602,45.658,45.736,45.793,45.855,45.918,46.007,46.08,46.189,46.291,46.41,46.506,46.612,46.755,46.856,46.957,47.13,47.336,47.559,47.855,48.256,49.264
107,LNP FP,38.826,39.914,40.436,40.805,41.0,41.198,41.355,41.514,41.637,41.774,41.85,41.946,42.066,42.132,42.202,42.284,42.343,42.409,42.476,42.546,42.623,42.677,42.721,42.771,42.847,42.899,42.967,43.011,43.067,43.13,43.189,43.236,43.282,43.326,43.39,43.441,43.495,43.534,43.576,43.625,43.667,43.707,43.755,43.806,43.861,43.908,43.959,44.001,44.038,44.096,44.143,44.193,44.231,44.276,44.322,44.379,44.429,44.466,44.525,44.586,44.622,44.677,44.727,44.769,44.834,44.889,44.927,44.961,45.007,45.057,45.128,45.187,45.215,45.255,45.313,45.376,45.438,45.489,45.537,45.602,45.658,45.736,45.793,45.855,45.918,46.007,46.08,46.189,46.291,46.41,46.506,46.612,46.755,46.856,46.957,47.13,47.336,47.559,47.855,48.256,49.264
108,LNP FP,38.935,39.945,40.452,40.834,41.059,41.257,41.433,41.582,41.7,41.823,41.914,42.007,42.067,42.118,42.213,42.265,42.349,42.404,42.482,42.532,42.595,42.666,42.724,42.797,42.861,42.916,42.964,43.033,43.098,43.17,43.232,43.29,43.337,43.376,43.407,43.473,43.518,43.564,43.619,43.665,43.708,43.754,43.799,43.83,43.875,43.928,43.981,44.031,44.074,44.117,44.175,44.211,44.248,44.294,44.345,44.388,44.442,44.484,44.526,44.561,44.632,44.69,44.717,44.767,44.822,44.883,44.929,44.977,45.025,45.076,45.118,45.154,45.224,45.292,45.345,45.38,45.417,45.465,45.523,45.572,45.651,45.7,45.77,45.86,45.917,45.989,46.067,46.152,46.227,46.319,46.443,46.542,46.679,46.788,46.917,47.107,47.276,47.501,47.8,48.251,49.188
109,LNP FP,38.935,39.945,40.452,40.834,41.059,41.257,41.433,41.582,41.7,41.823,41.914,42.007,42.067,42.118,42.213,42.265,42.349,42.404,42.482,42.532,42.595,42.666,42.724,42.797,42.861,42.916,42.964,43.033,43.098,43.17,43.232,43.29,43.337,43.376,43.407,43.473,43.518,43.564,43.619,43.665,43.708,43.754,43.799,43.83,43.875,43.928,43.981,44.031,44.074,44.117,44.175,44.211,44.248,44.294,44.345,44.388,44.442,44.484,44.526,44.561,44.632,44.69,44.717,44.767,44.822,44.883,44.929,44.977,45.025,45.076,45.118,45.154,45.224,45.292,45.345,45.38,45.417,45.465,45.523,45.572,45.651,45.7,45.77,45.86,45.917,45.989,46.067,46.152,46.227,46.319,46.443,46.542,46.679,46.788,46.917,47.107,47.276,47.501,47.8,48.251,49.188
110,LNP FP,38.921,40.025,40.459,40.779,41.117,41.298,41.467,41.571,41.711,41.799,41.888,42.0,42.104,42.193,42.252,42.358,42.427,42.477,42.531,42.577,42.635,42.69,42.75,42.797,42.855,42.924,42.986,43.058,43.114,43.165,43.229,43.284,43.322,43.369,43.425,43.482,43.536,43.573,43.626,43.677,43.717,43.767,43.801,43.848,43.891,43.938,43.994,44.044,44.085,44.128,44.167,44.211,44.25,44.292,44.337,44.386,44.427,44.48,44.534,44.596,44.638,44.672,44.718,44.763,44.811,44.866,44.9,44.949,44.992,45.044,45.088,45.138,45.192,45.249,45.296,45.349,45.4,45.445,45.513,45.579,45.635,45.693,45.775,45.845,45.931,45.999,46.045,46.136,46.225,46.301,46.391,46.514,46.62,46.71,46.883,47.076,47.264,47.469,47.735,48.193,49.067
111,LNP FP,38.921,40.025,40.459,40.779,41.117,41.298,41.467,41.571,41.711,41.799,41.888,42.0,42.104,42.193,42.252,42.358,42.427,42.477,42.531,42.577,42.635,42.69,42.75,42.797,42.855,42.924,42.986,43.058,43.114,43.165,43.229,43.284,43.322,43.369,43.425,43.482,43.536,43.573,43.626,43.677,43.717,43.767,43.801,43.848,43.891,43.938,43.994,44.044,44.085,44.128,44.167,44.211,44.25,44.292,44.337,44.386,44.427,44.48,44.534,44.596,44.638,44.672,44.718,44.763,44.811,44.866,44.9,44.949,44.992,45.044,45.088,45.138,45.192,45.249,45.296,45.349,45.4,45.445,45.513,45.579,45.635,45.693,45.775,45.845,45.931,45.999,46.045,46.136,46.225,46.301,46.391,46.514,46.62,46.71,46.883,47.076,47.264,47.469,47.735,48.193,49.067
112,LNP FP,39.041,39.973,40.406,40.807,41.04,41.268,41.426,41.59,41.746,41.86,41.974,42.066,42.146,42.202,42.276,42.336,42.395,42.493,42.582,42.652,42.683,42.739,42.804,42.849,42.899,42.939,42.997,43.051,43.088,43.167,43.222,43.262,43.308,43.359,43.404,43.463,43.516,43.563,43.6,43.642,43.691,43.744,43.805,43.85,43.907,43.952,43.997,44.038,44.097,44.137,44.175,44.226,44.272,44.312,44.367,44.41,44.455,44.5,44.534,44.587,44.632,44.669,44.731,44.778,44.82,44.87,44.912,44.957,45.022,45.066,45.106,45.15,45.203,45.247,45.312,45.355,45.405,45.439,45.492,45.551,45.616,45.688,45.744,45.811,45.896,45.961,46.018,46.1,46.183,46.285,46.373,46.449,46.549,46.689,46.811,46.996,47.144,47.417,47.71,48.235,48.995
113,LNP FP,39.041,39.973,40.406,40.807,41.04,41.268,41.426,41.59,41.746,41.86,41.974,42.066,42.146,42.202,42.276,42.336,42.395,42.493,42.582,42.652,42.683,42.739,42.804,42.849,42.899,42.939,42.997,43.051,43.088,43.167,43.222,43.262,43.308,43.359,43.404,43.463,43.516,43.563,43.6,43.642,43.691,43.744,43.805,43.85,43.907,43.952,43.997,44.038,44.097,44.137,44.175,44.226,44.272,44.312,44.367,44.41,44.455,44.5,44.534,44.587,44.632,44.669,44.731,44.778,44.82,44.87,44.912,44.957,45.022,45.066,45.106,45.15,45.203,45.247,45.312,45.355,45.405,45.439,45.492,45.551,45.616,45.688,45.744,45.811,45.896,45.961,46.018,46.1,46.183,46.285,46.373,46.449,46.549,46.689,46.811,46.996,47.144,47.417,47.71,48.235,48.995
114,LNP FP,38.975,40.029,40.513,40.836,41.103,41.328,41.531,41.642,41.804,41.887,41.956,42.043,42.129,42.205,42.283,42.385,42.47,42.537,42.603,42.661,42.697,42.76,42.818,42.877,42.945,42.982,43.025,43.071,43.116,43.163,43.207,43.244,43.295,43.337,43.403,43.459,43.491,43.536,43.604,43.645,43.709,43.765,43.814,43.854,43.89,43.92,43.972,44.014,44.065,44.1,44.148,44.189,44.251,44.314,44.363,44.403,44.454,44.487,44.533,44.579,44.615,44.66,44.705,44.755,44.783,44.842,44.889,44.929,44.964,45.016,45.068,45.115,45.175,45.232,45.291,45.337,45.387,45.433,45.487,45.544,45.614,45.668,45.733,45.815,45.885,45.934,45.995,46.082,46.152,46.251,46.32,46.455,46.582,46.681,46.804,46.935,47.092,47.292,47.573,48.044,49.098
115,LNP FP,38.975,40.029,40.513,40.836,41.103,41.328,41.531,41.642,41.804,41.887,41.956,42.043,42.129,42.205,42.283,42.385,42.47,42.537,42.603,42.661,42.697,42.76,42.818,42.877,42.945,42.982,43.025,43.071,43.116,43.163,43.207,43.244,43.295,43.337,43.403,43.459,43.491,43.536,43.604,43.645,43.709,43.765,43.814,43.854,43.89,43.92,43.972,44.014,44.065,44.1,44.148,44.189,44.251,44.314,44.363,44.403,44.454,44.487,44.533,44.579,44.615,44.66,44.705,44.755,44.783,44.842,44.889,44.929,44.964,45.016,45.068,45.115,45.175,45.232,45.291,45.337,45.387,45.433,45.487,45.544,45.614,45.668,45.733,45.815,45.885,45.934,45.995,46.082,46.152,46.251,46.32,46.455,46.582,46.681,46.804,46.935,47.092,47.292,47.573,48.044,49.098
116,LNP FP,39.046,39.993,40.518,40.867,41.214,41.45,41.593,41.71,41.814,41.894,42.02,42.124,42.196,42.283,42.354,42.421,42.469,42.54,42.59,42.678,42.73,42.79,42.842,42.89,42.944,42.991,43.046,43.084,43.125,43.176,43.229,43.28,43.322,43.363,43.422,43.452,43.519,43.575,43.616,43.648,43.689,43.725,43.765,43.803,43.859,43.899,43.951,44.013,44.07,44.116,44.165,44.213,44.261,44.313,44.349,44.391,44.439,44.47,44.517,44.564,44.61,44.65,44.696,44.737,44.778,44.831,44.879,44.924,44.97,45.016,45.055,45.101,45.156,45.214,45.259,45.302,45.345,45.398,45.457,45.506,45.561,45.63,45.693,45.755,45.81,45.873,45.928,45.994,46.091,46.196,46.31,46.415,46.527,46.62,46.769,46.931,47.161,47.322,47.586,48.01,49.239
117,LNP FP,39.046,39.993,40.518,40.867,41.214,41.45,41.593,41.71,41.814,41.894,42.02,42.124,42.196,42.283,42.354,42.421,42.469,42.54,42.59,42.678,42.73,42.79,42.842,42.89,42.944,42.991,43.046,43.084,43.125,43.176,43.229,43.28,43.322,43.363,43.422,43.452,43.519,43.575,43.616,43.648,43.689,43.725,43.765,43.803,43.859,43.899,43.951,44.013,44.07,44.116,44.165,44.213,44.261,44.313,44.349,44.391,44.439,44.47,44.517,44.564,44.61,44.65,44.696,44.737,44.778,44.831,44.879,44.924,44.97,45.016,45.055,45.101,45.156,45.214,45.259,45.302,45.345,45.398,45.457,45.506,45.561,45.63,45.693,45.755,45.81,45.873,45.928,45.994,46.091,46.196,46.31,46.415,46.527,46.62,46.769,46.931,47.161,47.322,47.586,48.01,49.239
118,LNP FP,39.04,40.095,40.57,40.952,41.245,41.448,41.594,41.731,41.849,41.958,42.061,42.158,42.228,42.31,42.366,42.443,42.496,42.557,42.616,42.694,42.751,42.804,42.845,42.9,42.955,42.999,43.045,43.087,43.145,43.191,43.239,43.287,43.326,43.375,43.417,43.459,43.502,43.557,43.608,43.651,43.706,43.753,43.798,43.844,43.888,43.934,43.996,44.031,44.067,44.095,44.153,44.201,44.248,44.287,44.336,44.377,44.41,44.452,44.492,44.561,44.605,44.655,44.703,44.751,44.792,44.835,44.873,44.921,44.96,44.997,45.047,45.089,45.131,45.177,45.204,45.26,45.304,45.344,45.398,45.441,45.496,45.561,45.611,45.67,45.752,45.833,45.89,45.982,46.092,46.186,46.27,46.372,46.48,46.609,46.76,46.915,47.025,47.23,47.503,47.953,48.959
119,LNP FP,39.04,40.095,40.57,40.952,41.245,41.448,41.594,41.731,41.849,41.958,42.061,42.158,42.228,42.31,42.366,42.443,42.496,42.557,42.616,42.694,42.751,42.804,42.845,42.9,42.955,42.999,43.045,43.087,43.145,43.191,43.239,43.287,43.326,43.375,43.417,43.459,43.502,43.557,43.608,43.651,43.706,43.753,43.798,43.844,43.888,43.934,43.996,44.031,44.067,44.095,44.153,44.201,44.248,44.287,44.336,44.377,44.41,44.452,44.492,44.561,44.605,44.655,44.703,44.751,44.792,44.835,44.873,44.921,44.96,44.997,45.047,45.089,45.131,45.177,45.204,45.26,45.304,45.344,45.398,45.441,45.496,45.561,45.611,45.67,45.752,45.833,45.89,45.982,46.092,46.186,46.27,46.372,46.48,46.609,46.76,46.915,47.025,47.23,47.503,47.953,48.959
120,LNP FP,39.018,40.155,40.682,41.0,41.294,41.466,41.641,41.792,41.893,41.99,42.111,42.207,42.29,42.346,42.425,42.478,42.558,42.643,42.707,42.754,42.807,42.845,42.899,42.962,43.004,43.055,43.088,43.124,43.173,43.217,43.259,43.313,43.354,43.409,43.446,43.479,43.52,43.559,43.598,43.642,43.68,43.724,43.755,43.81,43.878,43.922,43.985,44.033,44.078,44.116,44.172,44.225,44.261,44.301,44.347,44.394,44.436,44.478,44.526,44.565,44.6,44.635,44.7,44.736,44.771,44.815,44.856,44.896,44.938,44.977,45.01,45.065,45.109,45.161,45.201,45.249,45.291,45.338,45.387,45.449,45.493,45.557,45.607,45.668,45.735,45.811,45.889,45.981,46.051,46.173,46.274,46.361,46.463,46.559,46.705,46.816,46.991,47.236,47.44,47.949,49.063
121,LNP FP,39.018,40.155,40.682,41.0,41.294,41.466,41.641,41.792,41.893,41.99,42.111,42.207,42.29,42.346,42.425,42.478,42.558,42.643,42.707,42.754,42.807,42.845,42.899,42.962,43.004,43.055,43.088,43.124,43.173,43.217,43.259,43.313,43.354,43.409,43.446,43.479,43.52,43.559,43.598,43.642,43.68,43.724,43.755,43.81,43.878,43.922,43.985,44.033,44.078,44.116,44.172,44.225,44.261,44.301,44.347,44.394,44.436,44.478,44.526,44.565,44.6,44.635,44.7,44.736,44.771,44.815,44.856,44.896,44.938,44.977,45.01,45.065,45.109,45.161,45.201,45.249,45.291,45.338,45.387,45.449,45.493,45.557,45.607,45.668,45.735,45.811,45.889,45.981,46.051,46.173,46.274,46.361,46.463,46.559,46.705,46.816,46.991,47.236,47.44,47.949,49.063
122,LNP FP,39.318,40.294,40.67,41.005,41.241,41.522,41.652,41.776,41.896,41.996,42.111,42.2,42.274,42.359,42.417,42.514,42.575,42.632,42.677,42.741,42.797,42.845,42.883,42.921,42.967,43.029,43.072,43.124,43.158,43.195,43.254,43.301,43.35,43.395,43.439,43.488,43.541,43.58,43.617,43.668,43.729,43.761,43.794,43.858,43.903,43.934,43.975,44.017,44.061,44.111,44.163,44.201,44.239,44.28,44.332,44.362,44.392,44.438,44.479,44.53,44.569,44.607,44.652,44.696,44.741,44.788,44.833,44.884,44.945,44.988,45.028,45.069,45.119,45.154,45.209,45.243,45.295,45.353,45.409,45.454,45.512,45.56,45.605,45.665,45.719,45.776,45.851,45.921,45.996,46.101,46.23,46.325,46.432,46.566,46.663,46.799,46.967,47.171,47.467,47.938,49.234
123,LNP FP,39.318,40.294,40.67,41.005,41.241,41.522,41.652,41.776,41.896,41.996,42.111,42.2,42.274,42.359,42.417,42.514,42.575,42.632,42.677,42.741,42.797,42.845,42.883,42.921,42.967,43.029,43.072,43.124,43.158,43.195,43.254,43.301,43.35,43.395,43.439,43.488,43.541,43.58,43.617,43.668,43.729,43.761,43.794,43.858,43.903,43.934,43.975,44.017,44.061,44.111,44.163,44.201,44.239,44.28,44.332,44.362,44.392,44.438,44.479,44.53,44.569,44.607,44.652,44.696,44.741,44.788,44.833,44.884,44.945,44.988,45.028,45.069,45.119,45.154,45.209,45.243,45.295,45.353,45.409,45.454,45.512,45.56,45.605,45.665,45.719,45.776,45.851,45.921,45.996,46.101,46.23,46.325,46.432,46.566,46.663,46.799,46.967,47.171,47.467,47.938,49.234
124,LNP FP,39.247,40.202,40.729,41.046,41.31,41.484,41.648,41.787,41.887,42.008,42.126,42.212,42.281,42.353,42.442,42.512,42.563,42.607,42.675,42.728,42.811,42.86,42.923,42.973,43.02,43.059,43.105,43.15,43.197,43.243,43.273,43.315,43.37,43.415,43.454,43.508,43.557,43.602,43.649,43.689,43.723,43.786,43.843,43.889,43.928,43.958,43.992,44.016,44.052,44.084,44.117,44.169,44.206,44.251,44.298,44.332,44.37,44.418,44.463,44.5,44.555,44.6,44.64,44.686,44.732,44.764,44.806,44.87,44.924,44.965,45.007,45.059,45.104,45.145,45.199,45.243,45.29,45.349,45.399,45.448,45.499,45.551,45.617,45.678,45.745,45.809,45.876,45.93,46.013,46.103,46.203,46.324,46.418,46.547,46.681,46.808,46.978,47.174,47.451,47.91,49.342
125,LNP FP,39.247,40.202,40.729,41.046,41.31,41.484,41.648,41.787,41.887,42.008,42.126,42.212,42.281,42.353,42.442,42.512,42.563,42.607,42.675,42.728,42.811,42.86,42.923,42.973,43.02,43.059,43.105,43.15,43.197,43.243,43.273,43.315,43.37,43.415,43.454,43.508,43.557,43.602,43.649,43.689,43.723,43.786,43.843,43.889,43.928,43.958,43.992,44.016,44.052,44.084,44.117,44.169,44.206,44.251,44.298,44.332,44.37,44.418,44.463,44.5,44.555,44.6,44.64,44.686,44.732,44.764,44.806,44.87,44.924,44.965,45.007,45.059,45.104,45.145,45.199,45.243,45.29,45.349,45.399,45.448,45.499,45.551,45.617,45.678,45.745,45.809,45.876,45.93,46.013,46.103,46.203,46.324,46.418,46.547,46.681,46.808,46.978,47.174,47.451,47.91,49.342
126,LNP FP,39.242,40.388,40.785,41.082,41.303,41.48,41.661,41.762,41.9,42.026,42.127,42.2,42.269,42.357,42.422,42.492,42.555,42.617,42.665,42.705,42.779,42.845,42.917,42.953,43.003,43.057,43.104,43.151,43.2,43.255,43.315,43.351,43.384,43.416,43.477,43.522,43.555,43.599,43.64,43.677,43.726,43.764,43.795,43.833,43.883,43.919,43.983,44.026,44.064,44.093,44.126,44.166,44.201,44.249,44.301,44.339,44.387,44.431,44.474,44.513,44.549,44.595,44.646,44.7,44.747,44.798,44.839,44.9,44.944,44.993,45.036,45.08,45.117,45.153,45.202,45.239,45.289,45.327,45.372,45.424,45.482,45.542,45.61,45.648,45.719,45.783,45.834,45.905,45.995,46.103,46.18,46.302,46.452,46.566,46.696,46.829,46.969,47.185,47.412,47.736,49.138
127,LNP FP,39.242,40.388,40.785,41.082,41.303,41.48,41.661,41.762,41.9,42.026,42.127,42.2,42.269,42.357,42.422,42.492,42.555,42.617,42.665,42.705,42.779,42.845,42.917,42.953,43.003,43.057,43.104,43.151,43.2,43.255,43.315,43.351,43.384,43.416,43.477,43.522,43.555,43.599,43.64,43.677,43.726,43.764,43.795,43.833,43.883,43.919,43.983,44.026,44.064,44.093,44.126,44.166,44.201,44.249,44.301,44.339,44.387,44.431,44.474,44.513,44.549,44.595,44.646,44.7,44.747,44.798,44.839,44.9,44.944,44.993,45.036,45.08,45.117,45.153,45.202,45.239,45.289,45.327,45.372,45.424,45.482,45.542,45.61,45.648,45.719,45.783,45.834,45.905,45.995,46.103,46.18,46.302,46.452,46.566,46.696,46.829,46.969,47.185,47.412,47.736,49.138
128,LNP FP,39.264,40.372,40.813,41.18,41.378,41.537,41.691,41.792,41.929,42.047,42.132,42.2,42.271,42.323,42.407,42.486,42.553,42.61,42.671,42.729,42.788,42.869,42.927,42.989,43.032,43.081,43.127,43.163,43.219,43.267,43.331,43.364,43.393,43.44,43.49,43.54,43.576,43.612,43.649,43.69,43.735,43.778,43.825,43.856,43.908,43.941,43.982,44.01,44.054,44.095,44.147,44.18,44.22,44.258,44.29,44.321,44.359,44.398,44.429,44.464,44.516,44.569,44.595,44.636,44.675,44.714,44.757,44.796,44.845,44.914,44.958,45.004,45.055,45.098,45.163,45.209,45.249,45.299,45.359,45.415,45.469,45.519,45.595,45.645,45.707,45.777,45.862,45.94,46.051,46.13,46.223,46.329,46.429,46.556,46.681,46.785,46.951,47.102,47.35,47.715,49.057
129,LNP FP,39.264,40.372,40.813,41.18,41.378,41.537,41.691,41.792,41.929,42.047,42.132,42.2,42.271,42.323,42.407,42.486,42.553,42.61,42.671,42.729,42.788,42.869,42.927,42.989,43.032,43.081,43.127,43.163,43.219,43.267,43.331,43.364,43.393,43.44,43.49,43.54,43.576,43.612,43.649,43.69,43.735,43.778,43.825,43.856,43.908,43.941,43.982,44.01,44.054,44.095,44.147,44.18,44.22,44.258,44.29,44.321,44.359,44.398,44.429,44.464,44.516,44.569,44.595,44.636,44.675,44.714,44.757,44.796,44.845,44.914,44.958,45.004,45.055,45.098,45.163,45.209,45.249,45.299,45.359,45.415,45.469,45.519,45.595,45.645,45.707,45.777,45.862,45.94,46.051,46.13,46.223,46.329,46.429,46.556,46.681,46.785,46.951,47.102,47.35,47.715,49.057
130,LNP FP,39.422,40.497,40.838,41.178,41.414,41.606,41.744,41.856,41.961,42.064,42.164,42.222,42.29,42.356,42.444,42.498,42.553,42.625,42.679,42.732,42.807,42.846,42.931,42.988,43.05,43.093,43.134,43.185,43.244,43.3,43.346,43.385,43.423,43.464,43.5,43.531,43.573,43.623,43.655,43.701,43.739,43.79,43.832,43.873,43.907,43.936,43.972,43.991,44.042,44.076,44.106,44.147,44.182,44.228,44.269,44.315,44.356,44.391,44.423,44.461,44.498,44.532,44.576,44.614,44.659,44.697,44.749,44.794,44.844,44.88,44.925,44.964,45.02,45.089,45.12,45.185,45.238,45.305,45.363,45.407,45.459,45.505,45.556,45.613,45.681,45.757,45.826,45.933,45.999,46.08,46.196,46.294,46.373,46.486,46.628,46.757,46.924,47.069,47.372,47.736,49.12
131,LNP FP,39.422,40.497,40.838,41.178,41.414,41.606,41.744,41.856,41.961,42.064,42.164,42.222,42.29,42.356,42.444,42.498,42.553,42.625,42.679,42.732,42.807,42.846,42.931,42.988,43.05,43.093,43.134,43.185,43.244,43.3,43.346,43.385,43.423,43.464,43.5,43.531,43.573,43.623,43.655,43.701,43.739,43.79,43.832,43.873,43.907,43.936,43.972,43.991,44.042,44.076,44.106,44.147,44.182,44.228,44.269,44.315,44.356,44.391,44.423,44.461,44.498,44.532,44.576,44.614,44.659,44.697,44.749,44.794,44.844,44.88,44.925,44.964,45.02,45.089,45.12,45.185,45.238,45.305,45.363,45.407,45.459,45.505,45.556,45.613,45.681,45.757,45.826,45.933,45.999,46.08,46.196,46.294,46.373,46.486,46.628,46.757,46.924,47.069,47.372,47.736,49.12
132,LNP FP,39.435,40.528,40.95,41.202,41.423,41.613,41.76,41.908,42.021,42.117,42.185,42.259,42.332,42.404,42.462,42.544,42.623,42.682,42.731,42.796,42.84,42.886,42.951,43.022,43.063,43.115,43.16,43.195,43.252,43.297,43.342,43.383,43.433,43.476,43.52,43.563,43.596,43.643,43.688,43.727,43.758,43.782,43.823,43.861,43.898,43.939,43.968,44.013,44.053,44.088,44.129,44.165,44.199,44.242,44.269,44.303,44.328,44.364,44.401,44.432,44.484,44.529,44.555,44.593,44.655,44.69,44.731,44.775,44.824,44.86,44.92,44.967,45.005,45.054,45.094,45.149,45.201,45.249,45.3,45.347,45.393,45.455,45.554,45.621,45.707,45.791,45.861,45.921,45.981,46.079,46.15,46.241,46.332,46.443,46.58,46.691,46.873,47.028,47.258,47.748,48.792
133,LNP FP,39.435,40.528,40.95,41.202,41.423,41.613,41.76,41.908,42.021,42.117,42.185,42.259,42.332,42.404,42.462,42.544,42.623,42.682,42.731,42.796,42.84,42.886,42.951,43.022,43.063,43.115,43.16,43.195,43.252,43.297,43.342,43.383,43.433,43.476,43.52,43.563,43.596,43.643,43.688,43.727,43.758,43.782,43.823,43.861,43.898,43.939,43.968,44.013,44.053,44.088,44.129,44.165,44.199,44.242,44.269,44.303,44.328,44.364,44.401,44.432,44.484,44.529,44.555,44.593,44.655,44.69,44.731,44.775,44.824,44.86,44.92,44.967,45.005,45.054,45.094,45.149,45.201,45.249,45.3,45.347,45.393,45.455,45.554,45.621,45.707,45.791,45.861,45.921,45.981,46.079,46.15,46.241,46.332,46.443,46.58,46.691,46.873,47.028,47.258,47.748,48.792
134,LNP FP,39.563,40.617,40.992,41.309,41.482,41.71,41.783,41.884,42.002,42.09,42.177,42.253,42.367,42.443,42.489,42.54,42.623,42.685,42.749,42.795,42.838,42.876,42.942,43.003,43.051,43.096,43.137,43.205,43.252,43.289,43.336,43.384,43.426,43.459,43.503,43.535,43.574,43.622,43.663,43.696,43.738,43.781,43.821,43.864,43.895,43.926,43.961,44.001,44.051,44.083,44.118,44.166,44.197,44.225,44.256,44.297,44.336,44.369,44.394,44.438,44.472,44.513,44.555,44.615,44.647,44.685,44.725,44.76,44.793,44.833,44.887,44.95,45.002,45.063,45.103,45.149,45.198,45.237,45.295,45.358,45.423,45.497,45.557,45.624,45.69,45.741,45.801,45.883,45.965,46.017,46.115,46.234,46.338,46.422,46.562,46.671,46.77,47.02,47.22,47.64,48.953
135,LNP FP,39.563,40.617,40.992,41.309,41.482,41.71,41.783,41.884,42.002,42.09,42.177,42.253,42.367,42.443,42.489,42.54,42.623,42.685,42.749,42.795,42.838,42.876,42.942,43.003,43.051,43.096,43.137,43.205,43.252,43.289,43.336,43.384,43.426,43.459,43.503,43.535,43.574,43.622,43.663,43.696,43.738,43.781,43.821,43.864,43.895,43.926,43.961,44.001,44.051,44.083,44.118,44.166,44.197,44.225,44.256,44.297,44.336,44.369,44.394,44.438,44.472,44.513,44.555,44.615,44.647,44.685,44.725,44.76,44.793,44.833,44.887,44.95,45.002,45.063,45.103,45.149,45.198,45.237,45.295,45.358,45.423,45.497,45.557,45.624,45.69,45.741,45.801,45.883,45.965,46.017,46.115,46.234,46.338,46.422,46.562,46.671,46.77,47.02,47.22,47.64,48.953
136,LNP FP,39.333,40.557,40.991,41.301,41.513,41.684,41.819,41.92,42.014,42.09,42.185,42.272,42.369,42.443,42.519,42.575,42.64,42.705,42.767,42.815,42.871,42.923,42.961,43.013,43.073,43.128,43.172,43.223,43.263,43.312,43.341,43.375,43.412,43.453,43.494,43.526,43.572,43.603,43.644,43.689,43.728,43.769,43.803,43.847,43.876,43.917,43.951,43.982,44.014,44.056,44.093,44.137,44.164,44.196,44.234,44.269,44.317,44.35,44.377,44.423,44.456,44.5,44.543,44.585,44.632,44.667,44.702,44.751,44.801,44.853,44.884,44.935,44.98,45.036,45.095,45.138,45.184,45.245,45.298,45.342,45.395,45.467,45.521,45.582,45.636,45.718,45.787,45.87,45.934,46.004,46.071,46.17,46.263,46.375,46.465,46.657,46.78,46.924,47.245,47.618,48.922
137,LNP FP,39.333,40.557,40.991,41.301,41.513,41.684,41.819,41.92,42.014,42.09,42.185,42.272,42.369,42.443,42.519,42.575,42.64,42.705,42.767,42.815,42.871,42.923,42.961,43.013,43.073,43.128,43.172,43.223,43.263,43.312,43.341,43.375,43.412,43.453,43.494,43.526,43.572,43.603,43.644,43.689,43.728,43.769,43.803,43.847,43.876,43.917,43.951,43.982,44.014,44.056,44.093,44.137,44.164,44.196,44.234,44.269,44.317,44.35,44.377,44.423,44.456,44.5,44.543,44.585,44.632,44.667,44.702,44.751,44.801,44.853,44.884,44.935,44.98,45.036,45.095,45.138,45.184,45.245,45.298,45.342,45.395,45.467,45.521,45.582,45.636,45.718,45.787,45.87,45.934,46.004,46.071,46.17,46.263,46.375,46.465,46.657,46.78,46.924,47.245,47.618,48.922
138,LNP FP,39.444,40.634,41.026,41.33,41.57,41.742,41.869,41.976,42.068,42.191,42.262,42.333,42.43,42.488,42.549,42.605,42.656,42.711,42.758,42.798,42.85,42.911,42.979,43.034,43.08,43.123,43.183,43.227,43.27,43.309,43.352,43.401,43.442,43.469,43.493,43.534,43.576,43.613,43.645,43.682,43.72,43.761,43.801,43.829,43.861,43.891,43.928,43.967,44.007,44.044,44.075,44.106,44.163,44.195,44.242,44.278,44.313,44.349,44.391,44.442,44.479,44.521,44.557,44.595,44.621,44.656,44.691,44.737,44.782,44.828,44.879,44.931,44.973,45.018,45.063,45.109,45.152,45.22,45.268,45.332,45.388,45.442,45.517,45.568,45.619,45.673,45.736,45.795,45.909,46.002,46.107,46.19,46.255,46.374,46.468,46.652,46.767,46.955,47.166,47.57,48.696
139,LNP FP,39.444,40.634,41.026,41.33,41.57,41.742,41.869,41.976,42.068,42.191,42.262,42.333,42.43,42.488,42.549,42.605,42.656,42.711,42.758,42.798,42.85,42.911,42.979,43.034,43.08,43.123,43.183,43.227,43.27,43.309,43.352,43.401,43.442,43.469,43.493,43.534,43.576,43.613,43.645,43.682,43.72,43.761,43.801,43.829,43.861,43.891,43.928,43.967,44.007,44.044,44.075,44.106,44.163,44.195,44.242,44.278,44.313,44.349,44.391,44.442,44.479,44.521,44.557,44.595,44.621,44.656,44.691,44.737,44.782,44.828,44.879,44.931,44.973,45.018,45.063,45.109,45.152,45.22,45.268,45.332,45.388,45.442,45.517,45.568,45.619,45.673,45.736,45.795,45.909,46.002,46.107,46.19,46.255,46.374,46.468,46.652,46.767,46.955,47.166,47.57,48.696
140,LNP FP,39.495,40.659,41.201,41.447,41.628,41.801,41.911,41.994,42.074,42.152,42.23,42.304,42.375,42.46,42.535,42.622,42.686,42.737,42.798,42.867,42.928,42.998,43.039,43.079,43.12,43.161,43.207,43.236,43.265,43.308,43.356,43.394,43.427,43.462,43.499,43.532,43.563,43.607,43.653,43.691,43.74,43.779,43.808,43.839,43.872,43.902,43.94,43.974,44.014,44.046,44.081,44.109,44.148,44.182,44.215,44.258,44.282,44.333,44.372,44.398,44.432,44.467,44.509,44.547,44.583,44.614,44.664,44.692,44.723,44.769,44.818,44.884,44.943,44.988,45.043,45.091,45.126,45.191,45.234,45.295,45.34,45.407,45.467,45.526,45.592,45.661,45.718,45.796,45.878,45.956,46.039,46.133,46.242,46.339,46.446,46.566,46.73,46.915,47.071,47.5,48.82
141,LNP FP,39.495,40.659,41.201,41.447,41.628,41.801,41.911,41.994,42.074,42.152,42.23,42.304,42.375,42.46,42.535,42.622,42.686,42.737,42.798,42.867,42.928,42.998,43.039,43.079,43.12,43.161,43.207,43.236,43.265,43.308,43.356,43.394,43.427,43.462,43.499,43.532,43.563,43.607,43.653,43.691,43.74,43.779,43.808,43.839,43.872,43.902,43.94,43.974,44.014,44.046,44.081,44.109,44.148,44.182,44.215,44.258,44.282,44.333,44.372,44.398,44.432,44.467,44.509,44.547,44.583,44.614,44.664,44.692,44.723,44.769,44.818,44.884,44.943,44.988,45.043,45.091,45.126,45.191,45.234,45.295,45.34,45.407,45.467,45.526,45.592,45.661,45.718,45.796,45.878,45.956,46.039,46.133,46.242,46.339,46.446,46.566,46.73,46.915,47.071,47.5,48.82
142,LNP FP,39.358,40.551,41.103,41.373,41.582,41.756,41.851,41.939,42.046,42.114,42.246,42.316,42.378,42.435,42.521,42.573,42.624,42.674,42.738,42.808,42.868,42.921,42.99,43.037,43.091,43.131,43.179,43.23,43.271,43.318,43.361,43.405,43.433,43.458,43.493,43.548,43.589,43.62,43.663,43.697,43.734,43.77,43.807,43.837,43.872,43.902,43.942,43.987,44.038,44.068,44.103,44.136,44.168,44.2,44.228,44.265,44.305,44.336,44.371,44.413,44.452,44.493,44.541,44.573,44.602,44.643,44.684,44.735,44.777,44.813,44.878,44.923,44.97,45.021,45.077,45.127,45.174,45.22,45.26,45.307,45.361,45.411,45.449,45.516,45.591,45.677,45.765,45.831,45.892,45.965,46.093,46.193,46.264,46.356,46.501,46.614,46.733,46.927,47.169,47.529,48.562
143,LNP FP,39.358,40.551,41.103,41.373,41.582,41.756,41.851,41.939,42.046,42.114,42.246,42.316,42.378,42.435,42.521,42.573,42.624,42.674,42.738,42.808,42.868,42.921,42.99,43.037,43.091,43.131,43.179,43.23,43.271,43.318,43.361,43.405,43.433,43.458,43.493,43.548,43.589,43.62,43.663,43.697,43.734,43.77,43.807,43.837,43.872,43.902,43.942,43.987,44.038,44.068,44.103,44.136,44.168,44.2,44.228,44.265,44.305,44.336,44.371,44.413,44.452,44.493,44.541,44.573,44.602,44.643,44.684,44.735,44.777,44.813,44.878,44.923,44.97,45.021,45.077,45.127,45.174,45.22,45.26,45.307,45.361,45.411,45.449,45.516,45.591,45.677,45.765,45.831,45.892,45.965,46.093,46.193,46.264,46.356,46.501,46.614,46.733,46.927,47.169,47.529,48.562
144,LNP FP,39.212,40.591,41.118,41.328,41.531,41.71,41.828,41.94,42.03,42.118,42.202,42.281,42.363,42.45,42.539,42.594,42.637,42.69,42.746,42.807,42.874,42.932,42.987,43.033,43.079,43.12,43.158,43.199,43.27,43.313,43.356,43.391,43.435,43.471,43.513,43.551,43.584,43.628,43.671,43.698,43.738,43.784,43.838,43.872,43.904,43.945,43.981,44.025,44.06,44.089,44.122,44.146,44.171,44.191,44.222,44.251,44.279,44.317,44.35,44.391,44.435,44.471,44.512,44.548,44.587,44.631,44.68,44.714,44.761,44.806,44.864,44.904,44.96,45.016,45.076,45.125,45.196,45.243,45.285,45.347,45.399,45.434,45.502,45.576,45.654,45.736,45.798,45.855,45.93,46.031,46.113,46.203,46.268,46.381,46.492,46.586,46.737,46.916,47.162,47.515,48.426
145,LNP FP,39.212,40.591,41.118,41.328,41.531,41.71,41.828,41.94,42.03,42.118,42.202,42.281,42.363,42.45,42.539,42.594,42.637,42.69,42.746,42.807,42.874,42.932,42.987,43.033,43.079,43.12,43.158,43.199,43.27,43.313,43.356,43.391,43.435,43.471,43.513,43.551,43.584,43.628,43.671,43.698,43.738,43.784,43.838,43.872,43.904,43.945,43.981,44.025,44.06,44.089,44.122,44.146,44.171,44.191,44.222,44.251,44.279,44.317,44.35,44.391,44.435,44.471,44.512,44.548,44.587,44.631,44.68,44.714,44.761,44.806,44.864,44.904,44.96,45.016,45.076,45.125,45.196,45.243,45.285,45.347,45.399,45.434,45.502,45.576,45.654,45.736,45.798,45.855,45.93,46.031,46.113,46.203,46.268,46.381,46.492,46.586,46.737,46.916,47.162,47.515,48.426
146,LNP FP,39.192,40.507,41.16,41.339,41.512,41.685,41.814,41.909,42.011,42.11,42.198,42.3,42.377,42.447,42.519,42.579,42.63,42.711,42.75,42.812,42.86,42.92,42.964,43.012,43.057,43.113,43.155,43.219,43.263,43.312,43.341,43.382,43.418,43.447,43.489,43.528,43.567,43.609,43.645,43.686,43.724,43.778,43.825,43.86,43.884,43.923,43.958,43.987,44.021,44.064,44.108,44.14,44.175,44.198,44.232,44.272,44.313,44.348,44.387,44.43,44.467,44.504,44.541,44.575,44.613,44.659,44.694,44.747,44.802,44.838,44.877,44.918,44.969,45.027,45.08,45.136,45.178,45.239,45.281,45.346,45.413,45.483,45.542,45.598,45.669,45.721,45.781,45.873,45.945,46.017,46.081,46.187,46.324,46.425,46.527,46.657,46.812,46.98,47.138,47.493,48.824
147,LNP FP,39.192,40.507,41.16,41.339,41.512,41.685,41.814,41.909,42.011,42.11,42.198,42.3,42.377,42.447,42.519,42.579,42.63,42.711,42.75,42.812,42.86,42.92,42.964,43.012,43.057,43.113,43.155,43.219,43.263,43.312,43.341,43.382,43.418,43.447,43.489,43.528,43.567,43.609,43.645,43.686,43.724,43.778,43.825,43.86,43.884,43.923,43.958,43.987,44.021,44.064,44.108,44.14,44.175,44.198,44.232,44.272,44.313,44.348,44.387,44.43,44.467,44.504,44.541,44.575,44.613,44.659,44.694,44.747,44.802,44.838,44.877,44.918,44.969,45.027,45.08,45.136,45.178,45.239,45.281,45.346,45.413,45.483,45.542,45.598,45.669,45.721,45.781,45.873,45.945,46.017,46.081,46.187,46.324,46.425,46.527,46.657,46.812,46.98,47.138,47.493,48.824
148,LNP FP,39.162,40.509,41.009,41.286,41.526,41.678,41.784,41.901,42.03,42.121,42.214,42.293,42.342,42.424,42.477,42.549,42.609,42.654,42.714,42.777,42.831,42.892,42.95,43.0,43.05,43.105,43.169,43.204,43.241,43.285,43.332,43.377,43.42,43.469,43.5,43.533,43.567,43.605,43.646,43.697,43.72,43.753,43.784,43.813,43.857,43.894,43.931,43.966,44.006,44.038,44.068,44.102,44.147,44.179,44.221,44.259,44.291,44.324,44.355,44.403,44.452,44.497,44.544,44.586,44.627,44.68,44.73,44.759,44.794,44.844,44.884,44.942,44.978,45.029,45.088,45.132,45.179,45.237,45.302,45.353,45.414,45.474,45.543,45.614,45.673,45.767,45.822,45.899,45.989,46.061,46.15,46.219,46.326,46.425,46.549,46.719,46.868,47.024,47.268,47.615,48.884
149,LNP FP,39.162,40.509,41.009,41.286,41.526,41.678,41.784,41.901,42.03,42.121,42.214,42.293,42.342,42.424,42.477,42.549,42.609,42.654,42.714,42.777,42.831,42.892,42.95,43.0,43.05,43.105,43.169,43.204,43.241,43.285,43.332,43.377,43.42,43.469,43.5,43.533,43.567,43.605,43.646,43.697,43.72,43.753,43.784,43.813,43.857,43.894,43.931,43.966,44.006,44.038,44.068,44.102,44.147,44.179,44.221,44.259,44.291,44.324,44.355,44.403,44.452,44.497,44.544,44.586,44.627,44.68,44.73,44.759,44.794,44.844,44.884,44.942,44.978,45.029,45.088,45.132,45.179,45.237,45.302,45.353,45.414,45.474,45.543,45.614,45.673,45.767,45.822,45.899,45.989,46.061,46.15,46.219,46.326,46.425,46.549,46.719,46.868,47.024,47.268,47.615,48.884
150,LNP FP,39.439,40.47,41.072,41.326,41.563,41.687,41.803,41.928,42.02,42.104,42.162,42.216,42.309,42.397,42.46,42.519,42.587,42.646,42.709,42.771,42.821,42.885,42.939,42.991,43.04,43.078,43.122,43.171,43.223,43.263,43.314,43.363,43.4,43.437,43.481,43.522,43.554,43.586,43.627,43.671,43.706,43.744,43.797,43.822,43.868,43.909,43.941,43.971,44.004,44.037,44.079,44.113,44.152,44.18,44.216,44.255,44.298,44.332,44.374,44.417,44.463,44.527,44.578,44.616,44.656,44.702,44.751,44.791,44.83,44.878,44.918,44.962,45.009,45.062,45.118,45.15,45.21,45.266,45.33,45.39,45.445,45.527,45.569,45.628,45.683,45.738,45.796,45.864,45.97,46.032,46.132,46.235,46.318,46.436,46.539,46.684,46.845,47.011,47.314,47.606,48.978
151,LNP FP,39.439,40.47,41.072,41.326,41.563,41.687,41.803,41.928,42.02,42.104,42.162,42.216,42.309,42.397,42.46,42.519,42.587,42.646,42.709,42.771,42.821,42.885,42.939,42.991,43.04,43.078,43.122,43.171,43.223,43.263,43.314,43.363,43.4,43.437,43.481,43.522,43.554,43.586,43.627,43.671,43.706,43.744,43.797,43.822,43.868,43.909,43.941,43.971,44.004,44.037,44.079,44.113,44.152,44.18,44.216,44.255,44.298,44.332,44.374,44.417,44.463,44.527,44.578,44.616,44.656,44.702,44.751,44.791,44.83,44.878,44.918,44.962,45.009,45.062,45.118,45.15,45.21,45.266,45.33,45.39,45.445,45.527,45.569,45.628,45.683,45.738,45.796,45.864,45.97,46.032,46.132,46.235,46.318,46.436,46.539,46.684,46.845,47.011,47.314,47.606,48.978
152,LNP FP,39.386,40.48,40.997,41.323,41.474,41.663,41.802,41.907,41.993,42.087,42.207,42.282,42.34,42.432,42.498,42.554,42.61,42.665,42.713,42.767,42.818,42.869,42.917,42.978,43.033,43.085,43.129,43.177,43.212,43.257,43.299,43.341,43.389,43.445,43.504,43.552,43.587,43.628,43.676,43.71,43.741,43.773,43.802,43.844,43.88,43.918,43.954,43.996,44.031,44.07,44.102,44.138,44.176,44.2,44.232,44.259,44.3,44.328,44.379,44.433,44.475,44.523,44.561,44.61,44.656,44.695,44.735,44.781,44.823,44.869,44.928,44.974,45.031,45.079,45.131,45.188,45.235,45.282,45.333,45.401,45.45,45.503,45.572,45.642,45.728,45.785,45.837,45.915,45.999,46.082,46.164,46.269,46.367,46.48,46.621,46.742,46.908,47.071,47.325,47.717,48.811
153,LNP FP,39.386,40.48,40.997,41.323,41.474,41.663,41.802,41.907,41.993,42.087,42.207,42.282,42.34,42.432,42.498,42.554,42.61,42.665,42.713,42.767,42.818,42.869,42.917,42.978,43.033,43.085,43.129,43.177,43.212,43.257,43.299,43.341,43.389,43.445,43.504,43.552,43.587,43.628,43.676,43.71,43.741,43.773,43.802,43.844,43.88,43.918,43.954,43.996,44.031,44.07,44.102,44.138,44.176,44.2,44.232,44.259,44.3,44.328,44.379,44.433,44.475,44.523,44.561,44.61,44.656,44.695,44.735,44.781,44.823,44.869,44.928,44.974,45.031,45.079,45.131,45.188,45.235,45.282,45.333,45.401,45.45,45.503,45.572,45.642,45.728,45.785,45.837,45.915,45.999,46.082,46.164,46.269,46.367,46.48,46.621,46.742,46.908,47.071,47.325,47.717,48.811
154,LNP FP,39.529,40.46,40.983,41.219,41.447,41.621,41.758,41.892,41.998,42.096,42.17,42.246,42.31,42.39,42.465,42.525,42.572,42.63,42.675,42.75,42.81,42.87,42.921,42.956,43.016,43.06,43.112,43.177,43.226,43.273,43.32,43.366,43.416,43.449,43.501,43.538,43.579,43.608,43.645,43.686,43.732,43.763,43.806,43.85,43.878,43.912,43.952,43.986,44.016,44.055,44.087,44.132,44.162,44.197,44.24,44.274,44.316,44.35,44.383,44.415,44.458,44.499,44.56,44.606,44.667,44.704,44.735,44.768,44.815,44.873,44.925,44.966,45.019,45.069,45.121,45.155,45.214,45.266,45.324,45.383,45.464,45.532,45.593,45.653,45.721,45.794,45.857,45.91,45.99,46.062,46.2,46.307,46.424,46.531,46.638,46.743,46.876,47.101,47.429,47.851,49.032
155,LNP FP,39.529,40.46,40.983,41.219,41.447,41.621,41.758,41.892,41.998,42.096,42.17,42.246,42.31,42.39,42.465,42.525,42.572,42.63,42.675,42.75,42.81,42.87,42.921,42.956,43.016,43.06,43.112,43.177,43.226,43.273,43.32,43.366,43.416,43.449,43.501,43.538,43.579,43.608,43.645,43.686,43.732,43.763,43.806,43.85,43.878,43.912,43.952,43.986,44.016,44.055,44.087,44.132,44.162,44.197,44.24,44.274,44.316,44.35,44.383,44.415,44.458,44.499,44.56,44.606,44.667,44.704,44.735,44.768,44.815,44.873,44.925,44.966,45.019,45.069,45.121,45.155,45.214,45.266,45.324,45.383,45.464,45.532,45.593,45.653,45.721,45.794,45.857,45.91,45.99,46.062,46.2,46.307,46.424,46.531,46.638,46.743,46.876,47.101,47.429,47.851,49.032
156,LNP FP,39.727,40.417,40.965,41.19,41.434,41.54,41.7,41.816,41.959,42.069,42.145,42.211,42.3,42.358,42.427,42.49,42.575,42.634,42.683,42.747,42.819,42.863,42.921,42.966,43.021,43.092,43.135,43.175,43.21,43.272,43.308,43.351,43.381,43.429,43.477,43.525,43.562,43.608,43.654,43.69,43.732,43.776,43.804,43.838,43.866,43.915,43.966,44.003,44.038,44.081,44.118,44.158,44.197,44.237,44.277,44.316,44.351,44.391,44.43,44.466,44.507,44.555,44.6,44.652,44.681,44.731,44.778,44.818,44.88,44.925,44.977,45.014,45.068,45.101,45.149,45.174,45.238,45.279,45.34,45.402,45.457,45.51,45.577,45.652,45.718,45.784,45.843,45.921,46.006,46.079,46.208,46.304,46.409,46.512,46.617,46.75,46.937,47.166,47.418,47.831,48.958
157,LNP FP,39.727,40.417,40.965,41.19,41.434,41.54,41.7,41.816,41.959,42.069,42.145,42.211,42.3,42.358,42.427,42.49,42.575,42.634,42.683,42.747,42.819,42.863,42.921,42.966,43.021,43.092,43.135,43.175,43.21,43.272,43.308,43.351,43.381,43.429,43.477,43.525,43.562,43.608,43.654,43.69,43.732,43.776,43.804,43.838,43.866,43.915,43.966,44.003,44.038,44.081,44.118,44.158,44.197,44.237,44.277,44.316,44.351,44.391,44.43,44.466,44.507,44.555,44.6,44.652,44.681,44.731,44.778,44.818,44.88,44.925,44.977,45.014,45.068,45.101,45.149,45.174,45.238,45.279,45.34,45.402,45.457,45.51,45.577,45.652,45.718,45.784,45.843,45.921,46.006,46.079,46.208,46.304,46.409,46.512,46.617,46.75,46.937,47.166,47.418,47.831,48.958
158,LNP FP,39.524,40.489,40.936,41.159,41.365,41.505,41.665,41.81,41.949,42.054,42.141,42.204,42.278,42.348,42.435,42.495,42.555,42.638,42.697,42.746,42.796,42.858,42.911,42.956,43.005,43.063,43.113,43.161,43.203,43.251,43.298,43.341,43.389,43.422,43.474,43.522,43.573,43.622,43.66,43.7,43.732,43.769,43.827,43.87,43.9,43.946,43.982,44.023,44.072,44.107,44.133,44.172,44.217,44.255,44.291,44.324,44.362,44.399,44.436,44.475,44.511,44.554,44.596,44.642,44.677,44.708,44.74,44.778,44.837,44.877,44.917,44.964,45.013,45.083,45.123,45.169,45.223,45.287,45.335,45.407,45.459,45.525,45.58,45.643,45.72,45.776,45.841,45.908,45.974,46.096,46.182,46.269,46.418,46.521,46.673,46.788,46.902,47.16,47.503,47.908,48.771
159,LNP FP,39.524,40.489,40.936,41.159,41.365,41.505,41.665,41.81,41.949,42.054,42.141,42.204,42.278,42.348,42.435,42.495,42.555,42.638,42.697,42.746,42.796,42.858,42.911,42.956,43.005,43.063,43.113,43.161,43.203,43.251,43.298,43.341,43.389,43.422,43.474,43.522,43.573,43.622,43.66,43.7,43.732,43.769,43.827,43.87,43.9,43.946,43.982,44.023,44.072,44.107,44.133,44.172,44.217,44.255,44.291,44.324,44.362,44.399,44.436,44.475,44.511,44.554,44.596,44.642,44.677,44.708,44.74,44.778,44.837,44.877,44.917,44.964,45.013,45.083,45.123,45.169,45.223,45.287,45.335,45.407,45.459,45.525,45.58,45.643,45.72,45.776,45.841,45.908,45.974,46.096,46.182,46.269,46.418,46.521,46.673,46.788,46.902,47.16,47.503,47.908,48.771
160,LNP FP,39.596,40.469,40.844,41.153,41.342,41.546,41.684,41.798,41.909,42.01,42.116,42.207,42.283,42.334,42.422,42.505,42.561,42.6,42.654,42.724,42.774,42.832,42.889,42.951,43.004,43.063,43.122,43.178,43.217,43.269,43.329,43.37,43.407,43.444,43.482,43.522,43.568,43.609,43.656,43.697,43.739,43.787,43.822,43.867,43.902,43.94,43.98,44.017,44.051,44.09,44.126,44.165,44.2,44.234,44.288,44.354,44.385,44.424,44.459,44.499,44.532,44.578,44.617,44.662,44.699,44.741,44.777,44.809,44.852,44.9,44.947,44.994,45.046,45.104,45.129,45.193,45.254,45.308,45.359,45.425,45.516,45.565,45.61,45.666,45.718,45.798,45.869,45.947,46.021,46.124,46.205,46.306,46.392,46.524,46.65,46.797,46.975,47.191,47.499,47.906,48.784
161,LNP FP,39.596,40.469,40.844,41.153,41.342,41.546,41.684,41.798,41.909,42.01,42.116,42.207,42.283,42.334,42.422,42.505,42.561,42.6,42.654,42.724,42.774,42.832,42.889,42.951,43.004,43.063,43.122,43.178,43.217,43.269,43.329,43.37,43.407,43.444,43.482,43.522,43.568,43.609,43.656,43.697,43.739,43.787,43.822,43.867,43.902,43.94,43.98,44.017,44.051,44.09,44.126,44.165,44.2,44.234,44.288,44.354,44.385,44.424,44.459,44.499,44.532,44.578,44.617,44.662,44.699,44.741,44.777,44.809,44.852,44.9,44.947,44.994,45.046,45.104,45.129,45.193,45.254,45.308,45.359,45.425,45.516,45.565,45.61,45.666,45.718,45.798,45.869,45.947,46.021,46.124,46.205,46.306,46.392,46.524,46.65,46.797,46.975,47.191,47.499,47.906,48.784
162,LNP FP,39.547,40.408,40.833,41.052,41.321,41.486,41.628,41.807,41.939,42.038,42.124,42.195,42.265,42.33,42.41,42.471,42.539,42.602,42.662,42.727,42.78,42.838,42.879,42.935,43.0,43.067,43.126,43.178,43.224,43.267,43.317,43.361,43.407,43.461,43.516,43.554,43.597,43.633,43.674,43.715,43.771,43.808,43.85,43.885,43.915,43.946,43.983,44.025,44.071,44.113,44.151,44.193,44.224,44.275,44.3,44.339,44.377,44.423,44.474,44.521,44.558,44.601,44.635,44.678,44.709,44.749,44.797,44.854,44.894,44.938,44.977,45.029,45.088,45.13,45.169,45.204,45.26,45.305,45.352,45.414,45.479,45.556,45.62,45.681,45.723,45.803,45.884,45.943,46.012,46.114,46.229,46.331,46.441,46.526,46.636,46.824,47.007,47.193,47.439,48.022,49.127
163,LNP FP,39.547,40.408,40.833,41.052,41.321,41.486,41.628,41.807,41.939,42.038,42.124,42.195,42.265,42.33,42.41,42.471,42.539,42.602,42.662,42.727,42.78,42.838,42.879,42.935,43.0,43.067,43.126,43.178,43.224,43.267,43.317,43.361,43.407,43.461,43.516,43.554,43.597,43.633,43.674,43.715,43.771,43.808,43.85,43.885,43.915,43.946,43.983,44.025,44.071,44.113,44.151,44.193,44.224,44.275,44.3,44.339,44.377,44.423,44.474,44.521,44.558,44.601,44.635,44.678,44.709,44.749,44.797,44.854,44.894,44.938,44.977,45.029,45.088,45.13,45.169,45.204,45.26,45.305,45.352,45.414,45.479,45.556,45.62,45.681,45.723,45.803,45.884,45.943,46.012,46.114,46.229,46.331,46.441,46.526,46.636,46.824,47.007,47.193,47.439,48.022,49.127
164,LNP FP,39.183,40.435,40.718,41.076,41.31,41.477,41.628,41.779,41.889,42.013,42.106,42.168,42.261,42.349,42.42,42.489,42.548,42.596,42.663,42.733,42.794,42.847,42.898,42.95,43.011,43.095,43.166,43.211,43.253,43.307,43.362,43.405,43.442,43.475,43.512,43.549,43.589,43.627,43.676,43.716,43.76,43.79,43.828,43.869,43.907,43.953,43.99,44.029,44.069,44.102,44.147,44.183,44.214,44.26,44.288,44.338,44.39,44.432,44.483,44.522,44.566,44.598,44.643,44.678,44.72,44.777,44.82,44.856,44.894,44.941,44.976,45.017,45.056,45.112,45.148,45.195,45.25,45.306,45.343,45.413,45.472,45.533,45.605,45.673,45.724,45.794,45.88,45.949,46.048,46.139,46.239,46.34,46.455,46.593,46.704,46.845,46.994,47.194,47.466,47.927,49.031
165,LNP FP,39.183,40.435,40.718,41.076,41.31,41.477,41.628,41.779,41.889,42.013,42.106,42.168,42.261,42.349,42.42,42.489,42.548,42.596,42.663,42.733,42.794,42.847,42.898,42.95,43.011,43.095,43.166,43.211,43.253,43.307,43.362,43.405,43.442,43.475,43.512,43.549,43.589,43.627,43.676,43.716,43.76,43.79,43.828,43.869,43.907,43.953,43.99,44.029,44.069,44.102,44.147,44.183,44.214,44.26,44.288,44.338,44.39,44.432,44.483,44.522,44.566,44.598,44.643,44.678,44.72,44.777,44.82,44.856,44.894,44.941,44.976,45.017,45.056,45.112,45.148,45.195,45.25,45.306,45.343,45.413,45.472,45.533,45.605,45.673,45.724,45.794,45.88,45.949,46.048,46.139,46.239,46.34,46.455,46.593,46.704,46.845,46.994,47.194,47.466,47.927,49.031
166,LNP FP,39.323,40.316,40.767,41.103,41.266,41.523,41.666,41.78,41.868,41.968,42.059,42.144,42.236,42.312,42.389,42.469,42.525,42.604,42.685,42.739,42.806,42.882,42.926,42.986,43.039,43.085,43.131,43.182,43.236,43.282,43.323,43.357,43.391,43.438,43.476,43.526,43.564,43.62,43.672,43.708,43.745,43.787,43.823,43.857,43.891,43.925,43.985,44.033,44.084,44.13,44.173,44.207,44.24,44.279,44.31,44.343,44.378,44.421,44.457,44.5,44.552,44.576,44.628,44.673,44.724,44.761,44.798,44.844,44.89,44.94,44.97,45.022,45.084,45.122,45.17,45.231,45.284,45.33,45.386,45.447,45.504,45.545,45.596,45.659,45.737,45.805,45.864,45.947,46.058,46.154,46.239,46.332,46.46,46.558,46.655,46.776,46.957,47.167,47.422,47.79,49.053
167,LNP FP,39.323,40.316,40.767,41.103,41.266,41.523,41.666,41.78,41.868,41.968,42.059,42.144,42.236,42.312,42.389,42.469,42.525,42.604,42.685,42.739,42.806,42.882,42.926,42.986,43.039,43.085,43.131,43.182,43.236,43.282,43.323,43.357,43.391,43.438,43.476,43.526,43.564,43.62,43.672,43.708,43.745,43.787,43.823,43.857,43.891,43.925,43.985,44.033,44.084,44.13,44.173,44.207,44.24,44.279,44.31,44.343,44.378,44.421,44.457,44.5,44.552,44.576,44.628,44.673,44.724,44.761,44.798,44.844,44.89,44.94,44.97,45.022,45.084,45.122,45.17,45.231,45.284,45.33,45.386,45.447,45.504,45.545,45.596,45.659,45.737,45.805,45.864,45.947,46.058,46.154,46.239,46.332,46.46,46.558,46.655,46.776,46.957,47.167,47.422,47.79,49.053
168,LNP FP,39.236,40.405,40.83,41.096,41.273,41.431,41.652,41.8,41.893,42.003,42.122,42.2,42.285,42.373,42.448,42.514,42.568,42.624,42.682,42.738,42.806,42.865,42.905,42.947,43.003,43.061,43.123,43.17,43.23,43.281,43.32,43.361,43.419,43.465,43.503,43.546,43.584,43.642,43.673,43.712,43.748,43.788,43.827,43.869,43.905,43.953,43.991,44.033,44.08,44.114,44.154,44.189,44.218,44.253,44.295,44.342,44.382,44.428,44.469,44.512,44.553,44.6,44.637,44.684,44.73,44.777,44.82,44.858,44.905,44.958,44.999,45.042,45.092,45.137,45.188,45.245,45.291,45.334,45.387,45.441,45.481,45.524,45.577,45.626,45.685,45.778,45.849,45.94,46.034,46.112,46.186,46.3,46.418,46.576,46.709,46.829,46.972,47.153,47.36,47.819,48.873
169,LNP FP,39.236,40.405,40.83,41.096,41.273,41.431,41.652,41.8,41.893,42.003,42.122,42.2,42.285,42.373,42.448,42.514,42.568,42.624,42.682,42.738,42.806,42.865,42.905,42.947,43.003,43.061,43.123,43.17,43.23,43.281,43.32,43.361,43.419,43.465,43.503,43.546,43.584,43.642,43.673,43.712,43.748,43.788,43.827,43.869,43.905,43.953,43.991,44.033,44.08,44.114,44.154,44.189,44.218,44.253,44.295,44.342,44.382,44.428,44.469,44.512,44.553,44.6,44.637,44.684,44.73,44.777,44.82,44.858,44.905,44.958,44.999,45.042,45.092,45.137,45.188,45.245,45.291,45.334,45.387,45.441,45.481,45.524,45.577,45.626,45.685,45.778,45.849,45.94,46.034,46.112,46.186,46.3,46.418,46.576,46.709,46.829,46.972,47.153,47.36,47.819,48.873
170,LNP FP,39.131,40.412,40.859,41.101,41.315,41.542,41.676,41.782,41.912,42.003,42.109,42.191,42.294,42.362,42.432,42.484,42.589,42.643,42.699,42.752,42.814,42.859,42.917,42.965,43.009,43.06,43.141,43.188,43.235,43.286,43.338,43.379,43.423,43.463,43.498,43.545,43.586,43.635,43.676,43.719,43.766,43.791,43.839,43.873,43.921,43.959,43.995,44.045,44.08,44.114,44.147,44.184,44.229,44.271,44.303,44.342,44.397,44.429,44.473,44.522,44.557,44.6,44.662,44.697,44.725,44.764,44.815,44.87,44.915,44.953,44.992,45.033,45.082,45.124,45.186,45.221,45.265,45.301,45.376,45.428,45.483,45.529,45.586,45.663,45.728,45.802,45.874,45.946,46.038,46.115,46.233,46.351,46.458,46.58,46.733,46.859,46.978,47.206,47.433,47.82,48.934
171,LNP FP,39.131,40.412,40.859,41.101,41.315,41.542,41.676,41.782,41.912,42.003,42.109,42.191,42.294,42.362,42.432,42.484,42.589,42.643,42.699,42.752,42.814,42.859,42.917,42.965,43.009,43.06,43.141,43.188,43.235,43.286,43.338,43.379,43.423,43.463,43.498,43.545,43.586,43.635,43.676,43.719,43.766,43.791,43.839,43.873,43.921,43.959,43.995,44.045,44.08,44.114,44.147,44.184,44.229,44.271,44.303,44.342,44.397,44.429,44.473,44.522,44.557,44.6,44.662,44.697,44.725,44.764,44.815,44.87,44.915,44.953,44.992,45.033,45.082,45.124,45.186,45.221,45.265,45.301,45.376,45.428,45.483,45.529,45.586,45.663,45.728,45.802,45.874,45.946,46.038,46.115,46.233,46.351,46.458,46.58,46.733,46.859,46.978,47.206,47.433,47.82,48.934
172,LNP FP,39.128,40.346,40.787,41.119,41.341,41.52,41.675,41.825,41.903,42.057,42.147,42.244,42.342,42.417,42.48,42.561,42.622,42.679,42.728,42.787,42.851,42.907,42.951,43.001,43.069,43.121,43.173,43.214,43.25,43.305,43.341,43.391,43.437,43.476,43.516,43.56,43.598,43.642,43.689,43.719,43.755,43.785,43.821,43.864,43.889,43.934,43.976,44.011,44.046,44.09,44.132,44.182,44.223,44.26,44.304,44.348,44.399,44.438,44.476,44.501,44.547,44.595,44.627,44.674,44.718,44.769,44.806,44.84,44.881,44.928,44.962,45.002,45.088,45.138,45.202,45.26,45.3,45.354,45.416,45.456,45.52,45.574,45.632,45.693,45.751,45.813,45.896,45.969,46.055,46.136,46.203,46.31,46.431,46.564,46.663,46.825,47.034,47.259,47.513,47.899,48.749
173,LNP FP,39.128,40.346,40.787,41.119,41.341,41.52,41.675,41.825,41.903,42.057,42.147,42.244,42.342,42.417,42.48,42.561,42.622,42.679,42.728,42.787,42.851,42.907,42.951,43.001,43.069,43.121,43.173,43.214,43.25,43.305,43.341,43.391,43.437,43.476,43.516,43.56,43.598,43.642,43.689,43.719,43.755,43.785,43.821,43.864,43.889,43.934,43.976,44.011,44.046,44.09,44.132,44.182,44.223,44.26,44.304,44.348,44.399,44.438,44.476,44.501,44.547,44.595,44.627,44.674,44.718,44.769,44.806,44.84,44.881,44.928,44.962,45.002,45.088,45.138,45.202,45.26,45.3,45.354,45.416,45.456,45.52,45.574,45.632,45.693,45.751,45.813,45.896,45.969,46.055,46.136,46.203,46.31,46.431,46.564,46.663,46.825,47.034,47.259,47.513,47.899,48.749
174,LNP FP,39.298,40.266,40.775,41.125,41.345,41.539,41.678,41.785,41.914,42.022,42.148,42.237,42.322,42.394,42.472,42.536,42.605,42.658,42.731,42.802,42.848,42.918,42.957,43.012,43.059,43.103,43.154,43.198,43.247,43.304,43.353,43.396,43.433,43.478,43.51,43.559,43.594,43.64,43.686,43.718,43.768,43.804,43.85,43.889,43.929,43.965,43.99,44.03,44.09,44.124,44.163,44.198,44.235,44.274,44.303,44.347,44.385,44.431,44.477,44.513,44.55,44.587,44.623,44.668,44.716,44.756,44.805,44.845,44.886,44.926,44.972,45.026,45.082,45.13,45.179,45.23,45.278,45.331,45.38,45.433,45.496,45.563,45.625,45.686,45.742,45.791,45.881,45.99,46.058,46.139,46.237,46.336,46.444,46.516,46.636,46.807,47.005,47.176,47.436,47.805,48.705
175,LNP FP,39.298,40.266,40.775,41.125,41.345,41.539,41.678,41.785,41.914,42.022,42.148,42.237,42.322,42.394,42.472,42.536,42.605,42.658,42.731,42.802,42.848,42.918,42.957,43.012,43.059,43.103,43.154,43.198,43.247,43.304,43.353,43.396,43.433,43.478,43.51,43.559,43.594,43.64,43.686,43.718,43.768,43.804,43.85,43.889,43.929,43.965,43.99,44.03,44.09,44.124,44.163,44.198,44.235,44.274,44.303,44.347,44.385,44.431,44.477,44.513,44.55,44.587,44.623,44.668,44.716,44.756,44.805,44.845,44.886,44.926,44.972,45.026,45.082,45.13,45.179,45.23,45.278,45.331,45.38,45.433,45.496,45.563,45.625,45.686,45.742,45.791,45.881,45.99,46.058,46.139,46.237,46.336,46.444,46.516,46.636,46.807,47.005,47.176,47.436,47.805,48.705
176,LNP FP,39.324,40.285,40.831,41.12,41.381,41.538,41.681,41.815,41.92,42.009,42.119,42.2,42.296,42.377,42.448,42.497,42.555,42.634,42.697,42.773,42.841,42.904,42.947,42.997,43.042,43.091,43.136,43.189,43.244,43.309,43.356,43.41,43.45,43.494,43.534,43.57,43.609,43.644,43.683,43.721,43.758,43.798,43.837,43.869,43.915,43.955,43.994,44.025,44.068,44.105,44.135,44.175,44.222,44.26,44.292,44.336,44.377,44.414,44.446,44.482,44.53,44.573,44.626,44.666,44.725,44.768,44.819,44.846,44.888,44.931,44.985,45.037,45.077,45.129,45.177,45.231,45.294,45.345,45.395,45.445,45.497,45.546,45.601,45.673,45.738,45.806,45.883,45.961,46.059,46.127,46.211,46.335,46.429,46.542,46.667,46.822,46.97,47.185,47.381,47.817,48.779
177,LNP FP,39.324,40.285,40.831,41.12,41.381,41.538,41.681,41.815,41.92,42.009,42.119,42.2,42.296,42.377,42.448,42.497,42.555,42.634,42.697,42.773,42.841,42.904,42.947,42.997,43.042,43.091,43.136,43.189,43.244,43.309,43.356,43.41,43.45,43.494,43.534,43.57,43.609,43.644,43.683,43.721,43.758,43.798,43.837,43.869,43.915,43.955,43.994,44.025,44.068,44.105,44.135,44.175,44.222,44.26,44.292,44.336,44.377,44.414,44.446,44.482,44.53,44.573,44.626,44.666,44.725,44.768,44.819,44.846,44.888,44.931,44.985,45.037,45.077,45.129,45.177,45.231,45.294,45.345,45.395,45.445,45.497,45.546,45.601,45.673,45.738,45.806,45.883,45.961,46.059,46.127,46.211,46.335,46.429,46.542,46.667,46.822,46.97,47.185,47.381,47.817,48.779
178,LNP FP,39.287,40.398,40.864,41.169,41.372,41.49,41.643,41.789,41.872,41.99,42.099,42.208,42.294,42.394,42.469,42.548,42.601,42.672,42.735,42.799,42.855,42.897,42.956,43.017,43.084,43.147,43.202,43.261,43.312,43.357,43.42,43.459,43.509,43.541,43.565,43.61,43.644,43.681,43.708,43.755,43.788,43.818,43.857,43.896,43.928,43.964,43.997,44.039,44.097,44.131,44.172,44.208,44.244,44.285,44.321,44.353,44.392,44.426,44.464,44.513,44.555,44.592,44.63,44.673,44.696,44.738,44.787,44.835,44.896,44.943,45.0,45.048,45.101,45.167,45.201,45.244,45.291,45.348,45.395,45.459,45.523,45.581,45.646,45.698,45.775,45.826,45.895,45.957,46.037,46.121,46.195,46.296,46.396,46.53,46.654,46.739,46.927,47.084,47.499,47.894,48.739
179,LNP FP,39.287,40.398,40.864,41.169,41.372,41.49,41.643,41.789,41.872,41.99,42.099,42.208,42.294,42.394,42.469,42.548,42.601,42.672,42.735,42.799,42.855,42.897,42.956,43.017,43.084,43.147,43.202,43.261,43.312,43.357,43.42,43.459,43.509,43.541,43.565,43.61,43.644,43.681,43.708,43.755,43.788,43.818,43.857,43.896,43.928,43.964,43.997,44.039,44.097,44.131,44.172,44.208,44.244,44.285,44.321,44.353,44.392,44.426,44.464,44.513,44.555,44.592,44.63,44.673,44.696,44.738,44.787,44.835,44.896,44.943,45.0,45.048,45.101,45.167,45.201,45.244,45.291,45.348,45.395,45.459,45.523,45.581,45.646,45.698,45.775,45.826,45.895,45.957,46.037,46.121,46.195,46.296,46.396,46.53,46.654,46.739,46.927,47.084,47.499,47.894,48.739
180,LNP FP,39.454,40.505,40.876,41.179,41.385,41.568,41.692,41.849,41.944,42.046,42.159,42.227,42.306,42.409,42.471,42.531,42.597,42.657,42.731,42.794,42.861,42.916,42.979,43.025,43.074,43.121,43.168,43.238,43.294,43.342,43.377,43.42,43.463,43.501,43.549,43.595,43.637,43.678,43.713,43.752,43.787,43.821,43.856,43.89,43.929,43.956,44.002,44.03,44.073,44.116,44.151,44.186,44.221,44.27,44.318,44.348,44.396,44.442,44.477,44.513,44.551,44.592,44.637,44.671,44.707,44.742,44.779,44.843,44.886,44.94,44.992,45.044,45.082,45.141,45.208,45.263,45.312,45.355,45.415,45.474,45.523,45.573,45.657,45.735,45.776,45.845,45.91,45.973,46.055,46.119,46.216,46.336,46.411,46.517,46.655,46.812,46.93,47.126,47.513,47.951,48.855
181,LNP FP,39.454,40.505,40.876,41.179,41.385,41.568,41.692,41.849,41.944,42.046,42.159,42.227,42.306,42.409,42.471,42.531,42.597,42.657,42.731,42.794,42.861,42.916,42.979,43.025,43.074,43.121,43.168,43.238,43.294,43.342,43.377,43.42,43.463,43.501,43.549,43.595,43.637,43.678,43.713,43.752,43.787,43.821,43.856,43.89,43.929,43.956,44.002,44.03,44.073,44.116,44.151,44.186,44.221,44.27,44.318,44.348,44.396,44.442,44.477,44.513,44.551,44.592,44.637,44.671,44.707,44.742,44.779,44.843,44.886,44.94,44.992,45.044,45.082,45.141,45.208,45.263,45.312,45.355,45.415,45.474,45.523,45.573,45.657,45.735,45.776,45.845,45.91,45.973,46.055,46.119,46.216,46.336,46.411,46.517,46.655,46.812,46.93,47.126,47.513,47.951,48.855
182,LNP FP,39.359,40.403,40.881,41.154,41.382,41.545,41.742,41.838,41.973,42.072,42.162,42.235,42.333,42.422,42.486,42.56,42.642,42.693,42.76,42.821,42.871,42.929,42.983,43.042,43.105,43.163,43.218,43.272,43.31,43.348,43.401,43.444,43.477,43.518,43.576,43.609,43.651,43.691,43.733,43.771,43.817,43.848,43.877,43.916,43.948,43.979,44.011,44.061,44.105,44.147,44.191,44.22,44.247,44.288,44.331,44.362,44.401,44.444,44.478,44.509,44.54,44.585,44.627,44.69,44.739,44.786,44.842,44.883,44.924,44.975,45.013,45.06,45.114,45.151,45.198,45.254,45.32,45.364,45.43,45.489,45.546,45.589,45.636,45.688,45.742,45.819,45.895,45.954,46.033,46.126,46.237,46.323,46.415,46.534,46.677,46.827,46.996,47.195,47.553,47.942,48.845
183,LNP FP,39.359,40.403,40.881,41.154,41.382,41.545,41.742,41.838,41.973,42.072,42.162,42.235,42.333,42.422,42.486,42.56,42.642,42.693,42.76,42.821,42.871,42.929,42.983,43.042,43.105,43.163,43.218,43.272,43.31,43.348,43.401,43.444,43.477,43.518,43.576,43.609,43.651,43.691,43.733,43.771,43.817,43.848,43.877,43.916,43.948,43.979,44.011,44.061,44.105,44.147,44.191,44.22,44.247,44.288,44.331,44.362,44.401,44.444,44.478,44.509,44.54,44.585,44.627,44.69,44.739,44.786,44.842,44.883,44.924,44.975,45.013,45.06,45.114,45.151,45.198,45.254,45.32,45.364,45.43,45.489,45.546,45.589,45.636,45.688,45.742,45.819,45.895,45.954,46.033,46.126,46.237,46.323,46.415,46.534,46.677,46.827,46.996,47.195,47.553,47.942,48.845
184,LNP FP,39.604,40.485,40.911,41.198,41.442,41.636,41.797,41.907,41.995,42.065,42.183,42.267,42.365,42.438,42.507,42.581,42.666,42.745,42.798,42.862,42.927,42.975,43.039,43.088,43.142,43.193,43.248,43.302,43.337,43.375,43.411,43.456,43.486,43.542,43.574,43.619,43.669,43.71,43.744,43.78,43.816,43.848,43.889,43.935,43.96,43.991,44.026,44.068,44.117,44.154,44.196,44.231,44.27,44.305,44.341,44.377,44.407,44.45,44.494,44.532,44.565,44.61,44.643,44.681,44.716,44.773,44.82,44.881,44.923,44.964,45.015,45.06,45.115,45.165,45.207,45.264,45.317,45.378,45.42,45.464,45.535,45.604,45.652,45.7,45.752,45.815,45.899,45.963,46.056,46.127,46.223,46.304,46.434,46.525,46.672,46.928,47.113,47.329,47.568,47.956,48.94
185,LNP FP,39.604,40.485,40.911,41.198,41.442,41.636,41.797,41.907,41.995,42.065,42.183,42.267,42.365,42.438,42.507,42.581,42.666,42.745,42.798,42.862,42.927,42.975,43.039,43.088,43.142,43.193,43.248,43.302,43.337,43.375,43.411,43.456,43.486,43.542,43.574,43.619,43.669,43.71,43.744,43.78,43.816,43.848,43.889,43.935,43.96,43.991,44.026,44.068,44.117,44.154,44.196,44.231,44.27,44.305,44.341,44.377,44.407,44.45,44.494,44.532,44.565,44.61,44.643,44.681,44.716,44.773,44.82,44.881,44.923,44.964,45.015,45.06,45.115,45.165,45.207,45.264,45.317,45.378,45.42,45.464,45.535,45.604,45.652,45.7,45.752,45.815,45.899,45.963,46.056,46.127,46.223,46.304,46.434,46.525,46.672,46.928,47.113,47.329,47.568,47.956,48.94
186,LNP FP,39.507,40.46,41.014,41.272,41.511,41.687,41.852,41.954,42.045,42.119,42.21,42.293,42.364,42.433,42.512,42.581,42.67,42.748,42.805,42.876,42.922,42.974,43.038,43.084,43.139,43.184,43.23,43.272,43.312,43.373,43.42,43.457,43.503,43.545,43.586,43.632,43.676,43.712,43.746,43.779,43.81,43.855,43.884,43.918,43.96,43.988,44.022,44.058,44.096,44.144,44.187,44.217,44.25,44.302,44.336,44.386,44.431,44.47,44.513,44.543,44.574,44.604,44.66,44.707,44.757,44.793,44.838,44.879,44.929,44.97,45.015,45.063,45.117,45.151,45.195,45.249,45.302,45.342,45.405,45.46,45.504,45.547,45.605,45.669,45.733,45.807,45.881,45.943,46.049,46.126,46.194,46.322,46.426,46.569,46.688,46.844,47.062,47.279,47.537,47.861,48.834
187,LNP FP,39.507,40.46,41.014,41.272,41.511,41.687,41.852,41.954,42.045,42.119,42.21,42.293,42.364,42.433,42.512,42.581,42.67,42.748,42.805,42.876,42.922,42.974,43.038,43.084,43.139,43.184,43.23,43.272,43.312,43.373,43.42,43.457,43.503,43.545,43.586,43.632,43.676,43.712,43.746,43.779,43.81,43.855,43.884,43.918,43.96,43.988,44.022,44.058,44.096,44.144,44.187,44.217,44.25,44.302,44.336,44.386,44.431,44.47,44.513,44.543,44.574,44.604,44.66,44.707,44.757,44.793,44.838,44.879,44.929,44.97,45.015,45.063,45.117,45.151,45.195,45.249,45.302,45.342,45.405,45.46,45.504,45.547,45.605,45.669,45.733,45.807,45.881,45.943,46.049,46.126,46.194,46.322,46.426,46.569,46.688,46.844,47.062,47.279,47.537,47.861,48.834
188,LNP FP,39.445,40.573,40.946,41.226,41.509,41.655,41.785,41.904,42.032,42.126,42.201,42.275,42.34,42.416,42.495,42.574,42.647,42.705,42.759,42.814,42.876,42.929,42.975,43.022,43.08,43.143,43.185,43.228,43.283,43.331,43.374,43.414,43.466,43.505,43.539,43.595,43.633,43.667,43.706,43.752,43.786,43.813,43.849,43.89,43.938,43.983,44.016,44.056,44.091,44.124,44.161,44.193,44.232,44.266,44.308,44.342,44.383,44.413,44.453,44.499,44.541,44.581,44.626,44.665,44.71,44.746,44.789,44.848,44.885,44.933,44.973,45.022,45.062,45.098,45.15,45.199,45.245,45.301,45.334,45.393,45.45,45.521,45.579,45.627,45.701,45.774,45.832,45.89,45.986,46.057,46.148,46.246,46.359,46.498,46.643,46.803,47.034,47.297,47.602,47.927,48.824
189,LNP FP,39.445,40.573,40.946,41.226,41.509,41.655,41.785,41.904,42.032,42.126,42.201,42.275,42.34,42.416,42.495,42.574,42.647,42.705,42.759,42.814,42.876,42.929,42.975,43.022,43.08,43.143,43.185,43.228,43.283,43.331,43.374,43.414,43.466,43.505,43.539,43.595,43.633,43.667,43.706,43.752,43.786,43.813,43.849,43.89,43.938,43.983,44.016,44.056,44.091,44.124,44.161,44.193,44.232,44.266,44.308,44.342,44.383,44.413,44.453,44.499,44.541,44.581,44.626,44.665,44.71,44.746,44.789,44.848,44.885,44.933,44.973,45.022,45.062,45.098,45.15,45.199,45.245,45.301,45.334,45.393,45.45,45.521,45.579,45.627,45.701,45.774,45.832,45.89,45.986,46.057,46.148,46.246,46.359,46.498,46.643,46.803,47.034,47.297,47.602,47.927,48.824
190,LNP FP,39.235,40.567,40.942,41.185,41.424,41.64,41.757,41.859,41.943,42.045,42.168,42.267,42.353,42.426,42.478,42.54,42.616,42.699,42.754,42.802,42.848,42.887,42.94,42.983,43.051,43.095,43.141,43.184,43.232,43.278,43.333,43.394,43.434,43.475,43.519,43.553,43.595,43.637,43.673,43.718,43.761,43.803,43.837,43.878,43.925,43.965,44.001,44.038,44.074,44.108,44.149,44.184,44.21,44.245,44.283,44.329,44.376,44.417,44.451,44.491,44.53,44.569,44.615,44.649,44.694,44.735,44.787,44.829,44.871,44.905,44.937,44.989,45.043,45.096,45.136,45.17,45.233,45.285,45.342,45.383,45.442,45.485,45.548,45.613,45.687,45.744,45.802,45.871,45.939,46.041,46.14,46.249,46.345,46.436,46.571,46.729,46.996,47.247,47.626,47.998,48.802
191,LNP FP,39.235,40.567,40.942,41.185,41.424,41.64,41.757,41.859,41.943,42.045,42.168,42.267,42.353,42.426,42.478,42.54,42.616,42.699,42.754,42.802,42.848,42.887,42.94,42.983,43.051,43.095,43.141,43.184,43.232,43.278,43.333,43.394,43.434,43.475,43.519,43.553,43.595,43.637,43.673,43.718,43.761,43.803,43.837,43.878,43.925,43.965,44.001,44.038,44.074,44.108,44.149,44.184,44.21,44.245,44.283,44.329,44.376,44.417,44.451,44.491,44.53,44.569,44.615,44.649,44.694,44.735,44.787,44.829,44.871,44.905,44.937,44.989,45.043,45.096,45.136,45.17,45.233,45.285,45.342,45.383,45.442,45.485,45.548,45.613,45.687,45.744,45.802,45.871,45.939,46.041,46.14,46.249,46.345,46.436,46.571,46.729,46.996,47.247,47.626,47.998,48.802
192,LNP FP,39.053,40.464,40.845,41.13,41.368,41.593,41.761,41.884,41.976,42.064,42.146,42.234,42.303,42.371,42.453,42.513,42.571,42.636,42.696,42.761,42.811,42.876,42.916,42.958,43.005,43.049,43.11,43.154,43.226,43.28,43.321,43.361,43.405,43.44,43.471,43.509,43.57,43.616,43.665,43.701,43.732,43.772,43.809,43.849,43.879,43.925,43.964,43.998,44.043,44.078,44.123,44.166,44.211,44.246,44.289,44.326,44.358,44.38,44.43,44.47,44.5,44.531,44.559,44.602,44.644,44.688,44.73,44.788,44.832,44.878,44.926,44.971,45.017,45.053,45.085,45.126,45.182,45.239,45.299,45.352,45.414,45.454,45.509,45.576,45.631,45.706,45.764,45.84,45.914,46.005,46.098,46.186,46.292,46.446,46.576,46.748,46.992,47.204,47.525,47.891,48.675
193,LNP FP,39.053,40.464,40.845,41.13,41.368,41.593,41.761,41.884,41.976,42.064,42.146,42.234,42.303,42.371,42.453,42.513,42.571,42.636,42.696,42.761,42.811,42.876,42.916,42.958,43.005,43.049,43.11,43.154,43.226,43.28,43.321,43.361,43.405,43.44,43.471,43.509,43.57,43.616,43.665,43.701,43.732,43.772,43.809,43.849,43.879,43.925,43.964,43.998,44.043,44.078,44.123,44.166,44.211,44.246,44.289,44.326,44.358,44.38,44.43,44.47,44.5,44.531,44.559,44.602,44.644,44.688,44.73,44.788,44.832,44.878,44.926,44.971,45.017,45.053,45.085,45.126,45.182,45.239,45.299,45.352,45.414,45.454,45.509,45.576,45.631,45.706,45.764,45.84,45.914,46.005,46.098,46.186,46.292,46.446,46.576,46.748,46.992,47.204,47.525,47.891,48.675
194,LNP FP,39.203,40.42,40.874,41.182,41.411,41.596,41.738,41.848,41.937,42.054,42.161,42.204,42.267,42.361,42.435,42.507,42.583,42.624,42.681,42.732,42.795,42.824,42.882,42.943,42.996,43.052,43.096,43.158,43.207,43.254,43.304,43.336,43.39,43.434,43.463,43.504,43.545,43.582,43.618,43.659,43.702,43.74,43.777,43.824,43.861,43.908,43.951,43.992,44.024,44.057,44.114,44.156,44.187,44.224,44.264,44.302,44.335,44.371,44.406,44.441,44.479,44.517,44.542,44.581,44.626,44.655,44.701,44.733,44.77,44.799,44.838,44.89,44.925,44.968,45.01,45.062,45.111,45.191,45.252,45.295,45.359,45.413,45.473,45.527,45.604,45.665,45.73,45.805,45.875,45.944,46.043,46.185,46.303,46.433,46.571,46.725,46.92,47.172,47.431,47.772,48.668
195,LNP FP,39.203,40.42,40.874,41.182,41.411,41.596,41.738,41.848,41.937,42.054,42.161,42.204,42.267,42.361,42.435,42.507,42.583,42.624,42.681,42.732,42.795,42.824,42.882,42.943,42.996,43.052,43.096,43.158,43.207,43.254,43.304,43.336,43.39,43.434,43.463,43.504,43.545,43.582,43.618,43.659,43.702,43.74,43.777,43.824,43.861,43.908,43.951,43.992,44.024,44.057,44.114,44.156,44.187,44.224,44.264,44.302,44.335,44.371,44.406,44.441,44.479,44.517,44.542,44.581,44.626,44.655,44.701,44.733,44.77,44.799,44.838,44.89,44.925,44.968,45.01,45.062,45.111,45.191,45.252,45.295,45.359,45.413,45.473,45.527,45.604,45.665,45.73,45.805,45.875,45.944,46.043,46.185,46.303,46.433,46.571,46.725,46.92,47.172,47.431,47.772,48.668
196,LNP FP,39.053,40.434,40.867,41.146,41.381,41.559,41.671,41.785,41.92,42.038,42.114,42.193,42.281,42.342,42.409,42.47,42.559,42.628,42.677,42.722,42.783,42.843,42.896,42.951,42.999,43.04,43.088,43.135,43.18,43.216,43.258,43.307,43.346,43.391,43.441,43.485,43.53,43.562,43.603,43.643,43.679,43.725,43.758,43.791,43.828,43.864,43.907,43.946,43.986,44.027,44.059,44.096,44.139,44.171,44.214,44.253,44.288,44.328,44.366,44.404,44.448,44.479,44.522,44.556,44.602,44.63,44.666,44.701,44.738,44.783,44.833,44.874,44.903,44.955,44.996,45.044,45.088,45.134,45.188,45.24,45.294,45.335,45.431,45.509,45.601,45.649,45.719,45.774,45.853,45.938,46.014,46.15,46.258,46.359,46.502,46.676,46.865,47.111,47.426,47.809,49.028
197,LNP FP,39.053,40.434,40.867,41.146,41.381,41.559,41.671,41.785,41.92,42.038,42.114,42.193,42.281,42.342,42.409,42.47,42.559,42.628,42.677,42.722,42.783,42.843,42.896,42.951,42.999,43.04,43.088,43.135,43.18,43.216,43.258,43.307,43.346,43.391,43.441,43.485,43.53,43.562,43.603,43.643,43.679,43.725,43.758,43.791,43.828,43.864,43.907,43.946,43.986,44.027,44.059,44.096,44.139,44.171,44.214,44.253,44.288,44.328,44.366,44.404,44.448,44.479,44.522,44.556,44.602,44.63,44.666,44.701,44.738,44.783,44.833,44.874,44.903,44.955,44.996,45.044,45.088,45.134,45.188,45.24,45.294,45.335,45.431,45.509,45.601,45.649,45.719,45.774,45.853,45.938,46.014,46.15,46.258,46.359,46.502,46.676,46.865,47.111,47.426,47.809,49.028
198,LNP FP,39.214,40.381,40.802,41.061,41.28,41.522,41.672,41.808,41.893,42.019,42.095,42.175,42.257,42.329,42.385,42.453,42.513,42.569,42.632,42.685,42.745,42.783,42.845,42.913,42.973,43.033,43.075,43.111,43.156,43.189,43.23,43.276,43.323,43.368,43.406,43.447,43.487,43.534,43.568,43.602,43.627,43.653,43.687,43.721,43.771,43.803,43.846,43.88,43.945,43.98,44.02,44.056,44.085,44.114,44.152,44.199,44.236,44.259,44.305,44.344,44.381,44.413,44.455,44.495,44.539,44.578,44.61,44.645,44.689,44.737,44.788,44.821,44.865,44.909,44.95,44.998,45.044,45.092,45.147,45.215,45.277,45.349,45.414,45.472,45.531,45.591,45.656,45.737,45.809,45.909,46.004,46.123,46.245,46.338,46.44,46.579,46.772,47.012,47.334,47.733,48.669
199,LNP FP,39.214,40.381,40.802,41.061,41.28,41.522,41.672,41.808,41.893,42.019,42.095,42.175,42.257,42.329,42.385,42.453,42.513,42.569,42.632,42.685,42.745,42.783,42.845,42.913,42.973,43.033,43.075,43.111,43.156,43.189,43.23,43.276,43.323,43.368,43.406,43.447,43.487,43.534,43.568,43.602,43.627,43.653,43.687,43.721,43.771,43.803,43.846,43.88,43.945,43.98,44.02,44.056,44.085,44.114,44.152,44.199,44.236,44.259,44.305,44.344,44.381,44.413,44.455,44.495,44.539,44.578,44.61,44.645,44.689,44.737,44.788,44.821,44.865,44.909,44.95,44.998,45.044,45.092,45.147,45.215,45.277,45.349,45.414,45.472,45.531,45.591,45.656,45.737,45.809,45.909,46.004,46.123,46.245,46.338,46.44,46.579,46.772,47.012,47.334,47.733,48.669
200,LNP FP,39.076,40.399,40.775,41.048,41.197,41.433,41.608,41.722,41.837,41.946,42.057,42.146,42.202,42.274,42.342,42.402,42.477,42.542,42.606,42.678,42.73,42.795,42.841,42.902,42.95,42.987,43.028,43.082,43.127,43.178,43.213,43.263,43.304,43.337,43.391,43.431,43.469,43.499,43.534,43.573,43.602,43.659,43.686,43.729,43.762,43.81,43.845,43.894,43.924,43.957,43.984,44.011,44.042,44.075,44.105,44.145,44.189,44.229,44.278,44.315,44.355,44.399,44.437,44.463,44.499,44.521,44.562,44.602,44.644,44.687,44.727,44.763,44.809,44.85,44.913,44.96,45.021,45.072,45.146,45.185,45.245,45.314,45.367,45.436,45.493,45.568,45.641,45.714,45.785,45.877,45.984,46.07,46.183,46.323,46.427,46.576,46.729,46.984,47.239,47.687,48.483
201,LNP FP,39.076,40.399,40.775,41.048,41.197,41.433,41.608,41.722,41.837,41.946,42.057,42.146,42.202,42.274,42.342,42.402,42.477,42.542,42.606,42.678,42.73,42.795,42.841,42.902,42.95,42.987,43.028,43.082,43.127,43.178,43.213,43.263,43.304,43.337,43.391,43.431,43.469,43.499,43.534,43.573,43.602,43.659,43.686,43.729,43.762,43.81,43.845,43.894,43.924,43.957,43.984,44.011,44.042,44.075,44.105,44.145,44.189,44.229,44.278,44.315,44.355,44.399,44.437,44.463,44.499,44.521,44.562,44.602,44.644,44.687,44.727,44.763,44.809,44.85,44.913,44.96,45.021,45.072,45.146,45.185,45.245,45.314,45.367,45.436,45.493,45.568,45.641,45.714,45.785,45.877,45.984,46.07,46.183,46.323,46.427,46.576,46.729,46.984,47.239,47.687,48.483
202,LNP FP,39.23,40.412,40.748,40.987,41.226,41.404,41.567,41.678,41.787,41.897,42.007,42.1,42.158,42.273,42.347,42.425,42.488,42.543,42.608,42.672,42.738,42.778,42.838,42.873,42.927,42.965,43.011,43.049,43.092,43.134,43.172,43.213,43.249,43.283,43.313,43.357,43.378,43.409,43.453,43.503,43.54,43.584,43.627,43.661,43.705,43.742,43.792,43.839,43.872,43.92,43.952,43.992,44.024,44.064,44.098,44.131,44.158,44.202,44.235,44.27,44.305,44.336,44.376,44.408,44.45,44.493,44.541,44.586,44.629,44.671,44.72,44.766,44.805,44.869,44.918,44.958,45.004,45.05,45.096,45.147,45.194,45.246,45.304,45.364,45.436,45.503,45.587,45.648,45.732,45.822,45.893,45.993,46.092,46.237,46.369,46.537,46.719,46.924,47.158,47.675,48.599
203,LNP FP,39.23,40.412,40.748,40.987,41.226,41.404,41.567,41.678,41.787,41.897,42.007,42.1,42.158,42.273,42.347,42.425,42.488,42.543,42.608,42.672,42.738,42.778,42.838,42.873,42.927,42.965,43.011,43.049,43.092,43.134,43.172,43.213,43.249,43.283,43.313,43.357,43.378,43.409,43.453,43.503,43.54,43.584,43.627,43.661,43.705,43.742,43.792,43.839,43.872,43.92,43.952,43.992,44.024,44.064,44.098,44.131,44.158,44.202,44.235,44.27,44.305,44.336,44.376,44.408,44.45,44.493,44.541,44.586,44.629,44.671,44.72,44.766,44.805,44.869,44.918,44.958,45.004,45.05,45.096,45.147,45.194,45.246,45.304,45.364,45.436,45.503,45.587,45.648,45.732,45.822,45.893,45.993,46.092,46.237,46.369,46.537,46.719,46.924,47.158,47.675,48.599
204,LNP FP,39.096,40.278,40.778,40.994,41.153,41.314,41.473,41.598,41.738,41.871,41.977,42.05,42.137,42.2,42.28,42.33,42.427,42.493,42.549,42.615,42.672,42.724,42.774,42.822,42.862,42.91,42.964,43.001,43.034,43.077,43.134,43.186,43.236,43.27,43.304,43.354,43.396,43.441,43.48,43.516,43.553,43.581,43.617,43.654,43.689,43.737,43.779,43.806,43.842,43.901,43.926,43.959,43.995,44.038,44.079,44.121,44.158,44.196,44.229,44.266,44.306,44.335,44.366,44.41,44.453,44.501,44.532,44.571,44.614,44.663,44.699,44.757,44.807,44.838,44.874,44.926,44.95,45.001,45.04,45.076,45.128,45.204,45.265,45.323,45.398,45.447,45.507,45.594,45.696,45.784,45.884,46.007,46.103,46.202,46.33,46.469,46.639,46.846,47.106,47.483,48.322
205,LNP FP,39.096,40.278,40.778,40.994,41.153,41.314,41.473,41.598,41.738,41.871,41.977,42.05,42.137,42.2,42.28,42.33,42.427,42.493,42.549,42.615,42.672,42.724,42.774,42.822,42.862,42.91,42.964,43.001,43.034,43.077,43.134,43.186,43.236,43.27,43.304,43.354,43.396,43.441,43.48,43.516,43.553,43.581,43.617,43.654,43.689,43.737,43.779,43.806,43.842,43.901,43.926,43.959,43.995,44.038,44.079,44.121,44.158,44.196,44.229,44.266,44.306,44.335,44.366,44.41,44.453,44.501,44.532,44.571,44.614,44.663,44.699,44.757,44.807,44.838,44.874,44.926,44.95,45.001,45.04,45.076,45.128,45.204,45.265,45.323,45.398,45.447,45.507,45.594,45.696,45.784,45.884,46.007,46.103,46.202,46.33,46.469,46.639,46.846,47.106,47.483,48.322
206,LNP FP,39.021,40.37,40.765,40.996,41.172,41.311,41.465,41.605,41.754,41.865,41.973,42.051,42.135,42.21,42.268,42.329,42.379,42.462,42.532,42.573,42.621,42.656,42.708,42.757,42.807,42.865,42.921,42.972,43.029,43.065,43.108,43.149,43.186,43.226,43.274,43.32,43.35,43.385,43.426,43.463,43.508,43.567,43.599,43.638,43.673,43.706,43.752,43.791,43.824,43.853,43.89,43.932,43.974,44.015,44.044,44.089,44.125,44.166,44.219,44.244,44.269,44.306,44.348,44.394,44.426,44.459,44.496,44.538,44.589,44.636,44.672,44.714,44.765,44.794,44.834,44.87,44.911,44.955,45.006,45.063,45.105,45.172,45.229,45.279,45.376,45.446,45.498,45.571,45.653,45.762,45.853,45.966,46.048,46.169,46.301,46.457,46.596,46.801,47.122,47.481,48.351
207,LNP FP,39.021,40.37,40.765,40.996,41.172,41.311,41.465,41.605,41.754,41.865,41.973,42.051,42.135,42.21,42.268,42.329,42.379,42.462,42.532,42.573,42.621,42.656,42.708,42.757,42.807,42.865,42.921,42.972,43.029,43.065,43.108,43.149,43.186,43.226,43.274,43.32,43.35,43.385,43.426,43.463,43.508,43.567,43.599,43.638,43.673,43.706,43.752,43.791,43.824,43.853,43.89,43.932,43.974,44.015,44.044,44.089,44.125,44.166,44.219,44.244,44.269,44.306,44.348,44.394,44.426,44.459,44.496,44.538,44.589,44.636,44.672,44.714,44.765,44.794,44.834,44.87,44.911,44.955,45.006,45.063,45.105,45.172,45.229,45.279,45.376,45.446,45.498,45.571,45.653,45.762,45.853,45.966,46.048,46.169,46.301,46.457,46.596,46.801,47.122,47.481,48.351
208,LNP FP,38.976,40.283,40.782,40.996,41.128,41.323,41.505,41.623,41.731,41.83,41.931,42.031,42.105,42.166,42.234,42.284,42.367,42.423,42.489,42.541,42.6,42.667,42.713,42.756,42.798,42.84,42.887,42.926,42.974,43.023,43.065,43.102,43.138,43.187,43.221,43.261,43.301,43.345,43.39,43.446,43.476,43.509,43.551,43.589,43.621,43.66,43.689,43.725,43.764,43.799,43.85,43.885,43.924,43.964,44.008,44.046,44.087,44.127,44.168,44.207,44.264,44.296,44.334,44.371,44.414,44.453,44.497,44.533,44.57,44.601,44.64,44.679,44.722,44.754,44.809,44.864,44.901,44.949,44.991,45.045,45.108,45.161,45.206,45.27,45.335,45.398,45.448,45.539,45.611,45.682,45.772,45.909,46.006,46.096,46.212,46.312,46.473,46.636,46.95,47.517,48.16
209,LNP FP,38.976,40.283,40.782,40.996,41.128,41.323,41.505,41.623,41.731,41.83,41.931,42.031,42.105,42.166,42.234,42.284,42.367,42.423,42.489,42.541,42.6,42.667,42.713,42.756,42.798,42.84,42.887,42.926,42.974,43.023,43.065,43.102,43.138,43.187,43.221,43.261,43.301,43.345,43.39,43.446,43.476,43.509,43.551,43.589,43.621,43.66,43.689,43.725,43.764,43.799,43.85,43.885,43.924,43.964,44.008,44.046,44.087,44.127,44.168,44.207,44.264,44.296,44.334,44.371,44.414,44.453,44.497,44.533,44.57,44.601,44.64,44.679,44.722,44.754,44.809,44.864,44.901,44.949,44.991,45.045,45.108,45.161,45.206,45.27,45.335,45.398,45.448,45.539,45.611,45.682,45.772,45.909,46.006,46.096,46.212,46.312,46.473,46.636,46.95,47.517,48.16
210,LNP FP,39.033,40.227,40.662,40.951,41.186,41.327,41.456,41.638,41.738,41.84,41.917,41.979,42.074,42.136,42.209,42.273,42.339,42.409,42.456,42.506,42.56,42.622,42.678,42.731,42.778,42.823,42.874,42.918,42.961,43.0,43.045,43.083,43.127,43.165,43.203,43.254,43.303,43.342,43.384,43.421,43.474,43.503,43.532,43.569,43.604,43.633,43.675,43.717,43.756,43.79,43.831,43.87,43.897,43.937,43.975,44.024,44.056,44.093,44.133,44.178,44.213,44.245,44.277,44.313,44.363,44.407,44.441,44.467,44.513,44.555,44.61,44.651,44.686,44.738,44.779,44.833,44.896,44.945,44.986,45.028,45.062,45.096,45.141,45.2,45.275,45.343,45.415,45.486,45.559,45.656,45.729,45.81,45.909,46.022,46.137,46.277,46.454,46.669,46.938,47.381,48.133
211,LNP FP,39.033,40.227,40.662,40.951,41.186,41.327,41.456,41.638,41.738,41.84,41.917,41.979,42.074,42.136,42.209,42.273,42.339,42.409,42.456,42.506,42.56,42.622,42.678,42.731,42.778,42.823,42.874,42.918,42.961,43.0,43.045,43.083,43.127,43.165,43.203,43.254,43.303,43.342,43.384,43.421,43.474,43.503,43.532,43.569,43.604,43.633,43.675,43.717,43.756,43.79,43.831,43.87,43.897,43.937,43.975,44.024,44.056,44.093,44.133,44.178,44.213,44.245,44.277,44.313,44.363,44.407,44.441,44.467,44.513,44.555,44.61,44.651,44.686,44.738,44.779,44.833,44.896,44.945,44.986,45.028,45.062,45.096,45.141,45.2,45.275,45.343,45.415,45.486,45.559,45.656,45.729,45.81,45.909,46.022,46.137,46.277,46.454,46.669,46.938,47.381,48.133
212,LNP FP,39.115,40.265,40.657,40.96,41.154,41.335,41.478,41.587,41.724,41.816,41.891,41.986,42.054,42.133,42.183,42.252,42.318,42.386,42.454,42.493,42.549,42.625,42.679,42.716,42.77,42.832,42.887,42.936,42.974,43.008,43.053,43.098,43.135,43.178,43.221,43.254,43.285,43.335,43.377,43.418,43.442,43.48,43.522,43.555,43.582,43.617,43.666,43.707,43.742,43.779,43.814,43.861,43.892,43.927,43.972,44.012,44.041,44.093,44.126,44.16,44.191,44.219,44.257,44.293,44.342,44.387,44.421,44.447,44.486,44.533,44.571,44.612,44.658,44.703,44.747,44.785,44.824,44.862,44.912,44.963,45.033,45.064,45.106,45.162,45.219,45.279,45.352,45.408,45.459,45.549,45.621,45.715,45.817,45.92,46.018,46.158,46.361,46.591,46.847,47.353,48.068
213,LNP FP,39.115,40.265,40.657,40.96,41.154,41.335,41.478,41.587,41.724,41.816,41.891,41.986,42.054,42.133,42.183,42.252,42.318,42.386,42.454,42.493,42.549,42.625,42.679,42.716,42.77,42.832,42.887,42.936,42.974,43.008,43.053,43.098,43.135,43.178,43.221,43.254,43.285,43.335,43.377,43.418,43.442,43.48,43.522,43.555,43.582,43.617,43.666,43.707,43.742,43.779,43.814,43.861,43.892,43.927,43.972,44.012,44.041,44.093,44.126,44.16,44.191,44.219,44.257,44.293,44.342,44.387,44.421,44.447,44.486,44.533,44.571,44.612,44.658,44.703,44.747,44.785,44.824,44.862,44.912,44.963,45.033,45.064,45.106,45.162,45.219,45.279,45.352,45.408,45.459,45.549,45.621,45.715,45.817,45.92,46.018,46.158,46.361,46.591,46.847,47.353,48.068
214,LNP FP,39.298,40.326,40.665,40.924,41.15,41.316,41.409,41.508,41.638,41.752,41.836,41.952,42.039,42.115,42.196,42.249,42.314,42.381,42.444,42.494,42.562,42.608,42.675,42.73,42.775,42.814,42.861,42.916,42.946,42.989,43.024,43.063,43.096,43.134,43.164,43.206,43.245,43.272,43.314,43.355,43.398,43.428,43.472,43.517,43.561,43.608,43.641,43.682,43.718,43.751,43.798,43.829,43.864,43.901,43.943,43.983,44.026,44.059,44.101,44.126,44.163,44.194,44.238,44.279,44.306,44.348,44.384,44.436,44.467,44.509,44.551,44.594,44.629,44.672,44.706,44.743,44.782,44.827,44.873,44.935,44.979,45.025,45.075,45.123,45.187,45.249,45.305,45.355,45.425,45.492,45.566,45.657,45.767,45.871,46.0,46.15,46.326,46.499,46.762,47.142,47.993
215,LNP FP,39.298,40.326,40.665,40.924,41.15,41.316,41.409,41.508,41.638,41.752,41.836,41.952,42.039,42.115,42.196,42.249,42.314,42.381,42.444,42.494,42.562,42.608,42.675,42.73,42.775,42.814,42.861,42.916,42.946,42.989,43.024,43.063,43.096,43.134,43.164,43.206,43.245,43.272,43.314,43.355,43.398,43.428,43.472,43.517,43.561,43.608,43.641,43.682,43.718,43.751,43.798,43.829,43.864,43.901,43.943,43.983,44.026,44.059,44.101,44.126,44.163,44.194,44.238,44.279,44.306,44.348,44.384,44.436,44.467,44.509,44.551,44.594,44.629,44.672,44.706,44.743,44.782,44.827,44.873,44.935,44.979,45.025,45.075,45.123,45.187,45.249,45.305,45.355,45.425,45.492,45.566,45.657,45.767,45.871,46.0,46.15,46.326,46.499,46.762,47.142,47.993
216,LNP FP,39.293,40.348,40.692,40.949,41.142,41.287,41.39,41.512,41.663,41.754,41.851,41.939,42.008,42.085,42.191,42.271,42.334,42.399,42.459,42.521,42.571,42.609,42.658,42.705,42.752,42.803,42.838,42.876,42.929,42.975,43.025,43.072,43.115,43.147,43.188,43.246,43.285,43.321,43.369,43.414,43.452,43.482,43.511,43.547,43.59,43.629,43.663,43.703,43.741,43.779,43.808,43.842,43.879,43.924,43.961,43.997,44.043,44.091,44.133,44.18,44.212,44.255,44.288,44.315,44.355,44.399,44.436,44.462,44.507,44.542,44.576,44.618,44.661,44.692,44.741,44.78,44.821,44.868,44.912,44.954,44.999,45.048,45.088,45.138,45.202,45.245,45.305,45.395,45.461,45.535,45.64,45.735,45.81,45.898,46.018,46.175,46.332,46.504,46.782,47.255,48.123
217,LNP FP,39.293,40.348,40.692,40.949,41.142,41.287,41.39,41.512,41.663,41.754,41.851,41.939,42.008,42.085,42.191,42.271,42.334,42.399,42.459,42.521,42.571,42.609,42.658,42.705,42.752,42.803,42.838,42.876,42.929,42.975,43.025,43.072,43.115,43.147,43.188,43.246,43.285,43.321,43.369,43.414,43.452,43.482,43.511,43.547,43.59,43.629,43.663,43.703,43.741,43.779,43.808,43.842,43.879,43.924,43.961,43.997,44.043,44.091,44.133,44.18,44.212,44.255,44.288,44.315,44.355,44.399,44.436,44.462,44.507,44.542,44.576,44.618,44.661,44.692,44.741,44.78,44.821,44.868,44.912,44.954,44.999,45.048,45.088,45.138,45.202,45.245,45.305,45.395,45.461,45.535,45.64,45.735,45.81,45.898,46.018,46.175,46.332,46.504,46.782,47.255,48.123
218,LNP FP,39.235,40.27,40.636,40.904,41.103,41.293,41.439,41.593,41.672,41.793,41.873,41.966,42.05,42.116,42.181,42.237,42.316,42.384,42.455,42.509,42.559,42.618,42.663,42.706,42.76,42.807,42.859,42.893,42.933,42.968,43.006,43.05,43.091,43.137,43.179,43.23,43.258,43.297,43.345,43.406,43.439,43.474,43.521,43.57,43.606,43.66,43.693,43.729,43.774,43.805,43.846,43.88,43.916,43.949,43.982,44.022,44.061,44.1,44.148,44.186,44.228,44.261,44.301,44.348,44.381,44.425,44.461,44.523,44.563,44.596,44.635,44.672,44.713,44.76,44.803,44.839,44.894,44.928,44.97,45.016,45.045,45.091,45.143,45.196,45.249,45.311,45.359,45.439,45.5,45.585,45.698,45.794,45.875,45.981,46.109,46.215,46.376,46.571,46.891,47.281,48.235
219,LNP FP,39.235,40.27,40.636,40.904,41.103,41.293,41.439,41.593,41.672,41.793,41.873,41.966,42.05,42.116,42.181,42.237,42.316,42.384,42.455,42.509,42.559,42.618,42.663,42.706,42.76,42.807,42.859,42.893,42.933,42.968,43.006,43.05,43.091,43.137,43.179,43.23,43.258,43.297,43.345,43.406,43.439,43.474,43.521,43.57,43.606,43.66,43.693,43.729,43.774,43.805,43.846,43.88,43.916,43.949,43.982,44.022,44.061,44.1,44.148,44.186,44.228,44.261,44.301,44.348,44.381,44.425,44.461,44.523,44.563,44.596,44.635,44.672,44.713,44.76,44.803,44.839,44.894,44.928,44.97,45.016,45.045,45.091,45.143,45.196,45.249,45.311,45.359,45.439,45.5,45.585,45.698,45.794,45.875,45.981,46.109,46.215,46.376,46.571,46.891,47.281,48.235
220,LNP FP,39.167,40.217,40.608,40.927,41.125,41.237,41.424,41.551,41.686,41.786,41.898,41.975,42.03,42.136,42.189,42.257,42.328,42.388,42.454,42.516,42.567,42.608,42.663,42.712,42.768,42.816,42.864,42.901,42.928,42.973,43.013,43.06,43.105,43.145,43.184,43.222,43.279,43.327,43.371,43.414,43.463,43.515,43.562,43.603,43.639,43.682,43.723,43.757,43.797,43.835,43.87,43.913,43.951,43.989,44.026,44.059,44.101,44.144,44.175,44.224,44.262,44.297,44.336,44.374,44.415,44.463,44.501,44.536,44.58,44.615,44.665,44.701,44.737,44.782,44.828,44.875,44.921,44.967,45.001,45.059,45.106,45.164,45.202,45.266,45.302,45.357,45.425,45.51,45.594,45.668,45.738,45.819,45.914,46.025,46.132,46.274,46.437,46.67,46.903,47.411,48.354
221,LNP FP,39.167,40.217,40.608,40.927,41.125,41.237,41.424,41.551,41.686,41.786,41.898,41.975,42.03,42.136,42.189,42.257,42.328,42.388,42.454,42.516,42.567,42.608,42.663,42.712,42.768,42.816,42.864,42.901,42.928,42.973,43.013,43.06,43.105,43.145,43.184,43.222,43.279,43.327,43.371,43.414,43.463,43.515,43.562,43.603,43.639,43.682,43.723,43.757,43.797,43.835,43.87,43.913,43.951,43.989,44.026,44.059,44.101,44.144,44.175,44.224,44.262,44.297,44.336,44.374,44.415,44.463,44.501,44.536,44.58,44.615,44.665,44.701,44.737,44.782,44.828,44.875,44.921,44.967,45.001,45.059,45.106,45.164,45.202,45.266,45.302,45.357,45.425,45.51,45.594,45.668,45.738,45.819,45.914,46.025,46.132,46.274,46.437,46.67,46.903,47.411,48.354
222,LNP FP,39.074,40.285,40.673,40.855,41.118,41.283,41.45,41.543,41.641,41.805,41.895,41.983,42.061,42.111,42.181,42.248,42.305,42.381,42.442,42.497,42.549,42.606,42.663,42.731,42.775,42.823,42.856,42.905,42.959,42.991,43.045,43.095,43.133,43.179,43.229,43.263,43.316,43.362,43.407,43.443,43.486,43.542,43.575,43.618,43.672,43.708,43.748,43.789,43.829,43.876,43.912,43.952,43.987,44.03,44.062,44.095,44.126,44.16,44.206,44.246,44.273,44.31,44.362,44.405,44.442,44.48,44.512,44.549,44.586,44.63,44.679,44.711,44.76,44.806,44.851,44.884,44.937,44.992,45.041,45.104,45.152,45.184,45.221,45.294,45.328,45.407,45.469,45.542,45.613,45.719,45.783,45.873,45.953,46.068,46.165,46.299,46.471,46.69,46.935,47.548,48.603
223,LNP FP,39.074,40.285,40.673,40.855,41.118,41.283,41.45,41.543,41.641,41.805,41.895,41.983,42.061,42.111,42.181,42.248,42.305,42.381,42.442,42.497,42.549,42.606,42.663,42.731,42.775,42.823,42.856,42.905,42.959,42.991,43.045,43.095,43.133,43.179,43.229,43.263,43.316,43.362,43.407,43.443,43.486,43.542,43.575,43.618,43.672,43.708,43.748,43.789,43.829,43.876,43.912,43.952,43.987,44.03,44.062,44.095,44.126,44.16,44.206,44.246,44.273,44.31,44.362,44.405,44.442,44.48,44.512,44.549,44.586,44.63,44.679,44.711,44.76,44.806,44.851,44.884,44.937,44.992,45.041,45.104,45.152,45.184,45.221,45.294,45.328,45.407,45.469,45.542,45.613,45.719,45.783,45.873,45.953,46.068,46.165,46.299,46.471,46.69,46.935,47.548,48.603
224,LNP FP,38.945,40.22,40.706,40.937,41.149,41.327,41.432,41.54,41.677,41.773,41.858,41.948,42.02,42.108,42.186,42.274,42.342,42.395,42.453,42.492,42.535,42.618,42.672,42.711,42.76,42.822,42.87,42.916,42.975,43.014,43.06,43.105,43.138,43.195,43.226,43.282,43.328,43.375,43.408,43.451,43.504,43.551,43.588,43.623,43.664,43.719,43.764,43.803,43.843,43.877,43.916,43.972,44.009,44.04,44.085,44.14,44.177,44.201,44.232,44.276,44.304,44.364,44.402,44.443,44.488,44.522,44.559,44.597,44.628,44.669,44.71,44.751,44.796,44.833,44.883,44.933,44.979,45.023,45.068,45.116,45.17,45.222,45.264,45.334,45.399,45.443,45.517,45.589,45.67,45.758,45.834,45.931,46.034,46.116,46.25,46.375,46.49,46.703,46.972,47.462,48.655
225,LNP FP,38.945,40.22,40.706,40.937,41.149,41.327,41.432,41.54,41.677,41.773,41.858,41.948,42.02,42.108,42.186,42.274,42.342,42.395,42.453,42.492,42.535,42.618,42.672,42.711,42.76,42.822,42.87,42.916,42.975,43.014,43.06,43.105,43.138,43.195,43.226,43.282,43.328,43.375,43.408,43.451,43.504,43.551,43.588,43.623,43.664,43.719,43.764,43.803,43.843,43.877,43.916,43.972,44.009,44.04,44.085,44.14,44.177,44.201,44.232,44.276,44.304,44.364,44.402,44.443,44.488,44.522,44.559,44.597,44.628,44.669,44.71,44.751,44.796,44.833,44.883,44.933,44.979,45.023,45.068,45.116,45.17,45.222,45.264,45.334,45.399,45.443,45.517,45.589,45.67,45.758,45.834,45.931,46.034,46.116,46.25,46.375,46.49,46.703,46.972,47.462,48.655
226,LNP FP,38.854,40.218,40.618,40.933,41.142,41.258,41.373,41.507,41.615,41.773,41.889,41.974,42.052,42.145,42.186,42.259,42.33,42.397,42.461,42.514,42.574,42.624,42.679,42.726,42.763,42.817,42.884,42.93,42.972,43.017,43.064,43.117,43.164,43.209,43.255,43.304,43.351,43.401,43.436,43.473,43.509,43.559,43.592,43.634,43.666,43.72,43.756,43.813,43.856,43.902,43.944,43.981,44.013,44.048,44.09,44.144,44.183,44.232,44.262,44.295,44.346,44.385,44.419,44.471,44.504,44.537,44.578,44.62,44.659,44.701,44.761,44.81,44.858,44.9,44.939,44.975,45.014,45.061,45.115,45.167,45.218,45.257,45.307,45.345,45.395,45.475,45.526,45.632,45.692,45.775,45.856,45.941,46.035,46.132,46.306,46.455,46.595,46.844,47.064,47.44,48.709
227,LNP FP,38.854,40.218,40.618,40.933,41.142,41.258,41.373,41.507,41.615,41.773,41.889,41.974,42.052,42.145,42.186,42.259,42.33,42.397,42.461,42.514,42.574,42.624,42.679,42.726,42.763,42.817,42.884,42.93,42.972,43.017,43.064,43.117,43.164,43.209,43.255,43.304,43.351,43.401,43.436,43.473,43.509,43.559,43.592,43.634,43.666,43.72,43.756,43.813,43.856,43.902,43.944,43.981,44.013,44.048,44.09,44.144,44.183,44.232,44.262,44.295,44.346,44.385,44.419,44.471,44.504,44.537,44.578,44.62,44.659,44.701,44.761,44.81,44.858,44.9,44.939,44.975,45.014,45.061,45.115,45.167,45.218,45.257,45.307,45.345,45.395,45.475,45.526,45.632,45.692,45.775,45.856,45.941,46.035,46.132,46.306,46.455,46.595,46.844,47.064,47.44,48.709
228,LNP FP,38.676,40.204,40.615,40.883,41.128,41.3,41.425,41.553,41.655,41.747,41.824,41.924,42.023,42.117,42.201,42.267,42.347,42.405,42.478,42.536,42.585,42.644,42.697,42.755,42.807,42.869,42.914,42.978,43.018,43.06,43.098,43.146,43.185,43.233,43.277,43.32,43.364,43.416,43.452,43.501,43.544,43.581,43.615,43.658,43.699,43.74,43.781,43.817,43.85,43.885,43.918,43.974,44.025,44.077,44.131,44.171,44.216,44.254,44.291,44.333,44.379,44.421,44.46,44.506,44.539,44.582,44.622,44.659,44.689,44.727,44.761,44.808,44.862,44.921,44.958,45.012,45.066,45.105,45.137,45.199,45.239,45.304,45.359,45.402,45.458,45.542,45.606,45.668,45.727,45.823,45.893,46.025,46.153,46.282,46.385,46.579,46.746,46.888,47.118,47.623,48.788
229,LNP FP,38.676,40.204,40.615,40.883,41.128,41.3,41.425,41.553,41.655,41.747,41.824,41.924,42.023,42.117,42.201,42.267,42.347,42.405,42.478,42.536,42.585,42.644,42.697,42.755,42.807,42.869,42.914,42.978,43.018,43.06,43.098,43.146,43.185,43.233,43.277,43.32,43.364,43.416,43.452,43.501,43.544,43.581,43.615,43.658,43.699,43.74,43.781,43.817,43.85,43.885,43.918,43.974,44.025,44.077,44.131,44.171,44.216,44.254,44.291,44.333,44.379,44.421,44.46,44.506,44.539,44.582,44.622,44.659,44.689,44.727,44.761,44.808,44.862,44.921,44.958,45.012,45.066,45.105,45.137,45.199,45.239,45.304,45.359,45.402,45.458,45.542,45.606,45.668,45.727,45.823,45.893,46.025,46.153,46.282,46.385,46.579,46.746,46.888,47.118,47.623,48.788
230,LNP FP,38.576,40.169,40.652,40.902,41.115,41.262,41.412,41.585,41.694,41.777,41.872,41.97,42.054,42.126,42.194,42.244,42.325,42.4,42.458,42.515,42.567,42.639,42.681,42.726,42.785,42.847,42.888,42.939,42.982,43.034,43.08,43.146,43.183,43.233,43.282,43.329,43.367,43.409,43.449,43.483,43.527,43.568,43.604,43.64,43.692,43.735,43.79,43.833,43.874,43.932,43.97,44.029,44.074,44.106,44.155,44.2,44.233,44.274,44.307,44.351,44.4,44.444,44.493,44.545,44.59,44.621,44.652,44.684,44.719,44.764,44.794,44.835,44.894,44.943,45.0,45.037,45.1,45.147,45.215,45.266,45.302,45.356,45.409,45.464,45.517,45.581,45.655,45.739,45.815,45.892,45.984,46.079,46.163,46.315,46.455,46.643,46.798,46.955,47.166,47.544,48.846
231,LNP FP,38.576,40.169,40.652,40.902,41.115,41.262,41.412,41.585,41.694,41.777,41.872,41.97,42.054,42.126,42.194,42.244,42.325,42.4,42.458,42.515,42.567,42.639,42.681,42.726,42.785,42.847,42.888,42.939,42.982,43.034,43.08,43.146,43.183,43.233,43.282,43.329,43.367,43.409,43.449,43.483,43.527,43.568,43.604,43.64,43.692,43.735,43.79,43.833,43.874,43.932,43.97,44.029,44.074,44.106,44.155,44.2,44.233,44.274,44.307,44.351,44.4,44.444,44.493,44.545,44.59,44.621,44.652,44.684,44.719,44.764,44.794,44.835,44.894,44.943,45.0,45.037,45.1,45.147,45.215,45.266,45.302,45.356,45.409,45.464,45.517,45.581,45.655,45.739,45.815,45.892,45.984,46.079,46.163,46.315,46.455,46.643,46.798,46.955,47.166,47.544,48.846
232,LNP FP,38.732,40.164,40.648,40.921,41.146,41.3,41.444,41.548,41.661,41.793,41.868,41.953,42.036,42.118,42.191,42.272,42.335,42.404,42.472,42.519,42.583,42.626,42.671,42.739,42.795,42.846,42.918,42.967,43.022,43.068,43.111,43.151,43.184,43.238,43.289,43.335,43.385,43.435,43.474,43.511,43.551,43.591,43.632,43.667,43.714,43.749,43.793,43.83,43.867,43.921,43.971,44.025,44.066,44.105,44.153,44.196,44.241,44.285,44.314,44.349,44.392,44.432,44.483,44.534,44.581,44.627,44.67,44.723,44.777,44.818,44.854,44.903,44.948,44.992,45.033,45.088,45.145,45.197,45.261,45.303,45.353,45.401,45.458,45.521,45.577,45.636,45.689,45.775,45.855,45.929,46.046,46.153,46.265,46.37,46.471,46.604,46.769,47.021,47.204,47.614,49.144
233,LNP FP,38.732,40.164,40.648,40.921,41.146,41.3,41.444,41.548,41.661,41.793,41.868,41.953,42.036,42.118,42.191,42.272,42.335,42.404,42.472,42.519,42.583,42.626,42.671,42.739,42.795,42.846,42.918,42.967,43.022,43.068,43.111,43.151,43.184,43.238,43.289,43.335,43.385,43.435,43.474,43.511,43.551,43.591,43.632,43.667,43.714,43.749,43.793,43.83,43.867,43.921,43.971,44.025,44.066,44.105,44.153,44.196,44.241,44.285,44.314,44.349,44.392,44.432,44.483,44.534,44.581,44.627,44.67,44.723,44.777,44.818,44.854,44.903,44.948,44.992,45.033,45.088,45.145,45.197,45.261,45.303,45.353,45.401,45.458,45.521,45.577,45.636,45.689,45.775,45.855,45.929,46.046,46.153,46.265,46.37,46.471,46.604,46.769,47.021,47.204,47.614,49.144
234,LNP FP,38.803,39.994,40.563,40.874,41.164,41.319,41.417,41.559,41.684,41.764,41.86,41.964,42.036,42.123,42.217,42.277,42.361,42.455,42.51,42.573,42.63,42.677,42.723,42.778,42.828,42.883,42.938,42.986,43.021,43.073,43.129,43.176,43.209,43.261,43.31,43.349,43.392,43.44,43.476,43.512,43.562,43.606,43.648,43.691,43.745,43.778,43.816,43.854,43.884,43.93,43.966,43.997,44.038,44.086,44.14,44.182,44.241,44.275,44.322,44.363,44.397,44.444,44.472,44.526,44.574,44.619,44.675,44.724,44.761,44.802,44.856,44.902,44.96,45.028,45.078,45.126,45.172,45.229,45.27,45.317,45.376,45.442,45.497,45.555,45.639,45.691,45.775,45.833,45.896,46.011,46.106,46.201,46.326,46.424,46.542,46.671,46.816,47.028,47.309,47.743,49.157
235,LNP FP,38.803,39.994,40.563,40.874,41.164,41.319,41.417,41.559,41.684,41.764,41.86,41.964,42.036,42.123,42.217,42.277,42.361,42.455,42.51,42.573,42.63,42.677,42.723,42.778,42.828,42.883,42.938,42.986,43.021,43.073,43.129,43.176,43.209,43.261,43.31,43.349,43.392,43.44,43.476,43.512,43.562,43.606,43.648,43.691,43.745,43.778,43.816,43.854,43.884,43.93,43.966,43.997,44.038,44.086,44.14,44.182,44.241,44.275,44.322,44.363,44.397,44.444,44.472,44.526,44.574,44.619,44.675,44.724,44.761,44.802,44.856,44.902,44.96,45.028,45.078,45.126,45.172,45.229,45.27,45.317,45.376,45.442,45.497,45.555,45.639,45.691,45.775,45.833,45.896,46.011,46.106,46.201,46.326,46.424,46.542,46.671,46.816,47.028,47.309,47.743,49.157
236,LNP FP,38.829,39.983,40.614,40.891,41.092,41.244,41.39,41.538,41.658,41.758,41.898,41.99,42.081,42.152,42.226,42.287,42.351,42.437,42.507,42.566,42.631,42.692,42.741,42.802,42.858,42.912,42.964,43.007,43.057,43.094,43.137,43.187,43.228,43.263,43.312,43.365,43.41,43.454,43.489,43.537,43.577,43.61,43.663,43.698,43.742,43.788,43.819,43.873,43.928,43.963,44.022,44.056,44.089,44.132,44.178,44.215,44.251,44.289,44.326,44.365,44.414,44.451,44.491,44.544,44.599,44.633,44.671,44.741,44.776,44.825,44.879,44.937,44.991,45.041,45.099,45.142,45.207,45.249,45.299,45.351,45.418,45.474,45.534,45.588,45.637,45.731,45.809,45.88,45.957,46.035,46.131,46.233,46.313,46.461,46.567,46.666,46.905,47.139,47.377,47.819,48.965
237,LNP FP,38.829,39.983,40.614,40.891,41.092,41.244,41.39,41.538,41.658,41.758,41.898,41.99,42.081,42.152,42.226,42.287,42.351,42.437,42.507,42.566,42.631,42.692,42.741,42.802,42.858,42.912,42.964,43.007,43.057,43.094,43.137,43.187,43.228,43.263,43.312,43.365,43.41,43.454,43.489,43.537,43.577,43.61,43.663,43.698,43.742,43.788,43.819,43.873,43.928,43.963,44.022,44.056,44.089,44.132,44.178,44.215,44.251,44.289,44.326,44.365,44.414,44.451,44.491,44.544,44.599,44.633,44.671,44.741,44.776,44.825,44.879,44.937,44.991,45.041,45.099,45.142,45.207,45.249,45.299,45.351,45.418,45.474,45.534,45.588,45.637,45.731,45.809,45.88,45.957,46.035,46.131,46.233,46.313,46.461,46.567,46.666,46.905,47.139,47.377,47.819,48.965
238,LNP FP,38.679,40.01,40.547,40.855,41.057,41.243,41.426,41.576,41.656,41.76,41.839,41.953,42.054,42.171,42.231,42.292,42.367,42.431,42.472,42.545,42.605,42.67,42.738,42.797,42.849,42.893,42.937,42.99,43.043,43.093,43.135,43.187,43.229,43.286,43.339,43.37,43.413,43.48,43.518,43.562,43.597,43.643,43.688,43.734,43.787,43.825,43.869,43.907,43.939,43.979,44.014,44.066,44.117,44.17,44.202,44.251,44.296,44.33,44.362,44.387,44.414,44.465,44.505,44.551,44.595,44.641,44.694,44.751,44.811,44.876,44.912,44.961,45.009,45.052,45.104,45.157,45.202,45.256,45.298,45.363,45.413,45.462,45.537,45.605,45.674,45.745,45.837,45.907,45.978,46.088,46.175,46.269,46.377,46.488,46.621,46.744,46.963,47.19,47.424,47.883,48.683
239,LNP FP,38.679,40.01,40.547,40.855,41.057,41.243,41.426,41.576,41.656,41.76,41.839,41.953,42.054,42.171,42.231,42.292,42.367,42.431,42.472,42.545,42.605,42.67,42.738,42.797,42.849,42.893,42.937,42.99,43.043,43.093,43.135,43.187,43.229,43.286,43.339,43.37,43.413,43.48,43.518,43.562,43.597,43.643,43.688,43.734,43.787,43.825,43.869,43.907,43.939,43.979,44.014,44.066,44.117,44.17,44.202,44.251,44.296,44.33,44.362,44.387,44.414,44.465,44.505,44.551,44.595,44.641,44.694,44.751,44.811,44.876,44.912,44.961,45.009,45.052,45.104,45.157,45.202,45.256,45.298,45.363,45.413,45.462,45.537,45.605,45.674,45.745,45.837,45.907,45.978,46.088,46.175,46.269,46.377,46.488,46.621,46.744,46.963,47.19,47.424,47.883,48.683
240,LNP FP,38.79,40.013,40.626,40.905,41.164,41.278,41.43,41.542,41.638,41.769,41.877,41.972,42.034,42.125,42.188,42.267,42.338,42.394,42.435,42.508,42.566,42.626,42.694,42.773,42.828,42.894,42.931,42.982,43.032,43.092,43.15,43.207,43.251,43.287,43.334,43.373,43.437,43.478,43.526,43.581,43.626,43.667,43.702,43.732,43.775,43.805,43.871,43.913,43.955,44.003,44.035,44.073,44.132,44.187,44.22,44.253,44.287,44.356,44.4,44.443,44.491,44.54,44.59,44.637,44.669,44.709,44.753,44.799,44.844,44.881,44.923,44.959,44.99,45.041,45.096,45.148,45.221,45.26,45.316,45.386,45.446,45.515,45.556,45.608,45.696,45.769,45.883,45.929,46.016,46.084,46.194,46.274,46.384,46.51,46.62,46.754,46.971,47.256,47.589,47.91,48.707
241,LNP FP,38.79,40.013,40.626,40.905,41.164,41.278,41.43,41.542,41.638,41.769,41.877,41.972,42.034,42.125,42.188,42.267,42.338,42.394,42.435,42.508,42.566,42.626,42.694,42.773,42.828,42.894,42.931,42.982,43.032,43.092,43.15,43.207,43.251,43.287,43.334,43.373,43.437,43.478,43.526,43.581,43.626,43.667,43.702,43.732,43.775,43.805,43.871,43.913,43.955,44.003,44.035,44.073,44.132,44.187,44.22,44.253,44.287,44.356,44.4,44.443,44.491,44.54,44.59,44.637,44.669,44.709,44.753,44.799,44.844,44.881,44.923,44.959,44.99,45.041,45.096,45.148,45.221,45.26,45.316,45.386,45.446,45.515,45.556,45.608,45.696,45.769,45.883,45.929,46.016,46.084,46.194,46.274,46.384,46.51,46.62,46.754,46.971,47.256,47.589,47.91,48.707
242,LNP FP,38.675,40.122,40.575,40.943,41.156,41.3,41.422,41.561,41.691,41.777,41.884,41.968,42.022,42.083,42.161,42.239,42.323,42.406,42.455,42.534,42.589,42.639,42.719,42.765,42.834,42.894,42.948,43.007,43.057,43.117,43.162,43.205,43.248,43.295,43.336,43.39,43.439,43.485,43.536,43.581,43.647,43.688,43.737,43.779,43.815,43.86,43.919,43.968,43.998,44.042,44.078,44.13,44.166,44.205,44.253,44.285,44.335,44.367,44.412,44.454,44.502,44.544,44.594,44.644,44.682,44.736,44.779,44.818,44.856,44.895,44.946,44.991,45.043,45.097,45.137,45.203,45.243,45.295,45.348,45.407,45.456,45.503,45.566,45.636,45.717,45.798,45.883,45.934,46.005,46.102,46.201,46.307,46.414,46.515,46.673,46.827,47.074,47.338,47.587,47.963,48.948
243,LNP FP,38.675,40.122,40.575,40.943,41.156,41.3,41.422,41.561,41.691,41.777,41.884,41.968,42.022,42.083,42.161,42.239,42.323,42.406,42.455,42.534,42.589,42.639,42.719,42.765,42.834,42.894,42.948,43.007,43.057,43.117,43.162,43.205,43.248,43.295,43.336,43.39,43.439,43.485,43.536,43.581,43.647,43.688,43.737,43.779,43.815,43.86,43.919,43.968,43.998,44.042,44.078,44.13,44.166,44.205,44.253,44.285,44.335,44.367,44.412,44.454,44.502,44.544,44.594,44.644,44.682,44.736,44.779,44.818,44.856,44.895,44.946,44.991,45.043,45.097,45.137,45.203,45.243,45.295,45.348,45.407,45.456,45.503,45.566,45.636,45.717,45.798,45.883,45.934,46.005,46.102,46.201,46.307,46.414,46.515,46.673,46.827,47.074,47.338,47.587,47.963,48.948
244,LNP FP,38.932,40.038,40.561,40.911,41.117,41.295,41.439,41.562,41.718,41.805,41.889,41.94,42.019,42.087,42.183,42.267,42.34,42.396,42.466,42.528,42.592,42.665,42.737,42.788,42.854,42.91,42.951,43.006,43.052,43.11,43.172,43.213,43.265,43.317,43.377,43.434,43.478,43.517,43.556,43.618,43.66,43.706,43.771,43.82,43.86,43.908,43.942,43.997,44.04,44.078,44.119,44.163,44.213,44.254,44.299,44.337,44.396,44.441,44.471,44.513,44.544,44.592,44.639,44.691,44.74,44.782,44.819,44.857,44.904,44.94,44.98,45.022,45.078,45.117,45.158,45.209,45.262,45.326,45.388,45.462,45.512,45.578,45.625,45.665,45.737,45.82,45.926,46.002,46.075,46.15,46.246,46.352,46.487,46.616,46.751,46.893,47.088,47.276,47.572,47.93,48.947
245,LNP FP,38.932,40.038,40.561,40.911,41.117,41.295,41.439,41.562,41.718,41.805,41.889,41.94,42.019,42.087,42.183,42.267,42.34,42.396,42.466,42.528,42.592,42.665,42.737,42.788,42.854,42.91,42.951,43.006,43.052,43.11,43.172,43.213,43.265,43.317,43.377,43.434,43.478,43.517,43.556,43.618,43.66,43.706,43.771,43.82,43.86,43.908,43.942,43.997,44.04,44.078,44.119,44.163,44.213,44.254,44.299,44.337,44.396,44.441,44.471,44.513,44.544,44.592,44.639,44.691,44.74,44.782,44.819,44.857,44.904,44.94,44.98,45.022,45.078,45.117,45.158,45.209,45.262,45.326,45.388,45.462,45.512,45.578,45.625,45.665,45.737,45.82,45.926,46.002,46.075,46.15,46.246,46.352,46.487,46.616,46.751,46.893,47.088,47.276,47.572,47.93,48.947
246,LNP FP,38.745,40.005,40.56,40.804,41.049,41.271,41.469,41.555,41.672,41.767,41.844,41.944,42.018,42.104,42.172,42.231,42.304,42.371,42.444,42.512,42.59,42.659,42.722,42.781,42.852,42.907,42.968,43.01,43.069,43.115,43.16,43.215,43.262,43.32,43.366,43.399,43.447,43.48,43.523,43.574,43.625,43.69,43.742,43.781,43.846,43.901,43.959,44.005,44.052,44.093,44.148,44.189,44.228,44.268,44.329,44.382,44.418,44.444,44.48,44.536,44.59,44.627,44.668,44.702,44.752,44.785,44.837,44.877,44.931,44.975,45.014,45.07,45.121,45.174,45.214,45.267,45.302,45.348,45.399,45.465,45.525,45.58,45.665,45.739,45.797,45.878,45.95,46.026,46.105,46.182,46.268,46.404,46.512,46.615,46.795,46.952,47.118,47.346,47.547,48.011,49.107
247,LNP FP,38.745,40.005,40.56,40.804,41.049,41.271,41.469,41.555,41.672,41.767,41.844,41.944,42.018,42.104,42.172,42.231,42.304,42.371,42.444,42.512,42.59,42.659,42.722,42.781,42.852,42.907,42.968,43.01,43.069,43.115,43.16,43.215,43.262,43.32,43.366,43.399,43.447,43.48,43.523,43.574,43.625,43.69,43.742,43.781,43.846,43.901,43.959,44.005,44.052,44.093,44.148,44.189,44.228,44.268,44.329,44.382,44.418,44.444,44.48,44.536,44.59,44.627,44.668,44.702,44.752,44.785,44.837,44.877,44.931,44.975,45.014,45.07,45.121,45.174,45.214,45.267,45.302,45.348,45.399,45.465,45.525,45.58,45.665,45.739,45.797,45.878,45.95,46.026,46.105,46.182,46.268,46.404,46.512,46.615,46.795,46.952,47.118,47.346,47.547,48.011,49.107
248,LNP FP,38.712,40.055,40.509,40.839,41.104,41.258,41.437,41.544,41.695,41.786,41.872,41.944,42.007,42.101,42.191,42.268,42.335,42.403,42.456,42.514,42.58,42.649,42.705,42.768,42.826,42.881,42.95,43.001,43.048,43.088,43.154,43.218,43.282,43.342,43.382,43.424,43.471,43.511,43.551,43.604,43.647,43.693,43.741,43.788,43.836,43.886,43.925,43.976,44.031,44.077,44.138,44.196,44.237,44.285,44.341,44.386,44.422,44.469,44.514,44.556,44.607,44.652,44.714,44.743,44.786,44.823,44.86,44.909,44.953,45.004,45.061,45.095,45.147,45.202,45.249,45.293,45.349,45.412,45.477,45.522,45.585,45.655,45.723,45.809,45.882,45.94,46.016,46.098,46.167,46.257,46.335,46.393,46.515,46.635,46.77,46.893,47.037,47.221,47.59,48.019,49.136
249,LNP FP,38.712,40.055,40.509,40.839,41.104,41.258,41.437,41.544,41.695,41.786,41.872,41.944,42.007,42.101,42.191,42.268,42.335,42.403,42.456,42.514,42.58,42.649,42.705,42.768,42.826,42.881,42.95,43.001,43.048,43.088,43.154,43.218,43.282,43.342,43.382,43.424,43.471,43.511,43.551,43.604,43.647,43.693,43.741,43.788,43.836,43.886,43.925,43.976,44.031,44.077,44.138,44.196,44.237,44.285,44.341,44.386,44.422,44.469,44.514,44.556,44.607,44.652,44.714,44.743,44.786,44.823,44.86,44.909,44.953,45.004,45.061,45.095,45.147,45.202,45.249,45.293,45.349,45.412,45.477,45.522,45.585,45.655,45.723,45.809,45.882,45.94,46.016,46.098,46.167,46.257,46.335,46.393,46.515,46.635,46.77,46.893,47.037,47.221,47.59,48.019,49.136
250,LNP FP,38.792,40.045,40.537,40.855,41.14,41.318,41.453,41.542,41.648,41.763,41.874,41.966,42.042,42.128,42.216,42.272,42.33,42.4,42.451,42.523,42.572,42.611,42.661,42.743,42.81,42.872,42.949,43.017,43.065,43.136,43.182,43.223,43.259,43.306,43.366,43.424,43.465,43.518,43.568,43.619,43.665,43.716,43.762,43.811,43.855,43.905,43.961,44.014,44.064,44.096,44.141,44.185,44.239,44.287,44.325,44.375,44.423,44.461,44.505,44.556,44.599,44.654,44.68,44.727,44.773,44.83,44.878,44.937,44.986,45.05,45.095,45.14,45.189,45.251,45.289,45.366,45.418,45.47,45.525,45.577,45.642,45.712,45.769,45.836,45.898,45.981,46.065,46.143,46.23,46.302,46.386,46.467,46.561,46.663,46.768,46.886,47.028,47.261,47.591,48.063,49.06
251,LNP FP,38.792,40.045,40.537,40.855,41.14,41.318,41.453,41.542,41.648,41.763,41.874,41.966,42.042,42.128,42.216,42.272,42.33,42.4,42.451,42.523,42.572,42.611,42.661,42.743,42.81,42.872,42.949,43.017,43.065,43.136,43.182,43.223,43.259,43.306,43.366,43.424,43.465,43.518,43.568,43.619,43.665,43.716,43.762,43.811,43.855,43.905,43.961,44.014,44.064,44.096,44.141,44.185,44.239,44.287,44.325,44.375,44.423,44.461,44.505,44.556,44.599,44.654,44.68,44.727,44.773,44.83,44.878,44.937,44.986,45.05,45.095,45.14,45.189,45.251,45.289,45.366,45.418,45.47,45.525,45.577,45.642,45.712,45.769,45.836,45.898,45.981,46.065,46.143,46.23,46.302,46.386,46.467,46.561,46.663,46.768,46.886,47.028,47.261,47.591,48.063,49.06
252,LNP FP,38.713,40.125,40.511,40.848,41.02,41.241,41.362,41.54,41.641,41.742,41.868,41.96,42.04,42.143,42.221,42.289,42.372,42.436,42.503,42.574,42.631,42.692,42.753,42.804,42.859,42.905,42.955,43.007,43.068,43.126,43.179,43.24,43.292,43.333,43.382,43.421,43.471,43.522,43.574,43.617,43.676,43.725,43.771,43.814,43.867,43.905,43.948,43.988,44.035,44.082,44.128,44.166,44.211,44.262,44.316,44.354,44.392,44.437,44.47,44.522,44.566,44.641,44.706,44.762,44.804,44.852,44.904,44.952,44.998,45.061,45.109,45.16,45.215,45.263,45.315,45.384,45.435,45.487,45.555,45.606,45.671,45.73,45.786,45.863,45.934,46.02,46.114,46.189,46.282,46.372,46.468,46.526,46.62,46.692,46.787,46.913,47.107,47.343,47.639,48.027,48.995
253,LNP FP,38.713,40.125,40.511,40.848,41.02,41.241,41.362,41.54,41.641,41.742,41.868,41.96,42.04,42.143,42.221,42.289,42.372,42.436,42.503,42.574,42.631,42.692,42.753,42.804,42.859,42.905,42.955,43.007,43.068,43.126,43.179,43.24,43.292,43.333,43.382,43.421,43.471,43.522,43.574,43.617,43.676,43.725,43.771,43.814,43.867,43.905,43.948,43.988,44.035,44.082,44.128,44.166,44.211,44.262,44.316,44.354,44.392,44.437,44.47,44.522,44.566,44.641,44.706,44.762,44.804,44.852,44.904,44.952,44.998,45.061,45.109,45.16,45.215,45.263,45.315,45.384,45.435,45.487,45.555,45.606,45.671,45.73,45.786,45.863,45.934,46.02,46.114,46.189,46.282,46.372,46.468,46.526,46.62,46.692,46.787,46.913,47.107,47.343,47.639,48.027,48.995
254,LNP FP,38.49,40.12,40.557,40.896,41.096,41.221,41.409,41.521,41.632,41.742,41.856,41.996,42.066,42.186,42.239,42.318,42.378,42.451,42.525,42.583,42.656,42.712,42.758,42.816,42.863,42.909,42.965,43.013,43.05,43.117,43.172,43.223,43.275,43.33,43.384,43.439,43.494,43.529,43.576,43.655,43.7,43.751,43.783,43.826,43.881,43.926,43.977,44.023,44.055,44.105,44.159,44.218,44.253,44.288,44.34,44.385,44.433,44.489,44.535,44.585,44.645,44.672,44.725,44.783,44.839,44.87,44.924,44.982,45.034,45.074,45.13,45.199,45.248,45.303,45.363,45.41,45.46,45.512,45.582,45.647,45.697,45.748,45.823,45.887,45.956,46.04,46.115,46.191,46.288,46.378,46.467,46.596,46.669,46.76,46.889,47.02,47.208,47.369,47.698,48.136,49.258
255,LNP FP,38.49,40.12,40.557,40.896,41.096,41.221,41.409,41.521,41.632,41.742,41.856,41.996,42.066,42.186,42.239,42.318,42.378,42.451,42.525,42.583,42.656,42.712,42.758,42.816,42.863,42.909,42.965,43.013,43.05,43.117,43.172,43.223,43.275,43.33,43.384,43.439,43.494,43.529,43.576,43.655,43.7,43.751,43.783,43.826,43.881,43.926,43.977,44.023,44.055,44.105,44.159,44.218,44.253,44.288,44.34,44.385,44.433,44.489,44.535,44.585,44.645,44.672,44.725,44.783,44.839,44.87,44.924,44.982,45.034,45.074,45.13,45.199,45.248,45.303,45.363,45.41,45.46,45.512,45.582,45.647,45.697,45.748,45.823,45.887,45.956,46.04,46.115,46.191,46.288,46.378,46.467,46.596,46.669,46.76,46.889,47.02,47.208,47.369,47.698,48.136,49.258
256,LNP FP,38.674,40.046,40.511,40.753,40.995,41.157,41.305,41.465,41.615,41.734,41.855,41.963,42.046,42.119,42.178,42.256,42.319,42.38,42.459,42.511,42.592,42.645,42.71,42.773,42.82,42.874,42.925,42.98,43.013,43.075,43.149,43.211,43.261,43.306,43.363,43.423,43.464,43.506,43.575,43.612,43.655,43.71,43.766,43.83,43.887,43.916,43.954,44.0,44.045,44.099,44.146,44.2,44.239,44.29,44.326,44.382,44.434,44.481,44.529,44.582,44.634,44.719,44.757,44.808,44.849,44.9,44.947,45.003,45.041,45.079,45.149,45.182,45.219,45.26,45.316,45.38,45.452,45.515,45.564,45.623,45.68,45.741,45.809,45.866,45.961,46.043,46.121,46.195,46.302,46.398,46.494,46.599,46.687,46.781,46.95,47.117,47.263,47.432,47.741,48.158,49.415
257,LNP FP,38.674,40.046,40.511,40.753,40.995,41.157,41.305,41.465,41.615,41.734,41.855,41.963,42.046,42.119,42.178,42.256,42.319,42.38,42.459,42.511,42.592,42.645,42.71,42.773,42.82,42.874,42.925,42.98,43.013,43.075,43.149,43.211,43.261,43.306,43.363,43.423,43.464,43.506,43.575,43.612,43.655,43.71,43.766,43.83,43.887,43.916,43.954,44.0,44.045,44.099,44.146,44.2,44.239,44.29,44.326,44.382,44.434,44.481,44.529,44.582,44.634,44.719,44.757,44.808,44.849,44.9,44.947,45.003,45.041,45.079,45.149,45.182,45.219,45.26,45.316,45.38,45.452,45.515,45.564,45.623,45.68,45.741,45.809,45.866,45.961,46.043,46.121,46.195,46.302,46.398,46.494,46.599,46.687,46.781,46.95,47.117,47.263,47.432,47.741,48.158,49.415
258,LNP FP,38.394,39.969,40.485,40.781,40.934,41.152,41.293,41.425,41.578,41.701,41.826,41.913,41.992,42.052,42.124,42.212,42.26,42.323,42.397,42.463,42.521,42.592,42.648,42.704,42.774,42.845,42.931,42.975,43.022,43.087,43.155,43.212,43.247,43.293,43.331,43.385,43.444,43.497,43.55,43.598,43.659,43.711,43.748,43.784,43.836,43.875,43.937,43.98,44.033,44.075,44.119,44.156,44.212,44.286,44.335,44.384,44.436,44.5,44.545,44.589,44.639,44.681,44.717,44.764,44.809,44.855,44.886,44.962,45.021,45.072,45.113,45.159,45.203,45.259,45.322,45.379,45.444,45.5,45.56,45.636,45.699,45.763,45.829,45.893,45.971,46.062,46.168,46.247,46.338,46.409,46.492,46.6,46.706,46.816,46.95,47.118,47.279,47.467,47.734,48.174,49.665
259,LNP FP,38.394,39.969,40.485,40.781,40.934,41.152,41.293,41.425,41.578,41.701,41.826,41.913,41.992,42.052,42.124,42.212,42.26,42.323,42.397,42.463,42.521,42.592,42.648,42.704,42.774,42.845,42.931,42.975,43.022,43.087,43.155,43.212,43.247,43.293,43.331,43.385,43.444,43.497,43.55,43.598,43.659,43.711,43.748,43.784,43.836,43.875,43.937,43.98,44.033,44.075,44.119,44.156,44.212,44.286,44.335,44.384,44.436,44.5,44.545,44.589,44.639,44.681,44.717,44.764,44.809,44.855,44.886,44.962,45.021,45.072,45.113,45.159,45.203,45.259,45.322,45.379,45.444,45.5,45.56,45.636,45.699,45.763,45.829,45.893,45.971,46.062,46.168,46.247,46.338,46.409,46.492,46.6,46.706,46.816,46.95,47.118,47.279,47.467,47.734,48.174,49.665
260,LNP FP,38.44,39.786,40.449,40.706,40.937,41.181,41.318,41.507,41.608,41.718,41.841,41.936,41.995,42.074,42.142,42.214,42.28,42.352,42.401,42.463,42.516,42.574,42.644,42.691,42.748,42.817,42.873,42.935,42.988,43.046,43.115,43.163,43.209,43.253,43.302,43.36,43.415,43.472,43.519,43.578,43.649,43.701,43.749,43.788,43.84,43.89,43.935,43.98,44.031,44.078,44.135,44.174,44.223,44.273,44.322,44.372,44.417,44.464,44.513,44.567,44.615,44.657,44.701,44.754,44.803,44.851,44.906,44.947,44.999,45.052,45.092,45.145,45.201,45.267,45.318,45.377,45.442,45.509,45.587,45.645,45.7,45.771,45.83,45.9,45.96,46.023,46.124,46.193,46.29,46.407,46.496,46.602,46.715,46.871,46.991,47.184,47.324,47.534,47.81,48.26,49.404
261,LNP FP,38.44,39.786,40.449,40.706,40.937,41.181,41.318,41.507,41.608,41.718,41.841,41.936,41.995,42.074,42.142,42.214,42.28,42.352,42.401,42.463,42.516,42.574,42.644,42.691,42.748,42.817,42.873,42.935,42.988,43.046,43.115,43.163,43.209,43.253,43.302,43.36,43.415,43.472,43.519,43.578,43.649,43.701,43.749,43.788,43.84,43.89,43.935,43.98,44.031,44.078,44.135,44.174,44.223,44.273,44.322,44.372,44.417,44.464,44.513,44.567,44.615,44.657,44.701,44.754,44.803,44.851,44.906,44.947,44.999,45.052,45.092,45.145,45.201,45.267,45.318,45.377,45.442,45.509,45.587,45.645,45.7,45.771,45.83,45.9,45.96,46.023,46.124,46.193,46.29,46.407,46.496,46.602,46.715,46.871,46.991,47.184,47.324,47.534,47.81,48.26,49.404
262,LNP FP,38.387,39.793,40.39,40.619,40.892,41.117,41.287,41.428,41.582,41.681,41.793,41.878,41.944,42.011,42.077,42.133,42.213,42.295,42.384,42.459,42.527,42.575,42.628,42.679,42.731,42.791,42.84,42.921,42.982,43.023,43.079,43.137,43.179,43.243,43.309,43.368,43.419,43.465,43.522,43.561,43.609,43.658,43.694,43.732,43.781,43.827,43.886,43.941,43.993,44.04,44.102,44.15,44.202,44.245,44.294,44.344,44.395,44.454,44.497,44.553,44.6,44.659,44.717,44.759,44.808,44.862,44.897,44.947,44.988,45.037,45.115,45.171,45.224,45.256,45.313,45.372,45.437,45.501,45.567,45.649,45.717,45.775,45.827,45.911,45.975,46.054,46.14,46.217,46.304,46.404,46.487,46.567,46.708,46.832,46.966,47.11,47.329,47.485,47.79,48.232,49.626
263,LNP FP,38.387,39.793,40.39,40.619,40.892,41.117,41.287,41.428,41.582,41.681,41.793,41.878,41.944,42.011,42.077,42.133,42.213,42.295,42.384,42.459,42.527,42.575,42.628,42.679,42.731,42.791,42.84,42.921,42.982,43.023,43.079,43.137,43.179,43.243,43.309,43.368,43.419,43.465,43.522,43.561,43.609,43.658,43.694,43.732,43.781,43.827,43.886,43.941,43.993,44.04,44.102,44.15,44.202,44.245,44.294,44.344,44.395,44.454,44.497,44.553,44.6,44.659,44.717,44.759,44.808,44.862,44.897,44.947,44.988,45.037,45.115,45.171,45.224,45.256,45.313,45.372,45.437,45.501,45.567,45.649,45.717,45.775,45.827,45.911,45.975,46.054,46.14,46.217,46.304,46.404,46.487,46.567,46.708,46.832,46.966,47.11,47.329,47.485,47.79,48.232,49.626
264,LNP FP,38.283,39.719,40.271,40.647,40.866,41.09,41.26,41.448,41.583,41.68,41.749,41.83,41.901,41.965,42.071,42.135,42.233,42.291,42.371,42.42,42.465,42.534,42.593,42.647,42.71,42.796,42.882,42.921,42.981,43.032,43.073,43.13,43.17,43.226,43.294,43.344,43.396,43.436,43.497,43.54,43.583,43.637,43.688,43.73,43.784,43.825,43.864,43.913,43.955,43.992,44.052,44.108,44.149,44.204,44.256,44.312,44.368,44.413,44.473,44.524,44.579,44.623,44.688,44.744,44.785,44.849,44.885,44.94,45.0,45.05,45.113,45.163,45.228,45.287,45.343,45.391,45.45,45.504,45.583,45.644,45.7,45.781,45.837,45.906,45.972,46.073,46.155,46.235,46.34,46.435,46.517,46.641,46.766,46.891,47.044,47.176,47.354,47.589,47.799,48.246,49.684
265,LNP FP,38.283,39.719,40.271,40.647,40.866,41.09,41.26,41.448,41.583,41.68,41.749,41.83,41.901,41.965,42.071,42.135,42.233,42.291,42.371,42.42,42.465,42.534,42.593,42.647,42.71,42.796,42.882,42.921,42.981,43.032,43.073,43.13,43.17,43.226,43.294,43.344,43.396,43.436,43.497,43.54,43.583,43.637,43.688,43.73,43.784,43.825,43.864,43.913,43.955,43.992,44.052,44.108,44.149,44.204,44.256,44.312,44.368,44.413,44.473,44.524,44.579,44.623,44.688,44.744,44.785,44.849,44.885,44.94,45.0,45.05,45.113,45.163,45.228,45.287,45.343,45.391,45.45,45.504,45.583,45.644,45.7,45.781,45.837,45.906,45.972,46.073,46.155,46.235,46.34,46.435,46.517,46.641,46.766,46.891,47.044,47.176,47.354,47.589,47.799,48.246,49.684
266,LNP FP,38.193,39.588,40.185,40.592,40.812,41.066,41.245,41.376,41.494,41.62,41.706,41.807,41.894,41.966,42.035,42.092,42.173,42.261,42.351,42.425,42.476,42.532,42.592,42.651,42.716,42.781,42.841,42.897,42.951,43.005,43.055,43.095,43.167,43.219,43.275,43.335,43.391,43.457,43.497,43.552,43.598,43.639,43.679,43.727,43.763,43.802,43.855,43.906,43.944,44.007,44.052,44.089,44.146,44.207,44.255,44.304,44.368,44.433,44.484,44.535,44.578,44.632,44.691,44.737,44.791,44.836,44.892,44.939,44.989,45.049,45.112,45.158,45.212,45.269,45.328,45.373,45.427,45.483,45.562,45.613,45.694,45.749,45.813,45.902,45.978,46.057,46.144,46.252,46.325,46.444,46.546,46.665,46.764,46.87,47.013,47.149,47.325,47.508,47.736,48.295,49.911
267,LNP FP,38.193,39.588,40.185,40.592,40.812,41.066,41.245,41.376,41.494,41.62,41.706,41.807,41.894,41.966,42.035,42.092,42.173,42.261,42.351,42.425,42.476,42.532,42.592,42.651,42.716,42.781,42.841,42.897,42.951,43.005,43.055,43.095,43.167,43.219,43.275,43.335,43.391,43.457,43.497,43.552,43.598,43.639,43.679,43.727,43.763,43.802,43.855,43.906,43.944,44.007,44.052,44.089,44.146,44.207,44.255,44.304,44.368,44.433,44.484,44.535,44.578,44.632,44.691,44.737,44.791,44.836,44.892,44.939,44.989,45.049,45.112,45.158,45.212,45.269,45.328,45.373,45.427,45.483,45.562,45.613,45.694,45.749,45.813,45.902,45.978,46.057,46.144,46.252,46.325,46.444,46.546,46.665,46.764,46.87,47.013,47.149,47.325,47.508,47.736,48.295,49.911
268,LNP FP,38.091,39.483,40.104,40.465,40.871,41.049,41.2,41.324,41.441,41.538,41.679,41.753,41.854,41.936,42.015,42.097,42.165,42.267,42.313,42.387,42.456,42.512,42.57,42.642,42.69,42.74,42.792,42.854,42.909,42.974,43.031,43.074,43.124,43.194,43.248,43.288,43.346,43.412,43.46,43.512,43.562,43.614,43.654,43.71,43.773,43.812,43.864,43.907,43.972,44.01,44.049,44.088,44.141,44.18,44.23,44.267,44.32,44.372,44.422,44.485,44.555,44.599,44.66,44.711,44.769,44.818,44.868,44.91,44.971,45.025,45.086,45.146,45.215,45.254,45.319,45.39,45.446,45.499,45.56,45.603,45.66,45.722,45.818,45.883,45.971,46.08,46.18,46.273,46.344,46.425,46.527,46.627,46.78,46.873,47.025,47.146,47.342,47.542,47.807,48.325,50.047
269,LNP FP,38.091,39.483,40.104,40.465,40.871,41.049,41.2,41.324,41.441,41.538,41.679,41.753,41.854,41.936,42.015,42.097,42.165,42.267,42.313,42.387,42.456,42.512,42.57,42.642,42.69,42.74,42.792,42.854,42.909,42.974,43.031,43.074,43.124,43.194,43.248,43.288,43.346,43.412,43.46,43.512,43.562,43.614,43.654,43.71,43.773,43.812,43.864,43.907,43.972,44.01,44.049,44.088,44.141,44.18,44.23,44.267,44.32,44.372,44.422,44.485,44.555,44.599,44.66,44.711,44.769,44.818,44.868,44.91,44.971,45.025,45.086,45.146,45.215,45.254,45.319,45.39,45.446,45.499,45.56,45.603,45.66,45.722,45.818,45.883,45.971,46.08,46.18,46.273,46.344,46.425,46.527,46.627,46.78,46.873,47.025,47.146,47.342,47.542,47.807,48.325,50.047
270,LNP FP,37.912,39.463,40.118,40.432,40.758,40.948,41.131,41.275,41.399,41.546,41.66,41.771,41.835,41.928,41.991,42.056,42.146,42.205,42.29,42.364,42.424,42.473,42.528,42.594,42.656,42.723,42.792,42.858,42.928,42.978,43.037,43.085,43.144,43.197,43.258,43.298,43.351,43.4,43.454,43.515,43.55,43.603,43.658,43.717,43.781,43.817,43.859,43.91,43.969,44.014,44.053,44.104,44.143,44.193,44.249,44.287,44.34,44.377,44.417,44.459,44.521,44.581,44.65,44.698,44.756,44.797,44.845,44.916,44.976,45.031,45.081,45.133,45.201,45.242,45.304,45.37,45.419,45.496,45.558,45.628,45.663,45.73,45.801,45.858,45.968,46.07,46.17,46.283,46.359,46.448,46.539,46.654,46.8,46.904,47.037,47.162,47.32,47.58,47.838,48.363,50.055
271,LNP FP,37.912,39.463,40.118,40.432,40.758,40.948,41.131,41.275,41.399,41.546,41.66,41.771,41.835,41.928,41.991,42.056,42.146,42.205,42.29,42.364,42.424,42.473,42.528,42.594,42.656,42.723,42.792,42.858,42.928,42.978,43.037,43.085,43.144,43.197,43.258,43.298,43.351,43.4,43.454,43.515,43.55,43.603,43.658,43.717,43.781,43.817,43.859,43.91,43.969,44.014,44.053,44.104,44.143,44.193,44.249,44.287,44.34,44.377,44.417,44.459,44.521,44.581,44.65,44.698,44.756,44.797,44.845,44.916,44.976,45.031,45.081,45.133,45.201,45.242,45.304,45.37,45.419,45.496,45.558,45.628,45.663,45.73,45.801,45.858,45.968,46.07,46.17,46.283,46.359,46.448,46.539,46.654,46.8,46.904,47.037,47.162,47.32,47.58,47.838,48.363,50.055
272,LNP FP,37.853,39.498,40.096,40.445,40.667,40.903,41.089,41.22,41.342,41.476,41.597,41.732,41.808,41.886,41.958,42.043,42.127,42.206,42.279,42.343,42.408,42.459,42.516,42.578,42.641,42.69,42.767,42.841,42.891,42.956,43.034,43.097,43.157,43.202,43.248,43.303,43.354,43.399,43.451,43.497,43.559,43.616,43.664,43.717,43.778,43.827,43.87,43.908,43.953,44.004,44.056,44.105,44.15,44.202,44.255,44.304,44.352,44.395,44.442,44.494,44.559,44.604,44.647,44.71,44.774,44.813,44.881,44.938,44.998,45.044,45.106,45.157,45.204,45.269,45.328,45.392,45.442,45.496,45.561,45.602,45.683,45.731,45.814,45.892,45.964,46.065,46.176,46.271,46.379,46.489,46.623,46.729,46.845,46.957,47.075,47.183,47.376,47.567,47.875,48.311,50.53
273,LNP FP,37.853,39.498,40.096,40.445,40.667,40.903,41.089,41.22,41.342,41.476,41.597,41.732,41.808,41.886,41.958,42.043,42.127,42.206,42.279,42.343,42.408,42.459,42.516,42.578,42.641,42.69,42.767,42.841,42.891,42.956,43.034,43.097,43.157,43.202,43.248,43.303,43.354,43.399,43.451,43.497,43.559,43.616,43.664,43.717,43.778,43.827,43.87,43.908,43.953,44.004,44.056,44.105,44.15,44.202,44.255,44.304,44.352,44.395,44.442,44.494,44.559,44.604,44.647,44.71,44.774,44.813,44.881,44.938,44.998,45.044,45.106,45.157,45.204,45.269,45.328,45.392,45.442,45.496,45.561,45.602,45.683,45.731,45.814,45.892,45.964,46.065,46.176,46.271,46.379,46.489,46.623,46.729,46.845,46.957,47.075,47.183,47.376,47.567,47.875,48.311,50.53
274,LNP FP,37.974,39.505,40.041,40.359,40.649,40.86,41.029,41.222,41.34,41.443,41.567,41.662,41.768,41.871,41.949,42.017,42.112,42.18,42.24,42.312,42.377,42.448,42.51,42.556,42.617,42.696,42.771,42.835,42.893,42.956,43.011,43.072,43.136,43.181,43.235,43.275,43.321,43.382,43.425,43.488,43.552,43.608,43.671,43.716,43.775,43.816,43.855,43.902,43.936,43.983,44.034,44.112,44.164,44.209,44.252,44.317,44.365,44.407,44.439,44.503,44.544,44.604,44.646,44.691,44.739,44.778,44.842,44.886,44.945,44.988,45.04,45.08,45.158,45.237,45.309,45.363,45.423,45.477,45.532,45.596,45.661,45.747,45.808,45.878,45.975,46.091,46.163,46.259,46.373,46.482,46.613,46.726,46.873,46.993,47.091,47.257,47.383,47.596,47.856,48.382,50.573
275,LNP FP,37.974,39.505,40.041,40.359,40.649,40.86,41.029,41.222,41.34,41.443,41.567,41.662,41.768,41.871,41.949,42.017,42.112,42.18,42.24,42.312,42.377,42.448,42.51,42.556,42.617,42.696,42.771,42.835,42.893,42.956,43.011,43.072,43.136,43.181,43.235,43.275,43.321,43.382,43.425,43.488,43.552,43.608,43.671,43.716,43.775,43.816,43.855,43.902,43.936,43.983,44.034,44.112,44.164,44.209,44.252,44.317,44.365,44.407,44.439,44.503,44.544,44.604,44.646,44.691,44.739,44.778,44.842,44.886,44.945,44.988,45.04,45.08,45.158,45.237,45.309,45.363,45.423,45.477,45.532,45.596,45.661,45.747,45.808,45.878,45.975,46.091,46.163,46.259,46.373,46.482,46.613,46.726,46.873,46.993,47.091,47.257,47.383,47.596,47.856,48.382,50.573
276,LNP FP,37.995,39.527,39.965,40.312,40.639,40.798,41.009,41.131,41.241,41.399,41.557,41.659,41.771,41.844,41.908,41.992,42.053,42.117,42.175,42.27,42.348,42.41,42.491,42.555,42.61,42.681,42.733,42.812,42.876,42.933,42.993,43.064,43.135,43.2,43.254,43.289,43.339,43.377,43.429,43.481,43.521,43.58,43.645,43.7,43.743,43.793,43.852,43.902,43.95,43.983,44.057,44.1,44.15,44.191,44.252,44.295,44.349,44.409,44.453,44.493,44.547,44.59,44.636,44.685,44.719,44.779,44.829,44.88,44.965,45.011,45.049,45.1,45.16,45.208,45.266,45.331,45.394,45.456,45.529,45.616,45.659,45.718,45.785,45.889,45.976,46.052,46.137,46.234,46.335,46.462,46.567,46.701,46.82,46.944,47.107,47.254,47.426,47.64,47.925,48.284,50.266
277,LNP FP,37.995,39.527,39.965,40.312,40.639,40.798,41.009,41.131,41.241,41.399,41.557,41.659,41.771,41.844,41.908,41.992,42.053,42.117,42.175,42.27,42.348,42.41,42.491,42.555,42.61,42.681,42.733,42.812,42.876,42.933,42.993,43.064,43.135,43.2,43.254,43.289,43.339,43.377,43.429,43.481,43.521,43.58,43.645,43.7,43.743,43.793,43.852,43.902,43.95,43.983,44.057,44.1,44.15,44.191,44.252,44.295,44.349,44.409,44.453,44.493,44.547,44.59,44.636,44.685,44.719,44.779,44.829,44.88,44.965,45.011,45.049,45.1,45.16,45.208,45.266,45.331,45.394,45.456,45.529,45.616,45.659,45.718,45.785,45.889,45.976,46.052,46.137,46.234,46.335,46.462,46.567,46.701,46.82,46.944,47.107,47.254,47.426,47.64,47.925,48.284,50.266
278,LNP FP,37.858,39.428,39.879,40.209,40.512,40.774,40.948,41.092,41.213,41.336,41.471,41.596,41.687,41.774,41.868,41.941,42.033,42.138,42.217,42.272,42.343,42.402,42.463,42.536,42.601,42.658,42.734,42.797,42.855,42.916,42.975,43.031,43.079,43.159,43.201,43.26,43.315,43.368,43.417,43.458,43.505,43.549,43.602,43.649,43.711,43.764,43.831,43.885,43.941,43.996,44.037,44.08,44.137,44.18,44.231,44.277,44.34,44.389,44.441,44.478,44.526,44.567,44.627,44.686,44.725,44.791,44.844,44.895,44.939,44.99,45.053,45.117,45.179,45.246,45.298,45.36,45.429,45.497,45.559,45.621,45.683,45.74,45.808,45.919,46.007,46.093,46.17,46.27,46.36,46.471,46.555,46.689,46.851,46.97,47.109,47.272,47.45,47.662,47.929,48.305,50.48
279,LNP FP,37.858,39.428,39.879,40.209,40.512,40.774,40.948,41.092,41.213,41.336,41.471,41.596,41.687,41.774,41.868,41.941,42.033,42.138,42.217,42.272,42.343,42.402,42.463,42.536,42.601,42.658,42.734,42.797,42.855,42.916,42.975,43.031,43.079,43.159,43.201,43.26,43.315,43.368,43.417,43.458,43.505,43.549,43.602,43.649,43.711,43.764,43.831,43.885,43.941,43.996,44.037,44.08,44.137,44.18,44.231,44.277,44.34,44.389,44.441,44.478,44.526,44.567,44.627,44.686,44.725,44.791,44.844,44.895,44.939,44.99,45.053,45.117,45.179,45.246,45.298,45.36,45.429,45.497,45.559,45.621,45.683,45.74,45.808,45.919,46.007,46.093,46.17,46.27,46.36,46.471,46.555,46.689,46.851,46.97,47.109,47.272,47.45,47.662,47.929,48.305,50.48
280,LNP FP,37.534,39.472,39.875,40.145,40.484,40.656,40.898,41.081,41.218,41.333,41.454,41.564,41.632,41.732,41.841,41.949,42.058,42.144,42.217,42.286,42.345,42.408,42.485,42.549,42.609,42.656,42.716,42.791,42.856,42.914,42.972,43.02,43.072,43.133,43.171,43.216,43.277,43.347,43.418,43.455,43.523,43.567,43.623,43.664,43.711,43.766,43.811,43.85,43.9,43.945,43.997,44.05,44.096,44.131,44.194,44.26,44.31,44.358,44.415,44.458,44.495,44.538,44.604,44.644,44.697,44.76,44.821,44.866,44.921,45.009,45.068,45.134,45.191,45.238,45.31,45.372,45.438,45.49,45.571,45.645,45.717,45.783,45.857,45.938,46.023,46.093,46.216,46.296,46.38,46.481,46.58,46.712,46.844,46.969,47.121,47.294,47.486,47.683,47.98,48.357,50.297
281,LNP FP,37.534,39.472,39.875,40.145,40.484,40.656,40.898,41.081,41.218,41.333,41.454,41.564,41.632,41.732,41.841,41.949,42.058,42.144,42.217,42.286,42.345,42.408,42.485,42.549,42.609,42.656,42.716,42.791,42.856,42.914,42.972,43.02,43.072,43.133,43.171,43.216,43.277,43.347,43.418,43.455,43.523,43.567,43.623,43.664,43.711,43.766,43.811,43.85,43.9,43.945,43.997,44.05,44.096,44.131,44.194,44.26,44.31,44.358,44.415,44.458,44.495,44.538,44.604,44.644,44.697,44.76,44.821,44.866,44.921,45.009,45.068,45.134,45.191,45.238,45.31,45.372,45.438,45.49,45.571,45.645,45.717,45.783,45.857,45.938,46.023,46.093,46.216,46.296,46.38,46.481,46.58,46.712,46.844,46.969,47.121,47.294,47.486,47.683,47.98,48.357,50.297
282,LNP FP,37.615,39.416,39.839,40.13,40.405,40.654,40.807,41.001,41.167,41.315,41.42,41.516,41.611,41.734,41.826,41.912,41.995,42.077,42.152,42.246,42.318,42.426,42.487,42.55,42.623,42.671,42.732,42.782,42.829,42.876,42.919,42.984,43.054,43.118,43.167,43.222,43.281,43.324,43.369,43.443,43.486,43.553,43.601,43.649,43.694,43.742,43.775,43.844,43.896,43.957,43.998,44.039,44.085,44.135,44.186,44.235,44.282,44.335,44.386,44.434,44.502,44.56,44.6,44.646,44.702,44.749,44.808,44.888,44.932,44.983,45.045,45.112,45.176,45.229,45.308,45.379,45.448,45.507,45.576,45.616,45.689,45.787,45.877,45.941,46.024,46.13,46.192,46.307,46.431,46.537,46.626,46.706,46.843,46.946,47.081,47.216,47.451,47.656,47.923,48.316,50.444
283,LNP FP,37.615,39.416,39.839,40.13,40.405,40.654,40.807,41.001,41.167,41.315,41.42,41.516,41.611,41.734,41.826,41.912,41.995,42.077,42.152,42.246,42.318,42.426,42.487,42.55,42.623,42.671,42.732,42.782,42.829,42.876,42.919,42.984,43.054,43.118,43.167,43.222,43.281,43.324,43.369,43.443,43.486,43.553,43.601,43.649,43.694,43.742,43.775,43.844,43.896,43.957,43.998,44.039,44.085,44.135,44.186,44.235,44.282,44.335,44.386,44.434,44.502,44.56,44.6,44.646,44.702,44.749,44.808,44.888,44.932,44.983,45.045,45.112,45.176,45.229,45.308,45.379,45.448,45.507,45.576,45.616,45.689,45.787,45.877,45.941,46.024,46.13,46.192,46.307,46.431,46.537,46.626,46.706,46.843,46.946,47.081,47.216,47.451,47.656,47.923,48.316,50.444
284,LNP FP,37.543,39.348,39.824,40.154,40.368,40.551,40.796,40.973,41.145,41.346,41.446,41.551,41.656,41.719,41.802,41.913,41.992,42.076,42.159,42.233,42.3,42.379,42.453,42.521,42.588,42.657,42.714,42.777,42.834,42.885,42.938,42.992,43.059,43.132,43.185,43.234,43.285,43.344,43.375,43.429,43.48,43.554,43.603,43.649,43.697,43.74,43.784,43.841,43.901,43.954,43.999,44.05,44.096,44.158,44.217,44.274,44.314,44.37,44.422,44.48,44.536,44.586,44.646,44.692,44.747,44.788,44.836,44.884,44.938,44.989,45.046,45.079,45.149,45.198,45.26,45.324,45.381,45.464,45.539,45.618,45.716,45.785,45.845,45.923,46.001,46.117,46.196,46.302,46.424,46.526,46.609,46.697,46.824,46.963,47.135,47.285,47.422,47.69,47.998,48.407,50.321
285,LNP FP,37.543,39.348,39.824,40.154,40.368,40.551,40.796,40.973,41.145,41.346,41.446,41.551,41.656,41.719,41.802,41.913,41.992,42.076,42.159,42.233,42.3,42.379,42.453,42.521,42.588,42.657,42.714,42.777,42.834,42.885,42.938,42.992,43.059,43.132,43.185,43.234,43.285,43.344,43.375,43.429,43.48,43.554,43.603,43.649,43.697,43.74,43.784,43.841,43.901,43.954,43.999,44.05,44.096,44.158,44.217,44.274,44.314,44.37,44.422,44.48,44.536,44.586,44.646,44.692,44.747,44.788,44.836,44.884,44.938,44.989,45.046,45.079,45.149,45.198,45.26,45.324,45.381,45.464,45.539,45.618,45.716,45.785,45.845,45.923,46.001,46.117,46.196,46.302,46.424,46.526,46.609,46.697,46.824,46.963,47.135,47.285,47.422,47.69,47.998,48.407,50.321
286,LNP FP,37.488,39.198,39.8,40.124,40.36,40.583,40.747,40.966,41.149,41.288,41.418,41.541,41.668,41.762,41.835,41.919,42.015,42.066,42.141,42.212,42.302,42.358,42.425,42.477,42.551,42.621,42.695,42.756,42.814,42.853,42.92,42.98,43.042,43.096,43.171,43.224,43.281,43.342,43.398,43.444,43.504,43.555,43.617,43.664,43.709,43.758,43.823,43.884,43.942,43.999,44.044,44.102,44.147,44.186,44.241,44.276,44.311,44.357,44.41,44.486,44.545,44.583,44.621,44.675,44.726,44.778,44.825,44.887,44.95,45.005,45.054,45.122,45.178,45.243,45.298,45.372,45.433,45.511,45.564,45.638,45.71,45.778,45.859,45.917,46.005,46.079,46.162,46.29,46.411,46.517,46.644,46.762,46.874,47.001,47.171,47.329,47.508,47.693,47.931,48.478,50.253
287,LNP FP,37.488,39.198,39.8,40.124,40.36,40.583,40.747,40.966,41.149,41.288,41.418,41.541,41.668,41.762,41.835,41.919,42.015,42.066,42.141,42.212,42.302,42.358,42.425,42.477,42.551,42.621,42.695,42.756,42.814,42.853,42.92,42.98,43.042,43.096,43.171,43.224,43.281,43.342,43.398,43.444,43.504,43.555,43.617,43.664,43.709,43.758,43.823,43.884,43.942,43.999,44.044,44.102,44.147,44.186,44.241,44.276,44.311,44.357,44.41,44.486,44.545,44.583,44.621,44.675,44.726,44.778,44.825,44.887,44.95,45.005,45.054,45.122,45.178,45.243,45.298,45.372,45.433,45.511,45.564,45.638,45.71,45.778,45.859,45.917,46.005,46.079,46.162,46.29,46.411,46.517,46.644,46.762,46.874,47.001,47.171,47.329,47.508,47.693,47.931,48.478,50.253
288,LNP FP,37.344,39.12,39.596,40.022,40.379,40.59,40.774,40.945,41.093,41.239,41.403,41.527,41.64,41.749,41.847,41.935,42.015,42.069,42.146,42.199,42.27,42.333,42.395,42.465,42.546,42.603,42.648,42.724,42.774,42.841,42.888,42.946,42.989,43.068,43.132,43.179,43.231,43.278,43.346,43.399,43.475,43.527,43.563,43.64,43.719,43.764,43.813,43.85,43.903,43.958,44.002,44.046,44.113,44.163,44.201,44.256,44.317,44.361,44.428,44.467,44.522,44.572,44.618,44.677,44.727,44.775,44.821,44.876,44.935,44.989,45.041,45.099,45.168,45.231,45.295,45.352,45.423,45.497,45.576,45.639,45.728,45.829,45.896,45.958,46.04,46.163,46.27,46.33,46.414,46.522,46.607,46.719,46.841,47.023,47.178,47.347,47.547,47.787,48.068,48.517,50.235
289,LNP FP,37.344,39.12,39.596,40.022,40.379,40.59,40.774,40.945,41.093,41.239,41.403,41.527,41.64,41.749,41.847,41.935,42.015,42.069,42.146,42.199,42.27,42.333,42.395,42.465,42.546,42.603,42.648,42.724,42.774,42.841,42.888,42.946,42.989,43.068,43.132,43.179,43.231,43.278,43.346,43.399,43.475,43.527,43.563,43.64,43.719,43.764,43.813,43.85,43.903,43.958,44.002,44.046,44.113,44.163,44.201,44.256,44.317,44.361,44.428,44.467,44.522,44.572,44.618,44.677,44.727,44.775,44.821,44.876,44.935,44.989,45.041,45.099,45.168,45.231,45.295,45.352,45.423,45.497,45.576,45.639,45.728,45.829,45.896,45.958,46.04,46.163,46.27,46.33,46.414,46.522,46.607,46.719,46.841,47.023,47.178,47.347,47.547,47.787,48.068,48.517,50.235
290,LNP FP,37.585,39.121,39.618,40.094,40.362,40.551,40.746,40.928,41.066,41.229,41.37,41.471,41.577,41.665,41.767,41.87,41.942,42.034,42.106,42.191,42.279,42.333,42.392,42.447,42.51,42.573,42.638,42.706,42.766,42.823,42.875,42.924,42.996,43.04,43.099,43.18,43.237,43.295,43.349,43.401,43.458,43.536,43.586,43.625,43.684,43.743,43.789,43.836,43.905,43.959,44.022,44.073,44.116,44.162,44.212,44.271,44.316,44.365,44.42,44.487,44.535,44.61,44.668,44.715,44.752,44.785,44.845,44.896,44.949,45.003,45.06,45.131,45.177,45.231,45.295,45.359,45.441,45.541,45.611,45.673,45.738,45.804,45.884,45.96,46.056,46.133,46.219,46.319,46.434,46.531,46.638,46.729,46.89,47.019,47.178,47.356,47.561,47.739,48.068,48.589,50.306
291,LNP FP,37.585,39.121,39.618,40.094,40.362,40.551,40.746,40.928,41.066,41.229,41.37,41.471,41.577,41.665,41.767,41.87,41.942,42.034,42.106,42.191,42.279,42.333,42.392,42.447,42.51,42.573,42.638,42.706,42.766,42.823,42.875,42.924,42.996,43.04,43.099,43.18,43.237,43.295,43.349,43.401,43.458,43.536,43.586,43.625,43.684,43.743,43.789,43.836,43.905,43.959,44.022,44.073,44.116,44.162,44.212,44.271,44.316,44.365,44.42,44.487,44.535,44.61,44.668,44.715,44.752,44.785,44.845,44.896,44.949,45.003,45.06,45.131,45.177,45.231,45.295,45.359,45.441,45.541,45.611,45.673,45.738,45.804,45.884,45.96,46.056,46.133,46.219,46.319,46.434,46.531,46.638,46.729,46.89,47.019,47.178,47.356,47.561,47.739,48.068,48.589,50.306
292,LNP FP,37.706,38.98,39.615,40.001,40.309,40.543,40.735,40.921,41.065,41.197,41.33,41.458,41.574,41.663,41.755,41.867,41.94,42.006,42.106,42.18,42.254,42.312,42.411,42.472,42.545,42.6,42.648,42.71,42.754,42.805,42.876,42.94,43.004,43.058,43.124,43.164,43.227,43.29,43.352,43.414,43.46,43.504,43.551,43.597,43.66,43.731,43.793,43.843,43.895,43.941,44.001,44.049,44.105,44.141,44.208,44.266,44.333,44.4,44.451,44.498,44.544,44.591,44.637,44.71,44.757,44.829,44.897,44.939,44.996,45.052,45.109,45.158,45.202,45.279,45.339,45.418,45.468,45.527,45.607,45.665,45.742,45.833,45.907,45.988,46.065,46.14,46.221,46.294,46.397,46.474,46.606,46.75,46.889,47.016,47.187,47.344,47.544,47.776,48.109,48.59,50.543
293,LNP FP,37.706,38.98,39.615,40.001,40.309,40.543,40.735,40.921,41.065,41.197,41.33,41.458,41.574,41.663,41.755,41.867,41.94,42.006,42.106,42.18,42.254,42.312,42.411,42.472,42.545,42.6,42.648,42.71,42.754,42.805,42.876,42.94,43.004,43.058,43.124,43.164,43.227,43.29,43.352,43.414,43.46,43.504,43.551,43.597,43.66,43.731,43.793,43.843,43.895,43.941,44.001,44.049,44.105,44.141,44.208,44.266,44.333,44.4,44.451,44.498,44.544,44.591,44.637,44.71,44.757,44.829,44.897,44.939,44.996,45.052,45.109,45.158,45.202,45.279,45.339,45.418,45.468,45.527,45.607,45.665,45.742,45.833,45.907,45.988,46.065,46.14,46.221,46.294,46.397,46.474,46.606,46.75,46.889,47.016,47.187,47.344,47.544,47.776,48.109,48.59,50.543
294,LNP FP,37.522,39.06,39.612,40.017,40.236,40.438,40.69,40.844,41.04,41.193,41.305,41.43,41.539,41.649,41.731,41.806,41.895,41.981,42.067,42.138,42.219,42.307,42.383,42.442,42.505,42.573,42.625,42.682,42.734,42.804,42.85,42.909,42.976,43.05,43.106,43.16,43.222,43.284,43.351,43.416,43.459,43.514,43.553,43.601,43.641,43.699,43.746,43.802,43.859,43.902,43.971,44.024,44.083,44.145,44.208,44.258,44.304,44.358,44.409,44.488,44.552,44.607,44.652,44.699,44.76,44.824,44.881,44.931,44.972,45.028,45.085,45.146,45.204,45.251,45.312,45.395,45.46,45.536,45.625,45.672,45.72,45.787,45.887,45.961,46.052,46.135,46.23,46.332,46.412,46.504,46.614,46.759,46.868,47.048,47.207,47.412,47.561,47.784,48.107,48.636,50.357
295,LNP FP,37.522,39.06,39.612,40.017,40.236,40.438,40.69,40.844,41.04,41.193,41.305,41.43,41.539,41.649,41.731,41.806,41.895,41.981,42.067,42.138,42.219,42.307,42.383,42.442,42.505,42.573,42.625,42.682,42.734,42.804,42.85,42.909,42.976,43.05,43.106,43.16,43.222,43.284,43.351,43.416,43.459,43.514,43.553,43.601,43.641,43.699,43.746,43.802,43.859,43.902,43.971,44.024,44.083,44.145,44.208,44.258,44.304,44.358,44.409,44.488,44.552,44.607,44.652,44.699,44.76,44.824,44.881,44.931,44.972,45.028,45.085,45.146,45.204,45.251,45.312,45.395,45.46,45.536,45.625,45.672,45.72,45.787,45.887,45.961,46.052,46.135,46.23,46.332,46.412,46.504,46.614,46.759,46.868,47.048,47.207,47.412,47.561,47.784,48.107,48.636,50.357
296,LNP FP,37.303,38.948,39.657,39.968,40.249,40.496,40.734,40.933,41.053,41.166,41.254,41.393,41.487,41.614,41.697,41.781,41.887,41.951,42.041,42.14,42.21,42.264,42.32,42.403,42.475,42.532,42.605,42.652,42.693,42.76,42.824,42.884,42.964,43.021,43.081,43.143,43.203,43.278,43.319,43.381,43.442,43.487,43.531,43.594,43.656,43.723,43.761,43.826,43.87,43.922,43.97,44.028,44.081,44.124,44.177,44.225,44.288,44.348,44.398,44.456,44.533,44.597,44.664,44.723,44.782,44.827,44.878,44.938,45.005,45.05,45.115,45.148,45.201,45.263,45.33,45.388,45.457,45.569,45.638,45.697,45.775,45.847,45.914,45.972,46.07,46.134,46.231,46.306,46.427,46.545,46.656,46.794,46.922,47.09,47.285,47.431,47.65,47.883,48.125,48.67,50.44
297,LNP FP,37.303,38.948,39.657,39.968,40.249,40.496,40.734,40.933,41.053,41.166,41.254,41.393,41.487,41.614,41.697,41.781,41.887,41.951,42.041,42.14,42.21,42.264,42.32,42.403,42.475,42.532,42.605,42.652,42.693,42.76,42.824,42.884,42.964,43.021,43.081,43.143,43.203,43.278,43.319,43.381,43.442,43.487,43.531,43.594,43.656,43.723,43.761,43.826,43.87,43.922,43.97,44.028,44.081,44.124,44.177,44.225,44.288,44.348,44.398,44.456,44.533,44.597,44.664,44.723,44.782,44.827,44.878,44.938,45.005,45.05,45.115,45.148,45.201,45.263,45.33,45.388,45.457,45.569,45.638,45.697,45.775,45.847,45.914,45.972,46.07,46.134,46.231,46.306,46.427,46.545,46.656,46.794,46.922,47.09,47.285,47.431,47.65,47.883,48.125,48.67,50.44
298,LNP FP,37.384,39.102,39.62,39.986,40.276,40.47,40.708,40.903,41.032,41.172,41.295,41.417,41.517,41.619,41.701,41.794,41.864,41.981,42.06,42.129,42.209,42.28,42.347,42.41,42.483,42.571,42.63,42.69,42.732,42.792,42.86,42.914,42.959,43.024,43.07,43.132,43.183,43.264,43.334,43.393,43.437,43.486,43.544,43.592,43.656,43.701,43.754,43.802,43.855,43.928,43.98,44.047,44.099,44.142,44.212,44.277,44.322,44.396,44.447,44.498,44.532,44.579,44.648,44.695,44.753,44.798,44.859,44.921,44.968,45.025,45.102,45.163,45.238,45.287,45.355,45.401,45.458,45.523,45.58,45.672,45.752,45.809,45.894,45.962,46.034,46.114,46.202,46.292,46.436,46.529,46.64,46.758,46.904,47.052,47.233,47.348,47.575,47.826,48.232,48.671,50.451
299,LNP FP,37.384,39.102,39.62,39.986,40.276,40.47,40.708,40.903,41.032,41.172,41.295,41.417,41.517,41.619,41.701,41.794,41.864,41.981,42.06,42.129,42.209,42.28,42.347,42.41,42.483,42.571,42.63,42.69,42.732,42.792,42.86,42.914,42.959,43.024,43.07,43.132,43.183,43.264,43.334,43.393,43.437,43.486,43.544,43.592,43.656,43.701,43.754,43.802,43.855,43.928,43.98,44.047,44.099,44.142,44.212,44.277,44.322,44.396,44.447,44.498,44.532,44.579,44.648,44.695,44.753,44.798,44.859,44.921,44.968,45.025,45.102,45.163,45.238,45.287,45.355,45.401,45.458,45.523,45.58,45.672,45.752,45.809,45.894,45.962,46.034,46.114,46.202,46.292,46.436,46.529,46.64,46.758,46.904,47.052,47.233,47.348,47.575,47.826,48.232,48.671,50.451
300,LNP FP,37.186,39.145,39.601,39.999,40.23,40.436,40.635,40.82,41.009,41.17,41.282,41.419,41.52,41.62,41.729,41.801,41.903,41.991,42.051,42.116,42.191,42.264,42.321,42.391,42.454,42.524,42.598,42.671,42.731,42.787,42.841,42.895,42.944,43.009,43.055,43.11,43.172,43.238,43.291,43.351,43.397,43.443,43.493,43.558,43.616,43.68,43.729,43.776,43.835,43.876,43.938,43.996,44.059,44.109,44.183,44.232,44.278,44.322,44.366,44.425,44.487,44.557,44.623,44.678,44.724,44.788,44.84,44.898,44.971,45.025,45.103,45.159,45.219,45.297,45.361,45.421,45.494,45.537,45.601,45.655,45.744,45.811,45.878,45.955,46.043,46.132,46.219,46.308,46.417,46.541,46.671,46.768,46.952,47.099,47.273,47.406,47.633,47.861,48.219,48.798,50.824
301,LNP FP,37.186,39.145,39.601,39.999,40.23,40.436,40.635,40.82,41.009,41.17,41.282,41.419,41.52,41.62,41.729,41.801,41.903,41.991,42.051,42.116,42.191,42.264,42.321,42.391,42.454,42.524,42.598,42.671,42.731,42.787,42.841,42.895,42.944,43.009,43.055,43.11,43.172,43.238,43.291,43.351,43.397,43.443,43.493,43.558,43.616,43.68,43.729,43.776,43.835,43.876,43.938,43.996,44.059,44.109,44.183,44.232,44.278,44.322,44.366,44.425,44.487,44.557,44.623,44.678,44.724,44.788,44.84,44.898,44.971,45.025,45.103,45.159,45.219,45.297,45.361,45.421,45.494,45.537,45.601,45.655,45.744,45.811,45.878,45.955,46.043,46.132,46.219,46.308,46.417,46.541,46.671,46.768,46.952,47.099,47.273,47.406,47.633,47.861,48.219,48.798,50.824
302,LNP FP,37.271,39.174,39.61,40.022,40.255,40.46,40.628,40.79,40.955,41.091,41.224,41.358,41.449,41.61,41.706,41.796,41.864,41.927,42.011,42.082,42.162,42.239,42.304,42.372,42.42,42.489,42.546,42.614,42.688,42.752,42.815,42.868,42.922,42.97,43.03,43.09,43.148,43.198,43.263,43.315,43.379,43.432,43.477,43.543,43.622,43.689,43.726,43.788,43.835,43.889,43.954,44.006,44.047,44.113,44.147,44.198,44.247,44.307,44.369,44.419,44.472,44.51,44.562,44.626,44.699,44.765,44.831,44.897,44.968,45.043,45.093,45.158,45.216,45.261,45.298,45.387,45.451,45.518,45.601,45.663,45.718,45.79,45.852,45.944,46.063,46.166,46.253,46.365,46.469,46.557,46.668,46.818,46.937,47.073,47.224,47.381,47.6,47.859,48.219,48.818,51.106
303,LNP FP,37.271,39.174,39.61,40.022,40.255,40.46,40.628,40.79,40.955,41.091,41.224,41.358,41.449,41.61,41.706,41.796,41.864,41.927,42.011,42.082,42.162,42.239,42.304,42.372,42.42,42.489,42.546,42.614,42.688,42.752,42.815,42.868,42.922,42.97,43.03,43.09,43.148,43.198,43.263,43.315,43.379,43.432,43.477,43.543,43.622,43.689,43.726,43.788,43.835,43.889,43.954,44.006,44.047,44.113,44.147,44.198,44.247,44.307,44.369,44.419,44.472,44.51,44.562,44.626,44.699,44.765,44.831,44.897,44.968,45.043,45.093,45.158,45.216,45.261,45.298,45.387,45.451,45.518,45.601,45.663,45.718,45.79,45.852,45.944,46.063,46.166,46.253,46.365,46.469,46.557,46.668,46.818,46.937,47.073,47.224,47.381,47.6,47.859,48.219,48.818,51.106
304,LNP FP,37.357,38.984,39.627,40.015,40.213,40.47,40.674,40.831,40.954,41.064,41.186,41.308,41.464,41.557,41.672,41.754,41.845,41.917,41.977,42.05,42.119,42.181,42.242,42.33,42.422,42.487,42.542,42.611,42.695,42.757,42.813,42.858,42.918,42.974,43.035,43.069,43.114,43.174,43.258,43.305,43.349,43.424,43.486,43.54,43.59,43.628,43.694,43.771,43.815,43.867,43.917,43.975,44.033,44.086,44.136,44.174,44.226,44.29,44.34,44.394,44.448,44.504,44.566,44.616,44.686,44.759,44.838,44.873,44.922,44.999,45.086,45.156,45.199,45.254,45.327,45.393,45.439,45.496,45.549,45.601,45.69,45.779,45.842,45.942,46.045,46.158,46.242,46.336,46.447,46.553,46.65,46.788,46.935,47.089,47.278,47.451,47.655,47.886,48.273,48.738,51.097
305,LNP FP,37.357,38.984,39.627,40.015,40.213,40.47,40.674,40.831,40.954,41.064,41.186,41.308,41.464,41.557,41.672,41.754,41.845,41.917,41.977,42.05,42.119,42.181,42.242,42.33,42.422,42.487,42.542,42.611,42.695,42.757,42.813,42.858,42.918,42.974,43.035,43.069,43.114,43.174,43.258,43.305,43.349,43.424,43.486,43.54,43.59,43.628,43.694,43.771,43.815,43.867,43.917,43.975,44.033,44.086,44.136,44.174,44.226,44.29,44.34,44.394,44.448,44.504,44.566,44.616,44.686,44.759,44.838,44.873,44.922,44.999,45.086,45.156,45.199,45.254,45.327,45.393,45.439,45.496,45.549,45.601,45.69,45.779,45.842,45.942,46.045,46.158,46.242,46.336,46.447,46.553,46.65,46.788,46.935,47.089,47.278,47.451,47.655,47.886,48.273,48.738,51.097
306,LNP FP,37.469,38.926,39.546,40.012,40.209,40.403,40.669,40.82,40.944,41.092,41.241,41.339,41.436,41.556,41.621,41.688,41.778,41.883,41.958,42.051,42.122,42.187,42.266,42.332,42.393,42.469,42.541,42.605,42.675,42.73,42.787,42.836,42.873,42.935,43.008,43.054,43.132,43.191,43.233,43.287,43.338,43.394,43.452,43.51,43.57,43.615,43.657,43.712,43.773,43.853,43.934,43.998,44.039,44.075,44.135,44.191,44.251,44.313,44.373,44.417,44.469,44.53,44.581,44.614,44.671,44.733,44.79,44.862,44.911,44.98,45.04,45.105,45.186,45.263,45.334,45.386,45.466,45.527,45.594,45.672,45.736,45.799,45.88,45.949,46.03,46.146,46.228,46.337,46.466,46.578,46.732,46.841,46.945,47.106,47.285,47.479,47.767,47.99,48.345,48.755,51.331
307,LNP FP,37.469,38.926,39.546,40.012,40.209,40.403,40.669,40.82,40.944,41.092,41.241,41.339,41.436,41.556,41.621,41.688,41.778,41.883,41.958,42.051,42.122,42.187,42.266,42.332,42.393,42.469,42.541,42.605,42.675,42.73,42.787,42.836,42.873,42.935,43.008,43.054,43.132,43.191,43.233,43.287,43.338,43.394,43.452,43.51,43.57,43.615,43.657,43.712,43.773,43.853,43.934,43.998,44.039,44.075,44.135,44.191,44.251,44.313,44.373,44.417,44.469,44.53,44.581,44.614,44.671,44.733,44.79,44.862,44.911,44.98,45.04,45.105,45.186,45.263,45.334,45.386,45.466,45.527,45.594,45.672,45.736,45.799,45.88,45.949,46.03,46.146,46.228,46.337,46.466,46.578,46.732,46.841,46.945,47.106,47.285,47.479,47.767,47.99,48.345,48.755,51.331
308,LNP FP,37.347,39.014,39.497,39.907,40.191,40.47,40.653,40.782,40.92,41.062,41.182,41.319,41.414,41.483,41.576,41.696,41.765,41.844,41.932,42.005,42.1,42.168,42.252,42.313,42.39,42.445,42.525,42.598,42.663,42.729,42.79,42.858,42.908,42.952,43.004,43.049,43.108,43.167,43.212,43.257,43.32,43.355,43.419,43.485,43.544,43.609,43.674,43.731,43.775,43.841,43.899,43.981,44.045,44.093,44.137,44.199,44.263,44.305,44.346,44.39,44.436,44.486,44.541,44.608,44.685,44.752,44.816,44.896,44.965,45.032,45.072,45.148,45.227,45.291,45.351,45.411,45.461,45.542,45.597,45.686,45.76,45.829,45.893,45.979,46.056,46.142,46.263,46.354,46.458,46.611,46.75,46.862,46.963,47.085,47.268,47.504,47.705,47.976,48.315,48.839,51.643
309,LNP FP,37.347,39.014,39.497,39.907,40.191,40.47,40.653,40.782,40.92,41.062,41.182,41.319,41.414,41.483,41.576,41.696,41.765,41.844,41.932,42.005,42.1,42.168,42.252,42.313,42.39,42.445,42.525,42.598,42.663,42.729,42.79,42.858,42.908,42.952,43.004,43.049,43.108,43.167,43.212,43.257,43.32,43.355,43.419,43.485,43.544,43.609,43.674,43.731,43.775,43.841,43.899,43.981,44.045,44.093,44.137,44.199,44.263,44.305,44.346,44.39,44.436,44.486,44.541,44.608,44.685,44.752,44.816,44.896,44.965,45.032,45.072,45.148,45.227,45.291,45.351,45.411,45.461,45.542,45.597,45.686,45.76,45.829,45.893,45.979,46.056,46.142,46.263,46.354,46.458,46.611,46.75,46.862,46.963,47.085,47.268,47.504,47.705,47.976,48.315,48.839,51.643
310,LNP FP,37.102,39.004,39.441,39.923,40.143,40.38,40.642,40.754,40.874,41.02,41.13,41.254,41.387,41.495,41.613,41.701,41.751,41.839,41.906,41.979,42.05,42.14,42.218,42.298,42.374,42.438,42.514,42.585,42.641,42.711,42.783,42.849,42.914,42.973,43.02,43.065,43.127,43.195,43.244,43.279,43.326,43.394,43.449,43.509,43.567,43.627,43.671,43.71,43.772,43.823,43.905,43.955,44.015,44.07,44.132,44.204,44.269,44.321,44.351,44.407,44.454,44.511,44.558,44.627,44.687,44.744,44.808,44.879,44.942,45.023,45.113,45.179,45.24,45.299,45.373,45.433,45.481,45.555,45.63,45.694,45.769,45.843,45.927,46.0,46.101,46.215,46.291,46.405,46.502,46.635,46.745,46.858,46.963,47.089,47.236,47.515,47.771,47.935,48.303,48.874,51.945
311,LNP FP,37.102,39.004,39.441,39.923,40.143,40.38,40.642,40.754,40.874,41.02,41.13,41.254,41.387,41.495,41.613,41.701,41.751,41.839,41.906,41.979,42.05,42.14,42.218,42.298,42.374,42.438,42.514,42.585,42.641,42.711,42.783,42.849,42.914,42.973,43.02,43.065,43.127,43.195,43.244,43.279,43.326,43.394,43.449,43.509,43.567,43.627,43.671,43.71,43.772,43.823,43.905,43.955,44.015,44.07,44.132,44.204,44.269,44.321,44.351,44.407,44.454,44.511,44.558,44.627,44.687,44.744,44.808,44.879,44.942,45.023,45.113,45.179,45.24,45.299,45.373,45.433,45.481,45.555,45.63,45.694,45.769,45.843,45.927,46.0,46.101,46.215,46.291,46.405,46.502,46.635,46.745,46.858,46.963,47.089,47.236,47.515,47.771,47.935,48.303,48.874,51.945
312,LNP FP,37.182,38.879,39.429,39.873,40.11,40.314,40.529,40.69,40.858,40.985,41.099,41.209,41.316,41.421,41.527,41.602,41.696,41.806,41.9,41.971,42.024,42.133,42.196,42.275,42.36,42.437,42.526,42.586,42.652,42.696,42.759,42.826,42.892,42.94,43.002,43.063,43.116,43.154,43.208,43.271,43.336,43.393,43.438,43.498,43.545,43.586,43.647,43.725,43.774,43.826,43.878,43.942,44.004,44.062,44.112,44.172,44.221,44.289,44.349,44.418,44.481,44.547,44.593,44.652,44.717,44.776,44.827,44.886,44.955,45.028,45.101,45.177,45.236,45.289,45.348,45.43,45.5,45.558,45.642,45.719,45.802,45.874,45.93,46.012,46.119,46.192,46.319,46.433,46.54,46.628,46.754,46.873,47.004,47.149,47.338,47.516,47.685,47.958,48.377,48.91,51.925
313,LNP FP,37.182,38.879,39.429,39.873,40.11,40.314,40.529,40.69,40.858,40.985,41.099,41.209,41.316,41.421,41.527,41.602,41.696,41.806,41.9,41.971,42.024,42.133,42.196,42.275,42.36,42.437,42.526,42.586,42.652,42.696,42.759,42.826,42.892,42.94,43.002,43.063,43.116,43.154,43.208,43.271,43.336,43.393,43.438,43.498,43.545,43.586,43.647,43.725,43.774,43.826,43.878,43.942,44.004,44.062,44.112,44.172,44.221,44.289,44.349,44.418,44.481,44.547,44.593,44.652,44.717,44.776,44.827,44.886,44.955,45.028,45.101,45.177,45.236,45.289,45.348,45.43,45.5,45.558,45.642,45.719,45.802,45.874,45.93,46.012,46.119,46.192,46.319,46.433,46.54,46.628,46.754,46.873,47.004,47.149,47.338,47.516,47.685,47.958,48.377,48.91,51.925
314,LNP FP,37.163,38.727,39.423,39.809,40.081,40.231,40.428,40.607,40.757,40.893,41.006,41.16,41.266,41.389,41.49,41.612,41.677,41.77,41.873,41.983,42.038,42.108,42.182,42.238,42.325,42.405,42.47,42.54,42.598,42.663,42.74,42.807,42.858,42.922,42.975,43.033,43.087,43.141,43.182,43.24,43.285,43.333,43.397,43.489,43.56,43.62,43.664,43.709,43.748,43.817,43.874,43.927,43.991,44.05,44.109,44.152,44.22,44.271,44.335,44.395,44.443,44.495,44.56,44.648,44.739,44.819,44.881,44.929,45.012,45.065,45.127,45.18,45.245,45.311,45.364,45.44,45.5,45.563,45.63,45.709,45.807,45.875,45.951,46.024,46.137,46.224,46.298,46.421,46.527,46.662,46.788,46.921,47.044,47.184,47.363,47.527,47.798,48.04,48.416,48.909,51.776
315,LNP FP,37.163,38.727,39.423,39.809,40.081,40.231,40.428,40.607,40.757,40.893,41.006,41.16,41.266,41.389,41.49,41.612,41.677,41.77,41.873,41.983,42.038,42.108,42.182,42.238,42.325,42.405,42.47,42.54,42.598,42.663,42.74,42.807,42.858,42.922,42.975,43.033,43.087,43.141,43.182,43.24,43.285,43.333,43.397,43.489,43.56,43.62,43.664,43.709,43.748,43.817,43.874,43.927,43.991,44.05,44.109,44.152,44.22,44.271,44.335,44.395,44.443,44.495,44.56,44.648,44.739,44.819,44.881,44.929,45.012,45.065,45.127,45.18,45.245,45.311,45.364,45.44,45.5,45.563,45.63,45.709,45.807,45.875,45.951,46.024,46.137,46.224,46.298,46.421,46.527,46.662,46.788,46.921,47.044,47.184,47.363,47.527,47.798,48.04,48.416,48.909,51.776
316,LNP FP,36.862,38.727,39.391,39.733,39.959,40.238,40.378,40.548,40.731,40.879,41.013,41.154,41.245,41.391,41.479,41.587,41.677,41.759,41.84,41.925,41.988,42.045,42.136,42.23,42.304,42.369,42.436,42.489,42.564,42.629,42.692,42.759,42.818,42.857,42.918,42.972,43.029,43.084,43.164,43.221,43.283,43.331,43.384,43.461,43.528,43.59,43.641,43.701,43.755,43.832,43.883,43.953,44.01,44.064,44.125,44.176,44.239,44.287,44.371,44.455,44.521,44.57,44.612,44.672,44.744,44.813,44.882,44.959,45.018,45.082,45.143,45.205,45.266,45.314,45.394,45.45,45.516,45.608,45.684,45.768,45.84,45.925,45.987,46.043,46.16,46.233,46.337,46.478,46.567,46.657,46.755,46.865,46.988,47.124,47.325,47.5,47.731,48.04,48.386,49.127,51.393
317,LNP FP,36.862,38.727,39.391,39.733,39.959,40.238,40.378,40.548,40.731,40.879,41.013,41.154,41.245,41.391,41.479,41.587,41.677,41.759,41.84,41.925,41.988,42.045,42.136,42.23,42.304,42.369,42.436,42.489,42.564,42.629,42.692,42.759,42.818,42.857,42.918,42.972,43.029,43.084,43.164,43.221,43.283,43.331,43.384,43.461,43.528,43.59,43.641,43.701,43.755,43.832,43.883,43.953,44.01,44.064,44.125,44.176,44.239,44.287,44.371,44.455,44.521,44.57,44.612,44.672,44.744,44.813,44.882,44.959,45.018,45.082,45.143,45.205,45.266,45.314,45.394,45.45,45.516,45.608,45.684,45.768,45.84,45.925,45.987,46.043,46.16,46.233,46.337,46.478,46.567,46.657,46.755,46.865,46.988,47.124,47.325,47.5,47.731,48.04,48.386,49.127,51.393
318,LNP FP,36.937,38.645,39.292,39.618,39.945,40.157,40.376,40.578,40.757,40.876,41.022,41.182,41.294,41.413,41.522,41.585,41.661,41.746,41.818,41.914,42.016,42.081,42.141,42.209,42.279,42.348,42.416,42.482,42.524,42.581,42.635,42.691,42.758,42.816,42.878,42.954,43.017,43.068,43.123,43.202,43.271,43.34,43.423,43.493,43.566,43.624,43.687,43.728,43.813,43.863,43.922,43.967,44.034,44.083,44.112,44.158,44.209,44.311,44.372,44.425,44.481,44.557,44.618,44.679,44.746,44.811,44.865,44.929,44.998,45.075,45.14,45.226,45.287,45.366,45.419,45.494,45.537,45.611,45.678,45.771,45.85,45.941,45.996,46.119,46.189,46.286,46.395,46.492,46.596,46.689,46.83,46.936,47.076,47.244,47.375,47.552,47.775,48.015,48.444,48.94,51.474
319,LNP FP,36.937,38.645,39.292,39.618,39.945,40.157,40.376,40.578,40.757,40.876,41.022,41.182,41.294,41.413,41.522,41.585,41.661,41.746,41.818,41.914,42.016,42.081,42.141,42.209,42.279,42.348,42.416,42.482,42.524,42.581,42.635,42.691,42.758,42.816,42.878,42.954,43.017,43.068,43.123,43.202,43.271,43.34,43.423,43.493,43.566,43.624,43.687,43.728,43.813,43.863,43.922,43.967,44.034,44.083,44.112,44.158,44.209,44.311,44.372,44.425,44.481,44.557,44.618,44.679,44.746,44.811,44.865,44.929,44.998,45.075,45.14,45.226,45.287,45.366,45.419,45.494,45.537,45.611,45.678,45.771,45.85,45.941,45.996,46.119,46.189,46.286,46.395,46.492,46.596,46.689,46.83,46.936,47.076,47.244,47.375,47.552,47.775,48.015,48.444,48.94,51.474
320,LNP FP,36.544,38.552,39.321,39.696,39.897,40.143,40.351,40.524,40.667,40.822,40.959,41.12,41.219,41.307,41.414,41.508,41.627,41.718,41.799,41.891,41.979,42.034,42.109,42.169,42.252,42.329,42.403,42.477,42.537,42.596,42.666,42.724,42.793,42.836,42.903,42.964,43.021,43.093,43.161,43.249,43.308,43.381,43.438,43.489,43.549,43.596,43.656,43.708,43.766,43.817,43.897,43.966,44.014,44.08,44.134,44.187,44.226,44.301,44.35,44.405,44.466,44.544,44.6,44.665,44.759,44.818,44.882,44.946,45.023,45.067,45.139,45.206,45.281,45.341,45.412,45.51,45.577,45.648,45.708,45.803,45.888,45.963,46.037,46.135,46.258,46.337,46.453,46.526,46.645,46.772,46.884,46.999,47.142,47.274,47.443,47.64,47.817,48.094,48.549,49.093,51.281
321,LNP FP,36.544,38.552,39.321,39.696,39.897,40.143,40.351,40.524,40.667,40.822,40.959,41.12,41.219,41.307,41.414,41.508,41.627,41.718,41.799,41.891,41.979,42.034,42.109,42.169,42.252,42.329,42.403,42.477,42.537,42.596,42.666,42.724,42.793,42.836,42.903,42.964,43.021,43.093,43.161,43.249,43.308,43.381,43.438,43.489,43.549,43.596,43.656,43.708,43.766,43.817,43.897,43.966,44.014,44.08,44.134,44.187,44.226,44.301,44.35,44.405,44.466,44.544,44.6,44.665,44.759,44.818,44.882,44.946,45.023,45.067,45.139,45.206,45.281,45.341,45.412,45.51,45.577,45.648,45.708,45.803,45.888,45.963,46.037,46.135,46.258,46.337,46.453,46.526,46.645,46.772,46.884,46.999,47.142,47.274,47.443,47.64,47.817,48.094,48.549,49.093,51.281
322,LNP FP,36.097,38.522,39.197,39.638,39.969,40.167,40.362,40.546,40.709,40.836,40.941,41.091,41.205,41.303,41.437,41.507,41.631,41.688,41.755,41.848,41.933,42.018,42.106,42.183,42.246,42.316,42.379,42.438,42.494,42.562,42.655,42.705,42.775,42.833,42.891,42.935,43.014,43.062,43.12,43.182,43.258,43.324,43.394,43.474,43.521,43.567,43.633,43.689,43.76,43.819,43.88,43.935,44.013,44.057,44.135,44.184,44.243,44.304,44.358,44.417,44.483,44.532,44.591,44.649,44.712,44.773,44.821,44.911,45.0,45.085,45.139,45.237,45.295,45.371,45.429,45.491,45.547,45.631,45.729,45.801,45.878,45.976,46.057,46.139,46.229,46.343,46.432,46.537,46.63,46.773,46.931,47.054,47.196,47.316,47.441,47.596,47.791,48.076,48.52,49.141,51.288
323,LNP FP,36.097,38.522,39.197,39.638,39.969,40.167,40.362,40.546,40.709,40.836,40.941,41.091,41.205,41.303,41.437,41.507,41.631,41.688,41.755,41.848,41.933,42.018,42.106,42.183,42.246,42.316,42.379,42.438,42.494,42.562,42.655,42.705,42.775,42.833,42.891,42.935,43.014,43.062,43.12,43.182,43.258,43.324,43.394,43.474,43.521,43.567,43.633,43.689,43.76,43.819,43.88,43.935,44.013,44.057,44.135,44.184,44.243,44.304,44.358,44.417,44.483,44.532,44.591,44.649,44.712,44.773,44.821,44.911,45.0,45.085,45.139,45.237,45.295,45.371,45.429,45.491,45.547,45.631,45.729,45.801,45.878,45.976,46.057,46.139,46.229,46.343,46.432,46.537,46.63,46.773,46.931,47.054,47.196,47.316,47.441,47.596,47.791,48.076,48.52,49.141,51.288
324,LNP FP,36.264,38.411,39.257,39.649,39.875,40.125,40.336,40.484,40.659,40.789,40.9,41.037,41.173,41.328,41.386,41.463,41.578,41.68,41.754,41.825,41.884,41.965,42.052,42.139,42.221,42.316,42.379,42.438,42.525,42.595,42.666,42.731,42.798,42.866,42.927,42.999,43.056,43.122,43.192,43.245,43.306,43.37,43.412,43.479,43.523,43.588,43.643,43.701,43.765,43.83,43.888,43.944,44.021,44.085,44.16,44.199,44.271,44.326,44.376,44.428,44.504,44.558,44.612,44.68,44.744,44.827,44.884,44.934,45.001,45.071,45.159,45.231,45.311,45.378,45.455,45.533,45.606,45.684,45.758,45.842,45.903,45.97,46.056,46.168,46.244,46.343,46.44,46.538,46.675,46.809,46.945,47.076,47.187,47.37,47.469,47.685,47.949,48.137,48.555,49.172,51.577
325,LNP FP,36.264,38.411,39.257,39.649,39.875,40.125,40.336,40.484,40.659,40.789,40.9,41.037,41.173,41.328,41.386,41.463,41.578,41.68,41.754,41.825,41.884,41.965,42.052,42.139,42.221,42.316,42.379,42.438,42.525,42.595,42.666,42.731,42.798,42.866,42.927,42.999,43.056,43.122,43.192,43.245,43.306,43.37,43.412,43.479,43.523,43.588,43.643,43.701,43.765,43.83,43.888,43.944,44.021,44.085,44.16,44.199,44.271,44.326,44.376,44.428,44.504,44.558,44.612,44.68,44.744,44.827,44.884,44.934,45.001,45.071,45.159,45.231,45.311,45.378,45.455,45.533,45.606,45.684,45.758,45.842,45.903,45.97,46.056,46.168,46.244,46.343,46.44,46.538,46.675,46.809,46.945,47.076,47.187,47.37,47.469,47.685,47.949,48.137,48.555,49.172,51.577
326,LNP FP,36.064,38.446,39.202,39.547,39.873,40.119,40.351,40.483,40.622,40.745,40.882,40.981,41.106,41.207,41.342,41.454,41.543,41.627,41.752,41.839,41.911,41.986,42.063,42.158,42.217,42.289,42.363,42.415,42.475,42.553,42.614,42.696,42.739,42.815,42.887,42.948,43.008,43.071,43.133,43.19,43.251,43.304,43.368,43.43,43.503,43.573,43.624,43.702,43.761,43.831,43.87,43.953,44.017,44.08,44.131,44.205,44.258,44.318,44.388,44.436,44.501,44.554,44.641,44.697,44.754,44.81,44.874,44.933,44.995,45.054,45.14,45.242,45.309,45.41,45.49,45.569,45.627,45.683,45.747,45.842,45.914,46.012,46.094,46.188,46.302,46.384,46.487,46.554,46.661,46.759,46.929,47.073,47.204,47.389,47.511,47.718,47.933,48.254,48.6,49.274,51.827
327,LNP FP,36.064,38.446,39.202,39.547,39.873,40.119,40.351,40.483,40.622,40.745,40.882,40.981,41.106,41.207,41.342,41.454,41.543,41.627,41.752,41.839,41.911,41.986,42.063,42.158,42.217,42.289,42.363,42.415,42.475,42.553,42.614,42.696,42.739,42.815,42.887,42.948,43.008,43.071,43.133,43.19,43.251,43.304,43.368,43.43,43.503,43.573,43.624,43.702,43.761,43.831,43.87,43.953,44.017,44.08,44.131,44.205,44.258,44.318,44.388,44.436,44.501,44.554,44.641,44.697,44.754,44.81,44.874,44.933,44.995,45.054,45.14,45.242,45.309,45.41,45.49,45.569,45.627,45.683,45.747,45.842,45.914,46.012,46.094,46.188,46.302,46.384,46.487,46.554,46.661,46.759,46.929,47.073,47.204,47.389,47.511,47.718,47.933,48.254,48.6,49.274,51.827
328,LNP FP,36.062,38.356,39.138,39.526,39.801,40.078,40.311,40.468,40.625,40.772,40.897,41.016,41.135,41.233,41.34,41.424,41.506,41.607,41.698,41.823,41.889,41.961,42.08,42.152,42.257,42.305,42.374,42.437,42.5,42.565,42.629,42.691,42.763,42.812,42.86,42.936,42.992,43.065,43.114,43.165,43.232,43.29,43.368,43.417,43.494,43.538,43.627,43.676,43.73,43.79,43.872,43.939,44.013,44.061,44.148,44.205,44.28,44.333,44.389,44.441,44.524,44.583,44.656,44.707,44.787,44.835,44.9,44.956,45.014,45.093,45.15,45.214,45.286,45.348,45.433,45.538,45.623,45.709,45.773,45.88,45.958,46.036,46.118,46.234,46.296,46.398,46.519,46.622,46.75,46.878,46.967,47.095,47.212,47.382,47.535,47.717,47.955,48.248,48.688,49.333,51.922
329,LNP FP,36.062,38.356,39.138,39.526,39.801,40.078,40.311,40.468,40.625,40.772,40.897,41.016,41.135,41.233,41.34,41.424,41.506,41.607,41.698,41.823,41.889,41.961,42.08,42.152,42.257,42.305,42.374,42.437,42.5,42.565,42.629,42.691,42.763,42.812,42.86,42.936,42.992,43.065,43.114,43.165,43.232,43.29,43.368,43.417,43.494,43.538,43.627,43.676,43.73,43.79,43.872,43.939,44.013,44.061,44.148,44.205,44.28,44.333,44.389,44.441,44.524,44.583,44.656,44.707,44.787,44.835,44.9,44.956,45.014,45.093,45.15,45.214,45.286,45.348,45.433,45.538,45.623,45.709,45.773,45.88,45.958,46.036,46.118,46.234,46.296,46.398,46.519,46.622,46.75,46.878,46.967,47.095,47.212,47.382,47.535,47.717,47.955,48.248,48.688,49.333,51.922
330,LNP FP,35.794,38.284,39.106,39.5,39.853,40.115,40.28,40.395,40.539,40.703,40.862,40.999,41.095,41.2,41.316,41.405,41.525,41.595,41.684,41.795,41.869,41.945,42.023,42.116,42.203,42.281,42.336,42.416,42.492,42.567,42.631,42.692,42.74,42.794,42.861,42.939,43.015,43.056,43.111,43.164,43.227,43.281,43.338,43.396,43.465,43.526,43.59,43.64,43.711,43.782,43.831,43.908,43.977,44.034,44.11,44.194,44.255,44.323,44.367,44.449,44.526,44.587,44.645,44.706,44.777,44.852,44.919,44.986,45.054,45.107,45.173,45.246,45.315,45.373,45.453,45.524,45.619,45.689,45.781,45.9,45.959,46.049,46.162,46.291,46.378,46.456,46.59,46.688,46.808,46.907,47.008,47.122,47.273,47.403,47.552,47.7,47.936,48.294,48.725,49.494,52.086
331,LNP FP,35.794,38.284,39.106,39.5,39.853,40.115,40.28,40.395,40.539,40.703,40.862,40.999,41.095,41.2,41.316,41.405,41.525,41.595,41.684,41.795,41.869,41.945,42.023,42.116,42.203,42.281,42.336,42.416,42.492,42.567,42.631,42.692,42.74,42.794,42.861,42.939,43.015,43.056,43.111,43.164,43.227,43.281,43.338,43.396,43.465,43.526,43.59,43.64,43.711,43.782,43.831,43.908,43.977,44.034,44.11,44.194,44.255,44.323,44.367,44.449,44.526,44.587,44.645,44.706,44.777,44.852,44.919,44.986,45.054,45.107,45.173,45.246,45.315,45.373,45.453,45.524,45.619,45.689,45.781,45.9,45.959,46.049,46.162,46.291,46.378,46.456,46.59,46.688,46.808,46.907,47.008,47.122,47.273,47.403,47.552,47.7,47.936,48.294,48.725,49.494,52.086
332,LNP FP,35.853,38.386,39.012,39.45,39.767,40.06,40.237,40.407,40.566,40.71,40.837,40.974,41.094,41.18,41.281,41.395,41.482,41.558,41.655,41.743,41.834,41.939,42.008,42.1,42.177,42.248,42.335,42.407,42.46,42.542,42.626,42.7,42.761,42.831,42.892,42.947,43.011,43.06,43.105,43.162,43.24,43.277,43.336,43.398,43.441,43.518,43.578,43.654,43.711,43.766,43.842,43.915,44.0,44.058,44.101,44.182,44.222,44.292,44.361,44.431,44.491,44.554,44.63,44.684,44.754,44.828,44.879,44.933,45.001,45.087,45.169,45.258,45.335,45.411,45.473,45.55,45.624,45.698,45.776,45.873,45.961,46.077,46.168,46.269,46.388,46.48,46.574,46.704,46.813,46.917,47.048,47.164,47.321,47.469,47.585,47.785,48.038,48.316,48.791,49.49,52.02
333,LNP FP,35.853,38.386,39.012,39.45,39.767,40.06,40.237,40.407,40.566,40.71,40.837,40.974,41.094,41.18,41.281,41.395,41.482,41.558,41.655,41.743,41.834,41.939,42.008,42.1,42.177,42.248,42.335,42.407,42.46,42.542,42.626,42.7,42.761,42.831,42.892,42.947,43.011,43.06,43.105,43.162,43.24,43.277,43.336,43.398,43.441,43.518,43.578,43.654,43.711,43.766,43.842,43.915,44.0,44.058,44.101,44.182,44.222,44.292,44.361,44.431,44.491,44.554,44.63,44.684,44.754,44.828,44.879,44.933,45.001,45.087,45.169,45.258,45.335,45.411,45.473,45.55,45.624,45.698,45.776,45.873,45.961,46.077,46.168,46.269,46.388,46.48,46.574,46.704,46.813,46.917,47.048,47.164,47.321,47.469,47.585,47.785,48.038,48.316,48.791,49.49,52.02
334,LNP FP,35.721,38.176,38.951,39.351,39.683,39.956,40.127,40.295,40.459,40.609,40.753,40.887,41.039,41.13,41.226,41.338,41.436,41.529,41.63,41.725,41.834,41.916,42.001,42.074,42.166,42.236,42.293,42.364,42.418,42.509,42.567,42.627,42.701,42.778,42.869,42.943,43.024,43.072,43.135,43.196,43.266,43.318,43.403,43.458,43.534,43.611,43.659,43.708,43.77,43.823,43.879,43.932,43.985,44.042,44.118,44.167,44.222,44.29,44.36,44.424,44.502,44.581,44.634,44.7,44.757,44.823,44.912,44.976,45.058,45.125,45.188,45.246,45.323,45.392,45.45,45.515,45.577,45.687,45.775,45.856,45.973,46.074,46.161,46.268,46.356,46.474,46.575,46.657,46.823,46.949,47.085,47.215,47.354,47.477,47.655,47.879,48.122,48.431,48.917,49.503,52.25
335,LNP FP,35.721,38.176,38.951,39.351,39.683,39.956,40.127,40.295,40.459,40.609,40.753,40.887,41.039,41.13,41.226,41.338,41.436,41.529,41.63,41.725,41.834,41.916,42.001,42.074,42.166,42.236,42.293,42.364,42.418,42.509,42.567,42.627,42.701,42.778,42.869,42.943,43.024,43.072,43.135,43.196,43.266,43.318,43.403,43.458,43.534,43.611,43.659,43.708,43.77,43.823,43.879,43.932,43.985,44.042,44.118,44.167,44.222,44.29,44.36,44.424,44.502,44.581,44.634,44.7,44.757,44.823,44.912,44.976,45.058,45.125,45.188,45.246,45.323,45.392,45.45,45.515,45.577,45.687,45.775,45.856,45.973,46.074,46.161,46.268,46.356,46.474,46.575,46.657,46.823,46.949,47.085,47.215,47.354,47.477,47.655,47.879,48.122,48.431,48.917,49.503,52.25
336,LNP FP,35.683,38.184,38.816,39.345,39.622,39.965,40.196,40.308,40.432,40.583,40.746,40.843,40.967,41.097,41.202,41.307,41.446,41.532,41.623,41.725,41.812,41.907,41.998,42.066,42.134,42.226,42.284,42.349,42.421,42.499,42.568,42.632,42.704,42.783,42.882,42.95,43.011,43.075,43.157,43.201,43.243,43.314,43.363,43.423,43.482,43.539,43.594,43.672,43.721,43.781,43.856,43.911,43.979,44.037,44.11,44.162,44.216,44.296,44.361,44.453,44.532,44.6,44.699,44.775,44.819,44.876,44.934,44.986,45.044,45.109,45.187,45.267,45.345,45.418,45.487,45.561,45.638,45.727,45.797,45.875,45.963,46.039,46.136,46.273,46.361,46.459,46.612,46.701,46.827,46.906,47.029,47.193,47.355,47.514,47.629,47.904,48.161,48.476,48.884,49.506,51.811
337,LNP FP,35.683,38.184,38.816,39.345,39.622,39.965,40.196,40.308,40.432,40.583,40.746,40.843,40.967,41.097,41.202,41.307,41.446,41.532,41.623,41.725,41.812,41.907,41.998,42.066,42.134,42.226,42.284,42.349,42.421,42.499,42.568,42.632,42.704,42.783,42.882,42.95,43.011,43.075,43.157,43.201,43.243,43.314,43.363,43.423,43.482,43.539,43.594,43.672,43.721,43.781,43.856,43.911,43.979,44.037,44.11,44.162,44.216,44.296,44.361,44.453,44.532,44.6,44.699,44.775,44.819,44.876,44.934,44.986,45.044,45.109,45.187,45.267,45.345,45.418,45.487,45.561,45.638,45.727,45.797,45.875,45.963,46.039,46.136,46.273,46.361,46.459,46.612,46.701,46.827,46.906,47.029,47.193,47.355,47.514,47.629,47.904,48.161,48.476,48.884,49.506,51.811
338,LNP FP,35.605,38.133,38.912,39.274,39.672,39.899,40.09,40.27,40.402,40.526,40.659,40.779,40.929,41.042,41.173,41.267,41.383,41.502,41.614,41.672,41.75,41.867,41.944,42.054,42.116,42.215,42.301,42.37,42.446,42.515,42.577,42.665,42.721,42.783,42.853,42.946,43.0,43.061,43.139,43.192,43.251,43.327,43.395,43.45,43.508,43.577,43.635,43.692,43.751,43.82,43.886,43.932,44.017,44.087,44.135,44.181,44.262,44.324,44.379,44.424,44.509,44.578,44.649,44.703,44.795,44.858,44.926,44.997,45.062,45.131,45.208,45.291,45.386,45.455,45.526,45.61,45.672,45.755,45.836,45.903,45.997,46.083,46.158,46.279,46.362,46.465,46.603,46.745,46.877,47.003,47.118,47.245,47.402,47.572,47.732,47.909,48.156,48.458,48.931,49.484,51.755
339,LNP FP,35.605,38.133,38.912,39.274,39.672,39.899,40.09,40.27,40.402,40.526,40.659,40.779,40.929,41.042,41.173,41.267,41.383,41.502,41.614,41.672,41.75,41.867,41.944,42.054,42.116,42.215,42.301,42.37,42.446,42.515,42.577,42.665,42.721,42.783,42.853,42.946,43.0,43.061,43.139,43.192,43.251,43.327,43.395,43.45,43.508,43.577,43.635,43.692,43.751,43.82,43.886,43.932,44.017,44.087,44.135,44.181,44.262,44.324,44.379,44.424,44.509,44.578,44.649,44.703,44.795,44.858,44.926,44.997,45.062,45.131,45.208,45.291,45.386,45.455,45.526,45.61,45.672,45.755,45.836,45.903,45.997,46.083,46.158,46.279,46.362,46.465,46.603,46.745,46.877,47.003,47.118,47.245,47.402,47.572,47.732,47.909,48.156,48.458,48.931,49.484,51.755
340,LNP FP,35.528,38.221,38.77,39.254,39.625,39.88,40.094,40.232,40.374,40.54,40.666,40.791,40.876,41.014,41.12,41.243,41.352,41.468,41.611,41.692,41.805,41.888,41.969,42.04,42.14,42.216,42.317,42.373,42.441,42.512,42.565,42.633,42.689,42.756,42.822,42.888,42.961,43.031,43.11,43.17,43.241,43.302,43.359,43.434,43.495,43.541,43.634,43.684,43.745,43.813,43.881,43.923,43.999,44.079,44.151,44.209,44.267,44.332,44.399,44.447,44.501,44.571,44.637,44.708,44.78,44.842,44.903,44.984,45.058,45.121,45.209,45.293,45.37,45.44,45.537,45.617,45.699,45.773,45.856,45.93,46.036,46.104,46.177,46.27,46.372,46.473,46.612,46.74,46.921,47.034,47.14,47.295,47.439,47.627,47.784,47.933,48.126,48.459,48.877,49.609,52.11
341,LNP FP,35.528,38.221,38.77,39.254,39.625,39.88,40.094,40.232,40.374,40.54,40.666,40.791,40.876,41.014,41.12,41.243,41.352,41.468,41.611,41.692,41.805,41.888,41.969,42.04,42.14,42.216,42.317,42.373,42.441,42.512,42.565,42.633,42.689,42.756,42.822,42.888,42.961,43.031,43.11,43.17,43.241,43.302,43.359,43.434,43.495,43.541,43.634,43.684,43.745,43.813,43.881,43.923,43.999,44.079,44.151,44.209,44.267,44.332,44.399,44.447,44.501,44.571,44.637,44.708,44.78,44.842,44.903,44.984,45.058,45.121,45.209,45.293,45.37,45.44,45.537,45.617,45.699,45.773,45.856,45.93,46.036,46.104,46.177,46.27,46.372,46.473,46.612,46.74,46.921,47.034,47.14,47.295,47.439,47.627,47.784,47.933,48.126,48.459,48.877,49.609,52.11
342,LNP FP,35.462,38.125,38.769,39.191,39.508,39.769,39.968,40.155,40.338,40.525,40.622,40.706,40.808,40.929,41.103,41.227,41.381,41.456,41.556,41.645,41.765,41.87,41.941,42.031,42.096,42.19,42.279,42.356,42.416,42.493,42.54,42.628,42.683,42.782,42.838,42.91,42.978,43.043,43.091,43.141,43.186,43.255,43.341,43.412,43.522,43.58,43.619,43.701,43.779,43.838,43.922,43.977,44.035,44.075,44.131,44.211,44.279,44.347,44.415,44.484,44.563,44.633,44.713,44.761,44.835,44.896,44.965,45.046,45.112,45.177,45.246,45.33,45.409,45.475,45.578,45.677,45.73,45.804,45.881,45.97,46.057,46.154,46.23,46.329,46.431,46.517,46.623,46.739,46.9,47.031,47.181,47.316,47.47,47.642,47.835,48.023,48.193,48.571,48.966,49.645,52.409
343,LNP FP,35.462,38.125,38.769,39.191,39.508,39.769,39.968,40.155,40.338,40.525,40.622,40.706,40.808,40.929,41.103,41.227,41.381,41.456,41.556,41.645,41.765,41.87,41.941,42.031,42.096,42.19,42.279,42.356,42.416,42.493,42.54,42.628,42.683,42.782,42.838,42.91,42.978,43.043,43.091,43.141,43.186,43.255,43.341,43.412,43.522,43.58,43.619,43.701,43.779,43.838,43.922,43.977,44.035,44.075,44.131,44.211,44.279,44.347,44.415,44.484,44.563,44.633,44.713,44.761,44.835,44.896,44.965,45.046,45.112,45.177,45.246,45.33,45.409,45.475,45.578,45.677,45.73,45.804,45.881,45.97,46.057,46.154,46.23,46.329,46.431,46.517,46.623,46.739,46.9,47.031,47.181,47.316,47.47,47.642,47.835,48.023,48.193,48.571,48.966,49.645,52.409
344,LNP FP,35.143,38.185,38.701,39.117,39.427,39.711,39.924,40.095,40.276,40.464,40.629,40.75,40.862,40.974,41.089,41.201,41.31,41.424,41.532,41.637,41.725,41.855,41.939,42.026,42.093,42.161,42.264,42.348,42.405,42.469,42.558,42.636,42.722,42.79,42.847,42.911,42.977,43.036,43.094,43.16,43.217,43.272,43.344,43.449,43.513,43.581,43.637,43.693,43.752,43.809,43.859,43.921,43.985,44.063,44.121,44.2,44.281,44.353,44.428,44.496,44.558,44.61,44.677,44.766,44.839,44.893,44.953,44.998,45.083,45.157,45.24,45.326,45.43,45.522,45.59,45.653,45.754,45.845,45.919,46.001,46.116,46.204,46.274,46.385,46.495,46.585,46.683,46.808,46.919,47.008,47.166,47.354,47.522,47.64,47.858,48.053,48.307,48.651,49.124,49.713,52.24
345,LNP FP,35.143,38.185,38.701,39.117,39.427,39.711,39.924,40.095,40.276,40.464,40.629,40.75,40.862,40.974,41.089,41.201,41.31,41.424,41.532,41.637,41.725,41.855,41.939,42.026,42.093,42.161,42.264,42.348,42.405,42.469,42.558,42.636,42.722,42.79,42.847,42.911,42.977,43.036,43.094,43.16,43.217,43.272,43.344,43.449,43.513,43.581,43.637,43.693,43.752,43.809,43.859,43.921,43.985,44.063,44.121,44.2,44.281,44.353,44.428,44.496,44.558,44.61,44.677,44.766,44.839,44.893,44.953,44.998,45.083,45.157,45.24,45.326,45.43,45.522,45.59,45.653,45.754,45.845,45.919,46.001,46.116,46.204,46.274,46.385,46.495,46.585,46.683,46.808,46.919,47.008,47.166,47.354,47.522,47.64,47.858,48.053,48.307,48.651,49.124,49.713,52.24
346,LNP FP,34.915,37.934,38.636,39.155,39.426,39.666,39.913,40.15,40.284,40.458,40.626,40.767,40.907,41.01,41.092,41.213,41.311,41.426,41.508,41.609,41.719,41.815,41.905,41.994,42.097,42.161,42.228,42.321,42.424,42.488,42.572,42.647,42.702,42.766,42.831,42.892,42.958,43.035,43.102,43.155,43.222,43.292,43.353,43.417,43.482,43.548,43.614,43.686,43.729,43.82,43.881,43.942,44.022,44.072,44.137,44.209,44.283,44.359,44.444,44.509,44.562,44.622,44.686,44.761,44.833,44.89,44.957,45.015,45.083,45.156,45.241,45.331,45.419,45.53,45.6,45.693,45.762,45.845,45.925,45.995,46.071,46.172,46.281,46.357,46.49,46.594,46.719,46.831,46.958,47.082,47.236,47.407,47.534,47.708,47.863,48.05,48.288,48.688,49.194,49.84,52.122
347,LNP FP,34.915,37.934,38.636,39.155,39.426,39.666,39.913,40.15,40.284,40.458,40.626,40.767,40.907,41.01,41.092,41.213,41.311,41.426,41.508,41.609,41.719,41.815,41.905,41.994,42.097,42.161,42.228,42.321,42.424,42.488,42.572,42.647,42.702,42.766,42.831,42.892,42.958,43.035,43.102,43.155,43.222,43.292,43.353,43.417,43.482,43.548,43.614,43.686,43.729,43.82,43.881,43.942,44.022,44.072,44.137,44.209,44.283,44.359,44.444,44.509,44.562,44.622,44.686,44.761,44.833,44.89,44.957,45.015,45.083,45.156,45.241,45.331,45.419,45.53,45.6,45.693,45.762,45.845,45.925,45.995,46.071,46.172,46.281,46.357,46.49,46.594,46.719,46.831,46.958,47.082,47.236,47.407,47.534,47.708,47.863,48.05,48.288,48.688,49.194,49.84,52.122
348,LNP FP,34.808,37.784,38.624,39.054,39.331,39.655,39.929,40.087,40.256,40.432,40.592,40.728,40.851,40.964,41.07,41.172,41.304,41.418,41.518,41.616,41.73,41.821,41.882,41.967,42.064,42.116,42.241,42.31,42.385,42.463,42.551,42.621,42.682,42.724,42.8,42.855,42.92,42.993,43.067,43.135,43.196,43.258,43.336,43.396,43.464,43.538,43.602,43.662,43.723,43.799,43.88,43.93,44.0,44.045,44.101,44.169,44.259,44.334,44.395,44.483,44.554,44.618,44.689,44.77,44.835,44.916,44.987,45.037,45.088,45.184,45.254,45.347,45.412,45.491,45.592,45.663,45.748,45.812,45.924,46.015,46.109,46.214,46.301,46.418,46.508,46.61,46.719,46.861,46.978,47.094,47.222,47.404,47.53,47.734,47.948,48.207,48.478,48.774,49.291,49.934,51.635
349,LNP FP,34.808,37.784,38.624,39.054,39.331,39.655,39.929,40.087,40.256,40.432,40.592,40.728,40.851,40.964,41.07,41.172,41.304,41.418,41.518,41.616,41.73,41.821,41.882,41.967,42.064,42.116,42.241,42.31,42.385,42.463,42.551,42.621,42.682,42.724,42.8,42.855,42.92,42.993,43.067,43.135,43.196,43.258,43.336,43.396,43.464,43.538,43.602,43.662,43.723,43.799,43.88,43.93,44.0,44.045,44.101,44.169,44.259,44.334,44.395,44.483,44.554,44.618,44.689,44.77,44.835,44.916,44.987,45.037,45.088,45.184,45.254,45.347,45.412,45.491,45.592,45.663,45.748,45.812,45.924,46.015,46.109,46.214,46.301,46.418,46.508,46.61,46.719,46.861,46.978,47.094,47.222,47.404,47.53,47.734,47.948,48.207,48.478,48.774,49.291,49.934,51.635
350,LNP FP,34.952,37.75,38.547,38.971,39.338,39.665,39.857,40.051,40.184,40.344,40.54,40.695,40.854,40.978,41.104,41.197,41.302,41.405,41.506,41.614,41.724,41.817,41.903,41.994,42.077,42.167,42.233,42.301,42.379,42.476,42.532,42.591,42.671,42.731,42.803,42.879,42.935,42.995,43.06,43.144,43.202,43.27,43.317,43.384,43.472,43.556,43.632,43.703,43.765,43.847,43.909,43.957,44.018,44.097,44.162,44.231,44.283,44.361,44.424,44.504,44.56,44.63,44.683,44.771,44.837,44.903,44.98,45.056,45.138,45.187,45.274,45.339,45.439,45.522,45.612,45.697,45.789,45.873,45.983,46.062,46.129,46.218,46.298,46.401,46.512,46.629,46.764,46.885,46.993,47.094,47.199,47.367,47.581,47.748,47.998,48.219,48.467,48.862,49.346,50.028,51.764
351,LNP FP,34.952,37.75,38.547,38.971,39.338,39.665,39.857,40.051,40.184,40.344,40.54,40.695,40.854,40.978,41.104,41.197,41.302,41.405,41.506,41.614,41.724,41.817,41.903,41.994,42.077,42.167,42.233,42.301,42.379,42.476,42.532,42.591,42.671,42.731,42.803,42.879,42.935,42.995,43.06,43.144,43.202,43.27,43.317,43.384,43.472,43.556,43.632,43.703,43.765,43.847,43.909,43.957,44.018,44.097,44.162,44.231,44.283,44.361,44.424,44.504,44.56,44.63,44.683,44.771,44.837,44.903,44.98,45.056,45.138,45.187,45.274,45.339,45.439,45.522,45.612,45.697,45.789,45.873,45.983,46.062,46.129,46.218,46.298,46.401,46.512,46.629,46.764,46.885,46.993,47.094,47.199,47.367,47.581,47.748,47.998,48.219,48.467,48.862,49.346,50.028,51.764
352,LNP FP,34.954,37.798,38.475,38.943,39.336,39.567,39.819,40.017,40.216,40.366,40.496,40.645,40.796,40.949,41.077,41.164,41.272,41.374,41.526,41.615,41.705,41.795,41.892,41.944,42.036,42.158,42.241,42.32,42.383,42.451,42.52,42.584,42.651,42.713,42.777,42.848,42.945,43.009,43.065,43.149,43.216,43.283,43.366,43.437,43.497,43.56,43.619,43.686,43.729,43.776,43.854,43.938,44.011,44.093,44.181,44.235,44.298,44.363,44.45,44.513,44.602,44.645,44.716,44.778,44.857,44.914,44.971,45.067,45.139,45.2,45.265,45.332,45.437,45.528,45.608,45.695,45.791,45.869,45.96,46.031,46.145,46.241,46.351,46.486,46.583,46.68,46.791,46.91,47.039,47.11,47.251,47.399,47.513,47.709,47.958,48.279,48.597,48.915,49.212,50.124,52.093
353,LNP FP,34.954,37.798,38.475,38.943,39.336,39.567,39.819,40.017,40.216,40.366,40.496,40.645,40.796,40.949,41.077,41.164,41.272,41.374,41.526,41.615,41.705,41.795,41.892,41.944,42.036,42.158,42.241,42.32,42.383,42.451,42.52,42.584,42.651,42.713,42.777,42.848,42.945,43.009,43.065,43.149,43.216,43.283,43.366,43.437,43.497,43.56,43.619,43.686,43.729,43.776,43.854,43.938,44.011,44.093,44.181,44.235,44.298,44.363,44.45,44.513,44.602,44.645,44.716,44.778,44.857,44.914,44.971,45.067,45.139,45.2,45.265,45.332,45.437,45.528,45.608,45.695,45.791,45.869,45.96,46.031,46.145,46.241,46.351,46.486,46.583,46.68,46.791,46.91,47.039,47.11,47.251,47.399,47.513,47.709,47.958,48.279,48.597,48.915,49.212,50.124,52.093
354,LNP FP,35.14,37.638,38.473,38.971,39.233,39.502,39.838,40.029,40.166,40.294,40.497,40.631,40.788,40.922,41.025,41.139,41.252,41.35,41.445,41.556,41.682,41.762,41.865,41.971,42.041,42.131,42.237,42.297,42.38,42.47,42.548,42.6,42.667,42.724,42.795,42.862,42.918,43.0,43.062,43.125,43.18,43.247,43.302,43.384,43.436,43.513,43.58,43.666,43.77,43.829,43.912,43.971,44.045,44.1,44.169,44.26,44.336,44.379,44.435,44.491,44.556,44.618,44.707,44.776,44.853,44.91,44.958,45.017,45.093,45.17,45.254,45.348,45.458,45.508,45.623,45.721,45.8,45.886,45.952,46.033,46.149,46.264,46.362,46.46,46.565,46.643,46.754,46.88,47.017,47.085,47.255,47.402,47.588,47.782,47.981,48.289,48.593,48.886,49.297,50.095,52.249
355,LNP FP,35.14,37.638,38.473,38.971,39.233,39.502,39.838,40.029,40.166,40.294,40.497,40.631,40.788,40.922,41.025,41.139,41.252,41.35,41.445,41.556,41.682,41.762,41.865,41.971,42.041,42.131,42.237,42.297,42.38,42.47,42.548,42.6,42.667,42.724,42.795,42.862,42.918,43.0,43.062,43.125,43.18,43.247,43.302,43.384,43.436,43.513,43.58,43.666,43.77,43.829,43.912,43.971,44.045,44.1,44.169,44.26,44.336,44.379,44.435,44.491,44.556,44.618,44.707,44.776,44.853,44.91,44.958,45.017,45.093,45.17,45.254,45.348,45.458,45.508,45.623,45.721,45.8,45.886,45.952,46.033,46.149,46.264,46.362,46.46,46.565,46.643,46.754,46.88,47.017,47.085,47.255,47.402,47.588,47.782,47.981,48.289,48.593,48.886,49.297,50.095,52.249
356,LNP FP,34.827,37.709,38.309,38.861,39.258,39.498,39.773,39.985,40.155,40.326,40.477,40.62,40.786,40.887,40.973,41.081,41.202,41.308,41.417,41.554,41.651,41.751,41.881,41.954,42.027,42.135,42.242,42.309,42.373,42.461,42.526,42.59,42.654,42.736,42.789,42.84,42.905,42.968,43.038,43.112,43.184,43.251,43.31,43.379,43.478,43.527,43.58,43.655,43.729,43.796,43.853,43.931,44.018,44.109,44.175,44.236,44.316,44.395,44.47,44.522,44.591,44.646,44.724,44.803,44.867,44.926,44.988,45.057,45.12,45.221,45.301,45.367,45.454,45.545,45.621,45.724,45.814,45.893,46.0,46.096,46.183,46.258,46.368,46.45,46.551,46.644,46.745,46.832,46.984,47.127,47.282,47.423,47.588,47.763,48.045,48.361,48.61,48.838,49.424,50.226,52.424
357,LNP FP,34.827,37.709,38.309,38.861,39.258,39.498,39.773,39.985,40.155,40.326,40.477,40.62,40.786,40.887,40.973,41.081,41.202,41.308,41.417,41.554,41.651,41.751,41.881,41.954,42.027,42.135,42.242,42.309,42.373,42.461,42.526,42.59,42.654,42.736,42.789,42.84,42.905,42.968,43.038,43.112,43.184,43.251,43.31,43.379,43.478,43.527,43.58,43.655,43.729,43.796,43.853,43.931,44.018,44.109,44.175,44.236,44.316,44.395,44.47,44.522,44.591,44.646,44.724,44.803,44.867,44.926,44.988,45.057,45.12,45.221,45.301,45.367,45.454,45.545,45.621,45.724,45.814,45.893,46.0,46.096,46.183,46.258,46.368,46.45,46.551,46.644,46.745,46.832,46.984,47.127,47.282,47.423,47.588,47.763,48.045,48.361,48.61,48.838,49.424,50.226,52.424
358,LNP FP,34.265,37.628,38.381,38.818,39.184,39.452,39.64,39.902,40.121,40.322,40.429,40.54,40.676,40.82,40.932,41.055,41.184,41.308,41.399,41.535,41.641,41.743,41.832,41.903,41.984,42.084,42.169,42.243,42.328,42.433,42.49,42.565,42.636,42.715,42.779,42.862,42.914,42.967,43.023,43.083,43.179,43.236,43.325,43.401,43.459,43.527,43.589,43.669,43.732,43.812,43.885,43.959,44.019,44.092,44.164,44.217,44.288,44.347,44.427,44.507,44.595,44.675,44.759,44.827,44.888,44.941,45.001,45.083,45.156,45.229,45.299,45.401,45.457,45.541,45.613,45.707,45.813,45.937,46.014,46.12,46.245,46.308,46.399,46.503,46.595,46.675,46.786,46.942,47.081,47.199,47.316,47.454,47.644,47.814,48.043,48.272,48.5,48.848,49.354,50.236,52.461
359,LNP FP,34.265,37.628,38.381,38.818,39.184,39.452,39.64,39.902,40.121,40.322,40.429,40.54,40.676,40.82,40.932,41.055,41.184,41.308,41.399,41.535,41.641,41.743,41.832,41.903,41.984,42.084,42.169,42.243,42.328,42.433,42.49,42.565,42.636,42.715,42.779,42.862,42.914,42.967,43.023,43.083,43.179,43.236,43.325,43.401,43.459,43.527,43.589,43.669,43.732,43.812,43.885,43.959,44.019,44.092,44.164,44.217,44.288,44.347,44.427,44.507,44.595,44.675,44.759,44.827,44.888,44.941,45.001,45.083,45.156,45.229,45.299,45.401,45.457,45.541,45.613,45.707,45.813,45.937,46.014,46.12,46.245,46.308,46.399,46.503,46.595,46.675,46.786,46.942,47.081,47.199,47.316,47.454,47.644,47.814,48.043,48.272,48.5,48.848,49.354,50.236,52.461
360,LNP FP,34.515,37.587,38.333,38.752,39.093,39.426,39.644,39.917,40.067,40.226,40.357,40.546,40.665,40.802,40.905,41.04,41.186,41.318,41.402,41.497,41.595,41.686,41.802,41.875,41.97,42.057,42.135,42.221,42.316,42.39,42.465,42.534,42.61,42.69,42.749,42.805,42.868,42.932,43.01,43.083,43.145,43.212,43.294,43.364,43.434,43.505,43.583,43.653,43.741,43.789,43.887,43.949,44.002,44.086,44.161,44.237,44.32,44.369,44.47,44.536,44.599,44.68,44.751,44.799,44.884,44.941,45.014,45.098,45.149,45.223,45.322,45.388,45.484,45.575,45.684,45.736,45.819,45.913,46.016,46.125,46.206,46.29,46.366,46.501,46.611,46.692,46.814,46.976,47.101,47.252,47.369,47.518,47.617,47.805,48.05,48.282,48.561,48.845,49.518,50.239,52.316
361,LNP FP,34.515,37.587,38.333,38.752,39.093,39.426,39.644,39.917,40.067,40.226,40.357,40.546,40.665,40.802,40.905,41.04,41.186,41.318,41.402,41.497,41.595,41.686,41.802,41.875,41.97,42.057,42.135,42.221,42.316,42.39,42.465,42.534,42.61,42.69,42.749,42.805,42.868,42.932,43.01,43.083,43.145,43.212,43.294,43.364,43.434,43.505,43.583,43.653,43.741,43.789,43.887,43.949,44.002,44.086,44.161,44.237,44.32,44.369,44.47,44.536,44.599,44.68,44.751,44.799,44.884,44.941,45.014,45.098,45.149,45.223,45.322,45.388,45.484,45.575,45.684,45.736,45.819,45.913,46.016,46.125,46.206,46.29,46.366,46.501,46.611,46.692,46.814,46.976,47.101,47.252,47.369,47.518,47.617,47.805,48.05,48.282,48.561,48.845,49.518,50.239,52.316
362,LNP FP,34.544,37.53,38.208,38.687,39.066,39.377,39.689,39.841,40.021,40.217,40.348,40.504,40.682,40.806,40.962,41.05,41.187,41.261,41.37,41.503,41.595,41.697,41.774,41.874,41.963,42.05,42.131,42.202,42.274,42.358,42.448,42.522,42.598,42.656,42.748,42.811,42.88,42.944,43.021,43.066,43.174,43.238,43.313,43.376,43.446,43.516,43.599,43.675,43.746,43.822,43.879,43.963,44.042,44.097,44.185,44.247,44.333,44.403,44.457,44.532,44.597,44.657,44.727,44.793,44.867,44.94,45.019,45.09,45.164,45.221,45.29,45.385,45.504,45.604,45.699,45.792,45.895,45.988,46.073,46.168,46.241,46.316,46.424,46.538,46.634,46.725,46.86,46.991,47.126,47.255,47.383,47.548,47.718,47.878,48.113,48.382,48.654,48.998,49.367,50.248,52.49
363,LNP FP,34.544,37.53,38.208,38.687,39.066,39.377,39.689,39.841,40.021,40.217,40.348,40.504,40.682,40.806,40.962,41.05,41.187,41.261,41.37,41.503,41.595,41.697,41.774,41.874,41.963,42.05,42.131,42.202,42.274,42.358,42.448,42.522,42.598,42.656,42.748,42.811,42.88,42.944,43.021,43.066,43.174,43.238,43.313,43.376,43.446,43.516,43.599,43.675,43.746,43.822,43.879,43.963,44.042,44.097,44.185,44.247,44.333,44.403,44.457,44.532,44.597,44.657,44.727,44.793,44.867,44.94,45.019,45.09,45.164,45.221,45.29,45.385,45.504,45.604,45.699,45.792,45.895,45.988,46.073,46.168,46.241,46.316,46.424,46.538,46.634,46.725,46.86,46.991,47.126,47.255,47.383,47.548,47.718,47.878,48.113,48.382,48.654,48.998,49.367,50.248,52.49
364,LNP FP,34.467,37.471,38.178,38.634,39.047,39.282,39.576,39.832,40.012,40.18,40.32,40.449,40.599,40.712,40.863,41.009,41.114,41.222,41.338,41.443,41.62,41.709,41.771,41.858,41.953,42.035,42.113,42.181,42.268,42.34,42.403,42.468,42.543,42.611,42.72,42.775,42.841,42.909,42.982,43.078,43.192,43.265,43.322,43.396,43.47,43.551,43.618,43.7,43.772,43.834,43.885,43.93,44.008,44.093,44.165,44.229,44.302,44.375,44.447,44.508,44.568,44.666,44.744,44.818,44.89,44.979,45.058,45.127,45.195,45.278,45.364,45.45,45.549,45.641,45.742,45.824,45.897,45.965,46.052,46.169,46.274,46.382,46.482,46.571,46.677,46.776,46.863,46.996,47.144,47.271,47.429,47.562,47.728,47.967,48.203,48.405,48.656,48.966,49.505,50.39,52.961
365,LNP FP,34.467,37.471,38.178,38.634,39.047,39.282,39.576,39.832,40.012,40.18,40.32,40.449,40.599,40.712,40.863,41.009,41.114,41.222,41.338,41.443,41.62,41.709,41.771,41.858,41.953,42.035,42.113,42.181,42.268,42.34,42.403,42.468,42.543,42.611,42.72,42.775,42.841,42.909,42.982,43.078,43.192,43.265,43.322,43.396,43.47,43.551,43.618,43.7,43.772,43.834,43.885,43.93,44.008,44.093,44.165,44.229,44.302,44.375,44.447,44.508,44.568,44.666,44.744,44.818,44.89,44.979,45.058,45.127,45.195,45.278,45.364,45.45,45.549,45.641,45.742,45.824,45.897,45.965,46.052,46.169,46.274,46.382,46.482,46.571,46.677,46.776,46.863,46.996,47.144,47.271,47.429,47.562,47.728,47.967,48.203,48.405,48.656,48.966,49.505,50.39,52.961
366,LNP FP,34.338,37.443,38.143,38.591,39.013,39.235,39.545,39.795,39.932,40.088,40.242,40.415,40.554,40.714,40.826,40.955,41.072,41.253,41.378,41.486,41.573,41.654,41.742,41.816,41.894,41.98,42.056,42.137,42.23,42.305,42.374,42.446,42.524,42.6,42.688,42.776,42.828,42.909,42.995,43.066,43.159,43.241,43.321,43.374,43.443,43.492,43.57,43.647,43.72,43.78,43.85,43.935,44.009,44.093,44.156,44.232,44.302,44.37,44.447,44.498,44.564,44.648,44.737,44.832,44.911,44.986,45.061,45.136,45.213,45.294,45.382,45.459,45.547,45.644,45.735,45.82,45.898,45.97,46.081,46.166,46.299,46.373,46.487,46.574,46.675,46.793,46.919,47.049,47.145,47.264,47.415,47.541,47.729,47.934,48.124,48.373,48.657,48.976,49.471,50.481,52.604
367,LNP FP,34.338,37.443,38.143,38.591,39.013,39.235,39.545,39.795,39.932,40.088,40.242,40.415,40.554,40.714,40.826,40.955,41.072,41.253,41.378,41.486,41.573,41.654,41.742,41.816,41.894,41.98,42.056,42.137,42.23,42.305,42.374,42.446,42.524,42.6,42.688,42.776,42.828,42.909,42.995,43.066,43.159,43.241,43.321,43.374,43.443,43.492,43.57,43.647,43.72,43.78,43.85,43.935,44.009,44.093,44.156,44.232,44.302,44.37,44.447,44.498,44.564,44.648,44.737,44.832,44.911,44.986,45.061,45.136,45.213,45.294,45.382,45.459,45.547,45.644,45.735,45.82,45.898,45.97,46.081,46.166,46.299,46.373,46.487,46.574,46.675,46.793,46.919,47.049,47.145,47.264,47.415,47.541,47.729,47.934,48.124,48.373,48.657,48.976,49.471,50.481,52.604
368,LNP FP,33.858,37.364,38.052,38.636,38.911,39.252,39.502,39.711,39.941,40.104,40.296,40.436,40.571,40.746,40.845,40.984,41.08,41.164,41.288,41.402,41.492,41.586,41.701,41.791,41.882,41.971,42.053,42.131,42.222,42.339,42.407,42.473,42.522,42.583,42.669,42.753,42.829,42.917,42.974,43.042,43.104,43.192,43.279,43.365,43.446,43.526,43.592,43.653,43.726,43.798,43.854,43.907,43.999,44.074,44.142,44.212,44.284,44.353,44.419,44.5,44.61,44.703,44.782,44.838,44.932,45.009,45.103,45.152,45.237,45.303,45.384,45.46,45.553,45.64,45.709,45.806,45.913,45.997,46.09,46.179,46.303,46.398,46.479,46.581,46.713,46.805,46.938,47.048,47.179,47.347,47.466,47.625,47.757,47.994,48.173,48.348,48.656,48.962,49.689,50.572,52.624
369,LNP FP,33.858,37.364,38.052,38.636,38.911,39.252,39.502,39.711,39.941,40.104,40.296,40.436,40.571,40.746,40.845,40.984,41.08,41.164,41.288,41.402,41.492,41.586,41.701,41.791,41.882,41.971,42.053,42.131,42.222,42.339,42.407,42.473,42.522,42.583,42.669,42.753,42.829,42.917,42.974,43.042,43.104,43.192,43.279,43.365,43.446,43.526,43.592,43.653,43.726,43.798,43.854,43.907,43.999,44.074,44.142,44.212,44.284,44.353,44.419,44.5,44.61,44.703,44.782,44.838,44.932,45.009,45.103,45.152,45.237,45.303,45.384,45.46,45.553,45.64,45.709,45.806,45.913,45.997,46.09,46.179,46.303,46.398,46.479,46.581,46.713,46.805,46.938,47.048,47.179,47.347,47.466,47.625,47.757,47.994,48.173,48.348,48.656,48.962,49.689,50.572,52.624
370,LNP FP,33.78,37.32,38.085,38.663,38.931,39.16,39.434,39.685,39.92,40.112,40.264,40.474,40.579,40.717,40.818,40.965,41.101,41.186,41.29,41.406,41.488,41.595,41.713,41.833,41.9,41.985,42.062,42.149,42.232,42.297,42.36,42.448,42.538,42.622,42.693,42.78,42.848,42.921,43.0,43.057,43.145,43.228,43.294,43.364,43.448,43.535,43.611,43.695,43.76,43.839,43.904,43.968,44.052,44.111,44.175,44.244,44.309,44.372,44.452,44.517,44.602,44.664,44.75,44.825,44.893,44.983,45.083,45.192,45.257,45.33,45.396,45.483,45.575,45.671,45.772,45.885,45.97,46.049,46.153,46.234,46.299,46.399,46.498,46.606,46.769,46.894,47.024,47.141,47.237,47.347,47.477,47.648,47.866,48.036,48.224,48.448,48.66,49.053,49.559,50.437,52.588
371,LNP FP,33.78,37.32,38.085,38.663,38.931,39.16,39.434,39.685,39.92,40.112,40.264,40.474,40.579,40.717,40.818,40.965,41.101,41.186,41.29,41.406,41.488,41.595,41.713,41.833,41.9,41.985,42.062,42.149,42.232,42.297,42.36,42.448,42.538,42.622,42.693,42.78,42.848,42.921,43.0,43.057,43.145,43.228,43.294,43.364,43.448,43.535,43.611,43.695,43.76,43.839,43.904,43.968,44.052,44.111,44.175,44.244,44.309,44.372,44.452,44.517,44.602,44.664,44.75,44.825,44.893,44.983,45.083,45.192,45.257,45.33,45.396,45.483,45.575,45.671,45.772,45.885,45.97,46.049,46.153,46.234,46.299,46.399,46.498,46.606,46.769,46.894,47.024,47.141,47.237,47.347,47.477,47.648,47.866,48.036,48.224,48.448,48.66,49.053,49.559,50.437,52.588
372,LNP FP,33.866,37.321,38.161,38.598,38.938,39.137,39.412,39.668,39.844,40.096,40.294,40.449,40.571,40.678,40.816,40.941,41.072,41.199,41.289,41.381,41.478,41.592,41.677,41.776,41.887,41.964,42.07,42.15,42.206,42.299,42.371,42.436,42.525,42.592,42.676,42.757,42.827,42.919,42.98,43.069,43.153,43.247,43.323,43.407,43.492,43.574,43.64,43.711,43.781,43.84,43.904,43.955,44.018,44.082,44.165,44.251,44.327,44.414,44.466,44.526,44.584,44.676,44.764,44.839,44.916,44.999,45.071,45.176,45.25,45.344,45.423,45.482,45.592,45.669,45.748,45.854,45.964,46.033,46.119,46.204,46.301,46.407,46.523,46.628,46.758,46.886,47.003,47.17,47.264,47.387,47.551,47.672,47.814,48.005,48.226,48.5,48.772,49.096,49.534,50.459,52.569
373,LNP FP,33.866,37.321,38.161,38.598,38.938,39.137,39.412,39.668,39.844,40.096,40.294,40.449,40.571,40.678,40.816,40.941,41.072,41.199,41.289,41.381,41.478,41.592,41.677,41.776,41.887,41.964,42.07,42.15,42.206,42.299,42.371,42.436,42.525,42.592,42.676,42.757,42.827,42.919,42.98,43.069,43.153,43.247,43.323,43.407,43.492,43.574,43.64,43.711,43.781,43.84,43.904,43.955,44.018,44.082,44.165,44.251,44.327,44.414,44.466,44.526,44.584,44.676,44.764,44.839,44.916,44.999,45.071,45.176,45.25,45.344,45.423,45.482,45.592,45.669,45.748,45.854,45.964,46.033,46.119,46.204,46.301,46.407,46.523,46.628,46.758,46.886,47.003,47.17,47.264,47.387,47.551,47.672,47.814,48.005,48.226,48.5,48.772,49.096,49.534,50.459,52.569
374,LNP FP,34.928,36.628,37.308,37.71,38.028,38.242,38.398,38.491,38.596,38.76,38.909,39.075,39.195,39.357,39.461,39.566,39.658,39.726,39.807,39.872,39.943,40.016,40.09,40.171,40.273,40.337,40.393,40.454,40.503,40.56,40.609,40.68,40.753,40.809,40.862,40.915,40.977,41.023,41.068,41.13,41.214,41.275,41.322,41.395,41.439,41.49,41.538,41.598,41.664,41.708,41.758,41.809,41.857,41.918,41.97,42.021,42.081,42.135,42.203,42.257,42.313,42.386,42.437,42.484,42.542,42.599,42.688,42.749,42.804,42.862,42.917,43.0,43.061,43.127,43.204,43.257,43.314,43.361,43.429,43.494,43.559,43.636,43.73,43.825,43.899,43.997,44.072,44.167,44.261,44.37,44.518,44.648,44.802,44.979,45.178,45.365,45.59,45.822,46.259,46.887,48.434
375,LNP FP,34.928,36.628,37.308,37.71,38.028,38.242,38.398,38.491,38.596,38.76,38.909,39.075,39.195,39.357,39.461,39.566,39.658,39.726,39.807,39.872,39.943,40.016,40.09,40.171,40.273,40.337,40.393,40.454,40.503,40.56,40.609,40.68,40.753,40.809,40.862,40.915,40.977,41.023,41.068,41.13,41.214,41.275,41.322,41.395,41.439,41.49,41.538,41.598,41.664,41.708,41.758,41.809,41.857,41.918,41.97,42.021,42.081,42.135,42.203,42.257,42.313,42.386,42.437,42.484,42.542,42.599,42.688,42.749,42.804,42.862,42.917,43.0,43.061,43.127,43.204,43.257,43.314,43.361,43.429,43.494,43.559,43.636,43.73,43.825,43.899,43.997,44.072,44.167,44.261,44.37,44.518,44.648,44.802,44.979,45.178,45.365,45.59,45.822,46.259,46.887,48.434
376,LNP FP,35.284,36.822,37.394,37.746,38.02,38.247,38.447,38.632,38.737,38.871,38.999,39.133,39.236,39.342,39.448,39.54,39.628,39.731,39.83,39.945,40.014,40.062,40.119,40.219,40.279,40.341,40.396,40.456,40.538,40.584,40.633,40.688,40.758,40.818,40.871,40.942,41.008,41.053,41.127,41.188,41.256,41.322,41.373,41.413,41.467,41.512,41.555,41.621,41.667,41.731,41.774,41.825,41.868,41.935,41.987,42.031,42.086,42.142,42.199,42.269,42.325,42.368,42.439,42.487,42.549,42.616,42.669,42.734,42.782,42.829,42.897,42.95,43.005,43.059,43.114,43.182,43.252,43.333,43.404,43.486,43.552,43.638,43.703,43.794,43.875,43.962,44.058,44.155,44.252,44.349,44.471,44.605,44.742,44.923,45.095,45.272,45.468,45.732,46.08,46.695,48.217
377,LNP FP,35.284,36.822,37.394,37.746,38.02,38.247,38.447,38.632,38.737,38.871,38.999,39.133,39.236,39.342,39.448,39.54,39.628,39.731,39.83,39.945,40.014,40.062,40.119,40.219,40.279,40.341,40.396,40.456,40.538,40.584,40.633,40.688,40.758,40.818,40.871,40.942,41.008,41.053,41.127,41.188,41.256,41.322,41.373,41.413,41.467,41.512,41.555,41.621,41.667,41.731,41.774,41.825,41.868,41.935,41.987,42.031,42.086,42.142,42.199,42.269,42.325,42.368,42.439,42.487,42.549,42.616,42.669,42.734,42.782,42.829,42.897,42.95,43.005,43.059,43.114,43.182,43.252,43.333,43.404,43.486,43.552,43.638,43.703,43.794,43.875,43.962,44.058,44.155,44.252,44.349,44.471,44.605,44.742,44.923,45.095,45.272,45.468,45.732,46.08,46.695,48.217
378,LNP FP,35.544,36.877,37.44,37.857,38.097,38.36,38.516,38.697,38.823,38.931,39.056,39.18,39.272,39.388,39.499,39.583,39.683,39.762,39.841,39.933,40.031,40.096,40.169,40.236,40.304,40.377,40.446,40.496,40.552,40.619,40.677,40.717,40.787,40.85,40.916,40.978,41.035,41.081,41.117,41.183,41.244,41.284,41.336,41.378,41.432,41.498,41.53,41.594,41.652,41.689,41.735,41.796,41.863,41.933,41.978,42.038,42.086,42.15,42.221,42.259,42.32,42.372,42.416,42.464,42.513,42.565,42.634,42.709,42.759,42.833,42.882,42.934,42.993,43.05,43.126,43.192,43.259,43.322,43.382,43.473,43.536,43.598,43.688,43.77,43.847,43.949,44.039,44.127,44.241,44.367,44.5,44.629,44.774,44.919,45.039,45.184,45.374,45.559,45.999,46.772,47.834
379,LNP FP,35.544,36.877,37.44,37.857,38.097,38.36,38.516,38.697,38.823,38.931,39.056,39.18,39.272,39.388,39.499,39.583,39.683,39.762,39.841,39.933,40.031,40.096,40.169,40.236,40.304,40.377,40.446,40.496,40.552,40.619,40.677,40.717,40.787,40.85,40.916,40.978,41.035,41.081,41.117,41.183,41.244,41.284,41.336,41.378,41.432,41.498,41.53,41.594,41.652,41.689,41.735,41.796,41.863,41.933,41.978,42.038,42.086,42.15,42.221,42.259,42.32,42.372,42.416,42.464,42.513,42.565,42.634,42.709,42.759,42.833,42.882,42.934,42.993,43.05,43.126,43.192,43.259,43.322,43.382,43.473,43.536,43.598,43.688,43.77,43.847,43.949,44.039,44.127,44.241,44.367,44.5,44.629,44.774,44.919,45.039,45.184,45.374,45.559,45.999,46.772,47.834
380,LNP FP,35.657,37.066,37.545,37.868,38.077,38.344,38.502,38.698,38.837,39.004,39.1,39.203,39.302,39.432,39.542,39.62,39.728,39.799,39.897,39.984,40.052,40.111,40.164,40.249,40.323,40.385,40.445,40.511,40.556,40.616,40.677,40.74,40.778,40.822,40.89,40.951,41.007,41.077,41.122,41.169,41.219,41.285,41.338,41.398,41.458,41.504,41.547,41.601,41.641,41.692,41.74,41.797,41.865,41.925,41.969,42.043,42.102,42.159,42.215,42.268,42.32,42.389,42.438,42.475,42.524,42.578,42.631,42.682,42.754,42.809,42.851,42.923,42.97,43.025,43.09,43.175,43.218,43.275,43.343,43.418,43.477,43.543,43.632,43.713,43.796,43.881,44.012,44.113,44.217,44.315,44.445,44.588,44.703,44.862,44.983,45.121,45.283,45.493,45.922,46.594,47.79
381,LNP FP,35.657,37.066,37.545,37.868,38.077,38.344,38.502,38.698,38.837,39.004,39.1,39.203,39.302,39.432,39.542,39.62,39.728,39.799,39.897,39.984,40.052,40.111,40.164,40.249,40.323,40.385,40.445,40.511,40.556,40.616,40.677,40.74,40.778,40.822,40.89,40.951,41.007,41.077,41.122,41.169,41.219,41.285,41.338,41.398,41.458,41.504,41.547,41.601,41.641,41.692,41.74,41.797,41.865,41.925,41.969,42.043,42.102,42.159,42.215,42.268,42.32,42.389,42.438,42.475,42.524,42.578,42.631,42.682,42.754,42.809,42.851,42.923,42.97,43.025,43.09,43.175,43.218,43.275,43.343,43.418,43.477,43.543,43.632,43.713,43.796,43.881,44.012,44.113,44.217,44.315,44.445,44.588,44.703,44.862,44.983,45.121,45.283,45.493,45.922,46.594,47.79
382,LNP FP,35.847,36.995,37.544,37.876,38.206,38.371,38.563,38.754,38.879,38.996,39.123,39.224,39.336,39.458,39.536,39.625,39.735,39.823,39.903,40.002,40.055,40.131,40.186,40.257,40.335,40.381,40.45,40.504,40.583,40.637,40.692,40.752,40.818,40.862,40.929,40.975,41.036,41.078,41.131,41.192,41.234,41.288,41.348,41.412,41.454,41.499,41.538,41.586,41.637,41.679,41.738,41.78,41.842,41.898,41.946,42.012,42.078,42.13,42.177,42.226,42.277,42.336,42.38,42.425,42.478,42.547,42.611,42.675,42.741,42.787,42.857,42.91,42.965,43.042,43.092,43.146,43.19,43.261,43.352,43.411,43.495,43.575,43.639,43.721,43.836,43.921,44.018,44.103,44.165,44.263,44.372,44.47,44.581,44.684,44.862,45.079,45.251,45.483,45.837,46.424,47.613
383,LNP FP,35.847,36.995,37.544,37.876,38.206,38.371,38.563,38.754,38.879,38.996,39.123,39.224,39.336,39.458,39.536,39.625,39.735,39.823,39.903,40.002,40.055,40.131,40.186,40.257,40.335,40.381,40.45,40.504,40.583,40.637,40.692,40.752,40.818,40.862,40.929,40.975,41.036,41.078,41.131,41.192,41.234,41.288,41.348,41.412,41.454,41.499,41.538,41.586,41.637,41.679,41.738,41.78,41.842,41.898,41.946,42.012,42.078,42.13,42.177,42.226,42.277,42.336,42.38,42.425,42.478,42.547,42.611,42.675,42.741,42.787,42.857,42.91,42.965,43.042,43.092,43.146,43.19,43.261,43.352,43.411,43.495,43.575,43.639,43.721,43.836,43.921,44.018,44.103,44.165,44.263,44.372,44.47,44.581,44.684,44.862,45.079,45.251,45.483,45.837,46.424,47.613
384,LNP FP,36.073,37.013,37.576,37.985,38.303,38.484,38.636,38.757,38.905,39.028,39.127,39.227,39.37,39.465,39.575,39.659,39.74,39.824,39.903,39.963,40.042,40.129,40.181,40.272,40.346,40.424,40.469,40.527,40.575,40.626,40.69,40.731,40.792,40.844,40.916,40.981,41.027,41.07,41.126,41.186,41.237,41.282,41.346,41.399,41.455,41.486,41.541,41.586,41.637,41.7,41.746,41.796,41.831,41.884,41.933,41.987,42.048,42.106,42.15,42.199,42.261,42.305,42.36,42.407,42.466,42.532,42.595,42.656,42.714,42.767,42.824,42.878,42.94,43.013,43.067,43.165,43.212,43.281,43.353,43.409,43.468,43.534,43.595,43.687,43.774,43.849,43.933,44.03,44.151,44.238,44.346,44.473,44.551,44.705,44.862,45.028,45.213,45.393,45.79,46.404,47.512
385,LNP FP,36.073,37.013,37.576,37.985,38.303,38.484,38.636,38.757,38.905,39.028,39.127,39.227,39.37,39.465,39.575,39.659,39.74,39.824,39.903,39.963,40.042,40.129,40.181,40.272,40.346,40.424,40.469,40.527,40.575,40.626,40.69,40.731,40.792,40.844,40.916,40.981,41.027,41.07,41.126,41.186,41.237,41.282,41.346,41.399,41.455,41.486,41.541,41.586,41.637,41.7,41.746,41.796,41.831,41.884,41.933,41.987,42.048,42.106,42.15,42.199,42.261,42.305,42.36,42.407,42.466,42.532,42.595,42.656,42.714,42.767,42.824,42.878,42.94,43.013,43.067,43.165,43.212,43.281,43.353,43.409,43.468,43.534,43.595,43.687,43.774,43.849,43.933,44.03,44.151,44.238,44.346,44.473,44.551,44.705,44.862,45.028,45.213,45.393,45.79,46.404,47.512
386,LNP FP,36.039,37.073,37.742,38.085,38.291,38.493,38.661,38.783,38.911,39.067,39.173,39.294,39.406,39.507,39.622,39.688,39.777,39.854,39.935,40.038,40.12,40.184,40.248,40.306,40.355,40.431,40.473,40.547,40.598,40.649,40.706,40.755,40.803,40.858,40.913,40.973,41.028,41.086,41.123,41.186,41.243,41.286,41.334,41.387,41.432,41.466,41.535,41.596,41.641,41.689,41.742,41.784,41.825,41.866,41.915,41.966,42.034,42.091,42.146,42.207,42.257,42.311,42.354,42.42,42.475,42.532,42.591,42.645,42.708,42.764,42.817,42.876,42.95,43.025,43.086,43.141,43.184,43.231,43.295,43.375,43.445,43.498,43.578,43.638,43.717,43.819,43.928,43.996,44.089,44.191,44.32,44.399,44.52,44.628,44.771,44.958,45.144,45.379,45.791,46.361,47.687
387,LNP FP,36.039,37.073,37.742,38.085,38.291,38.493,38.661,38.783,38.911,39.067,39.173,39.294,39.406,39.507,39.622,39.688,39.777,39.854,39.935,40.038,40.12,40.184,40.248,40.306,40.355,40.431,40.473,40.547,40.598,40.649,40.706,40.755,40.803,40.858,40.913,40.973,41.028,41.086,41.123,41.186,41.243,41.286,41.334,41.387,41.432,41.466,41.535,41.596,41.641,41.689,41.742,41.784,41.825,41.866,41.915,41.966,42.034,42.091,42.146,42.207,42.257,42.311,42.354,42.42,42.475,42.532,42.591,42.645,42.708,42.764,42.817,42.876,42.95,43.025,43.086,43.141,43.184,43.231,43.295,43.375,43.445,43.498,43.578,43.638,43.717,43.819,43.928,43.996,44.089,44.191,44.32,44.399,44.52,44.628,44.771,44.958,45.144,45.379,45.791,46.361,47.687
388,LNP FP,36.15,37.261,37.764,38.112,38.366,38.533,38.661,38.86,39.013,39.145,39.248,39.35,39.476,39.588,39.69,39.787,39.853,39.91,39.977,40.057,40.144,40.215,40.287,40.35,40.41,40.467,40.513,40.577,40.623,40.689,40.737,40.784,40.836,40.869,40.917,40.961,41.019,41.068,41.095,41.154,41.208,41.257,41.302,41.357,41.401,41.452,41.514,41.563,41.615,41.652,41.701,41.739,41.796,41.854,41.911,41.959,42.001,42.055,42.101,42.167,42.233,42.295,42.351,42.396,42.444,42.496,42.551,42.615,42.696,42.748,42.796,42.868,42.933,42.971,43.039,43.106,43.163,43.223,43.275,43.349,43.421,43.483,43.536,43.602,43.69,43.774,43.83,43.938,44.031,44.131,44.236,44.358,44.424,44.586,44.787,44.921,45.145,45.389,45.745,46.347,47.216
389,LNP FP,36.15,37.261,37.764,38.112,38.366,38.533,38.661,38.86,39.013,39.145,39.248,39.35,39.476,39.588,39.69,39.787,39.853,39.91,39.977,40.057,40.144,40.215,40.287,40.35,40.41,40.467,40.513,40.577,40.623,40.689,40.737,40.784,40.836,40.869,40.917,40.961,41.019,41.068,41.095,41.154,41.208,41.257,41.302,41.357,41.401,41.452,41.514,41.563,41.615,41.652,41.701,41.739,41.796,41.854,41.911,41.959,42.001,42.055,42.101,42.167,42.233,42.295,42.351,42.396,42.444,42.496,42.551,42.615,42.696,42.748,42.796,42.868,42.933,42.971,43.039,43.106,43.163,43.223,43.275,43.349,43.421,43.483,43.536,43.602,43.69,43.774,43.83,43.938,44.031,44.131,44.236,44.358,44.424,44.586,44.787,44.921,45.145,45.389,45.745,46.347,47.216
390,LNP FP,36.286,37.376,37.851,38.126,38.353,38.56,38.779,38.955,39.081,39.22,39.347,39.476,39.546,39.63,39.705,39.768,39.883,39.957,40.031,40.086,40.159,40.225,40.283,40.353,40.425,40.493,40.555,40.598,40.639,40.685,40.727,40.777,40.821,40.849,40.906,40.956,41.01,41.074,41.131,41.174,41.224,41.269,41.312,41.365,41.407,41.47,41.536,41.593,41.637,41.684,41.734,41.773,41.844,41.886,41.937,41.981,42.031,42.081,42.127,42.179,42.24,42.291,42.344,42.387,42.443,42.488,42.544,42.613,42.663,42.719,42.79,42.836,42.906,42.967,43.014,43.07,43.131,43.215,43.28,43.334,43.392,43.462,43.553,43.658,43.728,43.793,43.874,43.929,44.009,44.081,44.166,44.249,44.366,44.536,44.646,44.854,45.072,45.33,45.679,46.213,46.877
391,LNP FP,36.286,37.376,37.851,38.126,38.353,38.56,38.779,38.955,39.081,39.22,39.347,39.476,39.546,39.63,39.705,39.768,39.883,39.957,40.031,40.086,40.159,40.225,40.283,40.353,40.425,40.493,40.555,40.598,40.639,40.685,40.727,40.777,40.821,40.849,40.906,40.956,41.01,41.074,41.131,41.174,41.224,41.269,41.312,41.365,41.407,41.47,41.536,41.593,41.637,41.684,41.734,41.773,41.844,41.886,41.937,41.981,42.031,42.081,42.127,42.179,42.24,42.291,42.344,42.387,42.443,42.488,42.544,42.613,42.663,42.719,42.79,42.836,42.906,42.967,43.014,43.07,43.131,43.215,43.28,43.334,43.392,43.462,43.553,43.658,43.728,43.793,43.874,43.929,44.009,44.081,44.166,44.249,44.366,44.536,44.646,44.854,45.072,45.33,45.679,46.213,46.877
392,LNP FP,36.267,37.385,37.826,38.169,38.531,38.706,38.839,39.021,39.164,39.316,39.411,39.518,39.612,39.719,39.796,39.886,39.947,40.029,40.115,40.171,40.219,40.279,40.33,40.388,40.445,40.491,40.55,40.608,40.653,40.698,40.743,40.798,40.844,40.886,40.942,40.997,41.043,41.093,41.146,41.196,41.244,41.29,41.348,41.401,41.436,41.482,41.552,41.594,41.636,41.667,41.727,41.779,41.81,41.853,41.909,41.965,42.025,42.076,42.131,42.192,42.245,42.297,42.346,42.401,42.437,42.496,42.552,42.608,42.65,42.688,42.744,42.793,42.85,42.91,42.975,43.037,43.108,43.173,43.275,43.326,43.399,43.467,43.519,43.586,43.651,43.704,43.793,43.856,43.968,44.061,44.16,44.262,44.345,44.455,44.6,44.785,44.958,45.214,45.603,45.985,46.803
393,LNP FP,36.267,37.385,37.826,38.169,38.531,38.706,38.839,39.021,39.164,39.316,39.411,39.518,39.612,39.719,39.796,39.886,39.947,40.029,40.115,40.171,40.219,40.279,40.33,40.388,40.445,40.491,40.55,40.608,40.653,40.698,40.743,40.798,40.844,40.886,40.942,40.997,41.043,41.093,41.146,41.196,41.244,41.29,41.348,41.401,41.436,41.482,41.552,41.594,41.636,41.667,41.727,41.779,41.81,41.853,41.909,41.965,42.025,42.076,42.131,42.192,42.245,42.297,42.346,42.401,42.437,42.496,42.552,42.608,42.65,42.688,42.744,42.793,42.85,42.91,42.975,43.037,43.108,43.173,43.275,43.326,43.399,43.467,43.519,43.586,43.651,43.704,43.793,43.856,43.968,44.061,44.16,44.262,44.345,44.455,44.6,44.785,44.958,45.214,45.603,45.985,46.803
394,LNP FP,36.375,37.449,38.035,38.337,38.534,38.783,38.964,39.096,39.206,39.295,39.428,39.508,39.622,39.737,39.844,39.905,39.984,40.075,40.133,40.204,40.254,40.311,40.35,40.388,40.441,40.492,40.549,40.583,40.642,40.692,40.738,40.79,40.843,40.897,40.958,41.001,41.051,41.123,41.179,41.225,41.272,41.313,41.36,41.393,41.444,41.487,41.542,41.582,41.637,41.684,41.728,41.767,41.806,41.859,41.902,41.939,41.999,42.048,42.094,42.153,42.2,42.238,42.284,42.329,42.391,42.436,42.492,42.553,42.592,42.653,42.687,42.741,42.82,42.887,42.953,43.024,43.081,43.143,43.218,43.279,43.332,43.389,43.474,43.56,43.65,43.697,43.775,43.856,43.909,44.001,44.107,44.188,44.299,44.415,44.571,44.734,44.937,45.124,45.411,45.818,46.938
395,LNP FP,36.375,37.449,38.035,38.337,38.534,38.783,38.964,39.096,39.206,39.295,39.428,39.508,39.622,39.737,39.844,39.905,39.984,40.075,40.133,40.204,40.254,40.311,40.35,40.388,40.441,40.492,40.549,40.583,40.642,40.692,40.738,40.79,40.843,40.897,40.958,41.001,41.051,41.123,41.179,41.225,41.272,41.313,41.36,41.393,41.444,41.487,41.542,41.582,41.637,41.684,41.728,41.767,41.806,41.859,41.902,41.939,41.999,42.048,42.094,42.153,42.2,42.238,42.284,42.329,42.391,42.436,42.492,42.553,42.592,42.653,42.687,42.741,42.82,42.887,42.953,43.024,43.081,43.143,43.218,43.279,43.332,43.389,43.474,43.56,43.65,43.697,43.775,43.856,43.909,44.001,44.107,44.188,44.299,44.415,44.571,44.734,44.937,45.124,45.411,45.818,46.938
396,LNP FP,36.495,37.55,38.018,38.41,38.6,38.892,39.058,39.187,39.299,39.398,39.473,39.569,39.667,39.755,39.814,39.87,39.962,40.052,40.112,40.18,40.236,40.288,40.359,40.425,40.486,40.538,40.599,40.65,40.7,40.747,40.795,40.837,40.896,40.93,40.976,41.032,41.077,41.118,41.175,41.233,41.269,41.318,41.366,41.413,41.476,41.513,41.548,41.591,41.628,41.664,41.707,41.748,41.793,41.829,41.881,41.928,41.969,41.997,42.043,42.086,42.15,42.208,42.253,42.315,42.36,42.433,42.472,42.521,42.568,42.61,42.677,42.733,42.781,42.828,42.877,42.942,43.002,43.075,43.145,43.204,43.273,43.358,43.423,43.506,43.587,43.664,43.745,43.818,43.904,43.958,44.055,44.139,44.276,44.389,44.517,44.679,44.865,45.111,45.374,45.829,47.101
397,LNP FP,36.495,37.55,38.018,38.41,38.6,38.892,39.058,39.187,39.299,39.398,39.473,39.569,39.667,39.755,39.814,39.87,39.962,40.052,40.112,40.18,40.236,40.288,40.359,40.425,40.486,40.538,40.599,40.65,40.7,40.747,40.795,40.837,40.896,40.93,40.976,41.032,41.077,41.118,41.175,41.233,41.269,41.318,41.366,41.413,41.476,41.513,41.548,41.591,41.628,41.664,41.707,41.748,41.793,41.829,41.881,41.928,41.969,41.997,42.043,42.086,42.15,42.208,42.253,42.315,42.36,42.433,42.472,42.521,42.568,42.61,42.677,42.733,42.781,42.828,42.877,42.942,43.002,43.075,43.145,43.204,43.273,43.358,43.423,43.506,43.587,43.664,43.745,43.818,43.904,43.958,44.055,44.139,44.276,44.389,44.517,44.679,44.865,45.111,45.374,45.829,47.101
398,LNP FP,36.148,37.592,38.11,38.392,38.693,38.923,39.107,39.239,39.326,39.405,39.509,39.624,39.704,39.764,39.84,39.91,39.993,40.063,40.123,40.2,40.269,40.328,40.403,40.439,40.514,40.566,40.61,40.649,40.701,40.76,40.802,40.856,40.897,40.95,40.999,41.047,41.105,41.15,41.184,41.236,41.282,41.317,41.362,41.396,41.444,41.495,41.541,41.586,41.634,41.686,41.724,41.762,41.802,41.843,41.892,41.937,41.983,42.022,42.063,42.106,42.143,42.201,42.242,42.285,42.321,42.356,42.396,42.476,42.534,42.584,42.642,42.701,42.75,42.813,42.875,42.931,42.996,43.056,43.116,43.173,43.243,43.306,43.363,43.451,43.542,43.613,43.709,43.782,43.846,43.929,44.044,44.132,44.251,44.349,44.486,44.629,44.863,45.074,45.397,45.744,46.686
399,LNP FP,36.148,37.592,38.11,38.392,38.693,38.923,39.107,39.239,39.326,39.405,39.509,39.624,39.704,39.764,39.84,39.91,39.993,40.063,40.123,40.2,40.269,40.328,40.403,40.439,40.514,40.566,40.61,40.649,40.701,40.76,40.802,40.856,40.897,40.95,40.999,41.047,41.105,41.15,41.184,41.236,41.282,41.317,41.362,41.396,41.444,41.495,41.541,41.586,41.634,41.686,41.724,41.762,41.802,41.843,41.892,41.937,41.983,42.022,42.063,42.106,42.143,42.201,42.242,42.285,42.321,42.356,42.396,42.476,42.534,42.584,42.642,42.701,42.75,42.813,42.875,42.931,42.996,43.056,43.116,43.173,43.243,43.306,43.363,43.451,43.542,43.613,43.709,43.782,43.846,43.929,44.044,44.132,44.251,44.349,44.486,44.629,44.863,45.074,45.397,45.744,46.686
400,LNP FP,36.322,37.652,38.104,38.463,38.703,38.93,39.143,39.244,39.378,39.489,39.59,39.651,39.725,39.797,39.881,39.948,40.026,40.088,40.148,40.202,40.281,40.343,40.406,40.47,40.534,40.579,40.611,40.662,40.7,40.758,40.811,40.857,40.912,40.95,40.983,41.047,41.088,41.147,41.188,41.24,41.27,41.305,41.339,41.395,41.456,41.493,41.532,41.578,41.63,41.672,41.719,41.767,41.805,41.838,41.892,41.932,41.971,42.007,42.06,42.101,42.16,42.199,42.229,42.276,42.319,42.367,42.409,42.45,42.501,42.551,42.604,42.676,42.725,42.781,42.832,42.909,42.97,43.037,43.089,43.164,43.219,43.303,43.375,43.418,43.485,43.558,43.621,43.716,43.777,43.87,43.959,44.049,44.149,44.261,44.35,44.592,44.814,45.029,45.323,45.687,46.815
401,LNP FP,36.322,37.652,38.104,38.463,38.703,38.93,39.143,39.244,39.378,39.489,39.59,39.651,39.725,39.797,39.881,39.948,40.026,40.088,40.148,40.202,40.281,40.343,40.406,40.47,40.534,40.579,40.611,40.662,40.7,40.758,40.811,40.857,40.912,40.95,40.983,41.047,41.088,41.147,41.188,41.24,41.27,41.305,41.339,41.395,41.456,41.493,41.532,41.578,41.63,41.672,41.719,41.767,41.805,41.838,41.892,41.932,41.971,42.007,42.06,42.101,42.16,42.199,42.229,42.276,42.319,42.367,42.409,42.45,42.501,42.551,42.604,42.676,42.725,42.781,42.832,42.909,42.97,43.037,43.089,43.164,43.219,43.303,43.375,43.418,43.485,43.558,43.621,43.716,43.777,43.87,43.959,44.049,44.149,44.261,44.35,44.592,44.814,45.029,45.323,45.687,46.815
402,LNP FP,36.355,37.547,38.214,38.538,38.774,38.957,39.126,39.258,39.373,39.508,39.604,39.68,39.772,39.837,39.909,39.99,40.042,40.108,40.188,40.25,40.313,40.357,40.423,40.473,40.528,40.593,40.649,40.697,40.749,40.791,40.838,40.89,40.932,40.967,41.015,41.067,41.111,41.149,41.188,41.225,41.252,41.308,41.348,41.387,41.438,41.471,41.522,41.564,41.602,41.644,41.691,41.726,41.767,41.811,41.849,41.887,41.925,41.953,42.005,42.049,42.091,42.137,42.189,42.245,42.311,42.364,42.409,42.445,42.485,42.53,42.593,42.641,42.69,42.748,42.801,42.856,42.93,43.004,43.074,43.138,43.212,43.287,43.364,43.438,43.504,43.562,43.631,43.698,43.783,43.852,43.922,44.006,44.106,44.199,44.356,44.542,44.767,44.999,45.228,45.678,46.542
403,LNP FP,36.355,37.547,38.214,38.538,38.774,38.957,39.126,39.258,39.373,39.508,39.604,39.68,39.772,39.837,39.909,39.99,40.042,40.108,40.188,40.25,40.313,40.357,40.423,40.473,40.528,40.593,40.649,40.697,40.749,40.791,40.838,40.89,40.932,40.967,41.015,41.067,41.111,41.149,41.188,41.225,41.252,41.308,41.348,41.387,41.438,41.471,41.522,41.564,41.602,41.644,41.691,41.726,41.767,41.811,41.849,41.887,41.925,41.953,42.005,42.049,42.091,42.137,42.189,42.245,42.311,42.364,42.409,42.445,42.485,42.53,42.593,42.641,42.69,42.748,42.801,42.856,42.93,43.004,43.074,43.138,43.212,43.287,43.364,43.438,43.504,43.562,43.631,43.698,43.783,43.852,43.922,44.006,44.106,44.199,44.356,44.542,44.767,44.999,45.228,45.678,46.542
404,LNP FP,36.522,37.714,38.318,38.612,38.88,39.036,39.172,39.273,39.372,39.484,39.57,39.664,39.766,39.844,39.921,39.967,40.053,40.106,40.159,40.227,40.288,40.349,40.396,40.449,40.498,40.549,40.593,40.649,40.716,40.784,40.838,40.885,40.927,40.962,41.022,41.065,41.103,41.141,41.175,41.234,41.28,41.322,41.374,41.42,41.462,41.489,41.533,41.58,41.617,41.654,41.704,41.75,41.789,41.827,41.867,41.906,41.952,41.984,42.028,42.075,42.117,42.164,42.204,42.252,42.292,42.335,42.386,42.445,42.499,42.538,42.588,42.625,42.681,42.744,42.807,42.861,42.937,43.0,43.051,43.118,43.179,43.239,43.299,43.367,43.437,43.509,43.579,43.638,43.72,43.798,43.893,44.001,44.124,44.217,44.365,44.555,44.685,44.967,45.265,45.641,46.351
405,LNP FP,36.522,37.714,38.318,38.612,38.88,39.036,39.172,39.273,39.372,39.484,39.57,39.664,39.766,39.844,39.921,39.967,40.053,40.106,40.159,40.227,40.288,40.349,40.396,40.449,40.498,40.549,40.593,40.649,40.716,40.784,40.838,40.885,40.927,40.962,41.022,41.065,41.103,41.141,41.175,41.234,41.28,41.322,41.374,41.42,41.462,41.489,41.533,41.58,41.617,41.654,41.704,41.75,41.789,41.827,41.867,41.906,41.952,41.984,42.028,42.075,42.117,42.164,42.204,42.252,42.292,42.335,42.386,42.445,42.499,42.538,42.588,42.625,42.681,42.744,42.807,42.861,42.937,43.0,43.051,43.118,43.179,43.239,43.299,43.367,43.437,43.509,43.579,43.638,43.72,43.798,43.893,44.001,44.124,44.217,44.365,44.555,44.685,44.967,45.265,45.641,46.351
406,LNP FP,36.585,37.873,38.4,38.644,38.874,39.046,39.167,39.309,39.426,39.494,39.598,39.688,39.755,39.841,39.906,39.984,40.04,40.102,40.163,40.24,40.299,40.376,40.428,40.474,40.513,40.55,40.608,40.66,40.712,40.762,40.805,40.875,40.917,40.97,41.028,41.081,41.129,41.175,41.217,41.259,41.304,41.337,41.385,41.415,41.446,41.489,41.532,41.571,41.601,41.641,41.676,41.711,41.758,41.785,41.847,41.904,41.947,41.995,42.04,42.077,42.12,42.154,42.197,42.236,42.278,42.332,42.361,42.414,42.47,42.515,42.572,42.627,42.681,42.732,42.787,42.85,42.909,42.946,43.003,43.061,43.14,43.21,43.263,43.313,43.381,43.435,43.527,43.607,43.696,43.788,43.846,43.905,44.017,44.189,44.363,44.544,44.732,44.896,45.15,45.612,46.472
407,LNP FP,36.585,37.873,38.4,38.644,38.874,39.046,39.167,39.309,39.426,39.494,39.598,39.688,39.755,39.841,39.906,39.984,40.04,40.102,40.163,40.24,40.299,40.376,40.428,40.474,40.513,40.55,40.608,40.66,40.712,40.762,40.805,40.875,40.917,40.97,41.028,41.081,41.129,41.175,41.217,41.259,41.304,41.337,41.385,41.415,41.446,41.489,41.532,41.571,41.601,41.641,41.676,41.711,41.758,41.785,41.847,41.904,41.947,41.995,42.04,42.077,42.12,42.154,42.197,42.236,42.278,42.332,42.361,42.414,42.47,42.515,42.572,42.627,42.681,42.732,42.787,42.85,42.909,42.946,43.003,43.061,43.14,43.21,43.263,43.313,43.381,43.435,43.527,43.607,43.696,43.788,43.846,43.905,44.017,44.189,44.363,44.544,44.732,44.896,45.15,45.612,46.472
408,LNP FP,36.618,37.715,38.431,38.724,38.896,39.035,39.173,39.292,39.467,39.571,39.662,39.728,39.794,39.846,39.92,39.985,40.05,40.109,40.179,40.238,40.286,40.37,40.425,40.475,40.518,40.582,40.653,40.697,40.736,40.773,40.819,40.876,40.916,40.96,41.013,41.067,41.109,41.143,41.183,41.233,41.278,41.31,41.366,41.412,41.464,41.504,41.535,41.582,41.629,41.662,41.7,41.735,41.787,41.826,41.863,41.895,41.927,41.974,42.015,42.048,42.082,42.12,42.168,42.205,42.257,42.299,42.333,42.379,42.425,42.475,42.516,42.576,42.619,42.668,42.73,42.795,42.852,42.93,42.993,43.051,43.116,43.191,43.259,43.322,43.393,43.447,43.504,43.561,43.634,43.699,43.811,43.908,44.017,44.13,44.281,44.432,44.644,44.838,45.158,45.552,46.457
409,LNP FP,36.618,37.715,38.431,38.724,38.896,39.035,39.173,39.292,39.467,39.571,39.662,39.728,39.794,39.846,39.92,39.985,40.05,40.109,40.179,40.238,40.286,40.37,40.425,40.475,40.518,40.582,40.653,40.697,40.736,40.773,40.819,40.876,40.916,40.96,41.013,41.067,41.109,41.143,41.183,41.233,41.278,41.31,41.366,41.412,41.464,41.504,41.535,41.582,41.629,41.662,41.7,41.735,41.787,41.826,41.863,41.895,41.927,41.974,42.015,42.048,42.082,42.12,42.168,42.205,42.257,42.299,42.333,42.379,42.425,42.475,42.516,42.576,42.619,42.668,42.73,42.795,42.852,42.93,42.993,43.051,43.116,43.191,43.259,43.322,43.393,43.447,43.504,43.561,43.634,43.699,43.811,43.908,44.017,44.13,44.281,44.432,44.644,44.838,45.158,45.552,46.457
410,LNP FP,36.816,37.783,38.286,38.695,38.978,39.145,39.269,39.408,39.496,39.568,39.653,39.748,39.83,39.897,39.971,40.048,40.102,40.15,40.197,40.257,40.321,40.38,40.44,40.495,40.53,40.582,40.635,40.684,40.734,40.776,40.817,40.869,40.928,40.966,41.018,41.06,41.104,41.156,41.203,41.251,41.287,41.32,41.363,41.403,41.446,41.492,41.523,41.557,41.602,41.65,41.684,41.721,41.769,41.801,41.833,41.87,41.916,41.955,41.999,42.034,42.074,42.112,42.16,42.218,42.249,42.282,42.332,42.381,42.422,42.471,42.532,42.577,42.627,42.685,42.742,42.806,42.85,42.913,42.962,43.009,43.085,43.15,43.205,43.269,43.338,43.394,43.486,43.577,43.658,43.728,43.811,43.906,44.018,44.128,44.222,44.369,44.572,44.818,45.038,45.349,46.424
411,LNP FP,36.816,37.783,38.286,38.695,38.978,39.145,39.269,39.408,39.496,39.568,39.653,39.748,39.83,39.897,39.971,40.048,40.102,40.15,40.197,40.257,40.321,40.38,40.44,40.495,40.53,40.582,40.635,40.684,40.734,40.776,40.817,40.869,40.928,40.966,41.018,41.06,41.104,41.156,41.203,41.251,41.287,41.32,41.363,41.403,41.446,41.492,41.523,41.557,41.602,41.65,41.684,41.721,41.769,41.801,41.833,41.87,41.916,41.955,41.999,42.034,42.074,42.112,42.16,42.218,42.249,42.282,42.332,42.381,42.422,42.471,42.532,42.577,42.627,42.685,42.742,42.806,42.85,42.913,42.962,43.009,43.085,43.15,43.205,43.269,43.338,43.394,43.486,43.577,43.658,43.728,43.811,43.906,44.018,44.128,44.222,44.369,44.572,44.818,45.038,45.349,46.424
412,LNP FP,36.85,37.953,38.478,38.765,38.985,39.164,39.275,39.38,39.491,39.591,39.707,39.772,39.841,39.906,39.996,40.059,40.121,40.182,40.232,40.3,40.347,40.401,40.47,40.531,40.589,40.65,40.701,40.732,40.769,40.819,40.86,40.907,40.961,41.008,41.037,41.079,41.122,41.164,41.193,41.23,41.274,41.313,41.35,41.39,41.441,41.484,41.528,41.566,41.619,41.656,41.688,41.739,41.77,41.802,41.828,41.861,41.902,41.94,41.985,42.015,42.057,42.107,42.163,42.202,42.242,42.287,42.331,42.382,42.418,42.454,42.517,42.562,42.621,42.677,42.728,42.777,42.831,42.893,42.939,43.001,43.047,43.113,43.164,43.209,43.276,43.357,43.419,43.474,43.569,43.67,43.756,43.85,43.95,44.098,44.228,44.34,44.501,44.708,45.026,45.32,46.339
413,LNP FP,36.85,37.953,38.478,38.765,38.985,39.164,39.275,39.38,39.491,39.591,39.707,39.772,39.841,39.906,39.996,40.059,40.121,40.182,40.232,40.3,40.347,40.401,40.47,40.531,40.589,40.65,40.701,40.732,40.769,40.819,40.86,40.907,40.961,41.008,41.037,41.079,41.122,41.164,41.193,41.23,41.274,41.313,41.35,41.39,41.441,41.484,41.528,41.566,41.619,41.656,41.688,41.739,41.77,41.802,41.828,41.861,41.902,41.94,41.985,42.015,42.057,42.107,42.163,42.202,42.242,42.287,42.331,42.382,42.418,42.454,42.517,42.562,42.621,42.677,42.728,42.777,42.831,42.893,42.939,43.001,43.047,43.113,43.164,43.209,43.276,43.357,43.419,43.474,43.569,43.67,43.756,43.85,43.95,44.098,44.228,44.34,44.501,44.708,45.026,45.32,46.339
414,LNP FP,36.939,38.073,38.534,38.805,39.033,39.202,39.331,39.43,39.545,39.645,39.745,39.813,39.909,39.994,40.046,40.1,40.181,40.235,40.299,40.361,40.408,40.456,40.497,40.54,40.596,40.64,40.691,40.732,40.778,40.833,40.885,40.924,40.964,41.011,41.05,41.094,41.131,41.17,41.226,41.266,41.302,41.341,41.375,41.417,41.443,41.488,41.519,41.567,41.603,41.644,41.683,41.716,41.744,41.777,41.815,41.863,41.911,41.958,42.002,42.043,42.087,42.127,42.174,42.22,42.274,42.314,42.346,42.393,42.43,42.464,42.495,42.545,42.593,42.645,42.704,42.749,42.789,42.852,42.895,42.966,43.03,43.086,43.157,43.228,43.285,43.334,43.399,43.452,43.538,43.624,43.741,43.837,43.928,44.037,44.15,44.252,44.433,44.65,44.867,45.367,46.123
415,LNP FP,36.939,38.073,38.534,38.805,39.033,39.202,39.331,39.43,39.545,39.645,39.745,39.813,39.909,39.994,40.046,40.1,40.181,40.235,40.299,40.361,40.408,40.456,40.497,40.54,40.596,40.64,40.691,40.732,40.778,40.833,40.885,40.924,40.964,41.011,41.05,41.094,41.131,41.17,41.226,41.266,41.302,41.341,41.375,41.417,41.443,41.488,41.519,41.567,41.603,41.644,41.683,41.716,41.744,41.777,41.815,41.863,41.911,41.958,42.002,42.043,42.087,42.127,42.174,42.22,42.274,42.314,42.346,42.393,42.43,42.464,42.495,42.545,42.593,42.645,42.704,42.749,42.789,42.852,42.895,42.966,43.03,43.086,43.157,43.228,43.285,43.334,43.399,43.452,43.538,43.624,43.741,43.837,43.928,44.037,44.15,44.252,44.433,44.65,44.867,45.367,46.123
416,LNP FP,36.725,38.088,38.479,38.698,38.928,39.112,39.309,39.443,39.564,39.646,39.735,39.799,39.887,39.954,40.014,40.09,40.168,40.235,40.286,40.366,40.425,40.472,40.517,40.56,40.626,40.674,40.725,40.762,40.798,40.839,40.884,40.948,40.994,41.024,41.071,41.124,41.163,41.202,41.246,41.284,41.318,41.343,41.38,41.413,41.442,41.483,41.531,41.569,41.612,41.648,41.686,41.718,41.746,41.788,41.822,41.859,41.902,41.958,42.003,42.053,42.095,42.127,42.171,42.202,42.228,42.284,42.326,42.363,42.427,42.469,42.506,42.549,42.603,42.647,42.698,42.737,42.775,42.841,42.893,42.942,43.017,43.074,43.137,43.19,43.273,43.362,43.416,43.489,43.557,43.664,43.769,43.861,43.947,44.02,44.162,44.282,44.425,44.619,44.829,45.46,46.214
417,LNP FP,36.725,38.088,38.479,38.698,38.928,39.112,39.309,39.443,39.564,39.646,39.735,39.799,39.887,39.954,40.014,40.09,40.168,40.235,40.286,40.366,40.425,40.472,40.517,40.56,40.626,40.674,40.725,40.762,40.798,40.839,40.884,40.948,40.994,41.024,41.071,41.124,41.163,41.202,41.246,41.284,41.318,41.343,41.38,41.413,41.442,41.483,41.531,41.569,41.612,41.648,41.686,41.718,41.746,41.788,41.822,41.859,41.902,41.958,42.003,42.053,42.095,42.127,42.171,42.202,42.228,42.284,42.326,42.363,42.427,42.469,42.506,42.549,42.603,42.647,42.698,42.737,42.775,42.841,42.893,42.942,43.017,43.074,43.137,43.19,43.273,43.362,43.416,43.489,43.557,43.664,43.769,43.861,43.947,44.02,44.162,44.282,44.425,44.619,44.829,45.46,46.214
418,LNP FP,36.774,37.961,38.416,38.677,38.922,39.108,39.257,39.368,39.482,39.608,39.676,39.735,39.803,39.861,39.959,40.028,40.091,40.165,40.241,40.306,40.368,40.422,40.481,40.531,40.582,40.633,40.69,40.742,40.775,40.847,40.895,40.933,40.982,41.023,41.065,41.125,41.162,41.194,41.238,41.285,41.326,41.358,41.384,41.429,41.474,41.519,41.565,41.601,41.652,41.685,41.717,41.757,41.8,41.829,41.877,41.919,41.967,42.007,42.043,42.076,42.109,42.156,42.192,42.235,42.279,42.317,42.349,42.39,42.437,42.475,42.509,42.554,42.607,42.643,42.693,42.739,42.783,42.815,42.879,42.909,42.978,43.047,43.107,43.19,43.27,43.354,43.449,43.515,43.572,43.627,43.714,43.826,43.908,44.011,44.143,44.299,44.437,44.612,44.881,45.403,46.701
419,LNP FP,36.774,37.961,38.416,38.677,38.922,39.108,39.257,39.368,39.482,39.608,39.676,39.735,39.803,39.861,39.959,40.028,40.091,40.165,40.241,40.306,40.368,40.422,40.481,40.531,40.582,40.633,40.69,40.742,40.775,40.847,40.895,40.933,40.982,41.023,41.065,41.125,41.162,41.194,41.238,41.285,41.326,41.358,41.384,41.429,41.474,41.519,41.565,41.601,41.652,41.685,41.717,41.757,41.8,41.829,41.877,41.919,41.967,42.007,42.043,42.076,42.109,42.156,42.192,42.235,42.279,42.317,42.349,42.39,42.437,42.475,42.509,42.554,42.607,42.643,42.693,42.739,42.783,42.815,42.879,42.909,42.978,43.047,43.107,43.19,43.27,43.354,43.449,43.515,43.572,43.627,43.714,43.826,43.908,44.011,44.143,44.299,44.437,44.612,44.881,45.403,46.701
420,LNP FP,36.634,37.989,38.4,38.657,38.871,39.075,39.243,39.372,39.458,39.552,39.642,39.688,39.786,39.848,39.935,40.016,40.101,40.17,40.234,40.327,40.374,40.421,40.481,40.543,40.606,40.656,40.692,40.751,40.793,40.85,40.893,40.947,40.98,41.014,41.053,41.092,41.125,41.181,41.227,41.274,41.311,41.345,41.385,41.423,41.456,41.503,41.547,41.584,41.626,41.672,41.715,41.759,41.795,41.83,41.87,41.898,41.937,41.983,42.019,42.063,42.096,42.13,42.173,42.213,42.26,42.298,42.339,42.381,42.409,42.442,42.49,42.543,42.59,42.639,42.688,42.743,42.781,42.834,42.923,42.983,43.032,43.108,43.15,43.195,43.283,43.355,43.426,43.509,43.593,43.684,43.765,43.86,43.946,44.048,44.172,44.284,44.434,44.583,44.941,45.392,46.788
421,LNP FP,36.634,37.989,38.4,38.657,38.871,39.075,39.243,39.372,39.458,39.552,39.642,39.688,39.786,39.848,39.935,40.016,40.101,40.17,40.234,40.327,40.374,40.421,40.481,40.543,40.606,40.656,40.692,40.751,40.793,40.85,40.893,40.947,40.98,41.014,41.053,41.092,41.125,41.181,41.227,41.274,41.311,41.345,41.385,41.423,41.456,41.503,41.547,41.584,41.626,41.672,41.715,41.759,41.795,41.83,41.87,41.898,41.937,41.983,42.019,42.063,42.096,42.13,42.173,42.213,42.26,42.298,42.339,42.381,42.409,42.442,42.49,42.543,42.59,42.639,42.688,42.743,42.781,42.834,42.923,42.983,43.032,43.108,43.15,43.195,43.283,43.355,43.426,43.509,43.593,43.684,43.765,43.86,43.946,44.048,44.172,44.284,44.434,44.583,44.941,45.392,46.788
422,LNP FP,36.55,37.867,38.262,38.564,38.863,39.078,39.193,39.329,39.435,39.524,39.613,39.716,39.787,39.832,39.909,39.985,40.09,40.184,40.236,40.292,40.348,40.405,40.452,40.516,40.563,40.595,40.658,40.707,40.759,40.818,40.86,40.905,40.95,40.994,41.027,41.055,41.097,41.159,41.211,41.25,41.291,41.331,41.382,41.42,41.452,41.495,41.532,41.574,41.61,41.647,41.681,41.712,41.758,41.793,41.844,41.888,41.921,41.972,42.011,42.053,42.099,42.131,42.178,42.23,42.263,42.297,42.35,42.39,42.438,42.466,42.507,42.544,42.608,42.649,42.697,42.751,42.784,42.83,42.883,42.947,43.003,43.053,43.133,43.184,43.255,43.347,43.437,43.528,43.591,43.696,43.782,43.866,43.95,44.064,44.169,44.323,44.495,44.681,44.982,45.318,47.04
423,LNP FP,36.55,37.867,38.262,38.564,38.863,39.078,39.193,39.329,39.435,39.524,39.613,39.716,39.787,39.832,39.909,39.985,40.09,40.184,40.236,40.292,40.348,40.405,40.452,40.516,40.563,40.595,40.658,40.707,40.759,40.818,40.86,40.905,40.95,40.994,41.027,41.055,41.097,41.159,41.211,41.25,41.291,41.331,41.382,41.42,41.452,41.495,41.532,41.574,41.61,41.647,41.681,41.712,41.758,41.793,41.844,41.888,41.921,41.972,42.011,42.053,42.099,42.131,42.178,42.23,42.263,42.297,42.35,42.39,42.438,42.466,42.507,42.544,42.608,42.649,42.697,42.751,42.784,42.83,42.883,42.947,43.003,43.053,43.133,43.184,43.255,43.347,43.437,43.528,43.591,43.696,43.782,43.866,43.95,44.064,44.169,44.323,44.495,44.681,44.982,45.318,47.04
424,LNP FP,36.718,37.832,38.315,38.545,38.814,39.02,39.156,39.279,39.42,39.521,39.602,39.691,39.786,39.864,39.93,39.998,40.08,40.142,40.196,40.259,40.319,40.381,40.429,40.491,40.549,40.59,40.624,40.679,40.737,40.79,40.828,40.886,40.94,40.991,41.047,41.096,41.13,41.164,41.205,41.24,41.279,41.311,41.351,41.395,41.444,41.483,41.52,41.559,41.6,41.641,41.681,41.727,41.759,41.789,41.818,41.859,41.905,41.946,41.979,42.023,42.066,42.107,42.16,42.196,42.247,42.288,42.327,42.362,42.395,42.438,42.497,42.533,42.595,42.639,42.692,42.752,42.811,42.868,42.919,42.971,43.018,43.075,43.149,43.219,43.285,43.352,43.405,43.49,43.562,43.625,43.731,43.839,43.947,44.031,44.197,44.306,44.524,44.744,45.027,45.382,46.858
425,LNP FP,36.718,37.832,38.315,38.545,38.814,39.02,39.156,39.279,39.42,39.521,39.602,39.691,39.786,39.864,39.93,39.998,40.08,40.142,40.196,40.259,40.319,40.381,40.429,40.491,40.549,40.59,40.624,40.679,40.737,40.79,40.828,40.886,40.94,40.991,41.047,41.096,41.13,41.164,41.205,41.24,41.279,41.311,41.351,41.395,41.444,41.483,41.52,41.559,41.6,41.641,41.681,41.727,41.759,41.789,41.818,41.859,41.905,41.946,41.979,42.023,42.066,42.107,42.16,42.196,42.247,42.288,42.327,42.362,42.395,42.438,42.497,42.533,42.595,42.639,42.692,42.752,42.811,42.868,42.919,42.971,43.018,43.075,43.149,43.219,43.285,43.352,43.405,43.49,43.562,43.625,43.731,43.839,43.947,44.031,44.197,44.306,44.524,44.744,45.027,45.382,46.858
426,LNP FP,36.728,37.757,38.258,38.544,38.807,38.986,39.115,39.25,39.369,39.472,39.611,39.697,39.761,39.833,39.91,39.983,40.057,40.113,40.185,40.229,40.327,40.371,40.406,40.468,40.526,40.568,40.619,40.68,40.736,40.775,40.816,40.854,40.902,40.943,41.001,41.05,41.083,41.132,41.165,41.214,41.255,41.297,41.34,41.374,41.426,41.468,41.504,41.546,41.602,41.636,41.668,41.705,41.729,41.765,41.799,41.842,41.885,41.924,41.961,42.004,42.055,42.085,42.134,42.171,42.205,42.242,42.272,42.321,42.354,42.394,42.439,42.509,42.568,42.63,42.67,42.729,42.783,42.841,42.887,42.953,43.011,43.097,43.167,43.215,43.293,43.365,43.439,43.511,43.586,43.67,43.769,43.865,43.939,44.084,44.197,44.367,44.586,44.794,45.038,45.288,46.334
427,LNP FP,36.728,37.757,38.258,38.544,38.807,38.986,39.115,39.25,39.369,39.472,39.611,39.697,39.761,39.833,39.91,39.983,40.057,40.113,40.185,40.229,40.327,40.371,40.406,40.468,40.526,40.568,40.619,40.68,40.736,40.775,40.816,40.854,40.902,40.943,41.001,41.05,41.083,41.132,41.165,41.214,41.255,41.297,41.34,41.374,41.426,41.468,41.504,41.546,41.602,41.636,41.668,41.705,41.729,41.765,41.799,41.842,41.885,41.924,41.961,42.004,42.055,42.085,42.134,42.171,42.205,42.242,42.272,42.321,42.354,42.394,42.439,42.509,42.568,42.63,42.67,42.729,42.783,42.841,42.887,42.953,43.011,43.097,43.167,43.215,43.293,43.365,43.439,43.511,43.586,43.67,43.769,43.865,43.939,44.084,44.197,44.367,44.586,44.794,45.038,45.288,46.334
428,LNP FP,36.75,37.795,38.19,38.508,38.74,38.948,39.121,39.233,39.354,39.475,39.577,39.655,39.731,39.798,39.913,39.97,40.05,40.122,40.191,40.237,40.291,40.366,40.411,40.481,40.516,40.578,40.625,40.67,40.719,40.762,40.81,40.871,40.904,40.954,40.99,41.038,41.085,41.12,41.176,41.21,41.253,41.294,41.334,41.372,41.407,41.443,41.484,41.531,41.574,41.615,41.651,41.698,41.738,41.781,41.83,41.866,41.905,41.934,41.965,42.02,42.054,42.09,42.128,42.181,42.216,42.248,42.293,42.354,42.387,42.436,42.47,42.519,42.57,42.623,42.681,42.731,42.806,42.853,42.891,42.955,42.994,43.066,43.117,43.182,43.259,43.338,43.414,43.515,43.587,43.664,43.766,43.885,44.013,44.122,44.237,44.394,44.528,44.762,45.007,45.461,46.394
429,LNP FP,36.75,37.795,38.19,38.508,38.74,38.948,39.121,39.233,39.354,39.475,39.577,39.655,39.731,39.798,39.913,39.97,40.05,40.122,40.191,40.237,40.291,40.366,40.411,40.481,40.516,40.578,40.625,40.67,40.719,40.762,40.81,40.871,40.904,40.954,40.99,41.038,41.085,41.12,41.176,41.21,41.253,41.294,41.334,41.372,41.407,41.443,41.484,41.531,41.574,41.615,41.651,41.698,41.738,41.781,41.83,41.866,41.905,41.934,41.965,42.02,42.054,42.09,42.128,42.181,42.216,42.248,42.293,42.354,42.387,42.436,42.47,42.519,42.57,42.623,42.681,42.731,42.806,42.853,42.891,42.955,42.994,43.066,43.117,43.182,43.259,43.338,43.414,43.515,43.587,43.664,43.766,43.885,44.013,44.122,44.237,44.394,44.528,44.762,45.007,45.461,46.394
430,LNP FP,36.577,37.68,38.286,38.465,38.712,38.886,39.027,39.167,39.282,39.419,39.524,39.621,39.698,39.775,39.847,39.937,40.015,40.081,40.138,40.199,40.267,40.336,40.399,40.467,40.515,40.568,40.629,40.667,40.725,40.773,40.845,40.906,40.944,40.991,41.032,41.074,41.108,41.14,41.172,41.208,41.249,41.289,41.334,41.375,41.406,41.442,41.486,41.516,41.562,41.584,41.642,41.674,41.71,41.743,41.782,41.827,41.877,41.92,41.96,41.996,42.055,42.108,42.143,42.18,42.222,42.267,42.303,42.341,42.39,42.429,42.477,42.527,42.592,42.651,42.693,42.741,42.8,42.85,42.892,42.944,42.987,43.05,43.143,43.195,43.277,43.348,43.411,43.507,43.587,43.716,43.803,43.907,43.972,44.096,44.218,44.366,44.55,44.755,45.04,45.61,46.335
431,LNP FP,36.577,37.68,38.286,38.465,38.712,38.886,39.027,39.167,39.282,39.419,39.524,39.621,39.698,39.775,39.847,39.937,40.015,40.081,40.138,40.199,40.267,40.336,40.399,40.467,40.515,40.568,40.629,40.667,40.725,40.773,40.845,40.906,40.944,40.991,41.032,41.074,41.108,41.14,41.172,41.208,41.249,41.289,41.334,41.375,41.406,41.442,41.486,41.516,41.562,41.584,41.642,41.674,41.71,41.743,41.782,41.827,41.877,41.92,41.96,41.996,42.055,42.108,42.143,42.18,42.222,42.267,42.303,42.341,42.39,42.429,42.477,42.527,42.592,42.651,42.693,42.741,42.8,42.85,42.892,42.944,42.987,43.05,43.143,43.195,43.277,43.348,43.411,43.507,43.587,43.716,43.803,43.907,43.972,44.096,44.218,44.366,44.55,44.755,45.04,45.61,46.335
432,LNP FP,36.323,37.622,38.198,38.48,38.691,38.805,38.975,39.15,39.278,39.376,39.465,39.553,39.674,39.732,39.81,39.905,39.999,40.067,40.131,40.211,40.258,40.315,40.393,40.455,40.525,40.593,40.647,40.696,40.754,40.802,40.838,40.896,40.93,40.963,41.0,41.027,41.056,41.093,41.132,41.178,41.226,41.263,41.302,41.352,41.391,41.437,41.473,41.518,41.55,41.594,41.633,41.687,41.727,41.762,41.803,41.838,41.884,41.92,41.962,42.0,42.045,42.097,42.152,42.184,42.225,42.284,42.329,42.374,42.405,42.45,42.491,42.54,42.585,42.638,42.692,42.739,42.788,42.846,42.941,42.995,43.04,43.101,43.152,43.218,43.298,43.356,43.433,43.526,43.622,43.707,43.778,43.903,43.987,44.103,44.208,44.395,44.553,44.769,45.088,45.576,46.364
433,LNP FP,36.323,37.622,38.198,38.48,38.691,38.805,38.975,39.15,39.278,39.376,39.465,39.553,39.674,39.732,39.81,39.905,39.999,40.067,40.131,40.211,40.258,40.315,40.393,40.455,40.525,40.593,40.647,40.696,40.754,40.802,40.838,40.896,40.93,40.963,41.0,41.027,41.056,41.093,41.132,41.178,41.226,41.263,41.302,41.352,41.391,41.437,41.473,41.518,41.55,41.594,41.633,41.687,41.727,41.762,41.803,41.838,41.884,41.92,41.962,42.0,42.045,42.097,42.152,42.184,42.225,42.284,42.329,42.374,42.405,42.45,42.491,42.54,42.585,42.638,42.692,42.739,42.788,42.846,42.941,42.995,43.04,43.101,43.152,43.218,43.298,43.356,43.433,43.526,43.622,43.707,43.778,43.903,43.987,44.103,44.208,44.395,44.553,44.769,45.088,45.576,46.364
434,LNP FP,36.353,37.676,38.128,38.511,38.676,38.82,38.955,39.107,39.234,39.328,39.427,39.544,39.633,39.746,39.827,39.91,39.987,40.071,40.148,40.214,40.29,40.346,40.408,40.468,40.526,40.573,40.615,40.662,40.71,40.758,40.802,40.841,40.875,40.91,40.957,41.013,41.057,41.105,41.143,41.186,41.218,41.256,41.293,41.34,41.386,41.429,41.459,41.495,41.541,41.592,41.638,41.672,41.713,41.762,41.806,41.857,41.892,41.94,41.978,42.013,42.058,42.098,42.14,42.176,42.21,42.263,42.311,42.353,42.394,42.451,42.498,42.557,42.603,42.664,42.721,42.793,42.847,42.911,42.955,43.002,43.072,43.135,43.187,43.242,43.298,43.362,43.45,43.525,43.593,43.671,43.766,43.885,44.016,44.126,44.28,44.417,44.567,44.767,45.171,45.63,46.295
435,LNP FP,36.353,37.676,38.128,38.511,38.676,38.82,38.955,39.107,39.234,39.328,39.427,39.544,39.633,39.746,39.827,39.91,39.987,40.071,40.148,40.214,40.29,40.346,40.408,40.468,40.526,40.573,40.615,40.662,40.71,40.758,40.802,40.841,40.875,40.91,40.957,41.013,41.057,41.105,41.143,41.186,41.218,41.256,41.293,41.34,41.386,41.429,41.459,41.495,41.541,41.592,41.638,41.672,41.713,41.762,41.806,41.857,41.892,41.94,41.978,42.013,42.058,42.098,42.14,42.176,42.21,42.263,42.311,42.353,42.394,42.451,42.498,42.557,42.603,42.664,42.721,42.793,42.847,42.911,42.955,43.002,43.072,43.135,43.187,43.242,43.298,43.362,43.45,43.525,43.593,43.671,43.766,43.885,44.016,44.126,44.28,44.417,44.567,44.767,45.171,45.63,46.295
436,LNP FP,36.333,37.636,38.173,38.476,38.664,38.839,39.008,39.13,39.287,39.411,39.484,39.557,39.658,39.731,39.813,39.889,39.981,40.074,40.145,40.215,40.264,40.333,40.383,40.44,40.517,40.564,40.611,40.66,40.709,40.759,40.806,40.841,40.885,40.925,40.965,41.005,41.039,41.076,41.11,41.149,41.199,41.242,41.283,41.35,41.389,41.443,41.502,41.525,41.562,41.607,41.655,41.691,41.729,41.758,41.787,41.83,41.877,41.918,41.964,42.0,42.052,42.092,42.126,42.18,42.23,42.262,42.302,42.344,42.401,42.444,42.48,42.532,42.584,42.634,42.7,42.753,42.81,42.865,42.929,42.979,43.044,43.124,43.18,43.251,43.334,43.374,43.457,43.52,43.595,43.694,43.765,43.89,44.027,44.129,44.292,44.462,44.646,44.849,45.167,45.494,46.433
437,LNP FP,36.333,37.636,38.173,38.476,38.664,38.839,39.008,39.13,39.287,39.411,39.484,39.557,39.658,39.731,39.813,39.889,39.981,40.074,40.145,40.215,40.264,40.333,40.383,40.44,40.517,40.564,40.611,40.66,40.709,40.759,40.806,40.841,40.885,40.925,40.965,41.005,41.039,41.076,41.11,41.149,41.199,41.242,41.283,41.35,41.389,41.443,41.502,41.525,41.562,41.607,41.655,41.691,41.729,41.758,41.787,41.83,41.877,41.918,41.964,42.0,42.052,42.092,42.126,42.18,42.23,42.262,42.302,42.344,42.401,42.444,42.48,42.532,42.584,42.634,42.7,42.753,42.81,42.865,42.929,42.979,43.044,43.124,43.18,43.251,43.334,43.374,43.457,43.52,43.595,43.694,43.765,43.89,44.027,44.129,44.292,44.462,44.646,44.849,45.167,45.494,46.433
438,LNP FP,36.044,37.661,38.239,38.423,38.61,38.755,38.986,39.138,39.269,39.391,39.477,39.592,39.691,39.757,39.809,39.899,39.986,40.051,40.106,40.172,40.236,40.315,40.371,40.421,40.48,40.541,40.582,40.628,40.676,40.728,40.775,40.816,40.876,40.922,40.965,41.004,41.046,41.088,41.126,41.18,41.222,41.268,41.319,41.356,41.393,41.441,41.483,41.522,41.56,41.612,41.649,41.685,41.722,41.757,41.804,41.853,41.898,41.938,41.98,42.023,42.061,42.102,42.157,42.192,42.234,42.264,42.315,42.363,42.404,42.449,42.488,42.531,42.588,42.642,42.703,42.743,42.793,42.844,42.906,42.961,43.025,43.1,43.168,43.232,43.292,43.354,43.422,43.507,43.613,43.686,43.79,43.928,44.015,44.138,44.3,44.401,44.597,44.869,45.143,45.427,46.353
439,LNP FP,36.044,37.661,38.239,38.423,38.61,38.755,38.986,39.138,39.269,39.391,39.477,39.592,39.691,39.757,39.809,39.899,39.986,40.051,40.106,40.172,40.236,40.315,40.371,40.421,40.48,40.541,40.582,40.628,40.676,40.728,40.775,40.816,40.876,40.922,40.965,41.004,41.046,41.088,41.126,41.18,41.222,41.268,41.319,41.356,41.393,41.441,41.483,41.522,41.56,41.612,41.649,41.685,41.722,41.757,41.804,41.853,41.898,41.938,41.98,42.023,42.061,42.102,42.157,42.192,42.234,42.264,42.315,42.363,42.404,42.449,42.488,42.531,42.588,42.642,42.703,42.743,42.793,42.844,42.906,42.961,43.025,43.1,43.168,43.232,43.292,43.354,43.422,43.507,43.613,43.686,43.79,43.928,44.015,44.138,44.3,44.401,44.597,44.869,45.143,45.427,46.353
440,LNP FP,36.228,37.823,38.171,38.43,38.657,38.818,38.981,39.127,39.254,39.356,39.446,39.558,39.672,39.762,39.847,39.917,39.984,40.063,40.138,40.195,40.24,40.297,40.348,40.404,40.457,40.518,40.567,40.618,40.665,40.707,40.769,40.815,40.87,40.918,40.962,41.015,41.064,41.102,41.154,41.18,41.221,41.276,41.316,41.344,41.379,41.423,41.457,41.483,41.526,41.566,41.612,41.657,41.7,41.751,41.79,41.836,41.879,41.913,41.961,42.003,42.05,42.093,42.142,42.176,42.213,42.262,42.314,42.358,42.417,42.461,42.506,42.544,42.59,42.641,42.699,42.731,42.775,42.833,42.906,42.955,43.04,43.101,43.162,43.221,43.278,43.367,43.43,43.529,43.591,43.678,43.78,43.855,43.952,44.096,44.214,44.39,44.604,44.852,45.114,45.501,46.469
441,LNP FP,36.228,37.823,38.171,38.43,38.657,38.818,38.981,39.127,39.254,39.356,39.446,39.558,39.672,39.762,39.847,39.917,39.984,40.063,40.138,40.195,40.24,40.297,40.348,40.404,40.457,40.518,40.567,40.618,40.665,40.707,40.769,40.815,40.87,40.918,40.962,41.015,41.064,41.102,41.154,41.18,41.221,41.276,41.316,41.344,41.379,41.423,41.457,41.483,41.526,41.566,41.612,41.657,41.7,41.751,41.79,41.836,41.879,41.913,41.961,42.003,42.05,42.093,42.142,42.176,42.213,42.262,42.314,42.358,42.417,42.461,42.506,42.544,42.59,42.641,42.699,42.731,42.775,42.833,42.906,42.955,43.04,43.101,43.162,43.221,43.278,43.367,43.43,43.529,43.591,43.678,43.78,43.855,43.952,44.096,44.214,44.39,44.604,44.852,45.114,45.501,46.469
442,LNP FP,36.277,37.711,38.119,38.341,38.569,38.752,38.934,39.058,39.208,39.336,39.462,39.574,39.649,39.741,39.825,39.9,39.979,40.052,40.099,40.155,40.214,40.266,40.328,40.397,40.447,40.513,40.57,40.631,40.683,40.731,40.782,40.833,40.885,40.923,40.973,41.029,41.063,41.105,41.147,41.204,41.238,41.268,41.315,41.347,41.382,41.434,41.462,41.505,41.537,41.563,41.612,41.657,41.689,41.731,41.766,41.814,41.862,41.904,41.956,41.996,42.021,42.085,42.119,42.178,42.23,42.274,42.312,42.347,42.394,42.449,42.5,42.537,42.593,42.629,42.676,42.723,42.775,42.835,42.897,42.965,43.028,43.094,43.146,43.211,43.282,43.362,43.417,43.497,43.597,43.667,43.735,43.827,43.941,44.102,44.22,44.379,44.527,44.785,45.077,45.537,46.412
443,LNP FP,36.277,37.711,38.119,38.341,38.569,38.752,38.934,39.058,39.208,39.336,39.462,39.574,39.649,39.741,39.825,39.9,39.979,40.052,40.099,40.155,40.214,40.266,40.328,40.397,40.447,40.513,40.57,40.631,40.683,40.731,40.782,40.833,40.885,40.923,40.973,41.029,41.063,41.105,41.147,41.204,41.238,41.268,41.315,41.347,41.382,41.434,41.462,41.505,41.537,41.563,41.612,41.657,41.689,41.731,41.766,41.814,41.862,41.904,41.956,41.996,42.021,42.085,42.119,42.178,42.23,42.274,42.312,42.347,42.394,42.449,42.5,42.537,42.593,42.629,42.676,42.723,42.775,42.835,42.897,42.965,43.028,43.094,43.146,43.211,43.282,43.362,43.417,43.497,43.597,43.667,43.735,43.827,43.941,44.102,44.22,44.379,44.527,44.785,45.077,45.537,46.412
444,LNP FP,36.281,37.716,38.104,38.358,38.569,38.709,38.898,39.025,39.149,39.287,39.427,39.512,39.617,39.678,39.762,39.853,39.912,39.984,40.052,40.133,40.199,40.265,40.32,40.378,40.416,40.484,40.526,40.583,40.643,40.694,40.744,40.808,40.847,40.905,40.954,41.009,41.074,41.122,41.187,41.214,41.248,41.29,41.323,41.36,41.389,41.433,41.485,41.518,41.556,41.593,41.634,41.675,41.726,41.757,41.802,41.844,41.878,41.911,41.953,41.99,42.018,42.057,42.106,42.149,42.198,42.24,42.28,42.319,42.37,42.427,42.468,42.526,42.576,42.645,42.686,42.726,42.797,42.852,42.907,42.958,43.024,43.081,43.139,43.213,43.277,43.326,43.422,43.508,43.571,43.657,43.736,43.829,43.933,44.06,44.205,44.386,44.602,44.759,45.085,45.545,46.512
445,LNP FP,36.281,37.716,38.104,38.358,38.569,38.709,38.898,39.025,39.149,39.287,39.427,39.512,39.617,39.678,39.762,39.853,39.912,39.984,40.052,40.133,40.199,40.265,40.32,40.378,40.416,40.484,40.526,40.583,40.643,40.694,40.744,40.808,40.847,40.905,40.954,41.009,41.074,41.122,41.187,41.214,41.248,41.29,41.323,41.36,41.389,41.433,41.485,41.518,41.556,41.593,41.634,41.675,41.726,41.757,41.802,41.844,41.878,41.911,41.953,41.99,42.018,42.057,42.106,42.149,42.198,42.24,42.28,42.319,42.37,42.427,42.468,42.526,42.576,42.645,42.686,42.726,42.797,42.852,42.907,42.958,43.024,43.081,43.139,43.213,43.277,43.326,43.422,43.508,43.571,43.657,43.736,43.829,43.933,44.06,44.205,44.386,44.602,44.759,45.085,45.545,46.512
446,LNP FP,36.583,37.716,38.11,38.347,38.553,38.737,38.87,39.006,39.164,39.269,39.387,39.493,39.57,39.68,39.761,39.82,39.912,39.973,40.06,40.109,40.179,40.228,40.269,40.322,40.399,40.47,40.524,40.588,40.639,40.699,40.746,40.785,40.839,40.876,40.926,40.975,41.021,41.073,41.112,41.153,41.192,41.22,41.271,41.304,41.343,41.389,41.443,41.49,41.536,41.569,41.601,41.648,41.69,41.735,41.778,41.82,41.87,41.907,41.945,41.986,42.028,42.063,42.109,42.15,42.191,42.242,42.282,42.329,42.375,42.415,42.465,42.498,42.543,42.614,42.658,42.723,42.771,42.83,42.873,42.922,42.964,43.036,43.115,43.181,43.255,43.341,43.418,43.5,43.585,43.66,43.749,43.835,43.934,44.085,44.228,44.371,44.578,44.785,45.115,45.563,46.479
447,LNP FP,36.583,37.716,38.11,38.347,38.553,38.737,38.87,39.006,39.164,39.269,39.387,39.493,39.57,39.68,39.761,39.82,39.912,39.973,40.06,40.109,40.179,40.228,40.269,40.322,40.399,40.47,40.524,40.588,40.639,40.699,40.746,40.785,40.839,40.876,40.926,40.975,41.021,41.073,41.112,41.153,41.192,41.22,41.271,41.304,41.343,41.389,41.443,41.49,41.536,41.569,41.601,41.648,41.69,41.735,41.778,41.82,41.87,41.907,41.945,41.986,42.028,42.063,42.109,42.15,42.191,42.242,42.282,42.329,42.375,42.415,42.465,42.498,42.543,42.614,42.658,42.723,42.771,42.83,42.873,42.922,42.964,43.036,43.115,43.181,43.255,43.341,43.418,43.5,43.585,43.66,43.749,43.835,43.934,44.085,44.228,44.371,44.578,44.785,45.115,45.563,46.479
448,LNP FP,36.305,37.695,38.1,38.352,38.521,38.701,38.875,39.055,39.197,39.274,39.402,39.502,39.593,39.689,39.772,39.839,39.9,39.964,40.025,40.105,40.166,40.213,40.277,40.322,40.374,40.443,40.498,40.549,40.597,40.64,40.712,40.784,40.833,40.879,40.94,40.979,41.029,41.076,41.129,41.163,41.204,41.243,41.287,41.315,41.349,41.379,41.413,41.468,41.519,41.545,41.598,41.64,41.685,41.711,41.766,41.801,41.837,41.875,41.922,41.964,41.999,42.033,42.074,42.128,42.17,42.223,42.266,42.306,42.359,42.405,42.437,42.493,42.554,42.614,42.659,42.722,42.779,42.832,42.884,42.94,43.017,43.073,43.133,43.21,43.282,43.354,43.414,43.494,43.559,43.676,43.775,43.871,43.967,44.095,44.224,44.403,44.627,44.879,45.206,45.443,46.408
449,LNP FP,36.305,37.695,38.1,38.352,38.521,38.701,38.875,39.055,39.197,39.274,39.402,39.502,39.593,39.689,39.772,39.839,39.9,39.964,40.025,40.105,40.166,40.213,40.277,40.322,40.374,40.443,40.498,40.549,40.597,40.64,40.712,40.784,40.833,40.879,40.94,40.979,41.029,41.076,41.129,41.163,41.204,41.243,41.287,41.315,41.349,41.379,41.413,41.468,41.519,41.545,41.598,41.64,41.685,41.711,41.766,41.801,41.837,41.875,41.922,41.964,41.999,42.033,42.074,42.128,42.17,42.223,42.266,42.306,42.359,42.405,42.437,42.493,42.554,42.614,42.659,42.722,42.779,42.832,42.884,42.94,43.017,43.073,43.133,43.21,43.282,43.354,43.414,43.494,43.559,43.676,43.775,43.871,43.967,44.095,44.224,44.403,44.627,44.879,45.206,45.443,46.408
450,LNP FP,36.224,37.713,38.136,38.342,38.577,38.774,38.886,39.015,39.18,39.288,39.394,39.497,39.592,39.645,39.72,39.784,39.861,39.936,40.036,40.096,40.167,40.214,40.258,40.304,40.366,40.418,40.477,40.526,40.579,40.621,40.668,40.715,40.778,40.836,40.892,40.938,40.992,41.029,41.07,41.117,41.157,41.223,41.268,41.306,41.351,41.385,41.423,41.462,41.511,41.543,41.587,41.623,41.666,41.717,41.772,41.805,41.844,41.893,41.927,41.961,42.011,42.064,42.107,42.156,42.194,42.241,42.295,42.333,42.377,42.415,42.468,42.514,42.559,42.629,42.66,42.724,42.788,42.849,42.903,42.961,43.024,43.08,43.134,43.202,43.27,43.356,43.428,43.497,43.58,43.673,43.77,43.889,44.054,44.129,44.255,44.381,44.602,44.786,45.096,45.565,46.517
451,LNP FP,36.224,37.713,38.136,38.342,38.577,38.774,38.886,39.015,39.18,39.288,39.394,39.497,39.592,39.645,39.72,39.784,39.861,39.936,40.036,40.096,40.167,40.214,40.258,40.304,40.366,40.418,40.477,40.526,40.579,40.621,40.668,40.715,40.778,40.836,40.892,40.938,40.992,41.029,41.07,41.117,41.157,41.223,41.268,41.306,41.351,41.385,41.423,41.462,41.511,41.543,41.587,41.623,41.666,41.717,41.772,41.805,41.844,41.893,41.927,41.961,42.011,42.064,42.107,42.156,42.194,42.241,42.295,42.333,42.377,42.415,42.468,42.514,42.559,42.629,42.66,42.724,42.788,42.849,42.903,42.961,43.024,43.08,43.134,43.202,43.27,43.356,43.428,43.497,43.58,43.673,43.77,43.889,44.054,44.129,44.255,44.381,44.602,44.786,45.096,45.565,46.517
452,LNP FP,36.281,37.767,38.111,38.376,38.584,38.739,38.883,39.024,39.151,39.261,39.385,39.512,39.61,39.683,39.752,39.791,39.85,39.9,39.957,40.027,40.097,40.149,40.214,40.279,40.351,40.407,40.479,40.541,40.595,40.633,40.693,40.744,40.777,40.81,40.859,40.907,40.951,40.999,41.051,41.103,41.145,41.196,41.232,41.273,41.331,41.36,41.398,41.434,41.477,41.516,41.558,41.601,41.656,41.694,41.752,41.809,41.853,41.89,41.922,41.962,42.007,42.052,42.08,42.121,42.173,42.223,42.264,42.302,42.353,42.397,42.462,42.501,42.554,42.59,42.648,42.712,42.765,42.814,42.887,42.935,42.995,43.045,43.126,43.21,43.277,43.33,43.411,43.505,43.572,43.681,43.787,43.873,43.959,44.063,44.226,44.375,44.587,44.807,45.058,45.503,46.265
453,LNP FP,36.281,37.767,38.111,38.376,38.584,38.739,38.883,39.024,39.151,39.261,39.385,39.512,39.61,39.683,39.752,39.791,39.85,39.9,39.957,40.027,40.097,40.149,40.214,40.279,40.351,40.407,40.479,40.541,40.595,40.633,40.693,40.744,40.777,40.81,40.859,40.907,40.951,40.999,41.051,41.103,41.145,41.196,41.232,41.273,41.331,41.36,41.398,41.434,41.477,41.516,41.558,41.601,41.656,41.694,41.752,41.809,41.853,41.89,41.922,41.962,42.007,42.052,42.08,42.121,42.173,42.223,42.264,42.302,42.353,42.397,42.462,42.501,42.554,42.59,42.648,42.712,42.765,42.814,42.887,42.935,42.995,43.045,43.126,43.21,43.277,43.33,43.411,43.505,43.572,43.681,43.787,43.873,43.959,44.063,44.226,44.375,44.587,44.807,45.058,45.503,46.265
454,LNP FP,36.123,37.651,38.081,38.326,38.472,38.751,38.891,39.026,39.132,39.243,39.375,39.488,39.586,39.643,39.699,39.781,39.862,39.929,39.997,40.054,40.112,40.194,40.273,40.33,40.375,40.435,40.479,40.533,40.588,40.645,40.704,40.754,40.818,40.866,40.907,40.943,40.998,41.047,41.088,41.144,41.194,41.235,41.275,41.312,41.348,41.395,41.429,41.482,41.524,41.567,41.609,41.65,41.691,41.716,41.739,41.774,41.815,41.847,41.885,41.946,41.991,42.035,42.067,42.119,42.162,42.196,42.25,42.299,42.359,42.41,42.459,42.504,42.56,42.601,42.658,42.704,42.775,42.825,42.888,42.949,42.989,43.051,43.123,43.179,43.246,43.332,43.404,43.498,43.566,43.653,43.75,43.854,43.978,44.132,44.305,44.395,44.554,44.727,45.016,45.59,46.592
455,LNP FP,36.123,37.651,38.081,38.326,38.472,38.751,38.891,39.026,39.132,39.243,39.375,39.488,39.586,39.643,39.699,39.781,39.862,39.929,39.997,40.054,40.112,40.194,40.273,40.33,40.375,40.435,40.479,40.533,40.588,40.645,40.704,40.754,40.818,40.866,40.907,40.943,40.998,41.047,41.088,41.144,41.194,41.235,41.275,41.312,41.348,41.395,41.429,41.482,41.524,41.567,41.609,41.65,41.691,41.716,41.739,41.774,41.815,41.847,41.885,41.946,41.991,42.035,42.067,42.119,42.162,42.196,42.25,42.299,42.359,42.41,42.459,42.504,42.56,42.601,42.658,42.704,42.775,42.825,42.888,42.949,42.989,43.051,43.123,43.179,43.246,43.332,43.404,43.498,43.566,43.653,43.75,43.854,43.978,44.132,44.305,44.395,44.554,44.727,45.016,45.59,46.592
456,LNP FP,36.311,37.675,38.107,38.387,38.548,38.728,38.85,39.025,39.149,39.256,39.342,39.412,39.517,39.617,39.714,39.81,39.871,39.941,39.995,40.058,40.132,40.206,40.254,40.306,40.357,40.439,40.497,40.539,40.588,40.633,40.684,40.736,40.8,40.844,40.901,40.962,40.999,41.047,41.092,41.138,41.19,41.231,41.273,41.309,41.361,41.388,41.426,41.459,41.506,41.543,41.59,41.63,41.674,41.71,41.744,41.77,41.808,41.842,41.876,41.916,41.956,41.993,42.036,42.091,42.148,42.186,42.242,42.295,42.337,42.392,42.451,42.519,42.567,42.611,42.68,42.716,42.765,42.829,42.88,42.936,43.011,43.062,43.111,43.166,43.236,43.313,43.396,43.484,43.579,43.667,43.751,43.838,43.952,44.093,44.241,44.367,44.494,44.683,44.889,45.522,46.73
457,LNP FP,36.311,37.675,38.107,38.387,38.548,38.728,38.85,39.025,39.149,39.256,39.342,39.412,39.517,39.617,39.714,39.81,39.871,39.941,39.995,40.058,40.132,40.206,40.254,40.306,40.357,40.439,40.497,40.539,40.588,40.633,40.684,40.736,40.8,40.844,40.901,40.962,40.999,41.047,41.092,41.138,41.19,41.231,41.273,41.309,41.361,41.388,41.426,41.459,41.506,41.543,41.59,41.63,41.674,41.71,41.744,41.77,41.808,41.842,41.876,41.916,41.956,41.993,42.036,42.091,42.148,42.186,42.242,42.295,42.337,42.392,42.451,42.519,42.567,42.611,42.68,42.716,42.765,42.829,42.88,42.936,43.011,43.062,43.111,43.166,43.236,43.313,43.396,43.484,43.579,43.667,43.751,43.838,43.952,44.093,44.241,44.367,44.494,44.683,44.889,45.522,46.73
458,LNP FP,36.213,37.66,38.091,38.38,38.596,38.723,38.909,39.034,39.112,39.236,39.31,39.401,39.49,39.614,39.726,39.783,39.865,39.924,40.008,40.073,40.147,40.215,40.261,40.324,40.379,40.435,40.495,40.541,40.603,40.655,40.705,40.758,40.813,40.854,40.901,40.963,41.011,41.056,41.098,41.131,41.165,41.207,41.248,41.288,41.329,41.371,41.42,41.478,41.508,41.546,41.595,41.622,41.66,41.691,41.732,41.785,41.828,41.869,41.917,41.958,41.995,42.042,42.084,42.13,42.176,42.219,42.261,42.302,42.349,42.411,42.467,42.511,42.568,42.617,42.672,42.723,42.762,42.817,42.886,42.937,43.003,43.056,43.131,43.191,43.26,43.311,43.4,43.466,43.553,43.632,43.711,43.814,43.95,44.082,44.184,44.345,44.527,44.723,45.04,45.498,46.761
459,LNP FP,36.213,37.66,38.091,38.38,38.596,38.723,38.909,39.034,39.112,39.236,39.31,39.401,39.49,39.614,39.726,39.783,39.865,39.924,40.008,40.073,40.147,40.215,40.261,40.324,40.379,40.435,40.495,40.541,40.603,40.655,40.705,40.758,40.813,40.854,40.901,40.963,41.011,41.056,41.098,41.131,41.165,41.207,41.248,41.288,41.329,41.371,41.42,41.478,41.508,41.546,41.595,41.622,41.66,41.691,41.732,41.785,41.828,41.869,41.917,41.958,41.995,42.042,42.084,42.13,42.176,42.219,42.261,42.302,42.349,42.411,42.467,42.511,42.568,42.617,42.672,42.723,42.762,42.817,42.886,42.937,43.003,43.056,43.131,43.191,43.26,43.311,43.4,43.466,43.553,43.632,43.711,43.814,43.95,44.082,44.184,44.345,44.527,44.723,45.04,45.498,46.761
460,LNP FP,36.287,37.615,38.049,38.244,38.559,38.749,38.884,39.07,39.158,39.24,39.334,39.454,39.537,39.623,39.699,39.762,39.837,39.921,40.0,40.056,40.11,40.18,40.268,40.332,40.386,40.444,40.495,40.545,40.583,40.631,40.679,40.728,40.786,40.828,40.865,40.902,40.94,40.993,41.026,41.064,41.105,41.158,41.2,41.241,41.293,41.329,41.372,41.417,41.461,41.502,41.548,41.599,41.641,41.682,41.729,41.779,41.825,41.863,41.907,41.942,41.991,42.042,42.09,42.127,42.164,42.202,42.248,42.3,42.355,42.403,42.458,42.503,42.555,42.608,42.675,42.715,42.759,42.81,42.85,42.902,42.975,43.036,43.118,43.191,43.266,43.36,43.433,43.497,43.569,43.648,43.74,43.85,43.94,44.059,44.192,44.339,44.482,44.738,45.065,45.433,46.728
461,LNP FP,36.287,37.615,38.049,38.244,38.559,38.749,38.884,39.07,39.158,39.24,39.334,39.454,39.537,39.623,39.699,39.762,39.837,39.921,40.0,40.056,40.11,40.18,40.268,40.332,40.386,40.444,40.495,40.545,40.583,40.631,40.679,40.728,40.786,40.828,40.865,40.902,40.94,40.993,41.026,41.064,41.105,41.158,41.2,41.241,41.293,41.329,41.372,41.417,41.461,41.502,41.548,41.599,41.641,41.682,41.729,41.779,41.825,41.863,41.907,41.942,41.991,42.042,42.09,42.127,42.164,42.202,42.248,42.3,42.355,42.403,42.458,42.503,42.555,42.608,42.675,42.715,42.759,42.81,42.85,42.902,42.975,43.036,43.118,43.191,43.266,43.36,43.433,43.497,43.569,43.648,43.74,43.85,43.94,44.059,44.192,44.339,44.482,44.738,45.065,45.433,46.728
462,LNP FP,36.314,37.581,38.008,38.316,38.536,38.734,38.936,39.033,39.152,39.254,39.338,39.417,39.518,39.59,39.668,39.747,39.794,39.859,39.951,40.015,40.111,40.174,40.259,40.307,40.369,40.42,40.481,40.532,40.585,40.63,40.686,40.737,40.773,40.825,40.879,40.919,40.968,41.011,41.052,41.094,41.134,41.175,41.22,41.271,41.312,41.356,41.388,41.422,41.463,41.498,41.532,41.571,41.603,41.664,41.713,41.754,41.79,41.839,41.894,41.936,41.976,42.026,42.074,42.107,42.15,42.206,42.255,42.301,42.348,42.393,42.434,42.477,42.527,42.584,42.631,42.703,42.754,42.813,42.858,42.902,42.957,43.019,43.085,43.151,43.216,43.298,43.363,43.429,43.533,43.625,43.717,43.825,43.922,44.088,44.197,44.336,44.496,44.748,45.117,45.459,46.546
463,LNP FP,36.314,37.581,38.008,38.316,38.536,38.734,38.936,39.033,39.152,39.254,39.338,39.417,39.518,39.59,39.668,39.747,39.794,39.859,39.951,40.015,40.111,40.174,40.259,40.307,40.369,40.42,40.481,40.532,40.585,40.63,40.686,40.737,40.773,40.825,40.879,40.919,40.968,41.011,41.052,41.094,41.134,41.175,41.22,41.271,41.312,41.356,41.388,41.422,41.463,41.498,41.532,41.571,41.603,41.664,41.713,41.754,41.79,41.839,41.894,41.936,41.976,42.026,42.074,42.107,42.15,42.206,42.255,42.301,42.348,42.393,42.434,42.477,42.527,42.584,42.631,42.703,42.754,42.813,42.858,42.902,42.957,43.019,43.085,43.151,43.216,43.298,43.363,43.429,43.533,43.625,43.717,43.825,43.922,44.088,44.197,44.336,44.496,44.748,45.117,45.459,46.546
464,LNP FP,36.439,37.555,38.104,38.396,38.609,38.755,38.901,39.044,39.152,39.269,39.36,39.443,39.533,39.621,39.68,39.762,39.827,39.903,39.967,40.033,40.13,40.184,40.233,40.294,40.366,40.412,40.463,40.507,40.553,40.608,40.645,40.694,40.739,40.808,40.861,40.903,40.969,41.004,41.046,41.088,41.117,41.155,41.212,41.248,41.294,41.334,41.362,41.4,41.439,41.479,41.517,41.54,41.6,41.647,41.688,41.733,41.784,41.822,41.872,41.907,41.967,42.036,42.069,42.125,42.171,42.221,42.276,42.324,42.383,42.425,42.465,42.524,42.559,42.598,42.648,42.689,42.724,42.772,42.843,42.904,42.961,43.022,43.068,43.129,43.187,43.264,43.345,43.414,43.514,43.593,43.687,43.791,43.906,44.003,44.149,44.291,44.462,44.764,44.999,45.386,46.29
465,LNP FP,36.439,37.555,38.104,38.396,38.609,38.755,38.901,39.044,39.152,39.269,39.36,39.443,39.533,39.621,39.68,39.762,39.827,39.903,39.967,40.033,40.13,40.184,40.233,40.294,40.366,40.412,40.463,40.507,40.553,40.608,40.645,40.694,40.739,40.808,40.861,40.903,40.969,41.004,41.046,41.088,41.117,41.155,41.212,41.248,41.294,41.334,41.362,41.4,41.439,41.479,41.517,41.54,41.6,41.647,41.688,41.733,41.784,41.822,41.872,41.907,41.967,42.036,42.069,42.125,42.171,42.221,42.276,42.324,42.383,42.425,42.465,42.524,42.559,42.598,42.648,42.689,42.724,42.772,42.843,42.904,42.961,43.022,43.068,43.129,43.187,43.264,43.345,43.414,43.514,43.593,43.687,43.791,43.906,44.003,44.149,44.291,44.462,44.764,44.999,45.386,46.29
466,LNP FP,36.537,37.664,38.084,38.411,38.629,38.792,38.929,39.052,39.148,39.257,39.334,39.459,39.54,39.629,39.699,39.783,39.841,39.913,39.956,40.006,40.087,40.172,40.219,40.278,40.337,40.388,40.44,40.489,40.554,40.6,40.651,40.699,40.748,40.792,40.841,40.896,40.952,40.984,41.032,41.066,41.127,41.174,41.222,41.256,41.282,41.32,41.362,41.404,41.444,41.491,41.537,41.578,41.628,41.67,41.705,41.755,41.808,41.845,41.889,41.938,41.98,42.028,42.092,42.148,42.184,42.222,42.254,42.3,42.355,42.398,42.442,42.498,42.548,42.588,42.625,42.678,42.749,42.813,42.883,42.927,42.975,43.025,43.079,43.123,43.185,43.274,43.35,43.444,43.51,43.613,43.676,43.8,43.883,44.014,44.103,44.251,44.439,44.68,44.927,45.245,46.318
467,LNP FP,36.537,37.664,38.084,38.411,38.629,38.792,38.929,39.052,39.148,39.257,39.334,39.459,39.54,39.629,39.699,39.783,39.841,39.913,39.956,40.006,40.087,40.172,40.219,40.278,40.337,40.388,40.44,40.489,40.554,40.6,40.651,40.699,40.748,40.792,40.841,40.896,40.952,40.984,41.032,41.066,41.127,41.174,41.222,41.256,41.282,41.32,41.362,41.404,41.444,41.491,41.537,41.578,41.628,41.67,41.705,41.755,41.808,41.845,41.889,41.938,41.98,42.028,42.092,42.148,42.184,42.222,42.254,42.3,42.355,42.398,42.442,42.498,42.548,42.588,42.625,42.678,42.749,42.813,42.883,42.927,42.975,43.025,43.079,43.123,43.185,43.274,43.35,43.444,43.51,43.613,43.676,43.8,43.883,44.014,44.103,44.251,44.439,44.68,44.927,45.245,46.318
468,LNP FP,36.461,37.571,37.983,38.418,38.617,38.773,38.948,39.07,39.174,39.283,39.396,39.45,39.525,39.601,39.668,39.742,39.803,39.872,39.933,40.022,40.075,40.138,40.198,40.281,40.34,40.401,40.451,40.498,40.548,40.606,40.645,40.706,40.752,40.809,40.86,40.915,40.963,41.012,41.053,41.076,41.118,41.151,41.193,41.238,41.277,41.335,41.377,41.435,41.472,41.51,41.54,41.581,41.627,41.663,41.712,41.758,41.795,41.842,41.876,41.928,41.972,42.014,42.063,42.091,42.136,42.184,42.232,42.271,42.322,42.36,42.405,42.47,42.502,42.558,42.62,42.681,42.726,42.77,42.827,42.908,42.947,43.012,43.087,43.153,43.216,43.278,43.361,43.455,43.51,43.634,43.69,43.801,43.874,43.981,44.129,44.298,44.429,44.601,44.857,45.338,46.124
469,LNP FP,36.461,37.571,37.983,38.418,38.617,38.773,38.948,39.07,39.174,39.283,39.396,39.45,39.525,39.601,39.668,39.742,39.803,39.872,39.933,40.022,40.075,40.138,40.198,40.281,40.34,40.401,40.451,40.498,40.548,40.606,40.645,40.706,40.752,40.809,40.86,40.915,40.963,41.012,41.053,41.076,41.118,41.151,41.193,41.238,41.277,41.335,41.377,41.435,41.472,41.51,41.54,41.581,41.627,41.663,41.712,41.758,41.795,41.842,41.876,41.928,41.972,42.014,42.063,42.091,42.136,42.184,42.232,42.271,42.322,42.36,42.405,42.47,42.502,42.558,42.62,42.681,42.726,42.77,42.827,42.908,42.947,43.012,43.087,43.153,43.216,43.278,43.361,43.455,43.51,43.634,43.69,43.801,43.874,43.981,44.129,44.298,44.429,44.601,44.857,45.338,46.124
470,LNP FP,36.56,37.521,38.086,38.321,38.55,38.737,38.914,39.055,39.163,39.257,39.358,39.432,39.524,39.603,39.687,39.754,39.808,39.853,39.911,39.972,40.046,40.115,40.187,40.254,40.315,40.379,40.428,40.479,40.523,40.56,40.611,40.679,40.756,40.816,40.862,40.895,40.951,40.989,41.034,41.072,41.121,41.17,41.213,41.251,41.288,41.343,41.382,41.42,41.469,41.517,41.561,41.6,41.635,41.675,41.717,41.757,41.796,41.836,41.881,41.923,41.964,42.008,42.06,42.104,42.145,42.187,42.223,42.262,42.304,42.357,42.402,42.448,42.481,42.53,42.578,42.625,42.695,42.759,42.822,42.877,42.932,43.004,43.059,43.139,43.203,43.3,43.377,43.427,43.483,43.576,43.706,43.818,43.93,44.01,44.14,44.282,44.445,44.623,44.942,45.312,46.534
471,LNP FP,36.56,37.521,38.086,38.321,38.55,38.737,38.914,39.055,39.163,39.257,39.358,39.432,39.524,39.603,39.687,39.754,39.808,39.853,39.911,39.972,40.046,40.115,40.187,40.254,40.315,40.379,40.428,40.479,40.523,40.56,40.611,40.679,40.756,40.816,40.862,40.895,40.951,40.989,41.034,41.072,41.121,41.17,41.213,41.251,41.288,41.343,41.382,41.42,41.469,41.517,41.561,41.6,41.635,41.675,41.717,41.757,41.796,41.836,41.881,41.923,41.964,42.008,42.06,42.104,42.145,42.187,42.223,42.262,42.304,42.357,42.402,42.448,42.481,42.53,42.578,42.625,42.695,42.759,42.822,42.877,42.932,43.004,43.059,43.139,43.203,43.3,43.377,43.427,43.483,43.576,43.706,43.818,43.93,44.01,44.14,44.282,44.445,44.623,44.942,45.312,46.534
472,LNP FP,36.529,37.66,38.148,38.394,38.585,38.728,38.877,39.012,39.146,39.251,39.346,39.433,39.508,39.575,39.665,39.747,39.812,39.885,39.943,40.015,40.08,40.144,40.194,40.251,40.319,40.387,40.441,40.499,40.537,40.588,40.631,40.692,40.75,40.785,40.825,40.879,40.92,40.972,41.029,41.076,41.127,41.186,41.217,41.26,41.298,41.335,41.382,41.424,41.461,41.515,41.559,41.59,41.622,41.656,41.696,41.741,41.789,41.821,41.864,41.906,41.96,41.995,42.045,42.085,42.131,42.181,42.212,42.265,42.313,42.364,42.417,42.468,42.503,42.56,42.618,42.681,42.728,42.772,42.818,42.872,42.944,43.015,43.084,43.134,43.186,43.238,43.336,43.402,43.49,43.576,43.67,43.794,43.949,44.058,44.159,44.292,44.43,44.605,44.869,45.391,46.794
473,LNP FP,36.529,37.66,38.148,38.394,38.585,38.728,38.877,39.012,39.146,39.251,39.346,39.433,39.508,39.575,39.665,39.747,39.812,39.885,39.943,40.015,40.08,40.144,40.194,40.251,40.319,40.387,40.441,40.499,40.537,40.588,40.631,40.692,40.75,40.785,40.825,40.879,40.92,40.972,41.029,41.076,41.127,41.186,41.217,41.26,41.298,41.335,41.382,41.424,41.461,41.515,41.559,41.59,41.622,41.656,41.696,41.741,41.789,41.821,41.864,41.906,41.96,41.995,42.045,42.085,42.131,42.181,42.212,42.265,42.313,42.364,42.417,42.468,42.503,42.56,42.618,42.681,42.728,42.772,42.818,42.872,42.944,43.015,43.084,43.134,43.186,43.238,43.336,43.402,43.49,43.576,43.67,43.794,43.949,44.058,44.159,44.292,44.43,44.605,44.869,45.391,46.794
474,LNP FP,36.421,37.733,38.19,38.439,38.614,38.762,38.936,39.048,39.175,39.283,39.405,39.478,39.56,39.634,39.718,39.781,39.85,39.915,39.964,40.018,40.079,40.13,40.205,40.253,40.33,40.375,40.441,40.487,40.529,40.581,40.624,40.679,40.735,40.786,40.816,40.874,40.918,40.973,41.018,41.051,41.096,41.149,41.197,41.223,41.278,41.316,41.367,41.414,41.467,41.521,41.554,41.605,41.651,41.69,41.726,41.758,41.814,41.852,41.886,41.925,41.981,42.034,42.076,42.119,42.156,42.194,42.231,42.275,42.326,42.374,42.416,42.459,42.503,42.553,42.619,42.673,42.71,42.776,42.836,42.883,42.947,43.002,43.068,43.144,43.226,43.297,43.373,43.437,43.489,43.592,43.699,43.807,43.888,43.979,44.089,44.245,44.436,44.7,44.906,45.298,46.91
475,LNP FP,36.421,37.733,38.19,38.439,38.614,38.762,38.936,39.048,39.175,39.283,39.405,39.478,39.56,39.634,39.718,39.781,39.85,39.915,39.964,40.018,40.079,40.13,40.205,40.253,40.33,40.375,40.441,40.487,40.529,40.581,40.624,40.679,40.735,40.786,40.816,40.874,40.918,40.973,41.018,41.051,41.096,41.149,41.197,41.223,41.278,41.316,41.367,41.414,41.467,41.521,41.554,41.605,41.651,41.69,41.726,41.758,41.814,41.852,41.886,41.925,41.981,42.034,42.076,42.119,42.156,42.194,42.231,42.275,42.326,42.374,42.416,42.459,42.503,42.553,42.619,42.673,42.71,42.776,42.836,42.883,42.947,43.002,43.068,43.144,43.226,43.297,43.373,43.437,43.489,43.592,43.699,43.807,43.888,43.979,44.089,44.245,44.436,44.7,44.906,45.298,46.91
476,LNP FP,36.648,37.64,38.141,38.381,38.614,38.834,38.984,39.133,39.256,39.346,39.435,39.493,39.571,39.649,39.719,39.78,39.848,39.907,39.965,40.027,40.117,40.174,40.224,40.269,40.33,40.378,40.414,40.471,40.514,40.569,40.628,40.659,40.706,40.754,40.806,40.86,40.906,40.949,40.996,41.032,41.079,41.114,41.177,41.236,41.277,41.314,41.365,41.415,41.455,41.501,41.542,41.58,41.644,41.675,41.714,41.756,41.795,41.847,41.887,41.919,41.958,42.002,42.044,42.079,42.129,42.169,42.23,42.268,42.311,42.356,42.413,42.458,42.507,42.559,42.603,42.649,42.713,42.767,42.82,42.869,42.939,43.025,43.091,43.168,43.236,43.296,43.361,43.423,43.472,43.535,43.622,43.717,43.837,43.952,44.041,44.193,44.37,44.626,44.934,45.397,46.862
477,LNP FP,36.648,37.64,38.141,38.381,38.614,38.834,38.984,39.133,39.256,39.346,39.435,39.493,39.571,39.649,39.719,39.78,39.848,39.907,39.965,40.027,40.117,40.174,40.224,40.269,40.33,40.378,40.414,40.471,40.514,40.569,40.628,40.659,40.706,40.754,40.806,40.86,40.906,40.949,40.996,41.032,41.079,41.114,41.177,41.236,41.277,41.314,41.365,41.415,41.455,41.501,41.542,41.58,41.644,41.675,41.714,41.756,41.795,41.847,41.887,41.919,41.958,42.002,42.044,42.079,42.129,42.169,42.23,42.268,42.311,42.356,42.413,42.458,42.507,42.559,42.603,42.649,42.713,42.767,42.82,42.869,42.939,43.025,43.091,43.168,43.236,43.296,43.361,43.423,43.472,43.535,43.622,43.717,43.837,43.952,44.041,44.193,44.37,44.626,44.934,45.397,46.862
478,LNP FP,36.76,37.77,38.167,38.435,38.607,38.785,38.967,39.059,39.222,39.313,39.41,39.502,39.571,39.642,39.707,39.782,39.849,39.923,39.984,40.039,40.093,40.14,40.194,40.244,40.292,40.323,40.382,40.45,40.496,40.546,40.605,40.655,40.697,40.75,40.793,40.83,40.874,40.923,40.971,41.005,41.049,41.101,41.157,41.21,41.259,41.315,41.363,41.404,41.455,41.489,41.537,41.577,41.625,41.659,41.704,41.756,41.796,41.834,41.886,41.938,41.966,42.003,42.047,42.079,42.105,42.142,42.176,42.253,42.308,42.371,42.42,42.47,42.514,42.565,42.623,42.669,42.726,42.778,42.846,42.902,42.965,43.04,43.098,43.145,43.178,43.265,43.334,43.396,43.472,43.547,43.616,43.673,43.759,43.891,44.038,44.195,44.365,44.571,44.885,45.408,47.049
479,LNP FP,36.76,37.77,38.167,38.435,38.607,38.785,38.967,39.059,39.222,39.313,39.41,39.502,39.571,39.642,39.707,39.782,39.849,39.923,39.984,40.039,40.093,40.14,40.194,40.244,40.292,40.323,40.382,40.45,40.496,40.546,40.605,40.655,40.697,40.75,40.793,40.83,40.874,40.923,40.971,41.005,41.049,41.101,41.157,41.21,41.259,41.315,41.363,41.404,41.455,41.489,41.537,41.577,41.625,41.659,41.704,41.756,41.796,41.834,41.886,41.938,41.966,42.003,42.047,42.079,42.105,42.142,42.176,42.253,42.308,42.371,42.42,42.47,42.514,42.565,42.623,42.669,42.726,42.778,42.846,42.902,42.965,43.04,43.098,43.145,43.178,43.265,43.334,43.396,43.472,43.547,43.616,43.673,43.759,43.891,44.038,44.195,44.365,44.571,44.885,45.408,47.049
480,LNP FP,36.876,37.928,38.254,38.437,38.664,38.816,38.943,39.092,39.197,39.326,39.42,39.512,39.561,39.642,39.714,39.774,39.837,39.902,39.974,40.037,40.11,40.163,40.209,40.269,40.322,40.38,40.429,40.487,40.547,40.581,40.63,40.672,40.724,40.749,40.791,40.84,40.886,40.922,40.978,41.026,41.065,41.103,41.144,41.189,41.232,41.286,41.345,41.378,41.414,41.449,41.487,41.548,41.591,41.629,41.665,41.732,41.762,41.803,41.852,41.899,41.947,41.994,42.034,42.092,42.132,42.168,42.223,42.257,42.313,42.372,42.413,42.461,42.504,42.552,42.597,42.646,42.7,42.766,42.837,42.892,42.949,43.001,43.068,43.144,43.211,43.246,43.33,43.419,43.472,43.54,43.595,43.677,43.777,43.858,43.961,44.119,44.328,44.573,44.827,45.376,46.641
481,LNP FP,36.876,37.928,38.254,38.437,38.664,38.816,38.943,39.092,39.197,39.326,39.42,39.512,39.561,39.642,39.714,39.774,39.837,39.902,39.974,40.037,40.11,40.163,40.209,40.269,40.322,40.38,40.429,40.487,40.547,40.581,40.63,40.672,40.724,40.749,40.791,40.84,40.886,40.922,40.978,41.026,41.065,41.103,41.144,41.189,41.232,41.286,41.345,41.378,41.414,41.449,41.487,41.548,41.591,41.629,41.665,41.732,41.762,41.803,41.852,41.899,41.947,41.994,42.034,42.092,42.132,42.168,42.223,42.257,42.313,42.372,42.413,42.461,42.504,42.552,42.597,42.646,42.7,42.766,42.837,42.892,42.949,43.001,43.068,43.144,43.211,43.246,43.33,43.419,43.472,43.54,43.595,43.677,43.777,43.858,43.961,44.119,44.328,44.573,44.827,45.376,46.641
482,LNP FP,36.746,37.82,38.2,38.47,38.638,38.795,38.943,39.056,39.2,39.311,39.406,39.473,39.565,39.644,39.72,39.788,39.865,39.919,39.968,40.033,40.103,40.159,40.231,40.294,40.344,40.404,40.451,40.496,40.528,40.592,40.646,40.685,40.736,40.777,40.806,40.844,40.881,40.929,40.961,41.007,41.045,41.079,41.127,41.164,41.212,41.252,41.311,41.358,41.405,41.462,41.501,41.535,41.579,41.632,41.677,41.739,41.773,41.826,41.871,41.912,41.937,41.977,42.02,42.07,42.113,42.161,42.219,42.266,42.305,42.36,42.408,42.449,42.504,42.544,42.583,42.63,42.678,42.724,42.781,42.844,42.906,42.959,43.017,43.089,43.162,43.226,43.287,43.358,43.426,43.49,43.599,43.691,43.773,43.891,43.986,44.097,44.29,44.528,44.886,45.32,46.412
483,LNP FP,36.746,37.82,38.2,38.47,38.638,38.795,38.943,39.056,39.2,39.311,39.406,39.473,39.565,39.644,39.72,39.788,39.865,39.919,39.968,40.033,40.103,40.159,40.231,40.294,40.344,40.404,40.451,40.496,40.528,40.592,40.646,40.685,40.736,40.777,40.806,40.844,40.881,40.929,40.961,41.007,41.045,41.079,41.127,41.164,41.212,41.252,41.311,41.358,41.405,41.462,41.501,41.535,41.579,41.632,41.677,41.739,41.773,41.826,41.871,41.912,41.937,41.977,42.02,42.07,42.113,42.161,42.219,42.266,42.305,42.36,42.408,42.449,42.504,42.544,42.583,42.63,42.678,42.724,42.781,42.844,42.906,42.959,43.017,43.089,43.162,43.226,43.287,43.358,43.426,43.49,43.599,43.691,43.773,43.891,43.986,44.097,44.29,44.528,44.886,45.32,46.412
484,LNP FP,36.647,37.887,38.174,38.422,38.588,38.795,38.913,39.032,39.145,39.305,39.396,39.492,39.581,39.654,39.73,39.791,39.863,39.949,39.995,40.055,40.12,40.166,40.21,40.271,40.313,40.375,40.438,40.489,40.527,40.575,40.628,40.676,40.716,40.753,40.808,40.845,40.89,40.92,40.956,40.993,41.046,41.088,41.13,41.172,41.223,41.257,41.298,41.356,41.402,41.447,41.493,41.541,41.599,41.633,41.68,41.725,41.752,41.8,41.849,41.887,41.938,41.973,42.009,42.051,42.093,42.13,42.168,42.215,42.28,42.336,42.373,42.417,42.466,42.508,42.566,42.628,42.679,42.716,42.77,42.826,42.89,42.951,43.018,43.091,43.168,43.23,43.29,43.348,43.415,43.474,43.561,43.647,43.75,43.86,43.971,44.081,44.269,44.506,44.845,45.232,46.508
485,LNP FP,36.647,37.887,38.174,38.422,38.588,38.795,38.913,39.032,39.145,39.305,39.396,39.492,39.581,39.654,39.73,39.791,39.863,39.949,39.995,40.055,40.12,40.166,40.21,40.271,40.313,40.375,40.438,40.489,40.527,40.575,40.628,40.676,40.716,40.753,40.808,40.845,40.89,40.92,40.956,40.993,41.046,41.088,41.13,41.172,41.223,41.257,41.298,41.356,41.402,41.447,41.493,41.541,41.599,41.633,41.68,41.725,41.752,41.8,41.849,41.887,41.938,41.973,42.009,42.051,42.093,42.13,42.168,42.215,42.28,42.336,42.373,42.417,42.466,42.508,42.566,42.628,42.679,42.716,42.77,42.826,42.89,42.951,43.018,43.091,43.168,43.23,43.29,43.348,43.415,43.474,43.561,43.647,43.75,43.86,43.971,44.081,44.269,44.506,44.845,45.232,46.508
486,LNP FP,36.602,37.769,38.153,38.411,38.646,38.808,38.93,39.059,39.19,39.293,39.379,39.501,39.583,39.645,39.717,39.789,39.852,39.916,39.973,40.029,40.094,40.132,40.188,40.252,40.309,40.366,40.425,40.456,40.515,40.563,40.604,40.642,40.71,40.756,40.808,40.861,40.909,40.947,40.994,41.039,41.075,41.112,41.15,41.18,41.223,41.254,41.305,41.349,41.379,41.431,41.474,41.523,41.577,41.61,41.654,41.682,41.725,41.77,41.815,41.866,41.909,41.95,41.997,42.036,42.078,42.136,42.178,42.219,42.267,42.319,42.371,42.42,42.465,42.501,42.549,42.597,42.641,42.695,42.753,42.804,42.84,42.898,42.952,43.013,43.095,43.149,43.223,43.311,43.388,43.458,43.546,43.641,43.734,43.855,43.984,44.114,44.257,44.401,44.719,45.125,46.33
487,LNP FP,36.602,37.769,38.153,38.411,38.646,38.808,38.93,39.059,39.19,39.293,39.379,39.501,39.583,39.645,39.717,39.789,39.852,39.916,39.973,40.029,40.094,40.132,40.188,40.252,40.309,40.366,40.425,40.456,40.515,40.563,40.604,40.642,40.71,40.756,40.808,40.861,40.909,40.947,40.994,41.039,41.075,41.112,41.15,41.18,41.223,41.254,41.305,41.349,41.379,41.431,41.474,41.523,41.577,41.61,41.654,41.682,41.725,41.77,41.815,41.866,41.909,41.95,41.997,42.036,42.078,42.136,42.178,42.219,42.267,42.319,42.371,42.42,42.465,42.501,42.549,42.597,42.641,42.695,42.753,42.804,42.84,42.898,42.952,43.013,43.095,43.149,43.223,43.311,43.388,43.458,43.546,43.641,43.734,43.855,43.984,44.114,44.257,44.401,44.719,45.125,46.33
488,LNP FP,36.747,37.816,38.111,38.443,38.65,38.792,38.966,39.063,39.217,39.297,39.395,39.502,39.578,39.659,39.732,39.81,39.877,39.933,39.994,40.052,40.114,40.172,40.223,40.288,40.332,40.398,40.442,40.475,40.526,40.56,40.602,40.657,40.712,40.752,40.799,40.853,40.892,40.935,40.968,41.024,41.062,41.107,41.156,41.202,41.256,41.292,41.331,41.365,41.404,41.451,41.496,41.542,41.583,41.613,41.654,41.685,41.711,41.755,41.795,41.844,41.883,41.928,41.973,42.024,42.071,42.1,42.142,42.197,42.25,42.297,42.339,42.372,42.433,42.469,42.529,42.576,42.624,42.687,42.749,42.805,42.844,42.906,42.95,42.996,43.058,43.115,43.201,43.287,43.36,43.429,43.522,43.613,43.729,43.827,43.992,44.097,44.26,44.464,44.72,45.16,46.144
489,LNP FP,36.747,37.816,38.111,38.443,38.65,38.792,38.966,39.063,39.217,39.297,39.395,39.502,39.578,39.659,39.732,39.81,39.877,39.933,39.994,40.052,40.114,40.172,40.223,40.288,40.332,40.398,40.442,40.475,40.526,40.56,40.602,40.657,40.712,40.752,40.799,40.853,40.892,40.935,40.968,41.024,41.062,41.107,41.156,41.202,41.256,41.292,41.331,41.365,41.404,41.451,41.496,41.542,41.583,41.613,41.654,41.685,41.711,41.755,41.795,41.844,41.883,41.928,41.973,42.024,42.071,42.1,42.142,42.197,42.25,42.297,42.339,42.372,42.433,42.469,42.529,42.576,42.624,42.687,42.749,42.805,42.844,42.906,42.95,42.996,43.058,43.115,43.201,43.287,43.36,43.429,43.522,43.613,43.729,43.827,43.992,44.097,44.26,44.464,44.72,45.16,46.144
490,LNP FP,36.711,37.836,38.161,38.421,38.646,38.797,38.938,39.069,39.215,39.354,39.428,39.502,39.574,39.665,39.724,39.802,39.868,39.926,39.989,40.04,40.097,40.161,40.209,40.27,40.305,40.372,40.421,40.486,40.531,40.587,40.639,40.679,40.716,40.755,40.794,40.836,40.876,40.938,40.976,41.021,41.059,41.093,41.135,41.179,41.22,41.271,41.3,41.338,41.387,41.435,41.468,41.495,41.542,41.594,41.662,41.705,41.745,41.777,41.813,41.847,41.883,41.92,41.974,42.02,42.056,42.116,42.17,42.215,42.254,42.291,42.321,42.359,42.392,42.44,42.488,42.541,42.604,42.646,42.701,42.766,42.812,42.865,42.919,42.973,43.035,43.103,43.157,43.243,43.314,43.409,43.503,43.576,43.687,43.778,43.924,44.041,44.208,44.404,44.682,45.132,46.14
491,LNP FP,36.711,37.836,38.161,38.421,38.646,38.797,38.938,39.069,39.215,39.354,39.428,39.502,39.574,39.665,39.724,39.802,39.868,39.926,39.989,40.04,40.097,40.161,40.209,40.27,40.305,40.372,40.421,40.486,40.531,40.587,40.639,40.679,40.716,40.755,40.794,40.836,40.876,40.938,40.976,41.021,41.059,41.093,41.135,41.179,41.22,41.271,41.3,41.338,41.387,41.435,41.468,41.495,41.542,41.594,41.662,41.705,41.745,41.777,41.813,41.847,41.883,41.92,41.974,42.02,42.056,42.116,42.17,42.215,42.254,42.291,42.321,42.359,42.392,42.44,42.488,42.541,42.604,42.646,42.701,42.766,42.812,42.865,42.919,42.973,43.035,43.103,43.157,43.243,43.314,43.409,43.503,43.576,43.687,43.778,43.924,44.041,44.208,44.404,44.682,45.132,46.14
492,LNP FP,36.787,37.786,38.086,38.42,38.612,38.766,38.934,39.078,39.21,39.325,39.403,39.519,39.603,39.695,39.777,39.847,39.921,39.976,40.027,40.082,40.136,40.199,40.245,40.291,40.334,40.378,40.418,40.463,40.502,40.546,40.6,40.651,40.702,40.738,40.795,40.844,40.904,40.954,40.992,41.049,41.094,41.117,41.166,41.223,41.262,41.303,41.339,41.384,41.432,41.484,41.523,41.548,41.585,41.621,41.663,41.707,41.752,41.787,41.833,41.865,41.907,41.953,41.992,42.038,42.084,42.118,42.154,42.196,42.248,42.292,42.33,42.394,42.447,42.491,42.542,42.591,42.641,42.698,42.756,42.799,42.849,42.891,42.939,43.005,43.057,43.125,43.196,43.267,43.349,43.424,43.508,43.598,43.689,43.817,43.914,44.115,44.299,44.465,44.749,45.167,46.246
493,LNP FP,36.787,37.786,38.086,38.42,38.612,38.766,38.934,39.078,39.21,39.325,39.403,39.519,39.603,39.695,39.777,39.847,39.921,39.976,40.027,40.082,40.136,40.199,40.245,40.291,40.334,40.378,40.418,40.463,40.502,40.546,40.6,40.651,40.702,40.738,40.795,40.844,40.904,40.954,40.992,41.049,41.094,41.117,41.166,41.223,41.262,41.303,41.339,41.384,41.432,41.484,41.523,41.548,41.585,41.621,41.663,41.707,41.752,41.787,41.833,41.865,41.907,41.953,41.992,42.038,42.084,42.118,42.154,42.196,42.248,42.292,42.33,42.394,42.447,42.491,42.542,42.591,42.641,42.698,42.756,42.799,42.849,42.891,42.939,43.005,43.057,43.125,43.196,43.267,43.349,43.424,43.508,43.598,43.689,43.817,43.914,44.115,44.299,44.465,44.749,45.167,46.246
494,LNP FP,36.873,37.84,38.155,38.376,38.604,38.85,38.978,39.114,39.251,39.387,39.478,39.553,39.643,39.717,39.778,39.846,39.918,39.982,40.036,40.094,40.151,40.193,40.238,40.29,40.328,40.378,40.425,40.477,40.529,40.582,40.629,40.677,40.733,40.782,40.827,40.877,40.921,40.962,41.002,41.036,41.082,41.118,41.16,41.191,41.236,41.291,41.333,41.363,41.406,41.447,41.499,41.542,41.591,41.642,41.679,41.738,41.787,41.812,41.85,41.896,41.935,41.988,42.03,42.064,42.11,42.149,42.202,42.253,42.285,42.322,42.358,42.409,42.46,42.497,42.548,42.599,42.654,42.698,42.755,42.812,42.857,42.906,42.964,43.023,43.082,43.146,43.205,43.275,43.378,43.479,43.546,43.632,43.72,43.845,43.981,44.153,44.316,44.537,44.813,45.305,46.517
495,LNP FP,36.873,37.84,38.155,38.376,38.604,38.85,38.978,39.114,39.251,39.387,39.478,39.553,39.643,39.717,39.778,39.846,39.918,39.982,40.036,40.094,40.151,40.193,40.238,40.29,40.328,40.378,40.425,40.477,40.529,40.582,40.629,40.677,40.733,40.782,40.827,40.877,40.921,40.962,41.002,41.036,41.082,41.118,41.16,41.191,41.236,41.291,41.333,41.363,41.406,41.447,41.499,41.542,41.591,41.642,41.679,41.738,41.787,41.812,41.85,41.896,41.935,41.988,42.03,42.064,42.11,42.149,42.202,42.253,42.285,42.322,42.358,42.409,42.46,42.497,42.548,42.599,42.654,42.698,42.755,42.812,42.857,42.906,42.964,43.023,43.082,43.146,43.205,43.275,43.378,43.479,43.546,43.632,43.72,43.845,43.981,44.153,44.316,44.537,44.813,45.305,46.517
496,LNP FP,36.763,37.763,38.108,38.424,38.619,38.845,39.009,39.105,39.204,39.337,39.427,39.525,39.61,39.688,39.769,39.833,39.9,39.955,40.027,40.092,40.133,40.19,40.232,40.298,40.362,40.403,40.436,40.492,40.545,40.599,40.648,40.695,40.739,40.776,40.81,40.843,40.886,40.94,40.996,41.042,41.08,41.12,41.167,41.207,41.256,41.306,41.35,41.387,41.433,41.48,41.515,41.563,41.598,41.657,41.694,41.728,41.778,41.82,41.867,41.907,41.957,41.994,42.044,42.079,42.12,42.153,42.201,42.25,42.298,42.35,42.412,42.476,42.509,42.559,42.608,42.676,42.719,42.759,42.822,42.874,42.931,42.981,43.038,43.108,43.169,43.216,43.278,43.358,43.418,43.51,43.597,43.682,43.799,43.914,44.048,44.165,44.33,44.547,44.879,45.336,46.541
497,LNP FP,36.763,37.763,38.108,38.424,38.619,38.845,39.009,39.105,39.204,39.337,39.427,39.525,39.61,39.688,39.769,39.833,39.9,39.955,40.027,40.092,40.133,40.19,40.232,40.298,40.362,40.403,40.436,40.492,40.545,40.599,40.648,40.695,40.739,40.776,40.81,40.843,40.886,40.94,40.996,41.042,41.08,41.12,41.167,41.207,41.256,41.306,41.35,41.387,41.433,41.48,41.515,41.563,41.598,41.657,41.694,41.728,41.778,41.82,41.867,41.907,41.957,41.994,42.044,42.079,42.12,42.153,42.201,42.25,42.298,42.35,42.412,42.476,42.509,42.559,42.608,42.676,42.719,42.759,42.822,42.874,42.931,42.981,43.038,43.108,43.169,43.216,43.278,43.358,43.418,43.51,43.597,43.682,43.799,43.914,44.048,44.165,44.33,44.547,44.879,45.336,46.541
498,LNP FP,36.531,37.708,38.128,38.455,38.619,38.849,38.966,39.102,39.202,39.307,39.416,39.508,39.608,39.698,39.788,39.866,39.93,39.973,40.04,40.107,40.158,40.205,40.268,40.308,40.358,40.422,40.478,40.514,40.56,40.594,40.639,40.688,40.737,40.791,40.836,40.868,40.916,40.948,40.997,41.033,41.073,41.115,41.149,41.217,41.263,41.328,41.371,41.411,41.454,41.494,41.541,41.575,41.624,41.67,41.712,41.765,41.809,41.852,41.886,41.943,41.998,42.038,42.074,42.106,42.158,42.199,42.239,42.299,42.362,42.404,42.456,42.514,42.564,42.615,42.671,42.705,42.754,42.804,42.859,42.894,42.963,43.017,43.093,43.141,43.187,43.254,43.316,43.392,43.476,43.573,43.677,43.777,43.84,43.991,44.131,44.236,44.429,44.618,44.84,45.373,46.598
499,LNP FP,36.531,37.708,38.128,38.455,38.619,38.849,38.966,39.102,39.202,39.307,39.416,39.508,39.608,39.698,39.788,39.866,39.93,39.973,40.04,40.107,40.158,40.205,40.268,40.308,40.358,40.422,40.478,40.514,40.56,40.594,40.639,40.688,40.737,40.791,40.836,40.868,40.916,40.948,40.997,41.033,41.073,41.115,41.149,41.217,41.263,41.328,41.371,41.411,41.454,41.494,41.541,41.575,41.624,41.67,41.712,41.765,41.809,41.852,41.886,41.943,41.998,42.038,42.074,42.106,42.158,42.199,42.239,42.299,42.362,42.404,42.456,42.514,42.564,42.615,42.671,42.705,42.754,42.804,42.859,42.894,42.963,43.017,43.093,43.141,43.187,43.254,43.316,43.392,43.476,43.573,43.677,43.777,43.84,43.991,44.131,44.236,44.429,44.618,44.84,45.373,46.598
500,LNP FP,36.442,37.711,38.152,38.455,38.62,38.779,38.929,39.076,39.218,39.319,39.423,39.493,39.609,39.678,39.765,39.84,39.919,39.995,40.078,40.138,40.182,40.252,40.284,40.33,40.385,40.45,40.509,40.556,40.605,40.651,40.693,40.741,40.782,40.836,40.868,40.907,40.955,40.996,41.03,41.073,41.106,41.151,41.182,41.232,41.271,41.328,41.375,41.419,41.466,41.512,41.553,41.603,41.652,41.703,41.757,41.792,41.837,41.868,41.91,41.964,42.005,42.046,42.092,42.141,42.182,42.227,42.271,42.317,42.367,42.418,42.463,42.522,42.586,42.631,42.689,42.74,42.784,42.847,42.89,42.942,42.984,43.039,43.096,43.165,43.226,43.289,43.371,43.43,43.492,43.564,43.664,43.755,43.875,43.989,44.131,44.305,44.483,44.589,45.007,45.423,46.918
501,LNP FP,36.442,37.711,38.152,38.455,38.62,38.779,38.929,39.076,39.218,39.319,39.423,39.493,39.609,39.678,39.765,39.84,39.919,39.995,40.078,40.138,40.182,40.252,40.284,40.33,40.385,40.45,40.509,40.556,40.605,40.651,40.693,40.741,40.782,40.836,40.868,40.907,40.955,40.996,41.03,41.073,41.106,41.151,41.182,41.232,41.271,41.328,41.375,41.419,41.466,41.512,41.553,41.603,41.652,41.703,41.757,41.792,41.837,41.868,41.91,41.964,42.005,42.046,42.092,42.141,42.182,42.227,42.271,42.317,42.367,42.418,42.463,42.522,42.586,42.631,42.689,42.74,42.784,42.847,42.89,42.942,42.984,43.039,43.096,43.165,43.226,43.289,43.371,43.43,43.492,43.564,43.664,43.755,43.875,43.989,44.131,44.305,44.483,44.589,45.007,45.423,46.918
502,LNP FP,36.221,37.71,38.111,38.409,38.631,38.853,38.971,39.093,39.193,39.262,39.401,39.505,39.592,39.667,39.736,39.813,39.869,39.948,40.004,40.08,40.147,40.212,40.278,40.348,40.402,40.469,40.514,40.56,40.597,40.652,40.697,40.737,40.789,40.855,40.9,40.939,40.985,41.016,41.063,41.1,41.144,41.198,41.24,41.284,41.32,41.365,41.404,41.451,41.51,41.561,41.604,41.636,41.676,41.723,41.766,41.803,41.848,41.888,41.94,41.982,42.022,42.065,42.118,42.18,42.233,42.304,42.346,42.393,42.436,42.481,42.524,42.573,42.61,42.657,42.709,42.757,42.815,42.886,42.941,42.987,43.04,43.094,43.146,43.222,43.28,43.335,43.405,43.486,43.562,43.642,43.748,43.83,43.944,44.046,44.202,44.355,44.497,44.721,44.979,45.559,46.8
503,LNP FP,36.221,37.71,38.111,38.409,38.631,38.853,38.971,39.093,39.193,39.262,39.401,39.505,39.592,39.667,39.736,39.813,39.869,39.948,40.004,40.08,40.147,40.212,40.278,40.348,40.402,40.469,40.514,40.56,40.597,40.652,40.697,40.737,40.789,40.855,40.9,40.939,40.985,41.016,41.063,41.1,41.144,41.198,41.24,41.284,41.32,41.365,41.404,41.451,41.51,41.561,41.604,41.636,41.676,41.723,41.766,41.803,41.848,41.888,41.94,41.982,42.022,42.065,42.118,42.18,42.233,42.304,42.346,42.393,42.436,42.481,42.524,42.573,42.61,42.657,42.709,42.757,42.815,42.886,42.941,42.987,43.04,43.094,43.146,43.222,43.28,43.335,43.405,43.486,43.562,43.642,43.748,43.83,43.944,44.046,44.202,44.355,44.497,44.721,44.979,45.559,46.8
504,LNP FP,36.416,37.63,38.149,38.425,38.601,38.764,38.914,39.04,39.189,39.273,39.362,39.478,39.575,39.659,39.748,39.843,39.922,39.96,40.035,40.093,40.141,40.228,40.286,40.341,40.408,40.469,40.518,40.566,40.601,40.645,40.697,40.746,40.811,40.848,40.895,40.949,40.989,41.032,41.081,41.132,41.172,41.218,41.266,41.302,41.343,41.383,41.434,41.48,41.514,41.551,41.594,41.645,41.697,41.738,41.78,41.83,41.871,41.929,41.965,42.03,42.08,42.117,42.162,42.211,42.262,42.301,42.357,42.407,42.445,42.492,42.534,42.596,42.629,42.679,42.73,42.776,42.841,42.897,42.96,43.002,43.052,43.105,43.171,43.242,43.302,43.35,43.439,43.523,43.586,43.636,43.737,43.824,43.915,44.033,44.163,44.344,44.514,44.772,44.964,45.517,47.161
505,LNP FP,36.416,37.63,38.149,38.425,38.601,38.764,38.914,39.04,39.189,39.273,39.362,39.478,39.575,39.659,39.748,39.843,39.922,39.96,40.035,40.093,40.141,40.228,40.286,40.341,40.408,40.469,40.518,40.566,40.601,40.645,40.697,40.746,40.811,40.848,40.895,40.949,40.989,41.032,41.081,41.132,41.172,41.218,41.266,41.302,41.343,41.383,41.434,41.48,41.514,41.551,41.594,41.645,41.697,41.738,41.78,41.83,41.871,41.929,41.965,42.03,42.08,42.117,42.162,42.211,42.262,42.301,42.357,42.407,42.445,42.492,42.534,42.596,42.629,42.679,42.73,42.776,42.841,42.897,42.96,43.002,43.052,43.105,43.171,43.242,43.302,43.35,43.439,43.523,43.586,43.636,43.737,43.824,43.915,44.033,44.163,44.344,44.514,44.772,44.964,45.517,47.161
506,LNP FP,36.718,37.669,38.166,38.429,38.595,38.765,38.911,39.061,39.194,39.3,39.394,39.48,39.555,39.654,39.742,39.817,39.874,39.954,40.06,40.138,40.174,40.262,40.312,40.362,40.436,40.469,40.521,40.569,40.621,40.663,40.712,40.746,40.794,40.846,40.893,40.934,40.986,41.031,41.074,41.132,41.175,41.215,41.261,41.3,41.346,41.389,41.436,41.475,41.511,41.549,41.595,41.644,41.69,41.742,41.793,41.853,41.912,41.945,41.997,42.048,42.098,42.136,42.19,42.23,42.274,42.319,42.38,42.434,42.478,42.513,42.56,42.611,42.655,42.687,42.743,42.808,42.863,42.925,42.982,43.031,43.079,43.131,43.194,43.253,43.319,43.381,43.445,43.5,43.591,43.691,43.816,43.9,44.018,44.132,44.25,44.398,44.605,44.787,45.108,45.513,47.079
507,LNP FP,36.718,37.669,38.166,38.429,38.595,38.765,38.911,39.061,39.194,39.3,39.394,39.48,39.555,39.654,39.742,39.817,39.874,39.954,40.06,40.138,40.174,40.262,40.312,40.362,40.436,40.469,40.521,40.569,40.621,40.663,40.712,40.746,40.794,40.846,40.893,40.934,40.986,41.031,41.074,41.132,41.175,41.215,41.261,41.3,41.346,41.389,41.436,41.475,41.511,41.549,41.595,41.644,41.69,41.742,41.793,41.853,41.912,41.945,41.997,42.048,42.098,42.136,42.19,42.23,42.274,42.319,42.38,42.434,42.478,42.513,42.56,42.611,42.655,42.687,42.743,42.808,42.863,42.925,42.982,43.031,43.079,43.131,43.194,43.253,43.319,43.381,43.445,43.5,43.591,43.691,43.816,43.9,44.018,44.132,44.25,44.398,44.605,44.787,45.108,45.513,47.079
508,LNP FP,36.475,37.644,37.989,38.32,38.579,38.803,38.983,39.079,39.189,39.278,39.371,39.473,39.559,39.648,39.749,39.821,39.918,39.975,40.051,40.131,40.185,40.256,40.3,40.348,40.411,40.466,40.508,40.544,40.591,40.65,40.688,40.745,40.808,40.854,40.909,40.949,40.989,41.032,41.063,41.105,41.152,41.197,41.255,41.3,41.351,41.391,41.434,41.487,41.524,41.58,41.622,41.667,41.711,41.768,41.826,41.87,41.919,41.961,42.024,42.063,42.113,42.156,42.202,42.255,42.301,42.348,42.392,42.448,42.481,42.532,42.595,42.649,42.681,42.719,42.767,42.796,42.865,42.934,42.985,43.05,43.108,43.16,43.242,43.3,43.38,43.447,43.524,43.6,43.684,43.762,43.825,43.926,44.027,44.135,44.308,44.463,44.668,44.868,45.182,45.681,47.192
509,LNP FP,36.475,37.644,37.989,38.32,38.579,38.803,38.983,39.079,39.189,39.278,39.371,39.473,39.559,39.648,39.749,39.821,39.918,39.975,40.051,40.131,40.185,40.256,40.3,40.348,40.411,40.466,40.508,40.544,40.591,40.65,40.688,40.745,40.808,40.854,40.909,40.949,40.989,41.032,41.063,41.105,41.152,41.197,41.255,41.3,41.351,41.391,41.434,41.487,41.524,41.58,41.622,41.667,41.711,41.768,41.826,41.87,41.919,41.961,42.024,42.063,42.113,42.156,42.202,42.255,42.301,42.348,42.392,42.448,42.481,42.532,42.595,42.649,42.681,42.719,42.767,42.796,42.865,42.934,42.985,43.05,43.108,43.16,43.242,43.3,43.38,43.447,43.524,43.6,43.684,43.762,43.825,43.926,44.027,44.135,44.308,44.463,44.668,44.868,45.182,45.681,47.192
510,LNP FP,36.33,37.662,38.046,38.367,38.639,38.872,38.957,39.095,39.205,39.279,39.367,39.459,39.564,39.653,39.76,39.813,39.872,39.967,40.058,40.125,40.198,40.253,40.296,40.355,40.403,40.469,40.523,40.571,40.612,40.659,40.699,40.744,40.806,40.856,40.903,40.947,40.996,41.049,41.092,41.139,41.181,41.228,41.285,41.339,41.383,41.424,41.465,41.514,41.565,41.613,41.671,41.722,41.774,41.814,41.865,41.914,41.982,42.031,42.075,42.126,42.179,42.218,42.262,42.308,42.341,42.416,42.456,42.499,42.538,42.579,42.641,42.687,42.72,42.766,42.822,42.872,42.937,42.985,43.053,43.102,43.145,43.214,43.287,43.356,43.42,43.478,43.547,43.628,43.718,43.837,43.91,44.016,44.1,44.208,44.348,44.506,44.657,44.933,45.257,45.703,47.337
511,LNP FP,36.33,37.662,38.046,38.367,38.639,38.872,38.957,39.095,39.205,39.279,39.367,39.459,39.564,39.653,39.76,39.813,39.872,39.967,40.058,40.125,40.198,40.253,40.296,40.355,40.403,40.469,40.523,40.571,40.612,40.659,40.699,40.744,40.806,40.856,40.903,40.947,40.996,41.049,41.092,41.139,41.181,41.228,41.285,41.339,41.383,41.424,41.465,41.514,41.565,41.613,41.671,41.722,41.774,41.814,41.865,41.914,41.982,42.031,42.075,42.126,42.179,42.218,42.262,42.308,42.341,42.416,42.456,42.499,42.538,42.579,42.641,42.687,42.72,42.766,42.822,42.872,42.937,42.985,43.053,43.102,43.145,43.214,43.287,43.356,43.42,43.478,43.547,43.628,43.718,43.837,43.91,44.016,44.1,44.208,44.348,44.506,44.657,44.933,45.257,45.703,47.337
512,LNP FP,36.145,37.372,37.907,38.315,38.618,38.817,38.967,39.124,39.21,39.314,39.399,39.489,39.576,39.649,39.712,39.802,39.892,39.955,40.008,40.075,40.128,40.191,40.252,40.305,40.362,40.416,40.475,40.528,40.58,40.642,40.695,40.745,40.805,40.858,40.907,40.966,41.002,41.054,41.115,41.179,41.226,41.276,41.332,41.375,41.423,41.465,41.498,41.538,41.583,41.625,41.684,41.742,41.788,41.839,41.892,41.935,41.975,42.023,42.062,42.108,42.165,42.203,42.258,42.305,42.36,42.404,42.445,42.505,42.548,42.604,42.653,42.689,42.751,42.802,42.87,42.912,42.959,43.004,43.069,43.124,43.168,43.229,43.304,43.374,43.444,43.529,43.585,43.651,43.745,43.841,43.942,44.052,44.161,44.275,44.384,44.571,44.835,45.06,45.292,45.815,47.474
513,LNP FP,36.145,37.372,37.907,38.315,38.618,38.817,38.967,39.124,39.21,39.314,39.399,39.489,39.576,39.649,39.712,39.802,39.892,39.955,40.008,40.075,40.128,40.191,40.252,40.305,40.362,40.416,40.475,40.528,40.58,40.642,40.695,40.745,40.805,40.858,40.907,40.966,41.002,41.054,41.115,41.179,41.226,41.276,41.332,41.375,41.423,41.465,41.498,41.538,41.583,41.625,41.684,41.742,41.788,41.839,41.892,41.935,41.975,42.023,42.062,42.108,42.165,42.203,42.258,42.305,42.36,42.404,42.445,42.505,42.548,42.604,42.653,42.689,42.751,42.802,42.87,42.912,42.959,43.004,43.069,43.124,43.168,43.229,43.304,43.374,43.444,43.529,43.585,43.651,43.745,43.841,43.942,44.052,44.161,44.275,44.384,44.571,44.835,45.06,45.292,45.815,47.474
514,LNP FP,36.141,37.366,37.958,38.288,38.547,38.75,38.951,39.081,39.202,39.309,39.395,39.472,39.587,39.685,39.777,39.844,39.911,39.984,40.038,40.099,40.165,40.229,40.284,40.347,40.394,40.436,40.5,40.549,40.6,40.634,40.698,40.751,40.799,40.863,40.916,40.974,41.039,41.085,41.143,41.189,41.246,41.293,41.343,41.383,41.428,41.489,41.538,41.578,41.622,41.657,41.705,41.753,41.803,41.839,41.878,41.921,41.975,42.017,42.063,42.119,42.177,42.221,42.271,42.327,42.385,42.433,42.493,42.531,42.591,42.647,42.691,42.729,42.783,42.819,42.873,42.934,42.98,43.027,43.084,43.146,43.21,43.28,43.349,43.393,43.462,43.548,43.626,43.701,43.791,43.891,43.98,44.083,44.231,44.34,44.493,44.602,44.799,45.041,45.275,45.801,47.304
515,LNP FP,36.141,37.366,37.958,38.288,38.547,38.75,38.951,39.081,39.202,39.309,39.395,39.472,39.587,39.685,39.777,39.844,39.911,39.984,40.038,40.099,40.165,40.229,40.284,40.347,40.394,40.436,40.5,40.549,40.6,40.634,40.698,40.751,40.799,40.863,40.916,40.974,41.039,41.085,41.143,41.189,41.246,41.293,41.343,41.383,41.428,41.489,41.538,41.578,41.622,41.657,41.705,41.753,41.803,41.839,41.878,41.921,41.975,42.017,42.063,42.119,42.177,42.221,42.271,42.327,42.385,42.433,42.493,42.531,42.591,42.647,42.691,42.729,42.783,42.819,42.873,42.934,42.98,43.027,43.084,43.146,43.21,43.28,43.349,43.393,43.462,43.548,43.626,43.701,43.791,43.891,43.98,44.083,44.231,44.34,44.493,44.602,44.799,45.041,45.275,45.801,47.304
516,LNP FP,36.188,37.327,37.957,38.178,38.463,38.707,38.871,39.063,39.188,39.295,39.393,39.503,39.606,39.709,39.791,39.888,39.947,40.005,40.057,40.103,40.162,40.229,40.3,40.353,40.403,40.47,40.5,40.556,40.618,40.676,40.731,40.78,40.841,40.883,40.926,40.991,41.05,41.1,41.142,41.193,41.248,41.309,41.343,41.395,41.447,41.484,41.527,41.571,41.604,41.65,41.709,41.751,41.807,41.855,41.905,41.948,42.0,42.057,42.099,42.151,42.208,42.247,42.3,42.362,42.408,42.444,42.495,42.547,42.592,42.646,42.693,42.732,42.779,42.832,42.879,42.929,42.975,43.026,43.083,43.146,43.225,43.329,43.393,43.46,43.551,43.622,43.693,43.77,43.858,43.942,44.047,44.135,44.224,44.343,44.491,44.657,44.838,45.072,45.413,45.801,47.197
517,LNP FP,36.188,37.327,37.957,38.178,38.463,38.707,38.871,39.063,39.188,39.295,39.393,39.503,39.606,39.709,39.791,39.888,39.947,40.005,40.057,40.103,40.162,40.229,40.3,40.353,40.403,40.47,40.5,40.556,40.618,40.676,40.731,40.78,40.841,40.883,40.926,40.991,41.05,41.1,41.142,41.193,41.248,41.309,41.343,41.395,41.447,41.484,41.527,41.571,41.604,41.65,41.709,41.751,41.807,41.855,41.905,41.948,42.0,42.057,42.099,42.151,42.208,42.247,42.3,42.362,42.408,42.444,42.495,42.547,42.592,42.646,42.693,42.732,42.779,42.832,42.879,42.929,42.975,43.026,43.083,43.146,43.225,43.329,43.393,43.46,43.551,43.622,43.693,43.77,43.858,43.942,44.047,44.135,44.224,44.343,44.491,44.657,44.838,45.072,45.413,45.801,47.197
518,LNP FP,36.075,37.4,37.897,38.191,38.523,38.686,38.886,39.032,39.188,39.283,39.391,39.525,39.623,39.695,39.767,39.847,39.941,39.997,40.05,40.106,40.188,40.23,40.283,40.343,40.394,40.455,40.52,40.572,40.634,40.694,40.747,40.799,40.855,40.898,40.952,40.998,41.059,41.111,41.158,41.2,41.25,41.296,41.343,41.379,41.422,41.47,41.527,41.571,41.621,41.655,41.697,41.75,41.807,41.841,41.9,41.953,41.991,42.059,42.107,42.144,42.202,42.265,42.304,42.344,42.391,42.442,42.496,42.554,42.603,42.65,42.708,42.752,42.817,42.881,42.923,42.973,43.029,43.084,43.134,43.187,43.236,43.296,43.367,43.433,43.513,43.601,43.697,43.796,43.892,43.989,44.05,44.176,44.321,44.435,44.555,44.733,44.912,45.141,45.361,45.974,46.915
519,LNP FP,36.075,37.4,37.897,38.191,38.523,38.686,38.886,39.032,39.188,39.283,39.391,39.525,39.623,39.695,39.767,39.847,39.941,39.997,40.05,40.106,40.188,40.23,40.283,40.343,40.394,40.455,40.52,40.572,40.634,40.694,40.747,40.799,40.855,40.898,40.952,40.998,41.059,41.111,41.158,41.2,41.25,41.296,41.343,41.379,41.422,41.47,41.527,41.571,41.621,41.655,41.697,41.75,41.807,41.841,41.9,41.953,41.991,42.059,42.107,42.144,42.202,42.265,42.304,42.344,42.391,42.442,42.496,42.554,42.603,42.65,42.708,42.752,42.817,42.881,42.923,42.973,43.029,43.084,43.134,43.187,43.236,43.296,43.367,43.433,43.513,43.601,43.697,43.796,43.892,43.989,44.05,44.176,44.321,44.435,44.555,44.733,44.912,45.141,45.361,45.974,46.915
520,LNP FP,36.21,37.334,37.883,38.238,38.517,38.763,38.941,39.044,39.186,39.342,39.454,39.561,39.659,39.737,39.809,39.895,39.948,40.004,40.066,40.125,40.202,40.262,40.321,40.375,40.42,40.472,40.537,40.601,40.666,40.716,40.768,40.819,40.89,40.936,40.977,41.035,41.09,41.145,41.191,41.234,41.269,41.314,41.375,41.426,41.46,41.524,41.576,41.612,41.66,41.712,41.754,41.795,41.841,41.875,41.928,41.98,42.034,42.075,42.13,42.176,42.222,42.258,42.303,42.36,42.401,42.465,42.511,42.564,42.615,42.662,42.715,42.767,42.825,42.894,42.959,43.005,43.07,43.121,43.171,43.22,43.283,43.349,43.409,43.477,43.551,43.621,43.745,43.799,43.91,43.998,44.118,44.208,44.315,44.457,44.631,44.777,44.974,45.238,45.504,46.024,47.308
521,LNP FP,36.21,37.334,37.883,38.238,38.517,38.763,38.941,39.044,39.186,39.342,39.454,39.561,39.659,39.737,39.809,39.895,39.948,40.004,40.066,40.125,40.202,40.262,40.321,40.375,40.42,40.472,40.537,40.601,40.666,40.716,40.768,40.819,40.89,40.936,40.977,41.035,41.09,41.145,41.191,41.234,41.269,41.314,41.375,41.426,41.46,41.524,41.576,41.612,41.66,41.712,41.754,41.795,41.841,41.875,41.928,41.98,42.034,42.075,42.13,42.176,42.222,42.258,42.303,42.36,42.401,42.465,42.511,42.564,42.615,42.662,42.715,42.767,42.825,42.894,42.959,43.005,43.07,43.121,43.171,43.22,43.283,43.349,43.409,43.477,43.551,43.621,43.745,43.799,43.91,43.998,44.118,44.208,44.315,44.457,44.631,44.777,44.974,45.238,45.504,46.024,47.308
522,LNP FP,36.038,37.402,37.758,38.25,38.547,38.774,38.914,39.031,39.185,39.339,39.422,39.519,39.621,39.717,39.812,39.885,39.956,40.015,40.079,40.146,40.206,40.269,40.341,40.403,40.449,40.507,40.568,40.617,40.683,40.739,40.799,40.846,40.892,40.939,40.982,41.031,41.089,41.138,41.19,41.235,41.283,41.344,41.392,41.425,41.452,41.54,41.586,41.625,41.664,41.708,41.753,41.812,41.865,41.915,41.967,42.021,42.071,42.102,42.141,42.19,42.235,42.291,42.336,42.377,42.421,42.465,42.521,42.573,42.614,42.675,42.731,42.783,42.842,42.896,42.958,43.008,43.089,43.154,43.209,43.262,43.325,43.395,43.47,43.56,43.627,43.7,43.813,43.874,43.943,44.038,44.133,44.224,44.368,44.472,44.613,44.782,45.048,45.302,45.59,45.999,47.307
523,LNP FP,36.038,37.402,37.758,38.25,38.547,38.774,38.914,39.031,39.185,39.339,39.422,39.519,39.621,39.717,39.812,39.885,39.956,40.015,40.079,40.146,40.206,40.269,40.341,40.403,40.449,40.507,40.568,40.617,40.683,40.739,40.799,40.846,40.892,40.939,40.982,41.031,41.089,41.138,41.19,41.235,41.283,41.344,41.392,41.425,41.452,41.54,41.586,41.625,41.664,41.708,41.753,41.812,41.865,41.915,41.967,42.021,42.071,42.102,42.141,42.19,42.235,42.291,42.336,42.377,42.421,42.465,42.521,42.573,42.614,42.675,42.731,42.783,42.842,42.896,42.958,43.008,43.089,43.154,43.209,43.262,43.325,43.395,43.47,43.56,43.627,43.7,43.813,43.874,43.943,44.038,44.133,44.224,44.368,44.472,44.613,44.782,45.048,45.302,45.59,45.999,47.307
524,LNP FP,35.762,37.346,37.922,38.241,38.558,38.746,38.946,39.1,39.234,39.344,39.456,39.583,39.656,39.736,39.827,39.923,39.984,40.071,40.121,40.174,40.257,40.313,40.369,40.44,40.503,40.55,40.595,40.647,40.697,40.756,40.798,40.844,40.896,40.936,40.999,41.048,41.105,41.156,41.19,41.239,41.296,41.361,41.397,41.45,41.498,41.551,41.594,41.647,41.697,41.746,41.789,41.834,41.884,41.916,41.954,42.004,42.044,42.099,42.148,42.194,42.233,42.294,42.359,42.398,42.44,42.49,42.544,42.598,42.641,42.7,42.76,42.817,42.869,42.914,42.975,43.037,43.088,43.155,43.234,43.291,43.36,43.423,43.501,43.608,43.681,43.756,43.821,43.902,43.989,44.061,44.149,44.265,44.361,44.503,44.651,44.781,45.025,45.29,45.634,46.114,47.469
525,LNP FP,35.762,37.346,37.922,38.241,38.558,38.746,38.946,39.1,39.234,39.344,39.456,39.583,39.656,39.736,39.827,39.923,39.984,40.071,40.121,40.174,40.257,40.313,40.369,40.44,40.503,40.55,40.595,40.647,40.697,40.756,40.798,40.844,40.896,40.936,40.999,41.048,41.105,41.156,41.19,41.239,41.296,41.361,41.397,41.45,41.498,41.551,41.594,41.647,41.697,41.746,41.789,41.834,41.884,41.916,41.954,42.004,42.044,42.099,42.148,42.194,42.233,42.294,42.359,42.398,42.44,42.49,42.544,42.598,42.641,42.7,42.76,42.817,42.869,42.914,42.975,43.037,43.088,43.155,43.234,43.291,43.36,43.423,43.501,43.608,43.681,43.756,43.821,43.902,43.989,44.061,44.149,44.265,44.361,44.503,44.651,44.781,45.025,45.29,45.634,46.114,47.469
526,LNP FP,35.621,37.36,37.921,38.243,38.503,38.785,39.008,39.142,39.27,39.365,39.48,39.605,39.694,39.755,39.83,39.922,40.001,40.065,40.122,40.193,40.255,40.324,40.379,40.444,40.493,40.542,40.597,40.659,40.702,40.77,40.818,40.872,40.924,41.004,41.046,41.099,41.146,41.177,41.228,41.267,41.316,41.361,41.405,41.445,41.493,41.531,41.569,41.62,41.669,41.714,41.771,41.833,41.887,41.93,41.98,42.032,42.068,42.113,42.182,42.219,42.27,42.322,42.38,42.425,42.466,42.518,42.565,42.614,42.659,42.701,42.765,42.811,42.863,42.934,42.999,43.059,43.137,43.21,43.259,43.322,43.374,43.439,43.5,43.587,43.668,43.755,43.855,43.946,44.039,44.13,44.259,44.365,44.456,44.593,44.737,44.878,45.071,45.398,45.707,46.304,47.573
527,LNP FP,35.621,37.36,37.921,38.243,38.503,38.785,39.008,39.142,39.27,39.365,39.48,39.605,39.694,39.755,39.83,39.922,40.001,40.065,40.122,40.193,40.255,40.324,40.379,40.444,40.493,40.542,40.597,40.659,40.702,40.77,40.818,40.872,40.924,41.004,41.046,41.099,41.146,41.177,41.228,41.267,41.316,41.361,41.405,41.445,41.493,41.531,41.569,41.62,41.669,41.714,41.771,41.833,41.887,41.93,41.98,42.032,42.068,42.113,42.182,42.219,42.27,42.322,42.38,42.425,42.466,42.518,42.565,42.614,42.659,42.701,42.765,42.811,42.863,42.934,42.999,43.059,43.137,43.21,43.259,43.322,43.374,43.439,43.5,43.587,43.668,43.755,43.855,43.946,44.039,44.13,44.259,44.365,44.456,44.593,44.737,44.878,45.071,45.398,45.707,46.304,47.573
528,LNP FP,35.293,37.349,37.919,38.253,38.529,38.808,38.983,39.134,39.268,39.375,39.475,39.595,39.702,39.779,39.854,39.901,39.987,40.065,40.142,40.213,40.278,40.359,40.411,40.485,40.542,40.592,40.64,40.696,40.755,40.809,40.844,40.906,40.959,41.012,41.053,41.097,41.144,41.191,41.251,41.282,41.316,41.362,41.403,41.448,41.493,41.539,41.596,41.654,41.701,41.745,41.794,41.843,41.882,41.918,41.987,42.046,42.1,42.146,42.189,42.246,42.306,42.359,42.403,42.45,42.497,42.543,42.599,42.653,42.702,42.751,42.815,42.868,42.918,42.977,43.013,43.066,43.136,43.193,43.266,43.323,43.406,43.486,43.561,43.64,43.722,43.797,43.893,43.979,44.089,44.179,44.297,44.393,44.518,44.629,44.756,44.917,45.119,45.387,45.66,46.261,47.673
529,LNP FP,35.293,37.349,37.919,38.253,38.529,38.808,38.983,39.134,39.268,39.375,39.475,39.595,39.702,39.779,39.854,39.901,39.987,40.065,40.142,40.213,40.278,40.359,40.411,40.485,40.542,40.592,40.64,40.696,40.755,40.809,40.844,40.906,40.959,41.012,41.053,41.097,41.144,41.191,41.251,41.282,41.316,41.362,41.403,41.448,41.493,41.539,41.596,41.654,41.701,41.745,41.794,41.843,41.882,41.918,41.987,42.046,42.1,42.146,42.189,42.246,42.306,42.359,42.403,42.45,42.497,42.543,42.599,42.653,42.702,42.751,42.815,42.868,42.918,42.977,43.013,43.066,43.136,43.193,43.266,43.323,43.406,43.486,43.561,43.64,43.722,43.797,43.893,43.979,44.089,44.179,44.297,44.393,44.518,44.629,44.756,44.917,45.119,45.387,45.66,46.261,47.673
530,LNP FP,35.724,37.485,37.982,38.257,38.551,38.753,38.928,39.089,39.253,39.38,39.48,39.588,39.676,39.751,39.852,39.93,39.999,40.072,40.159,40.227,40.276,40.361,40.408,40.474,40.547,40.6,40.668,40.726,40.775,40.84,40.88,40.931,40.988,41.052,41.098,41.143,41.185,41.235,41.279,41.323,41.37,41.408,41.446,41.481,41.52,41.587,41.641,41.69,41.715,41.758,41.802,41.847,41.89,41.956,42.0,42.063,42.115,42.169,42.222,42.285,42.333,42.383,42.451,42.499,42.545,42.598,42.647,42.688,42.738,42.789,42.848,42.918,42.978,43.033,43.087,43.169,43.226,43.272,43.373,43.42,43.508,43.589,43.647,43.714,43.799,43.883,43.963,44.043,44.141,44.218,44.307,44.436,44.562,44.699,44.817,44.988,45.168,45.45,45.767,46.262,47.663
531,LNP FP,35.724,37.485,37.982,38.257,38.551,38.753,38.928,39.089,39.253,39.38,39.48,39.588,39.676,39.751,39.852,39.93,39.999,40.072,40.159,40.227,40.276,40.361,40.408,40.474,40.547,40.6,40.668,40.726,40.775,40.84,40.88,40.931,40.988,41.052,41.098,41.143,41.185,41.235,41.279,41.323,41.37,41.408,41.446,41.481,41.52,41.587,41.641,41.69,41.715,41.758,41.802,41.847,41.89,41.956,42.0,42.063,42.115,42.169,42.222,42.285,42.333,42.383,42.451,42.499,42.545,42.598,42.647,42.688,42.738,42.789,42.848,42.918,42.978,43.033,43.087,43.169,43.226,43.272,43.373,43.42,43.508,43.589,43.647,43.714,43.799,43.883,43.963,44.043,44.141,44.218,44.307,44.436,44.562,44.699,44.817,44.988,45.168,45.45,45.767,46.262,47.663
532,LNP FP,35.959,37.492,38.004,38.31,38.51,38.766,38.921,39.108,39.256,39.373,39.507,39.616,39.713,39.811,39.889,39.953,40.019,40.112,40.187,40.234,40.309,40.389,40.452,40.509,40.575,40.629,40.678,40.744,40.812,40.854,40.908,40.962,40.995,41.05,41.099,41.151,41.194,41.254,41.295,41.338,41.389,41.442,41.483,41.521,41.549,41.601,41.648,41.711,41.774,41.821,41.863,41.902,41.947,41.988,42.019,42.057,42.111,42.171,42.225,42.267,42.333,42.38,42.429,42.505,42.557,42.621,42.674,42.721,42.771,42.831,42.894,42.947,43.016,43.076,43.133,43.193,43.264,43.319,43.366,43.429,43.499,43.581,43.642,43.697,43.816,43.891,43.981,44.062,44.152,44.243,44.326,44.436,44.554,44.704,44.869,45.06,45.232,45.511,45.801,46.303,47.759
533,LNP FP,35.959,37.492,38.004,38.31,38.51,38.766,38.921,39.108,39.256,39.373,39.507,39.616,39.713,39.811,39.889,39.953,40.019,40.112,40.187,40.234,40.309,40.389,40.452,40.509,40.575,40.629,40.678,40.744,40.812,40.854,40.908,40.962,40.995,41.05,41.099,41.151,41.194,41.254,41.295,41.338,41.389,41.442,41.483,41.521,41.549,41.601,41.648,41.711,41.774,41.821,41.863,41.902,41.947,41.988,42.019,42.057,42.111,42.171,42.225,42.267,42.333,42.38,42.429,42.505,42.557,42.621,42.674,42.721,42.771,42.831,42.894,42.947,43.016,43.076,43.133,43.193,43.264,43.319,43.366,43.429,43.499,43.581,43.642,43.697,43.816,43.891,43.981,44.062,44.152,44.243,44.326,44.436,44.554,44.704,44.869,45.06,45.232,45.511,45.801,46.303,47.759
534,LNP FP,36.088,37.558,37.984,38.263,38.481,38.728,38.935,39.114,39.231,39.36,39.457,39.544,39.654,39.749,39.864,39.964,40.047,40.138,40.207,40.284,40.365,40.426,40.496,40.537,40.6,40.658,40.715,40.763,40.842,40.891,40.933,41.0,41.043,41.083,41.118,41.178,41.214,41.259,41.298,41.354,41.398,41.45,41.497,41.55,41.588,41.638,41.702,41.757,41.797,41.833,41.87,41.926,41.974,42.016,42.063,42.106,42.168,42.213,42.262,42.306,42.352,42.411,42.473,42.519,42.57,42.612,42.66,42.727,42.78,42.837,42.902,42.967,43.015,43.065,43.118,43.194,43.253,43.316,43.383,43.454,43.522,43.591,43.663,43.747,43.846,43.929,44.012,44.09,44.202,44.303,44.393,44.478,44.607,44.759,44.93,45.12,45.314,45.546,45.893,46.315,47.893
535,LNP FP,36.088,37.558,37.984,38.263,38.481,38.728,38.935,39.114,39.231,39.36,39.457,39.544,39.654,39.749,39.864,39.964,40.047,40.138,40.207,40.284,40.365,40.426,40.496,40.537,40.6,40.658,40.715,40.763,40.842,40.891,40.933,41.0,41.043,41.083,41.118,41.178,41.214,41.259,41.298,41.354,41.398,41.45,41.497,41.55,41.588,41.638,41.702,41.757,41.797,41.833,41.87,41.926,41.974,42.016,42.063,42.106,42.168,42.213,42.262,42.306,42.352,42.411,42.473,42.519,42.57,42.612,42.66,42.727,42.78,42.837,42.902,42.967,43.015,43.065,43.118,43.194,43.253,43.316,43.383,43.454,43.522,43.591,43.663,43.747,43.846,43.929,44.012,44.09,44.202,44.303,44.393,44.478,44.607,44.759,44.93,45.12,45.314,45.546,45.893,46.315,47.893
536,LNP FP,35.914,37.575,37.958,38.187,38.498,38.745,38.91,39.069,39.254,39.363,39.479,39.577,39.674,39.786,39.879,39.957,40.062,40.174,40.239,40.309,40.374,40.465,40.519,40.576,40.656,40.694,40.751,40.799,40.843,40.888,40.936,40.996,41.042,41.098,41.148,41.196,41.239,41.284,41.34,41.379,41.436,41.477,41.523,41.56,41.61,41.649,41.7,41.749,41.803,41.855,41.902,41.959,42.003,42.049,42.085,42.143,42.2,42.238,42.29,42.328,42.375,42.427,42.466,42.522,42.568,42.638,42.684,42.731,42.779,42.842,42.882,42.931,43.001,43.049,43.116,43.188,43.241,43.302,43.374,43.461,43.527,43.626,43.698,43.799,43.876,43.947,44.037,44.127,44.211,44.297,44.402,44.522,44.625,44.769,44.93,45.079,45.283,45.53,45.91,46.303,48.034
537,LNP FP,35.914,37.575,37.958,38.187,38.498,38.745,38.91,39.069,39.254,39.363,39.479,39.577,39.674,39.786,39.879,39.957,40.062,40.174,40.239,40.309,40.374,40.465,40.519,40.576,40.656,40.694,40.751,40.799,40.843,40.888,40.936,40.996,41.042,41.098,41.148,41.196,41.239,41.284,41.34,41.379,41.436,41.477,41.523,41.56,41.61,41.649,41.7,41.749,41.803,41.855,41.902,41.959,42.003,42.049,42.085,42.143,42.2,42.238,42.29,42.328,42.375,42.427,42.466,42.522,42.568,42.638,42.684,42.731,42.779,42.842,42.882,42.931,43.001,43.049,43.116,43.188,43.241,43.302,43.374,43.461,43.527,43.626,43.698,43.799,43.876,43.947,44.037,44.127,44.211,44.297,44.402,44.522,44.625,44.769,44.93,45.079,45.283,45.53,45.91,46.303,48.034
538,LNP FP,36.129,37.557,37.936,38.233,38.53,38.741,38.902,39.061,39.239,39.379,39.497,39.628,39.721,39.818,39.908,40.005,40.084,40.148,40.223,40.295,40.387,40.459,40.52,40.572,40.623,40.674,40.742,40.793,40.846,40.886,40.939,41.007,41.062,41.102,41.157,41.211,41.258,41.299,41.349,41.407,41.451,41.499,41.561,41.603,41.645,41.698,41.753,41.796,41.852,41.899,41.943,41.993,42.027,42.061,42.106,42.159,42.204,42.254,42.316,42.377,42.419,42.478,42.523,42.566,42.602,42.64,42.7,42.751,42.808,42.852,42.902,42.976,43.032,43.083,43.148,43.207,43.264,43.324,43.4,43.484,43.575,43.643,43.742,43.814,43.875,43.949,44.061,44.151,44.274,44.355,44.452,44.542,44.645,44.793,44.96,45.101,45.245,45.577,45.985,46.381,48.141
539,LNP FP,36.129,37.557,37.936,38.233,38.53,38.741,38.902,39.061,39.239,39.379,39.497,39.628,39.721,39.818,39.908,40.005,40.084,40.148,40.223,40.295,40.387,40.459,40.52,40.572,40.623,40.674,40.742,40.793,40.846,40.886,40.939,41.007,41.062,41.102,41.157,41.211,41.258,41.299,41.349,41.407,41.451,41.499,41.561,41.603,41.645,41.698,41.753,41.796,41.852,41.899,41.943,41.993,42.027,42.061,42.106,42.159,42.204,42.254,42.316,42.377,42.419,42.478,42.523,42.566,42.602,42.64,42.7,42.751,42.808,42.852,42.902,42.976,43.032,43.083,43.148,43.207,43.264,43.324,43.4,43.484,43.575,43.643,43.742,43.814,43.875,43.949,44.061,44.151,44.274,44.355,44.452,44.542,44.645,44.793,44.96,45.101,45.245,45.577,45.985,46.381,48.141
540,LNP FP,35.821,37.442,37.943,38.317,38.591,38.771,38.877,39.067,39.185,39.316,39.487,39.596,39.72,39.834,39.905,39.996,40.061,40.141,40.225,40.286,40.341,40.427,40.495,40.548,40.617,40.686,40.747,40.82,40.897,40.94,40.976,41.033,41.082,41.123,41.166,41.218,41.275,41.326,41.38,41.43,41.489,41.534,41.586,41.624,41.671,41.717,41.76,41.804,41.846,41.897,41.956,41.997,42.049,42.094,42.169,42.208,42.267,42.317,42.356,42.426,42.474,42.528,42.579,42.613,42.645,42.694,42.75,42.806,42.84,42.89,42.94,42.995,43.051,43.104,43.168,43.242,43.32,43.378,43.453,43.521,43.578,43.66,43.75,43.831,43.915,44.016,44.095,44.194,44.296,44.363,44.421,44.572,44.715,44.806,44.903,45.082,45.347,45.591,45.983,46.319,47.922
541,LNP FP,35.821,37.442,37.943,38.317,38.591,38.771,38.877,39.067,39.185,39.316,39.487,39.596,39.72,39.834,39.905,39.996,40.061,40.141,40.225,40.286,40.341,40.427,40.495,40.548,40.617,40.686,40.747,40.82,40.897,40.94,40.976,41.033,41.082,41.123,41.166,41.218,41.275,41.326,41.38,41.43,41.489,41.534,41.586,41.624,41.671,41.717,41.76,41.804,41.846,41.897,41.956,41.997,42.049,42.094,42.169,42.208,42.267,42.317,42.356,42.426,42.474,42.528,42.579,42.613,42.645,42.694,42.75,42.806,42.84,42.89,42.94,42.995,43.051,43.104,43.168,43.242,43.32,43.378,43.453,43.521,43.578,43.66,43.75,43.831,43.915,44.016,44.095,44.194,44.296,44.363,44.421,44.572,44.715,44.806,44.903,45.082,45.347,45.591,45.983,46.319,47.922
542,LNP FP,35.904,37.415,38.009,38.333,38.596,38.787,38.967,39.148,39.313,39.445,39.52,39.618,39.681,39.766,39.86,39.964,40.079,40.129,40.244,40.334,40.397,40.478,40.53,40.594,40.66,40.717,40.762,40.795,40.855,40.92,40.985,41.046,41.107,41.149,41.215,41.263,41.333,41.379,41.423,41.468,41.515,41.564,41.597,41.651,41.708,41.753,41.808,41.844,41.886,41.943,41.984,42.036,42.096,42.147,42.196,42.248,42.307,42.348,42.41,42.453,42.498,42.561,42.604,42.655,42.708,42.744,42.782,42.829,42.869,42.912,42.974,43.025,43.082,43.141,43.196,43.249,43.311,43.361,43.429,43.532,43.608,43.69,43.75,43.831,43.926,44.003,44.093,44.179,44.275,44.418,44.516,44.616,44.718,44.854,44.984,45.128,45.361,45.579,45.91,46.378,48.54
543,LNP FP,35.904,37.415,38.009,38.333,38.596,38.787,38.967,39.148,39.313,39.445,39.52,39.618,39.681,39.766,39.86,39.964,40.079,40.129,40.244,40.334,40.397,40.478,40.53,40.594,40.66,40.717,40.762,40.795,40.855,40.92,40.985,41.046,41.107,41.149,41.215,41.263,41.333,41.379,41.423,41.468,41.515,41.564,41.597,41.651,41.708,41.753,41.808,41.844,41.886,41.943,41.984,42.036,42.096,42.147,42.196,42.248,42.307,42.348,42.41,42.453,42.498,42.561,42.604,42.655,42.708,42.744,42.782,42.829,42.869,42.912,42.974,43.025,43.082,43.141,43.196,43.249,43.311,43.361,43.429,43.532,43.608,43.69,43.75,43.831,43.926,44.003,44.093,44.179,44.275,44.418,44.516,44.616,44.718,44.854,44.984,45.128,45.361,45.579,45.91,46.378,48.54
544,LNP FP,36.138,37.439,38.033,38.339,38.616,38.848,39.02,39.142,39.302,39.464,39.547,39.655,39.729,39.835,39.931,40.015,40.116,40.184,40.271,40.345,40.43,40.501,40.567,40.621,40.676,40.724,40.782,40.839,40.907,40.983,41.036,41.094,41.147,41.185,41.241,41.297,41.355,41.403,41.452,41.508,41.546,41.589,41.639,41.686,41.722,41.756,41.804,41.847,41.896,41.94,41.982,42.036,42.092,42.131,42.187,42.226,42.278,42.329,42.4,42.454,42.507,42.561,42.602,42.656,42.693,42.743,42.776,42.839,42.909,42.956,43.012,43.054,43.116,43.183,43.243,43.293,43.353,43.413,43.461,43.524,43.61,43.672,43.731,43.833,43.919,44.012,44.128,44.183,44.268,44.379,44.485,44.632,44.76,44.896,45.02,45.194,45.359,45.58,45.978,46.48,48.339
545,LNP FP,36.138,37.439,38.033,38.339,38.616,38.848,39.02,39.142,39.302,39.464,39.547,39.655,39.729,39.835,39.931,40.015,40.116,40.184,40.271,40.345,40.43,40.501,40.567,40.621,40.676,40.724,40.782,40.839,40.907,40.983,41.036,41.094,41.147,41.185,41.241,41.297,41.355,41.403,41.452,41.508,41.546,41.589,41.639,41.686,41.722,41.756,41.804,41.847,41.896,41.94,41.982,42.036,42.092,42.131,42.187,42.226,42.278,42.329,42.4,42.454,42.507,42.561,42.602,42.656,42.693,42.743,42.776,42.839,42.909,42.956,43.012,43.054,43.116,43.183,43.243,43.293,43.353,43.413,43.461,43.524,43.61,43.672,43.731,43.833,43.919,44.012,44.128,44.183,44.268,44.379,44.485,44.632,44.76,44.896,45.02,45.194,45.359,45.58,45.978,46.48,48.339
546,LNP FP,36.074,37.499,38.012,38.39,38.67,38.888,39.035,39.186,39.304,39.44,39.548,39.675,39.774,39.854,39.966,40.045,40.128,40.219,40.271,40.349,40.427,40.483,40.561,40.643,40.712,40.783,40.848,40.926,40.965,41.025,41.089,41.148,41.182,41.238,41.29,41.325,41.397,41.444,41.488,41.52,41.561,41.605,41.653,41.692,41.73,41.774,41.822,41.871,41.923,41.966,42.017,42.057,42.113,42.182,42.228,42.267,42.309,42.364,42.407,42.443,42.489,42.548,42.598,42.652,42.7,42.747,42.793,42.862,42.918,42.98,43.035,43.083,43.142,43.191,43.259,43.315,43.361,43.428,43.49,43.568,43.639,43.713,43.781,43.841,43.922,44.013,44.104,44.198,44.284,44.411,44.528,44.644,44.803,44.959,45.065,45.225,45.415,45.688,46.07,46.647,47.609
547,LNP FP,36.074,37.499,38.012,38.39,38.67,38.888,39.035,39.186,39.304,39.44,39.548,39.675,39.774,39.854,39.966,40.045,40.128,40.219,40.271,40.349,40.427,40.483,40.561,40.643,40.712,40.783,40.848,40.926,40.965,41.025,41.089,41.148,41.182,41.238,41.29,41.325,41.397,41.444,41.488,41.52,41.561,41.605,41.653,41.692,41.73,41.774,41.822,41.871,41.923,41.966,42.017,42.057,42.113,42.182,42.228,42.267,42.309,42.364,42.407,42.443,42.489,42.548,42.598,42.652,42.7,42.747,42.793,42.862,42.918,42.98,43.035,43.083,43.142,43.191,43.259,43.315,43.361,43.428,43.49,43.568,43.639,43.713,43.781,43.841,43.922,44.013,44.104,44.198,44.284,44.411,44.528,44.644,44.803,44.959,45.065,45.225,45.415,45.688,46.07,46.647,47.609
548,LNP FP,36.191,37.576,38.061,38.412,38.664,38.827,39.016,39.153,39.282,39.424,39.555,39.673,39.779,39.862,39.941,40.037,40.131,40.202,40.277,40.369,40.454,40.517,40.575,40.642,40.714,40.779,40.856,40.926,40.97,41.019,41.069,41.126,41.178,41.223,41.28,41.321,41.364,41.417,41.476,41.509,41.569,41.609,41.642,41.699,41.74,41.778,41.833,41.885,41.94,41.983,42.028,42.071,42.123,42.175,42.223,42.266,42.331,42.364,42.405,42.476,42.522,42.57,42.628,42.68,42.727,42.779,42.85,42.906,42.961,43.011,43.055,43.107,43.159,43.217,43.278,43.336,43.397,43.449,43.509,43.564,43.632,43.718,43.795,43.899,43.984,44.044,44.127,44.228,44.358,44.437,44.516,44.638,44.775,44.922,45.099,45.293,45.478,45.701,46.129,46.557,47.878
549,LNP FP,36.191,37.576,38.061,38.412,38.664,38.827,39.016,39.153,39.282,39.424,39.555,39.673,39.779,39.862,39.941,40.037,40.131,40.202,40.277,40.369,40.454,40.517,40.575,40.642,40.714,40.779,40.856,40.926,40.97,41.019,41.069,41.126,41.178,41.223,41.28,41.321,41.364,41.417,41.476,41.509,41.569,41.609,41.642,41.699,41.74,41.778,41.833,41.885,41.94,41.983,42.028,42.071,42.123,42.175,42.223,42.266,42.331,42.364,42.405,42.476,42.522,42.57,42.628,42.68,42.727,42.779,42.85,42.906,42.961,43.011,43.055,43.107,43.159,43.217,43.278,43.336,43.397,43.449,43.509,43.564,43.632,43.718,43.795,43.899,43.984,44.044,44.127,44.228,44.358,44.437,44.516,44.638,44.775,44.922,45.099,45.293,45.478,45.701,46.129,46.557,47.878
550,LNP FP,36.299,37.562,38.099,38.398,38.676,38.887,39.034,39.175,39.295,39.414,39.523,39.662,39.76,39.867,39.961,40.027,40.138,40.235,40.327,40.392,40.454,40.521,40.593,40.655,40.7,40.756,40.827,40.877,40.942,41.009,41.075,41.13,41.187,41.236,41.283,41.334,41.38,41.431,41.476,41.515,41.558,41.616,41.662,41.708,41.757,41.798,41.857,41.898,41.958,42.004,42.046,42.088,42.133,42.175,42.216,42.29,42.332,42.389,42.435,42.488,42.546,42.603,42.662,42.707,42.768,42.812,42.859,42.922,42.97,43.023,43.078,43.138,43.18,43.241,43.29,43.339,43.388,43.44,43.507,43.572,43.642,43.731,43.818,43.912,43.975,44.073,44.174,44.261,44.366,44.455,44.554,44.64,44.789,44.913,45.076,45.21,45.458,45.732,46.176,46.609,48.113
551,LNP FP,36.299,37.562,38.099,38.398,38.676,38.887,39.034,39.175,39.295,39.414,39.523,39.662,39.76,39.867,39.961,40.027,40.138,40.235,40.327,40.392,40.454,40.521,40.593,40.655,40.7,40.756,40.827,40.877,40.942,41.009,41.075,41.13,41.187,41.236,41.283,41.334,41.38,41.431,41.476,41.515,41.558,41.616,41.662,41.708,41.757,41.798,41.857,41.898,41.958,42.004,42.046,42.088,42.133,42.175,42.216,42.29,42.332,42.389,42.435,42.488,42.546,42.603,42.662,42.707,42.768,42.812,42.859,42.922,42.97,43.023,43.078,43.138,43.18,43.241,43.29,43.339,43.388,43.44,43.507,43.572,43.642,43.731,43.818,43.912,43.975,44.073,44.174,44.261,44.366,44.455,44.554,44.64,44.789,44.913,45.076,45.21,45.458,45.732,46.176,46.609,48.113
552,LNP FP,36.315,37.649,38.122,38.412,38.719,38.87,39.057,39.188,39.296,39.433,39.58,39.657,39.795,39.884,39.994,40.1,40.178,40.261,40.334,40.406,40.461,40.527,40.589,40.668,40.731,40.795,40.867,40.927,40.992,41.041,41.097,41.152,41.193,41.247,41.296,41.355,41.396,41.463,41.51,41.566,41.621,41.666,41.718,41.753,41.79,41.824,41.871,41.905,41.95,42.002,42.066,42.131,42.184,42.234,42.283,42.331,42.385,42.431,42.486,42.537,42.583,42.628,42.673,42.716,42.77,42.822,42.865,42.916,42.981,43.035,43.102,43.169,43.209,43.264,43.317,43.362,43.421,43.478,43.54,43.607,43.679,43.765,43.85,43.946,44.018,44.096,44.175,44.243,44.344,44.47,44.602,44.695,44.864,44.991,45.113,45.289,45.517,45.857,46.138,46.693,48.183
553,LNP FP,36.315,37.649,38.122,38.412,38.719,38.87,39.057,39.188,39.296,39.433,39.58,39.657,39.795,39.884,39.994,40.1,40.178,40.261,40.334,40.406,40.461,40.527,40.589,40.668,40.731,40.795,40.867,40.927,40.992,41.041,41.097,41.152,41.193,41.247,41.296,41.355,41.396,41.463,41.51,41.566,41.621,41.666,41.718,41.753,41.79,41.824,41.871,41.905,41.95,42.002,42.066,42.131,42.184,42.234,42.283,42.331,42.385,42.431,42.486,42.537,42.583,42.628,42.673,42.716,42.77,42.822,42.865,42.916,42.981,43.035,43.102,43.169,43.209,43.264,43.317,43.362,43.421,43.478,43.54,43.607,43.679,43.765,43.85,43.946,44.018,44.096,44.175,44.243,44.344,44.47,44.602,44.695,44.864,44.991,45.113,45.289,45.517,45.857,46.138,46.693,48.183
554,LNP FP,36.314,37.534,38.147,38.428,38.743,38.884,39.053,39.212,39.334,39.427,39.522,39.623,39.748,39.898,40.016,40.082,40.184,40.274,40.384,40.454,40.517,40.572,40.633,40.687,40.738,40.797,40.866,40.929,40.995,41.067,41.103,41.155,41.216,41.267,41.321,41.364,41.426,41.469,41.516,41.575,41.621,41.658,41.701,41.77,41.808,41.844,41.898,41.947,41.984,42.03,42.073,42.135,42.191,42.242,42.284,42.343,42.4,42.441,42.486,42.542,42.598,42.651,42.706,42.75,42.799,42.857,42.917,42.965,42.991,43.028,43.088,43.154,43.196,43.272,43.321,43.395,43.462,43.516,43.601,43.674,43.73,43.803,43.867,43.925,44.005,44.113,44.199,44.259,44.42,44.503,44.627,44.748,44.9,45.04,45.179,45.351,45.584,45.843,46.139,46.738,48.363
555,LNP FP,36.314,37.534,38.147,38.428,38.743,38.884,39.053,39.212,39.334,39.427,39.522,39.623,39.748,39.898,40.016,40.082,40.184,40.274,40.384,40.454,40.517,40.572,40.633,40.687,40.738,40.797,40.866,40.929,40.995,41.067,41.103,41.155,41.216,41.267,41.321,41.364,41.426,41.469,41.516,41.575,41.621,41.658,41.701,41.77,41.808,41.844,41.898,41.947,41.984,42.03,42.073,42.135,42.191,42.242,42.284,42.343,42.4,42.441,42.486,42.542,42.598,42.651,42.706,42.75,42.799,42.857,42.917,42.965,42.991,43.028,43.088,43.154,43.196,43.272,43.321,43.395,43.462,43.516,43.601,43.674,43.73,43.803,43.867,43.925,44.005,44.113,44.199,44.259,44.42,44.503,44.627,44.748,44.9,45.04,45.179,45.351,45.584,45.843,46.139,46.738,48.363
556,LNP FP,36.174,37.567,38.154,38.469,38.756,38.935,39.071,39.225,39.341,39.452,39.55,39.66,39.756,39.861,39.956,40.038,40.136,40.234,40.305,40.393,40.471,40.56,40.627,40.71,40.777,40.856,40.919,40.986,41.041,41.09,41.146,41.186,41.243,41.3,41.35,41.41,41.447,41.497,41.548,41.59,41.64,41.693,41.742,41.777,41.821,41.878,41.924,41.968,42.019,42.07,42.11,42.175,42.224,42.283,42.325,42.379,42.418,42.484,42.531,42.57,42.627,42.663,42.717,42.762,42.805,42.847,42.907,42.956,43.008,43.066,43.129,43.177,43.236,43.3,43.346,43.403,43.463,43.533,43.595,43.688,43.743,43.824,43.876,43.961,44.045,44.141,44.226,44.343,44.444,44.543,44.679,44.781,44.912,45.048,45.207,45.364,45.599,45.828,46.216,46.556,48.206
557,LNP FP,36.174,37.567,38.154,38.469,38.756,38.935,39.071,39.225,39.341,39.452,39.55,39.66,39.756,39.861,39.956,40.038,40.136,40.234,40.305,40.393,40.471,40.56,40.627,40.71,40.777,40.856,40.919,40.986,41.041,41.09,41.146,41.186,41.243,41.3,41.35,41.41,41.447,41.497,41.548,41.59,41.64,41.693,41.742,41.777,41.821,41.878,41.924,41.968,42.019,42.07,42.11,42.175,42.224,42.283,42.325,42.379,42.418,42.484,42.531,42.57,42.627,42.663,42.717,42.762,42.805,42.847,42.907,42.956,43.008,43.066,43.129,43.177,43.236,43.3,43.346,43.403,43.463,43.533,43.595,43.688,43.743,43.824,43.876,43.961,44.045,44.141,44.226,44.343,44.444,44.543,44.679,44.781,44.912,45.048,45.207,45.364,45.599,45.828,46.216,46.556,48.206
558,LNP FP,36.183,37.562,38.025,38.418,38.689,38.865,39.019,39.165,39.334,39.481,39.585,39.673,39.767,39.859,39.978,40.047,40.15,40.233,40.329,40.402,40.476,40.558,40.667,40.75,40.815,40.89,40.952,41.011,41.069,41.119,41.19,41.23,41.278,41.32,41.378,41.409,41.442,41.497,41.547,41.602,41.666,41.729,41.779,41.828,41.869,41.898,41.942,41.978,42.03,42.078,42.15,42.19,42.223,42.255,42.307,42.355,42.421,42.462,42.512,42.563,42.616,42.654,42.705,42.747,42.795,42.837,42.878,42.944,42.984,43.048,43.103,43.159,43.211,43.266,43.349,43.412,43.471,43.537,43.603,43.675,43.727,43.815,43.899,43.979,44.067,44.169,44.242,44.344,44.433,44.537,44.643,44.796,44.942,45.111,45.227,45.453,45.638,45.889,46.235,46.721,48.551
559,LNP FP,36.183,37.562,38.025,38.418,38.689,38.865,39.019,39.165,39.334,39.481,39.585,39.673,39.767,39.859,39.978,40.047,40.15,40.233,40.329,40.402,40.476,40.558,40.667,40.75,40.815,40.89,40.952,41.011,41.069,41.119,41.19,41.23,41.278,41.32,41.378,41.409,41.442,41.497,41.547,41.602,41.666,41.729,41.779,41.828,41.869,41.898,41.942,41.978,42.03,42.078,42.15,42.19,42.223,42.255,42.307,42.355,42.421,42.462,42.512,42.563,42.616,42.654,42.705,42.747,42.795,42.837,42.878,42.944,42.984,43.048,43.103,43.159,43.211,43.266,43.349,43.412,43.471,43.537,43.603,43.675,43.727,43.815,43.899,43.979,44.067,44.169,44.242,44.344,44.433,44.537,44.643,44.796,44.942,45.111,45.227,45.453,45.638,45.889,46.235,46.721,48.551
560,LNP FP,36.114,37.548,38.163,38.41,38.669,38.871,39.013,39.217,39.348,39.499,39.601,39.718,39.826,39.939,40.02,40.1,40.201,40.273,40.327,40.407,40.468,40.546,40.607,40.694,40.765,40.866,40.939,40.992,41.058,41.111,41.161,41.219,41.264,41.322,41.385,41.44,41.479,41.532,41.577,41.636,41.681,41.736,41.78,41.836,41.877,41.92,41.968,42.006,42.06,42.103,42.151,42.198,42.232,42.278,42.325,42.367,42.412,42.452,42.516,42.567,42.618,42.672,42.717,42.757,42.807,42.845,42.912,42.95,43.004,43.08,43.135,43.209,43.257,43.316,43.363,43.447,43.515,43.572,43.639,43.714,43.772,43.852,43.908,43.966,44.057,44.163,44.254,44.364,44.458,44.565,44.688,44.803,44.96,45.078,45.207,45.441,45.711,46.003,46.338,46.834,48.007
561,LNP FP,36.114,37.548,38.163,38.41,38.669,38.871,39.013,39.217,39.348,39.499,39.601,39.718,39.826,39.939,40.02,40.1,40.201,40.273,40.327,40.407,40.468,40.546,40.607,40.694,40.765,40.866,40.939,40.992,41.058,41.111,41.161,41.219,41.264,41.322,41.385,41.44,41.479,41.532,41.577,41.636,41.681,41.736,41.78,41.836,41.877,41.92,41.968,42.006,42.06,42.103,42.151,42.198,42.232,42.278,42.325,42.367,42.412,42.452,42.516,42.567,42.618,42.672,42.717,42.757,42.807,42.845,42.912,42.95,43.004,43.08,43.135,43.209,43.257,43.316,43.363,43.447,43.515,43.572,43.639,43.714,43.772,43.852,43.908,43.966,44.057,44.163,44.254,44.364,44.458,44.565,44.688,44.803,44.96,45.078,45.207,45.441,45.711,46.003,46.338,46.834,48.007
562,LNP FP,35.998,37.629,38.118,38.461,38.654,38.875,39.061,39.214,39.314,39.444,39.578,39.694,39.793,39.881,40.027,40.101,40.213,40.297,40.372,40.436,40.509,40.599,40.683,40.746,40.812,40.861,40.929,40.966,41.03,41.075,41.141,41.192,41.251,41.323,41.37,41.418,41.461,41.51,41.576,41.622,41.665,41.752,41.809,41.848,41.901,41.936,41.982,42.04,42.082,42.13,42.183,42.227,42.264,42.315,42.351,42.393,42.442,42.481,42.53,42.589,42.628,42.666,42.713,42.766,42.823,42.869,42.926,42.995,43.055,43.115,43.181,43.223,43.267,43.32,43.371,43.442,43.506,43.563,43.667,43.739,43.786,43.854,43.951,44.016,44.082,44.176,44.274,44.363,44.464,44.553,44.674,44.808,44.958,45.09,45.277,45.467,45.723,46.092,46.389,46.873,48.122
563,LNP FP,35.998,37.629,38.118,38.461,38.654,38.875,39.061,39.214,39.314,39.444,39.578,39.694,39.793,39.881,40.027,40.101,40.213,40.297,40.372,40.436,40.509,40.599,40.683,40.746,40.812,40.861,40.929,40.966,41.03,41.075,41.141,41.192,41.251,41.323,41.37,41.418,41.461,41.51,41.576,41.622,41.665,41.752,41.809,41.848,41.901,41.936,41.982,42.04,42.082,42.13,42.183,42.227,42.264,42.315,42.351,42.393,42.442,42.481,42.53,42.589,42.628,42.666,42.713,42.766,42.823,42.869,42.926,42.995,43.055,43.115,43.181,43.223,43.267,43.32,43.371,43.442,43.506,43.563,43.667,43.739,43.786,43.854,43.951,44.016,44.082,44.176,44.274,44.363,44.464,44.553,44.674,44.808,44.958,45.09,45.277,45.467,45.723,46.092,46.389,46.873,48.122
564,LNP FP,36.139,37.497,38.064,38.465,38.684,38.887,39.048,39.236,39.361,39.507,39.612,39.722,39.821,39.91,39.998,40.108,40.189,40.273,40.347,40.446,40.527,40.619,40.71,40.759,40.82,40.868,40.924,40.979,41.04,41.086,41.154,41.214,41.275,41.326,41.393,41.427,41.506,41.552,41.615,41.675,41.705,41.751,41.797,41.84,41.903,41.953,42.002,42.053,42.102,42.159,42.209,42.256,42.291,42.34,42.395,42.433,42.491,42.534,42.587,42.63,42.68,42.723,42.764,42.817,42.876,42.919,42.966,43.017,43.07,43.117,43.163,43.216,43.292,43.352,43.417,43.465,43.514,43.582,43.654,43.722,43.802,43.879,43.953,44.036,44.12,44.23,44.31,44.385,44.479,44.608,44.7,44.8,44.932,45.087,45.276,45.479,45.717,45.986,46.366,46.847,48.49
565,LNP FP,36.139,37.497,38.064,38.465,38.684,38.887,39.048,39.236,39.361,39.507,39.612,39.722,39.821,39.91,39.998,40.108,40.189,40.273,40.347,40.446,40.527,40.619,40.71,40.759,40.82,40.868,40.924,40.979,41.04,41.086,41.154,41.214,41.275,41.326,41.393,41.427,41.506,41.552,41.615,41.675,41.705,41.751,41.797,41.84,41.903,41.953,42.002,42.053,42.102,42.159,42.209,42.256,42.291,42.34,42.395,42.433,42.491,42.534,42.587,42.63,42.68,42.723,42.764,42.817,42.876,42.919,42.966,43.017,43.07,43.117,43.163,43.216,43.292,43.352,43.417,43.465,43.514,43.582,43.654,43.722,43.802,43.879,43.953,44.036,44.12,44.23,44.31,44.385,44.479,44.608,44.7,44.8,44.932,45.087,45.276,45.479,45.717,45.986,46.366,46.847,48.49
566,LNP FP,36.186,37.542,38.128,38.39,38.634,38.869,39.069,39.212,39.338,39.461,39.608,39.734,39.83,39.914,40.036,40.113,40.192,40.28,40.366,40.46,40.553,40.619,40.701,40.768,40.823,40.878,40.937,40.999,41.065,41.118,41.183,41.232,41.293,41.338,41.391,41.431,41.494,41.547,41.62,41.659,41.704,41.782,41.838,41.884,41.932,42.003,42.045,42.079,42.133,42.177,42.226,42.272,42.328,42.365,42.396,42.449,42.493,42.542,42.59,42.636,42.673,42.714,42.78,42.829,42.885,42.928,42.972,43.018,43.089,43.13,43.195,43.256,43.325,43.383,43.436,43.495,43.561,43.619,43.682,43.757,43.814,43.892,43.981,44.052,44.115,44.212,44.292,44.399,44.476,44.617,44.725,44.822,44.967,45.115,45.255,45.463,45.775,46.0,46.416,46.824,48.063
567,LNP FP,36.186,37.542,38.128,38.39,38.634,38.869,39.069,39.212,39.338,39.461,39.608,39.734,39.83,39.914,40.036,40.113,40.192,40.28,40.366,40.46,40.553,40.619,40.701,40.768,40.823,40.878,40.937,40.999,41.065,41.118,41.183,41.232,41.293,41.338,41.391,41.431,41.494,41.547,41.62,41.659,41.704,41.782,41.838,41.884,41.932,42.003,42.045,42.079,42.133,42.177,42.226,42.272,42.328,42.365,42.396,42.449,42.493,42.542,42.59,42.636,42.673,42.714,42.78,42.829,42.885,42.928,42.972,43.018,43.089,43.13,43.195,43.256,43.325,43.383,43.436,43.495,43.561,43.619,43.682,43.757,43.814,43.892,43.981,44.052,44.115,44.212,44.292,44.399,44.476,44.617,44.725,44.822,44.967,45.115,45.255,45.463,45.775,46.0,46.416,46.824,48.063
568,LNP FP,36.066,37.628,38.117,38.445,38.646,38.917,39.093,39.284,39.414,39.524,39.641,39.762,39.838,39.933,40.032,40.113,40.225,40.319,40.398,40.476,40.533,40.599,40.656,40.743,40.808,40.865,40.925,40.993,41.057,41.115,41.165,41.227,41.28,41.335,41.383,41.438,41.516,41.593,41.656,41.709,41.774,41.813,41.852,41.891,41.935,41.984,42.044,42.099,42.142,42.185,42.225,42.27,42.305,42.366,42.427,42.468,42.509,42.565,42.609,42.655,42.714,42.764,42.815,42.881,42.92,42.966,43.024,43.068,43.107,43.158,43.211,43.269,43.321,43.381,43.433,43.493,43.553,43.612,43.664,43.729,43.826,43.92,43.994,44.079,44.155,44.263,44.362,44.449,44.503,44.592,44.674,44.797,44.909,45.1,45.264,45.443,45.68,46.058,46.451,46.948,48.293
569,LNP FP,36.066,37.628,38.117,38.445,38.646,38.917,39.093,39.284,39.414,39.524,39.641,39.762,39.838,39.933,40.032,40.113,40.225,40.319,40.398,40.476,40.533,40.599,40.656,40.743,40.808,40.865,40.925,40.993,41.057,41.115,41.165,41.227,41.28,41.335,41.383,41.438,41.516,41.593,41.656,41.709,41.774,41.813,41.852,41.891,41.935,41.984,42.044,42.099,42.142,42.185,42.225,42.27,42.305,42.366,42.427,42.468,42.509,42.565,42.609,42.655,42.714,42.764,42.815,42.881,42.92,42.966,43.024,43.068,43.107,43.158,43.211,43.269,43.321,43.381,43.433,43.493,43.553,43.612,43.664,43.729,43.826,43.92,43.994,44.079,44.155,44.263,44.362,44.449,44.503,44.592,44.674,44.797,44.909,45.1,45.264,45.443,45.68,46.058,46.451,46.948,48.293
570,LNP FP,36.245,37.662,38.097,38.52,38.744,38.933,39.141,39.305,39.43,39.525,39.629,39.727,39.845,39.919,40.046,40.135,40.206,40.289,40.361,40.429,40.51,40.601,40.676,40.744,40.814,40.874,40.957,41.03,41.087,41.152,41.212,41.269,41.32,41.361,41.417,41.451,41.51,41.555,41.622,41.67,41.729,41.777,41.825,41.875,41.93,41.984,42.035,42.076,42.126,42.181,42.223,42.266,42.318,42.366,42.405,42.458,42.506,42.573,42.622,42.672,42.717,42.755,42.805,42.87,42.934,42.975,43.038,43.089,43.136,43.19,43.25,43.282,43.35,43.406,43.484,43.557,43.614,43.679,43.723,43.785,43.845,43.928,44.009,44.064,44.164,44.238,44.303,44.403,44.491,44.606,44.737,44.827,44.971,45.104,45.253,45.464,45.73,45.994,46.38,47.025,48.257
571,LNP FP,36.245,37.662,38.097,38.52,38.744,38.933,39.141,39.305,39.43,39.525,39.629,39.727,39.845,39.919,40.046,40.135,40.206,40.289,40.361,40.429,40.51,40.601,40.676,40.744,40.814,40.874,40.957,41.03,41.087,41.152,41.212,41.269,41.32,41.361,41.417,41.451,41.51,41.555,41.622,41.67,41.729,41.777,41.825,41.875,41.93,41.984,42.035,42.076,42.126,42.181,42.223,42.266,42.318,42.366,42.405,42.458,42.506,42.573,42.622,42.672,42.717,42.755,42.805,42.87,42.934,42.975,43.038,43.089,43.136,43.19,43.25,43.282,43.35,43.406,43.484,43.557,43.614,43.679,43.723,43.785,43.845,43.928,44.009,44.064,44.164,44.238,44.303,44.403,44.491,44.606,44.737,44.827,44.971,45.104,45.253,45.464,45.73,45.994,46.38,47.025,48.257
572,LNP FP,36.33,37.538,38.152,38.521,38.762,38.959,39.093,39.281,39.451,39.599,39.691,39.8,39.912,39.988,40.057,40.144,40.211,40.321,40.393,40.451,40.526,40.602,40.663,40.749,40.813,40.901,40.948,40.999,41.091,41.137,41.2,41.261,41.323,41.387,41.445,41.493,41.542,41.585,41.643,41.689,41.74,41.779,41.833,41.886,41.935,41.991,42.041,42.084,42.123,42.187,42.234,42.282,42.329,42.392,42.449,42.507,42.557,42.613,42.684,42.728,42.77,42.821,42.862,42.904,42.973,43.025,43.062,43.102,43.154,43.221,43.274,43.323,43.373,43.432,43.487,43.546,43.604,43.669,43.746,43.807,43.873,43.95,44.002,44.071,44.156,44.248,44.343,44.417,44.543,44.644,44.744,44.848,44.981,45.135,45.317,45.511,45.737,45.974,46.436,47.032,48.444
573,LNP FP,36.33,37.538,38.152,38.521,38.762,38.959,39.093,39.281,39.451,39.599,39.691,39.8,39.912,39.988,40.057,40.144,40.211,40.321,40.393,40.451,40.526,40.602,40.663,40.749,40.813,40.901,40.948,40.999,41.091,41.137,41.2,41.261,41.323,41.387,41.445,41.493,41.542,41.585,41.643,41.689,41.74,41.779,41.833,41.886,41.935,41.991,42.041,42.084,42.123,42.187,42.234,42.282,42.329,42.392,42.449,42.507,42.557,42.613,42.684,42.728,42.77,42.821,42.862,42.904,42.973,43.025,43.062,43.102,43.154,43.221,43.274,43.323,43.373,43.432,43.487,43.546,43.604,43.669,43.746,43.807,43.873,43.95,44.002,44.071,44.156,44.248,44.343,44.417,44.543,44.644,44.744,44.848,44.981,45.135,45.317,45.511,45.737,45.974,46.436,47.032,48.444
574,LNP FP,36.115,37.476,38.24,38.555,38.755,38.968,39.123,39.275,39.423,39.561,39.672,39.789,39.878,39.992,40.09,40.198,40.28,40.358,40.438,40.509,40.558,40.63,40.716,40.789,40.853,40.922,40.969,41.019,41.059,41.127,41.192,41.26,41.335,41.394,41.445,41.498,41.553,41.614,41.653,41.714,41.77,41.814,41.879,41.933,41.983,42.034,42.086,42.123,42.153,42.199,42.243,42.299,42.349,42.41,42.454,42.509,42.562,42.604,42.66,42.72,42.779,42.84,42.885,42.947,42.989,43.038,43.099,43.158,43.22,43.262,43.311,43.355,43.412,43.469,43.524,43.588,43.651,43.712,43.769,43.823,43.891,43.952,44.036,44.133,44.208,44.288,44.355,44.469,44.544,44.64,44.785,44.907,45.052,45.218,45.361,45.561,45.77,45.975,46.483,47.164,48.346
575,LNP FP,36.115,37.476,38.24,38.555,38.755,38.968,39.123,39.275,39.423,39.561,39.672,39.789,39.878,39.992,40.09,40.198,40.28,40.358,40.438,40.509,40.558,40.63,40.716,40.789,40.853,40.922,40.969,41.019,41.059,41.127,41.192,41.26,41.335,41.394,41.445,41.498,41.553,41.614,41.653,41.714,41.77,41.814,41.879,41.933,41.983,42.034,42.086,42.123,42.153,42.199,42.243,42.299,42.349,42.41,42.454,42.509,42.562,42.604,42.66,42.72,42.779,42.84,42.885,42.947,42.989,43.038,43.099,43.158,43.22,43.262,43.311,43.355,43.412,43.469,43.524,43.588,43.651,43.712,43.769,43.823,43.891,43.952,44.036,44.133,44.208,44.288,44.355,44.469,44.544,44.64,44.785,44.907,45.052,45.218,45.361,45.561,45.77,45.975,46.483,47.164,48.346
576,LNP FP,36.153,37.586,38.273,38.635,38.907,39.049,39.201,39.313,39.446,39.542,39.676,39.79,39.887,40.001,40.097,40.178,40.256,40.346,40.432,40.484,40.563,40.659,40.705,40.789,40.834,40.913,40.979,41.039,41.104,41.164,41.222,41.267,41.333,41.394,41.463,41.516,41.567,41.614,41.657,41.72,41.772,41.841,41.889,41.934,41.986,42.036,42.086,42.129,42.19,42.242,42.284,42.329,42.382,42.437,42.491,42.537,42.586,42.631,42.697,42.754,42.808,42.855,42.896,42.942,42.999,43.052,43.102,43.156,43.21,43.267,43.312,43.357,43.4,43.467,43.533,43.586,43.634,43.721,43.783,43.844,43.902,43.967,44.034,44.122,44.194,44.29,44.379,44.486,44.593,44.676,44.785,44.928,45.057,45.182,45.355,45.524,45.832,46.076,46.479,47.306,48.25
577,LNP FP,36.153,37.586,38.273,38.635,38.907,39.049,39.201,39.313,39.446,39.542,39.676,39.79,39.887,40.001,40.097,40.178,40.256,40.346,40.432,40.484,40.563,40.659,40.705,40.789,40.834,40.913,40.979,41.039,41.104,41.164,41.222,41.267,41.333,41.394,41.463,41.516,41.567,41.614,41.657,41.72,41.772,41.841,41.889,41.934,41.986,42.036,42.086,42.129,42.19,42.242,42.284,42.329,42.382,42.437,42.491,42.537,42.586,42.631,42.697,42.754,42.808,42.855,42.896,42.942,42.999,43.052,43.102,43.156,43.21,43.267,43.312,43.357,43.4,43.467,43.533,43.586,43.634,43.721,43.783,43.844,43.902,43.967,44.034,44.122,44.194,44.29,44.379,44.486,44.593,44.676,44.785,44.928,45.057,45.182,45.355,45.524,45.832,46.076,46.479,47.306,48.25
578,LNP FP,35.926,37.591,38.302,38.595,38.876,39.048,39.213,39.386,39.511,39.619,39.697,39.834,39.931,40.052,40.121,40.21,40.309,40.396,40.469,40.528,40.601,40.668,40.754,40.818,40.864,40.932,40.998,41.067,41.13,41.199,41.272,41.327,41.379,41.429,41.473,41.544,41.597,41.644,41.7,41.733,41.791,41.853,41.893,41.93,41.974,42.039,42.082,42.141,42.188,42.232,42.299,42.344,42.386,42.44,42.49,42.555,42.61,42.657,42.725,42.766,42.825,42.861,42.899,42.949,43.007,43.071,43.128,43.164,43.208,43.257,43.307,43.366,43.436,43.505,43.557,43.607,43.679,43.735,43.802,43.855,43.926,44.001,44.088,44.183,44.248,44.341,44.438,44.506,44.581,44.728,44.814,44.933,45.061,45.211,45.331,45.584,45.84,46.187,46.638,47.093,48.443
579,LNP FP,35.926,37.591,38.302,38.595,38.876,39.048,39.213,39.386,39.511,39.619,39.697,39.834,39.931,40.052,40.121,40.21,40.309,40.396,40.469,40.528,40.601,40.668,40.754,40.818,40.864,40.932,40.998,41.067,41.13,41.199,41.272,41.327,41.379,41.429,41.473,41.544,41.597,41.644,41.7,41.733,41.791,41.853,41.893,41.93,41.974,42.039,42.082,42.141,42.188,42.232,42.299,42.344,42.386,42.44,42.49,42.555,42.61,42.657,42.725,42.766,42.825,42.861,42.899,42.949,43.007,43.071,43.128,43.164,43.208,43.257,43.307,43.366,43.436,43.505,43.557,43.607,43.679,43.735,43.802,43.855,43.926,44.001,44.088,44.183,44.248,44.341,44.438,44.506,44.581,44.728,44.814,44.933,45.061,45.211,45.331,45.584,45.84,46.187,46.638,47.093,48.443
580,LNP FP,36.266,37.704,38.197,38.66,38.879,39.077,39.236,39.355,39.455,39.611,39.7,39.839,39.936,40.034,40.139,40.222,40.315,40.401,40.469,40.541,40.625,40.684,40.769,40.828,40.918,40.986,41.049,41.114,41.169,41.232,41.314,41.359,41.417,41.463,41.514,41.572,41.628,41.679,41.739,41.787,41.842,41.892,41.934,41.992,42.028,42.08,42.122,42.163,42.2,42.252,42.293,42.339,42.395,42.461,42.509,42.56,42.622,42.669,42.715,42.773,42.816,42.868,42.913,42.965,43.006,43.045,43.114,43.185,43.229,43.298,43.37,43.422,43.473,43.534,43.597,43.66,43.713,43.766,43.859,43.91,43.969,44.038,44.12,44.184,44.253,44.377,44.48,44.555,44.659,44.773,44.874,44.976,45.079,45.226,45.417,45.637,45.879,46.143,46.607,47.163,48.486
581,LNP FP,36.266,37.704,38.197,38.66,38.879,39.077,39.236,39.355,39.455,39.611,39.7,39.839,39.936,40.034,40.139,40.222,40.315,40.401,40.469,40.541,40.625,40.684,40.769,40.828,40.918,40.986,41.049,41.114,41.169,41.232,41.314,41.359,41.417,41.463,41.514,41.572,41.628,41.679,41.739,41.787,41.842,41.892,41.934,41.992,42.028,42.08,42.122,42.163,42.2,42.252,42.293,42.339,42.395,42.461,42.509,42.56,42.622,42.669,42.715,42.773,42.816,42.868,42.913,42.965,43.006,43.045,43.114,43.185,43.229,43.298,43.37,43.422,43.473,43.534,43.597,43.66,43.713,43.766,43.859,43.91,43.969,44.038,44.12,44.184,44.253,44.377,44.48,44.555,44.659,44.773,44.874,44.976,45.079,45.226,45.417,45.637,45.879,46.143,46.607,47.163,48.486
582,LNP FP,36.724,37.664,38.213,38.636,38.897,39.061,39.218,39.378,39.526,39.681,39.8,39.877,39.957,40.068,40.149,40.231,40.317,40.393,40.485,40.582,40.64,40.738,40.807,40.878,40.931,41.008,41.087,41.137,41.209,41.252,41.331,41.389,41.433,41.493,41.54,41.597,41.659,41.713,41.75,41.813,41.865,41.906,41.955,41.995,42.042,42.082,42.156,42.196,42.248,42.293,42.325,42.369,42.416,42.481,42.525,42.572,42.615,42.669,42.734,42.783,42.857,42.921,42.957,43.008,43.059,43.114,43.173,43.221,43.277,43.337,43.38,43.434,43.496,43.555,43.619,43.672,43.743,43.79,43.847,43.922,43.999,44.053,44.129,44.206,44.284,44.362,44.46,44.543,44.65,44.757,44.861,44.977,45.071,45.244,45.453,45.604,45.87,46.197,46.599,47.154,48.338
583,LNP FP,36.724,37.664,38.213,38.636,38.897,39.061,39.218,39.378,39.526,39.681,39.8,39.877,39.957,40.068,40.149,40.231,40.317,40.393,40.485,40.582,40.64,40.738,40.807,40.878,40.931,41.008,41.087,41.137,41.209,41.252,41.331,41.389,41.433,41.493,41.54,41.597,41.659,41.713,41.75,41.813,41.865,41.906,41.955,41.995,42.042,42.082,42.156,42.196,42.248,42.293,42.325,42.369,42.416,42.481,42.525,42.572,42.615,42.669,42.734,42.783,42.857,42.921,42.957,43.008,43.059,43.114,43.173,43.221,43.277,43.337,43.38,43.434,43.496,43.555,43.619,43.672,43.743,43.79,43.847,43.922,43.999,44.053,44.129,44.206,44.284,44.362,44.46,44.543,44.65,44.757,44.861,44.977,45.071,45.244,45.453,45.604,45.87,46.197,46.599,47.154,48.338
584,LNP FP,36.582,37.653,38.294,38.636,38.885,39.105,39.28,39.439,39.579,39.687,39.814,39.918,40.009,40.115,40.188,40.295,40.392,40.443,40.512,40.609,40.699,40.749,40.839,40.923,40.99,41.045,41.112,41.157,41.244,41.324,41.386,41.431,41.475,41.521,41.569,41.606,41.659,41.711,41.756,41.801,41.843,41.909,41.956,42.009,42.057,42.102,42.155,42.209,42.251,42.304,42.352,42.406,42.461,42.531,42.587,42.635,42.676,42.721,42.78,42.839,42.877,42.924,42.973,43.029,43.078,43.15,43.187,43.242,43.284,43.338,43.396,43.437,43.485,43.551,43.608,43.668,43.735,43.802,43.863,43.953,44.005,44.076,44.149,44.216,44.286,44.374,44.449,44.542,44.647,44.765,44.887,44.994,45.144,45.282,45.4,45.656,45.871,46.218,46.554,47.139,48.239
585,LNP FP,36.582,37.653,38.294,38.636,38.885,39.105,39.28,39.439,39.579,39.687,39.814,39.918,40.009,40.115,40.188,40.295,40.392,40.443,40.512,40.609,40.699,40.749,40.839,40.923,40.99,41.045,41.112,41.157,41.244,41.324,41.386,41.431,41.475,41.521,41.569,41.606,41.659,41.711,41.756,41.801,41.843,41.909,41.956,42.009,42.057,42.102,42.155,42.209,42.251,42.304,42.352,42.406,42.461,42.531,42.587,42.635,42.676,42.721,42.78,42.839,42.877,42.924,42.973,43.029,43.078,43.15,43.187,43.242,43.284,43.338,43.396,43.437,43.485,43.551,43.608,43.668,43.735,43.802,43.863,43.953,44.005,44.076,44.149,44.216,44.286,44.374,44.449,44.542,44.647,44.765,44.887,44.994,45.144,45.282,45.4,45.656,45.871,46.218,46.554,47.139,48.239
586,LNP FP,36.582,37.725,38.352,38.654,38.879,39.118,39.288,39.434,39.567,39.707,39.824,39.986,40.076,40.156,40.231,40.316,40.416,40.486,40.558,40.641,40.719,40.784,40.869,40.925,40.975,41.047,41.087,41.147,41.207,41.249,41.303,41.355,41.439,41.521,41.581,41.631,41.669,41.729,41.772,41.81,41.865,41.909,41.958,42.009,42.069,42.11,42.157,42.216,42.275,42.317,42.372,42.423,42.472,42.512,42.557,42.616,42.656,42.719,42.769,42.822,42.871,42.94,42.99,43.056,43.109,43.179,43.24,43.281,43.331,43.398,43.454,43.497,43.551,43.597,43.653,43.7,43.769,43.829,43.89,43.967,44.051,44.094,44.15,44.234,44.311,44.41,44.492,44.565,44.682,44.82,44.943,45.034,45.141,45.318,45.503,45.68,45.897,46.157,46.613,47.122,48.366
587,LNP FP,36.582,37.725,38.352,38.654,38.879,39.118,39.288,39.434,39.567,39.707,39.824,39.986,40.076,40.156,40.231,40.316,40.416,40.486,40.558,40.641,40.719,40.784,40.869,40.925,40.975,41.047,41.087,41.147,41.207,41.249,41.303,41.355,41.439,41.521,41.581,41.631,41.669,41.729,41.772,41.81,41.865,41.909,41.958,42.009,42.069,42.11,42.157,42.216,42.275,42.317,42.372,42.423,42.472,42.512,42.557,42.616,42.656,42.719,42.769,42.822,42.871,42.94,42.99,43.056,43.109,43.179,43.24,43.281,43.331,43.398,43.454,43.497,43.551,43.597,43.653,43.7,43.769,43.829,43.89,43.967,44.051,44.094,44.15,44.234,44.311,44.41,44.492,44.565,44.682,44.82,44.943,45.034,45.141,45.318,45.503,45.68,45.897,46.157,46.613,47.122,48.366
588,LNP FP,36.382,37.75,38.306,38.607,38.929,39.152,39.343,39.534,39.675,39.787,39.899,40.006,40.099,40.225,40.316,40.406,40.482,40.549,40.616,40.691,40.753,40.806,40.851,40.896,40.974,41.036,41.088,41.172,41.235,41.289,41.352,41.402,41.458,41.514,41.571,41.618,41.668,41.727,41.779,41.826,41.873,41.927,41.975,42.034,42.088,42.136,42.193,42.241,42.304,42.345,42.387,42.428,42.484,42.538,42.592,42.638,42.689,42.747,42.795,42.848,42.916,42.975,43.014,43.066,43.133,43.191,43.245,43.292,43.35,43.405,43.473,43.543,43.601,43.646,43.709,43.766,43.841,43.879,43.928,43.983,44.043,44.107,44.171,44.247,44.324,44.41,44.51,44.588,44.694,44.784,44.881,45.024,45.123,45.292,45.475,45.671,45.849,46.156,46.582,47.095,48.536
589,LNP FP,36.382,37.75,38.306,38.607,38.929,39.152,39.343,39.534,39.675,39.787,39.899,40.006,40.099,40.225,40.316,40.406,40.482,40.549,40.616,40.691,40.753,40.806,40.851,40.896,40.974,41.036,41.088,41.172,41.235,41.289,41.352,41.402,41.458,41.514,41.571,41.618,41.668,41.727,41.779,41.826,41.873,41.927,41.975,42.034,42.088,42.136,42.193,42.241,42.304,42.345,42.387,42.428,42.484,42.538,42.592,42.638,42.689,42.747,42.795,42.848,42.916,42.975,43.014,43.066,43.133,43.191,43.245,43.292,43.35,43.405,43.473,43.543,43.601,43.646,43.709,43.766,43.841,43.879,43.928,43.983,44.043,44.107,44.171,44.247,44.324,44.41,44.51,44.588,44.694,44.784,44.881,45.024,45.123,45.292,45.475,45.671,45.849,46.156,46.582,47.095,48.536
590,LNP FP,36.417,37.84,38.316,38.631,38.918,39.172,39.393,39.562,39.7,39.826,39.967,40.061,40.155,40.234,40.337,40.408,40.479,40.547,40.623,40.702,40.766,40.84,40.886,40.946,41.013,41.065,41.155,41.215,41.264,41.335,41.39,41.456,41.498,41.558,41.598,41.649,41.701,41.766,41.821,41.868,41.916,41.973,42.028,42.083,42.141,42.184,42.233,42.292,42.34,42.385,42.426,42.481,42.531,42.571,42.62,42.667,42.728,42.771,42.82,42.884,42.924,42.995,43.045,43.097,43.144,43.195,43.253,43.307,43.357,43.424,43.482,43.539,43.584,43.649,43.703,43.76,43.823,43.892,43.951,44.009,44.076,44.136,44.214,44.277,44.357,44.44,44.526,44.615,44.715,44.826,44.92,45.03,45.151,45.289,45.503,45.714,45.912,46.114,46.543,47.114,48.607
591,LNP FP,36.417,37.84,38.316,38.631,38.918,39.172,39.393,39.562,39.7,39.826,39.967,40.061,40.155,40.234,40.337,40.408,40.479,40.547,40.623,40.702,40.766,40.84,40.886,40.946,41.013,41.065,41.155,41.215,41.264,41.335,41.39,41.456,41.498,41.558,41.598,41.649,41.701,41.766,41.821,41.868,41.916,41.973,42.028,42.083,42.141,42.184,42.233,42.292,42.34,42.385,42.426,42.481,42.531,42.571,42.62,42.667,42.728,42.771,42.82,42.884,42.924,42.995,43.045,43.097,43.144,43.195,43.253,43.307,43.357,43.424,43.482,43.539,43.584,43.649,43.703,43.76,43.823,43.892,43.951,44.009,44.076,44.136,44.214,44.277,44.357,44.44,44.526,44.615,44.715,44.826,44.92,45.03,45.151,45.289,45.503,45.714,45.912,46.114,46.543,47.114,48.607
592,LNP FP,36.506,37.69,38.337,38.618,38.983,39.217,39.434,39.612,39.756,39.878,39.975,40.085,40.194,40.271,40.373,40.449,40.545,40.609,40.665,40.757,40.803,40.882,40.933,40.992,41.066,41.128,41.209,41.251,41.304,41.35,41.392,41.45,41.508,41.556,41.622,41.68,41.73,41.779,41.831,41.881,41.934,41.98,42.036,42.089,42.15,42.187,42.252,42.295,42.345,42.402,42.446,42.504,42.561,42.607,42.643,42.683,42.737,42.789,42.85,42.916,42.95,42.996,43.035,43.097,43.16,43.221,43.282,43.336,43.385,43.432,43.499,43.54,43.595,43.648,43.702,43.762,43.814,43.874,43.94,44.034,44.12,44.185,44.27,44.323,44.398,44.459,44.514,44.585,44.661,44.802,44.938,45.068,45.199,45.325,45.501,45.715,45.928,46.144,46.551,47.111,48.465
593,LNP FP,36.506,37.69,38.337,38.618,38.983,39.217,39.434,39.612,39.756,39.878,39.975,40.085,40.194,40.271,40.373,40.449,40.545,40.609,40.665,40.757,40.803,40.882,40.933,40.992,41.066,41.128,41.209,41.251,41.304,41.35,41.392,41.45,41.508,41.556,41.622,41.68,41.73,41.779,41.831,41.881,41.934,41.98,42.036,42.089,42.15,42.187,42.252,42.295,42.345,42.402,42.446,42.504,42.561,42.607,42.643,42.683,42.737,42.789,42.85,42.916,42.95,42.996,43.035,43.097,43.16,43.221,43.282,43.336,43.385,43.432,43.499,43.54,43.595,43.648,43.702,43.762,43.814,43.874,43.94,44.034,44.12,44.185,44.27,44.323,44.398,44.459,44.514,44.585,44.661,44.802,44.938,45.068,45.199,45.325,45.501,45.715,45.928,46.144,46.551,47.111,48.465
594,LNP FP,36.34,37.817,38.288,38.656,39.024,39.258,39.469,39.665,39.8,39.91,40.051,40.136,40.215,40.295,40.393,40.48,40.577,40.636,40.725,40.791,40.861,40.919,40.971,41.026,41.098,41.154,41.21,41.261,41.322,41.37,41.441,41.503,41.543,41.605,41.644,41.7,41.739,41.787,41.853,41.912,41.961,42.017,42.061,42.128,42.185,42.234,42.296,42.345,42.386,42.445,42.49,42.536,42.585,42.628,42.671,42.723,42.768,42.81,42.872,42.933,42.994,43.031,43.084,43.13,43.186,43.227,43.272,43.324,43.381,43.446,43.502,43.566,43.62,43.672,43.727,43.77,43.841,43.888,43.981,44.059,44.121,44.173,44.251,44.306,44.381,44.452,44.535,44.606,44.686,44.771,44.897,45.042,45.182,45.383,45.532,45.695,45.947,46.188,46.539,47.034,48.193
595,LNP FP,36.34,37.817,38.288,38.656,39.024,39.258,39.469,39.665,39.8,39.91,40.051,40.136,40.215,40.295,40.393,40.48,40.577,40.636,40.725,40.791,40.861,40.919,40.971,41.026,41.098,41.154,41.21,41.261,41.322,41.37,41.441,41.503,41.543,41.605,41.644,41.7,41.739,41.787,41.853,41.912,41.961,42.017,42.061,42.128,42.185,42.234,42.296,42.345,42.386,42.445,42.49,42.536,42.585,42.628,42.671,42.723,42.768,42.81,42.872,42.933,42.994,43.031,43.084,43.13,43.186,43.227,43.272,43.324,43.381,43.446,43.502,43.566,43.62,43.672,43.727,43.77,43.841,43.888,43.981,44.059,44.121,44.173,44.251,44.306,44.381,44.452,44.535,44.606,44.686,44.771,44.897,45.042,45.182,45.383,45.532,45.695,45.947,46.188,46.539,47.034,48.193
596,LNP FP,36.603,37.759,38.31,38.692,38.985,39.244,39.482,39.647,39.779,39.906,40.046,40.167,40.252,40.345,40.425,40.504,40.577,40.669,40.744,40.805,40.854,40.929,40.983,41.033,41.095,41.16,41.213,41.294,41.351,41.41,41.457,41.506,41.556,41.61,41.677,41.726,41.759,41.811,41.862,41.911,41.966,42.032,42.084,42.13,42.187,42.25,42.293,42.348,42.393,42.459,42.503,42.542,42.597,42.64,42.701,42.74,42.781,42.817,42.868,42.937,42.983,43.039,43.108,43.167,43.205,43.248,43.304,43.354,43.41,43.455,43.504,43.546,43.609,43.663,43.752,43.806,43.866,43.922,43.987,44.027,44.103,44.183,44.293,44.371,44.442,44.506,44.586,44.673,44.761,44.874,44.973,45.085,45.182,45.334,45.497,45.669,45.939,46.172,46.547,47.021,48.488
597,LNP FP,36.603,37.759,38.31,38.692,38.985,39.244,39.482,39.647,39.779,39.906,40.046,40.167,40.252,40.345,40.425,40.504,40.577,40.669,40.744,40.805,40.854,40.929,40.983,41.033,41.095,41.16,41.213,41.294,41.351,41.41,41.457,41.506,41.556,41.61,41.677,41.726,41.759,41.811,41.862,41.911,41.966,42.032,42.084,42.13,42.187,42.25,42.293,42.348,42.393,42.459,42.503,42.542,42.597,42.64,42.701,42.74,42.781,42.817,42.868,42.937,42.983,43.039,43.108,43.167,43.205,43.248,43.304,43.354,43.41,43.455,43.504,43.546,43.609,43.663,43.752,43.806,43.866,43.922,43.987,44.027,44.103,44.183,44.293,44.371,44.442,44.506,44.586,44.673,44.761,44.874,44.973,45.085,45.182,45.334,45.497,45.669,45.939,46.172,46.547,47.021,48.488
598,LNP FP,36.507,37.664,38.244,38.731,38.981,39.267,39.469,39.658,39.817,39.934,40.071,40.172,40.279,40.372,40.457,40.542,40.612,40.691,40.74,40.797,40.866,40.949,41.021,41.067,41.133,41.203,41.262,41.323,41.379,41.45,41.501,41.545,41.576,41.634,41.69,41.728,41.797,41.855,41.904,41.954,41.996,42.055,42.109,42.156,42.204,42.246,42.3,42.354,42.399,42.456,42.505,42.557,42.599,42.642,42.7,42.755,42.817,42.872,42.933,42.97,43.022,43.068,43.121,43.17,43.209,43.256,43.309,43.358,43.42,43.485,43.53,43.595,43.663,43.719,43.783,43.832,43.893,43.959,44.017,44.085,44.167,44.232,44.325,44.366,44.435,44.531,44.614,44.686,44.753,44.849,44.956,45.055,45.203,45.323,45.508,45.711,45.925,46.144,46.466,46.975,48.329
599,LNP FP,36.507,37.664,38.244,38.731,38.981,39.267,39.469,39.658,39.817,39.934,40.071,40.172,40.279,40.372,40.457,40.542,40.612,40.691,40.74,40.797,40.866,40.949,41.021,41.067,41.133,41.203,41.262,41.323,41.379,41.45,41.501,41.545,41.576,41.634,41.69,41.728,41.797,41.855,41.904,41.954,41.996,42.055,42.109,42.156,42.204,42.246,42.3,42.354,42.399,42.456,42.505,42.557,42.599,42.642,42.7,42.755,42.817,42.872,42.933,42.97,43.022,43.068,43.121,43.17,43.209,43.256,43.309,43.358,43.42,43.485,43.53,43.595,43.663,43.719,43.783,43.832,43.893,43.959,44.017,44.085,44.167,44.232,44.325,44.366,44.435,44.531,44.614,44.686,44.753,44.849,44.956,45.055,45.203,45.323,45.508,45.711,45.925,46.144,46.466,46.975,48.329
600,LNP FP,36.442,37.809,38.357,38.754,39.098,39.289,39.5,39.646,39.821,39.942,40.1,40.195,40.283,40.392,40.479,40.557,40.625,40.698,40.764,40.836,40.9,40.95,41.016,41.074,41.161,41.232,41.287,41.35,41.409,41.454,41.505,41.553,41.617,41.657,41.705,41.759,41.82,41.877,41.939,41.99,42.036,42.084,42.13,42.188,42.248,42.288,42.33,42.381,42.43,42.471,42.524,42.559,42.604,42.672,42.745,42.803,42.852,42.912,42.967,43.005,43.049,43.093,43.143,43.195,43.245,43.29,43.331,43.412,43.47,43.514,43.565,43.623,43.679,43.748,43.797,43.875,43.922,43.98,44.02,44.081,44.16,44.229,44.324,44.402,44.472,44.555,44.62,44.734,44.804,44.912,44.983,45.069,45.179,45.311,45.534,45.672,45.894,46.152,46.478,46.905,48.332
601,LNP FP,36.442,37.809,38.357,38.754,39.098,39.289,39.5,39.646,39.821,39.942,40.1,40.195,40.283,40.392,40.479,40.557,40.625,40.698,40.764,40.836,40.9,40.95,41.016,41.074,41.161,41.232,41.287,41.35,41.409,41.454,41.505,41.553,41.617,41.657,41.705,41.759,41.82,41.877,41.939,41.99,42.036,42.084,42.13,42.188,42.248,42.288,42.33,42.381,42.43,42.471,42.524,42.559,42.604,42.672,42.745,42.803,42.852,42.912,42.967,43.005,43.049,43.093,43.143,43.195,43.245,43.29,43.331,43.412,43.47,43.514,43.565,43.623,43.679,43.748,43.797,43.875,43.922,43.98,44.02,44.081,44.16,44.229,44.324,44.402,44.472,44.555,44.62,44.734,44.804,44.912,44.983,45.069,45.179,45.311,45.534,45.672,45.894,46.152,46.478,46.905,48.332
602,LNP FP,36.44,37.888,38.436,38.861,39.077,39.309,39.491,39.651,39.799,39.937,40.076,40.192,40.283,40.373,40.448,40.55,40.621,40.681,40.747,40.807,40.884,40.968,41.036,41.135,41.203,41.257,41.296,41.362,41.416,41.468,41.52,41.572,41.629,41.677,41.724,41.773,41.833,41.897,41.949,42.001,42.046,42.088,42.128,42.171,42.219,42.264,42.324,42.376,42.438,42.484,42.526,42.573,42.622,42.694,42.744,42.807,42.861,42.917,42.953,43.021,43.075,43.128,43.175,43.216,43.262,43.312,43.352,43.389,43.44,43.482,43.537,43.594,43.648,43.706,43.761,43.822,43.895,43.957,44.023,44.087,44.143,44.205,44.275,44.372,44.453,44.521,44.586,44.668,44.754,44.855,44.959,45.081,45.215,45.355,45.492,45.687,45.867,46.136,46.527,47.051,48.423
603,LNP FP,36.44,37.888,38.436,38.861,39.077,39.309,39.491,39.651,39.799,39.937,40.076,40.192,40.283,40.373,40.448,40.55,40.621,40.681,40.747,40.807,40.884,40.968,41.036,41.135,41.203,41.257,41.296,41.362,41.416,41.468,41.52,41.572,41.629,41.677,41.724,41.773,41.833,41.897,41.949,42.001,42.046,42.088,42.128,42.171,42.219,42.264,42.324,42.376,42.438,42.484,42.526,42.573,42.622,42.694,42.744,42.807,42.861,42.917,42.953,43.021,43.075,43.128,43.175,43.216,43.262,43.312,43.352,43.389,43.44,43.482,43.537,43.594,43.648,43.706,43.761,43.822,43.895,43.957,44.023,44.087,44.143,44.205,44.275,44.372,44.453,44.521,44.586,44.668,44.754,44.855,44.959,45.081,45.215,45.355,45.492,45.687,45.867,46.136,46.527,47.051,48.423
604,LNP FP,36.407,37.849,38.464,38.793,39.018,39.377,39.586,39.742,39.867,39.975,40.086,40.205,40.301,40.392,40.471,40.563,40.636,40.709,40.784,40.854,40.928,40.984,41.046,41.121,41.184,41.238,41.286,41.373,41.433,41.493,41.543,41.592,41.651,41.696,41.762,41.811,41.875,41.926,41.978,42.034,42.081,42.122,42.168,42.23,42.279,42.323,42.369,42.406,42.459,42.51,42.567,42.616,42.668,42.705,42.742,42.793,42.842,42.9,42.962,43.035,43.089,43.15,43.209,43.247,43.296,43.342,43.388,43.427,43.489,43.531,43.601,43.652,43.729,43.765,43.817,43.857,43.905,43.957,44.017,44.082,44.159,44.226,44.301,44.367,44.448,44.535,44.604,44.716,44.816,44.915,45.027,45.112,45.219,45.368,45.526,45.716,45.947,46.183,46.52,47.034,48.359
605,LNP FP,36.407,37.849,38.464,38.793,39.018,39.377,39.586,39.742,39.867,39.975,40.086,40.205,40.301,40.392,40.471,40.563,40.636,40.709,40.784,40.854,40.928,40.984,41.046,41.121,41.184,41.238,41.286,41.373,41.433,41.493,41.543,41.592,41.651,41.696,41.762,41.811,41.875,41.926,41.978,42.034,42.081,42.122,42.168,42.23,42.279,42.323,42.369,42.406,42.459,42.51,42.567,42.616,42.668,42.705,42.742,42.793,42.842,42.9,42.962,43.035,43.089,43.15,43.209,43.247,43.296,43.342,43.388,43.427,43.489,43.531,43.601,43.652,43.729,43.765,43.817,43.857,43.905,43.957,44.017,44.082,44.159,44.226,44.301,44.367,44.448,44.535,44.604,44.716,44.816,44.915,45.027,45.112,45.219,45.368,45.526,45.716,45.947,46.183,46.52,47.034,48.359
606,LNP FP,36.23,37.842,38.542,38.831,39.166,39.4,39.6,39.73,39.827,39.982,40.129,40.232,40.321,40.441,40.553,40.622,40.68,40.758,40.82,40.882,40.959,41.002,41.071,41.132,41.199,41.265,41.33,41.401,41.461,41.527,41.582,41.629,41.664,41.725,41.788,41.839,41.898,41.957,42.003,42.06,42.095,42.156,42.196,42.241,42.277,42.332,42.392,42.442,42.499,42.541,42.595,42.631,42.675,42.71,42.753,42.817,42.879,42.93,42.979,43.023,43.071,43.13,43.189,43.228,43.274,43.319,43.373,43.418,43.484,43.547,43.601,43.676,43.722,43.78,43.834,43.886,43.945,44.023,44.078,44.146,44.198,44.256,44.321,44.394,44.472,44.597,44.677,44.744,44.844,44.958,45.042,45.156,45.22,45.362,45.478,45.637,45.889,46.225,46.56,47.004,48.412
607,LNP FP,36.23,37.842,38.542,38.831,39.166,39.4,39.6,39.73,39.827,39.982,40.129,40.232,40.321,40.441,40.553,40.622,40.68,40.758,40.82,40.882,40.959,41.002,41.071,41.132,41.199,41.265,41.33,41.401,41.461,41.527,41.582,41.629,41.664,41.725,41.788,41.839,41.898,41.957,42.003,42.06,42.095,42.156,42.196,42.241,42.277,42.332,42.392,42.442,42.499,42.541,42.595,42.631,42.675,42.71,42.753,42.817,42.879,42.93,42.979,43.023,43.071,43.13,43.189,43.228,43.274,43.319,43.373,43.418,43.484,43.547,43.601,43.676,43.722,43.78,43.834,43.886,43.945,44.023,44.078,44.146,44.198,44.256,44.321,44.394,44.472,44.597,44.677,44.744,44.844,44.958,45.042,45.156,45.22,45.362,45.478,45.637,45.889,46.225,46.56,47.004,48.412
608,LNP FP,36.254,37.913,38.622,38.892,39.194,39.443,39.644,39.788,39.907,40.058,40.167,40.266,40.371,40.458,40.54,40.607,40.667,40.738,40.828,40.92,40.966,41.049,41.096,41.151,41.23,41.296,41.367,41.445,41.52,41.577,41.628,41.677,41.725,41.769,41.811,41.868,41.905,41.947,42.004,42.059,42.131,42.166,42.219,42.273,42.301,42.342,42.389,42.436,42.477,42.522,42.583,42.633,42.706,42.754,42.802,42.843,42.899,42.946,43.002,43.04,43.082,43.125,43.182,43.249,43.292,43.336,43.387,43.46,43.537,43.59,43.643,43.684,43.745,43.8,43.859,43.935,43.986,44.041,44.101,44.169,44.221,44.294,44.343,44.435,44.516,44.587,44.703,44.794,44.853,44.94,45.018,45.089,45.206,45.3,45.488,45.625,45.884,46.244,46.588,47.052,48.696
609,LNP FP,36.254,37.913,38.622,38.892,39.194,39.443,39.644,39.788,39.907,40.058,40.167,40.266,40.371,40.458,40.54,40.607,40.667,40.738,40.828,40.92,40.966,41.049,41.096,41.151,41.23,41.296,41.367,41.445,41.52,41.577,41.628,41.677,41.725,41.769,41.811,41.868,41.905,41.947,42.004,42.059,42.131,42.166,42.219,42.273,42.301,42.342,42.389,42.436,42.477,42.522,42.583,42.633,42.706,42.754,42.802,42.843,42.899,42.946,43.002,43.04,43.082,43.125,43.182,43.249,43.292,43.336,43.387,43.46,43.537,43.59,43.643,43.684,43.745,43.8,43.859,43.935,43.986,44.041,44.101,44.169,44.221,44.294,44.343,44.435,44.516,44.587,44.703,44.794,44.853,44.94,45.018,45.089,45.206,45.3,45.488,45.625,45.884,46.244,46.588,47.052,48.696
610,LNP FP,36.32,37.948,38.527,39.022,39.247,39.4,39.644,39.812,39.933,40.02,40.175,40.278,40.361,40.473,40.572,40.63,40.714,40.783,40.836,40.9,40.977,41.061,41.122,41.204,41.268,41.334,41.408,41.453,41.514,41.567,41.624,41.682,41.729,41.785,41.825,41.879,41.941,41.994,42.024,42.079,42.119,42.175,42.204,42.243,42.303,42.341,42.38,42.436,42.49,42.554,42.601,42.66,42.711,42.761,42.825,42.863,42.901,42.953,43.021,43.074,43.133,43.192,43.242,43.293,43.349,43.4,43.457,43.497,43.561,43.62,43.676,43.733,43.783,43.826,43.875,43.925,43.995,44.041,44.118,44.177,44.252,44.337,44.393,44.474,44.546,44.613,44.67,44.749,44.821,44.946,45.038,45.146,45.252,45.35,45.502,45.697,45.888,46.141,46.675,47.194,48.987
611,LNP FP,36.32,37.948,38.527,39.022,39.247,39.4,39.644,39.812,39.933,40.02,40.175,40.278,40.361,40.473,40.572,40.63,40.714,40.783,40.836,40.9,40.977,41.061,41.122,41.204,41.268,41.334,41.408,41.453,41.514,41.567,41.624,41.682,41.729,41.785,41.825,41.879,41.941,41.994,42.024,42.079,42.119,42.175,42.204,42.243,42.303,42.341,42.38,42.436,42.49,42.554,42.601,42.66,42.711,42.761,42.825,42.863,42.901,42.953,43.021,43.074,43.133,43.192,43.242,43.293,43.349,43.4,43.457,43.497,43.561,43.62,43.676,43.733,43.783,43.826,43.875,43.925,43.995,44.041,44.118,44.177,44.252,44.337,44.393,44.474,44.546,44.613,44.67,44.749,44.821,44.946,45.038,45.146,45.252,45.35,45.502,45.697,45.888,46.141,46.675,47.194,48.987
612,LNP FP,36.673,38.007,38.66,38.985,39.299,39.481,39.658,39.859,39.985,40.104,40.206,40.325,40.409,40.487,40.568,40.65,40.734,40.816,40.901,40.963,41.032,41.095,41.16,41.246,41.306,41.362,41.41,41.454,41.508,41.583,41.626,41.676,41.719,41.787,41.835,41.892,41.937,41.986,42.037,42.101,42.146,42.189,42.232,42.28,42.33,42.383,42.433,42.475,42.529,42.585,42.62,42.663,42.72,42.767,42.817,42.872,42.909,42.957,43.007,43.066,43.131,43.179,43.217,43.263,43.314,43.368,43.425,43.501,43.554,43.609,43.697,43.739,43.797,43.847,43.9,43.98,44.037,44.094,44.138,44.189,44.248,44.32,44.392,44.475,44.536,44.613,44.709,44.762,44.846,44.937,45.052,45.189,45.294,45.421,45.516,45.711,45.912,46.144,46.577,47.15,48.73
613,LNP FP,36.673,38.007,38.66,38.985,39.299,39.481,39.658,39.859,39.985,40.104,40.206,40.325,40.409,40.487,40.568,40.65,40.734,40.816,40.901,40.963,41.032,41.095,41.16,41.246,41.306,41.362,41.41,41.454,41.508,41.583,41.626,41.676,41.719,41.787,41.835,41.892,41.937,41.986,42.037,42.101,42.146,42.189,42.232,42.28,42.33,42.383,42.433,42.475,42.529,42.585,42.62,42.663,42.72,42.767,42.817,42.872,42.909,42.957,43.007,43.066,43.131,43.179,43.217,43.263,43.314,43.368,43.425,43.501,43.554,43.609,43.697,43.739,43.797,43.847,43.9,43.98,44.037,44.094,44.138,44.189,44.248,44.32,44.392,44.475,44.536,44.613,44.709,44.762,44.846,44.937,45.052,45.189,45.294,45.421,45.516,45.711,45.912,46.144,46.577,47.15,48.73
614,LNP FP,36.35,38.083,38.687,39.064,39.315,39.514,39.705,39.876,40.017,40.13,40.208,40.316,40.419,40.501,40.592,40.675,40.763,40.849,40.936,40.985,41.044,41.114,41.18,41.238,41.309,41.387,41.444,41.491,41.539,41.594,41.641,41.688,41.739,41.796,41.84,41.889,41.941,41.989,42.065,42.123,42.16,42.198,42.246,42.298,42.36,42.41,42.447,42.484,42.543,42.601,42.655,42.708,42.75,42.793,42.849,42.897,42.941,43.008,43.07,43.115,43.171,43.213,43.27,43.325,43.382,43.42,43.475,43.525,43.567,43.634,43.709,43.76,43.81,43.861,43.939,44.004,44.068,44.118,44.173,44.234,44.288,44.345,44.41,44.479,44.566,44.637,44.695,44.764,44.864,44.986,45.134,45.215,45.337,45.432,45.534,45.683,45.871,46.178,46.631,47.221,48.613
615,LNP FP,36.35,38.083,38.687,39.064,39.315,39.514,39.705,39.876,40.017,40.13,40.208,40.316,40.419,40.501,40.592,40.675,40.763,40.849,40.936,40.985,41.044,41.114,41.18,41.238,41.309,41.387,41.444,41.491,41.539,41.594,41.641,41.688,41.739,41.796,41.84,41.889,41.941,41.989,42.065,42.123,42.16,42.198,42.246,42.298,42.36,42.41,42.447,42.484,42.543,42.601,42.655,42.708,42.75,42.793,42.849,42.897,42.941,43.008,43.07,43.115,43.171,43.213,43.27,43.325,43.382,43.42,43.475,43.525,43.567,43.634,43.709,43.76,43.81,43.861,43.939,44.004,44.068,44.118,44.173,44.234,44.288,44.345,44.41,44.479,44.566,44.637,44.695,44.764,44.864,44.986,45.134,45.215,45.337,45.432,45.534,45.683,45.871,46.178,46.631,47.221,48.613
616,LNP FP,36.194,38.084,38.825,39.167,39.41,39.56,39.696,39.862,40.03,40.169,40.27,40.367,40.448,40.518,40.627,40.706,40.768,40.838,40.897,40.966,41.043,41.11,41.177,41.256,41.317,41.384,41.454,41.514,41.585,41.636,41.692,41.749,41.79,41.833,41.87,41.915,41.963,42.023,42.085,42.158,42.216,42.276,42.326,42.367,42.41,42.446,42.495,42.54,42.572,42.621,42.684,42.728,42.779,42.834,42.884,42.935,42.973,43.012,43.053,43.107,43.165,43.207,43.258,43.332,43.37,43.429,43.485,43.54,43.582,43.653,43.706,43.736,43.786,43.846,43.901,43.965,44.036,44.105,44.146,44.196,44.273,44.351,44.413,44.49,44.554,44.654,44.734,44.817,44.92,44.988,45.065,45.174,45.291,45.42,45.552,45.714,45.91,46.193,46.49,47.185,48.491
617,LNP FP,36.194,38.084,38.825,39.167,39.41,39.56,39.696,39.862,40.03,40.169,40.27,40.367,40.448,40.518,40.627,40.706,40.768,40.838,40.897,40.966,41.043,41.11,41.177,41.256,41.317,41.384,41.454,41.514,41.585,41.636,41.692,41.749,41.79,41.833,41.87,41.915,41.963,42.023,42.085,42.158,42.216,42.276,42.326,42.367,42.41,42.446,42.495,42.54,42.572,42.621,42.684,42.728,42.779,42.834,42.884,42.935,42.973,43.012,43.053,43.107,43.165,43.207,43.258,43.332,43.37,43.429,43.485,43.54,43.582,43.653,43.706,43.736,43.786,43.846,43.901,43.965,44.036,44.105,44.146,44.196,44.273,44.351,44.413,44.49,44.554,44.654,44.734,44.817,44.92,44.988,45.065,45.174,45.291,45.42,45.552,45.714,45.91,46.193,46.49,47.185,48.491
618,LNP FP,36.029,38.293,38.839,39.185,39.38,39.596,39.78,39.896,40.062,40.145,40.257,40.346,40.438,40.542,40.629,40.707,40.787,40.893,40.977,41.057,41.117,41.166,41.238,41.294,41.354,41.409,41.483,41.53,41.585,41.656,41.701,41.766,41.826,41.876,41.946,41.989,42.038,42.089,42.149,42.204,42.257,42.307,42.345,42.399,42.449,42.494,42.528,42.57,42.615,42.679,42.714,42.756,42.8,42.846,42.891,42.95,42.999,43.042,43.085,43.125,43.183,43.236,43.281,43.333,43.389,43.445,43.512,43.551,43.595,43.641,43.685,43.739,43.784,43.853,43.904,43.969,44.023,44.094,44.159,44.233,44.319,44.383,44.454,44.521,44.595,44.67,44.741,44.854,44.948,45.052,45.154,45.237,45.344,45.472,45.637,45.803,46.02,46.25,46.546,47.138,48.539
619,LNP FP,36.029,38.293,38.839,39.185,39.38,39.596,39.78,39.896,40.062,40.145,40.257,40.346,40.438,40.542,40.629,40.707,40.787,40.893,40.977,41.057,41.117,41.166,41.238,41.294,41.354,41.409,41.483,41.53,41.585,41.656,41.701,41.766,41.826,41.876,41.946,41.989,42.038,42.089,42.149,42.204,42.257,42.307,42.345,42.399,42.449,42.494,42.528,42.57,42.615,42.679,42.714,42.756,42.8,42.846,42.891,42.95,42.999,43.042,43.085,43.125,43.183,43.236,43.281,43.333,43.389,43.445,43.512,43.551,43.595,43.641,43.685,43.739,43.784,43.853,43.904,43.969,44.023,44.094,44.159,44.233,44.319,44.383,44.454,44.521,44.595,44.67,44.741,44.854,44.948,45.052,45.154,45.237,45.344,45.472,45.637,45.803,46.02,46.25,46.546,47.138,48.539
620,LNP FP,36.364,38.259,38.851,39.088,39.352,39.554,39.77,39.912,40.034,40.193,40.3,40.383,40.465,40.56,40.636,40.695,40.807,40.898,40.989,41.083,41.153,41.22,41.289,41.35,41.408,41.466,41.522,41.588,41.649,41.703,41.76,41.815,41.866,41.913,41.974,42.03,42.08,42.129,42.171,42.224,42.258,42.304,42.352,42.406,42.449,42.504,42.559,42.609,42.652,42.706,42.755,42.8,42.834,42.885,42.937,42.982,43.02,43.057,43.124,43.166,43.221,43.264,43.318,43.362,43.412,43.463,43.505,43.55,43.597,43.668,43.725,43.779,43.827,43.863,43.916,43.996,44.045,44.115,44.167,44.23,44.29,44.362,44.418,44.535,44.598,44.675,44.76,44.833,44.914,45.029,45.12,45.245,45.382,45.504,45.615,45.767,45.965,46.18,46.521,47.148,48.501
621,LNP FP,36.364,38.259,38.851,39.088,39.352,39.554,39.77,39.912,40.034,40.193,40.3,40.383,40.465,40.56,40.636,40.695,40.807,40.898,40.989,41.083,41.153,41.22,41.289,41.35,41.408,41.466,41.522,41.588,41.649,41.703,41.76,41.815,41.866,41.913,41.974,42.03,42.08,42.129,42.171,42.224,42.258,42.304,42.352,42.406,42.449,42.504,42.559,42.609,42.652,42.706,42.755,42.8,42.834,42.885,42.937,42.982,43.02,43.057,43.124,43.166,43.221,43.264,43.318,43.362,43.412,43.463,43.505,43.55,43.597,43.668,43.725,43.779,43.827,43.863,43.916,43.996,44.045,44.115,44.167,44.23,44.29,44.362,44.418,44.535,44.598,44.675,44.76,44.833,44.914,45.029,45.12,45.245,45.382,45.504,45.615,45.767,45.965,46.18,46.521,47.148,48.501
622,LNP FP,36.694,38.335,38.887,39.18,39.408,39.594,39.796,39.943,40.066,40.217,40.301,40.389,40.5,40.608,40.694,40.813,40.884,40.943,41.015,41.077,41.146,41.209,41.253,41.332,41.409,41.466,41.519,41.587,41.659,41.721,41.797,41.847,41.892,41.939,41.993,42.051,42.096,42.133,42.208,42.252,42.305,42.35,42.423,42.47,42.513,42.554,42.595,42.628,42.671,42.726,42.762,42.799,42.83,42.878,42.928,42.978,43.027,43.07,43.135,43.198,43.261,43.299,43.344,43.402,43.438,43.49,43.541,43.582,43.618,43.651,43.712,43.788,43.846,43.887,43.947,43.999,44.062,44.148,44.217,44.284,44.342,44.41,44.479,44.546,44.602,44.7,44.776,44.869,44.971,45.078,45.17,45.256,45.375,45.498,45.638,45.771,45.961,46.118,46.433,47.054,48.409
623,LNP FP,36.694,38.335,38.887,39.18,39.408,39.594,39.796,39.943,40.066,40.217,40.301,40.389,40.5,40.608,40.694,40.813,40.884,40.943,41.015,41.077,41.146,41.209,41.253,41.332,41.409,41.466,41.519,41.587,41.659,41.721,41.797,41.847,41.892,41.939,41.993,42.051,42.096,42.133,42.208,42.252,42.305,42.35,42.423,42.47,42.513,42.554,42.595,42.628,42.671,42.726,42.762,42.799,42.83,42.878,42.928,42.978,43.027,43.07,43.135,43.198,43.261,43.299,43.344,43.402,43.438,43.49,43.541,43.582,43.618,43.651,43.712,43.788,43.846,43.887,43.947,43.999,44.062,44.148,44.217,44.284,44.342,44.41,44.479,44.546,44.602,44.7,44.776,44.869,44.971,45.078,45.17,45.256,45.375,45.498,45.638,45.771,45.961,46.118,46.433,47.054,48.409
624,LNP FP,36.905,38.348,38.895,39.318,39.533,39.665,39.822,39.968,40.089,40.196,40.37,40.457,40.56,40.647,40.707,40.793,40.871,40.96,41.045,41.107,41.168,41.213,41.31,41.385,41.449,41.511,41.574,41.626,41.677,41.728,41.769,41.838,41.891,41.949,42.023,42.069,42.117,42.165,42.224,42.261,42.305,42.351,42.398,42.447,42.499,42.537,42.574,42.616,42.671,42.724,42.766,42.825,42.878,42.924,42.965,43.011,43.068,43.109,43.146,43.195,43.248,43.284,43.317,43.373,43.433,43.492,43.542,43.588,43.629,43.682,43.723,43.76,43.82,43.893,43.974,44.037,44.08,44.146,44.201,44.266,44.331,44.399,44.461,44.513,44.613,44.707,44.797,44.866,44.957,45.08,45.173,45.291,45.415,45.524,45.677,45.801,45.95,46.154,46.525,47.092,48.945
625,LNP FP,36.905,38.348,38.895,39.318,39.533,39.665,39.822,39.968,40.089,40.196,40.37,40.457,40.56,40.647,40.707,40.793,40.871,40.96,41.045,41.107,41.168,41.213,41.31,41.385,41.449,41.511,41.574,41.626,41.677,41.728,41.769,41.838,41.891,41.949,42.023,42.069,42.117,42.165,42.224,42.261,42.305,42.351,42.398,42.447,42.499,42.537,42.574,42.616,42.671,42.724,42.766,42.825,42.878,42.924,42.965,43.011,43.068,43.109,43.146,43.195,43.248,43.284,43.317,43.373,43.433,43.492,43.542,43.588,43.629,43.682,43.723,43.76,43.82,43.893,43.974,44.037,44.08,44.146,44.201,44.266,44.331,44.399,44.461,44.513,44.613,44.707,44.797,44.866,44.957,45.08,45.173,45.291,45.415,45.524,45.677,45.801,45.95,46.154,46.525,47.092,48.945
626,LNP FP,36.405,38.359,38.901,39.284,39.583,39.736,39.913,40.054,40.186,40.293,40.394,40.469,40.585,40.68,40.755,40.844,40.925,41.0,41.069,41.144,41.209,41.273,41.34,41.424,41.48,41.534,41.601,41.675,41.739,41.795,41.836,41.907,41.966,42.005,42.058,42.096,42.146,42.197,42.238,42.283,42.333,42.375,42.416,42.451,42.504,42.568,42.604,42.649,42.699,42.751,42.8,42.839,42.88,42.939,42.982,43.02,43.076,43.124,43.176,43.231,43.271,43.299,43.359,43.424,43.464,43.515,43.55,43.595,43.659,43.71,43.752,43.802,43.861,43.916,43.963,44.036,44.089,44.157,44.229,44.299,44.359,44.436,44.511,44.571,44.644,44.716,44.782,44.874,44.985,45.094,45.175,45.292,45.414,45.555,45.712,45.851,46.03,46.278,46.6,47.002,48.619
627,LNP FP,36.405,38.359,38.901,39.284,39.583,39.736,39.913,40.054,40.186,40.293,40.394,40.469,40.585,40.68,40.755,40.844,40.925,41.0,41.069,41.144,41.209,41.273,41.34,41.424,41.48,41.534,41.601,41.675,41.739,41.795,41.836,41.907,41.966,42.005,42.058,42.096,42.146,42.197,42.238,42.283,42.333,42.375,42.416,42.451,42.504,42.568,42.604,42.649,42.699,42.751,42.8,42.839,42.88,42.939,42.982,43.02,43.076,43.124,43.176,43.231,43.271,43.299,43.359,43.424,43.464,43.515,43.55,43.595,43.659,43.71,43.752,43.802,43.861,43.916,43.963,44.036,44.089,44.157,44.229,44.299,44.359,44.436,44.511,44.571,44.644,44.716,44.782,44.874,44.985,45.094,45.175,45.292,45.414,45.555,45.712,45.851,46.03,46.278,46.6,47.002,48.619
628,LNP FP,36.783,38.507,38.998,39.35,39.62,39.822,39.974,40.079,40.204,40.32,40.417,40.485,40.586,40.678,40.755,40.824,40.905,41.006,41.079,41.153,41.244,41.313,41.378,41.458,41.527,41.596,41.663,41.728,41.756,41.797,41.843,41.903,41.974,42.025,42.089,42.126,42.163,42.215,42.258,42.303,42.347,42.394,42.431,42.481,42.528,42.579,42.616,42.655,42.698,42.742,42.784,42.843,42.887,42.944,42.989,43.037,43.074,43.115,43.163,43.224,43.274,43.314,43.366,43.428,43.471,43.525,43.567,43.634,43.667,43.73,43.771,43.826,43.862,43.917,43.976,44.032,44.076,44.154,44.229,44.288,44.351,44.405,44.46,44.558,44.651,44.741,44.806,44.89,44.944,45.058,45.135,45.258,45.397,45.512,45.659,45.816,45.998,46.22,46.575,47.082,48.486
629,LNP FP,36.783,38.507,38.998,39.35,39.62,39.822,39.974,40.079,40.204,40.32,40.417,40.485,40.586,40.678,40.755,40.824,40.905,41.006,41.079,41.153,41.244,41.313,41.378,41.458,41.527,41.596,41.663,41.728,41.756,41.797,41.843,41.903,41.974,42.025,42.089,42.126,42.163,42.215,42.258,42.303,42.347,42.394,42.431,42.481,42.528,42.579,42.616,42.655,42.698,42.742,42.784,42.843,42.887,42.944,42.989,43.037,43.074,43.115,43.163,43.224,43.274,43.314,43.366,43.428,43.471,43.525,43.567,43.634,43.667,43.73,43.771,43.826,43.862,43.917,43.976,44.032,44.076,44.154,44.229,44.288,44.351,44.405,44.46,44.558,44.651,44.741,44.806,44.89,44.944,45.058,45.135,45.258,45.397,45.512,45.659,45.816,45.998,46.22,46.575,47.082,48.486
630,LNP FP,36.943,38.499,38.981,39.409,39.671,39.836,39.999,40.123,40.258,40.367,40.467,40.536,40.628,40.724,40.783,40.889,40.957,41.052,41.116,41.182,41.249,41.344,41.409,41.475,41.535,41.601,41.668,41.721,41.769,41.822,41.87,41.915,41.957,42.007,42.069,42.118,42.178,42.213,42.253,42.293,42.332,42.378,42.433,42.488,42.535,42.584,42.628,42.675,42.721,42.771,42.824,42.873,42.92,42.963,43.016,43.058,43.108,43.161,43.216,43.258,43.3,43.344,43.401,43.433,43.478,43.533,43.579,43.617,43.675,43.729,43.769,43.833,43.885,43.936,43.994,44.048,44.101,44.152,44.204,44.269,44.333,44.431,44.488,44.551,44.643,44.711,44.801,44.874,44.958,45.022,45.139,45.258,45.364,45.479,45.622,45.79,46.035,46.293,46.645,47.063,48.54
631,LNP FP,36.943,38.499,38.981,39.409,39.671,39.836,39.999,40.123,40.258,40.367,40.467,40.536,40.628,40.724,40.783,40.889,40.957,41.052,41.116,41.182,41.249,41.344,41.409,41.475,41.535,41.601,41.668,41.721,41.769,41.822,41.87,41.915,41.957,42.007,42.069,42.118,42.178,42.213,42.253,42.293,42.332,42.378,42.433,42.488,42.535,42.584,42.628,42.675,42.721,42.771,42.824,42.873,42.92,42.963,43.016,43.058,43.108,43.161,43.216,43.258,43.3,43.344,43.401,43.433,43.478,43.533,43.579,43.617,43.675,43.729,43.769,43.833,43.885,43.936,43.994,44.048,44.101,44.152,44.204,44.269,44.333,44.431,44.488,44.551,44.643,44.711,44.801,44.874,44.958,45.022,45.139,45.258,45.364,45.479,45.622,45.79,46.035,46.293,46.645,47.063,48.54
632,LNP FP,36.854,38.608,39.088,39.353,39.629,39.813,40.027,40.187,40.284,40.373,40.483,40.585,40.664,40.756,40.839,40.928,41.032,41.106,41.165,41.227,41.317,41.392,41.464,41.519,41.564,41.63,41.69,41.737,41.782,41.835,41.876,41.932,41.982,42.023,42.085,42.135,42.172,42.221,42.268,42.306,42.35,42.406,42.445,42.494,42.531,42.571,42.609,42.673,42.722,42.785,42.843,42.892,42.942,42.986,43.03,43.078,43.135,43.18,43.216,43.261,43.314,43.351,43.404,43.446,43.497,43.535,43.587,43.638,43.685,43.743,43.794,43.858,43.908,43.942,43.997,44.05,44.118,44.164,44.216,44.281,44.343,44.417,44.502,44.577,44.625,44.687,44.765,44.851,44.957,45.028,45.114,45.242,45.342,45.462,45.606,45.827,46.0,46.22,46.565,47.229,48.571
633,LNP FP,36.854,38.608,39.088,39.353,39.629,39.813,40.027,40.187,40.284,40.373,40.483,40.585,40.664,40.756,40.839,40.928,41.032,41.106,41.165,41.227,41.317,41.392,41.464,41.519,41.564,41.63,41.69,41.737,41.782,41.835,41.876,41.932,41.982,42.023,42.085,42.135,42.172,42.221,42.268,42.306,42.35,42.406,42.445,42.494,42.531,42.571,42.609,42.673,42.722,42.785,42.843,42.892,42.942,42.986,43.03,43.078,43.135,43.18,43.216,43.261,43.314,43.351,43.404,43.446,43.497,43.535,43.587,43.638,43.685,43.743,43.794,43.858,43.908,43.942,43.997,44.05,44.118,44.164,44.216,44.281,44.343,44.417,44.502,44.577,44.625,44.687,44.765,44.851,44.957,45.028,45.114,45.242,45.342,45.462,45.606,45.827,46.0,46.22,46.565,47.229,48.571
634,LNP FP,36.877,38.703,39.128,39.447,39.682,39.864,40.047,40.156,40.312,40.398,40.508,40.607,40.726,40.832,40.924,40.999,41.07,41.141,41.218,41.29,41.363,41.417,41.479,41.541,41.596,41.652,41.693,41.749,41.799,41.828,41.88,41.938,42.002,42.04,42.09,42.136,42.162,42.209,42.26,42.312,42.376,42.435,42.478,42.524,42.567,42.616,42.651,42.701,42.752,42.791,42.835,42.887,42.936,42.977,43.033,43.082,43.125,43.163,43.21,43.267,43.313,43.358,43.414,43.46,43.511,43.556,43.606,43.654,43.708,43.757,43.816,43.864,43.93,43.997,44.042,44.093,44.152,44.205,44.262,44.311,44.362,44.43,44.493,44.571,44.625,44.694,44.766,44.834,44.909,45.013,45.109,45.202,45.282,45.417,45.583,45.833,46.05,46.267,46.569,47.281,48.362
635,LNP FP,36.877,38.703,39.128,39.447,39.682,39.864,40.047,40.156,40.312,40.398,40.508,40.607,40.726,40.832,40.924,40.999,41.07,41.141,41.218,41.29,41.363,41.417,41.479,41.541,41.596,41.652,41.693,41.749,41.799,41.828,41.88,41.938,42.002,42.04,42.09,42.136,42.162,42.209,42.26,42.312,42.376,42.435,42.478,42.524,42.567,42.616,42.651,42.701,42.752,42.791,42.835,42.887,42.936,42.977,43.033,43.082,43.125,43.163,43.21,43.267,43.313,43.358,43.414,43.46,43.511,43.556,43.606,43.654,43.708,43.757,43.816,43.864,43.93,43.997,44.042,44.093,44.152,44.205,44.262,44.311,44.362,44.43,44.493,44.571,44.625,44.694,44.766,44.834,44.909,45.013,45.109,45.202,45.282,45.417,45.583,45.833,46.05,46.267,46.569,47.281,48.362
636,LNP FP,37.101,38.652,39.128,39.416,39.686,39.947,40.134,40.279,40.393,40.502,40.594,40.683,40.795,40.893,40.964,41.029,41.093,41.157,41.254,41.308,41.375,41.452,41.495,41.561,41.612,41.654,41.724,41.805,41.846,41.883,41.924,41.972,42.013,42.053,42.112,42.152,42.208,42.256,42.297,42.351,42.39,42.431,42.47,42.511,42.565,42.641,42.683,42.733,42.775,42.824,42.865,42.918,42.965,43.003,43.045,43.083,43.137,43.165,43.22,43.261,43.3,43.342,43.412,43.459,43.513,43.572,43.608,43.655,43.708,43.733,43.794,43.859,43.917,43.964,44.019,44.067,44.114,44.179,44.235,44.295,44.339,44.414,44.481,44.543,44.612,44.691,44.777,44.856,44.936,45.002,45.109,45.208,45.356,45.453,45.61,45.77,45.981,46.191,46.526,47.127,48.239
637,LNP FP,37.101,38.652,39.128,39.416,39.686,39.947,40.134,40.279,40.393,40.502,40.594,40.683,40.795,40.893,40.964,41.029,41.093,41.157,41.254,41.308,41.375,41.452,41.495,41.561,41.612,41.654,41.724,41.805,41.846,41.883,41.924,41.972,42.013,42.053,42.112,42.152,42.208,42.256,42.297,42.351,42.39,42.431,42.47,42.511,42.565,42.641,42.683,42.733,42.775,42.824,42.865,42.918,42.965,43.003,43.045,43.083,43.137,43.165,43.22,43.261,43.3,43.342,43.412,43.459,43.513,43.572,43.608,43.655,43.708,43.733,43.794,43.859,43.917,43.964,44.019,44.067,44.114,44.179,44.235,44.295,44.339,44.414,44.481,44.543,44.612,44.691,44.777,44.856,44.936,45.002,45.109,45.208,45.356,45.453,45.61,45.77,45.981,46.191,46.526,47.127,48.239
638,LNP FP,37.212,38.68,39.242,39.5,39.769,39.975,40.112,40.277,40.437,40.552,40.634,40.731,40.813,40.895,40.962,41.051,41.107,41.18,41.24,41.303,41.376,41.418,41.47,41.527,41.592,41.653,41.708,41.787,41.851,41.914,41.954,42.008,42.072,42.112,42.168,42.214,42.259,42.3,42.341,42.395,42.436,42.481,42.518,42.557,42.598,42.633,42.683,42.734,42.781,42.835,42.885,42.94,42.98,43.017,43.076,43.117,43.177,43.213,43.25,43.278,43.332,43.386,43.431,43.461,43.507,43.563,43.626,43.667,43.711,43.759,43.803,43.842,43.894,43.942,44.009,44.057,44.113,44.164,44.238,44.301,44.36,44.434,44.492,44.553,44.632,44.695,44.798,44.863,44.918,44.988,45.106,45.209,45.339,45.453,45.584,45.733,45.895,46.127,46.465,47.053,48.366
639,LNP FP,37.212,38.68,39.242,39.5,39.769,39.975,40.112,40.277,40.437,40.552,40.634,40.731,40.813,40.895,40.962,41.051,41.107,41.18,41.24,41.303,41.376,41.418,41.47,41.527,41.592,41.653,41.708,41.787,41.851,41.914,41.954,42.008,42.072,42.112,42.168,42.214,42.259,42.3,42.341,42.395,42.436,42.481,42.518,42.557,42.598,42.633,42.683,42.734,42.781,42.835,42.885,42.94,42.98,43.017,43.076,43.117,43.177,43.213,43.25,43.278,43.332,43.386,43.431,43.461,43.507,43.563,43.626,43.667,43.711,43.759,43.803,43.842,43.894,43.942,44.009,44.057,44.113,44.164,44.238,44.301,44.36,44.434,44.492,44.553,44.632,44.695,44.798,44.863,44.918,44.988,45.106,45.209,45.339,45.453,45.584,45.733,45.895,46.127,46.465,47.053,48.366
640,LNP FP,37.193,38.752,39.137,39.567,39.798,39.975,40.177,40.325,40.456,40.576,40.672,40.763,40.858,40.947,41.021,41.076,41.127,41.195,41.277,41.34,41.397,41.466,41.532,41.576,41.613,41.683,41.737,41.793,41.846,41.906,41.961,41.996,42.034,42.086,42.14,42.217,42.286,42.322,42.377,42.422,42.477,42.524,42.564,42.607,42.644,42.682,42.732,42.776,42.818,42.869,42.907,42.961,43.006,43.049,43.094,43.13,43.174,43.225,43.259,43.33,43.37,43.409,43.454,43.492,43.527,43.578,43.614,43.657,43.714,43.771,43.822,43.864,43.912,43.965,44.018,44.059,44.12,44.178,44.243,44.298,44.347,44.41,44.501,44.588,44.652,44.71,44.79,44.834,44.91,44.999,45.081,45.166,45.28,45.437,45.562,45.702,45.885,46.116,46.472,47.026,48.683
641,LNP FP,37.193,38.752,39.137,39.567,39.798,39.975,40.177,40.325,40.456,40.576,40.672,40.763,40.858,40.947,41.021,41.076,41.127,41.195,41.277,41.34,41.397,41.466,41.532,41.576,41.613,41.683,41.737,41.793,41.846,41.906,41.961,41.996,42.034,42.086,42.14,42.217,42.286,42.322,42.377,42.422,42.477,42.524,42.564,42.607,42.644,42.682,42.732,42.776,42.818,42.869,42.907,42.961,43.006,43.049,43.094,43.13,43.174,43.225,43.259,43.33,43.37,43.409,43.454,43.492,43.527,43.578,43.614,43.657,43.714,43.771,43.822,43.864,43.912,43.965,44.018,44.059,44.12,44.178,44.243,44.298,44.347,44.41,44.501,44.588,44.652,44.71,44.79,44.834,44.91,44.999,45.081,45.166,45.28,45.437,45.562,45.702,45.885,46.116,46.472,47.026,48.683
642,LNP FP,37.356,38.851,39.345,39.615,39.848,40.042,40.149,40.308,40.432,40.604,40.713,40.815,40.875,40.976,41.05,41.112,41.181,41.254,41.312,41.383,41.438,41.488,41.55,41.616,41.686,41.744,41.8,41.844,41.893,41.94,42.003,42.042,42.086,42.123,42.178,42.223,42.266,42.318,42.365,42.413,42.454,42.498,42.555,42.604,42.64,42.697,42.749,42.777,42.81,42.848,42.898,42.945,42.982,43.023,43.067,43.115,43.154,43.201,43.258,43.311,43.356,43.396,43.443,43.495,43.543,43.616,43.66,43.695,43.732,43.774,43.811,43.87,43.908,43.94,43.997,44.069,44.125,44.171,44.215,44.259,44.308,44.369,44.44,44.536,44.591,44.658,44.726,44.798,44.871,44.951,45.063,45.167,45.279,45.418,45.608,45.728,45.9,46.057,46.358,47.026,48.533
643,LNP FP,37.356,38.851,39.345,39.615,39.848,40.042,40.149,40.308,40.432,40.604,40.713,40.815,40.875,40.976,41.05,41.112,41.181,41.254,41.312,41.383,41.438,41.488,41.55,41.616,41.686,41.744,41.8,41.844,41.893,41.94,42.003,42.042,42.086,42.123,42.178,42.223,42.266,42.318,42.365,42.413,42.454,42.498,42.555,42.604,42.64,42.697,42.749,42.777,42.81,42.848,42.898,42.945,42.982,43.023,43.067,43.115,43.154,43.201,43.258,43.311,43.356,43.396,43.443,43.495,43.543,43.616,43.66,43.695,43.732,43.774,43.811,43.87,43.908,43.94,43.997,44.069,44.125,44.171,44.215,44.259,44.308,44.369,44.44,44.536,44.591,44.658,44.726,44.798,44.871,44.951,45.063,45.167,45.279,45.418,45.608,45.728,45.9,46.057,46.358,47.026,48.533
644,LNP FP,37.33,38.905,39.403,39.623,39.846,40.1,40.228,40.346,40.461,40.574,40.678,40.773,40.888,40.964,41.052,41.143,41.23,41.286,41.341,41.392,41.452,41.523,41.587,41.658,41.709,41.769,41.829,41.885,41.933,41.983,42.021,42.059,42.113,42.165,42.21,42.253,42.307,42.357,42.409,42.46,42.494,42.542,42.584,42.608,42.66,42.704,42.752,42.787,42.82,42.856,42.905,42.949,43.007,43.058,43.105,43.154,43.197,43.245,43.303,43.366,43.412,43.452,43.5,43.546,43.582,43.621,43.66,43.711,43.743,43.79,43.827,43.876,43.936,43.992,44.037,44.097,44.14,44.204,44.245,44.294,44.364,44.434,44.478,44.537,44.59,44.664,44.744,44.814,44.912,45.004,45.102,45.205,45.291,45.413,45.548,45.671,45.817,46.084,46.41,46.989,48.493
645,LNP FP,37.33,38.905,39.403,39.623,39.846,40.1,40.228,40.346,40.461,40.574,40.678,40.773,40.888,40.964,41.052,41.143,41.23,41.286,41.341,41.392,41.452,41.523,41.587,41.658,41.709,41.769,41.829,41.885,41.933,41.983,42.021,42.059,42.113,42.165,42.21,42.253,42.307,42.357,42.409,42.46,42.494,42.542,42.584,42.608,42.66,42.704,42.752,42.787,42.82,42.856,42.905,42.949,43.007,43.058,43.105,43.154,43.197,43.245,43.303,43.366,43.412,43.452,43.5,43.546,43.582,43.621,43.66,43.711,43.743,43.79,43.827,43.876,43.936,43.992,44.037,44.097,44.14,44.204,44.245,44.294,44.364,44.434,44.478,44.537,44.59,44.664,44.744,44.814,44.912,45.004,45.102,45.205,45.291,45.413,45.548,45.671,45.817,46.084,46.41,46.989,48.493
646,LNP FP,37.32,38.839,39.369,39.613,39.842,40.039,40.276,40.423,40.576,40.68,40.772,40.826,40.91,40.998,41.064,41.131,41.234,41.31,41.393,41.45,41.517,41.565,41.629,41.686,41.742,41.813,41.88,41.934,41.981,42.033,42.083,42.135,42.165,42.193,42.232,42.275,42.317,42.363,42.403,42.452,42.492,42.539,42.611,42.657,42.691,42.727,42.78,42.817,42.865,42.918,42.962,43.009,43.044,43.08,43.12,43.184,43.229,43.258,43.308,43.351,43.401,43.443,43.486,43.538,43.572,43.619,43.652,43.684,43.749,43.792,43.846,43.89,43.947,43.989,44.041,44.088,44.135,44.197,44.274,44.339,44.392,44.438,44.502,44.567,44.637,44.698,44.763,44.823,44.887,44.962,45.065,45.17,45.269,45.391,45.515,45.701,45.817,46.087,46.378,46.966,48.517
647,LNP FP,37.32,38.839,39.369,39.613,39.842,40.039,40.276,40.423,40.576,40.68,40.772,40.826,40.91,40.998,41.064,41.131,41.234,41.31,41.393,41.45,41.517,41.565,41.629,41.686,41.742,41.813,41.88,41.934,41.981,42.033,42.083,42.135,42.165,42.193,42.232,42.275,42.317,42.363,42.403,42.452,42.492,42.539,42.611,42.657,42.691,42.727,42.78,42.817,42.865,42.918,42.962,43.009,43.044,43.08,43.12,43.184,43.229,43.258,43.308,43.351,43.401,43.443,43.486,43.538,43.572,43.619,43.652,43.684,43.749,43.792,43.846,43.89,43.947,43.989,44.041,44.088,44.135,44.197,44.274,44.339,44.392,44.438,44.502,44.567,44.637,44.698,44.763,44.823,44.887,44.962,45.065,45.17,45.269,45.391,45.515,45.701,45.817,46.087,46.378,46.966,48.517
648,LNP FP,37.285,39.017,39.411,39.701,39.934,40.162,40.311,40.454,40.583,40.688,40.768,40.853,40.933,41.032,41.116,41.184,41.275,41.346,41.413,41.487,41.571,41.637,41.705,41.747,41.806,41.858,41.903,41.953,42.003,42.049,42.097,42.136,42.181,42.224,42.253,42.299,42.349,42.39,42.439,42.48,42.515,42.562,42.621,42.662,42.696,42.752,42.806,42.859,42.909,42.954,42.985,43.017,43.052,43.083,43.129,43.172,43.212,43.266,43.317,43.358,43.393,43.449,43.505,43.54,43.578,43.612,43.652,43.709,43.763,43.799,43.847,43.88,43.926,43.986,44.046,44.085,44.136,44.178,44.256,44.318,44.382,44.418,44.456,44.535,44.614,44.67,44.723,44.805,44.893,44.973,45.067,45.137,45.246,45.379,45.552,45.685,45.926,46.156,46.435,46.992,48.477
649,LNP FP,37.285,39.017,39.411,39.701,39.934,40.162,40.311,40.454,40.583,40.688,40.768,40.853,40.933,41.032,41.116,41.184,41.275,41.346,41.413,41.487,41.571,41.637,41.705,41.747,41.806,41.858,41.903,41.953,42.003,42.049,42.097,42.136,42.181,42.224,42.253,42.299,42.349,42.39,42.439,42.48,42.515,42.562,42.621,42.662,42.696,42.752,42.806,42.859,42.909,42.954,42.985,43.017,43.052,43.083,43.129,43.172,43.212,43.266,43.317,43.358,43.393,43.449,43.505,43.54,43.578,43.612,43.652,43.709,43.763,43.799,43.847,43.88,43.926,43.986,44.046,44.085,44.136,44.178,44.256,44.318,44.382,44.418,44.456,44.535,44.614,44.67,44.723,44.805,44.893,44.973,45.067,45.137,45.246,45.379,45.552,45.685,45.926,46.156,46.435,46.992,48.477
650,LNP FP,37.163,39.052,39.471,39.821,40.03,40.203,40.36,40.472,40.612,40.712,40.845,40.925,41.011,41.079,41.152,41.244,41.317,41.374,41.44,41.497,41.547,41.605,41.682,41.745,41.8,41.87,41.908,41.973,42.027,42.081,42.129,42.174,42.219,42.263,42.295,42.338,42.378,42.42,42.459,42.492,42.541,42.585,42.62,42.654,42.706,42.756,42.815,42.855,42.886,42.939,42.981,43.034,43.073,43.108,43.152,43.19,43.241,43.301,43.345,43.387,43.424,43.463,43.506,43.545,43.586,43.629,43.683,43.723,43.769,43.832,43.874,43.926,43.976,44.011,44.061,44.103,44.156,44.216,44.286,44.344,44.397,44.434,44.494,44.551,44.606,44.665,44.732,44.798,44.874,44.951,45.046,45.145,45.289,45.389,45.546,45.726,45.893,46.12,46.442,46.92,48.42
651,LNP FP,37.163,39.052,39.471,39.821,40.03,40.203,40.36,40.472,40.612,40.712,40.845,40.925,41.011,41.079,41.152,41.244,41.317,41.374,41.44,41.497,41.547,41.605,41.682,41.745,41.8,41.87,41.908,41.973,42.027,42.081,42.129,42.174,42.219,42.263,42.295,42.338,42.378,42.42,42.459,42.492,42.541,42.585,42.62,42.654,42.706,42.756,42.815,42.855,42.886,42.939,42.981,43.034,43.073,43.108,43.152,43.19,43.241,43.301,43.345,43.387,43.424,43.463,43.506,43.545,43.586,43.629,43.683,43.723,43.769,43.832,43.874,43.926,43.976,44.011,44.061,44.103,44.156,44.216,44.286,44.344,44.397,44.434,44.494,44.551,44.606,44.665,44.732,44.798,44.874,44.951,45.046,45.145,45.289,45.389,45.546,45.726,45.893,46.12,46.442,46.92,48.42
652,LNP FP,37.47,39.147,39.6,39.837,40.028,40.191,40.394,40.54,40.66,40.765,40.853,40.953,41.034,41.12,41.201,41.254,41.328,41.404,41.467,41.534,41.607,41.686,41.736,41.803,41.854,41.893,41.96,42.013,42.045,42.086,42.128,42.174,42.23,42.285,42.329,42.371,42.415,42.469,42.523,42.565,42.594,42.64,42.676,42.725,42.758,42.796,42.836,42.868,42.918,42.963,43.002,43.044,43.08,43.124,43.179,43.223,43.262,43.302,43.34,43.384,43.424,43.46,43.499,43.536,43.584,43.629,43.681,43.721,43.759,43.799,43.855,43.904,43.962,44.008,44.061,44.116,44.163,44.212,44.272,44.344,44.393,44.449,44.497,44.559,44.623,44.67,44.725,44.803,44.872,44.938,45.056,45.162,45.254,45.391,45.552,45.731,45.951,46.165,46.443,46.919,48.277
653,LNP FP,37.47,39.147,39.6,39.837,40.028,40.191,40.394,40.54,40.66,40.765,40.853,40.953,41.034,41.12,41.201,41.254,41.328,41.404,41.467,41.534,41.607,41.686,41.736,41.803,41.854,41.893,41.96,42.013,42.045,42.086,42.128,42.174,42.23,42.285,42.329,42.371,42.415,42.469,42.523,42.565,42.594,42.64,42.676,42.725,42.758,42.796,42.836,42.868,42.918,42.963,43.002,43.044,43.08,43.124,43.179,43.223,43.262,43.302,43.34,43.384,43.424,43.46,43.499,43.536,43.584,43.629,43.681,43.721,43.759,43.799,43.855,43.904,43.962,44.008,44.061,44.116,44.163,44.212,44.272,44.344,44.393,44.449,44.497,44.559,44.623,44.67,44.725,44.803,44.872,44.938,45.056,45.162,45.254,45.391,45.552,45.731,45.951,46.165,46.443,46.919,48.277
654,LNP FP,37.446,39.172,39.62,39.826,40.057,40.2,40.407,40.563,40.673,40.805,40.891,40.988,41.076,41.178,41.244,41.331,41.395,41.438,41.5,41.574,41.636,41.688,41.745,41.782,41.834,41.896,41.947,42.005,42.043,42.093,42.164,42.234,42.283,42.329,42.374,42.417,42.453,42.51,42.538,42.568,42.613,42.654,42.694,42.729,42.767,42.81,42.849,42.893,42.942,42.986,43.035,43.069,43.112,43.147,43.194,43.228,43.268,43.304,43.336,43.379,43.432,43.474,43.529,43.577,43.626,43.668,43.714,43.762,43.791,43.839,43.885,43.935,43.978,44.02,44.079,44.13,44.166,44.235,44.266,44.322,44.394,44.44,44.486,44.54,44.633,44.697,44.754,44.808,44.893,44.957,45.073,45.146,45.259,45.366,45.517,45.696,45.845,46.067,46.453,46.861,48.47
655,LNP FP,37.446,39.172,39.62,39.826,40.057,40.2,40.407,40.563,40.673,40.805,40.891,40.988,41.076,41.178,41.244,41.331,41.395,41.438,41.5,41.574,41.636,41.688,41.745,41.782,41.834,41.896,41.947,42.005,42.043,42.093,42.164,42.234,42.283,42.329,42.374,42.417,42.453,42.51,42.538,42.568,42.613,42.654,42.694,42.729,42.767,42.81,42.849,42.893,42.942,42.986,43.035,43.069,43.112,43.147,43.194,43.228,43.268,43.304,43.336,43.379,43.432,43.474,43.529,43.577,43.626,43.668,43.714,43.762,43.791,43.839,43.885,43.935,43.978,44.02,44.079,44.13,44.166,44.235,44.266,44.322,44.394,44.44,44.486,44.54,44.633,44.697,44.754,44.808,44.893,44.957,45.073,45.146,45.259,45.366,45.517,45.696,45.845,46.067,46.453,46.861,48.47
656,LNP FP,37.652,39.209,39.718,39.925,40.079,40.298,40.426,40.527,40.677,40.771,40.897,41.014,41.133,41.2,41.272,41.341,41.407,41.473,41.544,41.599,41.649,41.722,41.772,41.822,41.885,41.947,41.998,42.047,42.098,42.133,42.176,42.235,42.277,42.327,42.357,42.397,42.441,42.481,42.539,42.6,42.642,42.683,42.728,42.77,42.809,42.848,42.894,42.946,42.984,43.021,43.054,43.102,43.13,43.183,43.236,43.261,43.295,43.326,43.374,43.407,43.433,43.477,43.517,43.554,43.598,43.64,43.678,43.729,43.775,43.819,43.863,43.909,43.969,44.028,44.077,44.135,44.192,44.228,44.267,44.312,44.387,44.444,44.525,44.572,44.645,44.711,44.799,44.867,44.927,44.996,45.068,45.159,45.281,45.394,45.571,45.684,45.847,46.093,46.391,46.957,48.258
657,LNP FP,37.652,39.209,39.718,39.925,40.079,40.298,40.426,40.527,40.677,40.771,40.897,41.014,41.133,41.2,41.272,41.341,41.407,41.473,41.544,41.599,41.649,41.722,41.772,41.822,41.885,41.947,41.998,42.047,42.098,42.133,42.176,42.235,42.277,42.327,42.357,42.397,42.441,42.481,42.539,42.6,42.642,42.683,42.728,42.77,42.809,42.848,42.894,42.946,42.984,43.021,43.054,43.102,43.13,43.183,43.236,43.261,43.295,43.326,43.374,43.407,43.433,43.477,43.517,43.554,43.598,43.64,43.678,43.729,43.775,43.819,43.863,43.909,43.969,44.028,44.077,44.135,44.192,44.228,44.267,44.312,44.387,44.444,44.525,44.572,44.645,44.711,44.799,44.867,44.927,44.996,45.068,45.159,45.281,45.394,45.571,45.684,45.847,46.093,46.391,46.957,48.258
658,LNP FP,37.805,39.312,39.787,39.989,40.167,40.304,40.44,40.605,40.695,40.812,40.938,41.065,41.169,41.237,41.33,41.408,41.49,41.563,41.609,41.674,41.729,41.785,41.828,41.886,41.937,41.993,42.043,42.077,42.121,42.18,42.231,42.272,42.314,42.367,42.417,42.464,42.495,42.527,42.572,42.622,42.666,42.701,42.742,42.783,42.827,42.868,42.9,42.949,42.981,43.02,43.064,43.098,43.134,43.16,43.196,43.242,43.291,43.327,43.382,43.429,43.458,43.483,43.528,43.568,43.604,43.635,43.687,43.737,43.786,43.836,43.881,43.92,43.969,44.029,44.074,44.126,44.165,44.215,44.267,44.315,44.388,44.458,44.526,44.604,44.668,44.731,44.792,44.864,44.93,45.019,45.097,45.199,45.319,45.428,45.548,45.674,45.811,46.047,46.452,46.861,48.304
659,LNP FP,37.805,39.312,39.787,39.989,40.167,40.304,40.44,40.605,40.695,40.812,40.938,41.065,41.169,41.237,41.33,41.408,41.49,41.563,41.609,41.674,41.729,41.785,41.828,41.886,41.937,41.993,42.043,42.077,42.121,42.18,42.231,42.272,42.314,42.367,42.417,42.464,42.495,42.527,42.572,42.622,42.666,42.701,42.742,42.783,42.827,42.868,42.9,42.949,42.981,43.02,43.064,43.098,43.134,43.16,43.196,43.242,43.291,43.327,43.382,43.429,43.458,43.483,43.528,43.568,43.604,43.635,43.687,43.737,43.786,43.836,43.881,43.92,43.969,44.029,44.074,44.126,44.165,44.215,44.267,44.315,44.388,44.458,44.526,44.604,44.668,44.731,44.792,44.864,44.93,45.019,45.097,45.199,45.319,45.428,45.548,45.674,45.811,46.047,46.452,46.861,48.304
660,LNP FP,37.951,39.313,39.794,40.057,40.246,40.377,40.488,40.579,40.715,40.856,40.995,41.088,41.197,41.271,41.377,41.457,41.515,41.596,41.671,41.724,41.783,41.851,41.88,41.927,41.973,42.03,42.071,42.105,42.152,42.205,42.26,42.297,42.336,42.386,42.428,42.476,42.517,42.556,42.61,42.651,42.682,42.717,42.768,42.809,42.857,42.883,42.924,42.961,42.993,43.046,43.09,43.126,43.16,43.199,43.242,43.272,43.301,43.33,43.369,43.416,43.456,43.483,43.53,43.573,43.613,43.652,43.697,43.742,43.79,43.835,43.886,43.935,43.982,44.031,44.085,44.134,44.183,44.242,44.285,44.345,44.414,44.471,44.54,44.6,44.68,44.748,44.813,44.878,44.958,45.038,45.125,45.21,45.308,45.438,45.553,45.673,45.818,46.047,46.387,46.817,48.058
661,LNP FP,37.951,39.313,39.794,40.057,40.246,40.377,40.488,40.579,40.715,40.856,40.995,41.088,41.197,41.271,41.377,41.457,41.515,41.596,41.671,41.724,41.783,41.851,41.88,41.927,41.973,42.03,42.071,42.105,42.152,42.205,42.26,42.297,42.336,42.386,42.428,42.476,42.517,42.556,42.61,42.651,42.682,42.717,42.768,42.809,42.857,42.883,42.924,42.961,42.993,43.046,43.09,43.126,43.16,43.199,43.242,43.272,43.301,43.33,43.369,43.416,43.456,43.483,43.53,43.573,43.613,43.652,43.697,43.742,43.79,43.835,43.886,43.935,43.982,44.031,44.085,44.134,44.183,44.242,44.285,44.345,44.414,44.471,44.54,44.6,44.68,44.748,44.813,44.878,44.958,45.038,45.125,45.21,45.308,45.438,45.553,45.673,45.818,46.047,46.387,46.817,48.058
662,LNP FP,38.207,39.359,39.816,40.057,40.255,40.441,40.583,40.677,40.777,40.871,40.951,41.08,41.196,41.291,41.392,41.495,41.585,41.652,41.728,41.8,41.857,41.896,41.938,41.987,42.033,42.078,42.134,42.183,42.232,42.278,42.319,42.364,42.405,42.452,42.487,42.527,42.571,42.612,42.652,42.702,42.739,42.777,42.811,42.842,42.869,42.903,42.938,42.973,43.007,43.04,43.078,43.114,43.157,43.192,43.226,43.261,43.294,43.346,43.386,43.434,43.475,43.513,43.559,43.598,43.642,43.693,43.735,43.773,43.809,43.852,43.897,43.943,43.996,44.049,44.104,44.142,44.191,44.237,44.304,44.374,44.419,44.482,44.559,44.622,44.709,44.775,44.844,44.912,44.977,45.074,45.125,45.202,45.311,45.418,45.545,45.667,45.839,46.033,46.317,46.764,47.975
663,LNP FP,38.207,39.359,39.816,40.057,40.255,40.441,40.583,40.677,40.777,40.871,40.951,41.08,41.196,41.291,41.392,41.495,41.585,41.652,41.728,41.8,41.857,41.896,41.938,41.987,42.033,42.078,42.134,42.183,42.232,42.278,42.319,42.364,42.405,42.452,42.487,42.527,42.571,42.612,42.652,42.702,42.739,42.777,42.811,42.842,42.869,42.903,42.938,42.973,43.007,43.04,43.078,43.114,43.157,43.192,43.226,43.261,43.294,43.346,43.386,43.434,43.475,43.513,43.559,43.598,43.642,43.693,43.735,43.773,43.809,43.852,43.897,43.943,43.996,44.049,44.104,44.142,44.191,44.237,44.304,44.374,44.419,44.482,44.559,44.622,44.709,44.775,44.844,44.912,44.977,45.074,45.125,45.202,45.311,45.418,45.545,45.667,45.839,46.033,46.317,46.764,47.975
664,LNP FP,38.13,39.517,39.816,40.11,40.312,40.435,40.566,40.709,40.853,40.944,41.059,41.173,41.246,41.35,41.417,41.496,41.599,41.676,41.738,41.793,41.834,41.89,41.943,41.989,42.029,42.09,42.148,42.206,42.25,42.297,42.332,42.367,42.411,42.445,42.477,42.51,42.539,42.573,42.614,42.664,42.697,42.735,42.78,42.813,42.859,42.909,42.938,42.983,43.026,43.071,43.098,43.138,43.18,43.226,43.271,43.31,43.354,43.387,43.421,43.466,43.521,43.567,43.617,43.646,43.692,43.723,43.774,43.806,43.851,43.887,43.931,43.98,44.02,44.055,44.108,44.148,44.2,44.235,44.294,44.337,44.411,44.458,44.522,44.594,44.667,44.725,44.801,44.873,44.952,45.029,45.088,45.174,45.259,45.383,45.497,45.684,45.836,46.014,46.274,46.753,47.906
665,LNP FP,38.13,39.517,39.816,40.11,40.312,40.435,40.566,40.709,40.853,40.944,41.059,41.173,41.246,41.35,41.417,41.496,41.599,41.676,41.738,41.793,41.834,41.89,41.943,41.989,42.029,42.09,42.148,42.206,42.25,42.297,42.332,42.367,42.411,42.445,42.477,42.51,42.539,42.573,42.614,42.664,42.697,42.735,42.78,42.813,42.859,42.909,42.938,42.983,43.026,43.071,43.098,43.138,43.18,43.226,43.271,43.31,43.354,43.387,43.421,43.466,43.521,43.567,43.617,43.646,43.692,43.723,43.774,43.806,43.851,43.887,43.931,43.98,44.02,44.055,44.108,44.148,44.2,44.235,44.294,44.337,44.411,44.458,44.522,44.594,44.667,44.725,44.801,44.873,44.952,45.029,45.088,45.174,45.259,45.383,45.497,45.684,45.836,46.014,46.274,46.753,47.906
666,LNP FP,38.291,39.558,39.985,40.209,40.363,40.527,40.632,40.764,40.877,40.981,41.1,41.179,41.299,41.38,41.465,41.536,41.61,41.666,41.71,41.776,41.851,41.891,41.954,42.005,42.057,42.105,42.154,42.2,42.258,42.303,42.346,42.385,42.434,42.481,42.516,42.546,42.594,42.636,42.665,42.699,42.741,42.779,42.833,42.868,42.901,42.924,42.964,43.014,43.055,43.1,43.135,43.18,43.225,43.261,43.3,43.333,43.366,43.405,43.452,43.487,43.531,43.574,43.62,43.661,43.704,43.739,43.779,43.816,43.843,43.897,43.931,43.979,44.025,44.058,44.097,44.136,44.188,44.232,44.28,44.325,44.392,44.441,44.508,44.572,44.634,44.697,44.784,44.849,44.916,45.0,45.078,45.176,45.261,45.359,45.489,45.662,45.796,45.973,46.227,46.76,48.075
667,LNP FP,38.291,39.558,39.985,40.209,40.363,40.527,40.632,40.764,40.877,40.981,41.1,41.179,41.299,41.38,41.465,41.536,41.61,41.666,41.71,41.776,41.851,41.891,41.954,42.005,42.057,42.105,42.154,42.2,42.258,42.303,42.346,42.385,42.434,42.481,42.516,42.546,42.594,42.636,42.665,42.699,42.741,42.779,42.833,42.868,42.901,42.924,42.964,43.014,43.055,43.1,43.135,43.18,43.225,43.261,43.3,43.333,43.366,43.405,43.452,43.487,43.531,43.574,43.62,43.661,43.704,43.739,43.779,43.816,43.843,43.897,43.931,43.979,44.025,44.058,44.097,44.136,44.188,44.232,44.28,44.325,44.392,44.441,44.508,44.572,44.634,44.697,44.784,44.849,44.916,45.0,45.078,45.176,45.261,45.359,45.489,45.662,45.796,45.973,46.227,46.76,48.075
668,LNP FP,38.311,39.511,39.93,40.255,40.518,40.637,40.777,40.862,40.959,41.066,41.152,41.233,41.317,41.39,41.48,41.558,41.626,41.698,41.76,41.827,41.89,41.929,41.98,42.013,42.054,42.103,42.148,42.211,42.261,42.297,42.348,42.39,42.427,42.466,42.503,42.548,42.587,42.621,42.669,42.711,42.755,42.784,42.827,42.882,42.918,42.96,43.008,43.045,43.082,43.106,43.148,43.187,43.23,43.262,43.301,43.341,43.378,43.421,43.459,43.516,43.559,43.599,43.632,43.668,43.693,43.739,43.783,43.827,43.87,43.907,43.942,43.984,44.015,44.065,44.124,44.17,44.223,44.274,44.311,44.363,44.409,44.46,44.516,44.574,44.653,44.714,44.768,44.836,44.907,44.986,45.061,45.148,45.278,45.352,45.44,45.619,45.756,45.995,46.278,46.669,48.227
669,LNP FP,38.311,39.511,39.93,40.255,40.518,40.637,40.777,40.862,40.959,41.066,41.152,41.233,41.317,41.39,41.48,41.558,41.626,41.698,41.76,41.827,41.89,41.929,41.98,42.013,42.054,42.103,42.148,42.211,42.261,42.297,42.348,42.39,42.427,42.466,42.503,42.548,42.587,42.621,42.669,42.711,42.755,42.784,42.827,42.882,42.918,42.96,43.008,43.045,43.082,43.106,43.148,43.187,43.23,43.262,43.301,43.341,43.378,43.421,43.459,43.516,43.559,43.599,43.632,43.668,43.693,43.739,43.783,43.827,43.87,43.907,43.942,43.984,44.015,44.065,44.124,44.17,44.223,44.274,44.311,44.363,44.409,44.46,44.516,44.574,44.653,44.714,44.768,44.836,44.907,44.986,45.061,45.148,45.278,45.352,45.44,45.619,45.756,45.995,46.278,46.669,48.227
670,LNP FP,38.434,39.516,40.009,40.263,40.501,40.665,40.763,40.92,41.039,41.123,41.223,41.309,41.381,41.471,41.528,41.582,41.638,41.682,41.735,41.802,41.859,41.917,41.971,42.023,42.081,42.135,42.187,42.232,42.26,42.322,42.377,42.412,42.452,42.507,42.565,42.613,42.663,42.699,42.738,42.787,42.829,42.863,42.886,42.93,42.968,43.01,43.042,43.076,43.11,43.151,43.186,43.223,43.258,43.286,43.33,43.374,43.415,43.454,43.486,43.534,43.575,43.606,43.64,43.679,43.719,43.757,43.797,43.84,43.875,43.916,43.956,44.004,44.054,44.094,44.141,44.191,44.238,44.285,44.332,44.382,44.425,44.496,44.536,44.582,44.638,44.694,44.749,44.824,44.891,44.966,45.057,45.151,45.227,45.375,45.469,45.612,45.76,45.975,46.16,46.631,48.104
671,LNP FP,38.434,39.516,40.009,40.263,40.501,40.665,40.763,40.92,41.039,41.123,41.223,41.309,41.381,41.471,41.528,41.582,41.638,41.682,41.735,41.802,41.859,41.917,41.971,42.023,42.081,42.135,42.187,42.232,42.26,42.322,42.377,42.412,42.452,42.507,42.565,42.613,42.663,42.699,42.738,42.787,42.829,42.863,42.886,42.93,42.968,43.01,43.042,43.076,43.11,43.151,43.186,43.223,43.258,43.286,43.33,43.374,43.415,43.454,43.486,43.534,43.575,43.606,43.64,43.679,43.719,43.757,43.797,43.84,43.875,43.916,43.956,44.004,44.054,44.094,44.141,44.191,44.238,44.285,44.332,44.382,44.425,44.496,44.536,44.582,44.638,44.694,44.749,44.824,44.891,44.966,45.057,45.151,45.227,45.375,45.469,45.612,45.76,45.975,46.16,46.631,48.104
672,LNP FP,38.392,39.654,40.14,40.375,40.546,40.725,40.832,40.931,41.048,41.161,41.226,41.319,41.384,41.488,41.576,41.631,41.685,41.737,41.793,41.846,41.895,41.958,42.015,42.057,42.122,42.178,42.225,42.269,42.304,42.355,42.4,42.439,42.482,42.517,42.565,42.618,42.668,42.715,42.748,42.801,42.845,42.883,42.923,42.972,42.997,43.029,43.07,43.101,43.144,43.178,43.214,43.249,43.278,43.314,43.352,43.38,43.418,43.465,43.501,43.537,43.566,43.601,43.644,43.676,43.716,43.769,43.797,43.842,43.887,43.932,43.974,44.021,44.072,44.113,44.156,44.198,44.243,44.29,44.342,44.398,44.444,44.5,44.544,44.585,44.657,44.729,44.787,44.843,44.91,45.001,45.059,45.151,45.265,45.354,45.44,45.578,45.766,45.89,46.172,46.62,48.034
673,LNP FP,38.392,39.654,40.14,40.375,40.546,40.725,40.832,40.931,41.048,41.161,41.226,41.319,41.384,41.488,41.576,41.631,41.685,41.737,41.793,41.846,41.895,41.958,42.015,42.057,42.122,42.178,42.225,42.269,42.304,42.355,42.4,42.439,42.482,42.517,42.565,42.618,42.668,42.715,42.748,42.801,42.845,42.883,42.923,42.972,42.997,43.029,43.07,43.101,43.144,43.178,43.214,43.249,43.278,43.314,43.352,43.38,43.418,43.465,43.501,43.537,43.566,43.601,43.644,43.676,43.716,43.769,43.797,43.842,43.887,43.932,43.974,44.021,44.072,44.113,44.156,44.198,44.243,44.29,44.342,44.398,44.444,44.5,44.544,44.585,44.657,44.729,44.787,44.843,44.91,45.001,45.059,45.151,45.265,45.354,45.44,45.578,45.766,45.89,46.172,46.62,48.034
674,LNP FP,38.47,39.564,40.037,40.27,40.467,40.672,40.803,40.909,41.04,41.157,41.252,41.327,41.394,41.436,41.533,41.604,41.676,41.74,41.792,41.853,41.906,41.95,42.01,42.075,42.113,42.157,42.196,42.256,42.306,42.347,42.391,42.441,42.48,42.525,42.564,42.613,42.652,42.692,42.721,42.756,42.789,42.834,42.875,42.91,42.946,42.988,43.032,43.071,43.108,43.147,43.176,43.218,43.255,43.298,43.328,43.373,43.414,43.458,43.493,43.524,43.565,43.599,43.638,43.67,43.714,43.765,43.802,43.866,43.9,43.946,43.975,44.015,44.061,44.095,44.139,44.185,44.233,44.291,44.333,44.367,44.43,44.474,44.542,44.6,44.657,44.705,44.755,44.821,44.892,44.979,45.044,45.131,45.226,45.338,45.458,45.605,45.757,45.916,46.164,46.684,48.119
675,LNP FP,38.47,39.564,40.037,40.27,40.467,40.672,40.803,40.909,41.04,41.157,41.252,41.327,41.394,41.436,41.533,41.604,41.676,41.74,41.792,41.853,41.906,41.95,42.01,42.075,42.113,42.157,42.196,42.256,42.306,42.347,42.391,42.441,42.48,42.525,42.564,42.613,42.652,42.692,42.721,42.756,42.789,42.834,42.875,42.91,42.946,42.988,43.032,43.071,43.108,43.147,43.176,43.218,43.255,43.298,43.328,43.373,43.414,43.458,43.493,43.524,43.565,43.599,43.638,43.67,43.714,43.765,43.802,43.866,43.9,43.946,43.975,44.015,44.061,44.095,44.139,44.185,44.233,44.291,44.333,44.367,44.43,44.474,44.542,44.6,44.657,44.705,44.755,44.821,44.892,44.979,45.044,45.131,45.226,45.338,45.458,45.605,45.757,45.916,46.164,46.684,48.119
676,LNP FP,38.522,39.6,39.921,40.262,40.486,40.617,40.773,40.88,41.0,41.087,41.176,41.268,41.358,41.422,41.497,41.569,41.654,41.705,41.787,41.851,41.906,41.944,41.99,42.042,42.096,42.156,42.193,42.229,42.282,42.336,42.415,42.456,42.492,42.527,42.563,42.604,42.648,42.687,42.742,42.769,42.801,42.834,42.876,42.907,42.943,42.968,42.986,43.022,43.066,43.11,43.148,43.178,43.215,43.257,43.296,43.338,43.383,43.415,43.47,43.509,43.548,43.595,43.64,43.686,43.724,43.76,43.792,43.855,43.896,43.938,43.977,44.008,44.047,44.105,44.14,44.189,44.234,44.276,44.346,44.412,44.464,44.53,44.577,44.619,44.682,44.739,44.791,44.853,44.913,44.969,45.036,45.111,45.222,45.325,45.471,45.617,45.776,45.982,46.2,46.614,48.111
677,LNP FP,38.522,39.6,39.921,40.262,40.486,40.617,40.773,40.88,41.0,41.087,41.176,41.268,41.358,41.422,41.497,41.569,41.654,41.705,41.787,41.851,41.906,41.944,41.99,42.042,42.096,42.156,42.193,42.229,42.282,42.336,42.415,42.456,42.492,42.527,42.563,42.604,42.648,42.687,42.742,42.769,42.801,42.834,42.876,42.907,42.943,42.968,42.986,43.022,43.066,43.11,43.148,43.178,43.215,43.257,43.296,43.338,43.383,43.415,43.47,43.509,43.548,43.595,43.64,43.686,43.724,43.76,43.792,43.855,43.896,43.938,43.977,44.008,44.047,44.105,44.14,44.189,44.234,44.276,44.346,44.412,44.464,44.53,44.577,44.619,44.682,44.739,44.791,44.853,44.913,44.969,45.036,45.111,45.222,45.325,45.471,45.617,45.776,45.982,46.2,46.614,48.111
678,LNP FP,38.353,39.57,39.984,40.19,40.374,40.544,40.728,40.821,40.943,41.059,41.133,41.247,41.344,41.436,41.492,41.558,41.643,41.71,41.783,41.831,41.88,41.966,42.008,42.054,42.111,42.143,42.192,42.244,42.29,42.331,42.371,42.407,42.444,42.482,42.524,42.561,42.619,42.67,42.709,42.754,42.788,42.817,42.863,42.899,42.931,42.959,42.986,43.016,43.051,43.102,43.136,43.178,43.229,43.262,43.301,43.343,43.374,43.411,43.446,43.486,43.532,43.591,43.628,43.659,43.707,43.761,43.796,43.824,43.877,43.924,43.958,44.006,44.052,44.094,44.143,44.196,44.241,44.293,44.341,44.386,44.443,44.487,44.548,44.597,44.647,44.714,44.781,44.869,44.927,44.999,45.057,45.169,45.305,45.408,45.482,45.604,45.78,46.008,46.253,46.744,47.86
679,LNP FP,38.353,39.57,39.984,40.19,40.374,40.544,40.728,40.821,40.943,41.059,41.133,41.247,41.344,41.436,41.492,41.558,41.643,41.71,41.783,41.831,41.88,41.966,42.008,42.054,42.111,42.143,42.192,42.244,42.29,42.331,42.371,42.407,42.444,42.482,42.524,42.561,42.619,42.67,42.709,42.754,42.788,42.817,42.863,42.899,42.931,42.959,42.986,43.016,43.051,43.102,43.136,43.178,43.229,43.262,43.301,43.343,43.374,43.411,43.446,43.486,43.532,43.591,43.628,43.659,43.707,43.761,43.796,43.824,43.877,43.924,43.958,44.006,44.052,44.094,44.143,44.196,44.241,44.293,44.341,44.386,44.443,44.487,44.548,44.597,44.647,44.714,44.781,44.869,44.927,44.999,45.057,45.169,45.305,45.408,45.482,45.604,45.78,46.008,46.253,46.744,47.86
680,LNP FP,38.315,39.43,39.915,40.175,40.377,40.572,40.72,40.814,40.931,41.044,41.14,41.238,41.318,41.373,41.449,41.529,41.611,41.665,41.733,41.805,41.873,41.919,41.968,42.023,42.091,42.15,42.197,42.227,42.268,42.308,42.352,42.391,42.431,42.491,42.539,42.58,42.631,42.665,42.711,42.752,42.787,42.822,42.854,42.903,42.941,42.969,43.005,43.043,43.076,43.112,43.165,43.195,43.231,43.261,43.322,43.353,43.392,43.428,43.467,43.517,43.558,43.589,43.621,43.658,43.701,43.741,43.775,43.801,43.853,43.895,43.929,43.972,44.017,44.071,44.124,44.169,44.223,44.268,44.312,44.364,44.414,44.453,44.51,44.577,44.643,44.707,44.793,44.857,44.929,44.995,45.075,45.173,45.269,45.375,45.495,45.648,45.78,45.957,46.19,46.697,47.768
681,LNP FP,38.315,39.43,39.915,40.175,40.377,40.572,40.72,40.814,40.931,41.044,41.14,41.238,41.318,41.373,41.449,41.529,41.611,41.665,41.733,41.805,41.873,41.919,41.968,42.023,42.091,42.15,42.197,42.227,42.268,42.308,42.352,42.391,42.431,42.491,42.539,42.58,42.631,42.665,42.711,42.752,42.787,42.822,42.854,42.903,42.941,42.969,43.005,43.043,43.076,43.112,43.165,43.195,43.231,43.261,43.322,43.353,43.392,43.428,43.467,43.517,43.558,43.589,43.621,43.658,43.701,43.741,43.775,43.801,43.853,43.895,43.929,43.972,44.017,44.071,44.124,44.169,44.223,44.268,44.312,44.364,44.414,44.453,44.51,44.577,44.643,44.707,44.793,44.857,44.929,44.995,45.075,45.173,45.269,45.375,45.495,45.648,45.78,45.957,46.19,46.697,47.768
682,LNP FP,38.473,39.423,39.822,40.14,40.367,40.533,40.697,40.801,40.904,40.996,41.119,41.235,41.331,41.409,41.474,41.545,41.592,41.651,41.702,41.743,41.803,41.883,41.933,42.012,42.068,42.119,42.164,42.23,42.275,42.328,42.372,42.413,42.441,42.475,42.532,42.565,42.618,42.65,42.692,42.724,42.769,42.806,42.847,42.888,42.913,42.965,43.0,43.035,43.067,43.101,43.137,43.178,43.217,43.262,43.3,43.333,43.378,43.416,43.452,43.493,43.515,43.553,43.588,43.624,43.661,43.71,43.76,43.808,43.847,43.898,43.949,44.001,44.057,44.117,44.166,44.193,44.229,44.282,44.326,44.364,44.408,44.461,44.506,44.564,44.618,44.692,44.749,44.835,44.915,45.013,45.08,45.161,45.268,45.385,45.474,45.586,45.727,45.939,46.156,46.769,47.943
683,LNP FP,38.473,39.423,39.822,40.14,40.367,40.533,40.697,40.801,40.904,40.996,41.119,41.235,41.331,41.409,41.474,41.545,41.592,41.651,41.702,41.743,41.803,41.883,41.933,42.012,42.068,42.119,42.164,42.23,42.275,42.328,42.372,42.413,42.441,42.475,42.532,42.565,42.618,42.65,42.692,42.724,42.769,42.806,42.847,42.888,42.913,42.965,43.0,43.035,43.067,43.101,43.137,43.178,43.217,43.262,43.3,43.333,43.378,43.416,43.452,43.493,43.515,43.553,43.588,43.624,43.661,43.71,43.76,43.808,43.847,43.898,43.949,44.001,44.057,44.117,44.166,44.193,44.229,44.282,44.326,44.364,44.408,44.461,44.506,44.564,44.618,44.692,44.749,44.835,44.915,45.013,45.08,45.161,45.268,45.385,45.474,45.586,45.727,45.939,46.156,46.769,47.943
684,LNP FP,38.535,39.357,39.778,40.172,40.377,40.524,40.632,40.759,40.865,40.986,41.115,41.191,41.29,41.379,41.483,41.538,41.634,41.672,41.717,41.781,41.825,41.89,41.953,42.009,42.056,42.099,42.149,42.201,42.251,42.295,42.343,42.389,42.442,42.48,42.533,42.569,42.613,42.651,42.686,42.715,42.763,42.793,42.831,42.866,42.904,42.957,42.995,43.034,43.074,43.106,43.145,43.178,43.211,43.243,43.294,43.326,43.369,43.402,43.438,43.486,43.513,43.554,43.592,43.625,43.658,43.7,43.749,43.797,43.839,43.881,43.918,43.959,44.014,44.053,44.094,44.142,44.191,44.243,44.299,44.352,44.4,44.472,44.523,44.59,44.636,44.724,44.792,44.857,44.93,45.002,45.086,45.181,45.258,45.375,45.507,45.652,45.791,45.966,46.238,46.622,47.72
685,LNP FP,38.535,39.357,39.778,40.172,40.377,40.524,40.632,40.759,40.865,40.986,41.115,41.191,41.29,41.379,41.483,41.538,41.634,41.672,41.717,41.781,41.825,41.89,41.953,42.009,42.056,42.099,42.149,42.201,42.251,42.295,42.343,42.389,42.442,42.48,42.533,42.569,42.613,42.651,42.686,42.715,42.763,42.793,42.831,42.866,42.904,42.957,42.995,43.034,43.074,43.106,43.145,43.178,43.211,43.243,43.294,43.326,43.369,43.402,43.438,43.486,43.513,43.554,43.592,43.625,43.658,43.7,43.749,43.797,43.839,43.881,43.918,43.959,44.014,44.053,44.094,44.142,44.191,44.243,44.299,44.352,44.4,44.472,44.523,44.59,44.636,44.724,44.792,44.857,44.93,45.002,45.086,45.181,45.258,45.375,45.507,45.652,45.791,45.966,46.238,46.622,47.72
686,LNP FP,38.336,39.274,39.826,40.05,40.211,40.435,40.6,40.77,40.877,40.996,41.077,41.169,41.229,41.313,41.4,41.464,41.536,41.606,41.677,41.733,41.793,41.848,41.916,41.963,42.039,42.097,42.14,42.189,42.235,42.277,42.328,42.363,42.413,42.455,42.497,42.542,42.584,42.623,42.667,42.711,42.74,42.778,42.818,42.844,42.878,42.915,42.966,43.011,43.052,43.094,43.13,43.167,43.204,43.249,43.289,43.332,43.365,43.4,43.433,43.472,43.495,43.528,43.568,43.615,43.659,43.695,43.744,43.795,43.836,43.863,43.896,43.937,43.988,44.043,44.092,44.143,44.204,44.24,44.301,44.346,44.407,44.477,44.538,44.614,44.659,44.73,44.78,44.862,44.926,45.011,45.106,45.198,45.302,45.388,45.478,45.623,45.797,45.971,46.22,46.711,47.886
687,LNP FP,38.336,39.274,39.826,40.05,40.211,40.435,40.6,40.77,40.877,40.996,41.077,41.169,41.229,41.313,41.4,41.464,41.536,41.606,41.677,41.733,41.793,41.848,41.916,41.963,42.039,42.097,42.14,42.189,42.235,42.277,42.328,42.363,42.413,42.455,42.497,42.542,42.584,42.623,42.667,42.711,42.74,42.778,42.818,42.844,42.878,42.915,42.966,43.011,43.052,43.094,43.13,43.167,43.204,43.249,43.289,43.332,43.365,43.4,43.433,43.472,43.495,43.528,43.568,43.615,43.659,43.695,43.744,43.795,43.836,43.863,43.896,43.937,43.988,44.043,44.092,44.143,44.204,44.24,44.301,44.346,44.407,44.477,44.538,44.614,44.659,44.73,44.78,44.862,44.926,45.011,45.106,45.198,45.302,45.388,45.478,45.623,45.797,45.971,46.22,46.711,47.886
688,LNP FP,38.573,39.369,39.731,40.012,40.209,40.4,40.517,40.665,40.827,40.933,41.021,41.108,41.172,41.239,41.322,41.413,41.502,41.56,41.631,41.694,41.764,41.808,41.869,41.921,41.988,42.031,42.079,42.116,42.173,42.21,42.269,42.302,42.347,42.402,42.451,42.492,42.536,42.576,42.622,42.658,42.684,42.729,42.773,42.815,42.854,42.901,42.947,42.978,43.02,43.065,43.102,43.129,43.17,43.213,43.248,43.286,43.329,43.367,43.411,43.452,43.493,43.528,43.558,43.596,43.649,43.685,43.722,43.75,43.784,43.832,43.888,43.936,43.988,44.031,44.077,44.123,44.178,44.235,44.288,44.334,44.385,44.439,44.506,44.587,44.638,44.718,44.794,44.868,44.925,44.997,45.084,45.168,45.293,45.382,45.524,45.641,45.803,45.982,46.284,46.762,47.864
689,LNP FP,38.573,39.369,39.731,40.012,40.209,40.4,40.517,40.665,40.827,40.933,41.021,41.108,41.172,41.239,41.322,41.413,41.502,41.56,41.631,41.694,41.764,41.808,41.869,41.921,41.988,42.031,42.079,42.116,42.173,42.21,42.269,42.302,42.347,42.402,42.451,42.492,42.536,42.576,42.622,42.658,42.684,42.729,42.773,42.815,42.854,42.901,42.947,42.978,43.02,43.065,43.102,43.129,43.17,43.213,43.248,43.286,43.329,43.367,43.411,43.452,43.493,43.528,43.558,43.596,43.649,43.685,43.722,43.75,43.784,43.832,43.888,43.936,43.988,44.031,44.077,44.123,44.178,44.235,44.288,44.334,44.385,44.439,44.506,44.587,44.638,44.718,44.794,44.868,44.925,44.997,45.084,45.168,45.293,45.382,45.524,45.641,45.803,45.982,46.284,46.762,47.864
690,LNP FP,38.242,39.206,39.701,39.998,40.217,40.381,40.51,40.664,40.792,40.87,40.98,41.078,41.16,41.248,41.327,41.396,41.483,41.562,41.608,41.663,41.743,41.779,41.827,41.89,41.922,41.96,42.019,42.07,42.12,42.169,42.222,42.26,42.292,42.338,42.38,42.424,42.469,42.513,42.558,42.603,42.653,42.7,42.737,42.792,42.834,42.873,42.915,42.95,42.986,43.023,43.057,43.096,43.147,43.193,43.238,43.286,43.327,43.372,43.395,43.436,43.477,43.531,43.572,43.606,43.643,43.68,43.713,43.749,43.799,43.843,43.89,43.932,43.987,44.032,44.08,44.134,44.187,44.253,44.289,44.336,44.391,44.444,44.509,44.576,44.644,44.707,44.754,44.833,44.91,45.02,45.099,45.208,45.293,45.389,45.5,45.617,45.816,45.975,46.295,46.802,47.914
691,LNP FP,38.242,39.206,39.701,39.998,40.217,40.381,40.51,40.664,40.792,40.87,40.98,41.078,41.16,41.248,41.327,41.396,41.483,41.562,41.608,41.663,41.743,41.779,41.827,41.89,41.922,41.96,42.019,42.07,42.12,42.169,42.222,42.26,42.292,42.338,42.38,42.424,42.469,42.513,42.558,42.603,42.653,42.7,42.737,42.792,42.834,42.873,42.915,42.95,42.986,43.023,43.057,43.096,43.147,43.193,43.238,43.286,43.327,43.372,43.395,43.436,43.477,43.531,43.572,43.606,43.643,43.68,43.713,43.749,43.799,43.843,43.89,43.932,43.987,44.032,44.08,44.134,44.187,44.253,44.289,44.336,44.391,44.444,44.509,44.576,44.644,44.707,44.754,44.833,44.91,45.02,45.099,45.208,45.293,45.389,45.5,45.617,45.816,45.975,46.295,46.802,47.914
692,LNP FP,37.968,39.147,39.68,39.932,40.154,40.322,40.452,40.616,40.74,40.832,40.935,41.008,41.095,41.166,41.242,41.328,41.413,41.499,41.56,41.619,41.676,41.721,41.772,41.826,41.885,41.925,41.965,42.031,42.073,42.122,42.166,42.217,42.252,42.304,42.35,42.401,42.443,42.479,42.526,42.57,42.615,42.652,42.695,42.751,42.783,42.815,42.867,42.916,42.973,43.011,43.066,43.11,43.158,43.199,43.235,43.285,43.318,43.352,43.399,43.443,43.484,43.523,43.571,43.609,43.651,43.693,43.726,43.779,43.81,43.857,43.893,43.933,43.977,44.022,44.063,44.11,44.152,44.223,44.292,44.372,44.431,44.481,44.519,44.577,44.641,44.694,44.775,44.848,44.939,44.999,45.09,45.196,45.282,45.422,45.553,45.673,45.83,46.038,46.24,46.864,47.838
693,LNP FP,37.968,39.147,39.68,39.932,40.154,40.322,40.452,40.616,40.74,40.832,40.935,41.008,41.095,41.166,41.242,41.328,41.413,41.499,41.56,41.619,41.676,41.721,41.772,41.826,41.885,41.925,41.965,42.031,42.073,42.122,42.166,42.217,42.252,42.304,42.35,42.401,42.443,42.479,42.526,42.57,42.615,42.652,42.695,42.751,42.783,42.815,42.867,42.916,42.973,43.011,43.066,43.11,43.158,43.199,43.235,43.285,43.318,43.352,43.399,43.443,43.484,43.523,43.571,43.609,43.651,43.693,43.726,43.779,43.81,43.857,43.893,43.933,43.977,44.022,44.063,44.11,44.152,44.223,44.292,44.372,44.431,44.481,44.519,44.577,44.641,44.694,44.775,44.848,44.939,44.999,45.09,45.196,45.282,45.422,45.553,45.673,45.83,46.038,46.24,46.864,47.838
694,LNP FP,37.866,39.125,39.652,39.88,40.084,40.274,40.41,40.532,40.636,40.803,40.902,40.979,41.071,41.158,41.225,41.296,41.374,41.447,41.515,41.573,41.628,41.675,41.728,41.786,41.847,41.904,41.953,42.01,42.051,42.12,42.179,42.222,42.268,42.313,42.363,42.406,42.442,42.484,42.539,42.591,42.627,42.661,42.704,42.748,42.782,42.826,42.87,42.9,42.937,42.974,43.02,43.056,43.09,43.135,43.187,43.229,43.266,43.3,43.346,43.393,43.433,43.485,43.533,43.584,43.632,43.685,43.717,43.774,43.822,43.876,43.912,43.953,43.99,44.032,44.083,44.123,44.172,44.223,44.273,44.336,44.382,44.436,44.502,44.563,44.625,44.694,44.765,44.825,44.897,44.996,45.112,45.196,45.296,45.409,45.566,45.694,45.874,46.038,46.302,46.796,48.06
695,LNP FP,37.866,39.125,39.652,39.88,40.084,40.274,40.41,40.532,40.636,40.803,40.902,40.979,41.071,41.158,41.225,41.296,41.374,41.447,41.515,41.573,41.628,41.675,41.728,41.786,41.847,41.904,41.953,42.01,42.051,42.12,42.179,42.222,42.268,42.313,42.363,42.406,42.442,42.484,42.539,42.591,42.627,42.661,42.704,42.748,42.782,42.826,42.87,42.9,42.937,42.974,43.02,43.056,43.09,43.135,43.187,43.229,43.266,43.3,43.346,43.393,43.433,43.485,43.533,43.584,43.632,43.685,43.717,43.774,43.822,43.876,43.912,43.953,43.99,44.032,44.083,44.123,44.172,44.223,44.273,44.336,44.382,44.436,44.502,44.563,44.625,44.694,44.765,44.825,44.897,44.996,45.112,45.196,45.296,45.409,45.566,45.694,45.874,46.038,46.302,46.796,48.06
696,LNP FP,37.69,39.181,39.576,39.854,40.104,40.278,40.403,40.53,40.648,40.769,40.875,40.959,41.052,41.142,41.194,41.286,41.347,41.41,41.492,41.557,41.62,41.669,41.727,41.786,41.826,41.878,41.932,41.987,42.023,42.078,42.132,42.194,42.238,42.279,42.323,42.37,42.42,42.476,42.523,42.563,42.613,42.649,42.684,42.739,42.771,42.801,42.848,42.892,42.93,42.965,43.004,43.043,43.077,43.12,43.169,43.22,43.259,43.287,43.342,43.382,43.426,43.47,43.509,43.558,43.598,43.654,43.721,43.76,43.804,43.837,43.882,43.924,43.968,44.019,44.058,44.107,44.152,44.207,44.255,44.305,44.373,44.438,44.489,44.539,44.602,44.686,44.771,44.857,44.952,45.033,45.112,45.206,45.317,45.405,45.515,45.69,45.848,46.065,46.347,46.892,48.107
697,LNP FP,37.69,39.181,39.576,39.854,40.104,40.278,40.403,40.53,40.648,40.769,40.875,40.959,41.052,41.142,41.194,41.286,41.347,41.41,41.492,41.557,41.62,41.669,41.727,41.786,41.826,41.878,41.932,41.987,42.023,42.078,42.132,42.194,42.238,42.279,42.323,42.37,42.42,42.476,42.523,42.563,42.613,42.649,42.684,42.739,42.771,42.801,42.848,42.892,42.93,42.965,43.004,43.043,43.077,43.12,43.169,43.22,43.259,43.287,43.342,43.382,43.426,43.47,43.509,43.558,43.598,43.654,43.721,43.76,43.804,43.837,43.882,43.924,43.968,44.019,44.058,44.107,44.152,44.207,44.255,44.305,44.373,44.438,44.489,44.539,44.602,44.686,44.771,44.857,44.952,45.033,45.112,45.206,45.317,45.405,45.515,45.69,45.848,46.065,46.347,46.892,48.107
698,LNP FP,37.839,39.141,39.619,39.867,40.07,40.223,40.38,40.535,40.612,40.743,40.861,40.956,41.044,41.135,41.213,41.277,41.339,41.396,41.47,41.534,41.577,41.618,41.673,41.751,41.797,41.858,41.894,41.944,41.985,42.034,42.09,42.137,42.183,42.232,42.274,42.334,42.381,42.415,42.457,42.499,42.546,42.586,42.622,42.673,42.719,42.763,42.818,42.858,42.896,42.945,42.988,43.029,43.071,43.118,43.164,43.201,43.238,43.283,43.319,43.355,43.4,43.438,43.481,43.532,43.597,43.659,43.696,43.731,43.775,43.807,43.849,43.888,43.939,43.99,44.041,44.08,44.142,44.195,44.255,44.296,44.357,44.421,44.497,44.553,44.62,44.695,44.781,44.853,44.919,44.99,45.102,45.204,45.281,45.415,45.553,45.664,45.841,46.071,46.423,46.823,48.139
699,LNP FP,37.839,39.141,39.619,39.867,40.07,40.223,40.38,40.535,40.612,40.743,40.861,40.956,41.044,41.135,41.213,41.277,41.339,41.396,41.47,41.534,41.577,41.618,41.673,41.751,41.797,41.858,41.894,41.944,41.985,42.034,42.09,42.137,42.183,42.232,42.274,42.334,42.381,42.415,42.457,42.499,42.546,42.586,42.622,42.673,42.719,42.763,42.818,42.858,42.896,42.945,42.988,43.029,43.071,43.118,43.164,43.201,43.238,43.283,43.319,43.355,43.4,43.438,43.481,43.532,43.597,43.659,43.696,43.731,43.775,43.807,43.849,43.888,43.939,43.99,44.041,44.08,44.142,44.195,44.255,44.296,44.357,44.421,44.497,44.553,44.62,44.695,44.781,44.853,44.919,44.99,45.102,45.204,45.281,45.415,45.553,45.664,45.841,46.071,46.423,46.823,48.139
700,LNP FP,37.761,39.058,39.558,39.835,40.021,40.168,40.362,40.488,40.607,40.715,40.812,40.918,41.009,41.086,41.168,41.256,41.333,41.378,41.437,41.503,41.559,41.627,41.68,41.725,41.765,41.816,41.879,41.918,41.972,42.026,42.077,42.132,42.173,42.228,42.268,42.3,42.332,42.364,42.419,42.467,42.508,42.554,42.592,42.638,42.704,42.754,42.814,42.864,42.893,42.922,42.961,42.995,43.057,43.105,43.142,43.179,43.213,43.264,43.296,43.338,43.385,43.416,43.463,43.499,43.538,43.584,43.648,43.689,43.726,43.784,43.826,43.884,43.932,43.979,44.038,44.073,44.123,44.165,44.225,44.29,44.344,44.407,44.465,44.533,44.604,44.675,44.755,44.843,44.918,44.985,45.086,45.216,45.341,45.471,45.576,45.68,45.892,46.104,46.491,47.017,48.191
701,LNP FP,37.761,39.058,39.558,39.835,40.021,40.168,40.362,40.488,40.607,40.715,40.812,40.918,41.009,41.086,41.168,41.256,41.333,41.378,41.437,41.503,41.559,41.627,41.68,41.725,41.765,41.816,41.879,41.918,41.972,42.026,42.077,42.132,42.173,42.228,42.268,42.3,42.332,42.364,42.419,42.467,42.508,42.554,42.592,42.638,42.704,42.754,42.814,42.864,42.893,42.922,42.961,42.995,43.057,43.105,43.142,43.179,43.213,43.264,43.296,43.338,43.385,43.416,43.463,43.499,43.538,43.584,43.648,43.689,43.726,43.784,43.826,43.884,43.932,43.979,44.038,44.073,44.123,44.165,44.225,44.29,44.344,44.407,44.465,44.533,44.604,44.675,44.755,44.843,44.918,44.985,45.086,45.216,45.341,45.471,45.576,45.68,45.892,46.104,46.491,47.017,48.191
702,LNP FP,37.833,39.037,39.513,39.784,39.969,40.135,40.297,40.474,40.59,40.69,40.785,40.897,40.99,41.054,41.122,41.207,41.302,41.358,41.41,41.469,41.522,41.558,41.603,41.651,41.706,41.778,41.831,41.882,41.941,41.999,42.039,42.078,42.129,42.177,42.215,42.262,42.317,42.354,42.406,42.434,42.478,42.517,42.57,42.624,42.661,42.71,42.754,42.827,42.868,42.91,42.943,42.99,43.03,43.094,43.123,43.165,43.208,43.236,43.273,43.324,43.371,43.417,43.467,43.511,43.561,43.603,43.656,43.699,43.75,43.797,43.843,43.879,43.931,43.973,44.02,44.07,44.12,44.169,44.214,44.271,44.332,44.383,44.446,44.502,44.569,44.633,44.695,44.767,44.853,44.991,45.07,45.173,45.271,45.38,45.56,45.683,45.885,46.111,46.369,46.871,48.059
703,LNP FP,37.833,39.037,39.513,39.784,39.969,40.135,40.297,40.474,40.59,40.69,40.785,40.897,40.99,41.054,41.122,41.207,41.302,41.358,41.41,41.469,41.522,41.558,41.603,41.651,41.706,41.778,41.831,41.882,41.941,41.999,42.039,42.078,42.129,42.177,42.215,42.262,42.317,42.354,42.406,42.434,42.478,42.517,42.57,42.624,42.661,42.71,42.754,42.827,42.868,42.91,42.943,42.99,43.03,43.094,43.123,43.165,43.208,43.236,43.273,43.324,43.371,43.417,43.467,43.511,43.561,43.603,43.656,43.699,43.75,43.797,43.843,43.879,43.931,43.973,44.02,44.07,44.12,44.169,44.214,44.271,44.332,44.383,44.446,44.502,44.569,44.633,44.695,44.767,44.853,44.991,45.07,45.173,45.271,45.38,45.56,45.683,45.885,46.111,46.369,46.871,48.059
704,LNP FP,37.765,38.876,39.407,39.682,39.932,40.118,40.255,40.367,40.496,40.634,40.729,40.845,40.92,41.003,41.088,41.156,41.23,41.303,41.37,41.429,41.475,41.53,41.593,41.634,41.673,41.737,41.786,41.843,41.9,41.935,41.998,42.054,42.12,42.163,42.205,42.242,42.302,42.347,42.388,42.427,42.474,42.518,42.576,42.626,42.667,42.712,42.757,42.798,42.846,42.869,42.909,42.964,43.01,43.051,43.095,43.125,43.165,43.217,43.256,43.297,43.353,43.402,43.446,43.5,43.535,43.585,43.621,43.66,43.72,43.764,43.801,43.851,43.911,43.983,44.036,44.073,44.128,44.182,44.241,44.29,44.349,44.399,44.447,44.502,44.572,44.641,44.712,44.777,44.847,45.017,45.09,45.199,45.321,45.422,45.567,45.729,45.887,46.11,46.353,46.829,48.308
705,LNP FP,37.765,38.876,39.407,39.682,39.932,40.118,40.255,40.367,40.496,40.634,40.729,40.845,40.92,41.003,41.088,41.156,41.23,41.303,41.37,41.429,41.475,41.53,41.593,41.634,41.673,41.737,41.786,41.843,41.9,41.935,41.998,42.054,42.12,42.163,42.205,42.242,42.302,42.347,42.388,42.427,42.474,42.518,42.576,42.626,42.667,42.712,42.757,42.798,42.846,42.869,42.909,42.964,43.01,43.051,43.095,43.125,43.165,43.217,43.256,43.297,43.353,43.402,43.446,43.5,43.535,43.585,43.621,43.66,43.72,43.764,43.801,43.851,43.911,43.983,44.036,44.073,44.128,44.182,44.241,44.29,44.349,44.399,44.447,44.502,44.572,44.641,44.712,44.777,44.847,45.017,45.09,45.199,45.321,45.422,45.567,45.729,45.887,46.11,46.353,46.829,48.308
706,LNP FP,37.724,38.847,39.407,39.691,39.912,40.074,40.213,40.363,40.532,40.613,40.711,40.808,40.894,41.002,41.094,41.167,41.23,41.306,41.37,41.424,41.482,41.534,41.591,41.65,41.696,41.772,41.82,41.867,41.918,41.974,42.018,42.068,42.11,42.138,42.183,42.229,42.274,42.315,42.358,42.415,42.451,42.511,42.561,42.604,42.654,42.701,42.754,42.797,42.828,42.867,42.906,42.949,42.994,43.037,43.075,43.118,43.166,43.205,43.235,43.287,43.333,43.382,43.416,43.475,43.512,43.553,43.609,43.651,43.698,43.745,43.795,43.849,43.892,43.947,43.989,44.045,44.102,44.145,44.19,44.25,44.305,44.366,44.415,44.498,44.575,44.643,44.735,44.808,44.895,44.997,45.087,45.23,45.332,45.449,45.564,45.728,45.891,46.086,46.374,46.876,48.368
707,LNP FP,37.724,38.847,39.407,39.691,39.912,40.074,40.213,40.363,40.532,40.613,40.711,40.808,40.894,41.002,41.094,41.167,41.23,41.306,41.37,41.424,41.482,41.534,41.591,41.65,41.696,41.772,41.82,41.867,41.918,41.974,42.018,42.068,42.11,42.138,42.183,42.229,42.274,42.315,42.358,42.415,42.451,42.511,42.561,42.604,42.654,42.701,42.754,42.797,42.828,42.867,42.906,42.949,42.994,43.037,43.075,43.118,43.166,43.205,43.235,43.287,43.333,43.382,43.416,43.475,43.512,43.553,43.609,43.651,43.698,43.745,43.795,43.849,43.892,43.947,43.989,44.045,44.102,44.145,44.19,44.25,44.305,44.366,44.415,44.498,44.575,44.643,44.735,44.808,44.895,44.997,45.087,45.23,45.332,45.449,45.564,45.728,45.891,46.086,46.374,46.876,48.368
708,LNP FP,37.433,38.85,39.347,39.612,39.794,39.998,40.179,40.329,40.456,40.577,40.675,40.775,40.826,40.938,41.007,41.109,41.182,41.25,41.327,41.375,41.451,41.516,41.564,41.608,41.663,41.733,41.789,41.83,41.872,41.927,41.971,42.024,42.082,42.117,42.156,42.2,42.244,42.289,42.321,42.366,42.418,42.475,42.515,42.561,42.625,42.666,42.707,42.744,42.786,42.829,42.884,42.927,42.969,43.001,43.043,43.079,43.118,43.161,43.205,43.256,43.313,43.381,43.41,43.449,43.492,43.544,43.595,43.628,43.668,43.726,43.772,43.823,43.876,43.933,43.979,44.023,44.063,44.131,44.197,44.261,44.315,44.384,44.435,44.502,44.574,44.646,44.713,44.791,44.88,44.988,45.092,45.211,45.309,45.423,45.553,45.65,45.877,46.094,46.364,46.949,48.419
709,LNP FP,37.433,38.85,39.347,39.612,39.794,39.998,40.179,40.329,40.456,40.577,40.675,40.775,40.826,40.938,41.007,41.109,41.182,41.25,41.327,41.375,41.451,41.516,41.564,41.608,41.663,41.733,41.789,41.83,41.872,41.927,41.971,42.024,42.082,42.117,42.156,42.2,42.244,42.289,42.321,42.366,42.418,42.475,42.515,42.561,42.625,42.666,42.707,42.744,42.786,42.829,42.884,42.927,42.969,43.001,43.043,43.079,43.118,43.161,43.205,43.256,43.313,43.381,43.41,43.449,43.492,43.544,43.595,43.628,43.668,43.726,43.772,43.823,43.876,43.933,43.979,44.023,44.063,44.131,44.197,44.261,44.315,44.384,44.435,44.502,44.574,44.646,44.713,44.791,44.88,44.988,45.092,45.211,45.309,45.423,45.553,45.65,45.877,46.094,46.364,46.949,48.419
710,LNP FP,37.612,38.897,39.341,39.615,39.85,40.037,40.107,40.284,40.403,40.516,40.611,40.73,40.868,40.953,41.023,41.092,41.152,41.229,41.294,41.352,41.4,41.464,41.534,41.57,41.62,41.663,41.702,41.778,41.842,41.881,41.93,41.979,42.029,42.092,42.153,42.201,42.249,42.299,42.326,42.383,42.431,42.487,42.537,42.58,42.641,42.685,42.719,42.761,42.803,42.846,42.898,42.932,42.975,43.016,43.045,43.1,43.14,43.177,43.225,43.258,43.301,43.365,43.403,43.449,43.495,43.552,43.59,43.631,43.671,43.715,43.775,43.819,43.885,43.92,43.959,44.011,44.062,44.115,44.177,44.23,44.3,44.358,44.429,44.49,44.553,44.64,44.709,44.792,44.871,44.945,45.042,45.157,45.242,45.357,45.517,45.693,45.838,46.079,46.399,46.824,48.282
711,LNP FP,37.612,38.897,39.341,39.615,39.85,40.037,40.107,40.284,40.403,40.516,40.611,40.73,40.868,40.953,41.023,41.092,41.152,41.229,41.294,41.352,41.4,41.464,41.534,41.57,41.62,41.663,41.702,41.778,41.842,41.881,41.93,41.979,42.029,42.092,42.153,42.201,42.249,42.299,42.326,42.383,42.431,42.487,42.537,42.58,42.641,42.685,42.719,42.761,42.803,42.846,42.898,42.932,42.975,43.016,43.045,43.1,43.14,43.177,43.225,43.258,43.301,43.365,43.403,43.449,43.495,43.552,43.59,43.631,43.671,43.715,43.775,43.819,43.885,43.92,43.959,44.011,44.062,44.115,44.177,44.23,44.3,44.358,44.429,44.49,44.553,44.64,44.709,44.792,44.871,44.945,45.042,45.157,45.242,45.357,45.517,45.693,45.838,46.079,46.399,46.824,48.282
712,LNP FP,37.843,38.845,39.265,39.609,39.838,39.987,40.139,40.259,40.37,40.53,40.619,40.739,40.838,40.907,40.979,41.045,41.103,41.161,41.225,41.293,41.354,41.4,41.461,41.516,41.581,41.634,41.7,41.747,41.793,41.849,41.898,41.959,42.032,42.077,42.125,42.172,42.218,42.254,42.326,42.372,42.413,42.472,42.512,42.552,42.587,42.638,42.697,42.74,42.77,42.824,42.873,42.923,42.957,43.007,43.064,43.107,43.14,43.182,43.227,43.267,43.316,43.356,43.402,43.446,43.494,43.531,43.563,43.603,43.639,43.696,43.755,43.803,43.844,43.913,43.958,44.002,44.075,44.139,44.196,44.246,44.293,44.351,44.416,44.494,44.573,44.651,44.716,44.786,44.865,44.962,45.04,45.165,45.255,45.391,45.518,45.637,45.813,46.069,46.384,46.847,48.54
713,LNP FP,37.843,38.845,39.265,39.609,39.838,39.987,40.139,40.259,40.37,40.53,40.619,40.739,40.838,40.907,40.979,41.045,41.103,41.161,41.225,41.293,41.354,41.4,41.461,41.516,41.581,41.634,41.7,41.747,41.793,41.849,41.898,41.959,42.032,42.077,42.125,42.172,42.218,42.254,42.326,42.372,42.413,42.472,42.512,42.552,42.587,42.638,42.697,42.74,42.77,42.824,42.873,42.923,42.957,43.007,43.064,43.107,43.14,43.182,43.227,43.267,43.316,43.356,43.402,43.446,43.494,43.531,43.563,43.603,43.639,43.696,43.755,43.803,43.844,43.913,43.958,44.002,44.075,44.139,44.196,44.246,44.293,44.351,44.416,44.494,44.573,44.651,44.716,44.786,44.865,44.962,45.04,45.165,45.255,45.391,45.518,45.637,45.813,46.069,46.384,46.847,48.54
714,LNP FP,37.604,38.87,39.264,39.571,39.767,39.961,40.158,40.29,40.406,40.505,40.588,40.68,40.774,40.883,40.95,41.007,41.076,41.181,41.241,41.299,41.36,41.413,41.466,41.538,41.608,41.653,41.691,41.756,41.795,41.85,41.888,41.934,41.986,42.03,42.073,42.141,42.192,42.245,42.289,42.35,42.411,42.456,42.506,42.556,42.596,42.639,42.676,42.725,42.759,42.82,42.863,42.914,42.975,43.015,43.046,43.082,43.125,43.17,43.205,43.241,43.283,43.322,43.367,43.408,43.451,43.491,43.557,43.603,43.643,43.697,43.741,43.797,43.846,43.895,43.954,44.005,44.062,44.124,44.168,44.223,44.269,44.332,44.402,44.473,44.541,44.613,44.68,44.76,44.867,44.972,45.062,45.163,45.271,45.377,45.527,45.649,45.824,46.083,46.362,46.721,48.655
715,LNP FP,37.604,38.87,39.264,39.571,39.767,39.961,40.158,40.29,40.406,40.505,40.588,40.68,40.774,40.883,40.95,41.007,41.076,41.181,41.241,41.299,41.36,41.413,41.466,41.538,41.608,41.653,41.691,41.756,41.795,41.85,41.888,41.934,41.986,42.03,42.073,42.141,42.192,42.245,42.289,42.35,42.411,42.456,42.506,42.556,42.596,42.639,42.676,42.725,42.759,42.82,42.863,42.914,42.975,43.015,43.046,43.082,43.125,43.17,43.205,43.241,43.283,43.322,43.367,43.408,43.451,43.491,43.557,43.603,43.643,43.697,43.741,43.797,43.846,43.895,43.954,44.005,44.062,44.124,44.168,44.223,44.269,44.332,44.402,44.473,44.541,44.613,44.68,44.76,44.867,44.972,45.062,45.163,45.271,45.377,45.527,45.649,45.824,46.083,46.362,46.721,48.655
716,LNP FP,37.7,38.734,39.222,39.495,39.763,39.959,40.114,40.267,40.384,40.499,40.592,40.689,40.744,40.848,40.93,41.008,41.072,41.145,41.206,41.267,41.314,41.354,41.431,41.502,41.561,41.618,41.675,41.724,41.781,41.846,41.889,41.937,41.982,42.027,42.073,42.137,42.181,42.235,42.28,42.344,42.387,42.448,42.501,42.534,42.58,42.634,42.676,42.705,42.747,42.786,42.83,42.872,42.92,42.967,43.027,43.07,43.109,43.151,43.188,43.237,43.274,43.31,43.357,43.403,43.45,43.498,43.547,43.603,43.644,43.699,43.75,43.788,43.839,43.895,43.939,43.992,44.035,44.094,44.152,44.198,44.24,44.297,44.368,44.435,44.503,44.576,44.66,44.735,44.835,44.914,45.054,45.172,45.278,45.42,45.544,45.691,45.858,46.017,46.376,46.769,48.489
717,LNP FP,37.7,38.734,39.222,39.495,39.763,39.959,40.114,40.267,40.384,40.499,40.592,40.689,40.744,40.848,40.93,41.008,41.072,41.145,41.206,41.267,41.314,41.354,41.431,41.502,41.561,41.618,41.675,41.724,41.781,41.846,41.889,41.937,41.982,42.027,42.073,42.137,42.181,42.235,42.28,42.344,42.387,42.448,42.501,42.534,42.58,42.634,42.676,42.705,42.747,42.786,42.83,42.872,42.92,42.967,43.027,43.07,43.109,43.151,43.188,43.237,43.274,43.31,43.357,43.403,43.45,43.498,43.547,43.603,43.644,43.699,43.75,43.788,43.839,43.895,43.939,43.992,44.035,44.094,44.152,44.198,44.24,44.297,44.368,44.435,44.503,44.576,44.66,44.735,44.835,44.914,45.054,45.172,45.278,45.42,45.544,45.691,45.858,46.017,46.376,46.769,48.489
718,LNP FP,37.415,38.716,39.136,39.53,39.805,39.994,40.129,40.265,40.4,40.5,40.591,40.687,40.782,40.842,40.925,40.981,41.034,41.109,41.187,41.246,41.324,41.39,41.436,41.491,41.557,41.616,41.695,41.749,41.794,41.844,41.891,41.928,41.968,42.026,42.074,42.119,42.167,42.228,42.263,42.301,42.337,42.384,42.427,42.481,42.519,42.571,42.612,42.67,42.72,42.768,42.813,42.85,42.896,42.945,43.002,43.043,43.077,43.117,43.158,43.205,43.251,43.307,43.357,43.413,43.461,43.51,43.551,43.598,43.634,43.682,43.723,43.779,43.841,43.889,43.931,43.987,44.047,44.101,44.147,44.215,44.274,44.346,44.396,44.464,44.539,44.591,44.665,44.744,44.844,44.91,45.015,45.131,45.243,45.391,45.505,45.656,45.85,46.112,46.437,46.86,48.809
719,LNP FP,37.415,38.716,39.136,39.53,39.805,39.994,40.129,40.265,40.4,40.5,40.591,40.687,40.782,40.842,40.925,40.981,41.034,41.109,41.187,41.246,41.324,41.39,41.436,41.491,41.557,41.616,41.695,41.749,41.794,41.844,41.891,41.928,41.968,42.026,42.074,42.119,42.167,42.228,42.263,42.301,42.337,42.384,42.427,42.481,42.519,42.571,42.612,42.67,42.72,42.768,42.813,42.85,42.896,42.945,43.002,43.043,43.077,43.117,43.158,43.205,43.251,43.307,43.357,43.413,43.461,43.51,43.551,43.598,43.634,43.682,43.723,43.779,43.841,43.889,43.931,43.987,44.047,44.101,44.147,44.215,44.274,44.346,44.396,44.464,44.539,44.591,44.665,44.744,44.844,44.91,45.015,45.131,45.243,45.391,45.505,45.656,45.85,46.112,46.437,46.86,48.809
720,LNP FP,37.356,38.674,39.184,39.496,39.759,39.964,40.097,40.24,40.366,40.483,40.565,40.631,40.712,40.802,40.895,40.994,41.063,41.128,41.176,41.237,41.319,41.367,41.417,41.484,41.568,41.61,41.654,41.704,41.758,41.811,41.856,41.906,41.949,41.995,42.064,42.108,42.158,42.199,42.244,42.286,42.356,42.398,42.44,42.501,42.556,42.599,42.643,42.697,42.734,42.79,42.826,42.861,42.909,42.936,42.981,43.019,43.076,43.118,43.149,43.184,43.228,43.26,43.312,43.353,43.407,43.458,43.515,43.564,43.605,43.655,43.713,43.774,43.832,43.877,43.931,43.998,44.046,44.097,44.166,44.213,44.295,44.366,44.433,44.496,44.581,44.65,44.716,44.775,44.869,44.965,45.036,45.142,45.232,45.361,45.479,45.621,45.843,46.115,46.354,46.932,48.618
721,LNP FP,37.356,38.674,39.184,39.496,39.759,39.964,40.097,40.24,40.366,40.483,40.565,40.631,40.712,40.802,40.895,40.994,41.063,41.128,41.176,41.237,41.319,41.367,41.417,41.484,41.568,41.61,41.654,41.704,41.758,41.811,41.856,41.906,41.949,41.995,42.064,42.108,42.158,42.199,42.244,42.286,42.356,42.398,42.44,42.501,42.556,42.599,42.643,42.697,42.734,42.79,42.826,42.861,42.909,42.936,42.981,43.019,43.076,43.118,43.149,43.184,43.228,43.26,43.312,43.353,43.407,43.458,43.515,43.564,43.605,43.655,43.713,43.774,43.832,43.877,43.931,43.998,44.046,44.097,44.166,44.213,44.295,44.366,44.433,44.496,44.581,44.65,44.716,44.775,44.869,44.965,45.036,45.142,45.232,45.361,45.479,45.621,45.843,46.115,46.354,46.932,48.618
722,LNP FP,37.495,38.567,39.08,39.489,39.716,39.891,40.088,40.21,40.316,40.434,40.551,40.627,40.704,40.808,40.902,40.98,41.073,41.137,41.198,41.261,41.306,41.348,41.392,41.449,41.521,41.579,41.657,41.707,41.755,41.813,41.859,41.908,41.959,41.997,42.038,42.091,42.139,42.195,42.238,42.283,42.328,42.375,42.406,42.457,42.508,42.557,42.616,42.661,42.72,42.758,42.802,42.843,42.886,42.934,42.975,43.019,43.064,43.099,43.146,43.195,43.235,43.276,43.327,43.365,43.406,43.453,43.497,43.53,43.571,43.623,43.676,43.726,43.767,43.833,43.906,43.945,44.024,44.091,44.173,44.232,44.281,44.342,44.425,44.49,44.571,44.656,44.72,44.788,44.86,44.956,45.023,45.128,45.248,45.355,45.489,45.615,45.854,46.127,46.425,46.887,48.655
723,LNP FP,37.495,38.567,39.08,39.489,39.716,39.891,40.088,40.21,40.316,40.434,40.551,40.627,40.704,40.808,40.902,40.98,41.073,41.137,41.198,41.261,41.306,41.348,41.392,41.449,41.521,41.579,41.657,41.707,41.755,41.813,41.859,41.908,41.959,41.997,42.038,42.091,42.139,42.195,42.238,42.283,42.328,42.375,42.406,42.457,42.508,42.557,42.616,42.661,42.72,42.758,42.802,42.843,42.886,42.934,42.975,43.019,43.064,43.099,43.146,43.195,43.235,43.276,43.327,43.365,43.406,43.453,43.497,43.53,43.571,43.623,43.676,43.726,43.767,43.833,43.906,43.945,44.024,44.091,44.173,44.232,44.281,44.342,44.425,44.49,44.571,44.656,44.72,44.788,44.86,44.956,45.023,45.128,45.248,45.355,45.489,45.615,45.854,46.127,46.425,46.887,48.655
724,LNP FP,37.604,38.587,39.148,39.435,39.668,39.899,40.082,40.215,40.347,40.416,40.519,40.63,40.703,40.773,40.872,40.979,41.038,41.101,41.154,41.227,41.307,41.363,41.437,41.491,41.54,41.596,41.642,41.672,41.734,41.791,41.826,41.859,41.905,41.957,41.999,42.051,42.091,42.133,42.208,42.26,42.303,42.339,42.403,42.445,42.482,42.535,42.578,42.627,42.685,42.716,42.753,42.8,42.851,42.89,42.95,42.998,43.04,43.084,43.122,43.155,43.2,43.238,43.288,43.315,43.361,43.411,43.457,43.494,43.556,43.605,43.648,43.709,43.767,43.825,43.879,43.941,43.984,44.034,44.116,44.17,44.27,44.337,44.406,44.458,44.537,44.602,44.684,44.743,44.834,44.91,45.024,45.099,45.222,45.396,45.493,45.691,45.865,46.079,46.493,46.919,48.071
725,LNP FP,37.604,38.587,39.148,39.435,39.668,39.899,40.082,40.215,40.347,40.416,40.519,40.63,40.703,40.773,40.872,40.979,41.038,41.101,41.154,41.227,41.307,41.363,41.437,41.491,41.54,41.596,41.642,41.672,41.734,41.791,41.826,41.859,41.905,41.957,41.999,42.051,42.091,42.133,42.208,42.26,42.303,42.339,42.403,42.445,42.482,42.535,42.578,42.627,42.685,42.716,42.753,42.8,42.851,42.89,42.95,42.998,43.04,43.084,43.122,43.155,43.2,43.238,43.288,43.315,43.361,43.411,43.457,43.494,43.556,43.605,43.648,43.709,43.767,43.825,43.879,43.941,43.984,44.034,44.116,44.17,44.27,44.337,44.406,44.458,44.537,44.602,44.684,44.743,44.834,44.91,45.024,45.099,45.222,45.396,45.493,45.691,45.865,46.079,46.493,46.919,48.071
726,LNP FP,37.614,38.529,39.121,39.39,39.692,39.884,40.034,40.159,40.237,40.356,40.452,40.583,40.675,40.762,40.83,40.887,40.975,41.064,41.123,41.201,41.264,41.335,41.397,41.462,41.509,41.568,41.622,41.675,41.732,41.776,41.815,41.869,41.916,41.965,42.003,42.047,42.097,42.152,42.187,42.242,42.304,42.347,42.386,42.449,42.487,42.528,42.564,42.606,42.655,42.706,42.752,42.793,42.838,42.879,42.915,42.952,42.985,43.026,43.075,43.109,43.167,43.211,43.266,43.316,43.362,43.411,43.458,43.507,43.553,43.607,43.659,43.702,43.775,43.836,43.886,43.936,43.981,44.026,44.075,44.146,44.208,44.305,44.386,44.459,44.521,44.599,44.65,44.714,44.816,44.898,45.01,45.121,45.206,45.342,45.484,45.646,45.795,46.064,46.393,46.819,48.241
727,LNP FP,37.614,38.529,39.121,39.39,39.692,39.884,40.034,40.159,40.237,40.356,40.452,40.583,40.675,40.762,40.83,40.887,40.975,41.064,41.123,41.201,41.264,41.335,41.397,41.462,41.509,41.568,41.622,41.675,41.732,41.776,41.815,41.869,41.916,41.965,42.003,42.047,42.097,42.152,42.187,42.242,42.304,42.347,42.386,42.449,42.487,42.528,42.564,42.606,42.655,42.706,42.752,42.793,42.838,42.879,42.915,42.952,42.985,43.026,43.075,43.109,43.167,43.211,43.266,43.316,43.362,43.411,43.458,43.507,43.553,43.607,43.659,43.702,43.775,43.836,43.886,43.936,43.981,44.026,44.075,44.146,44.208,44.305,44.386,44.459,44.521,44.599,44.65,44.714,44.816,44.898,45.01,45.121,45.206,45.342,45.484,45.646,45.795,46.064,46.393,46.819,48.241
728,LNP FP,37.532,38.656,39.078,39.324,39.588,39.8,40.011,40.14,40.237,40.365,40.47,40.55,40.639,40.735,40.822,40.904,40.982,41.077,41.138,41.188,41.241,41.28,41.341,41.404,41.453,41.512,41.562,41.619,41.7,41.749,41.797,41.849,41.901,41.956,42.005,42.045,42.091,42.154,42.205,42.248,42.299,42.331,42.371,42.402,42.453,42.498,42.537,42.586,42.629,42.672,42.717,42.76,42.79,42.844,42.896,42.95,42.985,43.031,43.081,43.128,43.174,43.21,43.253,43.299,43.349,43.388,43.437,43.484,43.529,43.587,43.646,43.689,43.74,43.786,43.835,43.903,43.965,44.009,44.069,44.125,44.175,44.244,44.308,44.412,44.48,44.546,44.633,44.697,44.769,44.846,44.935,45.061,45.18,45.298,45.49,45.638,45.815,46.004,46.313,46.783,48.206
729,LNP FP,37.532,38.656,39.078,39.324,39.588,39.8,40.011,40.14,40.237,40.365,40.47,40.55,40.639,40.735,40.822,40.904,40.982,41.077,41.138,41.188,41.241,41.28,41.341,41.404,41.453,41.512,41.562,41.619,41.7,41.749,41.797,41.849,41.901,41.956,42.005,42.045,42.091,42.154,42.205,42.248,42.299,42.331,42.371,42.402,42.453,42.498,42.537,42.586,42.629,42.672,42.717,42.76,42.79,42.844,42.896,42.95,42.985,43.031,43.081,43.128,43.174,43.21,43.253,43.299,43.349,43.388,43.437,43.484,43.529,43.587,43.646,43.689,43.74,43.786,43.835,43.903,43.965,44.009,44.069,44.125,44.175,44.244,44.308,44.412,44.48,44.546,44.633,44.697,44.769,44.846,44.935,45.061,45.18,45.298,45.49,45.638,45.815,46.004,46.313,46.783,48.206
730,LNP FP,37.356,38.598,39.039,39.297,39.58,39.759,39.939,40.117,40.228,40.332,40.451,40.574,40.656,40.729,40.823,40.907,40.976,41.031,41.11,41.156,41.222,41.292,41.354,41.424,41.466,41.523,41.56,41.614,41.665,41.709,41.764,41.818,41.862,41.929,41.973,42.018,42.062,42.108,42.153,42.202,42.252,42.3,42.335,42.379,42.433,42.469,42.519,42.577,42.622,42.662,42.702,42.743,42.791,42.846,42.9,42.955,42.989,43.031,43.074,43.114,43.148,43.19,43.222,43.277,43.319,43.368,43.409,43.459,43.49,43.53,43.581,43.638,43.675,43.73,43.771,43.849,43.913,43.976,44.051,44.112,44.184,44.248,44.329,44.392,44.456,44.52,44.58,44.658,44.731,44.821,44.948,45.043,45.174,45.29,45.429,45.588,45.781,46.015,46.351,46.73,47.906
731,LNP FP,37.356,38.598,39.039,39.297,39.58,39.759,39.939,40.117,40.228,40.332,40.451,40.574,40.656,40.729,40.823,40.907,40.976,41.031,41.11,41.156,41.222,41.292,41.354,41.424,41.466,41.523,41.56,41.614,41.665,41.709,41.764,41.818,41.862,41.929,41.973,42.018,42.062,42.108,42.153,42.202,42.252,42.3,42.335,42.379,42.433,42.469,42.519,42.577,42.622,42.662,42.702,42.743,42.791,42.846,42.9,42.955,42.989,43.031,43.074,43.114,43.148,43.19,43.222,43.277,43.319,43.368,43.409,43.459,43.49,43.53,43.581,43.638,43.675,43.73,43.771,43.849,43.913,43.976,44.051,44.112,44.184,44.248,44.329,44.392,44.456,44.52,44.58,44.658,44.731,44.821,44.948,45.043,45.174,45.29,45.429,45.588,45.781,46.015,46.351,46.73,47.906
732,LNP FP,37.444,38.561,38.992,39.372,39.564,39.747,39.934,40.098,40.197,40.33,40.413,40.508,40.62,40.717,40.79,40.885,40.963,41.028,41.093,41.16,41.208,41.275,41.35,41.425,41.479,41.52,41.577,41.618,41.662,41.715,41.776,41.823,41.863,41.898,41.942,41.996,42.041,42.083,42.131,42.173,42.228,42.264,42.311,42.347,42.384,42.421,42.47,42.524,42.58,42.632,42.684,42.732,42.777,42.832,42.876,42.913,42.962,43.002,43.056,43.098,43.144,43.195,43.234,43.264,43.309,43.353,43.413,43.458,43.497,43.55,43.608,43.661,43.706,43.761,43.811,43.866,43.914,43.982,44.017,44.081,44.156,44.246,44.311,44.376,44.427,44.481,44.58,44.658,44.725,44.806,44.902,45.008,45.138,45.256,45.44,45.57,45.735,45.985,46.252,46.75,48.059
733,LNP FP,37.444,38.561,38.992,39.372,39.564,39.747,39.934,40.098,40.197,40.33,40.413,40.508,40.62,40.717,40.79,40.885,40.963,41.028,41.093,41.16,41.208,41.275,41.35,41.425,41.479,41.52,41.577,41.618,41.662,41.715,41.776,41.823,41.863,41.898,41.942,41.996,42.041,42.083,42.131,42.173,42.228,42.264,42.311,42.347,42.384,42.421,42.47,42.524,42.58,42.632,42.684,42.732,42.777,42.832,42.876,42.913,42.962,43.002,43.056,43.098,43.144,43.195,43.234,43.264,43.309,43.353,43.413,43.458,43.497,43.55,43.608,43.661,43.706,43.761,43.811,43.866,43.914,43.982,44.017,44.081,44.156,44.246,44.311,44.376,44.427,44.481,44.58,44.658,44.725,44.806,44.902,45.008,45.138,45.256,45.44,45.57,45.735,45.985,46.252,46.75,48.059
734,LNP FP,37.366,38.514,39.081,39.421,39.576,39.771,39.897,40.045,40.21,40.344,40.422,40.528,40.62,40.738,40.812,40.879,40.956,41.01,41.086,41.152,41.219,41.27,41.333,41.387,41.446,41.502,41.547,41.589,41.638,41.694,41.742,41.795,41.838,41.88,41.935,41.974,42.012,42.053,42.1,42.144,42.196,42.258,42.298,42.348,42.391,42.436,42.483,42.528,42.575,42.623,42.666,42.704,42.744,42.801,42.84,42.901,42.957,43.011,43.065,43.1,43.131,43.168,43.213,43.26,43.296,43.349,43.396,43.461,43.524,43.569,43.61,43.663,43.718,43.755,43.804,43.869,43.915,43.997,44.064,44.112,44.174,44.226,44.295,44.365,44.434,44.485,44.572,44.636,44.748,44.865,44.954,45.046,45.166,45.266,45.397,45.517,45.686,45.959,46.274,46.746,47.759
735,LNP FP,37.366,38.514,39.081,39.421,39.576,39.771,39.897,40.045,40.21,40.344,40.422,40.528,40.62,40.738,40.812,40.879,40.956,41.01,41.086,41.152,41.219,41.27,41.333,41.387,41.446,41.502,41.547,41.589,41.638,41.694,41.742,41.795,41.838,41.88,41.935,41.974,42.012,42.053,42.1,42.144,42.196,42.258,42.298,42.348,42.391,42.436,42.483,42.528,42.575,42.623,42.666,42.704,42.744,42.801,42.84,42.901,42.957,43.011,43.065,43.1,43.131,43.168,43.213,43.26,43.296,43.349,43.396,43.461,43.524,43.569,43.61,43.663,43.718,43.755,43.804,43.869,43.915,43.997,44.064,44.112,44.174,44.226,44.295,44.365,44.434,44.485,44.572,44.636,44.748,44.865,44.954,45.046,45.166,45.266,45.397,45.517,45.686,45.959,46.274,46.746,47.759
736,LNP FP,37.273,38.503,39.006,39.309,39.611,39.798,39.937,40.105,40.235,40.344,40.419,40.513,40.611,40.695,40.777,40.843,40.91,40.96,41.025,41.111,41.177,41.224,41.296,41.355,41.406,41.455,41.5,41.571,41.614,41.672,41.716,41.758,41.801,41.852,41.894,41.941,41.979,42.024,42.064,42.123,42.178,42.221,42.273,42.324,42.371,42.425,42.462,42.512,42.545,42.589,42.65,42.686,42.743,42.781,42.833,42.88,42.931,42.969,43.01,43.058,43.112,43.165,43.209,43.275,43.317,43.35,43.393,43.442,43.509,43.554,43.6,43.65,43.702,43.727,43.793,43.849,43.905,43.962,44.022,44.072,44.119,44.2,44.267,44.338,44.426,44.504,44.599,44.684,44.763,44.842,44.91,45.034,45.114,45.238,45.361,45.544,45.713,45.943,46.199,46.829,48.031
737,LNP FP,37.273,38.503,39.006,39.309,39.611,39.798,39.937,40.105,40.235,40.344,40.419,40.513,40.611,40.695,40.777,40.843,40.91,40.96,41.025,41.111,41.177,41.224,41.296,41.355,41.406,41.455,41.5,41.571,41.614,41.672,41.716,41.758,41.801,41.852,41.894,41.941,41.979,42.024,42.064,42.123,42.178,42.221,42.273,42.324,42.371,42.425,42.462,42.512,42.545,42.589,42.65,42.686,42.743,42.781,42.833,42.88,42.931,42.969,43.01,43.058,43.112,43.165,43.209,43.275,43.317,43.35,43.393,43.442,43.509,43.554,43.6,43.65,43.702,43.727,43.793,43.849,43.905,43.962,44.022,44.072,44.119,44.2,44.267,44.338,44.426,44.504,44.599,44.684,44.763,44.842,44.91,45.034,45.114,45.238,45.361,45.544,45.713,45.943,46.199,46.829,48.031
738,LNP FP,37.163,38.459,38.969,39.257,39.559,39.791,39.933,40.064,40.182,40.275,40.373,40.481,40.574,40.656,40.74,40.809,40.877,40.963,41.062,41.125,41.175,41.231,41.283,41.328,41.382,41.435,41.482,41.549,41.589,41.629,41.677,41.727,41.775,41.828,41.875,41.924,41.979,42.041,42.089,42.151,42.196,42.255,42.289,42.326,42.38,42.427,42.453,42.497,42.541,42.582,42.622,42.671,42.72,42.784,42.827,42.881,42.924,42.96,42.996,43.042,43.087,43.12,43.177,43.229,43.273,43.323,43.384,43.437,43.477,43.535,43.593,43.645,43.688,43.724,43.79,43.837,43.883,43.936,43.991,44.046,44.105,44.173,44.241,44.3,44.366,44.44,44.497,44.615,44.695,44.791,44.88,45.003,45.106,45.2,45.321,45.442,45.712,45.902,46.228,46.638,47.879
739,LNP FP,37.163,38.459,38.969,39.257,39.559,39.791,39.933,40.064,40.182,40.275,40.373,40.481,40.574,40.656,40.74,40.809,40.877,40.963,41.062,41.125,41.175,41.231,41.283,41.328,41.382,41.435,41.482,41.549,41.589,41.629,41.677,41.727,41.775,41.828,41.875,41.924,41.979,42.041,42.089,42.151,42.196,42.255,42.289,42.326,42.38,42.427,42.453,42.497,42.541,42.582,42.622,42.671,42.72,42.784,42.827,42.881,42.924,42.96,42.996,43.042,43.087,43.12,43.177,43.229,43.273,43.323,43.384,43.437,43.477,43.535,43.593,43.645,43.688,43.724,43.79,43.837,43.883,43.936,43.991,44.046,44.105,44.173,44.241,44.3,44.366,44.44,44.497,44.615,44.695,44.791,44.88,45.003,45.106,45.2,45.321,45.442,45.712,45.902,46.228,46.638,47.879
740,LNP FP,37.211,38.522,38.888,39.25,39.534,39.749,39.926,40.099,40.192,40.297,40.374,40.459,40.524,40.605,40.721,40.776,40.861,40.93,41.016,41.078,41.134,41.197,41.261,41.306,41.363,41.405,41.448,41.513,41.563,41.606,41.66,41.706,41.765,41.832,41.882,41.93,41.979,42.027,42.078,42.114,42.165,42.211,42.258,42.311,42.354,42.396,42.442,42.492,42.544,42.582,42.631,42.679,42.733,42.771,42.818,42.851,42.889,42.938,42.979,43.016,43.077,43.133,43.176,43.228,43.273,43.317,43.35,43.398,43.446,43.506,43.547,43.613,43.662,43.72,43.782,43.832,43.885,43.951,44.002,44.06,44.12,44.183,44.226,44.298,44.38,44.458,44.557,44.624,44.717,44.796,44.887,44.977,45.071,45.183,45.295,45.436,45.639,45.849,46.133,46.614,47.753
741,LNP FP,37.211,38.522,38.888,39.25,39.534,39.749,39.926,40.099,40.192,40.297,40.374,40.459,40.524,40.605,40.721,40.776,40.861,40.93,41.016,41.078,41.134,41.197,41.261,41.306,41.363,41.405,41.448,41.513,41.563,41.606,41.66,41.706,41.765,41.832,41.882,41.93,41.979,42.027,42.078,42.114,42.165,42.211,42.258,42.311,42.354,42.396,42.442,42.492,42.544,42.582,42.631,42.679,42.733,42.771,42.818,42.851,42.889,42.938,42.979,43.016,43.077,43.133,43.176,43.228,43.273,43.317,43.35,43.398,43.446,43.506,43.547,43.613,43.662,43.72,43.782,43.832,43.885,43.951,44.002,44.06,44.12,44.183,44.226,44.298,44.38,44.458,44.557,44.624,44.717,44.796,44.887,44.977,45.071,45.183,45.295,45.436,45.639,45.849,46.133,46.614,47.753
742,LNP FP,37.235,38.45,39.003,39.277,39.536,39.724,39.908,40.062,40.2,40.286,40.369,40.473,40.558,40.635,40.709,40.792,40.864,40.934,40.985,41.033,41.096,41.165,41.229,41.278,41.34,41.396,41.448,41.493,41.543,41.585,41.626,41.674,41.712,41.769,41.81,41.879,41.929,41.979,42.029,42.068,42.115,42.158,42.202,42.244,42.289,42.337,42.397,42.453,42.494,42.544,42.584,42.629,42.679,42.721,42.752,42.814,42.857,42.896,42.944,42.984,43.044,43.1,43.154,43.202,43.243,43.277,43.319,43.375,43.43,43.484,43.527,43.593,43.645,43.685,43.733,43.79,43.839,43.904,43.991,44.06,44.119,44.17,44.242,44.3,44.393,44.461,44.52,44.614,44.694,44.804,44.87,44.973,45.067,45.144,45.266,45.427,45.617,45.793,46.13,46.578,47.933
743,LNP FP,37.235,38.45,39.003,39.277,39.536,39.724,39.908,40.062,40.2,40.286,40.369,40.473,40.558,40.635,40.709,40.792,40.864,40.934,40.985,41.033,41.096,41.165,41.229,41.278,41.34,41.396,41.448,41.493,41.543,41.585,41.626,41.674,41.712,41.769,41.81,41.879,41.929,41.979,42.029,42.068,42.115,42.158,42.202,42.244,42.289,42.337,42.397,42.453,42.494,42.544,42.584,42.629,42.679,42.721,42.752,42.814,42.857,42.896,42.944,42.984,43.044,43.1,43.154,43.202,43.243,43.277,43.319,43.375,43.43,43.484,43.527,43.593,43.645,43.685,43.733,43.79,43.839,43.904,43.991,44.06,44.119,44.17,44.242,44.3,44.393,44.461,44.52,44.614,44.694,44.804,44.87,44.973,45.067,45.144,45.266,45.427,45.617,45.793,46.13,46.578,47.933
744,LNP FP,37.098,38.31,39.026,39.371,39.602,39.752,39.88,40.003,40.148,40.245,40.346,40.473,40.574,40.661,40.72,40.781,40.852,40.914,40.981,41.037,41.085,41.138,41.189,41.271,41.32,41.364,41.402,41.438,41.474,41.526,41.579,41.631,41.682,41.735,41.792,41.847,41.892,41.97,42.014,42.058,42.094,42.144,42.182,42.225,42.274,42.314,42.362,42.407,42.461,42.511,42.568,42.61,42.662,42.7,42.736,42.794,42.838,42.883,42.934,42.983,43.033,43.083,43.124,43.172,43.216,43.267,43.31,43.345,43.409,43.453,43.492,43.555,43.629,43.682,43.733,43.801,43.874,43.944,44.004,44.052,44.113,44.192,44.247,44.314,44.375,44.432,44.52,44.584,44.663,44.727,44.83,44.921,44.994,45.096,45.229,45.357,45.535,45.768,46.055,46.585,47.963
745,LNP FP,37.098,38.31,39.026,39.371,39.602,39.752,39.88,40.003,40.148,40.245,40.346,40.473,40.574,40.661,40.72,40.781,40.852,40.914,40.981,41.037,41.085,41.138,41.189,41.271,41.32,41.364,41.402,41.438,41.474,41.526,41.579,41.631,41.682,41.735,41.792,41.847,41.892,41.97,42.014,42.058,42.094,42.144,42.182,42.225,42.274,42.314,42.362,42.407,42.461,42.511,42.568,42.61,42.662,42.7,42.736,42.794,42.838,42.883,42.934,42.983,43.033,43.083,43.124,43.172,43.216,43.267,43.31,43.345,43.409,43.453,43.492,43.555,43.629,43.682,43.733,43.801,43.874,43.944,44.004,44.052,44.113,44.192,44.247,44.314,44.375,44.432,44.52,44.584,44.663,44.727,44.83,44.921,44.994,45.096,45.229,45.357,45.535,45.768,46.055,46.585,47.963
746,LNP FP,37.283,38.45,39.018,39.317,39.539,39.711,39.868,40.027,40.119,40.252,40.368,40.454,40.538,40.603,40.671,40.749,40.847,40.896,40.955,41.011,41.072,41.11,41.158,41.227,41.276,41.34,41.386,41.442,41.492,41.542,41.592,41.637,41.679,41.735,41.783,41.829,41.876,41.925,41.968,42.026,42.066,42.112,42.169,42.229,42.28,42.331,42.378,42.417,42.467,42.516,42.552,42.591,42.624,42.657,42.708,42.768,42.801,42.843,42.898,42.959,43.003,43.041,43.082,43.127,43.168,43.212,43.278,43.328,43.39,43.449,43.512,43.563,43.618,43.674,43.717,43.784,43.834,43.895,43.955,44.011,44.076,44.139,44.211,44.268,44.322,44.388,44.456,44.523,44.605,44.675,44.765,44.877,44.998,45.095,45.186,45.326,45.499,45.725,46.128,46.607,48.028
747,LNP FP,37.283,38.45,39.018,39.317,39.539,39.711,39.868,40.027,40.119,40.252,40.368,40.454,40.538,40.603,40.671,40.749,40.847,40.896,40.955,41.011,41.072,41.11,41.158,41.227,41.276,41.34,41.386,41.442,41.492,41.542,41.592,41.637,41.679,41.735,41.783,41.829,41.876,41.925,41.968,42.026,42.066,42.112,42.169,42.229,42.28,42.331,42.378,42.417,42.467,42.516,42.552,42.591,42.624,42.657,42.708,42.768,42.801,42.843,42.898,42.959,43.003,43.041,43.082,43.127,43.168,43.212,43.278,43.328,43.39,43.449,43.512,43.563,43.618,43.674,43.717,43.784,43.834,43.895,43.955,44.011,44.076,44.139,44.211,44.268,44.322,44.388,44.456,44.523,44.605,44.675,44.765,44.877,44.998,45.095,45.186,45.326,45.499,45.725,46.128,46.607,48.028
748,LNP FP,37.152,38.492,38.85,39.338,39.533,39.74,39.884,39.99,40.116,40.22,40.308,40.412,40.491,40.589,40.666,40.749,40.823,40.899,40.94,41.018,41.09,41.149,41.196,41.245,41.284,41.34,41.405,41.441,41.486,41.535,41.577,41.625,41.679,41.726,41.775,41.812,41.86,41.902,41.957,42.006,42.035,42.089,42.15,42.197,42.243,42.296,42.337,42.39,42.431,42.491,42.525,42.58,42.618,42.671,42.721,42.773,42.815,42.86,42.895,42.933,42.978,43.029,43.081,43.109,43.165,43.233,43.282,43.323,43.375,43.432,43.472,43.531,43.599,43.642,43.699,43.733,43.794,43.852,43.912,43.967,44.018,44.109,44.169,44.243,44.316,44.378,44.451,44.518,44.593,44.669,44.754,44.881,44.968,45.067,45.153,45.265,45.517,45.729,46.061,46.539,48.192
749,LNP FP,37.152,38.492,38.85,39.338,39.533,39.74,39.884,39.99,40.116,40.22,40.308,40.412,40.491,40.589,40.666,40.749,40.823,40.899,40.94,41.018,41.09,41.149,41.196,41.245,41.284,41.34,41.405,41.441,41.486,41.535,41.577,41.625,41.679,41.726,41.775,41.812,41.86,41.902,41.957,42.006,42.035,42.089,42.15,42.197,42.243,42.296,42.337,42.39,42.431,42.491,42.525,42.58,42.618,42.671,42.721,42.773,42.815,42.86,42.895,42.933,42.978,43.029,43.081,43.109,43.165,43.233,43.282,43.323,43.375,43.432,43.472,43.531,43.599,43.642,43.699,43.733,43.794,43.852,43.912,43.967,44.018,44.109,44.169,44.243,44.316,44.378,44.451,44.518,44.593,44.669,44.754,44.881,44.968,45.067,45.153,45.265,45.517,45.729,46.061,46.539,48.192
750,LNP FP,37.144,38.582,39.067,39.363,39.546,39.715,39.877,40.001,40.116,40.199,40.288,40.382,40.507,40.593,40.672,40.731,40.788,40.863,40.912,40.976,41.033,41.087,41.135,41.208,41.272,41.337,41.392,41.439,41.497,41.552,41.604,41.65,41.7,41.744,41.785,41.828,41.873,41.934,41.974,42.035,42.071,42.121,42.164,42.198,42.243,42.27,42.314,42.361,42.405,42.435,42.485,42.526,42.56,42.609,42.657,42.72,42.777,42.816,42.863,42.924,42.975,43.019,43.086,43.126,43.167,43.229,43.265,43.311,43.358,43.408,43.445,43.495,43.533,43.58,43.627,43.688,43.751,43.799,43.878,43.952,44.022,44.09,44.166,44.216,44.283,44.367,44.443,44.521,44.597,44.663,44.71,44.821,44.904,45.01,45.169,45.319,45.529,45.784,46.049,46.586,48.211
751,LNP FP,37.144,38.582,39.067,39.363,39.546,39.715,39.877,40.001,40.116,40.199,40.288,40.382,40.507,40.593,40.672,40.731,40.788,40.863,40.912,40.976,41.033,41.087,41.135,41.208,41.272,41.337,41.392,41.439,41.497,41.552,41.604,41.65,41.7,41.744,41.785,41.828,41.873,41.934,41.974,42.035,42.071,42.121,42.164,42.198,42.243,42.27,42.314,42.361,42.405,42.435,42.485,42.526,42.56,42.609,42.657,42.72,42.777,42.816,42.863,42.924,42.975,43.019,43.086,43.126,43.167,43.229,43.265,43.311,43.358,43.408,43.445,43.495,43.533,43.58,43.627,43.688,43.751,43.799,43.878,43.952,44.022,44.09,44.166,44.216,44.283,44.367,44.443,44.521,44.597,44.663,44.71,44.821,44.904,45.01,45.169,45.319,45.529,45.784,46.049,46.586,48.211
752,LNP FP,37.078,38.567,39.054,39.397,39.597,39.769,39.903,39.993,40.118,40.21,40.312,40.387,40.463,40.545,40.62,40.69,40.744,40.81,40.875,40.955,41.021,41.096,41.136,41.193,41.243,41.294,41.357,41.416,41.468,41.528,41.598,41.653,41.715,41.773,41.813,41.849,41.905,41.945,41.989,42.028,42.062,42.098,42.146,42.189,42.222,42.279,42.32,42.373,42.415,42.461,42.489,42.525,42.55,42.587,42.638,42.688,42.731,42.78,42.842,42.894,42.951,43.005,43.042,43.081,43.137,43.182,43.233,43.287,43.341,43.385,43.43,43.474,43.522,43.571,43.624,43.683,43.751,43.796,43.862,43.911,43.975,44.029,44.104,44.182,44.234,44.316,44.405,44.485,44.545,44.637,44.729,44.839,44.916,45.055,45.136,45.319,45.498,45.753,46.053,46.517,48.23
753,LNP FP,37.078,38.567,39.054,39.397,39.597,39.769,39.903,39.993,40.118,40.21,40.312,40.387,40.463,40.545,40.62,40.69,40.744,40.81,40.875,40.955,41.021,41.096,41.136,41.193,41.243,41.294,41.357,41.416,41.468,41.528,41.598,41.653,41.715,41.773,41.813,41.849,41.905,41.945,41.989,42.028,42.062,42.098,42.146,42.189,42.222,42.279,42.32,42.373,42.415,42.461,42.489,42.525,42.55,42.587,42.638,42.688,42.731,42.78,42.842,42.894,42.951,43.005,43.042,43.081,43.137,43.182,43.233,43.287,43.341,43.385,43.43,43.474,43.522,43.571,43.624,43.683,43.751,43.796,43.862,43.911,43.975,44.029,44.104,44.182,44.234,44.316,44.405,44.485,44.545,44.637,44.729,44.839,44.916,45.055,45.136,45.319,45.498,45.753,46.053,46.517,48.23
754,LNP FP,37.143,38.567,39.098,39.374,39.512,39.711,39.899,40.043,40.139,40.236,40.325,40.386,40.496,40.59,40.656,40.719,40.797,40.855,40.922,40.984,41.052,41.112,41.156,41.214,41.267,41.322,41.372,41.414,41.452,41.498,41.553,41.612,41.653,41.701,41.739,41.788,41.831,41.886,41.945,41.998,42.038,42.072,42.123,42.18,42.219,42.263,42.304,42.351,42.39,42.428,42.468,42.525,42.574,42.603,42.65,42.692,42.736,42.774,42.815,42.867,42.929,42.959,42.994,43.037,43.088,43.145,43.179,43.226,43.277,43.321,43.368,43.419,43.482,43.546,43.605,43.675,43.729,43.792,43.842,43.896,43.948,44.011,44.082,44.154,44.218,44.282,44.378,44.453,44.533,44.605,44.691,44.782,44.855,44.968,45.115,45.237,45.415,45.643,46.029,46.529,47.971
755,LNP FP,37.143,38.567,39.098,39.374,39.512,39.711,39.899,40.043,40.139,40.236,40.325,40.386,40.496,40.59,40.656,40.719,40.797,40.855,40.922,40.984,41.052,41.112,41.156,41.214,41.267,41.322,41.372,41.414,41.452,41.498,41.553,41.612,41.653,41.701,41.739,41.788,41.831,41.886,41.945,41.998,42.038,42.072,42.123,42.18,42.219,42.263,42.304,42.351,42.39,42.428,42.468,42.525,42.574,42.603,42.65,42.692,42.736,42.774,42.815,42.867,42.929,42.959,42.994,43.037,43.088,43.145,43.179,43.226,43.277,43.321,43.368,43.419,43.482,43.546,43.605,43.675,43.729,43.792,43.842,43.896,43.948,44.011,44.082,44.154,44.218,44.282,44.378,44.453,44.533,44.605,44.691,44.782,44.855,44.968,45.115,45.237,45.415,45.643,46.029,46.529,47.971
756,LNP FP,37.259,38.635,39.004,39.298,39.489,39.718,39.891,40.044,40.152,40.26,40.331,40.429,40.513,40.578,40.646,40.723,40.784,40.846,40.916,40.975,41.024,41.078,41.138,41.181,41.234,41.29,41.336,41.399,41.437,41.485,41.539,41.582,41.637,41.689,41.736,41.784,41.825,41.884,41.925,41.984,42.036,42.089,42.13,42.169,42.211,42.252,42.285,42.318,42.365,42.404,42.448,42.481,42.519,42.578,42.619,42.663,42.719,42.759,42.786,42.825,42.862,42.906,42.945,42.992,43.034,43.083,43.141,43.177,43.228,43.28,43.329,43.395,43.47,43.518,43.582,43.636,43.698,43.757,43.827,43.896,43.974,44.02,44.075,44.156,44.223,44.271,44.359,44.423,44.503,44.578,44.678,44.762,44.852,44.972,45.07,45.22,45.39,45.641,45.975,46.437,47.878
757,LNP FP,37.259,38.635,39.004,39.298,39.489,39.718,39.891,40.044,40.152,40.26,40.331,40.429,40.513,40.578,40.646,40.723,40.784,40.846,40.916,40.975,41.024,41.078,41.138,41.181,41.234,41.29,41.336,41.399,41.437,41.485,41.539,41.582,41.637,41.689,41.736,41.784,41.825,41.884,41.925,41.984,42.036,42.089,42.13,42.169,42.211,42.252,42.285,42.318,42.365,42.404,42.448,42.481,42.519,42.578,42.619,42.663,42.719,42.759,42.786,42.825,42.862,42.906,42.945,42.992,43.034,43.083,43.141,43.177,43.228,43.28,43.329,43.395,43.47,43.518,43.582,43.636,43.698,43.757,43.827,43.896,43.974,44.02,44.075,44.156,44.223,44.271,44.359,44.423,44.503,44.578,44.678,44.762,44.852,44.972,45.07,45.22,45.39,45.641,45.975,46.437,47.878
758,LNP FP,37.295,38.561,39.033,39.297,39.538,39.723,39.888,39.991,40.107,40.229,40.32,40.403,40.491,40.574,40.668,40.735,40.799,40.867,40.922,40.96,41.017,41.073,41.126,41.175,41.237,41.279,41.346,41.41,41.461,41.504,41.553,41.61,41.652,41.706,41.739,41.791,41.842,41.884,41.922,41.963,42.014,42.065,42.102,42.128,42.182,42.217,42.262,42.295,42.326,42.379,42.426,42.477,42.523,42.565,42.605,42.65,42.689,42.724,42.773,42.818,42.846,42.894,42.94,42.994,43.026,43.067,43.116,43.176,43.214,43.272,43.33,43.383,43.432,43.494,43.559,43.627,43.661,43.703,43.756,43.828,43.881,43.946,44.014,44.082,44.146,44.247,44.315,44.416,44.468,44.536,44.641,44.719,44.804,44.91,45.042,45.175,45.396,45.641,45.953,46.446,47.9
759,LNP FP,37.295,38.561,39.033,39.297,39.538,39.723,39.888,39.991,40.107,40.229,40.32,40.403,40.491,40.574,40.668,40.735,40.799,40.867,40.922,40.96,41.017,41.073,41.126,41.175,41.237,41.279,41.346,41.41,41.461,41.504,41.553,41.61,41.652,41.706,41.739,41.791,41.842,41.884,41.922,41.963,42.014,42.065,42.102,42.128,42.182,42.217,42.262,42.295,42.326,42.379,42.426,42.477,42.523,42.565,42.605,42.65,42.689,42.724,42.773,42.818,42.846,42.894,42.94,42.994,43.026,43.067,43.116,43.176,43.214,43.272,43.33,43.383,43.432,43.494,43.559,43.627,43.661,43.703,43.756,43.828,43.881,43.946,44.014,44.082,44.146,44.247,44.315,44.416,44.468,44.536,44.641,44.719,44.804,44.91,45.042,45.175,45.396,45.641,45.953,46.446,47.9
760,LNP FP,37.405,38.646,39.013,39.32,39.493,39.722,39.899,40.0,40.104,40.2,40.285,40.369,40.454,40.531,40.611,40.673,40.744,40.814,40.863,40.929,40.996,41.044,41.114,41.169,41.233,41.286,41.337,41.388,41.434,41.497,41.555,41.592,41.636,41.691,41.759,41.814,41.851,41.896,41.942,41.989,42.028,42.062,42.107,42.148,42.193,42.235,42.27,42.3,42.35,42.387,42.423,42.473,42.51,42.548,42.583,42.624,42.673,42.736,42.789,42.822,42.863,42.898,42.943,42.987,43.047,43.089,43.135,43.171,43.202,43.245,43.298,43.348,43.415,43.471,43.53,43.59,43.642,43.693,43.746,43.792,43.846,43.91,43.983,44.054,44.124,44.184,44.253,44.347,44.429,44.502,44.6,44.66,44.81,44.927,45.013,45.13,45.34,45.562,45.937,46.324,47.514
761,LNP FP,37.405,38.646,39.013,39.32,39.493,39.722,39.899,40.0,40.104,40.2,40.285,40.369,40.454,40.531,40.611,40.673,40.744,40.814,40.863,40.929,40.996,41.044,41.114,41.169,41.233,41.286,41.337,41.388,41.434,41.497,41.555,41.592,41.636,41.691,41.759,41.814,41.851,41.896,41.942,41.989,42.028,42.062,42.107,42.148,42.193,42.235,42.27,42.3,42.35,42.387,42.423,42.473,42.51,42.548,42.583,42.624,42.673,42.736,42.789,42.822,42.863,42.898,42.943,42.987,43.047,43.089,43.135,43.171,43.202,43.245,43.298,43.348,43.415,43.471,43.53,43.59,43.642,43.693,43.746,43.792,43.846,43.91,43.983,44.054,44.124,44.184,44.253,44.347,44.429,44.502,44.6,44.66,44.81,44.927,45.013,45.13,45.34,45.562,45.937,46.324,47.514
762,LNP FP,37.471,38.577,38.969,39.271,39.484,39.703,39.888,39.971,40.078,40.172,40.279,40.371,40.458,40.561,40.625,40.727,40.787,40.848,40.897,40.955,41.002,41.069,41.107,41.161,41.242,41.287,41.336,41.38,41.439,41.481,41.531,41.584,41.631,41.68,41.727,41.768,41.822,41.86,41.906,41.953,41.996,42.042,42.084,42.125,42.169,42.209,42.25,42.296,42.341,42.381,42.435,42.478,42.521,42.569,42.611,42.643,42.679,42.718,42.743,42.783,42.822,42.862,42.908,42.962,43.005,43.05,43.089,43.133,43.18,43.218,43.276,43.329,43.392,43.44,43.491,43.54,43.596,43.647,43.698,43.739,43.797,43.863,43.93,44.003,44.072,44.18,44.284,44.346,44.411,44.498,44.591,44.677,44.781,44.898,45.001,45.12,45.325,45.566,45.809,46.265,47.659
763,LNP FP,37.471,38.577,38.969,39.271,39.484,39.703,39.888,39.971,40.078,40.172,40.279,40.371,40.458,40.561,40.625,40.727,40.787,40.848,40.897,40.955,41.002,41.069,41.107,41.161,41.242,41.287,41.336,41.38,41.439,41.481,41.531,41.584,41.631,41.68,41.727,41.768,41.822,41.86,41.906,41.953,41.996,42.042,42.084,42.125,42.169,42.209,42.25,42.296,42.341,42.381,42.435,42.478,42.521,42.569,42.611,42.643,42.679,42.718,42.743,42.783,42.822,42.862,42.908,42.962,43.005,43.05,43.089,43.133,43.18,43.218,43.276,43.329,43.392,43.44,43.491,43.54,43.596,43.647,43.698,43.739,43.797,43.863,43.93,44.003,44.072,44.18,44.284,44.346,44.411,44.498,44.591,44.677,44.781,44.898,45.001,45.12,45.325,45.566,45.809,46.265,47.659
764,LNP FP,37.835,38.57,39.011,39.249,39.462,39.661,39.812,39.932,40.088,40.175,40.27,40.361,40.442,40.525,40.608,40.687,40.743,40.799,40.868,40.936,40.986,41.037,41.087,41.153,41.206,41.286,41.319,41.366,41.418,41.475,41.541,41.579,41.625,41.673,41.733,41.772,41.826,41.873,41.912,41.967,42.022,42.07,42.103,42.145,42.191,42.226,42.27,42.31,42.349,42.378,42.422,42.448,42.493,42.523,42.56,42.591,42.633,42.659,42.712,42.749,42.787,42.834,42.888,42.939,42.992,43.046,43.093,43.158,43.21,43.255,43.302,43.335,43.38,43.42,43.465,43.535,43.584,43.64,43.692,43.748,43.8,43.852,43.927,44.007,44.078,44.145,44.206,44.316,44.371,44.456,44.559,44.637,44.74,44.865,45.001,45.147,45.301,45.502,45.779,46.346,47.965
765,LNP FP,37.835,38.57,39.011,39.249,39.462,39.661,39.812,39.932,40.088,40.175,40.27,40.361,40.442,40.525,40.608,40.687,40.743,40.799,40.868,40.936,40.986,41.037,41.087,41.153,41.206,41.286,41.319,41.366,41.418,41.475,41.541,41.579,41.625,41.673,41.733,41.772,41.826,41.873,41.912,41.967,42.022,42.07,42.103,42.145,42.191,42.226,42.27,42.31,42.349,42.378,42.422,42.448,42.493,42.523,42.56,42.591,42.633,42.659,42.712,42.749,42.787,42.834,42.888,42.939,42.992,43.046,43.093,43.158,43.21,43.255,43.302,43.335,43.38,43.42,43.465,43.535,43.584,43.64,43.692,43.748,43.8,43.852,43.927,44.007,44.078,44.145,44.206,44.316,44.371,44.456,44.559,44.637,44.74,44.865,45.001,45.147,45.301,45.502,45.779,46.346,47.965
766,LNP FP,37.711,38.5,38.91,39.161,39.429,39.588,39.743,39.895,40.048,40.135,40.235,40.306,40.38,40.465,40.561,40.637,40.717,40.781,40.856,40.909,40.968,41.016,41.052,41.129,41.186,41.229,41.282,41.327,41.398,41.455,41.516,41.552,41.596,41.659,41.707,41.759,41.796,41.843,41.89,41.931,41.984,42.047,42.093,42.137,42.186,42.232,42.272,42.312,42.354,42.389,42.425,42.464,42.513,42.548,42.586,42.627,42.674,42.706,42.757,42.799,42.846,42.891,42.939,43.0,43.045,43.089,43.131,43.169,43.208,43.252,43.286,43.344,43.41,43.46,43.525,43.557,43.613,43.663,43.72,43.783,43.851,43.932,43.999,44.054,44.108,44.202,44.264,44.334,44.388,44.48,44.6,44.7,44.799,44.92,45.043,45.181,45.351,45.564,45.774,46.372,47.749
767,LNP FP,37.711,38.5,38.91,39.161,39.429,39.588,39.743,39.895,40.048,40.135,40.235,40.306,40.38,40.465,40.561,40.637,40.717,40.781,40.856,40.909,40.968,41.016,41.052,41.129,41.186,41.229,41.282,41.327,41.398,41.455,41.516,41.552,41.596,41.659,41.707,41.759,41.796,41.843,41.89,41.931,41.984,42.047,42.093,42.137,42.186,42.232,42.272,42.312,42.354,42.389,42.425,42.464,42.513,42.548,42.586,42.627,42.674,42.706,42.757,42.799,42.846,42.891,42.939,43.0,43.045,43.089,43.131,43.169,43.208,43.252,43.286,43.344,43.41,43.46,43.525,43.557,43.613,43.663,43.72,43.783,43.851,43.932,43.999,44.054,44.108,44.202,44.264,44.334,44.388,44.48,44.6,44.7,44.799,44.92,45.043,45.181,45.351,45.564,45.774,46.372,47.749
768,LNP FP,37.612,38.485,38.804,39.119,39.33,39.538,39.708,39.86,39.984,40.106,40.197,40.271,40.367,40.501,40.569,40.633,40.7,40.778,40.843,40.897,40.979,41.023,41.07,41.12,41.186,41.238,41.282,41.337,41.394,41.44,41.482,41.529,41.583,41.632,41.674,41.724,41.758,41.802,41.851,41.898,41.952,42.005,42.047,42.107,42.161,42.205,42.249,42.293,42.348,42.389,42.426,42.468,42.506,42.553,42.595,42.627,42.676,42.735,42.785,42.832,42.872,42.903,42.957,43.003,43.047,43.093,43.138,43.17,43.229,43.278,43.329,43.363,43.409,43.466,43.537,43.606,43.647,43.701,43.76,43.824,43.887,43.952,44.016,44.118,44.199,44.263,44.329,44.428,44.507,44.589,44.665,44.747,44.858,44.966,45.083,45.243,45.34,45.618,45.842,46.415,47.881
769,LNP FP,37.612,38.485,38.804,39.119,39.33,39.538,39.708,39.86,39.984,40.106,40.197,40.271,40.367,40.501,40.569,40.633,40.7,40.778,40.843,40.897,40.979,41.023,41.07,41.12,41.186,41.238,41.282,41.337,41.394,41.44,41.482,41.529,41.583,41.632,41.674,41.724,41.758,41.802,41.851,41.898,41.952,42.005,42.047,42.107,42.161,42.205,42.249,42.293,42.348,42.389,42.426,42.468,42.506,42.553,42.595,42.627,42.676,42.735,42.785,42.832,42.872,42.903,42.957,43.003,43.047,43.093,43.138,43.17,43.229,43.278,43.329,43.363,43.409,43.466,43.537,43.606,43.647,43.701,43.76,43.824,43.887,43.952,44.016,44.118,44.199,44.263,44.329,44.428,44.507,44.589,44.665,44.747,44.858,44.966,45.083,45.243,45.34,45.618,45.842,46.415,47.881
770,LNP FP,37.328,38.348,38.766,39.087,39.311,39.537,39.645,39.761,39.873,40.025,40.13,40.23,40.32,40.441,40.521,40.59,40.658,40.741,40.785,40.852,40.923,40.972,41.036,41.099,41.15,41.21,41.258,41.322,41.368,41.413,41.481,41.531,41.561,41.613,41.655,41.706,41.75,41.814,41.861,41.907,41.943,41.99,42.03,42.079,42.131,42.171,42.22,42.273,42.316,42.371,42.423,42.474,42.521,42.568,42.621,42.68,42.719,42.763,42.811,42.856,42.9,42.943,42.976,43.019,43.061,43.107,43.163,43.206,43.246,43.292,43.35,43.413,43.459,43.519,43.581,43.624,43.669,43.725,43.784,43.835,43.917,43.988,44.06,44.13,44.194,44.268,44.358,44.441,44.519,44.6,44.699,44.78,44.903,45.005,45.11,45.265,45.366,45.621,45.935,46.595,47.724
771,LNP FP,37.328,38.348,38.766,39.087,39.311,39.537,39.645,39.761,39.873,40.025,40.13,40.23,40.32,40.441,40.521,40.59,40.658,40.741,40.785,40.852,40.923,40.972,41.036,41.099,41.15,41.21,41.258,41.322,41.368,41.413,41.481,41.531,41.561,41.613,41.655,41.706,41.75,41.814,41.861,41.907,41.943,41.99,42.03,42.079,42.131,42.171,42.22,42.273,42.316,42.371,42.423,42.474,42.521,42.568,42.621,42.68,42.719,42.763,42.811,42.856,42.9,42.943,42.976,43.019,43.061,43.107,43.163,43.206,43.246,43.292,43.35,43.413,43.459,43.519,43.581,43.624,43.669,43.725,43.784,43.835,43.917,43.988,44.06,44.13,44.194,44.268,44.358,44.441,44.519,44.6,44.699,44.78,44.903,45.005,45.11,45.265,45.366,45.621,45.935,46.595,47.724
772,LNP FP,37.061,38.262,38.779,39.017,39.21,39.431,39.571,39.684,39.836,40.016,40.125,40.208,40.275,40.366,40.436,40.529,40.592,40.661,40.749,40.816,40.858,40.921,40.98,41.053,41.121,41.172,41.217,41.285,41.345,41.394,41.433,41.501,41.557,41.612,41.672,41.744,41.788,41.831,41.89,41.929,41.96,42.01,42.058,42.108,42.143,42.186,42.226,42.268,42.316,42.376,42.421,42.473,42.517,42.555,42.61,42.646,42.698,42.744,42.798,42.842,42.885,42.929,42.976,43.03,43.061,43.127,43.159,43.212,43.253,43.319,43.363,43.417,43.472,43.512,43.571,43.626,43.692,43.753,43.805,43.857,43.919,43.99,44.058,44.139,44.22,44.279,44.35,44.427,44.519,44.622,44.709,44.814,44.935,45.028,45.179,45.348,45.481,45.661,46.126,46.714,47.843
773,LNP FP,37.061,38.262,38.779,39.017,39.21,39.431,39.571,39.684,39.836,40.016,40.125,40.208,40.275,40.366,40.436,40.529,40.592,40.661,40.749,40.816,40.858,40.921,40.98,41.053,41.121,41.172,41.217,41.285,41.345,41.394,41.433,41.501,41.557,41.612,41.672,41.744,41.788,41.831,41.89,41.929,41.96,42.01,42.058,42.108,42.143,42.186,42.226,42.268,42.316,42.376,42.421,42.473,42.517,42.555,42.61,42.646,42.698,42.744,42.798,42.842,42.885,42.929,42.976,43.03,43.061,43.127,43.159,43.212,43.253,43.319,43.363,43.417,43.472,43.512,43.571,43.626,43.692,43.753,43.805,43.857,43.919,43.99,44.058,44.139,44.22,44.279,44.35,44.427,44.519,44.622,44.709,44.814,44.935,45.028,45.179,45.348,45.481,45.661,46.126,46.714,47.843
774,LNP FP,37.061,38.33,38.702,38.935,39.144,39.359,39.572,39.731,39.876,39.959,40.085,40.173,40.261,40.347,40.41,40.489,40.566,40.655,40.721,40.813,40.882,40.934,41.011,41.077,41.143,41.19,41.224,41.274,41.326,41.373,41.427,41.475,41.54,41.589,41.649,41.709,41.751,41.806,41.861,41.901,41.951,42.008,42.052,42.088,42.132,42.183,42.224,42.26,42.301,42.363,42.406,42.45,42.501,42.556,42.606,42.651,42.694,42.742,42.797,42.847,42.89,42.924,42.977,43.035,43.083,43.15,43.192,43.247,43.297,43.348,43.409,43.455,43.491,43.554,43.601,43.648,43.698,43.754,43.816,43.863,43.914,43.985,44.047,44.112,44.186,44.275,44.364,44.459,44.528,44.63,44.724,44.828,44.913,45.086,45.213,45.335,45.509,45.78,46.286,46.723,48.025
775,LNP FP,37.061,38.33,38.702,38.935,39.144,39.359,39.572,39.731,39.876,39.959,40.085,40.173,40.261,40.347,40.41,40.489,40.566,40.655,40.721,40.813,40.882,40.934,41.011,41.077,41.143,41.19,41.224,41.274,41.326,41.373,41.427,41.475,41.54,41.589,41.649,41.709,41.751,41.806,41.861,41.901,41.951,42.008,42.052,42.088,42.132,42.183,42.224,42.26,42.301,42.363,42.406,42.45,42.501,42.556,42.606,42.651,42.694,42.742,42.797,42.847,42.89,42.924,42.977,43.035,43.083,43.15,43.192,43.247,43.297,43.348,43.409,43.455,43.491,43.554,43.601,43.648,43.698,43.754,43.816,43.863,43.914,43.985,44.047,44.112,44.186,44.275,44.364,44.459,44.528,44.63,44.724,44.828,44.913,45.086,45.213,45.335,45.509,45.78,46.286,46.723,48.025
776,LNP FP,36.917,38.097,38.558,38.918,39.099,39.277,39.442,39.646,39.774,39.911,40.004,40.113,40.229,40.327,40.404,40.484,40.576,40.66,40.719,40.784,40.844,40.92,40.984,41.056,41.118,41.168,41.215,41.284,41.336,41.385,41.438,41.486,41.526,41.589,41.641,41.689,41.738,41.778,41.81,41.862,41.906,41.945,41.994,42.078,42.132,42.181,42.247,42.286,42.344,42.382,42.443,42.504,42.547,42.586,42.638,42.68,42.725,42.753,42.787,42.849,42.875,42.92,42.967,43.024,43.07,43.116,43.156,43.207,43.264,43.329,43.394,43.469,43.522,43.567,43.618,43.668,43.721,43.774,43.834,43.889,43.95,44.013,44.087,44.139,44.225,44.297,44.388,44.46,44.559,44.673,44.766,44.88,44.979,45.107,45.292,45.417,45.627,45.84,46.263,46.784,48.137
777,LNP FP,36.917,38.097,38.558,38.918,39.099,39.277,39.442,39.646,39.774,39.911,40.004,40.113,40.229,40.327,40.404,40.484,40.576,40.66,40.719,40.784,40.844,40.92,40.984,41.056,41.118,41.168,41.215,41.284,41.336,41.385,41.438,41.486,41.526,41.589,41.641,41.689,41.738,41.778,41.81,41.862,41.906,41.945,41.994,42.078,42.132,42.181,42.247,42.286,42.344,42.382,42.443,42.504,42.547,42.586,42.638,42.68,42.725,42.753,42.787,42.849,42.875,42.92,42.967,43.024,43.07,43.116,43.156,43.207,43.264,43.329,43.394,43.469,43.522,43.567,43.618,43.668,43.721,43.774,43.834,43.889,43.95,44.013,44.087,44.139,44.225,44.297,44.388,44.46,44.559,44.673,44.766,44.88,44.979,45.107,45.292,45.417,45.627,45.84,46.263,46.784,48.137
778,LNP FP,36.881,38.109,38.503,38.815,39.079,39.284,39.484,39.616,39.737,39.878,39.995,40.073,40.161,40.257,40.325,40.429,40.528,40.595,40.69,40.779,40.845,40.906,40.981,41.031,41.071,41.117,41.166,41.218,41.282,41.355,41.408,41.476,41.525,41.558,41.629,41.67,41.738,41.789,41.832,41.881,41.94,41.999,42.059,42.104,42.146,42.18,42.237,42.292,42.351,42.394,42.426,42.47,42.525,42.562,42.6,42.649,42.707,42.757,42.793,42.838,42.885,42.946,42.998,43.064,43.113,43.163,43.22,43.274,43.31,43.364,43.408,43.459,43.519,43.568,43.63,43.69,43.741,43.801,43.863,43.916,43.975,44.045,44.114,44.194,44.272,44.347,44.399,44.486,44.59,44.666,44.766,44.862,44.984,45.13,45.324,45.488,45.672,45.842,46.322,46.898,48.234
779,LNP FP,36.881,38.109,38.503,38.815,39.079,39.284,39.484,39.616,39.737,39.878,39.995,40.073,40.161,40.257,40.325,40.429,40.528,40.595,40.69,40.779,40.845,40.906,40.981,41.031,41.071,41.117,41.166,41.218,41.282,41.355,41.408,41.476,41.525,41.558,41.629,41.67,41.738,41.789,41.832,41.881,41.94,41.999,42.059,42.104,42.146,42.18,42.237,42.292,42.351,42.394,42.426,42.47,42.525,42.562,42.6,42.649,42.707,42.757,42.793,42.838,42.885,42.946,42.998,43.064,43.113,43.163,43.22,43.274,43.31,43.364,43.408,43.459,43.519,43.568,43.63,43.69,43.741,43.801,43.863,43.916,43.975,44.045,44.114,44.194,44.272,44.347,44.399,44.486,44.59,44.666,44.766,44.862,44.984,45.13,45.324,45.488,45.672,45.842,46.322,46.898,48.234
780,LNP FP,36.613,37.907,38.48,38.781,39.053,39.258,39.431,39.592,39.724,39.858,39.943,40.043,40.124,40.26,40.341,40.41,40.478,40.568,40.644,40.701,40.803,40.859,40.923,40.972,41.026,41.114,41.172,41.234,41.289,41.334,41.388,41.445,41.5,41.549,41.593,41.636,41.695,41.757,41.814,41.886,41.936,41.981,42.037,42.097,42.143,42.194,42.245,42.283,42.334,42.396,42.446,42.49,42.551,42.586,42.628,42.677,42.738,42.787,42.829,42.879,42.945,43.003,43.036,43.07,43.107,43.148,43.212,43.269,43.325,43.386,43.427,43.474,43.522,43.598,43.645,43.703,43.768,43.802,43.868,43.919,43.988,44.054,44.132,44.2,44.264,44.341,44.422,44.537,44.618,44.693,44.823,44.93,45.059,45.167,45.32,45.517,45.742,45.976,46.337,46.809,48.515
781,LNP FP,36.613,37.907,38.48,38.781,39.053,39.258,39.431,39.592,39.724,39.858,39.943,40.043,40.124,40.26,40.341,40.41,40.478,40.568,40.644,40.701,40.803,40.859,40.923,40.972,41.026,41.114,41.172,41.234,41.289,41.334,41.388,41.445,41.5,41.549,41.593,41.636,41.695,41.757,41.814,41.886,41.936,41.981,42.037,42.097,42.143,42.194,42.245,42.283,42.334,42.396,42.446,42.49,42.551,42.586,42.628,42.677,42.738,42.787,42.829,42.879,42.945,43.003,43.036,43.07,43.107,43.148,43.212,43.269,43.325,43.386,43.427,43.474,43.522,43.598,43.645,43.703,43.768,43.802,43.868,43.919,43.988,44.054,44.132,44.2,44.264,44.341,44.422,44.537,44.618,44.693,44.823,44.93,45.059,45.167,45.32,45.517,45.742,45.976,46.337,46.809,48.515
782,LNP FP,36.722,37.888,38.369,38.674,38.904,39.144,39.391,39.536,39.679,39.804,39.916,39.999,40.109,40.241,40.317,40.391,40.482,40.556,40.624,40.687,40.775,40.84,40.9,40.945,41.014,41.093,41.149,41.196,41.253,41.318,41.364,41.416,41.472,41.527,41.58,41.631,41.712,41.785,41.815,41.867,41.907,41.959,41.999,42.055,42.112,42.162,42.218,42.26,42.304,42.363,42.407,42.46,42.515,42.569,42.625,42.68,42.734,42.792,42.832,42.886,42.934,42.983,43.019,43.073,43.13,43.19,43.257,43.29,43.339,43.384,43.43,43.478,43.536,43.589,43.662,43.707,43.77,43.811,43.861,43.908,43.967,44.054,44.145,44.211,44.334,44.419,44.486,44.567,44.636,44.717,44.824,44.938,45.116,45.193,45.386,45.538,45.713,46.04,46.299,46.782,48.996
783,LNP FP,36.722,37.888,38.369,38.674,38.904,39.144,39.391,39.536,39.679,39.804,39.916,39.999,40.109,40.241,40.317,40.391,40.482,40.556,40.624,40.687,40.775,40.84,40.9,40.945,41.014,41.093,41.149,41.196,41.253,41.318,41.364,41.416,41.472,41.527,41.58,41.631,41.712,41.785,41.815,41.867,41.907,41.959,41.999,42.055,42.112,42.162,42.218,42.26,42.304,42.363,42.407,42.46,42.515,42.569,42.625,42.68,42.734,42.792,42.832,42.886,42.934,42.983,43.019,43.073,43.13,43.19,43.257,43.29,43.339,43.384,43.43,43.478,43.536,43.589,43.662,43.707,43.77,43.811,43.861,43.908,43.967,44.054,44.145,44.211,44.334,44.419,44.486,44.567,44.636,44.717,44.824,44.938,45.116,45.193,45.386,45.538,45.713,46.04,46.299,46.782,48.996
784,LNP FP,36.572,37.88,38.241,38.622,38.904,39.126,39.322,39.419,39.619,39.753,39.895,40.012,40.088,40.23,40.308,40.376,40.479,40.543,40.617,40.7,40.782,40.847,40.918,40.972,41.047,41.097,41.143,41.203,41.258,41.307,41.351,41.406,41.447,41.496,41.556,41.605,41.654,41.706,41.77,41.819,41.875,41.921,41.98,42.025,42.079,42.125,42.193,42.234,42.288,42.378,42.431,42.499,42.552,42.609,42.652,42.697,42.738,42.784,42.837,42.875,42.922,42.979,43.02,43.06,43.115,43.153,43.207,43.256,43.313,43.389,43.424,43.464,43.517,43.57,43.628,43.685,43.743,43.803,43.874,43.956,44.016,44.091,44.158,44.229,44.288,44.36,44.449,44.529,44.626,44.74,44.832,44.945,45.093,45.226,45.408,45.554,45.777,46.019,46.277,47.016,48.803
785,LNP FP,36.572,37.88,38.241,38.622,38.904,39.126,39.322,39.419,39.619,39.753,39.895,40.012,40.088,40.23,40.308,40.376,40.479,40.543,40.617,40.7,40.782,40.847,40.918,40.972,41.047,41.097,41.143,41.203,41.258,41.307,41.351,41.406,41.447,41.496,41.556,41.605,41.654,41.706,41.77,41.819,41.875,41.921,41.98,42.025,42.079,42.125,42.193,42.234,42.288,42.378,42.431,42.499,42.552,42.609,42.652,42.697,42.738,42.784,42.837,42.875,42.922,42.979,43.02,43.06,43.115,43.153,43.207,43.256,43.313,43.389,43.424,43.464,43.517,43.57,43.628,43.685,43.743,43.803,43.874,43.956,44.016,44.091,44.158,44.229,44.288,44.36,44.449,44.529,44.626,44.74,44.832,44.945,45.093,45.226,45.408,45.554,45.777,46.019,46.277,47.016,48.803
786,LNP FP,36.458,37.739,38.212,38.561,38.792,39.043,39.24,39.417,39.567,39.703,39.841,39.954,40.073,40.171,40.238,40.338,40.428,40.523,40.596,40.66,40.742,40.806,40.87,40.942,40.987,41.056,41.112,41.165,41.215,41.256,41.325,41.392,41.44,41.49,41.533,41.582,41.636,41.703,41.759,41.81,41.873,41.916,41.966,42.046,42.106,42.175,42.226,42.28,42.314,42.359,42.407,42.456,42.52,42.567,42.621,42.678,42.723,42.761,42.836,42.88,42.925,42.972,43.016,43.069,43.119,43.173,43.226,43.271,43.331,43.401,43.443,43.49,43.542,43.592,43.646,43.695,43.769,43.825,43.891,43.95,44.026,44.102,44.186,44.246,44.31,44.418,44.497,44.578,44.665,44.772,44.919,45.009,45.11,45.242,45.387,45.534,45.78,46.02,46.491,46.925,48.772
787,LNP FP,36.458,37.739,38.212,38.561,38.792,39.043,39.24,39.417,39.567,39.703,39.841,39.954,40.073,40.171,40.238,40.338,40.428,40.523,40.596,40.66,40.742,40.806,40.87,40.942,40.987,41.056,41.112,41.165,41.215,41.256,41.325,41.392,41.44,41.49,41.533,41.582,41.636,41.703,41.759,41.81,41.873,41.916,41.966,42.046,42.106,42.175,42.226,42.28,42.314,42.359,42.407,42.456,42.52,42.567,42.621,42.678,42.723,42.761,42.836,42.88,42.925,42.972,43.016,43.069,43.119,43.173,43.226,43.271,43.331,43.401,43.443,43.49,43.542,43.592,43.646,43.695,43.769,43.825,43.891,43.95,44.026,44.102,44.186,44.246,44.31,44.418,44.497,44.578,44.665,44.772,44.919,45.009,45.11,45.242,45.387,45.534,45.78,46.02,46.491,46.925,48.772
788,LNP FP,36.425,37.657,38.144,38.445,38.707,38.956,39.194,39.365,39.515,39.652,39.811,39.915,40.015,40.137,40.212,40.298,40.406,40.476,40.558,40.66,40.724,40.79,40.849,40.914,40.986,41.062,41.113,41.15,41.218,41.283,41.341,41.396,41.465,41.526,41.583,41.632,41.683,41.722,41.784,41.854,41.93,41.972,42.026,42.079,42.14,42.182,42.221,42.273,42.317,42.377,42.435,42.474,42.513,42.57,42.627,42.681,42.716,42.766,42.816,42.866,42.92,42.982,43.016,43.053,43.12,43.178,43.24,43.291,43.348,43.409,43.471,43.522,43.584,43.638,43.708,43.754,43.81,43.864,43.92,43.998,44.068,44.156,44.207,44.268,44.338,44.41,44.491,44.618,44.712,44.796,44.904,45.003,45.148,45.323,45.442,45.627,45.862,46.143,46.534,47.14,48.914
789,LNP FP,36.425,37.657,38.144,38.445,38.707,38.956,39.194,39.365,39.515,39.652,39.811,39.915,40.015,40.137,40.212,40.298,40.406,40.476,40.558,40.66,40.724,40.79,40.849,40.914,40.986,41.062,41.113,41.15,41.218,41.283,41.341,41.396,41.465,41.526,41.583,41.632,41.683,41.722,41.784,41.854,41.93,41.972,42.026,42.079,42.14,42.182,42.221,42.273,42.317,42.377,42.435,42.474,42.513,42.57,42.627,42.681,42.716,42.766,42.816,42.866,42.92,42.982,43.016,43.053,43.12,43.178,43.24,43.291,43.348,43.409,43.471,43.522,43.584,43.638,43.708,43.754,43.81,43.864,43.92,43.998,44.068,44.156,44.207,44.268,44.338,44.41,44.491,44.618,44.712,44.796,44.904,45.003,45.148,45.323,45.442,45.627,45.862,46.143,46.534,47.14,48.914
790,LNP FP,36.052,37.556,38.082,38.381,38.636,38.869,39.068,39.28,39.469,39.613,39.738,39.882,39.992,40.095,40.176,40.253,40.333,40.405,40.484,40.578,40.668,40.748,40.816,40.87,40.943,41.01,41.079,41.14,41.209,41.274,41.331,41.408,41.474,41.542,41.598,41.647,41.708,41.757,41.805,41.872,41.922,41.981,42.022,42.073,42.113,42.169,42.23,42.279,42.326,42.375,42.405,42.464,42.517,42.56,42.607,42.67,42.727,42.787,42.835,42.881,42.926,42.977,43.044,43.098,43.136,43.188,43.243,43.291,43.358,43.42,43.476,43.524,43.592,43.634,43.693,43.766,43.821,43.892,43.937,43.993,44.064,44.148,44.219,44.283,44.35,44.444,44.534,44.621,44.726,44.845,44.965,45.074,45.242,45.394,45.547,45.713,45.907,46.167,46.6,47.314,49.084
791,LNP FP,36.052,37.556,38.082,38.381,38.636,38.869,39.068,39.28,39.469,39.613,39.738,39.882,39.992,40.095,40.176,40.253,40.333,40.405,40.484,40.578,40.668,40.748,40.816,40.87,40.943,41.01,41.079,41.14,41.209,41.274,41.331,41.408,41.474,41.542,41.598,41.647,41.708,41.757,41.805,41.872,41.922,41.981,42.022,42.073,42.113,42.169,42.23,42.279,42.326,42.375,42.405,42.464,42.517,42.56,42.607,42.67,42.727,42.787,42.835,42.881,42.926,42.977,43.044,43.098,43.136,43.188,43.243,43.291,43.358,43.42,43.476,43.524,43.592,43.634,43.693,43.766,43.821,43.892,43.937,43.993,44.064,44.148,44.219,44.283,44.35,44.444,44.534,44.621,44.726,44.845,44.965,45.074,45.242,45.394,45.547,45.713,45.907,46.167,46.6,47.314,49.084
792,LNP FP,35.953,37.495,37.993,38.341,38.607,38.83,39.064,39.24,39.433,39.577,39.679,39.786,39.885,39.969,40.083,40.201,40.324,40.405,40.457,40.531,40.622,40.695,40.776,40.829,40.897,40.957,41.013,41.102,41.184,41.248,41.322,41.367,41.439,41.494,41.563,41.615,41.673,41.735,41.804,41.867,41.921,41.981,42.034,42.098,42.149,42.213,42.264,42.307,42.373,42.43,42.48,42.526,42.575,42.618,42.661,42.707,42.759,42.796,42.837,42.879,42.94,42.999,43.057,43.112,43.178,43.235,43.309,43.354,43.411,43.453,43.51,43.568,43.617,43.66,43.713,43.76,43.806,43.864,43.95,44.02,44.069,44.131,44.201,44.272,44.338,44.434,44.575,44.687,44.799,44.918,45.054,45.164,45.301,45.434,45.62,45.82,45.99,46.215,46.624,47.254,48.607
793,LNP FP,35.953,37.495,37.993,38.341,38.607,38.83,39.064,39.24,39.433,39.577,39.679,39.786,39.885,39.969,40.083,40.201,40.324,40.405,40.457,40.531,40.622,40.695,40.776,40.829,40.897,40.957,41.013,41.102,41.184,41.248,41.322,41.367,41.439,41.494,41.563,41.615,41.673,41.735,41.804,41.867,41.921,41.981,42.034,42.098,42.149,42.213,42.264,42.307,42.373,42.43,42.48,42.526,42.575,42.618,42.661,42.707,42.759,42.796,42.837,42.879,42.94,42.999,43.057,43.112,43.178,43.235,43.309,43.354,43.411,43.453,43.51,43.568,43.617,43.66,43.713,43.76,43.806,43.864,43.95,44.02,44.069,44.131,44.201,44.272,44.338,44.434,44.575,44.687,44.799,44.918,45.054,45.164,45.301,45.434,45.62,45.82,45.99,46.215,46.624,47.254,48.607
794,LNP FP,35.953,37.443,37.908,38.35,38.604,38.845,38.996,39.197,39.351,39.477,39.613,39.739,39.838,39.955,40.065,40.18,40.261,40.365,40.438,40.527,40.599,40.668,40.756,40.854,40.935,40.99,41.044,41.122,41.185,41.244,41.293,41.338,41.4,41.48,41.517,41.589,41.635,41.691,41.763,41.86,41.906,41.973,42.03,42.1,42.149,42.21,42.262,42.33,42.388,42.43,42.475,42.525,42.581,42.633,42.679,42.742,42.794,42.838,42.892,42.948,43.008,43.047,43.095,43.14,43.189,43.239,43.291,43.342,43.401,43.448,43.489,43.537,43.592,43.644,43.698,43.752,43.812,43.879,43.947,44.023,44.111,44.155,44.249,44.324,44.407,44.47,44.57,44.688,44.809,44.91,45.055,45.216,45.324,45.466,45.678,45.847,46.043,46.285,46.646,47.286,48.784
795,LNP FP,35.953,37.443,37.908,38.35,38.604,38.845,38.996,39.197,39.351,39.477,39.613,39.739,39.838,39.955,40.065,40.18,40.261,40.365,40.438,40.527,40.599,40.668,40.756,40.854,40.935,40.99,41.044,41.122,41.185,41.244,41.293,41.338,41.4,41.48,41.517,41.589,41.635,41.691,41.763,41.86,41.906,41.973,42.03,42.1,42.149,42.21,42.262,42.33,42.388,42.43,42.475,42.525,42.581,42.633,42.679,42.742,42.794,42.838,42.892,42.948,43.008,43.047,43.095,43.14,43.189,43.239,43.291,43.342,43.401,43.448,43.489,43.537,43.592,43.644,43.698,43.752,43.812,43.879,43.947,44.023,44.111,44.155,44.249,44.324,44.407,44.47,44.57,44.688,44.809,44.91,45.055,45.216,45.324,45.466,45.678,45.847,46.043,46.285,46.646,47.286,48.784
796,LNP FP,36.022,37.476,37.871,38.274,38.508,38.787,38.95,39.123,39.268,39.387,39.527,39.676,39.814,39.937,40.028,40.129,40.2,40.303,40.397,40.48,40.575,40.64,40.711,40.784,40.85,40.918,40.999,41.081,41.152,41.216,41.274,41.324,41.391,41.449,41.532,41.578,41.66,41.735,41.793,41.849,41.906,41.982,42.031,42.084,42.147,42.197,42.251,42.297,42.338,42.399,42.451,42.523,42.558,42.599,42.647,42.698,42.752,42.797,42.853,42.892,42.945,43.007,43.051,43.107,43.177,43.248,43.315,43.38,43.432,43.476,43.527,43.586,43.63,43.675,43.72,43.775,43.834,43.887,43.953,44.032,44.094,44.173,44.262,44.361,44.453,44.557,44.655,44.771,44.855,44.96,45.072,45.203,45.333,45.452,45.65,45.861,46.092,46.382,46.765,47.438,48.646
797,LNP FP,36.022,37.476,37.871,38.274,38.508,38.787,38.95,39.123,39.268,39.387,39.527,39.676,39.814,39.937,40.028,40.129,40.2,40.303,40.397,40.48,40.575,40.64,40.711,40.784,40.85,40.918,40.999,41.081,41.152,41.216,41.274,41.324,41.391,41.449,41.532,41.578,41.66,41.735,41.793,41.849,41.906,41.982,42.031,42.084,42.147,42.197,42.251,42.297,42.338,42.399,42.451,42.523,42.558,42.599,42.647,42.698,42.752,42.797,42.853,42.892,42.945,43.007,43.051,43.107,43.177,43.248,43.315,43.38,43.432,43.476,43.527,43.586,43.63,43.675,43.72,43.775,43.834,43.887,43.953,44.032,44.094,44.173,44.262,44.361,44.453,44.557,44.655,44.771,44.855,44.96,45.072,45.203,45.333,45.452,45.65,45.861,46.092,46.382,46.765,47.438,48.646
798,LNP FP,35.719,37.395,37.849,38.243,38.567,38.762,38.926,39.119,39.252,39.36,39.471,39.584,39.724,39.871,39.978,40.067,40.147,40.224,40.316,40.41,40.484,40.576,40.657,40.741,40.829,40.89,40.962,41.026,41.108,41.172,41.255,41.321,41.386,41.444,41.51,41.579,41.623,41.705,41.765,41.825,41.881,41.923,41.985,42.048,42.102,42.152,42.208,42.266,42.306,42.366,42.435,42.499,42.55,42.588,42.654,42.711,42.754,42.801,42.846,42.899,42.949,42.994,43.052,43.104,43.168,43.24,43.299,43.345,43.398,43.445,43.515,43.573,43.642,43.713,43.768,43.812,43.864,43.933,43.989,44.091,44.188,44.25,44.307,44.395,44.499,44.578,44.667,44.784,44.885,44.981,45.073,45.187,45.314,45.489,45.66,45.933,46.165,46.387,46.828,47.474,48.914
799,LNP FP,35.719,37.395,37.849,38.243,38.567,38.762,38.926,39.119,39.252,39.36,39.471,39.584,39.724,39.871,39.978,40.067,40.147,40.224,40.316,40.41,40.484,40.576,40.657,40.741,40.829,40.89,40.962,41.026,41.108,41.172,41.255,41.321,41.386,41.444,41.51,41.579,41.623,41.705,41.765,41.825,41.881,41.923,41.985,42.048,42.102,42.152,42.208,42.266,42.306,42.366,42.435,42.499,42.55,42.588,42.654,42.711,42.754,42.801,42.846,42.899,42.949,42.994,43.052,43.104,43.168,43.24,43.299,43.345,43.398,43.445,43.515,43.573,43.642,43.713,43.768,43.812,43.864,43.933,43.989,44.091,44.188,44.25,44.307,44.395,44.499,44.578,44.667,44.784,44.885,44.981,45.073,45.187,45.314,45.489,45.66,45.933,46.165,46.387,46.828,47.474,48.914
800,LNP FP,35.662,37.297,37.979,38.295,38.538,38.747,38.901,39.086,39.245,39.354,39.493,39.615,39.715,39.843,39.98,40.086,40.163,40.244,40.346,40.435,40.491,40.563,40.64,40.7,40.769,40.867,40.949,41.015,41.078,41.15,41.227,41.282,41.35,41.422,41.512,41.566,41.635,41.687,41.741,41.787,41.836,41.876,41.936,41.992,42.057,42.099,42.165,42.231,42.286,42.357,42.405,42.472,42.516,42.575,42.617,42.662,42.718,42.78,42.84,42.892,42.943,43.001,43.058,43.123,43.179,43.232,43.295,43.357,43.414,43.489,43.549,43.609,43.68,43.74,43.781,43.846,43.907,43.964,44.038,44.141,44.233,44.297,44.365,44.444,44.512,44.621,44.696,44.806,44.913,45.033,45.142,45.247,45.382,45.537,45.678,45.937,46.175,46.473,46.847,47.556,48.951
801,LNP FP,35.662,37.297,37.979,38.295,38.538,38.747,38.901,39.086,39.245,39.354,39.493,39.615,39.715,39.843,39.98,40.086,40.163,40.244,40.346,40.435,40.491,40.563,40.64,40.7,40.769,40.867,40.949,41.015,41.078,41.15,41.227,41.282,41.35,41.422,41.512,41.566,41.635,41.687,41.741,41.787,41.836,41.876,41.936,41.992,42.057,42.099,42.165,42.231,42.286,42.357,42.405,42.472,42.516,42.575,42.617,42.662,42.718,42.78,42.84,42.892,42.943,43.001,43.058,43.123,43.179,43.232,43.295,43.357,43.414,43.489,43.549,43.609,43.68,43.74,43.781,43.846,43.907,43.964,44.038,44.141,44.233,44.297,44.365,44.444,44.512,44.621,44.696,44.806,44.913,45.033,45.142,45.247,45.382,45.537,45.678,45.937,46.175,46.473,46.847,47.556,48.951
802,LNP FP,35.945,37.458,37.981,38.285,38.508,38.682,38.888,39.08,39.226,39.339,39.449,39.616,39.713,39.835,39.942,40.04,40.13,40.214,40.286,40.406,40.48,40.559,40.634,40.709,40.765,40.842,40.92,40.987,41.054,41.117,41.191,41.25,41.314,41.371,41.444,41.523,41.588,41.667,41.72,41.769,41.826,41.888,41.978,42.041,42.083,42.149,42.215,42.264,42.305,42.353,42.389,42.446,42.488,42.536,42.59,42.656,42.722,42.779,42.834,42.882,42.937,42.97,43.023,43.081,43.145,43.193,43.267,43.355,43.425,43.482,43.543,43.605,43.683,43.762,43.824,43.91,43.986,44.048,44.149,44.209,44.285,44.332,44.426,44.494,44.567,44.641,44.737,44.835,44.924,45.057,45.159,45.266,45.443,45.579,45.802,45.99,46.184,46.476,46.913,47.442,49.136
803,LNP FP,35.945,37.458,37.981,38.285,38.508,38.682,38.888,39.08,39.226,39.339,39.449,39.616,39.713,39.835,39.942,40.04,40.13,40.214,40.286,40.406,40.48,40.559,40.634,40.709,40.765,40.842,40.92,40.987,41.054,41.117,41.191,41.25,41.314,41.371,41.444,41.523,41.588,41.667,41.72,41.769,41.826,41.888,41.978,42.041,42.083,42.149,42.215,42.264,42.305,42.353,42.389,42.446,42.488,42.536,42.59,42.656,42.722,42.779,42.834,42.882,42.937,42.97,43.023,43.081,43.145,43.193,43.267,43.355,43.425,43.482,43.543,43.605,43.683,43.762,43.824,43.91,43.986,44.048,44.149,44.209,44.285,44.332,44.426,44.494,44.567,44.641,44.737,44.835,44.924,45.057,45.159,45.266,45.443,45.579,45.802,45.99,46.184,46.476,46.913,47.442,49.136
804,LNP FP,35.63,37.355,37.923,38.243,38.48,38.654,38.902,39.073,39.186,39.321,39.468,39.632,39.696,39.813,39.889,39.985,40.085,40.172,40.252,40.329,40.428,40.523,40.591,40.677,40.737,40.811,40.882,40.971,41.026,41.093,41.149,41.246,41.297,41.363,41.419,41.485,41.547,41.62,41.687,41.741,41.807,41.884,41.957,42.034,42.095,42.154,42.201,42.255,42.319,42.376,42.433,42.486,42.532,42.577,42.624,42.688,42.738,42.787,42.852,42.903,42.938,42.996,43.065,43.106,43.18,43.235,43.3,43.367,43.431,43.496,43.57,43.633,43.716,43.79,43.863,43.94,43.999,44.071,44.162,44.242,44.331,44.408,44.492,44.556,44.608,44.688,44.781,44.9,45.019,45.104,45.219,45.335,45.497,45.625,45.802,45.966,46.192,46.551,46.983,47.539,49.228
805,LNP FP,35.63,37.355,37.923,38.243,38.48,38.654,38.902,39.073,39.186,39.321,39.468,39.632,39.696,39.813,39.889,39.985,40.085,40.172,40.252,40.329,40.428,40.523,40.591,40.677,40.737,40.811,40.882,40.971,41.026,41.093,41.149,41.246,41.297,41.363,41.419,41.485,41.547,41.62,41.687,41.741,41.807,41.884,41.957,42.034,42.095,42.154,42.201,42.255,42.319,42.376,42.433,42.486,42.532,42.577,42.624,42.688,42.738,42.787,42.852,42.903,42.938,42.996,43.065,43.106,43.18,43.235,43.3,43.367,43.431,43.496,43.57,43.633,43.716,43.79,43.863,43.94,43.999,44.071,44.162,44.242,44.331,44.408,44.492,44.556,44.608,44.688,44.781,44.9,45.019,45.104,45.219,45.335,45.497,45.625,45.802,45.966,46.192,46.551,46.983,47.539,49.228
806,LNP FP,35.647,37.144,37.916,38.148,38.391,38.62,38.821,38.997,39.179,39.34,39.469,39.569,39.676,39.782,39.865,39.948,40.076,40.161,40.225,40.312,40.373,40.48,40.561,40.653,40.713,40.788,40.857,40.942,41.006,41.103,41.162,41.224,41.288,41.365,41.416,41.495,41.553,41.629,41.672,41.754,41.815,41.866,41.925,41.987,42.033,42.108,42.176,42.228,42.297,42.347,42.395,42.44,42.493,42.563,42.62,42.662,42.725,42.781,42.843,42.911,42.966,43.018,43.09,43.13,43.198,43.28,43.345,43.41,43.471,43.52,43.571,43.629,43.704,43.772,43.836,43.927,44.011,44.074,44.145,44.22,44.311,44.382,44.449,44.543,44.663,44.759,44.843,44.949,45.033,45.121,45.23,45.397,45.546,45.741,45.878,46.039,46.271,46.62,46.984,47.521,49.424
807,LNP FP,35.647,37.144,37.916,38.148,38.391,38.62,38.821,38.997,39.179,39.34,39.469,39.569,39.676,39.782,39.865,39.948,40.076,40.161,40.225,40.312,40.373,40.48,40.561,40.653,40.713,40.788,40.857,40.942,41.006,41.103,41.162,41.224,41.288,41.365,41.416,41.495,41.553,41.629,41.672,41.754,41.815,41.866,41.925,41.987,42.033,42.108,42.176,42.228,42.297,42.347,42.395,42.44,42.493,42.563,42.62,42.662,42.725,42.781,42.843,42.911,42.966,43.018,43.09,43.13,43.198,43.28,43.345,43.41,43.471,43.52,43.571,43.629,43.704,43.772,43.836,43.927,44.011,44.074,44.145,44.22,44.311,44.382,44.449,44.543,44.663,44.759,44.843,44.949,45.033,45.121,45.23,45.397,45.546,45.741,45.878,46.039,46.271,46.62,46.984,47.521,49.424
808,LNP FP,35.46,37.19,37.777,38.153,38.375,38.634,38.794,38.99,39.165,39.279,39.389,39.551,39.638,39.747,39.844,39.942,40.035,40.11,40.194,40.28,40.362,40.452,40.521,40.607,40.688,40.767,40.849,40.941,41.01,41.099,41.151,41.221,41.287,41.353,41.431,41.488,41.562,41.624,41.676,41.745,41.802,41.861,41.909,41.954,42.017,42.085,42.143,42.211,42.251,42.32,42.405,42.447,42.496,42.546,42.59,42.641,42.714,42.777,42.838,42.893,42.967,43.016,43.078,43.139,43.206,43.265,43.344,43.403,43.459,43.529,43.601,43.672,43.737,43.795,43.881,43.944,44.004,44.083,44.172,44.244,44.309,44.397,44.476,44.573,44.652,44.757,44.864,44.991,45.108,45.238,45.353,45.47,45.565,45.735,45.924,46.105,46.317,46.675,47.003,47.659,49.453
809,LNP FP,35.46,37.19,37.777,38.153,38.375,38.634,38.794,38.99,39.165,39.279,39.389,39.551,39.638,39.747,39.844,39.942,40.035,40.11,40.194,40.28,40.362,40.452,40.521,40.607,40.688,40.767,40.849,40.941,41.01,41.099,41.151,41.221,41.287,41.353,41.431,41.488,41.562,41.624,41.676,41.745,41.802,41.861,41.909,41.954,42.017,42.085,42.143,42.211,42.251,42.32,42.405,42.447,42.496,42.546,42.59,42.641,42.714,42.777,42.838,42.893,42.967,43.016,43.078,43.139,43.206,43.265,43.344,43.403,43.459,43.529,43.601,43.672,43.737,43.795,43.881,43.944,44.004,44.083,44.172,44.244,44.309,44.397,44.476,44.573,44.652,44.757,44.864,44.991,45.108,45.238,45.353,45.47,45.565,45.735,45.924,46.105,46.317,46.675,47.003,47.659,49.453
810,LNP FP,35.282,36.864,37.779,38.19,38.437,38.636,38.816,38.967,39.122,39.234,39.381,39.509,39.628,39.752,39.847,39.926,40.027,40.101,40.197,40.285,40.408,40.505,40.58,40.655,40.733,40.807,40.874,40.954,41.02,41.09,41.152,41.229,41.295,41.355,41.438,41.495,41.549,41.608,41.682,41.766,41.833,41.892,41.945,41.984,42.053,42.096,42.145,42.197,42.25,42.315,42.373,42.43,42.491,42.529,42.579,42.636,42.686,42.761,42.838,42.89,42.955,43.014,43.092,43.166,43.231,43.296,43.343,43.433,43.498,43.551,43.627,43.694,43.763,43.838,43.919,43.993,44.058,44.124,44.197,44.272,44.348,44.412,44.488,44.595,44.701,44.801,44.902,45.006,45.107,45.256,45.343,45.45,45.557,45.74,45.933,46.119,46.354,46.704,47.159,47.644,49.584
811,LNP FP,35.282,36.864,37.779,38.19,38.437,38.636,38.816,38.967,39.122,39.234,39.381,39.509,39.628,39.752,39.847,39.926,40.027,40.101,40.197,40.285,40.408,40.505,40.58,40.655,40.733,40.807,40.874,40.954,41.02,41.09,41.152,41.229,41.295,41.355,41.438,41.495,41.549,41.608,41.682,41.766,41.833,41.892,41.945,41.984,42.053,42.096,42.145,42.197,42.25,42.315,42.373,42.43,42.491,42.529,42.579,42.636,42.686,42.761,42.838,42.89,42.955,43.014,43.092,43.166,43.231,43.296,43.343,43.433,43.498,43.551,43.627,43.694,43.763,43.838,43.919,43.993,44.058,44.124,44.197,44.272,44.348,44.412,44.488,44.595,44.701,44.801,44.902,45.006,45.107,45.256,45.343,45.45,45.557,45.74,45.933,46.119,46.354,46.704,47.159,47.644,49.584
812,LNP FP,35.001,36.976,37.67,38.052,38.252,38.483,38.705,38.93,39.051,39.191,39.337,39.484,39.579,39.692,39.804,39.884,39.991,40.097,40.196,40.278,40.386,40.466,40.573,40.641,40.716,40.782,40.852,40.927,41.014,41.086,41.178,41.248,41.314,41.367,41.43,41.495,41.554,41.613,41.678,41.736,41.796,41.879,41.947,41.997,42.047,42.094,42.145,42.208,42.255,42.301,42.357,42.42,42.467,42.538,42.582,42.632,42.691,42.769,42.833,42.914,42.978,43.041,43.105,43.161,43.232,43.305,43.39,43.466,43.524,43.611,43.685,43.765,43.818,43.867,43.934,43.997,44.074,44.162,44.202,44.286,44.353,44.45,44.555,44.645,44.759,44.866,44.948,45.039,45.151,45.264,45.395,45.52,45.662,45.804,45.959,46.166,46.434,46.796,47.183,47.768,49.531
813,LNP FP,35.001,36.976,37.67,38.052,38.252,38.483,38.705,38.93,39.051,39.191,39.337,39.484,39.579,39.692,39.804,39.884,39.991,40.097,40.196,40.278,40.386,40.466,40.573,40.641,40.716,40.782,40.852,40.927,41.014,41.086,41.178,41.248,41.314,41.367,41.43,41.495,41.554,41.613,41.678,41.736,41.796,41.879,41.947,41.997,42.047,42.094,42.145,42.208,42.255,42.301,42.357,42.42,42.467,42.538,42.582,42.632,42.691,42.769,42.833,42.914,42.978,43.041,43.105,43.161,43.232,43.305,43.39,43.466,43.524,43.611,43.685,43.765,43.818,43.867,43.934,43.997,44.074,44.162,44.202,44.286,44.353,44.45,44.555,44.645,44.759,44.866,44.948,45.039,45.151,45.264,45.395,45.52,45.662,45.804,45.959,46.166,46.434,46.796,47.183,47.768,49.531
814,LNP FP,34.746,36.921,37.718,38.034,38.262,38.48,38.654,38.86,38.999,39.154,39.288,39.419,39.568,39.694,39.795,39.902,39.983,40.095,40.181,40.265,40.358,40.451,40.527,40.607,40.689,40.773,40.872,40.947,41.01,41.092,41.16,41.206,41.279,41.333,41.406,41.472,41.526,41.603,41.673,41.734,41.786,41.854,41.901,41.965,42.02,42.07,42.143,42.192,42.257,42.311,42.368,42.431,42.49,42.546,42.607,42.67,42.736,42.823,42.871,42.93,42.99,43.04,43.109,43.194,43.276,43.338,43.389,43.454,43.531,43.594,43.646,43.724,43.82,43.894,43.962,44.025,44.093,44.153,44.227,44.305,44.36,44.442,44.525,44.631,44.756,44.861,44.975,45.088,45.181,45.27,45.394,45.512,45.643,45.788,45.987,46.274,46.508,46.783,47.309,47.865,49.625
815,LNP FP,34.746,36.921,37.718,38.034,38.262,38.48,38.654,38.86,38.999,39.154,39.288,39.419,39.568,39.694,39.795,39.902,39.983,40.095,40.181,40.265,40.358,40.451,40.527,40.607,40.689,40.773,40.872,40.947,41.01,41.092,41.16,41.206,41.279,41.333,41.406,41.472,41.526,41.603,41.673,41.734,41.786,41.854,41.901,41.965,42.02,42.07,42.143,42.192,42.257,42.311,42.368,42.431,42.49,42.546,42.607,42.67,42.736,42.823,42.871,42.93,42.99,43.04,43.109,43.194,43.276,43.338,43.389,43.454,43.531,43.594,43.646,43.724,43.82,43.894,43.962,44.025,44.093,44.153,44.227,44.305,44.36,44.442,44.525,44.631,44.756,44.861,44.975,45.088,45.181,45.27,45.394,45.512,45.643,45.788,45.987,46.274,46.508,46.783,47.309,47.865,49.625
816,LNP FP,34.555,36.764,37.609,37.965,38.226,38.412,38.687,38.828,38.99,39.115,39.237,39.35,39.508,39.607,39.755,39.879,39.964,40.053,40.147,40.259,40.355,40.407,40.513,40.602,40.7,40.769,40.845,40.932,41.004,41.075,41.138,41.21,41.272,41.325,41.395,41.451,41.515,41.577,41.661,41.71,41.779,41.821,41.885,41.938,42.013,42.068,42.126,42.194,42.25,42.311,42.363,42.415,42.484,42.55,42.632,42.69,42.755,42.816,42.878,42.935,43.016,43.071,43.143,43.2,43.27,43.324,43.371,43.454,43.53,43.598,43.688,43.753,43.806,43.867,43.932,44.013,44.074,44.139,44.221,44.304,44.386,44.482,44.578,44.672,44.743,44.831,44.957,45.069,45.181,45.273,45.385,45.523,45.683,45.816,46.023,46.276,46.541,46.86,47.321,47.864,49.651
817,LNP FP,34.555,36.764,37.609,37.965,38.226,38.412,38.687,38.828,38.99,39.115,39.237,39.35,39.508,39.607,39.755,39.879,39.964,40.053,40.147,40.259,40.355,40.407,40.513,40.602,40.7,40.769,40.845,40.932,41.004,41.075,41.138,41.21,41.272,41.325,41.395,41.451,41.515,41.577,41.661,41.71,41.779,41.821,41.885,41.938,42.013,42.068,42.126,42.194,42.25,42.311,42.363,42.415,42.484,42.55,42.632,42.69,42.755,42.816,42.878,42.935,43.016,43.071,43.143,43.2,43.27,43.324,43.371,43.454,43.53,43.598,43.688,43.753,43.806,43.867,43.932,44.013,44.074,44.139,44.221,44.304,44.386,44.482,44.578,44.672,44.743,44.831,44.957,45.069,45.181,45.273,45.385,45.523,45.683,45.816,46.023,46.276,46.541,46.86,47.321,47.864,49.651
818,LNP FP,34.75,36.759,37.532,37.905,38.195,38.396,38.637,38.784,38.954,39.058,39.215,39.33,39.476,39.618,39.729,39.84,39.937,40.029,40.122,40.22,40.334,40.399,40.487,40.56,40.682,40.752,40.854,40.929,41.009,41.08,41.148,41.222,41.279,41.345,41.4,41.464,41.516,41.569,41.636,41.693,41.749,41.804,41.881,41.943,42.003,42.067,42.135,42.206,42.272,42.324,42.387,42.449,42.496,42.558,42.637,42.697,42.779,42.832,42.893,42.967,43.027,43.073,43.146,43.226,43.299,43.37,43.446,43.506,43.57,43.634,43.681,43.749,43.805,43.893,43.956,44.036,44.116,44.18,44.251,44.318,44.41,44.497,44.571,44.648,44.756,44.881,44.958,45.086,45.219,45.31,45.413,45.57,45.685,45.853,46.042,46.313,46.538,46.826,47.321,47.989,49.654
819,LNP FP,34.75,36.759,37.532,37.905,38.195,38.396,38.637,38.784,38.954,39.058,39.215,39.33,39.476,39.618,39.729,39.84,39.937,40.029,40.122,40.22,40.334,40.399,40.487,40.56,40.682,40.752,40.854,40.929,41.009,41.08,41.148,41.222,41.279,41.345,41.4,41.464,41.516,41.569,41.636,41.693,41.749,41.804,41.881,41.943,42.003,42.067,42.135,42.206,42.272,42.324,42.387,42.449,42.496,42.558,42.637,42.697,42.779,42.832,42.893,42.967,43.027,43.073,43.146,43.226,43.299,43.37,43.446,43.506,43.57,43.634,43.681,43.749,43.805,43.893,43.956,44.036,44.116,44.18,44.251,44.318,44.41,44.497,44.571,44.648,44.756,44.881,44.958,45.086,45.219,45.31,45.413,45.57,45.685,45.853,46.042,46.313,46.538,46.826,47.321,47.989,49.654
820,LNP FP,34.701,36.778,37.537,37.896,38.183,38.428,38.59,38.721,38.923,39.049,39.194,39.284,39.468,39.56,39.677,39.809,39.887,39.966,40.111,40.224,40.329,40.416,40.513,40.593,40.664,40.722,40.826,40.886,40.954,41.045,41.129,41.187,41.24,41.293,41.356,41.43,41.489,41.582,41.628,41.69,41.758,41.809,41.879,41.94,41.986,42.04,42.126,42.205,42.265,42.341,42.396,42.479,42.54,42.588,42.653,42.728,42.78,42.846,42.922,42.986,43.05,43.111,43.174,43.257,43.314,43.358,43.421,43.485,43.554,43.642,43.697,43.765,43.831,43.878,43.954,44.024,44.091,44.197,44.272,44.337,44.411,44.496,44.608,44.7,44.774,44.864,44.996,45.13,45.259,45.345,45.445,45.553,45.73,45.905,46.064,46.33,46.606,46.867,47.404,48.044,49.69
821,LNP FP,34.701,36.778,37.537,37.896,38.183,38.428,38.59,38.721,38.923,39.049,39.194,39.284,39.468,39.56,39.677,39.809,39.887,39.966,40.111,40.224,40.329,40.416,40.513,40.593,40.664,40.722,40.826,40.886,40.954,41.045,41.129,41.187,41.24,41.293,41.356,41.43,41.489,41.582,41.628,41.69,41.758,41.809,41.879,41.94,41.986,42.04,42.126,42.205,42.265,42.341,42.396,42.479,42.54,42.588,42.653,42.728,42.78,42.846,42.922,42.986,43.05,43.111,43.174,43.257,43.314,43.358,43.421,43.485,43.554,43.642,43.697,43.765,43.831,43.878,43.954,44.024,44.091,44.197,44.272,44.337,44.411,44.496,44.608,44.7,44.774,44.864,44.996,45.13,45.259,45.345,45.445,45.553,45.73,45.905,46.064,46.33,46.606,46.867,47.404,48.044,49.69
822,LNP FP,34.741,36.658,37.37,37.845,38.125,38.367,38.513,38.702,38.848,39.006,39.178,39.305,39.405,39.535,39.671,39.806,39.899,39.993,40.069,40.196,40.265,40.361,40.437,40.527,40.636,40.714,40.793,40.864,40.921,41.01,41.081,41.165,41.233,41.298,41.372,41.442,41.51,41.579,41.638,41.7,41.751,41.808,41.889,41.949,42.027,42.083,42.144,42.226,42.282,42.353,42.429,42.492,42.551,42.615,42.682,42.737,42.808,42.877,42.936,43.004,43.076,43.139,43.204,43.263,43.303,43.374,43.448,43.507,43.56,43.641,43.702,43.762,43.815,43.881,43.942,44.039,44.116,44.198,44.28,44.366,44.455,44.555,44.654,44.743,44.836,44.933,45.047,45.144,45.235,45.353,45.46,45.598,45.779,45.927,46.092,46.302,46.566,46.949,47.407,48.125,49.92
823,LNP FP,34.741,36.658,37.37,37.845,38.125,38.367,38.513,38.702,38.848,39.006,39.178,39.305,39.405,39.535,39.671,39.806,39.899,39.993,40.069,40.196,40.265,40.361,40.437,40.527,40.636,40.714,40.793,40.864,40.921,41.01,41.081,41.165,41.233,41.298,41.372,41.442,41.51,41.579,41.638,41.7,41.751,41.808,41.889,41.949,42.027,42.083,42.144,42.226,42.282,42.353,42.429,42.492,42.551,42.615,42.682,42.737,42.808,42.877,42.936,43.004,43.076,43.139,43.204,43.263,43.303,43.374,43.448,43.507,43.56,43.641,43.702,43.762,43.815,43.881,43.942,44.039,44.116,44.198,44.28,44.366,44.455,44.555,44.654,44.743,44.836,44.933,45.047,45.144,45.235,45.353,45.46,45.598,45.779,45.927,46.092,46.302,46.566,46.949,47.407,48.125,49.92
824,LNP FP,34.485,36.677,37.282,37.778,38.03,38.26,38.506,38.677,38.861,38.961,39.066,39.27,39.411,39.536,39.645,39.734,39.856,39.958,40.059,40.149,40.252,40.329,40.414,40.505,40.613,40.694,40.766,40.849,40.908,40.987,41.057,41.141,41.226,41.282,41.35,41.432,41.485,41.537,41.604,41.67,41.737,41.798,41.864,41.933,42.005,42.057,42.144,42.239,42.345,42.399,42.451,42.504,42.58,42.623,42.695,42.756,42.849,42.908,42.961,43.011,43.06,43.134,43.2,43.253,43.308,43.381,43.452,43.517,43.573,43.635,43.692,43.749,43.794,43.869,43.944,44.017,44.096,44.17,44.251,44.34,44.437,44.534,44.64,44.709,44.808,44.894,44.985,45.119,45.271,45.413,45.526,45.666,45.781,45.979,46.141,46.385,46.68,46.991,47.54,48.212,49.582
825,LNP FP,34.485,36.677,37.282,37.778,38.03,38.26,38.506,38.677,38.861,38.961,39.066,39.27,39.411,39.536,39.645,39.734,39.856,39.958,40.059,40.149,40.252,40.329,40.414,40.505,40.613,40.694,40.766,40.849,40.908,40.987,41.057,41.141,41.226,41.282,41.35,41.432,41.485,41.537,41.604,41.67,41.737,41.798,41.864,41.933,42.005,42.057,42.144,42.239,42.345,42.399,42.451,42.504,42.58,42.623,42.695,42.756,42.849,42.908,42.961,43.011,43.06,43.134,43.2,43.253,43.308,43.381,43.452,43.517,43.573,43.635,43.692,43.749,43.794,43.869,43.944,44.017,44.096,44.17,44.251,44.34,44.437,44.534,44.64,44.709,44.808,44.894,44.985,45.119,45.271,45.413,45.526,45.666,45.781,45.979,46.141,46.385,46.68,46.991,47.54,48.212,49.582
826,LNP FP,34.516,36.536,37.296,37.684,37.975,38.244,38.451,38.644,38.808,38.951,39.116,39.266,39.413,39.551,39.678,39.777,39.872,39.981,40.074,40.166,40.248,40.372,40.436,40.532,40.626,40.725,40.796,40.853,40.923,41.011,41.083,41.151,41.216,41.293,41.366,41.434,41.487,41.55,41.63,41.698,41.754,41.813,41.883,41.958,42.021,42.09,42.135,42.222,42.283,42.355,42.427,42.492,42.572,42.651,42.706,42.764,42.826,42.881,42.932,42.98,43.042,43.101,43.16,43.242,43.309,43.375,43.443,43.495,43.562,43.631,43.684,43.745,43.825,43.906,43.962,44.037,44.092,44.185,44.272,44.337,44.432,44.527,44.614,44.725,44.843,44.93,45.036,45.165,45.315,45.453,45.574,45.74,45.867,46.023,46.197,46.395,46.7,47.068,47.668,48.325,49.836
827,LNP FP,34.516,36.536,37.296,37.684,37.975,38.244,38.451,38.644,38.808,38.951,39.116,39.266,39.413,39.551,39.678,39.777,39.872,39.981,40.074,40.166,40.248,40.372,40.436,40.532,40.626,40.725,40.796,40.853,40.923,41.011,41.083,41.151,41.216,41.293,41.366,41.434,41.487,41.55,41.63,41.698,41.754,41.813,41.883,41.958,42.021,42.09,42.135,42.222,42.283,42.355,42.427,42.492,42.572,42.651,42.706,42.764,42.826,42.881,42.932,42.98,43.042,43.101,43.16,43.242,43.309,43.375,43.443,43.495,43.562,43.631,43.684,43.745,43.825,43.906,43.962,44.037,44.092,44.185,44.272,44.337,44.432,44.527,44.614,44.725,44.843,44.93,45.036,45.165,45.315,45.453,45.574,45.74,45.867,46.023,46.197,46.395,46.7,47.068,47.668,48.325,49.836
828,LNP FP,34.368,36.495,37.132,37.614,37.907,38.25,38.452,38.635,38.812,38.985,39.161,39.252,39.379,39.5,39.645,39.726,39.819,39.923,40.024,40.146,40.245,40.361,40.437,40.491,40.591,40.665,40.73,40.815,40.895,40.986,41.06,41.111,41.198,41.279,41.339,41.404,41.479,41.554,41.623,41.714,41.793,41.86,41.899,41.96,42.032,42.097,42.162,42.227,42.282,42.344,42.41,42.492,42.547,42.612,42.657,42.722,42.799,42.883,42.946,43.002,43.055,43.122,43.184,43.242,43.33,43.393,43.454,43.511,43.591,43.68,43.75,43.803,43.859,43.927,44.004,44.079,44.136,44.198,44.274,44.372,44.439,44.539,44.635,44.726,44.854,44.963,45.06,45.198,45.319,45.475,45.648,45.804,45.951,46.107,46.24,46.486,46.707,47.118,47.562,48.309,49.785
829,LNP FP,34.368,36.495,37.132,37.614,37.907,38.25,38.452,38.635,38.812,38.985,39.161,39.252,39.379,39.5,39.645,39.726,39.819,39.923,40.024,40.146,40.245,40.361,40.437,40.491,40.591,40.665,40.73,40.815,40.895,40.986,41.06,41.111,41.198,41.279,41.339,41.404,41.479,41.554,41.623,41.714,41.793,41.86,41.899,41.96,42.032,42.097,42.162,42.227,42.282,42.344,42.41,42.492,42.547,42.612,42.657,42.722,42.799,42.883,42.946,43.002,43.055,43.122,43.184,43.242,43.33,43.393,43.454,43.511,43.591,43.68,43.75,43.803,43.859,43.927,44.004,44.079,44.136,44.198,44.274,44.372,44.439,44.539,44.635,44.726,44.854,44.963,45.06,45.198,45.319,45.475,45.648,45.804,45.951,46.107,46.24,46.486,46.707,47.118,47.562,48.309,49.785
830,LNP FP,34.631,36.402,37.09,37.621,37.896,38.187,38.396,38.638,38.812,38.966,39.097,39.217,39.37,39.514,39.634,39.74,39.876,39.945,40.011,40.128,40.219,40.328,40.426,40.507,40.566,40.649,40.726,40.795,40.877,40.965,41.042,41.105,41.172,41.251,41.305,41.376,41.454,41.525,41.618,41.684,41.773,41.823,41.889,41.955,42.013,42.075,42.149,42.191,42.267,42.338,42.419,42.485,42.55,42.618,42.712,42.777,42.841,42.893,42.951,42.99,43.047,43.128,43.208,43.281,43.346,43.408,43.469,43.529,43.582,43.654,43.72,43.776,43.833,43.937,44.003,44.083,44.168,44.236,44.303,44.388,44.476,44.564,44.66,44.759,44.863,44.967,45.097,45.225,45.365,45.473,45.633,45.725,45.889,46.087,46.281,46.461,46.712,47.117,47.586,48.501,49.955
831,LNP FP,34.631,36.402,37.09,37.621,37.896,38.187,38.396,38.638,38.812,38.966,39.097,39.217,39.37,39.514,39.634,39.74,39.876,39.945,40.011,40.128,40.219,40.328,40.426,40.507,40.566,40.649,40.726,40.795,40.877,40.965,41.042,41.105,41.172,41.251,41.305,41.376,41.454,41.525,41.618,41.684,41.773,41.823,41.889,41.955,42.013,42.075,42.149,42.191,42.267,42.338,42.419,42.485,42.55,42.618,42.712,42.777,42.841,42.893,42.951,42.99,43.047,43.128,43.208,43.281,43.346,43.408,43.469,43.529,43.582,43.654,43.72,43.776,43.833,43.937,44.003,44.083,44.168,44.236,44.303,44.388,44.476,44.564,44.66,44.759,44.863,44.967,45.097,45.225,45.365,45.473,45.633,45.725,45.889,46.087,46.281,46.461,46.712,47.117,47.586,48.501,49.955
832,LNP FP,34.28,36.287,37.028,37.527,37.828,38.143,38.349,38.569,38.751,38.944,39.109,39.235,39.37,39.5,39.617,39.727,39.83,39.977,40.077,40.183,40.241,40.315,40.417,40.504,40.588,40.678,40.736,40.785,40.86,40.954,41.031,41.092,41.184,41.261,41.328,41.409,41.497,41.571,41.641,41.714,41.769,41.825,41.893,41.946,42.008,42.084,42.149,42.201,42.265,42.348,42.391,42.444,42.518,42.589,42.666,42.718,42.784,42.867,42.945,43.028,43.097,43.149,43.196,43.262,43.327,43.405,43.465,43.538,43.592,43.655,43.733,43.827,43.894,43.971,44.047,44.108,44.214,44.292,44.384,44.46,44.534,44.63,44.723,44.82,44.904,44.973,45.102,45.225,45.345,45.479,45.625,45.761,45.941,46.146,46.311,46.508,46.829,47.205,47.644,48.306,49.786
833,LNP FP,34.28,36.287,37.028,37.527,37.828,38.143,38.349,38.569,38.751,38.944,39.109,39.235,39.37,39.5,39.617,39.727,39.83,39.977,40.077,40.183,40.241,40.315,40.417,40.504,40.588,40.678,40.736,40.785,40.86,40.954,41.031,41.092,41.184,41.261,41.328,41.409,41.497,41.571,41.641,41.714,41.769,41.825,41.893,41.946,42.008,42.084,42.149,42.201,42.265,42.348,42.391,42.444,42.518,42.589,42.666,42.718,42.784,42.867,42.945,43.028,43.097,43.149,43.196,43.262,43.327,43.405,43.465,43.538,43.592,43.655,43.733,43.827,43.894,43.971,44.047,44.108,44.214,44.292,44.384,44.46,44.534,44.63,44.723,44.82,44.904,44.973,45.102,45.225,45.345,45.479,45.625,45.761,45.941,46.146,46.311,46.508,46.829,47.205,47.644,48.306,49.786
834,LNP FP,34.086,36.319,36.884,37.409,37.863,38.09,38.29,38.532,38.738,38.917,39.109,39.231,39.334,39.467,39.575,39.698,39.798,39.893,40.023,40.139,40.223,40.309,40.41,40.479,40.567,40.63,40.688,40.751,40.842,40.925,40.986,41.083,41.164,41.246,41.348,41.424,41.48,41.549,41.602,41.677,41.752,41.801,41.879,41.957,42.022,42.112,42.164,42.196,42.253,42.326,42.402,42.467,42.538,42.599,42.662,42.723,42.79,42.84,42.91,42.987,43.043,43.118,43.199,43.262,43.324,43.391,43.464,43.51,43.569,43.658,43.736,43.811,43.897,43.962,44.054,44.134,44.244,44.333,44.415,44.511,44.596,44.684,44.765,44.833,44.945,45.062,45.15,45.284,45.412,45.523,45.692,45.812,46.001,46.178,46.394,46.585,46.87,47.318,47.683,48.41,50.275
835,LNP FP,34.086,36.319,36.884,37.409,37.863,38.09,38.29,38.532,38.738,38.917,39.109,39.231,39.334,39.467,39.575,39.698,39.798,39.893,40.023,40.139,40.223,40.309,40.41,40.479,40.567,40.63,40.688,40.751,40.842,40.925,40.986,41.083,41.164,41.246,41.348,41.424,41.48,41.549,41.602,41.677,41.752,41.801,41.879,41.957,42.022,42.112,42.164,42.196,42.253,42.326,42.402,42.467,42.538,42.599,42.662,42.723,42.79,42.84,42.91,42.987,43.043,43.118,43.199,43.262,43.324,43.391,43.464,43.51,43.569,43.658,43.736,43.811,43.897,43.962,44.054,44.134,44.244,44.333,44.415,44.511,44.596,44.684,44.765,44.833,44.945,45.062,45.15,45.284,45.412,45.523,45.692,45.812,46.001,46.178,46.394,46.585,46.87,47.318,47.683,48.41,50.275
836,LNP FP,33.791,36.198,36.802,37.314,37.68,37.996,38.226,38.444,38.69,38.884,39.06,39.214,39.331,39.461,39.573,39.685,39.808,39.912,39.99,40.077,40.157,40.247,40.354,40.452,40.534,40.612,40.709,40.802,40.877,40.94,41.03,41.093,41.173,41.243,41.325,41.381,41.493,41.555,41.626,41.681,41.754,41.809,41.883,41.949,42.006,42.067,42.134,42.198,42.262,42.316,42.393,42.466,42.518,42.601,42.657,42.724,42.808,42.877,42.954,43.016,43.089,43.152,43.204,43.272,43.313,43.38,43.461,43.529,43.58,43.681,43.767,43.829,43.911,44.002,44.058,44.149,44.253,44.333,44.422,44.516,44.599,44.698,44.774,44.848,44.976,45.072,45.178,45.29,45.447,45.577,45.743,45.881,46.035,46.232,46.415,46.614,46.914,47.298,47.756,48.443,50.563
837,LNP FP,33.791,36.198,36.802,37.314,37.68,37.996,38.226,38.444,38.69,38.884,39.06,39.214,39.331,39.461,39.573,39.685,39.808,39.912,39.99,40.077,40.157,40.247,40.354,40.452,40.534,40.612,40.709,40.802,40.877,40.94,41.03,41.093,41.173,41.243,41.325,41.381,41.493,41.555,41.626,41.681,41.754,41.809,41.883,41.949,42.006,42.067,42.134,42.198,42.262,42.316,42.393,42.466,42.518,42.601,42.657,42.724,42.808,42.877,42.954,43.016,43.089,43.152,43.204,43.272,43.313,43.38,43.461,43.529,43.58,43.681,43.767,43.829,43.911,44.002,44.058,44.149,44.253,44.333,44.422,44.516,44.599,44.698,44.774,44.848,44.976,45.072,45.178,45.29,45.447,45.577,45.743,45.881,46.035,46.232,46.415,46.614,46.914,47.298,47.756,48.443,50.563
838,LNP FP,33.885,36.094,36.708,37.328,37.607,37.927,38.199,38.477,38.627,38.813,39.004,39.132,39.276,39.398,39.527,39.612,39.744,39.831,39.936,40.05,40.125,40.252,40.336,40.429,40.527,40.599,40.687,40.78,40.875,40.956,41.05,41.135,41.203,41.249,41.32,41.393,41.459,41.525,41.598,41.679,41.737,41.81,41.884,41.944,42.025,42.086,42.158,42.206,42.26,42.315,42.382,42.473,42.531,42.624,42.67,42.709,42.764,42.826,42.911,42.988,43.068,43.155,43.222,43.277,43.342,43.419,43.489,43.565,43.637,43.741,43.813,43.882,43.979,44.053,44.12,44.201,44.289,44.364,44.464,44.562,44.633,44.723,44.821,44.918,45.03,45.154,45.264,45.37,45.459,45.584,45.744,45.887,46.045,46.212,46.45,46.643,46.926,47.378,47.857,48.527,50.373
839,LNP FP,33.885,36.094,36.708,37.328,37.607,37.927,38.199,38.477,38.627,38.813,39.004,39.132,39.276,39.398,39.527,39.612,39.744,39.831,39.936,40.05,40.125,40.252,40.336,40.429,40.527,40.599,40.687,40.78,40.875,40.956,41.05,41.135,41.203,41.249,41.32,41.393,41.459,41.525,41.598,41.679,41.737,41.81,41.884,41.944,42.025,42.086,42.158,42.206,42.26,42.315,42.382,42.473,42.531,42.624,42.67,42.709,42.764,42.826,42.911,42.988,43.068,43.155,43.222,43.277,43.342,43.419,43.489,43.565,43.637,43.741,43.813,43.882,43.979,44.053,44.12,44.201,44.289,44.364,44.464,44.562,44.633,44.723,44.821,44.918,45.03,45.154,45.264,45.37,45.459,45.584,45.744,45.887,46.045,46.212,46.45,46.643,46.926,47.378,47.857,48.527,50.373
840,LNP FP,33.929,36.154,36.724,37.266,37.695,37.998,38.217,38.423,38.578,38.722,38.899,39.057,39.189,39.362,39.492,39.607,39.739,39.846,39.945,40.053,40.151,40.246,40.343,40.41,40.5,40.589,40.664,40.762,40.858,40.952,41.035,41.096,41.166,41.231,41.31,41.372,41.435,41.494,41.59,41.669,41.76,41.821,41.883,41.946,41.996,42.082,42.159,42.213,42.279,42.368,42.418,42.48,42.555,42.612,42.675,42.747,42.812,42.877,42.93,42.988,43.063,43.139,43.231,43.306,43.38,43.457,43.534,43.604,43.667,43.756,43.83,43.892,43.956,44.014,44.12,44.21,44.328,44.402,44.504,44.602,44.683,44.796,44.89,44.985,45.075,45.196,45.281,45.38,45.482,45.585,45.706,45.867,46.058,46.22,46.441,46.674,46.991,47.406,47.883,48.425,50.491
841,LNP FP,33.929,36.154,36.724,37.266,37.695,37.998,38.217,38.423,38.578,38.722,38.899,39.057,39.189,39.362,39.492,39.607,39.739,39.846,39.945,40.053,40.151,40.246,40.343,40.41,40.5,40.589,40.664,40.762,40.858,40.952,41.035,41.096,41.166,41.231,41.31,41.372,41.435,41.494,41.59,41.669,41.76,41.821,41.883,41.946,41.996,42.082,42.159,42.213,42.279,42.368,42.418,42.48,42.555,42.612,42.675,42.747,42.812,42.877,42.93,42.988,43.063,43.139,43.231,43.306,43.38,43.457,43.534,43.604,43.667,43.756,43.83,43.892,43.956,44.014,44.12,44.21,44.328,44.402,44.504,44.602,44.683,44.796,44.89,44.985,45.075,45.196,45.281,45.38,45.482,45.585,45.706,45.867,46.058,46.22,46.441,46.674,46.991,47.406,47.883,48.425,50.491
842,LNP FP,34.158,35.846,36.685,37.215,37.719,37.937,38.166,38.405,38.582,38.715,38.853,39.055,39.207,39.363,39.466,39.564,39.712,39.83,39.913,40.031,40.155,40.251,40.316,40.399,40.499,40.598,40.707,40.768,40.849,40.911,40.996,41.116,41.169,41.248,41.331,41.385,41.453,41.516,41.592,41.649,41.698,41.773,41.862,41.958,42.037,42.105,42.172,42.251,42.32,42.379,42.429,42.499,42.578,42.633,42.699,42.773,42.861,42.912,42.978,43.053,43.106,43.178,43.251,43.307,43.37,43.43,43.507,43.606,43.677,43.755,43.821,43.917,44.021,44.107,44.191,44.256,44.354,44.446,44.51,44.578,44.672,44.748,44.852,45.007,45.091,45.201,45.313,45.409,45.51,45.642,45.79,45.941,46.106,46.257,46.493,46.713,47.016,47.414,47.781,48.708,50.379
843,LNP FP,34.158,35.846,36.685,37.215,37.719,37.937,38.166,38.405,38.582,38.715,38.853,39.055,39.207,39.363,39.466,39.564,39.712,39.83,39.913,40.031,40.155,40.251,40.316,40.399,40.499,40.598,40.707,40.768,40.849,40.911,40.996,41.116,41.169,41.248,41.331,41.385,41.453,41.516,41.592,41.649,41.698,41.773,41.862,41.958,42.037,42.105,42.172,42.251,42.32,42.379,42.429,42.499,42.578,42.633,42.699,42.773,42.861,42.912,42.978,43.053,43.106,43.178,43.251,43.307,43.37,43.43,43.507,43.606,43.677,43.755,43.821,43.917,44.021,44.107,44.191,44.256,44.354,44.446,44.51,44.578,44.672,44.748,44.852,45.007,45.091,45.201,45.313,45.409,45.51,45.642,45.79,45.941,46.106,46.257,46.493,46.713,47.016,47.414,47.781,48.708,50.379
844,LNP FP,34.086,35.734,36.678,37.239,37.638,37.96,38.138,38.301,38.474,38.66,38.841,39.031,39.196,39.315,39.452,39.555,39.66,39.766,39.871,39.971,40.075,40.18,40.244,40.371,40.458,40.527,40.626,40.762,40.825,40.912,40.991,41.072,41.168,41.258,41.327,41.406,41.458,41.527,41.59,41.646,41.719,41.791,41.864,41.948,42.006,42.057,42.152,42.225,42.293,42.372,42.429,42.515,42.602,42.672,42.724,42.791,42.85,42.921,42.979,43.058,43.122,43.183,43.245,43.314,43.422,43.5,43.54,43.633,43.698,43.775,43.849,43.916,43.989,44.073,44.162,44.276,44.355,44.427,44.52,44.59,44.674,44.756,44.861,44.966,45.065,45.179,45.338,45.45,45.563,45.678,45.837,45.977,46.121,46.292,46.508,46.709,47.012,47.536,48.001,48.752,50.331
845,LNP FP,34.086,35.734,36.678,37.239,37.638,37.96,38.138,38.301,38.474,38.66,38.841,39.031,39.196,39.315,39.452,39.555,39.66,39.766,39.871,39.971,40.075,40.18,40.244,40.371,40.458,40.527,40.626,40.762,40.825,40.912,40.991,41.072,41.168,41.258,41.327,41.406,41.458,41.527,41.59,41.646,41.719,41.791,41.864,41.948,42.006,42.057,42.152,42.225,42.293,42.372,42.429,42.515,42.602,42.672,42.724,42.791,42.85,42.921,42.979,43.058,43.122,43.183,43.245,43.314,43.422,43.5,43.54,43.633,43.698,43.775,43.849,43.916,43.989,44.073,44.162,44.276,44.355,44.427,44.52,44.59,44.674,44.756,44.861,44.966,45.065,45.179,45.338,45.45,45.563,45.678,45.837,45.977,46.121,46.292,46.508,46.709,47.012,47.536,48.001,48.752,50.331
846,LNP FP,39.255,40.675,41.243,41.702,41.979,42.202,42.391,42.51,42.717,42.824,42.964,43.094,43.22,43.311,43.371,43.492,43.575,43.671,43.754,43.83,43.893,43.963,44.026,44.096,44.16,44.238,44.313,44.367,44.449,44.532,44.602,44.661,44.729,44.77,44.814,44.859,44.908,44.964,45.0,45.053,45.101,45.141,45.194,45.243,45.303,45.377,45.437,45.501,45.561,45.62,45.687,45.748,45.789,45.842,45.907,45.953,46.015,46.07,46.145,46.187,46.243,46.284,46.331,46.405,46.453,46.513,46.558,46.603,46.652,46.719,46.79,46.85,46.913,46.969,47.027,47.092,47.151,47.218,47.281,47.326,47.397,47.478,47.585,47.676,47.782,47.883,47.97,48.05,48.162,48.274,48.378,48.503,48.615,48.762,49.005,49.211,49.411,49.714,50.057,50.787,52.054
847,LNP FP,39.255,40.675,41.243,41.702,41.979,42.202,42.391,42.51,42.717,42.824,42.964,43.094,43.22,43.311,43.371,43.492,43.575,43.671,43.754,43.83,43.893,43.963,44.026,44.096,44.16,44.238,44.313,44.367,44.449,44.532,44.602,44.661,44.729,44.77,44.814,44.859,44.908,44.964,45.0,45.053,45.101,45.141,45.194,45.243,45.303,45.377,45.437,45.501,45.561,45.62,45.687,45.748,45.789,45.842,45.907,45.953,46.015,46.07,46.145,46.187,46.243,46.284,46.331,46.405,46.453,46.513,46.558,46.603,46.652,46.719,46.79,46.85,46.913,46.969,47.027,47.092,47.151,47.218,47.281,47.326,47.397,47.478,47.585,47.676,47.782,47.883,47.97,48.05,48.162,48.274,48.378,48.503,48.615,48.762,49.005,49.211,49.411,49.714,50.057,50.787,52.054
848,LNP FP,39.414,40.8,41.332,41.77,42.017,42.234,42.445,42.606,42.743,42.899,43.023,43.146,43.266,43.333,43.432,43.505,43.597,43.684,43.755,43.82,43.895,43.983,44.049,44.134,44.179,44.235,44.298,44.385,44.438,44.507,44.574,44.64,44.697,44.764,44.811,44.847,44.92,44.967,45.012,45.078,45.146,45.183,45.251,45.298,45.351,45.393,45.44,45.484,45.523,45.587,45.631,45.677,45.74,45.819,45.883,45.936,45.991,46.046,46.1,46.154,46.194,46.242,46.307,46.359,46.406,46.467,46.516,46.583,46.633,46.686,46.745,46.813,46.873,46.929,46.993,47.052,47.141,47.196,47.285,47.338,47.414,47.495,47.553,47.646,47.726,47.791,47.869,47.956,48.101,48.207,48.316,48.481,48.602,48.777,48.964,49.101,49.332,49.638,49.881,50.628,52.127
849,LNP FP,39.414,40.8,41.332,41.77,42.017,42.234,42.445,42.606,42.743,42.899,43.023,43.146,43.266,43.333,43.432,43.505,43.597,43.684,43.755,43.82,43.895,43.983,44.049,44.134,44.179,44.235,44.298,44.385,44.438,44.507,44.574,44.64,44.697,44.764,44.811,44.847,44.92,44.967,45.012,45.078,45.146,45.183,45.251,45.298,45.351,45.393,45.44,45.484,45.523,45.587,45.631,45.677,45.74,45.819,45.883,45.936,45.991,46.046,46.1,46.154,46.194,46.242,46.307,46.359,46.406,46.467,46.516,46.583,46.633,46.686,46.745,46.813,46.873,46.929,46.993,47.052,47.141,47.196,47.285,47.338,47.414,47.495,47.553,47.646,47.726,47.791,47.869,47.956,48.101,48.207,48.316,48.481,48.602,48.777,48.964,49.101,49.332,49.638,49.881,50.628,52.127
850,LNP FP,39.592,40.918,41.432,41.79,42.092,42.308,42.5,42.673,42.808,42.942,43.048,43.179,43.285,43.378,43.475,43.583,43.655,43.728,43.805,43.882,43.953,44.017,44.082,44.135,44.226,44.28,44.331,44.412,44.484,44.536,44.602,44.659,44.71,44.756,44.806,44.868,44.92,44.967,45.018,45.065,45.113,45.174,45.235,45.285,45.334,45.392,45.442,45.492,45.532,45.589,45.651,45.715,45.768,45.82,45.864,45.929,45.985,46.04,46.089,46.154,46.207,46.265,46.319,46.367,46.41,46.464,46.536,46.577,46.633,46.701,46.792,46.845,46.907,46.968,47.016,47.085,47.162,47.212,47.269,47.329,47.389,47.477,47.563,47.637,47.721,47.799,47.893,47.984,48.102,48.197,48.322,48.454,48.556,48.75,48.925,49.101,49.252,49.529,49.935,50.484,51.911
851,LNP FP,39.592,40.918,41.432,41.79,42.092,42.308,42.5,42.673,42.808,42.942,43.048,43.179,43.285,43.378,43.475,43.583,43.655,43.728,43.805,43.882,43.953,44.017,44.082,44.135,44.226,44.28,44.331,44.412,44.484,44.536,44.602,44.659,44.71,44.756,44.806,44.868,44.92,44.967,45.018,45.065,45.113,45.174,45.235,45.285,45.334,45.392,45.442,45.492,45.532,45.589,45.651,45.715,45.768,45.82,45.864,45.929,45.985,46.04,46.089,46.154,46.207,46.265,46.319,46.367,46.41,46.464,46.536,46.577,46.633,46.701,46.792,46.845,46.907,46.968,47.016,47.085,47.162,47.212,47.269,47.329,47.389,47.477,47.563,47.637,47.721,47.799,47.893,47.984,48.102,48.197,48.322,48.454,48.556,48.75,48.925,49.101,49.252,49.529,49.935,50.484,51.911
852,LNP FP,40.045,41.006,41.565,41.882,42.089,42.312,42.558,42.706,42.853,43.007,43.119,43.212,43.302,43.412,43.492,43.566,43.66,43.76,43.848,43.919,43.98,44.029,44.092,44.159,44.229,44.284,44.357,44.411,44.466,44.529,44.59,44.657,44.707,44.751,44.816,44.868,44.923,44.983,45.034,45.096,45.143,45.195,45.249,45.312,45.371,45.431,45.474,45.527,45.579,45.619,45.668,45.72,45.771,45.824,45.889,45.93,45.984,46.03,46.084,46.146,46.191,46.229,46.292,46.327,46.38,46.437,46.489,46.564,46.617,46.68,46.74,46.797,46.861,46.91,46.989,47.066,47.15,47.203,47.266,47.333,47.4,47.456,47.514,47.618,47.712,47.773,47.855,47.961,48.067,48.171,48.29,48.404,48.587,48.718,48.858,49.064,49.266,49.499,49.885,50.394,51.907
853,LNP FP,40.045,41.006,41.565,41.882,42.089,42.312,42.558,42.706,42.853,43.007,43.119,43.212,43.302,43.412,43.492,43.566,43.66,43.76,43.848,43.919,43.98,44.029,44.092,44.159,44.229,44.284,44.357,44.411,44.466,44.529,44.59,44.657,44.707,44.751,44.816,44.868,44.923,44.983,45.034,45.096,45.143,45.195,45.249,45.312,45.371,45.431,45.474,45.527,45.579,45.619,45.668,45.72,45.771,45.824,45.889,45.93,45.984,46.03,46.084,46.146,46.191,46.229,46.292,46.327,46.38,46.437,46.489,46.564,46.617,46.68,46.74,46.797,46.861,46.91,46.989,47.066,47.15,47.203,47.266,47.333,47.4,47.456,47.514,47.618,47.712,47.773,47.855,47.961,48.067,48.171,48.29,48.404,48.587,48.718,48.858,49.064,49.266,49.499,49.885,50.394,51.907
854,LNP FP,39.573,41.061,41.606,41.943,42.206,42.411,42.571,42.706,42.84,42.958,43.116,43.223,43.329,43.424,43.519,43.606,43.683,43.749,43.813,43.887,43.956,44.016,44.083,44.154,44.203,44.265,44.342,44.389,44.447,44.511,44.573,44.653,44.713,44.776,44.837,44.895,44.957,45.0,45.046,45.096,45.146,45.203,45.252,45.304,45.359,45.402,45.456,45.509,45.557,45.623,45.665,45.718,45.769,45.836,45.872,45.918,45.973,46.034,46.084,46.138,46.193,46.242,46.285,46.336,46.393,46.457,46.515,46.566,46.626,46.668,46.721,46.778,46.831,46.883,46.951,47.04,47.097,47.165,47.235,47.288,47.356,47.433,47.497,47.568,47.654,47.758,47.856,47.936,48.024,48.132,48.264,48.382,48.558,48.686,48.878,49.062,49.3,49.467,49.741,50.37,52.053
855,LNP FP,39.573,41.061,41.606,41.943,42.206,42.411,42.571,42.706,42.84,42.958,43.116,43.223,43.329,43.424,43.519,43.606,43.683,43.749,43.813,43.887,43.956,44.016,44.083,44.154,44.203,44.265,44.342,44.389,44.447,44.511,44.573,44.653,44.713,44.776,44.837,44.895,44.957,45.0,45.046,45.096,45.146,45.203,45.252,45.304,45.359,45.402,45.456,45.509,45.557,45.623,45.665,45.718,45.769,45.836,45.872,45.918,45.973,46.034,46.084,46.138,46.193,46.242,46.285,46.336,46.393,46.457,46.515,46.566,46.626,46.668,46.721,46.778,46.831,46.883,46.951,47.04,47.097,47.165,47.235,47.288,47.356,47.433,47.497,47.568,47.654,47.758,47.856,47.936,48.024,48.132,48.264,48.382,48.558,48.686,48.878,49.062,49.3,49.467,49.741,50.37,52.053
856,LNP FP,39.523,41.244,41.721,42.039,42.266,42.418,42.591,42.732,42.853,43.028,43.136,43.253,43.377,43.451,43.546,43.603,43.654,43.766,43.83,43.927,43.98,44.064,44.137,44.214,44.262,44.306,44.377,44.433,44.499,44.564,44.618,44.673,44.735,44.779,44.826,44.86,44.916,44.995,45.043,45.099,45.141,45.199,45.241,45.281,45.343,45.407,45.442,45.497,45.559,45.616,45.655,45.7,45.752,45.794,45.863,45.909,45.951,46.016,46.069,46.108,46.156,46.199,46.248,46.289,46.351,46.411,46.467,46.523,46.594,46.654,46.731,46.791,46.832,46.883,46.956,47.01,47.065,47.119,47.201,47.252,47.3,47.359,47.457,47.551,47.643,47.706,47.81,47.905,48.012,48.12,48.213,48.326,48.466,48.676,48.814,48.984,49.227,49.476,49.767,50.157,51.959
857,LNP FP,39.523,41.244,41.721,42.039,42.266,42.418,42.591,42.732,42.853,43.028,43.136,43.253,43.377,43.451,43.546,43.603,43.654,43.766,43.83,43.927,43.98,44.064,44.137,44.214,44.262,44.306,44.377,44.433,44.499,44.564,44.618,44.673,44.735,44.779,44.826,44.86,44.916,44.995,45.043,45.099,45.141,45.199,45.241,45.281,45.343,45.407,45.442,45.497,45.559,45.616,45.655,45.7,45.752,45.794,45.863,45.909,45.951,46.016,46.069,46.108,46.156,46.199,46.248,46.289,46.351,46.411,46.467,46.523,46.594,46.654,46.731,46.791,46.832,46.883,46.956,47.01,47.065,47.119,47.201,47.252,47.3,47.359,47.457,47.551,47.643,47.706,47.81,47.905,48.012,48.12,48.213,48.326,48.466,48.676,48.814,48.984,49.227,49.476,49.767,50.157,51.959
858,LNP FP,39.855,41.311,41.876,42.117,42.348,42.481,42.654,42.838,42.986,43.128,43.199,43.299,43.384,43.473,43.576,43.674,43.756,43.835,43.914,43.971,44.037,44.103,44.177,44.243,44.31,44.358,44.425,44.48,44.529,44.592,44.648,44.702,44.743,44.79,44.832,44.875,44.92,44.993,45.034,45.087,45.156,45.201,45.251,45.301,45.356,45.404,45.448,45.498,45.553,45.606,45.655,45.703,45.754,45.8,45.846,45.907,45.951,45.996,46.027,46.075,46.126,46.172,46.212,46.266,46.335,46.382,46.423,46.494,46.529,46.593,46.669,46.741,46.796,46.848,46.901,46.951,47.02,47.084,47.142,47.212,47.272,47.339,47.434,47.515,47.611,47.699,47.79,47.885,47.977,48.121,48.237,48.357,48.492,48.64,48.774,48.913,49.143,49.431,49.728,50.202,51.773
859,LNP FP,39.855,41.311,41.876,42.117,42.348,42.481,42.654,42.838,42.986,43.128,43.199,43.299,43.384,43.473,43.576,43.674,43.756,43.835,43.914,43.971,44.037,44.103,44.177,44.243,44.31,44.358,44.425,44.48,44.529,44.592,44.648,44.702,44.743,44.79,44.832,44.875,44.92,44.993,45.034,45.087,45.156,45.201,45.251,45.301,45.356,45.404,45.448,45.498,45.553,45.606,45.655,45.703,45.754,45.8,45.846,45.907,45.951,45.996,46.027,46.075,46.126,46.172,46.212,46.266,46.335,46.382,46.423,46.494,46.529,46.593,46.669,46.741,46.796,46.848,46.901,46.951,47.02,47.084,47.142,47.212,47.272,47.339,47.434,47.515,47.611,47.699,47.79,47.885,47.977,48.121,48.237,48.357,48.492,48.64,48.774,48.913,49.143,49.431,49.728,50.202,51.773
860,LNP FP,39.633,41.46,41.873,42.178,42.367,42.584,42.727,42.873,42.988,43.103,43.245,43.329,43.433,43.525,43.603,43.675,43.759,43.86,43.942,44.025,44.083,44.146,44.211,44.266,44.337,44.406,44.475,44.527,44.579,44.638,44.677,44.725,44.806,44.845,44.89,44.929,44.97,45.024,45.074,45.125,45.164,45.216,45.267,45.328,45.38,45.417,45.461,45.513,45.553,45.614,45.65,45.705,45.754,45.798,45.853,45.897,45.937,45.983,46.027,46.077,46.126,46.186,46.24,46.289,46.347,46.383,46.436,46.489,46.547,46.585,46.628,46.68,46.761,46.799,46.851,46.928,46.997,47.055,47.122,47.199,47.277,47.354,47.431,47.509,47.578,47.675,47.736,47.817,47.924,48.042,48.155,48.282,48.454,48.579,48.694,48.879,49.086,49.347,49.694,50.064,51.828
861,LNP FP,39.633,41.46,41.873,42.178,42.367,42.584,42.727,42.873,42.988,43.103,43.245,43.329,43.433,43.525,43.603,43.675,43.759,43.86,43.942,44.025,44.083,44.146,44.211,44.266,44.337,44.406,44.475,44.527,44.579,44.638,44.677,44.725,44.806,44.845,44.89,44.929,44.97,45.024,45.074,45.125,45.164,45.216,45.267,45.328,45.38,45.417,45.461,45.513,45.553,45.614,45.65,45.705,45.754,45.798,45.853,45.897,45.937,45.983,46.027,46.077,46.126,46.186,46.24,46.289,46.347,46.383,46.436,46.489,46.547,46.585,46.628,46.68,46.761,46.799,46.851,46.928,46.997,47.055,47.122,47.199,47.277,47.354,47.431,47.509,47.578,47.675,47.736,47.817,47.924,48.042,48.155,48.282,48.454,48.579,48.694,48.879,49.086,49.347,49.694,50.064,51.828
862,LNP FP,39.529,41.436,41.928,42.158,42.461,42.622,42.771,42.909,43.061,43.185,43.283,43.393,43.482,43.576,43.655,43.746,43.818,43.896,43.971,44.039,44.111,44.167,44.237,44.295,44.349,44.413,44.458,44.513,44.567,44.63,44.673,44.719,44.766,44.831,44.884,44.929,44.985,45.034,45.094,45.146,45.195,45.237,45.27,45.318,45.365,45.398,45.437,45.489,45.541,45.577,45.629,45.685,45.73,45.786,45.833,45.876,45.921,45.984,46.037,46.079,46.124,46.163,46.22,46.283,46.338,46.383,46.428,46.472,46.517,46.569,46.623,46.694,46.745,46.792,46.839,46.899,46.94,47.032,47.102,47.174,47.236,47.298,47.374,47.438,47.545,47.621,47.707,47.792,47.878,48.01,48.14,48.247,48.344,48.504,48.635,48.869,49.063,49.254,49.639,50.052,51.777
863,LNP FP,39.529,41.436,41.928,42.158,42.461,42.622,42.771,42.909,43.061,43.185,43.283,43.393,43.482,43.576,43.655,43.746,43.818,43.896,43.971,44.039,44.111,44.167,44.237,44.295,44.349,44.413,44.458,44.513,44.567,44.63,44.673,44.719,44.766,44.831,44.884,44.929,44.985,45.034,45.094,45.146,45.195,45.237,45.27,45.318,45.365,45.398,45.437,45.489,45.541,45.577,45.629,45.685,45.73,45.786,45.833,45.876,45.921,45.984,46.037,46.079,46.124,46.163,46.22,46.283,46.338,46.383,46.428,46.472,46.517,46.569,46.623,46.694,46.745,46.792,46.839,46.899,46.94,47.032,47.102,47.174,47.236,47.298,47.374,47.438,47.545,47.621,47.707,47.792,47.878,48.01,48.14,48.247,48.344,48.504,48.635,48.869,49.063,49.254,49.639,50.052,51.777
864,LNP FP,39.613,41.496,42.008,42.311,42.501,42.668,42.883,43.006,43.12,43.234,43.299,43.399,43.497,43.586,43.671,43.781,43.854,43.928,43.992,44.06,44.111,44.166,44.226,44.278,44.352,44.418,44.477,44.538,44.599,44.656,44.715,44.764,44.813,44.856,44.909,44.956,45.014,45.068,45.107,45.158,45.202,45.24,45.274,45.325,45.36,45.409,45.456,45.491,45.537,45.585,45.637,45.692,45.739,45.795,45.829,45.881,45.929,45.978,46.036,46.083,46.114,46.154,46.197,46.245,46.302,46.347,46.408,46.456,46.52,46.562,46.619,46.682,46.738,46.781,46.863,46.922,46.986,47.05,47.105,47.153,47.232,47.31,47.38,47.433,47.523,47.6,47.684,47.768,47.87,47.966,48.059,48.185,48.339,48.455,48.591,48.75,48.974,49.267,49.535,50.092,51.55
865,LNP FP,39.613,41.496,42.008,42.311,42.501,42.668,42.883,43.006,43.12,43.234,43.299,43.399,43.497,43.586,43.671,43.781,43.854,43.928,43.992,44.06,44.111,44.166,44.226,44.278,44.352,44.418,44.477,44.538,44.599,44.656,44.715,44.764,44.813,44.856,44.909,44.956,45.014,45.068,45.107,45.158,45.202,45.24,45.274,45.325,45.36,45.409,45.456,45.491,45.537,45.585,45.637,45.692,45.739,45.795,45.829,45.881,45.929,45.978,46.036,46.083,46.114,46.154,46.197,46.245,46.302,46.347,46.408,46.456,46.52,46.562,46.619,46.682,46.738,46.781,46.863,46.922,46.986,47.05,47.105,47.153,47.232,47.31,47.38,47.433,47.523,47.6,47.684,47.768,47.87,47.966,48.059,48.185,48.339,48.455,48.591,48.75,48.974,49.267,49.535,50.092,51.55
866,LNP FP,39.481,41.652,42.101,42.378,42.553,42.729,42.832,42.983,43.105,43.217,43.323,43.414,43.508,43.605,43.708,43.785,43.859,43.942,44.003,44.067,44.136,44.195,44.248,44.311,44.354,44.421,44.473,44.545,44.604,44.646,44.685,44.733,44.78,44.83,44.893,44.942,45.012,45.069,45.118,45.164,45.199,45.249,45.298,45.35,45.392,45.448,45.498,45.525,45.563,45.602,45.64,45.684,45.738,45.785,45.836,45.873,45.922,45.967,46.005,46.051,46.106,46.154,46.203,46.258,46.285,46.319,46.378,46.424,46.475,46.534,46.583,46.642,46.684,46.769,46.833,46.89,46.947,46.994,47.069,47.147,47.215,47.287,47.366,47.44,47.501,47.561,47.639,47.731,47.812,47.9,48.024,48.163,48.262,48.377,48.521,48.693,48.894,49.164,49.489,50.071,51.478
867,LNP FP,39.481,41.652,42.101,42.378,42.553,42.729,42.832,42.983,43.105,43.217,43.323,43.414,43.508,43.605,43.708,43.785,43.859,43.942,44.003,44.067,44.136,44.195,44.248,44.311,44.354,44.421,44.473,44.545,44.604,44.646,44.685,44.733,44.78,44.83,44.893,44.942,45.012,45.069,45.118,45.164,45.199,45.249,45.298,45.35,45.392,45.448,45.498,45.525,45.563,45.602,45.64,45.684,45.738,45.785,45.836,45.873,45.922,45.967,46.005,46.051,46.106,46.154,46.203,46.258,46.285,46.319,46.378,46.424,46.475,46.534,46.583,46.642,46.684,46.769,46.833,46.89,46.947,46.994,47.069,47.147,47.215,47.287,47.366,47.44,47.501,47.561,47.639,47.731,47.812,47.9,48.024,48.163,48.262,48.377,48.521,48.693,48.894,49.164,49.489,50.071,51.478
868,LNP FP,39.917,41.597,42.068,42.329,42.615,42.778,42.986,43.095,43.186,43.286,43.394,43.477,43.566,43.652,43.744,43.837,43.909,43.989,44.042,44.104,44.154,44.229,44.284,44.357,44.402,44.454,44.506,44.564,44.619,44.667,44.698,44.755,44.828,44.866,44.927,44.967,45.015,45.054,45.111,45.153,45.195,45.243,45.29,45.346,45.392,45.441,45.488,45.531,45.586,45.623,45.659,45.707,45.75,45.785,45.824,45.873,45.905,45.932,45.979,46.033,46.086,46.131,46.183,46.219,46.251,46.297,46.344,46.403,46.454,46.507,46.571,46.614,46.677,46.727,46.786,46.856,46.93,46.98,47.049,47.116,47.183,47.25,47.302,47.368,47.435,47.522,47.603,47.679,47.788,47.889,47.975,48.067,48.193,48.328,48.473,48.67,48.892,49.097,49.453,50.031,51.336
869,LNP FP,39.917,41.597,42.068,42.329,42.615,42.778,42.986,43.095,43.186,43.286,43.394,43.477,43.566,43.652,43.744,43.837,43.909,43.989,44.042,44.104,44.154,44.229,44.284,44.357,44.402,44.454,44.506,44.564,44.619,44.667,44.698,44.755,44.828,44.866,44.927,44.967,45.015,45.054,45.111,45.153,45.195,45.243,45.29,45.346,45.392,45.441,45.488,45.531,45.586,45.623,45.659,45.707,45.75,45.785,45.824,45.873,45.905,45.932,45.979,46.033,46.086,46.131,46.183,46.219,46.251,46.297,46.344,46.403,46.454,46.507,46.571,46.614,46.677,46.727,46.786,46.856,46.93,46.98,47.049,47.116,47.183,47.25,47.302,47.368,47.435,47.522,47.603,47.679,47.788,47.889,47.975,48.067,48.193,48.328,48.473,48.67,48.892,49.097,49.453,50.031,51.336
870,LNP FP,39.925,41.549,42.094,42.426,42.667,42.867,43.015,43.126,43.266,43.375,43.487,43.564,43.642,43.724,43.798,43.864,43.941,44.017,44.068,44.142,44.187,44.242,44.286,44.35,44.405,44.46,44.528,44.578,44.637,44.688,44.735,44.797,44.836,44.882,44.931,44.973,45.024,45.071,45.113,45.161,45.215,45.252,45.314,45.347,45.399,45.44,45.475,45.514,45.553,45.597,45.647,45.697,45.728,45.769,45.813,45.858,45.89,45.93,45.974,46.015,46.068,46.116,46.169,46.2,46.262,46.31,46.362,46.415,46.468,46.516,46.571,46.61,46.642,46.711,46.778,46.83,46.909,46.953,47.023,47.108,47.16,47.23,47.313,47.375,47.427,47.477,47.544,47.608,47.705,47.812,47.916,48.011,48.105,48.231,48.42,48.611,48.772,49.034,49.363,49.944,51.395
871,LNP FP,39.925,41.549,42.094,42.426,42.667,42.867,43.015,43.126,43.266,43.375,43.487,43.564,43.642,43.724,43.798,43.864,43.941,44.017,44.068,44.142,44.187,44.242,44.286,44.35,44.405,44.46,44.528,44.578,44.637,44.688,44.735,44.797,44.836,44.882,44.931,44.973,45.024,45.071,45.113,45.161,45.215,45.252,45.314,45.347,45.399,45.44,45.475,45.514,45.553,45.597,45.647,45.697,45.728,45.769,45.813,45.858,45.89,45.93,45.974,46.015,46.068,46.116,46.169,46.2,46.262,46.31,46.362,46.415,46.468,46.516,46.571,46.61,46.642,46.711,46.778,46.83,46.909,46.953,47.023,47.108,47.16,47.23,47.313,47.375,47.427,47.477,47.544,47.608,47.705,47.812,47.916,48.011,48.105,48.231,48.42,48.611,48.772,49.034,49.363,49.944,51.395
872,LNP FP,40.321,41.668,42.151,42.55,42.754,42.994,43.117,43.244,43.35,43.451,43.532,43.594,43.678,43.746,43.798,43.879,43.931,43.991,44.067,44.142,44.205,44.291,44.34,44.4,44.442,44.495,44.549,44.61,44.663,44.714,44.76,44.799,44.863,44.913,44.95,44.999,45.039,45.084,45.124,45.166,45.217,45.265,45.307,45.354,45.396,45.443,45.485,45.516,45.568,45.603,45.647,45.683,45.723,45.77,45.815,45.856,45.901,45.94,45.983,46.028,46.071,46.111,46.15,46.218,46.264,46.305,46.349,46.396,46.457,46.499,46.57,46.619,46.667,46.706,46.742,46.797,46.856,46.918,46.984,47.039,47.108,47.183,47.255,47.339,47.412,47.486,47.559,47.639,47.749,47.813,47.914,48.011,48.121,48.259,48.413,48.524,48.705,48.929,49.292,49.822,51.258
873,LNP FP,40.321,41.668,42.151,42.55,42.754,42.994,43.117,43.244,43.35,43.451,43.532,43.594,43.678,43.746,43.798,43.879,43.931,43.991,44.067,44.142,44.205,44.291,44.34,44.4,44.442,44.495,44.549,44.61,44.663,44.714,44.76,44.799,44.863,44.913,44.95,44.999,45.039,45.084,45.124,45.166,45.217,45.265,45.307,45.354,45.396,45.443,45.485,45.516,45.568,45.603,45.647,45.683,45.723,45.77,45.815,45.856,45.901,45.94,45.983,46.028,46.071,46.111,46.15,46.218,46.264,46.305,46.349,46.396,46.457,46.499,46.57,46.619,46.667,46.706,46.742,46.797,46.856,46.918,46.984,47.039,47.108,47.183,47.255,47.339,47.412,47.486,47.559,47.639,47.749,47.813,47.914,48.011,48.121,48.259,48.413,48.524,48.705,48.929,49.292,49.822,51.258
874,LNP FP,40.609,41.669,42.309,42.604,42.838,42.987,43.121,43.23,43.372,43.462,43.558,43.626,43.711,43.798,43.861,43.929,44.011,44.068,44.125,44.192,44.25,44.295,44.368,44.444,44.48,44.535,44.599,44.647,44.696,44.753,44.787,44.829,44.871,44.911,44.953,44.994,45.045,45.082,45.124,45.166,45.208,45.252,45.3,45.337,45.394,45.436,45.47,45.515,45.562,45.613,45.65,45.698,45.745,45.802,45.85,45.892,45.941,45.983,46.033,46.07,46.104,46.145,46.182,46.218,46.27,46.308,46.357,46.404,46.46,46.501,46.567,46.619,46.664,46.701,46.747,46.801,46.842,46.898,46.961,47.012,47.088,47.145,47.201,47.276,47.381,47.469,47.534,47.596,47.675,47.747,47.837,47.939,48.046,48.161,48.271,48.478,48.673,48.894,49.191,49.61,51.186
875,LNP FP,40.609,41.669,42.309,42.604,42.838,42.987,43.121,43.23,43.372,43.462,43.558,43.626,43.711,43.798,43.861,43.929,44.011,44.068,44.125,44.192,44.25,44.295,44.368,44.444,44.48,44.535,44.599,44.647,44.696,44.753,44.787,44.829,44.871,44.911,44.953,44.994,45.045,45.082,45.124,45.166,45.208,45.252,45.3,45.337,45.394,45.436,45.47,45.515,45.562,45.613,45.65,45.698,45.745,45.802,45.85,45.892,45.941,45.983,46.033,46.07,46.104,46.145,46.182,46.218,46.27,46.308,46.357,46.404,46.46,46.501,46.567,46.619,46.664,46.701,46.747,46.801,46.842,46.898,46.961,47.012,47.088,47.145,47.201,47.276,47.381,47.469,47.534,47.596,47.675,47.747,47.837,47.939,48.046,48.161,48.271,48.478,48.673,48.894,49.191,49.61,51.186
876,LNP FP,40.743,41.908,42.289,42.69,42.885,43.022,43.165,43.321,43.4,43.53,43.613,43.689,43.758,43.831,43.925,43.978,44.041,44.104,44.164,44.229,44.293,44.345,44.388,44.464,44.512,44.549,44.602,44.653,44.686,44.734,44.769,44.814,44.858,44.897,44.948,44.997,45.05,45.082,45.131,45.167,45.202,45.234,45.286,45.321,45.366,45.407,45.458,45.491,45.523,45.57,45.608,45.64,45.678,45.741,45.781,45.826,45.884,45.926,45.973,46.031,46.086,46.124,46.163,46.206,46.254,46.296,46.336,46.381,46.432,46.494,46.554,46.593,46.642,46.689,46.728,46.769,46.835,46.901,46.946,47.008,47.087,47.147,47.21,47.269,47.319,47.374,47.457,47.545,47.657,47.725,47.812,47.887,47.991,48.117,48.248,48.389,48.549,48.766,49.084,49.477,50.862
877,LNP FP,40.743,41.908,42.289,42.69,42.885,43.022,43.165,43.321,43.4,43.53,43.613,43.689,43.758,43.831,43.925,43.978,44.041,44.104,44.164,44.229,44.293,44.345,44.388,44.464,44.512,44.549,44.602,44.653,44.686,44.734,44.769,44.814,44.858,44.897,44.948,44.997,45.05,45.082,45.131,45.167,45.202,45.234,45.286,45.321,45.366,45.407,45.458,45.491,45.523,45.57,45.608,45.64,45.678,45.741,45.781,45.826,45.884,45.926,45.973,46.031,46.086,46.124,46.163,46.206,46.254,46.296,46.336,46.381,46.432,46.494,46.554,46.593,46.642,46.689,46.728,46.769,46.835,46.901,46.946,47.008,47.087,47.147,47.21,47.269,47.319,47.374,47.457,47.545,47.657,47.725,47.812,47.887,47.991,48.117,48.248,48.389,48.549,48.766,49.084,49.477,50.862
878,LNP FP,40.836,41.868,42.362,42.73,42.923,43.079,43.225,43.33,43.464,43.573,43.654,43.739,43.808,43.879,43.948,44.008,44.063,44.111,44.164,44.237,44.284,44.358,44.402,44.465,44.499,44.558,44.593,44.655,44.704,44.758,44.798,44.835,44.882,44.937,44.979,45.015,45.048,45.089,45.139,45.18,45.222,45.269,45.321,45.341,45.383,45.43,45.473,45.52,45.548,45.591,45.621,45.66,45.701,45.74,45.785,45.834,45.885,45.921,45.987,46.019,46.073,46.121,46.165,46.211,46.26,46.318,46.357,46.41,46.463,46.523,46.554,46.587,46.635,46.679,46.725,46.779,46.844,46.881,46.934,46.971,47.04,47.089,47.152,47.218,47.278,47.334,47.435,47.501,47.605,47.682,47.768,47.849,47.978,48.102,48.256,48.382,48.538,48.737,48.905,49.511,50.81
879,LNP FP,40.836,41.868,42.362,42.73,42.923,43.079,43.225,43.33,43.464,43.573,43.654,43.739,43.808,43.879,43.948,44.008,44.063,44.111,44.164,44.237,44.284,44.358,44.402,44.465,44.499,44.558,44.593,44.655,44.704,44.758,44.798,44.835,44.882,44.937,44.979,45.015,45.048,45.089,45.139,45.18,45.222,45.269,45.321,45.341,45.383,45.43,45.473,45.52,45.548,45.591,45.621,45.66,45.701,45.74,45.785,45.834,45.885,45.921,45.987,46.019,46.073,46.121,46.165,46.211,46.26,46.318,46.357,46.41,46.463,46.523,46.554,46.587,46.635,46.679,46.725,46.779,46.844,46.881,46.934,46.971,47.04,47.089,47.152,47.218,47.278,47.334,47.435,47.501,47.605,47.682,47.768,47.849,47.978,48.102,48.256,48.382,48.538,48.737,48.905,49.511,50.81
880,LNP FP,40.725,41.976,42.434,42.795,43.038,43.155,43.305,43.39,43.534,43.626,43.697,43.779,43.842,43.912,43.968,44.034,44.106,44.165,44.222,44.279,44.338,44.399,44.457,44.512,44.565,44.605,44.654,44.699,44.741,44.783,44.839,44.892,44.941,44.984,45.013,45.046,45.086,45.145,45.178,45.214,45.261,45.301,45.332,45.372,45.414,45.452,45.498,45.54,45.588,45.615,45.667,45.712,45.761,45.791,45.836,45.877,45.911,45.951,45.994,46.045,46.083,46.121,46.149,46.199,46.25,46.301,46.349,46.389,46.438,46.486,46.534,46.575,46.611,46.658,46.687,46.732,46.793,46.838,46.875,46.931,46.993,47.058,47.111,47.18,47.239,47.306,47.377,47.469,47.558,47.619,47.725,47.815,47.926,48.067,48.237,48.363,48.511,48.71,48.966,49.394,50.689
881,LNP FP,40.725,41.976,42.434,42.795,43.038,43.155,43.305,43.39,43.534,43.626,43.697,43.779,43.842,43.912,43.968,44.034,44.106,44.165,44.222,44.279,44.338,44.399,44.457,44.512,44.565,44.605,44.654,44.699,44.741,44.783,44.839,44.892,44.941,44.984,45.013,45.046,45.086,45.145,45.178,45.214,45.261,45.301,45.332,45.372,45.414,45.452,45.498,45.54,45.588,45.615,45.667,45.712,45.761,45.791,45.836,45.877,45.911,45.951,45.994,46.045,46.083,46.121,46.149,46.199,46.25,46.301,46.349,46.389,46.438,46.486,46.534,46.575,46.611,46.658,46.687,46.732,46.793,46.838,46.875,46.931,46.993,47.058,47.111,47.18,47.239,47.306,47.377,47.469,47.558,47.619,47.725,47.815,47.926,48.067,48.237,48.363,48.511,48.71,48.966,49.394,50.689
882,LNP FP,40.614,42.022,42.499,42.767,42.964,43.129,43.287,43.408,43.49,43.594,43.695,43.773,43.85,43.931,43.985,44.042,44.1,44.159,44.211,44.256,44.309,44.365,44.419,44.457,44.502,44.556,44.626,44.662,44.704,44.741,44.785,44.825,44.86,44.913,44.968,45.012,45.058,45.094,45.126,45.158,45.189,45.236,45.275,45.324,45.367,45.415,45.457,45.502,45.539,45.574,45.614,45.652,45.689,45.725,45.764,45.814,45.848,45.883,45.942,45.978,46.024,46.065,46.102,46.145,46.186,46.225,46.27,46.314,46.365,46.405,46.438,46.482,46.522,46.562,46.606,46.661,46.712,46.766,46.833,46.877,46.927,46.996,47.068,47.141,47.198,47.256,47.327,47.401,47.475,47.558,47.658,47.761,47.841,47.954,48.087,48.229,48.366,48.541,48.802,49.333,50.529
883,LNP FP,40.614,42.022,42.499,42.767,42.964,43.129,43.287,43.408,43.49,43.594,43.695,43.773,43.85,43.931,43.985,44.042,44.1,44.159,44.211,44.256,44.309,44.365,44.419,44.457,44.502,44.556,44.626,44.662,44.704,44.741,44.785,44.825,44.86,44.913,44.968,45.012,45.058,45.094,45.126,45.158,45.189,45.236,45.275,45.324,45.367,45.415,45.457,45.502,45.539,45.574,45.614,45.652,45.689,45.725,45.764,45.814,45.848,45.883,45.942,45.978,46.024,46.065,46.102,46.145,46.186,46.225,46.27,46.314,46.365,46.405,46.438,46.482,46.522,46.562,46.606,46.661,46.712,46.766,46.833,46.877,46.927,46.996,47.068,47.141,47.198,47.256,47.327,47.401,47.475,47.558,47.658,47.761,47.841,47.954,48.087,48.229,48.366,48.541,48.802,49.333,50.529
884,LNP FP,40.601,41.969,42.485,42.802,42.962,43.127,43.284,43.405,43.498,43.602,43.673,43.739,43.798,43.875,43.93,44.0,44.049,44.1,44.161,44.211,44.257,44.303,44.346,44.394,44.438,44.506,44.563,44.602,44.663,44.703,44.76,44.807,44.857,44.888,44.921,44.963,44.996,45.027,45.063,45.1,45.137,45.183,45.218,45.258,45.292,45.35,45.392,45.416,45.461,45.505,45.548,45.598,45.644,45.694,45.73,45.765,45.806,45.861,45.906,45.93,45.965,46.005,46.048,46.081,46.135,46.175,46.216,46.256,46.297,46.346,46.375,46.416,46.451,46.51,46.546,46.594,46.64,46.705,46.749,46.817,46.871,46.924,46.97,47.041,47.094,47.161,47.213,47.301,47.367,47.452,47.541,47.628,47.732,47.852,47.968,48.111,48.279,48.495,48.748,49.204,50.508
885,LNP FP,40.601,41.969,42.485,42.802,42.962,43.127,43.284,43.405,43.498,43.602,43.673,43.739,43.798,43.875,43.93,44.0,44.049,44.1,44.161,44.211,44.257,44.303,44.346,44.394,44.438,44.506,44.563,44.602,44.663,44.703,44.76,44.807,44.857,44.888,44.921,44.963,44.996,45.027,45.063,45.1,45.137,45.183,45.218,45.258,45.292,45.35,45.392,45.416,45.461,45.505,45.548,45.598,45.644,45.694,45.73,45.765,45.806,45.861,45.906,45.93,45.965,46.005,46.048,46.081,46.135,46.175,46.216,46.256,46.297,46.346,46.375,46.416,46.451,46.51,46.546,46.594,46.64,46.705,46.749,46.817,46.871,46.924,46.97,47.041,47.094,47.161,47.213,47.301,47.367,47.452,47.541,47.628,47.732,47.852,47.968,48.111,48.279,48.495,48.748,49.204,50.508
886,LNP FP,40.354,41.991,42.391,42.722,42.962,43.125,43.257,43.382,43.477,43.579,43.651,43.738,43.801,43.861,43.916,43.968,44.03,44.072,44.123,44.169,44.222,44.285,44.337,44.394,44.439,44.485,44.544,44.585,44.629,44.692,44.737,44.769,44.816,44.847,44.893,44.933,44.979,45.017,45.045,45.076,45.126,45.173,45.211,45.241,45.269,45.3,45.334,45.378,45.449,45.486,45.522,45.569,45.609,45.641,45.689,45.74,45.783,45.836,45.878,45.915,45.963,46.006,46.052,46.093,46.125,46.18,46.212,46.249,46.289,46.337,46.39,46.426,46.473,46.521,46.549,46.583,46.649,46.704,46.749,46.802,46.862,46.906,46.975,47.011,47.093,47.144,47.208,47.295,47.378,47.463,47.527,47.623,47.73,47.838,47.98,48.086,48.256,48.46,48.771,49.396,50.522
887,LNP FP,40.354,41.991,42.391,42.722,42.962,43.125,43.257,43.382,43.477,43.579,43.651,43.738,43.801,43.861,43.916,43.968,44.03,44.072,44.123,44.169,44.222,44.285,44.337,44.394,44.439,44.485,44.544,44.585,44.629,44.692,44.737,44.769,44.816,44.847,44.893,44.933,44.979,45.017,45.045,45.076,45.126,45.173,45.211,45.241,45.269,45.3,45.334,45.378,45.449,45.486,45.522,45.569,45.609,45.641,45.689,45.74,45.783,45.836,45.878,45.915,45.963,46.006,46.052,46.093,46.125,46.18,46.212,46.249,46.289,46.337,46.39,46.426,46.473,46.521,46.549,46.583,46.649,46.704,46.749,46.802,46.862,46.906,46.975,47.011,47.093,47.144,47.208,47.295,47.378,47.463,47.527,47.623,47.73,47.838,47.98,48.086,48.256,48.46,48.771,49.396,50.522
888,LNP FP,40.601,42.003,42.401,42.66,42.88,43.089,43.198,43.31,43.423,43.533,43.615,43.691,43.783,43.848,43.921,43.979,44.038,44.095,44.124,44.178,44.241,44.288,44.332,44.39,44.44,44.487,44.529,44.573,44.611,44.655,44.692,44.737,44.783,44.826,44.872,44.931,44.973,45.018,45.055,45.085,45.128,45.177,45.207,45.245,45.277,45.313,45.353,45.406,45.443,45.489,45.528,45.566,45.614,45.668,45.722,45.763,45.801,45.827,45.858,45.895,45.937,45.973,46.022,46.052,46.099,46.141,46.176,46.207,46.243,46.28,46.33,46.38,46.426,46.475,46.508,46.551,46.605,46.659,46.725,46.768,46.834,46.916,46.966,47.037,47.09,47.154,47.242,47.318,47.383,47.463,47.557,47.643,47.74,47.836,47.939,48.088,48.247,48.441,48.77,49.327,50.665
889,LNP FP,40.601,42.003,42.401,42.66,42.88,43.089,43.198,43.31,43.423,43.533,43.615,43.691,43.783,43.848,43.921,43.979,44.038,44.095,44.124,44.178,44.241,44.288,44.332,44.39,44.44,44.487,44.529,44.573,44.611,44.655,44.692,44.737,44.783,44.826,44.872,44.931,44.973,45.018,45.055,45.085,45.128,45.177,45.207,45.245,45.277,45.313,45.353,45.406,45.443,45.489,45.528,45.566,45.614,45.668,45.722,45.763,45.801,45.827,45.858,45.895,45.937,45.973,46.022,46.052,46.099,46.141,46.176,46.207,46.243,46.28,46.33,46.38,46.426,46.475,46.508,46.551,46.605,46.659,46.725,46.768,46.834,46.916,46.966,47.037,47.09,47.154,47.242,47.318,47.383,47.463,47.557,47.643,47.74,47.836,47.939,48.088,48.247,48.441,48.77,49.327,50.665
890,LNP FP,40.394,41.943,42.338,42.593,42.822,42.999,43.169,43.302,43.403,43.495,43.577,43.663,43.755,43.83,43.871,43.963,44.015,44.068,44.12,44.182,44.219,44.253,44.304,44.369,44.408,44.456,44.505,44.542,44.597,44.64,44.681,44.728,44.758,44.814,44.873,44.919,44.965,45.002,45.034,45.078,45.11,45.144,45.183,45.236,45.275,45.307,45.344,45.392,45.428,45.484,45.532,45.568,45.607,45.647,45.685,45.712,45.75,45.793,45.852,45.884,45.928,45.962,46.007,46.047,46.1,46.143,46.18,46.228,46.25,46.283,46.325,46.371,46.415,46.471,46.512,46.564,46.614,46.667,46.725,46.773,46.824,46.886,46.946,47.003,47.05,47.115,47.165,47.258,47.33,47.432,47.523,47.62,47.76,47.857,47.969,48.083,48.263,48.437,48.718,49.244,50.78
891,LNP FP,40.394,41.943,42.338,42.593,42.822,42.999,43.169,43.302,43.403,43.495,43.577,43.663,43.755,43.83,43.871,43.963,44.015,44.068,44.12,44.182,44.219,44.253,44.304,44.369,44.408,44.456,44.505,44.542,44.597,44.64,44.681,44.728,44.758,44.814,44.873,44.919,44.965,45.002,45.034,45.078,45.11,45.144,45.183,45.236,45.275,45.307,45.344,45.392,45.428,45.484,45.532,45.568,45.607,45.647,45.685,45.712,45.75,45.793,45.852,45.884,45.928,45.962,46.007,46.047,46.1,46.143,46.18,46.228,46.25,46.283,46.325,46.371,46.415,46.471,46.512,46.564,46.614,46.667,46.725,46.773,46.824,46.886,46.946,47.003,47.05,47.115,47.165,47.258,47.33,47.432,47.523,47.62,47.76,47.857,47.969,48.083,48.263,48.437,48.718,49.244,50.78
892,LNP FP,40.275,41.981,42.321,42.606,42.783,42.959,43.095,43.239,43.347,43.461,43.527,43.631,43.71,43.797,43.878,43.934,44.004,44.055,44.094,44.158,44.194,44.244,44.297,44.373,44.429,44.476,44.52,44.559,44.589,44.616,44.654,44.707,44.743,44.783,44.825,44.872,44.924,44.979,45.02,45.061,45.104,45.131,45.154,45.199,45.247,45.302,45.343,45.384,45.43,45.476,45.521,45.554,45.59,45.618,45.663,45.705,45.747,45.779,45.819,45.862,45.908,45.951,45.997,46.046,46.081,46.13,46.16,46.21,46.246,46.283,46.331,46.374,46.424,46.477,46.541,46.609,46.66,46.693,46.736,46.793,46.852,46.889,46.931,46.995,47.064,47.128,47.214,47.268,47.336,47.416,47.505,47.62,47.696,47.809,47.949,48.107,48.29,48.495,48.793,49.297,50.316
893,LNP FP,40.275,41.981,42.321,42.606,42.783,42.959,43.095,43.239,43.347,43.461,43.527,43.631,43.71,43.797,43.878,43.934,44.004,44.055,44.094,44.158,44.194,44.244,44.297,44.373,44.429,44.476,44.52,44.559,44.589,44.616,44.654,44.707,44.743,44.783,44.825,44.872,44.924,44.979,45.02,45.061,45.104,45.131,45.154,45.199,45.247,45.302,45.343,45.384,45.43,45.476,45.521,45.554,45.59,45.618,45.663,45.705,45.747,45.779,45.819,45.862,45.908,45.951,45.997,46.046,46.081,46.13,46.16,46.21,46.246,46.283,46.331,46.374,46.424,46.477,46.541,46.609,46.66,46.693,46.736,46.793,46.852,46.889,46.931,46.995,47.064,47.128,47.214,47.268,47.336,47.416,47.505,47.62,47.696,47.809,47.949,48.107,48.29,48.495,48.793,49.297,50.316
894,LNP FP,40.171,41.932,42.264,42.527,42.819,42.942,43.072,43.191,43.32,43.396,43.475,43.564,43.642,43.732,43.82,43.864,43.93,43.99,44.041,44.11,44.149,44.201,44.258,44.305,44.357,44.403,44.447,44.502,44.54,44.58,44.63,44.673,44.722,44.775,44.83,44.869,44.911,44.949,44.992,45.033,45.067,45.107,45.152,45.176,45.22,45.262,45.313,45.343,45.371,45.406,45.448,45.493,45.537,45.585,45.629,45.671,45.71,45.739,45.775,45.824,45.87,45.912,45.956,46.012,46.062,46.101,46.15,46.194,46.256,46.292,46.338,46.38,46.415,46.471,46.548,46.583,46.622,46.675,46.728,46.797,46.85,46.907,46.971,47.011,47.082,47.147,47.208,47.282,47.375,47.433,47.517,47.636,47.725,47.833,47.97,48.102,48.317,48.575,48.816,49.325,50.211
895,LNP FP,40.171,41.932,42.264,42.527,42.819,42.942,43.072,43.191,43.32,43.396,43.475,43.564,43.642,43.732,43.82,43.864,43.93,43.99,44.041,44.11,44.149,44.201,44.258,44.305,44.357,44.403,44.447,44.502,44.54,44.58,44.63,44.673,44.722,44.775,44.83,44.869,44.911,44.949,44.992,45.033,45.067,45.107,45.152,45.176,45.22,45.262,45.313,45.343,45.371,45.406,45.448,45.493,45.537,45.585,45.629,45.671,45.71,45.739,45.775,45.824,45.87,45.912,45.956,46.012,46.062,46.101,46.15,46.194,46.256,46.292,46.338,46.38,46.415,46.471,46.548,46.583,46.622,46.675,46.728,46.797,46.85,46.907,46.971,47.011,47.082,47.147,47.208,47.282,47.375,47.433,47.517,47.636,47.725,47.833,47.97,48.102,48.317,48.575,48.816,49.325,50.211
896,LNP FP,40.384,41.876,42.267,42.579,42.757,42.892,43.04,43.166,43.272,43.372,43.45,43.506,43.591,43.676,43.756,43.823,43.909,43.984,44.046,44.093,44.132,44.187,44.249,44.294,44.323,44.364,44.417,44.447,44.497,44.546,44.593,44.626,44.668,44.721,44.764,44.801,44.852,44.897,44.948,44.987,45.037,45.082,45.121,45.159,45.2,45.241,45.277,45.322,45.357,45.4,45.428,45.47,45.504,45.564,45.601,45.662,45.703,45.755,45.792,45.821,45.864,45.901,45.941,45.989,46.036,46.087,46.124,46.174,46.222,46.27,46.313,46.367,46.423,46.46,46.512,46.554,46.596,46.647,46.7,46.773,46.863,46.918,46.967,47.02,47.088,47.15,47.213,47.285,47.327,47.439,47.525,47.637,47.736,47.871,48.011,48.203,48.354,48.57,48.835,49.322,50.285
897,LNP FP,40.384,41.876,42.267,42.579,42.757,42.892,43.04,43.166,43.272,43.372,43.45,43.506,43.591,43.676,43.756,43.823,43.909,43.984,44.046,44.093,44.132,44.187,44.249,44.294,44.323,44.364,44.417,44.447,44.497,44.546,44.593,44.626,44.668,44.721,44.764,44.801,44.852,44.897,44.948,44.987,45.037,45.082,45.121,45.159,45.2,45.241,45.277,45.322,45.357,45.4,45.428,45.47,45.504,45.564,45.601,45.662,45.703,45.755,45.792,45.821,45.864,45.901,45.941,45.989,46.036,46.087,46.124,46.174,46.222,46.27,46.313,46.367,46.423,46.46,46.512,46.554,46.596,46.647,46.7,46.773,46.863,46.918,46.967,47.02,47.088,47.15,47.213,47.285,47.327,47.439,47.525,47.637,47.736,47.871,48.011,48.203,48.354,48.57,48.835,49.322,50.285
898,LNP FP,40.276,41.849,42.284,42.497,42.655,42.898,43.051,43.188,43.285,43.383,43.464,43.541,43.616,43.669,43.738,43.807,43.871,43.939,44.003,44.047,44.102,44.154,44.209,44.254,44.313,44.362,44.416,44.465,44.509,44.547,44.59,44.631,44.665,44.707,44.742,44.78,44.825,44.877,44.924,44.966,45.012,45.047,45.087,45.122,45.169,45.211,45.244,45.274,45.315,45.364,45.396,45.443,45.487,45.528,45.586,45.609,45.654,45.712,45.757,45.814,45.855,45.898,45.954,46.005,46.043,46.075,46.127,46.178,46.207,46.26,46.303,46.356,46.383,46.438,46.493,46.55,46.606,46.659,46.707,46.772,46.822,46.898,46.961,47.016,47.075,47.14,47.211,47.278,47.352,47.42,47.508,47.649,47.767,47.853,47.988,48.147,48.322,48.576,48.85,49.307,50.389
899,LNP FP,40.276,41.849,42.284,42.497,42.655,42.898,43.051,43.188,43.285,43.383,43.464,43.541,43.616,43.669,43.738,43.807,43.871,43.939,44.003,44.047,44.102,44.154,44.209,44.254,44.313,44.362,44.416,44.465,44.509,44.547,44.59,44.631,44.665,44.707,44.742,44.78,44.825,44.877,44.924,44.966,45.012,45.047,45.087,45.122,45.169,45.211,45.244,45.274,45.315,45.364,45.396,45.443,45.487,45.528,45.586,45.609,45.654,45.712,45.757,45.814,45.855,45.898,45.954,46.005,46.043,46.075,46.127,46.178,46.207,46.26,46.303,46.356,46.383,46.438,46.493,46.55,46.606,46.659,46.707,46.772,46.822,46.898,46.961,47.016,47.075,47.14,47.211,47.278,47.352,47.42,47.508,47.649,47.767,47.853,47.988,48.147,48.322,48.576,48.85,49.307,50.389
900,LNP FP,40.37,41.864,42.216,42.482,42.726,42.832,42.974,43.136,43.267,43.362,43.435,43.501,43.576,43.642,43.705,43.752,43.807,43.879,43.929,43.988,44.05,44.097,44.15,44.19,44.235,44.301,44.351,44.413,44.466,44.503,44.559,44.612,44.664,44.705,44.754,44.811,44.842,44.884,44.927,44.961,45.0,45.05,45.087,45.125,45.166,45.205,45.261,45.296,45.329,45.36,45.405,45.443,45.471,45.508,45.548,45.599,45.639,45.68,45.72,45.761,45.799,45.85,45.898,45.937,45.984,46.039,46.087,46.136,46.168,46.223,46.26,46.304,46.352,46.395,46.447,46.498,46.553,46.61,46.655,46.706,46.777,46.834,46.911,46.985,47.047,47.149,47.213,47.288,47.352,47.427,47.524,47.621,47.771,47.884,48.037,48.226,48.379,48.512,48.835,49.32,50.371
901,LNP FP,40.37,41.864,42.216,42.482,42.726,42.832,42.974,43.136,43.267,43.362,43.435,43.501,43.576,43.642,43.705,43.752,43.807,43.879,43.929,43.988,44.05,44.097,44.15,44.19,44.235,44.301,44.351,44.413,44.466,44.503,44.559,44.612,44.664,44.705,44.754,44.811,44.842,44.884,44.927,44.961,45.0,45.05,45.087,45.125,45.166,45.205,45.261,45.296,45.329,45.36,45.405,45.443,45.471,45.508,45.548,45.599,45.639,45.68,45.72,45.761,45.799,45.85,45.898,45.937,45.984,46.039,46.087,46.136,46.168,46.223,46.26,46.304,46.352,46.395,46.447,46.498,46.553,46.61,46.655,46.706,46.777,46.834,46.911,46.985,47.047,47.149,47.213,47.288,47.352,47.427,47.524,47.621,47.771,47.884,48.037,48.226,48.379,48.512,48.835,49.32,50.371
902,LNP FP,40.366,41.725,42.172,42.474,42.696,42.849,42.98,43.126,43.222,43.313,43.4,43.471,43.538,43.609,43.663,43.73,43.774,43.848,43.915,43.981,44.029,44.091,44.143,44.187,44.229,44.285,44.317,44.367,44.412,44.464,44.517,44.564,44.621,44.661,44.69,44.73,44.796,44.844,44.889,44.945,44.98,45.018,45.061,45.097,45.14,45.196,45.23,45.273,45.299,45.334,45.402,45.43,45.464,45.493,45.543,45.582,45.618,45.645,45.68,45.723,45.755,45.79,45.83,45.89,45.939,45.991,46.038,46.077,46.121,46.158,46.204,46.249,46.311,46.367,46.419,46.463,46.508,46.57,46.621,46.687,46.74,46.804,46.848,46.905,47.015,47.067,47.165,47.267,47.346,47.429,47.529,47.633,47.745,47.858,48.003,48.169,48.358,48.544,48.804,49.24,50.185
903,LNP FP,40.366,41.725,42.172,42.474,42.696,42.849,42.98,43.126,43.222,43.313,43.4,43.471,43.538,43.609,43.663,43.73,43.774,43.848,43.915,43.981,44.029,44.091,44.143,44.187,44.229,44.285,44.317,44.367,44.412,44.464,44.517,44.564,44.621,44.661,44.69,44.73,44.796,44.844,44.889,44.945,44.98,45.018,45.061,45.097,45.14,45.196,45.23,45.273,45.299,45.334,45.402,45.43,45.464,45.493,45.543,45.582,45.618,45.645,45.68,45.723,45.755,45.79,45.83,45.89,45.939,45.991,46.038,46.077,46.121,46.158,46.204,46.249,46.311,46.367,46.419,46.463,46.508,46.57,46.621,46.687,46.74,46.804,46.848,46.905,47.015,47.067,47.165,47.267,47.346,47.429,47.529,47.633,47.745,47.858,48.003,48.169,48.358,48.544,48.804,49.24,50.185
904,LNP FP,39.956,41.784,42.174,42.452,42.673,42.826,42.975,43.083,43.182,43.26,43.335,43.41,43.505,43.583,43.666,43.731,43.783,43.846,43.925,43.975,44.026,44.073,44.115,44.149,44.209,44.257,44.294,44.358,44.42,44.464,44.509,44.564,44.61,44.656,44.692,44.732,44.772,44.803,44.855,44.888,44.932,44.983,45.019,45.053,45.1,45.139,45.189,45.228,45.276,45.315,45.355,45.396,45.436,45.475,45.517,45.548,45.585,45.639,45.68,45.726,45.766,45.81,45.841,45.883,45.932,45.968,46.018,46.067,46.107,46.15,46.194,46.237,46.292,46.347,46.392,46.434,46.482,46.551,46.594,46.659,46.713,46.759,46.846,46.913,47.03,47.084,47.143,47.233,47.328,47.41,47.528,47.614,47.72,47.843,47.976,48.154,48.313,48.516,48.931,49.251,50.143
905,LNP FP,39.956,41.784,42.174,42.452,42.673,42.826,42.975,43.083,43.182,43.26,43.335,43.41,43.505,43.583,43.666,43.731,43.783,43.846,43.925,43.975,44.026,44.073,44.115,44.149,44.209,44.257,44.294,44.358,44.42,44.464,44.509,44.564,44.61,44.656,44.692,44.732,44.772,44.803,44.855,44.888,44.932,44.983,45.019,45.053,45.1,45.139,45.189,45.228,45.276,45.315,45.355,45.396,45.436,45.475,45.517,45.548,45.585,45.639,45.68,45.726,45.766,45.81,45.841,45.883,45.932,45.968,46.018,46.067,46.107,46.15,46.194,46.237,46.292,46.347,46.392,46.434,46.482,46.551,46.594,46.659,46.713,46.759,46.846,46.913,47.03,47.084,47.143,47.233,47.328,47.41,47.528,47.614,47.72,47.843,47.976,48.154,48.313,48.516,48.931,49.251,50.143
906,LNP FP,39.934,41.729,42.098,42.382,42.633,42.784,42.898,43.019,43.13,43.228,43.307,43.401,43.487,43.55,43.615,43.672,43.73,43.802,43.878,43.941,44.014,44.054,44.105,44.148,44.207,44.274,44.317,44.36,44.408,44.482,44.518,44.565,44.604,44.639,44.685,44.721,44.761,44.808,44.844,44.875,44.905,44.949,44.995,45.046,45.081,45.123,45.164,45.209,45.241,45.282,45.328,45.37,45.417,45.462,45.495,45.524,45.57,45.619,45.664,45.701,45.744,45.782,45.83,45.86,45.888,45.932,45.985,46.034,46.077,46.118,46.167,46.204,46.252,46.304,46.355,46.39,46.436,46.493,46.552,46.613,46.687,46.772,46.826,46.88,46.951,47.045,47.124,47.206,47.29,47.345,47.43,47.567,47.716,47.804,47.954,48.114,48.314,48.498,48.916,49.216,50.183
907,LNP FP,39.934,41.729,42.098,42.382,42.633,42.784,42.898,43.019,43.13,43.228,43.307,43.401,43.487,43.55,43.615,43.672,43.73,43.802,43.878,43.941,44.014,44.054,44.105,44.148,44.207,44.274,44.317,44.36,44.408,44.482,44.518,44.565,44.604,44.639,44.685,44.721,44.761,44.808,44.844,44.875,44.905,44.949,44.995,45.046,45.081,45.123,45.164,45.209,45.241,45.282,45.328,45.37,45.417,45.462,45.495,45.524,45.57,45.619,45.664,45.701,45.744,45.782,45.83,45.86,45.888,45.932,45.985,46.034,46.077,46.118,46.167,46.204,46.252,46.304,46.355,46.39,46.436,46.493,46.552,46.613,46.687,46.772,46.826,46.88,46.951,47.045,47.124,47.206,47.29,47.345,47.43,47.567,47.716,47.804,47.954,48.114,48.314,48.498,48.916,49.216,50.183
908,LNP FP,39.95,41.671,42.153,42.419,42.628,42.753,42.878,42.998,43.079,43.188,43.265,43.341,43.433,43.522,43.586,43.65,43.728,43.804,43.86,43.918,43.973,44.03,44.078,44.141,44.21,44.26,44.312,44.353,44.402,44.45,44.496,44.536,44.581,44.621,44.666,44.71,44.745,44.794,44.828,44.861,44.893,44.932,44.977,45.014,45.063,45.098,45.135,45.176,45.204,45.242,45.283,45.329,45.365,45.414,45.448,45.484,45.543,45.581,45.629,45.66,45.705,45.749,45.793,45.827,45.876,45.914,45.963,46.0,46.061,46.096,46.145,46.19,46.229,46.286,46.345,46.402,46.449,46.509,46.566,46.64,46.698,46.76,46.831,46.902,46.97,47.037,47.089,47.185,47.293,47.364,47.494,47.58,47.674,47.774,47.955,48.138,48.299,48.556,48.819,49.194,50.227
909,LNP FP,39.95,41.671,42.153,42.419,42.628,42.753,42.878,42.998,43.079,43.188,43.265,43.341,43.433,43.522,43.586,43.65,43.728,43.804,43.86,43.918,43.973,44.03,44.078,44.141,44.21,44.26,44.312,44.353,44.402,44.45,44.496,44.536,44.581,44.621,44.666,44.71,44.745,44.794,44.828,44.861,44.893,44.932,44.977,45.014,45.063,45.098,45.135,45.176,45.204,45.242,45.283,45.329,45.365,45.414,45.448,45.484,45.543,45.581,45.629,45.66,45.705,45.749,45.793,45.827,45.876,45.914,45.963,46.0,46.061,46.096,46.145,46.19,46.229,46.286,46.345,46.402,46.449,46.509,46.566,46.64,46.698,46.76,46.831,46.902,46.97,47.037,47.089,47.185,47.293,47.364,47.494,47.58,47.674,47.774,47.955,48.138,48.299,48.556,48.819,49.194,50.227
910,LNP FP,39.958,41.627,42.114,42.359,42.554,42.703,42.812,42.931,43.035,43.139,43.249,43.361,43.439,43.499,43.599,43.669,43.744,43.792,43.843,43.913,43.961,44.038,44.081,44.132,44.175,44.222,44.265,44.321,44.369,44.406,44.452,44.519,44.558,44.605,44.639,44.681,44.713,44.758,44.801,44.849,44.895,44.93,44.989,45.034,45.062,45.105,45.145,45.187,45.228,45.265,45.296,45.329,45.358,45.396,45.43,45.471,45.526,45.577,45.618,45.658,45.689,45.731,45.786,45.822,45.863,45.898,45.942,45.989,46.026,46.086,46.127,46.175,46.222,46.269,46.323,46.366,46.421,46.477,46.534,46.603,46.669,46.75,46.829,46.886,46.96,47.02,47.089,47.176,47.258,47.348,47.426,47.552,47.639,47.777,47.908,48.048,48.233,48.518,48.764,49.258,50.121
911,LNP FP,39.958,41.627,42.114,42.359,42.554,42.703,42.812,42.931,43.035,43.139,43.249,43.361,43.439,43.499,43.599,43.669,43.744,43.792,43.843,43.913,43.961,44.038,44.081,44.132,44.175,44.222,44.265,44.321,44.369,44.406,44.452,44.519,44.558,44.605,44.639,44.681,44.713,44.758,44.801,44.849,44.895,44.93,44.989,45.034,45.062,45.105,45.145,45.187,45.228,45.265,45.296,45.329,45.358,45.396,45.43,45.471,45.526,45.577,45.618,45.658,45.689,45.731,45.786,45.822,45.863,45.898,45.942,45.989,46.026,46.086,46.127,46.175,46.222,46.269,46.323,46.366,46.421,46.477,46.534,46.603,46.669,46.75,46.829,46.886,46.96,47.02,47.089,47.176,47.258,47.348,47.426,47.552,47.639,47.777,47.908,48.048,48.233,48.518,48.764,49.258,50.121
912,LNP FP,39.779,41.743,42.103,42.321,42.484,42.615,42.782,42.887,42.996,43.102,43.206,43.306,43.417,43.488,43.569,43.641,43.714,43.77,43.816,43.868,43.926,43.976,44.038,44.115,44.174,44.22,44.257,44.306,44.364,44.398,44.446,44.492,44.537,44.581,44.645,44.687,44.716,44.76,44.804,44.85,44.886,44.919,44.959,44.994,45.03,45.072,45.11,45.163,45.22,45.271,45.31,45.342,45.383,45.41,45.455,45.487,45.541,45.568,45.603,45.64,45.685,45.73,45.772,45.816,45.862,45.91,45.956,45.996,46.05,46.09,46.125,46.166,46.221,46.264,46.32,46.37,46.426,46.477,46.552,46.616,46.674,46.717,46.78,46.83,46.887,46.961,47.05,47.145,47.236,47.33,47.454,47.52,47.622,47.762,47.873,48.045,48.189,48.465,48.785,49.335,50.106
913,LNP FP,39.779,41.743,42.103,42.321,42.484,42.615,42.782,42.887,42.996,43.102,43.206,43.306,43.417,43.488,43.569,43.641,43.714,43.77,43.816,43.868,43.926,43.976,44.038,44.115,44.174,44.22,44.257,44.306,44.364,44.398,44.446,44.492,44.537,44.581,44.645,44.687,44.716,44.76,44.804,44.85,44.886,44.919,44.959,44.994,45.03,45.072,45.11,45.163,45.22,45.271,45.31,45.342,45.383,45.41,45.455,45.487,45.541,45.568,45.603,45.64,45.685,45.73,45.772,45.816,45.862,45.91,45.956,45.996,46.05,46.09,46.125,46.166,46.221,46.264,46.32,46.37,46.426,46.477,46.552,46.616,46.674,46.717,46.78,46.83,46.887,46.961,47.05,47.145,47.236,47.33,47.454,47.52,47.622,47.762,47.873,48.045,48.189,48.465,48.785,49.335,50.106
914,LNP FP,39.552,41.672,42.107,42.303,42.486,42.625,42.757,42.885,43.019,43.14,43.26,43.337,43.408,43.492,43.556,43.622,43.684,43.747,43.808,43.873,43.932,43.991,44.05,44.096,44.148,44.211,44.265,44.3,44.338,44.395,44.426,44.469,44.514,44.546,44.586,44.629,44.688,44.727,44.768,44.805,44.845,44.884,44.92,44.982,45.031,45.078,45.109,45.15,45.188,45.234,45.263,45.304,45.357,45.397,45.44,45.48,45.527,45.569,45.61,45.651,45.687,45.731,45.769,45.825,45.87,45.91,45.94,45.98,46.021,46.052,46.095,46.145,46.193,46.246,46.299,46.36,46.425,46.482,46.514,46.57,46.637,46.692,46.761,46.832,46.906,46.978,47.046,47.118,47.218,47.32,47.415,47.515,47.617,47.732,47.891,48.067,48.226,48.48,48.764,49.196,49.979
915,LNP FP,39.552,41.672,42.107,42.303,42.486,42.625,42.757,42.885,43.019,43.14,43.26,43.337,43.408,43.492,43.556,43.622,43.684,43.747,43.808,43.873,43.932,43.991,44.05,44.096,44.148,44.211,44.265,44.3,44.338,44.395,44.426,44.469,44.514,44.546,44.586,44.629,44.688,44.727,44.768,44.805,44.845,44.884,44.92,44.982,45.031,45.078,45.109,45.15,45.188,45.234,45.263,45.304,45.357,45.397,45.44,45.48,45.527,45.569,45.61,45.651,45.687,45.731,45.769,45.825,45.87,45.91,45.94,45.98,46.021,46.052,46.095,46.145,46.193,46.246,46.299,46.36,46.425,46.482,46.514,46.57,46.637,46.692,46.761,46.832,46.906,46.978,47.046,47.118,47.218,47.32,47.415,47.515,47.617,47.732,47.891,48.067,48.226,48.48,48.764,49.196,49.979
916,LNP FP,39.56,41.747,42.056,42.327,42.51,42.64,42.794,42.939,43.058,43.164,43.243,43.33,43.408,43.472,43.537,43.602,43.662,43.72,43.775,43.836,43.902,43.943,43.987,44.047,44.109,44.151,44.197,44.248,44.289,44.34,44.4,44.438,44.489,44.536,44.577,44.62,44.675,44.73,44.775,44.819,44.856,44.892,44.931,44.966,45.012,45.055,45.115,45.172,45.213,45.26,45.298,45.336,45.374,45.415,45.45,45.484,45.521,45.559,45.603,45.64,45.676,45.709,45.75,45.784,45.824,45.852,45.892,45.946,45.992,46.028,46.071,46.145,46.195,46.236,46.302,46.357,46.39,46.432,46.476,46.522,46.596,46.661,46.729,46.805,46.892,46.977,47.056,47.13,47.232,47.309,47.375,47.473,47.602,47.718,47.838,48.023,48.227,48.402,48.713,49.14,50.025
917,LNP FP,39.56,41.747,42.056,42.327,42.51,42.64,42.794,42.939,43.058,43.164,43.243,43.33,43.408,43.472,43.537,43.602,43.662,43.72,43.775,43.836,43.902,43.943,43.987,44.047,44.109,44.151,44.197,44.248,44.289,44.34,44.4,44.438,44.489,44.536,44.577,44.62,44.675,44.73,44.775,44.819,44.856,44.892,44.931,44.966,45.012,45.055,45.115,45.172,45.213,45.26,45.298,45.336,45.374,45.415,45.45,45.484,45.521,45.559,45.603,45.64,45.676,45.709,45.75,45.784,45.824,45.852,45.892,45.946,45.992,46.028,46.071,46.145,46.195,46.236,46.302,46.357,46.39,46.432,46.476,46.522,46.596,46.661,46.729,46.805,46.892,46.977,47.056,47.13,47.232,47.309,47.375,47.473,47.602,47.718,47.838,48.023,48.227,48.402,48.713,49.14,50.025
918,LNP FP,39.759,41.583,41.944,42.234,42.465,42.642,42.757,42.911,43.008,43.14,43.24,43.305,43.392,43.48,43.553,43.606,43.657,43.713,43.765,43.813,43.851,43.908,43.964,44.024,44.063,44.111,44.163,44.224,44.261,44.309,44.368,44.417,44.459,44.513,44.553,44.615,44.657,44.695,44.741,44.796,44.838,44.886,44.926,44.979,45.009,45.045,45.091,45.148,45.188,45.234,45.277,45.323,45.365,45.411,45.457,45.5,45.532,45.563,45.61,45.634,45.671,45.7,45.74,45.789,45.827,45.886,45.927,45.965,46.004,46.046,46.082,46.138,46.174,46.236,46.277,46.33,46.383,46.453,46.503,46.554,46.633,46.701,46.752,46.813,46.886,46.959,47.058,47.134,47.207,47.275,47.378,47.465,47.557,47.661,47.811,47.96,48.146,48.408,48.686,49.139,50.083
919,LNP FP,39.759,41.583,41.944,42.234,42.465,42.642,42.757,42.911,43.008,43.14,43.24,43.305,43.392,43.48,43.553,43.606,43.657,43.713,43.765,43.813,43.851,43.908,43.964,44.024,44.063,44.111,44.163,44.224,44.261,44.309,44.368,44.417,44.459,44.513,44.553,44.615,44.657,44.695,44.741,44.796,44.838,44.886,44.926,44.979,45.009,45.045,45.091,45.148,45.188,45.234,45.277,45.323,45.365,45.411,45.457,45.5,45.532,45.563,45.61,45.634,45.671,45.7,45.74,45.789,45.827,45.886,45.927,45.965,46.004,46.046,46.082,46.138,46.174,46.236,46.277,46.33,46.383,46.453,46.503,46.554,46.633,46.701,46.752,46.813,46.886,46.959,47.058,47.134,47.207,47.275,47.378,47.465,47.557,47.661,47.811,47.96,48.146,48.408,48.686,49.139,50.083
920,LNP FP,39.802,41.482,41.955,42.251,42.468,42.644,42.82,42.939,43.012,43.12,43.21,43.284,43.37,43.442,43.506,43.575,43.631,43.686,43.719,43.779,43.844,43.9,43.943,44.0,44.058,44.109,44.15,44.194,44.245,44.309,44.357,44.392,44.429,44.475,44.521,44.57,44.635,44.685,44.737,44.797,44.829,44.864,44.904,44.94,44.992,45.029,45.086,45.134,45.172,45.212,45.259,45.292,45.33,45.377,45.42,45.461,45.499,45.533,45.572,45.611,45.648,45.706,45.761,45.805,45.842,45.875,45.913,45.966,46.016,46.072,46.123,46.186,46.234,46.285,46.327,46.362,46.409,46.468,46.517,46.559,46.611,46.686,46.751,46.814,46.902,46.977,47.023,47.08,47.145,47.201,47.291,47.367,47.466,47.591,47.729,47.941,48.135,48.368,48.638,49.003,50.238
921,LNP FP,39.802,41.482,41.955,42.251,42.468,42.644,42.82,42.939,43.012,43.12,43.21,43.284,43.37,43.442,43.506,43.575,43.631,43.686,43.719,43.779,43.844,43.9,43.943,44.0,44.058,44.109,44.15,44.194,44.245,44.309,44.357,44.392,44.429,44.475,44.521,44.57,44.635,44.685,44.737,44.797,44.829,44.864,44.904,44.94,44.992,45.029,45.086,45.134,45.172,45.212,45.259,45.292,45.33,45.377,45.42,45.461,45.499,45.533,45.572,45.611,45.648,45.706,45.761,45.805,45.842,45.875,45.913,45.966,46.016,46.072,46.123,46.186,46.234,46.285,46.327,46.362,46.409,46.468,46.517,46.559,46.611,46.686,46.751,46.814,46.902,46.977,47.023,47.08,47.145,47.201,47.291,47.367,47.466,47.591,47.729,47.941,48.135,48.368,48.638,49.003,50.238
922,LNP FP,39.789,41.453,41.943,42.19,42.444,42.624,42.776,42.903,43.017,43.134,43.201,43.273,43.341,43.433,43.501,43.557,43.63,43.707,43.765,43.834,43.88,43.922,43.964,44.011,44.057,44.107,44.146,44.204,44.235,44.285,44.335,44.384,44.429,44.465,44.505,44.552,44.598,44.638,44.685,44.754,44.798,44.837,44.881,44.929,44.973,45.026,45.066,45.103,45.15,45.187,45.229,45.273,45.308,45.34,45.378,45.428,45.467,45.514,45.559,45.599,45.636,45.682,45.739,45.77,45.814,45.866,45.915,45.955,45.995,46.046,46.101,46.152,46.202,46.245,46.311,46.37,46.412,46.458,46.511,46.563,46.622,46.669,46.726,46.784,46.849,46.912,46.978,47.027,47.102,47.213,47.293,47.371,47.481,47.612,47.743,47.936,48.102,48.316,48.605,49.079,50.297
923,LNP FP,39.789,41.453,41.943,42.19,42.444,42.624,42.776,42.903,43.017,43.134,43.201,43.273,43.341,43.433,43.501,43.557,43.63,43.707,43.765,43.834,43.88,43.922,43.964,44.011,44.057,44.107,44.146,44.204,44.235,44.285,44.335,44.384,44.429,44.465,44.505,44.552,44.598,44.638,44.685,44.754,44.798,44.837,44.881,44.929,44.973,45.026,45.066,45.103,45.15,45.187,45.229,45.273,45.308,45.34,45.378,45.428,45.467,45.514,45.559,45.599,45.636,45.682,45.739,45.77,45.814,45.866,45.915,45.955,45.995,46.046,46.101,46.152,46.202,46.245,46.311,46.37,46.412,46.458,46.511,46.563,46.622,46.669,46.726,46.784,46.849,46.912,46.978,47.027,47.102,47.213,47.293,47.371,47.481,47.612,47.743,47.936,48.102,48.316,48.605,49.079,50.297
924,LNP FP,39.999,41.51,41.884,42.177,42.436,42.641,42.794,42.914,43.015,43.103,43.183,43.275,43.336,43.407,43.483,43.567,43.632,43.68,43.733,43.801,43.862,43.916,43.971,44.033,44.084,44.134,44.173,44.219,44.269,44.318,44.362,44.393,44.429,44.48,44.527,44.571,44.615,44.661,44.701,44.746,44.782,44.832,44.868,44.902,44.955,45.004,45.045,45.096,45.145,45.191,45.235,45.279,45.329,45.367,45.4,45.438,45.485,45.527,45.563,45.598,45.634,45.669,45.707,45.76,45.814,45.856,45.898,45.936,45.999,46.045,46.086,46.141,46.192,46.224,46.259,46.312,46.369,46.424,46.481,46.541,46.588,46.651,46.705,46.766,46.817,46.875,46.935,47.017,47.093,47.166,47.279,47.358,47.449,47.601,47.725,47.901,48.073,48.325,48.635,49.167,50.635
925,LNP FP,39.999,41.51,41.884,42.177,42.436,42.641,42.794,42.914,43.015,43.103,43.183,43.275,43.336,43.407,43.483,43.567,43.632,43.68,43.733,43.801,43.862,43.916,43.971,44.033,44.084,44.134,44.173,44.219,44.269,44.318,44.362,44.393,44.429,44.48,44.527,44.571,44.615,44.661,44.701,44.746,44.782,44.832,44.868,44.902,44.955,45.004,45.045,45.096,45.145,45.191,45.235,45.279,45.329,45.367,45.4,45.438,45.485,45.527,45.563,45.598,45.634,45.669,45.707,45.76,45.814,45.856,45.898,45.936,45.999,46.045,46.086,46.141,46.192,46.224,46.259,46.312,46.369,46.424,46.481,46.541,46.588,46.651,46.705,46.766,46.817,46.875,46.935,47.017,47.093,47.166,47.279,47.358,47.449,47.601,47.725,47.901,48.073,48.325,48.635,49.167,50.635
926,LNP FP,39.905,41.506,41.875,42.167,42.472,42.614,42.748,42.906,43.012,43.078,43.159,43.251,43.32,43.382,43.479,43.549,43.606,43.666,43.724,43.774,43.847,43.892,43.944,43.991,44.048,44.105,44.165,44.212,44.258,44.295,44.337,44.377,44.425,44.472,44.526,44.562,44.596,44.642,44.692,44.744,44.794,44.834,44.885,44.93,44.969,45.007,45.049,45.086,45.128,45.161,45.193,45.238,45.287,45.331,45.371,45.417,45.464,45.499,45.539,45.577,45.618,45.665,45.7,45.743,45.781,45.818,45.862,45.903,45.939,45.99,46.027,46.078,46.129,46.189,46.234,46.27,46.325,46.392,46.444,46.485,46.55,46.61,46.661,46.73,46.814,46.875,46.917,46.996,47.077,47.153,47.198,47.309,47.45,47.553,47.658,47.794,47.963,48.225,48.492,49.142,50.344
927,LNP FP,39.905,41.506,41.875,42.167,42.472,42.614,42.748,42.906,43.012,43.078,43.159,43.251,43.32,43.382,43.479,43.549,43.606,43.666,43.724,43.774,43.847,43.892,43.944,43.991,44.048,44.105,44.165,44.212,44.258,44.295,44.337,44.377,44.425,44.472,44.526,44.562,44.596,44.642,44.692,44.744,44.794,44.834,44.885,44.93,44.969,45.007,45.049,45.086,45.128,45.161,45.193,45.238,45.287,45.331,45.371,45.417,45.464,45.499,45.539,45.577,45.618,45.665,45.7,45.743,45.781,45.818,45.862,45.903,45.939,45.99,46.027,46.078,46.129,46.189,46.234,46.27,46.325,46.392,46.444,46.485,46.55,46.61,46.661,46.73,46.814,46.875,46.917,46.996,47.077,47.153,47.198,47.309,47.45,47.553,47.658,47.794,47.963,48.225,48.492,49.142,50.344
928,LNP FP,40.22,41.404,41.996,42.27,42.466,42.604,42.775,42.871,42.966,43.043,43.138,43.221,43.309,43.369,43.419,43.508,43.578,43.628,43.69,43.748,43.796,43.842,43.895,43.947,44.006,44.064,44.131,44.18,44.236,44.289,44.325,44.38,44.425,44.466,44.509,44.551,44.595,44.654,44.699,44.746,44.779,44.828,44.86,44.9,44.951,44.999,45.033,45.069,45.104,45.148,45.196,45.233,45.268,45.31,45.346,45.389,45.427,45.455,45.52,45.558,45.598,45.627,45.665,45.707,45.75,45.796,45.842,45.889,45.935,45.979,46.026,46.056,46.108,46.167,46.223,46.285,46.342,46.384,46.428,46.494,46.558,46.606,46.675,46.716,46.762,46.831,46.885,46.956,47.021,47.102,47.208,47.3,47.409,47.527,47.672,47.825,48.009,48.205,48.534,48.97,50.484
929,LNP FP,40.22,41.404,41.996,42.27,42.466,42.604,42.775,42.871,42.966,43.043,43.138,43.221,43.309,43.369,43.419,43.508,43.578,43.628,43.69,43.748,43.796,43.842,43.895,43.947,44.006,44.064,44.131,44.18,44.236,44.289,44.325,44.38,44.425,44.466,44.509,44.551,44.595,44.654,44.699,44.746,44.779,44.828,44.86,44.9,44.951,44.999,45.033,45.069,45.104,45.148,45.196,45.233,45.268,45.31,45.346,45.389,45.427,45.455,45.52,45.558,45.598,45.627,45.665,45.707,45.75,45.796,45.842,45.889,45.935,45.979,46.026,46.056,46.108,46.167,46.223,46.285,46.342,46.384,46.428,46.494,46.558,46.606,46.675,46.716,46.762,46.831,46.885,46.956,47.021,47.102,47.208,47.3,47.409,47.527,47.672,47.825,48.009,48.205,48.534,48.97,50.484
930,LNP FP,40.332,41.459,42.059,42.233,42.464,42.64,42.742,42.867,42.963,43.052,43.146,43.208,43.304,43.37,43.457,43.515,43.585,43.624,43.686,43.744,43.802,43.845,43.913,43.956,44.002,44.053,44.104,44.148,44.19,44.239,44.279,44.326,44.373,44.434,44.478,44.513,44.58,44.628,44.667,44.712,44.769,44.819,44.852,44.888,44.936,44.971,45.007,45.044,45.076,45.126,45.18,45.23,45.261,45.3,45.333,45.376,45.422,45.457,45.499,45.536,45.583,45.625,45.665,45.701,45.748,45.81,45.855,45.91,45.947,45.993,46.032,46.078,46.122,46.16,46.195,46.24,46.273,46.334,46.372,46.415,46.454,46.524,46.585,46.66,46.727,46.788,46.862,46.939,47.036,47.135,47.214,47.309,47.398,47.492,47.588,47.733,47.92,48.172,48.5,49.136,50.468
931,LNP FP,40.332,41.459,42.059,42.233,42.464,42.64,42.742,42.867,42.963,43.052,43.146,43.208,43.304,43.37,43.457,43.515,43.585,43.624,43.686,43.744,43.802,43.845,43.913,43.956,44.002,44.053,44.104,44.148,44.19,44.239,44.279,44.326,44.373,44.434,44.478,44.513,44.58,44.628,44.667,44.712,44.769,44.819,44.852,44.888,44.936,44.971,45.007,45.044,45.076,45.126,45.18,45.23,45.261,45.3,45.333,45.376,45.422,45.457,45.499,45.536,45.583,45.625,45.665,45.701,45.748,45.81,45.855,45.91,45.947,45.993,46.032,46.078,46.122,46.16,46.195,46.24,46.273,46.334,46.372,46.415,46.454,46.524,46.585,46.66,46.727,46.788,46.862,46.939,47.036,47.135,47.214,47.309,47.398,47.492,47.588,47.733,47.92,48.172,48.5,49.136,50.468
932,LNP FP,40.158,41.511,41.952,42.217,42.409,42.577,42.684,42.82,42.929,43.007,43.095,43.186,43.289,43.353,43.407,43.471,43.54,43.625,43.702,43.753,43.816,43.876,43.931,43.972,44.014,44.06,44.113,44.16,44.2,44.241,44.285,44.343,44.406,44.446,44.483,44.526,44.562,44.62,44.663,44.688,44.745,44.788,44.831,44.868,44.901,44.942,44.989,45.033,45.071,45.107,45.149,45.191,45.232,45.262,45.301,45.35,45.402,45.443,45.486,45.506,45.542,45.573,45.622,45.661,45.7,45.736,45.77,45.81,45.859,45.906,45.951,45.993,46.03,46.099,46.141,46.193,46.253,46.297,46.346,46.391,46.448,46.515,46.58,46.647,46.718,46.782,46.841,46.907,46.989,47.056,47.145,47.247,47.335,47.461,47.589,47.71,47.82,48.025,48.393,48.963,50.407
933,LNP FP,40.158,41.511,41.952,42.217,42.409,42.577,42.684,42.82,42.929,43.007,43.095,43.186,43.289,43.353,43.407,43.471,43.54,43.625,43.702,43.753,43.816,43.876,43.931,43.972,44.014,44.06,44.113,44.16,44.2,44.241,44.285,44.343,44.406,44.446,44.483,44.526,44.562,44.62,44.663,44.688,44.745,44.788,44.831,44.868,44.901,44.942,44.989,45.033,45.071,45.107,45.149,45.191,45.232,45.262,45.301,45.35,45.402,45.443,45.486,45.506,45.542,45.573,45.622,45.661,45.7,45.736,45.77,45.81,45.859,45.906,45.951,45.993,46.03,46.099,46.141,46.193,46.253,46.297,46.346,46.391,46.448,46.515,46.58,46.647,46.718,46.782,46.841,46.907,46.989,47.056,47.145,47.247,47.335,47.461,47.589,47.71,47.82,48.025,48.393,48.963,50.407
934,LNP FP,40.144,41.398,42.019,42.267,42.46,42.588,42.717,42.852,42.916,42.997,43.087,43.19,43.274,43.345,43.428,43.488,43.549,43.608,43.669,43.731,43.801,43.855,43.893,43.929,43.984,44.033,44.092,44.127,44.181,44.225,44.274,44.317,44.365,44.423,44.466,44.512,44.56,44.598,44.635,44.691,44.739,44.771,44.803,44.843,44.88,44.928,44.97,45.007,45.062,45.104,45.129,45.174,45.203,45.237,45.273,45.316,45.352,45.394,45.438,45.474,45.517,45.561,45.601,45.646,45.691,45.732,45.766,45.813,45.847,45.872,45.914,45.963,46.013,46.085,46.131,46.178,46.248,46.305,46.34,46.389,46.438,46.492,46.553,46.618,46.676,46.725,46.791,46.861,46.965,47.042,47.14,47.205,47.281,47.383,47.487,47.639,47.808,47.965,48.328,48.855,50.237
935,LNP FP,40.144,41.398,42.019,42.267,42.46,42.588,42.717,42.852,42.916,42.997,43.087,43.19,43.274,43.345,43.428,43.488,43.549,43.608,43.669,43.731,43.801,43.855,43.893,43.929,43.984,44.033,44.092,44.127,44.181,44.225,44.274,44.317,44.365,44.423,44.466,44.512,44.56,44.598,44.635,44.691,44.739,44.771,44.803,44.843,44.88,44.928,44.97,45.007,45.062,45.104,45.129,45.174,45.203,45.237,45.273,45.316,45.352,45.394,45.438,45.474,45.517,45.561,45.601,45.646,45.691,45.732,45.766,45.813,45.847,45.872,45.914,45.963,46.013,46.085,46.131,46.178,46.248,46.305,46.34,46.389,46.438,46.492,46.553,46.618,46.676,46.725,46.791,46.861,46.965,47.042,47.14,47.205,47.281,47.383,47.487,47.639,47.808,47.965,48.328,48.855,50.237
936,LNP FP,40.393,41.422,41.89,42.186,42.369,42.553,42.767,42.864,42.947,43.042,43.125,43.2,43.275,43.336,43.407,43.466,43.547,43.601,43.652,43.687,43.75,43.795,43.858,43.924,43.99,44.029,44.085,44.125,44.185,44.233,44.276,44.31,44.347,44.391,44.436,44.476,44.522,44.563,44.613,44.655,44.7,44.736,44.777,44.824,44.876,44.912,44.947,44.978,45.025,45.065,45.099,45.135,45.172,45.218,45.261,45.289,45.329,45.376,45.422,45.465,45.497,45.533,45.57,45.618,45.662,45.711,45.758,45.794,45.835,45.878,45.91,45.948,45.996,46.053,46.107,46.161,46.21,46.263,46.3,46.351,46.397,46.455,46.547,46.602,46.644,46.684,46.731,46.796,46.88,46.979,47.057,47.156,47.229,47.336,47.435,47.641,47.774,47.926,48.271,48.866,50.232
937,LNP FP,40.393,41.422,41.89,42.186,42.369,42.553,42.767,42.864,42.947,43.042,43.125,43.2,43.275,43.336,43.407,43.466,43.547,43.601,43.652,43.687,43.75,43.795,43.858,43.924,43.99,44.029,44.085,44.125,44.185,44.233,44.276,44.31,44.347,44.391,44.436,44.476,44.522,44.563,44.613,44.655,44.7,44.736,44.777,44.824,44.876,44.912,44.947,44.978,45.025,45.065,45.099,45.135,45.172,45.218,45.261,45.289,45.329,45.376,45.422,45.465,45.497,45.533,45.57,45.618,45.662,45.711,45.758,45.794,45.835,45.878,45.91,45.948,45.996,46.053,46.107,46.161,46.21,46.263,46.3,46.351,46.397,46.455,46.547,46.602,46.644,46.684,46.731,46.796,46.88,46.979,47.057,47.156,47.229,47.336,47.435,47.641,47.774,47.926,48.271,48.866,50.232
938,LNP FP,40.209,41.247,41.782,42.136,42.32,42.51,42.667,42.783,42.925,43.038,43.105,43.192,43.268,43.348,43.42,43.491,43.558,43.607,43.666,43.717,43.777,43.831,43.882,43.919,43.967,44.013,44.066,44.108,44.163,44.208,44.265,44.303,44.363,44.398,44.45,44.503,44.555,44.596,44.638,44.673,44.716,44.746,44.788,44.823,44.867,44.893,44.924,44.965,45.013,45.047,45.082,45.112,45.152,45.198,45.233,45.282,45.327,45.366,45.394,45.43,45.478,45.513,45.564,45.602,45.638,45.701,45.744,45.793,45.832,45.87,45.906,45.958,46.014,46.045,46.091,46.119,46.155,46.201,46.239,46.293,46.354,46.397,46.446,46.501,46.558,46.637,46.724,46.807,46.861,46.946,47.054,47.127,47.203,47.301,47.44,47.578,47.698,47.885,48.223,48.772,50.184
939,LNP FP,40.209,41.247,41.782,42.136,42.32,42.51,42.667,42.783,42.925,43.038,43.105,43.192,43.268,43.348,43.42,43.491,43.558,43.607,43.666,43.717,43.777,43.831,43.882,43.919,43.967,44.013,44.066,44.108,44.163,44.208,44.265,44.303,44.363,44.398,44.45,44.503,44.555,44.596,44.638,44.673,44.716,44.746,44.788,44.823,44.867,44.893,44.924,44.965,45.013,45.047,45.082,45.112,45.152,45.198,45.233,45.282,45.327,45.366,45.394,45.43,45.478,45.513,45.564,45.602,45.638,45.701,45.744,45.793,45.832,45.87,45.906,45.958,46.014,46.045,46.091,46.119,46.155,46.201,46.239,46.293,46.354,46.397,46.446,46.501,46.558,46.637,46.724,46.807,46.861,46.946,47.054,47.127,47.203,47.301,47.44,47.578,47.698,47.885,48.223,48.772,50.184
940,LNP FP,40.432,41.33,41.82,42.108,42.335,42.565,42.722,42.857,42.973,43.05,43.108,43.188,43.263,43.323,43.401,43.473,43.529,43.597,43.633,43.687,43.745,43.803,43.877,43.924,43.963,44.016,44.057,44.119,44.165,44.228,44.277,44.327,44.368,44.408,44.451,44.492,44.525,44.57,44.603,44.64,44.682,44.717,44.75,44.781,44.811,44.85,44.91,44.95,44.998,45.029,45.081,45.127,45.166,45.193,45.232,45.267,45.303,45.34,45.375,45.404,45.439,45.481,45.531,45.58,45.622,45.658,45.701,45.737,45.777,45.829,45.87,45.913,45.946,46.003,46.042,46.091,46.15,46.213,46.255,46.297,46.352,46.412,46.482,46.534,46.589,46.655,46.729,46.778,46.834,46.913,46.99,47.108,47.242,47.313,47.412,47.555,47.686,47.843,48.171,48.674,50.17
941,LNP FP,40.432,41.33,41.82,42.108,42.335,42.565,42.722,42.857,42.973,43.05,43.108,43.188,43.263,43.323,43.401,43.473,43.529,43.597,43.633,43.687,43.745,43.803,43.877,43.924,43.963,44.016,44.057,44.119,44.165,44.228,44.277,44.327,44.368,44.408,44.451,44.492,44.525,44.57,44.603,44.64,44.682,44.717,44.75,44.781,44.811,44.85,44.91,44.95,44.998,45.029,45.081,45.127,45.166,45.193,45.232,45.267,45.303,45.34,45.375,45.404,45.439,45.481,45.531,45.58,45.622,45.658,45.701,45.737,45.777,45.829,45.87,45.913,45.946,46.003,46.042,46.091,46.15,46.213,46.255,46.297,46.352,46.412,46.482,46.534,46.589,46.655,46.729,46.778,46.834,46.913,46.99,47.108,47.242,47.313,47.412,47.555,47.686,47.843,48.171,48.674,50.17
942,LNP FP,40.193,41.293,41.784,42.123,42.385,42.563,42.754,42.854,42.929,43.037,43.127,43.188,43.262,43.329,43.393,43.455,43.514,43.582,43.651,43.717,43.763,43.83,43.878,43.922,43.966,44.009,44.063,44.116,44.158,44.195,44.245,44.297,44.344,44.377,44.41,44.445,44.491,44.544,44.582,44.625,44.666,44.718,44.759,44.795,44.836,44.882,44.91,44.938,44.979,45.016,45.051,45.094,45.129,45.156,45.193,45.232,45.27,45.312,45.352,45.397,45.439,45.475,45.528,45.57,45.607,45.634,45.663,45.705,45.74,45.78,45.824,45.862,45.896,45.944,45.998,46.06,46.12,46.188,46.242,46.305,46.354,46.414,46.466,46.517,46.575,46.641,46.697,46.761,46.857,46.943,47.015,47.099,47.171,47.269,47.384,47.509,47.695,47.836,48.111,48.629,49.898
943,LNP FP,40.193,41.293,41.784,42.123,42.385,42.563,42.754,42.854,42.929,43.037,43.127,43.188,43.262,43.329,43.393,43.455,43.514,43.582,43.651,43.717,43.763,43.83,43.878,43.922,43.966,44.009,44.063,44.116,44.158,44.195,44.245,44.297,44.344,44.377,44.41,44.445,44.491,44.544,44.582,44.625,44.666,44.718,44.759,44.795,44.836,44.882,44.91,44.938,44.979,45.016,45.051,45.094,45.129,45.156,45.193,45.232,45.27,45.312,45.352,45.397,45.439,45.475,45.528,45.57,45.607,45.634,45.663,45.705,45.74,45.78,45.824,45.862,45.896,45.944,45.998,46.06,46.12,46.188,46.242,46.305,46.354,46.414,46.466,46.517,46.575,46.641,46.697,46.761,46.857,46.943,47.015,47.099,47.171,47.269,47.384,47.509,47.695,47.836,48.111,48.629,49.898
944,LNP FP,40.033,41.366,41.747,42.082,42.356,42.54,42.702,42.841,42.972,43.061,43.124,43.214,43.274,43.338,43.405,43.46,43.517,43.568,43.623,43.676,43.721,43.767,43.828,43.904,43.949,44.017,44.07,44.112,44.162,44.196,44.242,44.284,44.336,44.368,44.404,44.45,44.48,44.51,44.551,44.59,44.632,44.677,44.714,44.753,44.795,44.841,44.882,44.921,44.953,44.984,45.027,45.052,45.089,45.129,45.167,45.216,45.25,45.286,45.327,45.372,45.406,45.442,45.471,45.498,45.534,45.582,45.622,45.68,45.722,45.782,45.822,45.868,45.917,45.965,46.009,46.045,46.088,46.152,46.194,46.246,46.31,46.367,46.443,46.496,46.567,46.618,46.69,46.735,46.805,46.859,46.951,47.039,47.134,47.218,47.319,47.459,47.645,47.845,48.023,48.5,49.782
945,LNP FP,40.033,41.366,41.747,42.082,42.356,42.54,42.702,42.841,42.972,43.061,43.124,43.214,43.274,43.338,43.405,43.46,43.517,43.568,43.623,43.676,43.721,43.767,43.828,43.904,43.949,44.017,44.07,44.112,44.162,44.196,44.242,44.284,44.336,44.368,44.404,44.45,44.48,44.51,44.551,44.59,44.632,44.677,44.714,44.753,44.795,44.841,44.882,44.921,44.953,44.984,45.027,45.052,45.089,45.129,45.167,45.216,45.25,45.286,45.327,45.372,45.406,45.442,45.471,45.498,45.534,45.582,45.622,45.68,45.722,45.782,45.822,45.868,45.917,45.965,46.009,46.045,46.088,46.152,46.194,46.246,46.31,46.367,46.443,46.496,46.567,46.618,46.69,46.735,46.805,46.859,46.951,47.039,47.134,47.218,47.319,47.459,47.645,47.845,48.023,48.5,49.782
946,LNP FP,40.367,41.151,41.7,42.023,42.247,42.459,42.604,42.765,42.874,42.951,43.035,43.117,43.184,43.25,43.311,43.383,43.44,43.513,43.569,43.632,43.687,43.733,43.794,43.842,43.9,43.959,44.008,44.051,44.102,44.148,44.18,44.234,44.267,44.3,44.333,44.375,44.427,44.47,44.505,44.569,44.604,44.642,44.695,44.745,44.779,44.819,44.858,44.885,44.914,44.958,44.991,45.037,45.069,45.104,45.127,45.174,45.212,45.249,45.278,45.325,45.357,45.416,45.457,45.493,45.535,45.583,45.621,45.66,45.703,45.752,45.783,45.833,45.873,45.932,45.99,46.035,46.086,46.127,46.183,46.246,46.301,46.351,46.423,46.474,46.525,46.593,46.653,46.731,46.828,46.902,46.995,47.081,47.211,47.32,47.381,47.513,47.643,47.842,48.132,48.611,49.532
947,LNP FP,40.367,41.151,41.7,42.023,42.247,42.459,42.604,42.765,42.874,42.951,43.035,43.117,43.184,43.25,43.311,43.383,43.44,43.513,43.569,43.632,43.687,43.733,43.794,43.842,43.9,43.959,44.008,44.051,44.102,44.148,44.18,44.234,44.267,44.3,44.333,44.375,44.427,44.47,44.505,44.569,44.604,44.642,44.695,44.745,44.779,44.819,44.858,44.885,44.914,44.958,44.991,45.037,45.069,45.104,45.127,45.174,45.212,45.249,45.278,45.325,45.357,45.416,45.457,45.493,45.535,45.583,45.621,45.66,45.703,45.752,45.783,45.833,45.873,45.932,45.99,46.035,46.086,46.127,46.183,46.246,46.301,46.351,46.423,46.474,46.525,46.593,46.653,46.731,46.828,46.902,46.995,47.081,47.211,47.32,47.381,47.513,47.643,47.842,48.132,48.611,49.532
948,LNP FP,40.147,41.101,41.67,41.932,42.175,42.374,42.503,42.663,42.783,42.869,42.949,43.037,43.123,43.179,43.256,43.326,43.392,43.454,43.493,43.573,43.634,43.686,43.728,43.8,43.846,43.899,43.948,44.0,44.048,44.09,44.14,44.189,44.241,44.277,44.317,44.354,44.394,44.434,44.467,44.516,44.558,44.598,44.646,44.689,44.73,44.773,44.815,44.849,44.888,44.923,44.966,45.006,45.043,45.083,45.117,45.168,45.208,45.24,45.278,45.315,45.365,45.409,45.465,45.495,45.557,45.593,45.626,45.658,45.702,45.744,45.788,45.827,45.876,45.932,45.982,46.037,46.105,46.156,46.206,46.249,46.315,46.363,46.424,46.496,46.548,46.622,46.668,46.736,46.826,46.904,46.981,47.078,47.169,47.282,47.412,47.542,47.668,47.818,48.096,48.605,49.647
949,LNP FP,40.147,41.101,41.67,41.932,42.175,42.374,42.503,42.663,42.783,42.869,42.949,43.037,43.123,43.179,43.256,43.326,43.392,43.454,43.493,43.573,43.634,43.686,43.728,43.8,43.846,43.899,43.948,44.0,44.048,44.09,44.14,44.189,44.241,44.277,44.317,44.354,44.394,44.434,44.467,44.516,44.558,44.598,44.646,44.689,44.73,44.773,44.815,44.849,44.888,44.923,44.966,45.006,45.043,45.083,45.117,45.168,45.208,45.24,45.278,45.315,45.365,45.409,45.465,45.495,45.557,45.593,45.626,45.658,45.702,45.744,45.788,45.827,45.876,45.932,45.982,46.037,46.105,46.156,46.206,46.249,46.315,46.363,46.424,46.496,46.548,46.622,46.668,46.736,46.826,46.904,46.981,47.078,47.169,47.282,47.412,47.542,47.668,47.818,48.096,48.605,49.647
950,LNP FP,40.081,41.061,41.512,41.846,42.158,42.308,42.417,42.572,42.683,42.811,42.906,43.005,43.079,43.152,43.217,43.284,43.339,43.42,43.476,43.514,43.566,43.608,43.662,43.711,43.787,43.844,43.883,43.937,43.996,44.049,44.1,44.161,44.21,44.257,44.31,44.354,44.394,44.429,44.471,44.515,44.558,44.594,44.632,44.658,44.7,44.725,44.77,44.806,44.856,44.894,44.945,44.994,45.029,45.067,45.112,45.157,45.195,45.229,45.268,45.303,45.358,45.395,45.439,45.487,45.518,45.561,45.593,45.639,45.677,45.73,45.769,45.818,45.867,45.913,45.971,46.014,46.067,46.117,46.156,46.214,46.269,46.329,46.399,46.453,46.502,46.592,46.68,46.734,46.804,46.881,46.976,47.053,47.156,47.266,47.404,47.494,47.683,47.911,48.134,48.577,49.425
951,LNP FP,40.081,41.061,41.512,41.846,42.158,42.308,42.417,42.572,42.683,42.811,42.906,43.005,43.079,43.152,43.217,43.284,43.339,43.42,43.476,43.514,43.566,43.608,43.662,43.711,43.787,43.844,43.883,43.937,43.996,44.049,44.1,44.161,44.21,44.257,44.31,44.354,44.394,44.429,44.471,44.515,44.558,44.594,44.632,44.658,44.7,44.725,44.77,44.806,44.856,44.894,44.945,44.994,45.029,45.067,45.112,45.157,45.195,45.229,45.268,45.303,45.358,45.395,45.439,45.487,45.518,45.561,45.593,45.639,45.677,45.73,45.769,45.818,45.867,45.913,45.971,46.014,46.067,46.117,46.156,46.214,46.269,46.329,46.399,46.453,46.502,46.592,46.68,46.734,46.804,46.881,46.976,47.053,47.156,47.266,47.404,47.494,47.683,47.911,48.134,48.577,49.425
952,LNP FP,39.805,41.038,41.567,41.83,42.083,42.253,42.368,42.504,42.617,42.729,42.811,42.879,42.962,43.047,43.115,43.185,43.266,43.322,43.393,43.465,43.523,43.581,43.646,43.697,43.752,43.79,43.835,43.891,43.947,44.009,44.067,44.116,44.165,44.218,44.256,44.317,44.355,44.401,44.443,44.482,44.529,44.565,44.601,44.653,44.688,44.739,44.77,44.813,44.852,44.879,44.917,44.947,44.987,45.027,45.063,45.107,45.157,45.211,45.253,45.291,45.343,45.389,45.434,45.475,45.505,45.541,45.579,45.624,45.66,45.707,45.756,45.8,45.844,45.899,45.947,46.003,46.059,46.116,46.159,46.217,46.26,46.316,46.386,46.481,46.529,46.586,46.653,46.723,46.795,46.896,46.972,47.056,47.131,47.253,47.404,47.545,47.683,47.872,48.149,48.61,49.867
953,LNP FP,39.805,41.038,41.567,41.83,42.083,42.253,42.368,42.504,42.617,42.729,42.811,42.879,42.962,43.047,43.115,43.185,43.266,43.322,43.393,43.465,43.523,43.581,43.646,43.697,43.752,43.79,43.835,43.891,43.947,44.009,44.067,44.116,44.165,44.218,44.256,44.317,44.355,44.401,44.443,44.482,44.529,44.565,44.601,44.653,44.688,44.739,44.77,44.813,44.852,44.879,44.917,44.947,44.987,45.027,45.063,45.107,45.157,45.211,45.253,45.291,45.343,45.389,45.434,45.475,45.505,45.541,45.579,45.624,45.66,45.707,45.756,45.8,45.844,45.899,45.947,46.003,46.059,46.116,46.159,46.217,46.26,46.316,46.386,46.481,46.529,46.586,46.653,46.723,46.795,46.896,46.972,47.056,47.131,47.253,47.404,47.545,47.683,47.872,48.149,48.61,49.867
954,LNP FP,39.667,41.033,41.466,41.818,42.009,42.167,42.351,42.484,42.581,42.667,42.76,42.837,42.908,42.991,43.063,43.148,43.225,43.284,43.349,43.407,43.487,43.553,43.602,43.657,43.711,43.755,43.8,43.849,43.898,43.939,44.0,44.029,44.07,44.13,44.177,44.235,44.277,44.334,44.387,44.43,44.474,44.511,44.557,44.6,44.643,44.675,44.716,44.756,44.796,44.841,44.886,44.925,44.962,45.018,45.057,45.116,45.164,45.205,45.245,45.277,45.302,45.338,45.384,45.446,45.486,45.528,45.581,45.628,45.67,45.703,45.749,45.787,45.837,45.896,45.958,45.999,46.055,46.104,46.173,46.227,46.266,46.33,46.39,46.467,46.518,46.58,46.657,46.734,46.801,46.899,46.993,47.081,47.176,47.299,47.435,47.548,47.684,47.886,48.178,48.573,49.737
955,LNP FP,39.667,41.033,41.466,41.818,42.009,42.167,42.351,42.484,42.581,42.667,42.76,42.837,42.908,42.991,43.063,43.148,43.225,43.284,43.349,43.407,43.487,43.553,43.602,43.657,43.711,43.755,43.8,43.849,43.898,43.939,44.0,44.029,44.07,44.13,44.177,44.235,44.277,44.334,44.387,44.43,44.474,44.511,44.557,44.6,44.643,44.675,44.716,44.756,44.796,44.841,44.886,44.925,44.962,45.018,45.057,45.116,45.164,45.205,45.245,45.277,45.302,45.338,45.384,45.446,45.486,45.528,45.581,45.628,45.67,45.703,45.749,45.787,45.837,45.896,45.958,45.999,46.055,46.104,46.173,46.227,46.266,46.33,46.39,46.467,46.518,46.58,46.657,46.734,46.801,46.899,46.993,47.081,47.176,47.299,47.435,47.548,47.684,47.886,48.178,48.573,49.737
956,LNP FP,39.401,40.971,41.544,41.84,41.992,42.145,42.29,42.431,42.515,42.611,42.718,42.814,42.885,42.945,43.018,43.075,43.149,43.21,43.279,43.338,43.404,43.47,43.532,43.604,43.666,43.723,43.763,43.816,43.878,43.927,43.971,44.021,44.065,44.109,44.149,44.191,44.247,44.311,44.366,44.421,44.46,44.507,44.555,44.587,44.626,44.657,44.694,44.746,44.798,44.842,44.881,44.928,44.97,45.0,45.043,45.086,45.124,45.169,45.207,45.242,45.275,45.323,45.365,45.425,45.471,45.505,45.559,45.609,45.652,45.694,45.738,45.782,45.824,45.887,45.929,45.989,46.042,46.11,46.178,46.248,46.307,46.359,46.412,46.462,46.534,46.602,46.665,46.725,46.795,46.884,46.989,47.068,47.182,47.274,47.43,47.556,47.735,47.937,48.224,48.716,49.738
957,LNP FP,39.401,40.971,41.544,41.84,41.992,42.145,42.29,42.431,42.515,42.611,42.718,42.814,42.885,42.945,43.018,43.075,43.149,43.21,43.279,43.338,43.404,43.47,43.532,43.604,43.666,43.723,43.763,43.816,43.878,43.927,43.971,44.021,44.065,44.109,44.149,44.191,44.247,44.311,44.366,44.421,44.46,44.507,44.555,44.587,44.626,44.657,44.694,44.746,44.798,44.842,44.881,44.928,44.97,45.0,45.043,45.086,45.124,45.169,45.207,45.242,45.275,45.323,45.365,45.425,45.471,45.505,45.559,45.609,45.652,45.694,45.738,45.782,45.824,45.887,45.929,45.989,46.042,46.11,46.178,46.248,46.307,46.359,46.412,46.462,46.534,46.602,46.665,46.725,46.795,46.884,46.989,47.068,47.182,47.274,47.43,47.556,47.735,47.937,48.224,48.716,49.738
958,LNP FP,39.129,40.928,41.343,41.702,41.883,42.042,42.221,42.358,42.482,42.587,42.674,42.773,42.865,42.945,43.012,43.093,43.181,43.246,43.293,43.338,43.397,43.453,43.509,43.548,43.612,43.671,43.732,43.779,43.837,43.875,43.936,43.984,44.035,44.077,44.114,44.17,44.219,44.284,44.343,44.382,44.428,44.47,44.509,44.568,44.609,44.653,44.702,44.736,44.768,44.807,44.854,44.905,44.94,44.979,45.018,45.062,45.097,45.138,45.176,45.218,45.259,45.317,45.363,45.39,45.434,45.476,45.527,45.589,45.624,45.672,45.722,45.772,45.823,45.886,45.936,45.978,46.014,46.07,46.141,46.205,46.24,46.313,46.369,46.425,46.482,46.564,46.643,46.703,46.802,46.889,47.01,47.078,47.192,47.286,47.43,47.564,47.695,47.945,48.222,48.679,49.837
959,LNP FP,39.129,40.928,41.343,41.702,41.883,42.042,42.221,42.358,42.482,42.587,42.674,42.773,42.865,42.945,43.012,43.093,43.181,43.246,43.293,43.338,43.397,43.453,43.509,43.548,43.612,43.671,43.732,43.779,43.837,43.875,43.936,43.984,44.035,44.077,44.114,44.17,44.219,44.284,44.343,44.382,44.428,44.47,44.509,44.568,44.609,44.653,44.702,44.736,44.768,44.807,44.854,44.905,44.94,44.979,45.018,45.062,45.097,45.138,45.176,45.218,45.259,45.317,45.363,45.39,45.434,45.476,45.527,45.589,45.624,45.672,45.722,45.772,45.823,45.886,45.936,45.978,46.014,46.07,46.141,46.205,46.24,46.313,46.369,46.425,46.482,46.564,46.643,46.703,46.802,46.889,47.01,47.078,47.192,47.286,47.43,47.564,47.695,47.945,48.222,48.679,49.837
960,LNP FP,39.014,40.845,41.348,41.628,41.795,41.992,42.144,42.286,42.413,42.501,42.583,42.647,42.751,42.84,42.907,42.995,43.059,43.115,43.184,43.281,43.337,43.396,43.45,43.507,43.548,43.612,43.672,43.761,43.806,43.862,43.92,43.969,44.023,44.064,44.107,44.154,44.191,44.231,44.264,44.302,44.354,44.404,44.454,44.497,44.549,44.59,44.641,44.693,44.74,44.778,44.813,44.851,44.9,44.927,44.967,45.008,45.05,45.099,45.154,45.207,45.248,45.296,45.333,45.368,45.431,45.48,45.534,45.591,45.638,45.678,45.737,45.776,45.815,45.855,45.909,45.98,46.023,46.07,46.122,46.173,46.241,46.297,46.357,46.428,46.482,46.555,46.639,46.714,46.796,46.87,46.954,47.084,47.221,47.352,47.478,47.599,47.779,48.027,48.347,48.922,49.936
961,LNP FP,39.014,40.845,41.348,41.628,41.795,41.992,42.144,42.286,42.413,42.501,42.583,42.647,42.751,42.84,42.907,42.995,43.059,43.115,43.184,43.281,43.337,43.396,43.45,43.507,43.548,43.612,43.672,43.761,43.806,43.862,43.92,43.969,44.023,44.064,44.107,44.154,44.191,44.231,44.264,44.302,44.354,44.404,44.454,44.497,44.549,44.59,44.641,44.693,44.74,44.778,44.813,44.851,44.9,44.927,44.967,45.008,45.05,45.099,45.154,45.207,45.248,45.296,45.333,45.368,45.431,45.48,45.534,45.591,45.638,45.678,45.737,45.776,45.815,45.855,45.909,45.98,46.023,46.07,46.122,46.173,46.241,46.297,46.357,46.428,46.482,46.555,46.639,46.714,46.796,46.87,46.954,47.084,47.221,47.352,47.478,47.599,47.779,48.027,48.347,48.922,49.936
962,LNP FP,38.863,40.871,41.271,41.589,41.791,41.967,42.138,42.243,42.354,42.433,42.518,42.601,42.686,42.764,42.858,42.939,43.02,43.115,43.179,43.23,43.288,43.343,43.399,43.461,43.527,43.595,43.652,43.705,43.757,43.809,43.855,43.9,43.961,44.006,44.061,44.109,44.151,44.206,44.251,44.28,44.331,44.376,44.418,44.461,44.505,44.553,44.592,44.635,44.685,44.731,44.775,44.817,44.859,44.912,44.957,45.004,45.052,45.095,45.135,45.188,45.225,45.281,45.325,45.367,45.406,45.442,45.495,45.546,45.604,45.66,45.711,45.755,45.796,45.852,45.911,45.945,45.999,46.051,46.117,46.176,46.247,46.31,46.371,46.437,46.509,46.567,46.637,46.684,46.764,46.853,46.967,47.069,47.173,47.342,47.479,47.635,47.812,48.006,48.296,48.853,49.997
963,LNP FP,38.863,40.871,41.271,41.589,41.791,41.967,42.138,42.243,42.354,42.433,42.518,42.601,42.686,42.764,42.858,42.939,43.02,43.115,43.179,43.23,43.288,43.343,43.399,43.461,43.527,43.595,43.652,43.705,43.757,43.809,43.855,43.9,43.961,44.006,44.061,44.109,44.151,44.206,44.251,44.28,44.331,44.376,44.418,44.461,44.505,44.553,44.592,44.635,44.685,44.731,44.775,44.817,44.859,44.912,44.957,45.004,45.052,45.095,45.135,45.188,45.225,45.281,45.325,45.367,45.406,45.442,45.495,45.546,45.604,45.66,45.711,45.755,45.796,45.852,45.911,45.945,45.999,46.051,46.117,46.176,46.247,46.31,46.371,46.437,46.509,46.567,46.637,46.684,46.764,46.853,46.967,47.069,47.173,47.342,47.479,47.635,47.812,48.006,48.296,48.853,49.997
964,LNP FP,38.885,40.84,41.237,41.534,41.73,41.872,42.007,42.133,42.241,42.377,42.488,42.573,42.665,42.735,42.811,42.88,42.938,43.019,43.09,43.17,43.25,43.298,43.374,43.438,43.494,43.569,43.628,43.678,43.722,43.77,43.826,43.872,43.924,43.974,44.008,44.064,44.115,44.17,44.217,44.26,44.293,44.348,44.398,44.45,44.5,44.545,44.585,44.621,44.681,44.725,44.773,44.82,44.854,44.895,44.932,44.977,45.022,45.048,45.108,45.148,45.189,45.235,45.287,45.34,45.402,45.454,45.491,45.537,45.579,45.628,45.666,45.722,45.766,45.816,45.871,45.924,45.976,46.033,46.106,46.166,46.213,46.272,46.346,46.407,46.465,46.53,46.611,46.666,46.759,46.868,46.97,47.063,47.167,47.304,47.461,47.624,47.747,47.925,48.24,48.776,49.986
965,LNP FP,38.885,40.84,41.237,41.534,41.73,41.872,42.007,42.133,42.241,42.377,42.488,42.573,42.665,42.735,42.811,42.88,42.938,43.019,43.09,43.17,43.25,43.298,43.374,43.438,43.494,43.569,43.628,43.678,43.722,43.77,43.826,43.872,43.924,43.974,44.008,44.064,44.115,44.17,44.217,44.26,44.293,44.348,44.398,44.45,44.5,44.545,44.585,44.621,44.681,44.725,44.773,44.82,44.854,44.895,44.932,44.977,45.022,45.048,45.108,45.148,45.189,45.235,45.287,45.34,45.402,45.454,45.491,45.537,45.579,45.628,45.666,45.722,45.766,45.816,45.871,45.924,45.976,46.033,46.106,46.166,46.213,46.272,46.346,46.407,46.465,46.53,46.611,46.666,46.759,46.868,46.97,47.063,47.167,47.304,47.461,47.624,47.747,47.925,48.24,48.776,49.986
966,LNP FP,38.868,40.851,41.202,41.483,41.682,41.87,41.986,42.124,42.25,42.362,42.434,42.524,42.641,42.72,42.789,42.862,42.944,43.015,43.089,43.14,43.199,43.255,43.321,43.399,43.448,43.511,43.59,43.635,43.708,43.756,43.809,43.856,43.912,43.95,44.015,44.065,44.104,44.147,44.196,44.236,44.291,44.333,44.39,44.438,44.487,44.536,44.58,44.608,44.653,44.693,44.731,44.769,44.813,44.864,44.909,44.971,45.003,45.047,45.092,45.147,45.179,45.234,45.276,45.311,45.36,45.419,45.477,45.519,45.581,45.634,45.687,45.739,45.784,45.835,45.889,45.948,45.996,46.045,46.115,46.164,46.222,46.275,46.341,46.414,46.473,46.544,46.626,46.692,46.774,46.855,46.951,47.048,47.16,47.274,47.375,47.561,47.75,47.976,48.333,48.754,50.04
967,LNP FP,38.868,40.851,41.202,41.483,41.682,41.87,41.986,42.124,42.25,42.362,42.434,42.524,42.641,42.72,42.789,42.862,42.944,43.015,43.089,43.14,43.199,43.255,43.321,43.399,43.448,43.511,43.59,43.635,43.708,43.756,43.809,43.856,43.912,43.95,44.015,44.065,44.104,44.147,44.196,44.236,44.291,44.333,44.39,44.438,44.487,44.536,44.58,44.608,44.653,44.693,44.731,44.769,44.813,44.864,44.909,44.971,45.003,45.047,45.092,45.147,45.179,45.234,45.276,45.311,45.36,45.419,45.477,45.519,45.581,45.634,45.687,45.739,45.784,45.835,45.889,45.948,45.996,46.045,46.115,46.164,46.222,46.275,46.341,46.414,46.473,46.544,46.626,46.692,46.774,46.855,46.951,47.048,47.16,47.274,47.375,47.561,47.75,47.976,48.333,48.754,50.04
968,LNP FP,38.642,40.659,41.102,41.465,41.625,41.807,41.923,42.075,42.208,42.318,42.418,42.511,42.587,42.666,42.748,42.832,42.902,42.956,43.043,43.115,43.184,43.251,43.307,43.371,43.431,43.491,43.545,43.612,43.668,43.723,43.771,43.837,43.897,43.944,43.989,44.033,44.093,44.147,44.199,44.242,44.283,44.326,44.377,44.407,44.444,44.477,44.529,44.579,44.619,44.666,44.702,44.74,44.779,44.83,44.87,44.941,44.985,45.036,45.077,45.12,45.164,45.203,45.261,45.316,45.383,45.424,45.468,45.525,45.572,45.627,45.666,45.71,45.771,45.828,45.873,45.911,45.963,46.035,46.101,46.163,46.213,46.26,46.32,46.401,46.463,46.551,46.621,46.697,46.805,46.886,46.97,47.06,47.159,47.261,47.392,47.559,47.751,47.992,48.294,48.764,49.866
969,LNP FP,38.642,40.659,41.102,41.465,41.625,41.807,41.923,42.075,42.208,42.318,42.418,42.511,42.587,42.666,42.748,42.832,42.902,42.956,43.043,43.115,43.184,43.251,43.307,43.371,43.431,43.491,43.545,43.612,43.668,43.723,43.771,43.837,43.897,43.944,43.989,44.033,44.093,44.147,44.199,44.242,44.283,44.326,44.377,44.407,44.444,44.477,44.529,44.579,44.619,44.666,44.702,44.74,44.779,44.83,44.87,44.941,44.985,45.036,45.077,45.12,45.164,45.203,45.261,45.316,45.383,45.424,45.468,45.525,45.572,45.627,45.666,45.71,45.771,45.828,45.873,45.911,45.963,46.035,46.101,46.163,46.213,46.26,46.32,46.401,46.463,46.551,46.621,46.697,46.805,46.886,46.97,47.06,47.159,47.261,47.392,47.559,47.751,47.992,48.294,48.764,49.866
970,LNP FP,38.571,40.561,40.997,41.4,41.608,41.761,41.89,42.037,42.177,42.254,42.362,42.462,42.536,42.628,42.728,42.79,42.862,42.95,42.999,43.076,43.139,43.192,43.251,43.343,43.404,43.494,43.541,43.603,43.652,43.714,43.756,43.809,43.865,43.918,43.953,44.008,44.059,44.127,44.172,44.207,44.245,44.295,44.342,44.393,44.443,44.502,44.532,44.572,44.609,44.636,44.686,44.74,44.778,44.804,44.869,44.908,44.944,44.994,45.039,45.101,45.152,45.187,45.238,45.304,45.341,45.387,45.434,45.476,45.517,45.547,45.601,45.665,45.715,45.763,45.825,45.891,45.944,46.007,46.06,46.139,46.208,46.282,46.355,46.431,46.494,46.575,46.631,46.681,46.761,46.86,46.963,47.044,47.191,47.305,47.455,47.621,47.79,48.055,48.317,48.966,49.941
971,LNP FP,38.571,40.561,40.997,41.4,41.608,41.761,41.89,42.037,42.177,42.254,42.362,42.462,42.536,42.628,42.728,42.79,42.862,42.95,42.999,43.076,43.139,43.192,43.251,43.343,43.404,43.494,43.541,43.603,43.652,43.714,43.756,43.809,43.865,43.918,43.953,44.008,44.059,44.127,44.172,44.207,44.245,44.295,44.342,44.393,44.443,44.502,44.532,44.572,44.609,44.636,44.686,44.74,44.778,44.804,44.869,44.908,44.944,44.994,45.039,45.101,45.152,45.187,45.238,45.304,45.341,45.387,45.434,45.476,45.517,45.547,45.601,45.665,45.715,45.763,45.825,45.891,45.944,46.007,46.06,46.139,46.208,46.282,46.355,46.431,46.494,46.575,46.631,46.681,46.761,46.86,46.963,47.044,47.191,47.305,47.455,47.621,47.79,48.055,48.317,48.966,49.941
972,LNP FP,38.567,40.564,41.041,41.317,41.534,41.748,41.885,41.997,42.087,42.179,42.256,42.36,42.476,42.549,42.658,42.745,42.813,42.908,42.986,43.059,43.124,43.186,43.262,43.331,43.387,43.447,43.497,43.542,43.609,43.669,43.737,43.805,43.85,43.89,43.929,43.964,44.016,44.055,44.113,44.178,44.228,44.289,44.337,44.376,44.415,44.455,44.518,44.573,44.618,44.662,44.696,44.737,44.779,44.824,44.869,44.905,44.947,44.987,45.032,45.089,45.135,45.179,45.217,45.275,45.313,45.368,45.413,45.458,45.507,45.571,45.634,45.695,45.751,45.81,45.866,45.925,45.979,46.026,46.085,46.138,46.195,46.269,46.328,46.388,46.47,46.542,46.612,46.668,46.74,46.843,46.956,47.05,47.143,47.332,47.434,47.595,47.75,47.997,48.331,48.957,49.949
973,LNP FP,38.567,40.564,41.041,41.317,41.534,41.748,41.885,41.997,42.087,42.179,42.256,42.36,42.476,42.549,42.658,42.745,42.813,42.908,42.986,43.059,43.124,43.186,43.262,43.331,43.387,43.447,43.497,43.542,43.609,43.669,43.737,43.805,43.85,43.89,43.929,43.964,44.016,44.055,44.113,44.178,44.228,44.289,44.337,44.376,44.415,44.455,44.518,44.573,44.618,44.662,44.696,44.737,44.779,44.824,44.869,44.905,44.947,44.987,45.032,45.089,45.135,45.179,45.217,45.275,45.313,45.368,45.413,45.458,45.507,45.571,45.634,45.695,45.751,45.81,45.866,45.925,45.979,46.026,46.085,46.138,46.195,46.269,46.328,46.388,46.47,46.542,46.612,46.668,46.74,46.843,46.956,47.05,47.143,47.332,47.434,47.595,47.75,47.997,48.331,48.957,49.949
974,LNP FP,38.681,40.517,40.936,41.223,41.497,41.69,41.83,41.989,42.104,42.2,42.276,42.346,42.436,42.529,42.63,42.727,42.803,42.894,42.962,43.032,43.097,43.153,43.21,43.27,43.348,43.403,43.457,43.503,43.574,43.629,43.691,43.756,43.798,43.865,43.92,43.97,44.03,44.077,44.132,44.181,44.232,44.271,44.313,44.354,44.392,44.43,44.478,44.534,44.577,44.615,44.662,44.705,44.749,44.793,44.837,44.872,44.911,44.973,45.022,45.077,45.127,45.164,45.2,45.258,45.292,45.356,45.392,45.439,45.5,45.562,45.596,45.653,45.721,45.776,45.833,45.9,45.953,46.009,46.066,46.135,46.181,46.23,46.297,46.368,46.446,46.517,46.578,46.667,46.767,46.865,46.958,47.085,47.174,47.291,47.406,47.556,47.776,47.98,48.443,48.859,50.093
975,LNP FP,38.681,40.517,40.936,41.223,41.497,41.69,41.83,41.989,42.104,42.2,42.276,42.346,42.436,42.529,42.63,42.727,42.803,42.894,42.962,43.032,43.097,43.153,43.21,43.27,43.348,43.403,43.457,43.503,43.574,43.629,43.691,43.756,43.798,43.865,43.92,43.97,44.03,44.077,44.132,44.181,44.232,44.271,44.313,44.354,44.392,44.43,44.478,44.534,44.577,44.615,44.662,44.705,44.749,44.793,44.837,44.872,44.911,44.973,45.022,45.077,45.127,45.164,45.2,45.258,45.292,45.356,45.392,45.439,45.5,45.562,45.596,45.653,45.721,45.776,45.833,45.9,45.953,46.009,46.066,46.135,46.181,46.23,46.297,46.368,46.446,46.517,46.578,46.667,46.767,46.865,46.958,47.085,47.174,47.291,47.406,47.556,47.776,47.98,48.443,48.859,50.093
976,LNP FP,38.671,40.58,40.858,41.215,41.427,41.646,41.788,41.933,42.045,42.147,42.245,42.362,42.433,42.53,42.63,42.704,42.791,42.865,42.943,43.004,43.063,43.154,43.2,43.279,43.34,43.398,43.459,43.528,43.582,43.637,43.694,43.745,43.79,43.854,43.92,43.97,44.008,44.063,44.109,44.147,44.198,44.246,44.292,44.337,44.384,44.425,44.474,44.502,44.546,44.588,44.63,44.692,44.741,44.781,44.827,44.87,44.917,44.96,45.016,45.07,45.109,45.143,45.184,45.239,45.285,45.325,45.363,45.401,45.445,45.489,45.541,45.598,45.669,45.741,45.803,45.878,45.943,45.995,46.068,46.109,46.167,46.239,46.307,46.37,46.452,46.524,46.593,46.683,46.761,46.847,46.935,47.036,47.151,47.263,47.405,47.591,47.762,48.073,48.355,48.766,50.016
977,LNP FP,38.671,40.58,40.858,41.215,41.427,41.646,41.788,41.933,42.045,42.147,42.245,42.362,42.433,42.53,42.63,42.704,42.791,42.865,42.943,43.004,43.063,43.154,43.2,43.279,43.34,43.398,43.459,43.528,43.582,43.637,43.694,43.745,43.79,43.854,43.92,43.97,44.008,44.063,44.109,44.147,44.198,44.246,44.292,44.337,44.384,44.425,44.474,44.502,44.546,44.588,44.63,44.692,44.741,44.781,44.827,44.87,44.917,44.96,45.016,45.07,45.109,45.143,45.184,45.239,45.285,45.325,45.363,45.401,45.445,45.489,45.541,45.598,45.669,45.741,45.803,45.878,45.943,45.995,46.068,46.109,46.167,46.239,46.307,46.37,46.452,46.524,46.593,46.683,46.761,46.847,46.935,47.036,47.151,47.263,47.405,47.591,47.762,48.073,48.355,48.766,50.016
978,LNP FP,38.515,40.451,40.824,41.14,41.335,41.565,41.708,41.824,41.978,42.091,42.204,42.325,42.429,42.512,42.593,42.666,42.754,42.83,42.883,42.955,43.04,43.1,43.168,43.263,43.318,43.369,43.416,43.494,43.563,43.623,43.658,43.706,43.755,43.816,43.859,43.921,43.958,44.014,44.051,44.095,44.137,44.191,44.236,44.28,44.325,44.37,44.423,44.469,44.507,44.546,44.599,44.647,44.689,44.741,44.783,44.837,44.904,44.962,45.01,45.047,45.087,45.133,45.186,45.221,45.261,45.309,45.354,45.403,45.449,45.523,45.565,45.615,45.672,45.728,45.773,45.843,45.898,45.97,46.027,46.091,46.169,46.239,46.326,46.382,46.443,46.521,46.586,46.649,46.719,46.824,46.908,47.029,47.144,47.267,47.393,47.562,47.793,48.044,48.324,48.777,50.131
979,LNP FP,38.515,40.451,40.824,41.14,41.335,41.565,41.708,41.824,41.978,42.091,42.204,42.325,42.429,42.512,42.593,42.666,42.754,42.83,42.883,42.955,43.04,43.1,43.168,43.263,43.318,43.369,43.416,43.494,43.563,43.623,43.658,43.706,43.755,43.816,43.859,43.921,43.958,44.014,44.051,44.095,44.137,44.191,44.236,44.28,44.325,44.37,44.423,44.469,44.507,44.546,44.599,44.647,44.689,44.741,44.783,44.837,44.904,44.962,45.01,45.047,45.087,45.133,45.186,45.221,45.261,45.309,45.354,45.403,45.449,45.523,45.565,45.615,45.672,45.728,45.773,45.843,45.898,45.97,46.027,46.091,46.169,46.239,46.326,46.382,46.443,46.521,46.586,46.649,46.719,46.824,46.908,47.029,47.144,47.267,47.393,47.562,47.793,48.044,48.324,48.777,50.131
980,LNP FP,38.505,40.286,40.782,41.068,41.328,41.46,41.645,41.775,41.886,42.013,42.125,42.243,42.349,42.435,42.52,42.624,42.727,42.816,42.873,42.932,43.018,43.082,43.144,43.212,43.284,43.328,43.403,43.445,43.495,43.552,43.614,43.659,43.716,43.761,43.801,43.862,43.906,43.965,44.024,44.069,44.127,44.167,44.215,44.263,44.299,44.338,44.388,44.439,44.481,44.52,44.567,44.622,44.671,44.717,44.761,44.814,44.866,44.911,44.958,45.022,45.075,45.128,45.163,45.209,45.264,45.313,45.362,45.418,45.473,45.519,45.576,45.627,45.682,45.727,45.791,45.841,45.902,45.945,45.994,46.061,46.13,46.208,46.273,46.337,46.401,46.488,46.586,46.642,46.744,46.843,46.954,47.08,47.197,47.298,47.435,47.549,47.786,48.092,48.409,48.896,50.329
981,LNP FP,38.505,40.286,40.782,41.068,41.328,41.46,41.645,41.775,41.886,42.013,42.125,42.243,42.349,42.435,42.52,42.624,42.727,42.816,42.873,42.932,43.018,43.082,43.144,43.212,43.284,43.328,43.403,43.445,43.495,43.552,43.614,43.659,43.716,43.761,43.801,43.862,43.906,43.965,44.024,44.069,44.127,44.167,44.215,44.263,44.299,44.338,44.388,44.439,44.481,44.52,44.567,44.622,44.671,44.717,44.761,44.814,44.866,44.911,44.958,45.022,45.075,45.128,45.163,45.209,45.264,45.313,45.362,45.418,45.473,45.519,45.576,45.627,45.682,45.727,45.791,45.841,45.902,45.945,45.994,46.061,46.13,46.208,46.273,46.337,46.401,46.488,46.586,46.642,46.744,46.843,46.954,47.08,47.197,47.298,47.435,47.549,47.786,48.092,48.409,48.896,50.329
982,LNP FP,38.709,40.15,40.726,41.08,41.252,41.432,41.606,41.73,41.841,41.958,42.089,42.193,42.326,42.411,42.488,42.581,42.662,42.738,42.824,42.907,42.978,43.03,43.12,43.198,43.249,43.297,43.341,43.393,43.453,43.525,43.584,43.627,43.685,43.733,43.788,43.85,43.898,43.937,43.996,44.052,44.1,44.144,44.186,44.233,44.272,44.316,44.357,44.4,44.44,44.477,44.516,44.567,44.615,44.672,44.724,44.761,44.803,44.854,44.913,44.965,45.011,45.059,45.111,45.167,45.228,45.277,45.328,45.369,45.434,45.484,45.545,45.591,45.632,45.69,45.748,45.831,45.884,45.94,46.006,46.063,46.134,46.183,46.25,46.302,46.378,46.456,46.541,46.638,46.695,46.821,46.946,47.059,47.146,47.303,47.388,47.537,47.761,48.038,48.406,48.838,50.152
983,LNP FP,38.709,40.15,40.726,41.08,41.252,41.432,41.606,41.73,41.841,41.958,42.089,42.193,42.326,42.411,42.488,42.581,42.662,42.738,42.824,42.907,42.978,43.03,43.12,43.198,43.249,43.297,43.341,43.393,43.453,43.525,43.584,43.627,43.685,43.733,43.788,43.85,43.898,43.937,43.996,44.052,44.1,44.144,44.186,44.233,44.272,44.316,44.357,44.4,44.44,44.477,44.516,44.567,44.615,44.672,44.724,44.761,44.803,44.854,44.913,44.965,45.011,45.059,45.111,45.167,45.228,45.277,45.328,45.369,45.434,45.484,45.545,45.591,45.632,45.69,45.748,45.831,45.884,45.94,46.006,46.063,46.134,46.183,46.25,46.302,46.378,46.456,46.541,46.638,46.695,46.821,46.946,47.059,47.146,47.303,47.388,47.537,47.761,48.038,48.406,48.838,50.152
984,LNP FP,38.551,40.109,40.673,41.035,41.261,41.441,41.558,41.719,41.85,41.964,42.066,42.181,42.301,42.398,42.492,42.562,42.653,42.74,42.8,42.868,42.951,43.026,43.078,43.138,43.211,43.262,43.311,43.371,43.422,43.471,43.531,43.571,43.625,43.677,43.745,43.799,43.846,43.884,43.926,43.992,44.029,44.088,44.129,44.172,44.206,44.252,44.306,44.37,44.424,44.459,44.505,44.555,44.59,44.65,44.695,44.745,44.797,44.832,44.91,44.969,45.012,45.057,45.108,45.154,45.213,45.265,45.322,45.373,45.415,45.475,45.529,45.589,45.637,45.682,45.734,45.793,45.848,45.912,45.99,46.045,46.09,46.176,46.243,46.326,46.394,46.457,46.552,46.633,46.714,46.819,46.92,47.039,47.189,47.286,47.448,47.638,47.859,48.073,48.406,48.823,50.274
985,LNP FP,38.551,40.109,40.673,41.035,41.261,41.441,41.558,41.719,41.85,41.964,42.066,42.181,42.301,42.398,42.492,42.562,42.653,42.74,42.8,42.868,42.951,43.026,43.078,43.138,43.211,43.262,43.311,43.371,43.422,43.471,43.531,43.571,43.625,43.677,43.745,43.799,43.846,43.884,43.926,43.992,44.029,44.088,44.129,44.172,44.206,44.252,44.306,44.37,44.424,44.459,44.505,44.555,44.59,44.65,44.695,44.745,44.797,44.832,44.91,44.969,45.012,45.057,45.108,45.154,45.213,45.265,45.322,45.373,45.415,45.475,45.529,45.589,45.637,45.682,45.734,45.793,45.848,45.912,45.99,46.045,46.09,46.176,46.243,46.326,46.394,46.457,46.552,46.633,46.714,46.819,46.92,47.039,47.189,47.286,47.448,47.638,47.859,48.073,48.406,48.823,50.274
986,LNP FP,38.157,40.21,40.635,41.05,41.273,41.436,41.597,41.739,41.868,41.97,42.077,42.209,42.303,42.371,42.449,42.542,42.636,42.727,42.782,42.844,42.911,42.958,43.029,43.099,43.166,43.205,43.262,43.337,43.393,43.456,43.502,43.561,43.614,43.661,43.712,43.745,43.796,43.866,43.926,43.967,44.019,44.06,44.113,44.159,44.213,44.248,44.279,44.329,44.379,44.44,44.483,44.518,44.554,44.597,44.645,44.696,44.747,44.797,44.845,44.914,44.966,45.023,45.077,45.113,45.15,45.217,45.256,45.32,45.383,45.448,45.491,45.535,45.587,45.65,45.712,45.767,45.825,45.907,45.976,46.043,46.094,46.155,46.246,46.322,46.375,46.475,46.555,46.654,46.75,46.846,46.956,47.038,47.118,47.214,47.376,47.55,47.84,48.08,48.364,48.843,50.156
987,LNP FP,38.157,40.21,40.635,41.05,41.273,41.436,41.597,41.739,41.868,41.97,42.077,42.209,42.303,42.371,42.449,42.542,42.636,42.727,42.782,42.844,42.911,42.958,43.029,43.099,43.166,43.205,43.262,43.337,43.393,43.456,43.502,43.561,43.614,43.661,43.712,43.745,43.796,43.866,43.926,43.967,44.019,44.06,44.113,44.159,44.213,44.248,44.279,44.329,44.379,44.44,44.483,44.518,44.554,44.597,44.645,44.696,44.747,44.797,44.845,44.914,44.966,45.023,45.077,45.113,45.15,45.217,45.256,45.32,45.383,45.448,45.491,45.535,45.587,45.65,45.712,45.767,45.825,45.907,45.976,46.043,46.094,46.155,46.246,46.322,46.375,46.475,46.555,46.654,46.75,46.846,46.956,47.038,47.118,47.214,47.376,47.55,47.84,48.08,48.364,48.843,50.156
988,LNP FP,38.622,39.989,40.626,40.923,41.183,41.349,41.563,41.694,41.83,41.946,42.088,42.186,42.302,42.391,42.504,42.576,42.639,42.701,42.777,42.854,42.901,42.96,43.004,43.05,43.136,43.188,43.244,43.3,43.362,43.406,43.467,43.533,43.589,43.64,43.69,43.744,43.789,43.843,43.887,43.93,43.988,44.044,44.1,44.146,44.189,44.229,44.284,44.327,44.364,44.414,44.466,44.531,44.575,44.622,44.67,44.719,44.76,44.826,44.878,44.92,44.971,45.01,45.061,45.097,45.143,45.188,45.242,45.317,45.364,45.425,45.476,45.54,45.595,45.656,45.713,45.765,45.825,45.875,45.949,46.013,46.078,46.135,46.221,46.285,46.362,46.442,46.523,46.616,46.713,46.809,46.908,46.997,47.137,47.275,47.427,47.609,47.805,48.12,48.443,48.889,50.055
989,LNP FP,38.622,39.989,40.626,40.923,41.183,41.349,41.563,41.694,41.83,41.946,42.088,42.186,42.302,42.391,42.504,42.576,42.639,42.701,42.777,42.854,42.901,42.96,43.004,43.05,43.136,43.188,43.244,43.3,43.362,43.406,43.467,43.533,43.589,43.64,43.69,43.744,43.789,43.843,43.887,43.93,43.988,44.044,44.1,44.146,44.189,44.229,44.284,44.327,44.364,44.414,44.466,44.531,44.575,44.622,44.67,44.719,44.76,44.826,44.878,44.92,44.971,45.01,45.061,45.097,45.143,45.188,45.242,45.317,45.364,45.425,45.476,45.54,45.595,45.656,45.713,45.765,45.825,45.875,45.949,46.013,46.078,46.135,46.221,46.285,46.362,46.442,46.523,46.616,46.713,46.809,46.908,46.997,47.137,47.275,47.427,47.609,47.805,48.12,48.443,48.889,50.055
990,LNP FP,38.647,39.996,40.544,40.943,41.155,41.411,41.56,41.694,41.855,42.013,42.129,42.214,42.304,42.39,42.468,42.533,42.6,42.664,42.721,42.768,42.827,42.876,42.962,43.015,43.079,43.166,43.222,43.275,43.326,43.388,43.435,43.504,43.57,43.625,43.674,43.714,43.755,43.794,43.856,43.906,43.961,44.001,44.061,44.088,44.142,44.196,44.247,44.289,44.34,44.387,44.447,44.494,44.536,44.579,44.617,44.666,44.723,44.776,44.834,44.877,44.917,44.968,45.024,45.077,45.123,45.182,45.254,45.302,45.356,45.398,45.434,45.492,45.54,45.599,45.661,45.739,45.809,45.867,45.925,45.985,46.047,46.112,46.187,46.258,46.339,46.425,46.492,46.564,46.687,46.805,46.902,47.005,47.136,47.295,47.412,47.576,47.786,48.026,48.371,48.748,50.112
991,LNP FP,38.647,39.996,40.544,40.943,41.155,41.411,41.56,41.694,41.855,42.013,42.129,42.214,42.304,42.39,42.468,42.533,42.6,42.664,42.721,42.768,42.827,42.876,42.962,43.015,43.079,43.166,43.222,43.275,43.326,43.388,43.435,43.504,43.57,43.625,43.674,43.714,43.755,43.794,43.856,43.906,43.961,44.001,44.061,44.088,44.142,44.196,44.247,44.289,44.34,44.387,44.447,44.494,44.536,44.579,44.617,44.666,44.723,44.776,44.834,44.877,44.917,44.968,45.024,45.077,45.123,45.182,45.254,45.302,45.356,45.398,45.434,45.492,45.54,45.599,45.661,45.739,45.809,45.867,45.925,45.985,46.047,46.112,46.187,46.258,46.339,46.425,46.492,46.564,46.687,46.805,46.902,47.005,47.136,47.295,47.412,47.576,47.786,48.026,48.371,48.748,50.112
992,LNP FP,38.302,40.075,40.458,40.813,41.125,41.372,41.502,41.718,41.834,41.926,42.024,42.123,42.223,42.323,42.407,42.465,42.561,42.652,42.722,42.765,42.834,42.894,42.956,43.006,43.062,43.116,43.18,43.236,43.287,43.349,43.436,43.495,43.546,43.592,43.636,43.683,43.724,43.782,43.822,43.871,43.915,43.956,43.996,44.049,44.091,44.13,44.17,44.222,44.276,44.345,44.383,44.444,44.491,44.547,44.61,44.644,44.71,44.748,44.806,44.861,44.915,44.96,45.007,45.051,45.109,45.152,45.189,45.253,45.323,45.377,45.444,45.494,45.547,45.611,45.671,45.735,45.794,45.854,45.921,45.991,46.077,46.127,46.183,46.249,46.326,46.401,46.478,46.567,46.673,46.764,46.88,47.041,47.177,47.297,47.429,47.598,47.711,48.043,48.385,48.826,49.867
993,LNP FP,38.302,40.075,40.458,40.813,41.125,41.372,41.502,41.718,41.834,41.926,42.024,42.123,42.223,42.323,42.407,42.465,42.561,42.652,42.722,42.765,42.834,42.894,42.956,43.006,43.062,43.116,43.18,43.236,43.287,43.349,43.436,43.495,43.546,43.592,43.636,43.683,43.724,43.782,43.822,43.871,43.915,43.956,43.996,44.049,44.091,44.13,44.17,44.222,44.276,44.345,44.383,44.444,44.491,44.547,44.61,44.644,44.71,44.748,44.806,44.861,44.915,44.96,45.007,45.051,45.109,45.152,45.189,45.253,45.323,45.377,45.444,45.494,45.547,45.611,45.671,45.735,45.794,45.854,45.921,45.991,46.077,46.127,46.183,46.249,46.326,46.401,46.478,46.567,46.673,46.764,46.88,47.041,47.177,47.297,47.429,47.598,47.711,48.043,48.385,48.826,49.867
994,LNP FP,38.391,40.001,40.532,40.868,41.103,41.279,41.512,41.662,41.793,41.931,42.006,42.103,42.216,42.329,42.424,42.507,42.598,42.666,42.714,42.785,42.866,42.939,42.985,43.032,43.098,43.155,43.206,43.248,43.299,43.35,43.392,43.439,43.487,43.542,43.592,43.64,43.696,43.75,43.788,43.834,43.891,43.946,43.997,44.029,44.078,44.139,44.183,44.223,44.279,44.337,44.38,44.411,44.475,44.524,44.585,44.63,44.696,44.741,44.803,44.881,44.915,44.954,45.012,45.06,45.099,45.15,45.199,45.265,45.303,45.358,45.402,45.458,45.516,45.572,45.624,45.669,45.743,45.792,45.874,45.934,45.999,46.053,46.124,46.212,46.301,46.385,46.465,46.536,46.651,46.747,46.857,46.98,47.13,47.248,47.344,47.489,47.706,47.997,48.331,48.741,50.361
995,LNP FP,38.391,40.001,40.532,40.868,41.103,41.279,41.512,41.662,41.793,41.931,42.006,42.103,42.216,42.329,42.424,42.507,42.598,42.666,42.714,42.785,42.866,42.939,42.985,43.032,43.098,43.155,43.206,43.248,43.299,43.35,43.392,43.439,43.487,43.542,43.592,43.64,43.696,43.75,43.788,43.834,43.891,43.946,43.997,44.029,44.078,44.139,44.183,44.223,44.279,44.337,44.38,44.411,44.475,44.524,44.585,44.63,44.696,44.741,44.803,44.881,44.915,44.954,45.012,45.06,45.099,45.15,45.199,45.265,45.303,45.358,45.402,45.458,45.516,45.572,45.624,45.669,45.743,45.792,45.874,45.934,45.999,46.053,46.124,46.212,46.301,46.385,46.465,46.536,46.651,46.747,46.857,46.98,47.13,47.248,47.344,47.489,47.706,47.997,48.331,48.741,50.361
996,LNP FP,38.47,39.966,40.541,40.758,41.049,41.241,41.428,41.584,41.738,41.856,41.992,42.088,42.199,42.296,42.385,42.467,42.534,42.607,42.658,42.752,42.803,42.857,42.923,42.989,43.047,43.108,43.16,43.221,43.262,43.308,43.343,43.397,43.461,43.503,43.541,43.605,43.658,43.702,43.753,43.808,43.867,43.912,43.956,44.012,44.078,44.135,44.176,44.22,44.274,44.34,44.393,44.438,44.497,44.544,44.589,44.631,44.675,44.721,44.779,44.85,44.896,44.933,44.976,45.023,45.077,45.128,45.183,45.239,45.288,45.328,45.371,45.412,45.495,45.537,45.602,45.652,45.699,45.771,45.837,45.885,45.959,46.025,46.1,46.203,46.271,46.336,46.442,46.531,46.615,46.711,46.814,46.946,47.087,47.228,47.317,47.496,47.687,47.943,48.221,48.814,49.998
997,LNP FP,38.47,39.966,40.541,40.758,41.049,41.241,41.428,41.584,41.738,41.856,41.992,42.088,42.199,42.296,42.385,42.467,42.534,42.607,42.658,42.752,42.803,42.857,42.923,42.989,43.047,43.108,43.16,43.221,43.262,43.308,43.343,43.397,43.461,43.503,43.541,43.605,43.658,43.702,43.753,43.808,43.867,43.912,43.956,44.012,44.078,44.135,44.176,44.22,44.274,44.34,44.393,44.438,44.497,44.544,44.589,44.631,44.675,44.721,44.779,44.85,44.896,44.933,44.976,45.023,45.077,45.128,45.183,45.239,45.288,45.328,45.371,45.412,45.495,45.537,45.602,45.652,45.699,45.771,45.837,45.885,45.959,46.025,46.1,46.203,46.271,46.336,46.442,46.531,46.615,46.711,46.814,46.946,47.087,47.228,47.317,47.496,47.687,47.943,48.221,48.814,49.998
998,LNP FP,38.157,39.937,40.556,40.807,41.009,41.253,41.422,41.574,41.736,41.84,41.971,42.081,42.183,42.268,42.346,42.451,42.545,42.618,42.682,42.749,42.803,42.864,42.908,42.951,43.007,43.06,43.099,43.155,43.197,43.239,43.288,43.343,43.416,43.475,43.543,43.582,43.621,43.674,43.727,43.785,43.826,43.878,43.947,43.994,44.042,44.097,44.146,44.2,44.26,44.299,44.352,44.397,44.443,44.489,44.545,44.592,44.645,44.695,44.737,44.797,44.841,44.897,44.955,45.003,45.051,45.092,45.136,45.207,45.242,45.301,45.346,45.395,45.45,45.517,45.559,45.631,45.689,45.764,45.833,45.892,45.965,46.044,46.119,46.201,46.267,46.364,46.44,46.543,46.63,46.718,46.829,46.969,47.055,47.177,47.32,47.438,47.681,47.984,48.234,48.921,49.958
999,LNP FP,38.157,39.937,40.556,40.807,41.009,41.253,41.422,41.574,41.736,41.84,41.971,42.081,42.183,42.268,42.346,42.451,42.545,42.618,42.682,42.749,42.803,42.864,42.908,42.951,43.007,43.06,43.099,43.155,43.197,43.239,43.288,43.343,43.416,43.475,43.543,43.582,43.621,43.674,43.727,43.785,43.826,43.878,43.947,43.994,44.042,44.097,44.146,44.2,44.26,44.299,44.352,44.397,44.443,44.489,44.545,44.592,44.645,44.695,44.737,44.797,44.841,44.897,44.955,45.003,45.051,45.092,45.136,45.207,45.242,45.301,45.346,45.395,45.45,45.517,45.559,45.631,45.689,45.764,45.833,45.892,45.965,46.044,46.119,46.201,46.267,46.364,46.44,46.543,46.63,46.718,46.829,46.969,47.055,47.177,47.32,47.438,47.681,47.984,48.234,48.921,49.958
1000,LNP FP,37.823,39.895,40.562,40.865,41.003,41.185,41.377,41.557,41.689,41.803,41.96,42.077,42.159,42.242,42.357,42.454,42.536,42.586,42.654,42.704,42.759,42.819,42.861,42.916,42.966,43.027,43.073,43.113,43.177,43.232,43.28,43.35,43.395,43.455,43.507,43.552,43.592,43.655,43.712,43.781,43.832,43.882,43.924,43.975,44.03,44.072,44.129,44.179,44.236,44.284,44.337,44.38,44.424,44.467,44.513,44.573,44.617,44.678,44.734,44.77,44.812,44.867,44.911,44.96,44.995,45.061,45.12,45.16,45.224,45.277,45.33,45.413,45.458,45.519,45.591,45.64,45.714,45.779,45.837,45.888,45.946,46.003,46.059,46.157,46.234,46.349,46.438,46.511,46.592,46.706,46.805,46.926,47.027,47.134,47.288,47.457,47.664,47.917,48.324,48.837,50.255
1001,LNP FP,37.823,39.895,40.562,40.865,41.003,41.185,41.377,41.557,41.689,41.803,41.96,42.077,42.159,42.242,42.357,42.454,42.536,42.586,42.654,42.704,42.759,42.819,42.861,42.916,42.966,43.027,43.073,43.113,43.177,43.232,43.28,43.35,43.395,43.455,43.507,43.552,43.592,43.655,43.712,43.781,43.832,43.882,43.924,43.975,44.03,44.072,44.129,44.179,44.236,44.284,44.337,44.38,44.424,44.467,44.513,44.573,44.617,44.678,44.734,44.77,44.812,44.867,44.911,44.96,44.995,45.061,45.12,45.16,45.224,45.277,45.33,45.413,45.458,45.519,45.591,45.64,45.714,45.779,45.837,45.888,45.946,46.003,46.059,46.157,46.234,46.349,46.438,46.511,46.592,46.706,46.805,46.926,47.027,47.134,47.288,47.457,47.664,47.917,48.324,48.837,50.255
1002,LNP FP,37.576,39.885,40.428,40.751,41.002,41.174,41.366,41.529,41.649,41.765,41.897,41.992,42.113,42.223,42.289,42.384,42.452,42.522,42.602,42.671,42.736,42.809,42.888,42.935,42.997,43.046,43.091,43.138,43.178,43.241,43.293,43.347,43.406,43.446,43.497,43.531,43.595,43.645,43.707,43.752,43.824,43.872,43.935,43.986,44.026,44.062,44.105,44.163,44.204,44.249,44.3,44.355,44.397,44.462,44.52,44.57,44.616,44.656,44.715,44.768,44.804,44.852,44.889,44.939,45.011,45.056,45.114,45.179,45.218,45.274,45.325,45.379,45.43,45.508,45.555,45.603,45.66,45.741,45.807,45.875,45.942,46.0,46.073,46.144,46.249,46.336,46.408,46.502,46.568,46.683,46.776,46.885,46.991,47.113,47.235,47.424,47.642,47.915,48.185,48.733,50.085
1003,LNP FP,37.576,39.885,40.428,40.751,41.002,41.174,41.366,41.529,41.649,41.765,41.897,41.992,42.113,42.223,42.289,42.384,42.452,42.522,42.602,42.671,42.736,42.809,42.888,42.935,42.997,43.046,43.091,43.138,43.178,43.241,43.293,43.347,43.406,43.446,43.497,43.531,43.595,43.645,43.707,43.752,43.824,43.872,43.935,43.986,44.026,44.062,44.105,44.163,44.204,44.249,44.3,44.355,44.397,44.462,44.52,44.57,44.616,44.656,44.715,44.768,44.804,44.852,44.889,44.939,45.011,45.056,45.114,45.179,45.218,45.274,45.325,45.379,45.43,45.508,45.555,45.603,45.66,45.741,45.807,45.875,45.942,46.0,46.073,46.144,46.249,46.336,46.408,46.502,46.568,46.683,46.776,46.885,46.991,47.113,47.235,47.424,47.642,47.915,48.185,48.733,50.085
1004,LNP FP,37.571,39.876,40.357,40.733,41.059,41.182,41.315,41.499,41.617,41.793,41.882,41.987,42.068,42.129,42.211,42.302,42.402,42.485,42.558,42.645,42.743,42.797,42.854,42.92,42.972,43.042,43.107,43.151,43.209,43.252,43.292,43.336,43.398,43.443,43.499,43.563,43.604,43.646,43.689,43.74,43.794,43.838,43.888,43.934,44.001,44.056,44.112,44.152,44.204,44.249,44.287,44.337,44.371,44.415,44.459,44.518,44.558,44.618,44.657,44.706,44.755,44.804,44.858,44.936,44.987,45.04,45.093,45.153,45.215,45.248,45.294,45.353,45.407,45.456,45.505,45.568,45.634,45.728,45.787,45.836,45.903,45.991,46.058,46.135,46.228,46.301,46.395,46.49,46.556,46.618,46.721,46.841,46.936,47.058,47.229,47.378,47.603,47.905,48.236,48.758,50.234
1005,LNP FP,37.571,39.876,40.357,40.733,41.059,41.182,41.315,41.499,41.617,41.793,41.882,41.987,42.068,42.129,42.211,42.302,42.402,42.485,42.558,42.645,42.743,42.797,42.854,42.92,42.972,43.042,43.107,43.151,43.209,43.252,43.292,43.336,43.398,43.443,43.499,43.563,43.604,43.646,43.689,43.74,43.794,43.838,43.888,43.934,44.001,44.056,44.112,44.152,44.204,44.249,44.287,44.337,44.371,44.415,44.459,44.518,44.558,44.618,44.657,44.706,44.755,44.804,44.858,44.936,44.987,45.04,45.093,45.153,45.215,45.248,45.294,45.353,45.407,45.456,45.505,45.568,45.634,45.728,45.787,45.836,45.903,45.991,46.058,46.135,46.228,46.301,46.395,46.49,46.556,46.618,46.721,46.841,46.936,47.058,47.229,47.378,47.603,47.905,48.236,48.758,50.234
1006,LNP FP,37.278,39.792,40.438,40.752,41.009,41.171,41.333,41.491,41.6,41.742,41.856,41.953,42.066,42.153,42.226,42.308,42.388,42.46,42.535,42.604,42.693,42.75,42.805,42.867,42.933,43.008,43.061,43.118,43.168,43.231,43.29,43.34,43.382,43.43,43.488,43.531,43.578,43.619,43.673,43.74,43.8,43.843,43.892,43.925,43.969,44.006,44.056,44.115,44.155,44.189,44.245,44.302,44.347,44.398,44.46,44.505,44.55,44.587,44.656,44.7,44.751,44.799,44.862,44.906,44.972,45.036,45.098,45.145,45.212,45.262,45.331,45.374,45.425,45.482,45.54,45.596,45.639,45.718,45.76,45.828,45.88,45.953,46.04,46.099,46.188,46.268,46.363,46.475,46.566,46.652,46.756,46.837,46.93,47.031,47.225,47.423,47.654,47.848,48.225,48.729,50.35
1007,LNP FP,37.278,39.792,40.438,40.752,41.009,41.171,41.333,41.491,41.6,41.742,41.856,41.953,42.066,42.153,42.226,42.308,42.388,42.46,42.535,42.604,42.693,42.75,42.805,42.867,42.933,43.008,43.061,43.118,43.168,43.231,43.29,43.34,43.382,43.43,43.488,43.531,43.578,43.619,43.673,43.74,43.8,43.843,43.892,43.925,43.969,44.006,44.056,44.115,44.155,44.189,44.245,44.302,44.347,44.398,44.46,44.505,44.55,44.587,44.656,44.7,44.751,44.799,44.862,44.906,44.972,45.036,45.098,45.145,45.212,45.262,45.331,45.374,45.425,45.482,45.54,45.596,45.639,45.718,45.76,45.828,45.88,45.953,46.04,46.099,46.188,46.268,46.363,46.475,46.566,46.652,46.756,46.837,46.93,47.031,47.225,47.423,47.654,47.848,48.225,48.729,50.35
1008,LNP FP,37.597,39.819,40.303,40.673,40.955,41.135,41.3,41.474,41.625,41.719,41.852,41.948,42.048,42.14,42.231,42.308,42.383,42.437,42.497,42.565,42.629,42.683,42.762,42.834,42.905,42.953,43.005,43.066,43.135,43.191,43.26,43.312,43.37,43.431,43.469,43.518,43.568,43.616,43.668,43.718,43.756,43.809,43.871,43.908,43.944,43.987,44.025,44.077,44.12,44.179,44.233,44.27,44.315,44.378,44.425,44.487,44.542,44.594,44.638,44.697,44.743,44.793,44.849,44.892,44.937,45.001,45.052,45.11,45.184,45.23,45.289,45.349,45.398,45.453,45.507,45.576,45.633,45.702,45.773,45.83,45.895,45.969,46.011,46.08,46.157,46.252,46.339,46.424,46.511,46.635,46.756,46.812,46.954,47.07,47.299,47.437,47.609,47.851,48.206,48.586,50.268
1009,LNP FP,37.597,39.819,40.303,40.673,40.955,41.135,41.3,41.474,41.625,41.719,41.852,41.948,42.048,42.14,42.231,42.308,42.383,42.437,42.497,42.565,42.629,42.683,42.762,42.834,42.905,42.953,43.005,43.066,43.135,43.191,43.26,43.312,43.37,43.431,43.469,43.518,43.568,43.616,43.668,43.718,43.756,43.809,43.871,43.908,43.944,43.987,44.025,44.077,44.12,44.179,44.233,44.27,44.315,44.378,44.425,44.487,44.542,44.594,44.638,44.697,44.743,44.793,44.849,44.892,44.937,45.001,45.052,45.11,45.184,45.23,45.289,45.349,45.398,45.453,45.507,45.576,45.633,45.702,45.773,45.83,45.895,45.969,46.011,46.08,46.157,46.252,46.339,46.424,46.511,46.635,46.756,46.812,46.954,47.07,47.299,47.437,47.609,47.851,48.206,48.586,50.268
1010,LNP FP,37.018,39.729,40.329,40.559,40.888,41.116,41.296,41.459,41.567,41.692,41.804,41.921,41.999,42.113,42.196,42.291,42.369,42.434,42.51,42.57,42.633,42.694,42.769,42.843,42.897,42.943,42.999,43.056,43.132,43.177,43.227,43.297,43.344,43.377,43.422,43.473,43.516,43.578,43.633,43.682,43.744,43.785,43.835,43.88,43.924,43.97,44.017,44.067,44.117,44.171,44.216,44.271,44.329,44.363,44.403,44.442,44.487,44.555,44.601,44.652,44.703,44.758,44.814,44.891,44.938,44.991,45.05,45.114,45.158,45.21,45.257,45.318,45.364,45.429,45.481,45.546,45.607,45.685,45.757,45.832,45.905,45.964,46.029,46.101,46.17,46.244,46.319,46.381,46.475,46.574,46.709,46.86,46.951,47.07,47.237,47.44,47.638,47.846,48.173,48.594,50.161
1011,LNP FP,37.018,39.729,40.329,40.559,40.888,41.116,41.296,41.459,41.567,41.692,41.804,41.921,41.999,42.113,42.196,42.291,42.369,42.434,42.51,42.57,42.633,42.694,42.769,42.843,42.897,42.943,42.999,43.056,43.132,43.177,43.227,43.297,43.344,43.377,43.422,43.473,43.516,43.578,43.633,43.682,43.744,43.785,43.835,43.88,43.924,43.97,44.017,44.067,44.117,44.171,44.216,44.271,44.329,44.363,44.403,44.442,44.487,44.555,44.601,44.652,44.703,44.758,44.814,44.891,44.938,44.991,45.05,45.114,45.158,45.21,45.257,45.318,45.364,45.429,45.481,45.546,45.607,45.685,45.757,45.832,45.905,45.964,46.029,46.101,46.17,46.244,46.319,46.381,46.475,46.574,46.709,46.86,46.951,47.07,47.237,47.44,47.638,47.846,48.173,48.594,50.161
1012,LNP FP,36.938,39.617,40.277,40.582,40.948,41.143,41.229,41.354,41.468,41.58,41.755,41.876,42.0,42.073,42.159,42.259,42.328,42.407,42.472,42.54,42.602,42.688,42.751,42.813,42.874,42.921,42.997,43.037,43.099,43.17,43.221,43.268,43.306,43.359,43.397,43.459,43.512,43.572,43.622,43.656,43.695,43.742,43.789,43.835,43.89,43.927,43.974,44.025,44.07,44.132,44.194,44.236,44.277,44.329,44.369,44.413,44.474,44.523,44.59,44.641,44.704,44.756,44.814,44.861,44.904,44.963,45.018,45.067,45.113,45.174,45.224,45.301,45.352,45.41,45.468,45.537,45.605,45.663,45.72,45.815,45.89,45.953,46.046,46.111,46.182,46.24,46.308,46.397,46.481,46.553,46.651,46.759,46.926,47.053,47.233,47.427,47.636,47.844,48.165,48.549,49.947
1013,LNP FP,36.938,39.617,40.277,40.582,40.948,41.143,41.229,41.354,41.468,41.58,41.755,41.876,42.0,42.073,42.159,42.259,42.328,42.407,42.472,42.54,42.602,42.688,42.751,42.813,42.874,42.921,42.997,43.037,43.099,43.17,43.221,43.268,43.306,43.359,43.397,43.459,43.512,43.572,43.622,43.656,43.695,43.742,43.789,43.835,43.89,43.927,43.974,44.025,44.07,44.132,44.194,44.236,44.277,44.329,44.369,44.413,44.474,44.523,44.59,44.641,44.704,44.756,44.814,44.861,44.904,44.963,45.018,45.067,45.113,45.174,45.224,45.301,45.352,45.41,45.468,45.537,45.605,45.663,45.72,45.815,45.89,45.953,46.046,46.111,46.182,46.24,46.308,46.397,46.481,46.553,46.651,46.759,46.926,47.053,47.233,47.427,47.636,47.844,48.165,48.549,49.947
1014,LNP FP,37.256,39.672,40.285,40.606,40.84,41.064,41.217,41.36,41.478,41.567,41.697,41.819,41.924,42.024,42.124,42.214,42.315,42.406,42.484,42.534,42.613,42.68,42.738,42.8,42.851,42.91,42.964,43.026,43.078,43.129,43.182,43.238,43.284,43.318,43.37,43.421,43.47,43.523,43.57,43.643,43.679,43.717,43.764,43.813,43.864,43.908,43.959,44.022,44.071,44.116,44.181,44.24,44.279,44.322,44.378,44.435,44.483,44.543,44.598,44.644,44.69,44.735,44.802,44.855,44.912,44.966,45.026,45.08,45.128,45.187,45.243,45.311,45.358,45.413,45.485,45.543,45.592,45.644,45.713,45.772,45.834,45.908,45.976,46.054,46.133,46.209,46.303,46.377,46.458,46.553,46.653,46.8,46.924,47.067,47.237,47.414,47.57,47.77,48.103,48.54,50.338
1015,LNP FP,37.256,39.672,40.285,40.606,40.84,41.064,41.217,41.36,41.478,41.567,41.697,41.819,41.924,42.024,42.124,42.214,42.315,42.406,42.484,42.534,42.613,42.68,42.738,42.8,42.851,42.91,42.964,43.026,43.078,43.129,43.182,43.238,43.284,43.318,43.37,43.421,43.47,43.523,43.57,43.643,43.679,43.717,43.764,43.813,43.864,43.908,43.959,44.022,44.071,44.116,44.181,44.24,44.279,44.322,44.378,44.435,44.483,44.543,44.598,44.644,44.69,44.735,44.802,44.855,44.912,44.966,45.026,45.08,45.128,45.187,45.243,45.311,45.358,45.413,45.485,45.543,45.592,45.644,45.713,45.772,45.834,45.908,45.976,46.054,46.133,46.209,46.303,46.377,46.458,46.553,46.653,46.8,46.924,47.067,47.237,47.414,47.57,47.77,48.103,48.54,50.338
1016,LNP FP,37.29,39.621,40.197,40.545,40.818,41.0,41.197,41.349,41.467,41.574,41.729,41.856,41.929,42.013,42.122,42.224,42.316,42.387,42.468,42.561,42.617,42.676,42.716,42.772,42.827,42.884,42.931,42.986,43.035,43.075,43.117,43.187,43.233,43.263,43.317,43.355,43.414,43.471,43.522,43.587,43.625,43.696,43.76,43.81,43.876,43.931,43.983,44.039,44.094,44.153,44.204,44.247,44.3,44.346,44.399,44.445,44.497,44.549,44.603,44.657,44.707,44.752,44.81,44.854,44.909,44.972,45.033,45.08,45.122,45.171,45.233,45.29,45.373,45.433,45.495,45.547,45.601,45.637,45.692,45.762,45.828,45.908,45.992,46.053,46.119,46.198,46.281,46.367,46.46,46.551,46.683,46.798,46.906,47.035,47.177,47.375,47.554,47.809,48.114,48.458,50.391
1017,LNP FP,37.29,39.621,40.197,40.545,40.818,41.0,41.197,41.349,41.467,41.574,41.729,41.856,41.929,42.013,42.122,42.224,42.316,42.387,42.468,42.561,42.617,42.676,42.716,42.772,42.827,42.884,42.931,42.986,43.035,43.075,43.117,43.187,43.233,43.263,43.317,43.355,43.414,43.471,43.522,43.587,43.625,43.696,43.76,43.81,43.876,43.931,43.983,44.039,44.094,44.153,44.204,44.247,44.3,44.346,44.399,44.445,44.497,44.549,44.603,44.657,44.707,44.752,44.81,44.854,44.909,44.972,45.033,45.08,45.122,45.171,45.233,45.29,45.373,45.433,45.495,45.547,45.601,45.637,45.692,45.762,45.828,45.908,45.992,46.053,46.119,46.198,46.281,46.367,46.46,46.551,46.683,46.798,46.906,47.035,47.177,47.375,47.554,47.809,48.114,48.458,50.391
1018,LNP FP,37.245,39.608,40.113,40.538,40.768,40.953,41.171,41.333,41.475,41.584,41.678,41.813,41.911,42.033,42.097,42.18,42.24,42.325,42.405,42.486,42.557,42.615,42.681,42.742,42.808,42.857,42.912,42.979,43.032,43.071,43.131,43.163,43.211,43.267,43.303,43.353,43.414,43.463,43.507,43.551,43.599,43.661,43.731,43.777,43.819,43.879,43.923,43.982,44.038,44.092,44.16,44.223,44.268,44.323,44.373,44.445,44.487,44.523,44.564,44.62,44.679,44.727,44.772,44.828,44.878,44.926,44.967,45.019,45.068,45.119,45.207,45.254,45.31,45.365,45.43,45.493,45.558,45.626,45.689,45.731,45.799,45.859,45.915,45.997,46.059,46.128,46.227,46.296,46.399,46.497,46.62,46.721,46.829,46.971,47.179,47.338,47.516,47.759,48.057,48.523,50.432
1019,LNP FP,37.245,39.608,40.113,40.538,40.768,40.953,41.171,41.333,41.475,41.584,41.678,41.813,41.911,42.033,42.097,42.18,42.24,42.325,42.405,42.486,42.557,42.615,42.681,42.742,42.808,42.857,42.912,42.979,43.032,43.071,43.131,43.163,43.211,43.267,43.303,43.353,43.414,43.463,43.507,43.551,43.599,43.661,43.731,43.777,43.819,43.879,43.923,43.982,44.038,44.092,44.16,44.223,44.268,44.323,44.373,44.445,44.487,44.523,44.564,44.62,44.679,44.727,44.772,44.828,44.878,44.926,44.967,45.019,45.068,45.119,45.207,45.254,45.31,45.365,45.43,45.493,45.558,45.626,45.689,45.731,45.799,45.859,45.915,45.997,46.059,46.128,46.227,46.296,46.399,46.497,46.62,46.721,46.829,46.971,47.179,47.338,47.516,47.759,48.057,48.523,50.432
1020,LNP FP,37.331,39.643,40.135,40.521,40.802,41.01,41.175,41.344,41.447,41.551,41.647,41.742,41.826,41.965,42.045,42.145,42.231,42.292,42.36,42.434,42.501,42.56,42.624,42.687,42.753,42.811,42.877,42.953,43.004,43.057,43.105,43.158,43.209,43.265,43.314,43.364,43.413,43.462,43.51,43.557,43.61,43.656,43.713,43.751,43.797,43.851,43.902,43.949,43.999,44.073,44.124,44.178,44.224,44.272,44.326,44.373,44.422,44.48,44.551,44.607,44.647,44.706,44.753,44.809,44.857,44.911,44.961,45.004,45.061,45.119,45.171,45.248,45.309,45.367,45.433,45.487,45.544,45.593,45.659,45.716,45.781,45.851,45.903,45.972,46.049,46.125,46.222,46.298,46.395,46.507,46.655,46.759,46.867,46.978,47.141,47.323,47.509,47.762,48.008,48.422,50.441
1021,LNP FP,37.331,39.643,40.135,40.521,40.802,41.01,41.175,41.344,41.447,41.551,41.647,41.742,41.826,41.965,42.045,42.145,42.231,42.292,42.36,42.434,42.501,42.56,42.624,42.687,42.753,42.811,42.877,42.953,43.004,43.057,43.105,43.158,43.209,43.265,43.314,43.364,43.413,43.462,43.51,43.557,43.61,43.656,43.713,43.751,43.797,43.851,43.902,43.949,43.999,44.073,44.124,44.178,44.224,44.272,44.326,44.373,44.422,44.48,44.551,44.607,44.647,44.706,44.753,44.809,44.857,44.911,44.961,45.004,45.061,45.119,45.171,45.248,45.309,45.367,45.433,45.487,45.544,45.593,45.659,45.716,45.781,45.851,45.903,45.972,46.049,46.125,46.222,46.298,46.395,46.507,46.655,46.759,46.867,46.978,47.141,47.323,47.509,47.762,48.008,48.422,50.441
1022,LNP FP,37.264,39.445,40.136,40.484,40.76,40.989,41.19,41.292,41.403,41.507,41.634,41.731,41.819,41.898,41.959,42.055,42.151,42.233,42.317,42.402,42.475,42.541,42.607,42.678,42.746,42.792,42.852,42.923,42.969,43.031,43.083,43.134,43.176,43.223,43.272,43.338,43.39,43.428,43.477,43.511,43.576,43.634,43.682,43.727,43.781,43.831,43.892,43.931,43.99,44.05,44.098,44.138,44.189,44.246,44.293,44.351,44.409,44.454,44.503,44.547,44.596,44.663,44.711,44.765,44.797,44.858,44.915,44.971,45.032,45.109,45.157,45.204,45.254,45.326,45.381,45.455,45.528,45.599,45.654,45.718,45.781,45.832,45.888,45.965,46.012,46.072,46.159,46.241,46.346,46.483,46.619,46.747,46.859,47.004,47.153,47.299,47.493,47.691,48.015,48.405,50.613
1023,LNP FP,37.264,39.445,40.136,40.484,40.76,40.989,41.19,41.292,41.403,41.507,41.634,41.731,41.819,41.898,41.959,42.055,42.151,42.233,42.317,42.402,42.475,42.541,42.607,42.678,42.746,42.792,42.852,42.923,42.969,43.031,43.083,43.134,43.176,43.223,43.272,43.338,43.39,43.428,43.477,43.511,43.576,43.634,43.682,43.727,43.781,43.831,43.892,43.931,43.99,44.05,44.098,44.138,44.189,44.246,44.293,44.351,44.409,44.454,44.503,44.547,44.596,44.663,44.711,44.765,44.797,44.858,44.915,44.971,45.032,45.109,45.157,45.204,45.254,45.326,45.381,45.455,45.528,45.599,45.654,45.718,45.781,45.832,45.888,45.965,46.012,46.072,46.159,46.241,46.346,46.483,46.619,46.747,46.859,47.004,47.153,47.299,47.493,47.691,48.015,48.405,50.613
1024,LNP FP,37.5,39.535,40.049,40.535,40.796,40.947,41.157,41.276,41.404,41.525,41.615,41.709,41.822,41.888,41.975,42.062,42.123,42.192,42.271,42.36,42.434,42.487,42.562,42.634,42.684,42.748,42.81,42.874,42.925,42.986,43.033,43.082,43.123,43.179,43.245,43.289,43.344,43.413,43.466,43.528,43.564,43.626,43.682,43.733,43.768,43.826,43.89,43.931,43.988,44.044,44.097,44.137,44.171,44.216,44.28,44.325,44.374,44.43,44.474,44.524,44.576,44.648,44.717,44.776,44.835,44.893,44.927,44.979,45.036,45.087,45.147,45.203,45.258,45.308,45.357,45.425,45.489,45.563,45.635,45.683,45.757,45.812,45.892,45.95,46.008,46.1,46.181,46.274,46.384,46.45,46.58,46.735,46.845,47.03,47.145,47.32,47.486,47.668,48.041,48.431,51.093
1025,LNP FP,37.5,39.535,40.049,40.535,40.796,40.947,41.157,41.276,41.404,41.525,41.615,41.709,41.822,41.888,41.975,42.062,42.123,42.192,42.271,42.36,42.434,42.487,42.562,42.634,42.684,42.748,42.81,42.874,42.925,42.986,43.033,43.082,43.123,43.179,43.245,43.289,43.344,43.413,43.466,43.528,43.564,43.626,43.682,43.733,43.768,43.826,43.89,43.931,43.988,44.044,44.097,44.137,44.171,44.216,44.28,44.325,44.374,44.43,44.474,44.524,44.576,44.648,44.717,44.776,44.835,44.893,44.927,44.979,45.036,45.087,45.147,45.203,45.258,45.308,45.357,45.425,45.489,45.563,45.635,45.683,45.757,45.812,45.892,45.95,46.008,46.1,46.181,46.274,46.384,46.45,46.58,46.735,46.845,47.03,47.145,47.32,47.486,47.668,48.041,48.431,51.093
1026,LNP FP,37.628,39.592,40.112,40.566,40.739,40.966,41.139,41.293,41.389,41.486,41.586,41.664,41.765,41.864,41.947,42.01,42.087,42.17,42.25,42.313,42.382,42.453,42.506,42.58,42.653,42.726,42.775,42.84,42.899,42.953,43.008,43.068,43.111,43.177,43.231,43.298,43.363,43.418,43.461,43.513,43.563,43.623,43.676,43.721,43.767,43.825,43.867,43.912,43.954,44.009,44.063,44.122,44.17,44.218,44.266,44.31,44.362,44.414,44.449,44.516,44.576,44.632,44.679,44.734,44.798,44.844,44.898,44.956,45.007,45.072,45.118,45.176,45.221,45.294,45.362,45.413,45.469,45.531,45.578,45.637,45.698,45.749,45.81,45.91,45.994,46.085,46.178,46.266,46.342,46.435,46.529,46.668,46.769,46.92,47.054,47.3,47.452,47.78,48.051,48.395,50.566
1027,LNP FP,37.628,39.592,40.112,40.566,40.739,40.966,41.139,41.293,41.389,41.486,41.586,41.664,41.765,41.864,41.947,42.01,42.087,42.17,42.25,42.313,42.382,42.453,42.506,42.58,42.653,42.726,42.775,42.84,42.899,42.953,43.008,43.068,43.111,43.177,43.231,43.298,43.363,43.418,43.461,43.513,43.563,43.623,43.676,43.721,43.767,43.825,43.867,43.912,43.954,44.009,44.063,44.122,44.17,44.218,44.266,44.31,44.362,44.414,44.449,44.516,44.576,44.632,44.679,44.734,44.798,44.844,44.898,44.956,45.007,45.072,45.118,45.176,45.221,45.294,45.362,45.413,45.469,45.531,45.578,45.637,45.698,45.749,45.81,45.91,45.994,46.085,46.178,46.266,46.342,46.435,46.529,46.668,46.769,46.92,47.054,47.3,47.452,47.78,48.051,48.395,50.566
1028,LNP FP,38.079,39.525,40.133,40.505,40.788,40.992,41.122,41.271,41.356,41.448,41.564,41.635,41.763,41.849,41.933,42.009,42.087,42.152,42.229,42.295,42.397,42.486,42.553,42.604,42.667,42.735,42.785,42.829,42.888,42.968,43.032,43.081,43.125,43.163,43.211,43.257,43.315,43.353,43.418,43.455,43.489,43.547,43.613,43.665,43.718,43.778,43.848,43.903,43.942,44.0,44.056,44.102,44.159,44.213,44.257,44.304,44.348,44.412,44.459,44.514,44.559,44.597,44.649,44.709,44.759,44.806,44.854,44.913,44.958,45.012,45.087,45.137,45.196,45.268,45.325,45.375,45.427,45.485,45.54,45.614,45.667,45.739,45.822,45.89,45.965,46.043,46.131,46.219,46.313,46.437,46.539,46.654,46.774,46.913,47.055,47.216,47.44,47.678,48.082,48.48,50.389
1029,LNP FP,38.079,39.525,40.133,40.505,40.788,40.992,41.122,41.271,41.356,41.448,41.564,41.635,41.763,41.849,41.933,42.009,42.087,42.152,42.229,42.295,42.397,42.486,42.553,42.604,42.667,42.735,42.785,42.829,42.888,42.968,43.032,43.081,43.125,43.163,43.211,43.257,43.315,43.353,43.418,43.455,43.489,43.547,43.613,43.665,43.718,43.778,43.848,43.903,43.942,44.0,44.056,44.102,44.159,44.213,44.257,44.304,44.348,44.412,44.459,44.514,44.559,44.597,44.649,44.709,44.759,44.806,44.854,44.913,44.958,45.012,45.087,45.137,45.196,45.268,45.325,45.375,45.427,45.485,45.54,45.614,45.667,45.739,45.822,45.89,45.965,46.043,46.131,46.219,46.313,46.437,46.539,46.654,46.774,46.913,47.055,47.216,47.44,47.678,48.082,48.48,50.389
1030,LNP FP,37.913,39.559,40.128,40.469,40.764,40.937,41.117,41.246,41.347,41.452,41.557,41.651,41.738,41.839,41.915,42.007,42.082,42.171,42.235,42.303,42.386,42.453,42.522,42.576,42.642,42.715,42.78,42.84,42.883,42.939,42.997,43.053,43.113,43.173,43.22,43.279,43.317,43.362,43.398,43.448,43.493,43.539,43.578,43.645,43.697,43.741,43.802,43.861,43.906,43.95,44.013,44.064,44.113,44.173,44.221,44.273,44.334,44.377,44.429,44.48,44.524,44.567,44.619,44.681,44.736,44.772,44.823,44.883,44.939,45.001,45.051,45.118,45.172,45.222,45.28,45.338,45.398,45.468,45.513,45.569,45.636,45.689,45.757,45.856,45.918,45.997,46.087,46.17,46.275,46.36,46.488,46.607,46.745,46.88,47.061,47.292,47.52,47.752,48.072,48.458,50.238
1031,LNP FP,37.913,39.559,40.128,40.469,40.764,40.937,41.117,41.246,41.347,41.452,41.557,41.651,41.738,41.839,41.915,42.007,42.082,42.171,42.235,42.303,42.386,42.453,42.522,42.576,42.642,42.715,42.78,42.84,42.883,42.939,42.997,43.053,43.113,43.173,43.22,43.279,43.317,43.362,43.398,43.448,43.493,43.539,43.578,43.645,43.697,43.741,43.802,43.861,43.906,43.95,44.013,44.064,44.113,44.173,44.221,44.273,44.334,44.377,44.429,44.48,44.524,44.567,44.619,44.681,44.736,44.772,44.823,44.883,44.939,45.001,45.051,45.118,45.172,45.222,45.28,45.338,45.398,45.468,45.513,45.569,45.636,45.689,45.757,45.856,45.918,45.997,46.087,46.17,46.275,46.36,46.488,46.607,46.745,46.88,47.061,47.292,47.52,47.752,48.072,48.458,50.238
1032,LNP FP,38.15,39.4,40.108,40.449,40.666,40.842,41.011,41.166,41.308,41.42,41.546,41.623,41.713,41.806,41.905,41.952,42.027,42.098,42.17,42.251,42.329,42.412,42.472,42.538,42.605,42.671,42.724,42.789,42.834,42.892,42.943,43.011,43.059,43.114,43.178,43.224,43.268,43.317,43.365,43.428,43.478,43.522,43.578,43.632,43.68,43.714,43.758,43.826,43.887,43.919,43.984,44.041,44.085,44.126,44.171,44.237,44.288,44.333,44.375,44.426,44.476,44.514,44.566,44.63,44.674,44.719,44.776,44.832,44.875,44.94,44.988,45.056,45.106,45.188,45.237,45.322,45.376,45.446,45.523,45.575,45.641,45.703,45.77,45.842,45.918,46.004,46.072,46.167,46.258,46.337,46.449,46.573,46.702,46.866,47.054,47.254,47.477,47.687,48.007,48.444,50.031
1033,LNP FP,38.15,39.4,40.108,40.449,40.666,40.842,41.011,41.166,41.308,41.42,41.546,41.623,41.713,41.806,41.905,41.952,42.027,42.098,42.17,42.251,42.329,42.412,42.472,42.538,42.605,42.671,42.724,42.789,42.834,42.892,42.943,43.011,43.059,43.114,43.178,43.224,43.268,43.317,43.365,43.428,43.478,43.522,43.578,43.632,43.68,43.714,43.758,43.826,43.887,43.919,43.984,44.041,44.085,44.126,44.171,44.237,44.288,44.333,44.375,44.426,44.476,44.514,44.566,44.63,44.674,44.719,44.776,44.832,44.875,44.94,44.988,45.056,45.106,45.188,45.237,45.322,45.376,45.446,45.523,45.575,45.641,45.703,45.77,45.842,45.918,46.004,46.072,46.167,46.258,46.337,46.449,46.573,46.702,46.866,47.054,47.254,47.477,47.687,48.007,48.444,50.031
1034,LNP FP,38.13,39.472,40.088,40.48,40.708,40.874,41.045,41.182,41.28,41.38,41.477,41.559,41.651,41.759,41.88,41.947,42.019,42.104,42.166,42.253,42.345,42.416,42.488,42.534,42.606,42.643,42.7,42.793,42.846,42.913,42.953,43.014,43.066,43.113,43.164,43.209,43.27,43.309,43.341,43.391,43.441,43.5,43.542,43.583,43.647,43.703,43.746,43.797,43.863,43.91,43.955,44.013,44.077,44.132,44.175,44.213,44.267,44.315,44.353,44.403,44.449,44.496,44.549,44.609,44.646,44.698,44.772,44.813,44.856,44.918,44.981,45.056,45.12,45.16,45.218,45.299,45.346,45.43,45.513,45.564,45.634,45.7,45.773,45.822,45.918,45.978,46.05,46.167,46.257,46.341,46.438,46.561,46.685,46.833,47.03,47.198,47.44,47.706,48.004,48.345,50.101
1035,LNP FP,38.13,39.472,40.088,40.48,40.708,40.874,41.045,41.182,41.28,41.38,41.477,41.559,41.651,41.759,41.88,41.947,42.019,42.104,42.166,42.253,42.345,42.416,42.488,42.534,42.606,42.643,42.7,42.793,42.846,42.913,42.953,43.014,43.066,43.113,43.164,43.209,43.27,43.309,43.341,43.391,43.441,43.5,43.542,43.583,43.647,43.703,43.746,43.797,43.863,43.91,43.955,44.013,44.077,44.132,44.175,44.213,44.267,44.315,44.353,44.403,44.449,44.496,44.549,44.609,44.646,44.698,44.772,44.813,44.856,44.918,44.981,45.056,45.12,45.16,45.218,45.299,45.346,45.43,45.513,45.564,45.634,45.7,45.773,45.822,45.918,45.978,46.05,46.167,46.257,46.341,46.438,46.561,46.685,46.833,47.03,47.198,47.44,47.706,48.004,48.345,50.101
1036,LNP FP,38.218,39.351,40.111,40.458,40.697,40.891,41.048,41.143,41.256,41.373,41.448,41.556,41.657,41.769,41.884,41.976,42.036,42.13,42.187,42.262,42.331,42.394,42.464,42.537,42.595,42.646,42.71,42.759,42.805,42.865,42.919,42.992,43.039,43.075,43.119,43.16,43.212,43.269,43.325,43.373,43.41,43.482,43.518,43.574,43.624,43.678,43.724,43.782,43.825,43.866,43.908,43.957,44.018,44.074,44.114,44.159,44.221,44.273,44.339,44.398,44.448,44.513,44.564,44.614,44.666,44.711,44.766,44.821,44.865,44.944,44.984,45.044,45.101,45.15,45.225,45.283,45.357,45.413,45.492,45.537,45.602,45.665,45.746,45.803,45.882,45.967,46.048,46.144,46.248,46.355,46.455,46.537,46.704,46.861,47.0,47.2,47.4,47.688,47.962,48.419,50.418
1037,LNP FP,38.218,39.351,40.111,40.458,40.697,40.891,41.048,41.143,41.256,41.373,41.448,41.556,41.657,41.769,41.884,41.976,42.036,42.13,42.187,42.262,42.331,42.394,42.464,42.537,42.595,42.646,42.71,42.759,42.805,42.865,42.919,42.992,43.039,43.075,43.119,43.16,43.212,43.269,43.325,43.373,43.41,43.482,43.518,43.574,43.624,43.678,43.724,43.782,43.825,43.866,43.908,43.957,44.018,44.074,44.114,44.159,44.221,44.273,44.339,44.398,44.448,44.513,44.564,44.614,44.666,44.711,44.766,44.821,44.865,44.944,44.984,45.044,45.101,45.15,45.225,45.283,45.357,45.413,45.492,45.537,45.602,45.665,45.746,45.803,45.882,45.967,46.048,46.144,46.248,46.355,46.455,46.537,46.704,46.861,47.0,47.2,47.4,47.688,47.962,48.419,50.418
1038,LNP FP,37.657,39.287,40.055,40.379,40.605,40.764,40.983,41.125,41.248,41.366,41.45,41.533,41.646,41.747,41.831,41.913,41.995,42.083,42.176,42.242,42.321,42.384,42.469,42.524,42.582,42.63,42.677,42.725,42.771,42.823,42.865,42.939,42.986,43.038,43.098,43.16,43.214,43.265,43.306,43.349,43.397,43.446,43.49,43.539,43.584,43.636,43.7,43.747,43.806,43.861,43.919,43.972,44.027,44.077,44.125,44.185,44.228,44.282,44.328,44.377,44.427,44.471,44.539,44.586,44.634,44.684,44.731,44.779,44.841,44.918,44.98,45.03,45.092,45.141,45.208,45.267,45.325,45.391,45.472,45.535,45.599,45.646,45.725,45.818,45.878,45.975,46.059,46.171,46.267,46.371,46.459,46.587,46.723,46.866,47.033,47.165,47.442,47.658,47.942,48.357,50.202
1039,LNP FP,37.657,39.287,40.055,40.379,40.605,40.764,40.983,41.125,41.248,41.366,41.45,41.533,41.646,41.747,41.831,41.913,41.995,42.083,42.176,42.242,42.321,42.384,42.469,42.524,42.582,42.63,42.677,42.725,42.771,42.823,42.865,42.939,42.986,43.038,43.098,43.16,43.214,43.265,43.306,43.349,43.397,43.446,43.49,43.539,43.584,43.636,43.7,43.747,43.806,43.861,43.919,43.972,44.027,44.077,44.125,44.185,44.228,44.282,44.328,44.377,44.427,44.471,44.539,44.586,44.634,44.684,44.731,44.779,44.841,44.918,44.98,45.03,45.092,45.141,45.208,45.267,45.325,45.391,45.472,45.535,45.599,45.646,45.725,45.818,45.878,45.975,46.059,46.171,46.267,46.371,46.459,46.587,46.723,46.866,47.033,47.165,47.442,47.658,47.942,48.357,50.202
1040,LNP FP,37.569,39.351,39.895,40.296,40.544,40.736,40.901,41.024,41.192,41.322,41.444,41.545,41.653,41.742,41.818,41.924,42.012,42.106,42.169,42.234,42.306,42.37,42.431,42.479,42.552,42.619,42.675,42.727,42.796,42.851,42.914,42.967,43.013,43.066,43.116,43.164,43.193,43.238,43.276,43.334,43.384,43.432,43.466,43.523,43.569,43.622,43.668,43.72,43.777,43.836,43.872,43.927,43.982,44.03,44.083,44.14,44.177,44.233,44.29,44.367,44.413,44.464,44.514,44.57,44.626,44.687,44.744,44.8,44.844,44.89,44.956,45.008,45.068,45.12,45.176,45.242,45.311,45.362,45.435,45.482,45.549,45.62,45.718,45.779,45.852,45.954,46.053,46.146,46.245,46.343,46.459,46.575,46.69,46.811,46.941,47.101,47.291,47.582,47.959,48.359,50.16
1041,LNP FP,37.569,39.351,39.895,40.296,40.544,40.736,40.901,41.024,41.192,41.322,41.444,41.545,41.653,41.742,41.818,41.924,42.012,42.106,42.169,42.234,42.306,42.37,42.431,42.479,42.552,42.619,42.675,42.727,42.796,42.851,42.914,42.967,43.013,43.066,43.116,43.164,43.193,43.238,43.276,43.334,43.384,43.432,43.466,43.523,43.569,43.622,43.668,43.72,43.777,43.836,43.872,43.927,43.982,44.03,44.083,44.14,44.177,44.233,44.29,44.367,44.413,44.464,44.514,44.57,44.626,44.687,44.744,44.8,44.844,44.89,44.956,45.008,45.068,45.12,45.176,45.242,45.311,45.362,45.435,45.482,45.549,45.62,45.718,45.779,45.852,45.954,46.053,46.146,46.245,46.343,46.459,46.575,46.69,46.811,46.941,47.101,47.291,47.582,47.959,48.359,50.16
1042,LNP FP,37.623,39.436,39.888,40.219,40.515,40.695,40.893,41.057,41.157,41.293,41.392,41.515,41.597,41.701,41.791,41.88,41.946,42.048,42.121,42.188,42.263,42.327,42.383,42.45,42.507,42.568,42.644,42.707,42.771,42.827,42.887,42.939,42.982,43.037,43.084,43.133,43.164,43.218,43.255,43.309,43.368,43.409,43.454,43.5,43.552,43.607,43.654,43.702,43.755,43.802,43.864,43.908,43.961,44.012,44.063,44.105,44.171,44.21,44.262,44.307,44.371,44.437,44.501,44.558,44.601,44.657,44.73,44.782,44.838,44.89,44.941,45.003,45.052,45.11,45.171,45.224,45.274,45.332,45.388,45.488,45.551,45.612,45.698,45.769,45.835,45.943,46.002,46.072,46.165,46.278,46.393,46.531,46.673,46.796,46.932,47.139,47.32,47.527,47.88,48.47,49.886
1043,LNP FP,37.623,39.436,39.888,40.219,40.515,40.695,40.893,41.057,41.157,41.293,41.392,41.515,41.597,41.701,41.791,41.88,41.946,42.048,42.121,42.188,42.263,42.327,42.383,42.45,42.507,42.568,42.644,42.707,42.771,42.827,42.887,42.939,42.982,43.037,43.084,43.133,43.164,43.218,43.255,43.309,43.368,43.409,43.454,43.5,43.552,43.607,43.654,43.702,43.755,43.802,43.864,43.908,43.961,44.012,44.063,44.105,44.171,44.21,44.262,44.307,44.371,44.437,44.501,44.558,44.601,44.657,44.73,44.782,44.838,44.89,44.941,45.003,45.052,45.11,45.171,45.224,45.274,45.332,45.388,45.488,45.551,45.612,45.698,45.769,45.835,45.943,46.002,46.072,46.165,46.278,46.393,46.531,46.673,46.796,46.932,47.139,47.32,47.527,47.88,48.47,49.886
1044,LNP FP,37.536,39.35,39.862,40.178,40.434,40.628,40.782,40.977,41.111,41.235,41.337,41.433,41.567,41.662,41.744,41.834,41.933,42.012,42.075,42.14,42.213,42.286,42.338,42.398,42.461,42.509,42.587,42.633,42.713,42.791,42.839,42.889,42.957,42.996,43.057,43.116,43.162,43.212,43.276,43.319,43.358,43.406,43.447,43.501,43.552,43.601,43.659,43.697,43.76,43.819,43.882,43.929,43.97,44.01,44.054,44.092,44.144,44.204,44.25,44.314,44.365,44.412,44.475,44.529,44.566,44.618,44.666,44.709,44.766,44.82,44.869,44.927,44.983,45.062,45.121,45.185,45.235,45.286,45.366,45.436,45.504,45.596,45.663,45.734,45.813,45.905,45.97,46.029,46.123,46.25,46.377,46.538,46.696,46.857,46.947,47.127,47.34,47.567,47.828,48.343,49.776
1045,LNP FP,37.536,39.35,39.862,40.178,40.434,40.628,40.782,40.977,41.111,41.235,41.337,41.433,41.567,41.662,41.744,41.834,41.933,42.012,42.075,42.14,42.213,42.286,42.338,42.398,42.461,42.509,42.587,42.633,42.713,42.791,42.839,42.889,42.957,42.996,43.057,43.116,43.162,43.212,43.276,43.319,43.358,43.406,43.447,43.501,43.552,43.601,43.659,43.697,43.76,43.819,43.882,43.929,43.97,44.01,44.054,44.092,44.144,44.204,44.25,44.314,44.365,44.412,44.475,44.529,44.566,44.618,44.666,44.709,44.766,44.82,44.869,44.927,44.983,45.062,45.121,45.185,45.235,45.286,45.366,45.436,45.504,45.596,45.663,45.734,45.813,45.905,45.97,46.029,46.123,46.25,46.377,46.538,46.696,46.857,46.947,47.127,47.34,47.567,47.828,48.343,49.776
1046,LNP FP,37.649,39.31,39.799,40.176,40.469,40.62,40.762,40.923,41.041,41.144,41.281,41.395,41.565,41.651,41.753,41.862,41.963,42.025,42.092,42.159,42.197,42.253,42.333,42.422,42.499,42.555,42.629,42.672,42.726,42.771,42.817,42.887,42.949,43.005,43.071,43.127,43.177,43.207,43.255,43.31,43.351,43.397,43.433,43.498,43.539,43.588,43.638,43.679,43.741,43.789,43.836,43.882,43.936,43.981,44.025,44.088,44.138,44.174,44.224,44.268,44.313,44.354,44.418,44.45,44.501,44.551,44.596,44.668,44.716,44.766,44.827,44.896,44.96,45.017,45.067,45.126,45.177,45.242,45.318,45.378,45.471,45.556,45.631,45.708,45.779,45.853,45.948,46.036,46.152,46.229,46.339,46.477,46.6,46.768,46.902,47.063,47.22,47.443,47.812,48.206,49.872
1047,LNP FP,37.649,39.31,39.799,40.176,40.469,40.62,40.762,40.923,41.041,41.144,41.281,41.395,41.565,41.651,41.753,41.862,41.963,42.025,42.092,42.159,42.197,42.253,42.333,42.422,42.499,42.555,42.629,42.672,42.726,42.771,42.817,42.887,42.949,43.005,43.071,43.127,43.177,43.207,43.255,43.31,43.351,43.397,43.433,43.498,43.539,43.588,43.638,43.679,43.741,43.789,43.836,43.882,43.936,43.981,44.025,44.088,44.138,44.174,44.224,44.268,44.313,44.354,44.418,44.45,44.501,44.551,44.596,44.668,44.716,44.766,44.827,44.896,44.96,45.017,45.067,45.126,45.177,45.242,45.318,45.378,45.471,45.556,45.631,45.708,45.779,45.853,45.948,46.036,46.152,46.229,46.339,46.477,46.6,46.768,46.902,47.063,47.22,47.443,47.812,48.206,49.872
1048,LNP FP,37.482,39.392,39.813,40.158,40.417,40.586,40.737,40.895,41.064,41.206,41.344,41.465,41.571,41.647,41.732,41.82,41.897,41.986,42.07,42.131,42.207,42.264,42.322,42.414,42.497,42.551,42.601,42.66,42.719,42.781,42.827,42.886,42.928,42.964,43.011,43.069,43.114,43.167,43.213,43.257,43.311,43.367,43.428,43.476,43.531,43.574,43.617,43.681,43.735,43.782,43.83,43.892,43.924,43.983,44.031,44.078,44.117,44.144,44.2,44.243,44.288,44.333,44.371,44.438,44.484,44.517,44.574,44.625,44.676,44.729,44.783,44.864,44.927,45.01,45.063,45.148,45.216,45.28,45.349,45.409,45.479,45.56,45.632,45.693,45.766,45.858,45.935,46.01,46.104,46.2,46.31,46.425,46.541,46.679,46.833,46.98,47.225,47.474,47.783,48.147,49.785
1049,LNP FP,37.482,39.392,39.813,40.158,40.417,40.586,40.737,40.895,41.064,41.206,41.344,41.465,41.571,41.647,41.732,41.82,41.897,41.986,42.07,42.131,42.207,42.264,42.322,42.414,42.497,42.551,42.601,42.66,42.719,42.781,42.827,42.886,42.928,42.964,43.011,43.069,43.114,43.167,43.213,43.257,43.311,43.367,43.428,43.476,43.531,43.574,43.617,43.681,43.735,43.782,43.83,43.892,43.924,43.983,44.031,44.078,44.117,44.144,44.2,44.243,44.288,44.333,44.371,44.438,44.484,44.517,44.574,44.625,44.676,44.729,44.783,44.864,44.927,45.01,45.063,45.148,45.216,45.28,45.349,45.409,45.479,45.56,45.632,45.693,45.766,45.858,45.935,46.01,46.104,46.2,46.31,46.425,46.541,46.679,46.833,46.98,47.225,47.474,47.783,48.147,49.785
1050,LNP FP,37.56,39.346,39.83,40.108,40.389,40.625,40.763,40.946,41.065,41.221,41.335,41.446,41.564,41.637,41.733,41.808,41.884,41.948,42.011,42.105,42.163,42.212,42.261,42.336,42.389,42.449,42.53,42.588,42.639,42.709,42.753,42.809,42.887,42.942,43.005,43.054,43.109,43.138,43.196,43.239,43.288,43.329,43.391,43.443,43.493,43.546,43.602,43.66,43.73,43.775,43.811,43.86,43.91,43.962,44.007,44.045,44.086,44.123,44.173,44.202,44.273,44.329,44.371,44.41,44.456,44.5,44.567,44.621,44.698,44.747,44.809,44.859,44.917,44.99,45.05,45.122,45.182,45.243,45.33,45.391,45.453,45.516,45.589,45.664,45.738,45.798,45.897,46.02,46.092,46.212,46.289,46.404,46.493,46.646,46.788,46.999,47.173,47.394,47.767,48.265,49.701
1051,LNP FP,37.56,39.346,39.83,40.108,40.389,40.625,40.763,40.946,41.065,41.221,41.335,41.446,41.564,41.637,41.733,41.808,41.884,41.948,42.011,42.105,42.163,42.212,42.261,42.336,42.389,42.449,42.53,42.588,42.639,42.709,42.753,42.809,42.887,42.942,43.005,43.054,43.109,43.138,43.196,43.239,43.288,43.329,43.391,43.443,43.493,43.546,43.602,43.66,43.73,43.775,43.811,43.86,43.91,43.962,44.007,44.045,44.086,44.123,44.173,44.202,44.273,44.329,44.371,44.41,44.456,44.5,44.567,44.621,44.698,44.747,44.809,44.859,44.917,44.99,45.05,45.122,45.182,45.243,45.33,45.391,45.453,45.516,45.589,45.664,45.738,45.798,45.897,46.02,46.092,46.212,46.289,46.404,46.493,46.646,46.788,46.999,47.173,47.394,47.767,48.265,49.701
1052,LNP FP,37.177,39.3,39.911,40.175,40.348,40.512,40.73,40.891,41.102,41.236,41.341,41.473,41.554,41.618,41.696,41.788,41.86,41.953,42.019,42.07,42.147,42.203,42.263,42.352,42.403,42.458,42.515,42.577,42.63,42.702,42.749,42.801,42.85,42.918,42.959,43.016,43.087,43.138,43.202,43.255,43.298,43.336,43.39,43.446,43.492,43.534,43.586,43.631,43.677,43.727,43.773,43.826,43.871,43.924,43.963,44.009,44.069,44.111,44.163,44.218,44.26,44.315,44.361,44.402,44.45,44.509,44.571,44.652,44.706,44.75,44.797,44.845,44.905,44.955,45.017,45.087,45.144,45.196,45.261,45.336,45.408,45.483,45.552,45.639,45.69,45.759,45.855,45.947,46.052,46.156,46.274,46.385,46.486,46.641,46.83,46.948,47.144,47.401,47.652,48.202,49.766
1053,LNP FP,37.177,39.3,39.911,40.175,40.348,40.512,40.73,40.891,41.102,41.236,41.341,41.473,41.554,41.618,41.696,41.788,41.86,41.953,42.019,42.07,42.147,42.203,42.263,42.352,42.403,42.458,42.515,42.577,42.63,42.702,42.749,42.801,42.85,42.918,42.959,43.016,43.087,43.138,43.202,43.255,43.298,43.336,43.39,43.446,43.492,43.534,43.586,43.631,43.677,43.727,43.773,43.826,43.871,43.924,43.963,44.009,44.069,44.111,44.163,44.218,44.26,44.315,44.361,44.402,44.45,44.509,44.571,44.652,44.706,44.75,44.797,44.845,44.905,44.955,45.017,45.087,45.144,45.196,45.261,45.336,45.408,45.483,45.552,45.639,45.69,45.759,45.855,45.947,46.052,46.156,46.274,46.385,46.486,46.641,46.83,46.948,47.144,47.401,47.652,48.202,49.766
1054,LNP FP,37.518,39.449,39.824,40.181,40.391,40.582,40.807,40.965,41.101,41.229,41.342,41.429,41.536,41.619,41.676,41.742,41.838,41.918,42.006,42.07,42.155,42.216,42.288,42.34,42.4,42.459,42.527,42.595,42.658,42.705,42.756,42.815,42.874,42.917,42.969,43.016,43.076,43.134,43.173,43.222,43.27,43.324,43.367,43.401,43.449,43.498,43.547,43.598,43.636,43.699,43.749,43.784,43.836,43.875,43.938,43.985,44.052,44.111,44.175,44.219,44.26,44.296,44.354,44.401,44.449,44.503,44.564,44.628,44.672,44.73,44.792,44.858,44.921,44.98,45.043,45.098,45.158,45.211,45.265,45.342,45.412,45.473,45.534,45.611,45.664,45.728,45.809,45.891,45.995,46.115,46.256,46.338,46.479,46.624,46.814,46.952,47.112,47.354,47.679,48.019,49.838
1055,LNP FP,37.518,39.449,39.824,40.181,40.391,40.582,40.807,40.965,41.101,41.229,41.342,41.429,41.536,41.619,41.676,41.742,41.838,41.918,42.006,42.07,42.155,42.216,42.288,42.34,42.4,42.459,42.527,42.595,42.658,42.705,42.756,42.815,42.874,42.917,42.969,43.016,43.076,43.134,43.173,43.222,43.27,43.324,43.367,43.401,43.449,43.498,43.547,43.598,43.636,43.699,43.749,43.784,43.836,43.875,43.938,43.985,44.052,44.111,44.175,44.219,44.26,44.296,44.354,44.401,44.449,44.503,44.564,44.628,44.672,44.73,44.792,44.858,44.921,44.98,45.043,45.098,45.158,45.211,45.265,45.342,45.412,45.473,45.534,45.611,45.664,45.728,45.809,45.891,45.995,46.115,46.256,46.338,46.479,46.624,46.814,46.952,47.112,47.354,47.679,48.019,49.838
1056,LNP FP,37.596,39.422,39.852,40.206,40.457,40.572,40.783,40.922,41.087,41.178,41.305,41.382,41.477,41.58,41.663,41.738,41.803,41.912,41.993,42.065,42.126,42.182,42.26,42.309,42.381,42.437,42.501,42.558,42.607,42.675,42.722,42.782,42.837,42.898,42.947,43.0,43.064,43.117,43.17,43.208,43.248,43.292,43.332,43.389,43.432,43.496,43.537,43.574,43.623,43.672,43.738,43.782,43.831,43.877,43.922,43.972,44.021,44.084,44.141,44.187,44.247,44.305,44.365,44.419,44.47,44.51,44.564,44.613,44.673,44.719,44.768,44.828,44.876,44.927,44.987,45.042,45.113,45.189,45.25,45.311,45.377,45.467,45.544,45.603,45.669,45.725,45.815,45.895,46.001,46.08,46.18,46.312,46.435,46.569,46.746,46.91,47.103,47.347,47.666,48.058,49.578
1057,LNP FP,37.596,39.422,39.852,40.206,40.457,40.572,40.783,40.922,41.087,41.178,41.305,41.382,41.477,41.58,41.663,41.738,41.803,41.912,41.993,42.065,42.126,42.182,42.26,42.309,42.381,42.437,42.501,42.558,42.607,42.675,42.722,42.782,42.837,42.898,42.947,43.0,43.064,43.117,43.17,43.208,43.248,43.292,43.332,43.389,43.432,43.496,43.537,43.574,43.623,43.672,43.738,43.782,43.831,43.877,43.922,43.972,44.021,44.084,44.141,44.187,44.247,44.305,44.365,44.419,44.47,44.51,44.564,44.613,44.673,44.719,44.768,44.828,44.876,44.927,44.987,45.042,45.113,45.189,45.25,45.311,45.377,45.467,45.544,45.603,45.669,45.725,45.815,45.895,46.001,46.08,46.18,46.312,46.435,46.569,46.746,46.91,47.103,47.347,47.666,48.058,49.578
1058,LNP FP,37.787,39.313,39.831,40.219,40.449,40.622,40.776,40.925,41.06,41.184,41.284,41.396,41.491,41.582,41.65,41.734,41.822,41.898,41.971,42.06,42.135,42.202,42.274,42.335,42.394,42.448,42.487,42.541,42.602,42.66,42.714,42.771,42.822,42.877,42.931,42.968,43.019,43.079,43.131,43.191,43.24,43.294,43.324,43.369,43.427,43.471,43.514,43.578,43.63,43.675,43.708,43.748,43.793,43.854,43.894,43.945,43.983,44.029,44.079,44.142,44.197,44.245,44.308,44.365,44.406,44.47,44.524,44.564,44.618,44.681,44.747,44.8,44.842,44.893,44.944,45.019,45.073,45.147,45.224,45.268,45.327,45.401,45.469,45.575,45.643,45.72,45.782,45.872,45.932,46.022,46.157,46.263,46.429,46.56,46.689,46.891,47.086,47.251,47.602,48.093,49.629
1059,LNP FP,37.787,39.313,39.831,40.219,40.449,40.622,40.776,40.925,41.06,41.184,41.284,41.396,41.491,41.582,41.65,41.734,41.822,41.898,41.971,42.06,42.135,42.202,42.274,42.335,42.394,42.448,42.487,42.541,42.602,42.66,42.714,42.771,42.822,42.877,42.931,42.968,43.019,43.079,43.131,43.191,43.24,43.294,43.324,43.369,43.427,43.471,43.514,43.578,43.63,43.675,43.708,43.748,43.793,43.854,43.894,43.945,43.983,44.029,44.079,44.142,44.197,44.245,44.308,44.365,44.406,44.47,44.524,44.564,44.618,44.681,44.747,44.8,44.842,44.893,44.944,45.019,45.073,45.147,45.224,45.268,45.327,45.401,45.469,45.575,45.643,45.72,45.782,45.872,45.932,46.022,46.157,46.263,46.429,46.56,46.689,46.891,47.086,47.251,47.602,48.093,49.629
1060,LNP FP,37.57,39.304,39.793,40.117,40.321,40.53,40.708,40.884,40.982,41.121,41.251,41.352,41.442,41.556,41.646,41.709,41.793,41.868,41.934,42.015,42.113,42.188,42.254,42.313,42.36,42.436,42.491,42.548,42.599,42.639,42.691,42.735,42.796,42.857,42.903,42.959,43.007,43.055,43.106,43.154,43.196,43.25,43.302,43.357,43.414,43.443,43.499,43.541,43.587,43.64,43.679,43.73,43.772,43.822,43.873,43.921,43.968,44.018,44.057,44.114,44.17,44.221,44.279,44.337,44.391,44.445,44.5,44.558,44.607,44.668,44.722,44.777,44.829,44.878,44.949,45.002,45.065,45.126,45.193,45.257,45.32,45.386,45.469,45.544,45.602,45.68,45.774,45.85,45.928,45.998,46.119,46.231,46.351,46.506,46.676,46.832,47.028,47.27,47.548,48.007,49.53
1061,LNP FP,37.57,39.304,39.793,40.117,40.321,40.53,40.708,40.884,40.982,41.121,41.251,41.352,41.442,41.556,41.646,41.709,41.793,41.868,41.934,42.015,42.113,42.188,42.254,42.313,42.36,42.436,42.491,42.548,42.599,42.639,42.691,42.735,42.796,42.857,42.903,42.959,43.007,43.055,43.106,43.154,43.196,43.25,43.302,43.357,43.414,43.443,43.499,43.541,43.587,43.64,43.679,43.73,43.772,43.822,43.873,43.921,43.968,44.018,44.057,44.114,44.17,44.221,44.279,44.337,44.391,44.445,44.5,44.558,44.607,44.668,44.722,44.777,44.829,44.878,44.949,45.002,45.065,45.126,45.193,45.257,45.32,45.386,45.469,45.544,45.602,45.68,45.774,45.85,45.928,45.998,46.119,46.231,46.351,46.506,46.676,46.832,47.028,47.27,47.548,48.007,49.53
1062,LNP FP,37.747,39.374,39.79,40.173,40.378,40.535,40.697,40.801,40.936,41.081,41.222,41.345,41.434,41.51,41.61,41.725,41.797,41.864,41.928,41.997,42.084,42.142,42.209,42.278,42.343,42.396,42.458,42.523,42.579,42.651,42.691,42.742,42.803,42.851,42.896,42.943,42.997,43.05,43.088,43.154,43.202,43.244,43.286,43.343,43.383,43.429,43.481,43.52,43.549,43.598,43.647,43.687,43.724,43.791,43.844,43.893,43.94,43.991,44.044,44.103,44.149,44.203,44.251,44.294,44.353,44.4,44.443,44.499,44.555,44.602,44.649,44.689,44.756,44.812,44.874,44.918,44.98,45.041,45.109,45.17,45.232,45.302,45.381,45.448,45.537,45.608,45.679,45.763,45.861,45.948,46.07,46.199,46.284,46.434,46.578,46.813,46.99,47.239,47.522,48.073,49.361
1063,LNP FP,37.747,39.374,39.79,40.173,40.378,40.535,40.697,40.801,40.936,41.081,41.222,41.345,41.434,41.51,41.61,41.725,41.797,41.864,41.928,41.997,42.084,42.142,42.209,42.278,42.343,42.396,42.458,42.523,42.579,42.651,42.691,42.742,42.803,42.851,42.896,42.943,42.997,43.05,43.088,43.154,43.202,43.244,43.286,43.343,43.383,43.429,43.481,43.52,43.549,43.598,43.647,43.687,43.724,43.791,43.844,43.893,43.94,43.991,44.044,44.103,44.149,44.203,44.251,44.294,44.353,44.4,44.443,44.499,44.555,44.602,44.649,44.689,44.756,44.812,44.874,44.918,44.98,45.041,45.109,45.17,45.232,45.302,45.381,45.448,45.537,45.608,45.679,45.763,45.861,45.948,46.07,46.199,46.284,46.434,46.578,46.813,46.99,47.239,47.522,48.073,49.361
1064,LNP FP,37.459,39.294,39.764,40.132,40.34,40.508,40.661,40.81,40.944,41.047,41.215,41.32,41.436,41.508,41.59,41.675,41.76,41.839,41.911,41.981,42.045,42.12,42.178,42.224,42.286,42.374,42.439,42.513,42.568,42.629,42.675,42.72,42.764,42.814,42.883,42.941,42.982,43.032,43.095,43.161,43.222,43.26,43.307,43.346,43.388,43.439,43.484,43.528,43.567,43.622,43.661,43.699,43.765,43.791,43.829,43.881,43.938,43.99,44.029,44.078,44.122,44.174,44.216,44.276,44.321,44.364,44.42,44.474,44.54,44.601,44.656,44.71,44.753,44.807,44.867,44.921,44.974,45.027,45.11,45.186,45.237,45.296,45.364,45.438,45.51,45.587,45.699,45.782,45.854,45.943,46.031,46.153,46.287,46.41,46.557,46.73,46.975,47.216,47.553,48.178,49.502
1065,LNP FP,37.459,39.294,39.764,40.132,40.34,40.508,40.661,40.81,40.944,41.047,41.215,41.32,41.436,41.508,41.59,41.675,41.76,41.839,41.911,41.981,42.045,42.12,42.178,42.224,42.286,42.374,42.439,42.513,42.568,42.629,42.675,42.72,42.764,42.814,42.883,42.941,42.982,43.032,43.095,43.161,43.222,43.26,43.307,43.346,43.388,43.439,43.484,43.528,43.567,43.622,43.661,43.699,43.765,43.791,43.829,43.881,43.938,43.99,44.029,44.078,44.122,44.174,44.216,44.276,44.321,44.364,44.42,44.474,44.54,44.601,44.656,44.71,44.753,44.807,44.867,44.921,44.974,45.027,45.11,45.186,45.237,45.296,45.364,45.438,45.51,45.587,45.699,45.782,45.854,45.943,46.031,46.153,46.287,46.41,46.557,46.73,46.975,47.216,47.553,48.178,49.502
1066,LNP FP,37.671,39.343,39.862,40.114,40.381,40.543,40.672,40.8,40.915,41.04,41.187,41.292,41.37,41.508,41.583,41.674,41.738,41.841,41.907,41.981,42.067,42.119,42.192,42.239,42.306,42.355,42.417,42.469,42.536,42.58,42.629,42.688,42.746,42.782,42.843,42.901,42.955,43.016,43.073,43.116,43.18,43.251,43.29,43.336,43.37,43.422,43.457,43.496,43.557,43.592,43.626,43.671,43.722,43.774,43.82,43.863,43.917,43.959,44.004,44.045,44.087,44.128,44.191,44.238,44.309,44.359,44.401,44.459,44.504,44.556,44.607,44.671,44.713,44.777,44.84,44.902,44.956,45.019,45.083,45.141,45.201,45.263,45.365,45.421,45.487,45.56,45.668,45.741,45.842,45.926,46.025,46.136,46.261,46.362,46.511,46.707,46.925,47.175,47.563,48.0,49.559
1067,LNP FP,37.671,39.343,39.862,40.114,40.381,40.543,40.672,40.8,40.915,41.04,41.187,41.292,41.37,41.508,41.583,41.674,41.738,41.841,41.907,41.981,42.067,42.119,42.192,42.239,42.306,42.355,42.417,42.469,42.536,42.58,42.629,42.688,42.746,42.782,42.843,42.901,42.955,43.016,43.073,43.116,43.18,43.251,43.29,43.336,43.37,43.422,43.457,43.496,43.557,43.592,43.626,43.671,43.722,43.774,43.82,43.863,43.917,43.959,44.004,44.045,44.087,44.128,44.191,44.238,44.309,44.359,44.401,44.459,44.504,44.556,44.607,44.671,44.713,44.777,44.84,44.902,44.956,45.019,45.083,45.141,45.201,45.263,45.365,45.421,45.487,45.56,45.668,45.741,45.842,45.926,46.025,46.136,46.261,46.362,46.511,46.707,46.925,47.175,47.563,48.0,49.559
1068,LNP FP,37.735,39.339,39.853,40.165,40.373,40.561,40.734,40.844,40.952,41.056,41.209,41.279,41.359,41.47,41.572,41.669,41.733,41.8,41.867,41.963,42.036,42.139,42.201,42.264,42.329,42.378,42.42,42.459,42.52,42.57,42.607,42.67,42.726,42.782,42.828,42.886,42.943,43.0,43.035,43.1,43.135,43.229,43.279,43.321,43.363,43.39,43.431,43.455,43.511,43.55,43.595,43.653,43.692,43.732,43.773,43.827,43.885,43.92,43.961,44.009,44.066,44.109,44.174,44.213,44.263,44.313,44.365,44.421,44.47,44.514,44.571,44.627,44.671,44.715,44.78,44.858,44.931,44.995,45.049,45.109,45.172,45.25,45.311,45.394,45.477,45.547,45.636,45.72,45.822,45.924,45.996,46.121,46.262,46.363,46.49,46.649,46.815,47.175,47.597,47.967,49.526
1069,LNP FP,37.735,39.339,39.853,40.165,40.373,40.561,40.734,40.844,40.952,41.056,41.209,41.279,41.359,41.47,41.572,41.669,41.733,41.8,41.867,41.963,42.036,42.139,42.201,42.264,42.329,42.378,42.42,42.459,42.52,42.57,42.607,42.67,42.726,42.782,42.828,42.886,42.943,43.0,43.035,43.1,43.135,43.229,43.279,43.321,43.363,43.39,43.431,43.455,43.511,43.55,43.595,43.653,43.692,43.732,43.773,43.827,43.885,43.92,43.961,44.009,44.066,44.109,44.174,44.213,44.263,44.313,44.365,44.421,44.47,44.514,44.571,44.627,44.671,44.715,44.78,44.858,44.931,44.995,45.049,45.109,45.172,45.25,45.311,45.394,45.477,45.547,45.636,45.72,45.822,45.924,45.996,46.121,46.262,46.363,46.49,46.649,46.815,47.175,47.597,47.967,49.526
1070,LNP FP,37.691,39.352,39.872,40.188,40.377,40.548,40.683,40.846,40.968,41.054,41.134,41.235,41.355,41.442,41.54,41.633,41.722,41.814,41.875,41.957,42.024,42.083,42.143,42.202,42.278,42.329,42.379,42.42,42.473,42.523,42.567,42.626,42.693,42.749,42.795,42.853,42.9,42.95,43.011,43.064,43.106,43.147,43.208,43.264,43.314,43.378,43.414,43.453,43.505,43.553,43.591,43.631,43.663,43.714,43.755,43.793,43.841,43.89,43.94,43.983,44.031,44.088,44.146,44.196,44.246,44.283,44.327,44.373,44.42,44.479,44.533,44.595,44.654,44.708,44.78,44.836,44.89,44.972,45.048,45.108,45.172,45.245,45.32,45.405,45.49,45.547,45.631,45.683,45.772,45.859,45.94,46.066,46.183,46.312,46.425,46.587,46.813,47.119,47.383,48.002,49.418
1071,LNP FP,37.691,39.352,39.872,40.188,40.377,40.548,40.683,40.846,40.968,41.054,41.134,41.235,41.355,41.442,41.54,41.633,41.722,41.814,41.875,41.957,42.024,42.083,42.143,42.202,42.278,42.329,42.379,42.42,42.473,42.523,42.567,42.626,42.693,42.749,42.795,42.853,42.9,42.95,43.011,43.064,43.106,43.147,43.208,43.264,43.314,43.378,43.414,43.453,43.505,43.553,43.591,43.631,43.663,43.714,43.755,43.793,43.841,43.89,43.94,43.983,44.031,44.088,44.146,44.196,44.246,44.283,44.327,44.373,44.42,44.479,44.533,44.595,44.654,44.708,44.78,44.836,44.89,44.972,45.048,45.108,45.172,45.245,45.32,45.405,45.49,45.547,45.631,45.683,45.772,45.859,45.94,46.066,46.183,46.312,46.425,46.587,46.813,47.119,47.383,48.002,49.418
1072,LNP FP,37.697,39.317,39.931,40.162,40.408,40.553,40.746,40.841,40.982,41.097,41.2,41.312,41.397,41.484,41.579,41.658,41.743,41.812,41.883,41.929,41.987,42.051,42.103,42.172,42.24,42.303,42.343,42.405,42.461,42.515,42.561,42.617,42.663,42.708,42.762,42.808,42.86,42.913,42.963,43.015,43.06,43.1,43.149,43.202,43.254,43.303,43.353,43.41,43.461,43.504,43.547,43.598,43.642,43.686,43.721,43.751,43.797,43.832,43.88,43.941,43.999,44.033,44.076,44.131,44.182,44.235,44.297,44.359,44.409,44.477,44.539,44.587,44.649,44.702,44.78,44.831,44.882,44.95,45.011,45.086,45.135,45.218,45.28,45.334,45.419,45.507,45.583,45.649,45.737,45.842,45.938,46.049,46.154,46.286,46.416,46.588,46.806,47.102,47.482,47.942,49.424
1073,LNP FP,37.697,39.317,39.931,40.162,40.408,40.553,40.746,40.841,40.982,41.097,41.2,41.312,41.397,41.484,41.579,41.658,41.743,41.812,41.883,41.929,41.987,42.051,42.103,42.172,42.24,42.303,42.343,42.405,42.461,42.515,42.561,42.617,42.663,42.708,42.762,42.808,42.86,42.913,42.963,43.015,43.06,43.1,43.149,43.202,43.254,43.303,43.353,43.41,43.461,43.504,43.547,43.598,43.642,43.686,43.721,43.751,43.797,43.832,43.88,43.941,43.999,44.033,44.076,44.131,44.182,44.235,44.297,44.359,44.409,44.477,44.539,44.587,44.649,44.702,44.78,44.831,44.882,44.95,45.011,45.086,45.135,45.218,45.28,45.334,45.419,45.507,45.583,45.649,45.737,45.842,45.938,46.049,46.154,46.286,46.416,46.588,46.806,47.102,47.482,47.942,49.424
1074,LNP FP,37.868,39.229,39.836,40.181,40.487,40.627,40.762,40.855,40.976,41.08,41.155,41.254,41.353,41.442,41.512,41.586,41.659,41.736,41.793,41.876,41.958,42.03,42.083,42.146,42.191,42.251,42.308,42.356,42.42,42.47,42.528,42.575,42.638,42.695,42.739,42.801,42.846,42.897,42.947,42.999,43.052,43.108,43.155,43.207,43.241,43.305,43.341,43.377,43.424,43.466,43.524,43.568,43.62,43.673,43.709,43.751,43.788,43.849,43.899,43.944,43.99,44.03,44.08,44.136,44.189,44.242,44.297,44.354,44.395,44.467,44.534,44.586,44.635,44.684,44.732,44.799,44.858,44.943,45.003,45.073,45.124,45.183,45.236,45.305,45.384,45.472,45.549,45.637,45.735,45.84,45.939,46.023,46.151,46.267,46.397,46.567,46.76,47.027,47.413,47.92,49.274
1075,LNP FP,37.868,39.229,39.836,40.181,40.487,40.627,40.762,40.855,40.976,41.08,41.155,41.254,41.353,41.442,41.512,41.586,41.659,41.736,41.793,41.876,41.958,42.03,42.083,42.146,42.191,42.251,42.308,42.356,42.42,42.47,42.528,42.575,42.638,42.695,42.739,42.801,42.846,42.897,42.947,42.999,43.052,43.108,43.155,43.207,43.241,43.305,43.341,43.377,43.424,43.466,43.524,43.568,43.62,43.673,43.709,43.751,43.788,43.849,43.899,43.944,43.99,44.03,44.08,44.136,44.189,44.242,44.297,44.354,44.395,44.467,44.534,44.586,44.635,44.684,44.732,44.799,44.858,44.943,45.003,45.073,45.124,45.183,45.236,45.305,45.384,45.472,45.549,45.637,45.735,45.84,45.939,46.023,46.151,46.267,46.397,46.567,46.76,47.027,47.413,47.92,49.274
1076,LNP FP,37.818,39.332,39.797,40.159,40.433,40.616,40.744,40.866,40.963,41.074,41.169,41.257,41.353,41.451,41.51,41.582,41.639,41.727,41.783,41.836,41.919,41.989,42.057,42.116,42.181,42.244,42.289,42.333,42.386,42.456,42.507,42.557,42.605,42.682,42.741,42.789,42.836,42.876,42.933,42.988,43.047,43.101,43.15,43.191,43.227,43.271,43.326,43.371,43.411,43.458,43.499,43.549,43.605,43.65,43.686,43.725,43.791,43.84,43.9,43.967,44.007,44.063,44.111,44.143,44.201,44.251,44.316,44.371,44.427,44.477,44.529,44.58,44.637,44.688,44.75,44.799,44.852,44.916,44.969,45.033,45.091,45.16,45.216,45.284,45.371,45.433,45.501,45.561,45.653,45.752,45.836,45.95,46.073,46.228,46.352,46.535,46.791,47.025,47.378,47.857,49.165
1077,LNP FP,37.818,39.332,39.797,40.159,40.433,40.616,40.744,40.866,40.963,41.074,41.169,41.257,41.353,41.451,41.51,41.582,41.639,41.727,41.783,41.836,41.919,41.989,42.057,42.116,42.181,42.244,42.289,42.333,42.386,42.456,42.507,42.557,42.605,42.682,42.741,42.789,42.836,42.876,42.933,42.988,43.047,43.101,43.15,43.191,43.227,43.271,43.326,43.371,43.411,43.458,43.499,43.549,43.605,43.65,43.686,43.725,43.791,43.84,43.9,43.967,44.007,44.063,44.111,44.143,44.201,44.251,44.316,44.371,44.427,44.477,44.529,44.58,44.637,44.688,44.75,44.799,44.852,44.916,44.969,45.033,45.091,45.16,45.216,45.284,45.371,45.433,45.501,45.561,45.653,45.752,45.836,45.95,46.073,46.228,46.352,46.535,46.791,47.025,47.378,47.857,49.165
1078,LNP FP,37.93,39.267,39.901,40.163,40.384,40.573,40.732,40.874,40.966,41.063,41.14,41.23,41.316,41.411,41.487,41.579,41.652,41.72,41.786,41.853,41.936,41.998,42.05,42.109,42.172,42.234,42.312,42.387,42.437,42.484,42.528,42.583,42.637,42.683,42.737,42.787,42.828,42.882,42.92,42.961,43.002,43.05,43.1,43.153,43.205,43.245,43.299,43.353,43.408,43.462,43.513,43.552,43.601,43.64,43.69,43.729,43.765,43.809,43.844,43.879,43.931,43.957,44.007,44.068,44.134,44.195,44.269,44.324,44.382,44.447,44.504,44.545,44.593,44.65,44.694,44.772,44.819,44.873,44.947,44.989,45.048,45.107,45.193,45.267,45.327,45.394,45.452,45.54,45.632,45.712,45.816,45.901,46.038,46.154,46.313,46.535,46.78,47.001,47.262,47.806,49.271
1079,LNP FP,37.93,39.267,39.901,40.163,40.384,40.573,40.732,40.874,40.966,41.063,41.14,41.23,41.316,41.411,41.487,41.579,41.652,41.72,41.786,41.853,41.936,41.998,42.05,42.109,42.172,42.234,42.312,42.387,42.437,42.484,42.528,42.583,42.637,42.683,42.737,42.787,42.828,42.882,42.92,42.961,43.002,43.05,43.1,43.153,43.205,43.245,43.299,43.353,43.408,43.462,43.513,43.552,43.601,43.64,43.69,43.729,43.765,43.809,43.844,43.879,43.931,43.957,44.007,44.068,44.134,44.195,44.269,44.324,44.382,44.447,44.504,44.545,44.593,44.65,44.694,44.772,44.819,44.873,44.947,44.989,45.048,45.107,45.193,45.267,45.327,45.394,45.452,45.54,45.632,45.712,45.816,45.901,46.038,46.154,46.313,46.535,46.78,47.001,47.262,47.806,49.271
1080,LNP FP,37.889,39.328,39.953,40.181,40.387,40.557,40.713,40.866,40.987,41.083,41.207,41.302,41.368,41.434,41.52,41.601,41.668,41.737,41.798,41.864,41.939,42.004,42.057,42.106,42.171,42.223,42.267,42.328,42.38,42.431,42.492,42.544,42.626,42.697,42.761,42.804,42.865,42.903,42.952,43.006,43.044,43.077,43.122,43.162,43.205,43.255,43.305,43.347,43.393,43.437,43.488,43.546,43.594,43.637,43.71,43.764,43.795,43.838,43.879,43.921,43.957,44.004,44.059,44.111,44.161,44.214,44.259,44.29,44.34,44.385,44.443,44.498,44.557,44.609,44.652,44.73,44.781,44.845,44.898,44.95,45.016,45.103,45.167,45.221,45.291,45.362,45.421,45.51,45.579,45.666,45.762,45.861,45.996,46.134,46.295,46.515,46.725,46.966,47.176,47.733,49.281
1081,LNP FP,37.889,39.328,39.953,40.181,40.387,40.557,40.713,40.866,40.987,41.083,41.207,41.302,41.368,41.434,41.52,41.601,41.668,41.737,41.798,41.864,41.939,42.004,42.057,42.106,42.171,42.223,42.267,42.328,42.38,42.431,42.492,42.544,42.626,42.697,42.761,42.804,42.865,42.903,42.952,43.006,43.044,43.077,43.122,43.162,43.205,43.255,43.305,43.347,43.393,43.437,43.488,43.546,43.594,43.637,43.71,43.764,43.795,43.838,43.879,43.921,43.957,44.004,44.059,44.111,44.161,44.214,44.259,44.29,44.34,44.385,44.443,44.498,44.557,44.609,44.652,44.73,44.781,44.845,44.898,44.95,45.016,45.103,45.167,45.221,45.291,45.362,45.421,45.51,45.579,45.666,45.762,45.861,45.996,46.134,46.295,46.515,46.725,46.966,47.176,47.733,49.281
1082,LNP FP,37.867,39.383,39.876,40.172,40.4,40.556,40.734,40.869,40.996,41.081,41.195,41.282,41.364,41.461,41.553,41.613,41.682,41.731,41.8,41.859,41.943,42.016,42.059,42.114,42.175,42.246,42.311,42.358,42.416,42.45,42.504,42.559,42.605,42.675,42.724,42.785,42.822,42.863,42.928,42.972,43.023,43.054,43.108,43.151,43.203,43.244,43.278,43.33,43.386,43.43,43.495,43.547,43.586,43.623,43.681,43.718,43.752,43.795,43.851,43.901,43.962,44.012,44.045,44.093,44.164,44.212,44.254,44.296,44.342,44.387,44.464,44.519,44.57,44.616,44.678,44.737,44.798,44.856,44.909,44.97,45.032,45.105,45.142,45.202,45.274,45.339,45.411,45.491,45.582,45.657,45.732,45.837,45.958,46.086,46.241,46.418,46.606,46.901,47.194,47.672,49.134
1083,LNP FP,37.867,39.383,39.876,40.172,40.4,40.556,40.734,40.869,40.996,41.081,41.195,41.282,41.364,41.461,41.553,41.613,41.682,41.731,41.8,41.859,41.943,42.016,42.059,42.114,42.175,42.246,42.311,42.358,42.416,42.45,42.504,42.559,42.605,42.675,42.724,42.785,42.822,42.863,42.928,42.972,43.023,43.054,43.108,43.151,43.203,43.244,43.278,43.33,43.386,43.43,43.495,43.547,43.586,43.623,43.681,43.718,43.752,43.795,43.851,43.901,43.962,44.012,44.045,44.093,44.164,44.212,44.254,44.296,44.342,44.387,44.464,44.519,44.57,44.616,44.678,44.737,44.798,44.856,44.909,44.97,45.032,45.105,45.142,45.202,45.274,45.339,45.411,45.491,45.582,45.657,45.732,45.837,45.958,46.086,46.241,46.418,46.606,46.901,47.194,47.672,49.134
1084,LNP FP,38.282,39.356,39.882,40.186,40.434,40.59,40.756,40.861,40.933,41.046,41.129,41.25,41.381,41.468,41.536,41.609,41.674,41.732,41.809,41.874,41.928,41.995,42.062,42.11,42.17,42.219,42.264,42.315,42.35,42.399,42.446,42.511,42.58,42.616,42.672,42.721,42.795,42.844,42.892,42.925,42.979,43.034,43.081,43.123,43.164,43.219,43.267,43.305,43.358,43.4,43.456,43.492,43.545,43.579,43.621,43.668,43.721,43.759,43.807,43.851,43.91,43.955,44.008,44.048,44.089,44.138,44.17,44.23,44.294,44.371,44.432,44.491,44.538,44.597,44.643,44.685,44.74,44.798,44.855,44.902,44.986,45.044,45.088,45.141,45.207,45.291,45.357,45.475,45.541,45.653,45.743,45.852,45.94,46.063,46.236,46.406,46.584,46.783,47.023,47.572,49.056
1085,LNP FP,38.282,39.356,39.882,40.186,40.434,40.59,40.756,40.861,40.933,41.046,41.129,41.25,41.381,41.468,41.536,41.609,41.674,41.732,41.809,41.874,41.928,41.995,42.062,42.11,42.17,42.219,42.264,42.315,42.35,42.399,42.446,42.511,42.58,42.616,42.672,42.721,42.795,42.844,42.892,42.925,42.979,43.034,43.081,43.123,43.164,43.219,43.267,43.305,43.358,43.4,43.456,43.492,43.545,43.579,43.621,43.668,43.721,43.759,43.807,43.851,43.91,43.955,44.008,44.048,44.089,44.138,44.17,44.23,44.294,44.371,44.432,44.491,44.538,44.597,44.643,44.685,44.74,44.798,44.855,44.902,44.986,45.044,45.088,45.141,45.207,45.291,45.357,45.475,45.541,45.653,45.743,45.852,45.94,46.063,46.236,46.406,46.584,46.783,47.023,47.572,49.056
1086,LNP FP,38.051,39.396,39.878,40.173,40.409,40.564,40.74,40.864,41.011,41.103,41.227,41.32,41.415,41.494,41.555,41.619,41.66,41.731,41.803,41.867,41.952,42.03,42.094,42.147,42.186,42.235,42.293,42.34,42.392,42.451,42.49,42.539,42.587,42.643,42.688,42.73,42.776,42.823,42.861,42.907,42.962,43.01,43.057,43.105,43.155,43.196,43.235,43.285,43.327,43.367,43.407,43.454,43.496,43.536,43.583,43.631,43.676,43.733,43.78,43.836,43.893,43.942,43.994,44.036,44.07,44.123,44.166,44.204,44.252,44.307,44.362,44.4,44.462,44.524,44.575,44.654,44.709,44.765,44.818,44.874,44.913,44.973,45.038,45.124,45.177,45.241,45.329,45.42,45.501,45.592,45.679,45.776,45.91,46.042,46.178,46.319,46.502,46.796,47.056,47.547,49.106
1087,LNP FP,38.051,39.396,39.878,40.173,40.409,40.564,40.74,40.864,41.011,41.103,41.227,41.32,41.415,41.494,41.555,41.619,41.66,41.731,41.803,41.867,41.952,42.03,42.094,42.147,42.186,42.235,42.293,42.34,42.392,42.451,42.49,42.539,42.587,42.643,42.688,42.73,42.776,42.823,42.861,42.907,42.962,43.01,43.057,43.105,43.155,43.196,43.235,43.285,43.327,43.367,43.407,43.454,43.496,43.536,43.583,43.631,43.676,43.733,43.78,43.836,43.893,43.942,43.994,44.036,44.07,44.123,44.166,44.204,44.252,44.307,44.362,44.4,44.462,44.524,44.575,44.654,44.709,44.765,44.818,44.874,44.913,44.973,45.038,45.124,45.177,45.241,45.329,45.42,45.501,45.592,45.679,45.776,45.91,46.042,46.178,46.319,46.502,46.796,47.056,47.547,49.106
1088,LNP FP,38.223,39.476,39.87,40.146,40.389,40.572,40.752,40.885,40.983,41.098,41.182,41.284,41.368,41.472,41.528,41.599,41.65,41.736,41.811,41.88,41.949,42.009,42.072,42.127,42.187,42.23,42.281,42.321,42.378,42.422,42.484,42.527,42.591,42.627,42.684,42.726,42.778,42.826,42.869,42.9,42.961,43.011,43.05,43.09,43.143,43.185,43.223,43.273,43.315,43.357,43.394,43.439,43.512,43.564,43.605,43.64,43.675,43.717,43.751,43.795,43.866,43.897,43.941,43.984,44.028,44.069,44.109,44.153,44.209,44.264,44.32,44.362,44.41,44.457,44.514,44.575,44.646,44.696,44.762,44.831,44.887,44.954,45.007,45.063,45.138,45.231,45.307,45.394,45.477,45.578,45.689,45.801,45.922,46.037,46.152,46.315,46.53,46.716,46.97,47.51,48.948
1089,LNP FP,38.223,39.476,39.87,40.146,40.389,40.572,40.752,40.885,40.983,41.098,41.182,41.284,41.368,41.472,41.528,41.599,41.65,41.736,41.811,41.88,41.949,42.009,42.072,42.127,42.187,42.23,42.281,42.321,42.378,42.422,42.484,42.527,42.591,42.627,42.684,42.726,42.778,42.826,42.869,42.9,42.961,43.011,43.05,43.09,43.143,43.185,43.223,43.273,43.315,43.357,43.394,43.439,43.512,43.564,43.605,43.64,43.675,43.717,43.751,43.795,43.866,43.897,43.941,43.984,44.028,44.069,44.109,44.153,44.209,44.264,44.32,44.362,44.41,44.457,44.514,44.575,44.646,44.696,44.762,44.831,44.887,44.954,45.007,45.063,45.138,45.231,45.307,45.394,45.477,45.578,45.689,45.801,45.922,46.037,46.152,46.315,46.53,46.716,46.97,47.51,48.948
1090,LNP FP,38.299,39.372,39.865,40.165,40.415,40.572,40.699,40.84,40.975,41.107,41.17,41.274,41.334,41.417,41.513,41.577,41.646,41.721,41.78,41.84,41.914,41.97,42.037,42.099,42.134,42.181,42.247,42.303,42.359,42.398,42.461,42.494,42.552,42.609,42.673,42.735,42.776,42.843,42.9,42.933,42.971,43.025,43.061,43.103,43.152,43.188,43.215,43.249,43.291,43.334,43.382,43.426,43.47,43.518,43.551,43.605,43.642,43.697,43.73,43.777,43.816,43.847,43.889,43.946,43.984,44.031,44.078,44.124,44.169,44.217,44.252,44.29,44.341,44.387,44.423,44.488,44.554,44.616,44.668,44.728,44.812,44.898,44.958,45.039,45.14,45.221,45.273,45.351,45.449,45.529,45.649,45.744,45.848,46.004,46.134,46.254,46.401,46.629,47.009,47.565,48.798
1091,LNP FP,38.299,39.372,39.865,40.165,40.415,40.572,40.699,40.84,40.975,41.107,41.17,41.274,41.334,41.417,41.513,41.577,41.646,41.721,41.78,41.84,41.914,41.97,42.037,42.099,42.134,42.181,42.247,42.303,42.359,42.398,42.461,42.494,42.552,42.609,42.673,42.735,42.776,42.843,42.9,42.933,42.971,43.025,43.061,43.103,43.152,43.188,43.215,43.249,43.291,43.334,43.382,43.426,43.47,43.518,43.551,43.605,43.642,43.697,43.73,43.777,43.816,43.847,43.889,43.946,43.984,44.031,44.078,44.124,44.169,44.217,44.252,44.29,44.341,44.387,44.423,44.488,44.554,44.616,44.668,44.728,44.812,44.898,44.958,45.039,45.14,45.221,45.273,45.351,45.449,45.529,45.649,45.744,45.848,46.004,46.134,46.254,46.401,46.629,47.009,47.565,48.798
1092,LNP FP,38.286,39.319,39.913,40.212,40.404,40.572,40.719,40.863,40.956,41.078,41.171,41.258,41.336,41.408,41.526,41.586,41.649,41.715,41.775,41.828,41.89,41.956,42.018,42.075,42.133,42.176,42.218,42.268,42.322,42.387,42.446,42.488,42.552,42.612,42.671,42.709,42.771,42.824,42.878,42.915,42.966,43.005,43.049,43.087,43.115,43.168,43.201,43.246,43.285,43.335,43.383,43.419,43.455,43.497,43.528,43.572,43.606,43.653,43.697,43.731,43.76,43.795,43.836,43.888,43.928,43.966,44.014,44.071,44.116,44.172,44.223,44.28,44.332,44.378,44.426,44.479,44.536,44.615,44.676,44.755,44.812,44.867,44.931,45.004,45.094,45.171,45.247,45.325,45.417,45.535,45.593,45.68,45.774,45.894,46.017,46.185,46.372,46.539,46.954,47.526,48.81
1093,LNP FP,38.286,39.319,39.913,40.212,40.404,40.572,40.719,40.863,40.956,41.078,41.171,41.258,41.336,41.408,41.526,41.586,41.649,41.715,41.775,41.828,41.89,41.956,42.018,42.075,42.133,42.176,42.218,42.268,42.322,42.387,42.446,42.488,42.552,42.612,42.671,42.709,42.771,42.824,42.878,42.915,42.966,43.005,43.049,43.087,43.115,43.168,43.201,43.246,43.285,43.335,43.383,43.419,43.455,43.497,43.528,43.572,43.606,43.653,43.697,43.731,43.76,43.795,43.836,43.888,43.928,43.966,44.014,44.071,44.116,44.172,44.223,44.28,44.332,44.378,44.426,44.479,44.536,44.615,44.676,44.755,44.812,44.867,44.931,45.004,45.094,45.171,45.247,45.325,45.417,45.535,45.593,45.68,45.774,45.894,46.017,46.185,46.372,46.539,46.954,47.526,48.81
1094,LNP FP,38.37,39.354,39.888,40.181,40.407,40.603,40.751,40.867,40.978,41.098,41.195,41.28,41.347,41.424,41.507,41.574,41.636,41.711,41.774,41.84,41.898,41.951,42.008,42.071,42.128,42.178,42.233,42.279,42.327,42.368,42.416,42.459,42.507,42.571,42.621,42.668,42.705,42.766,42.815,42.867,42.921,42.963,43.01,43.052,43.104,43.148,43.182,43.21,43.247,43.289,43.332,43.379,43.413,43.451,43.493,43.539,43.58,43.631,43.681,43.72,43.759,43.792,43.85,43.894,43.929,43.969,44.008,44.053,44.114,44.152,44.197,44.248,44.309,44.359,44.409,44.462,44.515,44.575,44.628,44.687,44.763,44.835,44.893,44.967,45.046,45.106,45.177,45.256,45.345,45.423,45.515,45.623,45.735,45.874,46.029,46.12,46.294,46.546,46.833,47.452,49.016
1095,LNP FP,38.37,39.354,39.888,40.181,40.407,40.603,40.751,40.867,40.978,41.098,41.195,41.28,41.347,41.424,41.507,41.574,41.636,41.711,41.774,41.84,41.898,41.951,42.008,42.071,42.128,42.178,42.233,42.279,42.327,42.368,42.416,42.459,42.507,42.571,42.621,42.668,42.705,42.766,42.815,42.867,42.921,42.963,43.01,43.052,43.104,43.148,43.182,43.21,43.247,43.289,43.332,43.379,43.413,43.451,43.493,43.539,43.58,43.631,43.681,43.72,43.759,43.792,43.85,43.894,43.929,43.969,44.008,44.053,44.114,44.152,44.197,44.248,44.309,44.359,44.409,44.462,44.515,44.575,44.628,44.687,44.763,44.835,44.893,44.967,45.046,45.106,45.177,45.256,45.345,45.423,45.515,45.623,45.735,45.874,46.029,46.12,46.294,46.546,46.833,47.452,49.016
1096,LNP FP,38.056,39.356,39.829,40.225,40.432,40.606,40.766,40.896,40.977,41.096,41.18,41.283,41.367,41.426,41.482,41.548,41.626,41.688,41.764,41.822,41.88,41.934,41.997,42.061,42.109,42.159,42.214,42.249,42.316,42.361,42.414,42.47,42.53,42.578,42.62,42.66,42.705,42.75,42.794,42.837,42.876,42.914,42.958,43.011,43.051,43.1,43.16,43.197,43.232,43.264,43.302,43.346,43.403,43.449,43.485,43.522,43.559,43.595,43.64,43.684,43.73,43.759,43.8,43.843,43.892,43.941,43.996,44.04,44.093,44.137,44.191,44.234,44.279,44.325,44.388,44.436,44.499,44.559,44.626,44.672,44.72,44.79,44.845,44.917,44.965,45.057,45.149,45.208,45.296,45.365,45.464,45.563,45.675,45.804,45.907,46.059,46.232,46.426,46.737,47.458,48.759
1097,LNP FP,38.056,39.356,39.829,40.225,40.432,40.606,40.766,40.896,40.977,41.096,41.18,41.283,41.367,41.426,41.482,41.548,41.626,41.688,41.764,41.822,41.88,41.934,41.997,42.061,42.109,42.159,42.214,42.249,42.316,42.361,42.414,42.47,42.53,42.578,42.62,42.66,42.705,42.75,42.794,42.837,42.876,42.914,42.958,43.011,43.051,43.1,43.16,43.197,43.232,43.264,43.302,43.346,43.403,43.449,43.485,43.522,43.559,43.595,43.64,43.684,43.73,43.759,43.8,43.843,43.892,43.941,43.996,44.04,44.093,44.137,44.191,44.234,44.279,44.325,44.388,44.436,44.499,44.559,44.626,44.672,44.72,44.79,44.845,44.917,44.965,45.057,45.149,45.208,45.296,45.365,45.464,45.563,45.675,45.804,45.907,46.059,46.232,46.426,46.737,47.458,48.759
1098,LNP FP,38.153,39.34,39.879,40.196,40.419,40.569,40.735,40.868,40.964,41.067,41.142,41.259,41.337,41.431,41.493,41.588,41.669,41.75,41.805,41.891,41.938,41.977,42.041,42.088,42.135,42.192,42.249,42.3,42.346,42.382,42.428,42.46,42.509,42.578,42.617,42.649,42.695,42.733,42.772,42.813,42.858,42.9,42.953,43.004,43.046,43.101,43.151,43.198,43.245,43.294,43.322,43.369,43.407,43.449,43.481,43.513,43.553,43.592,43.635,43.683,43.721,43.778,43.813,43.852,43.905,43.951,44.002,44.039,44.085,44.13,44.165,44.223,44.268,44.319,44.365,44.424,44.495,44.551,44.591,44.662,44.714,44.751,44.805,44.86,44.928,44.991,45.066,45.13,45.201,45.273,45.368,45.47,45.607,45.727,45.863,45.971,46.133,46.355,46.689,47.345,48.5
1099,LNP FP,38.153,39.34,39.879,40.196,40.419,40.569,40.735,40.868,40.964,41.067,41.142,41.259,41.337,41.431,41.493,41.588,41.669,41.75,41.805,41.891,41.938,41.977,42.041,42.088,42.135,42.192,42.249,42.3,42.346,42.382,42.428,42.46,42.509,42.578,42.617,42.649,42.695,42.733,42.772,42.813,42.858,42.9,42.953,43.004,43.046,43.101,43.151,43.198,43.245,43.294,43.322,43.369,43.407,43.449,43.481,43.513,43.553,43.592,43.635,43.683,43.721,43.778,43.813,43.852,43.905,43.951,44.002,44.039,44.085,44.13,44.165,44.223,44.268,44.319,44.365,44.424,44.495,44.551,44.591,44.662,44.714,44.751,44.805,44.86,44.928,44.991,45.066,45.13,45.201,45.273,45.368,45.47,45.607,45.727,45.863,45.971,46.133,46.355,46.689,47.345,48.5
1100,LNP FP,38.118,39.391,39.834,40.162,40.354,40.595,40.705,40.83,40.935,41.043,41.157,41.25,41.319,41.398,41.471,41.564,41.659,41.717,41.787,41.832,41.883,41.946,42.008,42.063,42.123,42.181,42.251,42.296,42.349,42.399,42.446,42.492,42.533,42.588,42.633,42.666,42.707,42.747,42.786,42.823,42.874,42.907,42.942,42.986,43.029,43.067,43.105,43.156,43.187,43.238,43.277,43.322,43.371,43.415,43.467,43.513,43.544,43.591,43.628,43.662,43.706,43.751,43.809,43.851,43.898,43.948,43.989,44.033,44.067,44.115,44.156,44.21,44.249,44.305,44.354,44.394,44.434,44.488,44.538,44.603,44.665,44.726,44.776,44.821,44.871,44.933,44.989,45.066,45.136,45.239,45.319,45.391,45.494,45.627,45.766,45.879,46.122,46.41,46.666,47.185,48.539
1101,LNP FP,38.118,39.391,39.834,40.162,40.354,40.595,40.705,40.83,40.935,41.043,41.157,41.25,41.319,41.398,41.471,41.564,41.659,41.717,41.787,41.832,41.883,41.946,42.008,42.063,42.123,42.181,42.251,42.296,42.349,42.399,42.446,42.492,42.533,42.588,42.633,42.666,42.707,42.747,42.786,42.823,42.874,42.907,42.942,42.986,43.029,43.067,43.105,43.156,43.187,43.238,43.277,43.322,43.371,43.415,43.467,43.513,43.544,43.591,43.628,43.662,43.706,43.751,43.809,43.851,43.898,43.948,43.989,44.033,44.067,44.115,44.156,44.21,44.249,44.305,44.354,44.394,44.434,44.488,44.538,44.603,44.665,44.726,44.776,44.821,44.871,44.933,44.989,45.066,45.136,45.239,45.319,45.391,45.494,45.627,45.766,45.879,46.122,46.41,46.666,47.185,48.539
1102,LNP FP,38.269,39.458,39.86,40.167,40.408,40.602,40.734,40.851,40.976,41.063,41.16,41.236,41.326,41.398,41.48,41.541,41.619,41.695,41.782,41.835,41.901,41.961,42.017,42.083,42.146,42.221,42.262,42.306,42.343,42.375,42.412,42.458,42.498,42.554,42.588,42.643,42.68,42.731,42.769,42.824,42.865,42.907,42.947,42.985,43.039,43.078,43.109,43.142,43.185,43.228,43.263,43.316,43.356,43.404,43.432,43.479,43.522,43.565,43.602,43.647,43.679,43.733,43.778,43.819,43.868,43.905,43.938,43.991,44.026,44.06,44.117,44.154,44.194,44.229,44.271,44.315,44.385,44.447,44.519,44.568,44.626,44.685,44.742,44.793,44.861,44.927,44.978,45.073,45.133,45.193,45.241,45.34,45.43,45.542,45.655,45.851,46.036,46.397,46.631,47.231,48.459
1103,LNP FP,38.269,39.458,39.86,40.167,40.408,40.602,40.734,40.851,40.976,41.063,41.16,41.236,41.326,41.398,41.48,41.541,41.619,41.695,41.782,41.835,41.901,41.961,42.017,42.083,42.146,42.221,42.262,42.306,42.343,42.375,42.412,42.458,42.498,42.554,42.588,42.643,42.68,42.731,42.769,42.824,42.865,42.907,42.947,42.985,43.039,43.078,43.109,43.142,43.185,43.228,43.263,43.316,43.356,43.404,43.432,43.479,43.522,43.565,43.602,43.647,43.679,43.733,43.778,43.819,43.868,43.905,43.938,43.991,44.026,44.06,44.117,44.154,44.194,44.229,44.271,44.315,44.385,44.447,44.519,44.568,44.626,44.685,44.742,44.793,44.861,44.927,44.978,45.073,45.133,45.193,45.241,45.34,45.43,45.542,45.655,45.851,46.036,46.397,46.631,47.231,48.459
1104,LNP FP,38.156,39.473,39.844,40.196,40.419,40.627,40.757,40.856,40.963,41.063,41.168,41.241,41.306,41.393,41.477,41.539,41.603,41.683,41.742,41.827,41.906,41.98,42.026,42.076,42.125,42.176,42.222,42.261,42.319,42.393,42.431,42.466,42.502,42.558,42.595,42.638,42.69,42.728,42.773,42.811,42.847,42.888,42.92,42.963,42.996,43.032,43.074,43.111,43.163,43.204,43.261,43.301,43.341,43.396,43.433,43.468,43.502,43.553,43.582,43.62,43.662,43.703,43.745,43.785,43.823,43.855,43.908,43.953,43.991,44.031,44.078,44.11,44.161,44.207,44.273,44.319,44.365,44.435,44.486,44.543,44.591,44.668,44.71,44.759,44.804,44.89,44.961,45.01,45.066,45.13,45.203,45.303,45.375,45.484,45.617,45.79,46.013,46.277,46.616,47.247,48.339
1105,LNP FP,38.156,39.473,39.844,40.196,40.419,40.627,40.757,40.856,40.963,41.063,41.168,41.241,41.306,41.393,41.477,41.539,41.603,41.683,41.742,41.827,41.906,41.98,42.026,42.076,42.125,42.176,42.222,42.261,42.319,42.393,42.431,42.466,42.502,42.558,42.595,42.638,42.69,42.728,42.773,42.811,42.847,42.888,42.92,42.963,42.996,43.032,43.074,43.111,43.163,43.204,43.261,43.301,43.341,43.396,43.433,43.468,43.502,43.553,43.582,43.62,43.662,43.703,43.745,43.785,43.823,43.855,43.908,43.953,43.991,44.031,44.078,44.11,44.161,44.207,44.273,44.319,44.365,44.435,44.486,44.543,44.591,44.668,44.71,44.759,44.804,44.89,44.961,45.01,45.066,45.13,45.203,45.303,45.375,45.484,45.617,45.79,46.013,46.277,46.616,47.247,48.339
1106,LNP FP,37.994,39.428,39.843,40.114,40.41,40.604,40.747,40.889,41.012,41.097,41.197,41.267,41.36,41.438,41.523,41.587,41.644,41.691,41.756,41.829,41.877,41.96,42.023,42.077,42.115,42.192,42.238,42.286,42.323,42.357,42.401,42.431,42.479,42.535,42.58,42.628,42.663,42.731,42.767,42.798,42.836,42.868,42.921,42.962,43.012,43.044,43.072,43.102,43.148,43.184,43.227,43.284,43.313,43.342,43.383,43.42,43.451,43.489,43.526,43.579,43.616,43.659,43.696,43.741,43.782,43.825,43.851,43.905,43.95,44.02,44.065,44.104,44.149,44.192,44.25,44.288,44.335,44.385,44.436,44.48,44.552,44.608,44.656,44.702,44.759,44.839,44.912,44.961,45.019,45.092,45.169,45.258,45.371,45.507,45.63,45.755,45.963,46.194,46.409,47.039,48.083
1107,LNP FP,37.994,39.428,39.843,40.114,40.41,40.604,40.747,40.889,41.012,41.097,41.197,41.267,41.36,41.438,41.523,41.587,41.644,41.691,41.756,41.829,41.877,41.96,42.023,42.077,42.115,42.192,42.238,42.286,42.323,42.357,42.401,42.431,42.479,42.535,42.58,42.628,42.663,42.731,42.767,42.798,42.836,42.868,42.921,42.962,43.012,43.044,43.072,43.102,43.148,43.184,43.227,43.284,43.313,43.342,43.383,43.42,43.451,43.489,43.526,43.579,43.616,43.659,43.696,43.741,43.782,43.825,43.851,43.905,43.95,44.02,44.065,44.104,44.149,44.192,44.25,44.288,44.335,44.385,44.436,44.48,44.552,44.608,44.656,44.702,44.759,44.839,44.912,44.961,45.019,45.092,45.169,45.258,45.371,45.507,45.63,45.755,45.963,46.194,46.409,47.039,48.083
1108,LNP FP,38.408,39.455,39.825,40.105,40.375,40.554,40.721,40.902,41.038,41.131,41.215,41.299,41.388,41.475,41.555,41.621,41.673,41.727,41.778,41.833,41.893,41.946,42.0,42.049,42.112,42.165,42.218,42.257,42.309,42.363,42.399,42.446,42.485,42.538,42.575,42.615,42.659,42.707,42.756,42.794,42.838,42.865,42.899,42.94,42.971,43.009,43.045,43.077,43.125,43.173,43.21,43.254,43.283,43.325,43.361,43.393,43.432,43.463,43.497,43.525,43.584,43.648,43.685,43.727,43.77,43.836,43.891,43.927,43.987,44.023,44.069,44.103,44.139,44.182,44.228,44.283,44.328,44.369,44.41,44.456,44.51,44.561,44.609,44.665,44.724,44.774,44.831,44.906,44.979,45.066,45.14,45.213,45.293,45.401,45.548,45.688,45.898,46.116,46.407,46.824,48.301
1109,LNP FP,38.408,39.455,39.825,40.105,40.375,40.554,40.721,40.902,41.038,41.131,41.215,41.299,41.388,41.475,41.555,41.621,41.673,41.727,41.778,41.833,41.893,41.946,42.0,42.049,42.112,42.165,42.218,42.257,42.309,42.363,42.399,42.446,42.485,42.538,42.575,42.615,42.659,42.707,42.756,42.794,42.838,42.865,42.899,42.94,42.971,43.009,43.045,43.077,43.125,43.173,43.21,43.254,43.283,43.325,43.361,43.393,43.432,43.463,43.497,43.525,43.584,43.648,43.685,43.727,43.77,43.836,43.891,43.927,43.987,44.023,44.069,44.103,44.139,44.182,44.228,44.283,44.328,44.369,44.41,44.456,44.51,44.561,44.609,44.665,44.724,44.774,44.831,44.906,44.979,45.066,45.14,45.213,45.293,45.401,45.548,45.688,45.898,46.116,46.407,46.824,48.301
1110,LNP FP,38.185,39.455,39.909,40.179,40.434,40.617,40.785,40.886,41.033,41.148,41.239,41.337,41.393,41.468,41.545,41.601,41.675,41.726,41.802,41.852,41.897,41.964,42.011,42.05,42.111,42.155,42.205,42.252,42.3,42.352,42.396,42.438,42.472,42.513,42.546,42.581,42.629,42.674,42.724,42.761,42.792,42.828,42.866,42.908,42.945,42.981,43.028,43.083,43.134,43.167,43.195,43.231,43.269,43.308,43.345,43.383,43.428,43.466,43.517,43.553,43.591,43.638,43.677,43.716,43.765,43.816,43.864,43.903,43.945,43.982,44.023,44.067,44.115,44.152,44.187,44.235,44.268,44.307,44.348,44.409,44.468,44.519,44.566,44.632,44.684,44.755,44.814,44.888,44.958,45.036,45.115,45.199,45.283,45.376,45.514,45.654,45.834,46.079,46.411,46.8,48.027
1111,LNP FP,38.185,39.455,39.909,40.179,40.434,40.617,40.785,40.886,41.033,41.148,41.239,41.337,41.393,41.468,41.545,41.601,41.675,41.726,41.802,41.852,41.897,41.964,42.011,42.05,42.111,42.155,42.205,42.252,42.3,42.352,42.396,42.438,42.472,42.513,42.546,42.581,42.629,42.674,42.724,42.761,42.792,42.828,42.866,42.908,42.945,42.981,43.028,43.083,43.134,43.167,43.195,43.231,43.269,43.308,43.345,43.383,43.428,43.466,43.517,43.553,43.591,43.638,43.677,43.716,43.765,43.816,43.864,43.903,43.945,43.982,44.023,44.067,44.115,44.152,44.187,44.235,44.268,44.307,44.348,44.409,44.468,44.519,44.566,44.632,44.684,44.755,44.814,44.888,44.958,45.036,45.115,45.199,45.283,45.376,45.514,45.654,45.834,46.079,46.411,46.8,48.027
1112,LNP FP,37.858,39.455,39.944,40.294,40.492,40.647,40.791,40.91,41.029,41.122,41.24,41.32,41.404,41.467,41.543,41.607,41.669,41.707,41.754,41.796,41.863,41.926,41.979,42.026,42.083,42.145,42.18,42.223,42.267,42.307,42.354,42.406,42.445,42.473,42.51,42.556,42.593,42.646,42.688,42.737,42.784,42.824,42.857,42.895,42.928,42.962,43.026,43.063,43.093,43.132,43.182,43.231,43.273,43.309,43.354,43.401,43.438,43.473,43.521,43.57,43.603,43.629,43.666,43.7,43.747,43.802,43.842,43.893,43.931,43.965,44.008,44.048,44.071,44.114,44.158,44.205,44.247,44.306,44.35,44.398,44.445,44.504,44.553,44.594,44.642,44.691,44.746,44.829,44.911,44.991,45.052,45.135,45.252,45.358,45.475,45.581,45.768,46.043,46.274,46.765,47.978
1113,LNP FP,37.858,39.455,39.944,40.294,40.492,40.647,40.791,40.91,41.029,41.122,41.24,41.32,41.404,41.467,41.543,41.607,41.669,41.707,41.754,41.796,41.863,41.926,41.979,42.026,42.083,42.145,42.18,42.223,42.267,42.307,42.354,42.406,42.445,42.473,42.51,42.556,42.593,42.646,42.688,42.737,42.784,42.824,42.857,42.895,42.928,42.962,43.026,43.063,43.093,43.132,43.182,43.231,43.273,43.309,43.354,43.401,43.438,43.473,43.521,43.57,43.603,43.629,43.666,43.7,43.747,43.802,43.842,43.893,43.931,43.965,44.008,44.048,44.071,44.114,44.158,44.205,44.247,44.306,44.35,44.398,44.445,44.504,44.553,44.594,44.642,44.691,44.746,44.829,44.911,44.991,45.052,45.135,45.252,45.358,45.475,45.581,45.768,46.043,46.274,46.765,47.978
1114,LNP FP,38.068,39.528,39.971,40.268,40.493,40.697,40.857,40.93,41.078,41.16,41.234,41.304,41.368,41.435,41.498,41.575,41.646,41.713,41.754,41.821,41.873,41.925,41.988,42.039,42.081,42.125,42.18,42.223,42.267,42.309,42.354,42.401,42.449,42.495,42.529,42.571,42.599,42.656,42.703,42.753,42.796,42.828,42.867,42.903,42.949,42.992,43.026,43.058,43.09,43.125,43.159,43.199,43.244,43.284,43.317,43.355,43.399,43.433,43.477,43.503,43.535,43.564,43.616,43.666,43.713,43.756,43.797,43.832,43.871,43.91,43.955,43.999,44.04,44.071,44.117,44.17,44.221,44.255,44.305,44.333,44.385,44.424,44.473,44.518,44.57,44.648,44.714,44.788,44.87,44.961,45.043,45.148,45.24,45.337,45.447,45.592,45.737,45.933,46.266,46.64,47.666
1115,LNP FP,38.068,39.528,39.971,40.268,40.493,40.697,40.857,40.93,41.078,41.16,41.234,41.304,41.368,41.435,41.498,41.575,41.646,41.713,41.754,41.821,41.873,41.925,41.988,42.039,42.081,42.125,42.18,42.223,42.267,42.309,42.354,42.401,42.449,42.495,42.529,42.571,42.599,42.656,42.703,42.753,42.796,42.828,42.867,42.903,42.949,42.992,43.026,43.058,43.09,43.125,43.159,43.199,43.244,43.284,43.317,43.355,43.399,43.433,43.477,43.503,43.535,43.564,43.616,43.666,43.713,43.756,43.797,43.832,43.871,43.91,43.955,43.999,44.04,44.071,44.117,44.17,44.221,44.255,44.305,44.333,44.385,44.424,44.473,44.518,44.57,44.648,44.714,44.788,44.87,44.961,45.043,45.148,45.24,45.337,45.447,45.592,45.737,45.933,46.266,46.64,47.666
1116,LNP FP,37.666,39.465,40.035,40.384,40.561,40.74,40.869,40.961,41.077,41.148,41.215,41.311,41.412,41.481,41.559,41.61,41.655,41.706,41.758,41.802,41.853,41.909,41.954,42.014,42.061,42.114,42.171,42.217,42.255,42.3,42.338,42.397,42.439,42.468,42.515,42.561,42.6,42.635,42.672,42.717,42.75,42.778,42.811,42.856,42.895,42.932,42.975,43.029,43.06,43.102,43.149,43.177,43.208,43.24,43.285,43.325,43.368,43.395,43.442,43.483,43.526,43.561,43.608,43.637,43.677,43.716,43.753,43.793,43.834,43.885,43.93,43.958,44.003,44.046,44.096,44.139,44.181,44.218,44.269,44.315,44.36,44.418,44.456,44.499,44.548,44.624,44.701,44.753,44.825,44.9,44.98,45.087,45.185,45.298,45.43,45.511,45.653,45.875,46.147,46.597,47.547
1117,LNP FP,37.666,39.465,40.035,40.384,40.561,40.74,40.869,40.961,41.077,41.148,41.215,41.311,41.412,41.481,41.559,41.61,41.655,41.706,41.758,41.802,41.853,41.909,41.954,42.014,42.061,42.114,42.171,42.217,42.255,42.3,42.338,42.397,42.439,42.468,42.515,42.561,42.6,42.635,42.672,42.717,42.75,42.778,42.811,42.856,42.895,42.932,42.975,43.029,43.06,43.102,43.149,43.177,43.208,43.24,43.285,43.325,43.368,43.395,43.442,43.483,43.526,43.561,43.608,43.637,43.677,43.716,43.753,43.793,43.834,43.885,43.93,43.958,44.003,44.046,44.096,44.139,44.181,44.218,44.269,44.315,44.36,44.418,44.456,44.499,44.548,44.624,44.701,44.753,44.825,44.9,44.98,45.087,45.185,45.298,45.43,45.511,45.653,45.875,46.147,46.597,47.547
1118,LNP FP,38.372,39.614,40.113,40.351,40.575,40.729,40.889,40.988,41.06,41.17,41.249,41.328,41.395,41.47,41.544,41.605,41.665,41.74,41.791,41.851,41.895,41.934,41.984,42.048,42.081,42.133,42.167,42.206,42.241,42.272,42.308,42.382,42.425,42.47,42.509,42.558,42.599,42.632,42.678,42.705,42.746,42.78,42.809,42.849,42.891,42.93,42.969,43.005,43.048,43.09,43.133,43.166,43.203,43.236,43.269,43.297,43.329,43.36,43.39,43.435,43.479,43.512,43.545,43.591,43.629,43.678,43.721,43.758,43.798,43.848,43.894,43.927,43.97,44.001,44.042,44.086,44.145,44.2,44.234,44.28,44.337,44.376,44.419,44.476,44.548,44.604,44.666,44.718,44.79,44.852,44.931,45.051,45.14,45.226,45.341,45.475,45.605,45.756,46.042,46.498,47.464
1119,LNP FP,38.372,39.614,40.113,40.351,40.575,40.729,40.889,40.988,41.06,41.17,41.249,41.328,41.395,41.47,41.544,41.605,41.665,41.74,41.791,41.851,41.895,41.934,41.984,42.048,42.081,42.133,42.167,42.206,42.241,42.272,42.308,42.382,42.425,42.47,42.509,42.558,42.599,42.632,42.678,42.705,42.746,42.78,42.809,42.849,42.891,42.93,42.969,43.005,43.048,43.09,43.133,43.166,43.203,43.236,43.269,43.297,43.329,43.36,43.39,43.435,43.479,43.512,43.545,43.591,43.629,43.678,43.721,43.758,43.798,43.848,43.894,43.927,43.97,44.001,44.042,44.086,44.145,44.2,44.234,44.28,44.337,44.376,44.419,44.476,44.548,44.604,44.666,44.718,44.79,44.852,44.931,45.051,45.14,45.226,45.341,45.475,45.605,45.756,46.042,46.498,47.464
1120,LNP FP,38.305,39.609,40.111,40.423,40.646,40.827,40.925,41.075,41.155,41.226,41.306,41.38,41.441,41.513,41.577,41.648,41.697,41.76,41.817,41.878,41.921,41.975,42.025,42.061,42.104,42.145,42.196,42.239,42.285,42.326,42.37,42.403,42.44,42.479,42.514,42.549,42.587,42.629,42.662,42.693,42.721,42.754,42.798,42.841,42.882,42.922,42.948,42.985,43.023,43.065,43.093,43.125,43.153,43.19,43.219,43.26,43.296,43.337,43.387,43.427,43.488,43.522,43.558,43.583,43.626,43.658,43.687,43.715,43.755,43.797,43.838,43.879,43.917,43.949,44.003,44.034,44.075,44.13,44.184,44.238,44.288,44.326,44.376,44.435,44.477,44.541,44.611,44.668,44.733,44.791,44.874,44.95,45.054,45.13,45.26,45.399,45.509,45.684,45.951,46.357,47.629
1121,LNP FP,38.305,39.609,40.111,40.423,40.646,40.827,40.925,41.075,41.155,41.226,41.306,41.38,41.441,41.513,41.577,41.648,41.697,41.76,41.817,41.878,41.921,41.975,42.025,42.061,42.104,42.145,42.196,42.239,42.285,42.326,42.37,42.403,42.44,42.479,42.514,42.549,42.587,42.629,42.662,42.693,42.721,42.754,42.798,42.841,42.882,42.922,42.948,42.985,43.023,43.065,43.093,43.125,43.153,43.19,43.219,43.26,43.296,43.337,43.387,43.427,43.488,43.522,43.558,43.583,43.626,43.658,43.687,43.715,43.755,43.797,43.838,43.879,43.917,43.949,44.003,44.034,44.075,44.13,44.184,44.238,44.288,44.326,44.376,44.435,44.477,44.541,44.611,44.668,44.733,44.791,44.874,44.95,45.054,45.13,45.26,45.399,45.509,45.684,45.951,46.357,47.629
1122,LNP FP,38.675,39.764,40.257,40.511,40.697,40.841,40.966,41.074,41.176,41.236,41.32,41.378,41.453,41.511,41.579,41.638,41.709,41.791,41.847,41.883,41.942,41.995,42.039,42.082,42.112,42.169,42.205,42.232,42.283,42.317,42.368,42.409,42.448,42.483,42.522,42.556,42.61,42.642,42.672,42.705,42.74,42.767,42.798,42.83,42.856,42.882,42.921,42.965,43.023,43.051,43.08,43.111,43.146,43.176,43.215,43.253,43.283,43.323,43.352,43.391,43.423,43.449,43.489,43.526,43.557,43.601,43.642,43.675,43.719,43.759,43.799,43.846,43.88,43.916,43.96,44.007,44.053,44.103,44.139,44.189,44.255,44.306,44.348,44.403,44.464,44.538,44.579,44.644,44.729,44.806,44.859,44.95,45.026,45.124,45.217,45.301,45.452,45.614,45.886,46.279,47.23
1123,LNP FP,38.675,39.764,40.257,40.511,40.697,40.841,40.966,41.074,41.176,41.236,41.32,41.378,41.453,41.511,41.579,41.638,41.709,41.791,41.847,41.883,41.942,41.995,42.039,42.082,42.112,42.169,42.205,42.232,42.283,42.317,42.368,42.409,42.448,42.483,42.522,42.556,42.61,42.642,42.672,42.705,42.74,42.767,42.798,42.83,42.856,42.882,42.921,42.965,43.023,43.051,43.08,43.111,43.146,43.176,43.215,43.253,43.283,43.323,43.352,43.391,43.423,43.449,43.489,43.526,43.557,43.601,43.642,43.675,43.719,43.759,43.799,43.846,43.88,43.916,43.96,44.007,44.053,44.103,44.139,44.189,44.255,44.306,44.348,44.403,44.464,44.538,44.579,44.644,44.729,44.806,44.859,44.95,45.026,45.124,45.217,45.301,45.452,45.614,45.886,46.279,47.23
1124,LNP FP,38.743,39.78,40.315,40.521,40.667,40.824,40.944,41.027,41.113,41.2,41.303,41.371,41.449,41.525,41.585,41.661,41.727,41.788,41.841,41.88,41.931,41.987,42.033,42.082,42.123,42.169,42.221,42.251,42.303,42.34,42.371,42.409,42.436,42.474,42.515,42.549,42.584,42.62,42.662,42.689,42.72,42.75,42.775,42.82,42.857,42.888,42.929,42.963,42.994,43.026,43.058,43.083,43.122,43.157,43.191,43.223,43.246,43.28,43.31,43.332,43.363,43.4,43.441,43.485,43.54,43.575,43.619,43.662,43.692,43.739,43.78,43.826,43.862,43.907,43.946,43.978,44.028,44.085,44.128,44.175,44.218,44.271,44.31,44.355,44.409,44.473,44.524,44.591,44.646,44.71,44.791,44.875,44.991,45.076,45.156,45.242,45.378,45.55,45.804,46.183,47.146
1125,LNP FP,38.743,39.78,40.315,40.521,40.667,40.824,40.944,41.027,41.113,41.2,41.303,41.371,41.449,41.525,41.585,41.661,41.727,41.788,41.841,41.88,41.931,41.987,42.033,42.082,42.123,42.169,42.221,42.251,42.303,42.34,42.371,42.409,42.436,42.474,42.515,42.549,42.584,42.62,42.662,42.689,42.72,42.75,42.775,42.82,42.857,42.888,42.929,42.963,42.994,43.026,43.058,43.083,43.122,43.157,43.191,43.223,43.246,43.28,43.31,43.332,43.363,43.4,43.441,43.485,43.54,43.575,43.619,43.662,43.692,43.739,43.78,43.826,43.862,43.907,43.946,43.978,44.028,44.085,44.128,44.175,44.218,44.271,44.31,44.355,44.409,44.473,44.524,44.591,44.646,44.71,44.791,44.875,44.991,45.076,45.156,45.242,45.378,45.55,45.804,46.183,47.146
1126,LNP FP,38.194,39.88,40.262,40.5,40.694,40.816,40.975,41.073,41.148,41.225,41.293,41.377,41.469,41.521,41.598,41.655,41.74,41.793,41.839,41.886,41.938,41.985,42.022,42.062,42.106,42.148,42.192,42.233,42.268,42.304,42.35,42.398,42.433,42.468,42.518,42.561,42.593,42.626,42.66,42.685,42.712,42.751,42.786,42.81,42.839,42.864,42.896,42.93,42.964,42.99,43.013,43.05,43.092,43.127,43.163,43.198,43.232,43.259,43.307,43.345,43.38,43.423,43.461,43.509,43.543,43.574,43.611,43.643,43.683,43.721,43.75,43.802,43.829,43.861,43.902,43.934,43.981,44.029,44.072,44.113,44.159,44.217,44.264,44.312,44.349,44.408,44.459,44.521,44.575,44.664,44.731,44.801,44.896,44.959,45.048,45.169,45.307,45.519,45.743,46.034,47.132
1127,LNP FP,38.194,39.88,40.262,40.5,40.694,40.816,40.975,41.073,41.148,41.225,41.293,41.377,41.469,41.521,41.598,41.655,41.74,41.793,41.839,41.886,41.938,41.985,42.022,42.062,42.106,42.148,42.192,42.233,42.268,42.304,42.35,42.398,42.433,42.468,42.518,42.561,42.593,42.626,42.66,42.685,42.712,42.751,42.786,42.81,42.839,42.864,42.896,42.93,42.964,42.99,43.013,43.05,43.092,43.127,43.163,43.198,43.232,43.259,43.307,43.345,43.38,43.423,43.461,43.509,43.543,43.574,43.611,43.643,43.683,43.721,43.75,43.802,43.829,43.861,43.902,43.934,43.981,44.029,44.072,44.113,44.159,44.217,44.264,44.312,44.349,44.408,44.459,44.521,44.575,44.664,44.731,44.801,44.896,44.959,45.048,45.169,45.307,45.519,45.743,46.034,47.132
1128,LNP FP,38.438,39.858,40.201,40.477,40.632,40.778,40.942,41.032,41.126,41.222,41.298,41.368,41.43,41.509,41.581,41.622,41.683,41.743,41.799,41.848,41.904,41.954,41.991,42.032,42.075,42.111,42.171,42.214,42.257,42.297,42.336,42.373,42.398,42.434,42.467,42.503,42.529,42.553,42.592,42.634,42.676,42.728,42.757,42.784,42.816,42.846,42.871,42.908,42.94,42.967,43.006,43.049,43.075,43.11,43.14,43.175,43.197,43.233,43.264,43.297,43.332,43.36,43.395,43.421,43.452,43.491,43.533,43.574,43.619,43.655,43.704,43.759,43.792,43.83,43.878,43.931,43.966,43.996,44.038,44.09,44.136,44.178,44.221,44.263,44.317,44.383,44.438,44.489,44.54,44.618,44.682,44.751,44.814,44.889,44.996,45.135,45.302,45.471,45.772,46.066,47.157
1129,LNP FP,38.438,39.858,40.201,40.477,40.632,40.778,40.942,41.032,41.126,41.222,41.298,41.368,41.43,41.509,41.581,41.622,41.683,41.743,41.799,41.848,41.904,41.954,41.991,42.032,42.075,42.111,42.171,42.214,42.257,42.297,42.336,42.373,42.398,42.434,42.467,42.503,42.529,42.553,42.592,42.634,42.676,42.728,42.757,42.784,42.816,42.846,42.871,42.908,42.94,42.967,43.006,43.049,43.075,43.11,43.14,43.175,43.197,43.233,43.264,43.297,43.332,43.36,43.395,43.421,43.452,43.491,43.533,43.574,43.619,43.655,43.704,43.759,43.792,43.83,43.878,43.931,43.966,43.996,44.038,44.09,44.136,44.178,44.221,44.263,44.317,44.383,44.438,44.489,44.54,44.618,44.682,44.751,44.814,44.889,44.996,45.135,45.302,45.471,45.772,46.066,47.157
1130,LNP FP,38.495,39.741,40.131,40.391,40.6,40.777,40.942,41.039,41.13,41.203,41.268,41.331,41.39,41.459,41.523,41.584,41.624,41.678,41.726,41.792,41.846,41.908,41.967,42.014,42.075,42.123,42.166,42.222,42.256,42.293,42.329,42.373,42.395,42.431,42.474,42.514,42.558,42.607,42.638,42.669,42.7,42.735,42.773,42.799,42.834,42.866,42.893,42.918,42.948,42.988,43.02,43.055,43.082,43.109,43.135,43.17,43.21,43.247,43.295,43.331,43.369,43.393,43.429,43.461,43.496,43.53,43.568,43.614,43.65,43.687,43.735,43.781,43.823,43.864,43.91,43.958,43.996,44.034,44.083,44.148,44.197,44.25,44.288,44.333,44.382,44.442,44.475,44.52,44.565,44.625,44.709,44.785,44.883,44.991,45.085,45.245,45.396,45.55,45.862,46.179,47.302
1131,LNP FP,38.495,39.741,40.131,40.391,40.6,40.777,40.942,41.039,41.13,41.203,41.268,41.331,41.39,41.459,41.523,41.584,41.624,41.678,41.726,41.792,41.846,41.908,41.967,42.014,42.075,42.123,42.166,42.222,42.256,42.293,42.329,42.373,42.395,42.431,42.474,42.514,42.558,42.607,42.638,42.669,42.7,42.735,42.773,42.799,42.834,42.866,42.893,42.918,42.948,42.988,43.02,43.055,43.082,43.109,43.135,43.17,43.21,43.247,43.295,43.331,43.369,43.393,43.429,43.461,43.496,43.53,43.568,43.614,43.65,43.687,43.735,43.781,43.823,43.864,43.91,43.958,43.996,44.034,44.083,44.148,44.197,44.25,44.288,44.333,44.382,44.442,44.475,44.52,44.565,44.625,44.709,44.785,44.883,44.991,45.085,45.245,45.396,45.55,45.862,46.179,47.302
1132,LNP FP,38.705,39.789,40.132,40.418,40.599,40.739,40.86,40.992,41.079,41.157,41.219,41.317,41.381,41.47,41.521,41.592,41.67,41.721,41.765,41.818,41.866,41.915,41.981,42.026,42.068,42.112,42.17,42.204,42.261,42.304,42.331,42.383,42.408,42.445,42.487,42.517,42.558,42.587,42.622,42.657,42.697,42.728,42.766,42.806,42.843,42.885,42.928,42.954,42.995,43.032,43.063,43.099,43.127,43.161,43.203,43.254,43.287,43.32,43.352,43.392,43.421,43.465,43.489,43.524,43.553,43.585,43.621,43.661,43.695,43.736,43.778,43.81,43.841,43.894,43.93,43.975,44.006,44.069,44.118,44.167,44.223,44.269,44.325,44.379,44.427,44.482,44.537,44.601,44.681,44.725,44.82,44.886,44.968,45.091,45.161,45.3,45.462,45.641,45.931,46.305,47.47
1133,LNP FP,38.705,39.789,40.132,40.418,40.599,40.739,40.86,40.992,41.079,41.157,41.219,41.317,41.381,41.47,41.521,41.592,41.67,41.721,41.765,41.818,41.866,41.915,41.981,42.026,42.068,42.112,42.17,42.204,42.261,42.304,42.331,42.383,42.408,42.445,42.487,42.517,42.558,42.587,42.622,42.657,42.697,42.728,42.766,42.806,42.843,42.885,42.928,42.954,42.995,43.032,43.063,43.099,43.127,43.161,43.203,43.254,43.287,43.32,43.352,43.392,43.421,43.465,43.489,43.524,43.553,43.585,43.621,43.661,43.695,43.736,43.778,43.81,43.841,43.894,43.93,43.975,44.006,44.069,44.118,44.167,44.223,44.269,44.325,44.379,44.427,44.482,44.537,44.601,44.681,44.725,44.82,44.886,44.968,45.091,45.161,45.3,45.462,45.641,45.931,46.305,47.47
1134,LNP FP,38.474,39.731,40.157,40.406,40.566,40.731,40.853,40.926,41.032,41.148,41.233,41.328,41.393,41.47,41.533,41.607,41.674,41.709,41.774,41.834,41.881,41.93,41.982,42.025,42.075,42.119,42.154,42.198,42.237,42.279,42.337,42.375,42.423,42.462,42.502,42.541,42.58,42.626,42.663,42.699,42.728,42.756,42.784,42.823,42.859,42.892,42.927,42.968,43.01,43.05,43.08,43.111,43.152,43.184,43.22,43.265,43.297,43.344,43.377,43.409,43.461,43.495,43.525,43.556,43.602,43.64,43.68,43.711,43.766,43.797,43.84,43.881,43.923,43.952,43.989,44.024,44.077,44.117,44.163,44.2,44.236,44.307,44.36,44.422,44.464,44.512,44.576,44.648,44.708,44.805,44.905,44.964,45.04,45.135,45.264,45.41,45.544,45.721,45.96,46.336,47.676
1135,LNP FP,38.474,39.731,40.157,40.406,40.566,40.731,40.853,40.926,41.032,41.148,41.233,41.328,41.393,41.47,41.533,41.607,41.674,41.709,41.774,41.834,41.881,41.93,41.982,42.025,42.075,42.119,42.154,42.198,42.237,42.279,42.337,42.375,42.423,42.462,42.502,42.541,42.58,42.626,42.663,42.699,42.728,42.756,42.784,42.823,42.859,42.892,42.927,42.968,43.01,43.05,43.08,43.111,43.152,43.184,43.22,43.265,43.297,43.344,43.377,43.409,43.461,43.495,43.525,43.556,43.602,43.64,43.68,43.711,43.766,43.797,43.84,43.881,43.923,43.952,43.989,44.024,44.077,44.117,44.163,44.2,44.236,44.307,44.36,44.422,44.464,44.512,44.576,44.648,44.708,44.805,44.905,44.964,45.04,45.135,45.264,45.41,45.544,45.721,45.96,46.336,47.676
1136,LNP FP,38.691,39.689,40.132,40.403,40.591,40.754,40.843,40.984,41.09,41.189,41.292,41.366,41.43,41.492,41.548,41.612,41.675,41.745,41.809,41.853,41.899,41.952,42.016,42.069,42.118,42.168,42.216,42.261,42.298,42.339,42.387,42.429,42.459,42.498,42.529,42.555,42.592,42.639,42.668,42.716,42.753,42.8,42.823,42.859,42.897,42.927,42.969,42.998,43.027,43.066,43.111,43.145,43.185,43.216,43.262,43.302,43.334,43.369,43.403,43.435,43.476,43.513,43.551,43.59,43.637,43.693,43.728,43.764,43.808,43.839,43.881,43.926,43.962,44.002,44.033,44.079,44.109,44.154,44.195,44.241,44.279,44.329,44.373,44.412,44.46,44.523,44.582,44.645,44.713,44.806,44.903,44.978,45.07,45.189,45.322,45.471,45.573,45.717,45.995,46.352,47.823
1137,LNP FP,38.691,39.689,40.132,40.403,40.591,40.754,40.843,40.984,41.09,41.189,41.292,41.366,41.43,41.492,41.548,41.612,41.675,41.745,41.809,41.853,41.899,41.952,42.016,42.069,42.118,42.168,42.216,42.261,42.298,42.339,42.387,42.429,42.459,42.498,42.529,42.555,42.592,42.639,42.668,42.716,42.753,42.8,42.823,42.859,42.897,42.927,42.969,42.998,43.027,43.066,43.111,43.145,43.185,43.216,43.262,43.302,43.334,43.369,43.403,43.435,43.476,43.513,43.551,43.59,43.637,43.693,43.728,43.764,43.808,43.839,43.881,43.926,43.962,44.002,44.033,44.079,44.109,44.154,44.195,44.241,44.279,44.329,44.373,44.412,44.46,44.523,44.582,44.645,44.713,44.806,44.903,44.978,45.07,45.189,45.322,45.471,45.573,45.717,45.995,46.352,47.823
1138,LNP FP,38.711,39.713,40.2,40.407,40.619,40.779,40.893,40.989,41.101,41.203,41.282,41.362,41.438,41.502,41.56,41.65,41.713,41.766,41.828,41.886,41.931,41.974,42.012,42.049,42.093,42.149,42.198,42.243,42.295,42.34,42.38,42.429,42.468,42.496,42.534,42.571,42.606,42.646,42.671,42.709,42.758,42.789,42.844,42.879,42.917,42.942,42.973,43.01,43.042,43.079,43.114,43.15,43.179,43.21,43.247,43.298,43.334,43.373,43.41,43.452,43.488,43.525,43.564,43.602,43.634,43.69,43.731,43.795,43.834,43.865,43.895,43.948,43.99,44.039,44.084,44.13,44.179,44.215,44.268,44.319,44.361,44.418,44.469,44.52,44.574,44.629,44.671,44.745,44.807,44.862,44.946,45.038,45.114,45.216,45.306,45.426,45.563,45.808,46.099,46.467,47.649
1139,LNP FP,38.711,39.713,40.2,40.407,40.619,40.779,40.893,40.989,41.101,41.203,41.282,41.362,41.438,41.502,41.56,41.65,41.713,41.766,41.828,41.886,41.931,41.974,42.012,42.049,42.093,42.149,42.198,42.243,42.295,42.34,42.38,42.429,42.468,42.496,42.534,42.571,42.606,42.646,42.671,42.709,42.758,42.789,42.844,42.879,42.917,42.942,42.973,43.01,43.042,43.079,43.114,43.15,43.179,43.21,43.247,43.298,43.334,43.373,43.41,43.452,43.488,43.525,43.564,43.602,43.634,43.69,43.731,43.795,43.834,43.865,43.895,43.948,43.99,44.039,44.084,44.13,44.179,44.215,44.268,44.319,44.361,44.418,44.469,44.52,44.574,44.629,44.671,44.745,44.807,44.862,44.946,45.038,45.114,45.216,45.306,45.426,45.563,45.808,46.099,46.467,47.649
1140,LNP FP,38.694,39.72,40.111,40.386,40.605,40.742,40.883,41.018,41.132,41.206,41.313,41.381,41.455,41.537,41.603,41.648,41.692,41.732,41.81,41.861,41.913,41.959,42.013,42.057,42.109,42.152,42.199,42.241,42.282,42.322,42.374,42.421,42.457,42.494,42.527,42.569,42.609,42.651,42.694,42.742,42.779,42.807,42.842,42.885,42.919,42.956,42.989,43.03,43.07,43.1,43.138,43.171,43.208,43.264,43.301,43.338,43.374,43.411,43.453,43.495,43.543,43.578,43.623,43.673,43.71,43.745,43.791,43.833,43.877,43.915,43.947,44.005,44.04,44.093,44.161,44.2,44.235,44.279,44.332,44.38,44.424,44.471,44.537,44.595,44.643,44.691,44.76,44.836,44.915,44.966,45.053,45.136,45.194,45.296,45.404,45.516,45.677,45.849,46.066,46.429,47.722
1141,LNP FP,38.694,39.72,40.111,40.386,40.605,40.742,40.883,41.018,41.132,41.206,41.313,41.381,41.455,41.537,41.603,41.648,41.692,41.732,41.81,41.861,41.913,41.959,42.013,42.057,42.109,42.152,42.199,42.241,42.282,42.322,42.374,42.421,42.457,42.494,42.527,42.569,42.609,42.651,42.694,42.742,42.779,42.807,42.842,42.885,42.919,42.956,42.989,43.03,43.07,43.1,43.138,43.171,43.208,43.264,43.301,43.338,43.374,43.411,43.453,43.495,43.543,43.578,43.623,43.673,43.71,43.745,43.791,43.833,43.877,43.915,43.947,44.005,44.04,44.093,44.161,44.2,44.235,44.279,44.332,44.38,44.424,44.471,44.537,44.595,44.643,44.691,44.76,44.836,44.915,44.966,45.053,45.136,45.194,45.296,45.404,45.516,45.677,45.849,46.066,46.429,47.722
1142,LNP FP,38.674,39.704,40.14,40.377,40.536,40.736,40.89,41.032,41.138,41.219,41.288,41.371,41.456,41.54,41.615,41.677,41.729,41.789,41.837,41.912,41.956,42.006,42.06,42.102,42.158,42.196,42.236,42.278,42.312,42.355,42.401,42.429,42.476,42.519,42.561,42.592,42.637,42.678,42.709,42.747,42.784,42.81,42.842,42.885,42.927,42.973,43.018,43.054,43.087,43.13,43.165,43.209,43.254,43.288,43.318,43.357,43.399,43.45,43.502,43.542,43.58,43.612,43.642,43.685,43.739,43.78,43.82,43.873,43.906,43.95,44.004,44.033,44.074,44.116,44.182,44.221,44.262,44.317,44.368,44.421,44.469,44.519,44.567,44.614,44.686,44.751,44.827,44.878,44.955,45.028,45.084,45.165,45.28,45.363,45.436,45.54,45.669,45.874,46.124,46.508,47.688
1143,LNP FP,38.674,39.704,40.14,40.377,40.536,40.736,40.89,41.032,41.138,41.219,41.288,41.371,41.456,41.54,41.615,41.677,41.729,41.789,41.837,41.912,41.956,42.006,42.06,42.102,42.158,42.196,42.236,42.278,42.312,42.355,42.401,42.429,42.476,42.519,42.561,42.592,42.637,42.678,42.709,42.747,42.784,42.81,42.842,42.885,42.927,42.973,43.018,43.054,43.087,43.13,43.165,43.209,43.254,43.288,43.318,43.357,43.399,43.45,43.502,43.542,43.58,43.612,43.642,43.685,43.739,43.78,43.82,43.873,43.906,43.95,44.004,44.033,44.074,44.116,44.182,44.221,44.262,44.317,44.368,44.421,44.469,44.519,44.567,44.614,44.686,44.751,44.827,44.878,44.955,45.028,45.084,45.165,45.28,45.363,45.436,45.54,45.669,45.874,46.124,46.508,47.688
1144,LNP FP,38.529,39.697,40.189,40.41,40.595,40.769,40.959,41.066,41.139,41.25,41.33,41.396,41.476,41.555,41.619,41.678,41.743,41.798,41.834,41.896,41.938,41.998,42.051,42.092,42.161,42.197,42.236,42.265,42.296,42.339,42.393,42.428,42.468,42.513,42.544,42.593,42.634,42.674,42.713,42.755,42.792,42.831,42.868,42.909,42.946,42.976,43.019,43.07,43.105,43.146,43.194,43.228,43.262,43.296,43.345,43.381,43.426,43.469,43.501,43.55,43.601,43.641,43.672,43.731,43.775,43.806,43.846,43.87,43.926,43.98,44.037,44.09,44.14,44.184,44.221,44.263,44.334,44.389,44.427,44.462,44.522,44.581,44.646,44.696,44.742,44.795,44.851,44.896,44.959,45.057,45.129,45.186,45.273,45.373,45.504,45.667,45.793,45.961,46.193,46.566,47.748
1145,LNP FP,38.529,39.697,40.189,40.41,40.595,40.769,40.959,41.066,41.139,41.25,41.33,41.396,41.476,41.555,41.619,41.678,41.743,41.798,41.834,41.896,41.938,41.998,42.051,42.092,42.161,42.197,42.236,42.265,42.296,42.339,42.393,42.428,42.468,42.513,42.544,42.593,42.634,42.674,42.713,42.755,42.792,42.831,42.868,42.909,42.946,42.976,43.019,43.07,43.105,43.146,43.194,43.228,43.262,43.296,43.345,43.381,43.426,43.469,43.501,43.55,43.601,43.641,43.672,43.731,43.775,43.806,43.846,43.87,43.926,43.98,44.037,44.09,44.14,44.184,44.221,44.263,44.334,44.389,44.427,44.462,44.522,44.581,44.646,44.696,44.742,44.795,44.851,44.896,44.959,45.057,45.129,45.186,45.273,45.373,45.504,45.667,45.793,45.961,46.193,46.566,47.748
1146,LNP FP,38.71,39.686,40.104,40.408,40.649,40.788,40.913,41.043,41.143,41.219,41.329,41.401,41.482,41.542,41.621,41.679,41.749,41.816,41.88,41.923,41.963,41.999,42.046,42.104,42.153,42.19,42.229,42.268,42.319,42.358,42.401,42.45,42.489,42.525,42.583,42.622,42.668,42.712,42.761,42.812,42.854,42.9,42.933,42.958,43.0,43.04,43.078,43.115,43.153,43.194,43.232,43.28,43.313,43.346,43.384,43.427,43.476,43.521,43.554,43.598,43.621,43.671,43.709,43.747,43.804,43.835,43.876,43.916,43.955,44.006,44.044,44.1,44.15,44.202,44.26,44.301,44.353,44.395,44.448,44.512,44.579,44.655,44.709,44.762,44.816,44.885,44.936,44.995,45.073,45.126,45.208,45.261,45.33,45.435,45.552,45.677,45.811,45.967,46.25,46.562,48.022
1147,LNP FP,38.71,39.686,40.104,40.408,40.649,40.788,40.913,41.043,41.143,41.219,41.329,41.401,41.482,41.542,41.621,41.679,41.749,41.816,41.88,41.923,41.963,41.999,42.046,42.104,42.153,42.19,42.229,42.268,42.319,42.358,42.401,42.45,42.489,42.525,42.583,42.622,42.668,42.712,42.761,42.812,42.854,42.9,42.933,42.958,43.0,43.04,43.078,43.115,43.153,43.194,43.232,43.28,43.313,43.346,43.384,43.427,43.476,43.521,43.554,43.598,43.621,43.671,43.709,43.747,43.804,43.835,43.876,43.916,43.955,44.006,44.044,44.1,44.15,44.202,44.26,44.301,44.353,44.395,44.448,44.512,44.579,44.655,44.709,44.762,44.816,44.885,44.936,44.995,45.073,45.126,45.208,45.261,45.33,45.435,45.552,45.677,45.811,45.967,46.25,46.562,48.022
1148,LNP FP,38.727,39.627,40.086,40.39,40.598,40.826,40.955,41.043,41.157,41.235,41.335,41.423,41.493,41.547,41.613,41.66,41.728,41.779,41.851,41.909,41.955,42.019,42.068,42.118,42.164,42.211,42.252,42.307,42.369,42.406,42.454,42.497,42.539,42.571,42.609,42.663,42.704,42.744,42.785,42.833,42.868,42.906,42.945,42.974,43.014,43.046,43.082,43.127,43.173,43.211,43.261,43.296,43.336,43.376,43.405,43.439,43.483,43.52,43.562,43.602,43.646,43.677,43.721,43.76,43.812,43.856,43.905,43.956,44.005,44.048,44.088,44.142,44.2,44.252,44.314,44.354,44.4,44.449,44.51,44.563,44.618,44.678,44.731,44.785,44.834,44.907,44.96,45.043,45.101,45.191,45.265,45.337,45.411,45.521,45.613,45.743,45.907,46.059,46.254,46.646,48.252
1149,LNP FP,38.727,39.627,40.086,40.39,40.598,40.826,40.955,41.043,41.157,41.235,41.335,41.423,41.493,41.547,41.613,41.66,41.728,41.779,41.851,41.909,41.955,42.019,42.068,42.118,42.164,42.211,42.252,42.307,42.369,42.406,42.454,42.497,42.539,42.571,42.609,42.663,42.704,42.744,42.785,42.833,42.868,42.906,42.945,42.974,43.014,43.046,43.082,43.127,43.173,43.211,43.261,43.296,43.336,43.376,43.405,43.439,43.483,43.52,43.562,43.602,43.646,43.677,43.721,43.76,43.812,43.856,43.905,43.956,44.005,44.048,44.088,44.142,44.2,44.252,44.314,44.354,44.4,44.449,44.51,44.563,44.618,44.678,44.731,44.785,44.834,44.907,44.96,45.043,45.101,45.191,45.265,45.337,45.411,45.521,45.613,45.743,45.907,46.059,46.254,46.646,48.252
1150,LNP FP,38.565,39.691,40.062,40.412,40.621,40.772,40.909,41.045,41.163,41.252,41.344,41.408,41.485,41.559,41.616,41.671,41.739,41.8,41.875,41.944,41.997,42.052,42.082,42.135,42.177,42.231,42.29,42.348,42.397,42.438,42.49,42.542,42.592,42.634,42.661,42.701,42.745,42.777,42.811,42.849,42.887,42.931,42.98,43.014,43.053,43.085,43.114,43.159,43.202,43.24,43.273,43.318,43.358,43.39,43.427,43.471,43.502,43.535,43.581,43.639,43.678,43.73,43.762,43.796,43.838,43.887,43.928,43.981,44.015,44.064,44.106,44.148,44.196,44.261,44.306,44.358,44.4,44.451,44.501,44.573,44.63,44.709,44.763,44.808,44.873,44.934,45.013,45.085,45.155,45.264,45.315,45.395,45.498,45.59,45.685,45.804,45.935,46.071,46.36,46.679,48.406
1151,LNP FP,38.565,39.691,40.062,40.412,40.621,40.772,40.909,41.045,41.163,41.252,41.344,41.408,41.485,41.559,41.616,41.671,41.739,41.8,41.875,41.944,41.997,42.052,42.082,42.135,42.177,42.231,42.29,42.348,42.397,42.438,42.49,42.542,42.592,42.634,42.661,42.701,42.745,42.777,42.811,42.849,42.887,42.931,42.98,43.014,43.053,43.085,43.114,43.159,43.202,43.24,43.273,43.318,43.358,43.39,43.427,43.471,43.502,43.535,43.581,43.639,43.678,43.73,43.762,43.796,43.838,43.887,43.928,43.981,44.015,44.064,44.106,44.148,44.196,44.261,44.306,44.358,44.4,44.451,44.501,44.573,44.63,44.709,44.763,44.808,44.873,44.934,45.013,45.085,45.155,45.264,45.315,45.395,45.498,45.59,45.685,45.804,45.935,46.071,46.36,46.679,48.406
1152,LNP FP,38.356,39.64,40.04,40.384,40.647,40.796,40.929,41.042,41.147,41.24,41.346,41.41,41.482,41.542,41.621,41.684,41.748,41.81,41.878,41.968,42.016,42.072,42.125,42.173,42.228,42.275,42.324,42.374,42.416,42.467,42.511,42.543,42.59,42.641,42.682,42.711,42.752,42.791,42.834,42.876,42.905,42.944,42.982,43.019,43.046,43.082,43.124,43.152,43.192,43.226,43.28,43.329,43.377,43.419,43.457,43.507,43.547,43.581,43.629,43.668,43.702,43.742,43.795,43.847,43.88,43.937,43.983,44.021,44.059,44.111,44.17,44.217,44.278,44.322,44.361,44.418,44.475,44.525,44.565,44.621,44.664,44.73,44.797,44.85,44.911,44.97,45.03,45.12,45.214,45.281,45.356,45.422,45.524,45.623,45.717,45.872,45.99,46.197,46.392,46.779,48.406
1153,LNP FP,38.356,39.64,40.04,40.384,40.647,40.796,40.929,41.042,41.147,41.24,41.346,41.41,41.482,41.542,41.621,41.684,41.748,41.81,41.878,41.968,42.016,42.072,42.125,42.173,42.228,42.275,42.324,42.374,42.416,42.467,42.511,42.543,42.59,42.641,42.682,42.711,42.752,42.791,42.834,42.876,42.905,42.944,42.982,43.019,43.046,43.082,43.124,43.152,43.192,43.226,43.28,43.329,43.377,43.419,43.457,43.507,43.547,43.581,43.629,43.668,43.702,43.742,43.795,43.847,43.88,43.937,43.983,44.021,44.059,44.111,44.17,44.217,44.278,44.322,44.361,44.418,44.475,44.525,44.565,44.621,44.664,44.73,44.797,44.85,44.911,44.97,45.03,45.12,45.214,45.281,45.356,45.422,45.524,45.623,45.717,45.872,45.99,46.197,46.392,46.779,48.406
1154,LNP FP,38.476,39.575,39.998,40.351,40.572,40.777,40.941,41.032,41.124,41.218,41.303,41.39,41.472,41.553,41.644,41.727,41.781,41.858,41.924,41.969,42.026,42.076,42.136,42.186,42.241,42.292,42.346,42.39,42.431,42.469,42.527,42.562,42.605,42.663,42.703,42.731,42.771,42.815,42.846,42.878,42.924,42.959,42.993,43.024,43.061,43.099,43.149,43.191,43.233,43.267,43.303,43.338,43.401,43.43,43.477,43.512,43.563,43.606,43.649,43.682,43.733,43.772,43.816,43.868,43.91,43.96,44.004,44.055,44.108,44.157,44.208,44.249,44.301,44.339,44.381,44.437,44.481,44.563,44.599,44.689,44.745,44.798,44.869,44.924,44.982,45.057,45.111,45.189,45.254,45.312,45.393,45.502,45.594,45.691,45.819,45.931,46.052,46.3,46.515,46.848,48.653
1155,LNP FP,38.476,39.575,39.998,40.351,40.572,40.777,40.941,41.032,41.124,41.218,41.303,41.39,41.472,41.553,41.644,41.727,41.781,41.858,41.924,41.969,42.026,42.076,42.136,42.186,42.241,42.292,42.346,42.39,42.431,42.469,42.527,42.562,42.605,42.663,42.703,42.731,42.771,42.815,42.846,42.878,42.924,42.959,42.993,43.024,43.061,43.099,43.149,43.191,43.233,43.267,43.303,43.338,43.401,43.43,43.477,43.512,43.563,43.606,43.649,43.682,43.733,43.772,43.816,43.868,43.91,43.96,44.004,44.055,44.108,44.157,44.208,44.249,44.301,44.339,44.381,44.437,44.481,44.563,44.599,44.689,44.745,44.798,44.869,44.924,44.982,45.057,45.111,45.189,45.254,45.312,45.393,45.502,45.594,45.691,45.819,45.931,46.052,46.3,46.515,46.848,48.653
1156,LNP FP,38.351,39.643,40.099,40.358,40.537,40.706,40.867,40.974,41.094,41.188,41.263,41.361,41.466,41.546,41.627,41.707,41.771,41.841,41.907,41.96,42.036,42.092,42.141,42.197,42.246,42.314,42.356,42.402,42.449,42.487,42.527,42.579,42.629,42.683,42.722,42.761,42.8,42.834,42.874,42.916,42.953,42.98,43.018,43.048,43.086,43.133,43.175,43.221,43.262,43.307,43.345,43.387,43.431,43.473,43.526,43.563,43.608,43.644,43.677,43.722,43.761,43.816,43.855,43.902,43.932,43.971,44.012,44.07,44.122,44.178,44.232,44.289,44.333,44.397,44.442,44.517,44.557,44.601,44.665,44.719,44.781,44.847,44.906,44.948,45.031,45.093,45.185,45.237,45.341,45.399,45.474,45.556,45.637,45.76,45.881,45.981,46.153,46.343,46.623,46.98,48.603
1157,LNP FP,38.351,39.643,40.099,40.358,40.537,40.706,40.867,40.974,41.094,41.188,41.263,41.361,41.466,41.546,41.627,41.707,41.771,41.841,41.907,41.96,42.036,42.092,42.141,42.197,42.246,42.314,42.356,42.402,42.449,42.487,42.527,42.579,42.629,42.683,42.722,42.761,42.8,42.834,42.874,42.916,42.953,42.98,43.018,43.048,43.086,43.133,43.175,43.221,43.262,43.307,43.345,43.387,43.431,43.473,43.526,43.563,43.608,43.644,43.677,43.722,43.761,43.816,43.855,43.902,43.932,43.971,44.012,44.07,44.122,44.178,44.232,44.289,44.333,44.397,44.442,44.517,44.557,44.601,44.665,44.719,44.781,44.847,44.906,44.948,45.031,45.093,45.185,45.237,45.341,45.399,45.474,45.556,45.637,45.76,45.881,45.981,46.153,46.343,46.623,46.98,48.603
1158,LNP FP,38.239,39.647,40.065,40.355,40.503,40.687,40.86,41.01,41.125,41.22,41.344,41.44,41.519,41.595,41.646,41.7,41.775,41.852,41.938,41.993,42.064,42.119,42.178,42.228,42.28,42.343,42.39,42.428,42.481,42.521,42.56,42.6,42.644,42.682,42.726,42.762,42.797,42.836,42.89,42.932,42.968,43.005,43.025,43.057,43.1,43.151,43.193,43.235,43.273,43.315,43.353,43.387,43.432,43.474,43.513,43.553,43.586,43.631,43.675,43.721,43.779,43.83,43.883,43.934,43.972,44.026,44.07,44.105,44.145,44.2,44.233,44.282,44.352,44.402,44.449,44.5,44.567,44.627,44.694,44.776,44.821,44.872,44.92,45.003,45.068,45.151,45.214,45.263,45.35,45.438,45.531,45.604,45.683,45.79,45.884,46.012,46.164,46.446,46.689,47.094,48.599
1159,LNP FP,38.239,39.647,40.065,40.355,40.503,40.687,40.86,41.01,41.125,41.22,41.344,41.44,41.519,41.595,41.646,41.7,41.775,41.852,41.938,41.993,42.064,42.119,42.178,42.228,42.28,42.343,42.39,42.428,42.481,42.521,42.56,42.6,42.644,42.682,42.726,42.762,42.797,42.836,42.89,42.932,42.968,43.005,43.025,43.057,43.1,43.151,43.193,43.235,43.273,43.315,43.353,43.387,43.432,43.474,43.513,43.553,43.586,43.631,43.675,43.721,43.779,43.83,43.883,43.934,43.972,44.026,44.07,44.105,44.145,44.2,44.233,44.282,44.352,44.402,44.449,44.5,44.567,44.627,44.694,44.776,44.821,44.872,44.92,45.003,45.068,45.151,45.214,45.263,45.35,45.438,45.531,45.604,45.683,45.79,45.884,46.012,46.164,46.446,46.689,47.094,48.599
1160,LNP FP,38.058,39.667,40.064,40.372,40.564,40.729,40.876,41.005,41.082,41.209,41.31,41.4,41.504,41.557,41.654,41.74,41.801,41.856,41.92,41.983,42.05,42.132,42.183,42.249,42.296,42.348,42.394,42.429,42.486,42.542,42.588,42.619,42.669,42.713,42.741,42.78,42.814,42.851,42.904,42.942,42.991,43.032,43.071,43.121,43.156,43.197,43.229,43.267,43.307,43.344,43.386,43.416,43.455,43.499,43.534,43.584,43.629,43.665,43.715,43.766,43.804,43.851,43.885,43.932,43.977,44.025,44.085,44.127,44.187,44.24,44.295,44.346,44.383,44.456,44.514,44.566,44.635,44.712,44.77,44.809,44.866,44.926,44.979,45.026,45.09,45.138,45.225,45.281,45.385,45.465,45.544,45.633,45.726,45.857,45.966,46.066,46.198,46.426,46.753,47.115,48.317
1161,LNP FP,38.058,39.667,40.064,40.372,40.564,40.729,40.876,41.005,41.082,41.209,41.31,41.4,41.504,41.557,41.654,41.74,41.801,41.856,41.92,41.983,42.05,42.132,42.183,42.249,42.296,42.348,42.394,42.429,42.486,42.542,42.588,42.619,42.669,42.713,42.741,42.78,42.814,42.851,42.904,42.942,42.991,43.032,43.071,43.121,43.156,43.197,43.229,43.267,43.307,43.344,43.386,43.416,43.455,43.499,43.534,43.584,43.629,43.665,43.715,43.766,43.804,43.851,43.885,43.932,43.977,44.025,44.085,44.127,44.187,44.24,44.295,44.346,44.383,44.456,44.514,44.566,44.635,44.712,44.77,44.809,44.866,44.926,44.979,45.026,45.09,45.138,45.225,45.281,45.385,45.465,45.544,45.633,45.726,45.857,45.966,46.066,46.198,46.426,46.753,47.115,48.317
1162,LNP FP,38.101,39.62,40.104,40.302,40.52,40.664,40.831,40.96,41.103,41.22,41.316,41.436,41.513,41.589,41.668,41.729,41.801,41.86,41.937,42.008,42.062,42.125,42.209,42.258,42.307,42.371,42.431,42.476,42.515,42.558,42.603,42.661,42.703,42.755,42.788,42.832,42.855,42.891,42.932,42.969,43.027,43.074,43.108,43.151,43.19,43.239,43.266,43.306,43.343,43.38,43.424,43.46,43.501,43.545,43.587,43.625,43.665,43.708,43.75,43.806,43.845,43.887,43.93,43.981,44.035,44.088,44.128,44.176,44.223,44.271,44.324,44.364,44.421,44.47,44.535,44.597,44.647,44.694,44.766,44.826,44.883,44.948,45.011,45.073,45.125,45.178,45.242,45.307,45.391,45.442,45.531,45.653,45.782,45.876,45.993,46.144,46.269,46.483,46.828,47.19,48.436
1163,LNP FP,38.101,39.62,40.104,40.302,40.52,40.664,40.831,40.96,41.103,41.22,41.316,41.436,41.513,41.589,41.668,41.729,41.801,41.86,41.937,42.008,42.062,42.125,42.209,42.258,42.307,42.371,42.431,42.476,42.515,42.558,42.603,42.661,42.703,42.755,42.788,42.832,42.855,42.891,42.932,42.969,43.027,43.074,43.108,43.151,43.19,43.239,43.266,43.306,43.343,43.38,43.424,43.46,43.501,43.545,43.587,43.625,43.665,43.708,43.75,43.806,43.845,43.887,43.93,43.981,44.035,44.088,44.128,44.176,44.223,44.271,44.324,44.364,44.421,44.47,44.535,44.597,44.647,44.694,44.766,44.826,44.883,44.948,45.011,45.073,45.125,45.178,45.242,45.307,45.391,45.442,45.531,45.653,45.782,45.876,45.993,46.144,46.269,46.483,46.828,47.19,48.436
1164,LNP FP,38.165,39.546,40.03,40.249,40.469,40.644,40.826,40.936,41.093,41.207,41.29,41.351,41.464,41.559,41.667,41.735,41.812,41.876,41.957,41.999,42.078,42.151,42.219,42.268,42.336,42.388,42.435,42.486,42.531,42.571,42.609,42.657,42.704,42.764,42.805,42.841,42.891,42.926,42.969,43.016,43.049,43.086,43.124,43.16,43.201,43.244,43.283,43.319,43.353,43.407,43.447,43.484,43.532,43.577,43.635,43.685,43.715,43.759,43.796,43.819,43.858,43.903,43.946,44.005,44.054,44.121,44.17,44.211,44.259,44.306,44.36,44.407,44.453,44.498,44.551,44.606,44.665,44.724,44.78,44.838,44.897,44.963,45.031,45.094,45.155,45.221,45.289,45.345,45.405,45.495,45.589,45.676,45.796,45.897,46.01,46.174,46.375,46.56,46.832,47.292,48.365
1165,LNP FP,38.165,39.546,40.03,40.249,40.469,40.644,40.826,40.936,41.093,41.207,41.29,41.351,41.464,41.559,41.667,41.735,41.812,41.876,41.957,41.999,42.078,42.151,42.219,42.268,42.336,42.388,42.435,42.486,42.531,42.571,42.609,42.657,42.704,42.764,42.805,42.841,42.891,42.926,42.969,43.016,43.049,43.086,43.124,43.16,43.201,43.244,43.283,43.319,43.353,43.407,43.447,43.484,43.532,43.577,43.635,43.685,43.715,43.759,43.796,43.819,43.858,43.903,43.946,44.005,44.054,44.121,44.17,44.211,44.259,44.306,44.36,44.407,44.453,44.498,44.551,44.606,44.665,44.724,44.78,44.838,44.897,44.963,45.031,45.094,45.155,45.221,45.289,45.345,45.405,45.495,45.589,45.676,45.796,45.897,46.01,46.174,46.375,46.56,46.832,47.292,48.365
1166,LNP FP,38.173,39.401,39.984,40.306,40.553,40.659,40.817,40.92,41.051,41.167,41.267,41.381,41.471,41.582,41.66,41.712,41.79,41.867,41.948,42.022,42.084,42.156,42.215,42.27,42.326,42.375,42.426,42.488,42.529,42.585,42.625,42.665,42.695,42.746,42.802,42.841,42.885,42.942,42.979,43.031,43.077,43.127,43.166,43.202,43.236,43.26,43.302,43.345,43.378,43.422,43.463,43.508,43.553,43.597,43.647,43.703,43.737,43.776,43.82,43.86,43.901,43.948,43.996,44.039,44.091,44.134,44.178,44.224,44.272,44.312,44.363,44.423,44.493,44.542,44.588,44.638,44.682,44.746,44.796,44.855,44.935,44.993,45.057,45.138,45.214,45.272,45.325,45.408,45.471,45.575,45.657,45.732,45.845,45.941,46.066,46.193,46.35,46.619,46.903,47.187,48.519
1167,LNP FP,38.173,39.401,39.984,40.306,40.553,40.659,40.817,40.92,41.051,41.167,41.267,41.381,41.471,41.582,41.66,41.712,41.79,41.867,41.948,42.022,42.084,42.156,42.215,42.27,42.326,42.375,42.426,42.488,42.529,42.585,42.625,42.665,42.695,42.746,42.802,42.841,42.885,42.942,42.979,43.031,43.077,43.127,43.166,43.202,43.236,43.26,43.302,43.345,43.378,43.422,43.463,43.508,43.553,43.597,43.647,43.703,43.737,43.776,43.82,43.86,43.901,43.948,43.996,44.039,44.091,44.134,44.178,44.224,44.272,44.312,44.363,44.423,44.493,44.542,44.588,44.638,44.682,44.746,44.796,44.855,44.935,44.993,45.057,45.138,45.214,45.272,45.325,45.408,45.471,45.575,45.657,45.732,45.845,45.941,46.066,46.193,46.35,46.619,46.903,47.187,48.519
1168,LNP FP,38.016,39.435,40.021,40.34,40.543,40.697,40.834,40.949,41.095,41.174,41.271,41.376,41.495,41.573,41.659,41.744,41.819,41.873,41.946,42.015,42.08,42.144,42.193,42.247,42.305,42.36,42.424,42.48,42.526,42.572,42.629,42.673,42.72,42.776,42.827,42.875,42.923,42.963,43.0,43.047,43.08,43.136,43.175,43.208,43.246,43.277,43.315,43.363,43.398,43.448,43.485,43.519,43.557,43.59,43.634,43.678,43.727,43.772,43.815,43.864,43.9,43.947,43.988,44.029,44.076,44.117,44.172,44.215,44.256,44.299,44.346,44.41,44.461,44.517,44.571,44.624,44.685,44.749,44.793,44.856,44.911,44.977,45.031,45.106,45.169,45.26,45.321,45.4,45.491,45.573,45.67,45.796,45.909,45.991,46.127,46.273,46.485,46.691,46.914,47.3,48.444
1169,LNP FP,38.016,39.435,40.021,40.34,40.543,40.697,40.834,40.949,41.095,41.174,41.271,41.376,41.495,41.573,41.659,41.744,41.819,41.873,41.946,42.015,42.08,42.144,42.193,42.247,42.305,42.36,42.424,42.48,42.526,42.572,42.629,42.673,42.72,42.776,42.827,42.875,42.923,42.963,43.0,43.047,43.08,43.136,43.175,43.208,43.246,43.277,43.315,43.363,43.398,43.448,43.485,43.519,43.557,43.59,43.634,43.678,43.727,43.772,43.815,43.864,43.9,43.947,43.988,44.029,44.076,44.117,44.172,44.215,44.256,44.299,44.346,44.41,44.461,44.517,44.571,44.624,44.685,44.749,44.793,44.856,44.911,44.977,45.031,45.106,45.169,45.26,45.321,45.4,45.491,45.573,45.67,45.796,45.909,45.991,46.127,46.273,46.485,46.691,46.914,47.3,48.444
1170,LNP FP,38.196,39.545,40.098,40.295,40.524,40.708,40.88,40.996,41.117,41.211,41.324,41.409,41.494,41.557,41.618,41.696,41.773,41.855,41.932,42.033,42.09,42.16,42.213,42.269,42.318,42.372,42.432,42.491,42.539,42.591,42.638,42.685,42.735,42.781,42.822,42.861,42.919,42.975,43.015,43.063,43.106,43.147,43.191,43.225,43.272,43.316,43.349,43.394,43.438,43.489,43.528,43.561,43.595,43.618,43.663,43.708,43.741,43.777,43.825,43.876,43.927,43.98,44.024,44.064,44.104,44.143,44.18,44.224,44.267,44.316,44.362,44.413,44.467,44.52,44.594,44.642,44.715,44.77,44.818,44.876,44.958,45.015,45.072,45.124,45.2,45.266,45.333,45.413,45.496,45.604,45.688,45.775,45.921,46.045,46.187,46.353,46.472,46.695,47.039,47.506,48.645
1171,LNP FP,38.196,39.545,40.098,40.295,40.524,40.708,40.88,40.996,41.117,41.211,41.324,41.409,41.494,41.557,41.618,41.696,41.773,41.855,41.932,42.033,42.09,42.16,42.213,42.269,42.318,42.372,42.432,42.491,42.539,42.591,42.638,42.685,42.735,42.781,42.822,42.861,42.919,42.975,43.015,43.063,43.106,43.147,43.191,43.225,43.272,43.316,43.349,43.394,43.438,43.489,43.528,43.561,43.595,43.618,43.663,43.708,43.741,43.777,43.825,43.876,43.927,43.98,44.024,44.064,44.104,44.143,44.18,44.224,44.267,44.316,44.362,44.413,44.467,44.52,44.594,44.642,44.715,44.77,44.818,44.876,44.958,45.015,45.072,45.124,45.2,45.266,45.333,45.413,45.496,45.604,45.688,45.775,45.921,46.045,46.187,46.353,46.472,46.695,47.039,47.506,48.645
1172,LNP FP,38.478,39.508,40.05,40.26,40.481,40.677,40.842,40.987,41.13,41.25,41.345,41.435,41.52,41.581,41.671,41.737,41.821,41.915,41.979,42.049,42.116,42.184,42.24,42.282,42.334,42.398,42.437,42.509,42.562,42.614,42.664,42.714,42.759,42.815,42.854,42.899,42.946,42.981,43.031,43.082,43.121,43.161,43.192,43.24,43.297,43.346,43.388,43.428,43.47,43.512,43.549,43.586,43.625,43.656,43.69,43.73,43.768,43.804,43.837,43.886,43.927,43.971,44.026,44.089,44.136,44.184,44.227,44.261,44.302,44.353,44.408,44.443,44.498,44.558,44.61,44.645,44.702,44.775,44.827,44.895,44.961,45.036,45.1,45.165,45.236,45.292,45.381,45.457,45.552,45.676,45.776,45.864,46.016,46.146,46.268,46.388,46.579,46.803,47.092,47.483,49.031
1173,LNP FP,38.478,39.508,40.05,40.26,40.481,40.677,40.842,40.987,41.13,41.25,41.345,41.435,41.52,41.581,41.671,41.737,41.821,41.915,41.979,42.049,42.116,42.184,42.24,42.282,42.334,42.398,42.437,42.509,42.562,42.614,42.664,42.714,42.759,42.815,42.854,42.899,42.946,42.981,43.031,43.082,43.121,43.161,43.192,43.24,43.297,43.346,43.388,43.428,43.47,43.512,43.549,43.586,43.625,43.656,43.69,43.73,43.768,43.804,43.837,43.886,43.927,43.971,44.026,44.089,44.136,44.184,44.227,44.261,44.302,44.353,44.408,44.443,44.498,44.558,44.61,44.645,44.702,44.775,44.827,44.895,44.961,45.036,45.1,45.165,45.236,45.292,45.381,45.457,45.552,45.676,45.776,45.864,46.016,46.146,46.268,46.388,46.579,46.803,47.092,47.483,49.031
1174,LNP FP,38.327,39.5,40.027,40.294,40.53,40.685,40.867,40.981,41.148,41.241,41.333,41.457,41.547,41.644,41.72,41.794,41.846,41.92,41.999,42.07,42.12,42.18,42.24,42.296,42.354,42.391,42.451,42.52,42.579,42.635,42.687,42.736,42.786,42.823,42.871,42.909,42.944,42.978,43.024,43.077,43.12,43.162,43.217,43.254,43.3,43.334,43.372,43.413,43.46,43.507,43.553,43.61,43.661,43.703,43.753,43.795,43.831,43.868,43.91,43.955,44.003,44.044,44.091,44.131,44.171,44.204,44.243,44.284,44.337,44.381,44.431,44.486,44.545,44.595,44.652,44.7,44.762,44.818,44.881,44.961,45.016,45.085,45.136,45.201,45.268,45.359,45.432,45.523,45.614,45.708,45.81,45.901,45.993,46.122,46.248,46.395,46.545,46.742,47.045,47.77,48.843
1175,LNP FP,38.327,39.5,40.027,40.294,40.53,40.685,40.867,40.981,41.148,41.241,41.333,41.457,41.547,41.644,41.72,41.794,41.846,41.92,41.999,42.07,42.12,42.18,42.24,42.296,42.354,42.391,42.451,42.52,42.579,42.635,42.687,42.736,42.786,42.823,42.871,42.909,42.944,42.978,43.024,43.077,43.12,43.162,43.217,43.254,43.3,43.334,43.372,43.413,43.46,43.507,43.553,43.61,43.661,43.703,43.753,43.795,43.831,43.868,43.91,43.955,44.003,44.044,44.091,44.131,44.171,44.204,44.243,44.284,44.337,44.381,44.431,44.486,44.545,44.595,44.652,44.7,44.762,44.818,44.881,44.961,45.016,45.085,45.136,45.201,45.268,45.359,45.432,45.523,45.614,45.708,45.81,45.901,45.993,46.122,46.248,46.395,46.545,46.742,47.045,47.77,48.843
1176,LNP FP,38.406,39.532,39.928,40.292,40.492,40.709,40.879,40.991,41.133,41.24,41.335,41.44,41.529,41.622,41.728,41.812,41.871,41.931,42.018,42.095,42.154,42.209,42.262,42.327,42.396,42.44,42.476,42.54,42.588,42.633,42.695,42.746,42.788,42.838,42.892,42.927,42.991,43.033,43.076,43.123,43.163,43.21,43.261,43.309,43.35,43.391,43.44,43.487,43.519,43.556,43.598,43.639,43.682,43.728,43.768,43.798,43.842,43.87,43.913,43.961,44.021,44.065,44.109,44.148,44.211,44.272,44.316,44.35,44.398,44.439,44.475,44.534,44.574,44.633,44.678,44.727,44.783,44.844,44.903,44.953,45.014,45.078,45.161,45.241,45.311,45.387,45.462,45.546,45.592,45.684,45.79,45.905,46.013,46.142,46.3,46.423,46.537,46.726,47.042,47.65,49.178
1177,LNP FP,38.406,39.532,39.928,40.292,40.492,40.709,40.879,40.991,41.133,41.24,41.335,41.44,41.529,41.622,41.728,41.812,41.871,41.931,42.018,42.095,42.154,42.209,42.262,42.327,42.396,42.44,42.476,42.54,42.588,42.633,42.695,42.746,42.788,42.838,42.892,42.927,42.991,43.033,43.076,43.123,43.163,43.21,43.261,43.309,43.35,43.391,43.44,43.487,43.519,43.556,43.598,43.639,43.682,43.728,43.768,43.798,43.842,43.87,43.913,43.961,44.021,44.065,44.109,44.148,44.211,44.272,44.316,44.35,44.398,44.439,44.475,44.534,44.574,44.633,44.678,44.727,44.783,44.844,44.903,44.953,45.014,45.078,45.161,45.241,45.311,45.387,45.462,45.546,45.592,45.684,45.79,45.905,46.013,46.142,46.3,46.423,46.537,46.726,47.042,47.65,49.178
1178,LNP FP,38.449,39.507,40.028,40.304,40.52,40.688,40.87,41.044,41.181,41.283,41.376,41.467,41.549,41.624,41.699,41.774,41.852,41.931,42.002,42.076,42.133,42.202,42.265,42.318,42.385,42.444,42.512,42.557,42.601,42.65,42.689,42.748,42.802,42.845,42.886,42.946,42.989,43.031,43.071,43.115,43.157,43.221,43.263,43.311,43.368,43.413,43.459,43.494,43.542,43.575,43.609,43.659,43.695,43.733,43.777,43.823,43.868,43.912,43.961,44.006,44.047,44.09,44.125,44.182,44.231,44.28,44.331,44.369,44.422,44.456,44.51,44.552,44.599,44.644,44.697,44.74,44.78,44.85,44.91,44.978,45.046,45.124,45.176,45.235,45.322,45.386,45.464,45.544,45.617,45.711,45.823,45.926,46.051,46.147,46.285,46.442,46.618,46.841,47.201,47.618,49.213
1179,LNP FP,38.449,39.507,40.028,40.304,40.52,40.688,40.87,41.044,41.181,41.283,41.376,41.467,41.549,41.624,41.699,41.774,41.852,41.931,42.002,42.076,42.133,42.202,42.265,42.318,42.385,42.444,42.512,42.557,42.601,42.65,42.689,42.748,42.802,42.845,42.886,42.946,42.989,43.031,43.071,43.115,43.157,43.221,43.263,43.311,43.368,43.413,43.459,43.494,43.542,43.575,43.609,43.659,43.695,43.733,43.777,43.823,43.868,43.912,43.961,44.006,44.047,44.09,44.125,44.182,44.231,44.28,44.331,44.369,44.422,44.456,44.51,44.552,44.599,44.644,44.697,44.74,44.78,44.85,44.91,44.978,45.046,45.124,45.176,45.235,45.322,45.386,45.464,45.544,45.617,45.711,45.823,45.926,46.051,46.147,46.285,46.442,46.618,46.841,47.201,47.618,49.213
1180,LNP FP,38.561,39.601,40.017,40.379,40.595,40.758,40.927,41.06,41.148,41.241,41.319,41.388,41.526,41.616,41.713,41.807,41.903,41.974,42.047,42.107,42.174,42.217,42.288,42.339,42.389,42.459,42.515,42.585,42.631,42.69,42.73,42.774,42.819,42.874,42.915,42.961,42.993,43.055,43.098,43.151,43.208,43.249,43.292,43.325,43.368,43.413,43.455,43.507,43.545,43.582,43.626,43.666,43.704,43.756,43.795,43.84,43.876,43.913,43.956,44.005,44.048,44.101,44.142,44.191,44.236,44.284,44.333,44.377,44.424,44.5,44.528,44.581,44.643,44.688,44.747,44.793,44.833,44.881,44.946,44.993,45.059,45.131,45.183,45.271,45.338,45.425,45.482,45.58,45.666,45.758,45.829,45.932,46.052,46.161,46.293,46.475,46.64,46.901,47.276,47.575,49.558
1181,LNP FP,38.561,39.601,40.017,40.379,40.595,40.758,40.927,41.06,41.148,41.241,41.319,41.388,41.526,41.616,41.713,41.807,41.903,41.974,42.047,42.107,42.174,42.217,42.288,42.339,42.389,42.459,42.515,42.585,42.631,42.69,42.73,42.774,42.819,42.874,42.915,42.961,42.993,43.055,43.098,43.151,43.208,43.249,43.292,43.325,43.368,43.413,43.455,43.507,43.545,43.582,43.626,43.666,43.704,43.756,43.795,43.84,43.876,43.913,43.956,44.005,44.048,44.101,44.142,44.191,44.236,44.284,44.333,44.377,44.424,44.5,44.528,44.581,44.643,44.688,44.747,44.793,44.833,44.881,44.946,44.993,45.059,45.131,45.183,45.271,45.338,45.425,45.482,45.58,45.666,45.758,45.829,45.932,46.052,46.161,46.293,46.475,46.64,46.901,47.276,47.575,49.558
1182,LNP FP,38.331,39.592,40.007,40.359,40.578,40.763,40.928,41.056,41.155,41.243,41.35,41.424,41.515,41.611,41.719,41.801,41.871,41.947,42.01,42.082,42.156,42.217,42.278,42.337,42.394,42.463,42.517,42.57,42.618,42.677,42.711,42.784,42.843,42.899,42.948,42.997,43.038,43.096,43.144,43.201,43.234,43.262,43.292,43.336,43.389,43.434,43.487,43.532,43.573,43.616,43.656,43.703,43.75,43.814,43.849,43.888,43.927,43.971,44.004,44.037,44.083,44.132,44.168,44.205,44.257,44.292,44.341,44.391,44.438,44.489,44.533,44.582,44.627,44.69,44.75,44.803,44.862,44.929,44.977,45.042,45.111,45.175,45.256,45.329,45.389,45.465,45.521,45.606,45.703,45.798,45.87,45.972,46.071,46.242,46.401,46.508,46.668,46.892,47.257,47.699,49.226
1183,LNP FP,38.331,39.592,40.007,40.359,40.578,40.763,40.928,41.056,41.155,41.243,41.35,41.424,41.515,41.611,41.719,41.801,41.871,41.947,42.01,42.082,42.156,42.217,42.278,42.337,42.394,42.463,42.517,42.57,42.618,42.677,42.711,42.784,42.843,42.899,42.948,42.997,43.038,43.096,43.144,43.201,43.234,43.262,43.292,43.336,43.389,43.434,43.487,43.532,43.573,43.616,43.656,43.703,43.75,43.814,43.849,43.888,43.927,43.971,44.004,44.037,44.083,44.132,44.168,44.205,44.257,44.292,44.341,44.391,44.438,44.489,44.533,44.582,44.627,44.69,44.75,44.803,44.862,44.929,44.977,45.042,45.111,45.175,45.256,45.329,45.389,45.465,45.521,45.606,45.703,45.798,45.87,45.972,46.071,46.242,46.401,46.508,46.668,46.892,47.257,47.699,49.226
1184,LNP FP,38.372,39.577,40.003,40.368,40.642,40.787,40.979,41.088,41.195,41.295,41.382,41.478,41.565,41.631,41.712,41.8,41.86,41.943,42.004,42.077,42.138,42.214,42.28,42.337,42.411,42.483,42.536,42.59,42.653,42.695,42.745,42.805,42.857,42.914,42.961,43.023,43.065,43.11,43.16,43.216,43.253,43.299,43.34,43.383,43.439,43.498,43.535,43.574,43.601,43.63,43.668,43.713,43.764,43.798,43.843,43.867,43.911,43.95,43.991,44.035,44.098,44.154,44.192,44.248,44.29,44.328,44.377,44.417,44.489,44.53,44.569,44.624,44.672,44.712,44.771,44.831,44.904,44.962,45.022,45.074,45.149,45.197,45.275,45.347,45.413,45.492,45.567,45.649,45.737,45.823,45.926,46.028,46.119,46.235,46.409,46.529,46.766,46.972,47.34,47.781,49.342
1185,LNP FP,38.372,39.577,40.003,40.368,40.642,40.787,40.979,41.088,41.195,41.295,41.382,41.478,41.565,41.631,41.712,41.8,41.86,41.943,42.004,42.077,42.138,42.214,42.28,42.337,42.411,42.483,42.536,42.59,42.653,42.695,42.745,42.805,42.857,42.914,42.961,43.023,43.065,43.11,43.16,43.216,43.253,43.299,43.34,43.383,43.439,43.498,43.535,43.574,43.601,43.63,43.668,43.713,43.764,43.798,43.843,43.867,43.911,43.95,43.991,44.035,44.098,44.154,44.192,44.248,44.29,44.328,44.377,44.417,44.489,44.53,44.569,44.624,44.672,44.712,44.771,44.831,44.904,44.962,45.022,45.074,45.149,45.197,45.275,45.347,45.413,45.492,45.567,45.649,45.737,45.823,45.926,46.028,46.119,46.235,46.409,46.529,46.766,46.972,47.34,47.781,49.342
1186,LNP FP,38.556,39.485,40.082,40.399,40.615,40.821,40.957,41.11,41.189,41.304,41.404,41.469,41.568,41.648,41.744,41.837,41.933,41.991,42.055,42.105,42.169,42.241,42.323,42.362,42.42,42.488,42.541,42.603,42.656,42.701,42.744,42.789,42.852,42.908,42.956,43.014,43.064,43.108,43.145,43.193,43.245,43.291,43.345,43.393,43.44,43.476,43.526,43.566,43.608,43.651,43.704,43.734,43.782,43.814,43.861,43.895,43.933,43.976,44.041,44.083,44.129,44.168,44.215,44.256,44.314,44.358,44.395,44.434,44.505,44.554,44.589,44.64,44.696,44.741,44.797,44.857,44.923,44.988,45.055,45.114,45.198,45.27,45.322,45.403,45.456,45.533,45.603,45.674,45.762,45.856,45.937,46.035,46.146,46.27,46.398,46.609,46.802,47.02,47.362,47.906,49.617
1187,LNP FP,38.556,39.485,40.082,40.399,40.615,40.821,40.957,41.11,41.189,41.304,41.404,41.469,41.568,41.648,41.744,41.837,41.933,41.991,42.055,42.105,42.169,42.241,42.323,42.362,42.42,42.488,42.541,42.603,42.656,42.701,42.744,42.789,42.852,42.908,42.956,43.014,43.064,43.108,43.145,43.193,43.245,43.291,43.345,43.393,43.44,43.476,43.526,43.566,43.608,43.651,43.704,43.734,43.782,43.814,43.861,43.895,43.933,43.976,44.041,44.083,44.129,44.168,44.215,44.256,44.314,44.358,44.395,44.434,44.505,44.554,44.589,44.64,44.696,44.741,44.797,44.857,44.923,44.988,45.055,45.114,45.198,45.27,45.322,45.403,45.456,45.533,45.603,45.674,45.762,45.856,45.937,46.035,46.146,46.27,46.398,46.609,46.802,47.02,47.362,47.906,49.617
1188,LNP FP,38.364,39.64,40.112,40.4,40.598,40.816,40.957,41.096,41.206,41.292,41.404,41.507,41.605,41.692,41.789,41.843,41.894,41.993,42.075,42.137,42.206,42.262,42.335,42.395,42.458,42.521,42.573,42.616,42.668,42.723,42.767,42.824,42.86,42.907,42.949,42.987,43.037,43.09,43.142,43.185,43.232,43.296,43.334,43.382,43.423,43.484,43.544,43.585,43.634,43.672,43.719,43.76,43.804,43.841,43.887,43.921,43.974,44.014,44.058,44.101,44.144,44.18,44.222,44.273,44.332,44.388,44.436,44.49,44.534,44.58,44.651,44.697,44.778,44.816,44.864,44.914,44.973,45.004,45.061,45.118,45.19,45.275,45.329,45.387,45.448,45.529,45.593,45.661,45.757,45.848,45.946,46.052,46.157,46.255,46.415,46.586,46.773,47.046,47.341,47.818,49.662
1189,LNP FP,38.364,39.64,40.112,40.4,40.598,40.816,40.957,41.096,41.206,41.292,41.404,41.507,41.605,41.692,41.789,41.843,41.894,41.993,42.075,42.137,42.206,42.262,42.335,42.395,42.458,42.521,42.573,42.616,42.668,42.723,42.767,42.824,42.86,42.907,42.949,42.987,43.037,43.09,43.142,43.185,43.232,43.296,43.334,43.382,43.423,43.484,43.544,43.585,43.634,43.672,43.719,43.76,43.804,43.841,43.887,43.921,43.974,44.014,44.058,44.101,44.144,44.18,44.222,44.273,44.332,44.388,44.436,44.49,44.534,44.58,44.651,44.697,44.778,44.816,44.864,44.914,44.973,45.004,45.061,45.118,45.19,45.275,45.329,45.387,45.448,45.529,45.593,45.661,45.757,45.848,45.946,46.052,46.157,46.255,46.415,46.586,46.773,47.046,47.341,47.818,49.662
1190,LNP FP,38.401,39.67,40.076,40.436,40.698,40.878,40.986,41.107,41.204,41.293,41.386,41.509,41.589,41.667,41.732,41.818,41.908,41.985,42.09,42.154,42.223,42.284,42.343,42.409,42.456,42.502,42.582,42.638,42.68,42.738,42.79,42.822,42.864,42.904,42.958,43.001,43.055,43.106,43.164,43.215,43.274,43.322,43.368,43.406,43.454,43.489,43.544,43.585,43.635,43.672,43.715,43.761,43.798,43.838,43.891,43.944,43.999,44.043,44.078,44.125,44.165,44.205,44.25,44.293,44.372,44.431,44.471,44.531,44.584,44.626,44.683,44.722,44.781,44.828,44.882,44.924,44.98,45.042,45.098,45.144,45.21,45.263,45.323,45.393,45.453,45.541,45.614,45.673,45.742,45.825,45.936,46.037,46.146,46.28,46.451,46.589,46.787,47.064,47.297,47.823,49.431
1191,LNP FP,38.401,39.67,40.076,40.436,40.698,40.878,40.986,41.107,41.204,41.293,41.386,41.509,41.589,41.667,41.732,41.818,41.908,41.985,42.09,42.154,42.223,42.284,42.343,42.409,42.456,42.502,42.582,42.638,42.68,42.738,42.79,42.822,42.864,42.904,42.958,43.001,43.055,43.106,43.164,43.215,43.274,43.322,43.368,43.406,43.454,43.489,43.544,43.585,43.635,43.672,43.715,43.761,43.798,43.838,43.891,43.944,43.999,44.043,44.078,44.125,44.165,44.205,44.25,44.293,44.372,44.431,44.471,44.531,44.584,44.626,44.683,44.722,44.781,44.828,44.882,44.924,44.98,45.042,45.098,45.144,45.21,45.263,45.323,45.393,45.453,45.541,45.614,45.673,45.742,45.825,45.936,46.037,46.146,46.28,46.451,46.589,46.787,47.064,47.297,47.823,49.431
1192,LNP FP,38.312,39.617,40.135,40.51,40.69,40.891,41.055,41.167,41.275,41.395,41.468,41.539,41.627,41.715,41.83,41.912,41.983,42.039,42.127,42.185,42.266,42.329,42.386,42.441,42.496,42.554,42.598,42.661,42.724,42.762,42.815,42.861,42.916,42.957,43.001,43.054,43.094,43.137,43.195,43.231,43.283,43.323,43.373,43.411,43.45,43.49,43.543,43.573,43.622,43.668,43.698,43.742,43.8,43.857,43.901,43.954,43.998,44.055,44.102,44.145,44.202,44.243,44.292,44.333,44.378,44.424,44.473,44.523,44.568,44.627,44.696,44.758,44.805,44.85,44.902,44.946,45.004,45.047,45.096,45.17,45.239,45.303,45.355,45.437,45.494,45.563,45.653,45.745,45.84,45.933,46.011,46.112,46.231,46.379,46.51,46.658,46.83,47.04,47.35,47.845,49.357
1193,LNP FP,38.312,39.617,40.135,40.51,40.69,40.891,41.055,41.167,41.275,41.395,41.468,41.539,41.627,41.715,41.83,41.912,41.983,42.039,42.127,42.185,42.266,42.329,42.386,42.441,42.496,42.554,42.598,42.661,42.724,42.762,42.815,42.861,42.916,42.957,43.001,43.054,43.094,43.137,43.195,43.231,43.283,43.323,43.373,43.411,43.45,43.49,43.543,43.573,43.622,43.668,43.698,43.742,43.8,43.857,43.901,43.954,43.998,44.055,44.102,44.145,44.202,44.243,44.292,44.333,44.378,44.424,44.473,44.523,44.568,44.627,44.696,44.758,44.805,44.85,44.902,44.946,45.004,45.047,45.096,45.17,45.239,45.303,45.355,45.437,45.494,45.563,45.653,45.745,45.84,45.933,46.011,46.112,46.231,46.379,46.51,46.658,46.83,47.04,47.35,47.845,49.357
1194,LNP FP,38.187,39.656,40.21,40.493,40.698,40.907,41.054,41.199,41.337,41.433,41.525,41.626,41.708,41.77,41.863,41.913,41.987,42.073,42.135,42.2,42.242,42.322,42.389,42.442,42.488,42.55,42.61,42.658,42.707,42.755,42.818,42.876,42.92,42.959,42.995,43.064,43.105,43.157,43.213,43.257,43.318,43.359,43.403,43.437,43.489,43.538,43.575,43.61,43.671,43.719,43.776,43.81,43.852,43.906,43.942,43.985,44.031,44.091,44.138,44.193,44.234,44.286,44.327,44.354,44.408,44.461,44.507,44.571,44.624,44.67,44.731,44.768,44.829,44.883,44.918,44.991,45.046,45.103,45.159,45.21,45.276,45.342,45.425,45.482,45.551,45.613,45.68,45.768,45.84,45.946,46.045,46.146,46.262,46.396,46.492,46.708,46.835,47.081,47.334,47.764,49.246
1195,LNP FP,38.187,39.656,40.21,40.493,40.698,40.907,41.054,41.199,41.337,41.433,41.525,41.626,41.708,41.77,41.863,41.913,41.987,42.073,42.135,42.2,42.242,42.322,42.389,42.442,42.488,42.55,42.61,42.658,42.707,42.755,42.818,42.876,42.92,42.959,42.995,43.064,43.105,43.157,43.213,43.257,43.318,43.359,43.403,43.437,43.489,43.538,43.575,43.61,43.671,43.719,43.776,43.81,43.852,43.906,43.942,43.985,44.031,44.091,44.138,44.193,44.234,44.286,44.327,44.354,44.408,44.461,44.507,44.571,44.624,44.67,44.731,44.768,44.829,44.883,44.918,44.991,45.046,45.103,45.159,45.21,45.276,45.342,45.425,45.482,45.551,45.613,45.68,45.768,45.84,45.946,46.045,46.146,46.262,46.396,46.492,46.708,46.835,47.081,47.334,47.764,49.246
1196,LNP FP,38.591,39.733,40.197,40.506,40.74,41.001,41.128,41.243,41.331,41.453,41.537,41.63,41.725,41.808,41.877,41.941,42.011,42.081,42.131,42.176,42.255,42.325,42.389,42.448,42.498,42.574,42.647,42.697,42.751,42.801,42.85,42.909,42.958,43.009,43.053,43.089,43.133,43.182,43.225,43.261,43.305,43.368,43.411,43.459,43.506,43.557,43.594,43.652,43.697,43.75,43.801,43.855,43.904,43.948,44.01,44.041,44.083,44.124,44.162,44.205,44.256,44.293,44.361,44.418,44.467,44.511,44.549,44.603,44.654,44.693,44.739,44.8,44.847,44.896,44.951,45.016,45.075,45.119,45.182,45.251,45.312,45.364,45.429,45.507,45.566,45.621,45.719,45.791,45.893,45.967,46.061,46.188,46.292,46.412,46.563,46.764,46.899,47.085,47.3,47.856,49.25
1197,LNP FP,38.591,39.733,40.197,40.506,40.74,41.001,41.128,41.243,41.331,41.453,41.537,41.63,41.725,41.808,41.877,41.941,42.011,42.081,42.131,42.176,42.255,42.325,42.389,42.448,42.498,42.574,42.647,42.697,42.751,42.801,42.85,42.909,42.958,43.009,43.053,43.089,43.133,43.182,43.225,43.261,43.305,43.368,43.411,43.459,43.506,43.557,43.594,43.652,43.697,43.75,43.801,43.855,43.904,43.948,44.01,44.041,44.083,44.124,44.162,44.205,44.256,44.293,44.361,44.418,44.467,44.511,44.549,44.603,44.654,44.693,44.739,44.8,44.847,44.896,44.951,45.016,45.075,45.119,45.182,45.251,45.312,45.364,45.429,45.507,45.566,45.621,45.719,45.791,45.893,45.967,46.061,46.188,46.292,46.412,46.563,46.764,46.899,47.085,47.3,47.856,49.25
1198,LNP FP,38.424,39.785,40.227,40.511,40.773,40.973,41.114,41.273,41.364,41.47,41.571,41.654,41.745,41.817,41.888,41.947,42.006,42.063,42.122,42.209,42.269,42.347,42.427,42.491,42.543,42.573,42.636,42.696,42.768,42.827,42.888,42.943,42.991,43.052,43.097,43.134,43.188,43.233,43.274,43.322,43.366,43.409,43.45,43.503,43.556,43.614,43.655,43.712,43.762,43.798,43.839,43.882,43.91,43.957,44.0,44.034,44.083,44.13,44.181,44.231,44.288,44.328,44.395,44.439,44.483,44.521,44.581,44.631,44.685,44.723,44.778,44.815,44.869,44.916,44.982,45.031,45.085,45.143,45.23,45.294,45.355,45.418,45.487,45.528,45.585,45.675,45.749,45.836,45.932,46.024,46.1,46.195,46.35,46.448,46.583,46.729,46.904,47.107,47.313,47.797,49.665
1199,LNP FP,38.424,39.785,40.227,40.511,40.773,40.973,41.114,41.273,41.364,41.47,41.571,41.654,41.745,41.817,41.888,41.947,42.006,42.063,42.122,42.209,42.269,42.347,42.427,42.491,42.543,42.573,42.636,42.696,42.768,42.827,42.888,42.943,42.991,43.052,43.097,43.134,43.188,43.233,43.274,43.322,43.366,43.409,43.45,43.503,43.556,43.614,43.655,43.712,43.762,43.798,43.839,43.882,43.91,43.957,44.0,44.034,44.083,44.13,44.181,44.231,44.288,44.328,44.395,44.439,44.483,44.521,44.581,44.631,44.685,44.723,44.778,44.815,44.869,44.916,44.982,45.031,45.085,45.143,45.23,45.294,45.355,45.418,45.487,45.528,45.585,45.675,45.749,45.836,45.932,46.024,46.1,46.195,46.35,46.448,46.583,46.729,46.904,47.107,47.313,47.797,49.665
1200,LNP FP,38.595,39.739,40.233,40.555,40.829,40.992,41.122,41.257,41.379,41.468,41.564,41.654,41.748,41.834,41.882,41.959,42.038,42.111,42.186,42.248,42.309,42.368,42.429,42.485,42.558,42.618,42.675,42.74,42.799,42.859,42.925,42.972,43.029,43.056,43.107,43.154,43.225,43.266,43.314,43.352,43.4,43.458,43.519,43.573,43.617,43.666,43.706,43.752,43.797,43.837,43.881,43.922,43.967,44.02,44.061,44.107,44.151,44.201,44.237,44.279,44.319,44.358,44.433,44.48,44.531,44.558,44.594,44.646,44.699,44.749,44.807,44.864,44.913,44.979,45.028,45.071,45.116,45.191,45.259,45.308,45.37,45.433,45.497,45.572,45.658,45.709,45.779,45.864,45.942,46.026,46.114,46.214,46.321,46.449,46.578,46.723,46.876,47.084,47.358,47.835,49.161
1201,LNP FP,38.595,39.739,40.233,40.555,40.829,40.992,41.122,41.257,41.379,41.468,41.564,41.654,41.748,41.834,41.882,41.959,42.038,42.111,42.186,42.248,42.309,42.368,42.429,42.485,42.558,42.618,42.675,42.74,42.799,42.859,42.925,42.972,43.029,43.056,43.107,43.154,43.225,43.266,43.314,43.352,43.4,43.458,43.519,43.573,43.617,43.666,43.706,43.752,43.797,43.837,43.881,43.922,43.967,44.02,44.061,44.107,44.151,44.201,44.237,44.279,44.319,44.358,44.433,44.48,44.531,44.558,44.594,44.646,44.699,44.749,44.807,44.864,44.913,44.979,45.028,45.071,45.116,45.191,45.259,45.308,45.37,45.433,45.497,45.572,45.658,45.709,45.779,45.864,45.942,46.026,46.114,46.214,46.321,46.449,46.578,46.723,46.876,47.084,47.358,47.835,49.161
1202,LNP FP,38.578,39.862,40.233,40.489,40.837,41.012,41.118,41.262,41.362,41.441,41.552,41.649,41.743,41.832,41.969,42.022,42.077,42.151,42.216,42.276,42.335,42.396,42.461,42.517,42.583,42.649,42.721,42.751,42.816,42.876,42.936,42.982,43.04,43.109,43.17,43.216,43.261,43.311,43.356,43.396,43.442,43.491,43.523,43.567,43.625,43.681,43.718,43.763,43.805,43.847,43.9,43.94,43.987,44.029,44.073,44.118,44.166,44.219,44.261,44.296,44.354,44.402,44.445,44.489,44.534,44.572,44.62,44.673,44.718,44.762,44.827,44.878,44.929,44.987,45.031,45.09,45.135,45.192,45.247,45.306,45.36,45.444,45.518,45.614,45.677,45.732,45.81,45.881,45.983,46.05,46.144,46.244,46.36,46.474,46.595,46.724,46.934,47.148,47.407,47.74,49.161
1203,LNP FP,38.578,39.862,40.233,40.489,40.837,41.012,41.118,41.262,41.362,41.441,41.552,41.649,41.743,41.832,41.969,42.022,42.077,42.151,42.216,42.276,42.335,42.396,42.461,42.517,42.583,42.649,42.721,42.751,42.816,42.876,42.936,42.982,43.04,43.109,43.17,43.216,43.261,43.311,43.356,43.396,43.442,43.491,43.523,43.567,43.625,43.681,43.718,43.763,43.805,43.847,43.9,43.94,43.987,44.029,44.073,44.118,44.166,44.219,44.261,44.296,44.354,44.402,44.445,44.489,44.534,44.572,44.62,44.673,44.718,44.762,44.827,44.878,44.929,44.987,45.031,45.09,45.135,45.192,45.247,45.306,45.36,45.444,45.518,45.614,45.677,45.732,45.81,45.881,45.983,46.05,46.144,46.244,46.36,46.474,46.595,46.724,46.934,47.148,47.407,47.74,49.161
1204,LNP FP,38.519,39.906,40.322,40.555,40.836,41.041,41.184,41.282,41.408,41.504,41.585,41.652,41.771,41.853,41.944,42.021,42.105,42.187,42.234,42.303,42.387,42.444,42.51,42.575,42.628,42.668,42.721,42.779,42.83,42.882,42.942,42.994,43.051,43.112,43.177,43.223,43.271,43.314,43.347,43.423,43.469,43.516,43.552,43.605,43.644,43.684,43.739,43.768,43.818,43.863,43.909,43.955,43.997,44.039,44.084,44.135,44.185,44.228,44.266,44.309,44.354,44.399,44.435,44.479,44.535,44.577,44.62,44.668,44.709,44.77,44.822,44.87,44.923,44.995,45.06,45.109,45.162,45.222,45.284,45.332,45.406,45.467,45.534,45.588,45.652,45.753,45.825,45.921,45.995,46.057,46.124,46.247,46.342,46.479,46.606,46.744,46.954,47.162,47.465,47.859,49.045
1205,LNP FP,38.519,39.906,40.322,40.555,40.836,41.041,41.184,41.282,41.408,41.504,41.585,41.652,41.771,41.853,41.944,42.021,42.105,42.187,42.234,42.303,42.387,42.444,42.51,42.575,42.628,42.668,42.721,42.779,42.83,42.882,42.942,42.994,43.051,43.112,43.177,43.223,43.271,43.314,43.347,43.423,43.469,43.516,43.552,43.605,43.644,43.684,43.739,43.768,43.818,43.863,43.909,43.955,43.997,44.039,44.084,44.135,44.185,44.228,44.266,44.309,44.354,44.399,44.435,44.479,44.535,44.577,44.62,44.668,44.709,44.77,44.822,44.87,44.923,44.995,45.06,45.109,45.162,45.222,45.284,45.332,45.406,45.467,45.534,45.588,45.652,45.753,45.825,45.921,45.995,46.057,46.124,46.247,46.342,46.479,46.606,46.744,46.954,47.162,47.465,47.859,49.045
1206,LNP FP,38.774,40.039,40.325,40.621,40.937,41.097,41.257,41.357,41.47,41.546,41.65,41.73,41.831,41.913,41.998,42.088,42.165,42.23,42.291,42.338,42.388,42.464,42.528,42.6,42.65,42.712,42.769,42.816,42.862,42.904,42.949,42.997,43.05,43.117,43.174,43.223,43.273,43.31,43.362,43.425,43.475,43.506,43.569,43.62,43.661,43.703,43.733,43.801,43.859,43.895,43.935,43.981,44.014,44.049,44.098,44.152,44.191,44.239,44.283,44.323,44.374,44.434,44.495,44.534,44.582,44.634,44.685,44.742,44.778,44.841,44.884,44.922,44.969,45.025,45.062,45.111,45.167,45.218,45.286,45.334,45.392,45.465,45.545,45.621,45.681,45.744,45.818,45.889,45.991,46.114,46.177,46.25,46.362,46.495,46.634,46.787,46.941,47.117,47.377,47.807,49.238
1207,LNP FP,38.774,40.039,40.325,40.621,40.937,41.097,41.257,41.357,41.47,41.546,41.65,41.73,41.831,41.913,41.998,42.088,42.165,42.23,42.291,42.338,42.388,42.464,42.528,42.6,42.65,42.712,42.769,42.816,42.862,42.904,42.949,42.997,43.05,43.117,43.174,43.223,43.273,43.31,43.362,43.425,43.475,43.506,43.569,43.62,43.661,43.703,43.733,43.801,43.859,43.895,43.935,43.981,44.014,44.049,44.098,44.152,44.191,44.239,44.283,44.323,44.374,44.434,44.495,44.534,44.582,44.634,44.685,44.742,44.778,44.841,44.884,44.922,44.969,45.025,45.062,45.111,45.167,45.218,45.286,45.334,45.392,45.465,45.545,45.621,45.681,45.744,45.818,45.889,45.991,46.114,46.177,46.25,46.362,46.495,46.634,46.787,46.941,47.117,47.377,47.807,49.238
1208,LNP FP,38.927,40.106,40.517,40.772,41.045,41.194,41.303,41.409,41.529,41.631,41.724,41.808,41.881,41.986,42.07,42.133,42.213,42.292,42.339,42.413,42.486,42.543,42.601,42.649,42.711,42.759,42.813,42.864,42.922,42.97,43.02,43.067,43.11,43.162,43.228,43.277,43.332,43.381,43.433,43.502,43.543,43.573,43.623,43.673,43.719,43.782,43.829,43.871,43.923,43.965,44.01,44.043,44.086,44.14,44.18,44.225,44.265,44.313,44.358,44.408,44.465,44.507,44.565,44.606,44.635,44.684,44.724,44.775,44.818,44.856,44.905,44.957,44.997,45.04,45.075,45.139,45.184,45.245,45.306,45.367,45.424,45.473,45.546,45.62,45.686,45.761,45.838,45.942,46.064,46.168,46.228,46.323,46.426,46.528,46.67,46.776,46.915,47.147,47.42,47.74,49.311
1209,LNP FP,38.927,40.106,40.517,40.772,41.045,41.194,41.303,41.409,41.529,41.631,41.724,41.808,41.881,41.986,42.07,42.133,42.213,42.292,42.339,42.413,42.486,42.543,42.601,42.649,42.711,42.759,42.813,42.864,42.922,42.97,43.02,43.067,43.11,43.162,43.228,43.277,43.332,43.381,43.433,43.502,43.543,43.573,43.623,43.673,43.719,43.782,43.829,43.871,43.923,43.965,44.01,44.043,44.086,44.14,44.18,44.225,44.265,44.313,44.358,44.408,44.465,44.507,44.565,44.606,44.635,44.684,44.724,44.775,44.818,44.856,44.905,44.957,44.997,45.04,45.075,45.139,45.184,45.245,45.306,45.367,45.424,45.473,45.546,45.62,45.686,45.761,45.838,45.942,46.064,46.168,46.228,46.323,46.426,46.528,46.67,46.776,46.915,47.147,47.42,47.74,49.311
1210,LNP FP,39.147,40.129,40.609,40.929,41.111,41.318,41.432,41.569,41.716,41.823,41.905,41.99,42.064,42.179,42.24,42.301,42.353,42.405,42.486,42.537,42.599,42.653,42.707,42.781,42.824,42.884,42.927,42.962,43.039,43.102,43.15,43.203,43.251,43.298,43.337,43.379,43.425,43.47,43.522,43.561,43.611,43.647,43.68,43.741,43.795,43.849,43.894,43.935,43.979,44.025,44.058,44.096,44.134,44.173,44.216,44.28,44.32,44.356,44.398,44.439,44.498,44.539,44.587,44.635,44.686,44.73,44.773,44.851,44.889,44.929,44.986,45.037,45.082,45.137,45.187,45.222,45.282,45.339,45.39,45.434,45.475,45.537,45.592,45.653,45.729,45.831,45.901,45.976,46.049,46.135,46.219,46.302,46.417,46.528,46.649,46.825,46.956,47.175,47.503,47.936,49.394
1211,LNP FP,39.147,40.129,40.609,40.929,41.111,41.318,41.432,41.569,41.716,41.823,41.905,41.99,42.064,42.179,42.24,42.301,42.353,42.405,42.486,42.537,42.599,42.653,42.707,42.781,42.824,42.884,42.927,42.962,43.039,43.102,43.15,43.203,43.251,43.298,43.337,43.379,43.425,43.47,43.522,43.561,43.611,43.647,43.68,43.741,43.795,43.849,43.894,43.935,43.979,44.025,44.058,44.096,44.134,44.173,44.216,44.28,44.32,44.356,44.398,44.439,44.498,44.539,44.587,44.635,44.686,44.73,44.773,44.851,44.889,44.929,44.986,45.037,45.082,45.137,45.187,45.222,45.282,45.339,45.39,45.434,45.475,45.537,45.592,45.653,45.729,45.831,45.901,45.976,46.049,46.135,46.219,46.302,46.417,46.528,46.649,46.825,46.956,47.175,47.503,47.936,49.394
1212,LNP FP,39.058,40.319,40.745,40.994,41.227,41.418,41.549,41.679,41.774,41.897,41.992,42.086,42.16,42.258,42.316,42.398,42.456,42.516,42.566,42.615,42.683,42.736,42.785,42.838,42.888,42.96,43.009,43.095,43.152,43.218,43.272,43.312,43.347,43.378,43.418,43.462,43.501,43.558,43.608,43.649,43.679,43.717,43.788,43.832,43.876,43.907,43.943,43.99,44.026,44.079,44.127,44.168,44.208,44.257,44.289,44.333,44.366,44.399,44.45,44.495,44.525,44.561,44.608,44.664,44.704,44.731,44.77,44.823,44.875,44.918,44.959,45.005,45.064,45.125,45.194,45.259,45.324,45.38,45.44,45.503,45.56,45.636,45.683,45.74,45.787,45.845,45.915,46.0,46.079,46.166,46.261,46.343,46.454,46.581,46.678,46.815,47.053,47.262,47.54,47.914,49.298
1213,LNP FP,39.058,40.319,40.745,40.994,41.227,41.418,41.549,41.679,41.774,41.897,41.992,42.086,42.16,42.258,42.316,42.398,42.456,42.516,42.566,42.615,42.683,42.736,42.785,42.838,42.888,42.96,43.009,43.095,43.152,43.218,43.272,43.312,43.347,43.378,43.418,43.462,43.501,43.558,43.608,43.649,43.679,43.717,43.788,43.832,43.876,43.907,43.943,43.99,44.026,44.079,44.127,44.168,44.208,44.257,44.289,44.333,44.366,44.399,44.45,44.495,44.525,44.561,44.608,44.664,44.704,44.731,44.77,44.823,44.875,44.918,44.959,45.005,45.064,45.125,45.194,45.259,45.324,45.38,45.44,45.503,45.56,45.636,45.683,45.74,45.787,45.845,45.915,46.0,46.079,46.166,46.261,46.343,46.454,46.581,46.678,46.815,47.053,47.262,47.54,47.914,49.298
1214,LNP FP,39.315,40.4,40.876,41.163,41.396,41.592,41.731,41.857,41.927,42.036,42.154,42.247,42.317,42.39,42.459,42.511,42.583,42.647,42.727,42.789,42.845,42.902,42.945,42.99,43.06,43.124,43.172,43.219,43.278,43.318,43.363,43.4,43.451,43.485,43.525,43.571,43.608,43.643,43.675,43.724,43.763,43.809,43.859,43.884,43.932,43.971,44.014,44.046,44.089,44.122,44.154,44.189,44.224,44.266,44.322,44.37,44.414,44.457,44.49,44.529,44.568,44.619,44.655,44.703,44.737,44.782,44.831,44.863,44.901,44.958,45.026,45.086,45.141,45.172,45.229,45.285,45.328,45.387,45.446,45.511,45.564,45.618,45.697,45.762,45.83,45.894,45.977,46.055,46.124,46.187,46.261,46.364,46.452,46.542,46.712,46.861,47.049,47.274,47.574,47.926,48.845
1215,LNP FP,39.315,40.4,40.876,41.163,41.396,41.592,41.731,41.857,41.927,42.036,42.154,42.247,42.317,42.39,42.459,42.511,42.583,42.647,42.727,42.789,42.845,42.902,42.945,42.99,43.06,43.124,43.172,43.219,43.278,43.318,43.363,43.4,43.451,43.485,43.525,43.571,43.608,43.643,43.675,43.724,43.763,43.809,43.859,43.884,43.932,43.971,44.014,44.046,44.089,44.122,44.154,44.189,44.224,44.266,44.322,44.37,44.414,44.457,44.49,44.529,44.568,44.619,44.655,44.703,44.737,44.782,44.831,44.863,44.901,44.958,45.026,45.086,45.141,45.172,45.229,45.285,45.328,45.387,45.446,45.511,45.564,45.618,45.697,45.762,45.83,45.894,45.977,46.055,46.124,46.187,46.261,46.364,46.452,46.542,46.712,46.861,47.049,47.274,47.574,47.926,48.845
1216,LNP FP,39.517,40.665,41.056,41.323,41.526,41.677,41.84,41.936,42.048,42.137,42.217,42.321,42.384,42.452,42.559,42.629,42.701,42.757,42.824,42.896,42.953,43.003,43.048,43.113,43.155,43.216,43.279,43.328,43.362,43.416,43.461,43.501,43.55,43.595,43.638,43.676,43.732,43.763,43.797,43.831,43.872,43.901,43.934,43.976,44.018,44.054,44.095,44.127,44.17,44.206,44.267,44.3,44.336,44.37,44.414,44.458,44.487,44.51,44.543,44.591,44.647,44.678,44.726,44.764,44.803,44.847,44.886,44.931,44.98,45.027,45.081,45.126,45.166,45.218,45.271,45.328,45.374,45.426,45.477,45.537,45.61,45.668,45.717,45.778,45.867,45.923,45.966,46.029,46.128,46.202,46.283,46.398,46.493,46.58,46.68,46.809,46.954,47.155,47.505,47.789,48.801
1217,LNP FP,39.517,40.665,41.056,41.323,41.526,41.677,41.84,41.936,42.048,42.137,42.217,42.321,42.384,42.452,42.559,42.629,42.701,42.757,42.824,42.896,42.953,43.003,43.048,43.113,43.155,43.216,43.279,43.328,43.362,43.416,43.461,43.501,43.55,43.595,43.638,43.676,43.732,43.763,43.797,43.831,43.872,43.901,43.934,43.976,44.018,44.054,44.095,44.127,44.17,44.206,44.267,44.3,44.336,44.37,44.414,44.458,44.487,44.51,44.543,44.591,44.647,44.678,44.726,44.764,44.803,44.847,44.886,44.931,44.98,45.027,45.081,45.126,45.166,45.218,45.271,45.328,45.374,45.426,45.477,45.537,45.61,45.668,45.717,45.778,45.867,45.923,45.966,46.029,46.128,46.202,46.283,46.398,46.493,46.58,46.68,46.809,46.954,47.155,47.505,47.789,48.801
1218,LNP FP,39.971,40.833,41.245,41.533,41.734,41.868,42.054,42.144,42.241,42.33,42.422,42.504,42.58,42.669,42.74,42.802,42.869,42.928,42.98,43.041,43.092,43.138,43.189,43.253,43.288,43.345,43.398,43.456,43.491,43.527,43.563,43.617,43.66,43.7,43.747,43.794,43.84,43.876,43.92,43.952,43.993,44.025,44.071,44.099,44.128,44.165,44.193,44.23,44.262,44.3,44.337,44.378,44.426,44.464,44.504,44.536,44.577,44.611,44.643,44.682,44.718,44.756,44.807,44.849,44.897,44.933,44.978,45.007,45.048,45.085,45.132,45.173,45.218,45.271,45.327,45.374,45.421,45.465,45.513,45.557,45.61,45.674,45.726,45.79,45.849,45.91,45.982,46.064,46.125,46.192,46.266,46.355,46.466,46.553,46.656,46.802,46.93,47.165,47.414,47.757,48.778
1219,LNP FP,39.971,40.833,41.245,41.533,41.734,41.868,42.054,42.144,42.241,42.33,42.422,42.504,42.58,42.669,42.74,42.802,42.869,42.928,42.98,43.041,43.092,43.138,43.189,43.253,43.288,43.345,43.398,43.456,43.491,43.527,43.563,43.617,43.66,43.7,43.747,43.794,43.84,43.876,43.92,43.952,43.993,44.025,44.071,44.099,44.128,44.165,44.193,44.23,44.262,44.3,44.337,44.378,44.426,44.464,44.504,44.536,44.577,44.611,44.643,44.682,44.718,44.756,44.807,44.849,44.897,44.933,44.978,45.007,45.048,45.085,45.132,45.173,45.218,45.271,45.327,45.374,45.421,45.465,45.513,45.557,45.61,45.674,45.726,45.79,45.849,45.91,45.982,46.064,46.125,46.192,46.266,46.355,46.466,46.553,46.656,46.802,46.93,47.165,47.414,47.757,48.778
1220,LNP FP,39.601,40.894,41.301,41.564,41.726,41.861,41.958,42.054,42.171,42.256,42.345,42.439,42.516,42.594,42.665,42.719,42.789,42.841,42.885,42.971,43.029,43.081,43.141,43.196,43.251,43.296,43.336,43.378,43.434,43.487,43.525,43.561,43.614,43.668,43.71,43.756,43.792,43.829,43.875,43.924,43.97,44.011,44.04,44.074,44.108,44.155,44.187,44.223,44.259,44.29,44.324,44.353,44.391,44.434,44.477,44.518,44.555,44.589,44.638,44.668,44.712,44.758,44.802,44.846,44.89,44.921,44.964,45.005,45.049,45.106,45.144,45.184,45.233,45.286,45.331,45.37,45.412,45.454,45.517,45.558,45.627,45.673,45.723,45.771,45.821,45.884,45.956,46.015,46.089,46.175,46.259,46.34,46.436,46.548,46.642,46.805,46.941,47.166,47.385,47.702,49.021
1221,LNP FP,39.601,40.894,41.301,41.564,41.726,41.861,41.958,42.054,42.171,42.256,42.345,42.439,42.516,42.594,42.665,42.719,42.789,42.841,42.885,42.971,43.029,43.081,43.141,43.196,43.251,43.296,43.336,43.378,43.434,43.487,43.525,43.561,43.614,43.668,43.71,43.756,43.792,43.829,43.875,43.924,43.97,44.011,44.04,44.074,44.108,44.155,44.187,44.223,44.259,44.29,44.324,44.353,44.391,44.434,44.477,44.518,44.555,44.589,44.638,44.668,44.712,44.758,44.802,44.846,44.89,44.921,44.964,45.005,45.049,45.106,45.144,45.184,45.233,45.286,45.331,45.37,45.412,45.454,45.517,45.558,45.627,45.673,45.723,45.771,45.821,45.884,45.956,46.015,46.089,46.175,46.259,46.34,46.436,46.548,46.642,46.805,46.941,47.166,47.385,47.702,49.021
1222,LNP FP,39.335,40.777,41.141,41.372,41.552,41.701,41.822,41.958,42.1,42.184,42.249,42.352,42.421,42.513,42.582,42.643,42.717,42.774,42.836,42.903,42.975,43.017,43.07,43.121,43.182,43.231,43.282,43.321,43.365,43.409,43.459,43.503,43.552,43.589,43.641,43.685,43.728,43.782,43.832,43.879,43.917,43.962,44.003,44.033,44.067,44.1,44.137,44.18,44.223,44.256,44.293,44.335,44.365,44.397,44.438,44.475,44.506,44.551,44.595,44.627,44.672,44.711,44.758,44.804,44.852,44.903,44.942,44.985,45.026,45.075,45.121,45.167,45.219,45.261,45.302,45.352,45.395,45.438,45.488,45.533,45.601,45.645,45.699,45.745,45.804,45.861,45.932,46.0,46.058,46.136,46.221,46.33,46.417,46.526,46.643,46.818,46.986,47.205,47.397,47.827,48.885
1223,LNP FP,39.335,40.777,41.141,41.372,41.552,41.701,41.822,41.958,42.1,42.184,42.249,42.352,42.421,42.513,42.582,42.643,42.717,42.774,42.836,42.903,42.975,43.017,43.07,43.121,43.182,43.231,43.282,43.321,43.365,43.409,43.459,43.503,43.552,43.589,43.641,43.685,43.728,43.782,43.832,43.879,43.917,43.962,44.003,44.033,44.067,44.1,44.137,44.18,44.223,44.256,44.293,44.335,44.365,44.397,44.438,44.475,44.506,44.551,44.595,44.627,44.672,44.711,44.758,44.804,44.852,44.903,44.942,44.985,45.026,45.075,45.121,45.167,45.219,45.261,45.302,45.352,45.395,45.438,45.488,45.533,45.601,45.645,45.699,45.745,45.804,45.861,45.932,46.0,46.058,46.136,46.221,46.33,46.417,46.526,46.643,46.818,46.986,47.205,47.397,47.827,48.885
1224,LNP FP,39.468,40.631,41.079,41.326,41.525,41.653,41.803,41.966,42.066,42.174,42.252,42.317,42.39,42.47,42.527,42.597,42.679,42.74,42.799,42.853,42.904,42.951,43.016,43.062,43.115,43.161,43.217,43.269,43.331,43.368,43.407,43.447,43.486,43.529,43.576,43.615,43.65,43.708,43.752,43.793,43.841,43.873,43.927,43.961,43.99,44.035,44.072,44.124,44.156,44.193,44.24,44.294,44.34,44.378,44.415,44.449,44.5,44.535,44.578,44.608,44.65,44.692,44.734,44.766,44.795,44.828,44.88,44.92,44.967,45.023,45.063,45.098,45.144,45.178,45.234,45.279,45.335,45.381,45.423,45.499,45.59,45.653,45.713,45.757,45.804,45.866,45.935,46.02,46.073,46.149,46.227,46.318,46.402,46.512,46.609,46.737,46.878,47.099,47.381,47.755,48.897
1225,LNP FP,39.468,40.631,41.079,41.326,41.525,41.653,41.803,41.966,42.066,42.174,42.252,42.317,42.39,42.47,42.527,42.597,42.679,42.74,42.799,42.853,42.904,42.951,43.016,43.062,43.115,43.161,43.217,43.269,43.331,43.368,43.407,43.447,43.486,43.529,43.576,43.615,43.65,43.708,43.752,43.793,43.841,43.873,43.927,43.961,43.99,44.035,44.072,44.124,44.156,44.193,44.24,44.294,44.34,44.378,44.415,44.449,44.5,44.535,44.578,44.608,44.65,44.692,44.734,44.766,44.795,44.828,44.88,44.92,44.967,45.023,45.063,45.098,45.144,45.178,45.234,45.279,45.335,45.381,45.423,45.499,45.59,45.653,45.713,45.757,45.804,45.866,45.935,46.02,46.073,46.149,46.227,46.318,46.402,46.512,46.609,46.737,46.878,47.099,47.381,47.755,48.897
1226,LNP FP,39.496,40.605,41.001,41.272,41.484,41.638,41.78,41.901,42.013,42.115,42.24,42.315,42.38,42.443,42.51,42.606,42.658,42.709,42.774,42.816,42.877,42.944,42.993,43.037,43.098,43.138,43.198,43.237,43.27,43.322,43.359,43.419,43.469,43.515,43.553,43.587,43.619,43.664,43.704,43.744,43.785,43.823,43.861,43.905,43.95,43.988,44.024,44.073,44.116,44.153,44.192,44.227,44.266,44.293,44.33,44.382,44.415,44.465,44.506,44.556,44.588,44.625,44.68,44.725,44.77,44.817,44.865,44.906,44.947,45.002,45.039,45.083,45.123,45.158,45.201,45.257,45.312,45.378,45.444,45.489,45.536,45.592,45.653,45.697,45.759,45.817,45.889,45.941,46.023,46.104,46.183,46.266,46.339,46.435,46.548,46.676,46.849,47.043,47.378,47.791,49.109
1227,LNP FP,39.496,40.605,41.001,41.272,41.484,41.638,41.78,41.901,42.013,42.115,42.24,42.315,42.38,42.443,42.51,42.606,42.658,42.709,42.774,42.816,42.877,42.944,42.993,43.037,43.098,43.138,43.198,43.237,43.27,43.322,43.359,43.419,43.469,43.515,43.553,43.587,43.619,43.664,43.704,43.744,43.785,43.823,43.861,43.905,43.95,43.988,44.024,44.073,44.116,44.153,44.192,44.227,44.266,44.293,44.33,44.382,44.415,44.465,44.506,44.556,44.588,44.625,44.68,44.725,44.77,44.817,44.865,44.906,44.947,45.002,45.039,45.083,45.123,45.158,45.201,45.257,45.312,45.378,45.444,45.489,45.536,45.592,45.653,45.697,45.759,45.817,45.889,45.941,46.023,46.104,46.183,46.266,46.339,46.435,46.548,46.676,46.849,47.043,47.378,47.791,49.109
1228,LNP FP,39.45,40.516,40.971,41.252,41.514,41.64,41.786,41.874,42.014,42.089,42.147,42.243,42.358,42.428,42.486,42.564,42.627,42.705,42.754,42.808,42.867,42.92,42.973,43.017,43.08,43.123,43.173,43.211,43.263,43.304,43.333,43.377,43.42,43.478,43.512,43.561,43.604,43.641,43.676,43.723,43.782,43.815,43.855,43.893,43.929,43.966,44.012,44.042,44.08,44.12,44.157,44.193,44.24,44.279,44.312,44.367,44.401,44.44,44.48,44.522,44.555,44.588,44.631,44.668,44.703,44.732,44.778,44.811,44.859,44.896,44.939,44.983,45.015,45.069,45.124,45.173,45.225,45.273,45.335,45.373,45.424,45.479,45.563,45.625,45.682,45.744,45.816,45.89,45.994,46.047,46.107,46.196,46.282,46.376,46.474,46.612,46.786,46.986,47.221,47.636,48.905
1229,LNP FP,39.45,40.516,40.971,41.252,41.514,41.64,41.786,41.874,42.014,42.089,42.147,42.243,42.358,42.428,42.486,42.564,42.627,42.705,42.754,42.808,42.867,42.92,42.973,43.017,43.08,43.123,43.173,43.211,43.263,43.304,43.333,43.377,43.42,43.478,43.512,43.561,43.604,43.641,43.676,43.723,43.782,43.815,43.855,43.893,43.929,43.966,44.012,44.042,44.08,44.12,44.157,44.193,44.24,44.279,44.312,44.367,44.401,44.44,44.48,44.522,44.555,44.588,44.631,44.668,44.703,44.732,44.778,44.811,44.859,44.896,44.939,44.983,45.015,45.069,45.124,45.173,45.225,45.273,45.335,45.373,45.424,45.479,45.563,45.625,45.682,45.744,45.816,45.89,45.994,46.047,46.107,46.196,46.282,46.376,46.474,46.612,46.786,46.986,47.221,47.636,48.905
1230,LNP FP,39.254,40.511,40.876,41.218,41.413,41.56,41.713,41.865,41.957,42.046,42.15,42.273,42.339,42.436,42.498,42.57,42.63,42.697,42.751,42.802,42.856,42.906,42.959,43.01,43.075,43.109,43.16,43.203,43.25,43.288,43.321,43.363,43.41,43.441,43.475,43.518,43.557,43.603,43.64,43.683,43.718,43.764,43.803,43.848,43.88,43.922,43.961,43.996,44.031,44.062,44.105,44.156,44.196,44.241,44.269,44.306,44.351,44.397,44.445,44.482,44.524,44.556,44.598,44.644,44.693,44.737,44.783,44.824,44.869,44.901,44.948,44.994,45.03,45.076,45.109,45.169,45.198,45.237,45.286,45.337,45.379,45.437,45.495,45.539,45.596,45.683,45.758,45.822,45.897,45.953,46.046,46.111,46.25,46.332,46.45,46.569,46.772,46.987,47.208,47.579,49.128
1231,LNP FP,39.254,40.511,40.876,41.218,41.413,41.56,41.713,41.865,41.957,42.046,42.15,42.273,42.339,42.436,42.498,42.57,42.63,42.697,42.751,42.802,42.856,42.906,42.959,43.01,43.075,43.109,43.16,43.203,43.25,43.288,43.321,43.363,43.41,43.441,43.475,43.518,43.557,43.603,43.64,43.683,43.718,43.764,43.803,43.848,43.88,43.922,43.961,43.996,44.031,44.062,44.105,44.156,44.196,44.241,44.269,44.306,44.351,44.397,44.445,44.482,44.524,44.556,44.598,44.644,44.693,44.737,44.783,44.824,44.869,44.901,44.948,44.994,45.03,45.076,45.109,45.169,45.198,45.237,45.286,45.337,45.379,45.437,45.495,45.539,45.596,45.683,45.758,45.822,45.897,45.953,46.046,46.111,46.25,46.332,46.45,46.569,46.772,46.987,47.208,47.579,49.128
1232,LNP FP,38.961,40.145,40.621,40.929,41.143,41.295,41.484,41.684,41.786,41.9,42.0,42.065,42.17,42.255,42.31,42.381,42.446,42.52,42.589,42.642,42.717,42.764,42.806,42.862,42.916,42.953,43.001,43.054,43.106,43.149,43.194,43.251,43.289,43.336,43.378,43.435,43.478,43.508,43.551,43.597,43.643,43.678,43.713,43.744,43.779,43.827,43.87,43.903,43.958,43.987,44.021,44.068,44.098,44.136,44.17,44.204,44.259,44.304,44.345,44.392,44.44,44.472,44.523,44.57,44.621,44.672,44.714,44.754,44.797,44.84,44.884,44.923,44.963,45.035,45.088,45.135,45.192,45.237,45.293,45.349,45.401,45.474,45.55,45.62,45.696,45.747,45.809,45.876,45.938,46.028,46.135,46.26,46.345,46.454,46.546,46.685,46.836,46.998,47.331,47.778,48.976
1233,LNP FP,38.961,40.145,40.621,40.929,41.143,41.295,41.484,41.684,41.786,41.9,42.0,42.065,42.17,42.255,42.31,42.381,42.446,42.52,42.589,42.642,42.717,42.764,42.806,42.862,42.916,42.953,43.001,43.054,43.106,43.149,43.194,43.251,43.289,43.336,43.378,43.435,43.478,43.508,43.551,43.597,43.643,43.678,43.713,43.744,43.779,43.827,43.87,43.903,43.958,43.987,44.021,44.068,44.098,44.136,44.17,44.204,44.259,44.304,44.345,44.392,44.44,44.472,44.523,44.57,44.621,44.672,44.714,44.754,44.797,44.84,44.884,44.923,44.963,45.035,45.088,45.135,45.192,45.237,45.293,45.349,45.401,45.474,45.55,45.62,45.696,45.747,45.809,45.876,45.938,46.028,46.135,46.26,46.345,46.454,46.546,46.685,46.836,46.998,47.331,47.778,48.976
1234,LNP FP,38.655,39.809,40.398,40.753,41.04,41.178,41.34,41.504,41.618,41.709,41.818,41.911,42.02,42.108,42.184,42.244,42.318,42.388,42.441,42.501,42.563,42.611,42.65,42.693,42.749,42.813,42.847,42.897,42.945,42.998,43.06,43.102,43.146,43.189,43.247,43.29,43.322,43.371,43.41,43.454,43.503,43.546,43.586,43.638,43.677,43.715,43.763,43.816,43.858,43.924,43.976,44.037,44.078,44.118,44.181,44.218,44.263,44.302,44.344,44.399,44.447,44.478,44.53,44.572,44.627,44.67,44.717,44.773,44.816,44.848,44.89,44.939,44.981,45.041,45.107,45.15,45.19,45.234,45.299,45.381,45.447,45.507,45.582,45.642,45.714,45.786,45.852,45.937,45.995,46.123,46.22,46.316,46.389,46.472,46.569,46.735,46.904,47.081,47.379,47.773,49.559
1235,LNP FP,38.655,39.809,40.398,40.753,41.04,41.178,41.34,41.504,41.618,41.709,41.818,41.911,42.02,42.108,42.184,42.244,42.318,42.388,42.441,42.501,42.563,42.611,42.65,42.693,42.749,42.813,42.847,42.897,42.945,42.998,43.06,43.102,43.146,43.189,43.247,43.29,43.322,43.371,43.41,43.454,43.503,43.546,43.586,43.638,43.677,43.715,43.763,43.816,43.858,43.924,43.976,44.037,44.078,44.118,44.181,44.218,44.263,44.302,44.344,44.399,44.447,44.478,44.53,44.572,44.627,44.67,44.717,44.773,44.816,44.848,44.89,44.939,44.981,45.041,45.107,45.15,45.19,45.234,45.299,45.381,45.447,45.507,45.582,45.642,45.714,45.786,45.852,45.937,45.995,46.123,46.22,46.316,46.389,46.472,46.569,46.735,46.904,47.081,47.379,47.773,49.559
1236,LNP FP,37.915,39.546,39.901,40.288,40.584,40.839,40.967,41.07,41.168,41.288,41.409,41.538,41.647,41.742,41.824,41.899,41.965,42.034,42.095,42.168,42.235,42.306,42.355,42.423,42.484,42.555,42.603,42.654,42.707,42.759,42.809,42.864,42.91,42.952,43.0,43.036,43.084,43.135,43.19,43.235,43.285,43.339,43.405,43.456,43.491,43.539,43.583,43.641,43.696,43.735,43.781,43.827,43.884,43.923,43.981,44.02,44.064,44.122,44.186,44.243,44.291,44.341,44.394,44.452,44.503,44.559,44.608,44.65,44.698,44.749,44.804,44.856,44.921,44.97,45.032,45.081,45.143,45.201,45.258,45.306,45.371,45.434,45.486,45.551,45.611,45.693,45.752,45.846,45.948,46.014,46.11,46.215,46.34,46.464,46.598,46.757,46.942,47.264,47.659,48.039,49.9
1237,LNP FP,37.915,39.546,39.901,40.288,40.584,40.839,40.967,41.07,41.168,41.288,41.409,41.538,41.647,41.742,41.824,41.899,41.965,42.034,42.095,42.168,42.235,42.306,42.355,42.423,42.484,42.555,42.603,42.654,42.707,42.759,42.809,42.864,42.91,42.952,43.0,43.036,43.084,43.135,43.19,43.235,43.285,43.339,43.405,43.456,43.491,43.539,43.583,43.641,43.696,43.735,43.781,43.827,43.884,43.923,43.981,44.02,44.064,44.122,44.186,44.243,44.291,44.341,44.394,44.452,44.503,44.559,44.608,44.65,44.698,44.749,44.804,44.856,44.921,44.97,45.032,45.081,45.143,45.201,45.258,45.306,45.371,45.434,45.486,45.551,45.611,45.693,45.752,45.846,45.948,46.014,46.11,46.215,46.34,46.464,46.598,46.757,46.942,47.264,47.659,48.039,49.9
1238,LNP FP,37.632,39.186,39.634,40.028,40.249,40.406,40.57,40.688,40.849,41.012,41.131,41.227,41.336,41.41,41.491,41.56,41.661,41.741,41.801,41.863,41.948,42.014,42.092,42.16,42.212,42.273,42.328,42.398,42.47,42.531,42.577,42.623,42.684,42.744,42.783,42.84,42.892,42.933,42.983,43.033,43.085,43.146,43.204,43.255,43.306,43.356,43.415,43.465,43.521,43.569,43.63,43.695,43.728,43.775,43.826,43.867,43.913,43.96,43.998,44.039,44.075,44.118,44.167,44.209,44.254,44.317,44.376,44.417,44.469,44.521,44.589,44.633,44.681,44.759,44.811,44.876,44.927,45.0,45.058,45.107,45.172,45.247,45.333,45.401,45.463,45.554,45.626,45.715,45.838,45.912,46.019,46.152,46.293,46.403,46.531,46.758,46.943,47.14,47.449,48.005,49.558
1239,LNP FP,37.632,39.186,39.634,40.028,40.249,40.406,40.57,40.688,40.849,41.012,41.131,41.227,41.336,41.41,41.491,41.56,41.661,41.741,41.801,41.863,41.948,42.014,42.092,42.16,42.212,42.273,42.328,42.398,42.47,42.531,42.577,42.623,42.684,42.744,42.783,42.84,42.892,42.933,42.983,43.033,43.085,43.146,43.204,43.255,43.306,43.356,43.415,43.465,43.521,43.569,43.63,43.695,43.728,43.775,43.826,43.867,43.913,43.96,43.998,44.039,44.075,44.118,44.167,44.209,44.254,44.317,44.376,44.417,44.469,44.521,44.589,44.633,44.681,44.759,44.811,44.876,44.927,45.0,45.058,45.107,45.172,45.247,45.333,45.401,45.463,45.554,45.626,45.715,45.838,45.912,46.019,46.152,46.293,46.403,46.531,46.758,46.943,47.14,47.449,48.005,49.558
1240,LNP FP,37.364,38.775,39.213,39.635,39.996,40.177,40.366,40.508,40.603,40.714,40.827,40.953,41.076,41.161,41.269,41.351,41.446,41.518,41.594,41.687,41.77,41.842,41.907,41.963,42.019,42.076,42.131,42.198,42.249,42.286,42.336,42.402,42.463,42.526,42.576,42.632,42.693,42.744,42.797,42.864,42.92,42.965,43.02,43.068,43.125,43.174,43.238,43.285,43.326,43.387,43.424,43.476,43.53,43.568,43.623,43.67,43.725,43.764,43.803,43.849,43.901,43.946,43.991,44.03,44.069,44.121,44.187,44.251,44.315,44.369,44.442,44.503,44.552,44.62,44.667,44.725,44.795,44.887,44.941,45.016,45.084,45.135,45.195,45.277,45.374,45.437,45.53,45.624,45.692,45.796,45.881,45.962,46.08,46.222,46.377,46.563,46.811,47.043,47.369,47.836,48.985
1241,LNP FP,37.364,38.775,39.213,39.635,39.996,40.177,40.366,40.508,40.603,40.714,40.827,40.953,41.076,41.161,41.269,41.351,41.446,41.518,41.594,41.687,41.77,41.842,41.907,41.963,42.019,42.076,42.131,42.198,42.249,42.286,42.336,42.402,42.463,42.526,42.576,42.632,42.693,42.744,42.797,42.864,42.92,42.965,43.02,43.068,43.125,43.174,43.238,43.285,43.326,43.387,43.424,43.476,43.53,43.568,43.623,43.67,43.725,43.764,43.803,43.849,43.901,43.946,43.991,44.03,44.069,44.121,44.187,44.251,44.315,44.369,44.442,44.503,44.552,44.62,44.667,44.725,44.795,44.887,44.941,45.016,45.084,45.135,45.195,45.277,45.374,45.437,45.53,45.624,45.692,45.796,45.881,45.962,46.08,46.222,46.377,46.563,46.811,47.043,47.369,47.836,48.985
1242,LNP FP,36.864,38.722,39.163,39.458,39.685,39.899,40.101,40.258,40.431,40.575,40.712,40.809,40.909,40.991,41.073,41.163,41.243,41.326,41.385,41.454,41.531,41.595,41.645,41.73,41.793,41.84,41.882,41.941,41.999,42.061,42.128,42.205,42.26,42.31,42.35,42.406,42.484,42.53,42.578,42.621,42.658,42.724,42.773,42.84,42.898,42.958,43.001,43.062,43.103,43.145,43.19,43.231,43.291,43.362,43.404,43.451,43.507,43.57,43.62,43.683,43.727,43.782,43.837,43.898,43.933,43.985,44.038,44.102,44.152,44.205,44.254,44.314,44.36,44.425,44.471,44.537,44.621,44.705,44.771,44.821,44.886,44.954,45.008,45.087,45.167,45.263,45.346,45.421,45.498,45.601,45.703,45.806,45.91,46.054,46.231,46.368,46.59,46.855,47.148,47.665,49.499
1243,LNP FP,36.864,38.722,39.163,39.458,39.685,39.899,40.101,40.258,40.431,40.575,40.712,40.809,40.909,40.991,41.073,41.163,41.243,41.326,41.385,41.454,41.531,41.595,41.645,41.73,41.793,41.84,41.882,41.941,41.999,42.061,42.128,42.205,42.26,42.31,42.35,42.406,42.484,42.53,42.578,42.621,42.658,42.724,42.773,42.84,42.898,42.958,43.001,43.062,43.103,43.145,43.19,43.231,43.291,43.362,43.404,43.451,43.507,43.57,43.62,43.683,43.727,43.782,43.837,43.898,43.933,43.985,44.038,44.102,44.152,44.205,44.254,44.314,44.36,44.425,44.471,44.537,44.621,44.705,44.771,44.821,44.886,44.954,45.008,45.087,45.167,45.263,45.346,45.421,45.498,45.601,45.703,45.806,45.91,46.054,46.231,46.368,46.59,46.855,47.148,47.665,49.499
1244,LNP FP,37.137,38.521,39.045,39.449,39.695,39.83,39.985,40.151,40.32,40.425,40.541,40.658,40.757,40.824,40.901,40.996,41.081,41.147,41.232,41.316,41.373,41.46,41.517,41.57,41.619,41.683,41.748,41.784,41.834,41.89,41.938,41.996,42.069,42.132,42.196,42.248,42.299,42.358,42.399,42.432,42.483,42.529,42.582,42.638,42.685,42.743,42.788,42.835,42.882,42.943,42.984,43.035,43.099,43.134,43.186,43.232,43.279,43.329,43.376,43.433,43.483,43.519,43.571,43.624,43.668,43.718,43.753,43.791,43.874,43.931,43.982,44.031,44.101,44.168,44.236,44.303,44.358,44.406,44.459,44.553,44.612,44.666,44.74,44.817,44.91,44.986,45.075,45.146,45.251,45.345,45.436,45.539,45.718,45.862,45.967,46.141,46.289,46.488,46.886,47.369,49.537
1245,LNP FP,37.137,38.521,39.045,39.449,39.695,39.83,39.985,40.151,40.32,40.425,40.541,40.658,40.757,40.824,40.901,40.996,41.081,41.147,41.232,41.316,41.373,41.46,41.517,41.57,41.619,41.683,41.748,41.784,41.834,41.89,41.938,41.996,42.069,42.132,42.196,42.248,42.299,42.358,42.399,42.432,42.483,42.529,42.582,42.638,42.685,42.743,42.788,42.835,42.882,42.943,42.984,43.035,43.099,43.134,43.186,43.232,43.279,43.329,43.376,43.433,43.483,43.519,43.571,43.624,43.668,43.718,43.753,43.791,43.874,43.931,43.982,44.031,44.101,44.168,44.236,44.303,44.358,44.406,44.459,44.553,44.612,44.666,44.74,44.817,44.91,44.986,45.075,45.146,45.251,45.345,45.436,45.539,45.718,45.862,45.967,46.141,46.289,46.488,46.886,47.369,49.537
1246,LNP FP,37.035,38.464,39.061,39.37,39.608,39.804,40.003,40.178,40.279,40.386,40.498,40.61,40.717,40.813,40.896,40.985,41.047,41.113,41.172,41.226,41.279,41.344,41.407,41.477,41.531,41.583,41.652,41.731,41.777,41.821,41.854,41.918,41.965,42.021,42.074,42.114,42.172,42.221,42.265,42.31,42.36,42.401,42.431,42.489,42.533,42.587,42.631,42.679,42.725,42.777,42.823,42.863,42.9,42.932,42.969,43.005,43.066,43.121,43.183,43.232,43.265,43.309,43.349,43.395,43.451,43.504,43.548,43.59,43.637,43.687,43.75,43.799,43.846,43.915,43.961,44.017,44.083,44.137,44.193,44.261,44.323,44.388,44.441,44.5,44.587,44.658,44.728,44.806,44.905,45.014,45.094,45.233,45.361,45.529,45.678,45.788,45.971,46.196,46.505,46.956,48.545
