Start date day,Month,Year
12,12,1984
Day,Party,0%,1%,2%,3%,4%,5%,6%,7%,8%,9%,10%,11%,12%,13%,14%,15%,16%,17%,18%,19%,20%,21%,22%,23%,24%,25%,26%,27%,28%,29%,30%,31%,32%,33%,34%,35%,36%,37%,38%,39%,40%,41%,42%,43%,44%,45%,46%,47%,48%,49%,50%,51%,52%,53%,54%,55%,56%,57%,58%,59%,60%,61%,62%,63%,64%,65%,66%,67%,68%,69%,70%,71%,72%,73%,74%,75%,76%,77%,78%,79%,80%,81%,82%,83%,84%,85%,86%,87%,88%,89%,90%,91%,92%,93%,94%,95%,96%,97%,98%,99%,100%
0,OTH FP,4.946,5.771,6.094,6.248,6.358,6.447,6.535,6.614,6.716,6.771,6.833,6.909,6.96,7.013,7.044,7.083,7.122,7.155,7.192,7.221,7.256,7.295,7.33,7.361,7.383,7.413,7.438,7.473,7.495,7.519,7.551,7.589,7.617,7.643,7.667,7.686,7.709,7.731,7.755,7.775,7.805,7.832,7.853,7.882,7.899,7.925,7.947,7.971,7.991,8.025,8.056,8.086,8.114,8.137,8.163,8.187,8.21,8.232,8.258,8.285,8.308,8.331,8.355,8.378,8.402,8.419,8.443,8.464,8.489,8.516,8.549,8.577,8.597,8.632,8.662,8.685,8.715,8.751,8.779,8.816,8.851,8.885,8.923,8.958,8.998,9.035,9.072,9.127,9.183,9.231,9.301,9.36,9.414,9.477,9.56,9.653,9.723,9.847,10.023,10.264,10.968
1,OTH FP,4.946,5.771,6.094,6.248,6.358,6.447,6.535,6.614,6.716,6.771,6.833,6.909,6.96,7.013,7.044,7.083,7.122,7.155,7.192,7.221,7.256,7.295,7.33,7.361,7.383,7.413,7.438,7.473,7.495,7.519,7.551,7.589,7.617,7.643,7.667,7.686,7.709,7.731,7.755,7.775,7.805,7.832,7.853,7.882,7.899,7.925,7.947,7.971,7.991,8.025,8.056,8.086,8.114,8.137,8.163,8.187,8.21,8.232,8.258,8.285,8.308,8.331,8.355,8.378,8.402,8.419,8.443,8.464,8.489,8.516,8.549,8.577,8.597,8.632,8.662,8.685,8.715,8.751,8.779,8.816,8.851,8.885,8.923,8.958,8.998,9.035,9.072,9.127,9.183,9.231,9.301,9.36,9.414,9.477,9.56,9.653,9.723,9.847,10.023,10.264,10.968
2,OTH FP,5.012,5.792,6.044,6.233,6.345,6.46,6.547,6.615,6.702,6.763,6.834,6.883,6.936,6.983,7.034,7.075,7.123,7.159,7.216,7.25,7.288,7.321,7.361,7.401,7.428,7.458,7.488,7.511,7.537,7.565,7.603,7.628,7.656,7.678,7.706,7.729,7.755,7.782,7.809,7.83,7.853,7.876,7.898,7.922,7.955,7.978,7.999,8.024,8.048,8.073,8.094,8.114,8.139,8.175,8.192,8.217,8.241,8.269,8.29,8.315,8.338,8.358,8.387,8.409,8.432,8.458,8.483,8.515,8.545,8.567,8.59,8.63,8.66,8.687,8.717,8.741,8.769,8.802,8.836,8.866,8.912,8.937,8.971,9.008,9.051,9.083,9.13,9.166,9.22,9.281,9.325,9.38,9.454,9.528,9.634,9.717,9.794,9.905,10.067,10.398,11.147
3,OTH FP,5.012,5.792,6.044,6.233,6.345,6.46,6.547,6.615,6.702,6.763,6.834,6.883,6.936,6.983,7.034,7.075,7.123,7.159,7.216,7.25,7.288,7.321,7.361,7.401,7.428,7.458,7.488,7.511,7.537,7.565,7.603,7.628,7.656,7.678,7.706,7.729,7.755,7.782,7.809,7.83,7.853,7.876,7.898,7.922,7.955,7.978,7.999,8.024,8.048,8.073,8.094,8.114,8.139,8.175,8.192,8.217,8.241,8.269,8.29,8.315,8.338,8.358,8.387,8.409,8.432,8.458,8.483,8.515,8.545,8.567,8.59,8.63,8.66,8.687,8.717,8.741,8.769,8.802,8.836,8.866,8.912,8.937,8.971,9.008,9.051,9.083,9.13,9.166,9.22,9.281,9.325,9.38,9.454,9.528,9.634,9.717,9.794,9.905,10.067,10.398,11.147
4,OTH FP,4.855,5.749,6.021,6.173,6.313,6.429,6.534,6.601,6.682,6.748,6.82,6.871,6.931,6.984,7.023,7.063,7.115,7.161,7.198,7.234,7.276,7.312,7.35,7.387,7.424,7.456,7.482,7.504,7.537,7.558,7.585,7.613,7.642,7.681,7.709,7.738,7.767,7.793,7.815,7.84,7.862,7.884,7.912,7.935,7.959,7.989,8.012,8.039,8.063,8.09,8.111,8.141,8.168,8.19,8.212,8.234,8.256,8.287,8.312,8.344,8.374,8.402,8.428,8.456,8.486,8.519,8.545,8.573,8.596,8.628,8.65,8.679,8.701,8.731,8.762,8.784,8.814,8.843,8.875,8.914,8.949,8.982,9.017,9.06,9.096,9.131,9.169,9.21,9.254,9.303,9.347,9.419,9.499,9.563,9.657,9.769,9.854,9.984,10.134,10.481,11.194
5,OTH FP,4.855,5.749,6.021,6.173,6.313,6.429,6.534,6.601,6.682,6.748,6.82,6.871,6.931,6.984,7.023,7.063,7.115,7.161,7.198,7.234,7.276,7.312,7.35,7.387,7.424,7.456,7.482,7.504,7.537,7.558,7.585,7.613,7.642,7.681,7.709,7.738,7.767,7.793,7.815,7.84,7.862,7.884,7.912,7.935,7.959,7.989,8.012,8.039,8.063,8.09,8.111,8.141,8.168,8.19,8.212,8.234,8.256,8.287,8.312,8.344,8.374,8.402,8.428,8.456,8.486,8.519,8.545,8.573,8.596,8.628,8.65,8.679,8.701,8.731,8.762,8.784,8.814,8.843,8.875,8.914,8.949,8.982,9.017,9.06,9.096,9.131,9.169,9.21,9.254,9.303,9.347,9.419,9.499,9.563,9.657,9.769,9.854,9.984,10.134,10.481,11.194
6,OTH FP,5.105,5.767,6.016,6.221,6.347,6.463,6.559,6.65,6.719,6.759,6.82,6.891,6.938,6.977,7.029,7.087,7.134,7.176,7.201,7.242,7.285,7.317,7.35,7.386,7.412,7.452,7.501,7.533,7.563,7.59,7.619,7.646,7.674,7.698,7.724,7.756,7.777,7.802,7.823,7.846,7.881,7.904,7.924,7.946,7.974,7.998,8.027,8.054,8.083,8.112,8.143,8.161,8.186,8.207,8.235,8.262,8.286,8.313,8.335,8.363,8.388,8.418,8.448,8.476,8.501,8.531,8.556,8.583,8.615,8.647,8.676,8.703,8.736,8.765,8.796,8.826,8.858,8.898,8.937,8.973,9.0,9.027,9.061,9.089,9.14,9.188,9.224,9.272,9.316,9.364,9.426,9.486,9.548,9.612,9.689,9.752,9.857,9.991,10.17,10.436,11.178
7,OTH FP,5.105,5.767,6.016,6.221,6.347,6.463,6.559,6.65,6.719,6.759,6.82,6.891,6.938,6.977,7.029,7.087,7.134,7.176,7.201,7.242,7.285,7.317,7.35,7.386,7.412,7.452,7.501,7.533,7.563,7.59,7.619,7.646,7.674,7.698,7.724,7.756,7.777,7.802,7.823,7.846,7.881,7.904,7.924,7.946,7.974,7.998,8.027,8.054,8.083,8.112,8.143,8.161,8.186,8.207,8.235,8.262,8.286,8.313,8.335,8.363,8.388,8.418,8.448,8.476,8.501,8.531,8.556,8.583,8.615,8.647,8.676,8.703,8.736,8.765,8.796,8.826,8.858,8.898,8.937,8.973,9.0,9.027,9.061,9.089,9.14,9.188,9.224,9.272,9.316,9.364,9.426,9.486,9.548,9.612,9.689,9.752,9.857,9.991,10.17,10.436,11.178
8,OTH FP,5.11,5.802,6.073,6.238,6.37,6.464,6.538,6.61,6.701,6.773,6.848,6.91,6.961,7.013,7.066,7.106,7.147,7.193,7.226,7.257,7.306,7.341,7.38,7.42,7.463,7.489,7.517,7.541,7.563,7.594,7.618,7.643,7.676,7.708,7.733,7.756,7.784,7.808,7.829,7.856,7.879,7.905,7.932,7.958,7.981,8.016,8.051,8.082,8.111,8.141,8.162,8.189,8.206,8.239,8.263,8.289,8.314,8.331,8.352,8.374,8.404,8.423,8.449,8.482,8.514,8.546,8.576,8.602,8.628,8.657,8.69,8.714,8.744,8.78,8.816,8.849,8.887,8.921,8.954,8.99,9.034,9.063,9.101,9.148,9.174,9.213,9.267,9.317,9.368,9.413,9.471,9.534,9.586,9.676,9.759,9.831,9.932,10.078,10.266,10.5,11.196
9,OTH FP,5.11,5.802,6.073,6.238,6.37,6.464,6.538,6.61,6.701,6.773,6.848,6.91,6.961,7.013,7.066,7.106,7.147,7.193,7.226,7.257,7.306,7.341,7.38,7.42,7.463,7.489,7.517,7.541,7.563,7.594,7.618,7.643,7.676,7.708,7.733,7.756,7.784,7.808,7.829,7.856,7.879,7.905,7.932,7.958,7.981,8.016,8.051,8.082,8.111,8.141,8.162,8.189,8.206,8.239,8.263,8.289,8.314,8.331,8.352,8.374,8.404,8.423,8.449,8.482,8.514,8.546,8.576,8.602,8.628,8.657,8.69,8.714,8.744,8.78,8.816,8.849,8.887,8.921,8.954,8.99,9.034,9.063,9.101,9.148,9.174,9.213,9.267,9.317,9.368,9.413,9.471,9.534,9.586,9.676,9.759,9.831,9.932,10.078,10.266,10.5,11.196
10,OTH FP,4.961,5.81,6.103,6.265,6.384,6.47,6.577,6.66,6.721,6.805,6.885,6.948,7.015,7.065,7.114,7.151,7.199,7.23,7.267,7.293,7.329,7.361,7.396,7.45,7.476,7.508,7.541,7.57,7.596,7.627,7.648,7.688,7.71,7.734,7.762,7.784,7.81,7.833,7.856,7.888,7.91,7.935,7.961,7.992,8.024,8.054,8.075,8.107,8.134,8.167,8.191,8.217,8.24,8.267,8.292,8.315,8.345,8.37,8.393,8.42,8.45,8.476,8.505,8.538,8.563,8.6,8.637,8.662,8.702,8.725,8.752,8.782,8.81,8.845,8.878,8.914,8.942,8.973,9.004,9.037,9.071,9.099,9.131,9.164,9.211,9.258,9.314,9.357,9.394,9.457,9.508,9.556,9.607,9.665,9.752,9.856,9.982,10.136,10.329,10.62,11.288
11,OTH FP,4.961,5.81,6.103,6.265,6.384,6.47,6.577,6.66,6.721,6.805,6.885,6.948,7.015,7.065,7.114,7.151,7.199,7.23,7.267,7.293,7.329,7.361,7.396,7.45,7.476,7.508,7.541,7.57,7.596,7.627,7.648,7.688,7.71,7.734,7.762,7.784,7.81,7.833,7.856,7.888,7.91,7.935,7.961,7.992,8.024,8.054,8.075,8.107,8.134,8.167,8.191,8.217,8.24,8.267,8.292,8.315,8.345,8.37,8.393,8.42,8.45,8.476,8.505,8.538,8.563,8.6,8.637,8.662,8.702,8.725,8.752,8.782,8.81,8.845,8.878,8.914,8.942,8.973,9.004,9.037,9.071,9.099,9.131,9.164,9.211,9.258,9.314,9.357,9.394,9.457,9.508,9.556,9.607,9.665,9.752,9.856,9.982,10.136,10.329,10.62,11.288
12,OTH FP,4.967,5.86,6.168,6.306,6.403,6.515,6.587,6.702,6.784,6.843,6.91,6.962,7.014,7.07,7.123,7.173,7.206,7.248,7.286,7.324,7.358,7.392,7.44,7.471,7.505,7.546,7.574,7.602,7.626,7.652,7.684,7.727,7.751,7.775,7.808,7.828,7.859,7.887,7.91,7.934,7.969,7.996,8.016,8.043,8.075,8.103,8.126,8.148,8.17,8.196,8.224,8.252,8.278,8.3,8.324,8.34,8.371,8.411,8.44,8.465,8.49,8.518,8.54,8.568,8.593,8.618,8.649,8.684,8.713,8.747,8.776,8.8,8.824,8.85,8.887,8.909,8.947,8.984,9.022,9.069,9.103,9.133,9.159,9.202,9.239,9.28,9.321,9.362,9.397,9.456,9.524,9.582,9.655,9.72,9.802,9.951,10.043,10.16,10.338,10.546,11.439
13,OTH FP,4.967,5.86,6.168,6.306,6.403,6.515,6.587,6.702,6.784,6.843,6.91,6.962,7.014,7.07,7.123,7.173,7.206,7.248,7.286,7.324,7.358,7.392,7.44,7.471,7.505,7.546,7.574,7.602,7.626,7.652,7.684,7.727,7.751,7.775,7.808,7.828,7.859,7.887,7.91,7.934,7.969,7.996,8.016,8.043,8.075,8.103,8.126,8.148,8.17,8.196,8.224,8.252,8.278,8.3,8.324,8.34,8.371,8.411,8.44,8.465,8.49,8.518,8.54,8.568,8.593,8.618,8.649,8.684,8.713,8.747,8.776,8.8,8.824,8.85,8.887,8.909,8.947,8.984,9.022,9.069,9.103,9.133,9.159,9.202,9.239,9.28,9.321,9.362,9.397,9.456,9.524,9.582,9.655,9.72,9.802,9.951,10.043,10.16,10.338,10.546,11.439
14,OTH FP,5.11,5.868,6.146,6.295,6.458,6.54,6.653,6.734,6.808,6.876,6.941,6.993,7.042,7.098,7.146,7.187,7.225,7.269,7.321,7.354,7.395,7.429,7.479,7.514,7.542,7.566,7.59,7.617,7.648,7.673,7.703,7.734,7.773,7.798,7.829,7.847,7.874,7.9,7.928,7.951,7.979,8.012,8.041,8.069,8.096,8.131,8.152,8.177,8.204,8.227,8.246,8.271,8.297,8.33,8.355,8.384,8.414,8.434,8.456,8.484,8.505,8.534,8.567,8.593,8.622,8.648,8.677,8.703,8.729,8.754,8.784,8.821,8.846,8.882,8.918,8.96,8.994,9.023,9.055,9.083,9.116,9.142,9.184,9.225,9.268,9.311,9.343,9.381,9.427,9.492,9.551,9.628,9.692,9.776,9.859,9.94,10.023,10.154,10.326,10.608,11.527
15,OTH FP,5.11,5.868,6.146,6.295,6.458,6.54,6.653,6.734,6.808,6.876,6.941,6.993,7.042,7.098,7.146,7.187,7.225,7.269,7.321,7.354,7.395,7.429,7.479,7.514,7.542,7.566,7.59,7.617,7.648,7.673,7.703,7.734,7.773,7.798,7.829,7.847,7.874,7.9,7.928,7.951,7.979,8.012,8.041,8.069,8.096,8.131,8.152,8.177,8.204,8.227,8.246,8.271,8.297,8.33,8.355,8.384,8.414,8.434,8.456,8.484,8.505,8.534,8.567,8.593,8.622,8.648,8.677,8.703,8.729,8.754,8.784,8.821,8.846,8.882,8.918,8.96,8.994,9.023,9.055,9.083,9.116,9.142,9.184,9.225,9.268,9.311,9.343,9.381,9.427,9.492,9.551,9.628,9.692,9.776,9.859,9.94,10.023,10.154,10.326,10.608,11.527
16,OTH FP,5.196,5.9,6.173,6.339,6.489,6.615,6.692,6.785,6.852,6.923,6.985,7.048,7.101,7.165,7.221,7.261,7.296,7.33,7.362,7.397,7.43,7.469,7.503,7.53,7.558,7.603,7.636,7.666,7.694,7.727,7.759,7.786,7.813,7.844,7.872,7.904,7.926,7.948,7.98,8.0,8.019,8.05,8.07,8.093,8.111,8.132,8.154,8.176,8.201,8.236,8.256,8.283,8.31,8.333,8.363,8.388,8.417,8.446,8.468,8.498,8.521,8.547,8.575,8.602,8.622,8.643,8.674,8.704,8.728,8.76,8.795,8.821,8.851,8.892,8.932,8.968,9.007,9.051,9.085,9.114,9.148,9.185,9.219,9.26,9.299,9.338,9.387,9.425,9.473,9.538,9.583,9.653,9.709,9.773,9.866,9.942,10.035,10.14,10.357,10.634,11.643
17,OTH FP,5.196,5.9,6.173,6.339,6.489,6.615,6.692,6.785,6.852,6.923,6.985,7.048,7.101,7.165,7.221,7.261,7.296,7.33,7.362,7.397,7.43,7.469,7.503,7.53,7.558,7.603,7.636,7.666,7.694,7.727,7.759,7.786,7.813,7.844,7.872,7.904,7.926,7.948,7.98,8.0,8.019,8.05,8.07,8.093,8.111,8.132,8.154,8.176,8.201,8.236,8.256,8.283,8.31,8.333,8.363,8.388,8.417,8.446,8.468,8.498,8.521,8.547,8.575,8.602,8.622,8.643,8.674,8.704,8.728,8.76,8.795,8.821,8.851,8.892,8.932,8.968,9.007,9.051,9.085,9.114,9.148,9.185,9.219,9.26,9.299,9.338,9.387,9.425,9.473,9.538,9.583,9.653,9.709,9.773,9.866,9.942,10.035,10.14,10.357,10.634,11.643
18,OTH FP,5.334,6.0,6.217,6.419,6.537,6.629,6.74,6.823,6.895,6.974,7.044,7.109,7.162,7.228,7.278,7.309,7.345,7.392,7.423,7.468,7.514,7.55,7.583,7.615,7.643,7.672,7.701,7.739,7.76,7.791,7.816,7.84,7.864,7.885,7.912,7.941,7.961,7.981,8.004,8.026,8.054,8.075,8.098,8.124,8.156,8.181,8.203,8.231,8.256,8.28,8.3,8.325,8.343,8.371,8.398,8.437,8.454,8.48,8.505,8.532,8.554,8.575,8.6,8.627,8.653,8.681,8.71,8.739,8.763,8.794,8.836,8.865,8.894,8.922,8.951,8.974,9.008,9.037,9.08,9.119,9.152,9.195,9.227,9.256,9.288,9.326,9.373,9.428,9.477,9.527,9.587,9.64,9.7,9.782,9.863,9.956,10.045,10.145,10.352,10.654,11.631
19,OTH FP,5.334,6.0,6.217,6.419,6.537,6.629,6.74,6.823,6.895,6.974,7.044,7.109,7.162,7.228,7.278,7.309,7.345,7.392,7.423,7.468,7.514,7.55,7.583,7.615,7.643,7.672,7.701,7.739,7.76,7.791,7.816,7.84,7.864,7.885,7.912,7.941,7.961,7.981,8.004,8.026,8.054,8.075,8.098,8.124,8.156,8.181,8.203,8.231,8.256,8.28,8.3,8.325,8.343,8.371,8.398,8.437,8.454,8.48,8.505,8.532,8.554,8.575,8.6,8.627,8.653,8.681,8.71,8.739,8.763,8.794,8.836,8.865,8.894,8.922,8.951,8.974,9.008,9.037,9.08,9.119,9.152,9.195,9.227,9.256,9.288,9.326,9.373,9.428,9.477,9.527,9.587,9.64,9.7,9.782,9.863,9.956,10.045,10.145,10.352,10.654,11.631
20,OTH FP,5.251,5.995,6.331,6.478,6.645,6.723,6.824,6.903,6.975,7.048,7.109,7.161,7.201,7.255,7.291,7.333,7.38,7.417,7.457,7.512,7.55,7.588,7.622,7.657,7.696,7.723,7.755,7.781,7.811,7.836,7.863,7.884,7.911,7.936,7.962,7.985,8.014,8.036,8.055,8.074,8.093,8.118,8.138,8.161,8.185,8.205,8.227,8.252,8.274,8.304,8.327,8.353,8.372,8.397,8.411,8.438,8.462,8.484,8.516,8.552,8.578,8.602,8.633,8.665,8.687,8.716,8.743,8.769,8.799,8.828,8.858,8.884,8.913,8.938,8.976,9.0,9.027,9.061,9.101,9.129,9.174,9.211,9.256,9.295,9.329,9.382,9.423,9.477,9.517,9.574,9.627,9.686,9.754,9.822,9.922,9.984,10.107,10.225,10.385,10.653,11.721
21,OTH FP,5.251,5.995,6.331,6.478,6.645,6.723,6.824,6.903,6.975,7.048,7.109,7.161,7.201,7.255,7.291,7.333,7.38,7.417,7.457,7.512,7.55,7.588,7.622,7.657,7.696,7.723,7.755,7.781,7.811,7.836,7.863,7.884,7.911,7.936,7.962,7.985,8.014,8.036,8.055,8.074,8.093,8.118,8.138,8.161,8.185,8.205,8.227,8.252,8.274,8.304,8.327,8.353,8.372,8.397,8.411,8.438,8.462,8.484,8.516,8.552,8.578,8.602,8.633,8.665,8.687,8.716,8.743,8.769,8.799,8.828,8.858,8.884,8.913,8.938,8.976,9.0,9.027,9.061,9.101,9.129,9.174,9.211,9.256,9.295,9.329,9.382,9.423,9.477,9.517,9.574,9.627,9.686,9.754,9.822,9.922,9.984,10.107,10.225,10.385,10.653,11.721
22,OTH FP,5.488,6.18,6.405,6.552,6.69,6.806,6.894,6.965,7.032,7.08,7.147,7.195,7.245,7.29,7.341,7.377,7.418,7.452,7.485,7.52,7.554,7.588,7.632,7.671,7.705,7.742,7.774,7.802,7.828,7.847,7.867,7.901,7.928,7.95,7.979,8.003,8.031,8.068,8.093,8.117,8.145,8.167,8.192,8.213,8.236,8.265,8.285,8.305,8.323,8.343,8.362,8.389,8.416,8.445,8.472,8.502,8.531,8.551,8.582,8.611,8.634,8.658,8.682,8.715,8.739,8.762,8.787,8.809,8.834,8.865,8.891,8.926,8.953,8.986,9.022,9.051,9.085,9.113,9.149,9.183,9.219,9.26,9.286,9.32,9.362,9.399,9.439,9.488,9.541,9.61,9.655,9.704,9.768,9.839,9.908,9.987,10.099,10.224,10.4,10.676,11.626
23,OTH FP,5.488,6.18,6.405,6.552,6.69,6.806,6.894,6.965,7.032,7.08,7.147,7.195,7.245,7.29,7.341,7.377,7.418,7.452,7.485,7.52,7.554,7.588,7.632,7.671,7.705,7.742,7.774,7.802,7.828,7.847,7.867,7.901,7.928,7.95,7.979,8.003,8.031,8.068,8.093,8.117,8.145,8.167,8.192,8.213,8.236,8.265,8.285,8.305,8.323,8.343,8.362,8.389,8.416,8.445,8.472,8.502,8.531,8.551,8.582,8.611,8.634,8.658,8.682,8.715,8.739,8.762,8.787,8.809,8.834,8.865,8.891,8.926,8.953,8.986,9.022,9.051,9.085,9.113,9.149,9.183,9.219,9.26,9.286,9.32,9.362,9.399,9.439,9.488,9.541,9.61,9.655,9.704,9.768,9.839,9.908,9.987,10.099,10.224,10.4,10.676,11.626
24,OTH FP,5.531,6.199,6.509,6.617,6.767,6.849,6.956,7.021,7.078,7.133,7.193,7.241,7.293,7.334,7.374,7.418,7.473,7.504,7.533,7.563,7.593,7.627,7.661,7.689,7.722,7.752,7.785,7.81,7.846,7.87,7.905,7.935,7.966,7.988,8.02,8.055,8.074,8.104,8.127,8.15,8.17,8.195,8.226,8.25,8.28,8.305,8.329,8.355,8.375,8.397,8.419,8.444,8.465,8.491,8.514,8.537,8.556,8.572,8.597,8.623,8.657,8.688,8.715,8.735,8.765,8.79,8.808,8.829,8.86,8.894,8.921,8.953,8.977,9.0,9.037,9.068,9.099,9.13,9.169,9.194,9.228,9.262,9.298,9.333,9.371,9.403,9.447,9.487,9.543,9.586,9.637,9.696,9.763,9.811,9.878,9.94,10.068,10.199,10.338,10.727,11.68
25,OTH FP,5.531,6.199,6.509,6.617,6.767,6.849,6.956,7.021,7.078,7.133,7.193,7.241,7.293,7.334,7.374,7.418,7.473,7.504,7.533,7.563,7.593,7.627,7.661,7.689,7.722,7.752,7.785,7.81,7.846,7.87,7.905,7.935,7.966,7.988,8.02,8.055,8.074,8.104,8.127,8.15,8.17,8.195,8.226,8.25,8.28,8.305,8.329,8.355,8.375,8.397,8.419,8.444,8.465,8.491,8.514,8.537,8.556,8.572,8.597,8.623,8.657,8.688,8.715,8.735,8.765,8.79,8.808,8.829,8.86,8.894,8.921,8.953,8.977,9.0,9.037,9.068,9.099,9.13,9.169,9.194,9.228,9.262,9.298,9.333,9.371,9.403,9.447,9.487,9.543,9.586,9.637,9.696,9.763,9.811,9.878,9.94,10.068,10.199,10.338,10.727,11.68
26,OTH FP,5.708,6.334,6.585,6.707,6.798,6.92,7.017,7.073,7.141,7.191,7.248,7.315,7.356,7.402,7.438,7.476,7.512,7.544,7.581,7.621,7.649,7.683,7.703,7.731,7.762,7.801,7.827,7.86,7.887,7.916,7.939,7.966,7.986,8.017,8.038,8.065,8.091,8.124,8.148,8.176,8.199,8.227,8.253,8.28,8.307,8.331,8.35,8.372,8.394,8.421,8.443,8.461,8.481,8.501,8.521,8.552,8.582,8.612,8.635,8.656,8.677,8.704,8.73,8.759,8.782,8.809,8.835,8.863,8.889,8.913,8.942,8.965,8.994,9.025,9.054,9.093,9.127,9.148,9.177,9.205,9.245,9.274,9.302,9.356,9.39,9.427,9.47,9.504,9.544,9.583,9.634,9.694,9.762,9.839,9.926,10.018,10.108,10.227,10.394,10.685,11.474
27,OTH FP,5.708,6.334,6.585,6.707,6.798,6.92,7.017,7.073,7.141,7.191,7.248,7.315,7.356,7.402,7.438,7.476,7.512,7.544,7.581,7.621,7.649,7.683,7.703,7.731,7.762,7.801,7.827,7.86,7.887,7.916,7.939,7.966,7.986,8.017,8.038,8.065,8.091,8.124,8.148,8.176,8.199,8.227,8.253,8.28,8.307,8.331,8.35,8.372,8.394,8.421,8.443,8.461,8.481,8.501,8.521,8.552,8.582,8.612,8.635,8.656,8.677,8.704,8.73,8.759,8.782,8.809,8.835,8.863,8.889,8.913,8.942,8.965,8.994,9.025,9.054,9.093,9.127,9.148,9.177,9.205,9.245,9.274,9.302,9.356,9.39,9.427,9.47,9.504,9.544,9.583,9.634,9.694,9.762,9.839,9.926,10.018,10.108,10.227,10.394,10.685,11.474
28,OTH FP,5.724,6.386,6.655,6.818,6.908,6.983,7.054,7.127,7.184,7.252,7.286,7.357,7.409,7.447,7.489,7.551,7.587,7.626,7.664,7.706,7.741,7.768,7.79,7.823,7.849,7.881,7.906,7.941,7.963,7.99,8.012,8.037,8.063,8.085,8.105,8.129,8.149,8.171,8.194,8.22,8.239,8.264,8.289,8.314,8.337,8.365,8.386,8.408,8.429,8.453,8.479,8.503,8.522,8.543,8.569,8.594,8.616,8.646,8.666,8.689,8.707,8.731,8.754,8.786,8.81,8.837,8.86,8.881,8.911,8.937,8.963,8.986,9.013,9.036,9.065,9.095,9.125,9.152,9.185,9.227,9.263,9.292,9.329,9.368,9.403,9.437,9.474,9.506,9.559,9.608,9.662,9.708,9.764,9.834,9.921,10.014,10.111,10.23,10.342,10.588,11.476
29,OTH FP,5.724,6.386,6.655,6.818,6.908,6.983,7.054,7.127,7.184,7.252,7.286,7.357,7.409,7.447,7.489,7.551,7.587,7.626,7.664,7.706,7.741,7.768,7.79,7.823,7.849,7.881,7.906,7.941,7.963,7.99,8.012,8.037,8.063,8.085,8.105,8.129,8.149,8.171,8.194,8.22,8.239,8.264,8.289,8.314,8.337,8.365,8.386,8.408,8.429,8.453,8.479,8.503,8.522,8.543,8.569,8.594,8.616,8.646,8.666,8.689,8.707,8.731,8.754,8.786,8.81,8.837,8.86,8.881,8.911,8.937,8.963,8.986,9.013,9.036,9.065,9.095,9.125,9.152,9.185,9.227,9.263,9.292,9.329,9.368,9.403,9.437,9.474,9.506,9.559,9.608,9.662,9.708,9.764,9.834,9.921,10.014,10.111,10.23,10.342,10.588,11.476
30,OTH FP,5.861,6.572,6.799,6.923,7.037,7.114,7.201,7.256,7.311,7.362,7.415,7.459,7.502,7.54,7.587,7.625,7.66,7.7,7.734,7.764,7.792,7.824,7.849,7.873,7.9,7.926,7.948,7.978,8.008,8.029,8.05,8.082,8.107,8.131,8.159,8.181,8.196,8.213,8.235,8.261,8.281,8.301,8.321,8.347,8.366,8.381,8.4,8.425,8.445,8.469,8.497,8.52,8.54,8.562,8.587,8.603,8.628,8.656,8.683,8.705,8.731,8.751,8.78,8.815,8.835,8.861,8.881,8.91,8.935,8.956,8.977,8.997,9.022,9.055,9.079,9.103,9.135,9.168,9.197,9.234,9.269,9.3,9.331,9.368,9.393,9.442,9.477,9.524,9.551,9.589,9.638,9.678,9.737,9.803,9.873,9.949,10.069,10.171,10.302,10.569,11.256
31,OTH FP,5.861,6.572,6.799,6.923,7.037,7.114,7.201,7.256,7.311,7.362,7.415,7.459,7.502,7.54,7.587,7.625,7.66,7.7,7.734,7.764,7.792,7.824,7.849,7.873,7.9,7.926,7.948,7.978,8.008,8.029,8.05,8.082,8.107,8.131,8.159,8.181,8.196,8.213,8.235,8.261,8.281,8.301,8.321,8.347,8.366,8.381,8.4,8.425,8.445,8.469,8.497,8.52,8.54,8.562,8.587,8.603,8.628,8.656,8.683,8.705,8.731,8.751,8.78,8.815,8.835,8.861,8.881,8.91,8.935,8.956,8.977,8.997,9.022,9.055,9.079,9.103,9.135,9.168,9.197,9.234,9.269,9.3,9.331,9.368,9.393,9.442,9.477,9.524,9.551,9.589,9.638,9.678,9.737,9.803,9.873,9.949,10.069,10.171,10.302,10.569,11.256
32,OTH FP,6.134,6.668,6.903,7.053,7.129,7.219,7.287,7.338,7.4,7.447,7.501,7.563,7.606,7.648,7.679,7.709,7.736,7.763,7.801,7.826,7.855,7.882,7.913,7.934,7.958,7.98,8.004,8.033,8.051,8.077,8.1,8.119,8.141,8.167,8.192,8.209,8.229,8.256,8.276,8.303,8.323,8.345,8.365,8.385,8.405,8.427,8.444,8.466,8.487,8.512,8.534,8.558,8.573,8.598,8.615,8.633,8.651,8.671,8.693,8.714,8.733,8.752,8.777,8.798,8.82,8.85,8.873,8.892,8.915,8.943,8.965,8.987,9.009,9.036,9.063,9.092,9.123,9.148,9.174,9.203,9.242,9.287,9.314,9.342,9.373,9.414,9.462,9.496,9.536,9.571,9.604,9.655,9.7,9.767,9.831,9.892,10.0,10.103,10.25,10.472,11.137
33,OTH FP,6.134,6.668,6.903,7.053,7.129,7.219,7.287,7.338,7.4,7.447,7.501,7.563,7.606,7.648,7.679,7.709,7.736,7.763,7.801,7.826,7.855,7.882,7.913,7.934,7.958,7.98,8.004,8.033,8.051,8.077,8.1,8.119,8.141,8.167,8.192,8.209,8.229,8.256,8.276,8.303,8.323,8.345,8.365,8.385,8.405,8.427,8.444,8.466,8.487,8.512,8.534,8.558,8.573,8.598,8.615,8.633,8.651,8.671,8.693,8.714,8.733,8.752,8.777,8.798,8.82,8.85,8.873,8.892,8.915,8.943,8.965,8.987,9.009,9.036,9.063,9.092,9.123,9.148,9.174,9.203,9.242,9.287,9.314,9.342,9.373,9.414,9.462,9.496,9.536,9.571,9.604,9.655,9.7,9.767,9.831,9.892,10.0,10.103,10.25,10.472,11.137
34,OTH FP,6.106,6.828,7.019,7.14,7.256,7.34,7.414,7.473,7.523,7.571,7.611,7.656,7.699,7.729,7.768,7.795,7.824,7.853,7.887,7.908,7.927,7.955,7.978,8.011,8.035,8.057,8.074,8.096,8.122,8.14,8.164,8.187,8.212,8.236,8.258,8.284,8.303,8.319,8.343,8.361,8.379,8.4,8.419,8.434,8.452,8.474,8.495,8.513,8.535,8.553,8.574,8.592,8.608,8.628,8.646,8.666,8.682,8.698,8.718,8.746,8.765,8.786,8.808,8.835,8.853,8.881,8.902,8.925,8.944,8.964,8.982,9.01,9.033,9.054,9.076,9.101,9.127,9.153,9.179,9.203,9.228,9.261,9.292,9.328,9.356,9.392,9.427,9.462,9.52,9.556,9.607,9.639,9.682,9.724,9.786,9.851,9.919,10.01,10.143,10.33,11.108
35,OTH FP,6.106,6.828,7.019,7.14,7.256,7.34,7.414,7.473,7.523,7.571,7.611,7.656,7.699,7.729,7.768,7.795,7.824,7.853,7.887,7.908,7.927,7.955,7.978,8.011,8.035,8.057,8.074,8.096,8.122,8.14,8.164,8.187,8.212,8.236,8.258,8.284,8.303,8.319,8.343,8.361,8.379,8.4,8.419,8.434,8.452,8.474,8.495,8.513,8.535,8.553,8.574,8.592,8.608,8.628,8.646,8.666,8.682,8.698,8.718,8.746,8.765,8.786,8.808,8.835,8.853,8.881,8.902,8.925,8.944,8.964,8.982,9.01,9.033,9.054,9.076,9.101,9.127,9.153,9.179,9.203,9.228,9.261,9.292,9.328,9.356,9.392,9.427,9.462,9.52,9.556,9.607,9.639,9.682,9.724,9.786,9.851,9.919,10.01,10.143,10.33,11.108
36,OTH FP,6.331,6.846,7.046,7.19,7.276,7.354,7.416,7.472,7.518,7.571,7.617,7.664,7.702,7.736,7.765,7.797,7.831,7.855,7.877,7.9,7.92,7.944,7.972,7.999,8.023,8.045,8.073,8.102,8.127,8.152,8.171,8.195,8.217,8.239,8.256,8.274,8.292,8.311,8.333,8.353,8.373,8.391,8.417,8.437,8.463,8.496,8.518,8.533,8.557,8.578,8.596,8.612,8.632,8.65,8.67,8.686,8.706,8.725,8.742,8.759,8.78,8.802,8.825,8.845,8.864,8.885,8.905,8.927,8.95,8.973,8.992,9.017,9.038,9.06,9.084,9.11,9.133,9.165,9.2,9.229,9.257,9.283,9.309,9.336,9.379,9.406,9.436,9.48,9.522,9.574,9.609,9.652,9.701,9.755,9.823,9.894,9.963,10.054,10.181,10.385,11.009
37,OTH FP,6.331,6.846,7.046,7.19,7.276,7.354,7.416,7.472,7.518,7.571,7.617,7.664,7.702,7.736,7.765,7.797,7.831,7.855,7.877,7.9,7.92,7.944,7.972,7.999,8.023,8.045,8.073,8.102,8.127,8.152,8.171,8.195,8.217,8.239,8.256,8.274,8.292,8.311,8.333,8.353,8.373,8.391,8.417,8.437,8.463,8.496,8.518,8.533,8.557,8.578,8.596,8.612,8.632,8.65,8.67,8.686,8.706,8.725,8.742,8.759,8.78,8.802,8.825,8.845,8.864,8.885,8.905,8.927,8.95,8.973,8.992,9.017,9.038,9.06,9.084,9.11,9.133,9.165,9.2,9.229,9.257,9.283,9.309,9.336,9.379,9.406,9.436,9.48,9.522,9.574,9.609,9.652,9.701,9.755,9.823,9.894,9.963,10.054,10.181,10.385,11.009
38,OTH FP,6.406,6.906,7.064,7.179,7.264,7.352,7.426,7.487,7.524,7.558,7.618,7.656,7.694,7.723,7.758,7.796,7.831,7.867,7.9,7.922,7.952,7.98,8.005,8.027,8.045,8.065,8.086,8.107,8.134,8.16,8.187,8.213,8.24,8.254,8.285,8.303,8.327,8.341,8.361,8.378,8.399,8.415,8.438,8.453,8.473,8.499,8.525,8.545,8.564,8.595,8.616,8.635,8.657,8.671,8.693,8.706,8.728,8.746,8.763,8.783,8.803,8.824,8.844,8.865,8.885,8.905,8.927,8.946,8.969,8.993,9.015,9.03,9.062,9.091,9.117,9.141,9.169,9.191,9.22,9.25,9.277,9.305,9.332,9.356,9.381,9.415,9.457,9.494,9.536,9.573,9.617,9.658,9.713,9.771,9.846,9.915,9.999,10.1,10.247,10.529,11.203
39,OTH FP,6.406,6.906,7.064,7.179,7.264,7.352,7.426,7.487,7.524,7.558,7.618,7.656,7.694,7.723,7.758,7.796,7.831,7.867,7.9,7.922,7.952,7.98,8.005,8.027,8.045,8.065,8.086,8.107,8.134,8.16,8.187,8.213,8.24,8.254,8.285,8.303,8.327,8.341,8.361,8.378,8.399,8.415,8.438,8.453,8.473,8.499,8.525,8.545,8.564,8.595,8.616,8.635,8.657,8.671,8.693,8.706,8.728,8.746,8.763,8.783,8.803,8.824,8.844,8.865,8.885,8.905,8.927,8.946,8.969,8.993,9.015,9.03,9.062,9.091,9.117,9.141,9.169,9.191,9.22,9.25,9.277,9.305,9.332,9.356,9.381,9.415,9.457,9.494,9.536,9.573,9.617,9.658,9.713,9.771,9.846,9.915,9.999,10.1,10.247,10.529,11.203
40,OTH FP,6.353,6.837,7.089,7.227,7.296,7.375,7.422,7.476,7.533,7.578,7.621,7.656,7.694,7.722,7.764,7.788,7.826,7.864,7.901,7.934,7.969,7.997,8.022,8.055,8.083,8.109,8.135,8.154,8.175,8.195,8.224,8.251,8.271,8.293,8.315,8.338,8.358,8.382,8.401,8.423,8.444,8.458,8.479,8.502,8.52,8.54,8.558,8.576,8.59,8.612,8.636,8.65,8.668,8.69,8.711,8.734,8.751,8.765,8.784,8.805,8.819,8.835,8.854,8.88,8.9,8.92,8.944,8.965,8.989,9.019,9.035,9.06,9.083,9.106,9.126,9.152,9.178,9.201,9.228,9.257,9.285,9.308,9.337,9.37,9.399,9.435,9.464,9.503,9.539,9.576,9.629,9.678,9.739,9.796,9.865,9.941,10.016,10.13,10.267,10.504,11.329
41,OTH FP,6.353,6.837,7.089,7.227,7.296,7.375,7.422,7.476,7.533,7.578,7.621,7.656,7.694,7.722,7.764,7.788,7.826,7.864,7.901,7.934,7.969,7.997,8.022,8.055,8.083,8.109,8.135,8.154,8.175,8.195,8.224,8.251,8.271,8.293,8.315,8.338,8.358,8.382,8.401,8.423,8.444,8.458,8.479,8.502,8.52,8.54,8.558,8.576,8.59,8.612,8.636,8.65,8.668,8.69,8.711,8.734,8.751,8.765,8.784,8.805,8.819,8.835,8.854,8.88,8.9,8.92,8.944,8.965,8.989,9.019,9.035,9.06,9.083,9.106,9.126,9.152,9.178,9.201,9.228,9.257,9.285,9.308,9.337,9.37,9.399,9.435,9.464,9.503,9.539,9.576,9.629,9.678,9.739,9.796,9.865,9.941,10.016,10.13,10.267,10.504,11.329
42,OTH FP,6.344,6.881,7.11,7.241,7.325,7.401,7.458,7.511,7.568,7.625,7.663,7.72,7.754,7.78,7.819,7.847,7.885,7.921,7.945,7.972,8.002,8.035,8.057,8.079,8.099,8.127,8.154,8.178,8.199,8.219,8.241,8.26,8.283,8.313,8.329,8.356,8.376,8.395,8.419,8.438,8.456,8.477,8.499,8.519,8.537,8.554,8.572,8.591,8.608,8.627,8.646,8.662,8.682,8.705,8.726,8.744,8.765,8.786,8.81,8.834,8.851,8.873,8.898,8.919,8.944,8.963,8.981,9.005,9.025,9.052,9.069,9.089,9.112,9.135,9.16,9.184,9.205,9.227,9.25,9.278,9.305,9.336,9.365,9.397,9.431,9.466,9.493,9.522,9.547,9.583,9.625,9.678,9.718,9.773,9.854,9.912,9.986,10.09,10.24,10.502,11.433
43,OTH FP,6.344,6.881,7.11,7.241,7.325,7.401,7.458,7.511,7.568,7.625,7.663,7.72,7.754,7.78,7.819,7.847,7.885,7.921,7.945,7.972,8.002,8.035,8.057,8.079,8.099,8.127,8.154,8.178,8.199,8.219,8.241,8.26,8.283,8.313,8.329,8.356,8.376,8.395,8.419,8.438,8.456,8.477,8.499,8.519,8.537,8.554,8.572,8.591,8.608,8.627,8.646,8.662,8.682,8.705,8.726,8.744,8.765,8.786,8.81,8.834,8.851,8.873,8.898,8.919,8.944,8.963,8.981,9.005,9.025,9.052,9.069,9.089,9.112,9.135,9.16,9.184,9.205,9.227,9.25,9.278,9.305,9.336,9.365,9.397,9.431,9.466,9.493,9.522,9.547,9.583,9.625,9.678,9.718,9.773,9.854,9.912,9.986,10.09,10.24,10.502,11.433
44,OTH FP,6.318,6.962,7.112,7.26,7.366,7.44,7.499,7.566,7.613,7.655,7.704,7.747,7.779,7.82,7.85,7.877,7.911,7.942,7.968,7.996,8.022,8.055,8.083,8.11,8.138,8.169,8.191,8.216,8.237,8.26,8.275,8.291,8.313,8.336,8.358,8.381,8.404,8.427,8.446,8.461,8.482,8.499,8.519,8.538,8.557,8.577,8.594,8.612,8.629,8.646,8.661,8.684,8.708,8.731,8.754,8.775,8.794,8.819,8.836,8.86,8.881,8.901,8.921,8.946,8.975,8.993,9.017,9.037,9.054,9.076,9.095,9.122,9.143,9.17,9.192,9.213,9.233,9.256,9.279,9.304,9.327,9.352,9.379,9.41,9.443,9.474,9.506,9.542,9.579,9.61,9.652,9.69,9.733,9.787,9.853,9.906,9.972,10.066,10.206,10.484,11.132
45,OTH FP,6.318,6.962,7.112,7.26,7.366,7.44,7.499,7.566,7.613,7.655,7.704,7.747,7.779,7.82,7.85,7.877,7.911,7.942,7.968,7.996,8.022,8.055,8.083,8.11,8.138,8.169,8.191,8.216,8.237,8.26,8.275,8.291,8.313,8.336,8.358,8.381,8.404,8.427,8.446,8.461,8.482,8.499,8.519,8.538,8.557,8.577,8.594,8.612,8.629,8.646,8.661,8.684,8.708,8.731,8.754,8.775,8.794,8.819,8.836,8.86,8.881,8.901,8.921,8.946,8.975,8.993,9.017,9.037,9.054,9.076,9.095,9.122,9.143,9.17,9.192,9.213,9.233,9.256,9.279,9.304,9.327,9.352,9.379,9.41,9.443,9.474,9.506,9.542,9.579,9.61,9.652,9.69,9.733,9.787,9.853,9.906,9.972,10.066,10.206,10.484,11.132
46,OTH FP,6.484,7.058,7.231,7.355,7.46,7.519,7.562,7.6,7.659,7.698,7.742,7.771,7.801,7.85,7.892,7.928,7.968,7.995,8.026,8.057,8.084,8.103,8.123,8.15,8.175,8.206,8.23,8.25,8.269,8.288,8.306,8.325,8.338,8.363,8.381,8.405,8.431,8.451,8.467,8.485,8.505,8.524,8.539,8.561,8.589,8.604,8.623,8.641,8.658,8.676,8.691,8.711,8.727,8.748,8.766,8.786,8.805,8.826,8.846,8.864,8.881,8.895,8.92,8.942,8.966,8.983,9.003,9.022,9.041,9.064,9.088,9.107,9.133,9.161,9.185,9.207,9.231,9.253,9.273,9.299,9.324,9.348,9.379,9.411,9.434,9.464,9.497,9.53,9.573,9.605,9.646,9.672,9.714,9.751,9.821,9.875,9.958,10.061,10.21,10.401,10.96
47,OTH FP,6.484,7.058,7.231,7.355,7.46,7.519,7.562,7.6,7.659,7.698,7.742,7.771,7.801,7.85,7.892,7.928,7.968,7.995,8.026,8.057,8.084,8.103,8.123,8.15,8.175,8.206,8.23,8.25,8.269,8.288,8.306,8.325,8.338,8.363,8.381,8.405,8.431,8.451,8.467,8.485,8.505,8.524,8.539,8.561,8.589,8.604,8.623,8.641,8.658,8.676,8.691,8.711,8.727,8.748,8.766,8.786,8.805,8.826,8.846,8.864,8.881,8.895,8.92,8.942,8.966,8.983,9.003,9.022,9.041,9.064,9.088,9.107,9.133,9.161,9.185,9.207,9.231,9.253,9.273,9.299,9.324,9.348,9.379,9.411,9.434,9.464,9.497,9.53,9.573,9.605,9.646,9.672,9.714,9.751,9.821,9.875,9.958,10.061,10.21,10.401,10.96
48,OTH FP,6.612,7.153,7.309,7.407,7.485,7.554,7.62,7.683,7.731,7.785,7.826,7.862,7.898,7.934,7.958,7.982,8.012,8.035,8.063,8.089,8.117,8.141,8.162,8.185,8.21,8.234,8.254,8.277,8.293,8.318,8.34,8.357,8.37,8.391,8.414,8.436,8.453,8.467,8.492,8.51,8.528,8.547,8.565,8.585,8.602,8.619,8.636,8.656,8.678,8.695,8.713,8.734,8.757,8.779,8.796,8.813,8.827,8.841,8.859,8.881,8.902,8.926,8.943,8.957,8.972,8.99,9.009,9.026,9.052,9.07,9.089,9.105,9.122,9.143,9.161,9.186,9.211,9.235,9.259,9.285,9.311,9.337,9.362,9.393,9.427,9.465,9.5,9.535,9.577,9.612,9.646,9.683,9.729,9.785,9.83,9.866,9.938,10.033,10.138,10.39,10.904
49,OTH FP,6.612,7.153,7.309,7.407,7.485,7.554,7.62,7.683,7.731,7.785,7.826,7.862,7.898,7.934,7.958,7.982,8.012,8.035,8.063,8.089,8.117,8.141,8.162,8.185,8.21,8.234,8.254,8.277,8.293,8.318,8.34,8.357,8.37,8.391,8.414,8.436,8.453,8.467,8.492,8.51,8.528,8.547,8.565,8.585,8.602,8.619,8.636,8.656,8.678,8.695,8.713,8.734,8.757,8.779,8.796,8.813,8.827,8.841,8.859,8.881,8.902,8.926,8.943,8.957,8.972,8.99,9.009,9.026,9.052,9.07,9.089,9.105,9.122,9.143,9.161,9.186,9.211,9.235,9.259,9.285,9.311,9.337,9.362,9.393,9.427,9.465,9.5,9.535,9.577,9.612,9.646,9.683,9.729,9.785,9.83,9.866,9.938,10.033,10.138,10.39,10.904
50,OTH FP,6.406,7.06,7.229,7.367,7.443,7.518,7.588,7.64,7.691,7.738,7.775,7.821,7.857,7.893,7.931,7.974,8.001,8.026,8.057,8.08,8.101,8.132,8.16,8.179,8.203,8.223,8.251,8.272,8.295,8.318,8.339,8.365,8.387,8.407,8.429,8.452,8.474,8.493,8.511,8.533,8.548,8.571,8.589,8.609,8.627,8.648,8.663,8.676,8.698,8.718,8.736,8.762,8.778,8.796,8.811,8.831,8.848,8.865,8.879,8.898,8.918,8.934,8.95,8.973,8.989,9.006,9.028,9.046,9.067,9.086,9.107,9.131,9.146,9.168,9.19,9.204,9.227,9.248,9.276,9.292,9.319,9.343,9.375,9.403,9.421,9.457,9.485,9.514,9.556,9.602,9.638,9.667,9.709,9.752,9.814,9.893,9.968,10.063,10.193,10.364,10.796
51,OTH FP,6.406,7.06,7.229,7.367,7.443,7.518,7.588,7.64,7.691,7.738,7.775,7.821,7.857,7.893,7.931,7.974,8.001,8.026,8.057,8.08,8.101,8.132,8.16,8.179,8.203,8.223,8.251,8.272,8.295,8.318,8.339,8.365,8.387,8.407,8.429,8.452,8.474,8.493,8.511,8.533,8.548,8.571,8.589,8.609,8.627,8.648,8.663,8.676,8.698,8.718,8.736,8.762,8.778,8.796,8.811,8.831,8.848,8.865,8.879,8.898,8.918,8.934,8.95,8.973,8.989,9.006,9.028,9.046,9.067,9.086,9.107,9.131,9.146,9.168,9.19,9.204,9.227,9.248,9.276,9.292,9.319,9.343,9.375,9.403,9.421,9.457,9.485,9.514,9.556,9.602,9.638,9.667,9.709,9.752,9.814,9.893,9.968,10.063,10.193,10.364,10.796
52,OTH FP,6.442,7.009,7.229,7.364,7.457,7.518,7.579,7.644,7.69,7.734,7.769,7.809,7.841,7.882,7.918,7.96,7.993,8.033,8.059,8.085,8.115,8.14,8.173,8.201,8.227,8.251,8.271,8.291,8.321,8.341,8.359,8.38,8.401,8.421,8.437,8.457,8.47,8.487,8.507,8.534,8.55,8.566,8.585,8.603,8.62,8.645,8.661,8.683,8.702,8.718,8.741,8.759,8.778,8.796,8.819,8.839,8.858,8.873,8.894,8.911,8.927,8.947,8.967,8.988,9.009,9.032,9.051,9.073,9.092,9.117,9.132,9.154,9.179,9.203,9.227,9.244,9.268,9.287,9.31,9.342,9.366,9.389,9.418,9.453,9.474,9.506,9.533,9.575,9.596,9.625,9.673,9.714,9.769,9.811,9.88,9.933,9.99,10.09,10.234,10.419,10.936
53,OTH FP,6.442,7.009,7.229,7.364,7.457,7.518,7.579,7.644,7.69,7.734,7.769,7.809,7.841,7.882,7.918,7.96,7.993,8.033,8.059,8.085,8.115,8.14,8.173,8.201,8.227,8.251,8.271,8.291,8.321,8.341,8.359,8.38,8.401,8.421,8.437,8.457,8.47,8.487,8.507,8.534,8.55,8.566,8.585,8.603,8.62,8.645,8.661,8.683,8.702,8.718,8.741,8.759,8.778,8.796,8.819,8.839,8.858,8.873,8.894,8.911,8.927,8.947,8.967,8.988,9.009,9.032,9.051,9.073,9.092,9.117,9.132,9.154,9.179,9.203,9.227,9.244,9.268,9.287,9.31,9.342,9.366,9.389,9.418,9.453,9.474,9.506,9.533,9.575,9.596,9.625,9.673,9.714,9.769,9.811,9.88,9.933,9.99,10.09,10.234,10.419,10.936
54,OTH FP,6.489,7.012,7.218,7.335,7.415,7.497,7.57,7.634,7.677,7.741,7.786,7.829,7.863,7.891,7.935,7.968,8.0,8.033,8.063,8.084,8.114,8.135,8.168,8.196,8.224,8.247,8.272,8.294,8.318,8.336,8.356,8.376,8.397,8.418,8.436,8.459,8.484,8.5,8.519,8.54,8.559,8.58,8.604,8.628,8.644,8.662,8.677,8.693,8.713,8.734,8.749,8.764,8.789,8.808,8.827,8.845,8.858,8.88,8.901,8.916,8.935,8.95,8.967,8.983,9.006,9.026,9.047,9.07,9.088,9.111,9.134,9.155,9.176,9.193,9.215,9.236,9.253,9.275,9.304,9.327,9.346,9.376,9.406,9.446,9.472,9.502,9.541,9.58,9.618,9.649,9.694,9.736,9.787,9.841,9.883,9.941,10.023,10.084,10.226,10.411,10.803
55,OTH FP,6.489,7.012,7.218,7.335,7.415,7.497,7.57,7.634,7.677,7.741,7.786,7.829,7.863,7.891,7.935,7.968,8.0,8.033,8.063,8.084,8.114,8.135,8.168,8.196,8.224,8.247,8.272,8.294,8.318,8.336,8.356,8.376,8.397,8.418,8.436,8.459,8.484,8.5,8.519,8.54,8.559,8.58,8.604,8.628,8.644,8.662,8.677,8.693,8.713,8.734,8.749,8.764,8.789,8.808,8.827,8.845,8.858,8.88,8.901,8.916,8.935,8.95,8.967,8.983,9.006,9.026,9.047,9.07,9.088,9.111,9.134,9.155,9.176,9.193,9.215,9.236,9.253,9.275,9.304,9.327,9.346,9.376,9.406,9.446,9.472,9.502,9.541,9.58,9.618,9.649,9.694,9.736,9.787,9.841,9.883,9.941,10.023,10.084,10.226,10.411,10.803
56,OTH FP,6.544,7.028,7.222,7.36,7.454,7.522,7.597,7.667,7.731,7.773,7.813,7.852,7.887,7.923,7.955,8.006,8.029,8.061,8.094,8.117,8.141,8.163,8.191,8.214,8.237,8.26,8.283,8.306,8.324,8.354,8.378,8.406,8.425,8.445,8.471,8.487,8.504,8.527,8.545,8.569,8.59,8.609,8.626,8.646,8.663,8.677,8.691,8.706,8.727,8.743,8.762,8.78,8.795,8.814,8.836,8.855,8.868,8.89,8.908,8.933,8.949,8.97,8.987,9.003,9.023,9.039,9.058,9.078,9.1,9.124,9.14,9.161,9.187,9.213,9.238,9.267,9.287,9.307,9.329,9.36,9.392,9.414,9.436,9.472,9.498,9.531,9.559,9.595,9.628,9.666,9.703,9.743,9.795,9.843,9.896,9.964,10.041,10.113,10.283,10.48,11.035
57,OTH FP,6.544,7.028,7.222,7.36,7.454,7.522,7.597,7.667,7.731,7.773,7.813,7.852,7.887,7.923,7.955,8.006,8.029,8.061,8.094,8.117,8.141,8.163,8.191,8.214,8.237,8.26,8.283,8.306,8.324,8.354,8.378,8.406,8.425,8.445,8.471,8.487,8.504,8.527,8.545,8.569,8.59,8.609,8.626,8.646,8.663,8.677,8.691,8.706,8.727,8.743,8.762,8.78,8.795,8.814,8.836,8.855,8.868,8.89,8.908,8.933,8.949,8.97,8.987,9.003,9.023,9.039,9.058,9.078,9.1,9.124,9.14,9.161,9.187,9.213,9.238,9.267,9.287,9.307,9.329,9.36,9.392,9.414,9.436,9.472,9.498,9.531,9.559,9.595,9.628,9.666,9.703,9.743,9.795,9.843,9.896,9.964,10.041,10.113,10.283,10.48,11.035
58,OTH FP,6.484,7.125,7.279,7.404,7.51,7.575,7.638,7.704,7.751,7.808,7.861,7.897,7.936,7.967,8.009,8.042,8.067,8.091,8.113,8.139,8.166,8.191,8.218,8.243,8.269,8.294,8.315,8.337,8.355,8.372,8.4,8.415,8.438,8.459,8.474,8.496,8.52,8.534,8.555,8.573,8.587,8.607,8.624,8.64,8.658,8.675,8.692,8.71,8.729,8.743,8.76,8.776,8.792,8.808,8.833,8.847,8.865,8.883,8.901,8.921,8.938,8.962,8.986,8.998,9.017,9.04,9.06,9.08,9.107,9.129,9.153,9.169,9.19,9.217,9.239,9.265,9.29,9.315,9.333,9.355,9.377,9.407,9.432,9.459,9.49,9.521,9.551,9.58,9.617,9.654,9.706,9.741,9.784,9.841,9.89,9.934,9.986,10.075,10.185,10.397,10.937
59,OTH FP,6.484,7.125,7.279,7.404,7.51,7.575,7.638,7.704,7.751,7.808,7.861,7.897,7.936,7.967,8.009,8.042,8.067,8.091,8.113,8.139,8.166,8.191,8.218,8.243,8.269,8.294,8.315,8.337,8.355,8.372,8.4,8.415,8.438,8.459,8.474,8.496,8.52,8.534,8.555,8.573,8.587,8.607,8.624,8.64,8.658,8.675,8.692,8.71,8.729,8.743,8.76,8.776,8.792,8.808,8.833,8.847,8.865,8.883,8.901,8.921,8.938,8.962,8.986,8.998,9.017,9.04,9.06,9.08,9.107,9.129,9.153,9.169,9.19,9.217,9.239,9.265,9.29,9.315,9.333,9.355,9.377,9.407,9.432,9.459,9.49,9.521,9.551,9.58,9.617,9.654,9.706,9.741,9.784,9.841,9.89,9.934,9.986,10.075,10.185,10.397,10.937
60,OTH FP,6.681,7.187,7.364,7.529,7.626,7.675,7.745,7.79,7.846,7.882,7.935,7.967,7.997,8.031,8.066,8.096,8.125,8.147,8.168,8.19,8.22,8.242,8.267,8.295,8.318,8.341,8.361,8.385,8.406,8.426,8.446,8.465,8.483,8.498,8.511,8.527,8.547,8.56,8.575,8.595,8.611,8.631,8.647,8.663,8.681,8.7,8.713,8.729,8.743,8.759,8.773,8.791,8.806,8.82,8.838,8.855,8.875,8.891,8.907,8.924,8.94,8.958,8.977,8.998,9.021,9.038,9.056,9.076,9.095,9.113,9.133,9.147,9.171,9.187,9.205,9.22,9.245,9.271,9.299,9.323,9.349,9.371,9.399,9.422,9.448,9.471,9.507,9.535,9.561,9.594,9.63,9.679,9.723,9.767,9.83,9.874,9.945,10.012,10.096,10.255,10.822
61,OTH FP,6.681,7.187,7.364,7.529,7.626,7.675,7.745,7.79,7.846,7.882,7.935,7.967,7.997,8.031,8.066,8.096,8.125,8.147,8.168,8.19,8.22,8.242,8.267,8.295,8.318,8.341,8.361,8.385,8.406,8.426,8.446,8.465,8.483,8.498,8.511,8.527,8.547,8.56,8.575,8.595,8.611,8.631,8.647,8.663,8.681,8.7,8.713,8.729,8.743,8.759,8.773,8.791,8.806,8.82,8.838,8.855,8.875,8.891,8.907,8.924,8.94,8.958,8.977,8.998,9.021,9.038,9.056,9.076,9.095,9.113,9.133,9.147,9.171,9.187,9.205,9.22,9.245,9.271,9.299,9.323,9.349,9.371,9.399,9.422,9.448,9.471,9.507,9.535,9.561,9.594,9.63,9.679,9.723,9.767,9.83,9.874,9.945,10.012,10.096,10.255,10.822
62,OTH FP,6.606,7.111,7.264,7.348,7.447,7.549,7.605,7.679,7.729,7.781,7.821,7.853,7.894,7.921,7.957,7.989,8.021,8.051,8.082,8.105,8.137,8.158,8.183,8.204,8.222,8.248,8.263,8.282,8.306,8.327,8.34,8.358,8.374,8.389,8.409,8.429,8.446,8.463,8.479,8.496,8.511,8.526,8.545,8.563,8.579,8.593,8.609,8.626,8.643,8.658,8.68,8.699,8.718,8.737,8.753,8.769,8.787,8.806,8.818,8.836,8.854,8.873,8.889,8.91,8.933,8.948,8.963,8.98,8.997,9.02,9.043,9.065,9.086,9.107,9.124,9.149,9.165,9.189,9.208,9.235,9.259,9.283,9.304,9.338,9.37,9.403,9.435,9.469,9.5,9.531,9.578,9.616,9.66,9.708,9.763,9.813,9.874,9.941,10.039,10.184,10.833
63,OTH FP,6.606,7.111,7.264,7.348,7.447,7.549,7.605,7.679,7.729,7.781,7.821,7.853,7.894,7.921,7.957,7.989,8.021,8.051,8.082,8.105,8.137,8.158,8.183,8.204,8.222,8.248,8.263,8.282,8.306,8.327,8.34,8.358,8.374,8.389,8.409,8.429,8.446,8.463,8.479,8.496,8.511,8.526,8.545,8.563,8.579,8.593,8.609,8.626,8.643,8.658,8.68,8.699,8.718,8.737,8.753,8.769,8.787,8.806,8.818,8.836,8.854,8.873,8.889,8.91,8.933,8.948,8.963,8.98,8.997,9.02,9.043,9.065,9.086,9.107,9.124,9.149,9.165,9.189,9.208,9.235,9.259,9.283,9.304,9.338,9.37,9.403,9.435,9.469,9.5,9.531,9.578,9.616,9.66,9.708,9.763,9.813,9.874,9.941,10.039,10.184,10.833
64,OTH FP,6.468,6.945,7.11,7.274,7.36,7.425,7.51,7.579,7.639,7.683,7.719,7.754,7.791,7.833,7.869,7.91,7.935,7.967,7.995,8.018,8.039,8.061,8.078,8.108,8.128,8.148,8.163,8.187,8.21,8.228,8.242,8.257,8.281,8.3,8.32,8.338,8.358,8.376,8.393,8.415,8.435,8.449,8.465,8.48,8.497,8.516,8.534,8.55,8.566,8.582,8.601,8.615,8.639,8.66,8.676,8.697,8.711,8.724,8.736,8.753,8.773,8.791,8.805,8.826,8.845,8.863,8.883,8.902,8.917,8.936,8.953,8.974,8.994,9.02,9.037,9.062,9.078,9.096,9.114,9.141,9.16,9.184,9.207,9.234,9.258,9.29,9.322,9.351,9.377,9.407,9.444,9.486,9.529,9.568,9.613,9.69,9.764,9.859,9.984,10.184,10.623
65,OTH FP,6.468,6.945,7.11,7.274,7.36,7.425,7.51,7.579,7.639,7.683,7.719,7.754,7.791,7.833,7.869,7.91,7.935,7.967,7.995,8.018,8.039,8.061,8.078,8.108,8.128,8.148,8.163,8.187,8.21,8.228,8.242,8.257,8.281,8.3,8.32,8.338,8.358,8.376,8.393,8.415,8.435,8.449,8.465,8.48,8.497,8.516,8.534,8.55,8.566,8.582,8.601,8.615,8.639,8.66,8.676,8.697,8.711,8.724,8.736,8.753,8.773,8.791,8.805,8.826,8.845,8.863,8.883,8.902,8.917,8.936,8.953,8.974,8.994,9.02,9.037,9.062,9.078,9.096,9.114,9.141,9.16,9.184,9.207,9.234,9.258,9.29,9.322,9.351,9.377,9.407,9.444,9.486,9.529,9.568,9.613,9.69,9.764,9.859,9.984,10.184,10.623
66,OTH FP,6.572,6.873,7.08,7.254,7.337,7.404,7.484,7.529,7.574,7.617,7.648,7.689,7.728,7.759,7.791,7.821,7.851,7.883,7.903,7.921,7.948,7.979,7.999,8.016,8.038,8.061,8.076,8.097,8.119,8.136,8.16,8.179,8.197,8.216,8.232,8.247,8.263,8.28,8.296,8.313,8.334,8.356,8.373,8.39,8.402,8.422,8.436,8.459,8.476,8.491,8.508,8.526,8.541,8.555,8.571,8.586,8.606,8.621,8.644,8.654,8.673,8.69,8.707,8.721,8.743,8.757,8.773,8.79,8.809,8.829,8.848,8.867,8.887,8.906,8.927,8.952,8.972,8.99,9.012,9.038,9.058,9.097,9.121,9.148,9.166,9.19,9.217,9.247,9.279,9.3,9.339,9.377,9.427,9.475,9.529,9.6,9.667,9.768,9.844,10.05,10.655
67,OTH FP,6.572,6.873,7.08,7.254,7.337,7.404,7.484,7.529,7.574,7.617,7.648,7.689,7.728,7.759,7.791,7.821,7.851,7.883,7.903,7.921,7.948,7.979,7.999,8.016,8.038,8.061,8.076,8.097,8.119,8.136,8.16,8.179,8.197,8.216,8.232,8.247,8.263,8.28,8.296,8.313,8.334,8.356,8.373,8.39,8.402,8.422,8.436,8.459,8.476,8.491,8.508,8.526,8.541,8.555,8.571,8.586,8.606,8.621,8.644,8.654,8.673,8.69,8.707,8.721,8.743,8.757,8.773,8.79,8.809,8.829,8.848,8.867,8.887,8.906,8.927,8.952,8.972,8.99,9.012,9.038,9.058,9.097,9.121,9.148,9.166,9.19,9.217,9.247,9.279,9.3,9.339,9.377,9.427,9.475,9.529,9.6,9.667,9.768,9.844,10.05,10.655
68,OTH FP,6.274,6.771,6.976,7.116,7.201,7.275,7.333,7.374,7.409,7.454,7.502,7.548,7.597,7.623,7.654,7.688,7.727,7.754,7.779,7.802,7.83,7.853,7.875,7.896,7.915,7.932,7.956,7.976,7.996,8.015,8.041,8.064,8.079,8.094,8.11,8.131,8.144,8.162,8.183,8.197,8.214,8.229,8.243,8.266,8.283,8.305,8.323,8.345,8.359,8.374,8.392,8.406,8.427,8.446,8.461,8.475,8.489,8.505,8.524,8.542,8.563,8.577,8.595,8.613,8.627,8.644,8.66,8.679,8.702,8.723,8.743,8.762,8.782,8.801,8.828,8.855,8.884,8.904,8.923,8.949,8.974,9.002,9.024,9.056,9.083,9.12,9.145,9.177,9.213,9.248,9.288,9.328,9.385,9.433,9.484,9.535,9.628,9.699,9.793,9.977,10.657
69,OTH FP,6.274,6.771,6.976,7.116,7.201,7.275,7.333,7.374,7.409,7.454,7.502,7.548,7.597,7.623,7.654,7.688,7.727,7.754,7.779,7.802,7.83,7.853,7.875,7.896,7.915,7.932,7.956,7.976,7.996,8.015,8.041,8.064,8.079,8.094,8.11,8.131,8.144,8.162,8.183,8.197,8.214,8.229,8.243,8.266,8.283,8.305,8.323,8.345,8.359,8.374,8.392,8.406,8.427,8.446,8.461,8.475,8.489,8.505,8.524,8.542,8.563,8.577,8.595,8.613,8.627,8.644,8.66,8.679,8.702,8.723,8.743,8.762,8.782,8.801,8.828,8.855,8.884,8.904,8.923,8.949,8.974,9.002,9.024,9.056,9.083,9.12,9.145,9.177,9.213,9.248,9.288,9.328,9.385,9.433,9.484,9.535,9.628,9.699,9.793,9.977,10.657
70,OTH FP,6.129,6.623,6.828,6.937,7.026,7.112,7.175,7.23,7.268,7.304,7.334,7.388,7.424,7.461,7.5,7.532,7.56,7.593,7.623,7.648,7.674,7.701,7.725,7.756,7.778,7.799,7.819,7.844,7.862,7.881,7.902,7.922,7.939,7.954,7.98,8.006,8.029,8.047,8.065,8.08,8.097,8.115,8.134,8.15,8.169,8.188,8.209,8.232,8.251,8.262,8.278,8.3,8.314,8.33,8.353,8.374,8.389,8.408,8.423,8.437,8.453,8.472,8.497,8.518,8.538,8.559,8.576,8.595,8.618,8.635,8.65,8.669,8.694,8.712,8.731,8.756,8.777,8.797,8.832,8.858,8.883,8.914,8.943,8.967,8.988,9.026,9.053,9.101,9.144,9.183,9.223,9.255,9.303,9.331,9.389,9.447,9.525,9.606,9.716,9.867,10.358
71,OTH FP,6.129,6.623,6.828,6.937,7.026,7.112,7.175,7.23,7.268,7.304,7.334,7.388,7.424,7.461,7.5,7.532,7.56,7.593,7.623,7.648,7.674,7.701,7.725,7.756,7.778,7.799,7.819,7.844,7.862,7.881,7.902,7.922,7.939,7.954,7.98,8.006,8.029,8.047,8.065,8.08,8.097,8.115,8.134,8.15,8.169,8.188,8.209,8.232,8.251,8.262,8.278,8.3,8.314,8.33,8.353,8.374,8.389,8.408,8.423,8.437,8.453,8.472,8.497,8.518,8.538,8.559,8.576,8.595,8.618,8.635,8.65,8.669,8.694,8.712,8.731,8.756,8.777,8.797,8.832,8.858,8.883,8.914,8.943,8.967,8.988,9.026,9.053,9.101,9.144,9.183,9.223,9.255,9.303,9.331,9.389,9.447,9.525,9.606,9.716,9.867,10.358
72,OTH FP,6.041,6.481,6.66,6.831,6.919,7.007,7.066,7.118,7.162,7.197,7.242,7.28,7.309,7.34,7.382,7.416,7.451,7.478,7.503,7.53,7.558,7.578,7.599,7.629,7.659,7.685,7.701,7.721,7.743,7.769,7.789,7.813,7.83,7.849,7.87,7.889,7.905,7.931,7.95,7.972,7.993,8.017,8.034,8.051,8.067,8.085,8.102,8.118,8.136,8.157,8.171,8.198,8.218,8.235,8.253,8.269,8.288,8.303,8.319,8.337,8.356,8.372,8.391,8.411,8.432,8.453,8.475,8.491,8.506,8.523,8.549,8.565,8.583,8.609,8.628,8.653,8.672,8.698,8.724,8.751,8.779,8.806,8.834,8.854,8.888,8.91,8.942,8.983,9.015,9.051,9.085,9.14,9.186,9.229,9.287,9.344,9.416,9.507,9.62,9.764,10.284
73,OTH FP,6.041,6.481,6.66,6.831,6.919,7.007,7.066,7.118,7.162,7.197,7.242,7.28,7.309,7.34,7.382,7.416,7.451,7.478,7.503,7.53,7.558,7.578,7.599,7.629,7.659,7.685,7.701,7.721,7.743,7.769,7.789,7.813,7.83,7.849,7.87,7.889,7.905,7.931,7.95,7.972,7.993,8.017,8.034,8.051,8.067,8.085,8.102,8.118,8.136,8.157,8.171,8.198,8.218,8.235,8.253,8.269,8.288,8.303,8.319,8.337,8.356,8.372,8.391,8.411,8.432,8.453,8.475,8.491,8.506,8.523,8.549,8.565,8.583,8.609,8.628,8.653,8.672,8.698,8.724,8.751,8.779,8.806,8.834,8.854,8.888,8.91,8.942,8.983,9.015,9.051,9.085,9.14,9.186,9.229,9.287,9.344,9.416,9.507,9.62,9.764,10.284
74,OTH FP,5.88,6.41,6.601,6.712,6.802,6.881,6.949,7.005,7.065,7.103,7.149,7.183,7.215,7.25,7.279,7.304,7.335,7.354,7.378,7.413,7.439,7.465,7.493,7.517,7.538,7.561,7.584,7.601,7.628,7.652,7.673,7.693,7.715,7.74,7.759,7.773,7.793,7.819,7.839,7.854,7.871,7.893,7.913,7.931,7.956,7.973,7.988,8.007,8.023,8.04,8.053,8.067,8.081,8.099,8.117,8.134,8.149,8.167,8.189,8.206,8.229,8.251,8.263,8.28,8.302,8.322,8.341,8.358,8.376,8.392,8.414,8.435,8.459,8.483,8.507,8.529,8.551,8.572,8.604,8.634,8.658,8.689,8.717,8.753,8.786,8.818,8.852,8.884,8.911,8.941,8.974,9.013,9.051,9.09,9.129,9.195,9.282,9.368,9.477,9.653,10.119
75,OTH FP,5.88,6.41,6.601,6.712,6.802,6.881,6.949,7.005,7.065,7.103,7.149,7.183,7.215,7.25,7.279,7.304,7.335,7.354,7.378,7.413,7.439,7.465,7.493,7.517,7.538,7.561,7.584,7.601,7.628,7.652,7.673,7.693,7.715,7.74,7.759,7.773,7.793,7.819,7.839,7.854,7.871,7.893,7.913,7.931,7.956,7.973,7.988,8.007,8.023,8.04,8.053,8.067,8.081,8.099,8.117,8.134,8.149,8.167,8.189,8.206,8.229,8.251,8.263,8.28,8.302,8.322,8.341,8.358,8.376,8.392,8.414,8.435,8.459,8.483,8.507,8.529,8.551,8.572,8.604,8.634,8.658,8.689,8.717,8.753,8.786,8.818,8.852,8.884,8.911,8.941,8.974,9.013,9.051,9.09,9.129,9.195,9.282,9.368,9.477,9.653,10.119
76,OTH FP,5.606,6.351,6.542,6.646,6.723,6.816,6.863,6.914,6.954,7.005,7.053,7.094,7.131,7.17,7.204,7.227,7.256,7.279,7.298,7.336,7.359,7.375,7.396,7.417,7.443,7.458,7.48,7.501,7.524,7.546,7.564,7.585,7.61,7.629,7.648,7.665,7.684,7.699,7.717,7.739,7.755,7.767,7.787,7.806,7.825,7.84,7.86,7.875,7.896,7.916,7.932,7.947,7.966,7.984,8.008,8.03,8.048,8.068,8.086,8.106,8.124,8.148,8.168,8.183,8.201,8.218,8.235,8.255,8.27,8.292,8.314,8.33,8.352,8.376,8.392,8.421,8.447,8.466,8.493,8.511,8.535,8.561,8.589,8.614,8.637,8.663,8.692,8.722,8.758,8.793,8.836,8.881,8.913,8.973,9.037,9.108,9.161,9.24,9.36,9.49,10.116
77,OTH FP,5.606,6.351,6.542,6.646,6.723,6.816,6.863,6.914,6.954,7.005,7.053,7.094,7.131,7.17,7.204,7.227,7.256,7.279,7.298,7.336,7.359,7.375,7.396,7.417,7.443,7.458,7.48,7.501,7.524,7.546,7.564,7.585,7.61,7.629,7.648,7.665,7.684,7.699,7.717,7.739,7.755,7.767,7.787,7.806,7.825,7.84,7.86,7.875,7.896,7.916,7.932,7.947,7.966,7.984,8.008,8.03,8.048,8.068,8.086,8.106,8.124,8.148,8.168,8.183,8.201,8.218,8.235,8.255,8.27,8.292,8.314,8.33,8.352,8.376,8.392,8.421,8.447,8.466,8.493,8.511,8.535,8.561,8.589,8.614,8.637,8.663,8.692,8.722,8.758,8.793,8.836,8.881,8.913,8.973,9.037,9.108,9.161,9.24,9.36,9.49,10.116
78,OTH FP,5.635,6.101,6.303,6.453,6.544,6.631,6.693,6.739,6.786,6.847,6.903,6.939,6.973,7.017,7.047,7.08,7.111,7.129,7.162,7.197,7.221,7.24,7.263,7.285,7.309,7.329,7.355,7.376,7.399,7.421,7.446,7.474,7.498,7.519,7.534,7.557,7.578,7.597,7.616,7.641,7.66,7.685,7.704,7.72,7.736,7.756,7.773,7.784,7.804,7.824,7.851,7.87,7.888,7.909,7.925,7.944,7.967,7.994,8.009,8.027,8.048,8.066,8.081,8.098,8.115,8.132,8.162,8.184,8.2,8.223,8.245,8.266,8.289,8.315,8.331,8.351,8.376,8.395,8.424,8.454,8.483,8.513,8.539,8.568,8.588,8.615,8.636,8.677,8.717,8.75,8.784,8.832,8.867,8.909,8.97,9.016,9.1,9.177,9.303,9.444,10.165
79,OTH FP,5.635,6.101,6.303,6.453,6.544,6.631,6.693,6.739,6.786,6.847,6.903,6.939,6.973,7.017,7.047,7.08,7.111,7.129,7.162,7.197,7.221,7.24,7.263,7.285,7.309,7.329,7.355,7.376,7.399,7.421,7.446,7.474,7.498,7.519,7.534,7.557,7.578,7.597,7.616,7.641,7.66,7.685,7.704,7.72,7.736,7.756,7.773,7.784,7.804,7.824,7.851,7.87,7.888,7.909,7.925,7.944,7.967,7.994,8.009,8.027,8.048,8.066,8.081,8.098,8.115,8.132,8.162,8.184,8.2,8.223,8.245,8.266,8.289,8.315,8.331,8.351,8.376,8.395,8.424,8.454,8.483,8.513,8.539,8.568,8.588,8.615,8.636,8.677,8.717,8.75,8.784,8.832,8.867,8.909,8.97,9.016,9.1,9.177,9.303,9.444,10.165
80,OTH FP,5.267,5.946,6.15,6.299,6.417,6.487,6.567,6.627,6.678,6.732,6.774,6.823,6.857,6.89,6.921,6.949,6.987,7.013,7.046,7.075,7.1,7.126,7.159,7.189,7.219,7.236,7.262,7.283,7.311,7.336,7.358,7.386,7.407,7.428,7.45,7.472,7.493,7.512,7.535,7.561,7.581,7.599,7.616,7.635,7.65,7.666,7.678,7.703,7.715,7.734,7.75,7.776,7.798,7.815,7.835,7.853,7.873,7.894,7.914,7.934,7.959,7.985,8.002,8.02,8.035,8.054,8.077,8.101,8.124,8.155,8.178,8.194,8.214,8.232,8.253,8.275,8.305,8.333,8.363,8.39,8.418,8.446,8.47,8.499,8.524,8.552,8.592,8.623,8.659,8.696,8.734,8.764,8.812,8.883,8.937,9.001,9.071,9.163,9.305,9.443,9.93
81,OTH FP,5.267,5.946,6.15,6.299,6.417,6.487,6.567,6.627,6.678,6.732,6.774,6.823,6.857,6.89,6.921,6.949,6.987,7.013,7.046,7.075,7.1,7.126,7.159,7.189,7.219,7.236,7.262,7.283,7.311,7.336,7.358,7.386,7.407,7.428,7.45,7.472,7.493,7.512,7.535,7.561,7.581,7.599,7.616,7.635,7.65,7.666,7.678,7.703,7.715,7.734,7.75,7.776,7.798,7.815,7.835,7.853,7.873,7.894,7.914,7.934,7.959,7.985,8.002,8.02,8.035,8.054,8.077,8.101,8.124,8.155,8.178,8.194,8.214,8.232,8.253,8.275,8.305,8.333,8.363,8.39,8.418,8.446,8.47,8.499,8.524,8.552,8.592,8.623,8.659,8.696,8.734,8.764,8.812,8.883,8.937,9.001,9.071,9.163,9.305,9.443,9.93
82,OTH FP,5.192,5.859,6.088,6.205,6.301,6.385,6.454,6.529,6.577,6.63,6.671,6.707,6.742,6.78,6.822,6.861,6.885,6.918,6.952,6.978,7.001,7.032,7.059,7.081,7.102,7.125,7.155,7.177,7.206,7.239,7.26,7.28,7.299,7.322,7.337,7.361,7.38,7.403,7.427,7.448,7.469,7.488,7.508,7.53,7.547,7.574,7.587,7.601,7.631,7.648,7.669,7.687,7.706,7.73,7.746,7.769,7.788,7.803,7.82,7.842,7.861,7.883,7.902,7.926,7.956,7.976,8.0,8.025,8.05,8.077,8.104,8.122,8.144,8.163,8.186,8.211,8.235,8.254,8.284,8.302,8.334,8.363,8.39,8.417,8.455,8.486,8.51,8.548,8.575,8.614,8.648,8.687,8.738,8.783,8.832,8.899,8.997,9.084,9.18,9.372,9.856
83,OTH FP,5.192,5.859,6.088,6.205,6.301,6.385,6.454,6.529,6.577,6.63,6.671,6.707,6.742,6.78,6.822,6.861,6.885,6.918,6.952,6.978,7.001,7.032,7.059,7.081,7.102,7.125,7.155,7.177,7.206,7.239,7.26,7.28,7.299,7.322,7.337,7.361,7.38,7.403,7.427,7.448,7.469,7.488,7.508,7.53,7.547,7.574,7.587,7.601,7.631,7.648,7.669,7.687,7.706,7.73,7.746,7.769,7.788,7.803,7.82,7.842,7.861,7.883,7.902,7.926,7.956,7.976,8.0,8.025,8.05,8.077,8.104,8.122,8.144,8.163,8.186,8.211,8.235,8.254,8.284,8.302,8.334,8.363,8.39,8.417,8.455,8.486,8.51,8.548,8.575,8.614,8.648,8.687,8.738,8.783,8.832,8.899,8.997,9.084,9.18,9.372,9.856
84,OTH FP,5.22,5.779,5.981,6.103,6.239,6.31,6.381,6.45,6.505,6.542,6.598,6.642,6.674,6.713,6.738,6.769,6.804,6.83,6.862,6.888,6.916,6.944,6.975,7.0,7.023,7.048,7.07,7.089,7.111,7.132,7.158,7.184,7.204,7.223,7.249,7.27,7.288,7.31,7.325,7.349,7.37,7.394,7.417,7.434,7.454,7.477,7.494,7.512,7.534,7.553,7.571,7.597,7.614,7.633,7.652,7.673,7.689,7.707,7.732,7.751,7.77,7.792,7.815,7.831,7.853,7.877,7.896,7.919,7.942,7.965,7.99,8.018,8.043,8.068,8.088,8.12,8.14,8.16,8.189,8.212,8.235,8.27,8.301,8.327,8.353,8.385,8.413,8.447,8.487,8.528,8.563,8.61,8.648,8.703,8.748,8.805,8.894,8.961,9.066,9.274,9.985
85,OTH FP,5.22,5.779,5.981,6.103,6.239,6.31,6.381,6.45,6.505,6.542,6.598,6.642,6.674,6.713,6.738,6.769,6.804,6.83,6.862,6.888,6.916,6.944,6.975,7.0,7.023,7.048,7.07,7.089,7.111,7.132,7.158,7.184,7.204,7.223,7.249,7.27,7.288,7.31,7.325,7.349,7.37,7.394,7.417,7.434,7.454,7.477,7.494,7.512,7.534,7.553,7.571,7.597,7.614,7.633,7.652,7.673,7.689,7.707,7.732,7.751,7.77,7.792,7.815,7.831,7.853,7.877,7.896,7.919,7.942,7.965,7.99,8.018,8.043,8.068,8.088,8.12,8.14,8.16,8.189,8.212,8.235,8.27,8.301,8.327,8.353,8.385,8.413,8.447,8.487,8.528,8.563,8.61,8.648,8.703,8.748,8.805,8.894,8.961,9.066,9.274,9.985
86,OTH FP,5.148,5.622,5.891,6.038,6.117,6.192,6.272,6.338,6.392,6.439,6.483,6.528,6.565,6.593,6.623,6.669,6.701,6.729,6.764,6.799,6.825,6.847,6.873,6.903,6.932,6.95,6.97,6.993,7.013,7.04,7.059,7.082,7.096,7.117,7.138,7.164,7.19,7.216,7.24,7.259,7.278,7.297,7.316,7.335,7.354,7.383,7.402,7.418,7.437,7.453,7.47,7.491,7.515,7.538,7.554,7.572,7.593,7.618,7.634,7.655,7.675,7.694,7.712,7.731,7.751,7.769,7.785,7.815,7.833,7.849,7.87,7.892,7.91,7.933,7.957,7.982,8.01,8.032,8.055,8.088,8.111,8.139,8.163,8.191,8.222,8.247,8.29,8.332,8.37,8.405,8.435,8.478,8.523,8.589,8.634,8.702,8.785,8.86,8.976,9.149,9.828
87,OTH FP,5.148,5.622,5.891,6.038,6.117,6.192,6.272,6.338,6.392,6.439,6.483,6.528,6.565,6.593,6.623,6.669,6.701,6.729,6.764,6.799,6.825,6.847,6.873,6.903,6.932,6.95,6.97,6.993,7.013,7.04,7.059,7.082,7.096,7.117,7.138,7.164,7.19,7.216,7.24,7.259,7.278,7.297,7.316,7.335,7.354,7.383,7.402,7.418,7.437,7.453,7.47,7.491,7.515,7.538,7.554,7.572,7.593,7.618,7.634,7.655,7.675,7.694,7.712,7.731,7.751,7.769,7.785,7.815,7.833,7.849,7.87,7.892,7.91,7.933,7.957,7.982,8.01,8.032,8.055,8.088,8.111,8.139,8.163,8.191,8.222,8.247,8.29,8.332,8.37,8.405,8.435,8.478,8.523,8.589,8.634,8.702,8.785,8.86,8.976,9.149,9.828
88,OTH FP,4.953,5.645,5.853,5.976,6.061,6.133,6.207,6.253,6.31,6.353,6.394,6.447,6.475,6.516,6.56,6.596,6.626,6.651,6.69,6.714,6.741,6.769,6.801,6.819,6.848,6.872,6.9,6.921,6.943,6.962,6.983,7.001,7.019,7.041,7.065,7.084,7.106,7.122,7.142,7.161,7.18,7.198,7.218,7.24,7.264,7.284,7.301,7.318,7.334,7.349,7.37,7.389,7.407,7.422,7.44,7.46,7.481,7.502,7.523,7.547,7.564,7.582,7.602,7.62,7.639,7.659,7.677,7.694,7.717,7.742,7.767,7.787,7.812,7.834,7.858,7.882,7.904,7.926,7.954,7.982,8.013,8.039,8.058,8.082,8.113,8.139,8.171,8.203,8.24,8.276,8.317,8.366,8.416,8.479,8.532,8.593,8.663,8.755,8.845,9.033,9.496
89,OTH FP,4.953,5.645,5.853,5.976,6.061,6.133,6.207,6.253,6.31,6.353,6.394,6.447,6.475,6.516,6.56,6.596,6.626,6.651,6.69,6.714,6.741,6.769,6.801,6.819,6.848,6.872,6.9,6.921,6.943,6.962,6.983,7.001,7.019,7.041,7.065,7.084,7.106,7.122,7.142,7.161,7.18,7.198,7.218,7.24,7.264,7.284,7.301,7.318,7.334,7.349,7.37,7.389,7.407,7.422,7.44,7.46,7.481,7.502,7.523,7.547,7.564,7.582,7.602,7.62,7.639,7.659,7.677,7.694,7.717,7.742,7.767,7.787,7.812,7.834,7.858,7.882,7.904,7.926,7.954,7.982,8.013,8.039,8.058,8.082,8.113,8.139,8.171,8.203,8.24,8.276,8.317,8.366,8.416,8.479,8.532,8.593,8.663,8.755,8.845,9.033,9.496
90,OTH FP,5.176,5.594,5.783,5.919,6.017,6.076,6.146,6.189,6.231,6.284,6.331,6.366,6.412,6.45,6.493,6.527,6.562,6.586,6.621,6.652,6.68,6.708,6.736,6.761,6.784,6.81,6.827,6.849,6.869,6.89,6.908,6.926,6.947,6.969,6.989,7.01,7.03,7.051,7.081,7.098,7.124,7.142,7.158,7.173,7.189,7.211,7.225,7.243,7.261,7.28,7.295,7.312,7.331,7.347,7.363,7.38,7.397,7.414,7.428,7.449,7.465,7.485,7.501,7.517,7.538,7.556,7.583,7.601,7.615,7.633,7.657,7.676,7.696,7.717,7.737,7.763,7.786,7.804,7.828,7.858,7.879,7.903,7.932,7.963,7.988,8.019,8.054,8.086,8.114,8.15,8.189,8.234,8.274,8.316,8.373,8.448,8.534,8.644,8.771,8.94,9.515
91,OTH FP,5.176,5.594,5.783,5.919,6.017,6.076,6.146,6.189,6.231,6.284,6.331,6.366,6.412,6.45,6.493,6.527,6.562,6.586,6.621,6.652,6.68,6.708,6.736,6.761,6.784,6.81,6.827,6.849,6.869,6.89,6.908,6.926,6.947,6.969,6.989,7.01,7.03,7.051,7.081,7.098,7.124,7.142,7.158,7.173,7.189,7.211,7.225,7.243,7.261,7.28,7.295,7.312,7.331,7.347,7.363,7.38,7.397,7.414,7.428,7.449,7.465,7.485,7.501,7.517,7.538,7.556,7.583,7.601,7.615,7.633,7.657,7.676,7.696,7.717,7.737,7.763,7.786,7.804,7.828,7.858,7.879,7.903,7.932,7.963,7.988,8.019,8.054,8.086,8.114,8.15,8.189,8.234,8.274,8.316,8.373,8.448,8.534,8.644,8.771,8.94,9.515
92,OTH FP,5.094,5.537,5.722,5.855,5.929,6.01,6.079,6.128,6.176,6.227,6.277,6.321,6.357,6.4,6.438,6.466,6.497,6.523,6.549,6.577,6.603,6.633,6.655,6.681,6.703,6.732,6.76,6.781,6.803,6.824,6.847,6.87,6.896,6.914,6.937,6.951,6.969,6.989,7.008,7.026,7.049,7.069,7.082,7.101,7.122,7.136,7.163,7.179,7.196,7.217,7.237,7.255,7.28,7.295,7.315,7.334,7.359,7.373,7.39,7.406,7.427,7.449,7.466,7.488,7.5,7.523,7.544,7.564,7.587,7.607,7.63,7.651,7.668,7.691,7.718,7.743,7.76,7.783,7.81,7.828,7.857,7.879,7.913,7.941,7.965,7.993,8.03,8.058,8.09,8.122,8.157,8.2,8.246,8.305,8.366,8.446,8.515,8.615,8.751,8.948,9.403
93,OTH FP,5.094,5.537,5.722,5.855,5.929,6.01,6.079,6.128,6.176,6.227,6.277,6.321,6.357,6.4,6.438,6.466,6.497,6.523,6.549,6.577,6.603,6.633,6.655,6.681,6.703,6.732,6.76,6.781,6.803,6.824,6.847,6.87,6.896,6.914,6.937,6.951,6.969,6.989,7.008,7.026,7.049,7.069,7.082,7.101,7.122,7.136,7.163,7.179,7.196,7.217,7.237,7.255,7.28,7.295,7.315,7.334,7.359,7.373,7.39,7.406,7.427,7.449,7.466,7.488,7.5,7.523,7.544,7.564,7.587,7.607,7.63,7.651,7.668,7.691,7.718,7.743,7.76,7.783,7.81,7.828,7.857,7.879,7.913,7.941,7.965,7.993,8.03,8.058,8.09,8.122,8.157,8.2,8.246,8.305,8.366,8.446,8.515,8.615,8.751,8.948,9.403
94,OTH FP,4.873,5.405,5.61,5.741,5.848,5.94,6.0,6.066,6.109,6.16,6.203,6.249,6.293,6.329,6.365,6.395,6.43,6.456,6.484,6.508,6.539,6.565,6.586,6.616,6.642,6.666,6.686,6.714,6.737,6.762,6.782,6.806,6.826,6.842,6.867,6.888,6.912,6.934,6.952,6.98,7.005,7.026,7.047,7.065,7.08,7.098,7.116,7.139,7.157,7.177,7.197,7.213,7.23,7.251,7.272,7.292,7.31,7.328,7.344,7.363,7.381,7.4,7.423,7.441,7.464,7.489,7.51,7.531,7.557,7.578,7.597,7.619,7.639,7.663,7.687,7.706,7.731,7.757,7.779,7.802,7.834,7.86,7.878,7.907,7.939,7.981,8.008,8.04,8.075,8.11,8.16,8.205,8.253,8.302,8.352,8.418,8.517,8.613,8.707,8.911,9.369
95,OTH FP,4.873,5.405,5.61,5.741,5.848,5.94,6.0,6.066,6.109,6.16,6.203,6.249,6.293,6.329,6.365,6.395,6.43,6.456,6.484,6.508,6.539,6.565,6.586,6.616,6.642,6.666,6.686,6.714,6.737,6.762,6.782,6.806,6.826,6.842,6.867,6.888,6.912,6.934,6.952,6.98,7.005,7.026,7.047,7.065,7.08,7.098,7.116,7.139,7.157,7.177,7.197,7.213,7.23,7.251,7.272,7.292,7.31,7.328,7.344,7.363,7.381,7.4,7.423,7.441,7.464,7.489,7.51,7.531,7.557,7.578,7.597,7.619,7.639,7.663,7.687,7.706,7.731,7.757,7.779,7.802,7.834,7.86,7.878,7.907,7.939,7.981,8.008,8.04,8.075,8.11,8.16,8.205,8.253,8.302,8.352,8.418,8.517,8.613,8.707,8.911,9.369
96,OTH FP,4.815,5.364,5.563,5.698,5.803,5.878,5.953,6.018,6.068,6.106,6.141,6.175,6.22,6.257,6.302,6.337,6.358,6.392,6.427,6.455,6.489,6.512,6.538,6.568,6.599,6.627,6.648,6.676,6.697,6.718,6.743,6.775,6.796,6.82,6.835,6.854,6.87,6.889,6.912,6.936,6.954,6.974,6.998,7.017,7.039,7.052,7.073,7.091,7.113,7.134,7.158,7.177,7.19,7.213,7.228,7.245,7.263,7.281,7.299,7.327,7.346,7.367,7.383,7.406,7.425,7.449,7.465,7.485,7.503,7.528,7.548,7.567,7.589,7.614,7.634,7.663,7.685,7.708,7.736,7.762,7.781,7.808,7.843,7.872,7.9,7.937,7.976,8.006,8.037,8.085,8.127,8.184,8.241,8.288,8.348,8.408,8.484,8.568,8.681,8.886,9.349
97,OTH FP,4.815,5.364,5.563,5.698,5.803,5.878,5.953,6.018,6.068,6.106,6.141,6.175,6.22,6.257,6.302,6.337,6.358,6.392,6.427,6.455,6.489,6.512,6.538,6.568,6.599,6.627,6.648,6.676,6.697,6.718,6.743,6.775,6.796,6.82,6.835,6.854,6.87,6.889,6.912,6.936,6.954,6.974,6.998,7.017,7.039,7.052,7.073,7.091,7.113,7.134,7.158,7.177,7.19,7.213,7.228,7.245,7.263,7.281,7.299,7.327,7.346,7.367,7.383,7.406,7.425,7.449,7.465,7.485,7.503,7.528,7.548,7.567,7.589,7.614,7.634,7.663,7.685,7.708,7.736,7.762,7.781,7.808,7.843,7.872,7.9,7.937,7.976,8.006,8.037,8.085,8.127,8.184,8.241,8.288,8.348,8.408,8.484,8.568,8.681,8.886,9.349
98,OTH FP,4.685,5.3,5.496,5.672,5.756,5.857,5.922,5.983,6.036,6.079,6.124,6.171,6.204,6.232,6.263,6.291,6.326,6.361,6.399,6.429,6.471,6.502,6.53,6.555,6.583,6.609,6.632,6.656,6.677,6.697,6.718,6.738,6.757,6.779,6.795,6.817,6.836,6.857,6.874,6.899,6.92,6.94,6.964,6.98,7.003,7.025,7.041,7.057,7.077,7.097,7.114,7.134,7.153,7.167,7.189,7.203,7.225,7.25,7.266,7.285,7.305,7.321,7.341,7.358,7.384,7.403,7.423,7.444,7.469,7.495,7.514,7.536,7.557,7.579,7.606,7.631,7.664,7.691,7.718,7.75,7.772,7.797,7.822,7.852,7.879,7.912,7.942,7.976,8.014,8.055,8.097,8.141,8.194,8.246,8.304,8.368,8.437,8.524,8.648,8.847,9.443
99,OTH FP,4.685,5.3,5.496,5.672,5.756,5.857,5.922,5.983,6.036,6.079,6.124,6.171,6.204,6.232,6.263,6.291,6.326,6.361,6.399,6.429,6.471,6.502,6.53,6.555,6.583,6.609,6.632,6.656,6.677,6.697,6.718,6.738,6.757,6.779,6.795,6.817,6.836,6.857,6.874,6.899,6.92,6.94,6.964,6.98,7.003,7.025,7.041,7.057,7.077,7.097,7.114,7.134,7.153,7.167,7.189,7.203,7.225,7.25,7.266,7.285,7.305,7.321,7.341,7.358,7.384,7.403,7.423,7.444,7.469,7.495,7.514,7.536,7.557,7.579,7.606,7.631,7.664,7.691,7.718,7.75,7.772,7.797,7.822,7.852,7.879,7.912,7.942,7.976,8.014,8.055,8.097,8.141,8.194,8.246,8.304,8.368,8.437,8.524,8.648,8.847,9.443
100,OTH FP,4.529,5.273,5.564,5.66,5.753,5.843,5.913,5.961,6.007,6.06,6.098,6.135,6.164,6.209,6.249,6.279,6.308,6.335,6.362,6.391,6.419,6.44,6.47,6.493,6.517,6.545,6.564,6.586,6.615,6.639,6.67,6.696,6.716,6.736,6.76,6.781,6.801,6.832,6.855,6.872,6.892,6.913,6.934,6.952,6.972,6.988,7.003,7.018,7.038,7.054,7.072,7.09,7.107,7.128,7.148,7.166,7.185,7.203,7.225,7.247,7.262,7.283,7.3,7.32,7.335,7.353,7.377,7.395,7.421,7.443,7.47,7.488,7.515,7.533,7.556,7.58,7.604,7.635,7.666,7.691,7.715,7.744,7.775,7.808,7.834,7.868,7.902,7.923,7.958,7.999,8.039,8.07,8.118,8.157,8.213,8.27,8.348,8.437,8.54,8.732,9.473
101,OTH FP,4.529,5.273,5.564,5.66,5.753,5.843,5.913,5.961,6.007,6.06,6.098,6.135,6.164,6.209,6.249,6.279,6.308,6.335,6.362,6.391,6.419,6.44,6.47,6.493,6.517,6.545,6.564,6.586,6.615,6.639,6.67,6.696,6.716,6.736,6.76,6.781,6.801,6.832,6.855,6.872,6.892,6.913,6.934,6.952,6.972,6.988,7.003,7.018,7.038,7.054,7.072,7.09,7.107,7.128,7.148,7.166,7.185,7.203,7.225,7.247,7.262,7.283,7.3,7.32,7.335,7.353,7.377,7.395,7.421,7.443,7.47,7.488,7.515,7.533,7.556,7.58,7.604,7.635,7.666,7.691,7.715,7.744,7.775,7.808,7.834,7.868,7.902,7.923,7.958,7.999,8.039,8.07,8.118,8.157,8.213,8.27,8.348,8.437,8.54,8.732,9.473
102,OTH FP,4.66,5.296,5.51,5.628,5.721,5.802,5.868,5.932,5.993,6.041,6.085,6.121,6.159,6.195,6.227,6.258,6.29,6.324,6.347,6.374,6.403,6.426,6.449,6.481,6.505,6.529,6.551,6.576,6.598,6.617,6.639,6.656,6.679,6.702,6.715,6.738,6.758,6.778,6.801,6.816,6.834,6.856,6.871,6.892,6.909,6.932,6.961,6.981,6.997,7.02,7.036,7.051,7.072,7.09,7.108,7.128,7.148,7.164,7.186,7.203,7.221,7.246,7.262,7.28,7.301,7.32,7.338,7.355,7.373,7.393,7.415,7.438,7.459,7.482,7.499,7.523,7.558,7.58,7.603,7.627,7.651,7.674,7.701,7.729,7.758,7.791,7.823,7.853,7.893,7.935,7.97,8.019,8.063,8.117,8.179,8.244,8.314,8.396,8.507,8.651,9.094
103,OTH FP,4.66,5.296,5.51,5.628,5.721,5.802,5.868,5.932,5.993,6.041,6.085,6.121,6.159,6.195,6.227,6.258,6.29,6.324,6.347,6.374,6.403,6.426,6.449,6.481,6.505,6.529,6.551,6.576,6.598,6.617,6.639,6.656,6.679,6.702,6.715,6.738,6.758,6.778,6.801,6.816,6.834,6.856,6.871,6.892,6.909,6.932,6.961,6.981,6.997,7.02,7.036,7.051,7.072,7.09,7.108,7.128,7.148,7.164,7.186,7.203,7.221,7.246,7.262,7.28,7.301,7.32,7.338,7.355,7.373,7.393,7.415,7.438,7.459,7.482,7.499,7.523,7.558,7.58,7.603,7.627,7.651,7.674,7.701,7.729,7.758,7.791,7.823,7.853,7.893,7.935,7.97,8.019,8.063,8.117,8.179,8.244,8.314,8.396,8.507,8.651,9.094
104,OTH FP,4.764,5.281,5.498,5.617,5.736,5.806,5.864,5.927,5.976,6.052,6.1,6.132,6.169,6.196,6.224,6.25,6.275,6.304,6.329,6.361,6.387,6.424,6.454,6.477,6.502,6.529,6.556,6.573,6.586,6.606,6.623,6.641,6.664,6.691,6.712,6.729,6.746,6.768,6.787,6.806,6.822,6.836,6.853,6.874,6.893,6.907,6.927,6.942,6.96,6.975,6.993,7.016,7.033,7.05,7.074,7.096,7.116,7.135,7.148,7.167,7.186,7.204,7.223,7.239,7.253,7.275,7.296,7.312,7.328,7.346,7.366,7.389,7.416,7.439,7.455,7.481,7.504,7.527,7.552,7.575,7.598,7.629,7.654,7.674,7.699,7.727,7.764,7.798,7.824,7.853,7.886,7.928,7.983,8.033,8.106,8.18,8.282,8.36,8.465,8.687,9.174
105,OTH FP,4.764,5.281,5.498,5.617,5.736,5.806,5.864,5.927,5.976,6.052,6.1,6.132,6.169,6.196,6.224,6.25,6.275,6.304,6.329,6.361,6.387,6.424,6.454,6.477,6.502,6.529,6.556,6.573,6.586,6.606,6.623,6.641,6.664,6.691,6.712,6.729,6.746,6.768,6.787,6.806,6.822,6.836,6.853,6.874,6.893,6.907,6.927,6.942,6.96,6.975,6.993,7.016,7.033,7.05,7.074,7.096,7.116,7.135,7.148,7.167,7.186,7.204,7.223,7.239,7.253,7.275,7.296,7.312,7.328,7.346,7.366,7.389,7.416,7.439,7.455,7.481,7.504,7.527,7.552,7.575,7.598,7.629,7.654,7.674,7.699,7.727,7.764,7.798,7.824,7.853,7.886,7.928,7.983,8.033,8.106,8.18,8.282,8.36,8.465,8.687,9.174
106,OTH FP,4.575,5.169,5.402,5.544,5.637,5.707,5.804,5.862,5.915,5.966,6.005,6.038,6.075,6.12,6.155,6.194,6.237,6.269,6.297,6.329,6.358,6.389,6.418,6.442,6.463,6.481,6.503,6.524,6.552,6.574,6.6,6.624,6.645,6.664,6.684,6.703,6.721,6.735,6.754,6.775,6.794,6.817,6.837,6.857,6.873,6.897,6.912,6.927,6.942,6.959,6.985,7.003,7.024,7.038,7.057,7.082,7.104,7.117,7.138,7.158,7.18,7.194,7.215,7.23,7.246,7.269,7.285,7.302,7.325,7.346,7.364,7.386,7.408,7.429,7.449,7.472,7.498,7.523,7.547,7.568,7.596,7.625,7.655,7.683,7.71,7.736,7.776,7.813,7.845,7.878,7.922,7.959,8.024,8.075,8.149,8.212,8.292,8.391,8.529,8.728,9.368
107,OTH FP,4.575,5.169,5.402,5.544,5.637,5.707,5.804,5.862,5.915,5.966,6.005,6.038,6.075,6.12,6.155,6.194,6.237,6.269,6.297,6.329,6.358,6.389,6.418,6.442,6.463,6.481,6.503,6.524,6.552,6.574,6.6,6.624,6.645,6.664,6.684,6.703,6.721,6.735,6.754,6.775,6.794,6.817,6.837,6.857,6.873,6.897,6.912,6.927,6.942,6.959,6.985,7.003,7.024,7.038,7.057,7.082,7.104,7.117,7.138,7.158,7.18,7.194,7.215,7.23,7.246,7.269,7.285,7.302,7.325,7.346,7.364,7.386,7.408,7.429,7.449,7.472,7.498,7.523,7.547,7.568,7.596,7.625,7.655,7.683,7.71,7.736,7.776,7.813,7.845,7.878,7.922,7.959,8.024,8.075,8.149,8.212,8.292,8.391,8.529,8.728,9.368
108,OTH FP,4.561,5.11,5.349,5.51,5.621,5.716,5.79,5.838,5.891,5.947,5.998,6.037,6.072,6.109,6.14,6.173,6.203,6.233,6.253,6.282,6.307,6.336,6.356,6.384,6.412,6.437,6.472,6.499,6.525,6.544,6.566,6.583,6.609,6.631,6.654,6.676,6.693,6.716,6.736,6.754,6.775,6.798,6.816,6.83,6.851,6.869,6.885,6.908,6.924,6.945,6.959,6.977,6.993,7.013,7.031,7.049,7.067,7.086,7.104,7.128,7.148,7.172,7.191,7.212,7.233,7.255,7.276,7.296,7.318,7.34,7.365,7.388,7.413,7.436,7.458,7.479,7.5,7.524,7.549,7.575,7.598,7.62,7.646,7.678,7.711,7.75,7.777,7.816,7.856,7.907,7.941,7.989,8.029,8.069,8.146,8.222,8.313,8.443,8.576,8.765,9.326
109,OTH FP,4.561,5.11,5.349,5.51,5.621,5.716,5.79,5.838,5.891,5.947,5.998,6.037,6.072,6.109,6.14,6.173,6.203,6.233,6.253,6.282,6.307,6.336,6.356,6.384,6.412,6.437,6.472,6.499,6.525,6.544,6.566,6.583,6.609,6.631,6.654,6.676,6.693,6.716,6.736,6.754,6.775,6.798,6.816,6.83,6.851,6.869,6.885,6.908,6.924,6.945,6.959,6.977,6.993,7.013,7.031,7.049,7.067,7.086,7.104,7.128,7.148,7.172,7.191,7.212,7.233,7.255,7.276,7.296,7.318,7.34,7.365,7.388,7.413,7.436,7.458,7.479,7.5,7.524,7.549,7.575,7.598,7.62,7.646,7.678,7.711,7.75,7.777,7.816,7.856,7.907,7.941,7.989,8.029,8.069,8.146,8.222,8.313,8.443,8.576,8.765,9.326
110,OTH FP,4.508,5.094,5.34,5.466,5.55,5.659,5.723,5.786,5.846,5.897,5.931,5.976,6.028,6.07,6.1,6.134,6.17,6.197,6.227,6.254,6.288,6.314,6.334,6.362,6.389,6.41,6.437,6.467,6.491,6.515,6.539,6.56,6.58,6.599,6.62,6.641,6.659,6.682,6.698,6.721,6.74,6.761,6.779,6.799,6.823,6.847,6.87,6.89,6.916,6.933,6.949,6.964,6.981,7.0,7.022,7.045,7.069,7.088,7.109,7.129,7.145,7.166,7.184,7.205,7.22,7.243,7.263,7.287,7.304,7.328,7.349,7.376,7.402,7.425,7.445,7.471,7.496,7.515,7.539,7.571,7.601,7.626,7.657,7.679,7.72,7.761,7.792,7.834,7.878,7.918,7.965,8.002,8.062,8.121,8.184,8.254,8.327,8.443,8.568,8.748,9.294
111,OTH FP,4.508,5.094,5.34,5.466,5.55,5.659,5.723,5.786,5.846,5.897,5.931,5.976,6.028,6.07,6.1,6.134,6.17,6.197,6.227,6.254,6.288,6.314,6.334,6.362,6.389,6.41,6.437,6.467,6.491,6.515,6.539,6.56,6.58,6.599,6.62,6.641,6.659,6.682,6.698,6.721,6.74,6.761,6.779,6.799,6.823,6.847,6.87,6.89,6.916,6.933,6.949,6.964,6.981,7.0,7.022,7.045,7.069,7.088,7.109,7.129,7.145,7.166,7.184,7.205,7.22,7.243,7.263,7.287,7.304,7.328,7.349,7.376,7.402,7.425,7.445,7.471,7.496,7.515,7.539,7.571,7.601,7.626,7.657,7.679,7.72,7.761,7.792,7.834,7.878,7.918,7.965,8.002,8.062,8.121,8.184,8.254,8.327,8.443,8.568,8.748,9.294
112,OTH FP,4.378,5.12,5.342,5.474,5.58,5.667,5.737,5.774,5.825,5.879,5.922,5.97,6.005,6.044,6.082,6.111,6.142,6.184,6.206,6.233,6.264,6.297,6.326,6.351,6.378,6.406,6.432,6.457,6.481,6.506,6.528,6.551,6.571,6.591,6.622,6.646,6.662,6.682,6.703,6.72,6.739,6.764,6.784,6.806,6.83,6.846,6.861,6.874,6.896,6.914,6.933,6.956,6.974,6.992,7.011,7.029,7.045,7.063,7.082,7.102,7.118,7.143,7.163,7.189,7.212,7.231,7.256,7.28,7.307,7.326,7.345,7.369,7.397,7.416,7.437,7.461,7.482,7.503,7.533,7.57,7.591,7.61,7.635,7.665,7.698,7.717,7.749,7.786,7.817,7.863,7.908,7.956,8.006,8.067,8.136,8.22,8.281,8.376,8.536,8.752,9.283
113,OTH FP,4.378,5.12,5.342,5.474,5.58,5.667,5.737,5.774,5.825,5.879,5.922,5.97,6.005,6.044,6.082,6.111,6.142,6.184,6.206,6.233,6.264,6.297,6.326,6.351,6.378,6.406,6.432,6.457,6.481,6.506,6.528,6.551,6.571,6.591,6.622,6.646,6.662,6.682,6.703,6.72,6.739,6.764,6.784,6.806,6.83,6.846,6.861,6.874,6.896,6.914,6.933,6.956,6.974,6.992,7.011,7.029,7.045,7.063,7.082,7.102,7.118,7.143,7.163,7.189,7.212,7.231,7.256,7.28,7.307,7.326,7.345,7.369,7.397,7.416,7.437,7.461,7.482,7.503,7.533,7.57,7.591,7.61,7.635,7.665,7.698,7.717,7.749,7.786,7.817,7.863,7.908,7.956,8.006,8.067,8.136,8.22,8.281,8.376,8.536,8.752,9.283
114,OTH FP,4.573,5.063,5.304,5.431,5.554,5.649,5.723,5.789,5.839,5.892,5.937,5.98,6.015,6.047,6.087,6.112,6.145,6.184,6.208,6.245,6.271,6.298,6.329,6.352,6.38,6.408,6.431,6.456,6.481,6.497,6.52,6.547,6.571,6.588,6.608,6.627,6.657,6.677,6.699,6.714,6.737,6.759,6.78,6.795,6.814,6.836,6.853,6.872,6.891,6.908,6.927,6.945,6.967,6.981,7.002,7.019,7.04,7.052,7.068,7.085,7.104,7.122,7.143,7.169,7.186,7.207,7.225,7.247,7.272,7.291,7.306,7.329,7.352,7.378,7.399,7.426,7.455,7.479,7.51,7.531,7.566,7.598,7.621,7.649,7.672,7.703,7.734,7.772,7.805,7.858,7.902,7.942,7.993,8.053,8.104,8.164,8.254,8.355,8.48,8.635,9.305
115,OTH FP,4.573,5.063,5.304,5.431,5.554,5.649,5.723,5.789,5.839,5.892,5.937,5.98,6.015,6.047,6.087,6.112,6.145,6.184,6.208,6.245,6.271,6.298,6.329,6.352,6.38,6.408,6.431,6.456,6.481,6.497,6.52,6.547,6.571,6.588,6.608,6.627,6.657,6.677,6.699,6.714,6.737,6.759,6.78,6.795,6.814,6.836,6.853,6.872,6.891,6.908,6.927,6.945,6.967,6.981,7.002,7.019,7.04,7.052,7.068,7.085,7.104,7.122,7.143,7.169,7.186,7.207,7.225,7.247,7.272,7.291,7.306,7.329,7.352,7.378,7.399,7.426,7.455,7.479,7.51,7.531,7.566,7.598,7.621,7.649,7.672,7.703,7.734,7.772,7.805,7.858,7.902,7.942,7.993,8.053,8.104,8.164,8.254,8.355,8.48,8.635,9.305
116,OTH FP,4.43,5.112,5.367,5.489,5.59,5.672,5.729,5.78,5.835,5.877,5.924,5.949,5.982,6.014,6.058,6.102,6.129,6.162,6.198,6.226,6.26,6.293,6.317,6.347,6.368,6.393,6.415,6.441,6.469,6.49,6.514,6.534,6.552,6.578,6.594,6.61,6.636,6.66,6.682,6.7,6.719,6.74,6.757,6.778,6.799,6.815,6.833,6.851,6.873,6.892,6.914,6.93,6.948,6.966,6.987,7.006,7.027,7.046,7.063,7.082,7.1,7.127,7.145,7.164,7.183,7.202,7.219,7.238,7.26,7.284,7.297,7.32,7.34,7.361,7.387,7.406,7.426,7.443,7.462,7.495,7.521,7.55,7.579,7.605,7.631,7.658,7.686,7.72,7.764,7.809,7.844,7.884,7.931,7.975,8.036,8.097,8.173,8.296,8.429,8.58,9.129
117,OTH FP,4.43,5.112,5.367,5.489,5.59,5.672,5.729,5.78,5.835,5.877,5.924,5.949,5.982,6.014,6.058,6.102,6.129,6.162,6.198,6.226,6.26,6.293,6.317,6.347,6.368,6.393,6.415,6.441,6.469,6.49,6.514,6.534,6.552,6.578,6.594,6.61,6.636,6.66,6.682,6.7,6.719,6.74,6.757,6.778,6.799,6.815,6.833,6.851,6.873,6.892,6.914,6.93,6.948,6.966,6.987,7.006,7.027,7.046,7.063,7.082,7.1,7.127,7.145,7.164,7.183,7.202,7.219,7.238,7.26,7.284,7.297,7.32,7.34,7.361,7.387,7.406,7.426,7.443,7.462,7.495,7.521,7.55,7.579,7.605,7.631,7.658,7.686,7.72,7.764,7.809,7.844,7.884,7.931,7.975,8.036,8.097,8.173,8.296,8.429,8.58,9.129
118,OTH FP,4.562,5.158,5.383,5.493,5.582,5.657,5.724,5.78,5.856,5.901,5.949,5.99,6.032,6.069,6.108,6.14,6.177,6.2,6.229,6.255,6.281,6.307,6.336,6.36,6.389,6.412,6.435,6.452,6.469,6.492,6.507,6.531,6.549,6.577,6.599,6.619,6.637,6.649,6.666,6.685,6.702,6.724,6.742,6.764,6.783,6.799,6.814,6.833,6.851,6.864,6.881,6.904,6.924,6.937,6.957,6.975,6.994,7.008,7.03,7.051,7.07,7.087,7.107,7.125,7.144,7.163,7.186,7.206,7.229,7.247,7.262,7.282,7.298,7.318,7.335,7.359,7.386,7.412,7.441,7.466,7.487,7.515,7.543,7.575,7.607,7.633,7.667,7.696,7.732,7.771,7.809,7.856,7.904,7.936,8.008,8.061,8.147,8.236,8.338,8.503,9.147
119,OTH FP,4.562,5.158,5.383,5.493,5.582,5.657,5.724,5.78,5.856,5.901,5.949,5.99,6.032,6.069,6.108,6.14,6.177,6.2,6.229,6.255,6.281,6.307,6.336,6.36,6.389,6.412,6.435,6.452,6.469,6.492,6.507,6.531,6.549,6.577,6.599,6.619,6.637,6.649,6.666,6.685,6.702,6.724,6.742,6.764,6.783,6.799,6.814,6.833,6.851,6.864,6.881,6.904,6.924,6.937,6.957,6.975,6.994,7.008,7.03,7.051,7.07,7.087,7.107,7.125,7.144,7.163,7.186,7.206,7.229,7.247,7.262,7.282,7.298,7.318,7.335,7.359,7.386,7.412,7.441,7.466,7.487,7.515,7.543,7.575,7.607,7.633,7.667,7.696,7.732,7.771,7.809,7.856,7.904,7.936,8.008,8.061,8.147,8.236,8.338,8.503,9.147
120,OTH FP,4.655,5.246,5.425,5.545,5.649,5.725,5.791,5.866,5.918,5.964,6.011,6.052,6.097,6.132,6.164,6.194,6.231,6.256,6.281,6.305,6.339,6.366,6.393,6.417,6.441,6.467,6.488,6.52,6.538,6.562,6.579,6.597,6.617,6.638,6.656,6.675,6.695,6.713,6.728,6.754,6.773,6.793,6.808,6.826,6.849,6.874,6.888,6.909,6.93,6.949,6.972,6.989,7.004,7.027,7.046,7.067,7.091,7.11,7.132,7.154,7.171,7.187,7.205,7.232,7.253,7.272,7.291,7.314,7.338,7.356,7.381,7.398,7.415,7.438,7.461,7.493,7.519,7.542,7.563,7.59,7.615,7.643,7.669,7.7,7.722,7.749,7.776,7.802,7.829,7.874,7.926,7.975,8.011,8.066,8.133,8.188,8.261,8.364,8.538,8.725,9.204
121,OTH FP,4.655,5.246,5.425,5.545,5.649,5.725,5.791,5.866,5.918,5.964,6.011,6.052,6.097,6.132,6.164,6.194,6.231,6.256,6.281,6.305,6.339,6.366,6.393,6.417,6.441,6.467,6.488,6.52,6.538,6.562,6.579,6.597,6.617,6.638,6.656,6.675,6.695,6.713,6.728,6.754,6.773,6.793,6.808,6.826,6.849,6.874,6.888,6.909,6.93,6.949,6.972,6.989,7.004,7.027,7.046,7.067,7.091,7.11,7.132,7.154,7.171,7.187,7.205,7.232,7.253,7.272,7.291,7.314,7.338,7.356,7.381,7.398,7.415,7.438,7.461,7.493,7.519,7.542,7.563,7.59,7.615,7.643,7.669,7.7,7.722,7.749,7.776,7.802,7.829,7.874,7.926,7.975,8.011,8.066,8.133,8.188,8.261,8.364,8.538,8.725,9.204
122,OTH FP,4.61,5.259,5.492,5.618,5.722,5.799,5.879,5.93,5.982,6.026,6.074,6.121,6.168,6.202,6.234,6.273,6.303,6.339,6.372,6.398,6.419,6.446,6.467,6.486,6.508,6.536,6.556,6.583,6.612,6.638,6.659,6.679,6.702,6.716,6.738,6.753,6.774,6.792,6.814,6.834,6.854,6.875,6.895,6.911,6.936,6.955,6.974,6.996,7.013,7.032,7.053,7.067,7.084,7.105,7.125,7.141,7.162,7.179,7.193,7.21,7.228,7.257,7.276,7.297,7.316,7.337,7.363,7.384,7.41,7.432,7.458,7.478,7.502,7.531,7.553,7.572,7.598,7.622,7.653,7.677,7.705,7.737,7.76,7.788,7.82,7.851,7.887,7.92,7.953,7.994,8.022,8.062,8.115,8.158,8.217,8.284,8.359,8.474,8.62,8.846,9.306
123,OTH FP,4.61,5.259,5.492,5.618,5.722,5.799,5.879,5.93,5.982,6.026,6.074,6.121,6.168,6.202,6.234,6.273,6.303,6.339,6.372,6.398,6.419,6.446,6.467,6.486,6.508,6.536,6.556,6.583,6.612,6.638,6.659,6.679,6.702,6.716,6.738,6.753,6.774,6.792,6.814,6.834,6.854,6.875,6.895,6.911,6.936,6.955,6.974,6.996,7.013,7.032,7.053,7.067,7.084,7.105,7.125,7.141,7.162,7.179,7.193,7.21,7.228,7.257,7.276,7.297,7.316,7.337,7.363,7.384,7.41,7.432,7.458,7.478,7.502,7.531,7.553,7.572,7.598,7.622,7.653,7.677,7.705,7.737,7.76,7.788,7.82,7.851,7.887,7.92,7.953,7.994,8.022,8.062,8.115,8.158,8.217,8.284,8.359,8.474,8.62,8.846,9.306
124,OTH FP,4.747,5.351,5.529,5.645,5.765,5.842,5.934,5.986,6.057,6.103,6.15,6.206,6.253,6.286,6.327,6.358,6.38,6.419,6.452,6.478,6.513,6.537,6.567,6.584,6.609,6.632,6.657,6.678,6.702,6.723,6.752,6.777,6.793,6.809,6.836,6.857,6.878,6.903,6.928,6.945,6.964,6.989,7.011,7.026,7.039,7.056,7.075,7.094,7.109,7.127,7.147,7.169,7.186,7.211,7.23,7.252,7.272,7.288,7.308,7.322,7.343,7.36,7.381,7.399,7.416,7.439,7.457,7.483,7.507,7.535,7.559,7.581,7.604,7.627,7.653,7.68,7.715,7.74,7.759,7.783,7.802,7.832,7.862,7.889,7.919,7.956,8.0,8.044,8.081,8.117,8.15,8.194,8.235,8.289,8.35,8.415,8.495,8.576,8.685,8.984,9.601
125,OTH FP,4.747,5.351,5.529,5.645,5.765,5.842,5.934,5.986,6.057,6.103,6.15,6.206,6.253,6.286,6.327,6.358,6.38,6.419,6.452,6.478,6.513,6.537,6.567,6.584,6.609,6.632,6.657,6.678,6.702,6.723,6.752,6.777,6.793,6.809,6.836,6.857,6.878,6.903,6.928,6.945,6.964,6.989,7.011,7.026,7.039,7.056,7.075,7.094,7.109,7.127,7.147,7.169,7.186,7.211,7.23,7.252,7.272,7.288,7.308,7.322,7.343,7.36,7.381,7.399,7.416,7.439,7.457,7.483,7.507,7.535,7.559,7.581,7.604,7.627,7.653,7.68,7.715,7.74,7.759,7.783,7.802,7.832,7.862,7.889,7.919,7.956,8.0,8.044,8.081,8.117,8.15,8.194,8.235,8.289,8.35,8.415,8.495,8.576,8.685,8.984,9.601
126,OTH FP,4.758,5.402,5.616,5.757,5.858,5.932,6.01,6.066,6.137,6.187,6.25,6.283,6.318,6.36,6.4,6.446,6.472,6.505,6.532,6.569,6.596,6.617,6.644,6.671,6.702,6.728,6.753,6.786,6.818,6.834,6.849,6.869,6.89,6.911,6.934,6.953,6.973,6.991,7.011,7.027,7.05,7.067,7.09,7.111,7.128,7.145,7.158,7.181,7.2,7.222,7.243,7.264,7.281,7.303,7.323,7.344,7.364,7.386,7.403,7.428,7.445,7.46,7.481,7.505,7.524,7.545,7.564,7.587,7.621,7.637,7.655,7.677,7.698,7.721,7.751,7.777,7.804,7.827,7.853,7.874,7.9,7.932,7.955,7.986,8.011,8.043,8.081,8.117,8.151,8.198,8.232,8.267,8.313,8.357,8.422,8.509,8.586,8.678,8.793,9.042,9.645
127,OTH FP,4.758,5.402,5.616,5.757,5.858,5.932,6.01,6.066,6.137,6.187,6.25,6.283,6.318,6.36,6.4,6.446,6.472,6.505,6.532,6.569,6.596,6.617,6.644,6.671,6.702,6.728,6.753,6.786,6.818,6.834,6.849,6.869,6.89,6.911,6.934,6.953,6.973,6.991,7.011,7.027,7.05,7.067,7.09,7.111,7.128,7.145,7.158,7.181,7.2,7.222,7.243,7.264,7.281,7.303,7.323,7.344,7.364,7.386,7.403,7.428,7.445,7.46,7.481,7.505,7.524,7.545,7.564,7.587,7.621,7.637,7.655,7.677,7.698,7.721,7.751,7.777,7.804,7.827,7.853,7.874,7.9,7.932,7.955,7.986,8.011,8.043,8.081,8.117,8.151,8.198,8.232,8.267,8.313,8.357,8.422,8.509,8.586,8.678,8.793,9.042,9.645
128,OTH FP,4.855,5.521,5.749,5.859,5.954,6.037,6.122,6.198,6.247,6.291,6.341,6.386,6.427,6.462,6.489,6.536,6.568,6.606,6.638,6.665,6.689,6.717,6.749,6.779,6.802,6.82,6.84,6.867,6.892,6.915,6.933,6.958,6.982,7.006,7.024,7.044,7.062,7.09,7.113,7.13,7.149,7.161,7.185,7.201,7.217,7.234,7.255,7.278,7.296,7.315,7.335,7.354,7.382,7.398,7.413,7.433,7.452,7.473,7.49,7.505,7.528,7.549,7.569,7.588,7.615,7.636,7.653,7.673,7.692,7.716,7.737,7.757,7.781,7.81,7.837,7.86,7.888,7.913,7.938,7.966,7.998,8.028,8.066,8.095,8.127,8.155,8.184,8.217,8.248,8.28,8.315,8.358,8.409,8.461,8.501,8.553,8.613,8.712,8.827,9.016,9.595
129,OTH FP,4.855,5.521,5.749,5.859,5.954,6.037,6.122,6.198,6.247,6.291,6.341,6.386,6.427,6.462,6.489,6.536,6.568,6.606,6.638,6.665,6.689,6.717,6.749,6.779,6.802,6.82,6.84,6.867,6.892,6.915,6.933,6.958,6.982,7.006,7.024,7.044,7.062,7.09,7.113,7.13,7.149,7.161,7.185,7.201,7.217,7.234,7.255,7.278,7.296,7.315,7.335,7.354,7.382,7.398,7.413,7.433,7.452,7.473,7.49,7.505,7.528,7.549,7.569,7.588,7.615,7.636,7.653,7.673,7.692,7.716,7.737,7.757,7.781,7.81,7.837,7.86,7.888,7.913,7.938,7.966,7.998,8.028,8.066,8.095,8.127,8.155,8.184,8.217,8.248,8.28,8.315,8.358,8.409,8.461,8.501,8.553,8.613,8.712,8.827,9.016,9.595
130,OTH FP,4.91,5.695,5.856,5.979,6.103,6.188,6.27,6.32,6.371,6.415,6.462,6.51,6.544,6.571,6.602,6.624,6.654,6.679,6.715,6.745,6.773,6.798,6.828,6.851,6.872,6.904,6.925,6.953,6.975,6.999,7.021,7.042,7.063,7.083,7.102,7.125,7.145,7.165,7.185,7.202,7.215,7.235,7.258,7.279,7.303,7.32,7.339,7.358,7.384,7.408,7.424,7.444,7.466,7.486,7.501,7.52,7.534,7.554,7.577,7.593,7.612,7.63,7.654,7.674,7.696,7.714,7.735,7.752,7.768,7.791,7.81,7.83,7.862,7.887,7.913,7.937,7.963,7.984,8.009,8.039,8.07,8.103,8.129,8.158,8.187,8.213,8.254,8.285,8.324,8.356,8.395,8.444,8.482,8.532,8.583,8.653,8.723,8.818,8.916,9.1,9.629
131,OTH FP,4.91,5.695,5.856,5.979,6.103,6.188,6.27,6.32,6.371,6.415,6.462,6.51,6.544,6.571,6.602,6.624,6.654,6.679,6.715,6.745,6.773,6.798,6.828,6.851,6.872,6.904,6.925,6.953,6.975,6.999,7.021,7.042,7.063,7.083,7.102,7.125,7.145,7.165,7.185,7.202,7.215,7.235,7.258,7.279,7.303,7.32,7.339,7.358,7.384,7.408,7.424,7.444,7.466,7.486,7.501,7.52,7.534,7.554,7.577,7.593,7.612,7.63,7.654,7.674,7.696,7.714,7.735,7.752,7.768,7.791,7.81,7.83,7.862,7.887,7.913,7.937,7.963,7.984,8.009,8.039,8.07,8.103,8.129,8.158,8.187,8.213,8.254,8.285,8.324,8.356,8.395,8.444,8.482,8.532,8.583,8.653,8.723,8.818,8.916,9.1,9.629
132,OTH FP,5.294,5.788,6.033,6.145,6.251,6.317,6.4,6.446,6.486,6.558,6.602,6.644,6.67,6.7,6.733,6.759,6.784,6.807,6.838,6.857,6.885,6.906,6.933,6.953,6.979,6.998,7.014,7.039,7.066,7.087,7.108,7.127,7.15,7.172,7.186,7.214,7.23,7.249,7.27,7.289,7.313,7.333,7.355,7.376,7.394,7.418,7.439,7.45,7.471,7.491,7.511,7.531,7.549,7.568,7.587,7.601,7.616,7.633,7.651,7.668,7.686,7.705,7.722,7.737,7.75,7.773,7.794,7.815,7.836,7.859,7.88,7.909,7.934,7.953,7.973,7.999,8.018,8.044,8.068,8.095,8.126,8.152,8.179,8.202,8.239,8.271,8.296,8.33,8.368,8.401,8.444,8.498,8.537,8.565,8.616,8.696,8.769,8.846,8.952,9.133,9.604
133,OTH FP,5.294,5.788,6.033,6.145,6.251,6.317,6.4,6.446,6.486,6.558,6.602,6.644,6.67,6.7,6.733,6.759,6.784,6.807,6.838,6.857,6.885,6.906,6.933,6.953,6.979,6.998,7.014,7.039,7.066,7.087,7.108,7.127,7.15,7.172,7.186,7.214,7.23,7.249,7.27,7.289,7.313,7.333,7.355,7.376,7.394,7.418,7.439,7.45,7.471,7.491,7.511,7.531,7.549,7.568,7.587,7.601,7.616,7.633,7.651,7.668,7.686,7.705,7.722,7.737,7.75,7.773,7.794,7.815,7.836,7.859,7.88,7.909,7.934,7.953,7.973,7.999,8.018,8.044,8.068,8.095,8.126,8.152,8.179,8.202,8.239,8.271,8.296,8.33,8.368,8.401,8.444,8.498,8.537,8.565,8.616,8.696,8.769,8.846,8.952,9.133,9.604
134,OTH FP,5.144,5.852,6.081,6.171,6.263,6.336,6.409,6.459,6.502,6.544,6.601,6.636,6.669,6.705,6.747,6.788,6.814,6.845,6.873,6.901,6.931,6.952,6.977,7.003,7.03,7.055,7.074,7.096,7.113,7.135,7.16,7.184,7.204,7.224,7.246,7.263,7.296,7.318,7.339,7.36,7.384,7.396,7.417,7.432,7.449,7.47,7.488,7.506,7.525,7.547,7.565,7.585,7.611,7.64,7.663,7.682,7.698,7.718,7.737,7.755,7.783,7.801,7.823,7.847,7.865,7.882,7.9,7.923,7.94,7.959,7.98,8.009,8.034,8.06,8.081,8.106,8.126,8.15,8.174,8.199,8.227,8.252,8.276,8.31,8.341,8.373,8.407,8.438,8.465,8.505,8.545,8.589,8.639,8.697,8.755,8.819,8.885,8.978,9.083,9.263,9.972
135,OTH FP,5.144,5.852,6.081,6.171,6.263,6.336,6.409,6.459,6.502,6.544,6.601,6.636,6.669,6.705,6.747,6.788,6.814,6.845,6.873,6.901,6.931,6.952,6.977,7.003,7.03,7.055,7.074,7.096,7.113,7.135,7.16,7.184,7.204,7.224,7.246,7.263,7.296,7.318,7.339,7.36,7.384,7.396,7.417,7.432,7.449,7.47,7.488,7.506,7.525,7.547,7.565,7.585,7.611,7.64,7.663,7.682,7.698,7.718,7.737,7.755,7.783,7.801,7.823,7.847,7.865,7.882,7.9,7.923,7.94,7.959,7.98,8.009,8.034,8.06,8.081,8.106,8.126,8.15,8.174,8.199,8.227,8.252,8.276,8.31,8.341,8.373,8.407,8.438,8.465,8.505,8.545,8.589,8.639,8.697,8.755,8.819,8.885,8.978,9.083,9.263,9.972
136,OTH FP,5.125,5.863,6.068,6.203,6.279,6.355,6.436,6.5,6.547,6.597,6.643,6.678,6.716,6.758,6.793,6.83,6.867,6.894,6.918,6.954,6.976,7.01,7.035,7.062,7.088,7.114,7.135,7.156,7.183,7.209,7.226,7.242,7.266,7.287,7.309,7.33,7.352,7.369,7.392,7.416,7.431,7.45,7.473,7.493,7.512,7.535,7.558,7.578,7.595,7.617,7.639,7.661,7.676,7.699,7.721,7.743,7.768,7.789,7.806,7.825,7.843,7.864,7.889,7.906,7.928,7.947,7.973,7.997,8.025,8.042,8.064,8.085,8.104,8.126,8.145,8.178,8.198,8.222,8.248,8.272,8.297,8.329,8.36,8.395,8.419,8.458,8.486,8.527,8.571,8.605,8.651,8.693,8.733,8.778,8.838,8.909,8.99,9.083,9.184,9.406,9.965
137,OTH FP,5.125,5.863,6.068,6.203,6.279,6.355,6.436,6.5,6.547,6.597,6.643,6.678,6.716,6.758,6.793,6.83,6.867,6.894,6.918,6.954,6.976,7.01,7.035,7.062,7.088,7.114,7.135,7.156,7.183,7.209,7.226,7.242,7.266,7.287,7.309,7.33,7.352,7.369,7.392,7.416,7.431,7.45,7.473,7.493,7.512,7.535,7.558,7.578,7.595,7.617,7.639,7.661,7.676,7.699,7.721,7.743,7.768,7.789,7.806,7.825,7.843,7.864,7.889,7.906,7.928,7.947,7.973,7.997,8.025,8.042,8.064,8.085,8.104,8.126,8.145,8.178,8.198,8.222,8.248,8.272,8.297,8.329,8.36,8.395,8.419,8.458,8.486,8.527,8.571,8.605,8.651,8.693,8.733,8.778,8.838,8.909,8.99,9.083,9.184,9.406,9.965
138,OTH FP,5.255,5.96,6.157,6.249,6.332,6.403,6.503,6.556,6.606,6.644,6.693,6.739,6.788,6.817,6.852,6.891,6.919,6.949,6.972,7.004,7.034,7.059,7.095,7.128,7.145,7.17,7.195,7.216,7.253,7.283,7.299,7.317,7.344,7.372,7.394,7.419,7.44,7.463,7.486,7.505,7.526,7.546,7.562,7.587,7.606,7.627,7.645,7.663,7.682,7.703,7.724,7.748,7.767,7.785,7.81,7.83,7.849,7.873,7.891,7.913,7.937,7.95,7.971,7.997,8.015,8.034,8.061,8.083,8.103,8.127,8.15,8.169,8.198,8.221,8.244,8.268,8.298,8.325,8.348,8.372,8.397,8.421,8.454,8.48,8.514,8.54,8.577,8.612,8.646,8.676,8.711,8.768,8.82,8.875,8.928,8.973,9.052,9.15,9.28,9.457,10.007
139,OTH FP,5.255,5.96,6.157,6.249,6.332,6.403,6.503,6.556,6.606,6.644,6.693,6.739,6.788,6.817,6.852,6.891,6.919,6.949,6.972,7.004,7.034,7.059,7.095,7.128,7.145,7.17,7.195,7.216,7.253,7.283,7.299,7.317,7.344,7.372,7.394,7.419,7.44,7.463,7.486,7.505,7.526,7.546,7.562,7.587,7.606,7.627,7.645,7.663,7.682,7.703,7.724,7.748,7.767,7.785,7.81,7.83,7.849,7.873,7.891,7.913,7.937,7.95,7.971,7.997,8.015,8.034,8.061,8.083,8.103,8.127,8.15,8.169,8.198,8.221,8.244,8.268,8.298,8.325,8.348,8.372,8.397,8.421,8.454,8.48,8.514,8.54,8.577,8.612,8.646,8.676,8.711,8.768,8.82,8.875,8.928,8.973,9.052,9.15,9.28,9.457,10.007
140,OTH FP,5.296,5.98,6.177,6.286,6.384,6.467,6.535,6.592,6.648,6.698,6.765,6.801,6.854,6.897,6.928,6.96,6.985,7.017,7.053,7.077,7.12,7.15,7.184,7.214,7.238,7.261,7.281,7.303,7.326,7.346,7.374,7.401,7.423,7.457,7.477,7.492,7.514,7.536,7.558,7.581,7.597,7.621,7.639,7.658,7.677,7.697,7.714,7.731,7.749,7.767,7.79,7.821,7.846,7.867,7.889,7.914,7.935,7.953,7.975,7.988,8.012,8.034,8.054,8.072,8.097,8.127,8.14,8.161,8.184,8.208,8.225,8.248,8.272,8.293,8.315,8.336,8.356,8.382,8.405,8.43,8.453,8.475,8.505,8.531,8.563,8.593,8.621,8.659,8.693,8.724,8.756,8.791,8.849,8.915,8.968,9.029,9.128,9.242,9.359,9.564,10.078
141,OTH FP,5.296,5.98,6.177,6.286,6.384,6.467,6.535,6.592,6.648,6.698,6.765,6.801,6.854,6.897,6.928,6.96,6.985,7.017,7.053,7.077,7.12,7.15,7.184,7.214,7.238,7.261,7.281,7.303,7.326,7.346,7.374,7.401,7.423,7.457,7.477,7.492,7.514,7.536,7.558,7.581,7.597,7.621,7.639,7.658,7.677,7.697,7.714,7.731,7.749,7.767,7.79,7.821,7.846,7.867,7.889,7.914,7.935,7.953,7.975,7.988,8.012,8.034,8.054,8.072,8.097,8.127,8.14,8.161,8.184,8.208,8.225,8.248,8.272,8.293,8.315,8.336,8.356,8.382,8.405,8.43,8.453,8.475,8.505,8.531,8.563,8.593,8.621,8.659,8.693,8.724,8.756,8.791,8.849,8.915,8.968,9.029,9.128,9.242,9.359,9.564,10.078
142,OTH FP,5.314,6.072,6.248,6.375,6.475,6.548,6.638,6.706,6.767,6.828,6.86,6.898,6.944,6.971,7.003,7.04,7.071,7.109,7.14,7.174,7.203,7.228,7.253,7.28,7.303,7.325,7.348,7.37,7.39,7.41,7.431,7.454,7.48,7.505,7.536,7.561,7.584,7.605,7.625,7.648,7.666,7.687,7.714,7.732,7.742,7.767,7.794,7.813,7.831,7.849,7.871,7.887,7.902,7.919,7.944,7.96,7.978,7.998,8.018,8.038,8.055,8.073,8.097,8.117,8.138,8.157,8.175,8.189,8.218,8.248,8.269,8.289,8.311,8.336,8.361,8.383,8.404,8.426,8.456,8.477,8.497,8.523,8.548,8.582,8.609,8.633,8.669,8.705,8.744,8.792,8.83,8.886,8.94,8.991,9.056,9.117,9.182,9.271,9.407,9.594,10.106
143,OTH FP,5.314,6.072,6.248,6.375,6.475,6.548,6.638,6.706,6.767,6.828,6.86,6.898,6.944,6.971,7.003,7.04,7.071,7.109,7.14,7.174,7.203,7.228,7.253,7.28,7.303,7.325,7.348,7.37,7.39,7.41,7.431,7.454,7.48,7.505,7.536,7.561,7.584,7.605,7.625,7.648,7.666,7.687,7.714,7.732,7.742,7.767,7.794,7.813,7.831,7.849,7.871,7.887,7.902,7.919,7.944,7.96,7.978,7.998,8.018,8.038,8.055,8.073,8.097,8.117,8.138,8.157,8.175,8.189,8.218,8.248,8.269,8.289,8.311,8.336,8.361,8.383,8.404,8.426,8.456,8.477,8.497,8.523,8.548,8.582,8.609,8.633,8.669,8.705,8.744,8.792,8.83,8.886,8.94,8.991,9.056,9.117,9.182,9.271,9.407,9.594,10.106
144,OTH FP,5.532,6.194,6.373,6.467,6.571,6.655,6.726,6.79,6.842,6.909,6.957,7.006,7.046,7.078,7.108,7.134,7.158,7.195,7.226,7.254,7.283,7.316,7.339,7.373,7.396,7.415,7.443,7.466,7.487,7.504,7.527,7.546,7.563,7.581,7.601,7.626,7.644,7.666,7.68,7.699,7.722,7.738,7.757,7.774,7.791,7.815,7.835,7.854,7.871,7.889,7.911,7.926,7.944,7.963,7.98,7.995,8.021,8.042,8.062,8.081,8.099,8.123,8.138,8.153,8.171,8.191,8.215,8.232,8.253,8.275,8.296,8.316,8.331,8.354,8.376,8.395,8.421,8.449,8.474,8.509,8.537,8.561,8.587,8.62,8.643,8.676,8.724,8.759,8.79,8.829,8.882,8.946,8.99,9.044,9.098,9.141,9.233,9.303,9.457,9.659,10.227
145,OTH FP,5.532,6.194,6.373,6.467,6.571,6.655,6.726,6.79,6.842,6.909,6.957,7.006,7.046,7.078,7.108,7.134,7.158,7.195,7.226,7.254,7.283,7.316,7.339,7.373,7.396,7.415,7.443,7.466,7.487,7.504,7.527,7.546,7.563,7.581,7.601,7.626,7.644,7.666,7.68,7.699,7.722,7.738,7.757,7.774,7.791,7.815,7.835,7.854,7.871,7.889,7.911,7.926,7.944,7.963,7.98,7.995,8.021,8.042,8.062,8.081,8.099,8.123,8.138,8.153,8.171,8.191,8.215,8.232,8.253,8.275,8.296,8.316,8.331,8.354,8.376,8.395,8.421,8.449,8.474,8.509,8.537,8.561,8.587,8.62,8.643,8.676,8.724,8.759,8.79,8.829,8.882,8.946,8.99,9.044,9.098,9.141,9.233,9.303,9.457,9.659,10.227
146,OTH FP,5.853,6.27,6.462,6.623,6.709,6.775,6.84,6.9,6.958,7.003,7.061,7.107,7.154,7.193,7.224,7.259,7.278,7.311,7.351,7.381,7.406,7.427,7.445,7.467,7.492,7.511,7.53,7.552,7.572,7.595,7.616,7.633,7.655,7.676,7.697,7.714,7.738,7.753,7.769,7.786,7.799,7.814,7.833,7.845,7.859,7.879,7.889,7.904,7.92,7.944,7.963,7.976,7.993,8.013,8.03,8.051,8.069,8.088,8.102,8.12,8.139,8.162,8.177,8.202,8.226,8.245,8.264,8.287,8.303,8.322,8.346,8.376,8.395,8.412,8.44,8.46,8.489,8.513,8.536,8.567,8.593,8.615,8.64,8.667,8.704,8.733,8.767,8.795,8.837,8.877,8.921,8.966,9.023,9.062,9.115,9.183,9.246,9.324,9.425,9.631,10.086
147,OTH FP,5.853,6.27,6.462,6.623,6.709,6.775,6.84,6.9,6.958,7.003,7.061,7.107,7.154,7.193,7.224,7.259,7.278,7.311,7.351,7.381,7.406,7.427,7.445,7.467,7.492,7.511,7.53,7.552,7.572,7.595,7.616,7.633,7.655,7.676,7.697,7.714,7.738,7.753,7.769,7.786,7.799,7.814,7.833,7.845,7.859,7.879,7.889,7.904,7.92,7.944,7.963,7.976,7.993,8.013,8.03,8.051,8.069,8.088,8.102,8.12,8.139,8.162,8.177,8.202,8.226,8.245,8.264,8.287,8.303,8.322,8.346,8.376,8.395,8.412,8.44,8.46,8.489,8.513,8.536,8.567,8.593,8.615,8.64,8.667,8.704,8.733,8.767,8.795,8.837,8.877,8.921,8.966,9.023,9.062,9.115,9.183,9.246,9.324,9.425,9.631,10.086
148,OTH FP,5.843,6.303,6.52,6.655,6.764,6.843,6.917,6.971,7.021,7.072,7.12,7.188,7.225,7.264,7.299,7.331,7.357,7.386,7.414,7.445,7.469,7.492,7.516,7.542,7.564,7.588,7.611,7.636,7.658,7.682,7.705,7.726,7.74,7.758,7.773,7.794,7.812,7.828,7.844,7.864,7.885,7.903,7.921,7.941,7.962,7.984,8.003,8.02,8.036,8.057,8.071,8.089,8.107,8.121,8.143,8.161,8.181,8.2,8.218,8.237,8.248,8.271,8.293,8.309,8.329,8.345,8.361,8.382,8.407,8.431,8.46,8.481,8.495,8.517,8.536,8.557,8.583,8.606,8.63,8.661,8.692,8.723,8.752,8.787,8.828,8.859,8.893,8.929,8.964,9.005,9.052,9.085,9.146,9.204,9.259,9.313,9.395,9.492,9.579,9.824,10.37
149,OTH FP,5.843,6.303,6.52,6.655,6.764,6.843,6.917,6.971,7.021,7.072,7.12,7.188,7.225,7.264,7.299,7.331,7.357,7.386,7.414,7.445,7.469,7.492,7.516,7.542,7.564,7.588,7.611,7.636,7.658,7.682,7.705,7.726,7.74,7.758,7.773,7.794,7.812,7.828,7.844,7.864,7.885,7.903,7.921,7.941,7.962,7.984,8.003,8.02,8.036,8.057,8.071,8.089,8.107,8.121,8.143,8.161,8.181,8.2,8.218,8.237,8.248,8.271,8.293,8.309,8.329,8.345,8.361,8.382,8.407,8.431,8.46,8.481,8.495,8.517,8.536,8.557,8.583,8.606,8.63,8.661,8.692,8.723,8.752,8.787,8.828,8.859,8.893,8.929,8.964,9.005,9.052,9.085,9.146,9.204,9.259,9.313,9.395,9.492,9.579,9.824,10.37
150,OTH FP,5.713,6.36,6.572,6.73,6.827,6.913,6.968,7.053,7.101,7.141,7.185,7.228,7.26,7.287,7.322,7.362,7.39,7.422,7.451,7.482,7.505,7.532,7.568,7.593,7.621,7.643,7.675,7.697,7.721,7.739,7.773,7.795,7.819,7.844,7.86,7.883,7.901,7.918,7.939,7.96,7.981,8.0,8.029,8.044,8.06,8.08,8.098,8.116,8.133,8.153,8.172,8.194,8.211,8.231,8.251,8.273,8.29,8.307,8.326,8.346,8.361,8.379,8.401,8.424,8.447,8.47,8.485,8.507,8.524,8.544,8.57,8.589,8.611,8.632,8.651,8.681,8.712,8.74,8.767,8.795,8.822,8.846,8.872,8.908,8.94,8.973,9.014,9.052,9.092,9.143,9.176,9.22,9.277,9.341,9.391,9.455,9.516,9.613,9.723,9.969,10.676
151,OTH FP,5.713,6.36,6.572,6.73,6.827,6.913,6.968,7.053,7.101,7.141,7.185,7.228,7.26,7.287,7.322,7.362,7.39,7.422,7.451,7.482,7.505,7.532,7.568,7.593,7.621,7.643,7.675,7.697,7.721,7.739,7.773,7.795,7.819,7.844,7.86,7.883,7.901,7.918,7.939,7.96,7.981,8.0,8.029,8.044,8.06,8.08,8.098,8.116,8.133,8.153,8.172,8.194,8.211,8.231,8.251,8.273,8.29,8.307,8.326,8.346,8.361,8.379,8.401,8.424,8.447,8.47,8.485,8.507,8.524,8.544,8.57,8.589,8.611,8.632,8.651,8.681,8.712,8.74,8.767,8.795,8.822,8.846,8.872,8.908,8.94,8.973,9.014,9.052,9.092,9.143,9.176,9.22,9.277,9.341,9.391,9.455,9.516,9.613,9.723,9.969,10.676
152,OTH FP,5.84,6.501,6.724,6.823,6.927,7.005,7.071,7.132,7.187,7.233,7.274,7.312,7.345,7.391,7.437,7.459,7.495,7.529,7.556,7.58,7.608,7.627,7.658,7.69,7.713,7.731,7.754,7.777,7.803,7.825,7.848,7.872,7.895,7.919,7.941,7.962,7.984,8.001,8.021,8.041,8.061,8.084,8.104,8.126,8.147,8.166,8.192,8.211,8.231,8.25,8.268,8.288,8.309,8.324,8.342,8.367,8.385,8.406,8.423,8.44,8.454,8.48,8.496,8.513,8.533,8.556,8.58,8.605,8.621,8.638,8.663,8.687,8.711,8.737,8.76,8.777,8.804,8.833,8.862,8.89,8.916,8.942,8.965,8.993,9.028,9.062,9.094,9.129,9.166,9.2,9.243,9.286,9.347,9.4,9.452,9.539,9.625,9.754,9.932,10.115,10.781
153,OTH FP,5.84,6.501,6.724,6.823,6.927,7.005,7.071,7.132,7.187,7.233,7.274,7.312,7.345,7.391,7.437,7.459,7.495,7.529,7.556,7.58,7.608,7.627,7.658,7.69,7.713,7.731,7.754,7.777,7.803,7.825,7.848,7.872,7.895,7.919,7.941,7.962,7.984,8.001,8.021,8.041,8.061,8.084,8.104,8.126,8.147,8.166,8.192,8.211,8.231,8.25,8.268,8.288,8.309,8.324,8.342,8.367,8.385,8.406,8.423,8.44,8.454,8.48,8.496,8.513,8.533,8.556,8.58,8.605,8.621,8.638,8.663,8.687,8.711,8.737,8.76,8.777,8.804,8.833,8.862,8.89,8.916,8.942,8.965,8.993,9.028,9.062,9.094,9.129,9.166,9.2,9.243,9.286,9.347,9.4,9.452,9.539,9.625,9.754,9.932,10.115,10.781
154,OTH FP,5.885,6.502,6.724,6.871,7.013,7.09,7.156,7.22,7.283,7.323,7.38,7.422,7.464,7.507,7.537,7.567,7.597,7.63,7.657,7.686,7.711,7.738,7.766,7.792,7.825,7.852,7.878,7.898,7.916,7.937,7.96,7.981,8.011,8.032,8.053,8.074,8.094,8.117,8.137,8.156,8.173,8.194,8.211,8.233,8.255,8.269,8.283,8.298,8.317,8.338,8.356,8.376,8.393,8.414,8.437,8.456,8.472,8.498,8.518,8.535,8.551,8.569,8.582,8.6,8.616,8.637,8.656,8.675,8.704,8.722,8.742,8.767,8.8,8.821,8.846,8.874,8.901,8.926,8.955,8.987,9.012,9.048,9.075,9.106,9.139,9.17,9.205,9.239,9.274,9.313,9.359,9.409,9.462,9.532,9.613,9.676,9.747,9.847,9.957,10.197,10.895
155,OTH FP,5.885,6.502,6.724,6.871,7.013,7.09,7.156,7.22,7.283,7.323,7.38,7.422,7.464,7.507,7.537,7.567,7.597,7.63,7.657,7.686,7.711,7.738,7.766,7.792,7.825,7.852,7.878,7.898,7.916,7.937,7.96,7.981,8.011,8.032,8.053,8.074,8.094,8.117,8.137,8.156,8.173,8.194,8.211,8.233,8.255,8.269,8.283,8.298,8.317,8.338,8.356,8.376,8.393,8.414,8.437,8.456,8.472,8.498,8.518,8.535,8.551,8.569,8.582,8.6,8.616,8.637,8.656,8.675,8.704,8.722,8.742,8.767,8.8,8.821,8.846,8.874,8.901,8.926,8.955,8.987,9.012,9.048,9.075,9.106,9.139,9.17,9.205,9.239,9.274,9.313,9.359,9.409,9.462,9.532,9.613,9.676,9.747,9.847,9.957,10.197,10.895
156,OTH FP,5.865,6.665,6.86,7.012,7.102,7.184,7.272,7.323,7.377,7.432,7.462,7.516,7.551,7.595,7.637,7.674,7.702,7.726,7.762,7.793,7.813,7.838,7.863,7.881,7.903,7.927,7.948,7.978,8.006,8.027,8.053,8.074,8.089,8.113,8.131,8.156,8.179,8.2,8.223,8.245,8.264,8.286,8.31,8.333,8.349,8.368,8.385,8.402,8.418,8.436,8.453,8.473,8.492,8.508,8.526,8.545,8.559,8.574,8.596,8.617,8.637,8.653,8.673,8.692,8.709,8.725,8.744,8.772,8.802,8.822,8.847,8.867,8.892,8.918,8.938,8.962,8.987,9.011,9.047,9.077,9.098,9.123,9.151,9.178,9.208,9.241,9.277,9.317,9.348,9.385,9.428,9.477,9.539,9.597,9.665,9.733,9.829,9.918,10.03,10.215,10.821
157,OTH FP,5.865,6.665,6.86,7.012,7.102,7.184,7.272,7.323,7.377,7.432,7.462,7.516,7.551,7.595,7.637,7.674,7.702,7.726,7.762,7.793,7.813,7.838,7.863,7.881,7.903,7.927,7.948,7.978,8.006,8.027,8.053,8.074,8.089,8.113,8.131,8.156,8.179,8.2,8.223,8.245,8.264,8.286,8.31,8.333,8.349,8.368,8.385,8.402,8.418,8.436,8.453,8.473,8.492,8.508,8.526,8.545,8.559,8.574,8.596,8.617,8.637,8.653,8.673,8.692,8.709,8.725,8.744,8.772,8.802,8.822,8.847,8.867,8.892,8.918,8.938,8.962,8.987,9.011,9.047,9.077,9.098,9.123,9.151,9.178,9.208,9.241,9.277,9.317,9.348,9.385,9.428,9.477,9.539,9.597,9.665,9.733,9.829,9.918,10.03,10.215,10.821
158,OTH FP,6.214,6.76,6.976,7.147,7.243,7.337,7.403,7.466,7.512,7.557,7.595,7.641,7.674,7.715,7.752,7.794,7.82,7.844,7.866,7.898,7.932,7.956,7.978,8.007,8.027,8.048,8.068,8.084,8.107,8.123,8.143,8.159,8.182,8.204,8.224,8.241,8.265,8.282,8.3,8.318,8.339,8.354,8.373,8.397,8.416,8.435,8.463,8.483,8.503,8.521,8.54,8.563,8.581,8.6,8.616,8.637,8.653,8.672,8.69,8.707,8.727,8.743,8.759,8.781,8.803,8.821,8.846,8.864,8.883,8.902,8.92,8.939,8.962,8.983,9.0,9.027,9.058,9.081,9.11,9.136,9.164,9.194,9.223,9.249,9.275,9.314,9.343,9.384,9.423,9.457,9.496,9.544,9.583,9.628,9.696,9.757,9.829,9.905,10.046,10.282,11.012
159,OTH FP,6.214,6.76,6.976,7.147,7.243,7.337,7.403,7.466,7.512,7.557,7.595,7.641,7.674,7.715,7.752,7.794,7.82,7.844,7.866,7.898,7.932,7.956,7.978,8.007,8.027,8.048,8.068,8.084,8.107,8.123,8.143,8.159,8.182,8.204,8.224,8.241,8.265,8.282,8.3,8.318,8.339,8.354,8.373,8.397,8.416,8.435,8.463,8.483,8.503,8.521,8.54,8.563,8.581,8.6,8.616,8.637,8.653,8.672,8.69,8.707,8.727,8.743,8.759,8.781,8.803,8.821,8.846,8.864,8.883,8.902,8.92,8.939,8.962,8.983,9.0,9.027,9.058,9.081,9.11,9.136,9.164,9.194,9.223,9.249,9.275,9.314,9.343,9.384,9.423,9.457,9.496,9.544,9.583,9.628,9.696,9.757,9.829,9.905,10.046,10.282,11.012
160,OTH FP,6.309,6.947,7.12,7.242,7.336,7.425,7.493,7.556,7.6,7.644,7.697,7.727,7.769,7.813,7.847,7.883,7.918,7.941,7.966,7.992,8.016,8.041,8.062,8.085,8.109,8.139,8.157,8.178,8.196,8.218,8.239,8.259,8.279,8.299,8.317,8.338,8.36,8.381,8.399,8.413,8.434,8.457,8.477,8.501,8.52,8.538,8.554,8.569,8.582,8.604,8.62,8.635,8.656,8.674,8.696,8.711,8.724,8.737,8.758,8.778,8.798,8.821,8.838,8.854,8.873,8.887,8.905,8.931,8.952,8.973,8.994,9.012,9.033,9.055,9.081,9.107,9.131,9.155,9.173,9.193,9.217,9.244,9.269,9.297,9.328,9.361,9.384,9.419,9.453,9.493,9.52,9.565,9.617,9.663,9.73,9.804,9.894,9.968,10.099,10.319,10.9
161,OTH FP,6.309,6.947,7.12,7.242,7.336,7.425,7.493,7.556,7.6,7.644,7.697,7.727,7.769,7.813,7.847,7.883,7.918,7.941,7.966,7.992,8.016,8.041,8.062,8.085,8.109,8.139,8.157,8.178,8.196,8.218,8.239,8.259,8.279,8.299,8.317,8.338,8.36,8.381,8.399,8.413,8.434,8.457,8.477,8.501,8.52,8.538,8.554,8.569,8.582,8.604,8.62,8.635,8.656,8.674,8.696,8.711,8.724,8.737,8.758,8.778,8.798,8.821,8.838,8.854,8.873,8.887,8.905,8.931,8.952,8.973,8.994,9.012,9.033,9.055,9.081,9.107,9.131,9.155,9.173,9.193,9.217,9.244,9.269,9.297,9.328,9.361,9.384,9.419,9.453,9.493,9.52,9.565,9.617,9.663,9.73,9.804,9.894,9.968,10.099,10.319,10.9
162,OTH FP,6.305,6.932,7.139,7.274,7.357,7.46,7.519,7.594,7.638,7.681,7.726,7.768,7.815,7.861,7.894,7.929,7.957,7.994,8.017,8.048,8.074,8.098,8.129,8.154,8.177,8.196,8.217,8.239,8.258,8.279,8.301,8.322,8.342,8.367,8.393,8.418,8.438,8.463,8.481,8.498,8.516,8.536,8.558,8.583,8.605,8.626,8.643,8.658,8.674,8.691,8.71,8.727,8.745,8.762,8.778,8.798,8.813,8.829,8.847,8.863,8.888,8.904,8.926,8.948,8.967,8.985,9.006,9.028,9.048,9.068,9.089,9.112,9.137,9.161,9.183,9.209,9.236,9.258,9.282,9.301,9.327,9.358,9.383,9.413,9.447,9.476,9.509,9.541,9.579,9.613,9.662,9.723,9.754,9.804,9.864,9.926,10.012,10.1,10.245,10.45,10.973
163,OTH FP,6.305,6.932,7.139,7.274,7.357,7.46,7.519,7.594,7.638,7.681,7.726,7.768,7.815,7.861,7.894,7.929,7.957,7.994,8.017,8.048,8.074,8.098,8.129,8.154,8.177,8.196,8.217,8.239,8.258,8.279,8.301,8.322,8.342,8.367,8.393,8.418,8.438,8.463,8.481,8.498,8.516,8.536,8.558,8.583,8.605,8.626,8.643,8.658,8.674,8.691,8.71,8.727,8.745,8.762,8.778,8.798,8.813,8.829,8.847,8.863,8.888,8.904,8.926,8.948,8.967,8.985,9.006,9.028,9.048,9.068,9.089,9.112,9.137,9.161,9.183,9.209,9.236,9.258,9.282,9.301,9.327,9.358,9.383,9.413,9.447,9.476,9.509,9.541,9.579,9.613,9.662,9.723,9.754,9.804,9.864,9.926,10.012,10.1,10.245,10.45,10.973
164,OTH FP,6.348,7.011,7.245,7.346,7.456,7.516,7.572,7.626,7.676,7.735,7.787,7.826,7.877,7.921,7.952,7.978,8.004,8.043,8.08,8.117,8.144,8.164,8.193,8.218,8.248,8.273,8.294,8.316,8.346,8.364,8.385,8.409,8.428,8.448,8.468,8.485,8.503,8.526,8.544,8.561,8.58,8.592,8.616,8.635,8.656,8.677,8.695,8.72,8.738,8.754,8.777,8.796,8.811,8.828,8.845,8.866,8.885,8.906,8.922,8.938,8.958,8.98,9.003,9.027,9.052,9.07,9.094,9.112,9.131,9.15,9.169,9.196,9.216,9.245,9.271,9.295,9.313,9.336,9.358,9.386,9.416,9.45,9.479,9.513,9.549,9.573,9.606,9.648,9.689,9.732,9.774,9.832,9.883,9.942,10.005,10.063,10.131,10.211,10.305,10.498,11.033
165,OTH FP,6.348,7.011,7.245,7.346,7.456,7.516,7.572,7.626,7.676,7.735,7.787,7.826,7.877,7.921,7.952,7.978,8.004,8.043,8.08,8.117,8.144,8.164,8.193,8.218,8.248,8.273,8.294,8.316,8.346,8.364,8.385,8.409,8.428,8.448,8.468,8.485,8.503,8.526,8.544,8.561,8.58,8.592,8.616,8.635,8.656,8.677,8.695,8.72,8.738,8.754,8.777,8.796,8.811,8.828,8.845,8.866,8.885,8.906,8.922,8.938,8.958,8.98,9.003,9.027,9.052,9.07,9.094,9.112,9.131,9.15,9.169,9.196,9.216,9.245,9.271,9.295,9.313,9.336,9.358,9.386,9.416,9.45,9.479,9.513,9.549,9.573,9.606,9.648,9.689,9.732,9.774,9.832,9.883,9.942,10.005,10.063,10.131,10.211,10.305,10.498,11.033
166,OTH FP,6.442,7.052,7.265,7.374,7.479,7.546,7.611,7.662,7.721,7.78,7.832,7.886,7.929,7.955,7.994,8.019,8.046,8.08,8.123,8.157,8.18,8.212,8.235,8.264,8.285,8.305,8.329,8.358,8.385,8.403,8.429,8.451,8.479,8.501,8.517,8.535,8.557,8.576,8.609,8.631,8.651,8.672,8.688,8.715,8.73,8.75,8.774,8.788,8.806,8.824,8.844,8.86,8.88,8.902,8.921,8.938,8.953,8.969,8.989,9.008,9.038,9.057,9.078,9.102,9.129,9.146,9.164,9.186,9.209,9.229,9.254,9.275,9.288,9.316,9.338,9.369,9.393,9.424,9.45,9.479,9.51,9.539,9.565,9.593,9.618,9.657,9.689,9.72,9.753,9.79,9.827,9.864,9.927,9.979,10.026,10.113,10.181,10.265,10.394,10.602,11.155
167,OTH FP,6.442,7.052,7.265,7.374,7.479,7.546,7.611,7.662,7.721,7.78,7.832,7.886,7.929,7.955,7.994,8.019,8.046,8.08,8.123,8.157,8.18,8.212,8.235,8.264,8.285,8.305,8.329,8.358,8.385,8.403,8.429,8.451,8.479,8.501,8.517,8.535,8.557,8.576,8.609,8.631,8.651,8.672,8.688,8.715,8.73,8.75,8.774,8.788,8.806,8.824,8.844,8.86,8.88,8.902,8.921,8.938,8.953,8.969,8.989,9.008,9.038,9.057,9.078,9.102,9.129,9.146,9.164,9.186,9.209,9.229,9.254,9.275,9.288,9.316,9.338,9.369,9.393,9.424,9.45,9.479,9.51,9.539,9.565,9.593,9.618,9.657,9.689,9.72,9.753,9.79,9.827,9.864,9.927,9.979,10.026,10.113,10.181,10.265,10.394,10.602,11.155
168,OTH FP,6.576,7.207,7.368,7.466,7.567,7.655,7.71,7.755,7.815,7.856,7.897,7.945,7.989,8.023,8.059,8.086,8.125,8.163,8.193,8.222,8.254,8.283,8.314,8.334,8.355,8.385,8.407,8.436,8.464,8.488,8.509,8.532,8.551,8.569,8.586,8.602,8.621,8.643,8.671,8.694,8.718,8.74,8.759,8.775,8.794,8.814,8.839,8.855,8.874,8.891,8.911,8.931,8.958,8.975,8.994,9.014,9.037,9.059,9.083,9.102,9.123,9.141,9.156,9.174,9.197,9.214,9.237,9.251,9.271,9.292,9.316,9.348,9.368,9.393,9.413,9.445,9.471,9.492,9.511,9.533,9.552,9.579,9.609,9.648,9.678,9.704,9.735,9.773,9.814,9.86,9.898,9.946,9.992,10.038,10.1,10.146,10.222,10.325,10.425,10.654,11.426
169,OTH FP,6.576,7.207,7.368,7.466,7.567,7.655,7.71,7.755,7.815,7.856,7.897,7.945,7.989,8.023,8.059,8.086,8.125,8.163,8.193,8.222,8.254,8.283,8.314,8.334,8.355,8.385,8.407,8.436,8.464,8.488,8.509,8.532,8.551,8.569,8.586,8.602,8.621,8.643,8.671,8.694,8.718,8.74,8.759,8.775,8.794,8.814,8.839,8.855,8.874,8.891,8.911,8.931,8.958,8.975,8.994,9.014,9.037,9.059,9.083,9.102,9.123,9.141,9.156,9.174,9.197,9.214,9.237,9.251,9.271,9.292,9.316,9.348,9.368,9.393,9.413,9.445,9.471,9.492,9.511,9.533,9.552,9.579,9.609,9.648,9.678,9.704,9.735,9.773,9.814,9.86,9.898,9.946,9.992,10.038,10.1,10.146,10.222,10.325,10.425,10.654,11.426
170,OTH FP,6.76,7.277,7.481,7.598,7.678,7.759,7.833,7.884,7.94,7.976,8.01,8.05,8.093,8.126,8.169,8.196,8.221,8.252,8.285,8.31,8.34,8.359,8.385,8.409,8.439,8.465,8.481,8.503,8.524,8.549,8.575,8.6,8.618,8.644,8.673,8.688,8.705,8.723,8.748,8.765,8.788,8.803,8.824,8.846,8.875,8.892,8.913,8.926,8.948,8.967,8.987,9.008,9.027,9.052,9.07,9.09,9.11,9.131,9.151,9.167,9.184,9.206,9.222,9.243,9.263,9.283,9.303,9.321,9.346,9.374,9.396,9.421,9.445,9.464,9.489,9.511,9.531,9.562,9.587,9.61,9.637,9.667,9.695,9.733,9.762,9.792,9.824,9.854,9.892,9.927,9.977,10.016,10.048,10.11,10.154,10.216,10.286,10.386,10.515,10.673,11.357
171,OTH FP,6.76,7.277,7.481,7.598,7.678,7.759,7.833,7.884,7.94,7.976,8.01,8.05,8.093,8.126,8.169,8.196,8.221,8.252,8.285,8.31,8.34,8.359,8.385,8.409,8.439,8.465,8.481,8.503,8.524,8.549,8.575,8.6,8.618,8.644,8.673,8.688,8.705,8.723,8.748,8.765,8.788,8.803,8.824,8.846,8.875,8.892,8.913,8.926,8.948,8.967,8.987,9.008,9.027,9.052,9.07,9.09,9.11,9.131,9.151,9.167,9.184,9.206,9.222,9.243,9.263,9.283,9.303,9.321,9.346,9.374,9.396,9.421,9.445,9.464,9.489,9.511,9.531,9.562,9.587,9.61,9.637,9.667,9.695,9.733,9.762,9.792,9.824,9.854,9.892,9.927,9.977,10.016,10.048,10.11,10.154,10.216,10.286,10.386,10.515,10.673,11.357
172,OTH FP,6.789,7.388,7.612,7.699,7.786,7.847,7.906,7.971,8.033,8.086,8.127,8.173,8.207,8.236,8.262,8.289,8.32,8.347,8.374,8.406,8.432,8.462,8.487,8.511,8.538,8.559,8.574,8.601,8.628,8.653,8.676,8.7,8.721,8.743,8.758,8.781,8.8,8.817,8.837,8.861,8.881,8.903,8.927,8.941,8.954,8.969,8.992,9.01,9.026,9.051,9.068,9.086,9.104,9.123,9.14,9.159,9.177,9.197,9.215,9.232,9.253,9.271,9.291,9.311,9.333,9.356,9.375,9.391,9.408,9.435,9.454,9.476,9.498,9.522,9.542,9.562,9.581,9.606,9.63,9.657,9.678,9.7,9.73,9.758,9.78,9.81,9.848,9.89,9.933,9.964,10.007,10.051,10.095,10.144,10.197,10.255,10.318,10.416,10.543,10.714,11.542
173,OTH FP,6.789,7.388,7.612,7.699,7.786,7.847,7.906,7.971,8.033,8.086,8.127,8.173,8.207,8.236,8.262,8.289,8.32,8.347,8.374,8.406,8.432,8.462,8.487,8.511,8.538,8.559,8.574,8.601,8.628,8.653,8.676,8.7,8.721,8.743,8.758,8.781,8.8,8.817,8.837,8.861,8.881,8.903,8.927,8.941,8.954,8.969,8.992,9.01,9.026,9.051,9.068,9.086,9.104,9.123,9.14,9.159,9.177,9.197,9.215,9.232,9.253,9.271,9.291,9.311,9.333,9.356,9.375,9.391,9.408,9.435,9.454,9.476,9.498,9.522,9.542,9.562,9.581,9.606,9.63,9.657,9.678,9.7,9.73,9.758,9.78,9.81,9.848,9.89,9.933,9.964,10.007,10.051,10.095,10.144,10.197,10.255,10.318,10.416,10.543,10.714,11.542
174,OTH FP,6.892,7.462,7.672,7.781,7.902,7.993,8.06,8.108,8.172,8.209,8.245,8.286,8.321,8.359,8.386,8.412,8.439,8.466,8.494,8.527,8.548,8.574,8.595,8.616,8.64,8.665,8.685,8.703,8.724,8.747,8.776,8.798,8.815,8.835,8.857,8.874,8.891,8.91,8.93,8.954,8.973,8.993,9.01,9.024,9.045,9.061,9.076,9.096,9.114,9.129,9.152,9.169,9.185,9.199,9.215,9.234,9.246,9.264,9.283,9.299,9.319,9.336,9.358,9.381,9.396,9.415,9.438,9.456,9.477,9.497,9.519,9.542,9.564,9.58,9.601,9.619,9.644,9.665,9.69,9.714,9.734,9.762,9.786,9.817,9.845,9.873,9.909,9.939,9.973,10.005,10.049,10.096,10.142,10.202,10.252,10.31,10.377,10.454,10.549,10.707,11.631
175,OTH FP,6.892,7.462,7.672,7.781,7.902,7.993,8.06,8.108,8.172,8.209,8.245,8.286,8.321,8.359,8.386,8.412,8.439,8.466,8.494,8.527,8.548,8.574,8.595,8.616,8.64,8.665,8.685,8.703,8.724,8.747,8.776,8.798,8.815,8.835,8.857,8.874,8.891,8.91,8.93,8.954,8.973,8.993,9.01,9.024,9.045,9.061,9.076,9.096,9.114,9.129,9.152,9.169,9.185,9.199,9.215,9.234,9.246,9.264,9.283,9.299,9.319,9.336,9.358,9.381,9.396,9.415,9.438,9.456,9.477,9.497,9.519,9.542,9.564,9.58,9.601,9.619,9.644,9.665,9.69,9.714,9.734,9.762,9.786,9.817,9.845,9.873,9.909,9.939,9.973,10.005,10.049,10.096,10.142,10.202,10.252,10.31,10.377,10.454,10.549,10.707,11.631
176,OTH FP,7.016,7.434,7.659,7.776,7.862,7.942,8.005,8.076,8.12,8.161,8.212,8.25,8.302,8.346,8.376,8.412,8.435,8.459,8.49,8.521,8.541,8.57,8.593,8.613,8.642,8.663,8.689,8.707,8.724,8.749,8.77,8.797,8.817,8.838,8.854,8.874,8.893,8.911,8.93,8.944,8.964,8.99,9.009,9.027,9.045,9.066,9.086,9.105,9.124,9.141,9.16,9.174,9.192,9.207,9.23,9.249,9.264,9.283,9.3,9.322,9.342,9.363,9.382,9.403,9.422,9.441,9.466,9.488,9.513,9.53,9.55,9.578,9.594,9.614,9.637,9.657,9.683,9.705,9.722,9.75,9.779,9.804,9.833,9.865,9.899,9.933,9.968,9.999,10.035,10.075,10.112,10.165,10.218,10.263,10.32,10.385,10.44,10.522,10.642,10.807,11.378
177,OTH FP,7.016,7.434,7.659,7.776,7.862,7.942,8.005,8.076,8.12,8.161,8.212,8.25,8.302,8.346,8.376,8.412,8.435,8.459,8.49,8.521,8.541,8.57,8.593,8.613,8.642,8.663,8.689,8.707,8.724,8.749,8.77,8.797,8.817,8.838,8.854,8.874,8.893,8.911,8.93,8.944,8.964,8.99,9.009,9.027,9.045,9.066,9.086,9.105,9.124,9.141,9.16,9.174,9.192,9.207,9.23,9.249,9.264,9.283,9.3,9.322,9.342,9.363,9.382,9.403,9.422,9.441,9.466,9.488,9.513,9.53,9.55,9.578,9.594,9.614,9.637,9.657,9.683,9.705,9.722,9.75,9.779,9.804,9.833,9.865,9.899,9.933,9.968,9.999,10.035,10.075,10.112,10.165,10.218,10.263,10.32,10.385,10.44,10.522,10.642,10.807,11.378
178,OTH FP,6.849,7.401,7.61,7.741,7.822,7.902,7.983,8.026,8.087,8.122,8.176,8.222,8.267,8.316,8.361,8.392,8.427,8.462,8.491,8.514,8.542,8.569,8.601,8.618,8.645,8.665,8.684,8.708,8.722,8.745,8.767,8.795,8.813,8.839,8.861,8.885,8.906,8.927,8.954,8.971,8.991,9.009,9.026,9.048,9.065,9.083,9.105,9.127,9.147,9.17,9.187,9.21,9.228,9.247,9.263,9.28,9.297,9.312,9.333,9.352,9.371,9.387,9.408,9.436,9.455,9.478,9.498,9.523,9.547,9.568,9.591,9.61,9.638,9.658,9.686,9.707,9.728,9.747,9.777,9.803,9.831,9.858,9.884,9.907,9.934,9.959,9.994,10.031,10.066,10.114,10.143,10.186,10.239,10.292,10.361,10.426,10.496,10.595,10.764,10.952,11.322
179,OTH FP,6.849,7.401,7.61,7.741,7.822,7.902,7.983,8.026,8.087,8.122,8.176,8.222,8.267,8.316,8.361,8.392,8.427,8.462,8.491,8.514,8.542,8.569,8.601,8.618,8.645,8.665,8.684,8.708,8.722,8.745,8.767,8.795,8.813,8.839,8.861,8.885,8.906,8.927,8.954,8.971,8.991,9.009,9.026,9.048,9.065,9.083,9.105,9.127,9.147,9.17,9.187,9.21,9.228,9.247,9.263,9.28,9.297,9.312,9.333,9.352,9.371,9.387,9.408,9.436,9.455,9.478,9.498,9.523,9.547,9.568,9.591,9.61,9.638,9.658,9.686,9.707,9.728,9.747,9.777,9.803,9.831,9.858,9.884,9.907,9.934,9.959,9.994,10.031,10.066,10.114,10.143,10.186,10.239,10.292,10.361,10.426,10.496,10.595,10.764,10.952,11.322
180,OTH FP,6.894,7.47,7.642,7.781,7.887,7.966,8.016,8.072,8.125,8.184,8.231,8.268,8.307,8.343,8.378,8.418,8.453,8.486,8.515,8.55,8.578,8.601,8.632,8.653,8.678,8.704,8.727,8.751,8.777,8.798,8.817,8.844,8.865,8.888,8.908,8.927,8.944,8.963,8.978,8.992,9.01,9.031,9.049,9.064,9.081,9.102,9.12,9.136,9.161,9.177,9.202,9.218,9.234,9.259,9.28,9.297,9.32,9.338,9.351,9.367,9.394,9.414,9.436,9.459,9.479,9.496,9.519,9.548,9.571,9.594,9.617,9.632,9.652,9.673,9.7,9.722,9.754,9.773,9.81,9.833,9.86,9.889,9.921,9.959,9.993,10.027,10.052,10.08,10.114,10.154,10.184,10.224,10.267,10.328,10.385,10.448,10.536,10.637,10.765,11.006,11.468
181,OTH FP,6.894,7.47,7.642,7.781,7.887,7.966,8.016,8.072,8.125,8.184,8.231,8.268,8.307,8.343,8.378,8.418,8.453,8.486,8.515,8.55,8.578,8.601,8.632,8.653,8.678,8.704,8.727,8.751,8.777,8.798,8.817,8.844,8.865,8.888,8.908,8.927,8.944,8.963,8.978,8.992,9.01,9.031,9.049,9.064,9.081,9.102,9.12,9.136,9.161,9.177,9.202,9.218,9.234,9.259,9.28,9.297,9.32,9.338,9.351,9.367,9.394,9.414,9.436,9.459,9.479,9.496,9.519,9.548,9.571,9.594,9.617,9.632,9.652,9.673,9.7,9.722,9.754,9.773,9.81,9.833,9.86,9.889,9.921,9.959,9.993,10.027,10.052,10.08,10.114,10.154,10.184,10.224,10.267,10.328,10.385,10.448,10.536,10.637,10.765,11.006,11.468
182,OTH FP,6.87,7.471,7.637,7.77,7.864,7.958,8.052,8.1,8.158,8.211,8.256,8.301,8.336,8.368,8.409,8.443,8.465,8.501,8.526,8.552,8.581,8.61,8.635,8.656,8.687,8.713,8.733,8.75,8.773,8.795,8.814,8.834,8.862,8.882,8.912,8.935,8.953,8.979,8.999,9.017,9.038,9.06,9.08,9.098,9.115,9.14,9.16,9.178,9.196,9.216,9.232,9.25,9.266,9.287,9.311,9.329,9.35,9.37,9.386,9.407,9.424,9.437,9.461,9.479,9.496,9.52,9.535,9.559,9.581,9.604,9.626,9.648,9.673,9.696,9.722,9.75,9.772,9.787,9.805,9.834,9.863,9.898,9.917,9.947,9.975,10.013,10.045,10.074,10.111,10.143,10.179,10.219,10.271,10.323,10.377,10.465,10.542,10.643,10.752,10.985,11.741
183,OTH FP,6.87,7.471,7.637,7.77,7.864,7.958,8.052,8.1,8.158,8.211,8.256,8.301,8.336,8.368,8.409,8.443,8.465,8.501,8.526,8.552,8.581,8.61,8.635,8.656,8.687,8.713,8.733,8.75,8.773,8.795,8.814,8.834,8.862,8.882,8.912,8.935,8.953,8.979,8.999,9.017,9.038,9.06,9.08,9.098,9.115,9.14,9.16,9.178,9.196,9.216,9.232,9.25,9.266,9.287,9.311,9.329,9.35,9.37,9.386,9.407,9.424,9.437,9.461,9.479,9.496,9.52,9.535,9.559,9.581,9.604,9.626,9.648,9.673,9.696,9.722,9.75,9.772,9.787,9.805,9.834,9.863,9.898,9.917,9.947,9.975,10.013,10.045,10.074,10.111,10.143,10.179,10.219,10.271,10.323,10.377,10.465,10.542,10.643,10.752,10.985,11.741
184,OTH FP,7.049,7.508,7.711,7.847,7.931,8.004,8.064,8.11,8.165,8.219,8.26,8.304,8.351,8.397,8.427,8.463,8.494,8.522,8.55,8.582,8.611,8.637,8.655,8.685,8.709,8.731,8.76,8.796,8.814,8.841,8.855,8.878,8.905,8.926,8.944,8.958,8.979,9.003,9.022,9.036,9.054,9.074,9.094,9.11,9.135,9.151,9.17,9.188,9.206,9.226,9.25,9.27,9.286,9.302,9.318,9.336,9.359,9.374,9.392,9.409,9.423,9.443,9.471,9.488,9.509,9.533,9.554,9.577,9.597,9.62,9.643,9.667,9.691,9.715,9.741,9.762,9.786,9.818,9.835,9.853,9.878,9.898,9.921,9.949,9.972,10.0,10.029,10.069,10.104,10.147,10.188,10.226,10.283,10.35,10.406,10.474,10.529,10.628,10.768,10.975,11.557
185,OTH FP,7.049,7.508,7.711,7.847,7.931,8.004,8.064,8.11,8.165,8.219,8.26,8.304,8.351,8.397,8.427,8.463,8.494,8.522,8.55,8.582,8.611,8.637,8.655,8.685,8.709,8.731,8.76,8.796,8.814,8.841,8.855,8.878,8.905,8.926,8.944,8.958,8.979,9.003,9.022,9.036,9.054,9.074,9.094,9.11,9.135,9.151,9.17,9.188,9.206,9.226,9.25,9.27,9.286,9.302,9.318,9.336,9.359,9.374,9.392,9.409,9.423,9.443,9.471,9.488,9.509,9.533,9.554,9.577,9.597,9.62,9.643,9.667,9.691,9.715,9.741,9.762,9.786,9.818,9.835,9.853,9.878,9.898,9.921,9.949,9.972,10.0,10.029,10.069,10.104,10.147,10.188,10.226,10.283,10.35,10.406,10.474,10.529,10.628,10.768,10.975,11.557
186,OTH FP,7.067,7.588,7.733,7.871,7.975,8.066,8.128,8.168,8.228,8.279,8.315,8.358,8.4,8.44,8.475,8.512,8.537,8.568,8.594,8.617,8.648,8.689,8.711,8.73,8.752,8.771,8.79,8.814,8.835,8.859,8.885,8.903,8.933,8.955,8.979,8.992,9.015,9.032,9.055,9.079,9.094,9.113,9.127,9.148,9.168,9.185,9.207,9.224,9.245,9.26,9.282,9.297,9.319,9.339,9.361,9.375,9.392,9.409,9.427,9.448,9.468,9.48,9.493,9.509,9.528,9.546,9.563,9.586,9.601,9.618,9.633,9.656,9.677,9.701,9.73,9.757,9.779,9.799,9.825,9.847,9.875,9.907,9.935,9.963,10.0,10.028,10.058,10.087,10.113,10.156,10.19,10.236,10.283,10.332,10.388,10.464,10.543,10.627,10.739,10.933,11.561
187,OTH FP,7.067,7.588,7.733,7.871,7.975,8.066,8.128,8.168,8.228,8.279,8.315,8.358,8.4,8.44,8.475,8.512,8.537,8.568,8.594,8.617,8.648,8.689,8.711,8.73,8.752,8.771,8.79,8.814,8.835,8.859,8.885,8.903,8.933,8.955,8.979,8.992,9.015,9.032,9.055,9.079,9.094,9.113,9.127,9.148,9.168,9.185,9.207,9.224,9.245,9.26,9.282,9.297,9.319,9.339,9.361,9.375,9.392,9.409,9.427,9.448,9.468,9.48,9.493,9.509,9.528,9.546,9.563,9.586,9.601,9.618,9.633,9.656,9.677,9.701,9.73,9.757,9.779,9.799,9.825,9.847,9.875,9.907,9.935,9.963,10.0,10.028,10.058,10.087,10.113,10.156,10.19,10.236,10.283,10.332,10.388,10.464,10.543,10.627,10.739,10.933,11.561
188,OTH FP,7.167,7.646,7.837,7.939,8.033,8.096,8.164,8.223,8.293,8.326,8.377,8.413,8.449,8.48,8.513,8.54,8.568,8.6,8.623,8.656,8.684,8.702,8.723,8.745,8.767,8.792,8.812,8.837,8.86,8.877,8.905,8.927,8.947,8.968,8.988,9.007,9.025,9.044,9.061,9.086,9.1,9.122,9.14,9.159,9.177,9.194,9.212,9.231,9.247,9.263,9.28,9.297,9.323,9.342,9.364,9.382,9.399,9.41,9.426,9.445,9.464,9.477,9.496,9.513,9.53,9.547,9.567,9.586,9.61,9.629,9.65,9.67,9.693,9.711,9.732,9.75,9.77,9.794,9.819,9.841,9.858,9.882,9.911,9.945,9.972,10.009,10.033,10.064,10.093,10.123,10.17,10.207,10.252,10.307,10.353,10.429,10.51,10.603,10.733,10.912,11.46
189,OTH FP,7.167,7.646,7.837,7.939,8.033,8.096,8.164,8.223,8.293,8.326,8.377,8.413,8.449,8.48,8.513,8.54,8.568,8.6,8.623,8.656,8.684,8.702,8.723,8.745,8.767,8.792,8.812,8.837,8.86,8.877,8.905,8.927,8.947,8.968,8.988,9.007,9.025,9.044,9.061,9.086,9.1,9.122,9.14,9.159,9.177,9.194,9.212,9.231,9.247,9.263,9.28,9.297,9.323,9.342,9.364,9.382,9.399,9.41,9.426,9.445,9.464,9.477,9.496,9.513,9.53,9.547,9.567,9.586,9.61,9.629,9.65,9.67,9.693,9.711,9.732,9.75,9.77,9.794,9.819,9.841,9.858,9.882,9.911,9.945,9.972,10.009,10.033,10.064,10.093,10.123,10.17,10.207,10.252,10.307,10.353,10.429,10.51,10.603,10.733,10.912,11.46
190,OTH FP,7.044,7.532,7.785,7.911,8.002,8.073,8.139,8.188,8.237,8.278,8.318,8.35,8.386,8.416,8.456,8.49,8.524,8.542,8.57,8.594,8.622,8.644,8.67,8.697,8.728,8.746,8.775,8.795,8.821,8.845,8.863,8.879,8.903,8.924,8.942,8.966,8.986,9.005,9.028,9.052,9.071,9.09,9.105,9.124,9.137,9.155,9.18,9.203,9.228,9.25,9.269,9.288,9.308,9.327,9.346,9.363,9.377,9.395,9.411,9.427,9.446,9.465,9.486,9.505,9.523,9.541,9.567,9.583,9.603,9.624,9.646,9.672,9.695,9.72,9.74,9.765,9.782,9.804,9.828,9.846,9.869,9.896,9.927,9.957,9.984,10.01,10.041,10.072,10.106,10.146,10.183,10.227,10.265,10.314,10.385,10.457,10.544,10.635,10.785,10.993,11.435
191,OTH FP,7.044,7.532,7.785,7.911,8.002,8.073,8.139,8.188,8.237,8.278,8.318,8.35,8.386,8.416,8.456,8.49,8.524,8.542,8.57,8.594,8.622,8.644,8.67,8.697,8.728,8.746,8.775,8.795,8.821,8.845,8.863,8.879,8.903,8.924,8.942,8.966,8.986,9.005,9.028,9.052,9.071,9.09,9.105,9.124,9.137,9.155,9.18,9.203,9.228,9.25,9.269,9.288,9.308,9.327,9.346,9.363,9.377,9.395,9.411,9.427,9.446,9.465,9.486,9.505,9.523,9.541,9.567,9.583,9.603,9.624,9.646,9.672,9.695,9.72,9.74,9.765,9.782,9.804,9.828,9.846,9.869,9.896,9.927,9.957,9.984,10.01,10.041,10.072,10.106,10.146,10.183,10.227,10.265,10.314,10.385,10.457,10.544,10.635,10.785,10.993,11.435
192,OTH FP,6.869,7.504,7.703,7.844,7.94,7.995,8.052,8.116,8.166,8.224,8.271,8.306,8.353,8.388,8.41,8.438,8.466,8.495,8.521,8.547,8.569,8.598,8.629,8.655,8.68,8.7,8.723,8.745,8.767,8.792,8.816,8.843,8.865,8.887,8.908,8.928,8.954,8.972,8.99,9.008,9.027,9.043,9.058,9.075,9.096,9.112,9.131,9.155,9.173,9.198,9.222,9.244,9.26,9.28,9.295,9.309,9.327,9.348,9.372,9.394,9.416,9.433,9.455,9.476,9.498,9.52,9.541,9.57,9.588,9.611,9.63,9.652,9.673,9.692,9.712,9.735,9.757,9.787,9.813,9.847,9.873,9.898,9.926,9.953,9.983,10.008,10.043,10.085,10.117,10.166,10.216,10.253,10.309,10.355,10.424,10.498,10.563,10.635,10.748,10.955,11.506
193,OTH FP,6.869,7.504,7.703,7.844,7.94,7.995,8.052,8.116,8.166,8.224,8.271,8.306,8.353,8.388,8.41,8.438,8.466,8.495,8.521,8.547,8.569,8.598,8.629,8.655,8.68,8.7,8.723,8.745,8.767,8.792,8.816,8.843,8.865,8.887,8.908,8.928,8.954,8.972,8.99,9.008,9.027,9.043,9.058,9.075,9.096,9.112,9.131,9.155,9.173,9.198,9.222,9.244,9.26,9.28,9.295,9.309,9.327,9.348,9.372,9.394,9.416,9.433,9.455,9.476,9.498,9.52,9.541,9.57,9.588,9.611,9.63,9.652,9.673,9.692,9.712,9.735,9.757,9.787,9.813,9.847,9.873,9.898,9.926,9.953,9.983,10.008,10.043,10.085,10.117,10.166,10.216,10.253,10.309,10.355,10.424,10.498,10.563,10.635,10.748,10.955,11.506
194,OTH FP,6.751,7.48,7.652,7.789,7.876,7.944,8.021,8.07,8.123,8.162,8.214,8.252,8.296,8.333,8.37,8.391,8.433,8.462,8.488,8.519,8.546,8.578,8.606,8.631,8.652,8.679,8.702,8.725,8.752,8.781,8.797,8.814,8.837,8.859,8.88,8.9,8.92,8.938,8.962,8.981,9.007,9.028,9.049,9.07,9.089,9.11,9.132,9.153,9.177,9.191,9.207,9.224,9.244,9.27,9.287,9.305,9.326,9.349,9.369,9.388,9.403,9.423,9.443,9.46,9.479,9.501,9.519,9.54,9.563,9.583,9.605,9.63,9.651,9.679,9.702,9.722,9.749,9.781,9.806,9.835,9.855,9.875,9.907,9.935,9.958,9.991,10.022,10.053,10.089,10.123,10.161,10.22,10.284,10.332,10.399,10.461,10.53,10.665,10.801,10.99,11.727
195,OTH FP,6.751,7.48,7.652,7.789,7.876,7.944,8.021,8.07,8.123,8.162,8.214,8.252,8.296,8.333,8.37,8.391,8.433,8.462,8.488,8.519,8.546,8.578,8.606,8.631,8.652,8.679,8.702,8.725,8.752,8.781,8.797,8.814,8.837,8.859,8.88,8.9,8.92,8.938,8.962,8.981,9.007,9.028,9.049,9.07,9.089,9.11,9.132,9.153,9.177,9.191,9.207,9.224,9.244,9.27,9.287,9.305,9.326,9.349,9.369,9.388,9.403,9.423,9.443,9.46,9.479,9.501,9.519,9.54,9.563,9.583,9.605,9.63,9.651,9.679,9.702,9.722,9.749,9.781,9.806,9.835,9.855,9.875,9.907,9.935,9.958,9.991,10.022,10.053,10.089,10.123,10.161,10.22,10.284,10.332,10.399,10.461,10.53,10.665,10.801,10.99,11.727
196,OTH FP,6.484,7.427,7.668,7.782,7.87,7.942,8.014,8.061,8.116,8.158,8.206,8.239,8.274,8.308,8.34,8.375,8.4,8.429,8.47,8.5,8.528,8.552,8.581,8.611,8.632,8.65,8.678,8.703,8.735,8.76,8.778,8.801,8.821,8.843,8.862,8.879,8.897,8.923,8.944,8.967,8.987,9.008,9.026,9.047,9.069,9.091,9.113,9.128,9.144,9.162,9.185,9.201,9.22,9.236,9.257,9.275,9.294,9.317,9.337,9.359,9.378,9.407,9.429,9.452,9.472,9.488,9.513,9.533,9.559,9.575,9.6,9.621,9.644,9.662,9.685,9.706,9.733,9.756,9.778,9.801,9.825,9.865,9.898,9.928,9.964,9.99,10.024,10.051,10.089,10.131,10.165,10.215,10.267,10.311,10.36,10.435,10.519,10.611,10.743,11.011,11.413
197,OTH FP,6.484,7.427,7.668,7.782,7.87,7.942,8.014,8.061,8.116,8.158,8.206,8.239,8.274,8.308,8.34,8.375,8.4,8.429,8.47,8.5,8.528,8.552,8.581,8.611,8.632,8.65,8.678,8.703,8.735,8.76,8.778,8.801,8.821,8.843,8.862,8.879,8.897,8.923,8.944,8.967,8.987,9.008,9.026,9.047,9.069,9.091,9.113,9.128,9.144,9.162,9.185,9.201,9.22,9.236,9.257,9.275,9.294,9.317,9.337,9.359,9.378,9.407,9.429,9.452,9.472,9.488,9.513,9.533,9.559,9.575,9.6,9.621,9.644,9.662,9.685,9.706,9.733,9.756,9.778,9.801,9.825,9.865,9.898,9.928,9.964,9.99,10.024,10.051,10.089,10.131,10.165,10.215,10.267,10.311,10.36,10.435,10.519,10.611,10.743,11.011,11.413
198,OTH FP,6.682,7.464,7.621,7.763,7.847,7.914,7.965,8.02,8.095,8.142,8.185,8.229,8.263,8.291,8.332,8.36,8.389,8.414,8.45,8.474,8.507,8.543,8.567,8.591,8.616,8.64,8.66,8.683,8.706,8.727,8.755,8.78,8.8,8.822,8.841,8.856,8.875,8.898,8.914,8.936,8.96,8.979,9.002,9.019,9.038,9.057,9.074,9.09,9.106,9.13,9.151,9.168,9.183,9.204,9.225,9.244,9.266,9.286,9.303,9.321,9.338,9.359,9.372,9.392,9.411,9.438,9.457,9.472,9.497,9.522,9.543,9.569,9.59,9.608,9.633,9.656,9.683,9.714,9.74,9.764,9.788,9.816,9.835,9.872,9.899,9.932,9.972,10.017,10.048,10.093,10.145,10.189,10.225,10.277,10.329,10.389,10.447,10.545,10.661,10.946,11.624
199,OTH FP,6.682,7.464,7.621,7.763,7.847,7.914,7.965,8.02,8.095,8.142,8.185,8.229,8.263,8.291,8.332,8.36,8.389,8.414,8.45,8.474,8.507,8.543,8.567,8.591,8.616,8.64,8.66,8.683,8.706,8.727,8.755,8.78,8.8,8.822,8.841,8.856,8.875,8.898,8.914,8.936,8.96,8.979,9.002,9.019,9.038,9.057,9.074,9.09,9.106,9.13,9.151,9.168,9.183,9.204,9.225,9.244,9.266,9.286,9.303,9.321,9.338,9.359,9.372,9.392,9.411,9.438,9.457,9.472,9.497,9.522,9.543,9.569,9.59,9.608,9.633,9.656,9.683,9.714,9.74,9.764,9.788,9.816,9.835,9.872,9.899,9.932,9.972,10.017,10.048,10.093,10.145,10.189,10.225,10.277,10.329,10.389,10.447,10.545,10.661,10.946,11.624
200,OTH FP,7.001,7.434,7.61,7.746,7.863,7.92,8.001,8.05,8.091,8.137,8.175,8.224,8.259,8.292,8.327,8.362,8.404,8.436,8.46,8.483,8.511,8.531,8.561,8.586,8.61,8.629,8.648,8.671,8.692,8.715,8.735,8.749,8.769,8.79,8.811,8.833,8.851,8.87,8.886,8.91,8.929,8.949,8.971,8.991,9.01,9.031,9.052,9.07,9.089,9.11,9.128,9.15,9.166,9.184,9.205,9.225,9.244,9.263,9.284,9.3,9.32,9.335,9.351,9.368,9.387,9.411,9.439,9.462,9.482,9.506,9.521,9.538,9.556,9.575,9.591,9.611,9.634,9.663,9.693,9.721,9.753,9.782,9.811,9.84,9.87,9.901,9.929,9.962,10.0,10.036,10.082,10.129,10.178,10.234,10.302,10.363,10.431,10.52,10.639,10.816,11.636
201,OTH FP,7.001,7.434,7.61,7.746,7.863,7.92,8.001,8.05,8.091,8.137,8.175,8.224,8.259,8.292,8.327,8.362,8.404,8.436,8.46,8.483,8.511,8.531,8.561,8.586,8.61,8.629,8.648,8.671,8.692,8.715,8.735,8.749,8.769,8.79,8.811,8.833,8.851,8.87,8.886,8.91,8.929,8.949,8.971,8.991,9.01,9.031,9.052,9.07,9.089,9.11,9.128,9.15,9.166,9.184,9.205,9.225,9.244,9.263,9.284,9.3,9.32,9.335,9.351,9.368,9.387,9.411,9.439,9.462,9.482,9.506,9.521,9.538,9.556,9.575,9.591,9.611,9.634,9.663,9.693,9.721,9.753,9.782,9.811,9.84,9.87,9.901,9.929,9.962,10.0,10.036,10.082,10.129,10.178,10.234,10.302,10.363,10.431,10.52,10.639,10.816,11.636
202,OTH FP,6.995,7.478,7.668,7.799,7.88,7.948,8.014,8.082,8.134,8.173,8.219,8.259,8.291,8.319,8.352,8.381,8.411,8.439,8.467,8.493,8.523,8.547,8.565,8.589,8.607,8.63,8.657,8.687,8.708,8.726,8.74,8.76,8.777,8.799,8.814,8.832,8.852,8.874,8.89,8.907,8.927,8.946,8.963,8.982,9.001,9.025,9.042,9.059,9.075,9.091,9.107,9.12,9.137,9.156,9.173,9.188,9.202,9.224,9.241,9.255,9.274,9.29,9.311,9.331,9.35,9.367,9.387,9.401,9.418,9.437,9.458,9.483,9.504,9.521,9.54,9.561,9.579,9.604,9.627,9.655,9.683,9.711,9.737,9.764,9.792,9.827,9.862,9.904,9.934,9.964,9.994,10.041,10.098,10.156,10.211,10.267,10.331,10.438,10.561,10.734,11.183
203,OTH FP,6.995,7.478,7.668,7.799,7.88,7.948,8.014,8.082,8.134,8.173,8.219,8.259,8.291,8.319,8.352,8.381,8.411,8.439,8.467,8.493,8.523,8.547,8.565,8.589,8.607,8.63,8.657,8.687,8.708,8.726,8.74,8.76,8.777,8.799,8.814,8.832,8.852,8.874,8.89,8.907,8.927,8.946,8.963,8.982,9.001,9.025,9.042,9.059,9.075,9.091,9.107,9.12,9.137,9.156,9.173,9.188,9.202,9.224,9.241,9.255,9.274,9.29,9.311,9.331,9.35,9.367,9.387,9.401,9.418,9.437,9.458,9.483,9.504,9.521,9.54,9.561,9.579,9.604,9.627,9.655,9.683,9.711,9.737,9.764,9.792,9.827,9.862,9.904,9.934,9.964,9.994,10.041,10.098,10.156,10.211,10.267,10.331,10.438,10.561,10.734,11.183
204,OTH FP,6.889,7.3,7.515,7.629,7.724,7.809,7.884,7.938,7.987,8.033,8.075,8.114,8.147,8.193,8.225,8.264,8.299,8.334,8.363,8.385,8.406,8.431,8.458,8.48,8.503,8.535,8.557,8.582,8.604,8.616,8.645,8.667,8.686,8.706,8.724,8.74,8.754,8.774,8.788,8.811,8.831,8.85,8.874,8.89,8.906,8.921,8.941,8.961,8.985,9.001,9.016,9.032,9.054,9.069,9.087,9.108,9.123,9.139,9.161,9.182,9.2,9.221,9.24,9.258,9.274,9.287,9.308,9.323,9.341,9.369,9.394,9.412,9.431,9.45,9.469,9.488,9.508,9.533,9.563,9.589,9.618,9.637,9.668,9.7,9.739,9.771,9.792,9.832,9.872,9.909,9.939,9.976,10.03,10.089,10.164,10.211,10.275,10.364,10.491,10.769,11.273
205,OTH FP,6.889,7.3,7.515,7.629,7.724,7.809,7.884,7.938,7.987,8.033,8.075,8.114,8.147,8.193,8.225,8.264,8.299,8.334,8.363,8.385,8.406,8.431,8.458,8.48,8.503,8.535,8.557,8.582,8.604,8.616,8.645,8.667,8.686,8.706,8.724,8.74,8.754,8.774,8.788,8.811,8.831,8.85,8.874,8.89,8.906,8.921,8.941,8.961,8.985,9.001,9.016,9.032,9.054,9.069,9.087,9.108,9.123,9.139,9.161,9.182,9.2,9.221,9.24,9.258,9.274,9.287,9.308,9.323,9.341,9.369,9.394,9.412,9.431,9.45,9.469,9.488,9.508,9.533,9.563,9.589,9.618,9.637,9.668,9.7,9.739,9.771,9.792,9.832,9.872,9.909,9.939,9.976,10.03,10.089,10.164,10.211,10.275,10.364,10.491,10.769,11.273
206,OTH FP,6.762,7.165,7.378,7.5,7.609,7.7,7.763,7.82,7.875,7.918,7.948,7.994,8.034,8.064,8.105,8.139,8.176,8.213,8.248,8.277,8.306,8.328,8.355,8.375,8.401,8.422,8.436,8.462,8.482,8.502,8.519,8.535,8.559,8.579,8.605,8.628,8.649,8.67,8.692,8.713,8.732,8.751,8.777,8.797,8.813,8.838,8.857,8.875,8.894,8.91,8.933,8.953,8.979,8.998,9.016,9.031,9.045,9.062,9.085,9.1,9.115,9.136,9.155,9.17,9.192,9.213,9.228,9.244,9.264,9.28,9.303,9.32,9.345,9.366,9.394,9.413,9.438,9.463,9.485,9.509,9.539,9.565,9.583,9.617,9.656,9.694,9.728,9.756,9.794,9.844,9.884,9.925,9.982,10.03,10.094,10.157,10.247,10.342,10.446,10.652,11.179
207,OTH FP,6.762,7.165,7.378,7.5,7.609,7.7,7.763,7.82,7.875,7.918,7.948,7.994,8.034,8.064,8.105,8.139,8.176,8.213,8.248,8.277,8.306,8.328,8.355,8.375,8.401,8.422,8.436,8.462,8.482,8.502,8.519,8.535,8.559,8.579,8.605,8.628,8.649,8.67,8.692,8.713,8.732,8.751,8.777,8.797,8.813,8.838,8.857,8.875,8.894,8.91,8.933,8.953,8.979,8.998,9.016,9.031,9.045,9.062,9.085,9.1,9.115,9.136,9.155,9.17,9.192,9.213,9.228,9.244,9.264,9.28,9.303,9.32,9.345,9.366,9.394,9.413,9.438,9.463,9.485,9.509,9.539,9.565,9.583,9.617,9.656,9.694,9.728,9.756,9.794,9.844,9.884,9.925,9.982,10.03,10.094,10.157,10.247,10.342,10.446,10.652,11.179
208,OTH FP,6.577,7.005,7.228,7.41,7.486,7.565,7.624,7.68,7.738,7.795,7.838,7.879,7.911,7.956,7.996,8.024,8.058,8.085,8.109,8.137,8.166,8.194,8.215,8.246,8.271,8.312,8.338,8.36,8.383,8.402,8.43,8.451,8.473,8.49,8.512,8.535,8.554,8.579,8.598,8.619,8.643,8.666,8.688,8.702,8.722,8.738,8.759,8.777,8.795,8.812,8.829,8.851,8.872,8.89,8.902,8.923,8.942,8.961,8.982,9.009,9.027,9.045,9.063,9.08,9.097,9.121,9.145,9.162,9.184,9.205,9.227,9.249,9.266,9.281,9.308,9.336,9.363,9.387,9.413,9.447,9.474,9.499,9.523,9.551,9.581,9.618,9.65,9.687,9.729,9.769,9.805,9.846,9.903,9.964,10.031,10.086,10.157,10.271,10.38,10.591,11.157
209,OTH FP,6.577,7.005,7.228,7.41,7.486,7.565,7.624,7.68,7.738,7.795,7.838,7.879,7.911,7.956,7.996,8.024,8.058,8.085,8.109,8.137,8.166,8.194,8.215,8.246,8.271,8.312,8.338,8.36,8.383,8.402,8.43,8.451,8.473,8.49,8.512,8.535,8.554,8.579,8.598,8.619,8.643,8.666,8.688,8.702,8.722,8.738,8.759,8.777,8.795,8.812,8.829,8.851,8.872,8.89,8.902,8.923,8.942,8.961,8.982,9.009,9.027,9.045,9.063,9.08,9.097,9.121,9.145,9.162,9.184,9.205,9.227,9.249,9.266,9.281,9.308,9.336,9.363,9.387,9.413,9.447,9.474,9.499,9.523,9.551,9.581,9.618,9.65,9.687,9.729,9.769,9.805,9.846,9.903,9.964,10.031,10.086,10.157,10.271,10.38,10.591,11.157
210,OTH FP,6.543,7.002,7.177,7.267,7.365,7.463,7.528,7.59,7.65,7.704,7.746,7.79,7.824,7.859,7.891,7.927,7.961,8.013,8.045,8.07,8.097,8.118,8.142,8.174,8.198,8.222,8.247,8.271,8.296,8.323,8.341,8.361,8.378,8.397,8.418,8.442,8.46,8.481,8.502,8.521,8.541,8.56,8.58,8.598,8.618,8.641,8.664,8.68,8.697,8.717,8.735,8.754,8.768,8.788,8.808,8.825,8.844,8.861,8.877,8.894,8.914,8.932,8.952,8.971,8.99,9.012,9.032,9.053,9.079,9.102,9.117,9.139,9.158,9.18,9.201,9.231,9.263,9.294,9.321,9.349,9.38,9.402,9.43,9.457,9.498,9.526,9.571,9.604,9.642,9.678,9.723,9.758,9.83,9.881,9.947,10.012,10.101,10.196,10.282,10.475,10.997
211,OTH FP,6.543,7.002,7.177,7.267,7.365,7.463,7.528,7.59,7.65,7.704,7.746,7.79,7.824,7.859,7.891,7.927,7.961,8.013,8.045,8.07,8.097,8.118,8.142,8.174,8.198,8.222,8.247,8.271,8.296,8.323,8.341,8.361,8.378,8.397,8.418,8.442,8.46,8.481,8.502,8.521,8.541,8.56,8.58,8.598,8.618,8.641,8.664,8.68,8.697,8.717,8.735,8.754,8.768,8.788,8.808,8.825,8.844,8.861,8.877,8.894,8.914,8.932,8.952,8.971,8.99,9.012,9.032,9.053,9.079,9.102,9.117,9.139,9.158,9.18,9.201,9.231,9.263,9.294,9.321,9.349,9.38,9.402,9.43,9.457,9.498,9.526,9.571,9.604,9.642,9.678,9.723,9.758,9.83,9.881,9.947,10.012,10.101,10.196,10.282,10.475,10.997
212,OTH FP,6.481,6.954,7.105,7.22,7.343,7.411,7.48,7.538,7.598,7.642,7.691,7.736,7.768,7.801,7.831,7.859,7.883,7.903,7.927,7.953,7.982,8.006,8.032,8.057,8.086,8.11,8.135,8.16,8.177,8.202,8.23,8.251,8.277,8.304,8.321,8.339,8.361,8.379,8.398,8.418,8.436,8.457,8.481,8.498,8.512,8.532,8.547,8.568,8.585,8.608,8.626,8.643,8.663,8.682,8.699,8.717,8.738,8.759,8.776,8.8,8.824,8.843,8.857,8.878,8.895,8.916,8.938,8.955,8.978,8.997,9.029,9.055,9.074,9.096,9.12,9.143,9.169,9.202,9.224,9.262,9.286,9.306,9.341,9.378,9.4,9.431,9.46,9.492,9.524,9.564,9.611,9.658,9.724,9.778,9.837,9.913,9.981,10.112,10.256,10.408,10.819
213,OTH FP,6.481,6.954,7.105,7.22,7.343,7.411,7.48,7.538,7.598,7.642,7.691,7.736,7.768,7.801,7.831,7.859,7.883,7.903,7.927,7.953,7.982,8.006,8.032,8.057,8.086,8.11,8.135,8.16,8.177,8.202,8.23,8.251,8.277,8.304,8.321,8.339,8.361,8.379,8.398,8.418,8.436,8.457,8.481,8.498,8.512,8.532,8.547,8.568,8.585,8.608,8.626,8.643,8.663,8.682,8.699,8.717,8.738,8.759,8.776,8.8,8.824,8.843,8.857,8.878,8.895,8.916,8.938,8.955,8.978,8.997,9.029,9.055,9.074,9.096,9.12,9.143,9.169,9.202,9.224,9.262,9.286,9.306,9.341,9.378,9.4,9.431,9.46,9.492,9.524,9.564,9.611,9.658,9.724,9.778,9.837,9.913,9.981,10.112,10.256,10.408,10.819
214,OTH FP,6.315,6.852,7.052,7.163,7.242,7.323,7.392,7.461,7.509,7.565,7.606,7.639,7.673,7.719,7.757,7.786,7.821,7.851,7.873,7.9,7.922,7.953,7.979,7.998,8.024,8.047,8.067,8.088,8.107,8.126,8.142,8.163,8.181,8.196,8.215,8.239,8.265,8.287,8.312,8.326,8.349,8.367,8.386,8.4,8.425,8.446,8.464,8.485,8.51,8.535,8.553,8.567,8.585,8.6,8.617,8.634,8.652,8.673,8.688,8.706,8.723,8.742,8.767,8.781,8.806,8.831,8.85,8.869,8.89,8.915,8.937,8.957,8.983,9.004,9.029,9.047,9.074,9.104,9.125,9.145,9.17,9.192,9.219,9.248,9.272,9.303,9.344,9.376,9.415,9.455,9.505,9.551,9.605,9.645,9.699,9.763,9.852,9.924,10.016,10.196,10.654
215,OTH FP,6.315,6.852,7.052,7.163,7.242,7.323,7.392,7.461,7.509,7.565,7.606,7.639,7.673,7.719,7.757,7.786,7.821,7.851,7.873,7.9,7.922,7.953,7.979,7.998,8.024,8.047,8.067,8.088,8.107,8.126,8.142,8.163,8.181,8.196,8.215,8.239,8.265,8.287,8.312,8.326,8.349,8.367,8.386,8.4,8.425,8.446,8.464,8.485,8.51,8.535,8.553,8.567,8.585,8.6,8.617,8.634,8.652,8.673,8.688,8.706,8.723,8.742,8.767,8.781,8.806,8.831,8.85,8.869,8.89,8.915,8.937,8.957,8.983,9.004,9.029,9.047,9.074,9.104,9.125,9.145,9.17,9.192,9.219,9.248,9.272,9.303,9.344,9.376,9.415,9.455,9.505,9.551,9.605,9.645,9.699,9.763,9.852,9.924,10.016,10.196,10.654
216,OTH FP,6.388,6.781,7.001,7.119,7.224,7.289,7.343,7.403,7.465,7.508,7.55,7.588,7.63,7.654,7.687,7.726,7.762,7.787,7.808,7.843,7.874,7.894,7.922,7.946,7.97,7.995,8.012,8.033,8.051,8.073,8.095,8.114,8.131,8.148,8.173,8.195,8.214,8.232,8.249,8.268,8.283,8.3,8.322,8.338,8.361,8.38,8.399,8.416,8.43,8.45,8.469,8.483,8.497,8.514,8.531,8.554,8.574,8.591,8.606,8.629,8.644,8.663,8.679,8.702,8.717,8.738,8.757,8.776,8.793,8.81,8.834,8.859,8.877,8.894,8.916,8.942,8.958,8.976,9.002,9.017,9.041,9.064,9.092,9.112,9.133,9.156,9.195,9.237,9.281,9.309,9.346,9.392,9.444,9.502,9.546,9.6,9.679,9.78,9.897,10.115,10.551
217,OTH FP,6.388,6.781,7.001,7.119,7.224,7.289,7.343,7.403,7.465,7.508,7.55,7.588,7.63,7.654,7.687,7.726,7.762,7.787,7.808,7.843,7.874,7.894,7.922,7.946,7.97,7.995,8.012,8.033,8.051,8.073,8.095,8.114,8.131,8.148,8.173,8.195,8.214,8.232,8.249,8.268,8.283,8.3,8.322,8.338,8.361,8.38,8.399,8.416,8.43,8.45,8.469,8.483,8.497,8.514,8.531,8.554,8.574,8.591,8.606,8.629,8.644,8.663,8.679,8.702,8.717,8.738,8.757,8.776,8.793,8.81,8.834,8.859,8.877,8.894,8.916,8.942,8.958,8.976,9.002,9.017,9.041,9.064,9.092,9.112,9.133,9.156,9.195,9.237,9.281,9.309,9.346,9.392,9.444,9.502,9.546,9.6,9.679,9.78,9.897,10.115,10.551
218,OTH FP,6.213,6.689,6.896,7.043,7.139,7.23,7.295,7.336,7.389,7.43,7.473,7.506,7.547,7.571,7.615,7.65,7.686,7.72,7.758,7.801,7.836,7.863,7.889,7.91,7.93,7.948,7.968,7.997,8.019,8.043,8.064,8.083,8.097,8.116,8.14,8.155,8.173,8.196,8.214,8.24,8.259,8.28,8.302,8.318,8.337,8.356,8.37,8.389,8.405,8.421,8.437,8.457,8.476,8.497,8.515,8.531,8.548,8.569,8.586,8.606,8.625,8.648,8.669,8.685,8.701,8.723,8.738,8.752,8.772,8.793,8.816,8.841,8.86,8.879,8.897,8.923,8.941,8.962,8.99,9.015,9.04,9.065,9.093,9.127,9.158,9.187,9.221,9.251,9.289,9.337,9.376,9.422,9.472,9.508,9.567,9.632,9.707,9.809,9.929,10.138,10.59
219,OTH FP,6.213,6.689,6.896,7.043,7.139,7.23,7.295,7.336,7.389,7.43,7.473,7.506,7.547,7.571,7.615,7.65,7.686,7.72,7.758,7.801,7.836,7.863,7.889,7.91,7.93,7.948,7.968,7.997,8.019,8.043,8.064,8.083,8.097,8.116,8.14,8.155,8.173,8.196,8.214,8.24,8.259,8.28,8.302,8.318,8.337,8.356,8.37,8.389,8.405,8.421,8.437,8.457,8.476,8.497,8.515,8.531,8.548,8.569,8.586,8.606,8.625,8.648,8.669,8.685,8.701,8.723,8.738,8.752,8.772,8.793,8.816,8.841,8.86,8.879,8.897,8.923,8.941,8.962,8.99,9.015,9.04,9.065,9.093,9.127,9.158,9.187,9.221,9.251,9.289,9.337,9.376,9.422,9.472,9.508,9.567,9.632,9.707,9.809,9.929,10.138,10.59
220,OTH FP,6.085,6.654,6.866,6.989,7.09,7.181,7.24,7.31,7.357,7.405,7.464,7.501,7.543,7.579,7.603,7.629,7.657,7.695,7.717,7.747,7.772,7.795,7.819,7.843,7.87,7.889,7.92,7.934,7.965,7.994,8.014,8.041,8.062,8.082,8.102,8.122,8.138,8.161,8.181,8.2,8.216,8.234,8.255,8.278,8.3,8.32,8.344,8.361,8.381,8.401,8.416,8.434,8.455,8.475,8.49,8.511,8.534,8.556,8.571,8.594,8.615,8.636,8.654,8.672,8.695,8.715,8.735,8.758,8.781,8.799,8.815,8.841,8.864,8.885,8.907,8.93,8.957,8.98,9.007,9.034,9.056,9.077,9.103,9.144,9.172,9.213,9.237,9.27,9.311,9.354,9.391,9.433,9.487,9.543,9.586,9.654,9.725,9.82,9.966,10.128,10.633
221,OTH FP,6.085,6.654,6.866,6.989,7.09,7.181,7.24,7.31,7.357,7.405,7.464,7.501,7.543,7.579,7.603,7.629,7.657,7.695,7.717,7.747,7.772,7.795,7.819,7.843,7.87,7.889,7.92,7.934,7.965,7.994,8.014,8.041,8.062,8.082,8.102,8.122,8.138,8.161,8.181,8.2,8.216,8.234,8.255,8.278,8.3,8.32,8.344,8.361,8.381,8.401,8.416,8.434,8.455,8.475,8.49,8.511,8.534,8.556,8.571,8.594,8.615,8.636,8.654,8.672,8.695,8.715,8.735,8.758,8.781,8.799,8.815,8.841,8.864,8.885,8.907,8.93,8.957,8.98,9.007,9.034,9.056,9.077,9.103,9.144,9.172,9.213,9.237,9.27,9.311,9.354,9.391,9.433,9.487,9.543,9.586,9.654,9.725,9.82,9.966,10.128,10.633
222,OTH FP,6.134,6.626,6.85,6.989,7.07,7.16,7.237,7.292,7.345,7.378,7.429,7.466,7.502,7.546,7.584,7.62,7.65,7.677,7.71,7.735,7.764,7.795,7.811,7.833,7.854,7.881,7.905,7.928,7.949,7.975,7.993,8.016,8.043,8.061,8.083,8.099,8.123,8.146,8.166,8.185,8.202,8.224,8.248,8.266,8.281,8.298,8.316,8.33,8.35,8.37,8.388,8.405,8.42,8.436,8.449,8.464,8.488,8.507,8.528,8.548,8.571,8.591,8.617,8.639,8.662,8.683,8.705,8.731,8.75,8.776,8.798,8.819,8.843,8.862,8.889,8.92,8.944,8.971,9.001,9.027,9.052,9.078,9.102,9.129,9.169,9.196,9.23,9.276,9.308,9.345,9.379,9.416,9.465,9.513,9.564,9.64,9.701,9.789,9.946,10.112,10.618
223,OTH FP,6.134,6.626,6.85,6.989,7.07,7.16,7.237,7.292,7.345,7.378,7.429,7.466,7.502,7.546,7.584,7.62,7.65,7.677,7.71,7.735,7.764,7.795,7.811,7.833,7.854,7.881,7.905,7.928,7.949,7.975,7.993,8.016,8.043,8.061,8.083,8.099,8.123,8.146,8.166,8.185,8.202,8.224,8.248,8.266,8.281,8.298,8.316,8.33,8.35,8.37,8.388,8.405,8.42,8.436,8.449,8.464,8.488,8.507,8.528,8.548,8.571,8.591,8.617,8.639,8.662,8.683,8.705,8.731,8.75,8.776,8.798,8.819,8.843,8.862,8.889,8.92,8.944,8.971,9.001,9.027,9.052,9.078,9.102,9.129,9.169,9.196,9.23,9.276,9.308,9.345,9.379,9.416,9.465,9.513,9.564,9.64,9.701,9.789,9.946,10.112,10.618
224,OTH FP,6.072,6.648,6.846,6.966,7.041,7.117,7.177,7.245,7.309,7.351,7.399,7.456,7.502,7.532,7.562,7.593,7.627,7.656,7.688,7.714,7.743,7.771,7.795,7.822,7.847,7.868,7.888,7.913,7.928,7.946,7.972,7.992,8.013,8.031,8.057,8.08,8.1,8.124,8.15,8.17,8.189,8.206,8.223,8.244,8.26,8.279,8.292,8.312,8.333,8.352,8.371,8.39,8.413,8.433,8.452,8.468,8.483,8.503,8.519,8.54,8.563,8.583,8.61,8.626,8.65,8.669,8.691,8.713,8.738,8.761,8.781,8.804,8.825,8.844,8.869,8.898,8.921,8.948,8.973,8.994,9.015,9.038,9.065,9.095,9.12,9.153,9.181,9.225,9.261,9.302,9.345,9.389,9.451,9.504,9.564,9.621,9.68,9.76,9.897,10.047,10.611
225,OTH FP,6.072,6.648,6.846,6.966,7.041,7.117,7.177,7.245,7.309,7.351,7.399,7.456,7.502,7.532,7.562,7.593,7.627,7.656,7.688,7.714,7.743,7.771,7.795,7.822,7.847,7.868,7.888,7.913,7.928,7.946,7.972,7.992,8.013,8.031,8.057,8.08,8.1,8.124,8.15,8.17,8.189,8.206,8.223,8.244,8.26,8.279,8.292,8.312,8.333,8.352,8.371,8.39,8.413,8.433,8.452,8.468,8.483,8.503,8.519,8.54,8.563,8.583,8.61,8.626,8.65,8.669,8.691,8.713,8.738,8.761,8.781,8.804,8.825,8.844,8.869,8.898,8.921,8.948,8.973,8.994,9.015,9.038,9.065,9.095,9.12,9.153,9.181,9.225,9.261,9.302,9.345,9.389,9.451,9.504,9.564,9.621,9.68,9.76,9.897,10.047,10.611
226,OTH FP,5.796,6.602,6.815,6.923,7.017,7.123,7.191,7.24,7.31,7.368,7.408,7.449,7.489,7.526,7.556,7.581,7.616,7.646,7.674,7.704,7.729,7.766,7.79,7.82,7.839,7.855,7.873,7.899,7.922,7.946,7.964,7.99,8.008,8.028,8.049,8.07,8.091,8.108,8.128,8.146,8.162,8.18,8.196,8.223,8.239,8.263,8.288,8.309,8.322,8.337,8.356,8.379,8.399,8.418,8.436,8.455,8.471,8.491,8.508,8.53,8.55,8.57,8.591,8.604,8.623,8.643,8.659,8.681,8.696,8.727,8.753,8.777,8.797,8.814,8.835,8.866,8.889,8.914,8.937,8.966,8.989,9.024,9.05,9.077,9.113,9.145,9.164,9.196,9.23,9.269,9.312,9.353,9.406,9.46,9.513,9.57,9.654,9.734,9.895,10.125,10.475
227,OTH FP,5.796,6.602,6.815,6.923,7.017,7.123,7.191,7.24,7.31,7.368,7.408,7.449,7.489,7.526,7.556,7.581,7.616,7.646,7.674,7.704,7.729,7.766,7.79,7.82,7.839,7.855,7.873,7.899,7.922,7.946,7.964,7.99,8.008,8.028,8.049,8.07,8.091,8.108,8.128,8.146,8.162,8.18,8.196,8.223,8.239,8.263,8.288,8.309,8.322,8.337,8.356,8.379,8.399,8.418,8.436,8.455,8.471,8.491,8.508,8.53,8.55,8.57,8.591,8.604,8.623,8.643,8.659,8.681,8.696,8.727,8.753,8.777,8.797,8.814,8.835,8.866,8.889,8.914,8.937,8.966,8.989,9.024,9.05,9.077,9.113,9.145,9.164,9.196,9.23,9.269,9.312,9.353,9.406,9.46,9.513,9.57,9.654,9.734,9.895,10.125,10.475
228,OTH FP,6.035,6.606,6.814,6.956,7.059,7.129,7.189,7.249,7.294,7.347,7.385,7.425,7.471,7.508,7.547,7.586,7.619,7.65,7.673,7.697,7.721,7.746,7.778,7.801,7.826,7.847,7.871,7.895,7.917,7.936,7.956,7.978,7.996,8.015,8.036,8.054,8.069,8.085,8.106,8.124,8.143,8.173,8.192,8.214,8.229,8.248,8.264,8.285,8.303,8.319,8.335,8.358,8.376,8.39,8.408,8.425,8.444,8.461,8.48,8.5,8.519,8.538,8.555,8.573,8.591,8.616,8.642,8.662,8.686,8.708,8.725,8.743,8.766,8.791,8.81,8.831,8.857,8.884,8.918,8.942,8.967,8.99,9.009,9.038,9.073,9.106,9.13,9.159,9.188,9.222,9.256,9.301,9.342,9.391,9.435,9.51,9.581,9.667,9.8,9.956,10.617
229,OTH FP,6.035,6.606,6.814,6.956,7.059,7.129,7.189,7.249,7.294,7.347,7.385,7.425,7.471,7.508,7.547,7.586,7.619,7.65,7.673,7.697,7.721,7.746,7.778,7.801,7.826,7.847,7.871,7.895,7.917,7.936,7.956,7.978,7.996,8.015,8.036,8.054,8.069,8.085,8.106,8.124,8.143,8.173,8.192,8.214,8.229,8.248,8.264,8.285,8.303,8.319,8.335,8.358,8.376,8.39,8.408,8.425,8.444,8.461,8.48,8.5,8.519,8.538,8.555,8.573,8.591,8.616,8.642,8.662,8.686,8.708,8.725,8.743,8.766,8.791,8.81,8.831,8.857,8.884,8.918,8.942,8.967,8.99,9.009,9.038,9.073,9.106,9.13,9.159,9.188,9.222,9.256,9.301,9.342,9.391,9.435,9.51,9.581,9.667,9.8,9.956,10.617
230,OTH FP,6.283,6.684,6.884,6.982,7.053,7.117,7.192,7.272,7.317,7.371,7.401,7.439,7.473,7.5,7.533,7.565,7.59,7.617,7.655,7.688,7.721,7.741,7.761,7.79,7.809,7.834,7.855,7.878,7.895,7.916,7.933,7.95,7.973,7.997,8.016,8.037,8.051,8.073,8.093,8.111,8.134,8.153,8.173,8.195,8.212,8.228,8.246,8.264,8.284,8.302,8.322,8.342,8.362,8.382,8.401,8.422,8.439,8.455,8.472,8.492,8.51,8.531,8.552,8.572,8.594,8.612,8.632,8.653,8.674,8.691,8.708,8.725,8.743,8.766,8.791,8.805,8.827,8.851,8.871,8.895,8.922,8.941,8.966,8.994,9.031,9.061,9.085,9.121,9.152,9.191,9.228,9.275,9.327,9.369,9.411,9.483,9.55,9.621,9.713,9.92,10.337
231,OTH FP,6.283,6.684,6.884,6.982,7.053,7.117,7.192,7.272,7.317,7.371,7.401,7.439,7.473,7.5,7.533,7.565,7.59,7.617,7.655,7.688,7.721,7.741,7.761,7.79,7.809,7.834,7.855,7.878,7.895,7.916,7.933,7.95,7.973,7.997,8.016,8.037,8.051,8.073,8.093,8.111,8.134,8.153,8.173,8.195,8.212,8.228,8.246,8.264,8.284,8.302,8.322,8.342,8.362,8.382,8.401,8.422,8.439,8.455,8.472,8.492,8.51,8.531,8.552,8.572,8.594,8.612,8.632,8.653,8.674,8.691,8.708,8.725,8.743,8.766,8.791,8.805,8.827,8.851,8.871,8.895,8.922,8.941,8.966,8.994,9.031,9.061,9.085,9.121,9.152,9.191,9.228,9.275,9.327,9.369,9.411,9.483,9.55,9.621,9.713,9.92,10.337
232,OTH FP,5.93,6.553,6.754,6.883,6.956,7.041,7.1,7.162,7.215,7.272,7.305,7.356,7.386,7.421,7.451,7.485,7.51,7.547,7.577,7.599,7.631,7.658,7.68,7.706,7.735,7.762,7.782,7.802,7.821,7.842,7.861,7.885,7.905,7.931,7.952,7.975,7.995,8.012,8.034,8.05,8.074,8.1,8.116,8.136,8.157,8.176,8.197,8.213,8.233,8.249,8.268,8.283,8.303,8.325,8.344,8.363,8.381,8.398,8.417,8.434,8.449,8.473,8.492,8.513,8.533,8.551,8.569,8.585,8.611,8.627,8.647,8.671,8.69,8.711,8.733,8.754,8.776,8.806,8.831,8.862,8.881,8.909,8.941,8.976,9.003,9.031,9.065,9.091,9.127,9.161,9.211,9.258,9.298,9.339,9.391,9.459,9.535,9.612,9.8,9.991,10.438
233,OTH FP,5.93,6.553,6.754,6.883,6.956,7.041,7.1,7.162,7.215,7.272,7.305,7.356,7.386,7.421,7.451,7.485,7.51,7.547,7.577,7.599,7.631,7.658,7.68,7.706,7.735,7.762,7.782,7.802,7.821,7.842,7.861,7.885,7.905,7.931,7.952,7.975,7.995,8.012,8.034,8.05,8.074,8.1,8.116,8.136,8.157,8.176,8.197,8.213,8.233,8.249,8.268,8.283,8.303,8.325,8.344,8.363,8.381,8.398,8.417,8.434,8.449,8.473,8.492,8.513,8.533,8.551,8.569,8.585,8.611,8.627,8.647,8.671,8.69,8.711,8.733,8.754,8.776,8.806,8.831,8.862,8.881,8.909,8.941,8.976,9.003,9.031,9.065,9.091,9.127,9.161,9.211,9.258,9.298,9.339,9.391,9.459,9.535,9.612,9.8,9.991,10.438
234,OTH FP,5.766,6.431,6.614,6.724,6.824,6.91,7.003,7.061,7.114,7.17,7.208,7.246,7.284,7.322,7.353,7.379,7.415,7.459,7.498,7.524,7.546,7.579,7.607,7.634,7.658,7.682,7.707,7.728,7.747,7.768,7.793,7.816,7.838,7.858,7.884,7.906,7.931,7.952,7.974,7.998,8.021,8.037,8.056,8.074,8.099,8.119,8.139,8.159,8.177,8.194,8.216,8.234,8.25,8.269,8.292,8.309,8.324,8.348,8.367,8.383,8.398,8.417,8.435,8.456,8.478,8.496,8.519,8.541,8.561,8.586,8.612,8.627,8.651,8.671,8.696,8.718,8.742,8.77,8.792,8.817,8.85,8.872,8.91,8.936,8.958,8.988,9.03,9.069,9.103,9.142,9.177,9.221,9.275,9.328,9.382,9.441,9.525,9.624,9.763,9.993,10.595
235,OTH FP,5.766,6.431,6.614,6.724,6.824,6.91,7.003,7.061,7.114,7.17,7.208,7.246,7.284,7.322,7.353,7.379,7.415,7.459,7.498,7.524,7.546,7.579,7.607,7.634,7.658,7.682,7.707,7.728,7.747,7.768,7.793,7.816,7.838,7.858,7.884,7.906,7.931,7.952,7.974,7.998,8.021,8.037,8.056,8.074,8.099,8.119,8.139,8.159,8.177,8.194,8.216,8.234,8.25,8.269,8.292,8.309,8.324,8.348,8.367,8.383,8.398,8.417,8.435,8.456,8.478,8.496,8.519,8.541,8.561,8.586,8.612,8.627,8.651,8.671,8.696,8.718,8.742,8.77,8.792,8.817,8.85,8.872,8.91,8.936,8.958,8.988,9.03,9.069,9.103,9.142,9.177,9.221,9.275,9.328,9.382,9.441,9.525,9.624,9.763,9.993,10.595
236,OTH FP,5.666,6.307,6.538,6.661,6.789,6.874,6.929,6.994,7.042,7.092,7.147,7.184,7.218,7.258,7.288,7.319,7.354,7.383,7.414,7.441,7.462,7.489,7.508,7.541,7.562,7.595,7.618,7.643,7.671,7.695,7.72,7.746,7.773,7.8,7.815,7.832,7.846,7.867,7.892,7.915,7.937,7.964,7.985,8.004,8.021,8.044,8.066,8.088,8.104,8.122,8.137,8.157,8.176,8.194,8.217,8.239,8.259,8.28,8.298,8.317,8.337,8.356,8.381,8.401,8.422,8.441,8.461,8.487,8.505,8.529,8.547,8.566,8.593,8.611,8.636,8.669,8.687,8.716,8.741,8.769,8.797,8.824,8.851,8.88,8.915,8.939,8.983,9.02,9.05,9.091,9.145,9.195,9.242,9.278,9.357,9.428,9.521,9.61,9.713,9.873,10.499
237,OTH FP,5.666,6.307,6.538,6.661,6.789,6.874,6.929,6.994,7.042,7.092,7.147,7.184,7.218,7.258,7.288,7.319,7.354,7.383,7.414,7.441,7.462,7.489,7.508,7.541,7.562,7.595,7.618,7.643,7.671,7.695,7.72,7.746,7.773,7.8,7.815,7.832,7.846,7.867,7.892,7.915,7.937,7.964,7.985,8.004,8.021,8.044,8.066,8.088,8.104,8.122,8.137,8.157,8.176,8.194,8.217,8.239,8.259,8.28,8.298,8.317,8.337,8.356,8.381,8.401,8.422,8.441,8.461,8.487,8.505,8.529,8.547,8.566,8.593,8.611,8.636,8.669,8.687,8.716,8.741,8.769,8.797,8.824,8.851,8.88,8.915,8.939,8.983,9.02,9.05,9.091,9.145,9.195,9.242,9.278,9.357,9.428,9.521,9.61,9.713,9.873,10.499
238,OTH FP,5.619,6.23,6.424,6.581,6.694,6.786,6.854,6.901,6.945,7.005,7.065,7.115,7.147,7.193,7.22,7.265,7.298,7.323,7.352,7.379,7.409,7.445,7.47,7.496,7.519,7.542,7.568,7.597,7.622,7.645,7.67,7.686,7.706,7.724,7.739,7.76,7.776,7.791,7.807,7.831,7.854,7.883,7.908,7.927,7.952,7.976,7.998,8.023,8.039,8.056,8.079,8.101,8.122,8.143,8.163,8.184,8.207,8.221,8.238,8.257,8.281,8.301,8.322,8.345,8.367,8.387,8.408,8.429,8.453,8.472,8.493,8.514,8.542,8.563,8.591,8.612,8.636,8.659,8.681,8.699,8.728,8.76,8.794,8.835,8.869,8.9,8.93,8.959,9.003,9.039,9.079,9.12,9.156,9.202,9.263,9.311,9.394,9.5,9.638,9.816,10.418
239,OTH FP,5.619,6.23,6.424,6.581,6.694,6.786,6.854,6.901,6.945,7.005,7.065,7.115,7.147,7.193,7.22,7.265,7.298,7.323,7.352,7.379,7.409,7.445,7.47,7.496,7.519,7.542,7.568,7.597,7.622,7.645,7.67,7.686,7.706,7.724,7.739,7.76,7.776,7.791,7.807,7.831,7.854,7.883,7.908,7.927,7.952,7.976,7.998,8.023,8.039,8.056,8.079,8.101,8.122,8.143,8.163,8.184,8.207,8.221,8.238,8.257,8.281,8.301,8.322,8.345,8.367,8.387,8.408,8.429,8.453,8.472,8.493,8.514,8.542,8.563,8.591,8.612,8.636,8.659,8.681,8.699,8.728,8.76,8.794,8.835,8.869,8.9,8.93,8.959,9.003,9.039,9.079,9.12,9.156,9.202,9.263,9.311,9.394,9.5,9.638,9.816,10.418
240,OTH FP,5.553,6.133,6.344,6.539,6.64,6.727,6.787,6.845,6.93,6.972,7.024,7.072,7.109,7.138,7.161,7.192,7.228,7.263,7.294,7.319,7.353,7.377,7.399,7.424,7.447,7.47,7.486,7.52,7.543,7.564,7.587,7.605,7.624,7.644,7.668,7.686,7.712,7.73,7.752,7.772,7.792,7.815,7.841,7.855,7.882,7.901,7.919,7.944,7.964,7.984,8.002,8.033,8.052,8.073,8.097,8.117,8.137,8.157,8.179,8.195,8.208,8.229,8.256,8.279,8.3,8.321,8.342,8.366,8.387,8.415,8.436,8.464,8.483,8.502,8.518,8.545,8.571,8.596,8.62,8.649,8.673,8.699,8.728,8.756,8.791,8.823,8.851,8.883,8.92,8.95,8.994,9.029,9.071,9.126,9.183,9.26,9.334,9.421,9.591,9.789,10.3
241,OTH FP,5.553,6.133,6.344,6.539,6.64,6.727,6.787,6.845,6.93,6.972,7.024,7.072,7.109,7.138,7.161,7.192,7.228,7.263,7.294,7.319,7.353,7.377,7.399,7.424,7.447,7.47,7.486,7.52,7.543,7.564,7.587,7.605,7.624,7.644,7.668,7.686,7.712,7.73,7.752,7.772,7.792,7.815,7.841,7.855,7.882,7.901,7.919,7.944,7.964,7.984,8.002,8.033,8.052,8.073,8.097,8.117,8.137,8.157,8.179,8.195,8.208,8.229,8.256,8.279,8.3,8.321,8.342,8.366,8.387,8.415,8.436,8.464,8.483,8.502,8.518,8.545,8.571,8.596,8.62,8.649,8.673,8.699,8.728,8.756,8.791,8.823,8.851,8.883,8.92,8.95,8.994,9.029,9.071,9.126,9.183,9.26,9.334,9.421,9.591,9.789,10.3
242,OTH FP,5.763,6.165,6.368,6.517,6.608,6.686,6.753,6.819,6.876,6.914,6.963,7.008,7.048,7.077,7.113,7.144,7.177,7.205,7.235,7.258,7.288,7.32,7.347,7.379,7.405,7.431,7.453,7.48,7.504,7.525,7.546,7.562,7.578,7.601,7.623,7.644,7.664,7.687,7.702,7.728,7.747,7.768,7.789,7.811,7.83,7.851,7.869,7.889,7.904,7.924,7.951,7.975,7.996,8.013,8.034,8.054,8.079,8.097,8.123,8.139,8.162,8.179,8.201,8.221,8.238,8.259,8.282,8.305,8.324,8.345,8.368,8.389,8.41,8.43,8.451,8.473,8.493,8.524,8.55,8.578,8.602,8.631,8.666,8.689,8.714,8.744,8.778,8.813,8.867,8.898,8.934,8.981,9.015,9.074,9.132,9.191,9.284,9.377,9.499,9.681,10.294
243,OTH FP,5.763,6.165,6.368,6.517,6.608,6.686,6.753,6.819,6.876,6.914,6.963,7.008,7.048,7.077,7.113,7.144,7.177,7.205,7.235,7.258,7.288,7.32,7.347,7.379,7.405,7.431,7.453,7.48,7.504,7.525,7.546,7.562,7.578,7.601,7.623,7.644,7.664,7.687,7.702,7.728,7.747,7.768,7.789,7.811,7.83,7.851,7.869,7.889,7.904,7.924,7.951,7.975,7.996,8.013,8.034,8.054,8.079,8.097,8.123,8.139,8.162,8.179,8.201,8.221,8.238,8.259,8.282,8.305,8.324,8.345,8.368,8.389,8.41,8.43,8.451,8.473,8.493,8.524,8.55,8.578,8.602,8.631,8.666,8.689,8.714,8.744,8.778,8.813,8.867,8.898,8.934,8.981,9.015,9.074,9.132,9.191,9.284,9.377,9.499,9.681,10.294
244,OTH FP,5.483,6.166,6.375,6.486,6.583,6.673,6.742,6.794,6.849,6.892,6.933,6.978,7.019,7.052,7.085,7.117,7.149,7.174,7.204,7.229,7.25,7.281,7.301,7.322,7.342,7.365,7.384,7.402,7.429,7.456,7.48,7.509,7.531,7.553,7.572,7.594,7.614,7.633,7.658,7.679,7.697,7.716,7.737,7.755,7.772,7.792,7.814,7.832,7.853,7.871,7.889,7.913,7.935,7.954,7.978,7.996,8.015,8.037,8.058,8.077,8.094,8.113,8.132,8.149,8.165,8.186,8.206,8.223,8.241,8.261,8.282,8.302,8.325,8.345,8.37,8.39,8.416,8.44,8.468,8.495,8.52,8.55,8.575,8.601,8.625,8.652,8.687,8.722,8.764,8.802,8.836,8.873,8.918,8.957,9.003,9.063,9.141,9.245,9.386,9.554,10.025
245,OTH FP,5.483,6.166,6.375,6.486,6.583,6.673,6.742,6.794,6.849,6.892,6.933,6.978,7.019,7.052,7.085,7.117,7.149,7.174,7.204,7.229,7.25,7.281,7.301,7.322,7.342,7.365,7.384,7.402,7.429,7.456,7.48,7.509,7.531,7.553,7.572,7.594,7.614,7.633,7.658,7.679,7.697,7.716,7.737,7.755,7.772,7.792,7.814,7.832,7.853,7.871,7.889,7.913,7.935,7.954,7.978,7.996,8.015,8.037,8.058,8.077,8.094,8.113,8.132,8.149,8.165,8.186,8.206,8.223,8.241,8.261,8.282,8.302,8.325,8.345,8.37,8.39,8.416,8.44,8.468,8.495,8.52,8.55,8.575,8.601,8.625,8.652,8.687,8.722,8.764,8.802,8.836,8.873,8.918,8.957,9.003,9.063,9.141,9.245,9.386,9.554,10.025
246,OTH FP,5.586,6.143,6.347,6.469,6.557,6.645,6.716,6.779,6.835,6.883,6.937,6.99,7.041,7.069,7.1,7.13,7.156,7.182,7.21,7.237,7.269,7.293,7.316,7.34,7.367,7.385,7.408,7.433,7.459,7.486,7.516,7.534,7.552,7.583,7.61,7.633,7.646,7.67,7.685,7.7,7.717,7.736,7.759,7.781,7.808,7.832,7.852,7.879,7.901,7.918,7.938,7.954,7.974,7.996,8.013,8.038,8.062,8.079,8.094,8.113,8.129,8.152,8.174,8.188,8.212,8.232,8.252,8.273,8.293,8.312,8.337,8.36,8.379,8.399,8.421,8.445,8.468,8.495,8.526,8.552,8.583,8.62,8.639,8.672,8.699,8.731,8.761,8.795,8.836,8.874,8.914,8.956,9.001,9.054,9.097,9.177,9.299,9.391,9.491,9.691,10.285
247,OTH FP,5.586,6.143,6.347,6.469,6.557,6.645,6.716,6.779,6.835,6.883,6.937,6.99,7.041,7.069,7.1,7.13,7.156,7.182,7.21,7.237,7.269,7.293,7.316,7.34,7.367,7.385,7.408,7.433,7.459,7.486,7.516,7.534,7.552,7.583,7.61,7.633,7.646,7.67,7.685,7.7,7.717,7.736,7.759,7.781,7.808,7.832,7.852,7.879,7.901,7.918,7.938,7.954,7.974,7.996,8.013,8.038,8.062,8.079,8.094,8.113,8.129,8.152,8.174,8.188,8.212,8.232,8.252,8.273,8.293,8.312,8.337,8.36,8.379,8.399,8.421,8.445,8.468,8.495,8.526,8.552,8.583,8.62,8.639,8.672,8.699,8.731,8.761,8.795,8.836,8.874,8.914,8.956,9.001,9.054,9.097,9.177,9.299,9.391,9.491,9.691,10.285
248,OTH FP,5.694,6.166,6.333,6.471,6.566,6.644,6.743,6.797,6.849,6.901,6.947,6.999,7.038,7.08,7.111,7.138,7.166,7.208,7.244,7.27,7.29,7.309,7.334,7.37,7.4,7.419,7.446,7.471,7.502,7.531,7.549,7.576,7.597,7.618,7.634,7.654,7.676,7.695,7.716,7.735,7.753,7.775,7.804,7.827,7.85,7.876,7.891,7.907,7.931,7.949,7.966,7.983,8.003,8.021,8.042,8.066,8.089,8.113,8.134,8.159,8.18,8.203,8.227,8.246,8.266,8.285,8.312,8.333,8.356,8.385,8.411,8.428,8.457,8.482,8.505,8.528,8.548,8.574,8.599,8.621,8.649,8.678,8.703,8.732,8.752,8.782,8.828,8.86,8.894,8.928,8.972,9.009,9.06,9.13,9.198,9.266,9.372,9.523,9.656,9.887,10.45
249,OTH FP,5.694,6.166,6.333,6.471,6.566,6.644,6.743,6.797,6.849,6.901,6.947,6.999,7.038,7.08,7.111,7.138,7.166,7.208,7.244,7.27,7.29,7.309,7.334,7.37,7.4,7.419,7.446,7.471,7.502,7.531,7.549,7.576,7.597,7.618,7.634,7.654,7.676,7.695,7.716,7.735,7.753,7.775,7.804,7.827,7.85,7.876,7.891,7.907,7.931,7.949,7.966,7.983,8.003,8.021,8.042,8.066,8.089,8.113,8.134,8.159,8.18,8.203,8.227,8.246,8.266,8.285,8.312,8.333,8.356,8.385,8.411,8.428,8.457,8.482,8.505,8.528,8.548,8.574,8.599,8.621,8.649,8.678,8.703,8.732,8.752,8.782,8.828,8.86,8.894,8.928,8.972,9.009,9.06,9.13,9.198,9.266,9.372,9.523,9.656,9.887,10.45
250,OTH FP,5.761,6.088,6.346,6.493,6.629,6.703,6.793,6.86,6.908,6.966,7.011,7.043,7.085,7.114,7.149,7.197,7.221,7.255,7.29,7.316,7.347,7.371,7.394,7.419,7.439,7.461,7.484,7.506,7.536,7.557,7.582,7.606,7.634,7.658,7.682,7.707,7.73,7.75,7.772,7.79,7.812,7.834,7.857,7.875,7.9,7.926,7.941,7.969,7.992,8.013,8.035,8.055,8.072,8.092,8.11,8.131,8.154,8.172,8.191,8.212,8.233,8.251,8.274,8.294,8.312,8.331,8.354,8.372,8.396,8.424,8.449,8.475,8.503,8.529,8.554,8.574,8.606,8.631,8.663,8.684,8.72,8.744,8.765,8.797,8.831,8.861,8.909,8.943,8.984,9.029,9.076,9.128,9.184,9.258,9.315,9.411,9.496,9.591,9.755,9.983,10.462
251,OTH FP,5.761,6.088,6.346,6.493,6.629,6.703,6.793,6.86,6.908,6.966,7.011,7.043,7.085,7.114,7.149,7.197,7.221,7.255,7.29,7.316,7.347,7.371,7.394,7.419,7.439,7.461,7.484,7.506,7.536,7.557,7.582,7.606,7.634,7.658,7.682,7.707,7.73,7.75,7.772,7.79,7.812,7.834,7.857,7.875,7.9,7.926,7.941,7.969,7.992,8.013,8.035,8.055,8.072,8.092,8.11,8.131,8.154,8.172,8.191,8.212,8.233,8.251,8.274,8.294,8.312,8.331,8.354,8.372,8.396,8.424,8.449,8.475,8.503,8.529,8.554,8.574,8.606,8.631,8.663,8.684,8.72,8.744,8.765,8.797,8.831,8.861,8.909,8.943,8.984,9.029,9.076,9.128,9.184,9.258,9.315,9.411,9.496,9.591,9.755,9.983,10.462
252,OTH FP,5.562,6.204,6.395,6.543,6.676,6.745,6.817,6.873,6.929,6.983,7.037,7.072,7.105,7.157,7.2,7.23,7.255,7.284,7.313,7.348,7.372,7.397,7.424,7.453,7.475,7.502,7.534,7.572,7.594,7.622,7.653,7.675,7.697,7.718,7.742,7.77,7.795,7.82,7.836,7.854,7.875,7.901,7.923,7.939,7.965,7.985,8.009,8.031,8.05,8.071,8.089,8.109,8.129,8.15,8.168,8.185,8.202,8.224,8.244,8.265,8.287,8.302,8.323,8.345,8.371,8.392,8.419,8.441,8.468,8.495,8.513,8.539,8.565,8.585,8.615,8.641,8.669,8.695,8.726,8.752,8.777,8.811,8.837,8.879,8.906,8.932,8.973,9.019,9.054,9.1,9.145,9.19,9.25,9.313,9.403,9.499,9.607,9.698,9.869,10.104,10.797
253,OTH FP,5.562,6.204,6.395,6.543,6.676,6.745,6.817,6.873,6.929,6.983,7.037,7.072,7.105,7.157,7.2,7.23,7.255,7.284,7.313,7.348,7.372,7.397,7.424,7.453,7.475,7.502,7.534,7.572,7.594,7.622,7.653,7.675,7.697,7.718,7.742,7.77,7.795,7.82,7.836,7.854,7.875,7.901,7.923,7.939,7.965,7.985,8.009,8.031,8.05,8.071,8.089,8.109,8.129,8.15,8.168,8.185,8.202,8.224,8.244,8.265,8.287,8.302,8.323,8.345,8.371,8.392,8.419,8.441,8.468,8.495,8.513,8.539,8.565,8.585,8.615,8.641,8.669,8.695,8.726,8.752,8.777,8.811,8.837,8.879,8.906,8.932,8.973,9.019,9.054,9.1,9.145,9.19,9.25,9.313,9.403,9.499,9.607,9.698,9.869,10.104,10.797
254,OTH FP,5.372,6.145,6.379,6.51,6.615,6.716,6.802,6.864,6.932,6.994,7.031,7.071,7.112,7.157,7.197,7.238,7.269,7.314,7.347,7.376,7.408,7.442,7.475,7.506,7.536,7.565,7.591,7.616,7.64,7.665,7.699,7.724,7.746,7.771,7.792,7.812,7.841,7.865,7.885,7.91,7.928,7.95,7.974,7.997,8.019,8.033,8.051,8.07,8.091,8.112,8.135,8.152,8.175,8.201,8.221,8.24,8.266,8.288,8.311,8.33,8.351,8.378,8.412,8.438,8.456,8.477,8.496,8.516,8.538,8.558,8.581,8.608,8.636,8.659,8.682,8.706,8.734,8.765,8.786,8.822,8.85,8.875,8.906,8.941,8.972,9.01,9.045,9.086,9.122,9.19,9.241,9.305,9.355,9.423,9.498,9.558,9.646,9.763,9.935,10.12,10.952
255,OTH FP,5.372,6.145,6.379,6.51,6.615,6.716,6.802,6.864,6.932,6.994,7.031,7.071,7.112,7.157,7.197,7.238,7.269,7.314,7.347,7.376,7.408,7.442,7.475,7.506,7.536,7.565,7.591,7.616,7.64,7.665,7.699,7.724,7.746,7.771,7.792,7.812,7.841,7.865,7.885,7.91,7.928,7.95,7.974,7.997,8.019,8.033,8.051,8.07,8.091,8.112,8.135,8.152,8.175,8.201,8.221,8.24,8.266,8.288,8.311,8.33,8.351,8.378,8.412,8.438,8.456,8.477,8.496,8.516,8.538,8.558,8.581,8.608,8.636,8.659,8.682,8.706,8.734,8.765,8.786,8.822,8.85,8.875,8.906,8.941,8.972,9.01,9.045,9.086,9.122,9.19,9.241,9.305,9.355,9.423,9.498,9.558,9.646,9.763,9.935,10.12,10.952
256,OTH FP,5.701,6.203,6.463,6.595,6.695,6.806,6.886,6.929,6.979,7.032,7.071,7.123,7.177,7.22,7.252,7.293,7.321,7.358,7.396,7.428,7.464,7.496,7.523,7.547,7.574,7.596,7.632,7.661,7.686,7.711,7.73,7.757,7.782,7.805,7.831,7.849,7.878,7.899,7.922,7.946,7.964,7.985,8.016,8.036,8.059,8.087,8.108,8.13,8.155,8.173,8.194,8.218,8.238,8.262,8.279,8.303,8.319,8.341,8.371,8.387,8.405,8.432,8.453,8.474,8.5,8.525,8.546,8.57,8.587,8.61,8.637,8.665,8.689,8.721,8.747,8.771,8.797,8.821,8.847,8.884,8.917,8.945,8.977,9.014,9.042,9.08,9.111,9.145,9.193,9.231,9.288,9.349,9.397,9.459,9.534,9.643,9.737,9.821,9.946,10.15,10.9
257,OTH FP,5.701,6.203,6.463,6.595,6.695,6.806,6.886,6.929,6.979,7.032,7.071,7.123,7.177,7.22,7.252,7.293,7.321,7.358,7.396,7.428,7.464,7.496,7.523,7.547,7.574,7.596,7.632,7.661,7.686,7.711,7.73,7.757,7.782,7.805,7.831,7.849,7.878,7.899,7.922,7.946,7.964,7.985,8.016,8.036,8.059,8.087,8.108,8.13,8.155,8.173,8.194,8.218,8.238,8.262,8.279,8.303,8.319,8.341,8.371,8.387,8.405,8.432,8.453,8.474,8.5,8.525,8.546,8.57,8.587,8.61,8.637,8.665,8.689,8.721,8.747,8.771,8.797,8.821,8.847,8.884,8.917,8.945,8.977,9.014,9.042,9.08,9.111,9.145,9.193,9.231,9.288,9.349,9.397,9.459,9.534,9.643,9.737,9.821,9.946,10.15,10.9
258,OTH FP,5.768,6.34,6.541,6.686,6.774,6.859,6.935,6.999,7.049,7.098,7.143,7.192,7.229,7.265,7.303,7.332,7.364,7.405,7.429,7.46,7.495,7.528,7.57,7.6,7.631,7.662,7.686,7.71,7.734,7.761,7.787,7.81,7.842,7.861,7.876,7.896,7.918,7.938,7.957,7.976,7.999,8.025,8.048,8.074,8.099,8.121,8.138,8.166,8.194,8.22,8.24,8.263,8.284,8.308,8.327,8.349,8.377,8.398,8.419,8.436,8.459,8.482,8.503,8.522,8.545,8.567,8.584,8.609,8.63,8.649,8.669,8.696,8.72,8.745,8.772,8.799,8.819,8.849,8.879,8.907,8.934,8.963,9.008,9.035,9.069,9.104,9.143,9.18,9.225,9.256,9.288,9.338,9.395,9.449,9.524,9.647,9.732,9.858,10.044,10.273,11.002
259,OTH FP,5.768,6.34,6.541,6.686,6.774,6.859,6.935,6.999,7.049,7.098,7.143,7.192,7.229,7.265,7.303,7.332,7.364,7.405,7.429,7.46,7.495,7.528,7.57,7.6,7.631,7.662,7.686,7.71,7.734,7.761,7.787,7.81,7.842,7.861,7.876,7.896,7.918,7.938,7.957,7.976,7.999,8.025,8.048,8.074,8.099,8.121,8.138,8.166,8.194,8.22,8.24,8.263,8.284,8.308,8.327,8.349,8.377,8.398,8.419,8.436,8.459,8.482,8.503,8.522,8.545,8.567,8.584,8.609,8.63,8.649,8.669,8.696,8.72,8.745,8.772,8.799,8.819,8.849,8.879,8.907,8.934,8.963,9.008,9.035,9.069,9.104,9.143,9.18,9.225,9.256,9.288,9.338,9.395,9.449,9.524,9.647,9.732,9.858,10.044,10.273,11.002
260,OTH FP,5.413,6.196,6.386,6.557,6.676,6.76,6.825,6.915,6.984,7.035,7.084,7.122,7.158,7.193,7.252,7.284,7.323,7.359,7.394,7.423,7.454,7.487,7.514,7.548,7.578,7.609,7.635,7.655,7.686,7.722,7.746,7.771,7.805,7.825,7.847,7.876,7.905,7.934,7.962,7.988,8.007,8.034,8.063,8.084,8.103,8.124,8.15,8.172,8.197,8.217,8.24,8.258,8.284,8.305,8.329,8.352,8.377,8.399,8.43,8.451,8.476,8.501,8.526,8.552,8.586,8.606,8.63,8.66,8.686,8.713,8.734,8.754,8.779,8.804,8.824,8.848,8.871,8.898,8.919,8.957,8.995,9.025,9.065,9.1,9.142,9.173,9.211,9.263,9.309,9.36,9.415,9.479,9.553,9.599,9.658,9.725,9.845,9.929,10.108,10.342,11.477
261,OTH FP,5.413,6.196,6.386,6.557,6.676,6.76,6.825,6.915,6.984,7.035,7.084,7.122,7.158,7.193,7.252,7.284,7.323,7.359,7.394,7.423,7.454,7.487,7.514,7.548,7.578,7.609,7.635,7.655,7.686,7.722,7.746,7.771,7.805,7.825,7.847,7.876,7.905,7.934,7.962,7.988,8.007,8.034,8.063,8.084,8.103,8.124,8.15,8.172,8.197,8.217,8.24,8.258,8.284,8.305,8.329,8.352,8.377,8.399,8.43,8.451,8.476,8.501,8.526,8.552,8.586,8.606,8.63,8.66,8.686,8.713,8.734,8.754,8.779,8.804,8.824,8.848,8.871,8.898,8.919,8.957,8.995,9.025,9.065,9.1,9.142,9.173,9.211,9.263,9.309,9.36,9.415,9.479,9.553,9.599,9.658,9.725,9.845,9.929,10.108,10.342,11.477
262,OTH FP,5.385,6.046,6.327,6.454,6.554,6.635,6.706,6.801,6.876,6.937,6.982,7.041,7.093,7.133,7.186,7.222,7.281,7.309,7.336,7.369,7.403,7.437,7.474,7.512,7.546,7.571,7.601,7.629,7.653,7.678,7.711,7.74,7.767,7.794,7.819,7.847,7.873,7.903,7.94,7.958,7.987,8.013,8.049,8.068,8.102,8.131,8.154,8.18,8.203,8.22,8.245,8.266,8.288,8.312,8.331,8.357,8.376,8.405,8.431,8.459,8.486,8.508,8.537,8.556,8.579,8.606,8.638,8.665,8.692,8.726,8.757,8.785,8.808,8.838,8.866,8.898,8.941,8.972,9.006,9.031,9.062,9.097,9.124,9.166,9.218,9.252,9.303,9.375,9.419,9.464,9.511,9.585,9.645,9.697,9.761,9.876,9.978,10.093,10.248,10.501,11.656
263,OTH FP,5.385,6.046,6.327,6.454,6.554,6.635,6.706,6.801,6.876,6.937,6.982,7.041,7.093,7.133,7.186,7.222,7.281,7.309,7.336,7.369,7.403,7.437,7.474,7.512,7.546,7.571,7.601,7.629,7.653,7.678,7.711,7.74,7.767,7.794,7.819,7.847,7.873,7.903,7.94,7.958,7.987,8.013,8.049,8.068,8.102,8.131,8.154,8.18,8.203,8.22,8.245,8.266,8.288,8.312,8.331,8.357,8.376,8.405,8.431,8.459,8.486,8.508,8.537,8.556,8.579,8.606,8.638,8.665,8.692,8.726,8.757,8.785,8.808,8.838,8.866,8.898,8.941,8.972,9.006,9.031,9.062,9.097,9.124,9.166,9.218,9.252,9.303,9.375,9.419,9.464,9.511,9.585,9.645,9.697,9.761,9.876,9.978,10.093,10.248,10.501,11.656
264,OTH FP,5.158,5.904,6.173,6.322,6.459,6.545,6.632,6.707,6.799,6.852,6.928,6.977,7.022,7.066,7.129,7.175,7.219,7.264,7.295,7.329,7.36,7.4,7.425,7.463,7.493,7.519,7.556,7.578,7.605,7.634,7.662,7.692,7.721,7.754,7.784,7.811,7.845,7.878,7.908,7.935,7.97,8.004,8.038,8.063,8.097,8.126,8.153,8.18,8.208,8.232,8.264,8.284,8.302,8.327,8.354,8.381,8.405,8.43,8.458,8.48,8.505,8.529,8.555,8.581,8.609,8.635,8.658,8.687,8.715,8.755,8.79,8.816,8.851,8.883,8.92,8.949,8.978,9.022,9.052,9.079,9.112,9.149,9.194,9.244,9.287,9.326,9.361,9.403,9.448,9.511,9.575,9.638,9.695,9.79,9.869,9.978,10.107,10.208,10.358,10.69,11.768
265,OTH FP,5.158,5.904,6.173,6.322,6.459,6.545,6.632,6.707,6.799,6.852,6.928,6.977,7.022,7.066,7.129,7.175,7.219,7.264,7.295,7.329,7.36,7.4,7.425,7.463,7.493,7.519,7.556,7.578,7.605,7.634,7.662,7.692,7.721,7.754,7.784,7.811,7.845,7.878,7.908,7.935,7.97,8.004,8.038,8.063,8.097,8.126,8.153,8.18,8.208,8.232,8.264,8.284,8.302,8.327,8.354,8.381,8.405,8.43,8.458,8.48,8.505,8.529,8.555,8.581,8.609,8.635,8.658,8.687,8.715,8.755,8.79,8.816,8.851,8.883,8.92,8.949,8.978,9.022,9.052,9.079,9.112,9.149,9.194,9.244,9.287,9.326,9.361,9.403,9.448,9.511,9.575,9.638,9.695,9.79,9.869,9.978,10.107,10.208,10.358,10.69,11.768
266,OTH FP,5.036,5.752,6.06,6.232,6.357,6.454,6.532,6.602,6.677,6.741,6.81,6.873,6.922,6.966,7.011,7.058,7.111,7.156,7.211,7.252,7.292,7.335,7.373,7.417,7.459,7.496,7.524,7.56,7.599,7.63,7.655,7.689,7.719,7.763,7.789,7.821,7.856,7.887,7.922,7.951,7.98,8.006,8.036,8.065,8.088,8.115,8.136,8.159,8.187,8.213,8.236,8.268,8.291,8.32,8.344,8.375,8.405,8.436,8.458,8.487,8.523,8.563,8.582,8.608,8.639,8.677,8.704,8.734,8.763,8.794,8.827,8.854,8.889,8.918,8.963,8.999,9.047,9.082,9.121,9.152,9.194,9.251,9.285,9.326,9.371,9.411,9.46,9.5,9.542,9.605,9.67,9.728,9.789,9.851,9.946,10.039,10.158,10.291,10.441,10.757,11.914
267,OTH FP,5.036,5.752,6.06,6.232,6.357,6.454,6.532,6.602,6.677,6.741,6.81,6.873,6.922,6.966,7.011,7.058,7.111,7.156,7.211,7.252,7.292,7.335,7.373,7.417,7.459,7.496,7.524,7.56,7.599,7.63,7.655,7.689,7.719,7.763,7.789,7.821,7.856,7.887,7.922,7.951,7.98,8.006,8.036,8.065,8.088,8.115,8.136,8.159,8.187,8.213,8.236,8.268,8.291,8.32,8.344,8.375,8.405,8.436,8.458,8.487,8.523,8.563,8.582,8.608,8.639,8.677,8.704,8.734,8.763,8.794,8.827,8.854,8.889,8.918,8.963,8.999,9.047,9.082,9.121,9.152,9.194,9.251,9.285,9.326,9.371,9.411,9.46,9.5,9.542,9.605,9.67,9.728,9.789,9.851,9.946,10.039,10.158,10.291,10.441,10.757,11.914
268,OTH FP,3.735,4.833,5.126,5.318,5.406,5.524,5.627,5.694,5.754,5.814,5.87,5.913,5.952,5.99,6.024,6.065,6.119,6.142,6.184,6.225,6.256,6.287,6.313,6.34,6.371,6.398,6.425,6.46,6.491,6.524,6.547,6.571,6.598,6.632,6.659,6.683,6.706,6.727,6.75,6.769,6.795,6.816,6.841,6.865,6.892,6.917,6.943,6.961,6.984,7.005,7.033,7.056,7.074,7.093,7.117,7.137,7.157,7.18,7.204,7.226,7.249,7.275,7.301,7.323,7.342,7.371,7.391,7.419,7.438,7.465,7.49,7.521,7.542,7.564,7.586,7.604,7.63,7.658,7.686,7.717,7.746,7.776,7.81,7.842,7.87,7.899,7.956,8.003,8.043,8.1,8.134,8.176,8.234,8.285,8.385,8.453,8.52,8.644,8.795,9.041,9.596
269,OTH FP,3.735,4.833,5.126,5.318,5.406,5.524,5.627,5.694,5.754,5.814,5.87,5.913,5.952,5.99,6.024,6.065,6.119,6.142,6.184,6.225,6.256,6.287,6.313,6.34,6.371,6.398,6.425,6.46,6.491,6.524,6.547,6.571,6.598,6.632,6.659,6.683,6.706,6.727,6.75,6.769,6.795,6.816,6.841,6.865,6.892,6.917,6.943,6.961,6.984,7.005,7.033,7.056,7.074,7.093,7.117,7.137,7.157,7.18,7.204,7.226,7.249,7.275,7.301,7.323,7.342,7.371,7.391,7.419,7.438,7.465,7.49,7.521,7.542,7.564,7.586,7.604,7.63,7.658,7.686,7.717,7.746,7.776,7.81,7.842,7.87,7.899,7.956,8.003,8.043,8.1,8.134,8.176,8.234,8.285,8.385,8.453,8.52,8.644,8.795,9.041,9.596
270,OTH FP,4.127,4.982,5.223,5.436,5.551,5.632,5.726,5.771,5.832,5.87,5.934,5.984,6.021,6.064,6.097,6.148,6.184,6.211,6.24,6.273,6.314,6.335,6.36,6.387,6.416,6.451,6.475,6.505,6.531,6.552,6.574,6.598,6.633,6.656,6.683,6.711,6.734,6.767,6.788,6.808,6.83,6.848,6.867,6.885,6.902,6.924,6.94,6.964,6.982,6.999,7.019,7.038,7.055,7.077,7.098,7.12,7.14,7.159,7.185,7.205,7.228,7.251,7.273,7.295,7.316,7.339,7.362,7.382,7.404,7.424,7.445,7.472,7.495,7.522,7.547,7.569,7.593,7.614,7.642,7.667,7.703,7.724,7.756,7.787,7.823,7.852,7.887,7.923,7.963,8.001,8.061,8.111,8.162,8.2,8.26,8.347,8.43,8.525,8.644,8.802,9.516
271,OTH FP,4.127,4.982,5.223,5.436,5.551,5.632,5.726,5.771,5.832,5.87,5.934,5.984,6.021,6.064,6.097,6.148,6.184,6.211,6.24,6.273,6.314,6.335,6.36,6.387,6.416,6.451,6.475,6.505,6.531,6.552,6.574,6.598,6.633,6.656,6.683,6.711,6.734,6.767,6.788,6.808,6.83,6.848,6.867,6.885,6.902,6.924,6.94,6.964,6.982,6.999,7.019,7.038,7.055,7.077,7.098,7.12,7.14,7.159,7.185,7.205,7.228,7.251,7.273,7.295,7.316,7.339,7.362,7.382,7.404,7.424,7.445,7.472,7.495,7.522,7.547,7.569,7.593,7.614,7.642,7.667,7.703,7.724,7.756,7.787,7.823,7.852,7.887,7.923,7.963,8.001,8.061,8.111,8.162,8.2,8.26,8.347,8.43,8.525,8.644,8.802,9.516
272,OTH FP,4.001,4.95,5.258,5.474,5.565,5.657,5.738,5.81,5.894,5.936,5.995,6.039,6.091,6.138,6.171,6.208,6.24,6.264,6.293,6.321,6.357,6.378,6.402,6.43,6.459,6.483,6.515,6.546,6.571,6.597,6.623,6.642,6.664,6.683,6.704,6.728,6.751,6.774,6.794,6.814,6.83,6.854,6.873,6.898,6.92,6.938,6.957,6.978,7.001,7.02,7.038,7.057,7.08,7.097,7.114,7.14,7.158,7.183,7.203,7.221,7.243,7.26,7.283,7.302,7.325,7.351,7.373,7.394,7.418,7.44,7.465,7.489,7.509,7.536,7.562,7.588,7.617,7.644,7.667,7.689,7.726,7.757,7.786,7.81,7.841,7.881,7.91,7.934,7.976,8.004,8.056,8.107,8.149,8.218,8.276,8.349,8.427,8.519,8.651,8.856,9.56
273,OTH FP,4.001,4.95,5.258,5.474,5.565,5.657,5.738,5.81,5.894,5.936,5.995,6.039,6.091,6.138,6.171,6.208,6.24,6.264,6.293,6.321,6.357,6.378,6.402,6.43,6.459,6.483,6.515,6.546,6.571,6.597,6.623,6.642,6.664,6.683,6.704,6.728,6.751,6.774,6.794,6.814,6.83,6.854,6.873,6.898,6.92,6.938,6.957,6.978,7.001,7.02,7.038,7.057,7.08,7.097,7.114,7.14,7.158,7.183,7.203,7.221,7.243,7.26,7.283,7.302,7.325,7.351,7.373,7.394,7.418,7.44,7.465,7.489,7.509,7.536,7.562,7.588,7.617,7.644,7.667,7.689,7.726,7.757,7.786,7.81,7.841,7.881,7.91,7.934,7.976,8.004,8.056,8.107,8.149,8.218,8.276,8.349,8.427,8.519,8.651,8.856,9.56
274,OTH FP,4.205,4.998,5.305,5.49,5.597,5.721,5.79,5.855,5.909,5.957,6.007,6.065,6.1,6.156,6.185,6.22,6.261,6.3,6.339,6.365,6.396,6.426,6.451,6.475,6.497,6.518,6.541,6.569,6.594,6.614,6.646,6.668,6.685,6.713,6.737,6.756,6.777,6.795,6.822,6.84,6.864,6.89,6.916,6.937,6.956,6.979,6.994,7.017,7.031,7.058,7.073,7.093,7.107,7.128,7.144,7.162,7.18,7.202,7.225,7.243,7.262,7.285,7.311,7.33,7.355,7.377,7.4,7.426,7.445,7.466,7.492,7.513,7.533,7.556,7.584,7.608,7.631,7.657,7.677,7.706,7.739,7.768,7.793,7.829,7.86,7.888,7.925,7.969,8.008,8.039,8.078,8.127,8.196,8.262,8.317,8.384,8.484,8.581,8.667,8.892,9.501
275,OTH FP,4.205,4.998,5.305,5.49,5.597,5.721,5.79,5.855,5.909,5.957,6.007,6.065,6.1,6.156,6.185,6.22,6.261,6.3,6.339,6.365,6.396,6.426,6.451,6.475,6.497,6.518,6.541,6.569,6.594,6.614,6.646,6.668,6.685,6.713,6.737,6.756,6.777,6.795,6.822,6.84,6.864,6.89,6.916,6.937,6.956,6.979,6.994,7.017,7.031,7.058,7.073,7.093,7.107,7.128,7.144,7.162,7.18,7.202,7.225,7.243,7.262,7.285,7.311,7.33,7.355,7.377,7.4,7.426,7.445,7.466,7.492,7.513,7.533,7.556,7.584,7.608,7.631,7.657,7.677,7.706,7.739,7.768,7.793,7.829,7.86,7.888,7.925,7.969,8.008,8.039,8.078,8.127,8.196,8.262,8.317,8.384,8.484,8.581,8.667,8.892,9.501
276,OTH FP,4.592,5.177,5.423,5.57,5.692,5.781,5.843,5.899,5.955,5.999,6.055,6.103,6.144,6.193,6.227,6.263,6.297,6.327,6.359,6.397,6.426,6.45,6.476,6.504,6.536,6.563,6.583,6.605,6.626,6.647,6.677,6.698,6.72,6.744,6.763,6.787,6.815,6.834,6.853,6.88,6.903,6.919,6.943,6.962,6.983,7.003,7.016,7.031,7.049,7.072,7.093,7.112,7.132,7.154,7.17,7.19,7.212,7.223,7.245,7.261,7.281,7.303,7.324,7.352,7.374,7.393,7.414,7.437,7.453,7.478,7.499,7.523,7.541,7.564,7.591,7.61,7.635,7.666,7.696,7.731,7.758,7.796,7.818,7.846,7.872,7.896,7.931,7.969,8.016,8.059,8.107,8.167,8.206,8.255,8.323,8.382,8.446,8.538,8.65,8.885,9.555
277,OTH FP,4.592,5.177,5.423,5.57,5.692,5.781,5.843,5.899,5.955,5.999,6.055,6.103,6.144,6.193,6.227,6.263,6.297,6.327,6.359,6.397,6.426,6.45,6.476,6.504,6.536,6.563,6.583,6.605,6.626,6.647,6.677,6.698,6.72,6.744,6.763,6.787,6.815,6.834,6.853,6.88,6.903,6.919,6.943,6.962,6.983,7.003,7.016,7.031,7.049,7.072,7.093,7.112,7.132,7.154,7.17,7.19,7.212,7.223,7.245,7.261,7.281,7.303,7.324,7.352,7.374,7.393,7.414,7.437,7.453,7.478,7.499,7.523,7.541,7.564,7.591,7.61,7.635,7.666,7.696,7.731,7.758,7.796,7.818,7.846,7.872,7.896,7.931,7.969,8.016,8.059,8.107,8.167,8.206,8.255,8.323,8.382,8.446,8.538,8.65,8.885,9.555
278,OTH FP,4.677,5.265,5.532,5.649,5.733,5.838,5.901,5.958,6.008,6.061,6.111,6.142,6.182,6.229,6.272,6.304,6.344,6.385,6.416,6.446,6.479,6.501,6.527,6.559,6.586,6.611,6.631,6.654,6.678,6.694,6.719,6.741,6.759,6.783,6.8,6.822,6.843,6.86,6.877,6.894,6.915,6.932,6.949,6.964,6.98,6.997,7.022,7.041,7.06,7.08,7.1,7.122,7.139,7.159,7.177,7.203,7.226,7.245,7.267,7.288,7.311,7.329,7.348,7.364,7.385,7.411,7.429,7.449,7.476,7.491,7.515,7.538,7.555,7.576,7.6,7.628,7.656,7.677,7.701,7.723,7.754,7.784,7.814,7.842,7.88,7.914,7.947,7.985,8.027,8.063,8.099,8.141,8.183,8.241,8.317,8.383,8.456,8.55,8.661,8.841,9.59
279,OTH FP,4.677,5.265,5.532,5.649,5.733,5.838,5.901,5.958,6.008,6.061,6.111,6.142,6.182,6.229,6.272,6.304,6.344,6.385,6.416,6.446,6.479,6.501,6.527,6.559,6.586,6.611,6.631,6.654,6.678,6.694,6.719,6.741,6.759,6.783,6.8,6.822,6.843,6.86,6.877,6.894,6.915,6.932,6.949,6.964,6.98,6.997,7.022,7.041,7.06,7.08,7.1,7.122,7.139,7.159,7.177,7.203,7.226,7.245,7.267,7.288,7.311,7.329,7.348,7.364,7.385,7.411,7.429,7.449,7.476,7.491,7.515,7.538,7.555,7.576,7.6,7.628,7.656,7.677,7.701,7.723,7.754,7.784,7.814,7.842,7.88,7.914,7.947,7.985,8.027,8.063,8.099,8.141,8.183,8.241,8.317,8.383,8.456,8.55,8.661,8.841,9.59
280,OTH FP,4.871,5.32,5.558,5.706,5.817,5.9,5.971,6.024,6.086,6.123,6.183,6.232,6.263,6.301,6.334,6.372,6.411,6.441,6.466,6.495,6.516,6.544,6.567,6.603,6.622,6.647,6.68,6.704,6.722,6.74,6.76,6.781,6.8,6.816,6.838,6.858,6.879,6.9,6.921,6.937,6.958,6.976,6.995,7.02,7.037,7.059,7.074,7.09,7.109,7.128,7.145,7.161,7.18,7.196,7.206,7.223,7.241,7.261,7.278,7.297,7.317,7.336,7.352,7.367,7.386,7.403,7.422,7.44,7.461,7.481,7.505,7.528,7.555,7.577,7.6,7.628,7.647,7.669,7.694,7.72,7.752,7.786,7.812,7.84,7.868,7.892,7.924,7.96,7.984,8.02,8.054,8.104,8.151,8.206,8.263,8.337,8.398,8.482,8.602,8.784,9.399
281,OTH FP,4.871,5.32,5.558,5.706,5.817,5.9,5.971,6.024,6.086,6.123,6.183,6.232,6.263,6.301,6.334,6.372,6.411,6.441,6.466,6.495,6.516,6.544,6.567,6.603,6.622,6.647,6.68,6.704,6.722,6.74,6.76,6.781,6.8,6.816,6.838,6.858,6.879,6.9,6.921,6.937,6.958,6.976,6.995,7.02,7.037,7.059,7.074,7.09,7.109,7.128,7.145,7.161,7.18,7.196,7.206,7.223,7.241,7.261,7.278,7.297,7.317,7.336,7.352,7.367,7.386,7.403,7.422,7.44,7.461,7.481,7.505,7.528,7.555,7.577,7.6,7.628,7.647,7.669,7.694,7.72,7.752,7.786,7.812,7.84,7.868,7.892,7.924,7.96,7.984,8.02,8.054,8.104,8.151,8.206,8.263,8.337,8.398,8.482,8.602,8.784,9.399
282,OTH FP,4.756,5.389,5.574,5.749,5.893,5.971,6.033,6.086,6.13,6.171,6.21,6.251,6.29,6.328,6.374,6.405,6.435,6.46,6.488,6.516,6.544,6.573,6.597,6.625,6.654,6.679,6.699,6.725,6.75,6.776,6.8,6.814,6.839,6.859,6.885,6.906,6.928,6.946,6.964,6.986,7.009,7.028,7.052,7.073,7.092,7.107,7.122,7.139,7.158,7.176,7.194,7.212,7.225,7.244,7.265,7.285,7.305,7.327,7.346,7.358,7.381,7.399,7.418,7.437,7.456,7.472,7.499,7.517,7.536,7.553,7.573,7.599,7.615,7.643,7.659,7.685,7.713,7.743,7.778,7.807,7.84,7.871,7.898,7.924,7.953,7.994,8.021,8.063,8.091,8.129,8.168,8.223,8.271,8.325,8.376,8.445,8.512,8.609,8.74,8.983,9.503
283,OTH FP,4.756,5.389,5.574,5.749,5.893,5.971,6.033,6.086,6.13,6.171,6.21,6.251,6.29,6.328,6.374,6.405,6.435,6.46,6.488,6.516,6.544,6.573,6.597,6.625,6.654,6.679,6.699,6.725,6.75,6.776,6.8,6.814,6.839,6.859,6.885,6.906,6.928,6.946,6.964,6.986,7.009,7.028,7.052,7.073,7.092,7.107,7.122,7.139,7.158,7.176,7.194,7.212,7.225,7.244,7.265,7.285,7.305,7.327,7.346,7.358,7.381,7.399,7.418,7.437,7.456,7.472,7.499,7.517,7.536,7.553,7.573,7.599,7.615,7.643,7.659,7.685,7.713,7.743,7.778,7.807,7.84,7.871,7.898,7.924,7.953,7.994,8.021,8.063,8.091,8.129,8.168,8.223,8.271,8.325,8.376,8.445,8.512,8.609,8.74,8.983,9.503
284,OTH FP,4.782,5.391,5.626,5.761,5.871,5.974,6.053,6.114,6.161,6.215,6.254,6.306,6.351,6.394,6.419,6.449,6.483,6.511,6.543,6.578,6.608,6.638,6.668,6.695,6.722,6.747,6.771,6.797,6.817,6.843,6.865,6.886,6.917,6.935,6.953,6.973,6.993,7.013,7.033,7.053,7.072,7.084,7.101,7.124,7.143,7.16,7.18,7.204,7.224,7.254,7.273,7.29,7.31,7.33,7.345,7.368,7.387,7.408,7.426,7.443,7.464,7.482,7.506,7.527,7.545,7.566,7.586,7.612,7.637,7.66,7.68,7.703,7.727,7.75,7.775,7.796,7.822,7.848,7.868,7.897,7.915,7.937,7.971,7.998,8.025,8.058,8.09,8.125,8.166,8.205,8.231,8.275,8.328,8.382,8.445,8.503,8.588,8.705,8.832,9.016,9.62
285,OTH FP,4.782,5.391,5.626,5.761,5.871,5.974,6.053,6.114,6.161,6.215,6.254,6.306,6.351,6.394,6.419,6.449,6.483,6.511,6.543,6.578,6.608,6.638,6.668,6.695,6.722,6.747,6.771,6.797,6.817,6.843,6.865,6.886,6.917,6.935,6.953,6.973,6.993,7.013,7.033,7.053,7.072,7.084,7.101,7.124,7.143,7.16,7.18,7.204,7.224,7.254,7.273,7.29,7.31,7.33,7.345,7.368,7.387,7.408,7.426,7.443,7.464,7.482,7.506,7.527,7.545,7.566,7.586,7.612,7.637,7.66,7.68,7.703,7.727,7.75,7.775,7.796,7.822,7.848,7.868,7.897,7.915,7.937,7.971,7.998,8.025,8.058,8.09,8.125,8.166,8.205,8.231,8.275,8.328,8.382,8.445,8.503,8.588,8.705,8.832,9.016,9.62
286,OTH FP,4.74,5.49,5.696,5.83,5.946,6.027,6.084,6.147,6.194,6.257,6.324,6.376,6.419,6.455,6.49,6.52,6.56,6.604,6.638,6.662,6.692,6.715,6.738,6.773,6.796,6.821,6.842,6.866,6.889,6.908,6.935,6.957,6.986,7.008,7.027,7.045,7.065,7.084,7.098,7.113,7.131,7.146,7.161,7.182,7.196,7.216,7.233,7.255,7.276,7.296,7.315,7.336,7.364,7.382,7.41,7.432,7.448,7.467,7.49,7.502,7.522,7.542,7.563,7.589,7.612,7.636,7.661,7.681,7.696,7.719,7.739,7.762,7.784,7.809,7.831,7.854,7.872,7.9,7.919,7.947,7.972,8.003,8.035,8.067,8.096,8.119,8.153,8.183,8.222,8.26,8.298,8.351,8.398,8.444,8.512,8.57,8.637,8.755,8.878,9.109,9.623
287,OTH FP,4.74,5.49,5.696,5.83,5.946,6.027,6.084,6.147,6.194,6.257,6.324,6.376,6.419,6.455,6.49,6.52,6.56,6.604,6.638,6.662,6.692,6.715,6.738,6.773,6.796,6.821,6.842,6.866,6.889,6.908,6.935,6.957,6.986,7.008,7.027,7.045,7.065,7.084,7.098,7.113,7.131,7.146,7.161,7.182,7.196,7.216,7.233,7.255,7.276,7.296,7.315,7.336,7.364,7.382,7.41,7.432,7.448,7.467,7.49,7.502,7.522,7.542,7.563,7.589,7.612,7.636,7.661,7.681,7.696,7.719,7.739,7.762,7.784,7.809,7.831,7.854,7.872,7.9,7.919,7.947,7.972,8.003,8.035,8.067,8.096,8.119,8.153,8.183,8.222,8.26,8.298,8.351,8.398,8.444,8.512,8.57,8.637,8.755,8.878,9.109,9.623
288,OTH FP,4.628,5.576,5.784,5.896,6.022,6.096,6.184,6.26,6.316,6.36,6.404,6.448,6.5,6.531,6.569,6.598,6.621,6.656,6.69,6.71,6.734,6.761,6.793,6.826,6.855,6.882,6.905,6.938,6.963,6.982,7.007,7.028,7.05,7.069,7.093,7.107,7.124,7.139,7.158,7.181,7.204,7.223,7.24,7.259,7.276,7.296,7.321,7.336,7.353,7.371,7.392,7.412,7.435,7.457,7.473,7.499,7.523,7.543,7.558,7.576,7.594,7.616,7.631,7.65,7.667,7.687,7.709,7.733,7.764,7.782,7.803,7.822,7.844,7.876,7.898,7.927,7.948,7.973,7.995,8.024,8.048,8.08,8.106,8.143,8.173,8.206,8.237,8.264,8.304,8.341,8.382,8.42,8.459,8.51,8.566,8.631,8.745,8.853,8.959,9.153,9.697
289,OTH FP,4.628,5.576,5.784,5.896,6.022,6.096,6.184,6.26,6.316,6.36,6.404,6.448,6.5,6.531,6.569,6.598,6.621,6.656,6.69,6.71,6.734,6.761,6.793,6.826,6.855,6.882,6.905,6.938,6.963,6.982,7.007,7.028,7.05,7.069,7.093,7.107,7.124,7.139,7.158,7.181,7.204,7.223,7.24,7.259,7.276,7.296,7.321,7.336,7.353,7.371,7.392,7.412,7.435,7.457,7.473,7.499,7.523,7.543,7.558,7.576,7.594,7.616,7.631,7.65,7.667,7.687,7.709,7.733,7.764,7.782,7.803,7.822,7.844,7.876,7.898,7.927,7.948,7.973,7.995,8.024,8.048,8.08,8.106,8.143,8.173,8.206,8.237,8.264,8.304,8.341,8.382,8.42,8.459,8.51,8.566,8.631,8.745,8.853,8.959,9.153,9.697
290,OTH FP,5.067,5.652,5.858,6.017,6.096,6.173,6.249,6.312,6.364,6.42,6.471,6.523,6.559,6.597,6.638,6.673,6.704,6.735,6.766,6.787,6.816,6.839,6.867,6.896,6.928,6.958,6.983,7.005,7.023,7.046,7.064,7.091,7.11,7.124,7.144,7.162,7.18,7.199,7.218,7.245,7.262,7.277,7.302,7.321,7.347,7.364,7.382,7.398,7.418,7.436,7.453,7.471,7.489,7.51,7.53,7.554,7.574,7.593,7.613,7.635,7.653,7.674,7.691,7.711,7.73,7.749,7.774,7.792,7.813,7.834,7.855,7.875,7.894,7.912,7.937,7.967,7.985,8.017,8.035,8.059,8.087,8.112,8.141,8.163,8.188,8.221,8.255,8.29,8.332,8.369,8.42,8.464,8.509,8.561,8.619,8.693,8.782,8.877,9.012,9.244,9.951
291,OTH FP,5.067,5.652,5.858,6.017,6.096,6.173,6.249,6.312,6.364,6.42,6.471,6.523,6.559,6.597,6.638,6.673,6.704,6.735,6.766,6.787,6.816,6.839,6.867,6.896,6.928,6.958,6.983,7.005,7.023,7.046,7.064,7.091,7.11,7.124,7.144,7.162,7.18,7.199,7.218,7.245,7.262,7.277,7.302,7.321,7.347,7.364,7.382,7.398,7.418,7.436,7.453,7.471,7.489,7.51,7.53,7.554,7.574,7.593,7.613,7.635,7.653,7.674,7.691,7.711,7.73,7.749,7.774,7.792,7.813,7.834,7.855,7.875,7.894,7.912,7.937,7.967,7.985,8.017,8.035,8.059,8.087,8.112,8.141,8.163,8.188,8.221,8.255,8.29,8.332,8.369,8.42,8.464,8.509,8.561,8.619,8.693,8.782,8.877,9.012,9.244,9.951
292,OTH FP,5.205,5.701,5.941,6.087,6.175,6.257,6.329,6.413,6.469,6.505,6.547,6.589,6.638,6.674,6.701,6.734,6.765,6.788,6.814,6.847,6.872,6.903,6.928,6.948,6.97,6.998,7.02,7.044,7.064,7.086,7.106,7.129,7.15,7.165,7.195,7.21,7.228,7.251,7.277,7.294,7.317,7.336,7.354,7.374,7.394,7.413,7.425,7.447,7.47,7.491,7.512,7.529,7.55,7.567,7.587,7.604,7.62,7.643,7.662,7.683,7.699,7.716,7.732,7.752,7.771,7.789,7.815,7.834,7.86,7.878,7.898,7.917,7.935,7.954,7.974,8.006,8.023,8.046,8.069,8.095,8.115,8.143,8.175,8.205,8.235,8.266,8.291,8.329,8.368,8.402,8.442,8.485,8.535,8.592,8.657,8.721,8.808,8.904,9.047,9.218,9.853
293,OTH FP,5.205,5.701,5.941,6.087,6.175,6.257,6.329,6.413,6.469,6.505,6.547,6.589,6.638,6.674,6.701,6.734,6.765,6.788,6.814,6.847,6.872,6.903,6.928,6.948,6.97,6.998,7.02,7.044,7.064,7.086,7.106,7.129,7.15,7.165,7.195,7.21,7.228,7.251,7.277,7.294,7.317,7.336,7.354,7.374,7.394,7.413,7.425,7.447,7.47,7.491,7.512,7.529,7.55,7.567,7.587,7.604,7.62,7.643,7.662,7.683,7.699,7.716,7.732,7.752,7.771,7.789,7.815,7.834,7.86,7.878,7.898,7.917,7.935,7.954,7.974,8.006,8.023,8.046,8.069,8.095,8.115,8.143,8.175,8.205,8.235,8.266,8.291,8.329,8.368,8.402,8.442,8.485,8.535,8.592,8.657,8.721,8.808,8.904,9.047,9.218,9.853
294,OTH FP,5.302,5.904,6.09,6.191,6.263,6.362,6.435,6.492,6.541,6.593,6.632,6.67,6.715,6.752,6.781,6.812,6.84,6.872,6.898,6.923,6.945,6.969,6.991,7.015,7.042,7.066,7.093,7.115,7.135,7.157,7.179,7.204,7.223,7.247,7.265,7.285,7.303,7.321,7.339,7.354,7.377,7.399,7.417,7.431,7.45,7.475,7.493,7.504,7.521,7.539,7.559,7.574,7.59,7.606,7.623,7.641,7.654,7.669,7.684,7.703,7.72,7.748,7.762,7.782,7.803,7.824,7.842,7.861,7.884,7.903,7.929,7.945,7.966,7.987,8.012,8.029,8.048,8.081,8.109,8.128,8.156,8.184,8.217,8.237,8.265,8.295,8.331,8.36,8.383,8.414,8.459,8.501,8.544,8.586,8.647,8.715,8.794,8.888,9.041,9.225,9.919
295,OTH FP,5.302,5.904,6.09,6.191,6.263,6.362,6.435,6.492,6.541,6.593,6.632,6.67,6.715,6.752,6.781,6.812,6.84,6.872,6.898,6.923,6.945,6.969,6.991,7.015,7.042,7.066,7.093,7.115,7.135,7.157,7.179,7.204,7.223,7.247,7.265,7.285,7.303,7.321,7.339,7.354,7.377,7.399,7.417,7.431,7.45,7.475,7.493,7.504,7.521,7.539,7.559,7.574,7.59,7.606,7.623,7.641,7.654,7.669,7.684,7.703,7.72,7.748,7.762,7.782,7.803,7.824,7.842,7.861,7.884,7.903,7.929,7.945,7.966,7.987,8.012,8.029,8.048,8.081,8.109,8.128,8.156,8.184,8.217,8.237,8.265,8.295,8.331,8.36,8.383,8.414,8.459,8.501,8.544,8.586,8.647,8.715,8.794,8.888,9.041,9.225,9.919
296,OTH FP,5.295,5.877,6.022,6.158,6.259,6.357,6.415,6.488,6.532,6.566,6.618,6.665,6.711,6.752,6.78,6.816,6.851,6.881,6.908,6.933,6.957,6.984,7.01,7.032,7.054,7.081,7.105,7.124,7.146,7.168,7.193,7.218,7.24,7.256,7.275,7.294,7.314,7.335,7.354,7.371,7.39,7.407,7.43,7.447,7.461,7.48,7.511,7.53,7.553,7.574,7.597,7.614,7.632,7.646,7.67,7.689,7.703,7.719,7.74,7.756,7.779,7.802,7.825,7.843,7.864,7.878,7.896,7.919,7.941,7.962,7.983,8.005,8.022,8.042,8.068,8.091,8.115,8.14,8.171,8.199,8.227,8.25,8.269,8.297,8.324,8.357,8.393,8.429,8.462,8.499,8.545,8.584,8.628,8.682,8.752,8.849,8.922,9.007,9.156,9.362,9.998
297,OTH FP,5.295,5.877,6.022,6.158,6.259,6.357,6.415,6.488,6.532,6.566,6.618,6.665,6.711,6.752,6.78,6.816,6.851,6.881,6.908,6.933,6.957,6.984,7.01,7.032,7.054,7.081,7.105,7.124,7.146,7.168,7.193,7.218,7.24,7.256,7.275,7.294,7.314,7.335,7.354,7.371,7.39,7.407,7.43,7.447,7.461,7.48,7.511,7.53,7.553,7.574,7.597,7.614,7.632,7.646,7.67,7.689,7.703,7.719,7.74,7.756,7.779,7.802,7.825,7.843,7.864,7.878,7.896,7.919,7.941,7.962,7.983,8.005,8.022,8.042,8.068,8.091,8.115,8.14,8.171,8.199,8.227,8.25,8.269,8.297,8.324,8.357,8.393,8.429,8.462,8.499,8.545,8.584,8.628,8.682,8.752,8.849,8.922,9.007,9.156,9.362,9.998
298,OTH FP,5.378,5.92,6.076,6.2,6.29,6.387,6.439,6.481,6.532,6.586,6.63,6.681,6.718,6.754,6.792,6.827,6.86,6.904,6.929,6.951,6.976,6.996,7.022,7.052,7.073,7.102,7.123,7.153,7.181,7.203,7.227,7.257,7.282,7.304,7.325,7.344,7.368,7.385,7.413,7.434,7.456,7.48,7.498,7.523,7.542,7.559,7.579,7.592,7.607,7.626,7.646,7.671,7.686,7.711,7.728,7.748,7.768,7.786,7.803,7.825,7.844,7.869,7.892,7.911,7.929,7.958,7.978,7.995,8.013,8.035,8.058,8.079,8.101,8.124,8.155,8.175,8.198,8.225,8.249,8.281,8.302,8.332,8.351,8.373,8.402,8.437,8.469,8.505,8.537,8.574,8.619,8.667,8.716,8.775,8.84,8.915,8.99,9.072,9.199,9.403,10.067
299,OTH FP,5.378,5.92,6.076,6.2,6.29,6.387,6.439,6.481,6.532,6.586,6.63,6.681,6.718,6.754,6.792,6.827,6.86,6.904,6.929,6.951,6.976,6.996,7.022,7.052,7.073,7.102,7.123,7.153,7.181,7.203,7.227,7.257,7.282,7.304,7.325,7.344,7.368,7.385,7.413,7.434,7.456,7.48,7.498,7.523,7.542,7.559,7.579,7.592,7.607,7.626,7.646,7.671,7.686,7.711,7.728,7.748,7.768,7.786,7.803,7.825,7.844,7.869,7.892,7.911,7.929,7.958,7.978,7.995,8.013,8.035,8.058,8.079,8.101,8.124,8.155,8.175,8.198,8.225,8.249,8.281,8.302,8.332,8.351,8.373,8.402,8.437,8.469,8.505,8.537,8.574,8.619,8.667,8.716,8.775,8.84,8.915,8.99,9.072,9.199,9.403,10.067
300,OTH FP,5.382,5.886,6.037,6.226,6.315,6.384,6.458,6.525,6.577,6.619,6.653,6.698,6.735,6.78,6.821,6.869,6.904,6.939,6.97,6.993,7.019,7.04,7.062,7.097,7.113,7.14,7.158,7.187,7.221,7.241,7.268,7.291,7.314,7.336,7.353,7.376,7.397,7.418,7.442,7.464,7.48,7.495,7.516,7.539,7.558,7.582,7.608,7.627,7.652,7.676,7.703,7.722,7.739,7.756,7.779,7.796,7.818,7.84,7.857,7.879,7.903,7.923,7.943,7.963,7.983,8.001,8.021,8.043,8.061,8.078,8.098,8.117,8.141,8.162,8.178,8.202,8.223,8.251,8.273,8.304,8.336,8.361,8.381,8.408,8.432,8.466,8.499,8.54,8.57,8.606,8.663,8.716,8.766,8.828,8.88,8.948,9.029,9.148,9.279,9.493,10.038
301,OTH FP,5.382,5.886,6.037,6.226,6.315,6.384,6.458,6.525,6.577,6.619,6.653,6.698,6.735,6.78,6.821,6.869,6.904,6.939,6.97,6.993,7.019,7.04,7.062,7.097,7.113,7.14,7.158,7.187,7.221,7.241,7.268,7.291,7.314,7.336,7.353,7.376,7.397,7.418,7.442,7.464,7.48,7.495,7.516,7.539,7.558,7.582,7.608,7.627,7.652,7.676,7.703,7.722,7.739,7.756,7.779,7.796,7.818,7.84,7.857,7.879,7.903,7.923,7.943,7.963,7.983,8.001,8.021,8.043,8.061,8.078,8.098,8.117,8.141,8.162,8.178,8.202,8.223,8.251,8.273,8.304,8.336,8.361,8.381,8.408,8.432,8.466,8.499,8.54,8.57,8.606,8.663,8.716,8.766,8.828,8.88,8.948,9.029,9.148,9.279,9.493,10.038
302,OTH FP,5.312,5.879,6.128,6.274,6.371,6.456,6.522,6.595,6.649,6.696,6.741,6.777,6.812,6.861,6.887,6.915,6.942,6.973,7.005,7.028,7.056,7.084,7.107,7.133,7.164,7.185,7.209,7.232,7.258,7.287,7.313,7.334,7.358,7.381,7.405,7.424,7.449,7.471,7.5,7.522,7.545,7.566,7.591,7.608,7.622,7.645,7.669,7.686,7.701,7.718,7.741,7.766,7.789,7.805,7.822,7.837,7.855,7.87,7.892,7.911,7.929,7.951,7.97,7.985,8.008,8.025,8.047,8.062,8.084,8.106,8.13,8.152,8.176,8.199,8.222,8.244,8.273,8.299,8.322,8.346,8.376,8.402,8.437,8.463,8.502,8.536,8.572,8.603,8.643,8.68,8.724,8.765,8.811,8.867,8.92,8.995,9.079,9.207,9.359,9.541,10.039
303,OTH FP,5.312,5.879,6.128,6.274,6.371,6.456,6.522,6.595,6.649,6.696,6.741,6.777,6.812,6.861,6.887,6.915,6.942,6.973,7.005,7.028,7.056,7.084,7.107,7.133,7.164,7.185,7.209,7.232,7.258,7.287,7.313,7.334,7.358,7.381,7.405,7.424,7.449,7.471,7.5,7.522,7.545,7.566,7.591,7.608,7.622,7.645,7.669,7.686,7.701,7.718,7.741,7.766,7.789,7.805,7.822,7.837,7.855,7.87,7.892,7.911,7.929,7.951,7.97,7.985,8.008,8.025,8.047,8.062,8.084,8.106,8.13,8.152,8.176,8.199,8.222,8.244,8.273,8.299,8.322,8.346,8.376,8.402,8.437,8.463,8.502,8.536,8.572,8.603,8.643,8.68,8.724,8.765,8.811,8.867,8.92,8.995,9.079,9.207,9.359,9.541,10.039
304,OTH FP,5.353,6.028,6.227,6.368,6.465,6.546,6.593,6.644,6.698,6.759,6.803,6.846,6.885,6.922,6.956,6.985,7.021,7.048,7.069,7.089,7.114,7.142,7.162,7.186,7.211,7.247,7.272,7.292,7.316,7.339,7.362,7.386,7.407,7.431,7.452,7.47,7.493,7.51,7.526,7.55,7.572,7.597,7.619,7.645,7.664,7.683,7.701,7.719,7.734,7.752,7.77,7.787,7.808,7.83,7.851,7.871,7.888,7.907,7.928,7.947,7.967,7.986,8.005,8.025,8.057,8.074,8.096,8.113,8.13,8.16,8.181,8.201,8.227,8.253,8.276,8.297,8.323,8.349,8.364,8.393,8.412,8.436,8.471,8.499,8.536,8.563,8.59,8.625,8.655,8.703,8.751,8.795,8.847,8.908,8.966,9.032,9.114,9.218,9.364,9.604,10.043
305,OTH FP,5.353,6.028,6.227,6.368,6.465,6.546,6.593,6.644,6.698,6.759,6.803,6.846,6.885,6.922,6.956,6.985,7.021,7.048,7.069,7.089,7.114,7.142,7.162,7.186,7.211,7.247,7.272,7.292,7.316,7.339,7.362,7.386,7.407,7.431,7.452,7.47,7.493,7.51,7.526,7.55,7.572,7.597,7.619,7.645,7.664,7.683,7.701,7.719,7.734,7.752,7.77,7.787,7.808,7.83,7.851,7.871,7.888,7.907,7.928,7.947,7.967,7.986,8.005,8.025,8.057,8.074,8.096,8.113,8.13,8.16,8.181,8.201,8.227,8.253,8.276,8.297,8.323,8.349,8.364,8.393,8.412,8.436,8.471,8.499,8.536,8.563,8.59,8.625,8.655,8.703,8.751,8.795,8.847,8.908,8.966,9.032,9.114,9.218,9.364,9.604,10.043
306,OTH FP,5.554,6.113,6.343,6.45,6.553,6.634,6.688,6.747,6.812,6.849,6.887,6.924,6.954,6.981,7.007,7.036,7.063,7.094,7.116,7.149,7.176,7.199,7.223,7.256,7.277,7.299,7.324,7.347,7.373,7.395,7.413,7.436,7.461,7.481,7.5,7.522,7.54,7.557,7.569,7.587,7.604,7.625,7.647,7.661,7.683,7.705,7.723,7.739,7.759,7.781,7.797,7.818,7.842,7.864,7.88,7.899,7.917,7.936,7.963,7.981,7.999,8.016,8.036,8.061,8.077,8.096,8.119,8.14,8.16,8.182,8.21,8.233,8.25,8.273,8.306,8.328,8.35,8.375,8.399,8.424,8.445,8.47,8.5,8.529,8.555,8.59,8.623,8.655,8.703,8.735,8.775,8.821,8.873,8.935,8.982,9.062,9.141,9.226,9.346,9.514,10.218
307,OTH FP,5.554,6.113,6.343,6.45,6.553,6.634,6.688,6.747,6.812,6.849,6.887,6.924,6.954,6.981,7.007,7.036,7.063,7.094,7.116,7.149,7.176,7.199,7.223,7.256,7.277,7.299,7.324,7.347,7.373,7.395,7.413,7.436,7.461,7.481,7.5,7.522,7.54,7.557,7.569,7.587,7.604,7.625,7.647,7.661,7.683,7.705,7.723,7.739,7.759,7.781,7.797,7.818,7.842,7.864,7.88,7.899,7.917,7.936,7.963,7.981,7.999,8.016,8.036,8.061,8.077,8.096,8.119,8.14,8.16,8.182,8.21,8.233,8.25,8.273,8.306,8.328,8.35,8.375,8.399,8.424,8.445,8.47,8.5,8.529,8.555,8.59,8.623,8.655,8.703,8.735,8.775,8.821,8.873,8.935,8.982,9.062,9.141,9.226,9.346,9.514,10.218
308,OTH FP,5.693,6.229,6.427,6.529,6.622,6.696,6.763,6.836,6.886,6.925,6.964,7.0,7.032,7.06,7.097,7.125,7.157,7.188,7.209,7.238,7.256,7.28,7.304,7.326,7.35,7.366,7.39,7.413,7.44,7.468,7.493,7.51,7.524,7.541,7.561,7.577,7.595,7.612,7.63,7.648,7.669,7.684,7.696,7.718,7.733,7.762,7.78,7.792,7.806,7.826,7.841,7.864,7.89,7.906,7.928,7.946,7.962,7.977,7.994,8.008,8.027,8.046,8.067,8.083,8.098,8.12,8.139,8.154,8.177,8.198,8.213,8.24,8.261,8.281,8.305,8.332,8.357,8.385,8.405,8.432,8.457,8.488,8.506,8.527,8.559,8.591,8.624,8.665,8.713,8.752,8.783,8.822,8.861,8.912,8.967,9.027,9.093,9.184,9.323,9.536,10.0
309,OTH FP,5.693,6.229,6.427,6.529,6.622,6.696,6.763,6.836,6.886,6.925,6.964,7.0,7.032,7.06,7.097,7.125,7.157,7.188,7.209,7.238,7.256,7.28,7.304,7.326,7.35,7.366,7.39,7.413,7.44,7.468,7.493,7.51,7.524,7.541,7.561,7.577,7.595,7.612,7.63,7.648,7.669,7.684,7.696,7.718,7.733,7.762,7.78,7.792,7.806,7.826,7.841,7.864,7.89,7.906,7.928,7.946,7.962,7.977,7.994,8.008,8.027,8.046,8.067,8.083,8.098,8.12,8.139,8.154,8.177,8.198,8.213,8.24,8.261,8.281,8.305,8.332,8.357,8.385,8.405,8.432,8.457,8.488,8.506,8.527,8.559,8.591,8.624,8.665,8.713,8.752,8.783,8.822,8.861,8.912,8.967,9.027,9.093,9.184,9.323,9.536,10.0
310,OTH FP,5.658,6.191,6.404,6.528,6.628,6.713,6.771,6.84,6.885,6.931,6.985,7.03,7.064,7.098,7.131,7.157,7.183,7.204,7.224,7.254,7.277,7.302,7.321,7.351,7.377,7.403,7.429,7.448,7.465,7.486,7.508,7.529,7.556,7.578,7.599,7.617,7.633,7.653,7.675,7.692,7.713,7.729,7.745,7.764,7.78,7.803,7.826,7.841,7.864,7.88,7.895,7.913,7.934,7.952,7.971,7.991,8.009,8.028,8.04,8.065,8.089,8.11,8.128,8.152,8.165,8.19,8.209,8.229,8.255,8.281,8.305,8.326,8.346,8.367,8.39,8.407,8.439,8.463,8.486,8.518,8.545,8.571,8.606,8.629,8.66,8.686,8.723,8.765,8.796,8.83,8.87,8.916,8.957,9.019,9.062,9.128,9.199,9.286,9.433,9.654,10.172
311,OTH FP,5.658,6.191,6.404,6.528,6.628,6.713,6.771,6.84,6.885,6.931,6.985,7.03,7.064,7.098,7.131,7.157,7.183,7.204,7.224,7.254,7.277,7.302,7.321,7.351,7.377,7.403,7.429,7.448,7.465,7.486,7.508,7.529,7.556,7.578,7.599,7.617,7.633,7.653,7.675,7.692,7.713,7.729,7.745,7.764,7.78,7.803,7.826,7.841,7.864,7.88,7.895,7.913,7.934,7.952,7.971,7.991,8.009,8.028,8.04,8.065,8.089,8.11,8.128,8.152,8.165,8.19,8.209,8.229,8.255,8.281,8.305,8.326,8.346,8.367,8.39,8.407,8.439,8.463,8.486,8.518,8.545,8.571,8.606,8.629,8.66,8.686,8.723,8.765,8.796,8.83,8.87,8.916,8.957,9.019,9.062,9.128,9.199,9.286,9.433,9.654,10.172
312,OTH FP,5.766,6.174,6.395,6.551,6.654,6.73,6.793,6.845,6.897,6.943,6.986,7.043,7.081,7.113,7.142,7.173,7.2,7.233,7.259,7.282,7.312,7.332,7.356,7.388,7.411,7.435,7.455,7.478,7.504,7.526,7.551,7.574,7.595,7.613,7.637,7.656,7.682,7.701,7.723,7.745,7.764,7.781,7.798,7.818,7.836,7.851,7.871,7.891,7.911,7.929,7.955,7.972,7.989,8.007,8.027,8.043,8.058,8.077,8.099,8.128,8.147,8.17,8.188,8.209,8.233,8.254,8.277,8.297,8.32,8.343,8.363,8.385,8.415,8.442,8.463,8.483,8.505,8.529,8.557,8.575,8.604,8.631,8.654,8.69,8.717,8.748,8.788,8.829,8.863,8.903,8.941,8.977,9.045,9.09,9.16,9.241,9.324,9.42,9.551,9.744,10.256
313,OTH FP,5.766,6.174,6.395,6.551,6.654,6.73,6.793,6.845,6.897,6.943,6.986,7.043,7.081,7.113,7.142,7.173,7.2,7.233,7.259,7.282,7.312,7.332,7.356,7.388,7.411,7.435,7.455,7.478,7.504,7.526,7.551,7.574,7.595,7.613,7.637,7.656,7.682,7.701,7.723,7.745,7.764,7.781,7.798,7.818,7.836,7.851,7.871,7.891,7.911,7.929,7.955,7.972,7.989,8.007,8.027,8.043,8.058,8.077,8.099,8.128,8.147,8.17,8.188,8.209,8.233,8.254,8.277,8.297,8.32,8.343,8.363,8.385,8.415,8.442,8.463,8.483,8.505,8.529,8.557,8.575,8.604,8.631,8.654,8.69,8.717,8.748,8.788,8.829,8.863,8.903,8.941,8.977,9.045,9.09,9.16,9.241,9.324,9.42,9.551,9.744,10.256
314,OTH FP,5.694,6.216,6.419,6.557,6.679,6.755,6.824,6.876,6.939,7.003,7.065,7.094,7.129,7.162,7.195,7.231,7.258,7.286,7.315,7.342,7.371,7.397,7.421,7.446,7.465,7.485,7.511,7.528,7.55,7.566,7.589,7.613,7.641,7.666,7.688,7.71,7.73,7.748,7.767,7.791,7.815,7.838,7.853,7.872,7.889,7.908,7.926,7.946,7.968,7.986,8.008,8.023,8.043,8.067,8.087,8.105,8.124,8.14,8.159,8.186,8.208,8.228,8.246,8.268,8.28,8.298,8.319,8.347,8.369,8.388,8.413,8.434,8.462,8.484,8.504,8.527,8.551,8.574,8.598,8.624,8.647,8.676,8.707,8.74,8.77,8.807,8.84,8.864,8.905,8.957,9.006,9.053,9.097,9.159,9.21,9.288,9.344,9.447,9.652,9.89,10.393
315,OTH FP,5.694,6.216,6.419,6.557,6.679,6.755,6.824,6.876,6.939,7.003,7.065,7.094,7.129,7.162,7.195,7.231,7.258,7.286,7.315,7.342,7.371,7.397,7.421,7.446,7.465,7.485,7.511,7.528,7.55,7.566,7.589,7.613,7.641,7.666,7.688,7.71,7.73,7.748,7.767,7.791,7.815,7.838,7.853,7.872,7.889,7.908,7.926,7.946,7.968,7.986,8.008,8.023,8.043,8.067,8.087,8.105,8.124,8.14,8.159,8.186,8.208,8.228,8.246,8.268,8.28,8.298,8.319,8.347,8.369,8.388,8.413,8.434,8.462,8.484,8.504,8.527,8.551,8.574,8.598,8.624,8.647,8.676,8.707,8.74,8.77,8.807,8.84,8.864,8.905,8.957,9.006,9.053,9.097,9.159,9.21,9.288,9.344,9.447,9.652,9.89,10.393
316,OTH FP,5.699,6.316,6.489,6.635,6.729,6.811,6.885,6.943,7.006,7.048,7.097,7.141,7.18,7.21,7.243,7.278,7.303,7.33,7.361,7.383,7.41,7.439,7.469,7.49,7.52,7.542,7.57,7.592,7.616,7.641,7.66,7.683,7.708,7.732,7.752,7.773,7.792,7.818,7.838,7.858,7.876,7.894,7.916,7.938,7.956,7.976,8.001,8.019,8.037,8.057,8.075,8.096,8.114,8.127,8.141,8.165,8.182,8.205,8.226,8.243,8.262,8.285,8.304,8.323,8.34,8.365,8.387,8.404,8.424,8.45,8.469,8.488,8.512,8.535,8.552,8.575,8.598,8.635,8.656,8.681,8.709,8.737,8.77,8.794,8.828,8.855,8.89,8.919,8.96,8.999,9.041,9.078,9.122,9.176,9.249,9.318,9.405,9.496,9.646,9.934,10.518
317,OTH FP,5.699,6.316,6.489,6.635,6.729,6.811,6.885,6.943,7.006,7.048,7.097,7.141,7.18,7.21,7.243,7.278,7.303,7.33,7.361,7.383,7.41,7.439,7.469,7.49,7.52,7.542,7.57,7.592,7.616,7.641,7.66,7.683,7.708,7.732,7.752,7.773,7.792,7.818,7.838,7.858,7.876,7.894,7.916,7.938,7.956,7.976,8.001,8.019,8.037,8.057,8.075,8.096,8.114,8.127,8.141,8.165,8.182,8.205,8.226,8.243,8.262,8.285,8.304,8.323,8.34,8.365,8.387,8.404,8.424,8.45,8.469,8.488,8.512,8.535,8.552,8.575,8.598,8.635,8.656,8.681,8.709,8.737,8.77,8.794,8.828,8.855,8.89,8.919,8.96,8.999,9.041,9.078,9.122,9.176,9.249,9.318,9.405,9.496,9.646,9.934,10.518
318,OTH FP,5.744,6.373,6.57,6.714,6.827,6.889,6.967,7.034,7.083,7.13,7.164,7.203,7.248,7.284,7.313,7.365,7.393,7.416,7.442,7.467,7.492,7.508,7.534,7.562,7.579,7.601,7.626,7.649,7.673,7.697,7.718,7.738,7.763,7.789,7.809,7.835,7.855,7.879,7.901,7.917,7.937,7.96,7.979,7.997,8.017,8.031,8.052,8.067,8.084,8.104,8.122,8.141,8.162,8.183,8.199,8.217,8.236,8.253,8.272,8.294,8.312,8.33,8.349,8.369,8.39,8.41,8.428,8.446,8.463,8.488,8.509,8.533,8.555,8.579,8.603,8.63,8.655,8.682,8.711,8.737,8.757,8.788,8.814,8.839,8.86,8.885,8.911,8.937,8.976,9.016,9.058,9.096,9.138,9.199,9.255,9.309,9.393,9.524,9.712,9.953,10.623
319,OTH FP,5.744,6.373,6.57,6.714,6.827,6.889,6.967,7.034,7.083,7.13,7.164,7.203,7.248,7.284,7.313,7.365,7.393,7.416,7.442,7.467,7.492,7.508,7.534,7.562,7.579,7.601,7.626,7.649,7.673,7.697,7.718,7.738,7.763,7.789,7.809,7.835,7.855,7.879,7.901,7.917,7.937,7.96,7.979,7.997,8.017,8.031,8.052,8.067,8.084,8.104,8.122,8.141,8.162,8.183,8.199,8.217,8.236,8.253,8.272,8.294,8.312,8.33,8.349,8.369,8.39,8.41,8.428,8.446,8.463,8.488,8.509,8.533,8.555,8.579,8.603,8.63,8.655,8.682,8.711,8.737,8.757,8.788,8.814,8.839,8.86,8.885,8.911,8.937,8.976,9.016,9.058,9.096,9.138,9.199,9.255,9.309,9.393,9.524,9.712,9.953,10.623
320,OTH FP,5.923,6.494,6.681,6.791,6.913,7.008,7.051,7.113,7.175,7.217,7.25,7.298,7.34,7.371,7.401,7.424,7.455,7.482,7.512,7.545,7.565,7.589,7.616,7.642,7.665,7.688,7.712,7.731,7.752,7.768,7.793,7.814,7.84,7.864,7.881,7.897,7.914,7.938,7.953,7.973,7.994,8.013,8.029,8.052,8.071,8.092,8.109,8.128,8.147,8.164,8.175,8.194,8.209,8.226,8.243,8.261,8.274,8.291,8.311,8.327,8.339,8.356,8.375,8.398,8.419,8.447,8.467,8.49,8.51,8.532,8.548,8.562,8.577,8.596,8.619,8.646,8.671,8.693,8.717,8.741,8.767,8.797,8.828,8.865,8.892,8.916,8.945,8.98,9.016,9.054,9.097,9.14,9.181,9.239,9.297,9.37,9.454,9.568,9.684,9.938,10.702
321,OTH FP,5.923,6.494,6.681,6.791,6.913,7.008,7.051,7.113,7.175,7.217,7.25,7.298,7.34,7.371,7.401,7.424,7.455,7.482,7.512,7.545,7.565,7.589,7.616,7.642,7.665,7.688,7.712,7.731,7.752,7.768,7.793,7.814,7.84,7.864,7.881,7.897,7.914,7.938,7.953,7.973,7.994,8.013,8.029,8.052,8.071,8.092,8.109,8.128,8.147,8.164,8.175,8.194,8.209,8.226,8.243,8.261,8.274,8.291,8.311,8.327,8.339,8.356,8.375,8.398,8.419,8.447,8.467,8.49,8.51,8.532,8.548,8.562,8.577,8.596,8.619,8.646,8.671,8.693,8.717,8.741,8.767,8.797,8.828,8.865,8.892,8.916,8.945,8.98,9.016,9.054,9.097,9.14,9.181,9.239,9.297,9.37,9.454,9.568,9.684,9.938,10.702
322,OTH FP,6.004,6.606,6.783,6.916,6.999,7.076,7.155,7.209,7.268,7.319,7.361,7.398,7.428,7.459,7.495,7.526,7.553,7.582,7.606,7.629,7.652,7.673,7.696,7.718,7.741,7.758,7.779,7.793,7.818,7.84,7.87,7.89,7.908,7.926,7.95,7.968,7.986,8.005,8.023,8.042,8.066,8.081,8.105,8.12,8.137,8.155,8.174,8.185,8.205,8.222,8.238,8.251,8.269,8.284,8.299,8.315,8.333,8.347,8.368,8.388,8.4,8.422,8.436,8.452,8.465,8.484,8.499,8.515,8.536,8.555,8.576,8.59,8.615,8.634,8.659,8.685,8.711,8.74,8.767,8.788,8.808,8.833,8.858,8.892,8.918,8.952,8.983,9.017,9.062,9.097,9.137,9.192,9.24,9.286,9.338,9.399,9.466,9.56,9.725,9.934,10.478
323,OTH FP,6.004,6.606,6.783,6.916,6.999,7.076,7.155,7.209,7.268,7.319,7.361,7.398,7.428,7.459,7.495,7.526,7.553,7.582,7.606,7.629,7.652,7.673,7.696,7.718,7.741,7.758,7.779,7.793,7.818,7.84,7.87,7.89,7.908,7.926,7.95,7.968,7.986,8.005,8.023,8.042,8.066,8.081,8.105,8.12,8.137,8.155,8.174,8.185,8.205,8.222,8.238,8.251,8.269,8.284,8.299,8.315,8.333,8.347,8.368,8.388,8.4,8.422,8.436,8.452,8.465,8.484,8.499,8.515,8.536,8.555,8.576,8.59,8.615,8.634,8.659,8.685,8.711,8.74,8.767,8.788,8.808,8.833,8.858,8.892,8.918,8.952,8.983,9.017,9.062,9.097,9.137,9.192,9.24,9.286,9.338,9.399,9.466,9.56,9.725,9.934,10.478
324,OTH FP,5.955,6.499,6.718,6.866,6.954,7.045,7.12,7.161,7.215,7.249,7.293,7.33,7.362,7.4,7.435,7.468,7.5,7.531,7.559,7.59,7.616,7.651,7.684,7.706,7.724,7.748,7.766,7.789,7.809,7.835,7.854,7.873,7.891,7.908,7.933,7.953,7.976,8.0,8.021,8.042,8.065,8.084,8.103,8.121,8.139,8.154,8.17,8.186,8.206,8.22,8.237,8.258,8.278,8.295,8.312,8.33,8.344,8.36,8.38,8.397,8.413,8.428,8.449,8.467,8.483,8.506,8.525,8.542,8.558,8.583,8.603,8.631,8.651,8.676,8.701,8.728,8.746,8.77,8.793,8.817,8.847,8.88,8.906,8.936,8.964,9.0,9.031,9.06,9.093,9.125,9.174,9.215,9.254,9.307,9.375,9.466,9.551,9.636,9.77,10.004,10.386
325,OTH FP,5.955,6.499,6.718,6.866,6.954,7.045,7.12,7.161,7.215,7.249,7.293,7.33,7.362,7.4,7.435,7.468,7.5,7.531,7.559,7.59,7.616,7.651,7.684,7.706,7.724,7.748,7.766,7.789,7.809,7.835,7.854,7.873,7.891,7.908,7.933,7.953,7.976,8.0,8.021,8.042,8.065,8.084,8.103,8.121,8.139,8.154,8.17,8.186,8.206,8.22,8.237,8.258,8.278,8.295,8.312,8.33,8.344,8.36,8.38,8.397,8.413,8.428,8.449,8.467,8.483,8.506,8.525,8.542,8.558,8.583,8.603,8.631,8.651,8.676,8.701,8.728,8.746,8.77,8.793,8.817,8.847,8.88,8.906,8.936,8.964,9.0,9.031,9.06,9.093,9.125,9.174,9.215,9.254,9.307,9.375,9.466,9.551,9.636,9.77,10.004,10.386
326,OTH FP,5.971,6.508,6.689,6.802,6.912,7.019,7.081,7.14,7.202,7.249,7.287,7.328,7.363,7.404,7.441,7.475,7.508,7.528,7.554,7.582,7.6,7.633,7.658,7.689,7.71,7.729,7.756,7.774,7.805,7.83,7.858,7.874,7.89,7.909,7.929,7.946,7.962,7.987,8.005,8.029,8.048,8.069,8.087,8.106,8.124,8.147,8.175,8.197,8.214,8.231,8.251,8.27,8.286,8.302,8.32,8.336,8.355,8.368,8.383,8.401,8.422,8.44,8.455,8.469,8.484,8.506,8.535,8.555,8.574,8.595,8.614,8.636,8.653,8.676,8.7,8.722,8.746,8.765,8.792,8.819,8.85,8.877,8.901,8.928,8.96,8.998,9.034,9.076,9.102,9.134,9.185,9.24,9.284,9.334,9.396,9.442,9.538,9.65,9.824,10.028,10.462
327,OTH FP,5.971,6.508,6.689,6.802,6.912,7.019,7.081,7.14,7.202,7.249,7.287,7.328,7.363,7.404,7.441,7.475,7.508,7.528,7.554,7.582,7.6,7.633,7.658,7.689,7.71,7.729,7.756,7.774,7.805,7.83,7.858,7.874,7.89,7.909,7.929,7.946,7.962,7.987,8.005,8.029,8.048,8.069,8.087,8.106,8.124,8.147,8.175,8.197,8.214,8.231,8.251,8.27,8.286,8.302,8.32,8.336,8.355,8.368,8.383,8.401,8.422,8.44,8.455,8.469,8.484,8.506,8.535,8.555,8.574,8.595,8.614,8.636,8.653,8.676,8.7,8.722,8.746,8.765,8.792,8.819,8.85,8.877,8.901,8.928,8.96,8.998,9.034,9.076,9.102,9.134,9.185,9.24,9.284,9.334,9.396,9.442,9.538,9.65,9.824,10.028,10.462
328,OTH FP,6.117,6.497,6.695,6.829,6.935,7.024,7.079,7.123,7.169,7.22,7.271,7.316,7.362,7.394,7.438,7.473,7.5,7.533,7.554,7.579,7.612,7.636,7.665,7.69,7.715,7.74,7.768,7.791,7.813,7.838,7.86,7.878,7.897,7.917,7.937,7.959,7.979,7.997,8.018,8.036,8.061,8.076,8.096,8.114,8.134,8.148,8.169,8.189,8.208,8.227,8.242,8.264,8.278,8.298,8.315,8.333,8.35,8.374,8.389,8.408,8.423,8.443,8.464,8.487,8.505,8.525,8.547,8.56,8.58,8.597,8.622,8.652,8.673,8.695,8.72,8.747,8.776,8.793,8.821,8.845,8.864,8.888,8.919,8.946,8.969,9.001,9.036,9.074,9.11,9.143,9.189,9.24,9.281,9.342,9.404,9.485,9.574,9.664,9.796,9.982,10.445
329,OTH FP,6.117,6.497,6.695,6.829,6.935,7.024,7.079,7.123,7.169,7.22,7.271,7.316,7.362,7.394,7.438,7.473,7.5,7.533,7.554,7.579,7.612,7.636,7.665,7.69,7.715,7.74,7.768,7.791,7.813,7.838,7.86,7.878,7.897,7.917,7.937,7.959,7.979,7.997,8.018,8.036,8.061,8.076,8.096,8.114,8.134,8.148,8.169,8.189,8.208,8.227,8.242,8.264,8.278,8.298,8.315,8.333,8.35,8.374,8.389,8.408,8.423,8.443,8.464,8.487,8.505,8.525,8.547,8.56,8.58,8.597,8.622,8.652,8.673,8.695,8.72,8.747,8.776,8.793,8.821,8.845,8.864,8.888,8.919,8.946,8.969,9.001,9.036,9.074,9.11,9.143,9.189,9.24,9.281,9.342,9.404,9.485,9.574,9.664,9.796,9.982,10.445
330,OTH FP,5.977,6.544,6.738,6.833,6.953,7.016,7.081,7.148,7.197,7.252,7.293,7.332,7.376,7.419,7.45,7.48,7.515,7.543,7.569,7.593,7.627,7.658,7.677,7.703,7.723,7.748,7.769,7.79,7.818,7.84,7.861,7.88,7.903,7.929,7.953,7.973,7.991,8.015,8.035,8.053,8.07,8.085,8.103,8.119,8.138,8.153,8.167,8.184,8.199,8.218,8.236,8.255,8.27,8.285,8.301,8.324,8.335,8.354,8.372,8.393,8.413,8.435,8.455,8.474,8.497,8.52,8.541,8.566,8.586,8.606,8.627,8.645,8.665,8.686,8.708,8.731,8.759,8.778,8.805,8.827,8.854,8.882,8.909,8.945,8.971,9.009,9.048,9.075,9.116,9.157,9.196,9.237,9.273,9.337,9.382,9.444,9.512,9.603,9.726,9.928,10.632
331,OTH FP,5.977,6.544,6.738,6.833,6.953,7.016,7.081,7.148,7.197,7.252,7.293,7.332,7.376,7.419,7.45,7.48,7.515,7.543,7.569,7.593,7.627,7.658,7.677,7.703,7.723,7.748,7.769,7.79,7.818,7.84,7.861,7.88,7.903,7.929,7.953,7.973,7.991,8.015,8.035,8.053,8.07,8.085,8.103,8.119,8.138,8.153,8.167,8.184,8.199,8.218,8.236,8.255,8.27,8.285,8.301,8.324,8.335,8.354,8.372,8.393,8.413,8.435,8.455,8.474,8.497,8.52,8.541,8.566,8.586,8.606,8.627,8.645,8.665,8.686,8.708,8.731,8.759,8.778,8.805,8.827,8.854,8.882,8.909,8.945,8.971,9.009,9.048,9.075,9.116,9.157,9.196,9.237,9.273,9.337,9.382,9.444,9.512,9.603,9.726,9.928,10.632
332,OTH FP,5.982,6.574,6.75,6.888,6.986,7.077,7.149,7.21,7.261,7.313,7.345,7.384,7.416,7.448,7.476,7.51,7.538,7.559,7.586,7.621,7.656,7.684,7.707,7.735,7.765,7.789,7.812,7.829,7.854,7.871,7.893,7.918,7.937,7.958,7.973,7.99,8.007,8.024,8.039,8.056,8.072,8.086,8.108,8.122,8.141,8.158,8.177,8.196,8.213,8.236,8.255,8.27,8.286,8.305,8.32,8.333,8.348,8.363,8.388,8.408,8.43,8.445,8.464,8.487,8.504,8.519,8.537,8.552,8.569,8.589,8.61,8.63,8.649,8.667,8.686,8.709,8.737,8.761,8.782,8.799,8.82,8.858,8.882,8.911,8.946,8.966,8.998,9.029,9.069,9.112,9.16,9.185,9.214,9.261,9.322,9.379,9.46,9.579,9.667,9.95,10.56
333,OTH FP,5.982,6.574,6.75,6.888,6.986,7.077,7.149,7.21,7.261,7.313,7.345,7.384,7.416,7.448,7.476,7.51,7.538,7.559,7.586,7.621,7.656,7.684,7.707,7.735,7.765,7.789,7.812,7.829,7.854,7.871,7.893,7.918,7.937,7.958,7.973,7.99,8.007,8.024,8.039,8.056,8.072,8.086,8.108,8.122,8.141,8.158,8.177,8.196,8.213,8.236,8.255,8.27,8.286,8.305,8.32,8.333,8.348,8.363,8.388,8.408,8.43,8.445,8.464,8.487,8.504,8.519,8.537,8.552,8.569,8.589,8.61,8.63,8.649,8.667,8.686,8.709,8.737,8.761,8.782,8.799,8.82,8.858,8.882,8.911,8.946,8.966,8.998,9.029,9.069,9.112,9.16,9.185,9.214,9.261,9.322,9.379,9.46,9.579,9.667,9.95,10.56
334,OTH FP,5.955,6.639,6.832,6.981,7.095,7.154,7.204,7.268,7.317,7.351,7.386,7.417,7.456,7.498,7.531,7.558,7.58,7.604,7.624,7.653,7.681,7.702,7.722,7.743,7.766,7.787,7.806,7.826,7.847,7.861,7.884,7.906,7.92,7.935,7.956,7.967,7.987,8.005,8.018,8.033,8.05,8.074,8.095,8.113,8.13,8.149,8.166,8.182,8.195,8.212,8.227,8.246,8.267,8.282,8.3,8.318,8.336,8.352,8.369,8.388,8.408,8.425,8.443,8.461,8.478,8.494,8.514,8.533,8.554,8.573,8.599,8.618,8.631,8.652,8.674,8.703,8.726,8.75,8.769,8.791,8.816,8.847,8.868,8.895,8.922,8.946,8.97,8.999,9.028,9.066,9.108,9.144,9.182,9.222,9.269,9.332,9.39,9.489,9.614,9.821,10.482
335,OTH FP,5.955,6.639,6.832,6.981,7.095,7.154,7.204,7.268,7.317,7.351,7.386,7.417,7.456,7.498,7.531,7.558,7.58,7.604,7.624,7.653,7.681,7.702,7.722,7.743,7.766,7.787,7.806,7.826,7.847,7.861,7.884,7.906,7.92,7.935,7.956,7.967,7.987,8.005,8.018,8.033,8.05,8.074,8.095,8.113,8.13,8.149,8.166,8.182,8.195,8.212,8.227,8.246,8.267,8.282,8.3,8.318,8.336,8.352,8.369,8.388,8.408,8.425,8.443,8.461,8.478,8.494,8.514,8.533,8.554,8.573,8.599,8.618,8.631,8.652,8.674,8.703,8.726,8.75,8.769,8.791,8.816,8.847,8.868,8.895,8.922,8.946,8.97,8.999,9.028,9.066,9.108,9.144,9.182,9.222,9.269,9.332,9.39,9.489,9.614,9.821,10.482
336,OTH FP,6.222,6.759,6.91,7.08,7.155,7.213,7.268,7.334,7.381,7.42,7.452,7.484,7.508,7.542,7.574,7.595,7.618,7.642,7.659,7.687,7.71,7.726,7.744,7.763,7.783,7.803,7.819,7.836,7.855,7.872,7.891,7.911,7.931,7.948,7.967,7.982,7.999,8.017,8.037,8.054,8.068,8.085,8.101,8.118,8.136,8.153,8.173,8.191,8.208,8.222,8.236,8.251,8.268,8.285,8.305,8.322,8.336,8.352,8.365,8.382,8.399,8.415,8.43,8.449,8.465,8.479,8.492,8.507,8.525,8.536,8.554,8.574,8.594,8.615,8.635,8.651,8.675,8.697,8.713,8.734,8.752,8.772,8.8,8.83,8.849,8.883,8.912,8.936,8.965,9.0,9.035,9.078,9.117,9.152,9.187,9.236,9.307,9.394,9.507,9.709,10.143
337,OTH FP,6.222,6.759,6.91,7.08,7.155,7.213,7.268,7.334,7.381,7.42,7.452,7.484,7.508,7.542,7.574,7.595,7.618,7.642,7.659,7.687,7.71,7.726,7.744,7.763,7.783,7.803,7.819,7.836,7.855,7.872,7.891,7.911,7.931,7.948,7.967,7.982,7.999,8.017,8.037,8.054,8.068,8.085,8.101,8.118,8.136,8.153,8.173,8.191,8.208,8.222,8.236,8.251,8.268,8.285,8.305,8.322,8.336,8.352,8.365,8.382,8.399,8.415,8.43,8.449,8.465,8.479,8.492,8.507,8.525,8.536,8.554,8.574,8.594,8.615,8.635,8.651,8.675,8.697,8.713,8.734,8.752,8.772,8.8,8.83,8.849,8.883,8.912,8.936,8.965,9.0,9.035,9.078,9.117,9.152,9.187,9.236,9.307,9.394,9.507,9.709,10.143
338,OTH FP,6.231,6.788,6.946,7.08,7.159,7.257,7.307,7.369,7.413,7.449,7.486,7.517,7.55,7.578,7.607,7.634,7.661,7.679,7.702,7.722,7.747,7.766,7.786,7.809,7.829,7.852,7.872,7.892,7.908,7.926,7.942,7.958,7.975,7.994,8.006,8.02,8.042,8.059,8.077,8.101,8.113,8.129,8.141,8.153,8.175,8.189,8.203,8.217,8.236,8.251,8.268,8.283,8.3,8.319,8.333,8.349,8.363,8.38,8.395,8.412,8.436,8.459,8.475,8.492,8.509,8.525,8.546,8.562,8.577,8.593,8.61,8.627,8.642,8.666,8.689,8.71,8.731,8.748,8.774,8.792,8.811,8.837,8.862,8.88,8.905,8.933,8.958,8.989,9.019,9.051,9.075,9.115,9.163,9.213,9.259,9.321,9.381,9.462,9.565,9.706,10.206
339,OTH FP,6.231,6.788,6.946,7.08,7.159,7.257,7.307,7.369,7.413,7.449,7.486,7.517,7.55,7.578,7.607,7.634,7.661,7.679,7.702,7.722,7.747,7.766,7.786,7.809,7.829,7.852,7.872,7.892,7.908,7.926,7.942,7.958,7.975,7.994,8.006,8.02,8.042,8.059,8.077,8.101,8.113,8.129,8.141,8.153,8.175,8.189,8.203,8.217,8.236,8.251,8.268,8.283,8.3,8.319,8.333,8.349,8.363,8.38,8.395,8.412,8.436,8.459,8.475,8.492,8.509,8.525,8.546,8.562,8.577,8.593,8.61,8.627,8.642,8.666,8.689,8.71,8.731,8.748,8.774,8.792,8.811,8.837,8.862,8.88,8.905,8.933,8.958,8.989,9.019,9.051,9.075,9.115,9.163,9.213,9.259,9.321,9.381,9.462,9.565,9.706,10.206
340,OTH FP,6.353,6.759,6.954,7.064,7.147,7.204,7.266,7.324,7.375,7.419,7.463,7.504,7.532,7.564,7.591,7.62,7.64,7.665,7.695,7.725,7.747,7.769,7.787,7.809,7.829,7.847,7.87,7.889,7.904,7.926,7.948,7.97,7.985,8.0,8.017,8.039,8.056,8.07,8.089,8.11,8.126,8.146,8.165,8.186,8.198,8.214,8.231,8.243,8.26,8.281,8.297,8.313,8.331,8.347,8.363,8.376,8.393,8.417,8.43,8.446,8.46,8.475,8.488,8.506,8.523,8.538,8.562,8.584,8.603,8.62,8.64,8.659,8.677,8.691,8.712,8.736,8.757,8.773,8.803,8.825,8.846,8.875,8.898,8.923,8.959,8.982,9.006,9.036,9.067,9.1,9.127,9.17,9.212,9.256,9.303,9.351,9.431,9.488,9.589,9.756,10.339
341,OTH FP,6.353,6.759,6.954,7.064,7.147,7.204,7.266,7.324,7.375,7.419,7.463,7.504,7.532,7.564,7.591,7.62,7.64,7.665,7.695,7.725,7.747,7.769,7.787,7.809,7.829,7.847,7.87,7.889,7.904,7.926,7.948,7.97,7.985,8.0,8.017,8.039,8.056,8.07,8.089,8.11,8.126,8.146,8.165,8.186,8.198,8.214,8.231,8.243,8.26,8.281,8.297,8.313,8.331,8.347,8.363,8.376,8.393,8.417,8.43,8.446,8.46,8.475,8.488,8.506,8.523,8.538,8.562,8.584,8.603,8.62,8.64,8.659,8.677,8.691,8.712,8.736,8.757,8.773,8.803,8.825,8.846,8.875,8.898,8.923,8.959,8.982,9.006,9.036,9.067,9.1,9.127,9.17,9.212,9.256,9.303,9.351,9.431,9.488,9.589,9.756,10.339
342,OTH FP,6.294,6.736,6.897,7.029,7.123,7.199,7.257,7.318,7.374,7.423,7.459,7.5,7.524,7.552,7.58,7.607,7.638,7.658,7.686,7.712,7.739,7.767,7.786,7.809,7.826,7.849,7.865,7.884,7.896,7.923,7.942,7.962,7.981,7.996,8.018,8.037,8.05,8.063,8.079,8.102,8.119,8.135,8.149,8.17,8.186,8.204,8.219,8.236,8.253,8.27,8.29,8.31,8.327,8.343,8.358,8.377,8.391,8.407,8.421,8.443,8.459,8.483,8.504,8.527,8.55,8.563,8.576,8.594,8.613,8.632,8.657,8.686,8.706,8.723,8.74,8.756,8.786,8.802,8.821,8.847,8.877,8.901,8.926,8.948,8.974,8.996,9.026,9.059,9.095,9.121,9.151,9.187,9.228,9.293,9.348,9.409,9.486,9.571,9.682,9.894,10.482
343,OTH FP,6.294,6.736,6.897,7.029,7.123,7.199,7.257,7.318,7.374,7.423,7.459,7.5,7.524,7.552,7.58,7.607,7.638,7.658,7.686,7.712,7.739,7.767,7.786,7.809,7.826,7.849,7.865,7.884,7.896,7.923,7.942,7.962,7.981,7.996,8.018,8.037,8.05,8.063,8.079,8.102,8.119,8.135,8.149,8.17,8.186,8.204,8.219,8.236,8.253,8.27,8.29,8.31,8.327,8.343,8.358,8.377,8.391,8.407,8.421,8.443,8.459,8.483,8.504,8.527,8.55,8.563,8.576,8.594,8.613,8.632,8.657,8.686,8.706,8.723,8.74,8.756,8.786,8.802,8.821,8.847,8.877,8.901,8.926,8.948,8.974,8.996,9.026,9.059,9.095,9.121,9.151,9.187,9.228,9.293,9.348,9.409,9.486,9.571,9.682,9.894,10.482
344,OTH FP,6.204,6.74,6.89,7.018,7.109,7.198,7.255,7.289,7.343,7.396,7.441,7.483,7.519,7.558,7.594,7.615,7.647,7.674,7.705,7.736,7.76,7.784,7.803,7.827,7.848,7.867,7.89,7.904,7.916,7.933,7.953,7.972,7.991,8.006,8.02,8.043,8.066,8.084,8.098,8.115,8.134,8.154,8.173,8.19,8.208,8.225,8.242,8.259,8.274,8.285,8.305,8.322,8.337,8.357,8.376,8.393,8.411,8.429,8.448,8.467,8.484,8.504,8.518,8.54,8.557,8.576,8.596,8.615,8.631,8.645,8.664,8.688,8.702,8.72,8.742,8.771,8.796,8.817,8.843,8.867,8.887,8.907,8.927,8.953,8.975,8.999,9.032,9.068,9.095,9.141,9.169,9.21,9.263,9.308,9.368,9.425,9.516,9.59,9.729,9.888,10.492
345,OTH FP,6.204,6.74,6.89,7.018,7.109,7.198,7.255,7.289,7.343,7.396,7.441,7.483,7.519,7.558,7.594,7.615,7.647,7.674,7.705,7.736,7.76,7.784,7.803,7.827,7.848,7.867,7.89,7.904,7.916,7.933,7.953,7.972,7.991,8.006,8.02,8.043,8.066,8.084,8.098,8.115,8.134,8.154,8.173,8.19,8.208,8.225,8.242,8.259,8.274,8.285,8.305,8.322,8.337,8.357,8.376,8.393,8.411,8.429,8.448,8.467,8.484,8.504,8.518,8.54,8.557,8.576,8.596,8.615,8.631,8.645,8.664,8.688,8.702,8.72,8.742,8.771,8.796,8.817,8.843,8.867,8.887,8.907,8.927,8.953,8.975,8.999,9.032,9.068,9.095,9.141,9.169,9.21,9.263,9.308,9.368,9.425,9.516,9.59,9.729,9.888,10.492
346,OTH FP,6.3,6.778,6.958,7.079,7.176,7.24,7.294,7.348,7.421,7.458,7.492,7.522,7.56,7.588,7.615,7.644,7.675,7.709,7.733,7.761,7.786,7.811,7.829,7.85,7.869,7.89,7.908,7.928,7.946,7.97,7.99,8.016,8.034,8.048,8.062,8.076,8.096,8.122,8.135,8.152,8.169,8.188,8.204,8.222,8.239,8.254,8.27,8.286,8.3,8.315,8.337,8.354,8.373,8.39,8.406,8.424,8.44,8.459,8.472,8.488,8.499,8.521,8.539,8.556,8.573,8.589,8.606,8.624,8.643,8.662,8.688,8.706,8.725,8.743,8.762,8.78,8.8,8.829,8.852,8.87,8.895,8.918,8.942,8.966,8.986,9.017,9.042,9.07,9.1,9.139,9.178,9.223,9.268,9.317,9.379,9.431,9.518,9.604,9.768,9.929,10.438
347,OTH FP,6.3,6.778,6.958,7.079,7.176,7.24,7.294,7.348,7.421,7.458,7.492,7.522,7.56,7.588,7.615,7.644,7.675,7.709,7.733,7.761,7.786,7.811,7.829,7.85,7.869,7.89,7.908,7.928,7.946,7.97,7.99,8.016,8.034,8.048,8.062,8.076,8.096,8.122,8.135,8.152,8.169,8.188,8.204,8.222,8.239,8.254,8.27,8.286,8.3,8.315,8.337,8.354,8.373,8.39,8.406,8.424,8.44,8.459,8.472,8.488,8.499,8.521,8.539,8.556,8.573,8.589,8.606,8.624,8.643,8.662,8.688,8.706,8.725,8.743,8.762,8.78,8.8,8.829,8.852,8.87,8.895,8.918,8.942,8.966,8.986,9.017,9.042,9.07,9.1,9.139,9.178,9.223,9.268,9.317,9.379,9.431,9.518,9.604,9.768,9.929,10.438
348,OTH FP,6.282,6.825,6.98,7.124,7.228,7.311,7.368,7.415,7.449,7.49,7.523,7.552,7.59,7.623,7.653,7.679,7.702,7.729,7.751,7.774,7.803,7.825,7.847,7.868,7.889,7.913,7.928,7.944,7.963,7.984,8.002,8.022,8.041,8.063,8.085,8.098,8.116,8.136,8.151,8.171,8.187,8.205,8.22,8.237,8.254,8.269,8.286,8.303,8.319,8.338,8.356,8.369,8.385,8.403,8.417,8.436,8.452,8.467,8.481,8.5,8.518,8.535,8.551,8.572,8.588,8.602,8.616,8.637,8.653,8.671,8.686,8.701,8.716,8.734,8.749,8.776,8.802,8.824,8.843,8.871,8.898,8.918,8.944,8.971,8.999,9.03,9.058,9.086,9.125,9.171,9.205,9.247,9.294,9.331,9.394,9.45,9.513,9.625,9.746,9.904,10.518
349,OTH FP,6.282,6.825,6.98,7.124,7.228,7.311,7.368,7.415,7.449,7.49,7.523,7.552,7.59,7.623,7.653,7.679,7.702,7.729,7.751,7.774,7.803,7.825,7.847,7.868,7.889,7.913,7.928,7.944,7.963,7.984,8.002,8.022,8.041,8.063,8.085,8.098,8.116,8.136,8.151,8.171,8.187,8.205,8.22,8.237,8.254,8.269,8.286,8.303,8.319,8.338,8.356,8.369,8.385,8.403,8.417,8.436,8.452,8.467,8.481,8.5,8.518,8.535,8.551,8.572,8.588,8.602,8.616,8.637,8.653,8.671,8.686,8.701,8.716,8.734,8.749,8.776,8.802,8.824,8.843,8.871,8.898,8.918,8.944,8.971,8.999,9.03,9.058,9.086,9.125,9.171,9.205,9.247,9.294,9.331,9.394,9.45,9.513,9.625,9.746,9.904,10.518
350,OTH FP,6.532,6.923,7.097,7.21,7.278,7.338,7.393,7.438,7.481,7.522,7.557,7.592,7.626,7.655,7.686,7.72,7.747,7.773,7.802,7.824,7.847,7.869,7.888,7.911,7.931,7.947,7.966,7.988,7.999,8.023,8.039,8.055,8.071,8.093,8.109,8.12,8.143,8.165,8.186,8.199,8.221,8.239,8.258,8.271,8.285,8.302,8.321,8.339,8.353,8.371,8.388,8.398,8.417,8.43,8.443,8.459,8.476,8.489,8.504,8.521,8.534,8.559,8.569,8.585,8.603,8.616,8.634,8.653,8.665,8.685,8.699,8.722,8.741,8.764,8.782,8.8,8.825,8.844,8.864,8.887,8.903,8.928,8.954,8.978,9.0,9.018,9.037,9.067,9.094,9.13,9.167,9.197,9.232,9.276,9.335,9.394,9.47,9.551,9.643,9.856,10.38
351,OTH FP,6.532,6.923,7.097,7.21,7.278,7.338,7.393,7.438,7.481,7.522,7.557,7.592,7.626,7.655,7.686,7.72,7.747,7.773,7.802,7.824,7.847,7.869,7.888,7.911,7.931,7.947,7.966,7.988,7.999,8.023,8.039,8.055,8.071,8.093,8.109,8.12,8.143,8.165,8.186,8.199,8.221,8.239,8.258,8.271,8.285,8.302,8.321,8.339,8.353,8.371,8.388,8.398,8.417,8.43,8.443,8.459,8.476,8.489,8.504,8.521,8.534,8.559,8.569,8.585,8.603,8.616,8.634,8.653,8.665,8.685,8.699,8.722,8.741,8.764,8.782,8.8,8.825,8.844,8.864,8.887,8.903,8.928,8.954,8.978,9.0,9.018,9.037,9.067,9.094,9.13,9.167,9.197,9.232,9.276,9.335,9.394,9.47,9.551,9.643,9.856,10.38
352,OTH FP,6.352,6.829,7.084,7.171,7.239,7.322,7.386,7.432,7.471,7.509,7.558,7.592,7.632,7.668,7.697,7.722,7.747,7.772,7.791,7.813,7.837,7.86,7.883,7.9,7.917,7.934,7.95,7.973,7.994,8.01,8.028,8.045,8.061,8.081,8.099,8.113,8.129,8.145,8.16,8.176,8.192,8.207,8.223,8.238,8.255,8.269,8.284,8.3,8.318,8.332,8.349,8.365,8.38,8.397,8.415,8.433,8.447,8.463,8.477,8.496,8.508,8.523,8.542,8.558,8.575,8.594,8.607,8.623,8.643,8.657,8.68,8.696,8.717,8.737,8.758,8.778,8.797,8.815,8.834,8.861,8.885,8.909,8.933,8.955,8.983,9.008,9.034,9.066,9.095,9.128,9.159,9.19,9.226,9.275,9.332,9.387,9.462,9.537,9.655,9.804,10.265
353,OTH FP,6.352,6.829,7.084,7.171,7.239,7.322,7.386,7.432,7.471,7.509,7.558,7.592,7.632,7.668,7.697,7.722,7.747,7.772,7.791,7.813,7.837,7.86,7.883,7.9,7.917,7.934,7.95,7.973,7.994,8.01,8.028,8.045,8.061,8.081,8.099,8.113,8.129,8.145,8.16,8.176,8.192,8.207,8.223,8.238,8.255,8.269,8.284,8.3,8.318,8.332,8.349,8.365,8.38,8.397,8.415,8.433,8.447,8.463,8.477,8.496,8.508,8.523,8.542,8.558,8.575,8.594,8.607,8.623,8.643,8.657,8.68,8.696,8.717,8.737,8.758,8.778,8.797,8.815,8.834,8.861,8.885,8.909,8.933,8.955,8.983,9.008,9.034,9.066,9.095,9.128,9.159,9.19,9.226,9.275,9.332,9.387,9.462,9.537,9.655,9.804,10.265
354,OTH FP,6.187,6.686,6.952,7.094,7.183,7.247,7.289,7.34,7.385,7.424,7.463,7.5,7.528,7.563,7.594,7.626,7.651,7.677,7.702,7.727,7.748,7.773,7.792,7.817,7.836,7.853,7.875,7.892,7.91,7.928,7.942,7.961,7.981,8.0,8.01,8.03,8.048,8.068,8.082,8.1,8.117,8.131,8.141,8.161,8.179,8.196,8.213,8.234,8.251,8.265,8.286,8.306,8.32,8.335,8.349,8.365,8.39,8.412,8.429,8.443,8.462,8.484,8.505,8.522,8.542,8.558,8.577,8.599,8.62,8.641,8.66,8.678,8.694,8.714,8.737,8.759,8.78,8.806,8.827,8.853,8.881,8.905,8.93,8.953,8.98,9.008,9.029,9.058,9.082,9.119,9.155,9.202,9.243,9.285,9.339,9.378,9.449,9.545,9.644,9.821,10.37
355,OTH FP,6.187,6.686,6.952,7.094,7.183,7.247,7.289,7.34,7.385,7.424,7.463,7.5,7.528,7.563,7.594,7.626,7.651,7.677,7.702,7.727,7.748,7.773,7.792,7.817,7.836,7.853,7.875,7.892,7.91,7.928,7.942,7.961,7.981,8.0,8.01,8.03,8.048,8.068,8.082,8.1,8.117,8.131,8.141,8.161,8.179,8.196,8.213,8.234,8.251,8.265,8.286,8.306,8.32,8.335,8.349,8.365,8.39,8.412,8.429,8.443,8.462,8.484,8.505,8.522,8.542,8.558,8.577,8.599,8.62,8.641,8.66,8.678,8.694,8.714,8.737,8.759,8.78,8.806,8.827,8.853,8.881,8.905,8.93,8.953,8.98,9.008,9.029,9.058,9.082,9.119,9.155,9.202,9.243,9.285,9.339,9.378,9.449,9.545,9.644,9.821,10.37
356,OTH FP,6.1,6.625,6.858,6.962,7.056,7.126,7.177,7.234,7.286,7.328,7.373,7.418,7.452,7.485,7.517,7.551,7.577,7.609,7.636,7.657,7.679,7.697,7.719,7.738,7.76,7.782,7.8,7.818,7.836,7.855,7.874,7.893,7.916,7.933,7.948,7.968,7.991,8.014,8.027,8.045,8.061,8.081,8.104,8.12,8.141,8.153,8.17,8.188,8.203,8.222,8.236,8.256,8.271,8.291,8.307,8.321,8.338,8.359,8.376,8.389,8.404,8.426,8.445,8.462,8.478,8.502,8.518,8.543,8.568,8.59,8.614,8.634,8.65,8.673,8.697,8.72,8.743,8.768,8.787,8.808,8.829,8.859,8.881,8.906,8.935,8.965,8.991,9.017,9.048,9.085,9.119,9.156,9.201,9.256,9.322,9.376,9.462,9.52,9.613,9.813,10.505
357,OTH FP,6.1,6.625,6.858,6.962,7.056,7.126,7.177,7.234,7.286,7.328,7.373,7.418,7.452,7.485,7.517,7.551,7.577,7.609,7.636,7.657,7.679,7.697,7.719,7.738,7.76,7.782,7.8,7.818,7.836,7.855,7.874,7.893,7.916,7.933,7.948,7.968,7.991,8.014,8.027,8.045,8.061,8.081,8.104,8.12,8.141,8.153,8.17,8.188,8.203,8.222,8.236,8.256,8.271,8.291,8.307,8.321,8.338,8.359,8.376,8.389,8.404,8.426,8.445,8.462,8.478,8.502,8.518,8.543,8.568,8.59,8.614,8.634,8.65,8.673,8.697,8.72,8.743,8.768,8.787,8.808,8.829,8.859,8.881,8.906,8.935,8.965,8.991,9.017,9.048,9.085,9.119,9.156,9.201,9.256,9.322,9.376,9.462,9.52,9.613,9.813,10.505
358,OTH FP,6.159,6.565,6.774,6.903,7.001,7.059,7.114,7.169,7.223,7.275,7.313,7.352,7.39,7.422,7.456,7.488,7.511,7.542,7.571,7.596,7.609,7.636,7.657,7.685,7.706,7.73,7.752,7.777,7.793,7.811,7.826,7.844,7.867,7.889,7.911,7.93,7.951,7.966,7.984,7.999,8.017,8.037,8.051,8.073,8.092,8.112,8.134,8.149,8.166,8.184,8.2,8.223,8.243,8.26,8.276,8.291,8.311,8.332,8.353,8.372,8.393,8.407,8.423,8.447,8.467,8.481,8.503,8.52,8.541,8.566,8.58,8.598,8.617,8.634,8.653,8.67,8.69,8.711,8.731,8.753,8.775,8.81,8.837,8.863,8.891,8.922,8.96,8.983,9.016,9.048,9.085,9.124,9.176,9.224,9.283,9.335,9.407,9.507,9.623,9.817,10.505
359,OTH FP,6.159,6.565,6.774,6.903,7.001,7.059,7.114,7.169,7.223,7.275,7.313,7.352,7.39,7.422,7.456,7.488,7.511,7.542,7.571,7.596,7.609,7.636,7.657,7.685,7.706,7.73,7.752,7.777,7.793,7.811,7.826,7.844,7.867,7.889,7.911,7.93,7.951,7.966,7.984,7.999,8.017,8.037,8.051,8.073,8.092,8.112,8.134,8.149,8.166,8.184,8.2,8.223,8.243,8.26,8.276,8.291,8.311,8.332,8.353,8.372,8.393,8.407,8.423,8.447,8.467,8.481,8.503,8.52,8.541,8.566,8.58,8.598,8.617,8.634,8.653,8.67,8.69,8.711,8.731,8.753,8.775,8.81,8.837,8.863,8.891,8.922,8.96,8.983,9.016,9.048,9.085,9.124,9.176,9.224,9.283,9.335,9.407,9.507,9.623,9.817,10.505
360,OTH FP,6.098,6.558,6.753,6.849,6.932,7.004,7.076,7.133,7.176,7.211,7.248,7.275,7.304,7.339,7.367,7.4,7.427,7.456,7.492,7.519,7.545,7.57,7.588,7.613,7.646,7.668,7.69,7.707,7.725,7.751,7.779,7.798,7.821,7.84,7.858,7.878,7.899,7.916,7.934,7.957,7.974,7.989,8.009,8.027,8.049,8.069,8.081,8.099,8.111,8.126,8.145,8.17,8.19,8.208,8.227,8.24,8.256,8.278,8.296,8.313,8.333,8.349,8.365,8.381,8.4,8.419,8.442,8.46,8.485,8.505,8.526,8.544,8.559,8.579,8.601,8.62,8.641,8.662,8.685,8.708,8.728,8.759,8.783,8.805,8.828,8.859,8.889,8.928,8.962,8.992,9.033,9.075,9.134,9.181,9.239,9.295,9.369,9.472,9.575,9.743,10.382
361,OTH FP,6.098,6.558,6.753,6.849,6.932,7.004,7.076,7.133,7.176,7.211,7.248,7.275,7.304,7.339,7.367,7.4,7.427,7.456,7.492,7.519,7.545,7.57,7.588,7.613,7.646,7.668,7.69,7.707,7.725,7.751,7.779,7.798,7.821,7.84,7.858,7.878,7.899,7.916,7.934,7.957,7.974,7.989,8.009,8.027,8.049,8.069,8.081,8.099,8.111,8.126,8.145,8.17,8.19,8.208,8.227,8.24,8.256,8.278,8.296,8.313,8.333,8.349,8.365,8.381,8.4,8.419,8.442,8.46,8.485,8.505,8.526,8.544,8.559,8.579,8.601,8.62,8.641,8.662,8.685,8.708,8.728,8.759,8.783,8.805,8.828,8.859,8.889,8.928,8.962,8.992,9.033,9.075,9.134,9.181,9.239,9.295,9.369,9.472,9.575,9.743,10.382
362,OTH FP,5.821,6.581,6.715,6.827,6.909,6.986,7.037,7.078,7.123,7.179,7.218,7.272,7.301,7.328,7.354,7.382,7.412,7.44,7.467,7.498,7.518,7.545,7.57,7.592,7.618,7.638,7.659,7.676,7.696,7.718,7.735,7.751,7.774,7.789,7.807,7.825,7.845,7.862,7.878,7.894,7.913,7.934,7.95,7.973,7.987,8.004,8.021,8.036,8.053,8.07,8.09,8.115,8.13,8.147,8.161,8.176,8.198,8.213,8.233,8.248,8.265,8.282,8.3,8.313,8.334,8.351,8.371,8.395,8.414,8.434,8.456,8.479,8.495,8.521,8.542,8.567,8.593,8.609,8.633,8.653,8.675,8.699,8.72,8.744,8.768,8.791,8.822,8.855,8.889,8.922,8.954,9.009,9.048,9.1,9.146,9.202,9.282,9.358,9.514,9.669,10.162
363,OTH FP,5.821,6.581,6.715,6.827,6.909,6.986,7.037,7.078,7.123,7.179,7.218,7.272,7.301,7.328,7.354,7.382,7.412,7.44,7.467,7.498,7.518,7.545,7.57,7.592,7.618,7.638,7.659,7.676,7.696,7.718,7.735,7.751,7.774,7.789,7.807,7.825,7.845,7.862,7.878,7.894,7.913,7.934,7.95,7.973,7.987,8.004,8.021,8.036,8.053,8.07,8.09,8.115,8.13,8.147,8.161,8.176,8.198,8.213,8.233,8.248,8.265,8.282,8.3,8.313,8.334,8.351,8.371,8.395,8.414,8.434,8.456,8.479,8.495,8.521,8.542,8.567,8.593,8.609,8.633,8.653,8.675,8.699,8.72,8.744,8.768,8.791,8.822,8.855,8.889,8.922,8.954,9.009,9.048,9.1,9.146,9.202,9.282,9.358,9.514,9.669,10.162
364,OTH FP,5.965,6.514,6.71,6.822,6.908,6.991,7.035,7.092,7.137,7.183,7.215,7.253,7.282,7.306,7.346,7.379,7.394,7.427,7.45,7.48,7.503,7.528,7.552,7.565,7.585,7.609,7.629,7.648,7.668,7.684,7.698,7.711,7.725,7.742,7.764,7.784,7.803,7.82,7.836,7.856,7.871,7.891,7.908,7.925,7.943,7.959,7.975,7.987,8.005,8.02,8.043,8.06,8.079,8.094,8.108,8.125,8.143,8.16,8.178,8.197,8.215,8.24,8.256,8.269,8.285,8.299,8.315,8.335,8.35,8.368,8.388,8.41,8.429,8.45,8.468,8.487,8.502,8.522,8.539,8.566,8.595,8.616,8.641,8.663,8.694,8.727,8.754,8.794,8.822,8.862,8.89,8.928,8.976,9.031,9.08,9.131,9.199,9.272,9.345,9.493,10.067
365,OTH FP,5.965,6.514,6.71,6.822,6.908,6.991,7.035,7.092,7.137,7.183,7.215,7.253,7.282,7.306,7.346,7.379,7.394,7.427,7.45,7.48,7.503,7.528,7.552,7.565,7.585,7.609,7.629,7.648,7.668,7.684,7.698,7.711,7.725,7.742,7.764,7.784,7.803,7.82,7.836,7.856,7.871,7.891,7.908,7.925,7.943,7.959,7.975,7.987,8.005,8.02,8.043,8.06,8.079,8.094,8.108,8.125,8.143,8.16,8.178,8.197,8.215,8.24,8.256,8.269,8.285,8.299,8.315,8.335,8.35,8.368,8.388,8.41,8.429,8.45,8.468,8.487,8.502,8.522,8.539,8.566,8.595,8.616,8.641,8.663,8.694,8.727,8.754,8.794,8.822,8.862,8.89,8.928,8.976,9.031,9.08,9.131,9.199,9.272,9.345,9.493,10.067
366,OTH FP,5.848,6.28,6.553,6.664,6.75,6.811,6.875,6.937,6.968,7.004,7.053,7.104,7.134,7.163,7.198,7.232,7.264,7.291,7.31,7.332,7.353,7.38,7.402,7.419,7.444,7.462,7.486,7.503,7.524,7.541,7.566,7.583,7.598,7.62,7.636,7.659,7.68,7.697,7.713,7.736,7.751,7.767,7.783,7.803,7.819,7.838,7.856,7.871,7.886,7.905,7.92,7.943,7.96,7.977,7.994,8.009,8.023,8.036,8.053,8.07,8.092,8.113,8.129,8.148,8.166,8.185,8.205,8.227,8.246,8.269,8.286,8.306,8.326,8.346,8.364,8.388,8.402,8.431,8.458,8.482,8.502,8.522,8.56,8.587,8.613,8.643,8.673,8.702,8.736,8.76,8.799,8.837,8.88,8.922,8.983,9.049,9.129,9.189,9.3,9.433,9.932
367,OTH FP,5.848,6.28,6.553,6.664,6.75,6.811,6.875,6.937,6.968,7.004,7.053,7.104,7.134,7.163,7.198,7.232,7.264,7.291,7.31,7.332,7.353,7.38,7.402,7.419,7.444,7.462,7.486,7.503,7.524,7.541,7.566,7.583,7.598,7.62,7.636,7.659,7.68,7.697,7.713,7.736,7.751,7.767,7.783,7.803,7.819,7.838,7.856,7.871,7.886,7.905,7.92,7.943,7.96,7.977,7.994,8.009,8.023,8.036,8.053,8.07,8.092,8.113,8.129,8.148,8.166,8.185,8.205,8.227,8.246,8.269,8.286,8.306,8.326,8.346,8.364,8.388,8.402,8.431,8.458,8.482,8.502,8.522,8.56,8.587,8.613,8.643,8.673,8.702,8.736,8.76,8.799,8.837,8.88,8.922,8.983,9.049,9.129,9.189,9.3,9.433,9.932
368,OTH FP,5.701,6.131,6.363,6.499,6.598,6.675,6.741,6.785,6.835,6.88,6.937,6.983,7.02,7.051,7.082,7.121,7.149,7.182,7.215,7.249,7.279,7.301,7.323,7.349,7.37,7.394,7.412,7.434,7.459,7.478,7.502,7.524,7.546,7.568,7.587,7.605,7.623,7.643,7.662,7.681,7.7,7.719,7.738,7.757,7.776,7.799,7.818,7.838,7.857,7.873,7.893,7.907,7.921,7.937,7.957,7.981,8.0,8.018,8.033,8.055,8.07,8.088,8.109,8.128,8.15,8.165,8.188,8.206,8.225,8.246,8.268,8.287,8.316,8.341,8.36,8.384,8.405,8.427,8.452,8.477,8.508,8.535,8.56,8.584,8.62,8.648,8.678,8.724,8.758,8.79,8.837,8.873,8.907,8.962,9.022,9.076,9.144,9.216,9.337,9.513,10.056
369,OTH FP,5.701,6.131,6.363,6.499,6.598,6.675,6.741,6.785,6.835,6.88,6.937,6.983,7.02,7.051,7.082,7.121,7.149,7.182,7.215,7.249,7.279,7.301,7.323,7.349,7.37,7.394,7.412,7.434,7.459,7.478,7.502,7.524,7.546,7.568,7.587,7.605,7.623,7.643,7.662,7.681,7.7,7.719,7.738,7.757,7.776,7.799,7.818,7.838,7.857,7.873,7.893,7.907,7.921,7.937,7.957,7.981,8.0,8.018,8.033,8.055,8.07,8.088,8.109,8.128,8.15,8.165,8.188,8.206,8.225,8.246,8.268,8.287,8.316,8.341,8.36,8.384,8.405,8.427,8.452,8.477,8.508,8.535,8.56,8.584,8.62,8.648,8.678,8.724,8.758,8.79,8.837,8.873,8.907,8.962,9.022,9.076,9.144,9.216,9.337,9.513,10.056
370,OTH FP,5.283,6.049,6.249,6.347,6.456,6.53,6.597,6.674,6.728,6.78,6.837,6.879,6.92,6.957,6.995,7.031,7.073,7.1,7.129,7.155,7.184,7.212,7.244,7.263,7.292,7.317,7.342,7.372,7.395,7.41,7.427,7.444,7.461,7.485,7.506,7.532,7.55,7.572,7.59,7.615,7.636,7.664,7.682,7.7,7.717,7.738,7.758,7.776,7.797,7.82,7.844,7.866,7.892,7.908,7.924,7.941,7.963,7.983,8.004,8.02,8.039,8.06,8.076,8.103,8.126,8.147,8.165,8.185,8.203,8.223,8.246,8.266,8.29,8.31,8.333,8.357,8.379,8.41,8.442,8.469,8.496,8.522,8.55,8.578,8.612,8.644,8.664,8.701,8.741,8.788,8.84,8.887,8.927,8.987,9.049,9.109,9.183,9.266,9.377,9.572,10.085
371,OTH FP,5.283,6.049,6.249,6.347,6.456,6.53,6.597,6.674,6.728,6.78,6.837,6.879,6.92,6.957,6.995,7.031,7.073,7.1,7.129,7.155,7.184,7.212,7.244,7.263,7.292,7.317,7.342,7.372,7.395,7.41,7.427,7.444,7.461,7.485,7.506,7.532,7.55,7.572,7.59,7.615,7.636,7.664,7.682,7.7,7.717,7.738,7.758,7.776,7.797,7.82,7.844,7.866,7.892,7.908,7.924,7.941,7.963,7.983,8.004,8.02,8.039,8.06,8.076,8.103,8.126,8.147,8.165,8.185,8.203,8.223,8.246,8.266,8.29,8.31,8.333,8.357,8.379,8.41,8.442,8.469,8.496,8.522,8.55,8.578,8.612,8.644,8.664,8.701,8.741,8.788,8.84,8.887,8.927,8.987,9.049,9.109,9.183,9.266,9.377,9.572,10.085
372,OTH FP,5.332,5.892,6.09,6.258,6.364,6.442,6.512,6.58,6.631,6.693,6.749,6.789,6.828,6.868,6.906,6.939,6.985,7.019,7.043,7.076,7.103,7.134,7.163,7.184,7.211,7.237,7.26,7.278,7.302,7.326,7.353,7.375,7.397,7.421,7.44,7.46,7.488,7.508,7.535,7.555,7.579,7.596,7.616,7.634,7.661,7.679,7.698,7.724,7.74,7.759,7.776,7.804,7.824,7.843,7.875,7.895,7.919,7.938,7.958,7.981,7.999,8.022,8.042,8.061,8.078,8.101,8.124,8.144,8.166,8.182,8.209,8.23,8.255,8.286,8.311,8.336,8.352,8.38,8.413,8.432,8.461,8.499,8.519,8.547,8.59,8.628,8.666,8.708,8.744,8.783,8.833,8.887,8.947,8.992,9.058,9.125,9.194,9.314,9.435,9.679,10.242
373,OTH FP,5.332,5.892,6.09,6.258,6.364,6.442,6.512,6.58,6.631,6.693,6.749,6.789,6.828,6.868,6.906,6.939,6.985,7.019,7.043,7.076,7.103,7.134,7.163,7.184,7.211,7.237,7.26,7.278,7.302,7.326,7.353,7.375,7.397,7.421,7.44,7.46,7.488,7.508,7.535,7.555,7.579,7.596,7.616,7.634,7.661,7.679,7.698,7.724,7.74,7.759,7.776,7.804,7.824,7.843,7.875,7.895,7.919,7.938,7.958,7.981,7.999,8.022,8.042,8.061,8.078,8.101,8.124,8.144,8.166,8.182,8.209,8.23,8.255,8.286,8.311,8.336,8.352,8.38,8.413,8.432,8.461,8.499,8.519,8.547,8.59,8.628,8.666,8.708,8.744,8.783,8.833,8.887,8.947,8.992,9.058,9.125,9.194,9.314,9.435,9.679,10.242
374,OTH FP,4.932,5.834,6.026,6.121,6.241,6.339,6.429,6.499,6.549,6.602,6.65,6.698,6.74,6.777,6.826,6.865,6.899,6.938,6.97,7.0,7.033,7.061,7.093,7.129,7.153,7.178,7.2,7.22,7.238,7.267,7.292,7.316,7.342,7.368,7.389,7.414,7.443,7.465,7.492,7.519,7.545,7.57,7.588,7.602,7.618,7.638,7.666,7.688,7.707,7.728,7.748,7.77,7.79,7.813,7.834,7.859,7.883,7.906,7.927,7.948,7.969,7.985,8.005,8.031,8.058,8.079,8.102,8.129,8.15,8.171,8.199,8.227,8.246,8.274,8.299,8.322,8.349,8.38,8.411,8.426,8.461,8.499,8.528,8.566,8.599,8.633,8.665,8.693,8.733,8.774,8.813,8.868,8.919,8.972,9.065,9.141,9.236,9.34,9.491,9.693,10.134
375,OTH FP,4.932,5.834,6.026,6.121,6.241,6.339,6.429,6.499,6.549,6.602,6.65,6.698,6.74,6.777,6.826,6.865,6.899,6.938,6.97,7.0,7.033,7.061,7.093,7.129,7.153,7.178,7.2,7.22,7.238,7.267,7.292,7.316,7.342,7.368,7.389,7.414,7.443,7.465,7.492,7.519,7.545,7.57,7.588,7.602,7.618,7.638,7.666,7.688,7.707,7.728,7.748,7.77,7.79,7.813,7.834,7.859,7.883,7.906,7.927,7.948,7.969,7.985,8.005,8.031,8.058,8.079,8.102,8.129,8.15,8.171,8.199,8.227,8.246,8.274,8.299,8.322,8.349,8.38,8.411,8.426,8.461,8.499,8.528,8.566,8.599,8.633,8.665,8.693,8.733,8.774,8.813,8.868,8.919,8.972,9.065,9.141,9.236,9.34,9.491,9.693,10.134
376,OTH FP,4.95,5.692,5.934,6.084,6.17,6.259,6.337,6.396,6.466,6.528,6.589,6.637,6.686,6.721,6.758,6.79,6.825,6.856,6.901,6.938,6.979,7.007,7.042,7.065,7.094,7.129,7.155,7.179,7.201,7.232,7.254,7.278,7.301,7.33,7.356,7.376,7.394,7.424,7.444,7.469,7.487,7.512,7.537,7.56,7.587,7.614,7.632,7.661,7.68,7.7,7.725,7.742,7.763,7.783,7.804,7.827,7.843,7.863,7.882,7.904,7.924,7.946,7.968,7.996,8.021,8.046,8.065,8.089,8.111,8.133,8.158,8.181,8.207,8.232,8.256,8.279,8.309,8.334,8.359,8.39,8.417,8.447,8.479,8.521,8.55,8.597,8.635,8.671,8.72,8.767,8.812,8.854,8.903,8.969,9.03,9.104,9.182,9.297,9.418,9.607,10.16
377,OTH FP,4.95,5.692,5.934,6.084,6.17,6.259,6.337,6.396,6.466,6.528,6.589,6.637,6.686,6.721,6.758,6.79,6.825,6.856,6.901,6.938,6.979,7.007,7.042,7.065,7.094,7.129,7.155,7.179,7.201,7.232,7.254,7.278,7.301,7.33,7.356,7.376,7.394,7.424,7.444,7.469,7.487,7.512,7.537,7.56,7.587,7.614,7.632,7.661,7.68,7.7,7.725,7.742,7.763,7.783,7.804,7.827,7.843,7.863,7.882,7.904,7.924,7.946,7.968,7.996,8.021,8.046,8.065,8.089,8.111,8.133,8.158,8.181,8.207,8.232,8.256,8.279,8.309,8.334,8.359,8.39,8.417,8.447,8.479,8.521,8.55,8.597,8.635,8.671,8.72,8.767,8.812,8.854,8.903,8.969,9.03,9.104,9.182,9.297,9.418,9.607,10.16
378,OTH FP,5.063,5.541,5.781,5.95,6.088,6.152,6.236,6.323,6.383,6.439,6.489,6.547,6.591,6.622,6.667,6.706,6.747,6.786,6.824,6.858,6.888,6.925,6.958,6.99,7.02,7.055,7.081,7.111,7.142,7.167,7.187,7.209,7.233,7.265,7.287,7.308,7.336,7.364,7.389,7.412,7.431,7.455,7.482,7.507,7.534,7.553,7.569,7.589,7.605,7.624,7.646,7.662,7.687,7.704,7.723,7.747,7.766,7.796,7.824,7.847,7.865,7.895,7.918,7.939,7.964,7.982,8.005,8.03,8.056,8.076,8.107,8.132,8.163,8.193,8.229,8.256,8.284,8.313,8.336,8.365,8.399,8.437,8.468,8.494,8.521,8.559,8.601,8.639,8.682,8.73,8.775,8.826,8.898,8.955,9.01,9.077,9.191,9.281,9.417,9.579,10.289
379,OTH FP,5.063,5.541,5.781,5.95,6.088,6.152,6.236,6.323,6.383,6.439,6.489,6.547,6.591,6.622,6.667,6.706,6.747,6.786,6.824,6.858,6.888,6.925,6.958,6.99,7.02,7.055,7.081,7.111,7.142,7.167,7.187,7.209,7.233,7.265,7.287,7.308,7.336,7.364,7.389,7.412,7.431,7.455,7.482,7.507,7.534,7.553,7.569,7.589,7.605,7.624,7.646,7.662,7.687,7.704,7.723,7.747,7.766,7.796,7.824,7.847,7.865,7.895,7.918,7.939,7.964,7.982,8.005,8.03,8.056,8.076,8.107,8.132,8.163,8.193,8.229,8.256,8.284,8.313,8.336,8.365,8.399,8.437,8.468,8.494,8.521,8.559,8.601,8.639,8.682,8.73,8.775,8.826,8.898,8.955,9.01,9.077,9.191,9.281,9.417,9.579,10.289
380,OTH FP,4.663,5.494,5.783,5.918,6.022,6.099,6.184,6.243,6.299,6.358,6.413,6.472,6.526,6.576,6.632,6.674,6.707,6.739,6.784,6.82,6.857,6.881,6.921,6.947,6.969,6.992,7.019,7.043,7.08,7.111,7.137,7.162,7.189,7.21,7.238,7.263,7.285,7.311,7.335,7.355,7.371,7.391,7.414,7.43,7.455,7.476,7.499,7.522,7.55,7.576,7.595,7.615,7.635,7.653,7.68,7.703,7.727,7.753,7.78,7.806,7.826,7.851,7.874,7.897,7.926,7.952,7.97,7.992,8.012,8.042,8.07,8.088,8.115,8.149,8.176,8.207,8.231,8.261,8.297,8.324,8.354,8.381,8.415,8.447,8.48,8.512,8.557,8.598,8.64,8.686,8.734,8.772,8.824,8.887,8.946,9.014,9.095,9.221,9.398,9.679,10.343
381,OTH FP,4.663,5.494,5.783,5.918,6.022,6.099,6.184,6.243,6.299,6.358,6.413,6.472,6.526,6.576,6.632,6.674,6.707,6.739,6.784,6.82,6.857,6.881,6.921,6.947,6.969,6.992,7.019,7.043,7.08,7.111,7.137,7.162,7.189,7.21,7.238,7.263,7.285,7.311,7.335,7.355,7.371,7.391,7.414,7.43,7.455,7.476,7.499,7.522,7.55,7.576,7.595,7.615,7.635,7.653,7.68,7.703,7.727,7.753,7.78,7.806,7.826,7.851,7.874,7.897,7.926,7.952,7.97,7.992,8.012,8.042,8.07,8.088,8.115,8.149,8.176,8.207,8.231,8.261,8.297,8.324,8.354,8.381,8.415,8.447,8.48,8.512,8.557,8.598,8.64,8.686,8.734,8.772,8.824,8.887,8.946,9.014,9.095,9.221,9.398,9.679,10.343
382,OTH FP,4.772,5.469,5.7,5.816,5.958,6.055,6.155,6.222,6.272,6.331,6.385,6.438,6.48,6.527,6.567,6.615,6.652,6.696,6.733,6.763,6.789,6.814,6.85,6.886,6.919,6.949,6.972,6.998,7.023,7.055,7.076,7.103,7.129,7.159,7.189,7.209,7.235,7.261,7.282,7.303,7.326,7.346,7.366,7.39,7.416,7.435,7.455,7.479,7.498,7.521,7.543,7.562,7.579,7.606,7.629,7.645,7.666,7.692,7.72,7.736,7.767,7.79,7.819,7.839,7.858,7.889,7.912,7.941,7.97,7.992,8.017,8.043,8.066,8.098,8.125,8.15,8.175,8.199,8.232,8.255,8.284,8.315,8.352,8.379,8.419,8.453,8.493,8.53,8.581,8.621,8.682,8.74,8.794,8.86,8.93,9.023,9.096,9.218,9.356,9.614,10.462
383,OTH FP,4.772,5.469,5.7,5.816,5.958,6.055,6.155,6.222,6.272,6.331,6.385,6.438,6.48,6.527,6.567,6.615,6.652,6.696,6.733,6.763,6.789,6.814,6.85,6.886,6.919,6.949,6.972,6.998,7.023,7.055,7.076,7.103,7.129,7.159,7.189,7.209,7.235,7.261,7.282,7.303,7.326,7.346,7.366,7.39,7.416,7.435,7.455,7.479,7.498,7.521,7.543,7.562,7.579,7.606,7.629,7.645,7.666,7.692,7.72,7.736,7.767,7.79,7.819,7.839,7.858,7.889,7.912,7.941,7.97,7.992,8.017,8.043,8.066,8.098,8.125,8.15,8.175,8.199,8.232,8.255,8.284,8.315,8.352,8.379,8.419,8.453,8.493,8.53,8.581,8.621,8.682,8.74,8.794,8.86,8.93,9.023,9.096,9.218,9.356,9.614,10.462
384,OTH FP,4.72,5.38,5.677,5.815,5.903,5.987,6.065,6.141,6.209,6.28,6.33,6.374,6.424,6.475,6.516,6.553,6.594,6.626,6.657,6.701,6.733,6.771,6.803,6.836,6.878,6.904,6.932,6.967,6.999,7.016,7.042,7.069,7.095,7.116,7.141,7.161,7.182,7.204,7.228,7.248,7.276,7.292,7.315,7.341,7.366,7.39,7.423,7.441,7.469,7.489,7.511,7.53,7.554,7.576,7.597,7.628,7.657,7.681,7.699,7.729,7.747,7.773,7.798,7.818,7.842,7.863,7.879,7.904,7.922,7.943,7.969,7.99,8.014,8.046,8.076,8.111,8.134,8.164,8.194,8.226,8.269,8.3,8.338,8.371,8.408,8.455,8.478,8.521,8.557,8.601,8.634,8.682,8.752,8.81,8.873,8.943,9.055,9.165,9.323,9.561,10.206
385,OTH FP,4.72,5.38,5.677,5.815,5.903,5.987,6.065,6.141,6.209,6.28,6.33,6.374,6.424,6.475,6.516,6.553,6.594,6.626,6.657,6.701,6.733,6.771,6.803,6.836,6.878,6.904,6.932,6.967,6.999,7.016,7.042,7.069,7.095,7.116,7.141,7.161,7.182,7.204,7.228,7.248,7.276,7.292,7.315,7.341,7.366,7.39,7.423,7.441,7.469,7.489,7.511,7.53,7.554,7.576,7.597,7.628,7.657,7.681,7.699,7.729,7.747,7.773,7.798,7.818,7.842,7.863,7.879,7.904,7.922,7.943,7.969,7.99,8.014,8.046,8.076,8.111,8.134,8.164,8.194,8.226,8.269,8.3,8.338,8.371,8.408,8.455,8.478,8.521,8.557,8.601,8.634,8.682,8.752,8.81,8.873,8.943,9.055,9.165,9.323,9.561,10.206
386,OTH FP,4.734,5.333,5.647,5.779,5.875,5.968,6.041,6.119,6.189,6.236,6.298,6.359,6.426,6.457,6.487,6.526,6.566,6.606,6.637,6.677,6.713,6.747,6.772,6.795,6.817,6.85,6.88,6.916,6.947,6.97,7.001,7.02,7.047,7.077,7.097,7.128,7.145,7.167,7.187,7.209,7.233,7.252,7.272,7.294,7.316,7.337,7.369,7.392,7.415,7.433,7.454,7.478,7.497,7.511,7.537,7.563,7.584,7.606,7.636,7.656,7.677,7.697,7.722,7.741,7.768,7.793,7.814,7.839,7.864,7.887,7.914,7.943,7.97,7.992,8.015,8.049,8.084,8.108,8.14,8.169,8.202,8.241,8.274,8.315,8.345,8.382,8.415,8.453,8.493,8.541,8.595,8.637,8.688,8.752,8.833,8.904,8.992,9.121,9.289,9.521,10.173
387,OTH FP,4.734,5.333,5.647,5.779,5.875,5.968,6.041,6.119,6.189,6.236,6.298,6.359,6.426,6.457,6.487,6.526,6.566,6.606,6.637,6.677,6.713,6.747,6.772,6.795,6.817,6.85,6.88,6.916,6.947,6.97,7.001,7.02,7.047,7.077,7.097,7.128,7.145,7.167,7.187,7.209,7.233,7.252,7.272,7.294,7.316,7.337,7.369,7.392,7.415,7.433,7.454,7.478,7.497,7.511,7.537,7.563,7.584,7.606,7.636,7.656,7.677,7.697,7.722,7.741,7.768,7.793,7.814,7.839,7.864,7.887,7.914,7.943,7.97,7.992,8.015,8.049,8.084,8.108,8.14,8.169,8.202,8.241,8.274,8.315,8.345,8.382,8.415,8.453,8.493,8.541,8.595,8.637,8.688,8.752,8.833,8.904,8.992,9.121,9.289,9.521,10.173
388,OTH FP,4.541,5.241,5.572,5.754,5.846,5.945,6.019,6.085,6.157,6.22,6.267,6.323,6.374,6.418,6.465,6.504,6.554,6.586,6.627,6.662,6.7,6.732,6.755,6.778,6.81,6.833,6.862,6.88,6.906,6.933,6.959,6.985,7.005,7.031,7.048,7.073,7.096,7.125,7.159,7.181,7.201,7.228,7.25,7.277,7.294,7.312,7.331,7.348,7.368,7.386,7.412,7.443,7.463,7.486,7.514,7.534,7.56,7.582,7.603,7.629,7.65,7.677,7.697,7.719,7.74,7.757,7.779,7.799,7.822,7.843,7.867,7.889,7.912,7.933,7.96,7.983,8.006,8.032,8.06,8.093,8.127,8.159,8.193,8.229,8.273,8.314,8.353,8.395,8.431,8.479,8.521,8.592,8.643,8.702,8.759,8.822,8.931,9.044,9.195,9.417,10.099
389,OTH FP,4.541,5.241,5.572,5.754,5.846,5.945,6.019,6.085,6.157,6.22,6.267,6.323,6.374,6.418,6.465,6.504,6.554,6.586,6.627,6.662,6.7,6.732,6.755,6.778,6.81,6.833,6.862,6.88,6.906,6.933,6.959,6.985,7.005,7.031,7.048,7.073,7.096,7.125,7.159,7.181,7.201,7.228,7.25,7.277,7.294,7.312,7.331,7.348,7.368,7.386,7.412,7.443,7.463,7.486,7.514,7.534,7.56,7.582,7.603,7.629,7.65,7.677,7.697,7.719,7.74,7.757,7.779,7.799,7.822,7.843,7.867,7.889,7.912,7.933,7.96,7.983,8.006,8.032,8.06,8.093,8.127,8.159,8.193,8.229,8.273,8.314,8.353,8.395,8.431,8.479,8.521,8.592,8.643,8.702,8.759,8.822,8.931,9.044,9.195,9.417,10.099
390,OTH FP,4.591,5.372,5.596,5.73,5.814,5.897,6.001,6.079,6.126,6.194,6.243,6.298,6.362,6.404,6.437,6.468,6.512,6.543,6.577,6.608,6.64,6.674,6.711,6.738,6.764,6.791,6.825,6.846,6.872,6.892,6.918,6.942,6.965,6.993,7.015,7.046,7.067,7.089,7.119,7.143,7.166,7.186,7.207,7.228,7.243,7.267,7.293,7.318,7.338,7.356,7.378,7.387,7.409,7.429,7.447,7.462,7.483,7.5,7.527,7.55,7.567,7.593,7.609,7.638,7.654,7.678,7.703,7.732,7.759,7.787,7.813,7.841,7.875,7.9,7.928,7.952,7.98,8.008,8.038,8.068,8.1,8.121,8.157,8.179,8.216,8.253,8.29,8.326,8.373,8.41,8.452,8.507,8.565,8.622,8.681,8.749,8.806,8.934,9.069,9.284,10.014
391,OTH FP,4.591,5.372,5.596,5.73,5.814,5.897,6.001,6.079,6.126,6.194,6.243,6.298,6.362,6.404,6.437,6.468,6.512,6.543,6.577,6.608,6.64,6.674,6.711,6.738,6.764,6.791,6.825,6.846,6.872,6.892,6.918,6.942,6.965,6.993,7.015,7.046,7.067,7.089,7.119,7.143,7.166,7.186,7.207,7.228,7.243,7.267,7.293,7.318,7.338,7.356,7.378,7.387,7.409,7.429,7.447,7.462,7.483,7.5,7.527,7.55,7.567,7.593,7.609,7.638,7.654,7.678,7.703,7.732,7.759,7.787,7.813,7.841,7.875,7.9,7.928,7.952,7.98,8.008,8.038,8.068,8.1,8.121,8.157,8.179,8.216,8.253,8.29,8.326,8.373,8.41,8.452,8.507,8.565,8.622,8.681,8.749,8.806,8.934,9.069,9.284,10.014
392,OTH FP,4.651,5.341,5.61,5.734,5.842,5.941,6.005,6.065,6.13,6.192,6.233,6.274,6.329,6.375,6.416,6.451,6.486,6.525,6.562,6.59,6.629,6.66,6.688,6.72,6.745,6.771,6.797,6.819,6.843,6.87,6.89,6.914,6.934,6.953,6.977,6.999,7.025,7.046,7.069,7.087,7.105,7.125,7.148,7.172,7.192,7.207,7.228,7.251,7.273,7.294,7.32,7.342,7.358,7.375,7.398,7.416,7.45,7.468,7.489,7.507,7.531,7.554,7.579,7.601,7.625,7.645,7.667,7.687,7.707,7.732,7.753,7.777,7.799,7.826,7.847,7.877,7.903,7.934,7.955,7.979,8.006,8.037,8.064,8.087,8.119,8.159,8.198,8.228,8.274,8.311,8.359,8.404,8.459,8.518,8.584,8.677,8.784,8.851,8.98,9.188,9.898
393,OTH FP,4.651,5.341,5.61,5.734,5.842,5.941,6.005,6.065,6.13,6.192,6.233,6.274,6.329,6.375,6.416,6.451,6.486,6.525,6.562,6.59,6.629,6.66,6.688,6.72,6.745,6.771,6.797,6.819,6.843,6.87,6.89,6.914,6.934,6.953,6.977,6.999,7.025,7.046,7.069,7.087,7.105,7.125,7.148,7.172,7.192,7.207,7.228,7.251,7.273,7.294,7.32,7.342,7.358,7.375,7.398,7.416,7.45,7.468,7.489,7.507,7.531,7.554,7.579,7.601,7.625,7.645,7.667,7.687,7.707,7.732,7.753,7.777,7.799,7.826,7.847,7.877,7.903,7.934,7.955,7.979,8.006,8.037,8.064,8.087,8.119,8.159,8.198,8.228,8.274,8.311,8.359,8.404,8.459,8.518,8.584,8.677,8.784,8.851,8.98,9.188,9.898
394,OTH FP,4.453,5.411,5.622,5.775,5.883,5.954,6.021,6.089,6.161,6.209,6.247,6.281,6.332,6.377,6.421,6.466,6.495,6.526,6.548,6.574,6.605,6.632,6.663,6.687,6.71,6.737,6.763,6.79,6.817,6.842,6.864,6.892,6.922,6.94,6.958,6.976,6.99,7.008,7.028,7.044,7.063,7.087,7.106,7.137,7.162,7.189,7.212,7.232,7.25,7.268,7.286,7.304,7.323,7.339,7.361,7.38,7.4,7.42,7.436,7.454,7.477,7.493,7.516,7.54,7.559,7.581,7.601,7.618,7.638,7.661,7.683,7.699,7.718,7.736,7.761,7.785,7.806,7.831,7.86,7.886,7.919,7.944,7.969,7.998,8.03,8.052,8.098,8.141,8.184,8.232,8.278,8.333,8.395,8.443,8.488,8.551,8.662,8.775,8.901,9.107,9.767
395,OTH FP,4.453,5.411,5.622,5.775,5.883,5.954,6.021,6.089,6.161,6.209,6.247,6.281,6.332,6.377,6.421,6.466,6.495,6.526,6.548,6.574,6.605,6.632,6.663,6.687,6.71,6.737,6.763,6.79,6.817,6.842,6.864,6.892,6.922,6.94,6.958,6.976,6.99,7.008,7.028,7.044,7.063,7.087,7.106,7.137,7.162,7.189,7.212,7.232,7.25,7.268,7.286,7.304,7.323,7.339,7.361,7.38,7.4,7.42,7.436,7.454,7.477,7.493,7.516,7.54,7.559,7.581,7.601,7.618,7.638,7.661,7.683,7.699,7.718,7.736,7.761,7.785,7.806,7.831,7.86,7.886,7.919,7.944,7.969,7.998,8.03,8.052,8.098,8.141,8.184,8.232,8.278,8.333,8.395,8.443,8.488,8.551,8.662,8.775,8.901,9.107,9.767
396,OTH FP,4.864,5.384,5.648,5.812,5.892,5.976,6.047,6.118,6.161,6.21,6.247,6.289,6.317,6.354,6.397,6.43,6.473,6.509,6.54,6.565,6.585,6.61,6.63,6.656,6.678,6.701,6.727,6.748,6.776,6.792,6.81,6.837,6.856,6.878,6.9,6.929,6.946,6.965,6.986,7.009,7.029,7.048,7.065,7.084,7.103,7.123,7.137,7.157,7.182,7.2,7.22,7.237,7.257,7.273,7.291,7.317,7.336,7.351,7.377,7.398,7.415,7.437,7.455,7.47,7.493,7.51,7.533,7.55,7.57,7.591,7.611,7.63,7.65,7.673,7.695,7.721,7.746,7.768,7.792,7.829,7.853,7.882,7.921,7.947,7.971,8.004,8.028,8.061,8.088,8.131,8.18,8.226,8.272,8.311,8.365,8.444,8.53,8.639,8.785,9.025,9.525
397,OTH FP,4.864,5.384,5.648,5.812,5.892,5.976,6.047,6.118,6.161,6.21,6.247,6.289,6.317,6.354,6.397,6.43,6.473,6.509,6.54,6.565,6.585,6.61,6.63,6.656,6.678,6.701,6.727,6.748,6.776,6.792,6.81,6.837,6.856,6.878,6.9,6.929,6.946,6.965,6.986,7.009,7.029,7.048,7.065,7.084,7.103,7.123,7.137,7.157,7.182,7.2,7.22,7.237,7.257,7.273,7.291,7.317,7.336,7.351,7.377,7.398,7.415,7.437,7.455,7.47,7.493,7.51,7.533,7.55,7.57,7.591,7.611,7.63,7.65,7.673,7.695,7.721,7.746,7.768,7.792,7.829,7.853,7.882,7.921,7.947,7.971,8.004,8.028,8.061,8.088,8.131,8.18,8.226,8.272,8.311,8.365,8.444,8.53,8.639,8.785,9.025,9.525
398,OTH FP,4.933,5.487,5.694,5.814,5.912,6.009,6.078,6.128,6.187,6.229,6.278,6.306,6.345,6.38,6.413,6.441,6.47,6.499,6.526,6.554,6.587,6.611,6.631,6.651,6.677,6.701,6.731,6.748,6.767,6.788,6.808,6.828,6.846,6.868,6.893,6.909,6.927,6.944,6.964,6.982,7.001,7.016,7.031,7.054,7.074,7.089,7.113,7.13,7.142,7.158,7.177,7.194,7.206,7.223,7.245,7.261,7.281,7.301,7.316,7.334,7.35,7.369,7.385,7.402,7.42,7.442,7.465,7.485,7.508,7.524,7.542,7.562,7.587,7.611,7.629,7.652,7.676,7.699,7.729,7.75,7.77,7.793,7.819,7.839,7.864,7.893,7.916,7.942,7.973,8.007,8.044,8.094,8.157,8.225,8.281,8.32,8.396,8.481,8.61,8.824,9.231
399,OTH FP,4.933,5.487,5.694,5.814,5.912,6.009,6.078,6.128,6.187,6.229,6.278,6.306,6.345,6.38,6.413,6.441,6.47,6.499,6.526,6.554,6.587,6.611,6.631,6.651,6.677,6.701,6.731,6.748,6.767,6.788,6.808,6.828,6.846,6.868,6.893,6.909,6.927,6.944,6.964,6.982,7.001,7.016,7.031,7.054,7.074,7.089,7.113,7.13,7.142,7.158,7.177,7.194,7.206,7.223,7.245,7.261,7.281,7.301,7.316,7.334,7.35,7.369,7.385,7.402,7.42,7.442,7.465,7.485,7.508,7.524,7.542,7.562,7.587,7.611,7.629,7.652,7.676,7.699,7.729,7.75,7.77,7.793,7.819,7.839,7.864,7.893,7.916,7.942,7.973,8.007,8.044,8.094,8.157,8.225,8.281,8.32,8.396,8.481,8.61,8.824,9.231
400,OTH FP,4.848,5.47,5.685,5.799,5.888,5.969,6.039,6.098,6.142,6.192,6.237,6.28,6.316,6.349,6.392,6.422,6.454,6.482,6.513,6.538,6.566,6.591,6.614,6.639,6.662,6.68,6.703,6.732,6.754,6.775,6.799,6.824,6.843,6.871,6.89,6.91,6.925,6.945,6.967,6.982,7.003,7.022,7.041,7.057,7.076,7.095,7.115,7.132,7.148,7.164,7.184,7.201,7.217,7.236,7.256,7.275,7.291,7.308,7.327,7.344,7.361,7.374,7.394,7.411,7.432,7.448,7.462,7.48,7.503,7.534,7.549,7.572,7.597,7.622,7.643,7.661,7.685,7.708,7.729,7.754,7.775,7.803,7.832,7.862,7.891,7.916,7.946,7.974,8.002,8.036,8.063,8.107,8.139,8.19,8.245,8.313,8.393,8.48,8.617,8.771,9.323
401,OTH FP,4.848,5.47,5.685,5.799,5.888,5.969,6.039,6.098,6.142,6.192,6.237,6.28,6.316,6.349,6.392,6.422,6.454,6.482,6.513,6.538,6.566,6.591,6.614,6.639,6.662,6.68,6.703,6.732,6.754,6.775,6.799,6.824,6.843,6.871,6.89,6.91,6.925,6.945,6.967,6.982,7.003,7.022,7.041,7.057,7.076,7.095,7.115,7.132,7.148,7.164,7.184,7.201,7.217,7.236,7.256,7.275,7.291,7.308,7.327,7.344,7.361,7.374,7.394,7.411,7.432,7.448,7.462,7.48,7.503,7.534,7.549,7.572,7.597,7.622,7.643,7.661,7.685,7.708,7.729,7.754,7.775,7.803,7.832,7.862,7.891,7.916,7.946,7.974,8.002,8.036,8.063,8.107,8.139,8.19,8.245,8.313,8.393,8.48,8.617,8.771,9.323
402,OTH FP,4.921,5.453,5.686,5.783,5.856,5.933,6.001,6.06,6.108,6.165,6.216,6.256,6.288,6.324,6.361,6.403,6.434,6.457,6.489,6.521,6.551,6.578,6.6,6.63,6.651,6.673,6.695,6.718,6.738,6.765,6.786,6.811,6.829,6.854,6.872,6.89,6.915,6.933,6.952,6.968,6.986,7.005,7.025,7.044,7.062,7.081,7.101,7.12,7.137,7.152,7.173,7.19,7.21,7.226,7.243,7.265,7.281,7.298,7.312,7.33,7.349,7.363,7.379,7.396,7.419,7.444,7.46,7.477,7.493,7.517,7.535,7.555,7.583,7.607,7.629,7.652,7.667,7.687,7.71,7.733,7.759,7.779,7.801,7.823,7.85,7.879,7.918,7.955,7.988,8.02,8.058,8.09,8.137,8.202,8.266,8.322,8.392,8.484,8.607,8.799,9.368
403,OTH FP,4.921,5.453,5.686,5.783,5.856,5.933,6.001,6.06,6.108,6.165,6.216,6.256,6.288,6.324,6.361,6.403,6.434,6.457,6.489,6.521,6.551,6.578,6.6,6.63,6.651,6.673,6.695,6.718,6.738,6.765,6.786,6.811,6.829,6.854,6.872,6.89,6.915,6.933,6.952,6.968,6.986,7.005,7.025,7.044,7.062,7.081,7.101,7.12,7.137,7.152,7.173,7.19,7.21,7.226,7.243,7.265,7.281,7.298,7.312,7.33,7.349,7.363,7.379,7.396,7.419,7.444,7.46,7.477,7.493,7.517,7.535,7.555,7.583,7.607,7.629,7.652,7.667,7.687,7.71,7.733,7.759,7.779,7.801,7.823,7.85,7.879,7.918,7.955,7.988,8.02,8.058,8.09,8.137,8.202,8.266,8.322,8.392,8.484,8.607,8.799,9.368
404,OTH FP,4.798,5.467,5.643,5.763,5.85,5.943,5.999,6.066,6.13,6.176,6.213,6.257,6.295,6.331,6.366,6.4,6.439,6.467,6.49,6.519,6.55,6.577,6.598,6.624,6.651,6.669,6.689,6.709,6.734,6.76,6.778,6.8,6.821,6.841,6.86,6.879,6.899,6.915,6.933,6.952,6.97,6.992,7.008,7.028,7.043,7.067,7.086,7.1,7.118,7.14,7.157,7.173,7.195,7.209,7.225,7.243,7.26,7.275,7.298,7.318,7.33,7.348,7.369,7.389,7.405,7.426,7.451,7.472,7.488,7.507,7.524,7.55,7.571,7.585,7.608,7.628,7.646,7.669,7.694,7.712,7.745,7.772,7.802,7.825,7.851,7.879,7.916,7.954,7.991,8.028,8.071,8.101,8.151,8.214,8.268,8.338,8.407,8.496,8.6,8.729,9.336
405,OTH FP,4.798,5.467,5.643,5.763,5.85,5.943,5.999,6.066,6.13,6.176,6.213,6.257,6.295,6.331,6.366,6.4,6.439,6.467,6.49,6.519,6.55,6.577,6.598,6.624,6.651,6.669,6.689,6.709,6.734,6.76,6.778,6.8,6.821,6.841,6.86,6.879,6.899,6.915,6.933,6.952,6.97,6.992,7.008,7.028,7.043,7.067,7.086,7.1,7.118,7.14,7.157,7.173,7.195,7.209,7.225,7.243,7.26,7.275,7.298,7.318,7.33,7.348,7.369,7.389,7.405,7.426,7.451,7.472,7.488,7.507,7.524,7.55,7.571,7.585,7.608,7.628,7.646,7.669,7.694,7.712,7.745,7.772,7.802,7.825,7.851,7.879,7.916,7.954,7.991,8.028,8.071,8.101,8.151,8.214,8.268,8.338,8.407,8.496,8.6,8.729,9.336
406,OTH FP,4.852,5.467,5.702,5.821,5.896,5.974,6.035,6.105,6.144,6.188,6.224,6.26,6.31,6.353,6.389,6.418,6.453,6.483,6.509,6.532,6.551,6.568,6.596,6.618,6.639,6.663,6.685,6.706,6.729,6.745,6.768,6.789,6.809,6.831,6.847,6.868,6.892,6.917,6.932,6.953,6.971,6.99,7.008,7.027,7.044,7.056,7.071,7.09,7.107,7.126,7.14,7.156,7.173,7.196,7.207,7.221,7.236,7.262,7.281,7.302,7.322,7.339,7.354,7.367,7.381,7.397,7.413,7.434,7.45,7.471,7.487,7.505,7.529,7.555,7.577,7.602,7.629,7.652,7.673,7.698,7.723,7.755,7.778,7.815,7.844,7.869,7.902,7.938,7.971,8.012,8.053,8.088,8.141,8.186,8.238,8.301,8.375,8.463,8.563,8.728,9.161
407,OTH FP,4.852,5.467,5.702,5.821,5.896,5.974,6.035,6.105,6.144,6.188,6.224,6.26,6.31,6.353,6.389,6.418,6.453,6.483,6.509,6.532,6.551,6.568,6.596,6.618,6.639,6.663,6.685,6.706,6.729,6.745,6.768,6.789,6.809,6.831,6.847,6.868,6.892,6.917,6.932,6.953,6.971,6.99,7.008,7.027,7.044,7.056,7.071,7.09,7.107,7.126,7.14,7.156,7.173,7.196,7.207,7.221,7.236,7.262,7.281,7.302,7.322,7.339,7.354,7.367,7.381,7.397,7.413,7.434,7.45,7.471,7.487,7.505,7.529,7.555,7.577,7.602,7.629,7.652,7.673,7.698,7.723,7.755,7.778,7.815,7.844,7.869,7.902,7.938,7.971,8.012,8.053,8.088,8.141,8.186,8.238,8.301,8.375,8.463,8.563,8.728,9.161
408,OTH FP,5.191,5.622,5.794,5.895,5.981,6.041,6.109,6.162,6.209,6.25,6.288,6.325,6.353,6.383,6.412,6.448,6.468,6.489,6.51,6.534,6.558,6.577,6.597,6.618,6.639,6.66,6.682,6.705,6.727,6.748,6.775,6.793,6.806,6.823,6.841,6.861,6.877,6.895,6.914,6.934,6.949,6.972,6.989,7.003,7.02,7.037,7.051,7.068,7.08,7.101,7.12,7.136,7.149,7.167,7.186,7.2,7.216,7.229,7.249,7.262,7.279,7.295,7.316,7.336,7.356,7.377,7.395,7.413,7.439,7.457,7.477,7.489,7.519,7.539,7.563,7.583,7.605,7.627,7.649,7.671,7.691,7.715,7.742,7.77,7.799,7.821,7.845,7.875,7.907,7.944,7.997,8.031,8.077,8.12,8.172,8.228,8.288,8.368,8.491,8.646,9.128
409,OTH FP,5.191,5.622,5.794,5.895,5.981,6.041,6.109,6.162,6.209,6.25,6.288,6.325,6.353,6.383,6.412,6.448,6.468,6.489,6.51,6.534,6.558,6.577,6.597,6.618,6.639,6.66,6.682,6.705,6.727,6.748,6.775,6.793,6.806,6.823,6.841,6.861,6.877,6.895,6.914,6.934,6.949,6.972,6.989,7.003,7.02,7.037,7.051,7.068,7.08,7.101,7.12,7.136,7.149,7.167,7.186,7.2,7.216,7.229,7.249,7.262,7.279,7.295,7.316,7.336,7.356,7.377,7.395,7.413,7.439,7.457,7.477,7.489,7.519,7.539,7.563,7.583,7.605,7.627,7.649,7.671,7.691,7.715,7.742,7.77,7.799,7.821,7.845,7.875,7.907,7.944,7.997,8.031,8.077,8.12,8.172,8.228,8.288,8.368,8.491,8.646,9.128
410,OTH FP,5.16,5.613,5.774,5.897,5.979,6.046,6.11,6.173,6.22,6.258,6.298,6.334,6.368,6.394,6.425,6.459,6.489,6.517,6.541,6.565,6.586,6.61,6.632,6.66,6.677,6.699,6.722,6.741,6.762,6.779,6.801,6.816,6.835,6.854,6.875,6.892,6.909,6.929,6.941,6.954,6.976,6.998,7.021,7.037,7.054,7.069,7.083,7.102,7.115,7.131,7.149,7.173,7.186,7.201,7.219,7.24,7.257,7.274,7.286,7.305,7.32,7.333,7.345,7.363,7.379,7.398,7.413,7.43,7.454,7.472,7.491,7.51,7.53,7.546,7.567,7.592,7.61,7.635,7.658,7.687,7.706,7.729,7.755,7.79,7.81,7.839,7.861,7.895,7.919,7.958,7.996,8.036,8.077,8.121,8.165,8.232,8.312,8.412,8.498,8.637,9.031
411,OTH FP,5.16,5.613,5.774,5.897,5.979,6.046,6.11,6.173,6.22,6.258,6.298,6.334,6.368,6.394,6.425,6.459,6.489,6.517,6.541,6.565,6.586,6.61,6.632,6.66,6.677,6.699,6.722,6.741,6.762,6.779,6.801,6.816,6.835,6.854,6.875,6.892,6.909,6.929,6.941,6.954,6.976,6.998,7.021,7.037,7.054,7.069,7.083,7.102,7.115,7.131,7.149,7.173,7.186,7.201,7.219,7.24,7.257,7.274,7.286,7.305,7.32,7.333,7.345,7.363,7.379,7.398,7.413,7.43,7.454,7.472,7.491,7.51,7.53,7.546,7.567,7.592,7.61,7.635,7.658,7.687,7.706,7.729,7.755,7.79,7.81,7.839,7.861,7.895,7.919,7.958,7.996,8.036,8.077,8.121,8.165,8.232,8.312,8.412,8.498,8.637,9.031
412,OTH FP,5.062,5.674,5.828,5.956,6.027,6.099,6.147,6.2,6.246,6.288,6.325,6.365,6.393,6.423,6.468,6.494,6.525,6.551,6.578,6.599,6.62,6.644,6.663,6.686,6.706,6.722,6.738,6.763,6.79,6.805,6.827,6.844,6.862,6.879,6.896,6.914,6.932,6.947,6.961,6.981,7.001,7.017,7.032,7.046,7.062,7.081,7.096,7.111,7.129,7.15,7.172,7.186,7.202,7.218,7.234,7.25,7.262,7.28,7.295,7.309,7.324,7.34,7.351,7.37,7.386,7.404,7.419,7.433,7.454,7.475,7.495,7.513,7.53,7.549,7.567,7.589,7.614,7.634,7.657,7.679,7.704,7.734,7.759,7.778,7.804,7.828,7.855,7.88,7.911,7.952,7.998,8.033,8.079,8.117,8.167,8.213,8.281,8.362,8.486,8.635,9.039
413,OTH FP,5.062,5.674,5.828,5.956,6.027,6.099,6.147,6.2,6.246,6.288,6.325,6.365,6.393,6.423,6.468,6.494,6.525,6.551,6.578,6.599,6.62,6.644,6.663,6.686,6.706,6.722,6.738,6.763,6.79,6.805,6.827,6.844,6.862,6.879,6.896,6.914,6.932,6.947,6.961,6.981,7.001,7.017,7.032,7.046,7.062,7.081,7.096,7.111,7.129,7.15,7.172,7.186,7.202,7.218,7.234,7.25,7.262,7.28,7.295,7.309,7.324,7.34,7.351,7.37,7.386,7.404,7.419,7.433,7.454,7.475,7.495,7.513,7.53,7.549,7.567,7.589,7.614,7.634,7.657,7.679,7.704,7.734,7.759,7.778,7.804,7.828,7.855,7.88,7.911,7.952,7.998,8.033,8.079,8.117,8.167,8.213,8.281,8.362,8.486,8.635,9.039
414,OTH FP,4.922,5.57,5.738,5.85,5.931,5.991,6.042,6.094,6.151,6.203,6.251,6.288,6.321,6.36,6.393,6.422,6.452,6.485,6.51,6.534,6.562,6.591,6.612,6.631,6.654,6.675,6.702,6.719,6.739,6.754,6.771,6.791,6.813,6.829,6.851,6.865,6.889,6.905,6.924,6.938,6.957,6.979,6.995,7.012,7.031,7.045,7.062,7.078,7.094,7.112,7.127,7.145,7.164,7.181,7.191,7.207,7.226,7.246,7.262,7.278,7.3,7.315,7.329,7.347,7.362,7.384,7.403,7.424,7.446,7.465,7.482,7.5,7.52,7.539,7.557,7.578,7.609,7.63,7.653,7.677,7.694,7.716,7.738,7.761,7.785,7.815,7.842,7.881,7.91,7.943,7.983,8.027,8.07,8.122,8.17,8.228,8.294,8.373,8.47,8.644,9.16
415,OTH FP,4.922,5.57,5.738,5.85,5.931,5.991,6.042,6.094,6.151,6.203,6.251,6.288,6.321,6.36,6.393,6.422,6.452,6.485,6.51,6.534,6.562,6.591,6.612,6.631,6.654,6.675,6.702,6.719,6.739,6.754,6.771,6.791,6.813,6.829,6.851,6.865,6.889,6.905,6.924,6.938,6.957,6.979,6.995,7.012,7.031,7.045,7.062,7.078,7.094,7.112,7.127,7.145,7.164,7.181,7.191,7.207,7.226,7.246,7.262,7.278,7.3,7.315,7.329,7.347,7.362,7.384,7.403,7.424,7.446,7.465,7.482,7.5,7.52,7.539,7.557,7.578,7.609,7.63,7.653,7.677,7.694,7.716,7.738,7.761,7.785,7.815,7.842,7.881,7.91,7.943,7.983,8.027,8.07,8.122,8.17,8.228,8.294,8.373,8.47,8.644,9.16
416,OTH FP,4.917,5.424,5.62,5.703,5.807,5.91,5.987,6.062,6.11,6.158,6.197,6.236,6.266,6.298,6.34,6.373,6.402,6.422,6.458,6.482,6.51,6.532,6.555,6.579,6.601,6.622,6.641,6.663,6.688,6.702,6.723,6.747,6.765,6.781,6.799,6.818,6.833,6.851,6.867,6.883,6.899,6.918,6.938,6.95,6.968,6.983,7.005,7.021,7.039,7.052,7.071,7.088,7.111,7.132,7.152,7.175,7.193,7.206,7.223,7.241,7.263,7.282,7.303,7.318,7.332,7.351,7.37,7.39,7.413,7.432,7.458,7.482,7.503,7.533,7.549,7.567,7.587,7.608,7.636,7.653,7.675,7.701,7.724,7.747,7.778,7.805,7.836,7.865,7.902,7.941,7.977,8.023,8.072,8.13,8.192,8.256,8.33,8.414,8.528,8.749,9.263
417,OTH FP,4.917,5.424,5.62,5.703,5.807,5.91,5.987,6.062,6.11,6.158,6.197,6.236,6.266,6.298,6.34,6.373,6.402,6.422,6.458,6.482,6.51,6.532,6.555,6.579,6.601,6.622,6.641,6.663,6.688,6.702,6.723,6.747,6.765,6.781,6.799,6.818,6.833,6.851,6.867,6.883,6.899,6.918,6.938,6.95,6.968,6.983,7.005,7.021,7.039,7.052,7.071,7.088,7.111,7.132,7.152,7.175,7.193,7.206,7.223,7.241,7.263,7.282,7.303,7.318,7.332,7.351,7.37,7.39,7.413,7.432,7.458,7.482,7.503,7.533,7.549,7.567,7.587,7.608,7.636,7.653,7.675,7.701,7.724,7.747,7.778,7.805,7.836,7.865,7.902,7.941,7.977,8.023,8.072,8.13,8.192,8.256,8.33,8.414,8.528,8.749,9.263
418,OTH FP,4.656,5.263,5.516,5.662,5.748,5.823,5.908,5.989,6.04,6.087,6.122,6.16,6.195,6.237,6.27,6.296,6.323,6.368,6.391,6.421,6.448,6.468,6.495,6.519,6.542,6.568,6.589,6.609,6.629,6.649,6.669,6.686,6.707,6.724,6.744,6.761,6.777,6.798,6.816,6.83,6.851,6.867,6.887,6.901,6.92,6.935,6.953,6.97,6.984,7.0,7.017,7.039,7.062,7.08,7.094,7.113,7.132,7.152,7.172,7.191,7.208,7.227,7.251,7.271,7.292,7.309,7.336,7.364,7.381,7.399,7.422,7.446,7.471,7.495,7.515,7.537,7.556,7.579,7.605,7.63,7.65,7.673,7.702,7.729,7.758,7.792,7.833,7.872,7.898,7.936,7.968,8.0,8.055,8.11,8.167,8.245,8.339,8.428,8.521,8.678,9.285
419,OTH FP,4.656,5.263,5.516,5.662,5.748,5.823,5.908,5.989,6.04,6.087,6.122,6.16,6.195,6.237,6.27,6.296,6.323,6.368,6.391,6.421,6.448,6.468,6.495,6.519,6.542,6.568,6.589,6.609,6.629,6.649,6.669,6.686,6.707,6.724,6.744,6.761,6.777,6.798,6.816,6.83,6.851,6.867,6.887,6.901,6.92,6.935,6.953,6.97,6.984,7.0,7.017,7.039,7.062,7.08,7.094,7.113,7.132,7.152,7.172,7.191,7.208,7.227,7.251,7.271,7.292,7.309,7.336,7.364,7.381,7.399,7.422,7.446,7.471,7.495,7.515,7.537,7.556,7.579,7.605,7.63,7.65,7.673,7.702,7.729,7.758,7.792,7.833,7.872,7.898,7.936,7.968,8.0,8.055,8.11,8.167,8.245,8.339,8.428,8.521,8.678,9.285
420,OTH FP,4.696,5.278,5.508,5.608,5.712,5.785,5.864,5.912,5.968,6.021,6.061,6.102,6.131,6.166,6.201,6.233,6.255,6.284,6.308,6.339,6.373,6.398,6.426,6.454,6.477,6.501,6.528,6.551,6.579,6.609,6.626,6.646,6.66,6.68,6.698,6.716,6.735,6.75,6.771,6.788,6.802,6.819,6.835,6.854,6.873,6.891,6.903,6.923,6.944,6.962,6.98,6.998,7.019,7.039,7.061,7.077,7.092,7.117,7.138,7.156,7.177,7.198,7.219,7.239,7.259,7.279,7.3,7.321,7.336,7.356,7.377,7.4,7.421,7.436,7.462,7.485,7.509,7.542,7.563,7.587,7.614,7.643,7.671,7.693,7.721,7.752,7.788,7.821,7.861,7.892,7.945,7.988,8.034,8.095,8.163,8.205,8.279,8.39,8.53,8.751,9.205
421,OTH FP,4.696,5.278,5.508,5.608,5.712,5.785,5.864,5.912,5.968,6.021,6.061,6.102,6.131,6.166,6.201,6.233,6.255,6.284,6.308,6.339,6.373,6.398,6.426,6.454,6.477,6.501,6.528,6.551,6.579,6.609,6.626,6.646,6.66,6.68,6.698,6.716,6.735,6.75,6.771,6.788,6.802,6.819,6.835,6.854,6.873,6.891,6.903,6.923,6.944,6.962,6.98,6.998,7.019,7.039,7.061,7.077,7.092,7.117,7.138,7.156,7.177,7.198,7.219,7.239,7.259,7.279,7.3,7.321,7.336,7.356,7.377,7.4,7.421,7.436,7.462,7.485,7.509,7.542,7.563,7.587,7.614,7.643,7.671,7.693,7.721,7.752,7.788,7.821,7.861,7.892,7.945,7.988,8.034,8.095,8.163,8.205,8.279,8.39,8.53,8.751,9.205
422,OTH FP,4.739,5.225,5.474,5.599,5.68,5.769,5.827,5.89,5.931,5.971,6.014,6.064,6.105,6.135,6.167,6.197,6.231,6.266,6.302,6.327,6.351,6.374,6.4,6.422,6.439,6.467,6.491,6.51,6.535,6.554,6.574,6.589,6.613,6.629,6.647,6.668,6.682,6.701,6.724,6.746,6.761,6.779,6.796,6.812,6.832,6.849,6.868,6.887,6.904,6.921,6.941,6.96,6.979,6.996,7.011,7.033,7.055,7.075,7.09,7.109,7.122,7.14,7.159,7.181,7.2,7.219,7.237,7.26,7.277,7.293,7.32,7.341,7.358,7.379,7.402,7.422,7.44,7.472,7.495,7.523,7.544,7.572,7.616,7.645,7.674,7.717,7.747,7.778,7.813,7.852,7.897,7.933,7.974,8.02,8.072,8.126,8.201,8.312,8.439,8.656,9.364
423,OTH FP,4.739,5.225,5.474,5.599,5.68,5.769,5.827,5.89,5.931,5.971,6.014,6.064,6.105,6.135,6.167,6.197,6.231,6.266,6.302,6.327,6.351,6.374,6.4,6.422,6.439,6.467,6.491,6.51,6.535,6.554,6.574,6.589,6.613,6.629,6.647,6.668,6.682,6.701,6.724,6.746,6.761,6.779,6.796,6.812,6.832,6.849,6.868,6.887,6.904,6.921,6.941,6.96,6.979,6.996,7.011,7.033,7.055,7.075,7.09,7.109,7.122,7.14,7.159,7.181,7.2,7.219,7.237,7.26,7.277,7.293,7.32,7.341,7.358,7.379,7.402,7.422,7.44,7.472,7.495,7.523,7.544,7.572,7.616,7.645,7.674,7.717,7.747,7.778,7.813,7.852,7.897,7.933,7.974,8.02,8.072,8.126,8.201,8.312,8.439,8.656,9.364
424,OTH FP,4.782,5.319,5.48,5.583,5.664,5.742,5.81,5.865,5.925,5.956,5.994,6.037,6.075,6.114,6.147,6.183,6.213,6.241,6.273,6.295,6.316,6.349,6.374,6.4,6.428,6.454,6.471,6.491,6.509,6.524,6.543,6.562,6.58,6.598,6.623,6.644,6.667,6.687,6.704,6.718,6.735,6.755,6.775,6.794,6.812,6.825,6.843,6.863,6.88,6.898,6.914,6.932,6.95,6.965,6.979,6.997,7.016,7.039,7.054,7.069,7.092,7.107,7.122,7.14,7.16,7.178,7.197,7.214,7.233,7.26,7.281,7.301,7.321,7.339,7.359,7.382,7.403,7.421,7.445,7.472,7.495,7.517,7.543,7.572,7.6,7.628,7.65,7.686,7.729,7.773,7.809,7.853,7.894,7.963,8.022,8.082,8.154,8.249,8.365,8.564,9.169
425,OTH FP,4.782,5.319,5.48,5.583,5.664,5.742,5.81,5.865,5.925,5.956,5.994,6.037,6.075,6.114,6.147,6.183,6.213,6.241,6.273,6.295,6.316,6.349,6.374,6.4,6.428,6.454,6.471,6.491,6.509,6.524,6.543,6.562,6.58,6.598,6.623,6.644,6.667,6.687,6.704,6.718,6.735,6.755,6.775,6.794,6.812,6.825,6.843,6.863,6.88,6.898,6.914,6.932,6.95,6.965,6.979,6.997,7.016,7.039,7.054,7.069,7.092,7.107,7.122,7.14,7.16,7.178,7.197,7.214,7.233,7.26,7.281,7.301,7.321,7.339,7.359,7.382,7.403,7.421,7.445,7.472,7.495,7.517,7.543,7.572,7.6,7.628,7.65,7.686,7.729,7.773,7.809,7.853,7.894,7.963,8.022,8.082,8.154,8.249,8.365,8.564,9.169
426,OTH FP,4.582,5.323,5.507,5.611,5.682,5.751,5.826,5.875,5.923,5.973,6.018,6.049,6.084,6.114,6.152,6.175,6.203,6.232,6.259,6.277,6.309,6.341,6.364,6.384,6.406,6.428,6.447,6.466,6.484,6.502,6.527,6.551,6.57,6.585,6.603,6.623,6.643,6.662,6.684,6.695,6.711,6.728,6.741,6.76,6.774,6.793,6.805,6.818,6.834,6.846,6.865,6.881,6.897,6.913,6.929,6.947,6.962,6.978,6.993,7.006,7.03,7.058,7.074,7.09,7.111,7.13,7.148,7.172,7.187,7.208,7.225,7.243,7.264,7.291,7.311,7.324,7.343,7.369,7.393,7.415,7.436,7.463,7.495,7.531,7.55,7.578,7.604,7.642,7.674,7.707,7.741,7.771,7.816,7.876,7.925,7.977,8.061,8.144,8.279,8.454,9.024
427,OTH FP,4.582,5.323,5.507,5.611,5.682,5.751,5.826,5.875,5.923,5.973,6.018,6.049,6.084,6.114,6.152,6.175,6.203,6.232,6.259,6.277,6.309,6.341,6.364,6.384,6.406,6.428,6.447,6.466,6.484,6.502,6.527,6.551,6.57,6.585,6.603,6.623,6.643,6.662,6.684,6.695,6.711,6.728,6.741,6.76,6.774,6.793,6.805,6.818,6.834,6.846,6.865,6.881,6.897,6.913,6.929,6.947,6.962,6.978,6.993,7.006,7.03,7.058,7.074,7.09,7.111,7.13,7.148,7.172,7.187,7.208,7.225,7.243,7.264,7.291,7.311,7.324,7.343,7.369,7.393,7.415,7.436,7.463,7.495,7.531,7.55,7.578,7.604,7.642,7.674,7.707,7.741,7.771,7.816,7.876,7.925,7.977,8.061,8.144,8.279,8.454,9.024
428,OTH FP,4.696,5.276,5.474,5.613,5.702,5.779,5.838,5.904,5.956,6.007,6.046,6.089,6.132,6.157,6.198,6.222,6.247,6.274,6.31,6.332,6.351,6.375,6.397,6.419,6.439,6.463,6.483,6.512,6.533,6.558,6.577,6.597,6.622,6.638,6.657,6.675,6.695,6.717,6.741,6.755,6.776,6.791,6.805,6.825,6.836,6.853,6.871,6.887,6.904,6.919,6.936,6.952,6.966,6.98,6.997,7.014,7.037,7.052,7.07,7.087,7.106,7.125,7.145,7.165,7.184,7.204,7.219,7.237,7.257,7.275,7.293,7.312,7.334,7.354,7.376,7.398,7.421,7.44,7.469,7.486,7.517,7.543,7.567,7.592,7.622,7.645,7.674,7.707,7.738,7.783,7.83,7.879,7.928,7.968,8.013,8.063,8.132,8.222,8.339,8.526,8.946
429,OTH FP,4.696,5.276,5.474,5.613,5.702,5.779,5.838,5.904,5.956,6.007,6.046,6.089,6.132,6.157,6.198,6.222,6.247,6.274,6.31,6.332,6.351,6.375,6.397,6.419,6.439,6.463,6.483,6.512,6.533,6.558,6.577,6.597,6.622,6.638,6.657,6.675,6.695,6.717,6.741,6.755,6.776,6.791,6.805,6.825,6.836,6.853,6.871,6.887,6.904,6.919,6.936,6.952,6.966,6.98,6.997,7.014,7.037,7.052,7.07,7.087,7.106,7.125,7.145,7.165,7.184,7.204,7.219,7.237,7.257,7.275,7.293,7.312,7.334,7.354,7.376,7.398,7.421,7.44,7.469,7.486,7.517,7.543,7.567,7.592,7.622,7.645,7.674,7.707,7.738,7.783,7.83,7.879,7.928,7.968,8.013,8.063,8.132,8.222,8.339,8.526,8.946
430,OTH FP,4.75,5.335,5.53,5.644,5.736,5.822,5.926,5.982,6.018,6.071,6.105,6.152,6.191,6.228,6.254,6.29,6.317,6.343,6.364,6.386,6.414,6.433,6.455,6.473,6.499,6.518,6.546,6.571,6.596,6.613,6.629,6.648,6.662,6.683,6.706,6.723,6.744,6.767,6.781,6.803,6.821,6.841,6.86,6.883,6.9,6.919,6.94,6.955,6.972,6.986,7.005,7.022,7.04,7.056,7.07,7.085,7.103,7.121,7.145,7.163,7.18,7.196,7.217,7.236,7.258,7.273,7.293,7.309,7.33,7.349,7.37,7.393,7.412,7.437,7.455,7.47,7.492,7.511,7.535,7.556,7.583,7.608,7.635,7.667,7.705,7.726,7.747,7.773,7.804,7.846,7.89,7.93,7.99,8.042,8.089,8.145,8.207,8.287,8.408,8.582,9.148
431,OTH FP,4.75,5.335,5.53,5.644,5.736,5.822,5.926,5.982,6.018,6.071,6.105,6.152,6.191,6.228,6.254,6.29,6.317,6.343,6.364,6.386,6.414,6.433,6.455,6.473,6.499,6.518,6.546,6.571,6.596,6.613,6.629,6.648,6.662,6.683,6.706,6.723,6.744,6.767,6.781,6.803,6.821,6.841,6.86,6.883,6.9,6.919,6.94,6.955,6.972,6.986,7.005,7.022,7.04,7.056,7.07,7.085,7.103,7.121,7.145,7.163,7.18,7.196,7.217,7.236,7.258,7.273,7.293,7.309,7.33,7.349,7.37,7.393,7.412,7.437,7.455,7.47,7.492,7.511,7.535,7.556,7.583,7.608,7.635,7.667,7.705,7.726,7.747,7.773,7.804,7.846,7.89,7.93,7.99,8.042,8.089,8.145,8.207,8.287,8.408,8.582,9.148
432,OTH FP,4.741,5.404,5.614,5.696,5.779,5.883,5.961,6.011,6.06,6.101,6.149,6.181,6.219,6.267,6.302,6.342,6.371,6.395,6.423,6.451,6.472,6.501,6.525,6.546,6.572,6.599,6.624,6.647,6.667,6.685,6.711,6.727,6.747,6.768,6.788,6.809,6.827,6.843,6.861,6.874,6.887,6.905,6.924,6.945,6.964,6.983,6.999,7.017,7.037,7.048,7.06,7.077,7.095,7.115,7.132,7.145,7.167,7.184,7.208,7.228,7.251,7.271,7.283,7.298,7.309,7.33,7.352,7.37,7.39,7.408,7.432,7.451,7.472,7.494,7.516,7.538,7.565,7.586,7.608,7.635,7.664,7.683,7.707,7.732,7.757,7.789,7.813,7.843,7.868,7.901,7.94,7.981,8.015,8.064,8.106,8.159,8.232,8.314,8.448,8.695,9.13
433,OTH FP,4.741,5.404,5.614,5.696,5.779,5.883,5.961,6.011,6.06,6.101,6.149,6.181,6.219,6.267,6.302,6.342,6.371,6.395,6.423,6.451,6.472,6.501,6.525,6.546,6.572,6.599,6.624,6.647,6.667,6.685,6.711,6.727,6.747,6.768,6.788,6.809,6.827,6.843,6.861,6.874,6.887,6.905,6.924,6.945,6.964,6.983,6.999,7.017,7.037,7.048,7.06,7.077,7.095,7.115,7.132,7.145,7.167,7.184,7.208,7.228,7.251,7.271,7.283,7.298,7.309,7.33,7.352,7.37,7.39,7.408,7.432,7.451,7.472,7.494,7.516,7.538,7.565,7.586,7.608,7.635,7.664,7.683,7.707,7.732,7.757,7.789,7.813,7.843,7.868,7.901,7.94,7.981,8.015,8.064,8.106,8.159,8.232,8.314,8.448,8.695,9.13
434,OTH FP,4.989,5.504,5.667,5.778,5.863,5.959,6.02,6.078,6.134,6.199,6.259,6.298,6.334,6.367,6.401,6.433,6.459,6.489,6.516,6.539,6.563,6.581,6.607,6.634,6.653,6.674,6.697,6.715,6.733,6.755,6.777,6.798,6.818,6.834,6.852,6.874,6.89,6.908,6.929,6.943,6.961,6.983,7.005,7.018,7.035,7.052,7.072,7.086,7.113,7.128,7.145,7.159,7.177,7.196,7.216,7.234,7.25,7.268,7.283,7.302,7.32,7.339,7.355,7.37,7.391,7.409,7.426,7.44,7.456,7.47,7.489,7.507,7.527,7.547,7.567,7.59,7.611,7.636,7.656,7.675,7.704,7.73,7.757,7.787,7.812,7.844,7.869,7.903,7.932,7.966,7.992,8.033,8.077,8.123,8.159,8.203,8.292,8.383,8.489,8.745,9.182
435,OTH FP,4.989,5.504,5.667,5.778,5.863,5.959,6.02,6.078,6.134,6.199,6.259,6.298,6.334,6.367,6.401,6.433,6.459,6.489,6.516,6.539,6.563,6.581,6.607,6.634,6.653,6.674,6.697,6.715,6.733,6.755,6.777,6.798,6.818,6.834,6.852,6.874,6.89,6.908,6.929,6.943,6.961,6.983,7.005,7.018,7.035,7.052,7.072,7.086,7.113,7.128,7.145,7.159,7.177,7.196,7.216,7.234,7.25,7.268,7.283,7.302,7.32,7.339,7.355,7.37,7.391,7.409,7.426,7.44,7.456,7.47,7.489,7.507,7.527,7.547,7.567,7.59,7.611,7.636,7.656,7.675,7.704,7.73,7.757,7.787,7.812,7.844,7.869,7.903,7.932,7.966,7.992,8.033,8.077,8.123,8.159,8.203,8.292,8.383,8.489,8.745,9.182
436,OTH FP,5.05,5.699,5.815,5.931,6.009,6.083,6.156,6.217,6.271,6.304,6.353,6.383,6.419,6.447,6.486,6.51,6.541,6.565,6.598,6.62,6.643,6.666,6.684,6.709,6.725,6.751,6.77,6.789,6.811,6.83,6.845,6.863,6.88,6.896,6.913,6.929,6.95,6.971,6.987,7.007,7.019,7.035,7.051,7.07,7.094,7.111,7.129,7.147,7.168,7.18,7.199,7.212,7.229,7.247,7.261,7.274,7.288,7.304,7.324,7.339,7.356,7.368,7.382,7.399,7.419,7.433,7.452,7.468,7.484,7.502,7.522,7.539,7.556,7.576,7.597,7.616,7.637,7.658,7.678,7.702,7.729,7.751,7.774,7.801,7.825,7.852,7.879,7.912,7.946,7.987,8.027,8.066,8.107,8.143,8.199,8.244,8.317,8.399,8.487,8.663,9.292
437,OTH FP,5.05,5.699,5.815,5.931,6.009,6.083,6.156,6.217,6.271,6.304,6.353,6.383,6.419,6.447,6.486,6.51,6.541,6.565,6.598,6.62,6.643,6.666,6.684,6.709,6.725,6.751,6.77,6.789,6.811,6.83,6.845,6.863,6.88,6.896,6.913,6.929,6.95,6.971,6.987,7.007,7.019,7.035,7.051,7.07,7.094,7.111,7.129,7.147,7.168,7.18,7.199,7.212,7.229,7.247,7.261,7.274,7.288,7.304,7.324,7.339,7.356,7.368,7.382,7.399,7.419,7.433,7.452,7.468,7.484,7.502,7.522,7.539,7.556,7.576,7.597,7.616,7.637,7.658,7.678,7.702,7.729,7.751,7.774,7.801,7.825,7.852,7.879,7.912,7.946,7.987,8.027,8.066,8.107,8.143,8.199,8.244,8.317,8.399,8.487,8.663,9.292
438,OTH FP,5.223,5.716,5.902,5.997,6.089,6.163,6.207,6.255,6.287,6.341,6.374,6.414,6.451,6.482,6.509,6.547,6.572,6.6,6.625,6.651,6.671,6.689,6.704,6.727,6.747,6.776,6.794,6.816,6.829,6.847,6.866,6.888,6.909,6.924,6.942,6.963,6.98,6.996,7.018,7.036,7.056,7.075,7.091,7.106,7.121,7.134,7.146,7.16,7.174,7.194,7.213,7.228,7.248,7.265,7.281,7.297,7.31,7.324,7.342,7.36,7.374,7.392,7.408,7.427,7.444,7.459,7.479,7.495,7.512,7.531,7.552,7.572,7.591,7.607,7.622,7.649,7.671,7.695,7.713,7.734,7.755,7.784,7.802,7.826,7.851,7.882,7.906,7.929,7.959,7.994,8.03,8.068,8.103,8.148,8.201,8.255,8.329,8.398,8.517,8.729,9.151
439,OTH FP,5.223,5.716,5.902,5.997,6.089,6.163,6.207,6.255,6.287,6.341,6.374,6.414,6.451,6.482,6.509,6.547,6.572,6.6,6.625,6.651,6.671,6.689,6.704,6.727,6.747,6.776,6.794,6.816,6.829,6.847,6.866,6.888,6.909,6.924,6.942,6.963,6.98,6.996,7.018,7.036,7.056,7.075,7.091,7.106,7.121,7.134,7.146,7.16,7.174,7.194,7.213,7.228,7.248,7.265,7.281,7.297,7.31,7.324,7.342,7.36,7.374,7.392,7.408,7.427,7.444,7.459,7.479,7.495,7.512,7.531,7.552,7.572,7.591,7.607,7.622,7.649,7.671,7.695,7.713,7.734,7.755,7.784,7.802,7.826,7.851,7.882,7.906,7.929,7.959,7.994,8.03,8.068,8.103,8.148,8.201,8.255,8.329,8.398,8.517,8.729,9.151
440,OTH FP,5.219,5.778,5.939,6.037,6.134,6.196,6.242,6.298,6.35,6.386,6.42,6.449,6.477,6.507,6.547,6.568,6.6,6.625,6.651,6.677,6.697,6.722,6.745,6.764,6.786,6.807,6.83,6.85,6.87,6.886,6.905,6.923,6.945,6.964,6.982,6.998,7.017,7.036,7.054,7.073,7.087,7.104,7.118,7.135,7.15,7.167,7.18,7.195,7.211,7.227,7.236,7.252,7.265,7.285,7.299,7.314,7.329,7.345,7.362,7.378,7.392,7.409,7.428,7.446,7.46,7.476,7.492,7.51,7.528,7.544,7.556,7.577,7.591,7.611,7.631,7.659,7.681,7.701,7.729,7.753,7.779,7.801,7.825,7.845,7.871,7.893,7.92,7.953,7.981,8.014,8.049,8.08,8.116,8.157,8.207,8.267,8.329,8.413,8.514,8.709,9.148
441,OTH FP,5.219,5.778,5.939,6.037,6.134,6.196,6.242,6.298,6.35,6.386,6.42,6.449,6.477,6.507,6.547,6.568,6.6,6.625,6.651,6.677,6.697,6.722,6.745,6.764,6.786,6.807,6.83,6.85,6.87,6.886,6.905,6.923,6.945,6.964,6.982,6.998,7.017,7.036,7.054,7.073,7.087,7.104,7.118,7.135,7.15,7.167,7.18,7.195,7.211,7.227,7.236,7.252,7.265,7.285,7.299,7.314,7.329,7.345,7.362,7.378,7.392,7.409,7.428,7.446,7.46,7.476,7.492,7.51,7.528,7.544,7.556,7.577,7.591,7.611,7.631,7.659,7.681,7.701,7.729,7.753,7.779,7.801,7.825,7.845,7.871,7.893,7.92,7.953,7.981,8.014,8.049,8.08,8.116,8.157,8.207,8.267,8.329,8.413,8.514,8.709,9.148
442,OTH FP,5.226,5.834,5.976,6.048,6.125,6.195,6.253,6.317,6.366,6.411,6.445,6.485,6.512,6.54,6.578,6.621,6.643,6.67,6.696,6.721,6.745,6.775,6.8,6.82,6.842,6.868,6.89,6.907,6.927,6.947,6.968,6.985,7.003,7.023,7.044,7.062,7.081,7.097,7.113,7.13,7.146,7.164,7.18,7.201,7.222,7.236,7.256,7.274,7.291,7.316,7.332,7.348,7.366,7.382,7.395,7.415,7.432,7.448,7.47,7.485,7.501,7.519,7.539,7.556,7.575,7.592,7.61,7.624,7.641,7.659,7.675,7.692,7.715,7.733,7.753,7.772,7.794,7.816,7.841,7.862,7.883,7.903,7.931,7.956,7.987,8.016,8.047,8.086,8.12,8.164,8.195,8.234,8.275,8.324,8.365,8.438,8.524,8.613,8.72,8.914,9.506
443,OTH FP,5.226,5.834,5.976,6.048,6.125,6.195,6.253,6.317,6.366,6.411,6.445,6.485,6.512,6.54,6.578,6.621,6.643,6.67,6.696,6.721,6.745,6.775,6.8,6.82,6.842,6.868,6.89,6.907,6.927,6.947,6.968,6.985,7.003,7.023,7.044,7.062,7.081,7.097,7.113,7.13,7.146,7.164,7.18,7.201,7.222,7.236,7.256,7.274,7.291,7.316,7.332,7.348,7.366,7.382,7.395,7.415,7.432,7.448,7.47,7.485,7.501,7.519,7.539,7.556,7.575,7.592,7.61,7.624,7.641,7.659,7.675,7.692,7.715,7.733,7.753,7.772,7.794,7.816,7.841,7.862,7.883,7.903,7.931,7.956,7.987,8.016,8.047,8.086,8.12,8.164,8.195,8.234,8.275,8.324,8.365,8.438,8.524,8.613,8.72,8.914,9.506
444,OTH FP,5.273,5.792,5.98,6.093,6.175,6.243,6.293,6.36,6.402,6.46,6.496,6.537,6.572,6.604,6.639,6.67,6.7,6.726,6.756,6.781,6.805,6.829,6.855,6.877,6.895,6.916,6.935,6.958,6.976,7.001,7.017,7.038,7.059,7.077,7.091,7.111,7.138,7.161,7.186,7.202,7.225,7.245,7.262,7.289,7.305,7.322,7.337,7.358,7.376,7.397,7.415,7.431,7.449,7.464,7.481,7.5,7.519,7.536,7.555,7.571,7.586,7.605,7.622,7.642,7.666,7.678,7.696,7.713,7.729,7.745,7.767,7.786,7.812,7.829,7.849,7.875,7.896,7.917,7.941,7.967,7.997,8.022,8.047,8.08,8.104,8.128,8.158,8.192,8.231,8.263,8.295,8.344,8.38,8.447,8.492,8.561,8.655,8.768,8.902,9.088,9.485
445,OTH FP,5.273,5.792,5.98,6.093,6.175,6.243,6.293,6.36,6.402,6.46,6.496,6.537,6.572,6.604,6.639,6.67,6.7,6.726,6.756,6.781,6.805,6.829,6.855,6.877,6.895,6.916,6.935,6.958,6.976,7.001,7.017,7.038,7.059,7.077,7.091,7.111,7.138,7.161,7.186,7.202,7.225,7.245,7.262,7.289,7.305,7.322,7.337,7.358,7.376,7.397,7.415,7.431,7.449,7.464,7.481,7.5,7.519,7.536,7.555,7.571,7.586,7.605,7.622,7.642,7.666,7.678,7.696,7.713,7.729,7.745,7.767,7.786,7.812,7.829,7.849,7.875,7.896,7.917,7.941,7.967,7.997,8.022,8.047,8.08,8.104,8.128,8.158,8.192,8.231,8.263,8.295,8.344,8.38,8.447,8.492,8.561,8.655,8.768,8.902,9.088,9.485
446,OTH FP,5.19,5.843,6.023,6.167,6.251,6.318,6.371,6.432,6.484,6.531,6.57,6.614,6.649,6.684,6.717,6.752,6.779,6.8,6.834,6.86,6.883,6.911,6.949,6.973,6.991,7.01,7.03,7.05,7.066,7.086,7.102,7.124,7.139,7.158,7.183,7.203,7.222,7.241,7.263,7.278,7.296,7.318,7.334,7.348,7.367,7.384,7.4,7.425,7.438,7.456,7.476,7.495,7.511,7.532,7.553,7.568,7.585,7.607,7.625,7.647,7.669,7.683,7.703,7.72,7.74,7.758,7.78,7.803,7.826,7.843,7.859,7.883,7.908,7.934,7.954,7.979,8.001,8.019,8.045,8.073,8.095,8.125,8.154,8.177,8.202,8.225,8.256,8.29,8.331,8.369,8.412,8.448,8.495,8.543,8.601,8.66,8.731,8.8,8.943,9.107,9.639
447,OTH FP,5.19,5.843,6.023,6.167,6.251,6.318,6.371,6.432,6.484,6.531,6.57,6.614,6.649,6.684,6.717,6.752,6.779,6.8,6.834,6.86,6.883,6.911,6.949,6.973,6.991,7.01,7.03,7.05,7.066,7.086,7.102,7.124,7.139,7.158,7.183,7.203,7.222,7.241,7.263,7.278,7.296,7.318,7.334,7.348,7.367,7.384,7.4,7.425,7.438,7.456,7.476,7.495,7.511,7.532,7.553,7.568,7.585,7.607,7.625,7.647,7.669,7.683,7.703,7.72,7.74,7.758,7.78,7.803,7.826,7.843,7.859,7.883,7.908,7.934,7.954,7.979,8.001,8.019,8.045,8.073,8.095,8.125,8.154,8.177,8.202,8.225,8.256,8.29,8.331,8.369,8.412,8.448,8.495,8.543,8.601,8.66,8.731,8.8,8.943,9.107,9.639
448,OTH FP,5.171,5.897,6.075,6.182,6.306,6.368,6.471,6.518,6.569,6.615,6.656,6.698,6.734,6.765,6.796,6.832,6.858,6.88,6.917,6.946,6.973,6.995,7.014,7.031,7.06,7.083,7.113,7.131,7.147,7.167,7.192,7.206,7.227,7.243,7.259,7.281,7.299,7.32,7.34,7.354,7.377,7.4,7.42,7.432,7.45,7.47,7.487,7.503,7.522,7.534,7.557,7.576,7.596,7.612,7.635,7.653,7.676,7.697,7.715,7.733,7.751,7.77,7.79,7.811,7.828,7.855,7.872,7.893,7.913,7.935,7.952,7.976,7.999,8.022,8.047,8.066,8.091,8.116,8.142,8.163,8.186,8.206,8.238,8.262,8.289,8.315,8.341,8.373,8.409,8.445,8.485,8.525,8.561,8.616,8.683,8.743,8.819,8.906,9.016,9.213,9.615
449,OTH FP,5.171,5.897,6.075,6.182,6.306,6.368,6.471,6.518,6.569,6.615,6.656,6.698,6.734,6.765,6.796,6.832,6.858,6.88,6.917,6.946,6.973,6.995,7.014,7.031,7.06,7.083,7.113,7.131,7.147,7.167,7.192,7.206,7.227,7.243,7.259,7.281,7.299,7.32,7.34,7.354,7.377,7.4,7.42,7.432,7.45,7.47,7.487,7.503,7.522,7.534,7.557,7.576,7.596,7.612,7.635,7.653,7.676,7.697,7.715,7.733,7.751,7.77,7.79,7.811,7.828,7.855,7.872,7.893,7.913,7.935,7.952,7.976,7.999,8.022,8.047,8.066,8.091,8.116,8.142,8.163,8.186,8.206,8.238,8.262,8.289,8.315,8.341,8.373,8.409,8.445,8.485,8.525,8.561,8.616,8.683,8.743,8.819,8.906,9.016,9.213,9.615
450,OTH FP,5.456,5.996,6.151,6.296,6.402,6.484,6.541,6.599,6.634,6.674,6.719,6.752,6.798,6.846,6.879,6.908,6.939,6.968,6.993,7.016,7.042,7.068,7.096,7.121,7.149,7.167,7.189,7.207,7.225,7.246,7.268,7.292,7.309,7.328,7.35,7.367,7.389,7.408,7.428,7.444,7.463,7.483,7.501,7.519,7.534,7.549,7.566,7.585,7.603,7.627,7.642,7.657,7.676,7.691,7.713,7.727,7.744,7.766,7.784,7.802,7.817,7.835,7.854,7.882,7.899,7.916,7.939,7.957,7.978,8.0,8.018,8.039,8.062,8.08,8.098,8.117,8.141,8.163,8.197,8.223,8.25,8.274,8.304,8.339,8.367,8.398,8.422,8.456,8.495,8.526,8.573,8.625,8.669,8.711,8.761,8.821,8.884,8.969,9.105,9.325,9.807
451,OTH FP,5.456,5.996,6.151,6.296,6.402,6.484,6.541,6.599,6.634,6.674,6.719,6.752,6.798,6.846,6.879,6.908,6.939,6.968,6.993,7.016,7.042,7.068,7.096,7.121,7.149,7.167,7.189,7.207,7.225,7.246,7.268,7.292,7.309,7.328,7.35,7.367,7.389,7.408,7.428,7.444,7.463,7.483,7.501,7.519,7.534,7.549,7.566,7.585,7.603,7.627,7.642,7.657,7.676,7.691,7.713,7.727,7.744,7.766,7.784,7.802,7.817,7.835,7.854,7.882,7.899,7.916,7.939,7.957,7.978,8.0,8.018,8.039,8.062,8.08,8.098,8.117,8.141,8.163,8.197,8.223,8.25,8.274,8.304,8.339,8.367,8.398,8.422,8.456,8.495,8.526,8.573,8.625,8.669,8.711,8.761,8.821,8.884,8.969,9.105,9.325,9.807
452,OTH FP,5.645,6.131,6.302,6.426,6.506,6.583,6.648,6.701,6.758,6.802,6.839,6.875,6.916,6.945,6.978,7.014,7.038,7.071,7.096,7.117,7.142,7.17,7.183,7.204,7.226,7.248,7.271,7.296,7.318,7.336,7.356,7.376,7.399,7.421,7.445,7.466,7.488,7.504,7.52,7.534,7.554,7.573,7.593,7.612,7.631,7.648,7.667,7.684,7.702,7.718,7.737,7.749,7.765,7.782,7.798,7.816,7.831,7.849,7.867,7.888,7.908,7.924,7.944,7.964,7.984,8.003,8.022,8.042,8.059,8.077,8.093,8.112,8.133,8.151,8.168,8.192,8.207,8.237,8.259,8.281,8.301,8.328,8.358,8.384,8.412,8.448,8.487,8.513,8.551,8.582,8.622,8.67,8.718,8.761,8.821,8.882,8.962,9.041,9.146,9.355,9.999
453,OTH FP,5.645,6.131,6.302,6.426,6.506,6.583,6.648,6.701,6.758,6.802,6.839,6.875,6.916,6.945,6.978,7.014,7.038,7.071,7.096,7.117,7.142,7.17,7.183,7.204,7.226,7.248,7.271,7.296,7.318,7.336,7.356,7.376,7.399,7.421,7.445,7.466,7.488,7.504,7.52,7.534,7.554,7.573,7.593,7.612,7.631,7.648,7.667,7.684,7.702,7.718,7.737,7.749,7.765,7.782,7.798,7.816,7.831,7.849,7.867,7.888,7.908,7.924,7.944,7.964,7.984,8.003,8.022,8.042,8.059,8.077,8.093,8.112,8.133,8.151,8.168,8.192,8.207,8.237,8.259,8.281,8.301,8.328,8.358,8.384,8.412,8.448,8.487,8.513,8.551,8.582,8.622,8.67,8.718,8.761,8.821,8.882,8.962,9.041,9.146,9.355,9.999
454,OTH FP,5.591,6.263,6.431,6.575,6.653,6.715,6.768,6.824,6.87,6.914,6.96,7.0,7.044,7.077,7.104,7.129,7.156,7.178,7.196,7.223,7.245,7.27,7.289,7.314,7.332,7.351,7.368,7.389,7.409,7.431,7.451,7.468,7.483,7.507,7.524,7.54,7.557,7.58,7.597,7.616,7.634,7.647,7.66,7.674,7.691,7.712,7.725,7.739,7.753,7.774,7.79,7.807,7.826,7.841,7.862,7.879,7.895,7.916,7.928,7.945,7.958,7.976,7.995,8.011,8.03,8.046,8.07,8.091,8.106,8.123,8.14,8.162,8.18,8.194,8.212,8.23,8.248,8.264,8.285,8.308,8.334,8.352,8.38,8.41,8.437,8.475,8.505,8.54,8.581,8.615,8.642,8.675,8.736,8.79,8.834,8.895,8.971,9.064,9.225,9.378,9.943
455,OTH FP,5.591,6.263,6.431,6.575,6.653,6.715,6.768,6.824,6.87,6.914,6.96,7.0,7.044,7.077,7.104,7.129,7.156,7.178,7.196,7.223,7.245,7.27,7.289,7.314,7.332,7.351,7.368,7.389,7.409,7.431,7.451,7.468,7.483,7.507,7.524,7.54,7.557,7.58,7.597,7.616,7.634,7.647,7.66,7.674,7.691,7.712,7.725,7.739,7.753,7.774,7.79,7.807,7.826,7.841,7.862,7.879,7.895,7.916,7.928,7.945,7.958,7.976,7.995,8.011,8.03,8.046,8.07,8.091,8.106,8.123,8.14,8.162,8.18,8.194,8.212,8.23,8.248,8.264,8.285,8.308,8.334,8.352,8.38,8.41,8.437,8.475,8.505,8.54,8.581,8.615,8.642,8.675,8.736,8.79,8.834,8.895,8.971,9.064,9.225,9.378,9.943
456,OTH FP,5.92,6.331,6.504,6.599,6.68,6.772,6.816,6.866,6.922,6.973,7.018,7.057,7.09,7.124,7.16,7.181,7.205,7.232,7.253,7.286,7.313,7.339,7.362,7.38,7.4,7.421,7.443,7.469,7.488,7.506,7.525,7.542,7.562,7.581,7.598,7.616,7.641,7.655,7.673,7.695,7.714,7.732,7.747,7.764,7.782,7.795,7.81,7.829,7.851,7.864,7.878,7.893,7.909,7.924,7.943,7.959,7.979,7.993,8.008,8.028,8.042,8.056,8.068,8.084,8.102,8.117,8.14,8.16,8.174,8.195,8.214,8.234,8.251,8.277,8.295,8.316,8.337,8.362,8.384,8.406,8.429,8.453,8.478,8.51,8.547,8.578,8.621,8.657,8.686,8.721,8.762,8.801,8.837,8.879,8.95,9.015,9.077,9.19,9.311,9.522,9.989
457,OTH FP,5.92,6.331,6.504,6.599,6.68,6.772,6.816,6.866,6.922,6.973,7.018,7.057,7.09,7.124,7.16,7.181,7.205,7.232,7.253,7.286,7.313,7.339,7.362,7.38,7.4,7.421,7.443,7.469,7.488,7.506,7.525,7.542,7.562,7.581,7.598,7.616,7.641,7.655,7.673,7.695,7.714,7.732,7.747,7.764,7.782,7.795,7.81,7.829,7.851,7.864,7.878,7.893,7.909,7.924,7.943,7.959,7.979,7.993,8.008,8.028,8.042,8.056,8.068,8.084,8.102,8.117,8.14,8.16,8.174,8.195,8.214,8.234,8.251,8.277,8.295,8.316,8.337,8.362,8.384,8.406,8.429,8.453,8.478,8.51,8.547,8.578,8.621,8.657,8.686,8.721,8.762,8.801,8.837,8.879,8.95,9.015,9.077,9.19,9.311,9.522,9.989
458,OTH FP,5.78,6.355,6.563,6.674,6.765,6.826,6.879,6.931,6.974,7.019,7.05,7.1,7.144,7.179,7.208,7.234,7.272,7.307,7.334,7.361,7.38,7.411,7.431,7.456,7.481,7.51,7.533,7.558,7.574,7.59,7.614,7.634,7.651,7.668,7.688,7.704,7.723,7.742,7.763,7.781,7.796,7.818,7.839,7.857,7.873,7.889,7.907,7.921,7.941,7.956,7.972,7.988,8.002,8.016,8.035,8.056,8.071,8.088,8.104,8.118,8.135,8.15,8.162,8.177,8.197,8.218,8.233,8.253,8.273,8.288,8.308,8.329,8.348,8.367,8.388,8.413,8.434,8.456,8.477,8.502,8.525,8.549,8.573,8.61,8.637,8.671,8.706,8.746,8.791,8.821,8.859,8.907,8.951,8.997,9.054,9.13,9.202,9.286,9.451,9.661,10.133
459,OTH FP,5.78,6.355,6.563,6.674,6.765,6.826,6.879,6.931,6.974,7.019,7.05,7.1,7.144,7.179,7.208,7.234,7.272,7.307,7.334,7.361,7.38,7.411,7.431,7.456,7.481,7.51,7.533,7.558,7.574,7.59,7.614,7.634,7.651,7.668,7.688,7.704,7.723,7.742,7.763,7.781,7.796,7.818,7.839,7.857,7.873,7.889,7.907,7.921,7.941,7.956,7.972,7.988,8.002,8.016,8.035,8.056,8.071,8.088,8.104,8.118,8.135,8.15,8.162,8.177,8.197,8.218,8.233,8.253,8.273,8.288,8.308,8.329,8.348,8.367,8.388,8.413,8.434,8.456,8.477,8.502,8.525,8.549,8.573,8.61,8.637,8.671,8.706,8.746,8.791,8.821,8.859,8.907,8.951,8.997,9.054,9.13,9.202,9.286,9.451,9.661,10.133
460,OTH FP,5.883,6.452,6.656,6.758,6.826,6.905,6.968,7.011,7.075,7.129,7.164,7.211,7.243,7.277,7.306,7.341,7.378,7.401,7.423,7.449,7.473,7.501,7.526,7.546,7.57,7.59,7.614,7.636,7.658,7.678,7.697,7.72,7.738,7.754,7.772,7.793,7.814,7.829,7.846,7.861,7.878,7.892,7.905,7.922,7.941,7.961,7.977,7.992,8.013,8.034,8.052,8.068,8.084,8.1,8.118,8.134,8.151,8.171,8.192,8.207,8.225,8.238,8.259,8.278,8.291,8.312,8.329,8.348,8.366,8.383,8.402,8.417,8.437,8.458,8.476,8.497,8.531,8.558,8.58,8.6,8.626,8.652,8.668,8.699,8.728,8.757,8.784,8.824,8.854,8.898,8.936,8.98,9.03,9.087,9.154,9.215,9.292,9.379,9.498,9.716,10.289
461,OTH FP,5.883,6.452,6.656,6.758,6.826,6.905,6.968,7.011,7.075,7.129,7.164,7.211,7.243,7.277,7.306,7.341,7.378,7.401,7.423,7.449,7.473,7.501,7.526,7.546,7.57,7.59,7.614,7.636,7.658,7.678,7.697,7.72,7.738,7.754,7.772,7.793,7.814,7.829,7.846,7.861,7.878,7.892,7.905,7.922,7.941,7.961,7.977,7.992,8.013,8.034,8.052,8.068,8.084,8.1,8.118,8.134,8.151,8.171,8.192,8.207,8.225,8.238,8.259,8.278,8.291,8.312,8.329,8.348,8.366,8.383,8.402,8.417,8.437,8.458,8.476,8.497,8.531,8.558,8.58,8.6,8.626,8.652,8.668,8.699,8.728,8.757,8.784,8.824,8.854,8.898,8.936,8.98,9.03,9.087,9.154,9.215,9.292,9.379,9.498,9.716,10.289
462,OTH FP,5.764,6.538,6.786,6.903,6.973,7.06,7.113,7.152,7.197,7.232,7.264,7.301,7.329,7.373,7.411,7.437,7.471,7.502,7.524,7.551,7.575,7.602,7.622,7.639,7.662,7.686,7.707,7.725,7.751,7.772,7.8,7.814,7.835,7.855,7.871,7.888,7.904,7.927,7.942,7.96,7.98,8.0,8.017,8.035,8.049,8.068,8.084,8.1,8.121,8.135,8.151,8.17,8.183,8.2,8.217,8.234,8.25,8.271,8.286,8.301,8.318,8.334,8.35,8.365,8.383,8.402,8.422,8.435,8.459,8.476,8.497,8.52,8.536,8.553,8.572,8.59,8.613,8.637,8.66,8.682,8.707,8.733,8.762,8.784,8.812,8.837,8.868,8.902,8.936,8.976,9.007,9.048,9.072,9.123,9.173,9.227,9.321,9.405,9.511,9.709,10.363
463,OTH FP,5.764,6.538,6.786,6.903,6.973,7.06,7.113,7.152,7.197,7.232,7.264,7.301,7.329,7.373,7.411,7.437,7.471,7.502,7.524,7.551,7.575,7.602,7.622,7.639,7.662,7.686,7.707,7.725,7.751,7.772,7.8,7.814,7.835,7.855,7.871,7.888,7.904,7.927,7.942,7.96,7.98,8.0,8.017,8.035,8.049,8.068,8.084,8.1,8.121,8.135,8.151,8.17,8.183,8.2,8.217,8.234,8.25,8.271,8.286,8.301,8.318,8.334,8.35,8.365,8.383,8.402,8.422,8.435,8.459,8.476,8.497,8.52,8.536,8.553,8.572,8.59,8.613,8.637,8.66,8.682,8.707,8.733,8.762,8.784,8.812,8.837,8.868,8.902,8.936,8.976,9.007,9.048,9.072,9.123,9.173,9.227,9.321,9.405,9.511,9.709,10.363
464,OTH FP,6.077,6.763,6.892,7.005,7.115,7.18,7.231,7.286,7.331,7.357,7.405,7.444,7.474,7.504,7.532,7.558,7.584,7.606,7.636,7.657,7.686,7.706,7.724,7.746,7.769,7.792,7.811,7.831,7.853,7.87,7.89,7.91,7.928,7.945,7.962,7.981,7.996,8.014,8.036,8.052,8.067,8.085,8.103,8.12,8.131,8.148,8.164,8.186,8.204,8.219,8.237,8.255,8.264,8.279,8.298,8.311,8.323,8.338,8.355,8.37,8.385,8.403,8.422,8.438,8.455,8.476,8.494,8.51,8.531,8.546,8.562,8.579,8.601,8.619,8.636,8.657,8.679,8.702,8.715,8.732,8.76,8.779,8.81,8.835,8.858,8.883,8.914,8.945,8.972,9.011,9.042,9.087,9.134,9.174,9.236,9.296,9.35,9.445,9.582,9.737,10.403
465,OTH FP,6.077,6.763,6.892,7.005,7.115,7.18,7.231,7.286,7.331,7.357,7.405,7.444,7.474,7.504,7.532,7.558,7.584,7.606,7.636,7.657,7.686,7.706,7.724,7.746,7.769,7.792,7.811,7.831,7.853,7.87,7.89,7.91,7.928,7.945,7.962,7.981,7.996,8.014,8.036,8.052,8.067,8.085,8.103,8.12,8.131,8.148,8.164,8.186,8.204,8.219,8.237,8.255,8.264,8.279,8.298,8.311,8.323,8.338,8.355,8.37,8.385,8.403,8.422,8.438,8.455,8.476,8.494,8.51,8.531,8.546,8.562,8.579,8.601,8.619,8.636,8.657,8.679,8.702,8.715,8.732,8.76,8.779,8.81,8.835,8.858,8.883,8.914,8.945,8.972,9.011,9.042,9.087,9.134,9.174,9.236,9.296,9.35,9.445,9.582,9.737,10.403
466,OTH FP,5.99,6.709,6.863,6.983,7.053,7.144,7.206,7.256,7.3,7.353,7.409,7.435,7.466,7.493,7.519,7.552,7.581,7.612,7.631,7.657,7.677,7.703,7.728,7.746,7.764,7.786,7.803,7.823,7.842,7.86,7.882,7.903,7.92,7.936,7.952,7.971,7.988,8.006,8.023,8.04,8.055,8.073,8.096,8.113,8.126,8.14,8.154,8.166,8.187,8.201,8.212,8.229,8.248,8.265,8.284,8.303,8.316,8.328,8.348,8.367,8.383,8.4,8.416,8.432,8.453,8.471,8.489,8.511,8.527,8.547,8.566,8.585,8.602,8.618,8.639,8.657,8.682,8.702,8.716,8.739,8.762,8.782,8.812,8.832,8.858,8.888,8.923,8.955,8.987,9.028,9.056,9.08,9.123,9.17,9.223,9.278,9.359,9.466,9.597,9.773,10.239
467,OTH FP,5.99,6.709,6.863,6.983,7.053,7.144,7.206,7.256,7.3,7.353,7.409,7.435,7.466,7.493,7.519,7.552,7.581,7.612,7.631,7.657,7.677,7.703,7.728,7.746,7.764,7.786,7.803,7.823,7.842,7.86,7.882,7.903,7.92,7.936,7.952,7.971,7.988,8.006,8.023,8.04,8.055,8.073,8.096,8.113,8.126,8.14,8.154,8.166,8.187,8.201,8.212,8.229,8.248,8.265,8.284,8.303,8.316,8.328,8.348,8.367,8.383,8.4,8.416,8.432,8.453,8.471,8.489,8.511,8.527,8.547,8.566,8.585,8.602,8.618,8.639,8.657,8.682,8.702,8.716,8.739,8.762,8.782,8.812,8.832,8.858,8.888,8.923,8.955,8.987,9.028,9.056,9.08,9.123,9.17,9.223,9.278,9.359,9.466,9.597,9.773,10.239
468,OTH FP,6.084,6.765,6.942,7.039,7.106,7.159,7.208,7.261,7.304,7.342,7.379,7.415,7.452,7.479,7.516,7.543,7.576,7.595,7.622,7.647,7.67,7.694,7.719,7.745,7.769,7.791,7.809,7.831,7.851,7.868,7.883,7.906,7.922,7.941,7.956,7.97,7.99,8.007,8.022,8.036,8.053,8.068,8.087,8.106,8.121,8.132,8.149,8.161,8.175,8.188,8.206,8.219,8.237,8.251,8.268,8.281,8.296,8.311,8.328,8.344,8.362,8.376,8.392,8.414,8.433,8.452,8.467,8.484,8.505,8.522,8.546,8.568,8.586,8.605,8.624,8.648,8.665,8.683,8.701,8.727,8.745,8.767,8.79,8.813,8.833,8.87,8.897,8.926,8.951,8.98,9.023,9.071,9.116,9.159,9.199,9.252,9.325,9.435,9.564,9.701,10.107
469,OTH FP,6.084,6.765,6.942,7.039,7.106,7.159,7.208,7.261,7.304,7.342,7.379,7.415,7.452,7.479,7.516,7.543,7.576,7.595,7.622,7.647,7.67,7.694,7.719,7.745,7.769,7.791,7.809,7.831,7.851,7.868,7.883,7.906,7.922,7.941,7.956,7.97,7.99,8.007,8.022,8.036,8.053,8.068,8.087,8.106,8.121,8.132,8.149,8.161,8.175,8.188,8.206,8.219,8.237,8.251,8.268,8.281,8.296,8.311,8.328,8.344,8.362,8.376,8.392,8.414,8.433,8.452,8.467,8.484,8.505,8.522,8.546,8.568,8.586,8.605,8.624,8.648,8.665,8.683,8.701,8.727,8.745,8.767,8.79,8.813,8.833,8.87,8.897,8.926,8.951,8.98,9.023,9.071,9.116,9.159,9.199,9.252,9.325,9.435,9.564,9.701,10.107
470,OTH FP,6.217,6.714,6.886,7.009,7.092,7.15,7.201,7.253,7.292,7.341,7.391,7.431,7.462,7.488,7.525,7.548,7.58,7.605,7.634,7.666,7.687,7.712,7.734,7.752,7.771,7.796,7.815,7.835,7.856,7.873,7.893,7.911,7.933,7.952,7.967,7.996,8.013,8.03,8.052,8.073,8.089,8.107,8.123,8.141,8.155,8.173,8.19,8.207,8.226,8.242,8.262,8.281,8.3,8.318,8.329,8.348,8.364,8.378,8.393,8.41,8.426,8.437,8.453,8.468,8.488,8.502,8.516,8.538,8.558,8.577,8.6,8.62,8.642,8.658,8.68,8.7,8.726,8.752,8.772,8.797,8.814,8.837,8.87,8.896,8.921,8.948,8.978,9.014,9.047,9.078,9.111,9.144,9.187,9.226,9.276,9.345,9.416,9.489,9.584,9.763,10.392
471,OTH FP,6.217,6.714,6.886,7.009,7.092,7.15,7.201,7.253,7.292,7.341,7.391,7.431,7.462,7.488,7.525,7.548,7.58,7.605,7.634,7.666,7.687,7.712,7.734,7.752,7.771,7.796,7.815,7.835,7.856,7.873,7.893,7.911,7.933,7.952,7.967,7.996,8.013,8.03,8.052,8.073,8.089,8.107,8.123,8.141,8.155,8.173,8.19,8.207,8.226,8.242,8.262,8.281,8.3,8.318,8.329,8.348,8.364,8.378,8.393,8.41,8.426,8.437,8.453,8.468,8.488,8.502,8.516,8.538,8.558,8.577,8.6,8.62,8.642,8.658,8.68,8.7,8.726,8.752,8.772,8.797,8.814,8.837,8.87,8.896,8.921,8.948,8.978,9.014,9.047,9.078,9.111,9.144,9.187,9.226,9.276,9.345,9.416,9.489,9.584,9.763,10.392
472,OTH FP,6.155,6.678,6.837,6.977,7.059,7.14,7.212,7.265,7.314,7.358,7.399,7.44,7.473,7.507,7.548,7.579,7.608,7.628,7.657,7.686,7.704,7.728,7.748,7.768,7.789,7.812,7.839,7.861,7.882,7.899,7.917,7.943,7.957,7.974,7.994,8.015,8.042,8.058,8.077,8.094,8.114,8.133,8.155,8.174,8.198,8.216,8.227,8.244,8.261,8.283,8.299,8.318,8.338,8.358,8.373,8.388,8.405,8.424,8.438,8.452,8.471,8.49,8.508,8.53,8.544,8.568,8.587,8.604,8.621,8.64,8.663,8.685,8.704,8.728,8.749,8.775,8.792,8.816,8.841,8.864,8.88,8.909,8.936,8.971,9.0,9.031,9.058,9.083,9.117,9.156,9.198,9.239,9.28,9.323,9.373,9.448,9.518,9.587,9.693,9.897,10.525
473,OTH FP,6.155,6.678,6.837,6.977,7.059,7.14,7.212,7.265,7.314,7.358,7.399,7.44,7.473,7.507,7.548,7.579,7.608,7.628,7.657,7.686,7.704,7.728,7.748,7.768,7.789,7.812,7.839,7.861,7.882,7.899,7.917,7.943,7.957,7.974,7.994,8.015,8.042,8.058,8.077,8.094,8.114,8.133,8.155,8.174,8.198,8.216,8.227,8.244,8.261,8.283,8.299,8.318,8.338,8.358,8.373,8.388,8.405,8.424,8.438,8.452,8.471,8.49,8.508,8.53,8.544,8.568,8.587,8.604,8.621,8.64,8.663,8.685,8.704,8.728,8.749,8.775,8.792,8.816,8.841,8.864,8.88,8.909,8.936,8.971,9.0,9.031,9.058,9.083,9.117,9.156,9.198,9.239,9.28,9.323,9.373,9.448,9.518,9.587,9.693,9.897,10.525
474,OTH FP,6.194,6.696,6.869,7.006,7.088,7.162,7.214,7.262,7.315,7.356,7.396,7.433,7.471,7.512,7.54,7.58,7.617,7.649,7.675,7.704,7.72,7.746,7.773,7.796,7.811,7.842,7.866,7.881,7.901,7.924,7.949,7.976,7.995,8.015,8.034,8.052,8.072,8.09,8.108,8.127,8.145,8.165,8.184,8.206,8.225,8.249,8.27,8.284,8.3,8.314,8.328,8.343,8.364,8.381,8.397,8.414,8.436,8.451,8.468,8.484,8.5,8.522,8.538,8.555,8.574,8.596,8.615,8.636,8.651,8.669,8.689,8.712,8.738,8.759,8.783,8.809,8.834,8.855,8.873,8.899,8.925,8.957,8.985,9.015,9.042,9.074,9.1,9.141,9.165,9.205,9.243,9.281,9.327,9.371,9.441,9.506,9.574,9.689,9.783,9.959,10.543
475,OTH FP,6.194,6.696,6.869,7.006,7.088,7.162,7.214,7.262,7.315,7.356,7.396,7.433,7.471,7.512,7.54,7.58,7.617,7.649,7.675,7.704,7.72,7.746,7.773,7.796,7.811,7.842,7.866,7.881,7.901,7.924,7.949,7.976,7.995,8.015,8.034,8.052,8.072,8.09,8.108,8.127,8.145,8.165,8.184,8.206,8.225,8.249,8.27,8.284,8.3,8.314,8.328,8.343,8.364,8.381,8.397,8.414,8.436,8.451,8.468,8.484,8.5,8.522,8.538,8.555,8.574,8.596,8.615,8.636,8.651,8.669,8.689,8.712,8.738,8.759,8.783,8.809,8.834,8.855,8.873,8.899,8.925,8.957,8.985,9.015,9.042,9.074,9.1,9.141,9.165,9.205,9.243,9.281,9.327,9.371,9.441,9.506,9.574,9.689,9.783,9.959,10.543
476,OTH FP,6.335,6.733,6.953,7.049,7.132,7.202,7.255,7.328,7.361,7.421,7.454,7.495,7.525,7.567,7.598,7.626,7.651,7.681,7.705,7.73,7.759,7.782,7.801,7.83,7.851,7.875,7.898,7.916,7.939,7.958,7.98,8.001,8.017,8.035,8.057,8.07,8.09,8.113,8.135,8.157,8.183,8.203,8.221,8.24,8.257,8.281,8.302,8.32,8.338,8.36,8.377,8.392,8.411,8.432,8.45,8.464,8.483,8.501,8.517,8.538,8.552,8.569,8.587,8.601,8.618,8.632,8.653,8.672,8.698,8.721,8.737,8.751,8.766,8.788,8.807,8.83,8.858,8.88,8.9,8.923,8.951,8.976,9.006,9.032,9.056,9.086,9.124,9.16,9.199,9.236,9.265,9.318,9.369,9.42,9.486,9.549,9.625,9.721,9.856,10.017,10.446
477,OTH FP,6.335,6.733,6.953,7.049,7.132,7.202,7.255,7.328,7.361,7.421,7.454,7.495,7.525,7.567,7.598,7.626,7.651,7.681,7.705,7.73,7.759,7.782,7.801,7.83,7.851,7.875,7.898,7.916,7.939,7.958,7.98,8.001,8.017,8.035,8.057,8.07,8.09,8.113,8.135,8.157,8.183,8.203,8.221,8.24,8.257,8.281,8.302,8.32,8.338,8.36,8.377,8.392,8.411,8.432,8.45,8.464,8.483,8.501,8.517,8.538,8.552,8.569,8.587,8.601,8.618,8.632,8.653,8.672,8.698,8.721,8.737,8.751,8.766,8.788,8.807,8.83,8.858,8.88,8.9,8.923,8.951,8.976,9.006,9.032,9.056,9.086,9.124,9.16,9.199,9.236,9.265,9.318,9.369,9.42,9.486,9.549,9.625,9.721,9.856,10.017,10.446
478,OTH FP,6.303,6.775,6.947,7.071,7.201,7.272,7.337,7.375,7.417,7.455,7.486,7.519,7.548,7.592,7.627,7.65,7.683,7.709,7.74,7.763,7.795,7.819,7.846,7.875,7.898,7.917,7.941,7.963,7.976,8.001,8.019,8.04,8.059,8.087,8.111,8.132,8.151,8.167,8.184,8.2,8.22,8.235,8.249,8.265,8.282,8.304,8.323,8.345,8.364,8.385,8.405,8.423,8.44,8.455,8.475,8.494,8.509,8.523,8.539,8.555,8.571,8.59,8.604,8.622,8.646,8.662,8.677,8.697,8.717,8.737,8.756,8.782,8.805,8.828,8.85,8.877,8.899,8.918,8.937,8.96,8.984,9.012,9.043,9.073,9.101,9.135,9.166,9.195,9.233,9.26,9.303,9.341,9.393,9.444,9.499,9.58,9.641,9.753,9.885,10.05,10.45
479,OTH FP,6.303,6.775,6.947,7.071,7.201,7.272,7.337,7.375,7.417,7.455,7.486,7.519,7.548,7.592,7.627,7.65,7.683,7.709,7.74,7.763,7.795,7.819,7.846,7.875,7.898,7.917,7.941,7.963,7.976,8.001,8.019,8.04,8.059,8.087,8.111,8.132,8.151,8.167,8.184,8.2,8.22,8.235,8.249,8.265,8.282,8.304,8.323,8.345,8.364,8.385,8.405,8.423,8.44,8.455,8.475,8.494,8.509,8.523,8.539,8.555,8.571,8.59,8.604,8.622,8.646,8.662,8.677,8.697,8.717,8.737,8.756,8.782,8.805,8.828,8.85,8.877,8.899,8.918,8.937,8.96,8.984,9.012,9.043,9.073,9.101,9.135,9.166,9.195,9.233,9.26,9.303,9.341,9.393,9.444,9.499,9.58,9.641,9.753,9.885,10.05,10.45
480,OTH FP,6.576,6.909,7.052,7.161,7.233,7.297,7.357,7.407,7.452,7.5,7.546,7.592,7.628,7.664,7.696,7.73,7.758,7.781,7.814,7.842,7.862,7.882,7.9,7.921,7.946,7.964,7.982,8.004,8.023,8.052,8.078,8.095,8.109,8.133,8.149,8.17,8.185,8.205,8.228,8.245,8.259,8.278,8.294,8.308,8.324,8.34,8.356,8.374,8.393,8.404,8.42,8.438,8.454,8.477,8.494,8.507,8.524,8.544,8.562,8.577,8.597,8.619,8.636,8.652,8.673,8.691,8.702,8.724,8.743,8.764,8.784,8.805,8.828,8.848,8.87,8.895,8.914,8.935,8.96,8.982,9.011,9.036,9.064,9.087,9.11,9.143,9.172,9.207,9.245,9.29,9.334,9.372,9.426,9.466,9.52,9.575,9.648,9.739,9.847,10.004,10.394
481,OTH FP,6.576,6.909,7.052,7.161,7.233,7.297,7.357,7.407,7.452,7.5,7.546,7.592,7.628,7.664,7.696,7.73,7.758,7.781,7.814,7.842,7.862,7.882,7.9,7.921,7.946,7.964,7.982,8.004,8.023,8.052,8.078,8.095,8.109,8.133,8.149,8.17,8.185,8.205,8.228,8.245,8.259,8.278,8.294,8.308,8.324,8.34,8.356,8.374,8.393,8.404,8.42,8.438,8.454,8.477,8.494,8.507,8.524,8.544,8.562,8.577,8.597,8.619,8.636,8.652,8.673,8.691,8.702,8.724,8.743,8.764,8.784,8.805,8.828,8.848,8.87,8.895,8.914,8.935,8.96,8.982,9.011,9.036,9.064,9.087,9.11,9.143,9.172,9.207,9.245,9.29,9.334,9.372,9.426,9.466,9.52,9.575,9.648,9.739,9.847,10.004,10.394
482,OTH FP,6.616,7.018,7.179,7.266,7.331,7.409,7.449,7.507,7.543,7.578,7.611,7.639,7.675,7.714,7.75,7.776,7.801,7.836,7.862,7.895,7.919,7.947,7.964,7.988,8.006,8.035,8.053,8.073,8.095,8.118,8.141,8.162,8.177,8.192,8.208,8.223,8.239,8.256,8.276,8.295,8.311,8.329,8.348,8.359,8.379,8.394,8.418,8.435,8.451,8.467,8.478,8.494,8.51,8.524,8.541,8.558,8.572,8.586,8.602,8.616,8.631,8.641,8.658,8.678,8.693,8.708,8.724,8.742,8.76,8.777,8.797,8.824,8.84,8.864,8.885,8.906,8.927,8.948,8.958,8.98,9.003,9.025,9.051,9.077,9.106,9.135,9.159,9.189,9.22,9.253,9.28,9.332,9.37,9.408,9.465,9.537,9.605,9.696,9.78,9.981,10.429
483,OTH FP,6.616,7.018,7.179,7.266,7.331,7.409,7.449,7.507,7.543,7.578,7.611,7.639,7.675,7.714,7.75,7.776,7.801,7.836,7.862,7.895,7.919,7.947,7.964,7.988,8.006,8.035,8.053,8.073,8.095,8.118,8.141,8.162,8.177,8.192,8.208,8.223,8.239,8.256,8.276,8.295,8.311,8.329,8.348,8.359,8.379,8.394,8.418,8.435,8.451,8.467,8.478,8.494,8.51,8.524,8.541,8.558,8.572,8.586,8.602,8.616,8.631,8.641,8.658,8.678,8.693,8.708,8.724,8.742,8.76,8.777,8.797,8.824,8.84,8.864,8.885,8.906,8.927,8.948,8.958,8.98,9.003,9.025,9.051,9.077,9.106,9.135,9.159,9.189,9.22,9.253,9.28,9.332,9.37,9.408,9.465,9.537,9.605,9.696,9.78,9.981,10.429
484,OTH FP,6.43,6.956,7.107,7.202,7.27,7.345,7.399,7.455,7.509,7.555,7.593,7.637,7.671,7.698,7.733,7.766,7.801,7.826,7.851,7.877,7.905,7.933,7.953,7.976,7.998,8.022,8.049,8.073,8.091,8.11,8.127,8.146,8.176,8.195,8.211,8.233,8.252,8.268,8.283,8.302,8.319,8.335,8.351,8.368,8.382,8.401,8.421,8.437,8.458,8.469,8.494,8.513,8.527,8.543,8.561,8.579,8.595,8.614,8.625,8.644,8.665,8.685,8.702,8.718,8.737,8.752,8.769,8.788,8.803,8.821,8.837,8.849,8.877,8.895,8.914,8.94,8.963,8.985,9.006,9.034,9.06,9.079,9.102,9.124,9.149,9.183,9.21,9.239,9.264,9.298,9.334,9.368,9.413,9.464,9.504,9.569,9.628,9.715,9.849,10.045,10.874
485,OTH FP,6.43,6.956,7.107,7.202,7.27,7.345,7.399,7.455,7.509,7.555,7.593,7.637,7.671,7.698,7.733,7.766,7.801,7.826,7.851,7.877,7.905,7.933,7.953,7.976,7.998,8.022,8.049,8.073,8.091,8.11,8.127,8.146,8.176,8.195,8.211,8.233,8.252,8.268,8.283,8.302,8.319,8.335,8.351,8.368,8.382,8.401,8.421,8.437,8.458,8.469,8.494,8.513,8.527,8.543,8.561,8.579,8.595,8.614,8.625,8.644,8.665,8.685,8.702,8.718,8.737,8.752,8.769,8.788,8.803,8.821,8.837,8.849,8.877,8.895,8.914,8.94,8.963,8.985,9.006,9.034,9.06,9.079,9.102,9.124,9.149,9.183,9.21,9.239,9.264,9.298,9.334,9.368,9.413,9.464,9.504,9.569,9.628,9.715,9.849,10.045,10.874
486,OTH FP,6.344,6.912,7.051,7.163,7.236,7.309,7.381,7.426,7.473,7.532,7.578,7.613,7.657,7.696,7.724,7.751,7.787,7.82,7.849,7.876,7.9,7.928,7.952,7.979,8.0,8.027,8.049,8.067,8.089,8.113,8.133,8.15,8.17,8.187,8.208,8.226,8.243,8.26,8.283,8.298,8.316,8.328,8.345,8.362,8.382,8.399,8.42,8.439,8.459,8.477,8.496,8.513,8.531,8.548,8.562,8.579,8.601,8.62,8.641,8.657,8.675,8.688,8.707,8.725,8.742,8.759,8.781,8.798,8.814,8.833,8.851,8.87,8.887,8.908,8.93,8.957,8.975,8.992,9.013,9.032,9.054,9.077,9.107,9.125,9.154,9.185,9.209,9.233,9.264,9.293,9.344,9.387,9.413,9.457,9.517,9.589,9.646,9.735,9.888,10.092,10.767
487,OTH FP,6.344,6.912,7.051,7.163,7.236,7.309,7.381,7.426,7.473,7.532,7.578,7.613,7.657,7.696,7.724,7.751,7.787,7.82,7.849,7.876,7.9,7.928,7.952,7.979,8.0,8.027,8.049,8.067,8.089,8.113,8.133,8.15,8.17,8.187,8.208,8.226,8.243,8.26,8.283,8.298,8.316,8.328,8.345,8.362,8.382,8.399,8.42,8.439,8.459,8.477,8.496,8.513,8.531,8.548,8.562,8.579,8.601,8.62,8.641,8.657,8.675,8.688,8.707,8.725,8.742,8.759,8.781,8.798,8.814,8.833,8.851,8.87,8.887,8.908,8.93,8.957,8.975,8.992,9.013,9.032,9.054,9.077,9.107,9.125,9.154,9.185,9.209,9.233,9.264,9.293,9.344,9.387,9.413,9.457,9.517,9.589,9.646,9.735,9.888,10.092,10.767
488,OTH FP,6.134,6.899,7.068,7.201,7.286,7.342,7.392,7.443,7.498,7.545,7.598,7.631,7.664,7.701,7.727,7.752,7.786,7.811,7.851,7.875,7.907,7.943,7.961,7.985,8.003,8.031,8.056,8.083,8.104,8.121,8.138,8.159,8.179,8.202,8.221,8.239,8.255,8.274,8.293,8.309,8.325,8.342,8.361,8.374,8.39,8.407,8.425,8.444,8.463,8.483,8.501,8.515,8.533,8.55,8.57,8.587,8.602,8.617,8.638,8.656,8.67,8.688,8.705,8.723,8.746,8.768,8.793,8.81,8.826,8.845,8.863,8.882,8.898,8.914,8.934,8.96,8.98,8.999,9.018,9.04,9.06,9.084,9.107,9.127,9.154,9.19,9.21,9.239,9.274,9.307,9.34,9.39,9.436,9.49,9.527,9.602,9.676,9.769,9.894,10.063,10.747
489,OTH FP,6.134,6.899,7.068,7.201,7.286,7.342,7.392,7.443,7.498,7.545,7.598,7.631,7.664,7.701,7.727,7.752,7.786,7.811,7.851,7.875,7.907,7.943,7.961,7.985,8.003,8.031,8.056,8.083,8.104,8.121,8.138,8.159,8.179,8.202,8.221,8.239,8.255,8.274,8.293,8.309,8.325,8.342,8.361,8.374,8.39,8.407,8.425,8.444,8.463,8.483,8.501,8.515,8.533,8.55,8.57,8.587,8.602,8.617,8.638,8.656,8.67,8.688,8.705,8.723,8.746,8.768,8.793,8.81,8.826,8.845,8.863,8.882,8.898,8.914,8.934,8.96,8.98,8.999,9.018,9.04,9.06,9.084,9.107,9.127,9.154,9.19,9.21,9.239,9.274,9.307,9.34,9.39,9.436,9.49,9.527,9.602,9.676,9.769,9.894,10.063,10.747
490,OTH FP,6.205,6.948,7.146,7.226,7.313,7.392,7.443,7.492,7.527,7.567,7.605,7.648,7.687,7.726,7.756,7.787,7.815,7.845,7.864,7.888,7.91,7.94,7.958,7.99,8.015,8.038,8.058,8.078,8.098,8.118,8.137,8.157,8.176,8.196,8.227,8.245,8.263,8.28,8.297,8.314,8.331,8.354,8.373,8.386,8.401,8.422,8.44,8.461,8.482,8.496,8.515,8.53,8.548,8.565,8.582,8.603,8.619,8.635,8.652,8.666,8.684,8.702,8.722,8.735,8.753,8.773,8.793,8.809,8.825,8.845,8.858,8.875,8.892,8.912,8.928,8.95,8.973,9.0,9.02,9.043,9.065,9.091,9.112,9.136,9.156,9.183,9.207,9.239,9.27,9.302,9.344,9.383,9.439,9.491,9.546,9.59,9.671,9.753,9.845,10.023,10.45
491,OTH FP,6.205,6.948,7.146,7.226,7.313,7.392,7.443,7.492,7.527,7.567,7.605,7.648,7.687,7.726,7.756,7.787,7.815,7.845,7.864,7.888,7.91,7.94,7.958,7.99,8.015,8.038,8.058,8.078,8.098,8.118,8.137,8.157,8.176,8.196,8.227,8.245,8.263,8.28,8.297,8.314,8.331,8.354,8.373,8.386,8.401,8.422,8.44,8.461,8.482,8.496,8.515,8.53,8.548,8.565,8.582,8.603,8.619,8.635,8.652,8.666,8.684,8.702,8.722,8.735,8.753,8.773,8.793,8.809,8.825,8.845,8.858,8.875,8.892,8.912,8.928,8.95,8.973,9.0,9.02,9.043,9.065,9.091,9.112,9.136,9.156,9.183,9.207,9.239,9.27,9.302,9.344,9.383,9.439,9.491,9.546,9.59,9.671,9.753,9.845,10.023,10.45
492,OTH FP,6.448,7.035,7.156,7.246,7.352,7.426,7.477,7.535,7.597,7.635,7.668,7.698,7.73,7.762,7.797,7.822,7.85,7.872,7.902,7.933,7.958,7.979,7.995,8.014,8.035,8.057,8.075,8.105,8.127,8.145,8.161,8.183,8.201,8.221,8.243,8.262,8.284,8.299,8.32,8.337,8.349,8.363,8.38,8.394,8.413,8.429,8.446,8.461,8.471,8.486,8.501,8.513,8.526,8.542,8.56,8.58,8.596,8.614,8.633,8.649,8.661,8.674,8.695,8.71,8.725,8.743,8.762,8.78,8.799,8.814,8.832,8.849,8.866,8.886,8.902,8.925,8.949,8.971,8.99,9.012,9.037,9.06,9.089,9.114,9.145,9.175,9.203,9.23,9.271,9.3,9.331,9.38,9.412,9.464,9.514,9.554,9.619,9.7,9.803,9.99,10.649
493,OTH FP,6.448,7.035,7.156,7.246,7.352,7.426,7.477,7.535,7.597,7.635,7.668,7.698,7.73,7.762,7.797,7.822,7.85,7.872,7.902,7.933,7.958,7.979,7.995,8.014,8.035,8.057,8.075,8.105,8.127,8.145,8.161,8.183,8.201,8.221,8.243,8.262,8.284,8.299,8.32,8.337,8.349,8.363,8.38,8.394,8.413,8.429,8.446,8.461,8.471,8.486,8.501,8.513,8.526,8.542,8.56,8.58,8.596,8.614,8.633,8.649,8.661,8.674,8.695,8.71,8.725,8.743,8.762,8.78,8.799,8.814,8.832,8.849,8.866,8.886,8.902,8.925,8.949,8.971,8.99,9.012,9.037,9.06,9.089,9.114,9.145,9.175,9.203,9.23,9.271,9.3,9.331,9.38,9.412,9.464,9.514,9.554,9.619,9.7,9.803,9.99,10.649
494,OTH FP,6.423,7.054,7.237,7.319,7.393,7.451,7.525,7.569,7.626,7.676,7.725,7.755,7.788,7.818,7.847,7.878,7.911,7.93,7.956,7.977,7.997,8.02,8.041,8.057,8.087,8.111,8.132,8.151,8.17,8.186,8.206,8.223,8.243,8.256,8.277,8.303,8.319,8.338,8.355,8.373,8.39,8.406,8.43,8.445,8.466,8.483,8.494,8.514,8.531,8.547,8.566,8.581,8.6,8.616,8.634,8.648,8.665,8.681,8.702,8.719,8.735,8.746,8.763,8.778,8.793,8.816,8.829,8.847,8.866,8.888,8.9,8.919,8.937,8.955,8.979,9.002,9.017,9.037,9.057,9.079,9.098,9.119,9.149,9.171,9.199,9.225,9.256,9.284,9.319,9.346,9.376,9.413,9.452,9.504,9.549,9.616,9.688,9.765,9.881,10.072,10.683
495,OTH FP,6.423,7.054,7.237,7.319,7.393,7.451,7.525,7.569,7.626,7.676,7.725,7.755,7.788,7.818,7.847,7.878,7.911,7.93,7.956,7.977,7.997,8.02,8.041,8.057,8.087,8.111,8.132,8.151,8.17,8.186,8.206,8.223,8.243,8.256,8.277,8.303,8.319,8.338,8.355,8.373,8.39,8.406,8.43,8.445,8.466,8.483,8.494,8.514,8.531,8.547,8.566,8.581,8.6,8.616,8.634,8.648,8.665,8.681,8.702,8.719,8.735,8.746,8.763,8.778,8.793,8.816,8.829,8.847,8.866,8.888,8.9,8.919,8.937,8.955,8.979,9.002,9.017,9.037,9.057,9.079,9.098,9.119,9.149,9.171,9.199,9.225,9.256,9.284,9.319,9.346,9.376,9.413,9.452,9.504,9.549,9.616,9.688,9.765,9.881,10.072,10.683
496,OTH FP,6.639,7.116,7.298,7.415,7.49,7.569,7.645,7.684,7.722,7.765,7.802,7.844,7.877,7.904,7.925,7.948,7.973,8.002,8.033,8.056,8.076,8.098,8.118,8.136,8.156,8.176,8.198,8.214,8.234,8.253,8.269,8.289,8.306,8.32,8.336,8.359,8.374,8.391,8.407,8.425,8.439,8.457,8.473,8.49,8.504,8.518,8.536,8.552,8.572,8.589,8.604,8.619,8.636,8.656,8.671,8.685,8.7,8.715,8.73,8.748,8.763,8.781,8.799,8.816,8.835,8.849,8.866,8.881,8.899,8.913,8.934,8.954,8.982,9.002,9.022,9.04,9.06,9.082,9.105,9.131,9.148,9.169,9.189,9.209,9.242,9.268,9.296,9.323,9.361,9.401,9.444,9.49,9.534,9.578,9.619,9.667,9.733,9.802,9.903,10.112,10.535
497,OTH FP,6.639,7.116,7.298,7.415,7.49,7.569,7.645,7.684,7.722,7.765,7.802,7.844,7.877,7.904,7.925,7.948,7.973,8.002,8.033,8.056,8.076,8.098,8.118,8.136,8.156,8.176,8.198,8.214,8.234,8.253,8.269,8.289,8.306,8.32,8.336,8.359,8.374,8.391,8.407,8.425,8.439,8.457,8.473,8.49,8.504,8.518,8.536,8.552,8.572,8.589,8.604,8.619,8.636,8.656,8.671,8.685,8.7,8.715,8.73,8.748,8.763,8.781,8.799,8.816,8.835,8.849,8.866,8.881,8.899,8.913,8.934,8.954,8.982,9.002,9.022,9.04,9.06,9.082,9.105,9.131,9.148,9.169,9.189,9.209,9.242,9.268,9.296,9.323,9.361,9.401,9.444,9.49,9.534,9.578,9.619,9.667,9.733,9.802,9.903,10.112,10.535
498,OTH FP,6.655,7.097,7.272,7.409,7.488,7.554,7.606,7.651,7.718,7.754,7.796,7.829,7.864,7.887,7.919,7.95,7.986,8.013,8.037,8.062,8.087,8.114,8.137,8.161,8.187,8.209,8.233,8.255,8.27,8.288,8.307,8.322,8.345,8.363,8.382,8.399,8.413,8.433,8.45,8.474,8.489,8.503,8.518,8.538,8.558,8.575,8.595,8.612,8.627,8.643,8.657,8.673,8.687,8.709,8.727,8.743,8.76,8.778,8.795,8.81,8.823,8.839,8.864,8.886,8.907,8.922,8.943,8.961,8.975,8.993,9.012,9.03,9.051,9.072,9.095,9.113,9.129,9.157,9.181,9.204,9.235,9.261,9.291,9.306,9.327,9.351,9.383,9.409,9.438,9.472,9.501,9.547,9.583,9.625,9.687,9.756,9.829,9.939,10.098,10.271,10.758
499,OTH FP,6.655,7.097,7.272,7.409,7.488,7.554,7.606,7.651,7.718,7.754,7.796,7.829,7.864,7.887,7.919,7.95,7.986,8.013,8.037,8.062,8.087,8.114,8.137,8.161,8.187,8.209,8.233,8.255,8.27,8.288,8.307,8.322,8.345,8.363,8.382,8.399,8.413,8.433,8.45,8.474,8.489,8.503,8.518,8.538,8.558,8.575,8.595,8.612,8.627,8.643,8.657,8.673,8.687,8.709,8.727,8.743,8.76,8.778,8.795,8.81,8.823,8.839,8.864,8.886,8.907,8.922,8.943,8.961,8.975,8.993,9.012,9.03,9.051,9.072,9.095,9.113,9.129,9.157,9.181,9.204,9.235,9.261,9.291,9.306,9.327,9.351,9.383,9.409,9.438,9.472,9.501,9.547,9.583,9.625,9.687,9.756,9.829,9.939,10.098,10.271,10.758
500,OTH FP,6.643,7.086,7.294,7.42,7.511,7.573,7.638,7.674,7.724,7.759,7.804,7.843,7.885,7.918,7.949,7.982,8.011,8.036,8.06,8.087,8.113,8.143,8.18,8.201,8.222,8.241,8.262,8.283,8.308,8.327,8.348,8.371,8.386,8.412,8.43,8.45,8.47,8.492,8.507,8.532,8.549,8.56,8.58,8.598,8.614,8.631,8.651,8.671,8.685,8.705,8.718,8.736,8.753,8.769,8.788,8.806,8.824,8.842,8.86,8.879,8.898,8.908,8.92,8.941,8.961,8.979,9.003,9.025,9.041,9.065,9.079,9.105,9.127,9.152,9.174,9.197,9.218,9.239,9.261,9.287,9.312,9.341,9.364,9.389,9.417,9.446,9.478,9.512,9.543,9.574,9.614,9.656,9.703,9.737,9.783,9.834,9.9,9.989,10.12,10.315,10.862
501,OTH FP,6.643,7.086,7.294,7.42,7.511,7.573,7.638,7.674,7.724,7.759,7.804,7.843,7.885,7.918,7.949,7.982,8.011,8.036,8.06,8.087,8.113,8.143,8.18,8.201,8.222,8.241,8.262,8.283,8.308,8.327,8.348,8.371,8.386,8.412,8.43,8.45,8.47,8.492,8.507,8.532,8.549,8.56,8.58,8.598,8.614,8.631,8.651,8.671,8.685,8.705,8.718,8.736,8.753,8.769,8.788,8.806,8.824,8.842,8.86,8.879,8.898,8.908,8.92,8.941,8.961,8.979,9.003,9.025,9.041,9.065,9.079,9.105,9.127,9.152,9.174,9.197,9.218,9.239,9.261,9.287,9.312,9.341,9.364,9.389,9.417,9.446,9.478,9.512,9.543,9.574,9.614,9.656,9.703,9.737,9.783,9.834,9.9,9.989,10.12,10.315,10.862
502,OTH FP,6.498,7.119,7.31,7.456,7.565,7.629,7.675,7.719,7.766,7.803,7.843,7.887,7.923,7.952,7.983,8.017,8.057,8.081,8.11,8.13,8.151,8.18,8.201,8.228,8.254,8.284,8.31,8.331,8.349,8.369,8.389,8.411,8.432,8.453,8.475,8.494,8.519,8.536,8.556,8.575,8.593,8.612,8.626,8.641,8.658,8.674,8.686,8.699,8.721,8.74,8.76,8.775,8.796,8.813,8.83,8.851,8.872,8.89,8.907,8.921,8.936,8.953,8.973,8.995,9.017,9.035,9.059,9.076,9.097,9.12,9.143,9.161,9.182,9.206,9.227,9.251,9.275,9.295,9.318,9.339,9.362,9.386,9.411,9.437,9.464,9.496,9.523,9.557,9.597,9.629,9.674,9.706,9.756,9.802,9.844,9.905,9.966,10.048,10.132,10.313,10.901
503,OTH FP,6.498,7.119,7.31,7.456,7.565,7.629,7.675,7.719,7.766,7.803,7.843,7.887,7.923,7.952,7.983,8.017,8.057,8.081,8.11,8.13,8.151,8.18,8.201,8.228,8.254,8.284,8.31,8.331,8.349,8.369,8.389,8.411,8.432,8.453,8.475,8.494,8.519,8.536,8.556,8.575,8.593,8.612,8.626,8.641,8.658,8.674,8.686,8.699,8.721,8.74,8.76,8.775,8.796,8.813,8.83,8.851,8.872,8.89,8.907,8.921,8.936,8.953,8.973,8.995,9.017,9.035,9.059,9.076,9.097,9.12,9.143,9.161,9.182,9.206,9.227,9.251,9.275,9.295,9.318,9.339,9.362,9.386,9.411,9.437,9.464,9.496,9.523,9.557,9.597,9.629,9.674,9.706,9.756,9.802,9.844,9.905,9.966,10.048,10.132,10.313,10.901
504,OTH FP,6.537,7.143,7.333,7.458,7.56,7.618,7.702,7.76,7.809,7.856,7.896,7.929,7.962,7.998,8.029,8.063,8.091,8.124,8.151,8.177,8.203,8.23,8.253,8.286,8.313,8.332,8.357,8.377,8.395,8.418,8.44,8.456,8.474,8.492,8.514,8.531,8.551,8.571,8.591,8.609,8.625,8.644,8.668,8.685,8.706,8.727,8.751,8.77,8.783,8.802,8.818,8.834,8.847,8.866,8.887,8.905,8.921,8.937,8.952,8.971,8.994,9.014,9.034,9.054,9.075,9.095,9.118,9.134,9.156,9.175,9.199,9.218,9.233,9.257,9.277,9.302,9.326,9.349,9.371,9.39,9.414,9.438,9.463,9.488,9.52,9.558,9.586,9.614,9.649,9.68,9.715,9.756,9.8,9.835,9.881,9.938,10.021,10.101,10.206,10.404,10.921
505,OTH FP,6.537,7.143,7.333,7.458,7.56,7.618,7.702,7.76,7.809,7.856,7.896,7.929,7.962,7.998,8.029,8.063,8.091,8.124,8.151,8.177,8.203,8.23,8.253,8.286,8.313,8.332,8.357,8.377,8.395,8.418,8.44,8.456,8.474,8.492,8.514,8.531,8.551,8.571,8.591,8.609,8.625,8.644,8.668,8.685,8.706,8.727,8.751,8.77,8.783,8.802,8.818,8.834,8.847,8.866,8.887,8.905,8.921,8.937,8.952,8.971,8.994,9.014,9.034,9.054,9.075,9.095,9.118,9.134,9.156,9.175,9.199,9.218,9.233,9.257,9.277,9.302,9.326,9.349,9.371,9.39,9.414,9.438,9.463,9.488,9.52,9.558,9.586,9.614,9.649,9.68,9.715,9.756,9.8,9.835,9.881,9.938,10.021,10.101,10.206,10.404,10.921
506,OTH FP,6.631,7.176,7.352,7.495,7.589,7.662,7.723,7.787,7.845,7.892,7.932,7.979,8.029,8.059,8.082,8.113,8.144,8.174,8.206,8.237,8.269,8.288,8.303,8.324,8.344,8.364,8.38,8.4,8.421,8.443,8.468,8.491,8.509,8.525,8.542,8.562,8.59,8.607,8.626,8.645,8.666,8.682,8.7,8.721,8.743,8.76,8.782,8.798,8.816,8.838,8.856,8.878,8.897,8.917,8.942,8.957,8.974,8.989,9.01,9.032,9.053,9.067,9.086,9.103,9.124,9.145,9.164,9.182,9.202,9.224,9.246,9.265,9.282,9.308,9.327,9.35,9.376,9.395,9.415,9.439,9.461,9.482,9.514,9.54,9.562,9.598,9.624,9.658,9.693,9.729,9.768,9.809,9.838,9.896,9.942,10.005,10.06,10.139,10.256,10.441,10.792
507,OTH FP,6.631,7.176,7.352,7.495,7.589,7.662,7.723,7.787,7.845,7.892,7.932,7.979,8.029,8.059,8.082,8.113,8.144,8.174,8.206,8.237,8.269,8.288,8.303,8.324,8.344,8.364,8.38,8.4,8.421,8.443,8.468,8.491,8.509,8.525,8.542,8.562,8.59,8.607,8.626,8.645,8.666,8.682,8.7,8.721,8.743,8.76,8.782,8.798,8.816,8.838,8.856,8.878,8.897,8.917,8.942,8.957,8.974,8.989,9.01,9.032,9.053,9.067,9.086,9.103,9.124,9.145,9.164,9.182,9.202,9.224,9.246,9.265,9.282,9.308,9.327,9.35,9.376,9.395,9.415,9.439,9.461,9.482,9.514,9.54,9.562,9.598,9.624,9.658,9.693,9.729,9.768,9.809,9.838,9.896,9.942,10.005,10.06,10.139,10.256,10.441,10.792
508,OTH FP,6.806,7.287,7.454,7.566,7.669,7.725,7.802,7.863,7.928,7.97,8.011,8.052,8.085,8.113,8.137,8.162,8.191,8.226,8.252,8.277,8.299,8.328,8.351,8.38,8.409,8.434,8.455,8.478,8.498,8.52,8.533,8.552,8.57,8.586,8.606,8.627,8.649,8.68,8.703,8.721,8.738,8.759,8.777,8.796,8.813,8.834,8.853,8.869,8.887,8.901,8.92,8.938,8.95,8.968,8.992,9.006,9.025,9.042,9.06,9.079,9.1,9.118,9.141,9.16,9.182,9.2,9.215,9.23,9.248,9.265,9.284,9.299,9.321,9.341,9.366,9.383,9.403,9.424,9.437,9.461,9.487,9.515,9.544,9.567,9.596,9.625,9.648,9.683,9.713,9.742,9.796,9.827,9.868,9.909,9.953,9.997,10.087,10.15,10.228,10.39,10.857
509,OTH FP,6.806,7.287,7.454,7.566,7.669,7.725,7.802,7.863,7.928,7.97,8.011,8.052,8.085,8.113,8.137,8.162,8.191,8.226,8.252,8.277,8.299,8.328,8.351,8.38,8.409,8.434,8.455,8.478,8.498,8.52,8.533,8.552,8.57,8.586,8.606,8.627,8.649,8.68,8.703,8.721,8.738,8.759,8.777,8.796,8.813,8.834,8.853,8.869,8.887,8.901,8.92,8.938,8.95,8.968,8.992,9.006,9.025,9.042,9.06,9.079,9.1,9.118,9.141,9.16,9.182,9.2,9.215,9.23,9.248,9.265,9.284,9.299,9.321,9.341,9.366,9.383,9.403,9.424,9.437,9.461,9.487,9.515,9.544,9.567,9.596,9.625,9.648,9.683,9.713,9.742,9.796,9.827,9.868,9.909,9.953,9.997,10.087,10.15,10.228,10.39,10.857
510,OTH FP,6.853,7.452,7.595,7.713,7.786,7.855,7.918,7.968,8.024,8.072,8.106,8.146,8.18,8.214,8.241,8.271,8.293,8.315,8.338,8.363,8.392,8.415,8.44,8.458,8.476,8.501,8.518,8.544,8.562,8.585,8.601,8.629,8.646,8.661,8.676,8.69,8.712,8.732,8.749,8.77,8.787,8.801,8.818,8.833,8.852,8.867,8.892,8.907,8.928,8.944,8.959,8.976,8.995,9.011,9.025,9.046,9.065,9.084,9.101,9.119,9.141,9.154,9.171,9.191,9.206,9.226,9.239,9.26,9.278,9.294,9.308,9.323,9.338,9.353,9.372,9.392,9.409,9.427,9.45,9.47,9.497,9.52,9.552,9.582,9.607,9.629,9.652,9.679,9.705,9.743,9.77,9.804,9.849,9.885,9.944,10.011,10.077,10.157,10.245,10.437,10.803
511,OTH FP,6.853,7.452,7.595,7.713,7.786,7.855,7.918,7.968,8.024,8.072,8.106,8.146,8.18,8.214,8.241,8.271,8.293,8.315,8.338,8.363,8.392,8.415,8.44,8.458,8.476,8.501,8.518,8.544,8.562,8.585,8.601,8.629,8.646,8.661,8.676,8.69,8.712,8.732,8.749,8.77,8.787,8.801,8.818,8.833,8.852,8.867,8.892,8.907,8.928,8.944,8.959,8.976,8.995,9.011,9.025,9.046,9.065,9.084,9.101,9.119,9.141,9.154,9.171,9.191,9.206,9.226,9.239,9.26,9.278,9.294,9.308,9.323,9.338,9.353,9.372,9.392,9.409,9.427,9.45,9.47,9.497,9.52,9.552,9.582,9.607,9.629,9.652,9.679,9.705,9.743,9.77,9.804,9.849,9.885,9.944,10.011,10.077,10.157,10.245,10.437,10.803
512,OTH FP,6.704,7.314,7.537,7.641,7.729,7.799,7.866,7.91,7.958,8.003,8.033,8.07,8.102,8.134,8.159,8.195,8.235,8.265,8.295,8.32,8.346,8.37,8.391,8.415,8.435,8.458,8.478,8.496,8.517,8.541,8.561,8.582,8.599,8.613,8.632,8.645,8.665,8.682,8.701,8.718,8.736,8.756,8.775,8.797,8.814,8.829,8.851,8.866,8.882,8.901,8.916,8.937,8.958,8.978,8.993,9.011,9.029,9.048,9.067,9.081,9.095,9.113,9.131,9.143,9.164,9.18,9.196,9.212,9.23,9.25,9.277,9.296,9.319,9.34,9.364,9.381,9.399,9.413,9.433,9.454,9.481,9.505,9.523,9.553,9.579,9.605,9.636,9.674,9.704,9.728,9.763,9.796,9.819,9.86,9.919,9.97,10.044,10.167,10.303,10.479,10.871
513,OTH FP,6.704,7.314,7.537,7.641,7.729,7.799,7.866,7.91,7.958,8.003,8.033,8.07,8.102,8.134,8.159,8.195,8.235,8.265,8.295,8.32,8.346,8.37,8.391,8.415,8.435,8.458,8.478,8.496,8.517,8.541,8.561,8.582,8.599,8.613,8.632,8.645,8.665,8.682,8.701,8.718,8.736,8.756,8.775,8.797,8.814,8.829,8.851,8.866,8.882,8.901,8.916,8.937,8.958,8.978,8.993,9.011,9.029,9.048,9.067,9.081,9.095,9.113,9.131,9.143,9.164,9.18,9.196,9.212,9.23,9.25,9.277,9.296,9.319,9.34,9.364,9.381,9.399,9.413,9.433,9.454,9.481,9.505,9.523,9.553,9.579,9.605,9.636,9.674,9.704,9.728,9.763,9.796,9.819,9.86,9.919,9.97,10.044,10.167,10.303,10.479,10.871
514,OTH FP,6.688,7.309,7.462,7.606,7.691,7.775,7.829,7.875,7.911,7.957,7.992,8.023,8.061,8.1,8.134,8.161,8.185,8.215,8.253,8.283,8.301,8.323,8.354,8.381,8.399,8.423,8.451,8.468,8.49,8.51,8.533,8.553,8.571,8.595,8.616,8.636,8.653,8.672,8.687,8.707,8.722,8.739,8.753,8.769,8.784,8.8,8.812,8.83,8.844,8.861,8.882,8.903,8.915,8.932,8.952,8.973,8.997,9.02,9.038,9.054,9.071,9.092,9.111,9.127,9.144,9.159,9.184,9.203,9.218,9.235,9.255,9.276,9.29,9.316,9.341,9.36,9.38,9.404,9.425,9.447,9.467,9.494,9.512,9.541,9.566,9.601,9.636,9.666,9.687,9.715,9.741,9.783,9.831,9.882,9.919,9.973,10.037,10.114,10.221,10.434,10.749
515,OTH FP,6.688,7.309,7.462,7.606,7.691,7.775,7.829,7.875,7.911,7.957,7.992,8.023,8.061,8.1,8.134,8.161,8.185,8.215,8.253,8.283,8.301,8.323,8.354,8.381,8.399,8.423,8.451,8.468,8.49,8.51,8.533,8.553,8.571,8.595,8.616,8.636,8.653,8.672,8.687,8.707,8.722,8.739,8.753,8.769,8.784,8.8,8.812,8.83,8.844,8.861,8.882,8.903,8.915,8.932,8.952,8.973,8.997,9.02,9.038,9.054,9.071,9.092,9.111,9.127,9.144,9.159,9.184,9.203,9.218,9.235,9.255,9.276,9.29,9.316,9.341,9.36,9.38,9.404,9.425,9.447,9.467,9.494,9.512,9.541,9.566,9.601,9.636,9.666,9.687,9.715,9.741,9.783,9.831,9.882,9.919,9.973,10.037,10.114,10.221,10.434,10.749
516,OTH FP,6.658,7.242,7.417,7.558,7.651,7.708,7.776,7.824,7.869,7.923,7.975,8.015,8.045,8.075,8.118,8.148,8.175,8.198,8.214,8.244,8.271,8.292,8.315,8.342,8.361,8.382,8.403,8.422,8.447,8.469,8.491,8.509,8.534,8.553,8.569,8.59,8.609,8.63,8.646,8.668,8.691,8.71,8.731,8.749,8.769,8.786,8.804,8.818,8.835,8.848,8.864,8.881,8.896,8.912,8.928,8.942,8.957,8.982,9.0,9.015,9.031,9.046,9.061,9.076,9.091,9.109,9.127,9.147,9.163,9.18,9.199,9.217,9.231,9.252,9.274,9.296,9.316,9.338,9.363,9.39,9.417,9.436,9.46,9.487,9.512,9.547,9.58,9.61,9.644,9.674,9.711,9.741,9.783,9.84,9.899,9.952,10.019,10.085,10.208,10.349,10.878
517,OTH FP,6.658,7.242,7.417,7.558,7.651,7.708,7.776,7.824,7.869,7.923,7.975,8.015,8.045,8.075,8.118,8.148,8.175,8.198,8.214,8.244,8.271,8.292,8.315,8.342,8.361,8.382,8.403,8.422,8.447,8.469,8.491,8.509,8.534,8.553,8.569,8.59,8.609,8.63,8.646,8.668,8.691,8.71,8.731,8.749,8.769,8.786,8.804,8.818,8.835,8.848,8.864,8.881,8.896,8.912,8.928,8.942,8.957,8.982,9.0,9.015,9.031,9.046,9.061,9.076,9.091,9.109,9.127,9.147,9.163,9.18,9.199,9.217,9.231,9.252,9.274,9.296,9.316,9.338,9.363,9.39,9.417,9.436,9.46,9.487,9.512,9.547,9.58,9.61,9.644,9.674,9.711,9.741,9.783,9.84,9.899,9.952,10.019,10.085,10.208,10.349,10.878
518,OTH FP,6.504,7.194,7.425,7.551,7.625,7.719,7.796,7.84,7.889,7.928,7.961,8.003,8.034,8.064,8.096,8.124,8.156,8.18,8.206,8.229,8.258,8.283,8.31,8.335,8.355,8.372,8.396,8.417,8.435,8.451,8.47,8.49,8.508,8.52,8.539,8.566,8.582,8.599,8.616,8.629,8.652,8.668,8.685,8.701,8.717,8.738,8.756,8.772,8.788,8.801,8.817,8.832,8.848,8.86,8.874,8.895,8.91,8.932,8.947,8.962,8.977,8.994,9.013,9.027,9.041,9.064,9.082,9.104,9.124,9.141,9.159,9.19,9.21,9.23,9.245,9.264,9.28,9.307,9.324,9.346,9.364,9.384,9.406,9.434,9.466,9.49,9.513,9.536,9.568,9.614,9.647,9.687,9.725,9.769,9.802,9.868,9.952,10.031,10.148,10.358,10.838
519,OTH FP,6.504,7.194,7.425,7.551,7.625,7.719,7.796,7.84,7.889,7.928,7.961,8.003,8.034,8.064,8.096,8.124,8.156,8.18,8.206,8.229,8.258,8.283,8.31,8.335,8.355,8.372,8.396,8.417,8.435,8.451,8.47,8.49,8.508,8.52,8.539,8.566,8.582,8.599,8.616,8.629,8.652,8.668,8.685,8.701,8.717,8.738,8.756,8.772,8.788,8.801,8.817,8.832,8.848,8.86,8.874,8.895,8.91,8.932,8.947,8.962,8.977,8.994,9.013,9.027,9.041,9.064,9.082,9.104,9.124,9.141,9.159,9.19,9.21,9.23,9.245,9.264,9.28,9.307,9.324,9.346,9.364,9.384,9.406,9.434,9.466,9.49,9.513,9.536,9.568,9.614,9.647,9.687,9.725,9.769,9.802,9.868,9.952,10.031,10.148,10.358,10.838
520,OTH FP,6.688,7.268,7.45,7.564,7.672,7.736,7.809,7.849,7.897,7.938,7.979,8.016,8.049,8.09,8.117,8.15,8.177,8.196,8.219,8.243,8.263,8.28,8.299,8.324,8.349,8.367,8.385,8.402,8.423,8.436,8.452,8.469,8.492,8.508,8.527,8.546,8.563,8.584,8.6,8.616,8.63,8.646,8.664,8.678,8.694,8.713,8.727,8.748,8.767,8.789,8.801,8.816,8.829,8.841,8.86,8.875,8.889,8.904,8.916,8.932,8.952,8.971,8.985,9.003,9.026,9.041,9.058,9.072,9.088,9.105,9.125,9.14,9.157,9.176,9.198,9.213,9.236,9.254,9.276,9.304,9.325,9.343,9.365,9.381,9.413,9.437,9.47,9.498,9.524,9.553,9.593,9.63,9.675,9.72,9.756,9.821,9.88,9.985,10.093,10.263,10.763
521,OTH FP,6.688,7.268,7.45,7.564,7.672,7.736,7.809,7.849,7.897,7.938,7.979,8.016,8.049,8.09,8.117,8.15,8.177,8.196,8.219,8.243,8.263,8.28,8.299,8.324,8.349,8.367,8.385,8.402,8.423,8.436,8.452,8.469,8.492,8.508,8.527,8.546,8.563,8.584,8.6,8.616,8.63,8.646,8.664,8.678,8.694,8.713,8.727,8.748,8.767,8.789,8.801,8.816,8.829,8.841,8.86,8.875,8.889,8.904,8.916,8.932,8.952,8.971,8.985,9.003,9.026,9.041,9.058,9.072,9.088,9.105,9.125,9.14,9.157,9.176,9.198,9.213,9.236,9.254,9.276,9.304,9.325,9.343,9.365,9.381,9.413,9.437,9.47,9.498,9.524,9.553,9.593,9.63,9.675,9.72,9.756,9.821,9.88,9.985,10.093,10.263,10.763
522,OTH FP,6.727,7.195,7.361,7.47,7.578,7.644,7.702,7.753,7.794,7.843,7.871,7.906,7.933,7.96,7.988,8.016,8.041,8.074,8.1,8.117,8.134,8.156,8.177,8.204,8.223,8.239,8.261,8.286,8.308,8.327,8.354,8.372,8.396,8.414,8.434,8.453,8.475,8.489,8.504,8.524,8.538,8.557,8.572,8.587,8.603,8.619,8.636,8.653,8.672,8.688,8.703,8.716,8.73,8.746,8.76,8.776,8.794,8.807,8.822,8.839,8.86,8.875,8.892,8.909,8.93,8.945,8.966,8.986,9.004,9.021,9.035,9.057,9.075,9.093,9.111,9.133,9.154,9.173,9.2,9.223,9.243,9.267,9.293,9.311,9.335,9.371,9.398,9.427,9.45,9.483,9.519,9.558,9.604,9.655,9.707,9.782,9.838,9.93,10.057,10.199,10.638
523,OTH FP,6.727,7.195,7.361,7.47,7.578,7.644,7.702,7.753,7.794,7.843,7.871,7.906,7.933,7.96,7.988,8.016,8.041,8.074,8.1,8.117,8.134,8.156,8.177,8.204,8.223,8.239,8.261,8.286,8.308,8.327,8.354,8.372,8.396,8.414,8.434,8.453,8.475,8.489,8.504,8.524,8.538,8.557,8.572,8.587,8.603,8.619,8.636,8.653,8.672,8.688,8.703,8.716,8.73,8.746,8.76,8.776,8.794,8.807,8.822,8.839,8.86,8.875,8.892,8.909,8.93,8.945,8.966,8.986,9.004,9.021,9.035,9.057,9.075,9.093,9.111,9.133,9.154,9.173,9.2,9.223,9.243,9.267,9.293,9.311,9.335,9.371,9.398,9.427,9.45,9.483,9.519,9.558,9.604,9.655,9.707,9.782,9.838,9.93,10.057,10.199,10.638
524,OTH FP,6.731,7.068,7.298,7.442,7.5,7.562,7.618,7.666,7.722,7.754,7.789,7.824,7.86,7.888,7.924,7.951,7.978,8.002,8.028,8.054,8.074,8.096,8.117,8.14,8.158,8.178,8.192,8.216,8.235,8.248,8.265,8.279,8.295,8.315,8.331,8.349,8.37,8.388,8.406,8.424,8.437,8.451,8.466,8.48,8.493,8.509,8.527,8.542,8.558,8.571,8.592,8.609,8.625,8.643,8.665,8.68,8.692,8.711,8.727,8.744,8.759,8.775,8.789,8.805,8.822,8.839,8.857,8.876,8.897,8.913,8.925,8.937,8.957,8.98,8.996,9.022,9.042,9.072,9.093,9.12,9.143,9.165,9.194,9.216,9.242,9.266,9.295,9.322,9.346,9.381,9.416,9.464,9.5,9.543,9.609,9.655,9.722,9.804,9.912,10.077,10.672
525,OTH FP,6.731,7.068,7.298,7.442,7.5,7.562,7.618,7.666,7.722,7.754,7.789,7.824,7.86,7.888,7.924,7.951,7.978,8.002,8.028,8.054,8.074,8.096,8.117,8.14,8.158,8.178,8.192,8.216,8.235,8.248,8.265,8.279,8.295,8.315,8.331,8.349,8.37,8.388,8.406,8.424,8.437,8.451,8.466,8.48,8.493,8.509,8.527,8.542,8.558,8.571,8.592,8.609,8.625,8.643,8.665,8.68,8.692,8.711,8.727,8.744,8.759,8.775,8.789,8.805,8.822,8.839,8.857,8.876,8.897,8.913,8.925,8.937,8.957,8.98,8.996,9.022,9.042,9.072,9.093,9.12,9.143,9.165,9.194,9.216,9.242,9.266,9.295,9.322,9.346,9.381,9.416,9.464,9.5,9.543,9.609,9.655,9.722,9.804,9.912,10.077,10.672
526,OTH FP,6.543,7.01,7.246,7.375,7.459,7.546,7.592,7.64,7.682,7.723,7.754,7.792,7.829,7.86,7.886,7.91,7.937,7.959,7.983,8.008,8.033,8.055,8.079,8.101,8.12,8.136,8.16,8.178,8.202,8.219,8.242,8.26,8.28,8.299,8.318,8.334,8.354,8.376,8.396,8.414,8.427,8.443,8.459,8.476,8.491,8.512,8.525,8.542,8.561,8.573,8.593,8.611,8.625,8.638,8.657,8.675,8.691,8.708,8.726,8.742,8.758,8.778,8.794,8.809,8.829,8.852,8.87,8.886,8.901,8.916,8.932,8.955,8.97,8.993,9.02,9.045,9.068,9.083,9.112,9.131,9.151,9.181,9.21,9.23,9.262,9.289,9.316,9.348,9.379,9.417,9.461,9.496,9.536,9.569,9.625,9.706,9.792,9.882,10.009,10.19,10.824
527,OTH FP,6.543,7.01,7.246,7.375,7.459,7.546,7.592,7.64,7.682,7.723,7.754,7.792,7.829,7.86,7.886,7.91,7.937,7.959,7.983,8.008,8.033,8.055,8.079,8.101,8.12,8.136,8.16,8.178,8.202,8.219,8.242,8.26,8.28,8.299,8.318,8.334,8.354,8.376,8.396,8.414,8.427,8.443,8.459,8.476,8.491,8.512,8.525,8.542,8.561,8.573,8.593,8.611,8.625,8.638,8.657,8.675,8.691,8.708,8.726,8.742,8.758,8.778,8.794,8.809,8.829,8.852,8.87,8.886,8.901,8.916,8.932,8.955,8.97,8.993,9.02,9.045,9.068,9.083,9.112,9.131,9.151,9.181,9.21,9.23,9.262,9.289,9.316,9.348,9.379,9.417,9.461,9.496,9.536,9.569,9.625,9.706,9.792,9.882,10.009,10.19,10.824
528,OTH FP,6.48,6.951,7.217,7.335,7.408,7.479,7.529,7.575,7.614,7.655,7.693,7.732,7.767,7.797,7.836,7.868,7.896,7.926,7.953,7.977,8.003,8.025,8.043,8.062,8.082,8.103,8.122,8.141,8.163,8.185,8.201,8.219,8.24,8.259,8.284,8.301,8.323,8.339,8.357,8.381,8.397,8.416,8.437,8.459,8.481,8.498,8.514,8.532,8.549,8.567,8.584,8.605,8.622,8.642,8.656,8.673,8.687,8.706,8.723,8.738,8.758,8.778,8.798,8.814,8.834,8.853,8.871,8.893,8.912,8.928,8.948,8.967,8.989,9.013,9.037,9.06,9.086,9.116,9.138,9.159,9.18,9.204,9.225,9.253,9.286,9.305,9.34,9.366,9.402,9.439,9.482,9.525,9.573,9.623,9.672,9.73,9.791,9.875,10.012,10.2,10.682
529,OTH FP,6.48,6.951,7.217,7.335,7.408,7.479,7.529,7.575,7.614,7.655,7.693,7.732,7.767,7.797,7.836,7.868,7.896,7.926,7.953,7.977,8.003,8.025,8.043,8.062,8.082,8.103,8.122,8.141,8.163,8.185,8.201,8.219,8.24,8.259,8.284,8.301,8.323,8.339,8.357,8.381,8.397,8.416,8.437,8.459,8.481,8.498,8.514,8.532,8.549,8.567,8.584,8.605,8.622,8.642,8.656,8.673,8.687,8.706,8.723,8.738,8.758,8.778,8.798,8.814,8.834,8.853,8.871,8.893,8.912,8.928,8.948,8.967,8.989,9.013,9.037,9.06,9.086,9.116,9.138,9.159,9.18,9.204,9.225,9.253,9.286,9.305,9.34,9.366,9.402,9.439,9.482,9.525,9.573,9.623,9.672,9.73,9.791,9.875,10.012,10.2,10.682
530,OTH FP,6.331,6.888,7.123,7.256,7.337,7.419,7.471,7.531,7.577,7.631,7.665,7.707,7.743,7.771,7.802,7.833,7.864,7.887,7.915,7.941,7.966,7.989,8.015,8.045,8.058,8.086,8.116,8.137,8.159,8.18,8.195,8.215,8.231,8.251,8.268,8.291,8.311,8.328,8.36,8.381,8.404,8.422,8.441,8.464,8.479,8.494,8.515,8.529,8.552,8.572,8.59,8.614,8.63,8.655,8.675,8.693,8.709,8.722,8.739,8.757,8.776,8.791,8.812,8.827,8.847,8.862,8.879,8.897,8.919,8.939,8.959,8.979,8.997,9.018,9.038,9.064,9.089,9.112,9.134,9.151,9.181,9.205,9.231,9.269,9.292,9.324,9.354,9.392,9.432,9.468,9.511,9.548,9.589,9.642,9.702,9.792,9.853,9.947,10.084,10.287,10.873
531,OTH FP,6.331,6.888,7.123,7.256,7.337,7.419,7.471,7.531,7.577,7.631,7.665,7.707,7.743,7.771,7.802,7.833,7.864,7.887,7.915,7.941,7.966,7.989,8.015,8.045,8.058,8.086,8.116,8.137,8.159,8.18,8.195,8.215,8.231,8.251,8.268,8.291,8.311,8.328,8.36,8.381,8.404,8.422,8.441,8.464,8.479,8.494,8.515,8.529,8.552,8.572,8.59,8.614,8.63,8.655,8.675,8.693,8.709,8.722,8.739,8.757,8.776,8.791,8.812,8.827,8.847,8.862,8.879,8.897,8.919,8.939,8.959,8.979,8.997,9.018,9.038,9.064,9.089,9.112,9.134,9.151,9.181,9.205,9.231,9.269,9.292,9.324,9.354,9.392,9.432,9.468,9.511,9.548,9.589,9.642,9.702,9.792,9.853,9.947,10.084,10.287,10.873
532,OTH FP,6.282,6.871,7.098,7.231,7.314,7.374,7.457,7.509,7.558,7.61,7.646,7.685,7.718,7.756,7.779,7.81,7.854,7.878,7.904,7.931,7.952,7.975,8.008,8.034,8.057,8.077,8.096,8.118,8.138,8.161,8.182,8.201,8.226,8.247,8.274,8.299,8.316,8.334,8.351,8.366,8.381,8.403,8.419,8.44,8.459,8.483,8.505,8.521,8.539,8.554,8.575,8.591,8.613,8.638,8.654,8.671,8.693,8.712,8.73,8.749,8.766,8.785,8.802,8.818,8.833,8.851,8.867,8.889,8.912,8.93,8.952,8.971,8.992,9.008,9.031,9.05,9.071,9.098,9.122,9.144,9.165,9.186,9.221,9.244,9.275,9.302,9.329,9.376,9.422,9.465,9.502,9.553,9.597,9.638,9.696,9.748,9.834,9.95,10.055,10.277,10.784
533,OTH FP,6.282,6.871,7.098,7.231,7.314,7.374,7.457,7.509,7.558,7.61,7.646,7.685,7.718,7.756,7.779,7.81,7.854,7.878,7.904,7.931,7.952,7.975,8.008,8.034,8.057,8.077,8.096,8.118,8.138,8.161,8.182,8.201,8.226,8.247,8.274,8.299,8.316,8.334,8.351,8.366,8.381,8.403,8.419,8.44,8.459,8.483,8.505,8.521,8.539,8.554,8.575,8.591,8.613,8.638,8.654,8.671,8.693,8.712,8.73,8.749,8.766,8.785,8.802,8.818,8.833,8.851,8.867,8.889,8.912,8.93,8.952,8.971,8.992,9.008,9.031,9.05,9.071,9.098,9.122,9.144,9.165,9.186,9.221,9.244,9.275,9.302,9.329,9.376,9.422,9.465,9.502,9.553,9.597,9.638,9.696,9.748,9.834,9.95,10.055,10.277,10.784
534,OTH FP,6.345,6.822,7.031,7.166,7.285,7.355,7.444,7.507,7.572,7.618,7.663,7.696,7.725,7.758,7.796,7.82,7.847,7.875,7.907,7.936,7.963,7.981,8.01,8.034,8.053,8.078,8.102,8.125,8.144,8.167,8.184,8.201,8.222,8.241,8.259,8.283,8.3,8.32,8.338,8.356,8.376,8.395,8.41,8.43,8.445,8.469,8.486,8.501,8.514,8.531,8.544,8.559,8.579,8.6,8.618,8.634,8.652,8.675,8.696,8.718,8.739,8.759,8.773,8.789,8.805,8.83,8.846,8.865,8.882,8.903,8.917,8.938,8.969,8.99,9.014,9.043,9.067,9.093,9.127,9.156,9.178,9.204,9.23,9.255,9.287,9.309,9.346,9.391,9.418,9.461,9.507,9.551,9.607,9.651,9.703,9.761,9.83,9.927,10.042,10.245,10.745
535,OTH FP,6.345,6.822,7.031,7.166,7.285,7.355,7.444,7.507,7.572,7.618,7.663,7.696,7.725,7.758,7.796,7.82,7.847,7.875,7.907,7.936,7.963,7.981,8.01,8.034,8.053,8.078,8.102,8.125,8.144,8.167,8.184,8.201,8.222,8.241,8.259,8.283,8.3,8.32,8.338,8.356,8.376,8.395,8.41,8.43,8.445,8.469,8.486,8.501,8.514,8.531,8.544,8.559,8.579,8.6,8.618,8.634,8.652,8.675,8.696,8.718,8.739,8.759,8.773,8.789,8.805,8.83,8.846,8.865,8.882,8.903,8.917,8.938,8.969,8.99,9.014,9.043,9.067,9.093,9.127,9.156,9.178,9.204,9.23,9.255,9.287,9.309,9.346,9.391,9.418,9.461,9.507,9.551,9.607,9.651,9.703,9.761,9.83,9.927,10.042,10.245,10.745
536,OTH FP,6.467,6.827,7.035,7.165,7.268,7.362,7.443,7.509,7.556,7.603,7.636,7.674,7.706,7.735,7.778,7.812,7.846,7.881,7.909,7.941,7.968,7.994,8.014,8.032,8.053,8.073,8.096,8.12,8.14,8.165,8.185,8.201,8.219,8.239,8.259,8.282,8.298,8.314,8.333,8.351,8.37,8.388,8.401,8.419,8.432,8.45,8.466,8.486,8.5,8.518,8.54,8.559,8.579,8.594,8.609,8.633,8.648,8.668,8.686,8.705,8.726,8.745,8.763,8.781,8.798,8.814,8.833,8.853,8.87,8.887,8.911,8.932,8.955,8.97,8.992,9.018,9.037,9.061,9.086,9.11,9.142,9.173,9.199,9.223,9.264,9.291,9.321,9.348,9.376,9.417,9.464,9.498,9.536,9.579,9.643,9.722,9.789,9.884,9.991,10.159,10.755
537,OTH FP,6.467,6.827,7.035,7.165,7.268,7.362,7.443,7.509,7.556,7.603,7.636,7.674,7.706,7.735,7.778,7.812,7.846,7.881,7.909,7.941,7.968,7.994,8.014,8.032,8.053,8.073,8.096,8.12,8.14,8.165,8.185,8.201,8.219,8.239,8.259,8.282,8.298,8.314,8.333,8.351,8.37,8.388,8.401,8.419,8.432,8.45,8.466,8.486,8.5,8.518,8.54,8.559,8.579,8.594,8.609,8.633,8.648,8.668,8.686,8.705,8.726,8.745,8.763,8.781,8.798,8.814,8.833,8.853,8.87,8.887,8.911,8.932,8.955,8.97,8.992,9.018,9.037,9.061,9.086,9.11,9.142,9.173,9.199,9.223,9.264,9.291,9.321,9.348,9.376,9.417,9.464,9.498,9.536,9.579,9.643,9.722,9.789,9.884,9.991,10.159,10.755
538,OTH FP,6.575,6.888,7.132,7.237,7.327,7.409,7.47,7.523,7.559,7.612,7.648,7.682,7.715,7.753,7.789,7.829,7.859,7.881,7.914,7.936,7.96,7.98,8.006,8.03,8.057,8.084,8.11,8.129,8.147,8.168,8.188,8.201,8.221,8.241,8.258,8.277,8.293,8.312,8.329,8.347,8.362,8.378,8.399,8.421,8.436,8.451,8.463,8.479,8.497,8.516,8.538,8.552,8.569,8.584,8.599,8.617,8.637,8.654,8.673,8.689,8.705,8.722,8.743,8.76,8.778,8.8,8.823,8.843,8.864,8.881,8.901,8.928,8.948,8.966,8.987,9.009,9.024,9.05,9.073,9.095,9.124,9.148,9.176,9.21,9.23,9.265,9.299,9.327,9.357,9.391,9.427,9.477,9.523,9.566,9.62,9.672,9.73,9.818,9.968,10.127,10.599
539,OTH FP,6.575,6.888,7.132,7.237,7.327,7.409,7.47,7.523,7.559,7.612,7.648,7.682,7.715,7.753,7.789,7.829,7.859,7.881,7.914,7.936,7.96,7.98,8.006,8.03,8.057,8.084,8.11,8.129,8.147,8.168,8.188,8.201,8.221,8.241,8.258,8.277,8.293,8.312,8.329,8.347,8.362,8.378,8.399,8.421,8.436,8.451,8.463,8.479,8.497,8.516,8.538,8.552,8.569,8.584,8.599,8.617,8.637,8.654,8.673,8.689,8.705,8.722,8.743,8.76,8.778,8.8,8.823,8.843,8.864,8.881,8.901,8.928,8.948,8.966,8.987,9.009,9.024,9.05,9.073,9.095,9.124,9.148,9.176,9.21,9.23,9.265,9.299,9.327,9.357,9.391,9.427,9.477,9.523,9.566,9.62,9.672,9.73,9.818,9.968,10.127,10.599
540,OTH FP,6.465,6.835,7.026,7.149,7.231,7.32,7.396,7.451,7.506,7.554,7.585,7.616,7.658,7.682,7.713,7.747,7.779,7.82,7.852,7.874,7.897,7.923,7.948,7.972,7.996,8.024,8.045,8.071,8.095,8.118,8.141,8.162,8.18,8.201,8.221,8.239,8.257,8.274,8.295,8.317,8.334,8.351,8.37,8.388,8.409,8.424,8.44,8.459,8.477,8.494,8.509,8.524,8.548,8.564,8.582,8.598,8.616,8.63,8.647,8.67,8.683,8.696,8.717,8.735,8.754,8.771,8.794,8.815,8.839,8.862,8.88,8.899,8.921,8.935,8.956,8.98,9.004,9.027,9.048,9.07,9.106,9.134,9.153,9.183,9.209,9.245,9.278,9.317,9.35,9.394,9.428,9.47,9.514,9.564,9.618,9.688,9.796,9.878,9.975,10.16,10.676
541,OTH FP,6.465,6.835,7.026,7.149,7.231,7.32,7.396,7.451,7.506,7.554,7.585,7.616,7.658,7.682,7.713,7.747,7.779,7.82,7.852,7.874,7.897,7.923,7.948,7.972,7.996,8.024,8.045,8.071,8.095,8.118,8.141,8.162,8.18,8.201,8.221,8.239,8.257,8.274,8.295,8.317,8.334,8.351,8.37,8.388,8.409,8.424,8.44,8.459,8.477,8.494,8.509,8.524,8.548,8.564,8.582,8.598,8.616,8.63,8.647,8.67,8.683,8.696,8.717,8.735,8.754,8.771,8.794,8.815,8.839,8.862,8.88,8.899,8.921,8.935,8.956,8.98,9.004,9.027,9.048,9.07,9.106,9.134,9.153,9.183,9.209,9.245,9.278,9.317,9.35,9.394,9.428,9.47,9.514,9.564,9.618,9.688,9.796,9.878,9.975,10.16,10.676
542,OTH FP,6.312,6.806,6.953,7.048,7.15,7.228,7.303,7.371,7.421,7.47,7.53,7.564,7.6,7.637,7.669,7.702,7.738,7.771,7.808,7.844,7.871,7.895,7.919,7.941,7.959,7.981,8.001,8.018,8.039,8.059,8.088,8.109,8.127,8.159,8.178,8.192,8.212,8.235,8.253,8.273,8.293,8.307,8.323,8.342,8.363,8.381,8.403,8.421,8.438,8.453,8.467,8.488,8.501,8.52,8.539,8.563,8.58,8.598,8.618,8.636,8.654,8.673,8.689,8.704,8.723,8.74,8.76,8.784,8.812,8.838,8.858,8.887,8.906,8.922,8.945,8.969,8.998,9.026,9.055,9.083,9.106,9.138,9.165,9.199,9.233,9.26,9.293,9.325,9.355,9.388,9.43,9.47,9.529,9.59,9.638,9.711,9.791,9.879,10.0,10.209,10.65
543,OTH FP,6.312,6.806,6.953,7.048,7.15,7.228,7.303,7.371,7.421,7.47,7.53,7.564,7.6,7.637,7.669,7.702,7.738,7.771,7.808,7.844,7.871,7.895,7.919,7.941,7.959,7.981,8.001,8.018,8.039,8.059,8.088,8.109,8.127,8.159,8.178,8.192,8.212,8.235,8.253,8.273,8.293,8.307,8.323,8.342,8.363,8.381,8.403,8.421,8.438,8.453,8.467,8.488,8.501,8.52,8.539,8.563,8.58,8.598,8.618,8.636,8.654,8.673,8.689,8.704,8.723,8.74,8.76,8.784,8.812,8.838,8.858,8.887,8.906,8.922,8.945,8.969,8.998,9.026,9.055,9.083,9.106,9.138,9.165,9.199,9.233,9.26,9.293,9.325,9.355,9.388,9.43,9.47,9.529,9.59,9.638,9.711,9.791,9.879,10.0,10.209,10.65
544,OTH FP,6.365,6.809,6.965,7.071,7.161,7.248,7.311,7.369,7.414,7.457,7.503,7.535,7.58,7.602,7.637,7.679,7.707,7.735,7.768,7.795,7.829,7.855,7.882,7.905,7.926,7.947,7.968,7.982,8.005,8.034,8.05,8.065,8.09,8.114,8.134,8.151,8.172,8.196,8.217,8.238,8.252,8.273,8.291,8.309,8.327,8.34,8.361,8.379,8.403,8.424,8.445,8.461,8.473,8.491,8.51,8.528,8.55,8.568,8.588,8.606,8.629,8.645,8.667,8.684,8.701,8.717,8.736,8.759,8.782,8.803,8.824,8.842,8.865,8.883,8.904,8.927,8.957,8.983,9.009,9.03,9.069,9.095,9.126,9.159,9.183,9.219,9.247,9.288,9.33,9.369,9.42,9.461,9.507,9.563,9.626,9.683,9.761,9.862,10.014,10.165,10.774
545,OTH FP,6.365,6.809,6.965,7.071,7.161,7.248,7.311,7.369,7.414,7.457,7.503,7.535,7.58,7.602,7.637,7.679,7.707,7.735,7.768,7.795,7.829,7.855,7.882,7.905,7.926,7.947,7.968,7.982,8.005,8.034,8.05,8.065,8.09,8.114,8.134,8.151,8.172,8.196,8.217,8.238,8.252,8.273,8.291,8.309,8.327,8.34,8.361,8.379,8.403,8.424,8.445,8.461,8.473,8.491,8.51,8.528,8.55,8.568,8.588,8.606,8.629,8.645,8.667,8.684,8.701,8.717,8.736,8.759,8.782,8.803,8.824,8.842,8.865,8.883,8.904,8.927,8.957,8.983,9.009,9.03,9.069,9.095,9.126,9.159,9.183,9.219,9.247,9.288,9.33,9.369,9.42,9.461,9.507,9.563,9.626,9.683,9.761,9.862,10.014,10.165,10.774
546,OTH FP,6.315,6.737,6.913,7.047,7.148,7.22,7.281,7.336,7.387,7.44,7.492,7.534,7.565,7.593,7.619,7.643,7.673,7.704,7.732,7.762,7.788,7.818,7.844,7.869,7.893,7.922,7.943,7.963,7.987,8.003,8.026,8.054,8.071,8.092,8.11,8.131,8.151,8.17,8.188,8.204,8.219,8.24,8.26,8.276,8.293,8.312,8.33,8.348,8.37,8.39,8.408,8.43,8.446,8.459,8.476,8.495,8.516,8.538,8.558,8.572,8.595,8.613,8.63,8.653,8.672,8.696,8.711,8.73,8.75,8.772,8.795,8.822,8.846,8.868,8.885,8.907,8.934,8.96,8.99,9.018,9.043,9.068,9.094,9.12,9.148,9.172,9.2,9.234,9.285,9.321,9.367,9.414,9.453,9.51,9.582,9.641,9.721,9.819,9.937,10.168,10.801
547,OTH FP,6.315,6.737,6.913,7.047,7.148,7.22,7.281,7.336,7.387,7.44,7.492,7.534,7.565,7.593,7.619,7.643,7.673,7.704,7.732,7.762,7.788,7.818,7.844,7.869,7.893,7.922,7.943,7.963,7.987,8.003,8.026,8.054,8.071,8.092,8.11,8.131,8.151,8.17,8.188,8.204,8.219,8.24,8.26,8.276,8.293,8.312,8.33,8.348,8.37,8.39,8.408,8.43,8.446,8.459,8.476,8.495,8.516,8.538,8.558,8.572,8.595,8.613,8.63,8.653,8.672,8.696,8.711,8.73,8.75,8.772,8.795,8.822,8.846,8.868,8.885,8.907,8.934,8.96,8.99,9.018,9.043,9.068,9.094,9.12,9.148,9.172,9.2,9.234,9.285,9.321,9.367,9.414,9.453,9.51,9.582,9.641,9.721,9.819,9.937,10.168,10.801
548,OTH FP,6.078,6.698,6.931,7.051,7.147,7.219,7.277,7.334,7.374,7.422,7.462,7.503,7.546,7.581,7.612,7.64,7.674,7.703,7.726,7.751,7.774,7.797,7.823,7.847,7.872,7.897,7.917,7.936,7.958,7.983,8.005,8.029,8.053,8.072,8.083,8.104,8.125,8.151,8.17,8.182,8.196,8.214,8.232,8.249,8.264,8.283,8.297,8.312,8.324,8.341,8.36,8.375,8.394,8.417,8.431,8.446,8.464,8.482,8.499,8.524,8.545,8.562,8.588,8.607,8.624,8.648,8.664,8.689,8.711,8.733,8.757,8.775,8.799,8.816,8.838,8.864,8.89,8.922,8.945,8.976,8.997,9.03,9.058,9.085,9.119,9.148,9.179,9.205,9.242,9.275,9.303,9.345,9.406,9.453,9.508,9.569,9.642,9.763,9.862,10.058,10.642
549,OTH FP,6.078,6.698,6.931,7.051,7.147,7.219,7.277,7.334,7.374,7.422,7.462,7.503,7.546,7.581,7.612,7.64,7.674,7.703,7.726,7.751,7.774,7.797,7.823,7.847,7.872,7.897,7.917,7.936,7.958,7.983,8.005,8.029,8.053,8.072,8.083,8.104,8.125,8.151,8.17,8.182,8.196,8.214,8.232,8.249,8.264,8.283,8.297,8.312,8.324,8.341,8.36,8.375,8.394,8.417,8.431,8.446,8.464,8.482,8.499,8.524,8.545,8.562,8.588,8.607,8.624,8.648,8.664,8.689,8.711,8.733,8.757,8.775,8.799,8.816,8.838,8.864,8.89,8.922,8.945,8.976,8.997,9.03,9.058,9.085,9.119,9.148,9.179,9.205,9.242,9.275,9.303,9.345,9.406,9.453,9.508,9.569,9.642,9.763,9.862,10.058,10.642
550,OTH FP,6.202,6.727,6.924,7.042,7.132,7.211,7.282,7.341,7.388,7.438,7.48,7.516,7.554,7.587,7.619,7.646,7.68,7.706,7.734,7.759,7.778,7.799,7.822,7.84,7.862,7.882,7.897,7.915,7.934,7.959,7.98,7.998,8.013,8.029,8.054,8.069,8.09,8.113,8.132,8.15,8.169,8.19,8.21,8.233,8.247,8.269,8.294,8.308,8.324,8.338,8.352,8.373,8.387,8.406,8.422,8.441,8.456,8.473,8.488,8.506,8.523,8.542,8.559,8.578,8.601,8.619,8.635,8.654,8.67,8.695,8.719,8.735,8.755,8.777,8.8,8.824,8.849,8.867,8.892,8.917,8.943,8.968,8.993,9.027,9.054,9.081,9.111,9.148,9.176,9.211,9.25,9.296,9.341,9.397,9.436,9.501,9.565,9.676,9.787,9.978,10.389
551,OTH FP,6.202,6.727,6.924,7.042,7.132,7.211,7.282,7.341,7.388,7.438,7.48,7.516,7.554,7.587,7.619,7.646,7.68,7.706,7.734,7.759,7.778,7.799,7.822,7.84,7.862,7.882,7.897,7.915,7.934,7.959,7.98,7.998,8.013,8.029,8.054,8.069,8.09,8.113,8.132,8.15,8.169,8.19,8.21,8.233,8.247,8.269,8.294,8.308,8.324,8.338,8.352,8.373,8.387,8.406,8.422,8.441,8.456,8.473,8.488,8.506,8.523,8.542,8.559,8.578,8.601,8.619,8.635,8.654,8.67,8.695,8.719,8.735,8.755,8.777,8.8,8.824,8.849,8.867,8.892,8.917,8.943,8.968,8.993,9.027,9.054,9.081,9.111,9.148,9.176,9.211,9.25,9.296,9.341,9.397,9.436,9.501,9.565,9.676,9.787,9.978,10.389
552,OTH FP,6.324,6.799,6.957,7.068,7.149,7.224,7.275,7.355,7.385,7.433,7.474,7.517,7.555,7.578,7.618,7.646,7.667,7.686,7.72,7.748,7.774,7.797,7.819,7.837,7.86,7.886,7.902,7.92,7.945,7.961,7.98,7.994,8.017,8.037,8.057,8.072,8.093,8.108,8.123,8.14,8.155,8.171,8.187,8.207,8.231,8.247,8.264,8.278,8.296,8.317,8.334,8.347,8.363,8.381,8.396,8.41,8.425,8.437,8.453,8.47,8.488,8.502,8.522,8.539,8.552,8.565,8.579,8.594,8.616,8.632,8.646,8.67,8.689,8.713,8.731,8.746,8.77,8.789,8.813,8.842,8.862,8.888,8.913,8.947,8.982,9.012,9.044,9.074,9.111,9.142,9.177,9.221,9.266,9.315,9.367,9.41,9.475,9.555,9.672,9.839,10.302
553,OTH FP,6.324,6.799,6.957,7.068,7.149,7.224,7.275,7.355,7.385,7.433,7.474,7.517,7.555,7.578,7.618,7.646,7.667,7.686,7.72,7.748,7.774,7.797,7.819,7.837,7.86,7.886,7.902,7.92,7.945,7.961,7.98,7.994,8.017,8.037,8.057,8.072,8.093,8.108,8.123,8.14,8.155,8.171,8.187,8.207,8.231,8.247,8.264,8.278,8.296,8.317,8.334,8.347,8.363,8.381,8.396,8.41,8.425,8.437,8.453,8.47,8.488,8.502,8.522,8.539,8.552,8.565,8.579,8.594,8.616,8.632,8.646,8.67,8.689,8.713,8.731,8.746,8.77,8.789,8.813,8.842,8.862,8.888,8.913,8.947,8.982,9.012,9.044,9.074,9.111,9.142,9.177,9.221,9.266,9.315,9.367,9.41,9.475,9.555,9.672,9.839,10.302
554,OTH FP,6.263,6.822,6.994,7.094,7.183,7.25,7.307,7.36,7.406,7.437,7.481,7.515,7.55,7.582,7.611,7.643,7.672,7.699,7.726,7.753,7.784,7.812,7.834,7.853,7.873,7.895,7.918,7.943,7.962,7.985,8.006,8.019,8.033,8.053,8.074,8.091,8.107,8.122,8.137,8.156,8.175,8.191,8.205,8.221,8.238,8.253,8.267,8.285,8.3,8.317,8.334,8.352,8.367,8.384,8.399,8.414,8.436,8.454,8.47,8.493,8.51,8.529,8.542,8.56,8.577,8.595,8.621,8.638,8.659,8.679,8.695,8.709,8.73,8.75,8.775,8.793,8.817,8.841,8.858,8.887,8.905,8.925,8.944,8.966,8.995,9.026,9.054,9.085,9.115,9.145,9.183,9.23,9.272,9.331,9.379,9.429,9.496,9.574,9.716,9.863,10.381
555,OTH FP,6.263,6.822,6.994,7.094,7.183,7.25,7.307,7.36,7.406,7.437,7.481,7.515,7.55,7.582,7.611,7.643,7.672,7.699,7.726,7.753,7.784,7.812,7.834,7.853,7.873,7.895,7.918,7.943,7.962,7.985,8.006,8.019,8.033,8.053,8.074,8.091,8.107,8.122,8.137,8.156,8.175,8.191,8.205,8.221,8.238,8.253,8.267,8.285,8.3,8.317,8.334,8.352,8.367,8.384,8.399,8.414,8.436,8.454,8.47,8.493,8.51,8.529,8.542,8.56,8.577,8.595,8.621,8.638,8.659,8.679,8.695,8.709,8.73,8.75,8.775,8.793,8.817,8.841,8.858,8.887,8.905,8.925,8.944,8.966,8.995,9.026,9.054,9.085,9.115,9.145,9.183,9.23,9.272,9.331,9.379,9.429,9.496,9.574,9.716,9.863,10.381
556,OTH FP,6.292,6.816,6.98,7.098,7.19,7.251,7.32,7.382,7.431,7.471,7.526,7.567,7.605,7.639,7.669,7.704,7.726,7.754,7.781,7.798,7.823,7.846,7.862,7.879,7.904,7.923,7.942,7.963,7.983,8.0,8.019,8.044,8.061,8.077,8.1,8.115,8.13,8.143,8.161,8.181,8.203,8.216,8.234,8.247,8.265,8.281,8.3,8.311,8.323,8.337,8.351,8.372,8.396,8.41,8.427,8.446,8.461,8.475,8.495,8.51,8.523,8.541,8.557,8.578,8.595,8.609,8.63,8.648,8.661,8.681,8.7,8.716,8.737,8.755,8.773,8.798,8.819,8.839,8.863,8.885,8.913,8.936,8.957,8.975,9.009,9.037,9.061,9.091,9.129,9.166,9.206,9.239,9.287,9.334,9.378,9.451,9.518,9.605,9.722,9.903,10.431
557,OTH FP,6.292,6.816,6.98,7.098,7.19,7.251,7.32,7.382,7.431,7.471,7.526,7.567,7.605,7.639,7.669,7.704,7.726,7.754,7.781,7.798,7.823,7.846,7.862,7.879,7.904,7.923,7.942,7.963,7.983,8.0,8.019,8.044,8.061,8.077,8.1,8.115,8.13,8.143,8.161,8.181,8.203,8.216,8.234,8.247,8.265,8.281,8.3,8.311,8.323,8.337,8.351,8.372,8.396,8.41,8.427,8.446,8.461,8.475,8.495,8.51,8.523,8.541,8.557,8.578,8.595,8.609,8.63,8.648,8.661,8.681,8.7,8.716,8.737,8.755,8.773,8.798,8.819,8.839,8.863,8.885,8.913,8.936,8.957,8.975,9.009,9.037,9.061,9.091,9.129,9.166,9.206,9.239,9.287,9.334,9.378,9.451,9.518,9.605,9.722,9.903,10.431
558,OTH FP,6.062,6.738,6.966,7.124,7.242,7.334,7.379,7.412,7.469,7.52,7.566,7.608,7.637,7.67,7.701,7.732,7.761,7.793,7.82,7.842,7.861,7.891,7.914,7.936,7.956,7.976,7.995,8.017,8.039,8.065,8.089,8.107,8.121,8.141,8.156,8.176,8.196,8.215,8.235,8.25,8.268,8.288,8.307,8.325,8.338,8.356,8.37,8.388,8.402,8.42,8.44,8.455,8.471,8.488,8.507,8.521,8.536,8.552,8.567,8.582,8.6,8.619,8.631,8.648,8.666,8.686,8.707,8.723,8.737,8.759,8.783,8.811,8.831,8.851,8.869,8.887,8.907,8.934,8.955,8.975,8.995,9.018,9.047,9.072,9.108,9.149,9.179,9.21,9.245,9.286,9.325,9.365,9.417,9.459,9.518,9.58,9.669,9.752,9.865,10.068,10.57
559,OTH FP,6.062,6.738,6.966,7.124,7.242,7.334,7.379,7.412,7.469,7.52,7.566,7.608,7.637,7.67,7.701,7.732,7.761,7.793,7.82,7.842,7.861,7.891,7.914,7.936,7.956,7.976,7.995,8.017,8.039,8.065,8.089,8.107,8.121,8.141,8.156,8.176,8.196,8.215,8.235,8.25,8.268,8.288,8.307,8.325,8.338,8.356,8.37,8.388,8.402,8.42,8.44,8.455,8.471,8.488,8.507,8.521,8.536,8.552,8.567,8.582,8.6,8.619,8.631,8.648,8.666,8.686,8.707,8.723,8.737,8.759,8.783,8.811,8.831,8.851,8.869,8.887,8.907,8.934,8.955,8.975,8.995,9.018,9.047,9.072,9.108,9.149,9.179,9.21,9.245,9.286,9.325,9.365,9.417,9.459,9.518,9.58,9.669,9.752,9.865,10.068,10.57
560,OTH FP,6.029,6.809,7.008,7.166,7.279,7.35,7.422,7.473,7.524,7.57,7.613,7.645,7.696,7.73,7.764,7.798,7.825,7.865,7.886,7.909,7.928,7.951,7.976,7.997,8.019,8.042,8.059,8.081,8.104,8.12,8.14,8.162,8.181,8.202,8.224,8.246,8.262,8.281,8.302,8.323,8.337,8.354,8.373,8.389,8.403,8.419,8.436,8.454,8.472,8.491,8.504,8.521,8.535,8.555,8.57,8.587,8.605,8.624,8.647,8.667,8.683,8.704,8.719,8.739,8.756,8.779,8.799,8.816,8.832,8.848,8.868,8.882,8.904,8.933,8.956,8.98,9.004,9.025,9.046,9.067,9.088,9.117,9.143,9.173,9.199,9.23,9.261,9.295,9.322,9.353,9.392,9.439,9.489,9.543,9.612,9.68,9.742,9.853,9.97,10.153,10.656
561,OTH FP,6.029,6.809,7.008,7.166,7.279,7.35,7.422,7.473,7.524,7.57,7.613,7.645,7.696,7.73,7.764,7.798,7.825,7.865,7.886,7.909,7.928,7.951,7.976,7.997,8.019,8.042,8.059,8.081,8.104,8.12,8.14,8.162,8.181,8.202,8.224,8.246,8.262,8.281,8.302,8.323,8.337,8.354,8.373,8.389,8.403,8.419,8.436,8.454,8.472,8.491,8.504,8.521,8.535,8.555,8.57,8.587,8.605,8.624,8.647,8.667,8.683,8.704,8.719,8.739,8.756,8.779,8.799,8.816,8.832,8.848,8.868,8.882,8.904,8.933,8.956,8.98,9.004,9.025,9.046,9.067,9.088,9.117,9.143,9.173,9.199,9.23,9.261,9.295,9.322,9.353,9.392,9.439,9.489,9.543,9.612,9.68,9.742,9.853,9.97,10.153,10.656
562,OTH FP,6.102,6.861,7.137,7.263,7.345,7.408,7.476,7.542,7.591,7.638,7.681,7.729,7.761,7.793,7.824,7.853,7.89,7.918,7.948,7.972,7.998,8.027,8.049,8.074,8.094,8.114,8.135,8.153,8.169,8.191,8.212,8.239,8.254,8.272,8.295,8.311,8.339,8.36,8.38,8.401,8.415,8.432,8.447,8.463,8.483,8.503,8.521,8.534,8.547,8.566,8.58,8.596,8.611,8.625,8.639,8.662,8.678,8.692,8.714,8.727,8.744,8.764,8.788,8.807,8.827,8.848,8.869,8.883,8.901,8.922,8.945,8.971,8.994,9.014,9.034,9.056,9.077,9.1,9.121,9.144,9.169,9.191,9.219,9.245,9.271,9.305,9.326,9.36,9.388,9.429,9.472,9.521,9.569,9.611,9.658,9.711,9.798,9.876,9.996,10.187,10.651
563,OTH FP,6.102,6.861,7.137,7.263,7.345,7.408,7.476,7.542,7.591,7.638,7.681,7.729,7.761,7.793,7.824,7.853,7.89,7.918,7.948,7.972,7.998,8.027,8.049,8.074,8.094,8.114,8.135,8.153,8.169,8.191,8.212,8.239,8.254,8.272,8.295,8.311,8.339,8.36,8.38,8.401,8.415,8.432,8.447,8.463,8.483,8.503,8.521,8.534,8.547,8.566,8.58,8.596,8.611,8.625,8.639,8.662,8.678,8.692,8.714,8.727,8.744,8.764,8.788,8.807,8.827,8.848,8.869,8.883,8.901,8.922,8.945,8.971,8.994,9.014,9.034,9.056,9.077,9.1,9.121,9.144,9.169,9.191,9.219,9.245,9.271,9.305,9.326,9.36,9.388,9.429,9.472,9.521,9.569,9.611,9.658,9.711,9.798,9.876,9.996,10.187,10.651
564,OTH FP,6.19,6.975,7.167,7.293,7.389,7.455,7.545,7.612,7.655,7.702,7.746,7.789,7.822,7.858,7.893,7.923,7.956,7.981,8.011,8.041,8.068,8.098,8.119,8.139,8.16,8.182,8.201,8.22,8.244,8.263,8.287,8.303,8.321,8.336,8.358,8.374,8.389,8.403,8.419,8.438,8.453,8.474,8.489,8.505,8.524,8.547,8.563,8.582,8.604,8.615,8.627,8.642,8.662,8.683,8.702,8.723,8.74,8.762,8.779,8.799,8.818,8.832,8.856,8.873,8.895,8.913,8.931,8.947,8.962,8.98,8.999,9.025,9.051,9.066,9.088,9.106,9.125,9.148,9.164,9.187,9.213,9.234,9.259,9.282,9.309,9.335,9.36,9.395,9.424,9.455,9.492,9.532,9.588,9.645,9.706,9.781,9.843,9.922,10.039,10.174,10.77
565,OTH FP,6.19,6.975,7.167,7.293,7.389,7.455,7.545,7.612,7.655,7.702,7.746,7.789,7.822,7.858,7.893,7.923,7.956,7.981,8.011,8.041,8.068,8.098,8.119,8.139,8.16,8.182,8.201,8.22,8.244,8.263,8.287,8.303,8.321,8.336,8.358,8.374,8.389,8.403,8.419,8.438,8.453,8.474,8.489,8.505,8.524,8.547,8.563,8.582,8.604,8.615,8.627,8.642,8.662,8.683,8.702,8.723,8.74,8.762,8.779,8.799,8.818,8.832,8.856,8.873,8.895,8.913,8.931,8.947,8.962,8.98,8.999,9.025,9.051,9.066,9.088,9.106,9.125,9.148,9.164,9.187,9.213,9.234,9.259,9.282,9.309,9.335,9.36,9.395,9.424,9.455,9.492,9.532,9.588,9.645,9.706,9.781,9.843,9.922,10.039,10.174,10.77
566,OTH FP,6.533,7.036,7.283,7.426,7.521,7.582,7.633,7.69,7.746,7.797,7.844,7.885,7.913,7.941,7.977,8.002,8.032,8.057,8.088,8.113,8.142,8.164,8.183,8.211,8.233,8.254,8.275,8.3,8.315,8.332,8.356,8.371,8.383,8.398,8.415,8.433,8.449,8.47,8.488,8.505,8.524,8.543,8.557,8.581,8.598,8.616,8.631,8.652,8.672,8.688,8.707,8.724,8.74,8.758,8.77,8.787,8.803,8.819,8.839,8.859,8.875,8.892,8.909,8.926,8.94,8.962,8.978,9.001,9.016,9.032,9.046,9.066,9.082,9.099,9.12,9.139,9.157,9.178,9.202,9.233,9.253,9.272,9.307,9.327,9.349,9.374,9.402,9.443,9.472,9.501,9.543,9.58,9.623,9.659,9.722,9.767,9.834,9.917,10.057,10.226,10.707
567,OTH FP,6.533,7.036,7.283,7.426,7.521,7.582,7.633,7.69,7.746,7.797,7.844,7.885,7.913,7.941,7.977,8.002,8.032,8.057,8.088,8.113,8.142,8.164,8.183,8.211,8.233,8.254,8.275,8.3,8.315,8.332,8.356,8.371,8.383,8.398,8.415,8.433,8.449,8.47,8.488,8.505,8.524,8.543,8.557,8.581,8.598,8.616,8.631,8.652,8.672,8.688,8.707,8.724,8.74,8.758,8.77,8.787,8.803,8.819,8.839,8.859,8.875,8.892,8.909,8.926,8.94,8.962,8.978,9.001,9.016,9.032,9.046,9.066,9.082,9.099,9.12,9.139,9.157,9.178,9.202,9.233,9.253,9.272,9.307,9.327,9.349,9.374,9.402,9.443,9.472,9.501,9.543,9.58,9.623,9.659,9.722,9.767,9.834,9.917,10.057,10.226,10.707
568,OTH FP,6.51,7.096,7.306,7.448,7.535,7.618,7.683,7.72,7.775,7.815,7.854,7.897,7.926,7.957,7.991,8.029,8.06,8.093,8.117,8.152,8.179,8.198,8.223,8.246,8.266,8.29,8.306,8.325,8.347,8.363,8.385,8.404,8.427,8.442,8.459,8.474,8.493,8.514,8.533,8.552,8.567,8.582,8.606,8.622,8.64,8.658,8.679,8.696,8.714,8.737,8.755,8.772,8.791,8.811,8.824,8.841,8.859,8.875,8.894,8.909,8.927,8.944,8.964,8.981,8.999,9.018,9.035,9.051,9.07,9.091,9.112,9.129,9.148,9.172,9.192,9.213,9.238,9.259,9.285,9.309,9.333,9.351,9.378,9.401,9.424,9.453,9.485,9.515,9.556,9.602,9.636,9.683,9.725,9.766,9.817,9.876,9.942,10.032,10.156,10.291,10.715
569,OTH FP,6.51,7.096,7.306,7.448,7.535,7.618,7.683,7.72,7.775,7.815,7.854,7.897,7.926,7.957,7.991,8.029,8.06,8.093,8.117,8.152,8.179,8.198,8.223,8.246,8.266,8.29,8.306,8.325,8.347,8.363,8.385,8.404,8.427,8.442,8.459,8.474,8.493,8.514,8.533,8.552,8.567,8.582,8.606,8.622,8.64,8.658,8.679,8.696,8.714,8.737,8.755,8.772,8.791,8.811,8.824,8.841,8.859,8.875,8.894,8.909,8.927,8.944,8.964,8.981,8.999,9.018,9.035,9.051,9.07,9.091,9.112,9.129,9.148,9.172,9.192,9.213,9.238,9.259,9.285,9.309,9.333,9.351,9.378,9.401,9.424,9.453,9.485,9.515,9.556,9.602,9.636,9.683,9.725,9.766,9.817,9.876,9.942,10.032,10.156,10.291,10.715
570,OTH FP,6.672,7.181,7.35,7.44,7.542,7.62,7.686,7.745,7.802,7.852,7.885,7.931,7.965,8.007,8.041,8.073,8.098,8.127,8.159,8.183,8.214,8.234,8.264,8.29,8.311,8.335,8.368,8.394,8.418,8.434,8.462,8.484,8.503,8.519,8.547,8.567,8.584,8.598,8.611,8.629,8.647,8.667,8.684,8.699,8.715,8.731,8.75,8.769,8.789,8.801,8.813,8.832,8.848,8.865,8.885,8.901,8.918,8.937,8.957,8.976,8.999,9.016,9.036,9.059,9.08,9.104,9.127,9.142,9.162,9.178,9.196,9.224,9.247,9.265,9.285,9.301,9.318,9.337,9.357,9.374,9.406,9.428,9.454,9.483,9.503,9.537,9.564,9.598,9.632,9.672,9.701,9.744,9.794,9.846,9.903,9.971,10.04,10.119,10.225,10.458,10.866
571,OTH FP,6.672,7.181,7.35,7.44,7.542,7.62,7.686,7.745,7.802,7.852,7.885,7.931,7.965,8.007,8.041,8.073,8.098,8.127,8.159,8.183,8.214,8.234,8.264,8.29,8.311,8.335,8.368,8.394,8.418,8.434,8.462,8.484,8.503,8.519,8.547,8.567,8.584,8.598,8.611,8.629,8.647,8.667,8.684,8.699,8.715,8.731,8.75,8.769,8.789,8.801,8.813,8.832,8.848,8.865,8.885,8.901,8.918,8.937,8.957,8.976,8.999,9.016,9.036,9.059,9.08,9.104,9.127,9.142,9.162,9.178,9.196,9.224,9.247,9.265,9.285,9.301,9.318,9.337,9.357,9.374,9.406,9.428,9.454,9.483,9.503,9.537,9.564,9.598,9.632,9.672,9.701,9.744,9.794,9.846,9.903,9.971,10.04,10.119,10.225,10.458,10.866
572,OTH FP,6.841,7.182,7.385,7.507,7.593,7.663,7.726,7.786,7.849,7.892,7.939,7.983,8.015,8.051,8.085,8.117,8.148,8.177,8.209,8.237,8.259,8.279,8.296,8.322,8.357,8.379,8.394,8.416,8.444,8.473,8.494,8.514,8.532,8.557,8.577,8.595,8.614,8.637,8.652,8.675,8.696,8.718,8.736,8.75,8.77,8.789,8.803,8.821,8.842,8.864,8.883,8.904,8.921,8.936,8.95,8.966,8.982,8.997,9.018,9.037,9.055,9.074,9.089,9.11,9.127,9.148,9.162,9.19,9.214,9.232,9.255,9.275,9.295,9.312,9.333,9.352,9.379,9.399,9.421,9.439,9.466,9.494,9.521,9.55,9.586,9.611,9.638,9.675,9.699,9.741,9.786,9.829,9.878,9.943,10.004,10.063,10.126,10.217,10.348,10.519,11.017
573,OTH FP,6.841,7.182,7.385,7.507,7.593,7.663,7.726,7.786,7.849,7.892,7.939,7.983,8.015,8.051,8.085,8.117,8.148,8.177,8.209,8.237,8.259,8.279,8.296,8.322,8.357,8.379,8.394,8.416,8.444,8.473,8.494,8.514,8.532,8.557,8.577,8.595,8.614,8.637,8.652,8.675,8.696,8.718,8.736,8.75,8.77,8.789,8.803,8.821,8.842,8.864,8.883,8.904,8.921,8.936,8.95,8.966,8.982,8.997,9.018,9.037,9.055,9.074,9.089,9.11,9.127,9.148,9.162,9.19,9.214,9.232,9.255,9.275,9.295,9.312,9.333,9.352,9.379,9.399,9.421,9.439,9.466,9.494,9.521,9.55,9.586,9.611,9.638,9.675,9.699,9.741,9.786,9.829,9.878,9.943,10.004,10.063,10.126,10.217,10.348,10.519,11.017
574,OTH FP,6.952,7.303,7.467,7.593,7.682,7.76,7.83,7.888,7.932,7.97,8.006,8.041,8.069,8.107,8.135,8.167,8.203,8.233,8.26,8.286,8.309,8.333,8.361,8.386,8.409,8.433,8.453,8.483,8.511,8.526,8.548,8.568,8.589,8.613,8.633,8.654,8.672,8.687,8.709,8.725,8.741,8.76,8.781,8.799,8.815,8.828,8.845,8.866,8.879,8.894,8.918,8.937,8.952,8.967,8.988,9.003,9.016,9.04,9.054,9.073,9.096,9.119,9.146,9.163,9.18,9.197,9.217,9.234,9.253,9.279,9.309,9.33,9.347,9.37,9.392,9.41,9.43,9.451,9.473,9.497,9.525,9.547,9.586,9.618,9.648,9.671,9.7,9.725,9.764,9.798,9.829,9.875,9.927,9.975,10.036,10.096,10.17,10.282,10.375,10.623,11.148
575,OTH FP,6.952,7.303,7.467,7.593,7.682,7.76,7.83,7.888,7.932,7.97,8.006,8.041,8.069,8.107,8.135,8.167,8.203,8.233,8.26,8.286,8.309,8.333,8.361,8.386,8.409,8.433,8.453,8.483,8.511,8.526,8.548,8.568,8.589,8.613,8.633,8.654,8.672,8.687,8.709,8.725,8.741,8.76,8.781,8.799,8.815,8.828,8.845,8.866,8.879,8.894,8.918,8.937,8.952,8.967,8.988,9.003,9.016,9.04,9.054,9.073,9.096,9.119,9.146,9.163,9.18,9.197,9.217,9.234,9.253,9.279,9.309,9.33,9.347,9.37,9.392,9.41,9.43,9.451,9.473,9.497,9.525,9.547,9.586,9.618,9.648,9.671,9.7,9.725,9.764,9.798,9.829,9.875,9.927,9.975,10.036,10.096,10.17,10.282,10.375,10.623,11.148
576,OTH FP,6.882,7.346,7.508,7.649,7.756,7.844,7.932,7.985,8.027,8.075,8.115,8.146,8.177,8.201,8.233,8.265,8.29,8.315,8.34,8.364,8.386,8.414,8.441,8.465,8.492,8.517,8.539,8.555,8.576,8.592,8.611,8.637,8.656,8.676,8.687,8.706,8.73,8.747,8.762,8.779,8.797,8.812,8.829,8.846,8.867,8.882,8.901,8.915,8.932,8.954,8.969,8.988,9.003,9.018,9.036,9.051,9.07,9.092,9.112,9.131,9.15,9.167,9.184,9.207,9.226,9.244,9.265,9.283,9.303,9.325,9.354,9.378,9.396,9.418,9.44,9.461,9.484,9.503,9.528,9.555,9.58,9.601,9.625,9.657,9.689,9.717,9.743,9.774,9.807,9.832,9.872,9.91,9.942,10.004,10.072,10.124,10.188,10.266,10.42,10.607,11.175
577,OTH FP,6.882,7.346,7.508,7.649,7.756,7.844,7.932,7.985,8.027,8.075,8.115,8.146,8.177,8.201,8.233,8.265,8.29,8.315,8.34,8.364,8.386,8.414,8.441,8.465,8.492,8.517,8.539,8.555,8.576,8.592,8.611,8.637,8.656,8.676,8.687,8.706,8.73,8.747,8.762,8.779,8.797,8.812,8.829,8.846,8.867,8.882,8.901,8.915,8.932,8.954,8.969,8.988,9.003,9.018,9.036,9.051,9.07,9.092,9.112,9.131,9.15,9.167,9.184,9.207,9.226,9.244,9.265,9.283,9.303,9.325,9.354,9.378,9.396,9.418,9.44,9.461,9.484,9.503,9.528,9.555,9.58,9.601,9.625,9.657,9.689,9.717,9.743,9.774,9.807,9.832,9.872,9.91,9.942,10.004,10.072,10.124,10.188,10.266,10.42,10.607,11.175
578,OTH FP,7.068,7.449,7.643,7.759,7.869,7.95,7.997,8.055,8.102,8.146,8.183,8.213,8.262,8.289,8.321,8.35,8.377,8.408,8.434,8.461,8.482,8.502,8.529,8.553,8.573,8.593,8.612,8.633,8.648,8.671,8.694,8.714,8.728,8.746,8.769,8.785,8.807,8.82,8.841,8.857,8.873,8.889,8.91,8.925,8.939,8.955,8.973,8.994,9.011,9.029,9.047,9.062,9.084,9.1,9.115,9.134,9.147,9.161,9.175,9.191,9.213,9.23,9.252,9.269,9.283,9.299,9.316,9.334,9.354,9.373,9.393,9.412,9.433,9.454,9.479,9.495,9.52,9.543,9.564,9.591,9.613,9.636,9.665,9.691,9.715,9.744,9.771,9.806,9.844,9.877,9.915,9.951,10.005,10.053,10.105,10.172,10.234,10.326,10.412,10.564,11.185
579,OTH FP,7.068,7.449,7.643,7.759,7.869,7.95,7.997,8.055,8.102,8.146,8.183,8.213,8.262,8.289,8.321,8.35,8.377,8.408,8.434,8.461,8.482,8.502,8.529,8.553,8.573,8.593,8.612,8.633,8.648,8.671,8.694,8.714,8.728,8.746,8.769,8.785,8.807,8.82,8.841,8.857,8.873,8.889,8.91,8.925,8.939,8.955,8.973,8.994,9.011,9.029,9.047,9.062,9.084,9.1,9.115,9.134,9.147,9.161,9.175,9.191,9.213,9.23,9.252,9.269,9.283,9.299,9.316,9.334,9.354,9.373,9.393,9.412,9.433,9.454,9.479,9.495,9.52,9.543,9.564,9.591,9.613,9.636,9.665,9.691,9.715,9.744,9.771,9.806,9.844,9.877,9.915,9.951,10.005,10.053,10.105,10.172,10.234,10.326,10.412,10.564,11.185
580,OTH FP,7.141,7.58,7.788,7.929,8.006,8.058,8.111,8.164,8.211,8.246,8.284,8.309,8.345,8.369,8.409,8.439,8.465,8.489,8.508,8.528,8.552,8.577,8.607,8.627,8.645,8.67,8.691,8.707,8.724,8.747,8.769,8.79,8.815,8.836,8.856,8.871,8.888,8.903,8.919,8.932,8.948,8.968,8.982,8.999,9.014,9.032,9.048,9.067,9.077,9.09,9.109,9.123,9.143,9.158,9.169,9.183,9.201,9.216,9.232,9.242,9.259,9.277,9.293,9.305,9.321,9.34,9.358,9.372,9.394,9.412,9.428,9.447,9.463,9.482,9.507,9.52,9.544,9.565,9.584,9.604,9.638,9.658,9.68,9.704,9.724,9.749,9.778,9.807,9.841,9.869,9.901,9.943,9.978,10.024,10.078,10.126,10.19,10.291,10.406,10.638,10.981
581,OTH FP,7.141,7.58,7.788,7.929,8.006,8.058,8.111,8.164,8.211,8.246,8.284,8.309,8.345,8.369,8.409,8.439,8.465,8.489,8.508,8.528,8.552,8.577,8.607,8.627,8.645,8.67,8.691,8.707,8.724,8.747,8.769,8.79,8.815,8.836,8.856,8.871,8.888,8.903,8.919,8.932,8.948,8.968,8.982,8.999,9.014,9.032,9.048,9.067,9.077,9.09,9.109,9.123,9.143,9.158,9.169,9.183,9.201,9.216,9.232,9.242,9.259,9.277,9.293,9.305,9.321,9.34,9.358,9.372,9.394,9.412,9.428,9.447,9.463,9.482,9.507,9.52,9.544,9.565,9.584,9.604,9.638,9.658,9.68,9.704,9.724,9.749,9.778,9.807,9.841,9.869,9.901,9.943,9.978,10.024,10.078,10.126,10.19,10.291,10.406,10.638,10.981
582,OTH FP,7.084,7.695,7.839,7.976,8.049,8.108,8.176,8.213,8.257,8.291,8.332,8.375,8.411,8.45,8.486,8.514,8.54,8.563,8.586,8.613,8.636,8.655,8.674,8.694,8.719,8.74,8.768,8.794,8.81,8.827,8.846,8.86,8.88,8.896,8.917,8.941,8.961,8.977,8.992,9.005,9.023,9.036,9.059,9.077,9.093,9.109,9.128,9.149,9.166,9.18,9.195,9.208,9.223,9.24,9.26,9.274,9.295,9.315,9.33,9.346,9.361,9.376,9.395,9.411,9.428,9.441,9.464,9.482,9.504,9.515,9.539,9.558,9.583,9.605,9.626,9.646,9.664,9.685,9.707,9.725,9.748,9.769,9.793,9.822,9.849,9.879,9.907,9.927,9.964,9.995,10.034,10.081,10.123,10.162,10.201,10.279,10.362,10.441,10.549,10.716,11.437
583,OTH FP,7.084,7.695,7.839,7.976,8.049,8.108,8.176,8.213,8.257,8.291,8.332,8.375,8.411,8.45,8.486,8.514,8.54,8.563,8.586,8.613,8.636,8.655,8.674,8.694,8.719,8.74,8.768,8.794,8.81,8.827,8.846,8.86,8.88,8.896,8.917,8.941,8.961,8.977,8.992,9.005,9.023,9.036,9.059,9.077,9.093,9.109,9.128,9.149,9.166,9.18,9.195,9.208,9.223,9.24,9.26,9.274,9.295,9.315,9.33,9.346,9.361,9.376,9.395,9.411,9.428,9.441,9.464,9.482,9.504,9.515,9.539,9.558,9.583,9.605,9.626,9.646,9.664,9.685,9.707,9.725,9.748,9.769,9.793,9.822,9.849,9.879,9.907,9.927,9.964,9.995,10.034,10.081,10.123,10.162,10.201,10.279,10.362,10.441,10.549,10.716,11.437
584,OTH FP,7.379,7.789,7.961,8.05,8.133,8.219,8.273,8.327,8.387,8.427,8.459,8.496,8.527,8.563,8.587,8.613,8.643,8.67,8.693,8.714,8.735,8.758,8.784,8.806,8.824,8.843,8.865,8.88,8.902,8.923,8.941,8.958,8.971,8.995,9.006,9.026,9.045,9.06,9.082,9.099,9.118,9.134,9.146,9.162,9.175,9.192,9.213,9.227,9.247,9.26,9.28,9.3,9.314,9.331,9.35,9.367,9.388,9.401,9.418,9.433,9.451,9.466,9.486,9.5,9.521,9.538,9.552,9.573,9.592,9.611,9.632,9.649,9.668,9.686,9.702,9.72,9.743,9.766,9.789,9.81,9.833,9.858,9.882,9.91,9.933,9.956,9.992,10.03,10.062,10.087,10.124,10.18,10.216,10.253,10.309,10.371,10.449,10.523,10.654,10.816,11.568
585,OTH FP,7.379,7.789,7.961,8.05,8.133,8.219,8.273,8.327,8.387,8.427,8.459,8.496,8.527,8.563,8.587,8.613,8.643,8.67,8.693,8.714,8.735,8.758,8.784,8.806,8.824,8.843,8.865,8.88,8.902,8.923,8.941,8.958,8.971,8.995,9.006,9.026,9.045,9.06,9.082,9.099,9.118,9.134,9.146,9.162,9.175,9.192,9.213,9.227,9.247,9.26,9.28,9.3,9.314,9.331,9.35,9.367,9.388,9.401,9.418,9.433,9.451,9.466,9.486,9.5,9.521,9.538,9.552,9.573,9.592,9.611,9.632,9.649,9.668,9.686,9.702,9.72,9.743,9.766,9.789,9.81,9.833,9.858,9.882,9.91,9.933,9.956,9.992,10.03,10.062,10.087,10.124,10.18,10.216,10.253,10.309,10.371,10.449,10.523,10.654,10.816,11.568
586,OTH FP,7.204,7.808,7.97,8.066,8.159,8.229,8.287,8.342,8.376,8.436,8.477,8.511,8.545,8.576,8.615,8.64,8.665,8.691,8.714,8.736,8.765,8.789,8.813,8.838,8.853,8.88,8.904,8.927,8.949,8.972,8.991,9.012,9.031,9.057,9.074,9.092,9.115,9.13,9.151,9.167,9.182,9.203,9.218,9.234,9.251,9.269,9.283,9.297,9.319,9.331,9.347,9.361,9.376,9.395,9.409,9.427,9.447,9.47,9.485,9.504,9.521,9.539,9.557,9.569,9.583,9.6,9.617,9.637,9.649,9.673,9.693,9.714,9.736,9.758,9.778,9.801,9.821,9.838,9.859,9.882,9.906,9.919,9.943,9.971,9.992,10.031,10.064,10.091,10.124,10.158,10.204,10.248,10.287,10.34,10.409,10.49,10.57,10.652,10.764,10.958,11.552
587,OTH FP,7.204,7.808,7.97,8.066,8.159,8.229,8.287,8.342,8.376,8.436,8.477,8.511,8.545,8.576,8.615,8.64,8.665,8.691,8.714,8.736,8.765,8.789,8.813,8.838,8.853,8.88,8.904,8.927,8.949,8.972,8.991,9.012,9.031,9.057,9.074,9.092,9.115,9.13,9.151,9.167,9.182,9.203,9.218,9.234,9.251,9.269,9.283,9.297,9.319,9.331,9.347,9.361,9.376,9.395,9.409,9.427,9.447,9.47,9.485,9.504,9.521,9.539,9.557,9.569,9.583,9.6,9.617,9.637,9.649,9.673,9.693,9.714,9.736,9.758,9.778,9.801,9.821,9.838,9.859,9.882,9.906,9.919,9.943,9.971,9.992,10.031,10.064,10.091,10.124,10.158,10.204,10.248,10.287,10.34,10.409,10.49,10.57,10.652,10.764,10.958,11.552
588,OTH FP,7.237,7.839,8.013,8.125,8.193,8.253,8.31,8.364,8.408,8.447,8.494,8.532,8.563,8.588,8.63,8.66,8.688,8.716,8.746,8.773,8.797,8.821,8.848,8.871,8.901,8.925,8.954,8.975,8.99,9.014,9.033,9.051,9.072,9.089,9.113,9.133,9.151,9.169,9.19,9.214,9.235,9.252,9.266,9.283,9.303,9.321,9.337,9.356,9.372,9.39,9.404,9.425,9.443,9.46,9.478,9.499,9.511,9.527,9.541,9.559,9.576,9.593,9.61,9.629,9.652,9.673,9.698,9.716,9.732,9.747,9.764,9.784,9.801,9.819,9.838,9.864,9.883,9.913,9.929,9.955,9.982,10.008,10.032,10.053,10.078,10.106,10.132,10.17,10.199,10.229,10.261,10.307,10.366,10.43,10.494,10.546,10.622,10.725,10.874,11.082,11.643
589,OTH FP,7.237,7.839,8.013,8.125,8.193,8.253,8.31,8.364,8.408,8.447,8.494,8.532,8.563,8.588,8.63,8.66,8.688,8.716,8.746,8.773,8.797,8.821,8.848,8.871,8.901,8.925,8.954,8.975,8.99,9.014,9.033,9.051,9.072,9.089,9.113,9.133,9.151,9.169,9.19,9.214,9.235,9.252,9.266,9.283,9.303,9.321,9.337,9.356,9.372,9.39,9.404,9.425,9.443,9.46,9.478,9.499,9.511,9.527,9.541,9.559,9.576,9.593,9.61,9.629,9.652,9.673,9.698,9.716,9.732,9.747,9.764,9.784,9.801,9.819,9.838,9.864,9.883,9.913,9.929,9.955,9.982,10.008,10.032,10.053,10.078,10.106,10.132,10.17,10.199,10.229,10.261,10.307,10.366,10.43,10.494,10.546,10.622,10.725,10.874,11.082,11.643
590,OTH FP,7.508,7.874,8.033,8.115,8.205,8.286,8.344,8.412,8.467,8.521,8.562,8.599,8.636,8.669,8.703,8.739,8.765,8.797,8.83,8.852,8.878,8.906,8.929,8.954,8.972,8.991,9.015,9.033,9.056,9.077,9.099,9.121,9.141,9.162,9.182,9.202,9.239,9.255,9.275,9.294,9.311,9.327,9.337,9.355,9.37,9.388,9.404,9.422,9.438,9.453,9.469,9.487,9.503,9.523,9.539,9.557,9.579,9.599,9.616,9.633,9.649,9.668,9.679,9.695,9.722,9.739,9.762,9.777,9.789,9.813,9.831,9.855,9.878,9.903,9.93,9.958,9.974,9.998,10.025,10.047,10.075,10.106,10.131,10.161,10.189,10.218,10.251,10.28,10.309,10.342,10.379,10.412,10.458,10.506,10.559,10.629,10.691,10.796,10.986,11.151,11.79
591,OTH FP,7.508,7.874,8.033,8.115,8.205,8.286,8.344,8.412,8.467,8.521,8.562,8.599,8.636,8.669,8.703,8.739,8.765,8.797,8.83,8.852,8.878,8.906,8.929,8.954,8.972,8.991,9.015,9.033,9.056,9.077,9.099,9.121,9.141,9.162,9.182,9.202,9.239,9.255,9.275,9.294,9.311,9.327,9.337,9.355,9.37,9.388,9.404,9.422,9.438,9.453,9.469,9.487,9.503,9.523,9.539,9.557,9.579,9.599,9.616,9.633,9.649,9.668,9.679,9.695,9.722,9.739,9.762,9.777,9.789,9.813,9.831,9.855,9.878,9.903,9.93,9.958,9.974,9.998,10.025,10.047,10.075,10.106,10.131,10.161,10.189,10.218,10.251,10.28,10.309,10.342,10.379,10.412,10.458,10.506,10.559,10.629,10.691,10.796,10.986,11.151,11.79
592,OTH FP,7.424,7.966,8.123,8.224,8.308,8.397,8.448,8.505,8.547,8.592,8.628,8.657,8.692,8.733,8.761,8.794,8.818,8.849,8.874,8.897,8.919,8.945,8.974,9.003,9.029,9.054,9.074,9.092,9.112,9.139,9.161,9.188,9.208,9.225,9.242,9.257,9.275,9.292,9.312,9.327,9.343,9.355,9.376,9.399,9.422,9.436,9.45,9.473,9.49,9.503,9.518,9.537,9.554,9.565,9.583,9.602,9.623,9.642,9.66,9.677,9.693,9.72,9.739,9.763,9.78,9.808,9.824,9.845,9.865,9.887,9.908,9.931,9.956,9.977,10.002,10.023,10.046,10.067,10.088,10.112,10.135,10.164,10.186,10.211,10.236,10.261,10.291,10.322,10.362,10.388,10.425,10.482,10.526,10.568,10.618,10.691,10.77,10.874,11.003,11.175,11.572
593,OTH FP,7.424,7.966,8.123,8.224,8.308,8.397,8.448,8.505,8.547,8.592,8.628,8.657,8.692,8.733,8.761,8.794,8.818,8.849,8.874,8.897,8.919,8.945,8.974,9.003,9.029,9.054,9.074,9.092,9.112,9.139,9.161,9.188,9.208,9.225,9.242,9.257,9.275,9.292,9.312,9.327,9.343,9.355,9.376,9.399,9.422,9.436,9.45,9.473,9.49,9.503,9.518,9.537,9.554,9.565,9.583,9.602,9.623,9.642,9.66,9.677,9.693,9.72,9.739,9.763,9.78,9.808,9.824,9.845,9.865,9.887,9.908,9.931,9.956,9.977,10.002,10.023,10.046,10.067,10.088,10.112,10.135,10.164,10.186,10.211,10.236,10.261,10.291,10.322,10.362,10.388,10.425,10.482,10.526,10.568,10.618,10.691,10.77,10.874,11.003,11.175,11.572
594,OTH FP,7.656,8.045,8.215,8.307,8.398,8.452,8.514,8.573,8.631,8.667,8.699,8.722,8.763,8.796,8.822,8.858,8.887,8.92,8.953,8.983,9.008,9.028,9.051,9.077,9.096,9.117,9.139,9.152,9.172,9.191,9.208,9.224,9.244,9.265,9.282,9.298,9.322,9.344,9.364,9.38,9.393,9.41,9.426,9.448,9.469,9.487,9.503,9.53,9.548,9.563,9.587,9.604,9.621,9.639,9.656,9.677,9.698,9.713,9.726,9.745,9.759,9.781,9.8,9.819,9.832,9.851,9.872,9.892,9.912,9.936,9.953,9.976,10.0,10.019,10.037,10.059,10.079,10.099,10.119,10.142,10.17,10.2,10.225,10.25,10.274,10.312,10.35,10.387,10.416,10.447,10.479,10.508,10.545,10.593,10.655,10.711,10.785,10.886,11.009,11.173,11.724
595,OTH FP,7.656,8.045,8.215,8.307,8.398,8.452,8.514,8.573,8.631,8.667,8.699,8.722,8.763,8.796,8.822,8.858,8.887,8.92,8.953,8.983,9.008,9.028,9.051,9.077,9.096,9.117,9.139,9.152,9.172,9.191,9.208,9.224,9.244,9.265,9.282,9.298,9.322,9.344,9.364,9.38,9.393,9.41,9.426,9.448,9.469,9.487,9.503,9.53,9.548,9.563,9.587,9.604,9.621,9.639,9.656,9.677,9.698,9.713,9.726,9.745,9.759,9.781,9.8,9.819,9.832,9.851,9.872,9.892,9.912,9.936,9.953,9.976,10.0,10.019,10.037,10.059,10.079,10.099,10.119,10.142,10.17,10.2,10.225,10.25,10.274,10.312,10.35,10.387,10.416,10.447,10.479,10.508,10.545,10.593,10.655,10.711,10.785,10.886,11.009,11.173,11.724
596,OTH FP,7.362,8.0,8.195,8.284,8.391,8.467,8.523,8.57,8.62,8.664,8.697,8.739,8.768,8.8,8.836,8.877,8.902,8.93,8.96,8.994,9.02,9.045,9.069,9.097,9.121,9.139,9.16,9.181,9.198,9.221,9.242,9.263,9.282,9.307,9.324,9.341,9.358,9.374,9.391,9.415,9.435,9.452,9.474,9.497,9.515,9.536,9.555,9.577,9.598,9.614,9.64,9.658,9.683,9.695,9.713,9.732,9.747,9.762,9.775,9.794,9.816,9.836,9.855,9.872,9.893,9.915,9.934,9.957,9.975,9.997,10.016,10.036,10.051,10.072,10.099,10.117,10.136,10.161,10.187,10.213,10.235,10.262,10.285,10.312,10.339,10.373,10.398,10.431,10.464,10.496,10.532,10.571,10.612,10.658,10.726,10.798,10.871,10.986,11.108,11.27,11.756
597,OTH FP,7.362,8.0,8.195,8.284,8.391,8.467,8.523,8.57,8.62,8.664,8.697,8.739,8.768,8.8,8.836,8.877,8.902,8.93,8.96,8.994,9.02,9.045,9.069,9.097,9.121,9.139,9.16,9.181,9.198,9.221,9.242,9.263,9.282,9.307,9.324,9.341,9.358,9.374,9.391,9.415,9.435,9.452,9.474,9.497,9.515,9.536,9.555,9.577,9.598,9.614,9.64,9.658,9.683,9.695,9.713,9.732,9.747,9.762,9.775,9.794,9.816,9.836,9.855,9.872,9.893,9.915,9.934,9.957,9.975,9.997,10.016,10.036,10.051,10.072,10.099,10.117,10.136,10.161,10.187,10.213,10.235,10.262,10.285,10.312,10.339,10.373,10.398,10.431,10.464,10.496,10.532,10.571,10.612,10.658,10.726,10.798,10.871,10.986,11.108,11.27,11.756
598,OTH FP,7.37,7.982,8.166,8.294,8.407,8.485,8.541,8.611,8.657,8.69,8.736,8.766,8.813,8.848,8.876,8.907,8.936,8.972,8.997,9.028,9.051,9.081,9.105,9.132,9.154,9.173,9.19,9.217,9.236,9.256,9.275,9.297,9.315,9.337,9.355,9.376,9.403,9.42,9.439,9.456,9.475,9.501,9.518,9.533,9.555,9.573,9.596,9.616,9.64,9.657,9.676,9.698,9.718,9.734,9.759,9.779,9.801,9.822,9.838,9.856,9.874,9.89,9.906,9.922,9.941,9.962,9.975,9.992,10.01,10.039,10.063,10.08,10.103,10.125,10.146,10.167,10.185,10.207,10.231,10.254,10.282,10.314,10.338,10.373,10.408,10.435,10.465,10.488,10.519,10.557,10.601,10.646,10.683,10.733,10.789,10.869,10.962,11.051,11.164,11.373,11.723
599,OTH FP,7.37,7.982,8.166,8.294,8.407,8.485,8.541,8.611,8.657,8.69,8.736,8.766,8.813,8.848,8.876,8.907,8.936,8.972,8.997,9.028,9.051,9.081,9.105,9.132,9.154,9.173,9.19,9.217,9.236,9.256,9.275,9.297,9.315,9.337,9.355,9.376,9.403,9.42,9.439,9.456,9.475,9.501,9.518,9.533,9.555,9.573,9.596,9.616,9.64,9.657,9.676,9.698,9.718,9.734,9.759,9.779,9.801,9.822,9.838,9.856,9.874,9.89,9.906,9.922,9.941,9.962,9.975,9.992,10.01,10.039,10.063,10.08,10.103,10.125,10.146,10.167,10.185,10.207,10.231,10.254,10.282,10.314,10.338,10.373,10.408,10.435,10.465,10.488,10.519,10.557,10.601,10.646,10.683,10.733,10.789,10.869,10.962,11.051,11.164,11.373,11.723
600,OTH FP,7.487,8.054,8.216,8.34,8.422,8.507,8.56,8.626,8.685,8.728,8.771,8.815,8.854,8.886,8.914,8.943,8.978,9.005,9.036,9.065,9.091,9.111,9.142,9.172,9.194,9.211,9.234,9.258,9.278,9.296,9.314,9.332,9.351,9.374,9.39,9.409,9.428,9.451,9.472,9.492,9.511,9.532,9.551,9.571,9.593,9.616,9.633,9.654,9.673,9.689,9.709,9.728,9.749,9.765,9.79,9.81,9.832,9.85,9.866,9.887,9.903,9.918,9.937,9.957,9.975,9.995,10.011,10.035,10.054,10.077,10.1,10.123,10.144,10.162,10.183,10.202,10.227,10.25,10.273,10.304,10.324,10.355,10.383,10.41,10.442,10.477,10.518,10.541,10.588,10.62,10.647,10.689,10.737,10.794,10.867,10.923,11.002,11.104,11.249,11.412,11.925
601,OTH FP,7.487,8.054,8.216,8.34,8.422,8.507,8.56,8.626,8.685,8.728,8.771,8.815,8.854,8.886,8.914,8.943,8.978,9.005,9.036,9.065,9.091,9.111,9.142,9.172,9.194,9.211,9.234,9.258,9.278,9.296,9.314,9.332,9.351,9.374,9.39,9.409,9.428,9.451,9.472,9.492,9.511,9.532,9.551,9.571,9.593,9.616,9.633,9.654,9.673,9.689,9.709,9.728,9.749,9.765,9.79,9.81,9.832,9.85,9.866,9.887,9.903,9.918,9.937,9.957,9.975,9.995,10.011,10.035,10.054,10.077,10.1,10.123,10.144,10.162,10.183,10.202,10.227,10.25,10.273,10.304,10.324,10.355,10.383,10.41,10.442,10.477,10.518,10.541,10.588,10.62,10.647,10.689,10.737,10.794,10.867,10.923,11.002,11.104,11.249,11.412,11.925
602,OTH FP,7.628,8.12,8.278,8.39,8.492,8.559,8.615,8.676,8.722,8.762,8.814,8.849,8.885,8.915,8.951,8.985,9.011,9.042,9.073,9.099,9.126,9.153,9.176,9.2,9.23,9.259,9.292,9.309,9.332,9.351,9.368,9.394,9.411,9.433,9.458,9.485,9.505,9.523,9.543,9.56,9.576,9.598,9.62,9.633,9.665,9.683,9.707,9.724,9.745,9.76,9.78,9.798,9.817,9.834,9.853,9.865,9.88,9.904,9.92,9.942,9.962,9.978,9.993,10.008,10.027,10.043,10.068,10.085,10.103,10.121,10.146,10.167,10.195,10.217,10.24,10.263,10.285,10.305,10.327,10.357,10.376,10.402,10.43,10.465,10.493,10.526,10.557,10.585,10.622,10.665,10.694,10.745,10.788,10.821,10.856,10.913,10.982,11.087,11.204,11.393,12.17
603,OTH FP,7.628,8.12,8.278,8.39,8.492,8.559,8.615,8.676,8.722,8.762,8.814,8.849,8.885,8.915,8.951,8.985,9.011,9.042,9.073,9.099,9.126,9.153,9.176,9.2,9.23,9.259,9.292,9.309,9.332,9.351,9.368,9.394,9.411,9.433,9.458,9.485,9.505,9.523,9.543,9.56,9.576,9.598,9.62,9.633,9.665,9.683,9.707,9.724,9.745,9.76,9.78,9.798,9.817,9.834,9.853,9.865,9.88,9.904,9.92,9.942,9.962,9.978,9.993,10.008,10.027,10.043,10.068,10.085,10.103,10.121,10.146,10.167,10.195,10.217,10.24,10.263,10.285,10.305,10.327,10.357,10.376,10.402,10.43,10.465,10.493,10.526,10.557,10.585,10.622,10.665,10.694,10.745,10.788,10.821,10.856,10.913,10.982,11.087,11.204,11.393,12.17
604,OTH FP,7.696,8.199,8.347,8.475,8.543,8.613,8.668,8.714,8.763,8.806,8.859,8.897,8.937,8.977,9.008,9.043,9.069,9.095,9.127,9.152,9.181,9.204,9.236,9.258,9.287,9.31,9.334,9.352,9.379,9.397,9.417,9.434,9.456,9.479,9.5,9.523,9.541,9.562,9.587,9.606,9.618,9.638,9.653,9.674,9.696,9.723,9.739,9.76,9.777,9.794,9.817,9.839,9.86,9.882,9.899,9.919,9.939,9.955,9.975,9.993,10.015,10.029,10.047,10.063,10.08,10.097,10.118,10.14,10.157,10.183,10.204,10.221,10.234,10.261,10.281,10.303,10.326,10.352,10.382,10.408,10.438,10.464,10.484,10.503,10.531,10.554,10.587,10.625,10.654,10.693,10.738,10.779,10.816,10.866,10.937,10.998,11.075,11.154,11.287,11.48,12.023
605,OTH FP,7.696,8.199,8.347,8.475,8.543,8.613,8.668,8.714,8.763,8.806,8.859,8.897,8.937,8.977,9.008,9.043,9.069,9.095,9.127,9.152,9.181,9.204,9.236,9.258,9.287,9.31,9.334,9.352,9.379,9.397,9.417,9.434,9.456,9.479,9.5,9.523,9.541,9.562,9.587,9.606,9.618,9.638,9.653,9.674,9.696,9.723,9.739,9.76,9.777,9.794,9.817,9.839,9.86,9.882,9.899,9.919,9.939,9.955,9.975,9.993,10.015,10.029,10.047,10.063,10.08,10.097,10.118,10.14,10.157,10.183,10.204,10.221,10.234,10.261,10.281,10.303,10.326,10.352,10.382,10.408,10.438,10.464,10.484,10.503,10.531,10.554,10.587,10.625,10.654,10.693,10.738,10.779,10.816,10.866,10.937,10.998,11.075,11.154,11.287,11.48,12.023
606,OTH FP,7.816,8.218,8.407,8.525,8.602,8.677,8.753,8.829,8.879,8.924,8.964,9.009,9.051,9.075,9.109,9.138,9.166,9.2,9.223,9.245,9.268,9.298,9.319,9.345,9.364,9.384,9.411,9.43,9.448,9.472,9.489,9.508,9.529,9.547,9.567,9.586,9.601,9.616,9.636,9.651,9.673,9.688,9.709,9.728,9.748,9.765,9.782,9.798,9.812,9.825,9.841,9.857,9.876,9.892,9.912,9.926,9.939,9.965,9.984,10.003,10.02,10.045,10.062,10.078,10.094,10.113,10.134,10.153,10.179,10.197,10.218,10.238,10.26,10.281,10.307,10.328,10.35,10.381,10.401,10.425,10.445,10.472,10.495,10.522,10.552,10.572,10.603,10.639,10.67,10.705,10.743,10.785,10.833,10.873,10.926,11.006,11.086,11.191,11.311,11.485,12.011
607,OTH FP,7.816,8.218,8.407,8.525,8.602,8.677,8.753,8.829,8.879,8.924,8.964,9.009,9.051,9.075,9.109,9.138,9.166,9.2,9.223,9.245,9.268,9.298,9.319,9.345,9.364,9.384,9.411,9.43,9.448,9.472,9.489,9.508,9.529,9.547,9.567,9.586,9.601,9.616,9.636,9.651,9.673,9.688,9.709,9.728,9.748,9.765,9.782,9.798,9.812,9.825,9.841,9.857,9.876,9.892,9.912,9.926,9.939,9.965,9.984,10.003,10.02,10.045,10.062,10.078,10.094,10.113,10.134,10.153,10.179,10.197,10.218,10.238,10.26,10.281,10.307,10.328,10.35,10.381,10.401,10.425,10.445,10.472,10.495,10.522,10.552,10.572,10.603,10.639,10.67,10.705,10.743,10.785,10.833,10.873,10.926,11.006,11.086,11.191,11.311,11.485,12.011
608,OTH FP,7.844,8.399,8.537,8.642,8.705,8.776,8.848,8.917,8.965,9.005,9.046,9.084,9.115,9.153,9.185,9.211,9.244,9.267,9.298,9.319,9.345,9.366,9.385,9.416,9.437,9.46,9.479,9.497,9.517,9.538,9.554,9.572,9.59,9.604,9.625,9.645,9.659,9.674,9.693,9.71,9.729,9.747,9.763,9.777,9.792,9.806,9.823,9.842,9.857,9.87,9.884,9.901,9.919,9.94,9.955,9.969,9.982,9.997,10.014,10.032,10.053,10.07,10.085,10.098,10.114,10.133,10.147,10.166,10.181,10.2,10.219,10.245,10.261,10.285,10.306,10.323,10.343,10.367,10.391,10.422,10.446,10.47,10.492,10.518,10.547,10.575,10.604,10.629,10.662,10.69,10.729,10.758,10.802,10.857,10.927,10.997,11.069,11.162,11.254,11.417,11.985
609,OTH FP,7.844,8.399,8.537,8.642,8.705,8.776,8.848,8.917,8.965,9.005,9.046,9.084,9.115,9.153,9.185,9.211,9.244,9.267,9.298,9.319,9.345,9.366,9.385,9.416,9.437,9.46,9.479,9.497,9.517,9.538,9.554,9.572,9.59,9.604,9.625,9.645,9.659,9.674,9.693,9.71,9.729,9.747,9.763,9.777,9.792,9.806,9.823,9.842,9.857,9.87,9.884,9.901,9.919,9.94,9.955,9.969,9.982,9.997,10.014,10.032,10.053,10.07,10.085,10.098,10.114,10.133,10.147,10.166,10.181,10.2,10.219,10.245,10.261,10.285,10.306,10.323,10.343,10.367,10.391,10.422,10.446,10.47,10.492,10.518,10.547,10.575,10.604,10.629,10.662,10.69,10.729,10.758,10.802,10.857,10.927,10.997,11.069,11.162,11.254,11.417,11.985
610,OTH FP,7.895,8.326,8.541,8.666,8.788,8.849,8.898,8.955,8.995,9.041,9.091,9.135,9.169,9.196,9.222,9.25,9.274,9.3,9.323,9.349,9.369,9.389,9.412,9.441,9.464,9.481,9.503,9.529,9.55,9.573,9.595,9.609,9.625,9.645,9.664,9.683,9.704,9.718,9.741,9.758,9.775,9.795,9.811,9.827,9.844,9.865,9.887,9.904,9.919,9.934,9.952,9.972,9.987,10.007,10.022,10.04,10.056,10.073,10.093,10.111,10.135,10.15,10.166,10.18,10.197,10.213,10.232,10.255,10.272,10.29,10.314,10.335,10.357,10.382,10.401,10.421,10.437,10.459,10.481,10.501,10.522,10.548,10.577,10.596,10.63,10.655,10.682,10.706,10.748,10.793,10.827,10.873,10.927,10.962,11.014,11.083,11.147,11.233,11.35,11.528,12.063
611,OTH FP,7.895,8.326,8.541,8.666,8.788,8.849,8.898,8.955,8.995,9.041,9.091,9.135,9.169,9.196,9.222,9.25,9.274,9.3,9.323,9.349,9.369,9.389,9.412,9.441,9.464,9.481,9.503,9.529,9.55,9.573,9.595,9.609,9.625,9.645,9.664,9.683,9.704,9.718,9.741,9.758,9.775,9.795,9.811,9.827,9.844,9.865,9.887,9.904,9.919,9.934,9.952,9.972,9.987,10.007,10.022,10.04,10.056,10.073,10.093,10.111,10.135,10.15,10.166,10.18,10.197,10.213,10.232,10.255,10.272,10.29,10.314,10.335,10.357,10.382,10.401,10.421,10.437,10.459,10.481,10.501,10.522,10.548,10.577,10.596,10.63,10.655,10.682,10.706,10.748,10.793,10.827,10.873,10.927,10.962,11.014,11.083,11.147,11.233,11.35,11.528,12.063
612,OTH FP,7.866,8.399,8.599,8.71,8.804,8.873,8.959,9.011,9.045,9.077,9.12,9.162,9.201,9.229,9.26,9.289,9.319,9.344,9.368,9.395,9.42,9.444,9.475,9.492,9.519,9.539,9.557,9.577,9.599,9.622,9.651,9.67,9.688,9.705,9.726,9.749,9.764,9.784,9.802,9.823,9.836,9.853,9.874,9.887,9.906,9.923,9.942,9.959,9.979,9.997,10.016,10.031,10.05,10.066,10.084,10.101,10.116,10.13,10.149,10.168,10.184,10.199,10.216,10.235,10.254,10.279,10.301,10.315,10.336,10.357,10.376,10.399,10.42,10.447,10.464,10.487,10.504,10.522,10.548,10.568,10.592,10.619,10.64,10.665,10.691,10.72,10.75,10.783,10.819,10.863,10.9,10.939,10.976,11.02,11.066,11.135,11.236,11.319,11.414,11.619,12.337
613,OTH FP,7.866,8.399,8.599,8.71,8.804,8.873,8.959,9.011,9.045,9.077,9.12,9.162,9.201,9.229,9.26,9.289,9.319,9.344,9.368,9.395,9.42,9.444,9.475,9.492,9.519,9.539,9.557,9.577,9.599,9.622,9.651,9.67,9.688,9.705,9.726,9.749,9.764,9.784,9.802,9.823,9.836,9.853,9.874,9.887,9.906,9.923,9.942,9.959,9.979,9.997,10.016,10.031,10.05,10.066,10.084,10.101,10.116,10.13,10.149,10.168,10.184,10.199,10.216,10.235,10.254,10.279,10.301,10.315,10.336,10.357,10.376,10.399,10.42,10.447,10.464,10.487,10.504,10.522,10.548,10.568,10.592,10.619,10.64,10.665,10.691,10.72,10.75,10.783,10.819,10.863,10.9,10.939,10.976,11.02,11.066,11.135,11.236,11.319,11.414,11.619,12.337
614,OTH FP,8.07,8.416,8.68,8.812,8.895,8.967,9.033,9.083,9.129,9.172,9.206,9.236,9.271,9.304,9.33,9.358,9.394,9.415,9.444,9.467,9.488,9.513,9.528,9.551,9.572,9.595,9.615,9.64,9.663,9.682,9.7,9.725,9.743,9.765,9.78,9.797,9.818,9.832,9.846,9.863,9.886,9.903,9.917,9.938,9.954,9.978,9.992,10.014,10.025,10.041,10.055,10.076,10.095,10.11,10.127,10.147,10.168,10.189,10.206,10.223,10.239,10.256,10.275,10.294,10.316,10.338,10.357,10.374,10.395,10.417,10.437,10.458,10.477,10.493,10.514,10.534,10.553,10.569,10.59,10.61,10.632,10.656,10.684,10.714,10.747,10.774,10.805,10.841,10.874,10.907,10.947,10.994,11.037,11.083,11.139,11.205,11.256,11.344,11.473,11.646,12.456
615,OTH FP,8.07,8.416,8.68,8.812,8.895,8.967,9.033,9.083,9.129,9.172,9.206,9.236,9.271,9.304,9.33,9.358,9.394,9.415,9.444,9.467,9.488,9.513,9.528,9.551,9.572,9.595,9.615,9.64,9.663,9.682,9.7,9.725,9.743,9.765,9.78,9.797,9.818,9.832,9.846,9.863,9.886,9.903,9.917,9.938,9.954,9.978,9.992,10.014,10.025,10.041,10.055,10.076,10.095,10.11,10.127,10.147,10.168,10.189,10.206,10.223,10.239,10.256,10.275,10.294,10.316,10.338,10.357,10.374,10.395,10.417,10.437,10.458,10.477,10.493,10.514,10.534,10.553,10.569,10.59,10.61,10.632,10.656,10.684,10.714,10.747,10.774,10.805,10.841,10.874,10.907,10.947,10.994,11.037,11.083,11.139,11.205,11.256,11.344,11.473,11.646,12.456
616,OTH FP,8.145,8.573,8.741,8.848,8.921,9.014,9.095,9.153,9.199,9.239,9.285,9.311,9.346,9.38,9.412,9.439,9.466,9.497,9.525,9.547,9.57,9.593,9.617,9.641,9.662,9.679,9.701,9.718,9.739,9.761,9.78,9.798,9.817,9.833,9.85,9.869,9.887,9.901,9.92,9.94,9.959,9.981,9.998,10.014,10.026,10.043,10.059,10.072,10.087,10.105,10.12,10.137,10.158,10.173,10.188,10.206,10.22,10.234,10.254,10.271,10.289,10.306,10.324,10.342,10.359,10.378,10.394,10.418,10.435,10.453,10.472,10.487,10.51,10.533,10.554,10.576,10.59,10.612,10.63,10.654,10.68,10.701,10.721,10.746,10.784,10.81,10.832,10.863,10.888,10.919,10.972,11.006,11.042,11.075,11.143,11.214,11.275,11.366,11.502,11.665,12.446
617,OTH FP,8.145,8.573,8.741,8.848,8.921,9.014,9.095,9.153,9.199,9.239,9.285,9.311,9.346,9.38,9.412,9.439,9.466,9.497,9.525,9.547,9.57,9.593,9.617,9.641,9.662,9.679,9.701,9.718,9.739,9.761,9.78,9.798,9.817,9.833,9.85,9.869,9.887,9.901,9.92,9.94,9.959,9.981,9.998,10.014,10.026,10.043,10.059,10.072,10.087,10.105,10.12,10.137,10.158,10.173,10.188,10.206,10.22,10.234,10.254,10.271,10.289,10.306,10.324,10.342,10.359,10.378,10.394,10.418,10.435,10.453,10.472,10.487,10.51,10.533,10.554,10.576,10.59,10.612,10.63,10.654,10.68,10.701,10.721,10.746,10.784,10.81,10.832,10.863,10.888,10.919,10.972,11.006,11.042,11.075,11.143,11.214,11.275,11.366,11.502,11.665,12.446
618,OTH FP,8.378,8.727,8.892,8.98,9.078,9.149,9.207,9.269,9.311,9.344,9.391,9.426,9.458,9.5,9.536,9.559,9.578,9.603,9.63,9.65,9.674,9.699,9.72,9.736,9.757,9.772,9.79,9.808,9.826,9.848,9.861,9.876,9.893,9.909,9.925,9.939,9.953,9.973,9.991,10.004,10.024,10.042,10.06,10.073,10.089,10.109,10.123,10.137,10.152,10.166,10.184,10.205,10.221,10.237,10.248,10.264,10.279,10.293,10.309,10.324,10.343,10.358,10.372,10.39,10.409,10.425,10.439,10.455,10.472,10.49,10.506,10.524,10.545,10.564,10.585,10.602,10.62,10.641,10.667,10.686,10.72,10.742,10.769,10.797,10.814,10.847,10.867,10.898,10.927,10.952,11.0,11.048,11.087,11.123,11.164,11.219,11.296,11.364,11.446,11.63,12.191
619,OTH FP,8.378,8.727,8.892,8.98,9.078,9.149,9.207,9.269,9.311,9.344,9.391,9.426,9.458,9.5,9.536,9.559,9.578,9.603,9.63,9.65,9.674,9.699,9.72,9.736,9.757,9.772,9.79,9.808,9.826,9.848,9.861,9.876,9.893,9.909,9.925,9.939,9.953,9.973,9.991,10.004,10.024,10.042,10.06,10.073,10.089,10.109,10.123,10.137,10.152,10.166,10.184,10.205,10.221,10.237,10.248,10.264,10.279,10.293,10.309,10.324,10.343,10.358,10.372,10.39,10.409,10.425,10.439,10.455,10.472,10.49,10.506,10.524,10.545,10.564,10.585,10.602,10.62,10.641,10.667,10.686,10.72,10.742,10.769,10.797,10.814,10.847,10.867,10.898,10.927,10.952,11.0,11.048,11.087,11.123,11.164,11.219,11.296,11.364,11.446,11.63,12.191
620,OTH FP,8.392,8.784,8.953,9.057,9.121,9.196,9.266,9.306,9.345,9.38,9.411,9.452,9.48,9.51,9.535,9.554,9.577,9.6,9.628,9.652,9.67,9.692,9.708,9.731,9.759,9.777,9.8,9.82,9.843,9.856,9.874,9.892,9.909,9.924,9.943,9.965,9.98,9.997,10.016,10.029,10.045,10.064,10.08,10.096,10.109,10.121,10.14,10.153,10.167,10.181,10.198,10.212,10.228,10.243,10.259,10.272,10.293,10.312,10.334,10.352,10.372,10.391,10.408,10.422,10.434,10.452,10.469,10.485,10.505,10.523,10.543,10.564,10.58,10.595,10.617,10.635,10.649,10.674,10.692,10.715,10.739,10.759,10.777,10.798,10.824,10.854,10.881,10.917,10.945,10.974,11.01,11.057,11.104,11.131,11.185,11.229,11.284,11.352,11.459,11.616,12.072
621,OTH FP,8.392,8.784,8.953,9.057,9.121,9.196,9.266,9.306,9.345,9.38,9.411,9.452,9.48,9.51,9.535,9.554,9.577,9.6,9.628,9.652,9.67,9.692,9.708,9.731,9.759,9.777,9.8,9.82,9.843,9.856,9.874,9.892,9.909,9.924,9.943,9.965,9.98,9.997,10.016,10.029,10.045,10.064,10.08,10.096,10.109,10.121,10.14,10.153,10.167,10.181,10.198,10.212,10.228,10.243,10.259,10.272,10.293,10.312,10.334,10.352,10.372,10.391,10.408,10.422,10.434,10.452,10.469,10.485,10.505,10.523,10.543,10.564,10.58,10.595,10.617,10.635,10.649,10.674,10.692,10.715,10.739,10.759,10.777,10.798,10.824,10.854,10.881,10.917,10.945,10.974,11.01,11.057,11.104,11.131,11.185,11.229,11.284,11.352,11.459,11.616,12.072
622,OTH FP,8.112,8.664,8.838,8.961,9.018,9.088,9.146,9.182,9.226,9.274,9.318,9.352,9.383,9.414,9.441,9.473,9.506,9.536,9.565,9.588,9.614,9.639,9.658,9.686,9.703,9.727,9.749,9.765,9.783,9.804,9.823,9.843,9.862,9.878,9.902,9.918,9.931,9.958,9.979,9.996,10.012,10.026,10.043,10.063,10.079,10.096,10.111,10.129,10.144,10.163,10.179,10.195,10.209,10.224,10.239,10.26,10.275,10.293,10.308,10.327,10.348,10.367,10.385,10.405,10.424,10.44,10.458,10.482,10.5,10.514,10.529,10.545,10.565,10.587,10.606,10.625,10.646,10.666,10.688,10.709,10.726,10.747,10.764,10.791,10.814,10.85,10.873,10.899,10.943,10.986,11.016,11.055,11.099,11.142,11.193,11.258,11.333,11.42,11.53,11.692,12.133
623,OTH FP,8.112,8.664,8.838,8.961,9.018,9.088,9.146,9.182,9.226,9.274,9.318,9.352,9.383,9.414,9.441,9.473,9.506,9.536,9.565,9.588,9.614,9.639,9.658,9.686,9.703,9.727,9.749,9.765,9.783,9.804,9.823,9.843,9.862,9.878,9.902,9.918,9.931,9.958,9.979,9.996,10.012,10.026,10.043,10.063,10.079,10.096,10.111,10.129,10.144,10.163,10.179,10.195,10.209,10.224,10.239,10.26,10.275,10.293,10.308,10.327,10.348,10.367,10.385,10.405,10.424,10.44,10.458,10.482,10.5,10.514,10.529,10.545,10.565,10.587,10.606,10.625,10.646,10.666,10.688,10.709,10.726,10.747,10.764,10.791,10.814,10.85,10.873,10.899,10.943,10.986,11.016,11.055,11.099,11.142,11.193,11.258,11.333,11.42,11.53,11.692,12.133
624,OTH FP,8.153,8.593,8.765,8.865,8.958,9.024,9.086,9.12,9.17,9.217,9.26,9.291,9.333,9.374,9.404,9.43,9.458,9.486,9.515,9.541,9.556,9.581,9.608,9.631,9.656,9.673,9.693,9.717,9.739,9.755,9.773,9.795,9.814,9.834,9.858,9.879,9.901,9.912,9.931,9.954,9.973,9.993,10.015,10.029,10.045,10.062,10.073,10.088,10.105,10.122,10.138,10.16,10.18,10.197,10.214,10.233,10.249,10.266,10.281,10.298,10.315,10.329,10.351,10.373,10.394,10.414,10.432,10.452,10.465,10.483,10.506,10.522,10.545,10.562,10.584,10.606,10.629,10.65,10.669,10.686,10.711,10.738,10.77,10.794,10.817,10.842,10.87,10.893,10.932,10.97,11.0,11.046,11.08,11.124,11.176,11.224,11.303,11.381,11.502,11.789,12.35
625,OTH FP,8.153,8.593,8.765,8.865,8.958,9.024,9.086,9.12,9.17,9.217,9.26,9.291,9.333,9.374,9.404,9.43,9.458,9.486,9.515,9.541,9.556,9.581,9.608,9.631,9.656,9.673,9.693,9.717,9.739,9.755,9.773,9.795,9.814,9.834,9.858,9.879,9.901,9.912,9.931,9.954,9.973,9.993,10.015,10.029,10.045,10.062,10.073,10.088,10.105,10.122,10.138,10.16,10.18,10.197,10.214,10.233,10.249,10.266,10.281,10.298,10.315,10.329,10.351,10.373,10.394,10.414,10.432,10.452,10.465,10.483,10.506,10.522,10.545,10.562,10.584,10.606,10.629,10.65,10.669,10.686,10.711,10.738,10.77,10.794,10.817,10.842,10.87,10.893,10.932,10.97,11.0,11.046,11.08,11.124,11.176,11.224,11.303,11.381,11.502,11.789,12.35
626,OTH FP,8.056,8.584,8.768,8.85,8.938,8.993,9.049,9.108,9.153,9.2,9.244,9.279,9.32,9.347,9.373,9.41,9.435,9.467,9.495,9.527,9.551,9.58,9.602,9.623,9.646,9.667,9.689,9.713,9.731,9.749,9.77,9.788,9.804,9.831,9.847,9.86,9.879,9.893,9.912,9.927,9.948,9.97,9.982,9.996,10.011,10.024,10.04,10.058,10.074,10.089,10.107,10.126,10.145,10.159,10.176,10.194,10.207,10.227,10.243,10.262,10.274,10.289,10.31,10.329,10.344,10.358,10.381,10.398,10.423,10.443,10.466,10.487,10.503,10.522,10.537,10.551,10.571,10.588,10.618,10.638,10.665,10.682,10.705,10.725,10.748,10.775,10.811,10.839,10.875,10.914,10.948,10.992,11.024,11.096,11.145,11.191,11.275,11.353,11.493,11.764,12.311
627,OTH FP,8.056,8.584,8.768,8.85,8.938,8.993,9.049,9.108,9.153,9.2,9.244,9.279,9.32,9.347,9.373,9.41,9.435,9.467,9.495,9.527,9.551,9.58,9.602,9.623,9.646,9.667,9.689,9.713,9.731,9.749,9.77,9.788,9.804,9.831,9.847,9.86,9.879,9.893,9.912,9.927,9.948,9.97,9.982,9.996,10.011,10.024,10.04,10.058,10.074,10.089,10.107,10.126,10.145,10.159,10.176,10.194,10.207,10.227,10.243,10.262,10.274,10.289,10.31,10.329,10.344,10.358,10.381,10.398,10.423,10.443,10.466,10.487,10.503,10.522,10.537,10.551,10.571,10.588,10.618,10.638,10.665,10.682,10.705,10.725,10.748,10.775,10.811,10.839,10.875,10.914,10.948,10.992,11.024,11.096,11.145,11.191,11.275,11.353,11.493,11.764,12.311
628,OTH FP,8.124,8.495,8.663,8.786,8.891,8.962,9.01,9.057,9.093,9.129,9.178,9.221,9.259,9.283,9.313,9.339,9.369,9.4,9.428,9.449,9.482,9.504,9.531,9.556,9.577,9.609,9.631,9.652,9.672,9.694,9.718,9.737,9.758,9.774,9.797,9.815,9.835,9.852,9.871,9.889,9.908,9.922,9.943,9.957,9.973,9.993,10.005,10.021,10.043,10.062,10.078,10.094,10.116,10.131,10.146,10.162,10.174,10.19,10.207,10.224,10.244,10.261,10.278,10.297,10.31,10.328,10.346,10.362,10.381,10.398,10.415,10.433,10.456,10.471,10.491,10.508,10.529,10.55,10.578,10.599,10.624,10.644,10.666,10.696,10.722,10.759,10.791,10.825,10.86,10.891,10.94,10.984,11.03,11.067,11.113,11.174,11.229,11.353,11.462,11.623,12.168
629,OTH FP,8.124,8.495,8.663,8.786,8.891,8.962,9.01,9.057,9.093,9.129,9.178,9.221,9.259,9.283,9.313,9.339,9.369,9.4,9.428,9.449,9.482,9.504,9.531,9.556,9.577,9.609,9.631,9.652,9.672,9.694,9.718,9.737,9.758,9.774,9.797,9.815,9.835,9.852,9.871,9.889,9.908,9.922,9.943,9.957,9.973,9.993,10.005,10.021,10.043,10.062,10.078,10.094,10.116,10.131,10.146,10.162,10.174,10.19,10.207,10.224,10.244,10.261,10.278,10.297,10.31,10.328,10.346,10.362,10.381,10.398,10.415,10.433,10.456,10.471,10.491,10.508,10.529,10.55,10.578,10.599,10.624,10.644,10.666,10.696,10.722,10.759,10.791,10.825,10.86,10.891,10.94,10.984,11.03,11.067,11.113,11.174,11.229,11.353,11.462,11.623,12.168
630,OTH FP,7.956,8.529,8.671,8.768,8.849,8.929,8.999,9.044,9.095,9.134,9.176,9.218,9.244,9.275,9.304,9.331,9.365,9.383,9.408,9.431,9.46,9.482,9.508,9.529,9.55,9.572,9.595,9.613,9.632,9.655,9.673,9.688,9.704,9.723,9.744,9.77,9.785,9.805,9.819,9.837,9.856,9.876,9.893,9.913,9.926,9.942,9.962,9.975,9.992,10.011,10.026,10.04,10.05,10.067,10.089,10.102,10.119,10.134,10.152,10.169,10.183,10.201,10.218,10.237,10.252,10.271,10.289,10.313,10.336,10.354,10.375,10.399,10.418,10.437,10.456,10.479,10.499,10.518,10.538,10.553,10.574,10.604,10.631,10.657,10.68,10.708,10.744,10.771,10.807,10.84,10.873,10.905,10.942,10.974,11.039,11.103,11.178,11.258,11.374,11.517,12.178
631,OTH FP,7.956,8.529,8.671,8.768,8.849,8.929,8.999,9.044,9.095,9.134,9.176,9.218,9.244,9.275,9.304,9.331,9.365,9.383,9.408,9.431,9.46,9.482,9.508,9.529,9.55,9.572,9.595,9.613,9.632,9.655,9.673,9.688,9.704,9.723,9.744,9.77,9.785,9.805,9.819,9.837,9.856,9.876,9.893,9.913,9.926,9.942,9.962,9.975,9.992,10.011,10.026,10.04,10.05,10.067,10.089,10.102,10.119,10.134,10.152,10.169,10.183,10.201,10.218,10.237,10.252,10.271,10.289,10.313,10.336,10.354,10.375,10.399,10.418,10.437,10.456,10.479,10.499,10.518,10.538,10.553,10.574,10.604,10.631,10.657,10.68,10.708,10.744,10.771,10.807,10.84,10.873,10.905,10.942,10.974,11.039,11.103,11.178,11.258,11.374,11.517,12.178
632,OTH FP,7.805,8.352,8.641,8.746,8.83,8.908,8.973,9.02,9.066,9.101,9.131,9.16,9.198,9.233,9.256,9.282,9.307,9.336,9.365,9.391,9.416,9.442,9.468,9.488,9.517,9.538,9.564,9.581,9.603,9.63,9.65,9.672,9.691,9.707,9.728,9.744,9.757,9.773,9.79,9.813,9.836,9.853,9.871,9.887,9.909,9.924,9.938,9.952,9.966,9.986,10.004,10.027,10.045,10.065,10.082,10.096,10.117,10.136,10.151,10.165,10.184,10.205,10.222,10.244,10.262,10.282,10.298,10.315,10.326,10.347,10.369,10.389,10.412,10.43,10.45,10.482,10.503,10.533,10.554,10.575,10.597,10.62,10.65,10.682,10.718,10.74,10.769,10.807,10.846,10.873,10.905,10.948,10.991,11.045,11.11,11.158,11.216,11.286,11.4,11.607,12.147
633,OTH FP,7.805,8.352,8.641,8.746,8.83,8.908,8.973,9.02,9.066,9.101,9.131,9.16,9.198,9.233,9.256,9.282,9.307,9.336,9.365,9.391,9.416,9.442,9.468,9.488,9.517,9.538,9.564,9.581,9.603,9.63,9.65,9.672,9.691,9.707,9.728,9.744,9.757,9.773,9.79,9.813,9.836,9.853,9.871,9.887,9.909,9.924,9.938,9.952,9.966,9.986,10.004,10.027,10.045,10.065,10.082,10.096,10.117,10.136,10.151,10.165,10.184,10.205,10.222,10.244,10.262,10.282,10.298,10.315,10.326,10.347,10.369,10.389,10.412,10.43,10.45,10.482,10.503,10.533,10.554,10.575,10.597,10.62,10.65,10.682,10.718,10.74,10.769,10.807,10.846,10.873,10.905,10.948,10.991,11.045,11.11,11.158,11.216,11.286,11.4,11.607,12.147
634,OTH FP,7.759,8.346,8.576,8.681,8.764,8.835,8.908,8.953,9.0,9.036,9.086,9.123,9.16,9.199,9.242,9.273,9.304,9.333,9.359,9.39,9.417,9.438,9.458,9.483,9.503,9.533,9.558,9.583,9.607,9.627,9.65,9.668,9.688,9.706,9.726,9.741,9.762,9.781,9.801,9.819,9.832,9.848,9.862,9.875,9.895,9.91,9.925,9.942,9.96,9.975,9.994,10.013,10.033,10.056,10.073,10.092,10.11,10.124,10.138,10.157,10.178,10.195,10.213,10.234,10.258,10.278,10.295,10.319,10.338,10.362,10.382,10.399,10.42,10.439,10.465,10.485,10.511,10.537,10.557,10.58,10.607,10.635,10.656,10.679,10.71,10.748,10.772,10.807,10.835,10.863,10.906,10.957,10.988,11.038,11.096,11.158,11.226,11.317,11.423,11.622,12.331
635,OTH FP,7.759,8.346,8.576,8.681,8.764,8.835,8.908,8.953,9.0,9.036,9.086,9.123,9.16,9.199,9.242,9.273,9.304,9.333,9.359,9.39,9.417,9.438,9.458,9.483,9.503,9.533,9.558,9.583,9.607,9.627,9.65,9.668,9.688,9.706,9.726,9.741,9.762,9.781,9.801,9.819,9.832,9.848,9.862,9.875,9.895,9.91,9.925,9.942,9.96,9.975,9.994,10.013,10.033,10.056,10.073,10.092,10.11,10.124,10.138,10.157,10.178,10.195,10.213,10.234,10.258,10.278,10.295,10.319,10.338,10.362,10.382,10.399,10.42,10.439,10.465,10.485,10.511,10.537,10.557,10.58,10.607,10.635,10.656,10.679,10.71,10.748,10.772,10.807,10.835,10.863,10.906,10.957,10.988,11.038,11.096,11.158,11.226,11.317,11.423,11.622,12.331
636,OTH FP,7.614,8.338,8.526,8.652,8.738,8.822,8.873,8.926,8.97,9.011,9.055,9.088,9.133,9.174,9.214,9.254,9.296,9.324,9.352,9.38,9.41,9.429,9.45,9.473,9.501,9.522,9.546,9.563,9.585,9.604,9.618,9.637,9.661,9.68,9.701,9.725,9.745,9.765,9.786,9.804,9.819,9.836,9.857,9.873,9.89,9.911,9.93,9.944,9.962,9.982,10.002,10.019,10.035,10.054,10.074,10.09,10.11,10.129,10.152,10.168,10.182,10.2,10.224,10.241,10.261,10.281,10.302,10.321,10.342,10.359,10.372,10.391,10.412,10.431,10.45,10.472,10.493,10.514,10.531,10.556,10.577,10.606,10.64,10.671,10.708,10.736,10.766,10.787,10.821,10.856,10.905,10.94,10.987,11.048,11.107,11.17,11.239,11.346,11.433,11.613,12.118
637,OTH FP,7.614,8.338,8.526,8.652,8.738,8.822,8.873,8.926,8.97,9.011,9.055,9.088,9.133,9.174,9.214,9.254,9.296,9.324,9.352,9.38,9.41,9.429,9.45,9.473,9.501,9.522,9.546,9.563,9.585,9.604,9.618,9.637,9.661,9.68,9.701,9.725,9.745,9.765,9.786,9.804,9.819,9.836,9.857,9.873,9.89,9.911,9.93,9.944,9.962,9.982,10.002,10.019,10.035,10.054,10.074,10.09,10.11,10.129,10.152,10.168,10.182,10.2,10.224,10.241,10.261,10.281,10.302,10.321,10.342,10.359,10.372,10.391,10.412,10.431,10.45,10.472,10.493,10.514,10.531,10.556,10.577,10.606,10.64,10.671,10.708,10.736,10.766,10.787,10.821,10.856,10.905,10.94,10.987,11.048,11.107,11.17,11.239,11.346,11.433,11.613,12.118
638,OTH FP,7.849,8.368,8.554,8.682,8.772,8.833,8.873,8.939,8.991,9.036,9.077,9.122,9.15,9.178,9.216,9.249,9.274,9.305,9.331,9.355,9.384,9.416,9.439,9.459,9.482,9.513,9.535,9.559,9.582,9.6,9.622,9.642,9.657,9.672,9.694,9.709,9.726,9.752,9.77,9.788,9.809,9.827,9.844,9.859,9.88,9.894,9.91,9.927,9.945,9.965,9.984,10.001,10.017,10.031,10.056,10.075,10.091,10.108,10.128,10.147,10.17,10.188,10.208,10.229,10.246,10.271,10.291,10.311,10.336,10.35,10.369,10.387,10.402,10.42,10.441,10.46,10.489,10.51,10.534,10.553,10.578,10.608,10.627,10.651,10.678,10.711,10.742,10.778,10.806,10.829,10.877,10.928,10.988,11.034,11.086,11.149,11.221,11.304,11.408,11.584,12.17
639,OTH FP,7.849,8.368,8.554,8.682,8.772,8.833,8.873,8.939,8.991,9.036,9.077,9.122,9.15,9.178,9.216,9.249,9.274,9.305,9.331,9.355,9.384,9.416,9.439,9.459,9.482,9.513,9.535,9.559,9.582,9.6,9.622,9.642,9.657,9.672,9.694,9.709,9.726,9.752,9.77,9.788,9.809,9.827,9.844,9.859,9.88,9.894,9.91,9.927,9.945,9.965,9.984,10.001,10.017,10.031,10.056,10.075,10.091,10.108,10.128,10.147,10.17,10.188,10.208,10.229,10.246,10.271,10.291,10.311,10.336,10.35,10.369,10.387,10.402,10.42,10.441,10.46,10.489,10.51,10.534,10.553,10.578,10.608,10.627,10.651,10.678,10.711,10.742,10.778,10.806,10.829,10.877,10.928,10.988,11.034,11.086,11.149,11.221,11.304,11.408,11.584,12.17
640,OTH FP,7.842,8.334,8.529,8.688,8.757,8.814,8.882,8.94,8.994,9.036,9.076,9.107,9.148,9.182,9.22,9.252,9.282,9.311,9.349,9.37,9.394,9.412,9.438,9.462,9.484,9.503,9.53,9.552,9.572,9.598,9.613,9.634,9.657,9.678,9.7,9.717,9.733,9.751,9.769,9.788,9.803,9.822,9.836,9.854,9.869,9.893,9.912,9.929,9.948,9.965,9.984,9.998,10.013,10.029,10.043,10.058,10.081,10.101,10.117,10.136,10.155,10.174,10.195,10.213,10.227,10.243,10.262,10.279,10.307,10.329,10.352,10.369,10.389,10.409,10.428,10.454,10.472,10.496,10.513,10.536,10.558,10.586,10.612,10.637,10.663,10.698,10.732,10.763,10.792,10.832,10.862,10.894,10.936,10.986,11.033,11.086,11.15,11.219,11.34,11.554,12.038
641,OTH FP,7.842,8.334,8.529,8.688,8.757,8.814,8.882,8.94,8.994,9.036,9.076,9.107,9.148,9.182,9.22,9.252,9.282,9.311,9.349,9.37,9.394,9.412,9.438,9.462,9.484,9.503,9.53,9.552,9.572,9.598,9.613,9.634,9.657,9.678,9.7,9.717,9.733,9.751,9.769,9.788,9.803,9.822,9.836,9.854,9.869,9.893,9.912,9.929,9.948,9.965,9.984,9.998,10.013,10.029,10.043,10.058,10.081,10.101,10.117,10.136,10.155,10.174,10.195,10.213,10.227,10.243,10.262,10.279,10.307,10.329,10.352,10.369,10.389,10.409,10.428,10.454,10.472,10.496,10.513,10.536,10.558,10.586,10.612,10.637,10.663,10.698,10.732,10.763,10.792,10.832,10.862,10.894,10.936,10.986,11.033,11.086,11.15,11.219,11.34,11.554,12.038
642,OTH FP,7.703,8.381,8.595,8.719,8.81,8.894,8.954,8.995,9.022,9.068,9.107,9.143,9.186,9.219,9.245,9.271,9.296,9.326,9.349,9.371,9.396,9.421,9.444,9.465,9.486,9.506,9.53,9.55,9.573,9.591,9.611,9.629,9.644,9.663,9.681,9.699,9.719,9.739,9.758,9.774,9.791,9.817,9.839,9.855,9.87,9.885,9.908,9.931,9.952,9.965,9.981,9.997,10.016,10.031,10.047,10.064,10.079,10.098,10.113,10.13,10.141,10.158,10.175,10.195,10.212,10.231,10.248,10.266,10.292,10.311,10.329,10.351,10.372,10.392,10.415,10.431,10.45,10.468,10.489,10.508,10.534,10.554,10.572,10.595,10.623,10.651,10.681,10.714,10.747,10.789,10.824,10.865,10.907,10.956,10.987,11.053,11.148,11.239,11.338,11.488,11.919
643,OTH FP,7.703,8.381,8.595,8.719,8.81,8.894,8.954,8.995,9.022,9.068,9.107,9.143,9.186,9.219,9.245,9.271,9.296,9.326,9.349,9.371,9.396,9.421,9.444,9.465,9.486,9.506,9.53,9.55,9.573,9.591,9.611,9.629,9.644,9.663,9.681,9.699,9.719,9.739,9.758,9.774,9.791,9.817,9.839,9.855,9.87,9.885,9.908,9.931,9.952,9.965,9.981,9.997,10.016,10.031,10.047,10.064,10.079,10.098,10.113,10.13,10.141,10.158,10.175,10.195,10.212,10.231,10.248,10.266,10.292,10.311,10.329,10.351,10.372,10.392,10.415,10.431,10.45,10.468,10.489,10.508,10.534,10.554,10.572,10.595,10.623,10.651,10.681,10.714,10.747,10.789,10.824,10.865,10.907,10.956,10.987,11.053,11.148,11.239,11.338,11.488,11.919
644,OTH FP,8.044,8.519,8.648,8.763,8.842,8.925,8.97,9.025,9.067,9.105,9.15,9.18,9.209,9.233,9.271,9.295,9.322,9.357,9.387,9.407,9.434,9.46,9.478,9.499,9.515,9.535,9.556,9.575,9.591,9.61,9.631,9.65,9.669,9.691,9.708,9.728,9.748,9.761,9.772,9.787,9.802,9.816,9.83,9.846,9.859,9.873,9.892,9.907,9.922,9.933,9.951,9.965,9.982,10.0,10.017,10.035,10.052,10.069,10.085,10.099,10.118,10.137,10.157,10.173,10.19,10.205,10.218,10.236,10.256,10.273,10.291,10.307,10.323,10.342,10.361,10.38,10.399,10.419,10.437,10.46,10.479,10.505,10.528,10.556,10.584,10.611,10.638,10.67,10.702,10.734,10.766,10.801,10.843,10.894,10.95,10.998,11.076,11.161,11.252,11.448,11.874
645,OTH FP,8.044,8.519,8.648,8.763,8.842,8.925,8.97,9.025,9.067,9.105,9.15,9.18,9.209,9.233,9.271,9.295,9.322,9.357,9.387,9.407,9.434,9.46,9.478,9.499,9.515,9.535,9.556,9.575,9.591,9.61,9.631,9.65,9.669,9.691,9.708,9.728,9.748,9.761,9.772,9.787,9.802,9.816,9.83,9.846,9.859,9.873,9.892,9.907,9.922,9.933,9.951,9.965,9.982,10.0,10.017,10.035,10.052,10.069,10.085,10.099,10.118,10.137,10.157,10.173,10.19,10.205,10.218,10.236,10.256,10.273,10.291,10.307,10.323,10.342,10.361,10.38,10.399,10.419,10.437,10.46,10.479,10.505,10.528,10.556,10.584,10.611,10.638,10.67,10.702,10.734,10.766,10.801,10.843,10.894,10.95,10.998,11.076,11.161,11.252,11.448,11.874
646,OTH FP,8.016,8.479,8.672,8.792,8.862,8.929,8.989,9.043,9.089,9.123,9.166,9.202,9.239,9.274,9.302,9.334,9.371,9.388,9.411,9.436,9.457,9.478,9.503,9.517,9.537,9.555,9.579,9.599,9.614,9.636,9.655,9.672,9.693,9.71,9.723,9.74,9.76,9.771,9.787,9.803,9.82,9.835,9.854,9.865,9.88,9.893,9.906,9.925,9.937,9.95,9.964,9.984,9.998,10.011,10.023,10.038,10.057,10.069,10.082,10.099,10.118,10.137,10.149,10.16,10.179,10.199,10.22,10.234,10.253,10.271,10.289,10.311,10.331,10.352,10.373,10.399,10.427,10.444,10.471,10.492,10.512,10.534,10.573,10.594,10.618,10.641,10.667,10.696,10.726,10.762,10.801,10.837,10.879,10.93,10.974,11.014,11.08,11.135,11.241,11.416,11.84
647,OTH FP,8.016,8.479,8.672,8.792,8.862,8.929,8.989,9.043,9.089,9.123,9.166,9.202,9.239,9.274,9.302,9.334,9.371,9.388,9.411,9.436,9.457,9.478,9.503,9.517,9.537,9.555,9.579,9.599,9.614,9.636,9.655,9.672,9.693,9.71,9.723,9.74,9.76,9.771,9.787,9.803,9.82,9.835,9.854,9.865,9.88,9.893,9.906,9.925,9.937,9.95,9.964,9.984,9.998,10.011,10.023,10.038,10.057,10.069,10.082,10.099,10.118,10.137,10.149,10.16,10.179,10.199,10.22,10.234,10.253,10.271,10.289,10.311,10.331,10.352,10.373,10.399,10.427,10.444,10.471,10.492,10.512,10.534,10.573,10.594,10.618,10.641,10.667,10.696,10.726,10.762,10.801,10.837,10.879,10.93,10.974,11.014,11.08,11.135,11.241,11.416,11.84
648,OTH FP,8.007,8.418,8.603,8.698,8.799,8.892,8.961,9.013,9.068,9.113,9.147,9.179,9.218,9.259,9.294,9.321,9.351,9.384,9.411,9.43,9.454,9.474,9.494,9.519,9.539,9.556,9.582,9.597,9.621,9.64,9.655,9.673,9.692,9.702,9.717,9.733,9.748,9.767,9.787,9.8,9.815,9.835,9.852,9.87,9.886,9.904,9.924,9.942,9.958,9.974,9.989,10.003,10.02,10.04,10.056,10.073,10.092,10.111,10.127,10.142,10.159,10.178,10.195,10.215,10.23,10.246,10.267,10.285,10.307,10.322,10.339,10.361,10.386,10.402,10.423,10.444,10.467,10.484,10.506,10.533,10.557,10.577,10.601,10.628,10.651,10.685,10.72,10.752,10.782,10.816,10.855,10.889,10.929,10.978,11.03,11.101,11.177,11.262,11.367,11.497,11.952
649,OTH FP,8.007,8.418,8.603,8.698,8.799,8.892,8.961,9.013,9.068,9.113,9.147,9.179,9.218,9.259,9.294,9.321,9.351,9.384,9.411,9.43,9.454,9.474,9.494,9.519,9.539,9.556,9.582,9.597,9.621,9.64,9.655,9.673,9.692,9.702,9.717,9.733,9.748,9.767,9.787,9.8,9.815,9.835,9.852,9.87,9.886,9.904,9.924,9.942,9.958,9.974,9.989,10.003,10.02,10.04,10.056,10.073,10.092,10.111,10.127,10.142,10.159,10.178,10.195,10.215,10.23,10.246,10.267,10.285,10.307,10.322,10.339,10.361,10.386,10.402,10.423,10.444,10.467,10.484,10.506,10.533,10.557,10.577,10.601,10.628,10.651,10.685,10.72,10.752,10.782,10.816,10.855,10.889,10.929,10.978,11.03,11.101,11.177,11.262,11.367,11.497,11.952
650,OTH FP,7.927,8.428,8.6,8.746,8.836,8.921,8.984,9.034,9.086,9.127,9.162,9.201,9.227,9.261,9.287,9.311,9.346,9.377,9.401,9.426,9.447,9.48,9.503,9.53,9.553,9.571,9.595,9.615,9.636,9.657,9.67,9.69,9.713,9.735,9.753,9.769,9.788,9.802,9.817,9.837,9.855,9.872,9.89,9.907,9.928,9.945,9.964,9.985,10.002,10.015,10.032,10.046,10.069,10.084,10.107,10.123,10.139,10.161,10.176,10.197,10.213,10.23,10.247,10.26,10.28,10.301,10.321,10.338,10.353,10.366,10.383,10.406,10.43,10.452,10.468,10.482,10.503,10.527,10.55,10.577,10.598,10.617,10.648,10.673,10.708,10.736,10.771,10.8,10.836,10.862,10.892,10.926,10.974,11.026,11.103,11.171,11.228,11.324,11.423,11.632,11.955
651,OTH FP,7.927,8.428,8.6,8.746,8.836,8.921,8.984,9.034,9.086,9.127,9.162,9.201,9.227,9.261,9.287,9.311,9.346,9.377,9.401,9.426,9.447,9.48,9.503,9.53,9.553,9.571,9.595,9.615,9.636,9.657,9.67,9.69,9.713,9.735,9.753,9.769,9.788,9.802,9.817,9.837,9.855,9.872,9.89,9.907,9.928,9.945,9.964,9.985,10.002,10.015,10.032,10.046,10.069,10.084,10.107,10.123,10.139,10.161,10.176,10.197,10.213,10.23,10.247,10.26,10.28,10.301,10.321,10.338,10.353,10.366,10.383,10.406,10.43,10.452,10.468,10.482,10.503,10.527,10.55,10.577,10.598,10.617,10.648,10.673,10.708,10.736,10.771,10.8,10.836,10.862,10.892,10.926,10.974,11.026,11.103,11.171,11.228,11.324,11.423,11.632,11.955
652,OTH FP,8.052,8.491,8.646,8.754,8.83,8.91,8.979,9.032,9.082,9.127,9.173,9.21,9.247,9.275,9.315,9.341,9.368,9.389,9.417,9.442,9.472,9.498,9.522,9.542,9.559,9.581,9.602,9.623,9.646,9.666,9.685,9.705,9.726,9.739,9.756,9.779,9.8,9.82,9.84,9.861,9.877,9.894,9.914,9.935,9.955,9.979,10.003,10.023,10.035,10.051,10.068,10.087,10.104,10.122,10.142,10.156,10.169,10.194,10.211,10.232,10.252,10.269,10.286,10.305,10.319,10.342,10.362,10.378,10.398,10.414,10.435,10.453,10.469,10.49,10.512,10.539,10.558,10.575,10.596,10.622,10.641,10.671,10.704,10.727,10.753,10.79,10.816,10.841,10.871,10.911,10.948,10.995,11.031,11.089,11.135,11.193,11.281,11.357,11.47,11.63,12.099
653,OTH FP,8.052,8.491,8.646,8.754,8.83,8.91,8.979,9.032,9.082,9.127,9.173,9.21,9.247,9.275,9.315,9.341,9.368,9.389,9.417,9.442,9.472,9.498,9.522,9.542,9.559,9.581,9.602,9.623,9.646,9.666,9.685,9.705,9.726,9.739,9.756,9.779,9.8,9.82,9.84,9.861,9.877,9.894,9.914,9.935,9.955,9.979,10.003,10.023,10.035,10.051,10.068,10.087,10.104,10.122,10.142,10.156,10.169,10.194,10.211,10.232,10.252,10.269,10.286,10.305,10.319,10.342,10.362,10.378,10.398,10.414,10.435,10.453,10.469,10.49,10.512,10.539,10.558,10.575,10.596,10.622,10.641,10.671,10.704,10.727,10.753,10.79,10.816,10.841,10.871,10.911,10.948,10.995,11.031,11.089,11.135,11.193,11.281,11.357,11.47,11.63,12.099
654,OTH FP,7.982,8.431,8.654,8.786,8.886,8.956,9.021,9.073,9.121,9.164,9.21,9.251,9.289,9.328,9.36,9.389,9.42,9.448,9.475,9.502,9.528,9.549,9.574,9.604,9.63,9.647,9.665,9.69,9.706,9.728,9.745,9.761,9.78,9.794,9.808,9.825,9.848,9.866,9.883,9.895,9.916,9.939,9.957,9.975,9.995,10.013,10.032,10.048,10.063,10.082,10.098,10.118,10.133,10.15,10.168,10.182,10.203,10.225,10.239,10.258,10.275,10.294,10.305,10.325,10.345,10.361,10.377,10.395,10.413,10.434,10.455,10.478,10.504,10.526,10.549,10.565,10.589,10.615,10.634,10.661,10.688,10.712,10.738,10.766,10.787,10.819,10.847,10.88,10.918,10.954,10.993,11.031,11.075,11.117,11.167,11.221,11.282,11.408,11.536,11.686,12.34
655,OTH FP,7.982,8.431,8.654,8.786,8.886,8.956,9.021,9.073,9.121,9.164,9.21,9.251,9.289,9.328,9.36,9.389,9.42,9.448,9.475,9.502,9.528,9.549,9.574,9.604,9.63,9.647,9.665,9.69,9.706,9.728,9.745,9.761,9.78,9.794,9.808,9.825,9.848,9.866,9.883,9.895,9.916,9.939,9.957,9.975,9.995,10.013,10.032,10.048,10.063,10.082,10.098,10.118,10.133,10.15,10.168,10.182,10.203,10.225,10.239,10.258,10.275,10.294,10.305,10.325,10.345,10.361,10.377,10.395,10.413,10.434,10.455,10.478,10.504,10.526,10.549,10.565,10.589,10.615,10.634,10.661,10.688,10.712,10.738,10.766,10.787,10.819,10.847,10.88,10.918,10.954,10.993,11.031,11.075,11.117,11.167,11.221,11.282,11.408,11.536,11.686,12.34
656,OTH FP,7.966,8.465,8.699,8.85,8.974,9.031,9.084,9.142,9.182,9.23,9.267,9.304,9.335,9.365,9.406,9.439,9.463,9.49,9.515,9.541,9.564,9.582,9.609,9.629,9.646,9.663,9.687,9.71,9.725,9.74,9.76,9.782,9.806,9.82,9.84,9.856,9.876,9.895,9.916,9.936,9.958,9.971,9.99,10.006,10.019,10.037,10.054,10.072,10.092,10.111,10.128,10.143,10.162,10.179,10.192,10.206,10.224,10.239,10.252,10.276,10.292,10.306,10.325,10.34,10.359,10.38,10.395,10.415,10.433,10.453,10.474,10.491,10.515,10.544,10.561,10.579,10.601,10.625,10.642,10.666,10.695,10.728,10.749,10.771,10.803,10.826,10.857,10.903,10.928,10.955,10.987,11.045,11.093,11.152,11.202,11.263,11.325,11.431,11.562,11.771,12.298
657,OTH FP,7.966,8.465,8.699,8.85,8.974,9.031,9.084,9.142,9.182,9.23,9.267,9.304,9.335,9.365,9.406,9.439,9.463,9.49,9.515,9.541,9.564,9.582,9.609,9.629,9.646,9.663,9.687,9.71,9.725,9.74,9.76,9.782,9.806,9.82,9.84,9.856,9.876,9.895,9.916,9.936,9.958,9.971,9.99,10.006,10.019,10.037,10.054,10.072,10.092,10.111,10.128,10.143,10.162,10.179,10.192,10.206,10.224,10.239,10.252,10.276,10.292,10.306,10.325,10.34,10.359,10.38,10.395,10.415,10.433,10.453,10.474,10.491,10.515,10.544,10.561,10.579,10.601,10.625,10.642,10.666,10.695,10.728,10.749,10.771,10.803,10.826,10.857,10.903,10.928,10.955,10.987,11.045,11.093,11.152,11.202,11.263,11.325,11.431,11.562,11.771,12.298
658,OTH FP,8.094,8.624,8.812,8.91,8.984,9.067,9.133,9.199,9.256,9.29,9.332,9.37,9.404,9.439,9.466,9.491,9.514,9.54,9.567,9.594,9.615,9.636,9.66,9.682,9.701,9.721,9.737,9.757,9.777,9.793,9.812,9.832,9.854,9.864,9.884,9.899,9.918,9.934,9.95,9.964,9.98,10.002,10.012,10.029,10.043,10.057,10.078,10.093,10.109,10.127,10.145,10.157,10.172,10.19,10.203,10.22,10.234,10.249,10.266,10.28,10.298,10.311,10.324,10.342,10.355,10.372,10.399,10.414,10.428,10.445,10.465,10.49,10.507,10.526,10.545,10.562,10.594,10.614,10.642,10.665,10.688,10.715,10.741,10.769,10.789,10.821,10.846,10.882,10.92,10.96,11.006,11.052,11.099,11.146,11.201,11.252,11.349,11.437,11.538,11.75,12.246
659,OTH FP,8.094,8.624,8.812,8.91,8.984,9.067,9.133,9.199,9.256,9.29,9.332,9.37,9.404,9.439,9.466,9.491,9.514,9.54,9.567,9.594,9.615,9.636,9.66,9.682,9.701,9.721,9.737,9.757,9.777,9.793,9.812,9.832,9.854,9.864,9.884,9.899,9.918,9.934,9.95,9.964,9.98,10.002,10.012,10.029,10.043,10.057,10.078,10.093,10.109,10.127,10.145,10.157,10.172,10.19,10.203,10.22,10.234,10.249,10.266,10.28,10.298,10.311,10.324,10.342,10.355,10.372,10.399,10.414,10.428,10.445,10.465,10.49,10.507,10.526,10.545,10.562,10.594,10.614,10.642,10.665,10.688,10.715,10.741,10.769,10.789,10.821,10.846,10.882,10.92,10.96,11.006,11.052,11.099,11.146,11.201,11.252,11.349,11.437,11.538,11.75,12.246
660,OTH FP,7.886,8.516,8.703,8.803,8.91,8.985,9.049,9.103,9.151,9.2,9.235,9.269,9.304,9.339,9.368,9.397,9.423,9.445,9.479,9.507,9.54,9.56,9.58,9.599,9.618,9.641,9.665,9.681,9.702,9.728,9.746,9.767,9.79,9.811,9.826,9.847,9.859,9.879,9.894,9.912,9.933,9.95,9.967,9.984,10.001,10.015,10.031,10.05,10.062,10.079,10.097,10.118,10.133,10.151,10.166,10.183,10.201,10.219,10.239,10.254,10.273,10.293,10.305,10.326,10.344,10.366,10.384,10.407,10.426,10.446,10.463,10.48,10.504,10.526,10.545,10.566,10.591,10.617,10.648,10.672,10.701,10.723,10.745,10.769,10.791,10.82,10.855,10.894,10.933,10.971,11.018,11.065,11.122,11.171,11.229,11.287,11.369,11.437,11.547,11.754,12.231
661,OTH FP,7.886,8.516,8.703,8.803,8.91,8.985,9.049,9.103,9.151,9.2,9.235,9.269,9.304,9.339,9.368,9.397,9.423,9.445,9.479,9.507,9.54,9.56,9.58,9.599,9.618,9.641,9.665,9.681,9.702,9.728,9.746,9.767,9.79,9.811,9.826,9.847,9.859,9.879,9.894,9.912,9.933,9.95,9.967,9.984,10.001,10.015,10.031,10.05,10.062,10.079,10.097,10.118,10.133,10.151,10.166,10.183,10.201,10.219,10.239,10.254,10.273,10.293,10.305,10.326,10.344,10.366,10.384,10.407,10.426,10.446,10.463,10.48,10.504,10.526,10.545,10.566,10.591,10.617,10.648,10.672,10.701,10.723,10.745,10.769,10.791,10.82,10.855,10.894,10.933,10.971,11.018,11.065,11.122,11.171,11.229,11.287,11.369,11.437,11.547,11.754,12.231
662,OTH FP,7.813,8.369,8.606,8.74,8.835,8.933,9.003,9.072,9.123,9.171,9.212,9.247,9.269,9.301,9.331,9.361,9.393,9.421,9.453,9.477,9.507,9.527,9.545,9.569,9.597,9.622,9.641,9.66,9.683,9.704,9.722,9.743,9.762,9.777,9.797,9.811,9.828,9.844,9.865,9.878,9.895,9.909,9.928,9.945,9.97,9.986,10.002,10.022,10.036,10.05,10.064,10.081,10.094,10.117,10.139,10.164,10.182,10.2,10.213,10.231,10.251,10.271,10.293,10.313,10.327,10.346,10.367,10.387,10.404,10.427,10.455,10.479,10.504,10.53,10.548,10.564,10.587,10.61,10.636,10.661,10.684,10.71,10.732,10.765,10.796,10.816,10.852,10.884,10.914,10.948,10.992,11.03,11.07,11.125,11.189,11.255,11.329,11.409,11.529,11.732,12.338
663,OTH FP,7.813,8.369,8.606,8.74,8.835,8.933,9.003,9.072,9.123,9.171,9.212,9.247,9.269,9.301,9.331,9.361,9.393,9.421,9.453,9.477,9.507,9.527,9.545,9.569,9.597,9.622,9.641,9.66,9.683,9.704,9.722,9.743,9.762,9.777,9.797,9.811,9.828,9.844,9.865,9.878,9.895,9.909,9.928,9.945,9.97,9.986,10.002,10.022,10.036,10.05,10.064,10.081,10.094,10.117,10.139,10.164,10.182,10.2,10.213,10.231,10.251,10.271,10.293,10.313,10.327,10.346,10.367,10.387,10.404,10.427,10.455,10.479,10.504,10.53,10.548,10.564,10.587,10.61,10.636,10.661,10.684,10.71,10.732,10.765,10.796,10.816,10.852,10.884,10.914,10.948,10.992,11.03,11.07,11.125,11.189,11.255,11.329,11.409,11.529,11.732,12.338
664,OTH FP,7.884,8.268,8.507,8.672,8.779,8.879,8.937,8.992,9.043,9.094,9.136,9.183,9.226,9.258,9.295,9.325,9.357,9.383,9.406,9.434,9.457,9.482,9.503,9.536,9.56,9.587,9.61,9.625,9.647,9.662,9.683,9.705,9.724,9.743,9.755,9.776,9.799,9.817,9.832,9.847,9.869,9.886,9.904,9.923,9.944,9.957,9.98,9.997,10.018,10.036,10.051,10.069,10.087,10.103,10.117,10.134,10.146,10.17,10.185,10.203,10.222,10.241,10.258,10.276,10.295,10.314,10.337,10.355,10.376,10.398,10.419,10.448,10.471,10.493,10.517,10.541,10.565,10.594,10.619,10.645,10.663,10.691,10.719,10.744,10.774,10.801,10.836,10.876,10.91,10.944,10.985,11.016,11.065,11.107,11.158,11.227,11.313,11.396,11.537,11.708,12.136
665,OTH FP,7.884,8.268,8.507,8.672,8.779,8.879,8.937,8.992,9.043,9.094,9.136,9.183,9.226,9.258,9.295,9.325,9.357,9.383,9.406,9.434,9.457,9.482,9.503,9.536,9.56,9.587,9.61,9.625,9.647,9.662,9.683,9.705,9.724,9.743,9.755,9.776,9.799,9.817,9.832,9.847,9.869,9.886,9.904,9.923,9.944,9.957,9.98,9.997,10.018,10.036,10.051,10.069,10.087,10.103,10.117,10.134,10.146,10.17,10.185,10.203,10.222,10.241,10.258,10.276,10.295,10.314,10.337,10.355,10.376,10.398,10.419,10.448,10.471,10.493,10.517,10.541,10.565,10.594,10.619,10.645,10.663,10.691,10.719,10.744,10.774,10.801,10.836,10.876,10.91,10.944,10.985,11.016,11.065,11.107,11.158,11.227,11.313,11.396,11.537,11.708,12.136
666,OTH FP,7.748,8.33,8.532,8.632,8.767,8.835,8.898,8.943,8.997,9.047,9.091,9.122,9.157,9.197,9.24,9.278,9.314,9.338,9.372,9.4,9.427,9.447,9.475,9.493,9.521,9.55,9.563,9.581,9.602,9.621,9.642,9.66,9.68,9.702,9.722,9.74,9.763,9.784,9.803,9.817,9.838,9.852,9.872,9.887,9.907,9.931,9.949,9.969,9.984,10.007,10.02,10.038,10.055,10.072,10.091,10.106,10.119,10.137,10.16,10.18,10.202,10.221,10.242,10.264,10.284,10.303,10.322,10.34,10.365,10.383,10.401,10.42,10.439,10.458,10.477,10.492,10.517,10.534,10.557,10.583,10.612,10.638,10.656,10.686,10.713,10.733,10.766,10.791,10.824,10.862,10.903,10.946,10.989,11.047,11.116,11.187,11.265,11.372,11.483,11.69,12.115
667,OTH FP,7.748,8.33,8.532,8.632,8.767,8.835,8.898,8.943,8.997,9.047,9.091,9.122,9.157,9.197,9.24,9.278,9.314,9.338,9.372,9.4,9.427,9.447,9.475,9.493,9.521,9.55,9.563,9.581,9.602,9.621,9.642,9.66,9.68,9.702,9.722,9.74,9.763,9.784,9.803,9.817,9.838,9.852,9.872,9.887,9.907,9.931,9.949,9.969,9.984,10.007,10.02,10.038,10.055,10.072,10.091,10.106,10.119,10.137,10.16,10.18,10.202,10.221,10.242,10.264,10.284,10.303,10.322,10.34,10.365,10.383,10.401,10.42,10.439,10.458,10.477,10.492,10.517,10.534,10.557,10.583,10.612,10.638,10.656,10.686,10.713,10.733,10.766,10.791,10.824,10.862,10.903,10.946,10.989,11.047,11.116,11.187,11.265,11.372,11.483,11.69,12.115
668,OTH FP,7.895,8.321,8.511,8.63,8.748,8.842,8.91,8.965,9.004,9.044,9.08,9.134,9.16,9.191,9.22,9.249,9.285,9.311,9.339,9.363,9.389,9.418,9.441,9.463,9.489,9.515,9.542,9.558,9.579,9.6,9.626,9.645,9.663,9.686,9.706,9.726,9.746,9.765,9.781,9.801,9.818,9.838,9.853,9.873,9.893,9.912,9.929,9.953,9.973,9.985,9.998,10.015,10.034,10.049,10.066,10.083,10.096,10.113,10.127,10.136,10.151,10.164,10.179,10.197,10.218,10.234,10.251,10.273,10.298,10.318,10.338,10.365,10.378,10.395,10.417,10.437,10.459,10.488,10.514,10.539,10.56,10.592,10.61,10.635,10.665,10.708,10.744,10.77,10.801,10.834,10.872,10.907,10.941,10.992,11.042,11.105,11.175,11.253,11.364,11.564,12.072
669,OTH FP,7.895,8.321,8.511,8.63,8.748,8.842,8.91,8.965,9.004,9.044,9.08,9.134,9.16,9.191,9.22,9.249,9.285,9.311,9.339,9.363,9.389,9.418,9.441,9.463,9.489,9.515,9.542,9.558,9.579,9.6,9.626,9.645,9.663,9.686,9.706,9.726,9.746,9.765,9.781,9.801,9.818,9.838,9.853,9.873,9.893,9.912,9.929,9.953,9.973,9.985,9.998,10.015,10.034,10.049,10.066,10.083,10.096,10.113,10.127,10.136,10.151,10.164,10.179,10.197,10.218,10.234,10.251,10.273,10.298,10.318,10.338,10.365,10.378,10.395,10.417,10.437,10.459,10.488,10.514,10.539,10.56,10.592,10.61,10.635,10.665,10.708,10.744,10.77,10.801,10.834,10.872,10.907,10.941,10.992,11.042,11.105,11.175,11.253,11.364,11.564,12.072
670,OTH FP,7.866,8.409,8.589,8.697,8.764,8.821,8.869,8.93,8.971,9.011,9.049,9.09,9.129,9.169,9.204,9.234,9.266,9.297,9.328,9.348,9.37,9.391,9.422,9.446,9.474,9.497,9.52,9.542,9.556,9.577,9.6,9.617,9.636,9.655,9.675,9.696,9.714,9.733,9.75,9.765,9.792,9.81,9.827,9.843,9.861,9.876,9.892,9.912,9.927,9.944,9.965,9.979,10.002,10.017,10.032,10.051,10.066,10.086,10.102,10.116,10.131,10.144,10.159,10.174,10.194,10.214,10.228,10.245,10.262,10.279,10.296,10.319,10.34,10.357,10.377,10.402,10.422,10.44,10.462,10.487,10.507,10.532,10.552,10.586,10.613,10.637,10.668,10.692,10.726,10.756,10.799,10.842,10.894,10.934,10.987,11.035,11.102,11.218,11.309,11.457,11.975
671,OTH FP,7.866,8.409,8.589,8.697,8.764,8.821,8.869,8.93,8.971,9.011,9.049,9.09,9.129,9.169,9.204,9.234,9.266,9.297,9.328,9.348,9.37,9.391,9.422,9.446,9.474,9.497,9.52,9.542,9.556,9.577,9.6,9.617,9.636,9.655,9.675,9.696,9.714,9.733,9.75,9.765,9.792,9.81,9.827,9.843,9.861,9.876,9.892,9.912,9.927,9.944,9.965,9.979,10.002,10.017,10.032,10.051,10.066,10.086,10.102,10.116,10.131,10.144,10.159,10.174,10.194,10.214,10.228,10.245,10.262,10.279,10.296,10.319,10.34,10.357,10.377,10.402,10.422,10.44,10.462,10.487,10.507,10.532,10.552,10.586,10.613,10.637,10.668,10.692,10.726,10.756,10.799,10.842,10.894,10.934,10.987,11.035,11.102,11.218,11.309,11.457,11.975
672,OTH FP,7.808,8.411,8.626,8.732,8.794,8.887,8.946,8.993,9.038,9.061,9.097,9.132,9.155,9.184,9.21,9.242,9.266,9.292,9.32,9.35,9.369,9.395,9.421,9.438,9.461,9.484,9.501,9.523,9.55,9.573,9.589,9.606,9.621,9.641,9.66,9.685,9.7,9.722,9.737,9.751,9.765,9.781,9.796,9.813,9.824,9.845,9.861,9.876,9.893,9.909,9.921,9.935,9.953,9.97,9.984,9.999,10.011,10.029,10.044,10.061,10.074,10.089,10.107,10.126,10.142,10.157,10.177,10.193,10.209,10.23,10.245,10.262,10.28,10.299,10.318,10.335,10.357,10.379,10.403,10.426,10.45,10.477,10.503,10.525,10.546,10.563,10.599,10.624,10.659,10.687,10.718,10.75,10.793,10.832,10.873,10.943,11.004,11.074,11.198,11.42,11.807
673,OTH FP,7.808,8.411,8.626,8.732,8.794,8.887,8.946,8.993,9.038,9.061,9.097,9.132,9.155,9.184,9.21,9.242,9.266,9.292,9.32,9.35,9.369,9.395,9.421,9.438,9.461,9.484,9.501,9.523,9.55,9.573,9.589,9.606,9.621,9.641,9.66,9.685,9.7,9.722,9.737,9.751,9.765,9.781,9.796,9.813,9.824,9.845,9.861,9.876,9.893,9.909,9.921,9.935,9.953,9.97,9.984,9.999,10.011,10.029,10.044,10.061,10.074,10.089,10.107,10.126,10.142,10.157,10.177,10.193,10.209,10.23,10.245,10.262,10.28,10.299,10.318,10.335,10.357,10.379,10.403,10.426,10.45,10.477,10.503,10.525,10.546,10.563,10.599,10.624,10.659,10.687,10.718,10.75,10.793,10.832,10.873,10.943,11.004,11.074,11.198,11.42,11.807
674,OTH FP,7.953,8.422,8.612,8.717,8.788,8.845,8.889,8.944,8.99,9.036,9.085,9.115,9.147,9.182,9.209,9.231,9.255,9.279,9.299,9.323,9.347,9.367,9.388,9.407,9.428,9.455,9.476,9.493,9.512,9.531,9.546,9.568,9.587,9.604,9.619,9.638,9.657,9.672,9.693,9.712,9.728,9.747,9.766,9.78,9.796,9.814,9.83,9.845,9.856,9.871,9.886,9.899,9.915,9.931,9.95,9.968,9.98,9.996,10.016,10.034,10.052,10.067,10.088,10.108,10.123,10.142,10.158,10.17,10.189,10.207,10.223,10.24,10.257,10.274,10.296,10.316,10.335,10.357,10.382,10.4,10.422,10.45,10.481,10.508,10.533,10.557,10.588,10.619,10.652,10.683,10.715,10.745,10.79,10.833,10.889,10.942,11.003,11.092,11.212,11.404,11.778
675,OTH FP,7.953,8.422,8.612,8.717,8.788,8.845,8.889,8.944,8.99,9.036,9.085,9.115,9.147,9.182,9.209,9.231,9.255,9.279,9.299,9.323,9.347,9.367,9.388,9.407,9.428,9.455,9.476,9.493,9.512,9.531,9.546,9.568,9.587,9.604,9.619,9.638,9.657,9.672,9.693,9.712,9.728,9.747,9.766,9.78,9.796,9.814,9.83,9.845,9.856,9.871,9.886,9.899,9.915,9.931,9.95,9.968,9.98,9.996,10.016,10.034,10.052,10.067,10.088,10.108,10.123,10.142,10.158,10.17,10.189,10.207,10.223,10.24,10.257,10.274,10.296,10.316,10.335,10.357,10.382,10.4,10.422,10.45,10.481,10.508,10.533,10.557,10.588,10.619,10.652,10.683,10.715,10.745,10.79,10.833,10.889,10.942,11.003,11.092,11.212,11.404,11.778
676,OTH FP,7.795,8.369,8.516,8.627,8.712,8.788,8.852,8.899,8.953,8.978,9.021,9.056,9.1,9.135,9.169,9.2,9.228,9.249,9.268,9.293,9.317,9.341,9.362,9.383,9.406,9.425,9.45,9.467,9.485,9.504,9.521,9.54,9.562,9.584,9.602,9.627,9.651,9.668,9.684,9.702,9.72,9.738,9.754,9.775,9.788,9.804,9.825,9.846,9.863,9.882,9.897,9.913,9.925,9.941,9.957,9.972,9.989,10.006,10.019,10.038,10.055,10.072,10.089,10.106,10.123,10.137,10.151,10.173,10.192,10.209,10.227,10.244,10.264,10.286,10.304,10.329,10.349,10.37,10.387,10.413,10.443,10.467,10.502,10.529,10.556,10.58,10.618,10.65,10.686,10.725,10.76,10.797,10.841,10.88,10.93,10.98,11.038,11.113,11.207,11.366,11.98
677,OTH FP,7.795,8.369,8.516,8.627,8.712,8.788,8.852,8.899,8.953,8.978,9.021,9.056,9.1,9.135,9.169,9.2,9.228,9.249,9.268,9.293,9.317,9.341,9.362,9.383,9.406,9.425,9.45,9.467,9.485,9.504,9.521,9.54,9.562,9.584,9.602,9.627,9.651,9.668,9.684,9.702,9.72,9.738,9.754,9.775,9.788,9.804,9.825,9.846,9.863,9.882,9.897,9.913,9.925,9.941,9.957,9.972,9.989,10.006,10.019,10.038,10.055,10.072,10.089,10.106,10.123,10.137,10.151,10.173,10.192,10.209,10.227,10.244,10.264,10.286,10.304,10.329,10.349,10.37,10.387,10.413,10.443,10.467,10.502,10.529,10.556,10.58,10.618,10.65,10.686,10.725,10.76,10.797,10.841,10.88,10.93,10.98,11.038,11.113,11.207,11.366,11.98
678,OTH FP,7.638,8.273,8.452,8.548,8.652,8.748,8.822,8.866,8.918,8.954,8.993,9.022,9.055,9.086,9.116,9.147,9.179,9.206,9.235,9.262,9.29,9.319,9.347,9.368,9.393,9.416,9.441,9.463,9.48,9.502,9.526,9.543,9.557,9.573,9.593,9.613,9.635,9.652,9.672,9.689,9.707,9.725,9.739,9.761,9.783,9.796,9.811,9.829,9.847,9.87,9.888,9.903,9.921,9.941,9.957,9.971,9.984,9.999,10.019,10.039,10.06,10.082,10.1,10.118,10.134,10.156,10.17,10.189,10.208,10.235,10.259,10.277,10.289,10.311,10.334,10.35,10.367,10.386,10.406,10.433,10.461,10.489,10.51,10.536,10.564,10.6,10.631,10.66,10.694,10.722,10.767,10.802,10.839,10.889,10.945,11.022,11.082,11.166,11.306,11.538,11.928
679,OTH FP,7.638,8.273,8.452,8.548,8.652,8.748,8.822,8.866,8.918,8.954,8.993,9.022,9.055,9.086,9.116,9.147,9.179,9.206,9.235,9.262,9.29,9.319,9.347,9.368,9.393,9.416,9.441,9.463,9.48,9.502,9.526,9.543,9.557,9.573,9.593,9.613,9.635,9.652,9.672,9.689,9.707,9.725,9.739,9.761,9.783,9.796,9.811,9.829,9.847,9.87,9.888,9.903,9.921,9.941,9.957,9.971,9.984,9.999,10.019,10.039,10.06,10.082,10.1,10.118,10.134,10.156,10.17,10.189,10.208,10.235,10.259,10.277,10.289,10.311,10.334,10.35,10.367,10.386,10.406,10.433,10.461,10.489,10.51,10.536,10.564,10.6,10.631,10.66,10.694,10.722,10.767,10.802,10.839,10.889,10.945,11.022,11.082,11.166,11.306,11.538,11.928
680,OTH FP,7.83,8.199,8.415,8.584,8.646,8.713,8.769,8.821,8.875,8.931,8.98,9.025,9.056,9.088,9.12,9.148,9.172,9.203,9.237,9.26,9.289,9.311,9.334,9.36,9.381,9.405,9.437,9.458,9.481,9.499,9.514,9.533,9.558,9.581,9.602,9.621,9.642,9.656,9.673,9.688,9.706,9.722,9.742,9.758,9.774,9.79,9.807,9.819,9.842,9.855,9.873,9.894,9.912,9.928,9.947,9.973,9.992,10.008,10.025,10.043,10.057,10.076,10.091,10.11,10.129,10.149,10.167,10.187,10.206,10.222,10.238,10.261,10.279,10.306,10.332,10.35,10.377,10.401,10.428,10.45,10.472,10.495,10.525,10.554,10.589,10.618,10.654,10.681,10.712,10.745,10.786,10.832,10.866,10.909,10.959,11.022,11.102,11.19,11.308,11.505,12.028
681,OTH FP,7.83,8.199,8.415,8.584,8.646,8.713,8.769,8.821,8.875,8.931,8.98,9.025,9.056,9.088,9.12,9.148,9.172,9.203,9.237,9.26,9.289,9.311,9.334,9.36,9.381,9.405,9.437,9.458,9.481,9.499,9.514,9.533,9.558,9.581,9.602,9.621,9.642,9.656,9.673,9.688,9.706,9.722,9.742,9.758,9.774,9.79,9.807,9.819,9.842,9.855,9.873,9.894,9.912,9.928,9.947,9.973,9.992,10.008,10.025,10.043,10.057,10.076,10.091,10.11,10.129,10.149,10.167,10.187,10.206,10.222,10.238,10.261,10.279,10.306,10.332,10.35,10.377,10.401,10.428,10.45,10.472,10.495,10.525,10.554,10.589,10.618,10.654,10.681,10.712,10.745,10.786,10.832,10.866,10.909,10.959,11.022,11.102,11.19,11.308,11.505,12.028
682,OTH FP,7.716,8.272,8.435,8.533,8.635,8.722,8.784,8.842,8.892,8.94,8.986,9.035,9.067,9.105,9.13,9.16,9.178,9.209,9.234,9.265,9.301,9.33,9.355,9.375,9.393,9.415,9.433,9.452,9.473,9.494,9.514,9.538,9.558,9.581,9.601,9.624,9.643,9.666,9.686,9.702,9.722,9.74,9.754,9.768,9.784,9.798,9.811,9.827,9.845,9.863,9.879,9.897,9.916,9.934,9.947,9.965,9.982,9.998,10.012,10.028,10.043,10.064,10.078,10.103,10.126,10.144,10.161,10.184,10.204,10.224,10.245,10.263,10.282,10.304,10.323,10.348,10.374,10.397,10.42,10.444,10.473,10.492,10.519,10.548,10.569,10.603,10.637,10.666,10.698,10.739,10.78,10.825,10.869,10.919,10.957,11.029,11.119,11.223,11.361,11.495,11.949
683,OTH FP,7.716,8.272,8.435,8.533,8.635,8.722,8.784,8.842,8.892,8.94,8.986,9.035,9.067,9.105,9.13,9.16,9.178,9.209,9.234,9.265,9.301,9.33,9.355,9.375,9.393,9.415,9.433,9.452,9.473,9.494,9.514,9.538,9.558,9.581,9.601,9.624,9.643,9.666,9.686,9.702,9.722,9.74,9.754,9.768,9.784,9.798,9.811,9.827,9.845,9.863,9.879,9.897,9.916,9.934,9.947,9.965,9.982,9.998,10.012,10.028,10.043,10.064,10.078,10.103,10.126,10.144,10.161,10.184,10.204,10.224,10.245,10.263,10.282,10.304,10.323,10.348,10.374,10.397,10.42,10.444,10.473,10.492,10.519,10.548,10.569,10.603,10.637,10.666,10.698,10.739,10.78,10.825,10.869,10.919,10.957,11.029,11.119,11.223,11.361,11.495,11.949
684,OTH FP,7.858,8.276,8.464,8.598,8.686,8.747,8.803,8.852,8.902,8.935,8.976,9.021,9.045,9.08,9.113,9.144,9.173,9.205,9.234,9.261,9.293,9.313,9.334,9.353,9.379,9.404,9.421,9.446,9.465,9.492,9.512,9.535,9.556,9.571,9.587,9.604,9.622,9.643,9.66,9.677,9.691,9.707,9.724,9.737,9.755,9.774,9.794,9.809,9.828,9.843,9.86,9.879,9.892,9.91,9.929,9.947,9.965,9.984,10.001,10.018,10.035,10.052,10.07,10.089,10.108,10.124,10.141,10.164,10.185,10.206,10.226,10.241,10.261,10.287,10.307,10.332,10.351,10.368,10.391,10.418,10.435,10.46,10.483,10.511,10.535,10.558,10.586,10.612,10.663,10.703,10.756,10.803,10.862,10.909,10.97,11.058,11.13,11.209,11.311,11.482,11.881
685,OTH FP,7.858,8.276,8.464,8.598,8.686,8.747,8.803,8.852,8.902,8.935,8.976,9.021,9.045,9.08,9.113,9.144,9.173,9.205,9.234,9.261,9.293,9.313,9.334,9.353,9.379,9.404,9.421,9.446,9.465,9.492,9.512,9.535,9.556,9.571,9.587,9.604,9.622,9.643,9.66,9.677,9.691,9.707,9.724,9.737,9.755,9.774,9.794,9.809,9.828,9.843,9.86,9.879,9.892,9.91,9.929,9.947,9.965,9.984,10.001,10.018,10.035,10.052,10.07,10.089,10.108,10.124,10.141,10.164,10.185,10.206,10.226,10.241,10.261,10.287,10.307,10.332,10.351,10.368,10.391,10.418,10.435,10.46,10.483,10.511,10.535,10.558,10.586,10.612,10.663,10.703,10.756,10.803,10.862,10.909,10.97,11.058,11.13,11.209,11.311,11.482,11.881
686,OTH FP,7.753,8.288,8.51,8.637,8.718,8.774,8.82,8.884,8.937,8.976,9.011,9.049,9.085,9.113,9.15,9.179,9.205,9.235,9.255,9.284,9.312,9.335,9.355,9.382,9.402,9.427,9.445,9.464,9.48,9.501,9.525,9.547,9.564,9.578,9.595,9.611,9.631,9.651,9.668,9.685,9.703,9.718,9.738,9.754,9.765,9.78,9.795,9.812,9.831,9.851,9.864,9.88,9.895,9.916,9.931,9.949,9.968,9.986,10.003,10.022,10.039,10.054,10.073,10.09,10.108,10.122,10.143,10.161,10.178,10.197,10.217,10.239,10.256,10.272,10.293,10.315,10.334,10.357,10.381,10.406,10.426,10.451,10.475,10.499,10.521,10.553,10.581,10.615,10.641,10.677,10.719,10.766,10.816,10.868,10.93,11.004,11.058,11.111,11.262,11.422,11.842
687,OTH FP,7.753,8.288,8.51,8.637,8.718,8.774,8.82,8.884,8.937,8.976,9.011,9.049,9.085,9.113,9.15,9.179,9.205,9.235,9.255,9.284,9.312,9.335,9.355,9.382,9.402,9.427,9.445,9.464,9.48,9.501,9.525,9.547,9.564,9.578,9.595,9.611,9.631,9.651,9.668,9.685,9.703,9.718,9.738,9.754,9.765,9.78,9.795,9.812,9.831,9.851,9.864,9.88,9.895,9.916,9.931,9.949,9.968,9.986,10.003,10.022,10.039,10.054,10.073,10.09,10.108,10.122,10.143,10.161,10.178,10.197,10.217,10.239,10.256,10.272,10.293,10.315,10.334,10.357,10.381,10.406,10.426,10.451,10.475,10.499,10.521,10.553,10.581,10.615,10.641,10.677,10.719,10.766,10.816,10.868,10.93,11.004,11.058,11.111,11.262,11.422,11.842
688,OTH FP,7.718,8.26,8.42,8.556,8.632,8.733,8.797,8.843,8.886,8.947,8.987,9.022,9.058,9.088,9.123,9.151,9.18,9.206,9.24,9.265,9.293,9.318,9.335,9.356,9.382,9.409,9.431,9.46,9.487,9.506,9.527,9.547,9.564,9.585,9.607,9.623,9.642,9.663,9.681,9.698,9.718,9.738,9.758,9.776,9.794,9.811,9.829,9.845,9.863,9.884,9.9,9.919,9.936,9.952,9.973,9.991,10.007,10.026,10.046,10.063,10.08,10.096,10.108,10.13,10.144,10.162,10.177,10.194,10.212,10.234,10.251,10.269,10.291,10.31,10.334,10.353,10.375,10.399,10.419,10.435,10.461,10.484,10.51,10.536,10.561,10.595,10.625,10.652,10.686,10.717,10.747,10.791,10.839,10.891,10.952,11.011,11.076,11.167,11.288,11.463,11.88
689,OTH FP,7.718,8.26,8.42,8.556,8.632,8.733,8.797,8.843,8.886,8.947,8.987,9.022,9.058,9.088,9.123,9.151,9.18,9.206,9.24,9.265,9.293,9.318,9.335,9.356,9.382,9.409,9.431,9.46,9.487,9.506,9.527,9.547,9.564,9.585,9.607,9.623,9.642,9.663,9.681,9.698,9.718,9.738,9.758,9.776,9.794,9.811,9.829,9.845,9.863,9.884,9.9,9.919,9.936,9.952,9.973,9.991,10.007,10.026,10.046,10.063,10.08,10.096,10.108,10.13,10.144,10.162,10.177,10.194,10.212,10.234,10.251,10.269,10.291,10.31,10.334,10.353,10.375,10.399,10.419,10.435,10.461,10.484,10.51,10.536,10.561,10.595,10.625,10.652,10.686,10.717,10.747,10.791,10.839,10.891,10.952,11.011,11.076,11.167,11.288,11.463,11.88
690,OTH FP,7.636,8.189,8.438,8.536,8.622,8.719,8.786,8.837,8.882,8.928,8.974,9.017,9.053,9.078,9.108,9.14,9.176,9.208,9.227,9.254,9.285,9.311,9.33,9.35,9.374,9.399,9.419,9.44,9.463,9.481,9.508,9.529,9.543,9.567,9.582,9.601,9.62,9.639,9.665,9.689,9.703,9.72,9.739,9.758,9.773,9.796,9.815,9.832,9.844,9.866,9.883,9.903,9.923,9.94,9.954,9.974,9.99,10.002,10.019,10.037,10.052,10.074,10.09,10.114,10.13,10.15,10.169,10.187,10.202,10.227,10.243,10.268,10.285,10.305,10.324,10.343,10.363,10.39,10.415,10.447,10.472,10.499,10.531,10.554,10.592,10.621,10.658,10.682,10.719,10.757,10.801,10.843,10.885,10.931,10.993,11.069,11.136,11.228,11.346,11.509,12.098
691,OTH FP,7.636,8.189,8.438,8.536,8.622,8.719,8.786,8.837,8.882,8.928,8.974,9.017,9.053,9.078,9.108,9.14,9.176,9.208,9.227,9.254,9.285,9.311,9.33,9.35,9.374,9.399,9.419,9.44,9.463,9.481,9.508,9.529,9.543,9.567,9.582,9.601,9.62,9.639,9.665,9.689,9.703,9.72,9.739,9.758,9.773,9.796,9.815,9.832,9.844,9.866,9.883,9.903,9.923,9.94,9.954,9.974,9.99,10.002,10.019,10.037,10.052,10.074,10.09,10.114,10.13,10.15,10.169,10.187,10.202,10.227,10.243,10.268,10.285,10.305,10.324,10.343,10.363,10.39,10.415,10.447,10.472,10.499,10.531,10.554,10.592,10.621,10.658,10.682,10.719,10.757,10.801,10.843,10.885,10.931,10.993,11.069,11.136,11.228,11.346,11.509,12.098
692,OTH FP,7.618,8.248,8.407,8.559,8.64,8.71,8.761,8.809,8.852,8.917,8.973,9.018,9.047,9.081,9.119,9.158,9.178,9.205,9.238,9.266,9.288,9.315,9.334,9.361,9.382,9.406,9.436,9.457,9.477,9.498,9.521,9.549,9.567,9.59,9.611,9.632,9.644,9.663,9.683,9.705,9.726,9.743,9.761,9.776,9.795,9.817,9.835,9.851,9.862,9.879,9.891,9.904,9.918,9.935,9.953,9.971,9.988,10.003,10.02,10.033,10.049,10.068,10.085,10.101,10.118,10.137,10.159,10.178,10.204,10.224,10.243,10.26,10.277,10.295,10.318,10.346,10.374,10.404,10.426,10.45,10.475,10.501,10.535,10.567,10.597,10.639,10.671,10.709,10.743,10.787,10.826,10.867,10.906,10.944,11.006,11.065,11.141,11.228,11.33,11.509,12.131
693,OTH FP,7.618,8.248,8.407,8.559,8.64,8.71,8.761,8.809,8.852,8.917,8.973,9.018,9.047,9.081,9.119,9.158,9.178,9.205,9.238,9.266,9.288,9.315,9.334,9.361,9.382,9.406,9.436,9.457,9.477,9.498,9.521,9.549,9.567,9.59,9.611,9.632,9.644,9.663,9.683,9.705,9.726,9.743,9.761,9.776,9.795,9.817,9.835,9.851,9.862,9.879,9.891,9.904,9.918,9.935,9.953,9.971,9.988,10.003,10.02,10.033,10.049,10.068,10.085,10.101,10.118,10.137,10.159,10.178,10.204,10.224,10.243,10.26,10.277,10.295,10.318,10.346,10.374,10.404,10.426,10.45,10.475,10.501,10.535,10.567,10.597,10.639,10.671,10.709,10.743,10.787,10.826,10.867,10.906,10.944,11.006,11.065,11.141,11.228,11.33,11.509,12.131
694,OTH FP,7.697,8.233,8.42,8.542,8.646,8.709,8.787,8.854,8.904,8.954,8.998,9.035,9.077,9.117,9.152,9.178,9.209,9.242,9.266,9.289,9.308,9.329,9.355,9.377,9.398,9.418,9.443,9.471,9.492,9.51,9.525,9.542,9.565,9.584,9.604,9.623,9.642,9.66,9.682,9.701,9.718,9.743,9.762,9.776,9.792,9.809,9.825,9.848,9.864,9.882,9.896,9.921,9.936,9.954,9.975,9.998,10.014,10.03,10.052,10.067,10.081,10.099,10.118,10.128,10.144,10.165,10.181,10.2,10.218,10.234,10.254,10.275,10.297,10.319,10.339,10.357,10.376,10.401,10.428,10.45,10.475,10.504,10.532,10.561,10.599,10.632,10.667,10.696,10.725,10.766,10.804,10.847,10.894,10.946,10.999,11.065,11.14,11.226,11.335,11.484,12.099
695,OTH FP,7.697,8.233,8.42,8.542,8.646,8.709,8.787,8.854,8.904,8.954,8.998,9.035,9.077,9.117,9.152,9.178,9.209,9.242,9.266,9.289,9.308,9.329,9.355,9.377,9.398,9.418,9.443,9.471,9.492,9.51,9.525,9.542,9.565,9.584,9.604,9.623,9.642,9.66,9.682,9.701,9.718,9.743,9.762,9.776,9.792,9.809,9.825,9.848,9.864,9.882,9.896,9.921,9.936,9.954,9.975,9.998,10.014,10.03,10.052,10.067,10.081,10.099,10.118,10.128,10.144,10.165,10.181,10.2,10.218,10.234,10.254,10.275,10.297,10.319,10.339,10.357,10.376,10.401,10.428,10.45,10.475,10.504,10.532,10.561,10.599,10.632,10.667,10.696,10.725,10.766,10.804,10.847,10.894,10.946,10.999,11.065,11.14,11.226,11.335,11.484,12.099
696,OTH FP,7.718,8.242,8.459,8.554,8.676,8.755,8.836,8.887,8.946,8.992,9.042,9.066,9.099,9.125,9.148,9.183,9.213,9.25,9.275,9.302,9.328,9.356,9.374,9.395,9.415,9.438,9.458,9.474,9.491,9.514,9.538,9.566,9.587,9.606,9.627,9.643,9.66,9.678,9.693,9.712,9.732,9.744,9.759,9.775,9.795,9.814,9.831,9.845,9.864,9.876,9.891,9.906,9.921,9.942,9.955,9.979,9.999,10.016,10.031,10.049,10.065,10.08,10.098,10.112,10.129,10.144,10.162,10.182,10.201,10.222,10.249,10.27,10.292,10.315,10.331,10.348,10.368,10.394,10.421,10.44,10.467,10.496,10.528,10.556,10.585,10.615,10.644,10.686,10.712,10.745,10.785,10.83,10.872,10.923,10.983,11.054,11.133,11.219,11.306,11.526,12.194
697,OTH FP,7.718,8.242,8.459,8.554,8.676,8.755,8.836,8.887,8.946,8.992,9.042,9.066,9.099,9.125,9.148,9.183,9.213,9.25,9.275,9.302,9.328,9.356,9.374,9.395,9.415,9.438,9.458,9.474,9.491,9.514,9.538,9.566,9.587,9.606,9.627,9.643,9.66,9.678,9.693,9.712,9.732,9.744,9.759,9.775,9.795,9.814,9.831,9.845,9.864,9.876,9.891,9.906,9.921,9.942,9.955,9.979,9.999,10.016,10.031,10.049,10.065,10.08,10.098,10.112,10.129,10.144,10.162,10.182,10.201,10.222,10.249,10.27,10.292,10.315,10.331,10.348,10.368,10.394,10.421,10.44,10.467,10.496,10.528,10.556,10.585,10.615,10.644,10.686,10.712,10.745,10.785,10.83,10.872,10.923,10.983,11.054,11.133,11.219,11.306,11.526,12.194
698,OTH FP,7.747,8.262,8.476,8.619,8.73,8.812,8.862,8.913,8.974,9.016,9.05,9.078,9.118,9.145,9.172,9.199,9.236,9.262,9.293,9.319,9.344,9.367,9.391,9.417,9.433,9.457,9.486,9.503,9.52,9.543,9.563,9.582,9.601,9.613,9.632,9.649,9.662,9.68,9.696,9.709,9.727,9.742,9.76,9.774,9.794,9.813,9.837,9.857,9.867,9.885,9.906,9.921,9.936,9.953,9.968,9.982,9.995,10.009,10.022,10.037,10.054,10.072,10.094,10.113,10.133,10.149,10.171,10.191,10.214,10.234,10.252,10.27,10.289,10.306,10.33,10.347,10.366,10.386,10.415,10.439,10.472,10.494,10.522,10.551,10.584,10.605,10.631,10.667,10.693,10.729,10.769,10.801,10.86,10.904,10.947,11.002,11.062,11.142,11.244,11.42,11.822
699,OTH FP,7.747,8.262,8.476,8.619,8.73,8.812,8.862,8.913,8.974,9.016,9.05,9.078,9.118,9.145,9.172,9.199,9.236,9.262,9.293,9.319,9.344,9.367,9.391,9.417,9.433,9.457,9.486,9.503,9.52,9.543,9.563,9.582,9.601,9.613,9.632,9.649,9.662,9.68,9.696,9.709,9.727,9.742,9.76,9.774,9.794,9.813,9.837,9.857,9.867,9.885,9.906,9.921,9.936,9.953,9.968,9.982,9.995,10.009,10.022,10.037,10.054,10.072,10.094,10.113,10.133,10.149,10.171,10.191,10.214,10.234,10.252,10.27,10.289,10.306,10.33,10.347,10.366,10.386,10.415,10.439,10.472,10.494,10.522,10.551,10.584,10.605,10.631,10.667,10.693,10.729,10.769,10.801,10.86,10.904,10.947,11.002,11.062,11.142,11.244,11.42,11.822
700,OTH FP,7.995,8.398,8.564,8.701,8.795,8.878,8.935,8.977,9.022,9.067,9.104,9.132,9.158,9.194,9.227,9.268,9.294,9.316,9.339,9.358,9.382,9.401,9.422,9.438,9.463,9.483,9.505,9.519,9.541,9.556,9.574,9.588,9.605,9.621,9.641,9.657,9.672,9.688,9.704,9.722,9.739,9.753,9.767,9.784,9.8,9.815,9.829,9.844,9.864,9.88,9.899,9.917,9.938,9.953,9.972,9.986,9.999,10.021,10.038,10.054,10.072,10.088,10.108,10.133,10.151,10.169,10.184,10.201,10.215,10.232,10.248,10.269,10.289,10.31,10.329,10.348,10.367,10.389,10.417,10.443,10.468,10.493,10.512,10.535,10.558,10.579,10.599,10.623,10.652,10.685,10.718,10.767,10.813,10.856,10.895,10.944,11.012,11.085,11.158,11.334,11.928
701,OTH FP,7.995,8.398,8.564,8.701,8.795,8.878,8.935,8.977,9.022,9.067,9.104,9.132,9.158,9.194,9.227,9.268,9.294,9.316,9.339,9.358,9.382,9.401,9.422,9.438,9.463,9.483,9.505,9.519,9.541,9.556,9.574,9.588,9.605,9.621,9.641,9.657,9.672,9.688,9.704,9.722,9.739,9.753,9.767,9.784,9.8,9.815,9.829,9.844,9.864,9.88,9.899,9.917,9.938,9.953,9.972,9.986,9.999,10.021,10.038,10.054,10.072,10.088,10.108,10.133,10.151,10.169,10.184,10.201,10.215,10.232,10.248,10.269,10.289,10.31,10.329,10.348,10.367,10.389,10.417,10.443,10.468,10.493,10.512,10.535,10.558,10.579,10.599,10.623,10.652,10.685,10.718,10.767,10.813,10.856,10.895,10.944,11.012,11.085,11.158,11.334,11.928
702,OTH FP,7.892,8.364,8.529,8.646,8.712,8.767,8.821,8.864,8.911,8.957,9.0,9.043,9.074,9.098,9.126,9.154,9.18,9.2,9.222,9.242,9.269,9.286,9.308,9.33,9.359,9.386,9.406,9.425,9.438,9.462,9.48,9.5,9.529,9.548,9.565,9.581,9.601,9.617,9.634,9.652,9.672,9.688,9.705,9.722,9.741,9.754,9.771,9.789,9.807,9.822,9.835,9.852,9.872,9.89,9.903,9.918,9.932,9.947,9.963,9.981,9.997,10.014,10.032,10.051,10.066,10.082,10.101,10.121,10.138,10.153,10.17,10.192,10.208,10.232,10.251,10.271,10.29,10.316,10.336,10.354,10.373,10.397,10.418,10.439,10.469,10.496,10.52,10.544,10.569,10.602,10.645,10.679,10.713,10.765,10.81,10.872,10.921,11.019,11.134,11.322,11.982
703,OTH FP,7.892,8.364,8.529,8.646,8.712,8.767,8.821,8.864,8.911,8.957,9.0,9.043,9.074,9.098,9.126,9.154,9.18,9.2,9.222,9.242,9.269,9.286,9.308,9.33,9.359,9.386,9.406,9.425,9.438,9.462,9.48,9.5,9.529,9.548,9.565,9.581,9.601,9.617,9.634,9.652,9.672,9.688,9.705,9.722,9.741,9.754,9.771,9.789,9.807,9.822,9.835,9.852,9.872,9.89,9.903,9.918,9.932,9.947,9.963,9.981,9.997,10.014,10.032,10.051,10.066,10.082,10.101,10.121,10.138,10.153,10.17,10.192,10.208,10.232,10.251,10.271,10.29,10.316,10.336,10.354,10.373,10.397,10.418,10.439,10.469,10.496,10.52,10.544,10.569,10.602,10.645,10.679,10.713,10.765,10.81,10.872,10.921,11.019,11.134,11.322,11.982
704,OTH FP,7.746,8.182,8.332,8.474,8.569,8.635,8.683,8.736,8.783,8.83,8.864,8.901,8.938,8.972,9.007,9.04,9.061,9.083,9.107,9.131,9.162,9.185,9.214,9.239,9.26,9.29,9.31,9.328,9.346,9.367,9.387,9.408,9.427,9.441,9.456,9.477,9.496,9.515,9.533,9.55,9.567,9.584,9.604,9.627,9.644,9.657,9.676,9.693,9.709,9.725,9.739,9.759,9.782,9.801,9.818,9.839,9.862,9.88,9.893,9.916,9.933,9.948,9.966,9.986,10.002,10.017,10.038,10.057,10.078,10.097,10.116,10.137,10.154,10.176,10.197,10.215,10.233,10.257,10.277,10.298,10.32,10.341,10.368,10.395,10.421,10.451,10.48,10.512,10.54,10.578,10.614,10.645,10.683,10.733,10.772,10.834,10.889,10.97,11.175,11.337,11.86
705,OTH FP,7.746,8.182,8.332,8.474,8.569,8.635,8.683,8.736,8.783,8.83,8.864,8.901,8.938,8.972,9.007,9.04,9.061,9.083,9.107,9.131,9.162,9.185,9.214,9.239,9.26,9.29,9.31,9.328,9.346,9.367,9.387,9.408,9.427,9.441,9.456,9.477,9.496,9.515,9.533,9.55,9.567,9.584,9.604,9.627,9.644,9.657,9.676,9.693,9.709,9.725,9.739,9.759,9.782,9.801,9.818,9.839,9.862,9.88,9.893,9.916,9.933,9.948,9.966,9.986,10.002,10.017,10.038,10.057,10.078,10.097,10.116,10.137,10.154,10.176,10.197,10.215,10.233,10.257,10.277,10.298,10.32,10.341,10.368,10.395,10.421,10.451,10.48,10.512,10.54,10.578,10.614,10.645,10.683,10.733,10.772,10.834,10.889,10.97,11.175,11.337,11.86
706,OTH FP,7.436,8.074,8.272,8.38,8.477,8.557,8.605,8.659,8.71,8.756,8.793,8.823,8.853,8.883,8.914,8.942,8.967,8.991,9.014,9.041,9.07,9.097,9.115,9.139,9.156,9.177,9.199,9.223,9.243,9.267,9.294,9.313,9.332,9.351,9.372,9.389,9.405,9.422,9.447,9.467,9.484,9.498,9.515,9.531,9.557,9.576,9.597,9.615,9.631,9.652,9.672,9.687,9.712,9.731,9.749,9.77,9.786,9.806,9.824,9.839,9.855,9.874,9.89,9.908,9.932,9.957,9.977,9.997,10.01,10.028,10.052,10.076,10.094,10.112,10.136,10.163,10.184,10.201,10.223,10.244,10.268,10.294,10.314,10.333,10.361,10.381,10.422,10.452,10.478,10.509,10.55,10.59,10.639,10.699,10.763,10.832,10.917,11.009,11.154,11.333,11.847
707,OTH FP,7.436,8.074,8.272,8.38,8.477,8.557,8.605,8.659,8.71,8.756,8.793,8.823,8.853,8.883,8.914,8.942,8.967,8.991,9.014,9.041,9.07,9.097,9.115,9.139,9.156,9.177,9.199,9.223,9.243,9.267,9.294,9.313,9.332,9.351,9.372,9.389,9.405,9.422,9.447,9.467,9.484,9.498,9.515,9.531,9.557,9.576,9.597,9.615,9.631,9.652,9.672,9.687,9.712,9.731,9.749,9.77,9.786,9.806,9.824,9.839,9.855,9.874,9.89,9.908,9.932,9.957,9.977,9.997,10.01,10.028,10.052,10.076,10.094,10.112,10.136,10.163,10.184,10.201,10.223,10.244,10.268,10.294,10.314,10.333,10.361,10.381,10.422,10.452,10.478,10.509,10.55,10.59,10.639,10.699,10.763,10.832,10.917,11.009,11.154,11.333,11.847
708,OTH FP,7.424,7.921,8.167,8.286,8.377,8.447,8.507,8.571,8.617,8.659,8.693,8.727,8.763,8.798,8.839,8.865,8.895,8.926,8.955,8.985,9.007,9.03,9.055,9.073,9.105,9.124,9.147,9.167,9.181,9.199,9.213,9.235,9.254,9.271,9.289,9.311,9.334,9.349,9.371,9.388,9.402,9.416,9.433,9.458,9.475,9.498,9.518,9.538,9.56,9.573,9.589,9.607,9.623,9.647,9.666,9.685,9.704,9.723,9.738,9.757,9.779,9.799,9.814,9.839,9.856,9.87,9.89,9.91,9.934,9.951,9.965,9.982,10.0,10.025,10.044,10.065,10.085,10.109,10.134,10.157,10.182,10.207,10.234,10.26,10.292,10.329,10.363,10.403,10.425,10.465,10.5,10.534,10.577,10.635,10.703,10.764,10.836,10.909,11.074,11.259,11.965
709,OTH FP,7.424,7.921,8.167,8.286,8.377,8.447,8.507,8.571,8.617,8.659,8.693,8.727,8.763,8.798,8.839,8.865,8.895,8.926,8.955,8.985,9.007,9.03,9.055,9.073,9.105,9.124,9.147,9.167,9.181,9.199,9.213,9.235,9.254,9.271,9.289,9.311,9.334,9.349,9.371,9.388,9.402,9.416,9.433,9.458,9.475,9.498,9.518,9.538,9.56,9.573,9.589,9.607,9.623,9.647,9.666,9.685,9.704,9.723,9.738,9.757,9.779,9.799,9.814,9.839,9.856,9.87,9.89,9.91,9.934,9.951,9.965,9.982,10.0,10.025,10.044,10.065,10.085,10.109,10.134,10.157,10.182,10.207,10.234,10.26,10.292,10.329,10.363,10.403,10.425,10.465,10.5,10.534,10.577,10.635,10.703,10.764,10.836,10.909,11.074,11.259,11.965
710,OTH FP,7.496,7.898,8.111,8.217,8.311,8.368,8.444,8.486,8.537,8.577,8.624,8.657,8.689,8.724,8.762,8.793,8.825,8.846,8.877,8.904,8.93,8.949,8.97,8.99,9.014,9.036,9.061,9.08,9.103,9.132,9.155,9.179,9.196,9.213,9.231,9.256,9.271,9.286,9.304,9.321,9.34,9.359,9.374,9.389,9.41,9.431,9.447,9.469,9.486,9.509,9.522,9.54,9.56,9.577,9.598,9.616,9.63,9.652,9.672,9.689,9.707,9.724,9.748,9.769,9.788,9.807,9.823,9.839,9.865,9.889,9.906,9.928,9.946,9.968,9.987,10.002,10.024,10.049,10.072,10.099,10.125,10.147,10.171,10.199,10.23,10.266,10.3,10.334,10.366,10.394,10.421,10.467,10.516,10.561,10.609,10.691,10.761,10.842,10.963,11.164,11.783
711,OTH FP,7.496,7.898,8.111,8.217,8.311,8.368,8.444,8.486,8.537,8.577,8.624,8.657,8.689,8.724,8.762,8.793,8.825,8.846,8.877,8.904,8.93,8.949,8.97,8.99,9.014,9.036,9.061,9.08,9.103,9.132,9.155,9.179,9.196,9.213,9.231,9.256,9.271,9.286,9.304,9.321,9.34,9.359,9.374,9.389,9.41,9.431,9.447,9.469,9.486,9.509,9.522,9.54,9.56,9.577,9.598,9.616,9.63,9.652,9.672,9.689,9.707,9.724,9.748,9.769,9.788,9.807,9.823,9.839,9.865,9.889,9.906,9.928,9.946,9.968,9.987,10.002,10.024,10.049,10.072,10.099,10.125,10.147,10.171,10.199,10.23,10.266,10.3,10.334,10.366,10.394,10.421,10.467,10.516,10.561,10.609,10.691,10.761,10.842,10.963,11.164,11.783
712,OTH FP,7.392,7.86,8.039,8.149,8.267,8.346,8.422,8.478,8.513,8.553,8.593,8.627,8.653,8.688,8.714,8.74,8.769,8.788,8.812,8.833,8.86,8.885,8.908,8.925,8.949,8.971,8.988,9.018,9.04,9.059,9.074,9.093,9.115,9.135,9.153,9.174,9.191,9.209,9.233,9.251,9.265,9.285,9.304,9.322,9.334,9.354,9.372,9.388,9.408,9.42,9.438,9.454,9.473,9.496,9.515,9.535,9.556,9.576,9.593,9.611,9.629,9.648,9.669,9.686,9.703,9.717,9.738,9.755,9.774,9.794,9.817,9.835,9.856,9.875,9.894,9.925,9.949,9.975,10.001,10.025,10.049,10.07,10.103,10.132,10.16,10.187,10.214,10.241,10.269,10.318,10.355,10.41,10.462,10.504,10.551,10.601,10.67,10.757,10.874,11.051,11.635
713,OTH FP,7.392,7.86,8.039,8.149,8.267,8.346,8.422,8.478,8.513,8.553,8.593,8.627,8.653,8.688,8.714,8.74,8.769,8.788,8.812,8.833,8.86,8.885,8.908,8.925,8.949,8.971,8.988,9.018,9.04,9.059,9.074,9.093,9.115,9.135,9.153,9.174,9.191,9.209,9.233,9.251,9.265,9.285,9.304,9.322,9.334,9.354,9.372,9.388,9.408,9.42,9.438,9.454,9.473,9.496,9.515,9.535,9.556,9.576,9.593,9.611,9.629,9.648,9.669,9.686,9.703,9.717,9.738,9.755,9.774,9.794,9.817,9.835,9.856,9.875,9.894,9.925,9.949,9.975,10.001,10.025,10.049,10.07,10.103,10.132,10.16,10.187,10.214,10.241,10.269,10.318,10.355,10.41,10.462,10.504,10.551,10.601,10.67,10.757,10.874,11.051,11.635
714,OTH FP,7.345,7.818,8.031,8.131,8.242,8.301,8.365,8.4,8.459,8.489,8.526,8.565,8.595,8.621,8.644,8.679,8.708,8.733,8.757,8.783,8.814,8.832,8.856,8.88,8.905,8.925,8.945,8.967,8.986,9.003,9.02,9.038,9.053,9.075,9.091,9.106,9.123,9.143,9.165,9.189,9.204,9.216,9.235,9.251,9.274,9.29,9.307,9.326,9.35,9.366,9.381,9.395,9.41,9.425,9.442,9.461,9.485,9.5,9.515,9.532,9.55,9.57,9.591,9.605,9.621,9.638,9.657,9.67,9.691,9.712,9.73,9.749,9.769,9.785,9.813,9.833,9.856,9.881,9.902,9.922,9.948,9.97,9.998,10.02,10.046,10.085,10.118,10.148,10.189,10.217,10.256,10.292,10.326,10.367,10.411,10.47,10.54,10.652,10.748,10.963,11.537
715,OTH FP,7.345,7.818,8.031,8.131,8.242,8.301,8.365,8.4,8.459,8.489,8.526,8.565,8.595,8.621,8.644,8.679,8.708,8.733,8.757,8.783,8.814,8.832,8.856,8.88,8.905,8.925,8.945,8.967,8.986,9.003,9.02,9.038,9.053,9.075,9.091,9.106,9.123,9.143,9.165,9.189,9.204,9.216,9.235,9.251,9.274,9.29,9.307,9.326,9.35,9.366,9.381,9.395,9.41,9.425,9.442,9.461,9.485,9.5,9.515,9.532,9.55,9.57,9.591,9.605,9.621,9.638,9.657,9.67,9.691,9.712,9.73,9.749,9.769,9.785,9.813,9.833,9.856,9.881,9.902,9.922,9.948,9.97,9.998,10.02,10.046,10.085,10.118,10.148,10.189,10.217,10.256,10.292,10.326,10.367,10.411,10.47,10.54,10.652,10.748,10.963,11.537
716,OTH FP,7.057,7.642,7.816,7.951,8.021,8.105,8.176,8.243,8.28,8.323,8.379,8.413,8.443,8.477,8.521,8.547,8.582,8.608,8.632,8.661,8.687,8.713,8.741,8.76,8.784,8.805,8.822,8.838,8.853,8.875,8.894,8.917,8.938,8.959,8.976,8.996,9.013,9.029,9.046,9.065,9.087,9.1,9.116,9.131,9.15,9.168,9.183,9.206,9.221,9.234,9.252,9.267,9.284,9.304,9.323,9.34,9.358,9.373,9.389,9.415,9.436,9.452,9.465,9.491,9.509,9.53,9.554,9.575,9.601,9.618,9.635,9.657,9.676,9.7,9.727,9.75,9.773,9.799,9.82,9.841,9.865,9.892,9.922,9.945,9.979,10.0,10.034,10.065,10.104,10.132,10.161,10.193,10.235,10.276,10.344,10.406,10.481,10.581,10.679,10.862,11.47
717,OTH FP,7.057,7.642,7.816,7.951,8.021,8.105,8.176,8.243,8.28,8.323,8.379,8.413,8.443,8.477,8.521,8.547,8.582,8.608,8.632,8.661,8.687,8.713,8.741,8.76,8.784,8.805,8.822,8.838,8.853,8.875,8.894,8.917,8.938,8.959,8.976,8.996,9.013,9.029,9.046,9.065,9.087,9.1,9.116,9.131,9.15,9.168,9.183,9.206,9.221,9.234,9.252,9.267,9.284,9.304,9.323,9.34,9.358,9.373,9.389,9.415,9.436,9.452,9.465,9.491,9.509,9.53,9.554,9.575,9.601,9.618,9.635,9.657,9.676,9.7,9.727,9.75,9.773,9.799,9.82,9.841,9.865,9.892,9.922,9.945,9.979,10.0,10.034,10.065,10.104,10.132,10.161,10.193,10.235,10.276,10.344,10.406,10.481,10.581,10.679,10.862,11.47
718,OTH FP,6.89,7.5,7.677,7.805,7.922,8.003,8.068,8.12,8.18,8.229,8.256,8.291,8.331,8.364,8.39,8.414,8.443,8.466,8.497,8.518,8.55,8.57,8.591,8.621,8.639,8.662,8.681,8.707,8.727,8.751,8.77,8.784,8.805,8.828,8.854,8.87,8.887,8.906,8.928,8.946,8.961,8.981,9.0,9.026,9.045,9.057,9.074,9.091,9.111,9.129,9.147,9.168,9.186,9.204,9.223,9.243,9.263,9.278,9.299,9.322,9.339,9.364,9.383,9.4,9.421,9.447,9.468,9.484,9.503,9.525,9.544,9.564,9.585,9.608,9.624,9.647,9.671,9.694,9.718,9.742,9.766,9.793,9.816,9.844,9.87,9.897,9.933,9.974,10.002,10.042,10.078,10.115,10.154,10.198,10.237,10.31,10.398,10.473,10.591,10.796,11.406
719,OTH FP,6.89,7.5,7.677,7.805,7.922,8.003,8.068,8.12,8.18,8.229,8.256,8.291,8.331,8.364,8.39,8.414,8.443,8.466,8.497,8.518,8.55,8.57,8.591,8.621,8.639,8.662,8.681,8.707,8.727,8.751,8.77,8.784,8.805,8.828,8.854,8.87,8.887,8.906,8.928,8.946,8.961,8.981,9.0,9.026,9.045,9.057,9.074,9.091,9.111,9.129,9.147,9.168,9.186,9.204,9.223,9.243,9.263,9.278,9.299,9.322,9.339,9.364,9.383,9.4,9.421,9.447,9.468,9.484,9.503,9.525,9.544,9.564,9.585,9.608,9.624,9.647,9.671,9.694,9.718,9.742,9.766,9.793,9.816,9.844,9.87,9.897,9.933,9.974,10.002,10.042,10.078,10.115,10.154,10.198,10.237,10.31,10.398,10.473,10.591,10.796,11.406
720,OTH FP,6.636,7.482,7.617,7.749,7.821,7.877,7.953,8.003,8.047,8.093,8.132,8.164,8.194,8.232,8.267,8.304,8.332,8.37,8.397,8.423,8.454,8.473,8.497,8.52,8.537,8.563,8.584,8.598,8.622,8.64,8.665,8.689,8.719,8.741,8.759,8.78,8.805,8.82,8.839,8.861,8.876,8.895,8.914,8.938,8.953,8.972,8.993,9.01,9.022,9.04,9.059,9.076,9.09,9.102,9.126,9.149,9.169,9.19,9.205,9.222,9.239,9.26,9.279,9.296,9.313,9.333,9.361,9.38,9.401,9.42,9.438,9.458,9.479,9.497,9.522,9.539,9.56,9.587,9.614,9.637,9.666,9.696,9.728,9.755,9.789,9.82,9.847,9.877,9.92,9.962,9.993,10.029,10.085,10.139,10.184,10.245,10.314,10.41,10.567,10.712,11.274
721,OTH FP,6.636,7.482,7.617,7.749,7.821,7.877,7.953,8.003,8.047,8.093,8.132,8.164,8.194,8.232,8.267,8.304,8.332,8.37,8.397,8.423,8.454,8.473,8.497,8.52,8.537,8.563,8.584,8.598,8.622,8.64,8.665,8.689,8.719,8.741,8.759,8.78,8.805,8.82,8.839,8.861,8.876,8.895,8.914,8.938,8.953,8.972,8.993,9.01,9.022,9.04,9.059,9.076,9.09,9.102,9.126,9.149,9.169,9.19,9.205,9.222,9.239,9.26,9.279,9.296,9.313,9.333,9.361,9.38,9.401,9.42,9.438,9.458,9.479,9.497,9.522,9.539,9.56,9.587,9.614,9.637,9.666,9.696,9.728,9.755,9.789,9.82,9.847,9.877,9.92,9.962,9.993,10.029,10.085,10.139,10.184,10.245,10.314,10.41,10.567,10.712,11.274
722,OTH FP,6.7,7.353,7.508,7.635,7.714,7.78,7.857,7.905,7.947,7.986,8.016,8.062,8.101,8.136,8.161,8.194,8.224,8.261,8.288,8.318,8.342,8.373,8.398,8.415,8.445,8.47,8.493,8.508,8.535,8.56,8.577,8.596,8.613,8.635,8.655,8.674,8.695,8.714,8.731,8.749,8.769,8.784,8.804,8.822,8.84,8.865,8.879,8.896,8.915,8.934,8.957,8.976,8.993,9.01,9.028,9.049,9.078,9.092,9.108,9.129,9.146,9.167,9.188,9.207,9.229,9.249,9.271,9.292,9.314,9.333,9.354,9.378,9.397,9.413,9.429,9.454,9.484,9.506,9.534,9.552,9.57,9.597,9.625,9.656,9.686,9.716,9.756,9.791,9.82,9.854,9.895,9.946,9.988,10.026,10.086,10.144,10.226,10.334,10.433,10.636,11.201
723,OTH FP,6.7,7.353,7.508,7.635,7.714,7.78,7.857,7.905,7.947,7.986,8.016,8.062,8.101,8.136,8.161,8.194,8.224,8.261,8.288,8.318,8.342,8.373,8.398,8.415,8.445,8.47,8.493,8.508,8.535,8.56,8.577,8.596,8.613,8.635,8.655,8.674,8.695,8.714,8.731,8.749,8.769,8.784,8.804,8.822,8.84,8.865,8.879,8.896,8.915,8.934,8.957,8.976,8.993,9.01,9.028,9.049,9.078,9.092,9.108,9.129,9.146,9.167,9.188,9.207,9.229,9.249,9.271,9.292,9.314,9.333,9.354,9.378,9.397,9.413,9.429,9.454,9.484,9.506,9.534,9.552,9.57,9.597,9.625,9.656,9.686,9.716,9.756,9.791,9.82,9.854,9.895,9.946,9.988,10.026,10.086,10.144,10.226,10.334,10.433,10.636,11.201
724,OTH FP,6.56,7.214,7.424,7.533,7.609,7.659,7.739,7.797,7.834,7.876,7.927,7.976,8.015,8.048,8.082,8.114,8.144,8.168,8.198,8.226,8.246,8.273,8.293,8.323,8.342,8.359,8.377,8.404,8.425,8.446,8.467,8.486,8.506,8.528,8.547,8.567,8.592,8.606,8.625,8.645,8.666,8.686,8.702,8.721,8.742,8.762,8.779,8.802,8.821,8.843,8.862,8.88,8.896,8.918,8.935,8.952,8.967,8.985,9.0,9.017,9.033,9.048,9.061,9.081,9.101,9.116,9.14,9.16,9.18,9.201,9.219,9.239,9.253,9.273,9.291,9.313,9.34,9.361,9.387,9.405,9.432,9.454,9.482,9.515,9.541,9.569,9.601,9.633,9.673,9.717,9.76,9.796,9.841,9.889,9.929,9.989,10.079,10.157,10.299,10.498,11.069
725,OTH FP,6.56,7.214,7.424,7.533,7.609,7.659,7.739,7.797,7.834,7.876,7.927,7.976,8.015,8.048,8.082,8.114,8.144,8.168,8.198,8.226,8.246,8.273,8.293,8.323,8.342,8.359,8.377,8.404,8.425,8.446,8.467,8.486,8.506,8.528,8.547,8.567,8.592,8.606,8.625,8.645,8.666,8.686,8.702,8.721,8.742,8.762,8.779,8.802,8.821,8.843,8.862,8.88,8.896,8.918,8.935,8.952,8.967,8.985,9.0,9.017,9.033,9.048,9.061,9.081,9.101,9.116,9.14,9.16,9.18,9.201,9.219,9.239,9.253,9.273,9.291,9.313,9.34,9.361,9.387,9.405,9.432,9.454,9.482,9.515,9.541,9.569,9.601,9.633,9.673,9.717,9.76,9.796,9.841,9.889,9.929,9.989,10.079,10.157,10.299,10.498,11.069
726,OTH FP,6.462,7.088,7.27,7.406,7.499,7.586,7.636,7.691,7.757,7.805,7.85,7.89,7.918,7.948,7.981,8.012,8.044,8.07,8.096,8.126,8.153,8.184,8.214,8.238,8.262,8.283,8.299,8.321,8.341,8.366,8.388,8.406,8.422,8.443,8.461,8.482,8.496,8.515,8.535,8.552,8.566,8.586,8.603,8.621,8.64,8.653,8.673,8.691,8.704,8.726,8.748,8.764,8.779,8.792,8.807,8.822,8.834,8.849,8.865,8.885,8.899,8.914,8.928,8.948,8.97,8.99,9.011,9.032,9.046,9.06,9.077,9.096,9.123,9.142,9.161,9.185,9.205,9.232,9.259,9.278,9.305,9.328,9.36,9.387,9.418,9.446,9.473,9.509,9.538,9.587,9.626,9.669,9.714,9.763,9.818,9.897,9.974,10.067,10.182,10.343,10.823
727,OTH FP,6.462,7.088,7.27,7.406,7.499,7.586,7.636,7.691,7.757,7.805,7.85,7.89,7.918,7.948,7.981,8.012,8.044,8.07,8.096,8.126,8.153,8.184,8.214,8.238,8.262,8.283,8.299,8.321,8.341,8.366,8.388,8.406,8.422,8.443,8.461,8.482,8.496,8.515,8.535,8.552,8.566,8.586,8.603,8.621,8.64,8.653,8.673,8.691,8.704,8.726,8.748,8.764,8.779,8.792,8.807,8.822,8.834,8.849,8.865,8.885,8.899,8.914,8.928,8.948,8.97,8.99,9.011,9.032,9.046,9.06,9.077,9.096,9.123,9.142,9.161,9.185,9.205,9.232,9.259,9.278,9.305,9.328,9.36,9.387,9.418,9.446,9.473,9.509,9.538,9.587,9.626,9.669,9.714,9.763,9.818,9.897,9.974,10.067,10.182,10.343,10.823
728,OTH FP,6.653,7.019,7.237,7.369,7.469,7.535,7.606,7.654,7.709,7.746,7.784,7.818,7.856,7.889,7.916,7.943,7.972,7.996,8.022,8.052,8.074,8.096,8.121,8.142,8.16,8.183,8.2,8.217,8.243,8.263,8.284,8.3,8.319,8.336,8.357,8.376,8.395,8.411,8.428,8.443,8.459,8.473,8.492,8.509,8.523,8.536,8.554,8.568,8.586,8.6,8.616,8.637,8.653,8.667,8.68,8.699,8.714,8.73,8.745,8.766,8.78,8.797,8.822,8.839,8.855,8.877,8.897,8.917,8.936,8.953,8.971,8.989,9.01,9.034,9.059,9.079,9.101,9.122,9.145,9.17,9.197,9.217,9.243,9.268,9.291,9.324,9.351,9.383,9.414,9.446,9.487,9.521,9.568,9.612,9.675,9.74,9.804,9.902,10.018,10.195,10.671
729,OTH FP,6.653,7.019,7.237,7.369,7.469,7.535,7.606,7.654,7.709,7.746,7.784,7.818,7.856,7.889,7.916,7.943,7.972,7.996,8.022,8.052,8.074,8.096,8.121,8.142,8.16,8.183,8.2,8.217,8.243,8.263,8.284,8.3,8.319,8.336,8.357,8.376,8.395,8.411,8.428,8.443,8.459,8.473,8.492,8.509,8.523,8.536,8.554,8.568,8.586,8.6,8.616,8.637,8.653,8.667,8.68,8.699,8.714,8.73,8.745,8.766,8.78,8.797,8.822,8.839,8.855,8.877,8.897,8.917,8.936,8.953,8.971,8.989,9.01,9.034,9.059,9.079,9.101,9.122,9.145,9.17,9.197,9.217,9.243,9.268,9.291,9.324,9.351,9.383,9.414,9.446,9.487,9.521,9.568,9.612,9.675,9.74,9.804,9.902,10.018,10.195,10.671
730,OTH FP,6.405,6.944,7.131,7.226,7.315,7.393,7.459,7.508,7.549,7.6,7.642,7.681,7.716,7.751,7.781,7.818,7.848,7.873,7.898,7.925,7.952,7.974,8.0,8.027,8.052,8.073,8.095,8.114,8.135,8.152,8.168,8.19,8.209,8.229,8.245,8.267,8.289,8.304,8.318,8.336,8.354,8.371,8.387,8.404,8.421,8.442,8.457,8.47,8.488,8.507,8.522,8.541,8.559,8.574,8.593,8.608,8.628,8.643,8.654,8.672,8.69,8.709,8.725,8.74,8.756,8.776,8.791,8.806,8.825,8.844,8.863,8.882,8.902,8.924,8.942,8.962,8.982,9.004,9.029,9.052,9.074,9.095,9.123,9.152,9.178,9.213,9.244,9.275,9.3,9.342,9.379,9.417,9.471,9.519,9.567,9.637,9.716,9.816,9.926,10.123,10.661
731,OTH FP,6.405,6.944,7.131,7.226,7.315,7.393,7.459,7.508,7.549,7.6,7.642,7.681,7.716,7.751,7.781,7.818,7.848,7.873,7.898,7.925,7.952,7.974,8.0,8.027,8.052,8.073,8.095,8.114,8.135,8.152,8.168,8.19,8.209,8.229,8.245,8.267,8.289,8.304,8.318,8.336,8.354,8.371,8.387,8.404,8.421,8.442,8.457,8.47,8.488,8.507,8.522,8.541,8.559,8.574,8.593,8.608,8.628,8.643,8.654,8.672,8.69,8.709,8.725,8.74,8.756,8.776,8.791,8.806,8.825,8.844,8.863,8.882,8.902,8.924,8.942,8.962,8.982,9.004,9.029,9.052,9.074,9.095,9.123,9.152,9.178,9.213,9.244,9.275,9.3,9.342,9.379,9.417,9.471,9.519,9.567,9.637,9.716,9.816,9.926,10.123,10.661
732,OTH FP,6.102,6.813,7.029,7.148,7.239,7.312,7.362,7.419,7.47,7.513,7.553,7.586,7.629,7.663,7.699,7.738,7.768,7.807,7.834,7.868,7.902,7.933,7.958,7.982,7.999,8.023,8.043,8.063,8.085,8.106,8.123,8.14,8.16,8.176,8.196,8.216,8.235,8.255,8.274,8.291,8.316,8.333,8.356,8.373,8.396,8.414,8.434,8.452,8.467,8.486,8.507,8.526,8.546,8.562,8.58,8.598,8.616,8.634,8.652,8.666,8.679,8.7,8.72,8.744,8.767,8.794,8.816,8.84,8.859,8.88,8.909,8.927,8.944,8.971,8.997,9.026,9.043,9.064,9.084,9.107,9.139,9.169,9.195,9.224,9.252,9.28,9.314,9.35,9.378,9.415,9.455,9.497,9.548,9.596,9.645,9.7,9.778,9.882,10.045,10.293,10.941
733,OTH FP,6.102,6.813,7.029,7.148,7.239,7.312,7.362,7.419,7.47,7.513,7.553,7.586,7.629,7.663,7.699,7.738,7.768,7.807,7.834,7.868,7.902,7.933,7.958,7.982,7.999,8.023,8.043,8.063,8.085,8.106,8.123,8.14,8.16,8.176,8.196,8.216,8.235,8.255,8.274,8.291,8.316,8.333,8.356,8.373,8.396,8.414,8.434,8.452,8.467,8.486,8.507,8.526,8.546,8.562,8.58,8.598,8.616,8.634,8.652,8.666,8.679,8.7,8.72,8.744,8.767,8.794,8.816,8.84,8.859,8.88,8.909,8.927,8.944,8.971,8.997,9.026,9.043,9.064,9.084,9.107,9.139,9.169,9.195,9.224,9.252,9.28,9.314,9.35,9.378,9.415,9.455,9.497,9.548,9.596,9.645,9.7,9.778,9.882,10.045,10.293,10.941
734,OTH FP,5.932,6.707,6.903,7.044,7.144,7.207,7.266,7.35,7.408,7.461,7.499,7.545,7.6,7.643,7.688,7.719,7.749,7.776,7.804,7.829,7.853,7.878,7.904,7.932,7.96,7.983,8.008,8.031,8.055,8.075,8.095,8.12,8.137,8.162,8.181,8.205,8.224,8.242,8.264,8.28,8.297,8.317,8.337,8.355,8.38,8.401,8.419,8.446,8.463,8.479,8.496,8.514,8.534,8.55,8.569,8.585,8.603,8.625,8.653,8.674,8.697,8.716,8.737,8.766,8.797,8.813,8.834,8.854,8.885,8.909,8.925,8.948,8.969,8.989,9.009,9.027,9.048,9.077,9.105,9.131,9.15,9.169,9.192,9.221,9.252,9.29,9.333,9.37,9.412,9.447,9.497,9.535,9.588,9.653,9.713,9.778,9.847,9.969,10.129,10.327,10.971
735,OTH FP,5.932,6.707,6.903,7.044,7.144,7.207,7.266,7.35,7.408,7.461,7.499,7.545,7.6,7.643,7.688,7.719,7.749,7.776,7.804,7.829,7.853,7.878,7.904,7.932,7.96,7.983,8.008,8.031,8.055,8.075,8.095,8.12,8.137,8.162,8.181,8.205,8.224,8.242,8.264,8.28,8.297,8.317,8.337,8.355,8.38,8.401,8.419,8.446,8.463,8.479,8.496,8.514,8.534,8.55,8.569,8.585,8.603,8.625,8.653,8.674,8.697,8.716,8.737,8.766,8.797,8.813,8.834,8.854,8.885,8.909,8.925,8.948,8.969,8.989,9.009,9.027,9.048,9.077,9.105,9.131,9.15,9.169,9.192,9.221,9.252,9.29,9.333,9.37,9.412,9.447,9.497,9.535,9.588,9.653,9.713,9.778,9.847,9.969,10.129,10.327,10.971
736,OTH FP,5.99,6.595,6.838,6.959,7.083,7.208,7.273,7.327,7.369,7.424,7.458,7.503,7.538,7.574,7.617,7.654,7.696,7.722,7.747,7.778,7.822,7.847,7.87,7.904,7.929,7.955,7.977,7.996,8.022,8.044,8.076,8.098,8.125,8.149,8.166,8.187,8.21,8.232,8.258,8.276,8.296,8.317,8.336,8.352,8.377,8.393,8.407,8.426,8.445,8.462,8.478,8.498,8.517,8.538,8.557,8.585,8.606,8.633,8.654,8.673,8.687,8.712,8.737,8.761,8.785,8.81,8.829,8.852,8.873,8.899,8.924,8.954,8.974,9.007,9.027,9.054,9.081,9.107,9.136,9.161,9.188,9.218,9.252,9.284,9.321,9.369,9.403,9.437,9.476,9.523,9.557,9.596,9.639,9.691,9.732,9.791,9.874,9.982,10.141,10.393,10.975
737,OTH FP,5.99,6.595,6.838,6.959,7.083,7.208,7.273,7.327,7.369,7.424,7.458,7.503,7.538,7.574,7.617,7.654,7.696,7.722,7.747,7.778,7.822,7.847,7.87,7.904,7.929,7.955,7.977,7.996,8.022,8.044,8.076,8.098,8.125,8.149,8.166,8.187,8.21,8.232,8.258,8.276,8.296,8.317,8.336,8.352,8.377,8.393,8.407,8.426,8.445,8.462,8.478,8.498,8.517,8.538,8.557,8.585,8.606,8.633,8.654,8.673,8.687,8.712,8.737,8.761,8.785,8.81,8.829,8.852,8.873,8.899,8.924,8.954,8.974,9.007,9.027,9.054,9.081,9.107,9.136,9.161,9.188,9.218,9.252,9.284,9.321,9.369,9.403,9.437,9.476,9.523,9.557,9.596,9.639,9.691,9.732,9.791,9.874,9.982,10.141,10.393,10.975
738,OTH FP,5.931,6.586,6.766,6.893,7.009,7.11,7.184,7.25,7.307,7.358,7.413,7.454,7.489,7.532,7.568,7.603,7.631,7.655,7.682,7.733,7.761,7.792,7.817,7.845,7.87,7.897,7.915,7.952,7.974,7.998,8.022,8.057,8.082,8.106,8.128,8.161,8.186,8.205,8.232,8.253,8.277,8.297,8.322,8.345,8.365,8.384,8.4,8.424,8.449,8.464,8.488,8.51,8.536,8.558,8.58,8.603,8.629,8.649,8.667,8.687,8.71,8.732,8.749,8.768,8.793,8.813,8.835,8.858,8.88,8.909,8.934,8.961,8.984,9.007,9.034,9.06,9.09,9.12,9.147,9.174,9.211,9.252,9.286,9.324,9.361,9.398,9.43,9.469,9.513,9.545,9.594,9.636,9.691,9.759,9.818,9.916,10.002,10.093,10.243,10.456,11.027
739,OTH FP,5.931,6.586,6.766,6.893,7.009,7.11,7.184,7.25,7.307,7.358,7.413,7.454,7.489,7.532,7.568,7.603,7.631,7.655,7.682,7.733,7.761,7.792,7.817,7.845,7.87,7.897,7.915,7.952,7.974,7.998,8.022,8.057,8.082,8.106,8.128,8.161,8.186,8.205,8.232,8.253,8.277,8.297,8.322,8.345,8.365,8.384,8.4,8.424,8.449,8.464,8.488,8.51,8.536,8.558,8.58,8.603,8.629,8.649,8.667,8.687,8.71,8.732,8.749,8.768,8.793,8.813,8.835,8.858,8.88,8.909,8.934,8.961,8.984,9.007,9.034,9.06,9.09,9.12,9.147,9.174,9.211,9.252,9.286,9.324,9.361,9.398,9.43,9.469,9.513,9.545,9.594,9.636,9.691,9.759,9.818,9.916,10.002,10.093,10.243,10.456,11.027
740,OTH FP,5.819,6.425,6.67,6.837,6.96,7.055,7.152,7.211,7.279,7.33,7.385,7.431,7.478,7.504,7.538,7.582,7.622,7.653,7.677,7.713,7.746,7.777,7.806,7.832,7.859,7.88,7.907,7.933,7.962,7.987,8.011,8.038,8.064,8.086,8.105,8.13,8.156,8.187,8.208,8.226,8.248,8.277,8.304,8.332,8.368,8.389,8.409,8.423,8.443,8.468,8.489,8.507,8.532,8.551,8.573,8.592,8.617,8.638,8.663,8.687,8.71,8.734,8.758,8.785,8.809,8.83,8.855,8.888,8.913,8.937,8.959,8.985,9.013,9.045,9.07,9.091,9.126,9.156,9.187,9.222,9.249,9.289,9.316,9.345,9.385,9.43,9.464,9.51,9.549,9.586,9.623,9.661,9.726,9.775,9.863,9.936,10.041,10.164,10.302,10.522,11.109
741,OTH FP,5.819,6.425,6.67,6.837,6.96,7.055,7.152,7.211,7.279,7.33,7.385,7.431,7.478,7.504,7.538,7.582,7.622,7.653,7.677,7.713,7.746,7.777,7.806,7.832,7.859,7.88,7.907,7.933,7.962,7.987,8.011,8.038,8.064,8.086,8.105,8.13,8.156,8.187,8.208,8.226,8.248,8.277,8.304,8.332,8.368,8.389,8.409,8.423,8.443,8.468,8.489,8.507,8.532,8.551,8.573,8.592,8.617,8.638,8.663,8.687,8.71,8.734,8.758,8.785,8.809,8.83,8.855,8.888,8.913,8.937,8.959,8.985,9.013,9.045,9.07,9.091,9.126,9.156,9.187,9.222,9.249,9.289,9.316,9.345,9.385,9.43,9.464,9.51,9.549,9.586,9.623,9.661,9.726,9.775,9.863,9.936,10.041,10.164,10.302,10.522,11.109
742,OTH FP,5.594,6.376,6.674,6.817,6.953,7.034,7.095,7.164,7.222,7.26,7.311,7.374,7.423,7.468,7.524,7.55,7.582,7.616,7.658,7.699,7.732,7.767,7.794,7.826,7.856,7.886,7.911,7.943,7.966,7.991,8.016,8.04,8.063,8.084,8.109,8.14,8.161,8.181,8.198,8.218,8.24,8.259,8.277,8.303,8.321,8.347,8.368,8.388,8.407,8.429,8.452,8.475,8.5,8.527,8.549,8.578,8.603,8.629,8.65,8.676,8.695,8.716,8.739,8.766,8.794,8.828,8.857,8.883,8.91,8.935,8.955,8.983,9.01,9.029,9.059,9.084,9.116,9.142,9.173,9.21,9.258,9.294,9.324,9.363,9.405,9.443,9.483,9.512,9.554,9.605,9.645,9.695,9.747,9.801,9.872,9.976,10.068,10.181,10.346,10.625,11.296
743,OTH FP,5.594,6.376,6.674,6.817,6.953,7.034,7.095,7.164,7.222,7.26,7.311,7.374,7.423,7.468,7.524,7.55,7.582,7.616,7.658,7.699,7.732,7.767,7.794,7.826,7.856,7.886,7.911,7.943,7.966,7.991,8.016,8.04,8.063,8.084,8.109,8.14,8.161,8.181,8.198,8.218,8.24,8.259,8.277,8.303,8.321,8.347,8.368,8.388,8.407,8.429,8.452,8.475,8.5,8.527,8.549,8.578,8.603,8.629,8.65,8.676,8.695,8.716,8.739,8.766,8.794,8.828,8.857,8.883,8.91,8.935,8.955,8.983,9.01,9.029,9.059,9.084,9.116,9.142,9.173,9.21,9.258,9.294,9.324,9.363,9.405,9.443,9.483,9.512,9.554,9.605,9.645,9.695,9.747,9.801,9.872,9.976,10.068,10.181,10.346,10.625,11.296
744,OTH FP,5.871,6.42,6.665,6.817,6.919,7.005,7.06,7.137,7.198,7.283,7.326,7.378,7.425,7.468,7.504,7.541,7.581,7.625,7.665,7.7,7.726,7.754,7.788,7.815,7.84,7.874,7.903,7.934,7.961,7.986,8.013,8.034,8.063,8.089,8.106,8.135,8.156,8.178,8.201,8.218,8.235,8.261,8.285,8.307,8.337,8.353,8.371,8.393,8.418,8.44,8.458,8.491,8.512,8.547,8.566,8.599,8.623,8.647,8.667,8.689,8.717,8.74,8.767,8.789,8.82,8.839,8.859,8.889,8.917,8.944,8.972,8.998,9.024,9.057,9.09,9.119,9.158,9.19,9.213,9.242,9.269,9.315,9.34,9.369,9.406,9.431,9.473,9.515,9.56,9.617,9.664,9.717,9.782,9.841,9.909,10.002,10.063,10.157,10.3,10.615,11.341
745,OTH FP,5.871,6.42,6.665,6.817,6.919,7.005,7.06,7.137,7.198,7.283,7.326,7.378,7.425,7.468,7.504,7.541,7.581,7.625,7.665,7.7,7.726,7.754,7.788,7.815,7.84,7.874,7.903,7.934,7.961,7.986,8.013,8.034,8.063,8.089,8.106,8.135,8.156,8.178,8.201,8.218,8.235,8.261,8.285,8.307,8.337,8.353,8.371,8.393,8.418,8.44,8.458,8.491,8.512,8.547,8.566,8.599,8.623,8.647,8.667,8.689,8.717,8.74,8.767,8.789,8.82,8.839,8.859,8.889,8.917,8.944,8.972,8.998,9.024,9.057,9.09,9.119,9.158,9.19,9.213,9.242,9.269,9.315,9.34,9.369,9.406,9.431,9.473,9.515,9.56,9.617,9.664,9.717,9.782,9.841,9.909,10.002,10.063,10.157,10.3,10.615,11.341
746,OTH FP,5.871,6.345,6.591,6.741,6.852,6.976,7.074,7.139,7.198,7.252,7.292,7.355,7.406,7.463,7.518,7.555,7.59,7.624,7.654,7.683,7.719,7.742,7.772,7.802,7.833,7.875,7.899,7.915,7.943,7.976,8.0,8.027,8.054,8.078,8.1,8.128,8.148,8.18,8.2,8.221,8.245,8.27,8.298,8.325,8.342,8.365,8.384,8.407,8.432,8.454,8.477,8.495,8.519,8.544,8.571,8.589,8.619,8.64,8.665,8.688,8.71,8.732,8.758,8.777,8.803,8.827,8.854,8.88,8.9,8.927,8.952,8.987,9.018,9.042,9.072,9.095,9.124,9.157,9.192,9.234,9.259,9.286,9.313,9.353,9.395,9.441,9.481,9.518,9.567,9.619,9.656,9.711,9.764,9.812,9.881,9.958,10.061,10.167,10.281,10.522,11.363
747,OTH FP,5.871,6.345,6.591,6.741,6.852,6.976,7.074,7.139,7.198,7.252,7.292,7.355,7.406,7.463,7.518,7.555,7.59,7.624,7.654,7.683,7.719,7.742,7.772,7.802,7.833,7.875,7.899,7.915,7.943,7.976,8.0,8.027,8.054,8.078,8.1,8.128,8.148,8.18,8.2,8.221,8.245,8.27,8.298,8.325,8.342,8.365,8.384,8.407,8.432,8.454,8.477,8.495,8.519,8.544,8.571,8.589,8.619,8.64,8.665,8.688,8.71,8.732,8.758,8.777,8.803,8.827,8.854,8.88,8.9,8.927,8.952,8.987,9.018,9.042,9.072,9.095,9.124,9.157,9.192,9.234,9.259,9.286,9.313,9.353,9.395,9.441,9.481,9.518,9.567,9.619,9.656,9.711,9.764,9.812,9.881,9.958,10.061,10.167,10.281,10.522,11.363
748,OTH FP,5.748,6.332,6.563,6.742,6.895,6.983,7.076,7.157,7.223,7.278,7.335,7.39,7.425,7.461,7.493,7.528,7.575,7.607,7.644,7.673,7.709,7.746,7.774,7.8,7.827,7.849,7.88,7.922,7.955,7.986,8.018,8.045,8.075,8.099,8.127,8.147,8.178,8.203,8.221,8.241,8.266,8.288,8.304,8.331,8.354,8.378,8.404,8.424,8.441,8.46,8.484,8.504,8.527,8.543,8.569,8.59,8.614,8.635,8.657,8.683,8.706,8.728,8.753,8.778,8.803,8.826,8.854,8.884,8.907,8.936,8.961,8.989,9.012,9.037,9.058,9.087,9.113,9.138,9.174,9.21,9.242,9.277,9.315,9.356,9.39,9.427,9.467,9.507,9.543,9.583,9.625,9.665,9.713,9.772,9.831,9.894,9.974,10.095,10.254,10.481,11.207
749,OTH FP,5.748,6.332,6.563,6.742,6.895,6.983,7.076,7.157,7.223,7.278,7.335,7.39,7.425,7.461,7.493,7.528,7.575,7.607,7.644,7.673,7.709,7.746,7.774,7.8,7.827,7.849,7.88,7.922,7.955,7.986,8.018,8.045,8.075,8.099,8.127,8.147,8.178,8.203,8.221,8.241,8.266,8.288,8.304,8.331,8.354,8.378,8.404,8.424,8.441,8.46,8.484,8.504,8.527,8.543,8.569,8.59,8.614,8.635,8.657,8.683,8.706,8.728,8.753,8.778,8.803,8.826,8.854,8.884,8.907,8.936,8.961,8.989,9.012,9.037,9.058,9.087,9.113,9.138,9.174,9.21,9.242,9.277,9.315,9.356,9.39,9.427,9.467,9.507,9.543,9.583,9.625,9.665,9.713,9.772,9.831,9.894,9.974,10.095,10.254,10.481,11.207
750,OTH FP,5.866,6.338,6.603,6.753,6.894,6.984,7.068,7.141,7.209,7.264,7.312,7.367,7.399,7.455,7.492,7.527,7.565,7.604,7.634,7.682,7.714,7.75,7.771,7.802,7.833,7.857,7.882,7.907,7.931,7.958,7.987,8.013,8.04,8.065,8.093,8.113,8.131,8.157,8.175,8.202,8.225,8.251,8.274,8.302,8.331,8.355,8.378,8.397,8.42,8.443,8.465,8.488,8.516,8.538,8.558,8.578,8.603,8.626,8.643,8.667,8.692,8.719,8.739,8.765,8.795,8.822,8.846,8.872,8.899,8.919,8.946,8.976,8.997,9.017,9.038,9.066,9.099,9.132,9.158,9.191,9.228,9.264,9.292,9.327,9.364,9.398,9.44,9.488,9.523,9.565,9.608,9.658,9.696,9.735,9.802,9.885,9.98,10.072,10.195,10.406,11.351
751,OTH FP,5.866,6.338,6.603,6.753,6.894,6.984,7.068,7.141,7.209,7.264,7.312,7.367,7.399,7.455,7.492,7.527,7.565,7.604,7.634,7.682,7.714,7.75,7.771,7.802,7.833,7.857,7.882,7.907,7.931,7.958,7.987,8.013,8.04,8.065,8.093,8.113,8.131,8.157,8.175,8.202,8.225,8.251,8.274,8.302,8.331,8.355,8.378,8.397,8.42,8.443,8.465,8.488,8.516,8.538,8.558,8.578,8.603,8.626,8.643,8.667,8.692,8.719,8.739,8.765,8.795,8.822,8.846,8.872,8.899,8.919,8.946,8.976,8.997,9.017,9.038,9.066,9.099,9.132,9.158,9.191,9.228,9.264,9.292,9.327,9.364,9.398,9.44,9.488,9.523,9.565,9.608,9.658,9.696,9.735,9.802,9.885,9.98,10.072,10.195,10.406,11.351
752,OTH FP,5.911,6.391,6.632,6.778,6.886,6.995,7.055,7.143,7.204,7.255,7.319,7.365,7.414,7.459,7.497,7.54,7.577,7.616,7.646,7.677,7.708,7.738,7.77,7.8,7.832,7.857,7.88,7.904,7.928,7.958,7.985,8.012,8.036,8.073,8.105,8.131,8.155,8.178,8.203,8.224,8.25,8.279,8.301,8.323,8.343,8.37,8.396,8.414,8.436,8.456,8.482,8.509,8.525,8.549,8.577,8.605,8.63,8.653,8.673,8.691,8.71,8.732,8.749,8.779,8.804,8.828,8.855,8.873,8.905,8.923,8.95,8.975,8.999,9.029,9.05,9.073,9.103,9.123,9.157,9.188,9.222,9.252,9.285,9.313,9.347,9.38,9.407,9.442,9.501,9.538,9.593,9.644,9.686,9.731,9.792,9.862,9.923,10.022,10.159,10.465,11.249
753,OTH FP,5.911,6.391,6.632,6.778,6.886,6.995,7.055,7.143,7.204,7.255,7.319,7.365,7.414,7.459,7.497,7.54,7.577,7.616,7.646,7.677,7.708,7.738,7.77,7.8,7.832,7.857,7.88,7.904,7.928,7.958,7.985,8.012,8.036,8.073,8.105,8.131,8.155,8.178,8.203,8.224,8.25,8.279,8.301,8.323,8.343,8.37,8.396,8.414,8.436,8.456,8.482,8.509,8.525,8.549,8.577,8.605,8.63,8.653,8.673,8.691,8.71,8.732,8.749,8.779,8.804,8.828,8.855,8.873,8.905,8.923,8.95,8.975,8.999,9.029,9.05,9.073,9.103,9.123,9.157,9.188,9.222,9.252,9.285,9.313,9.347,9.38,9.407,9.442,9.501,9.538,9.593,9.644,9.686,9.731,9.792,9.862,9.923,10.022,10.159,10.465,11.249
754,OTH FP,5.907,6.456,6.65,6.787,6.913,7.006,7.067,7.151,7.218,7.273,7.331,7.385,7.429,7.473,7.514,7.555,7.587,7.616,7.657,7.696,7.726,7.758,7.79,7.819,7.852,7.878,7.91,7.935,7.957,7.98,8.008,8.03,8.065,8.087,8.113,8.136,8.158,8.182,8.202,8.224,8.245,8.266,8.291,8.316,8.342,8.366,8.387,8.404,8.427,8.453,8.479,8.495,8.519,8.542,8.564,8.592,8.609,8.633,8.655,8.674,8.7,8.724,8.747,8.769,8.79,8.82,8.843,8.862,8.879,8.909,8.937,8.961,8.993,9.015,9.044,9.074,9.103,9.134,9.16,9.187,9.231,9.255,9.287,9.323,9.368,9.394,9.429,9.458,9.483,9.524,9.559,9.61,9.656,9.697,9.769,9.841,9.955,10.056,10.174,10.386,11.187
755,OTH FP,5.907,6.456,6.65,6.787,6.913,7.006,7.067,7.151,7.218,7.273,7.331,7.385,7.429,7.473,7.514,7.555,7.587,7.616,7.657,7.696,7.726,7.758,7.79,7.819,7.852,7.878,7.91,7.935,7.957,7.98,8.008,8.03,8.065,8.087,8.113,8.136,8.158,8.182,8.202,8.224,8.245,8.266,8.291,8.316,8.342,8.366,8.387,8.404,8.427,8.453,8.479,8.495,8.519,8.542,8.564,8.592,8.609,8.633,8.655,8.674,8.7,8.724,8.747,8.769,8.79,8.82,8.843,8.862,8.879,8.909,8.937,8.961,8.993,9.015,9.044,9.074,9.103,9.134,9.16,9.187,9.231,9.255,9.287,9.323,9.368,9.394,9.429,9.458,9.483,9.524,9.559,9.61,9.656,9.697,9.769,9.841,9.955,10.056,10.174,10.386,11.187
756,OTH FP,5.948,6.511,6.708,6.86,6.954,7.038,7.109,7.178,7.242,7.313,7.362,7.414,7.447,7.498,7.535,7.576,7.61,7.645,7.677,7.71,7.737,7.763,7.799,7.819,7.84,7.878,7.907,7.932,7.957,7.985,8.011,8.038,8.059,8.085,8.106,8.125,8.146,8.164,8.186,8.206,8.233,8.256,8.281,8.299,8.336,8.362,8.381,8.399,8.419,8.443,8.466,8.488,8.508,8.532,8.554,8.575,8.599,8.622,8.636,8.658,8.678,8.701,8.726,8.751,8.774,8.802,8.825,8.843,8.867,8.893,8.921,8.942,8.961,8.987,9.018,9.041,9.065,9.089,9.115,9.145,9.178,9.205,9.236,9.268,9.296,9.329,9.36,9.403,9.435,9.477,9.52,9.564,9.607,9.662,9.735,9.816,9.898,10.005,10.177,10.367,10.9
757,OTH FP,5.948,6.511,6.708,6.86,6.954,7.038,7.109,7.178,7.242,7.313,7.362,7.414,7.447,7.498,7.535,7.576,7.61,7.645,7.677,7.71,7.737,7.763,7.799,7.819,7.84,7.878,7.907,7.932,7.957,7.985,8.011,8.038,8.059,8.085,8.106,8.125,8.146,8.164,8.186,8.206,8.233,8.256,8.281,8.299,8.336,8.362,8.381,8.399,8.419,8.443,8.466,8.488,8.508,8.532,8.554,8.575,8.599,8.622,8.636,8.658,8.678,8.701,8.726,8.751,8.774,8.802,8.825,8.843,8.867,8.893,8.921,8.942,8.961,8.987,9.018,9.041,9.065,9.089,9.115,9.145,9.178,9.205,9.236,9.268,9.296,9.329,9.36,9.403,9.435,9.477,9.52,9.564,9.607,9.662,9.735,9.816,9.898,10.005,10.177,10.367,10.9
758,OTH FP,6.065,6.525,6.736,6.914,7.013,7.112,7.214,7.248,7.301,7.359,7.413,7.463,7.503,7.544,7.582,7.618,7.652,7.683,7.709,7.74,7.772,7.8,7.823,7.857,7.88,7.91,7.934,7.955,7.982,8.002,8.023,8.055,8.076,8.093,8.114,8.139,8.157,8.176,8.198,8.214,8.235,8.262,8.284,8.306,8.324,8.346,8.363,8.384,8.399,8.419,8.448,8.466,8.489,8.515,8.538,8.561,8.587,8.604,8.621,8.642,8.662,8.687,8.707,8.73,8.749,8.775,8.802,8.827,8.855,8.882,8.903,8.924,8.948,8.974,9.001,9.023,9.041,9.062,9.087,9.11,9.136,9.165,9.194,9.219,9.246,9.277,9.31,9.352,9.389,9.427,9.465,9.521,9.575,9.636,9.701,9.767,9.827,9.954,10.089,10.358,11.074
759,OTH FP,6.065,6.525,6.736,6.914,7.013,7.112,7.214,7.248,7.301,7.359,7.413,7.463,7.503,7.544,7.582,7.618,7.652,7.683,7.709,7.74,7.772,7.8,7.823,7.857,7.88,7.91,7.934,7.955,7.982,8.002,8.023,8.055,8.076,8.093,8.114,8.139,8.157,8.176,8.198,8.214,8.235,8.262,8.284,8.306,8.324,8.346,8.363,8.384,8.399,8.419,8.448,8.466,8.489,8.515,8.538,8.561,8.587,8.604,8.621,8.642,8.662,8.687,8.707,8.73,8.749,8.775,8.802,8.827,8.855,8.882,8.903,8.924,8.948,8.974,9.001,9.023,9.041,9.062,9.087,9.11,9.136,9.165,9.194,9.219,9.246,9.277,9.31,9.352,9.389,9.427,9.465,9.521,9.575,9.636,9.701,9.767,9.827,9.954,10.089,10.358,11.074
760,OTH FP,6.234,6.656,6.846,6.985,7.086,7.155,7.232,7.31,7.37,7.426,7.475,7.512,7.558,7.594,7.638,7.671,7.704,7.725,7.752,7.774,7.803,7.844,7.866,7.888,7.909,7.931,7.958,7.978,8.001,8.033,8.052,8.079,8.096,8.121,8.143,8.163,8.179,8.198,8.215,8.237,8.257,8.276,8.292,8.313,8.33,8.351,8.373,8.389,8.407,8.43,8.451,8.471,8.484,8.502,8.52,8.541,8.562,8.585,8.604,8.626,8.645,8.67,8.696,8.717,8.733,8.752,8.772,8.791,8.813,8.834,8.856,8.88,8.904,8.933,8.958,8.981,9.012,9.039,9.058,9.09,9.114,9.14,9.171,9.191,9.23,9.265,9.293,9.33,9.357,9.399,9.431,9.481,9.517,9.561,9.618,9.703,9.8,9.917,10.044,10.174,10.794
761,OTH FP,6.234,6.656,6.846,6.985,7.086,7.155,7.232,7.31,7.37,7.426,7.475,7.512,7.558,7.594,7.638,7.671,7.704,7.725,7.752,7.774,7.803,7.844,7.866,7.888,7.909,7.931,7.958,7.978,8.001,8.033,8.052,8.079,8.096,8.121,8.143,8.163,8.179,8.198,8.215,8.237,8.257,8.276,8.292,8.313,8.33,8.351,8.373,8.389,8.407,8.43,8.451,8.471,8.484,8.502,8.52,8.541,8.562,8.585,8.604,8.626,8.645,8.67,8.696,8.717,8.733,8.752,8.772,8.791,8.813,8.834,8.856,8.88,8.904,8.933,8.958,8.981,9.012,9.039,9.058,9.09,9.114,9.14,9.171,9.191,9.23,9.265,9.293,9.33,9.357,9.399,9.431,9.481,9.517,9.561,9.618,9.703,9.8,9.917,10.044,10.174,10.794
762,OTH FP,6.288,6.755,6.977,7.099,7.174,7.256,7.317,7.373,7.423,7.468,7.506,7.549,7.589,7.623,7.651,7.684,7.714,7.745,7.768,7.794,7.828,7.852,7.874,7.899,7.924,7.947,7.976,7.995,8.024,8.041,8.062,8.085,8.106,8.128,8.145,8.169,8.187,8.206,8.22,8.246,8.264,8.281,8.303,8.32,8.34,8.359,8.378,8.393,8.418,8.431,8.449,8.469,8.488,8.512,8.529,8.545,8.561,8.579,8.596,8.616,8.634,8.653,8.673,8.693,8.709,8.729,8.746,8.762,8.781,8.803,8.827,8.848,8.876,8.898,8.921,8.94,8.967,8.99,9.01,9.041,9.063,9.102,9.133,9.157,9.181,9.21,9.241,9.271,9.304,9.332,9.37,9.407,9.449,9.498,9.554,9.619,9.694,9.784,9.894,10.091,10.517
763,OTH FP,6.288,6.755,6.977,7.099,7.174,7.256,7.317,7.373,7.423,7.468,7.506,7.549,7.589,7.623,7.651,7.684,7.714,7.745,7.768,7.794,7.828,7.852,7.874,7.899,7.924,7.947,7.976,7.995,8.024,8.041,8.062,8.085,8.106,8.128,8.145,8.169,8.187,8.206,8.22,8.246,8.264,8.281,8.303,8.32,8.34,8.359,8.378,8.393,8.418,8.431,8.449,8.469,8.488,8.512,8.529,8.545,8.561,8.579,8.596,8.616,8.634,8.653,8.673,8.693,8.709,8.729,8.746,8.762,8.781,8.803,8.827,8.848,8.876,8.898,8.921,8.94,8.967,8.99,9.01,9.041,9.063,9.102,9.133,9.157,9.181,9.21,9.241,9.271,9.304,9.332,9.37,9.407,9.449,9.498,9.554,9.619,9.694,9.784,9.894,10.091,10.517
764,OTH FP,6.177,6.711,6.885,7.02,7.139,7.228,7.294,7.334,7.386,7.439,7.486,7.531,7.568,7.593,7.634,7.662,7.691,7.718,7.746,7.774,7.799,7.82,7.848,7.87,7.895,7.922,7.944,7.969,7.996,8.015,8.033,8.052,8.075,8.099,8.124,8.145,8.164,8.183,8.202,8.214,8.231,8.258,8.275,8.294,8.308,8.332,8.354,8.376,8.392,8.411,8.434,8.458,8.479,8.496,8.515,8.535,8.55,8.569,8.59,8.61,8.626,8.644,8.663,8.685,8.699,8.716,8.737,8.751,8.768,8.793,8.81,8.829,8.855,8.873,8.897,8.926,8.949,8.97,9.0,9.026,9.049,9.072,9.098,9.118,9.149,9.179,9.215,9.25,9.286,9.325,9.365,9.41,9.465,9.502,9.551,9.636,9.719,9.813,9.918,10.071,10.606
765,OTH FP,6.177,6.711,6.885,7.02,7.139,7.228,7.294,7.334,7.386,7.439,7.486,7.531,7.568,7.593,7.634,7.662,7.691,7.718,7.746,7.774,7.799,7.82,7.848,7.87,7.895,7.922,7.944,7.969,7.996,8.015,8.033,8.052,8.075,8.099,8.124,8.145,8.164,8.183,8.202,8.214,8.231,8.258,8.275,8.294,8.308,8.332,8.354,8.376,8.392,8.411,8.434,8.458,8.479,8.496,8.515,8.535,8.55,8.569,8.59,8.61,8.626,8.644,8.663,8.685,8.699,8.716,8.737,8.751,8.768,8.793,8.81,8.829,8.855,8.873,8.897,8.926,8.949,8.97,9.0,9.026,9.049,9.072,9.098,9.118,9.149,9.179,9.215,9.25,9.286,9.325,9.365,9.41,9.465,9.502,9.551,9.636,9.719,9.813,9.918,10.071,10.606
766,OTH FP,6.095,6.683,6.855,6.972,7.083,7.166,7.241,7.302,7.353,7.389,7.452,7.487,7.543,7.579,7.617,7.65,7.684,7.713,7.746,7.779,7.813,7.834,7.86,7.879,7.904,7.925,7.948,7.968,7.987,8.004,8.023,8.047,8.071,8.089,8.111,8.131,8.148,8.169,8.191,8.205,8.229,8.246,8.266,8.285,8.307,8.325,8.343,8.359,8.378,8.4,8.418,8.436,8.458,8.475,8.496,8.517,8.533,8.549,8.569,8.587,8.6,8.616,8.64,8.661,8.676,8.694,8.711,8.734,8.751,8.77,8.791,8.812,8.837,8.865,8.884,8.905,8.926,8.955,8.98,9.005,9.042,9.075,9.1,9.124,9.156,9.193,9.229,9.26,9.294,9.333,9.371,9.43,9.481,9.523,9.575,9.647,9.762,9.841,9.926,10.086,10.632
767,OTH FP,6.095,6.683,6.855,6.972,7.083,7.166,7.241,7.302,7.353,7.389,7.452,7.487,7.543,7.579,7.617,7.65,7.684,7.713,7.746,7.779,7.813,7.834,7.86,7.879,7.904,7.925,7.948,7.968,7.987,8.004,8.023,8.047,8.071,8.089,8.111,8.131,8.148,8.169,8.191,8.205,8.229,8.246,8.266,8.285,8.307,8.325,8.343,8.359,8.378,8.4,8.418,8.436,8.458,8.475,8.496,8.517,8.533,8.549,8.569,8.587,8.6,8.616,8.64,8.661,8.676,8.694,8.711,8.734,8.751,8.77,8.791,8.812,8.837,8.865,8.884,8.905,8.926,8.955,8.98,9.005,9.042,9.075,9.1,9.124,9.156,9.193,9.229,9.26,9.294,9.333,9.371,9.43,9.481,9.523,9.575,9.647,9.762,9.841,9.926,10.086,10.632
768,OTH FP,6.115,6.672,6.853,6.998,7.109,7.17,7.225,7.289,7.341,7.4,7.434,7.472,7.516,7.549,7.586,7.618,7.661,7.686,7.724,7.756,7.788,7.806,7.828,7.85,7.877,7.899,7.923,7.951,7.975,7.995,8.017,8.044,8.064,8.082,8.104,8.121,8.141,8.16,8.18,8.206,8.228,8.244,8.263,8.279,8.296,8.312,8.333,8.35,8.366,8.382,8.398,8.412,8.429,8.449,8.465,8.485,8.503,8.521,8.538,8.553,8.569,8.588,8.608,8.624,8.639,8.659,8.679,8.703,8.733,8.754,8.775,8.797,8.823,8.858,8.881,8.907,8.926,8.947,8.972,8.996,9.026,9.055,9.08,9.105,9.135,9.165,9.199,9.238,9.271,9.314,9.352,9.387,9.444,9.492,9.536,9.59,9.67,9.748,9.876,10.079,10.755
769,OTH FP,6.115,6.672,6.853,6.998,7.109,7.17,7.225,7.289,7.341,7.4,7.434,7.472,7.516,7.549,7.586,7.618,7.661,7.686,7.724,7.756,7.788,7.806,7.828,7.85,7.877,7.899,7.923,7.951,7.975,7.995,8.017,8.044,8.064,8.082,8.104,8.121,8.141,8.16,8.18,8.206,8.228,8.244,8.263,8.279,8.296,8.312,8.333,8.35,8.366,8.382,8.398,8.412,8.429,8.449,8.465,8.485,8.503,8.521,8.538,8.553,8.569,8.588,8.608,8.624,8.639,8.659,8.679,8.703,8.733,8.754,8.775,8.797,8.823,8.858,8.881,8.907,8.926,8.947,8.972,8.996,9.026,9.055,9.08,9.105,9.135,9.165,9.199,9.238,9.271,9.314,9.352,9.387,9.444,9.492,9.536,9.59,9.67,9.748,9.876,10.079,10.755
770,OTH FP,6.193,6.668,6.894,7.036,7.114,7.18,7.248,7.32,7.359,7.407,7.445,7.495,7.537,7.583,7.621,7.654,7.684,7.712,7.74,7.766,7.789,7.81,7.836,7.868,7.887,7.91,7.929,7.951,7.97,7.99,8.01,8.032,8.055,8.075,8.098,8.12,8.144,8.169,8.189,8.208,8.225,8.242,8.259,8.278,8.288,8.306,8.32,8.337,8.359,8.375,8.391,8.413,8.43,8.447,8.465,8.485,8.511,8.528,8.551,8.565,8.584,8.606,8.625,8.644,8.659,8.678,8.702,8.72,8.74,8.763,8.789,8.815,8.836,8.854,8.878,8.9,8.921,8.953,8.969,8.99,9.012,9.046,9.068,9.1,9.128,9.157,9.19,9.211,9.252,9.289,9.337,9.382,9.445,9.495,9.561,9.627,9.697,9.785,9.914,10.108,10.73
771,OTH FP,6.193,6.668,6.894,7.036,7.114,7.18,7.248,7.32,7.359,7.407,7.445,7.495,7.537,7.583,7.621,7.654,7.684,7.712,7.74,7.766,7.789,7.81,7.836,7.868,7.887,7.91,7.929,7.951,7.97,7.99,8.01,8.032,8.055,8.075,8.098,8.12,8.144,8.169,8.189,8.208,8.225,8.242,8.259,8.278,8.288,8.306,8.32,8.337,8.359,8.375,8.391,8.413,8.43,8.447,8.465,8.485,8.511,8.528,8.551,8.565,8.584,8.606,8.625,8.644,8.659,8.678,8.702,8.72,8.74,8.763,8.789,8.815,8.836,8.854,8.878,8.9,8.921,8.953,8.969,8.99,9.012,9.046,9.068,9.1,9.128,9.157,9.19,9.211,9.252,9.289,9.337,9.382,9.445,9.495,9.561,9.627,9.697,9.785,9.914,10.108,10.73
772,OTH FP,6.108,6.716,6.895,7.03,7.105,7.181,7.252,7.306,7.362,7.424,7.463,7.505,7.541,7.58,7.627,7.654,7.681,7.717,7.743,7.77,7.793,7.821,7.844,7.862,7.881,7.9,7.923,7.949,7.97,7.994,8.01,8.023,8.048,8.072,8.097,8.12,8.138,8.152,8.171,8.19,8.209,8.225,8.243,8.265,8.287,8.304,8.322,8.335,8.35,8.369,8.387,8.408,8.425,8.438,8.455,8.478,8.496,8.512,8.532,8.552,8.57,8.584,8.608,8.628,8.647,8.666,8.69,8.71,8.726,8.747,8.767,8.789,8.807,8.828,8.85,8.875,8.901,8.917,8.943,8.97,8.989,9.011,9.043,9.067,9.099,9.124,9.15,9.183,9.208,9.254,9.292,9.33,9.375,9.43,9.489,9.567,9.644,9.752,9.896,10.101,10.572
773,OTH FP,6.108,6.716,6.895,7.03,7.105,7.181,7.252,7.306,7.362,7.424,7.463,7.505,7.541,7.58,7.627,7.654,7.681,7.717,7.743,7.77,7.793,7.821,7.844,7.862,7.881,7.9,7.923,7.949,7.97,7.994,8.01,8.023,8.048,8.072,8.097,8.12,8.138,8.152,8.171,8.19,8.209,8.225,8.243,8.265,8.287,8.304,8.322,8.335,8.35,8.369,8.387,8.408,8.425,8.438,8.455,8.478,8.496,8.512,8.532,8.552,8.57,8.584,8.608,8.628,8.647,8.666,8.69,8.71,8.726,8.747,8.767,8.789,8.807,8.828,8.85,8.875,8.901,8.917,8.943,8.97,8.989,9.011,9.043,9.067,9.099,9.124,9.15,9.183,9.208,9.254,9.292,9.33,9.375,9.43,9.489,9.567,9.644,9.752,9.896,10.101,10.572
774,OTH FP,6.315,6.79,6.97,7.057,7.13,7.215,7.275,7.317,7.376,7.431,7.49,7.519,7.559,7.606,7.635,7.665,7.692,7.723,7.745,7.775,7.799,7.82,7.839,7.86,7.887,7.908,7.929,7.946,7.965,7.984,8.007,8.031,8.051,8.066,8.088,8.109,8.126,8.146,8.165,8.182,8.2,8.218,8.241,8.258,8.277,8.292,8.31,8.324,8.341,8.357,8.377,8.399,8.417,8.432,8.451,8.467,8.484,8.499,8.515,8.534,8.549,8.565,8.582,8.607,8.628,8.655,8.673,8.694,8.711,8.729,8.752,8.769,8.787,8.808,8.832,8.851,8.873,8.899,8.923,8.946,8.968,8.993,9.013,9.038,9.07,9.099,9.126,9.162,9.192,9.226,9.254,9.311,9.365,9.404,9.462,9.522,9.604,9.669,9.795,10.04,10.529
775,OTH FP,6.315,6.79,6.97,7.057,7.13,7.215,7.275,7.317,7.376,7.431,7.49,7.519,7.559,7.606,7.635,7.665,7.692,7.723,7.745,7.775,7.799,7.82,7.839,7.86,7.887,7.908,7.929,7.946,7.965,7.984,8.007,8.031,8.051,8.066,8.088,8.109,8.126,8.146,8.165,8.182,8.2,8.218,8.241,8.258,8.277,8.292,8.31,8.324,8.341,8.357,8.377,8.399,8.417,8.432,8.451,8.467,8.484,8.499,8.515,8.534,8.549,8.565,8.582,8.607,8.628,8.655,8.673,8.694,8.711,8.729,8.752,8.769,8.787,8.808,8.832,8.851,8.873,8.899,8.923,8.946,8.968,8.993,9.013,9.038,9.07,9.099,9.126,9.162,9.192,9.226,9.254,9.311,9.365,9.404,9.462,9.522,9.604,9.669,9.795,10.04,10.529
776,OTH FP,6.455,6.844,7.027,7.156,7.233,7.298,7.382,7.426,7.461,7.488,7.52,7.558,7.593,7.621,7.654,7.687,7.713,7.74,7.769,7.796,7.816,7.844,7.868,7.893,7.919,7.938,7.956,7.978,7.995,8.013,8.029,8.047,8.067,8.09,8.107,8.122,8.137,8.156,8.171,8.185,8.202,8.222,8.243,8.258,8.275,8.291,8.309,8.327,8.342,8.359,8.373,8.389,8.405,8.417,8.434,8.448,8.463,8.48,8.494,8.513,8.524,8.539,8.554,8.572,8.592,8.608,8.624,8.642,8.663,8.677,8.69,8.705,8.722,8.738,8.76,8.786,8.814,8.837,8.86,8.882,8.909,8.936,8.958,8.976,9.003,9.029,9.054,9.083,9.117,9.153,9.182,9.219,9.26,9.311,9.36,9.435,9.501,9.601,9.696,9.866,10.322
777,OTH FP,6.455,6.844,7.027,7.156,7.233,7.298,7.382,7.426,7.461,7.488,7.52,7.558,7.593,7.621,7.654,7.687,7.713,7.74,7.769,7.796,7.816,7.844,7.868,7.893,7.919,7.938,7.956,7.978,7.995,8.013,8.029,8.047,8.067,8.09,8.107,8.122,8.137,8.156,8.171,8.185,8.202,8.222,8.243,8.258,8.275,8.291,8.309,8.327,8.342,8.359,8.373,8.389,8.405,8.417,8.434,8.448,8.463,8.48,8.494,8.513,8.524,8.539,8.554,8.572,8.592,8.608,8.624,8.642,8.663,8.677,8.69,8.705,8.722,8.738,8.76,8.786,8.814,8.837,8.86,8.882,8.909,8.936,8.958,8.976,9.003,9.029,9.054,9.083,9.117,9.153,9.182,9.219,9.26,9.311,9.36,9.435,9.501,9.601,9.696,9.866,10.322
778,OTH FP,6.316,6.946,7.127,7.211,7.282,7.356,7.42,7.489,7.539,7.573,7.612,7.648,7.683,7.727,7.757,7.782,7.805,7.832,7.857,7.883,7.905,7.927,7.944,7.968,7.99,8.012,8.029,8.049,8.069,8.087,8.107,8.127,8.147,8.163,8.179,8.199,8.218,8.237,8.256,8.273,8.29,8.309,8.325,8.342,8.357,8.375,8.393,8.406,8.426,8.44,8.455,8.473,8.487,8.504,8.524,8.536,8.554,8.571,8.59,8.606,8.621,8.637,8.658,8.67,8.685,8.7,8.718,8.733,8.75,8.767,8.788,8.802,8.822,8.837,8.859,8.883,8.905,8.926,8.95,8.975,9.005,9.023,9.045,9.078,9.101,9.134,9.169,9.209,9.244,9.278,9.306,9.354,9.393,9.433,9.482,9.543,9.619,9.722,9.83,9.998,10.344
779,OTH FP,6.316,6.946,7.127,7.211,7.282,7.356,7.42,7.489,7.539,7.573,7.612,7.648,7.683,7.727,7.757,7.782,7.805,7.832,7.857,7.883,7.905,7.927,7.944,7.968,7.99,8.012,8.029,8.049,8.069,8.087,8.107,8.127,8.147,8.163,8.179,8.199,8.218,8.237,8.256,8.273,8.29,8.309,8.325,8.342,8.357,8.375,8.393,8.406,8.426,8.44,8.455,8.473,8.487,8.504,8.524,8.536,8.554,8.571,8.59,8.606,8.621,8.637,8.658,8.67,8.685,8.7,8.718,8.733,8.75,8.767,8.788,8.802,8.822,8.837,8.859,8.883,8.905,8.926,8.95,8.975,9.005,9.023,9.045,9.078,9.101,9.134,9.169,9.209,9.244,9.278,9.306,9.354,9.393,9.433,9.482,9.543,9.619,9.722,9.83,9.998,10.344
780,OTH FP,6.425,7.026,7.188,7.3,7.406,7.461,7.511,7.548,7.606,7.646,7.69,7.738,7.767,7.805,7.847,7.88,7.908,7.937,7.959,7.974,7.994,8.016,8.036,8.057,8.075,8.095,8.116,8.136,8.157,8.173,8.192,8.215,8.229,8.248,8.265,8.285,8.303,8.32,8.337,8.356,8.369,8.383,8.398,8.415,8.431,8.447,8.463,8.479,8.498,8.511,8.53,8.544,8.567,8.583,8.598,8.61,8.628,8.647,8.663,8.675,8.69,8.707,8.725,8.742,8.76,8.776,8.796,8.816,8.842,8.861,8.875,8.893,8.911,8.929,8.946,8.966,8.985,9.006,9.025,9.051,9.07,9.102,9.131,9.164,9.19,9.211,9.235,9.267,9.304,9.33,9.36,9.398,9.432,9.483,9.529,9.588,9.67,9.744,9.87,10.05,10.443
781,OTH FP,6.425,7.026,7.188,7.3,7.406,7.461,7.511,7.548,7.606,7.646,7.69,7.738,7.767,7.805,7.847,7.88,7.908,7.937,7.959,7.974,7.994,8.016,8.036,8.057,8.075,8.095,8.116,8.136,8.157,8.173,8.192,8.215,8.229,8.248,8.265,8.285,8.303,8.32,8.337,8.356,8.369,8.383,8.398,8.415,8.431,8.447,8.463,8.479,8.498,8.511,8.53,8.544,8.567,8.583,8.598,8.61,8.628,8.647,8.663,8.675,8.69,8.707,8.725,8.742,8.76,8.776,8.796,8.816,8.842,8.861,8.875,8.893,8.911,8.929,8.946,8.966,8.985,9.006,9.025,9.051,9.07,9.102,9.131,9.164,9.19,9.211,9.235,9.267,9.304,9.33,9.36,9.398,9.432,9.483,9.529,9.588,9.67,9.744,9.87,10.05,10.443
782,OTH FP,6.572,7.156,7.316,7.438,7.526,7.594,7.656,7.696,7.733,7.779,7.819,7.859,7.891,7.931,7.951,7.978,8.006,8.03,8.051,8.074,8.09,8.105,8.123,8.141,8.165,8.185,8.203,8.222,8.242,8.26,8.278,8.297,8.312,8.327,8.345,8.362,8.382,8.398,8.413,8.428,8.444,8.467,8.48,8.493,8.51,8.528,8.541,8.56,8.573,8.591,8.605,8.621,8.633,8.643,8.662,8.681,8.696,8.716,8.733,8.751,8.767,8.79,8.809,8.827,8.842,8.861,8.878,8.892,8.911,8.932,8.952,8.969,8.991,9.01,9.031,9.045,9.061,9.081,9.098,9.119,9.14,9.165,9.186,9.21,9.24,9.267,9.293,9.316,9.34,9.38,9.41,9.448,9.498,9.558,9.612,9.668,9.736,9.825,9.925,10.081,10.673
783,OTH FP,6.572,7.156,7.316,7.438,7.526,7.594,7.656,7.696,7.733,7.779,7.819,7.859,7.891,7.931,7.951,7.978,8.006,8.03,8.051,8.074,8.09,8.105,8.123,8.141,8.165,8.185,8.203,8.222,8.242,8.26,8.278,8.297,8.312,8.327,8.345,8.362,8.382,8.398,8.413,8.428,8.444,8.467,8.48,8.493,8.51,8.528,8.541,8.56,8.573,8.591,8.605,8.621,8.633,8.643,8.662,8.681,8.696,8.716,8.733,8.751,8.767,8.79,8.809,8.827,8.842,8.861,8.878,8.892,8.911,8.932,8.952,8.969,8.991,9.01,9.031,9.045,9.061,9.081,9.098,9.119,9.14,9.165,9.186,9.21,9.24,9.267,9.293,9.316,9.34,9.38,9.41,9.448,9.498,9.558,9.612,9.668,9.736,9.825,9.925,10.081,10.673
784,OTH FP,6.638,7.211,7.375,7.481,7.553,7.614,7.688,7.733,7.783,7.822,7.875,7.906,7.94,7.968,7.995,8.014,8.036,8.059,8.078,8.101,8.12,8.144,8.163,8.18,8.204,8.223,8.244,8.264,8.284,8.301,8.323,8.339,8.355,8.375,8.395,8.414,8.432,8.451,8.464,8.476,8.494,8.518,8.536,8.557,8.57,8.584,8.603,8.616,8.631,8.644,8.662,8.679,8.694,8.71,8.727,8.745,8.758,8.772,8.79,8.801,8.818,8.836,8.854,8.872,8.888,8.903,8.916,8.932,8.95,8.969,8.988,9.007,9.027,9.045,9.062,9.08,9.099,9.114,9.138,9.157,9.185,9.207,9.232,9.278,9.305,9.331,9.358,9.386,9.418,9.452,9.49,9.532,9.575,9.623,9.682,9.734,9.809,9.898,9.986,10.166,10.697
785,OTH FP,6.638,7.211,7.375,7.481,7.553,7.614,7.688,7.733,7.783,7.822,7.875,7.906,7.94,7.968,7.995,8.014,8.036,8.059,8.078,8.101,8.12,8.144,8.163,8.18,8.204,8.223,8.244,8.264,8.284,8.301,8.323,8.339,8.355,8.375,8.395,8.414,8.432,8.451,8.464,8.476,8.494,8.518,8.536,8.557,8.57,8.584,8.603,8.616,8.631,8.644,8.662,8.679,8.694,8.71,8.727,8.745,8.758,8.772,8.79,8.801,8.818,8.836,8.854,8.872,8.888,8.903,8.916,8.932,8.95,8.969,8.988,9.007,9.027,9.045,9.062,9.08,9.099,9.114,9.138,9.157,9.185,9.207,9.232,9.278,9.305,9.331,9.358,9.386,9.418,9.452,9.49,9.532,9.575,9.623,9.682,9.734,9.809,9.898,9.986,10.166,10.697
786,OTH FP,6.79,7.265,7.5,7.58,7.658,7.714,7.771,7.813,7.873,7.918,7.95,7.976,8.01,8.039,8.066,8.091,8.11,8.132,8.147,8.17,8.193,8.213,8.235,8.259,8.282,8.297,8.316,8.337,8.355,8.374,8.391,8.407,8.422,8.442,8.462,8.478,8.498,8.517,8.531,8.546,8.563,8.583,8.6,8.612,8.625,8.64,8.653,8.672,8.684,8.697,8.708,8.724,8.742,8.754,8.768,8.786,8.804,8.82,8.835,8.849,8.87,8.892,8.902,8.919,8.936,8.954,8.973,8.989,9.011,9.031,9.045,9.061,9.078,9.098,9.12,9.143,9.159,9.178,9.197,9.219,9.246,9.263,9.289,9.307,9.335,9.368,9.404,9.434,9.471,9.509,9.539,9.577,9.615,9.66,9.707,9.753,9.836,9.921,10.022,10.181,10.753
787,OTH FP,6.79,7.265,7.5,7.58,7.658,7.714,7.771,7.813,7.873,7.918,7.95,7.976,8.01,8.039,8.066,8.091,8.11,8.132,8.147,8.17,8.193,8.213,8.235,8.259,8.282,8.297,8.316,8.337,8.355,8.374,8.391,8.407,8.422,8.442,8.462,8.478,8.498,8.517,8.531,8.546,8.563,8.583,8.6,8.612,8.625,8.64,8.653,8.672,8.684,8.697,8.708,8.724,8.742,8.754,8.768,8.786,8.804,8.82,8.835,8.849,8.87,8.892,8.902,8.919,8.936,8.954,8.973,8.989,9.011,9.031,9.045,9.061,9.078,9.098,9.12,9.143,9.159,9.178,9.197,9.219,9.246,9.263,9.289,9.307,9.335,9.368,9.404,9.434,9.471,9.509,9.539,9.577,9.615,9.66,9.707,9.753,9.836,9.921,10.022,10.181,10.753
788,OTH FP,6.862,7.35,7.532,7.646,7.724,7.796,7.867,7.905,7.953,7.983,8.015,8.039,8.067,8.099,8.132,8.155,8.178,8.199,8.222,8.245,8.264,8.285,8.309,8.321,8.338,8.357,8.379,8.397,8.419,8.438,8.457,8.472,8.489,8.51,8.523,8.538,8.559,8.572,8.588,8.603,8.619,8.639,8.654,8.669,8.682,8.699,8.711,8.728,8.746,8.757,8.771,8.783,8.794,8.811,8.829,8.845,8.861,8.877,8.891,8.903,8.915,8.929,8.952,8.969,8.984,9.001,9.021,9.038,9.059,9.076,9.092,9.102,9.123,9.144,9.163,9.183,9.199,9.212,9.23,9.249,9.267,9.291,9.311,9.333,9.355,9.378,9.405,9.432,9.463,9.487,9.526,9.557,9.605,9.646,9.688,9.75,9.822,9.889,9.992,10.173,10.488
789,OTH FP,6.862,7.35,7.532,7.646,7.724,7.796,7.867,7.905,7.953,7.983,8.015,8.039,8.067,8.099,8.132,8.155,8.178,8.199,8.222,8.245,8.264,8.285,8.309,8.321,8.338,8.357,8.379,8.397,8.419,8.438,8.457,8.472,8.489,8.51,8.523,8.538,8.559,8.572,8.588,8.603,8.619,8.639,8.654,8.669,8.682,8.699,8.711,8.728,8.746,8.757,8.771,8.783,8.794,8.811,8.829,8.845,8.861,8.877,8.891,8.903,8.915,8.929,8.952,8.969,8.984,9.001,9.021,9.038,9.059,9.076,9.092,9.102,9.123,9.144,9.163,9.183,9.199,9.212,9.23,9.249,9.267,9.291,9.311,9.333,9.355,9.378,9.405,9.432,9.463,9.487,9.526,9.557,9.605,9.646,9.688,9.75,9.822,9.889,9.992,10.173,10.488
790,OTH FP,6.811,7.311,7.508,7.613,7.698,7.754,7.797,7.839,7.886,7.936,7.975,8.006,8.038,8.062,8.086,8.11,8.131,8.145,8.175,8.195,8.217,8.236,8.26,8.281,8.3,8.316,8.332,8.353,8.377,8.396,8.414,8.43,8.451,8.475,8.489,8.505,8.522,8.54,8.555,8.571,8.588,8.606,8.627,8.638,8.651,8.668,8.685,8.706,8.719,8.733,8.746,8.763,8.778,8.793,8.81,8.827,8.843,8.863,8.883,8.903,8.916,8.929,8.944,8.962,8.977,8.992,9.006,9.021,9.037,9.053,9.068,9.082,9.106,9.123,9.144,9.165,9.188,9.211,9.23,9.251,9.273,9.294,9.312,9.336,9.357,9.382,9.41,9.433,9.469,9.505,9.536,9.573,9.608,9.644,9.69,9.752,9.808,9.897,10.011,10.212,10.661
791,OTH FP,6.811,7.311,7.508,7.613,7.698,7.754,7.797,7.839,7.886,7.936,7.975,8.006,8.038,8.062,8.086,8.11,8.131,8.145,8.175,8.195,8.217,8.236,8.26,8.281,8.3,8.316,8.332,8.353,8.377,8.396,8.414,8.43,8.451,8.475,8.489,8.505,8.522,8.54,8.555,8.571,8.588,8.606,8.627,8.638,8.651,8.668,8.685,8.706,8.719,8.733,8.746,8.763,8.778,8.793,8.81,8.827,8.843,8.863,8.883,8.903,8.916,8.929,8.944,8.962,8.977,8.992,9.006,9.021,9.037,9.053,9.068,9.082,9.106,9.123,9.144,9.165,9.188,9.211,9.23,9.251,9.273,9.294,9.312,9.336,9.357,9.382,9.41,9.433,9.469,9.505,9.536,9.573,9.608,9.644,9.69,9.752,9.808,9.897,10.011,10.212,10.661
792,OTH FP,6.76,7.304,7.531,7.649,7.714,7.77,7.812,7.851,7.883,7.91,7.951,7.985,8.019,8.051,8.074,8.098,8.126,8.145,8.164,8.186,8.212,8.231,8.252,8.276,8.299,8.315,8.336,8.356,8.37,8.392,8.408,8.421,8.435,8.451,8.468,8.48,8.496,8.513,8.528,8.545,8.562,8.575,8.594,8.61,8.623,8.637,8.652,8.665,8.677,8.691,8.706,8.721,8.737,8.752,8.768,8.782,8.799,8.814,8.832,8.848,8.871,8.886,8.907,8.922,8.935,8.957,8.973,8.992,9.009,9.03,9.048,9.065,9.081,9.1,9.117,9.132,9.156,9.182,9.199,9.217,9.241,9.266,9.289,9.312,9.335,9.36,9.388,9.416,9.441,9.468,9.495,9.529,9.577,9.624,9.669,9.719,9.789,9.904,9.984,10.123,10.696
793,OTH FP,6.76,7.304,7.531,7.649,7.714,7.77,7.812,7.851,7.883,7.91,7.951,7.985,8.019,8.051,8.074,8.098,8.126,8.145,8.164,8.186,8.212,8.231,8.252,8.276,8.299,8.315,8.336,8.356,8.37,8.392,8.408,8.421,8.435,8.451,8.468,8.48,8.496,8.513,8.528,8.545,8.562,8.575,8.594,8.61,8.623,8.637,8.652,8.665,8.677,8.691,8.706,8.721,8.737,8.752,8.768,8.782,8.799,8.814,8.832,8.848,8.871,8.886,8.907,8.922,8.935,8.957,8.973,8.992,9.009,9.03,9.048,9.065,9.081,9.1,9.117,9.132,9.156,9.182,9.199,9.217,9.241,9.266,9.289,9.312,9.335,9.36,9.388,9.416,9.441,9.468,9.495,9.529,9.577,9.624,9.669,9.719,9.789,9.904,9.984,10.123,10.696
794,OTH FP,6.99,7.377,7.535,7.635,7.709,7.767,7.805,7.856,7.889,7.931,7.968,8.006,8.036,8.061,8.086,8.117,8.142,8.165,8.189,8.21,8.225,8.243,8.262,8.286,8.304,8.317,8.333,8.351,8.368,8.384,8.402,8.419,8.433,8.449,8.466,8.483,8.498,8.513,8.527,8.545,8.56,8.574,8.59,8.601,8.615,8.631,8.646,8.664,8.676,8.69,8.702,8.719,8.735,8.748,8.76,8.776,8.79,8.804,8.822,8.838,8.857,8.87,8.887,8.904,8.926,8.943,8.959,8.977,8.997,9.015,9.031,9.047,9.061,9.08,9.099,9.116,9.135,9.155,9.171,9.19,9.213,9.232,9.254,9.279,9.299,9.321,9.342,9.365,9.398,9.432,9.472,9.503,9.542,9.581,9.618,9.682,9.737,9.814,9.941,10.134,10.497
795,OTH FP,6.99,7.377,7.535,7.635,7.709,7.767,7.805,7.856,7.889,7.931,7.968,8.006,8.036,8.061,8.086,8.117,8.142,8.165,8.189,8.21,8.225,8.243,8.262,8.286,8.304,8.317,8.333,8.351,8.368,8.384,8.402,8.419,8.433,8.449,8.466,8.483,8.498,8.513,8.527,8.545,8.56,8.574,8.59,8.601,8.615,8.631,8.646,8.664,8.676,8.69,8.702,8.719,8.735,8.748,8.76,8.776,8.79,8.804,8.822,8.838,8.857,8.87,8.887,8.904,8.926,8.943,8.959,8.977,8.997,9.015,9.031,9.047,9.061,9.08,9.099,9.116,9.135,9.155,9.171,9.19,9.213,9.232,9.254,9.279,9.299,9.321,9.342,9.365,9.398,9.432,9.472,9.503,9.542,9.581,9.618,9.682,9.737,9.814,9.941,10.134,10.497
796,OTH FP,6.869,7.291,7.428,7.524,7.61,7.672,7.729,7.768,7.812,7.846,7.871,7.906,7.945,7.974,7.999,8.02,8.045,8.068,8.091,8.108,8.134,8.159,8.177,8.194,8.211,8.236,8.25,8.265,8.287,8.307,8.323,8.339,8.353,8.371,8.387,8.404,8.421,8.438,8.453,8.467,8.489,8.508,8.523,8.538,8.552,8.569,8.586,8.6,8.613,8.628,8.645,8.659,8.673,8.688,8.704,8.723,8.734,8.746,8.762,8.775,8.788,8.802,8.824,8.836,8.85,8.866,8.885,8.904,8.919,8.941,8.956,8.973,8.995,9.02,9.036,9.055,9.076,9.096,9.121,9.142,9.164,9.183,9.206,9.23,9.256,9.281,9.3,9.327,9.352,9.376,9.411,9.434,9.47,9.532,9.571,9.61,9.684,9.737,9.869,10.052,10.537
797,OTH FP,6.869,7.291,7.428,7.524,7.61,7.672,7.729,7.768,7.812,7.846,7.871,7.906,7.945,7.974,7.999,8.02,8.045,8.068,8.091,8.108,8.134,8.159,8.177,8.194,8.211,8.236,8.25,8.265,8.287,8.307,8.323,8.339,8.353,8.371,8.387,8.404,8.421,8.438,8.453,8.467,8.489,8.508,8.523,8.538,8.552,8.569,8.586,8.6,8.613,8.628,8.645,8.659,8.673,8.688,8.704,8.723,8.734,8.746,8.762,8.775,8.788,8.802,8.824,8.836,8.85,8.866,8.885,8.904,8.919,8.941,8.956,8.973,8.995,9.02,9.036,9.055,9.076,9.096,9.121,9.142,9.164,9.183,9.206,9.23,9.256,9.281,9.3,9.327,9.352,9.376,9.411,9.434,9.47,9.532,9.571,9.61,9.684,9.737,9.869,10.052,10.537
798,OTH FP,6.779,7.226,7.373,7.459,7.528,7.579,7.642,7.68,7.716,7.75,7.781,7.816,7.855,7.879,7.906,7.936,7.966,7.991,8.01,8.033,8.06,8.08,8.106,8.131,8.147,8.172,8.19,8.206,8.219,8.234,8.247,8.265,8.281,8.296,8.313,8.327,8.342,8.36,8.378,8.393,8.408,8.429,8.441,8.462,8.476,8.491,8.508,8.521,8.534,8.548,8.566,8.583,8.594,8.616,8.633,8.65,8.662,8.681,8.694,8.708,8.724,8.738,8.754,8.771,8.786,8.803,8.816,8.832,8.848,8.867,8.883,8.901,8.915,8.935,8.948,8.969,8.988,9.003,9.02,9.036,9.061,9.081,9.1,9.124,9.142,9.168,9.204,9.227,9.258,9.279,9.315,9.349,9.395,9.433,9.484,9.534,9.584,9.683,9.785,9.923,10.407
799,OTH FP,6.779,7.226,7.373,7.459,7.528,7.579,7.642,7.68,7.716,7.75,7.781,7.816,7.855,7.879,7.906,7.936,7.966,7.991,8.01,8.033,8.06,8.08,8.106,8.131,8.147,8.172,8.19,8.206,8.219,8.234,8.247,8.265,8.281,8.296,8.313,8.327,8.342,8.36,8.378,8.393,8.408,8.429,8.441,8.462,8.476,8.491,8.508,8.521,8.534,8.548,8.566,8.583,8.594,8.616,8.633,8.65,8.662,8.681,8.694,8.708,8.724,8.738,8.754,8.771,8.786,8.803,8.816,8.832,8.848,8.867,8.883,8.901,8.915,8.935,8.948,8.969,8.988,9.003,9.02,9.036,9.061,9.081,9.1,9.124,9.142,9.168,9.204,9.227,9.258,9.279,9.315,9.349,9.395,9.433,9.484,9.534,9.584,9.683,9.785,9.923,10.407
800,OTH FP,6.652,7.151,7.298,7.376,7.459,7.527,7.586,7.628,7.66,7.702,7.74,7.772,7.794,7.823,7.848,7.873,7.899,7.924,7.943,7.967,7.982,7.999,8.027,8.045,8.058,8.074,8.088,8.104,8.123,8.141,8.158,8.179,8.196,8.213,8.231,8.249,8.264,8.278,8.294,8.309,8.321,8.331,8.344,8.357,8.373,8.388,8.399,8.412,8.43,8.447,8.463,8.479,8.495,8.505,8.519,8.538,8.554,8.573,8.584,8.603,8.619,8.634,8.648,8.661,8.677,8.696,8.712,8.733,8.749,8.761,8.774,8.79,8.814,8.829,8.846,8.866,8.885,8.906,8.926,8.95,8.965,8.989,9.009,9.03,9.05,9.07,9.092,9.121,9.15,9.18,9.212,9.247,9.289,9.34,9.391,9.448,9.507,9.555,9.64,9.775,10.183
801,OTH FP,6.652,7.151,7.298,7.376,7.459,7.527,7.586,7.628,7.66,7.702,7.74,7.772,7.794,7.823,7.848,7.873,7.899,7.924,7.943,7.967,7.982,7.999,8.027,8.045,8.058,8.074,8.088,8.104,8.123,8.141,8.158,8.179,8.196,8.213,8.231,8.249,8.264,8.278,8.294,8.309,8.321,8.331,8.344,8.357,8.373,8.388,8.399,8.412,8.43,8.447,8.463,8.479,8.495,8.505,8.519,8.538,8.554,8.573,8.584,8.603,8.619,8.634,8.648,8.661,8.677,8.696,8.712,8.733,8.749,8.761,8.774,8.79,8.814,8.829,8.846,8.866,8.885,8.906,8.926,8.95,8.965,8.989,9.009,9.03,9.05,9.07,9.092,9.121,9.15,9.18,9.212,9.247,9.289,9.34,9.391,9.448,9.507,9.555,9.64,9.775,10.183
802,OTH FP,6.595,7.022,7.17,7.275,7.333,7.396,7.449,7.5,7.542,7.576,7.605,7.625,7.653,7.684,7.71,7.736,7.765,7.788,7.814,7.829,7.851,7.874,7.899,7.917,7.936,7.954,7.971,7.984,8.0,8.015,8.037,8.056,8.074,8.089,8.108,8.124,8.141,8.152,8.168,8.184,8.206,8.219,8.234,8.248,8.268,8.279,8.293,8.308,8.322,8.335,8.35,8.363,8.375,8.392,8.407,8.42,8.438,8.454,8.469,8.486,8.499,8.513,8.526,8.541,8.557,8.571,8.588,8.607,8.622,8.641,8.658,8.679,8.693,8.709,8.726,8.748,8.77,8.788,8.81,8.825,8.843,8.865,8.887,8.908,8.922,8.945,8.968,8.99,9.016,9.046,9.086,9.116,9.142,9.179,9.232,9.264,9.324,9.393,9.492,9.644,10.032
803,OTH FP,6.595,7.022,7.17,7.275,7.333,7.396,7.449,7.5,7.542,7.576,7.605,7.625,7.653,7.684,7.71,7.736,7.765,7.788,7.814,7.829,7.851,7.874,7.899,7.917,7.936,7.954,7.971,7.984,8.0,8.015,8.037,8.056,8.074,8.089,8.108,8.124,8.141,8.152,8.168,8.184,8.206,8.219,8.234,8.248,8.268,8.279,8.293,8.308,8.322,8.335,8.35,8.363,8.375,8.392,8.407,8.42,8.438,8.454,8.469,8.486,8.499,8.513,8.526,8.541,8.557,8.571,8.588,8.607,8.622,8.641,8.658,8.679,8.693,8.709,8.726,8.748,8.77,8.788,8.81,8.825,8.843,8.865,8.887,8.908,8.922,8.945,8.968,8.99,9.016,9.046,9.086,9.116,9.142,9.179,9.232,9.264,9.324,9.393,9.492,9.644,10.032
804,OTH FP,6.462,6.9,7.084,7.169,7.245,7.308,7.357,7.411,7.456,7.49,7.532,7.572,7.595,7.629,7.664,7.686,7.72,7.742,7.768,7.791,7.811,7.836,7.855,7.873,7.891,7.909,7.927,7.949,7.966,7.981,8.001,8.02,8.038,8.058,8.069,8.085,8.101,8.116,8.133,8.149,8.163,8.176,8.186,8.197,8.209,8.223,8.236,8.253,8.272,8.292,8.306,8.321,8.335,8.349,8.367,8.38,8.394,8.413,8.427,8.441,8.456,8.474,8.489,8.503,8.516,8.535,8.557,8.572,8.588,8.607,8.624,8.642,8.658,8.678,8.701,8.725,8.745,8.761,8.776,8.796,8.821,8.846,8.869,8.889,8.916,8.943,8.968,8.997,9.02,9.047,9.077,9.107,9.144,9.184,9.247,9.308,9.383,9.448,9.548,9.691,10.175
805,OTH FP,6.462,6.9,7.084,7.169,7.245,7.308,7.357,7.411,7.456,7.49,7.532,7.572,7.595,7.629,7.664,7.686,7.72,7.742,7.768,7.791,7.811,7.836,7.855,7.873,7.891,7.909,7.927,7.949,7.966,7.981,8.001,8.02,8.038,8.058,8.069,8.085,8.101,8.116,8.133,8.149,8.163,8.176,8.186,8.197,8.209,8.223,8.236,8.253,8.272,8.292,8.306,8.321,8.335,8.349,8.367,8.38,8.394,8.413,8.427,8.441,8.456,8.474,8.489,8.503,8.516,8.535,8.557,8.572,8.588,8.607,8.624,8.642,8.658,8.678,8.701,8.725,8.745,8.761,8.776,8.796,8.821,8.846,8.869,8.889,8.916,8.943,8.968,8.997,9.02,9.047,9.077,9.107,9.144,9.184,9.247,9.308,9.383,9.448,9.548,9.691,10.175
806,OTH FP,6.491,6.877,7.059,7.161,7.231,7.274,7.331,7.378,7.424,7.46,7.507,7.535,7.563,7.59,7.633,7.649,7.677,7.702,7.729,7.756,7.777,7.798,7.819,7.841,7.858,7.879,7.897,7.918,7.933,7.949,7.965,7.985,8.001,8.017,8.032,8.046,8.063,8.079,8.097,8.113,8.131,8.144,8.158,8.176,8.188,8.204,8.216,8.225,8.241,8.252,8.268,8.282,8.301,8.324,8.341,8.357,8.371,8.389,8.41,8.426,8.447,8.461,8.479,8.501,8.519,8.533,8.547,8.562,8.578,8.593,8.608,8.627,8.647,8.66,8.683,8.704,8.732,8.754,8.772,8.793,8.816,8.843,8.865,8.886,8.917,8.946,8.977,9.006,9.035,9.066,9.093,9.136,9.173,9.199,9.239,9.293,9.345,9.418,9.528,9.67,10.127
807,OTH FP,6.491,6.877,7.059,7.161,7.231,7.274,7.331,7.378,7.424,7.46,7.507,7.535,7.563,7.59,7.633,7.649,7.677,7.702,7.729,7.756,7.777,7.798,7.819,7.841,7.858,7.879,7.897,7.918,7.933,7.949,7.965,7.985,8.001,8.017,8.032,8.046,8.063,8.079,8.097,8.113,8.131,8.144,8.158,8.176,8.188,8.204,8.216,8.225,8.241,8.252,8.268,8.282,8.301,8.324,8.341,8.357,8.371,8.389,8.41,8.426,8.447,8.461,8.479,8.501,8.519,8.533,8.547,8.562,8.578,8.593,8.608,8.627,8.647,8.66,8.683,8.704,8.732,8.754,8.772,8.793,8.816,8.843,8.865,8.886,8.917,8.946,8.977,9.006,9.035,9.066,9.093,9.136,9.173,9.199,9.239,9.293,9.345,9.418,9.528,9.67,10.127
808,OTH FP,6.367,6.807,6.988,7.107,7.191,7.255,7.309,7.36,7.403,7.44,7.48,7.518,7.548,7.575,7.601,7.626,7.647,7.668,7.689,7.71,7.733,7.751,7.774,7.794,7.82,7.841,7.859,7.879,7.901,7.923,7.94,7.956,7.978,7.993,8.011,8.026,8.046,8.06,8.077,8.09,8.104,8.121,8.135,8.152,8.166,8.18,8.196,8.213,8.229,8.24,8.256,8.27,8.284,8.298,8.311,8.332,8.349,8.366,8.382,8.396,8.41,8.429,8.446,8.464,8.479,8.499,8.513,8.531,8.547,8.563,8.575,8.59,8.606,8.622,8.643,8.667,8.693,8.714,8.734,8.753,8.783,8.806,8.827,8.846,8.866,8.888,8.912,8.94,8.964,9.0,9.029,9.067,9.097,9.141,9.191,9.243,9.314,9.397,9.504,9.653,10.29
809,OTH FP,6.367,6.807,6.988,7.107,7.191,7.255,7.309,7.36,7.403,7.44,7.48,7.518,7.548,7.575,7.601,7.626,7.647,7.668,7.689,7.71,7.733,7.751,7.774,7.794,7.82,7.841,7.859,7.879,7.901,7.923,7.94,7.956,7.978,7.993,8.011,8.026,8.046,8.06,8.077,8.09,8.104,8.121,8.135,8.152,8.166,8.18,8.196,8.213,8.229,8.24,8.256,8.27,8.284,8.298,8.311,8.332,8.349,8.366,8.382,8.396,8.41,8.429,8.446,8.464,8.479,8.499,8.513,8.531,8.547,8.563,8.575,8.59,8.606,8.622,8.643,8.667,8.693,8.714,8.734,8.753,8.783,8.806,8.827,8.846,8.866,8.888,8.912,8.94,8.964,9.0,9.029,9.067,9.097,9.141,9.191,9.243,9.314,9.397,9.504,9.653,10.29
810,OTH FP,6.314,6.716,6.849,6.977,7.063,7.148,7.196,7.25,7.308,7.344,7.384,7.42,7.461,7.491,7.522,7.554,7.578,7.602,7.625,7.649,7.673,7.698,7.72,7.746,7.766,7.787,7.812,7.834,7.859,7.88,7.897,7.913,7.931,7.949,7.967,7.985,8.0,8.02,8.036,8.051,8.07,8.083,8.093,8.113,8.133,8.147,8.162,8.177,8.19,8.207,8.226,8.243,8.258,8.275,8.291,8.311,8.328,8.35,8.366,8.384,8.402,8.419,8.437,8.448,8.464,8.481,8.501,8.517,8.533,8.551,8.569,8.583,8.604,8.627,8.645,8.664,8.683,8.706,8.731,8.751,8.776,8.804,8.822,8.846,8.872,8.896,8.935,8.965,8.993,9.018,9.052,9.089,9.125,9.167,9.208,9.274,9.343,9.422,9.529,9.712,10.32
811,OTH FP,6.314,6.716,6.849,6.977,7.063,7.148,7.196,7.25,7.308,7.344,7.384,7.42,7.461,7.491,7.522,7.554,7.578,7.602,7.625,7.649,7.673,7.698,7.72,7.746,7.766,7.787,7.812,7.834,7.859,7.88,7.897,7.913,7.931,7.949,7.967,7.985,8.0,8.02,8.036,8.051,8.07,8.083,8.093,8.113,8.133,8.147,8.162,8.177,8.19,8.207,8.226,8.243,8.258,8.275,8.291,8.311,8.328,8.35,8.366,8.384,8.402,8.419,8.437,8.448,8.464,8.481,8.501,8.517,8.533,8.551,8.569,8.583,8.604,8.627,8.645,8.664,8.683,8.706,8.731,8.751,8.776,8.804,8.822,8.846,8.872,8.896,8.935,8.965,8.993,9.018,9.052,9.089,9.125,9.167,9.208,9.274,9.343,9.422,9.529,9.712,10.32
812,OTH FP,6.152,6.612,6.821,6.922,7.011,7.073,7.131,7.18,7.236,7.28,7.331,7.37,7.409,7.44,7.467,7.487,7.511,7.539,7.568,7.596,7.622,7.646,7.663,7.687,7.709,7.732,7.75,7.769,7.788,7.814,7.831,7.849,7.871,7.888,7.906,7.925,7.947,7.963,7.979,8.005,8.022,8.041,8.058,8.072,8.089,8.1,8.116,8.131,8.145,8.16,8.177,8.189,8.203,8.219,8.237,8.253,8.272,8.293,8.312,8.329,8.343,8.358,8.371,8.389,8.408,8.424,8.44,8.465,8.483,8.5,8.517,8.537,8.558,8.579,8.602,8.623,8.644,8.67,8.692,8.718,8.744,8.765,8.785,8.804,8.824,8.858,8.888,8.929,8.958,8.991,9.028,9.066,9.113,9.16,9.206,9.274,9.329,9.428,9.534,9.7,10.263
813,OTH FP,6.152,6.612,6.821,6.922,7.011,7.073,7.131,7.18,7.236,7.28,7.331,7.37,7.409,7.44,7.467,7.487,7.511,7.539,7.568,7.596,7.622,7.646,7.663,7.687,7.709,7.732,7.75,7.769,7.788,7.814,7.831,7.849,7.871,7.888,7.906,7.925,7.947,7.963,7.979,8.005,8.022,8.041,8.058,8.072,8.089,8.1,8.116,8.131,8.145,8.16,8.177,8.189,8.203,8.219,8.237,8.253,8.272,8.293,8.312,8.329,8.343,8.358,8.371,8.389,8.408,8.424,8.44,8.465,8.483,8.5,8.517,8.537,8.558,8.579,8.602,8.623,8.644,8.67,8.692,8.718,8.744,8.765,8.785,8.804,8.824,8.858,8.888,8.929,8.958,8.991,9.028,9.066,9.113,9.16,9.206,9.274,9.329,9.428,9.534,9.7,10.263
814,OTH FP,6.111,6.607,6.78,6.879,6.933,7.013,7.082,7.131,7.174,7.225,7.271,7.312,7.345,7.388,7.424,7.458,7.492,7.515,7.537,7.557,7.582,7.606,7.635,7.656,7.675,7.697,7.718,7.737,7.754,7.777,7.795,7.814,7.833,7.849,7.872,7.891,7.908,7.93,7.943,7.958,7.974,7.995,8.011,8.023,8.04,8.057,8.076,8.09,8.109,8.125,8.139,8.153,8.172,8.191,8.206,8.218,8.234,8.252,8.27,8.284,8.301,8.315,8.336,8.357,8.371,8.389,8.408,8.425,8.448,8.468,8.488,8.504,8.52,8.536,8.557,8.578,8.594,8.617,8.641,8.665,8.694,8.725,8.749,8.771,8.799,8.823,8.863,8.896,8.926,8.957,8.993,9.038,9.088,9.138,9.182,9.238,9.311,9.421,9.523,9.676,10.16
815,OTH FP,6.111,6.607,6.78,6.879,6.933,7.013,7.082,7.131,7.174,7.225,7.271,7.312,7.345,7.388,7.424,7.458,7.492,7.515,7.537,7.557,7.582,7.606,7.635,7.656,7.675,7.697,7.718,7.737,7.754,7.777,7.795,7.814,7.833,7.849,7.872,7.891,7.908,7.93,7.943,7.958,7.974,7.995,8.011,8.023,8.04,8.057,8.076,8.09,8.109,8.125,8.139,8.153,8.172,8.191,8.206,8.218,8.234,8.252,8.27,8.284,8.301,8.315,8.336,8.357,8.371,8.389,8.408,8.425,8.448,8.468,8.488,8.504,8.52,8.536,8.557,8.578,8.594,8.617,8.641,8.665,8.694,8.725,8.749,8.771,8.799,8.823,8.863,8.896,8.926,8.957,8.993,9.038,9.088,9.138,9.182,9.238,9.311,9.421,9.523,9.676,10.16
816,OTH FP,6.072,6.603,6.761,6.891,6.972,7.06,7.108,7.158,7.204,7.252,7.282,7.303,7.331,7.356,7.379,7.409,7.43,7.456,7.484,7.511,7.533,7.558,7.581,7.605,7.627,7.648,7.668,7.683,7.7,7.717,7.739,7.752,7.775,7.787,7.811,7.828,7.843,7.862,7.881,7.9,7.914,7.933,7.953,7.974,7.99,8.006,8.024,8.038,8.052,8.066,8.086,8.102,8.115,8.13,8.149,8.167,8.183,8.201,8.216,8.233,8.254,8.273,8.29,8.309,8.324,8.342,8.359,8.377,8.391,8.406,8.424,8.447,8.47,8.494,8.512,8.535,8.558,8.587,8.607,8.627,8.65,8.669,8.692,8.719,8.742,8.768,8.788,8.815,8.852,8.887,8.927,8.972,9.023,9.079,9.135,9.205,9.282,9.388,9.503,9.684,10.098
817,OTH FP,6.072,6.603,6.761,6.891,6.972,7.06,7.108,7.158,7.204,7.252,7.282,7.303,7.331,7.356,7.379,7.409,7.43,7.456,7.484,7.511,7.533,7.558,7.581,7.605,7.627,7.648,7.668,7.683,7.7,7.717,7.739,7.752,7.775,7.787,7.811,7.828,7.843,7.862,7.881,7.9,7.914,7.933,7.953,7.974,7.99,8.006,8.024,8.038,8.052,8.066,8.086,8.102,8.115,8.13,8.149,8.167,8.183,8.201,8.216,8.233,8.254,8.273,8.29,8.309,8.324,8.342,8.359,8.377,8.391,8.406,8.424,8.447,8.47,8.494,8.512,8.535,8.558,8.587,8.607,8.627,8.65,8.669,8.692,8.719,8.742,8.768,8.788,8.815,8.852,8.887,8.927,8.972,9.023,9.079,9.135,9.205,9.282,9.388,9.503,9.684,10.098
818,OTH FP,5.967,6.633,6.779,6.886,6.95,6.995,7.061,7.127,7.175,7.221,7.25,7.285,7.315,7.337,7.369,7.399,7.427,7.449,7.47,7.496,7.523,7.546,7.563,7.58,7.599,7.617,7.638,7.667,7.686,7.704,7.727,7.744,7.77,7.786,7.803,7.822,7.839,7.856,7.874,7.892,7.907,7.923,7.934,7.948,7.961,7.978,7.995,8.012,8.028,8.045,8.065,8.084,8.095,8.106,8.119,8.134,8.152,8.166,8.187,8.201,8.216,8.23,8.244,8.258,8.28,8.3,8.313,8.328,8.344,8.36,8.379,8.397,8.413,8.432,8.454,8.472,8.494,8.521,8.542,8.567,8.584,8.603,8.626,8.648,8.672,8.7,8.723,8.749,8.784,8.825,8.854,8.902,8.933,8.982,9.049,9.105,9.19,9.257,9.346,9.519,10.053
819,OTH FP,5.967,6.633,6.779,6.886,6.95,6.995,7.061,7.127,7.175,7.221,7.25,7.285,7.315,7.337,7.369,7.399,7.427,7.449,7.47,7.496,7.523,7.546,7.563,7.58,7.599,7.617,7.638,7.667,7.686,7.704,7.727,7.744,7.77,7.786,7.803,7.822,7.839,7.856,7.874,7.892,7.907,7.923,7.934,7.948,7.961,7.978,7.995,8.012,8.028,8.045,8.065,8.084,8.095,8.106,8.119,8.134,8.152,8.166,8.187,8.201,8.216,8.23,8.244,8.258,8.28,8.3,8.313,8.328,8.344,8.36,8.379,8.397,8.413,8.432,8.454,8.472,8.494,8.521,8.542,8.567,8.584,8.603,8.626,8.648,8.672,8.7,8.723,8.749,8.784,8.825,8.854,8.902,8.933,8.982,9.049,9.105,9.19,9.257,9.346,9.519,10.053
820,OTH FP,6.01,6.489,6.681,6.781,6.873,6.932,6.985,7.039,7.091,7.132,7.165,7.209,7.239,7.27,7.302,7.332,7.363,7.39,7.412,7.431,7.456,7.477,7.503,7.524,7.541,7.563,7.587,7.608,7.626,7.645,7.661,7.683,7.699,7.719,7.732,7.749,7.762,7.777,7.796,7.808,7.828,7.838,7.854,7.869,7.888,7.907,7.923,7.939,7.955,7.97,7.985,8.002,8.015,8.03,8.045,8.058,8.072,8.086,8.1,8.12,8.143,8.156,8.171,8.187,8.205,8.217,8.231,8.248,8.27,8.289,8.31,8.329,8.349,8.367,8.388,8.409,8.426,8.45,8.473,8.498,8.521,8.537,8.566,8.587,8.612,8.643,8.672,8.701,8.735,8.773,8.816,8.847,8.89,8.93,8.987,9.046,9.123,9.202,9.298,9.483,9.86
821,OTH FP,6.01,6.489,6.681,6.781,6.873,6.932,6.985,7.039,7.091,7.132,7.165,7.209,7.239,7.27,7.302,7.332,7.363,7.39,7.412,7.431,7.456,7.477,7.503,7.524,7.541,7.563,7.587,7.608,7.626,7.645,7.661,7.683,7.699,7.719,7.732,7.749,7.762,7.777,7.796,7.808,7.828,7.838,7.854,7.869,7.888,7.907,7.923,7.939,7.955,7.97,7.985,8.002,8.015,8.03,8.045,8.058,8.072,8.086,8.1,8.12,8.143,8.156,8.171,8.187,8.205,8.217,8.231,8.248,8.27,8.289,8.31,8.329,8.349,8.367,8.388,8.409,8.426,8.45,8.473,8.498,8.521,8.537,8.566,8.587,8.612,8.643,8.672,8.701,8.735,8.773,8.816,8.847,8.89,8.93,8.987,9.046,9.123,9.202,9.298,9.483,9.86
822,OTH FP,6.107,6.41,6.597,6.693,6.802,6.876,6.929,6.985,7.017,7.054,7.092,7.12,7.157,7.198,7.231,7.256,7.284,7.299,7.322,7.342,7.372,7.394,7.412,7.435,7.456,7.471,7.494,7.511,7.53,7.553,7.575,7.597,7.616,7.632,7.65,7.668,7.689,7.706,7.724,7.737,7.748,7.765,7.781,7.802,7.815,7.831,7.846,7.862,7.878,7.893,7.907,7.926,7.945,7.958,7.972,7.989,8.008,8.025,8.043,8.061,8.079,8.095,8.109,8.125,8.14,8.154,8.177,8.195,8.212,8.233,8.253,8.272,8.292,8.305,8.32,8.338,8.358,8.377,8.394,8.414,8.443,8.464,8.487,8.507,8.528,8.56,8.601,8.624,8.658,8.685,8.713,8.735,8.774,8.825,8.878,8.927,8.99,9.073,9.195,9.361,9.889
823,OTH FP,6.107,6.41,6.597,6.693,6.802,6.876,6.929,6.985,7.017,7.054,7.092,7.12,7.157,7.198,7.231,7.256,7.284,7.299,7.322,7.342,7.372,7.394,7.412,7.435,7.456,7.471,7.494,7.511,7.53,7.553,7.575,7.597,7.616,7.632,7.65,7.668,7.689,7.706,7.724,7.737,7.748,7.765,7.781,7.802,7.815,7.831,7.846,7.862,7.878,7.893,7.907,7.926,7.945,7.958,7.972,7.989,8.008,8.025,8.043,8.061,8.079,8.095,8.109,8.125,8.14,8.154,8.177,8.195,8.212,8.233,8.253,8.272,8.292,8.305,8.32,8.338,8.358,8.377,8.394,8.414,8.443,8.464,8.487,8.507,8.528,8.56,8.601,8.624,8.658,8.685,8.713,8.735,8.774,8.825,8.878,8.927,8.99,9.073,9.195,9.361,9.889
824,OTH FP,5.9,6.385,6.537,6.649,6.739,6.796,6.855,6.899,6.957,7.006,7.05,7.086,7.126,7.151,7.176,7.217,7.246,7.271,7.299,7.328,7.351,7.373,7.387,7.404,7.425,7.446,7.468,7.491,7.512,7.532,7.554,7.576,7.592,7.616,7.633,7.653,7.669,7.685,7.704,7.722,7.736,7.752,7.768,7.783,7.798,7.814,7.831,7.849,7.865,7.879,7.893,7.907,7.923,7.939,7.959,7.979,7.995,8.01,8.028,8.046,8.059,8.074,8.091,8.107,8.127,8.148,8.163,8.182,8.201,8.218,8.233,8.252,8.274,8.293,8.312,8.325,8.353,8.372,8.394,8.419,8.438,8.463,8.493,8.515,8.544,8.571,8.595,8.623,8.662,8.69,8.724,8.762,8.788,8.831,8.882,8.959,9.026,9.12,9.231,9.381,9.997
825,OTH FP,5.9,6.385,6.537,6.649,6.739,6.796,6.855,6.899,6.957,7.006,7.05,7.086,7.126,7.151,7.176,7.217,7.246,7.271,7.299,7.328,7.351,7.373,7.387,7.404,7.425,7.446,7.468,7.491,7.512,7.532,7.554,7.576,7.592,7.616,7.633,7.653,7.669,7.685,7.704,7.722,7.736,7.752,7.768,7.783,7.798,7.814,7.831,7.849,7.865,7.879,7.893,7.907,7.923,7.939,7.959,7.979,7.995,8.01,8.028,8.046,8.059,8.074,8.091,8.107,8.127,8.148,8.163,8.182,8.201,8.218,8.233,8.252,8.274,8.293,8.312,8.325,8.353,8.372,8.394,8.419,8.438,8.463,8.493,8.515,8.544,8.571,8.595,8.623,8.662,8.69,8.724,8.762,8.788,8.831,8.882,8.959,9.026,9.12,9.231,9.381,9.997
826,OTH FP,5.917,6.362,6.535,6.644,6.704,6.797,6.855,6.913,6.961,7.01,7.049,7.08,7.107,7.14,7.17,7.205,7.239,7.262,7.286,7.305,7.329,7.353,7.377,7.404,7.424,7.44,7.453,7.474,7.494,7.512,7.532,7.549,7.568,7.584,7.601,7.618,7.637,7.657,7.673,7.687,7.702,7.716,7.727,7.742,7.761,7.779,7.795,7.808,7.824,7.843,7.86,7.88,7.899,7.919,7.937,7.955,7.97,7.988,8.001,8.02,8.035,8.051,8.071,8.088,8.104,8.123,8.142,8.158,8.179,8.195,8.216,8.236,8.25,8.277,8.299,8.322,8.344,8.366,8.387,8.415,8.437,8.457,8.477,8.513,8.537,8.567,8.597,8.636,8.665,8.695,8.725,8.766,8.805,8.849,8.908,8.961,9.004,9.074,9.163,9.343,10.036
827,OTH FP,5.917,6.362,6.535,6.644,6.704,6.797,6.855,6.913,6.961,7.01,7.049,7.08,7.107,7.14,7.17,7.205,7.239,7.262,7.286,7.305,7.329,7.353,7.377,7.404,7.424,7.44,7.453,7.474,7.494,7.512,7.532,7.549,7.568,7.584,7.601,7.618,7.637,7.657,7.673,7.687,7.702,7.716,7.727,7.742,7.761,7.779,7.795,7.808,7.824,7.843,7.86,7.88,7.899,7.919,7.937,7.955,7.97,7.988,8.001,8.02,8.035,8.051,8.071,8.088,8.104,8.123,8.142,8.158,8.179,8.195,8.216,8.236,8.25,8.277,8.299,8.322,8.344,8.366,8.387,8.415,8.437,8.457,8.477,8.513,8.537,8.567,8.597,8.636,8.665,8.695,8.725,8.766,8.805,8.849,8.908,8.961,9.004,9.074,9.163,9.343,10.036
828,OTH FP,6.004,6.365,6.547,6.657,6.739,6.787,6.846,6.896,6.953,6.986,7.029,7.072,7.098,7.13,7.164,7.187,7.212,7.24,7.264,7.286,7.309,7.328,7.351,7.37,7.392,7.41,7.426,7.445,7.477,7.494,7.512,7.527,7.546,7.567,7.586,7.605,7.617,7.633,7.651,7.667,7.681,7.696,7.717,7.738,7.759,7.773,7.791,7.809,7.828,7.84,7.858,7.878,7.894,7.916,7.932,7.946,7.96,7.976,7.99,8.01,8.028,8.045,8.063,8.085,8.101,8.121,8.138,8.157,8.175,8.191,8.206,8.219,8.238,8.252,8.268,8.288,8.307,8.33,8.353,8.375,8.396,8.415,8.438,8.46,8.486,8.51,8.531,8.558,8.586,8.621,8.66,8.701,8.738,8.795,8.841,8.891,8.952,9.019,9.151,9.321,9.844
829,OTH FP,6.004,6.365,6.547,6.657,6.739,6.787,6.846,6.896,6.953,6.986,7.029,7.072,7.098,7.13,7.164,7.187,7.212,7.24,7.264,7.286,7.309,7.328,7.351,7.37,7.392,7.41,7.426,7.445,7.477,7.494,7.512,7.527,7.546,7.567,7.586,7.605,7.617,7.633,7.651,7.667,7.681,7.696,7.717,7.738,7.759,7.773,7.791,7.809,7.828,7.84,7.858,7.878,7.894,7.916,7.932,7.946,7.96,7.976,7.99,8.01,8.028,8.045,8.063,8.085,8.101,8.121,8.138,8.157,8.175,8.191,8.206,8.219,8.238,8.252,8.268,8.288,8.307,8.33,8.353,8.375,8.396,8.415,8.438,8.46,8.486,8.51,8.531,8.558,8.586,8.621,8.66,8.701,8.738,8.795,8.841,8.891,8.952,9.019,9.151,9.321,9.844
830,OTH FP,6.018,6.402,6.515,6.643,6.752,6.818,6.874,6.919,6.958,7.001,7.043,7.07,7.099,7.124,7.158,7.183,7.206,7.231,7.252,7.278,7.304,7.324,7.349,7.368,7.387,7.408,7.425,7.447,7.471,7.493,7.516,7.528,7.547,7.563,7.579,7.597,7.614,7.631,7.646,7.658,7.668,7.679,7.696,7.714,7.729,7.742,7.758,7.774,7.788,7.811,7.827,7.845,7.86,7.878,7.891,7.905,7.927,7.942,7.963,7.979,7.992,8.008,8.027,8.042,8.058,8.079,8.096,8.112,8.13,8.148,8.163,8.175,8.192,8.204,8.224,8.242,8.262,8.276,8.297,8.316,8.333,8.36,8.391,8.413,8.439,8.453,8.477,8.5,8.536,8.564,8.608,8.647,8.683,8.722,8.785,8.838,8.925,9.027,9.124,9.323,9.749
831,OTH FP,6.018,6.402,6.515,6.643,6.752,6.818,6.874,6.919,6.958,7.001,7.043,7.07,7.099,7.124,7.158,7.183,7.206,7.231,7.252,7.278,7.304,7.324,7.349,7.368,7.387,7.408,7.425,7.447,7.471,7.493,7.516,7.528,7.547,7.563,7.579,7.597,7.614,7.631,7.646,7.658,7.668,7.679,7.696,7.714,7.729,7.742,7.758,7.774,7.788,7.811,7.827,7.845,7.86,7.878,7.891,7.905,7.927,7.942,7.963,7.979,7.992,8.008,8.027,8.042,8.058,8.079,8.096,8.112,8.13,8.148,8.163,8.175,8.192,8.204,8.224,8.242,8.262,8.276,8.297,8.316,8.333,8.36,8.391,8.413,8.439,8.453,8.477,8.5,8.536,8.564,8.608,8.647,8.683,8.722,8.785,8.838,8.925,9.027,9.124,9.323,9.749
832,OTH FP,5.697,6.272,6.413,6.516,6.605,6.684,6.75,6.82,6.859,6.898,6.93,6.963,6.987,7.015,7.047,7.073,7.09,7.112,7.145,7.167,7.188,7.212,7.234,7.261,7.286,7.314,7.338,7.36,7.38,7.404,7.418,7.435,7.455,7.47,7.487,7.506,7.523,7.537,7.555,7.577,7.593,7.608,7.627,7.642,7.659,7.674,7.69,7.704,7.718,7.732,7.747,7.768,7.784,7.799,7.811,7.831,7.85,7.864,7.878,7.891,7.913,7.931,7.948,7.965,7.982,8.0,8.017,8.032,8.053,8.073,8.09,8.109,8.131,8.155,8.174,8.194,8.213,8.229,8.251,8.271,8.296,8.316,8.339,8.363,8.389,8.41,8.439,8.465,8.499,8.527,8.563,8.594,8.635,8.686,8.746,8.808,8.875,8.965,9.046,9.253,9.641
833,OTH FP,5.697,6.272,6.413,6.516,6.605,6.684,6.75,6.82,6.859,6.898,6.93,6.963,6.987,7.015,7.047,7.073,7.09,7.112,7.145,7.167,7.188,7.212,7.234,7.261,7.286,7.314,7.338,7.36,7.38,7.404,7.418,7.435,7.455,7.47,7.487,7.506,7.523,7.537,7.555,7.577,7.593,7.608,7.627,7.642,7.659,7.674,7.69,7.704,7.718,7.732,7.747,7.768,7.784,7.799,7.811,7.831,7.85,7.864,7.878,7.891,7.913,7.931,7.948,7.965,7.982,8.0,8.017,8.032,8.053,8.073,8.09,8.109,8.131,8.155,8.174,8.194,8.213,8.229,8.251,8.271,8.296,8.316,8.339,8.363,8.389,8.41,8.439,8.465,8.499,8.527,8.563,8.594,8.635,8.686,8.746,8.808,8.875,8.965,9.046,9.253,9.641
834,OTH FP,5.666,6.152,6.362,6.468,6.556,6.633,6.688,6.733,6.772,6.807,6.844,6.884,6.923,6.964,6.991,7.016,7.043,7.072,7.097,7.117,7.141,7.166,7.19,7.213,7.236,7.254,7.272,7.289,7.311,7.327,7.342,7.363,7.385,7.398,7.415,7.432,7.449,7.466,7.482,7.496,7.508,7.528,7.547,7.563,7.582,7.602,7.618,7.632,7.645,7.659,7.672,7.691,7.704,7.723,7.741,7.753,7.767,7.78,7.796,7.815,7.83,7.843,7.856,7.879,7.891,7.908,7.931,7.952,7.971,7.993,8.008,8.028,8.045,8.061,8.078,8.102,8.122,8.145,8.158,8.179,8.198,8.224,8.249,8.272,8.301,8.332,8.355,8.396,8.425,8.457,8.493,8.527,8.565,8.621,8.674,8.735,8.795,8.881,8.995,9.159,9.687
835,OTH FP,5.666,6.152,6.362,6.468,6.556,6.633,6.688,6.733,6.772,6.807,6.844,6.884,6.923,6.964,6.991,7.016,7.043,7.072,7.097,7.117,7.141,7.166,7.19,7.213,7.236,7.254,7.272,7.289,7.311,7.327,7.342,7.363,7.385,7.398,7.415,7.432,7.449,7.466,7.482,7.496,7.508,7.528,7.547,7.563,7.582,7.602,7.618,7.632,7.645,7.659,7.672,7.691,7.704,7.723,7.741,7.753,7.767,7.78,7.796,7.815,7.83,7.843,7.856,7.879,7.891,7.908,7.931,7.952,7.971,7.993,8.008,8.028,8.045,8.061,8.078,8.102,8.122,8.145,8.158,8.179,8.198,8.224,8.249,8.272,8.301,8.332,8.355,8.396,8.425,8.457,8.493,8.527,8.565,8.621,8.674,8.735,8.795,8.881,8.995,9.159,9.687
836,OTH FP,5.73,6.164,6.327,6.433,6.516,6.586,6.642,6.684,6.729,6.772,6.803,6.826,6.861,6.885,6.912,6.94,6.963,6.986,7.017,7.042,7.067,7.093,7.112,7.131,7.153,7.179,7.202,7.222,7.243,7.26,7.275,7.294,7.311,7.331,7.346,7.363,7.38,7.399,7.412,7.43,7.447,7.461,7.479,7.501,7.515,7.53,7.546,7.562,7.581,7.596,7.612,7.625,7.641,7.658,7.671,7.691,7.706,7.72,7.736,7.757,7.774,7.789,7.806,7.815,7.833,7.847,7.864,7.878,7.896,7.916,7.935,7.952,7.966,7.99,8.011,8.026,8.043,8.058,8.083,8.107,8.128,8.147,8.169,8.189,8.212,8.239,8.28,8.306,8.335,8.368,8.401,8.452,8.482,8.522,8.559,8.619,8.692,8.783,8.894,9.058,9.489
837,OTH FP,5.73,6.164,6.327,6.433,6.516,6.586,6.642,6.684,6.729,6.772,6.803,6.826,6.861,6.885,6.912,6.94,6.963,6.986,7.017,7.042,7.067,7.093,7.112,7.131,7.153,7.179,7.202,7.222,7.243,7.26,7.275,7.294,7.311,7.331,7.346,7.363,7.38,7.399,7.412,7.43,7.447,7.461,7.479,7.501,7.515,7.53,7.546,7.562,7.581,7.596,7.612,7.625,7.641,7.658,7.671,7.691,7.706,7.72,7.736,7.757,7.774,7.789,7.806,7.815,7.833,7.847,7.864,7.878,7.896,7.916,7.935,7.952,7.966,7.99,8.011,8.026,8.043,8.058,8.083,8.107,8.128,8.147,8.169,8.189,8.212,8.239,8.28,8.306,8.335,8.368,8.401,8.452,8.482,8.522,8.559,8.619,8.692,8.783,8.894,9.058,9.489
838,OTH FP,5.708,6.167,6.349,6.456,6.534,6.602,6.657,6.71,6.758,6.795,6.844,6.881,6.909,6.931,6.953,6.979,7.003,7.029,7.047,7.069,7.096,7.116,7.139,7.161,7.179,7.199,7.216,7.232,7.254,7.273,7.29,7.307,7.323,7.343,7.366,7.381,7.398,7.414,7.427,7.443,7.46,7.473,7.486,7.502,7.518,7.537,7.549,7.565,7.582,7.602,7.616,7.63,7.647,7.665,7.677,7.696,7.71,7.725,7.739,7.761,7.774,7.785,7.802,7.816,7.833,7.854,7.866,7.88,7.896,7.918,7.934,7.958,7.978,7.997,8.018,8.041,8.065,8.088,8.109,8.134,8.151,8.167,8.19,8.211,8.233,8.259,8.289,8.316,8.341,8.376,8.41,8.444,8.487,8.53,8.579,8.634,8.705,8.779,8.911,9.083,9.608
839,OTH FP,5.708,6.167,6.349,6.456,6.534,6.602,6.657,6.71,6.758,6.795,6.844,6.881,6.909,6.931,6.953,6.979,7.003,7.029,7.047,7.069,7.096,7.116,7.139,7.161,7.179,7.199,7.216,7.232,7.254,7.273,7.29,7.307,7.323,7.343,7.366,7.381,7.398,7.414,7.427,7.443,7.46,7.473,7.486,7.502,7.518,7.537,7.549,7.565,7.582,7.602,7.616,7.63,7.647,7.665,7.677,7.696,7.71,7.725,7.739,7.761,7.774,7.785,7.802,7.816,7.833,7.854,7.866,7.88,7.896,7.918,7.934,7.958,7.978,7.997,8.018,8.041,8.065,8.088,8.109,8.134,8.151,8.167,8.19,8.211,8.233,8.259,8.289,8.316,8.341,8.376,8.41,8.444,8.487,8.53,8.579,8.634,8.705,8.779,8.911,9.083,9.608
840,OTH FP,5.759,6.183,6.357,6.478,6.569,6.653,6.714,6.753,6.809,6.847,6.886,6.917,6.941,6.961,6.989,7.017,7.041,7.072,7.098,7.12,7.136,7.161,7.184,7.205,7.22,7.238,7.26,7.281,7.3,7.318,7.338,7.35,7.364,7.375,7.392,7.404,7.419,7.432,7.446,7.467,7.482,7.497,7.514,7.53,7.548,7.562,7.577,7.591,7.605,7.619,7.636,7.649,7.668,7.684,7.702,7.717,7.728,7.743,7.758,7.768,7.788,7.803,7.823,7.846,7.863,7.882,7.904,7.919,7.934,7.953,7.972,7.992,8.014,8.033,8.05,8.067,8.082,8.099,8.117,8.137,8.157,8.175,8.203,8.225,8.248,8.275,8.298,8.332,8.359,8.395,8.434,8.48,8.524,8.564,8.631,8.678,8.749,8.824,8.947,9.095,9.598
841,OTH FP,5.759,6.183,6.357,6.478,6.569,6.653,6.714,6.753,6.809,6.847,6.886,6.917,6.941,6.961,6.989,7.017,7.041,7.072,7.098,7.12,7.136,7.161,7.184,7.205,7.22,7.238,7.26,7.281,7.3,7.318,7.338,7.35,7.364,7.375,7.392,7.404,7.419,7.432,7.446,7.467,7.482,7.497,7.514,7.53,7.548,7.562,7.577,7.591,7.605,7.619,7.636,7.649,7.668,7.684,7.702,7.717,7.728,7.743,7.758,7.768,7.788,7.803,7.823,7.846,7.863,7.882,7.904,7.919,7.934,7.953,7.972,7.992,8.014,8.033,8.05,8.067,8.082,8.099,8.117,8.137,8.157,8.175,8.203,8.225,8.248,8.275,8.298,8.332,8.359,8.395,8.434,8.48,8.524,8.564,8.631,8.678,8.749,8.824,8.947,9.095,9.598
842,OTH FP,5.669,6.163,6.312,6.406,6.499,6.571,6.622,6.667,6.709,6.748,6.781,6.822,6.856,6.889,6.913,6.944,6.967,6.991,7.02,7.047,7.075,7.095,7.111,7.131,7.151,7.169,7.186,7.202,7.223,7.242,7.258,7.28,7.295,7.315,7.334,7.35,7.372,7.39,7.406,7.423,7.438,7.457,7.467,7.482,7.503,7.517,7.532,7.548,7.559,7.575,7.592,7.606,7.627,7.644,7.661,7.678,7.692,7.705,7.725,7.742,7.758,7.78,7.794,7.813,7.834,7.854,7.869,7.889,7.91,7.925,7.944,7.964,7.982,8.0,8.022,8.046,8.074,8.09,8.117,8.14,8.159,8.178,8.193,8.211,8.24,8.269,8.29,8.314,8.341,8.377,8.404,8.443,8.5,8.544,8.591,8.644,8.715,8.784,8.901,9.1,9.55
843,OTH FP,5.669,6.163,6.312,6.406,6.499,6.571,6.622,6.667,6.709,6.748,6.781,6.822,6.856,6.889,6.913,6.944,6.967,6.991,7.02,7.047,7.075,7.095,7.111,7.131,7.151,7.169,7.186,7.202,7.223,7.242,7.258,7.28,7.295,7.315,7.334,7.35,7.372,7.39,7.406,7.423,7.438,7.457,7.467,7.482,7.503,7.517,7.532,7.548,7.559,7.575,7.592,7.606,7.627,7.644,7.661,7.678,7.692,7.705,7.725,7.742,7.758,7.78,7.794,7.813,7.834,7.854,7.869,7.889,7.91,7.925,7.944,7.964,7.982,8.0,8.022,8.046,8.074,8.09,8.117,8.14,8.159,8.178,8.193,8.211,8.24,8.269,8.29,8.314,8.341,8.377,8.404,8.443,8.5,8.544,8.591,8.644,8.715,8.784,8.901,9.1,9.55
844,OTH FP,5.481,6.062,6.224,6.32,6.416,6.487,6.529,6.581,6.641,6.684,6.726,6.756,6.789,6.821,6.847,6.876,6.899,6.922,6.944,6.967,6.986,7.01,7.039,7.061,7.082,7.108,7.129,7.153,7.169,7.188,7.205,7.222,7.24,7.258,7.275,7.298,7.316,7.333,7.351,7.367,7.385,7.4,7.419,7.434,7.448,7.465,7.482,7.495,7.515,7.533,7.549,7.569,7.592,7.606,7.619,7.633,7.648,7.667,7.681,7.697,7.714,7.73,7.753,7.768,7.785,7.799,7.811,7.829,7.844,7.868,7.887,7.91,7.931,7.954,7.972,7.995,8.013,8.035,8.058,8.083,8.102,8.121,8.143,8.174,8.195,8.226,8.259,8.286,8.312,8.349,8.381,8.413,8.464,8.513,8.553,8.615,8.679,8.751,8.872,9.014,9.518
845,OTH FP,5.481,6.062,6.224,6.32,6.416,6.487,6.529,6.581,6.641,6.684,6.726,6.756,6.789,6.821,6.847,6.876,6.899,6.922,6.944,6.967,6.986,7.01,7.039,7.061,7.082,7.108,7.129,7.153,7.169,7.188,7.205,7.222,7.24,7.258,7.275,7.298,7.316,7.333,7.351,7.367,7.385,7.4,7.419,7.434,7.448,7.465,7.482,7.495,7.515,7.533,7.549,7.569,7.592,7.606,7.619,7.633,7.648,7.667,7.681,7.697,7.714,7.73,7.753,7.768,7.785,7.799,7.811,7.829,7.844,7.868,7.887,7.91,7.931,7.954,7.972,7.995,8.013,8.035,8.058,8.083,8.102,8.121,8.143,8.174,8.195,8.226,8.259,8.286,8.312,8.349,8.381,8.413,8.464,8.513,8.553,8.615,8.679,8.751,8.872,9.014,9.518
846,OTH FP,5.583,5.975,6.163,6.262,6.346,6.403,6.469,6.527,6.561,6.609,6.643,6.687,6.723,6.761,6.791,6.822,6.855,6.887,6.914,6.937,6.959,6.983,7.008,7.031,7.051,7.077,7.097,7.121,7.141,7.158,7.174,7.192,7.208,7.222,7.239,7.258,7.276,7.294,7.307,7.32,7.334,7.352,7.37,7.385,7.399,7.415,7.432,7.449,7.463,7.475,7.493,7.512,7.526,7.547,7.565,7.586,7.599,7.615,7.635,7.656,7.673,7.69,7.708,7.72,7.74,7.76,7.78,7.797,7.814,7.835,7.853,7.87,7.89,7.908,7.929,7.95,7.967,7.985,8.008,8.028,8.051,8.081,8.106,8.134,8.163,8.2,8.223,8.248,8.276,8.307,8.334,8.376,8.41,8.462,8.498,8.539,8.609,8.673,8.803,8.999,9.48
847,OTH FP,5.583,5.975,6.163,6.262,6.346,6.403,6.469,6.527,6.561,6.609,6.643,6.687,6.723,6.761,6.791,6.822,6.855,6.887,6.914,6.937,6.959,6.983,7.008,7.031,7.051,7.077,7.097,7.121,7.141,7.158,7.174,7.192,7.208,7.222,7.239,7.258,7.276,7.294,7.307,7.32,7.334,7.352,7.37,7.385,7.399,7.415,7.432,7.449,7.463,7.475,7.493,7.512,7.526,7.547,7.565,7.586,7.599,7.615,7.635,7.656,7.673,7.69,7.708,7.72,7.74,7.76,7.78,7.797,7.814,7.835,7.853,7.87,7.89,7.908,7.929,7.95,7.967,7.985,8.008,8.028,8.051,8.081,8.106,8.134,8.163,8.2,8.223,8.248,8.276,8.307,8.334,8.376,8.41,8.462,8.498,8.539,8.609,8.673,8.803,8.999,9.48
848,OTH FP,5.389,5.808,5.993,6.132,6.221,6.308,6.364,6.407,6.465,6.505,6.548,6.592,6.636,6.667,6.7,6.727,6.76,6.784,6.804,6.822,6.848,6.87,6.891,6.919,6.937,6.956,6.977,6.993,7.012,7.028,7.044,7.063,7.082,7.097,7.115,7.132,7.151,7.167,7.189,7.21,7.232,7.252,7.27,7.287,7.302,7.321,7.342,7.363,7.378,7.396,7.419,7.436,7.452,7.466,7.482,7.496,7.51,7.524,7.538,7.556,7.57,7.588,7.604,7.623,7.642,7.657,7.678,7.695,7.71,7.734,7.755,7.772,7.791,7.807,7.83,7.853,7.874,7.899,7.922,7.947,7.971,7.994,8.016,8.043,8.063,8.095,8.123,8.146,8.179,8.207,8.246,8.28,8.324,8.379,8.427,8.477,8.544,8.618,8.755,8.972,9.371
849,OTH FP,5.389,5.808,5.993,6.132,6.221,6.308,6.364,6.407,6.465,6.505,6.548,6.592,6.636,6.667,6.7,6.727,6.76,6.784,6.804,6.822,6.848,6.87,6.891,6.919,6.937,6.956,6.977,6.993,7.012,7.028,7.044,7.063,7.082,7.097,7.115,7.132,7.151,7.167,7.189,7.21,7.232,7.252,7.27,7.287,7.302,7.321,7.342,7.363,7.378,7.396,7.419,7.436,7.452,7.466,7.482,7.496,7.51,7.524,7.538,7.556,7.57,7.588,7.604,7.623,7.642,7.657,7.678,7.695,7.71,7.734,7.755,7.772,7.791,7.807,7.83,7.853,7.874,7.899,7.922,7.947,7.971,7.994,8.016,8.043,8.063,8.095,8.123,8.146,8.179,8.207,8.246,8.28,8.324,8.379,8.427,8.477,8.544,8.618,8.755,8.972,9.371
850,OTH FP,4.96,5.692,5.889,6.012,6.102,6.182,6.243,6.283,6.319,6.359,6.422,6.451,6.495,6.528,6.566,6.59,6.615,6.64,6.667,6.696,6.721,6.746,6.773,6.794,6.814,6.835,6.856,6.878,6.896,6.926,6.948,6.971,6.99,7.005,7.02,7.041,7.061,7.084,7.095,7.111,7.125,7.144,7.163,7.183,7.206,7.222,7.238,7.253,7.275,7.296,7.314,7.329,7.342,7.355,7.372,7.392,7.411,7.425,7.442,7.461,7.477,7.494,7.515,7.531,7.553,7.565,7.582,7.602,7.618,7.64,7.653,7.679,7.695,7.715,7.735,7.758,7.776,7.803,7.83,7.848,7.871,7.894,7.917,7.941,7.975,8.011,8.037,8.07,8.114,8.155,8.198,8.245,8.284,8.344,8.392,8.444,8.528,8.621,8.734,8.906,9.306
851,OTH FP,4.96,5.692,5.889,6.012,6.102,6.182,6.243,6.283,6.319,6.359,6.422,6.451,6.495,6.528,6.566,6.59,6.615,6.64,6.667,6.696,6.721,6.746,6.773,6.794,6.814,6.835,6.856,6.878,6.896,6.926,6.948,6.971,6.99,7.005,7.02,7.041,7.061,7.084,7.095,7.111,7.125,7.144,7.163,7.183,7.206,7.222,7.238,7.253,7.275,7.296,7.314,7.329,7.342,7.355,7.372,7.392,7.411,7.425,7.442,7.461,7.477,7.494,7.515,7.531,7.553,7.565,7.582,7.602,7.618,7.64,7.653,7.679,7.695,7.715,7.735,7.758,7.776,7.803,7.83,7.848,7.871,7.894,7.917,7.941,7.975,8.011,8.037,8.07,8.114,8.155,8.198,8.245,8.284,8.344,8.392,8.444,8.528,8.621,8.734,8.906,9.306
852,OTH FP,5.123,5.585,5.791,5.928,6.011,6.109,6.163,6.21,6.265,6.311,6.353,6.385,6.417,6.446,6.484,6.511,6.536,6.558,6.58,6.602,6.624,6.647,6.67,6.691,6.708,6.732,6.755,6.77,6.791,6.815,6.836,6.858,6.877,6.899,6.918,6.937,6.955,6.971,6.989,7.006,7.02,7.032,7.049,7.068,7.085,7.105,7.124,7.137,7.156,7.175,7.193,7.211,7.225,7.246,7.265,7.289,7.306,7.323,7.339,7.354,7.372,7.393,7.407,7.423,7.441,7.459,7.477,7.499,7.519,7.533,7.554,7.574,7.59,7.609,7.635,7.655,7.679,7.699,7.716,7.74,7.762,7.794,7.827,7.848,7.868,7.897,7.931,7.953,7.976,8.007,8.042,8.089,8.122,8.17,8.226,8.29,8.362,8.447,8.57,8.767,9.229
853,OTH FP,5.123,5.585,5.791,5.928,6.011,6.109,6.163,6.21,6.265,6.311,6.353,6.385,6.417,6.446,6.484,6.511,6.536,6.558,6.58,6.602,6.624,6.647,6.67,6.691,6.708,6.732,6.755,6.77,6.791,6.815,6.836,6.858,6.877,6.899,6.918,6.937,6.955,6.971,6.989,7.006,7.02,7.032,7.049,7.068,7.085,7.105,7.124,7.137,7.156,7.175,7.193,7.211,7.225,7.246,7.265,7.289,7.306,7.323,7.339,7.354,7.372,7.393,7.407,7.423,7.441,7.459,7.477,7.499,7.519,7.533,7.554,7.574,7.59,7.609,7.635,7.655,7.679,7.699,7.716,7.74,7.762,7.794,7.827,7.848,7.868,7.897,7.931,7.953,7.976,8.007,8.042,8.089,8.122,8.17,8.226,8.29,8.362,8.447,8.57,8.767,9.229
854,OTH FP,5.025,5.555,5.747,5.868,5.985,6.052,6.112,6.156,6.199,6.238,6.28,6.31,6.342,6.372,6.401,6.424,6.451,6.475,6.509,6.527,6.549,6.569,6.593,6.618,6.636,6.657,6.672,6.693,6.712,6.728,6.748,6.766,6.781,6.799,6.818,6.836,6.849,6.867,6.884,6.903,6.92,6.937,6.956,6.971,6.991,7.007,7.025,7.041,7.057,7.071,7.085,7.103,7.122,7.135,7.151,7.171,7.187,7.203,7.222,7.242,7.256,7.269,7.286,7.307,7.322,7.341,7.358,7.381,7.397,7.418,7.431,7.447,7.463,7.479,7.498,7.52,7.544,7.566,7.583,7.604,7.626,7.66,7.686,7.71,7.733,7.757,7.786,7.825,7.857,7.89,7.914,7.943,7.99,8.035,8.1,8.152,8.223,8.291,8.411,8.577,9.022
855,OTH FP,5.025,5.555,5.747,5.868,5.985,6.052,6.112,6.156,6.199,6.238,6.28,6.31,6.342,6.372,6.401,6.424,6.451,6.475,6.509,6.527,6.549,6.569,6.593,6.618,6.636,6.657,6.672,6.693,6.712,6.728,6.748,6.766,6.781,6.799,6.818,6.836,6.849,6.867,6.884,6.903,6.92,6.937,6.956,6.971,6.991,7.007,7.025,7.041,7.057,7.071,7.085,7.103,7.122,7.135,7.151,7.171,7.187,7.203,7.222,7.242,7.256,7.269,7.286,7.307,7.322,7.341,7.358,7.381,7.397,7.418,7.431,7.447,7.463,7.479,7.498,7.52,7.544,7.566,7.583,7.604,7.626,7.66,7.686,7.71,7.733,7.757,7.786,7.825,7.857,7.89,7.914,7.943,7.99,8.035,8.1,8.152,8.223,8.291,8.411,8.577,9.022
856,OTH FP,4.949,5.418,5.668,5.833,5.891,5.953,6.016,6.083,6.139,6.19,6.228,6.268,6.304,6.33,6.349,6.385,6.405,6.43,6.456,6.485,6.508,6.528,6.547,6.569,6.586,6.604,6.625,6.654,6.669,6.684,6.702,6.724,6.75,6.765,6.788,6.81,6.826,6.843,6.858,6.873,6.89,6.904,6.919,6.933,6.954,6.97,6.986,7.002,7.02,7.038,7.051,7.071,7.088,7.11,7.13,7.151,7.171,7.185,7.201,7.222,7.243,7.261,7.281,7.296,7.31,7.329,7.344,7.364,7.384,7.399,7.427,7.446,7.465,7.487,7.508,7.53,7.553,7.579,7.602,7.628,7.657,7.682,7.704,7.723,7.75,7.775,7.797,7.834,7.864,7.902,7.941,7.975,8.025,8.065,8.123,8.18,8.264,8.353,8.449,8.635,9.188
857,OTH FP,4.949,5.418,5.668,5.833,5.891,5.953,6.016,6.083,6.139,6.19,6.228,6.268,6.304,6.33,6.349,6.385,6.405,6.43,6.456,6.485,6.508,6.528,6.547,6.569,6.586,6.604,6.625,6.654,6.669,6.684,6.702,6.724,6.75,6.765,6.788,6.81,6.826,6.843,6.858,6.873,6.89,6.904,6.919,6.933,6.954,6.97,6.986,7.002,7.02,7.038,7.051,7.071,7.088,7.11,7.13,7.151,7.171,7.185,7.201,7.222,7.243,7.261,7.281,7.296,7.31,7.329,7.344,7.364,7.384,7.399,7.427,7.446,7.465,7.487,7.508,7.53,7.553,7.579,7.602,7.628,7.657,7.682,7.704,7.723,7.75,7.775,7.797,7.834,7.864,7.902,7.941,7.975,8.025,8.065,8.123,8.18,8.264,8.353,8.449,8.635,9.188
858,OTH FP,4.874,5.387,5.607,5.725,5.828,5.905,5.971,6.027,6.072,6.108,6.153,6.192,6.232,6.264,6.289,6.321,6.343,6.364,6.395,6.418,6.451,6.48,6.502,6.531,6.556,6.577,6.603,6.622,6.638,6.662,6.683,6.703,6.719,6.736,6.753,6.771,6.784,6.808,6.83,6.849,6.868,6.886,6.903,6.919,6.937,6.956,6.977,6.99,7.006,7.025,7.046,7.068,7.087,7.103,7.119,7.139,7.155,7.176,7.192,7.211,7.224,7.239,7.26,7.276,7.293,7.31,7.334,7.353,7.366,7.384,7.403,7.423,7.446,7.466,7.492,7.526,7.545,7.568,7.586,7.613,7.637,7.662,7.687,7.713,7.733,7.768,7.803,7.845,7.879,7.911,7.951,8.001,8.045,8.094,8.158,8.212,8.28,8.381,8.472,8.635,9.297
859,OTH FP,4.874,5.387,5.607,5.725,5.828,5.905,5.971,6.027,6.072,6.108,6.153,6.192,6.232,6.264,6.289,6.321,6.343,6.364,6.395,6.418,6.451,6.48,6.502,6.531,6.556,6.577,6.603,6.622,6.638,6.662,6.683,6.703,6.719,6.736,6.753,6.771,6.784,6.808,6.83,6.849,6.868,6.886,6.903,6.919,6.937,6.956,6.977,6.99,7.006,7.025,7.046,7.068,7.087,7.103,7.119,7.139,7.155,7.176,7.192,7.211,7.224,7.239,7.26,7.276,7.293,7.31,7.334,7.353,7.366,7.384,7.403,7.423,7.446,7.466,7.492,7.526,7.545,7.568,7.586,7.613,7.637,7.662,7.687,7.713,7.733,7.768,7.803,7.845,7.879,7.911,7.951,8.001,8.045,8.094,8.158,8.212,8.28,8.381,8.472,8.635,9.297
860,OTH FP,4.813,5.355,5.561,5.684,5.781,5.861,5.932,5.994,6.041,6.097,6.14,6.174,6.206,6.233,6.265,6.3,6.321,6.348,6.383,6.407,6.429,6.458,6.484,6.508,6.528,6.55,6.569,6.589,6.617,6.639,6.653,6.673,6.695,6.713,6.729,6.744,6.767,6.787,6.802,6.825,6.846,6.859,6.872,6.89,6.904,6.924,6.939,6.957,6.974,6.997,7.019,7.035,7.051,7.067,7.088,7.103,7.124,7.142,7.161,7.179,7.199,7.217,7.237,7.257,7.282,7.298,7.313,7.339,7.358,7.375,7.395,7.418,7.439,7.46,7.477,7.496,7.516,7.533,7.555,7.581,7.605,7.624,7.65,7.679,7.711,7.739,7.776,7.807,7.837,7.877,7.92,7.962,7.998,8.044,8.106,8.185,8.267,8.346,8.481,8.668,9.332
861,OTH FP,4.813,5.355,5.561,5.684,5.781,5.861,5.932,5.994,6.041,6.097,6.14,6.174,6.206,6.233,6.265,6.3,6.321,6.348,6.383,6.407,6.429,6.458,6.484,6.508,6.528,6.55,6.569,6.589,6.617,6.639,6.653,6.673,6.695,6.713,6.729,6.744,6.767,6.787,6.802,6.825,6.846,6.859,6.872,6.89,6.904,6.924,6.939,6.957,6.974,6.997,7.019,7.035,7.051,7.067,7.088,7.103,7.124,7.142,7.161,7.179,7.199,7.217,7.237,7.257,7.282,7.298,7.313,7.339,7.358,7.375,7.395,7.418,7.439,7.46,7.477,7.496,7.516,7.533,7.555,7.581,7.605,7.624,7.65,7.679,7.711,7.739,7.776,7.807,7.837,7.877,7.92,7.962,7.998,8.044,8.106,8.185,8.267,8.346,8.481,8.668,9.332
862,OTH FP,4.907,5.38,5.585,5.698,5.773,5.872,5.934,5.997,6.043,6.086,6.116,6.146,6.184,6.221,6.259,6.281,6.311,6.339,6.368,6.392,6.423,6.446,6.469,6.489,6.51,6.528,6.548,6.569,6.59,6.61,6.632,6.66,6.68,6.697,6.715,6.732,6.753,6.77,6.795,6.812,6.827,6.843,6.86,6.88,6.9,6.917,6.931,6.947,6.965,6.98,6.995,7.009,7.027,7.045,7.064,7.081,7.096,7.116,7.132,7.148,7.166,7.186,7.208,7.228,7.246,7.264,7.283,7.303,7.317,7.335,7.347,7.37,7.391,7.408,7.435,7.456,7.48,7.503,7.526,7.546,7.577,7.605,7.63,7.654,7.684,7.711,7.738,7.774,7.807,7.843,7.874,7.914,7.962,8.018,8.078,8.159,8.216,8.322,8.437,8.667,9.039
863,OTH FP,4.907,5.38,5.585,5.698,5.773,5.872,5.934,5.997,6.043,6.086,6.116,6.146,6.184,6.221,6.259,6.281,6.311,6.339,6.368,6.392,6.423,6.446,6.469,6.489,6.51,6.528,6.548,6.569,6.59,6.61,6.632,6.66,6.68,6.697,6.715,6.732,6.753,6.77,6.795,6.812,6.827,6.843,6.86,6.88,6.9,6.917,6.931,6.947,6.965,6.98,6.995,7.009,7.027,7.045,7.064,7.081,7.096,7.116,7.132,7.148,7.166,7.186,7.208,7.228,7.246,7.264,7.283,7.303,7.317,7.335,7.347,7.37,7.391,7.408,7.435,7.456,7.48,7.503,7.526,7.546,7.577,7.605,7.63,7.654,7.684,7.711,7.738,7.774,7.807,7.843,7.874,7.914,7.962,8.018,8.078,8.159,8.216,8.322,8.437,8.667,9.039
864,OTH FP,4.977,5.435,5.615,5.696,5.792,5.868,5.93,5.981,6.039,6.079,6.111,6.148,6.18,6.22,6.247,6.281,6.301,6.326,6.357,6.382,6.411,6.433,6.455,6.479,6.503,6.524,6.541,6.562,6.581,6.6,6.616,6.635,6.66,6.68,6.695,6.714,6.729,6.751,6.766,6.78,6.8,6.819,6.834,6.849,6.866,6.886,6.901,6.919,6.938,6.951,6.969,6.987,7.002,7.022,7.047,7.061,7.078,7.101,7.117,7.132,7.148,7.161,7.175,7.192,7.212,7.226,7.241,7.26,7.276,7.294,7.313,7.335,7.357,7.382,7.402,7.429,7.447,7.466,7.49,7.524,7.543,7.562,7.578,7.603,7.64,7.663,7.691,7.725,7.752,7.782,7.822,7.859,7.915,7.984,8.031,8.095,8.151,8.236,8.336,8.536,9.045
865,OTH FP,4.977,5.435,5.615,5.696,5.792,5.868,5.93,5.981,6.039,6.079,6.111,6.148,6.18,6.22,6.247,6.281,6.301,6.326,6.357,6.382,6.411,6.433,6.455,6.479,6.503,6.524,6.541,6.562,6.581,6.6,6.616,6.635,6.66,6.68,6.695,6.714,6.729,6.751,6.766,6.78,6.8,6.819,6.834,6.849,6.866,6.886,6.901,6.919,6.938,6.951,6.969,6.987,7.002,7.022,7.047,7.061,7.078,7.101,7.117,7.132,7.148,7.161,7.175,7.192,7.212,7.226,7.241,7.26,7.276,7.294,7.313,7.335,7.357,7.382,7.402,7.429,7.447,7.466,7.49,7.524,7.543,7.562,7.578,7.603,7.64,7.663,7.691,7.725,7.752,7.782,7.822,7.859,7.915,7.984,8.031,8.095,8.151,8.236,8.336,8.536,9.045
866,OTH FP,4.853,5.483,5.636,5.724,5.818,5.89,5.941,6.004,6.057,6.103,6.128,6.164,6.192,6.221,6.248,6.276,6.299,6.332,6.354,6.372,6.39,6.408,6.433,6.452,6.472,6.492,6.519,6.55,6.569,6.59,6.607,6.627,6.645,6.662,6.676,6.698,6.716,6.732,6.753,6.767,6.786,6.801,6.819,6.837,6.857,6.876,6.889,6.904,6.92,6.933,6.951,6.967,6.986,7.005,7.018,7.03,7.045,7.066,7.085,7.098,7.114,7.13,7.148,7.167,7.186,7.203,7.224,7.237,7.254,7.271,7.284,7.301,7.317,7.338,7.361,7.379,7.394,7.42,7.446,7.47,7.493,7.515,7.544,7.567,7.599,7.629,7.652,7.669,7.701,7.726,7.762,7.798,7.831,7.885,7.931,7.989,8.062,8.133,8.234,8.394,8.943
867,OTH FP,4.853,5.483,5.636,5.724,5.818,5.89,5.941,6.004,6.057,6.103,6.128,6.164,6.192,6.221,6.248,6.276,6.299,6.332,6.354,6.372,6.39,6.408,6.433,6.452,6.472,6.492,6.519,6.55,6.569,6.59,6.607,6.627,6.645,6.662,6.676,6.698,6.716,6.732,6.753,6.767,6.786,6.801,6.819,6.837,6.857,6.876,6.889,6.904,6.92,6.933,6.951,6.967,6.986,7.005,7.018,7.03,7.045,7.066,7.085,7.098,7.114,7.13,7.148,7.167,7.186,7.203,7.224,7.237,7.254,7.271,7.284,7.301,7.317,7.338,7.361,7.379,7.394,7.42,7.446,7.47,7.493,7.515,7.544,7.567,7.599,7.629,7.652,7.669,7.701,7.726,7.762,7.798,7.831,7.885,7.931,7.989,8.062,8.133,8.234,8.394,8.943
868,OTH FP,4.832,5.428,5.551,5.67,5.749,5.804,5.855,5.913,5.969,6.011,6.046,6.088,6.125,6.159,6.19,6.221,6.242,6.262,6.292,6.316,6.339,6.371,6.394,6.416,6.436,6.454,6.477,6.495,6.517,6.54,6.556,6.576,6.592,6.608,6.626,6.642,6.658,6.677,6.692,6.708,6.725,6.743,6.756,6.774,6.792,6.803,6.822,6.838,6.856,6.873,6.894,6.91,6.924,6.943,6.96,6.975,6.991,7.004,7.026,7.047,7.059,7.079,7.092,7.109,7.127,7.145,7.166,7.183,7.197,7.215,7.236,7.253,7.273,7.29,7.306,7.322,7.343,7.362,7.384,7.409,7.43,7.454,7.484,7.5,7.526,7.55,7.58,7.608,7.637,7.67,7.708,7.746,7.788,7.833,7.883,7.945,8.004,8.082,8.19,8.352,8.852
869,OTH FP,4.832,5.428,5.551,5.67,5.749,5.804,5.855,5.913,5.969,6.011,6.046,6.088,6.125,6.159,6.19,6.221,6.242,6.262,6.292,6.316,6.339,6.371,6.394,6.416,6.436,6.454,6.477,6.495,6.517,6.54,6.556,6.576,6.592,6.608,6.626,6.642,6.658,6.677,6.692,6.708,6.725,6.743,6.756,6.774,6.792,6.803,6.822,6.838,6.856,6.873,6.894,6.91,6.924,6.943,6.96,6.975,6.991,7.004,7.026,7.047,7.059,7.079,7.092,7.109,7.127,7.145,7.166,7.183,7.197,7.215,7.236,7.253,7.273,7.29,7.306,7.322,7.343,7.362,7.384,7.409,7.43,7.454,7.484,7.5,7.526,7.55,7.58,7.608,7.637,7.67,7.708,7.746,7.788,7.833,7.883,7.945,8.004,8.082,8.19,8.352,8.852
870,OTH FP,4.688,5.29,5.508,5.648,5.71,5.791,5.842,5.884,5.926,5.968,6.008,6.045,6.075,6.101,6.131,6.163,6.188,6.207,6.236,6.261,6.285,6.305,6.326,6.351,6.37,6.394,6.417,6.439,6.459,6.478,6.495,6.516,6.532,6.554,6.576,6.592,6.601,6.62,6.636,6.659,6.685,6.698,6.712,6.727,6.742,6.757,6.774,6.79,6.807,6.825,6.843,6.857,6.869,6.888,6.902,6.923,6.942,6.957,6.976,6.988,7.006,7.021,7.04,7.053,7.068,7.08,7.099,7.117,7.137,7.156,7.173,7.187,7.208,7.227,7.246,7.264,7.286,7.306,7.323,7.349,7.367,7.396,7.416,7.436,7.46,7.496,7.532,7.557,7.587,7.624,7.665,7.696,7.738,7.777,7.818,7.868,7.925,8.01,8.116,8.251,8.59
871,OTH FP,4.688,5.29,5.508,5.648,5.71,5.791,5.842,5.884,5.926,5.968,6.008,6.045,6.075,6.101,6.131,6.163,6.188,6.207,6.236,6.261,6.285,6.305,6.326,6.351,6.37,6.394,6.417,6.439,6.459,6.478,6.495,6.516,6.532,6.554,6.576,6.592,6.601,6.62,6.636,6.659,6.685,6.698,6.712,6.727,6.742,6.757,6.774,6.79,6.807,6.825,6.843,6.857,6.869,6.888,6.902,6.923,6.942,6.957,6.976,6.988,7.006,7.021,7.04,7.053,7.068,7.08,7.099,7.117,7.137,7.156,7.173,7.187,7.208,7.227,7.246,7.264,7.286,7.306,7.323,7.349,7.367,7.396,7.416,7.436,7.46,7.496,7.532,7.557,7.587,7.624,7.665,7.696,7.738,7.777,7.818,7.868,7.925,8.01,8.116,8.251,8.59
872,OTH FP,4.712,5.276,5.432,5.515,5.609,5.708,5.764,5.816,5.869,5.914,5.96,6.004,6.031,6.072,6.108,6.137,6.166,6.187,6.211,6.232,6.261,6.289,6.309,6.327,6.346,6.37,6.388,6.411,6.428,6.448,6.466,6.486,6.504,6.525,6.544,6.563,6.585,6.599,6.615,6.632,6.652,6.668,6.687,6.704,6.718,6.741,6.758,6.776,6.795,6.811,6.822,6.837,6.854,6.874,6.892,6.909,6.924,6.939,6.958,6.975,6.989,7.007,7.028,7.045,7.06,7.075,7.092,7.115,7.136,7.15,7.168,7.188,7.213,7.235,7.258,7.279,7.298,7.317,7.34,7.36,7.379,7.404,7.428,7.449,7.474,7.499,7.516,7.549,7.58,7.609,7.637,7.672,7.729,7.784,7.847,7.907,7.967,8.064,8.164,8.317,8.867
873,OTH FP,4.712,5.276,5.432,5.515,5.609,5.708,5.764,5.816,5.869,5.914,5.96,6.004,6.031,6.072,6.108,6.137,6.166,6.187,6.211,6.232,6.261,6.289,6.309,6.327,6.346,6.37,6.388,6.411,6.428,6.448,6.466,6.486,6.504,6.525,6.544,6.563,6.585,6.599,6.615,6.632,6.652,6.668,6.687,6.704,6.718,6.741,6.758,6.776,6.795,6.811,6.822,6.837,6.854,6.874,6.892,6.909,6.924,6.939,6.958,6.975,6.989,7.007,7.028,7.045,7.06,7.075,7.092,7.115,7.136,7.15,7.168,7.188,7.213,7.235,7.258,7.279,7.298,7.317,7.34,7.36,7.379,7.404,7.428,7.449,7.474,7.499,7.516,7.549,7.58,7.609,7.637,7.672,7.729,7.784,7.847,7.907,7.967,8.064,8.164,8.317,8.867
874,OTH FP,4.737,5.17,5.355,5.504,5.603,5.665,5.717,5.778,5.829,5.874,5.923,5.959,5.993,6.029,6.063,6.091,6.116,6.152,6.176,6.199,6.226,6.259,6.278,6.298,6.32,6.344,6.367,6.389,6.41,6.427,6.447,6.463,6.481,6.503,6.522,6.542,6.556,6.572,6.588,6.608,6.628,6.649,6.665,6.681,6.699,6.715,6.734,6.754,6.775,6.788,6.801,6.817,6.838,6.856,6.874,6.888,6.907,6.925,6.941,6.956,6.972,6.99,7.006,7.033,7.049,7.067,7.086,7.103,7.121,7.143,7.158,7.173,7.187,7.205,7.224,7.244,7.279,7.302,7.318,7.343,7.369,7.391,7.41,7.444,7.466,7.495,7.525,7.547,7.58,7.619,7.651,7.682,7.72,7.752,7.798,7.842,7.912,8.016,8.158,8.301,8.842
875,OTH FP,4.737,5.17,5.355,5.504,5.603,5.665,5.717,5.778,5.829,5.874,5.923,5.959,5.993,6.029,6.063,6.091,6.116,6.152,6.176,6.199,6.226,6.259,6.278,6.298,6.32,6.344,6.367,6.389,6.41,6.427,6.447,6.463,6.481,6.503,6.522,6.542,6.556,6.572,6.588,6.608,6.628,6.649,6.665,6.681,6.699,6.715,6.734,6.754,6.775,6.788,6.801,6.817,6.838,6.856,6.874,6.888,6.907,6.925,6.941,6.956,6.972,6.99,7.006,7.033,7.049,7.067,7.086,7.103,7.121,7.143,7.158,7.173,7.187,7.205,7.224,7.244,7.279,7.302,7.318,7.343,7.369,7.391,7.41,7.444,7.466,7.495,7.525,7.547,7.58,7.619,7.651,7.682,7.72,7.752,7.798,7.842,7.912,8.016,8.158,8.301,8.842
876,OTH FP,4.656,5.225,5.377,5.474,5.556,5.637,5.713,5.774,5.82,5.87,5.902,5.931,5.963,5.994,6.021,6.056,6.089,6.12,6.146,6.162,6.19,6.21,6.237,6.261,6.288,6.32,6.335,6.363,6.379,6.395,6.412,6.428,6.452,6.47,6.485,6.497,6.516,6.536,6.553,6.576,6.598,6.614,6.631,6.646,6.665,6.686,6.701,6.722,6.739,6.756,6.772,6.79,6.806,6.82,6.836,6.855,6.875,6.891,6.908,6.92,6.938,6.958,6.975,6.995,7.016,7.034,7.055,7.075,7.093,7.113,7.137,7.158,7.173,7.2,7.215,7.228,7.252,7.268,7.287,7.306,7.322,7.348,7.373,7.396,7.428,7.458,7.487,7.521,7.557,7.587,7.628,7.667,7.704,7.749,7.801,7.862,7.929,8.004,8.107,8.272,8.724
877,OTH FP,4.656,5.225,5.377,5.474,5.556,5.637,5.713,5.774,5.82,5.87,5.902,5.931,5.963,5.994,6.021,6.056,6.089,6.12,6.146,6.162,6.19,6.21,6.237,6.261,6.288,6.32,6.335,6.363,6.379,6.395,6.412,6.428,6.452,6.47,6.485,6.497,6.516,6.536,6.553,6.576,6.598,6.614,6.631,6.646,6.665,6.686,6.701,6.722,6.739,6.756,6.772,6.79,6.806,6.82,6.836,6.855,6.875,6.891,6.908,6.92,6.938,6.958,6.975,6.995,7.016,7.034,7.055,7.075,7.093,7.113,7.137,7.158,7.173,7.2,7.215,7.228,7.252,7.268,7.287,7.306,7.322,7.348,7.373,7.396,7.428,7.458,7.487,7.521,7.557,7.587,7.628,7.667,7.704,7.749,7.801,7.862,7.929,8.004,8.107,8.272,8.724
878,OTH FP,4.752,5.232,5.386,5.504,5.604,5.676,5.734,5.78,5.833,5.873,5.912,5.951,5.985,6.024,6.057,6.081,6.106,6.135,6.157,6.181,6.208,6.234,6.254,6.271,6.291,6.312,6.332,6.35,6.369,6.385,6.405,6.424,6.442,6.464,6.482,6.5,6.515,6.53,6.547,6.567,6.585,6.598,6.615,6.632,6.648,6.657,6.677,6.691,6.706,6.721,6.734,6.75,6.767,6.783,6.798,6.814,6.829,6.847,6.861,6.881,6.899,6.916,6.934,6.954,6.967,6.984,7.004,7.024,7.043,7.059,7.077,7.098,7.114,7.14,7.165,7.186,7.212,7.23,7.258,7.282,7.309,7.331,7.357,7.384,7.41,7.448,7.475,7.501,7.536,7.578,7.611,7.649,7.689,7.729,7.779,7.839,7.906,7.993,8.099,8.275,8.616
879,OTH FP,4.752,5.232,5.386,5.504,5.604,5.676,5.734,5.78,5.833,5.873,5.912,5.951,5.985,6.024,6.057,6.081,6.106,6.135,6.157,6.181,6.208,6.234,6.254,6.271,6.291,6.312,6.332,6.35,6.369,6.385,6.405,6.424,6.442,6.464,6.482,6.5,6.515,6.53,6.547,6.567,6.585,6.598,6.615,6.632,6.648,6.657,6.677,6.691,6.706,6.721,6.734,6.75,6.767,6.783,6.798,6.814,6.829,6.847,6.861,6.881,6.899,6.916,6.934,6.954,6.967,6.984,7.004,7.024,7.043,7.059,7.077,7.098,7.114,7.14,7.165,7.186,7.212,7.23,7.258,7.282,7.309,7.331,7.357,7.384,7.41,7.448,7.475,7.501,7.536,7.578,7.611,7.649,7.689,7.729,7.779,7.839,7.906,7.993,8.099,8.275,8.616
880,OTH FP,4.768,5.267,5.476,5.589,5.661,5.718,5.768,5.81,5.84,5.881,5.918,5.947,5.973,6.008,6.037,6.061,6.081,6.112,6.138,6.16,6.183,6.217,6.236,6.254,6.274,6.297,6.315,6.333,6.36,6.374,6.396,6.414,6.437,6.456,6.473,6.488,6.504,6.523,6.544,6.564,6.577,6.591,6.606,6.617,6.632,6.645,6.662,6.673,6.686,6.703,6.722,6.735,6.756,6.777,6.795,6.811,6.825,6.841,6.858,6.882,6.896,6.909,6.926,6.938,6.958,6.974,6.993,7.01,7.032,7.049,7.068,7.087,7.111,7.127,7.146,7.168,7.188,7.21,7.23,7.251,7.272,7.29,7.317,7.34,7.361,7.388,7.418,7.444,7.477,7.51,7.55,7.589,7.63,7.676,7.736,7.794,7.859,7.925,8.051,8.203,8.59
881,OTH FP,4.768,5.267,5.476,5.589,5.661,5.718,5.768,5.81,5.84,5.881,5.918,5.947,5.973,6.008,6.037,6.061,6.081,6.112,6.138,6.16,6.183,6.217,6.236,6.254,6.274,6.297,6.315,6.333,6.36,6.374,6.396,6.414,6.437,6.456,6.473,6.488,6.504,6.523,6.544,6.564,6.577,6.591,6.606,6.617,6.632,6.645,6.662,6.673,6.686,6.703,6.722,6.735,6.756,6.777,6.795,6.811,6.825,6.841,6.858,6.882,6.896,6.909,6.926,6.938,6.958,6.974,6.993,7.01,7.032,7.049,7.068,7.087,7.111,7.127,7.146,7.168,7.188,7.21,7.23,7.251,7.272,7.29,7.317,7.34,7.361,7.388,7.418,7.444,7.477,7.51,7.55,7.589,7.63,7.676,7.736,7.794,7.859,7.925,8.051,8.203,8.59
882,OTH FP,5.018,5.361,5.489,5.58,5.669,5.733,5.788,5.83,5.871,5.905,5.939,5.968,6.008,6.036,6.065,6.094,6.124,6.147,6.17,6.196,6.21,6.229,6.249,6.271,6.294,6.313,6.333,6.347,6.365,6.38,6.397,6.415,6.431,6.449,6.464,6.48,6.494,6.51,6.527,6.541,6.561,6.578,6.591,6.607,6.623,6.636,6.658,6.671,6.691,6.706,6.719,6.731,6.749,6.767,6.78,6.792,6.805,6.821,6.838,6.856,6.874,6.89,6.903,6.918,6.934,6.955,6.965,6.983,6.995,7.014,7.03,7.049,7.065,7.083,7.1,7.119,7.136,7.155,7.178,7.206,7.225,7.246,7.267,7.29,7.315,7.341,7.364,7.389,7.406,7.431,7.462,7.506,7.54,7.589,7.63,7.687,7.746,7.838,7.931,8.107,8.654
883,OTH FP,5.018,5.361,5.489,5.58,5.669,5.733,5.788,5.83,5.871,5.905,5.939,5.968,6.008,6.036,6.065,6.094,6.124,6.147,6.17,6.196,6.21,6.229,6.249,6.271,6.294,6.313,6.333,6.347,6.365,6.38,6.397,6.415,6.431,6.449,6.464,6.48,6.494,6.51,6.527,6.541,6.561,6.578,6.591,6.607,6.623,6.636,6.658,6.671,6.691,6.706,6.719,6.731,6.749,6.767,6.78,6.792,6.805,6.821,6.838,6.856,6.874,6.89,6.903,6.918,6.934,6.955,6.965,6.983,6.995,7.014,7.03,7.049,7.065,7.083,7.1,7.119,7.136,7.155,7.178,7.206,7.225,7.246,7.267,7.29,7.315,7.341,7.364,7.389,7.406,7.431,7.462,7.506,7.54,7.589,7.63,7.687,7.746,7.838,7.931,8.107,8.654
884,OTH FP,4.952,5.334,5.506,5.596,5.684,5.747,5.801,5.849,5.888,5.915,5.95,5.988,6.023,6.043,6.073,6.094,6.127,6.15,6.173,6.203,6.225,6.242,6.258,6.276,6.297,6.311,6.337,6.361,6.375,6.396,6.413,6.431,6.45,6.468,6.479,6.492,6.508,6.524,6.539,6.559,6.576,6.593,6.608,6.622,6.638,6.652,6.669,6.686,6.702,6.714,6.73,6.745,6.762,6.78,6.796,6.81,6.823,6.841,6.856,6.871,6.888,6.909,6.926,6.941,6.959,6.97,6.982,7.001,7.013,7.027,7.045,7.058,7.077,7.099,7.123,7.142,7.163,7.18,7.2,7.227,7.245,7.268,7.292,7.312,7.339,7.372,7.402,7.428,7.46,7.485,7.509,7.538,7.571,7.61,7.654,7.724,7.787,7.859,7.935,8.122,8.843
885,OTH FP,4.952,5.334,5.506,5.596,5.684,5.747,5.801,5.849,5.888,5.915,5.95,5.988,6.023,6.043,6.073,6.094,6.127,6.15,6.173,6.203,6.225,6.242,6.258,6.276,6.297,6.311,6.337,6.361,6.375,6.396,6.413,6.431,6.45,6.468,6.479,6.492,6.508,6.524,6.539,6.559,6.576,6.593,6.608,6.622,6.638,6.652,6.669,6.686,6.702,6.714,6.73,6.745,6.762,6.78,6.796,6.81,6.823,6.841,6.856,6.871,6.888,6.909,6.926,6.941,6.959,6.97,6.982,7.001,7.013,7.027,7.045,7.058,7.077,7.099,7.123,7.142,7.163,7.18,7.2,7.227,7.245,7.268,7.292,7.312,7.339,7.372,7.402,7.428,7.46,7.485,7.509,7.538,7.571,7.61,7.654,7.724,7.787,7.859,7.935,8.122,8.843
886,OTH FP,4.723,5.255,5.435,5.542,5.628,5.692,5.741,5.776,5.812,5.853,5.9,5.923,5.96,5.991,6.024,6.053,6.085,6.116,6.146,6.176,6.197,6.219,6.238,6.257,6.275,6.3,6.324,6.345,6.361,6.382,6.405,6.43,6.447,6.466,6.481,6.5,6.515,6.531,6.551,6.568,6.584,6.602,6.617,6.631,6.646,6.66,6.674,6.688,6.706,6.722,6.738,6.757,6.775,6.794,6.807,6.821,6.838,6.853,6.873,6.887,6.904,6.921,6.932,6.944,6.962,6.977,6.991,7.01,7.025,7.039,7.059,7.079,7.096,7.115,7.133,7.155,7.178,7.198,7.215,7.235,7.253,7.276,7.3,7.33,7.354,7.375,7.396,7.43,7.459,7.488,7.52,7.559,7.607,7.645,7.697,7.742,7.804,7.895,8.063,8.24,8.862
887,OTH FP,4.723,5.255,5.435,5.542,5.628,5.692,5.741,5.776,5.812,5.853,5.9,5.923,5.96,5.991,6.024,6.053,6.085,6.116,6.146,6.176,6.197,6.219,6.238,6.257,6.275,6.3,6.324,6.345,6.361,6.382,6.405,6.43,6.447,6.466,6.481,6.5,6.515,6.531,6.551,6.568,6.584,6.602,6.617,6.631,6.646,6.66,6.674,6.688,6.706,6.722,6.738,6.757,6.775,6.794,6.807,6.821,6.838,6.853,6.873,6.887,6.904,6.921,6.932,6.944,6.962,6.977,6.991,7.01,7.025,7.039,7.059,7.079,7.096,7.115,7.133,7.155,7.178,7.198,7.215,7.235,7.253,7.276,7.3,7.33,7.354,7.375,7.396,7.43,7.459,7.488,7.52,7.559,7.607,7.645,7.697,7.742,7.804,7.895,8.063,8.24,8.862
888,OTH FP,4.6,5.165,5.369,5.497,5.575,5.646,5.7,5.746,5.802,5.837,5.869,5.909,5.94,5.974,6.002,6.038,6.066,6.091,6.119,6.155,6.175,6.197,6.221,6.242,6.263,6.285,6.306,6.328,6.346,6.363,6.383,6.401,6.422,6.438,6.456,6.472,6.491,6.508,6.525,6.538,6.558,6.581,6.597,6.614,6.634,6.65,6.664,6.686,6.703,6.721,6.739,6.756,6.77,6.785,6.8,6.812,6.829,6.845,6.86,6.875,6.894,6.91,6.927,6.943,6.959,6.976,6.991,7.006,7.022,7.041,7.056,7.067,7.084,7.103,7.124,7.142,7.16,7.187,7.212,7.234,7.254,7.281,7.315,7.338,7.361,7.387,7.414,7.438,7.472,7.505,7.538,7.577,7.623,7.659,7.709,7.759,7.844,7.91,8.029,8.286,8.821
889,OTH FP,4.6,5.165,5.369,5.497,5.575,5.646,5.7,5.746,5.802,5.837,5.869,5.909,5.94,5.974,6.002,6.038,6.066,6.091,6.119,6.155,6.175,6.197,6.221,6.242,6.263,6.285,6.306,6.328,6.346,6.363,6.383,6.401,6.422,6.438,6.456,6.472,6.491,6.508,6.525,6.538,6.558,6.581,6.597,6.614,6.634,6.65,6.664,6.686,6.703,6.721,6.739,6.756,6.77,6.785,6.8,6.812,6.829,6.845,6.86,6.875,6.894,6.91,6.927,6.943,6.959,6.976,6.991,7.006,7.022,7.041,7.056,7.067,7.084,7.103,7.124,7.142,7.16,7.187,7.212,7.234,7.254,7.281,7.315,7.338,7.361,7.387,7.414,7.438,7.472,7.505,7.538,7.577,7.623,7.659,7.709,7.759,7.844,7.91,8.029,8.286,8.821
890,OTH FP,4.628,5.162,5.367,5.479,5.572,5.646,5.708,5.752,5.792,5.833,5.869,5.906,5.943,5.973,6.002,6.034,6.061,6.085,6.11,6.142,6.166,6.186,6.213,6.24,6.265,6.284,6.299,6.321,6.34,6.363,6.382,6.394,6.411,6.43,6.448,6.471,6.489,6.5,6.512,6.535,6.555,6.574,6.591,6.609,6.629,6.643,6.663,6.683,6.697,6.715,6.73,6.743,6.758,6.771,6.788,6.8,6.818,6.836,6.851,6.863,6.884,6.894,6.91,6.928,6.943,6.961,6.979,6.996,7.014,7.029,7.048,7.064,7.075,7.092,7.118,7.138,7.164,7.19,7.205,7.229,7.25,7.27,7.297,7.328,7.354,7.383,7.416,7.452,7.48,7.514,7.546,7.591,7.636,7.687,7.744,7.797,7.868,7.948,8.021,8.194,8.764
891,OTH FP,4.628,5.162,5.367,5.479,5.572,5.646,5.708,5.752,5.792,5.833,5.869,5.906,5.943,5.973,6.002,6.034,6.061,6.085,6.11,6.142,6.166,6.186,6.213,6.24,6.265,6.284,6.299,6.321,6.34,6.363,6.382,6.394,6.411,6.43,6.448,6.471,6.489,6.5,6.512,6.535,6.555,6.574,6.591,6.609,6.629,6.643,6.663,6.683,6.697,6.715,6.73,6.743,6.758,6.771,6.788,6.8,6.818,6.836,6.851,6.863,6.884,6.894,6.91,6.928,6.943,6.961,6.979,6.996,7.014,7.029,7.048,7.064,7.075,7.092,7.118,7.138,7.164,7.19,7.205,7.229,7.25,7.27,7.297,7.328,7.354,7.383,7.416,7.452,7.48,7.514,7.546,7.591,7.636,7.687,7.744,7.797,7.868,7.948,8.021,8.194,8.764
892,OTH FP,4.646,5.243,5.392,5.498,5.581,5.666,5.714,5.762,5.809,5.854,5.888,5.917,5.962,5.989,6.011,6.037,6.059,6.084,6.109,6.137,6.159,6.181,6.198,6.222,6.241,6.261,6.279,6.297,6.316,6.333,6.348,6.368,6.384,6.405,6.425,6.443,6.461,6.478,6.497,6.512,6.53,6.544,6.559,6.584,6.602,6.616,6.631,6.649,6.67,6.686,6.704,6.719,6.733,6.744,6.758,6.774,6.79,6.801,6.817,6.835,6.854,6.868,6.886,6.904,6.925,6.947,6.962,6.979,6.995,7.018,7.041,7.063,7.077,7.102,7.119,7.144,7.159,7.177,7.196,7.213,7.238,7.262,7.281,7.305,7.324,7.351,7.386,7.41,7.446,7.484,7.504,7.533,7.58,7.619,7.674,7.73,7.805,7.901,8.018,8.176,8.693
893,OTH FP,4.646,5.243,5.392,5.498,5.581,5.666,5.714,5.762,5.809,5.854,5.888,5.917,5.962,5.989,6.011,6.037,6.059,6.084,6.109,6.137,6.159,6.181,6.198,6.222,6.241,6.261,6.279,6.297,6.316,6.333,6.348,6.368,6.384,6.405,6.425,6.443,6.461,6.478,6.497,6.512,6.53,6.544,6.559,6.584,6.602,6.616,6.631,6.649,6.67,6.686,6.704,6.719,6.733,6.744,6.758,6.774,6.79,6.801,6.817,6.835,6.854,6.868,6.886,6.904,6.925,6.947,6.962,6.979,6.995,7.018,7.041,7.063,7.077,7.102,7.119,7.144,7.159,7.177,7.196,7.213,7.238,7.262,7.281,7.305,7.324,7.351,7.386,7.41,7.446,7.484,7.504,7.533,7.58,7.619,7.674,7.73,7.805,7.901,8.018,8.176,8.693
894,OTH FP,4.62,5.13,5.324,5.46,5.544,5.62,5.685,5.739,5.794,5.841,5.885,5.916,5.943,5.966,6.002,6.032,6.064,6.089,6.11,6.131,6.154,6.174,6.192,6.212,6.229,6.247,6.269,6.289,6.312,6.334,6.352,6.371,6.39,6.409,6.429,6.445,6.465,6.489,6.508,6.529,6.545,6.561,6.583,6.603,6.618,6.634,6.654,6.679,6.695,6.714,6.731,6.747,6.763,6.775,6.791,6.813,6.827,6.845,6.863,6.874,6.897,6.916,6.931,6.952,6.97,6.99,7.003,7.022,7.043,7.061,7.078,7.099,7.126,7.141,7.163,7.181,7.202,7.219,7.245,7.266,7.296,7.323,7.351,7.387,7.414,7.452,7.482,7.514,7.541,7.569,7.603,7.645,7.677,7.723,7.777,7.822,7.908,7.996,8.114,8.28,8.795
895,OTH FP,4.62,5.13,5.324,5.46,5.544,5.62,5.685,5.739,5.794,5.841,5.885,5.916,5.943,5.966,6.002,6.032,6.064,6.089,6.11,6.131,6.154,6.174,6.192,6.212,6.229,6.247,6.269,6.289,6.312,6.334,6.352,6.371,6.39,6.409,6.429,6.445,6.465,6.489,6.508,6.529,6.545,6.561,6.583,6.603,6.618,6.634,6.654,6.679,6.695,6.714,6.731,6.747,6.763,6.775,6.791,6.813,6.827,6.845,6.863,6.874,6.897,6.916,6.931,6.952,6.97,6.99,7.003,7.022,7.043,7.061,7.078,7.099,7.126,7.141,7.163,7.181,7.202,7.219,7.245,7.266,7.296,7.323,7.351,7.387,7.414,7.452,7.482,7.514,7.541,7.569,7.603,7.645,7.677,7.723,7.777,7.822,7.908,7.996,8.114,8.28,8.795
896,OTH FP,4.512,5.09,5.242,5.394,5.512,5.605,5.669,5.73,5.766,5.816,5.858,5.887,5.928,5.962,5.993,6.021,6.047,6.085,6.107,6.128,6.157,6.182,6.215,6.238,6.257,6.282,6.297,6.321,6.35,6.371,6.387,6.404,6.425,6.447,6.463,6.48,6.499,6.516,6.534,6.557,6.576,6.596,6.614,6.634,6.651,6.672,6.686,6.709,6.727,6.746,6.76,6.773,6.789,6.808,6.824,6.843,6.865,6.879,6.898,6.917,6.941,6.954,6.972,6.988,7.004,7.03,7.048,7.067,7.093,7.115,7.135,7.16,7.18,7.197,7.222,7.241,7.259,7.279,7.306,7.333,7.358,7.382,7.405,7.429,7.456,7.483,7.511,7.555,7.593,7.631,7.664,7.719,7.767,7.821,7.876,7.942,8.014,8.112,8.21,8.334,8.827
897,OTH FP,4.512,5.09,5.242,5.394,5.512,5.605,5.669,5.73,5.766,5.816,5.858,5.887,5.928,5.962,5.993,6.021,6.047,6.085,6.107,6.128,6.157,6.182,6.215,6.238,6.257,6.282,6.297,6.321,6.35,6.371,6.387,6.404,6.425,6.447,6.463,6.48,6.499,6.516,6.534,6.557,6.576,6.596,6.614,6.634,6.651,6.672,6.686,6.709,6.727,6.746,6.76,6.773,6.789,6.808,6.824,6.843,6.865,6.879,6.898,6.917,6.941,6.954,6.972,6.988,7.004,7.03,7.048,7.067,7.093,7.115,7.135,7.16,7.18,7.197,7.222,7.241,7.259,7.279,7.306,7.333,7.358,7.382,7.405,7.429,7.456,7.483,7.511,7.555,7.593,7.631,7.664,7.719,7.767,7.821,7.876,7.942,8.014,8.112,8.21,8.334,8.827
898,OTH FP,4.528,5.154,5.319,5.417,5.504,5.571,5.618,5.681,5.741,5.798,5.847,5.881,5.918,5.953,5.989,6.021,6.049,6.073,6.111,6.143,6.166,6.193,6.214,6.236,6.263,6.292,6.317,6.348,6.371,6.393,6.409,6.431,6.454,6.475,6.497,6.515,6.536,6.549,6.575,6.595,6.614,6.632,6.653,6.675,6.693,6.715,6.731,6.752,6.765,6.786,6.803,6.817,6.834,6.849,6.868,6.887,6.909,6.925,6.943,6.963,6.978,6.994,7.016,7.036,7.053,7.075,7.094,7.116,7.135,7.159,7.18,7.197,7.212,7.229,7.243,7.265,7.29,7.309,7.334,7.358,7.39,7.416,7.447,7.478,7.509,7.532,7.56,7.588,7.621,7.661,7.703,7.743,7.791,7.841,7.906,7.975,8.048,8.15,8.252,8.471,8.942
899,OTH FP,4.528,5.154,5.319,5.417,5.504,5.571,5.618,5.681,5.741,5.798,5.847,5.881,5.918,5.953,5.989,6.021,6.049,6.073,6.111,6.143,6.166,6.193,6.214,6.236,6.263,6.292,6.317,6.348,6.371,6.393,6.409,6.431,6.454,6.475,6.497,6.515,6.536,6.549,6.575,6.595,6.614,6.632,6.653,6.675,6.693,6.715,6.731,6.752,6.765,6.786,6.803,6.817,6.834,6.849,6.868,6.887,6.909,6.925,6.943,6.963,6.978,6.994,7.016,7.036,7.053,7.075,7.094,7.116,7.135,7.159,7.18,7.197,7.212,7.229,7.243,7.265,7.29,7.309,7.334,7.358,7.39,7.416,7.447,7.478,7.509,7.532,7.56,7.588,7.621,7.661,7.703,7.743,7.791,7.841,7.906,7.975,8.048,8.15,8.252,8.471,8.942
900,OTH FP,4.693,5.213,5.425,5.548,5.636,5.703,5.797,5.854,5.896,5.949,5.986,6.022,6.059,6.088,6.123,6.155,6.186,6.217,6.237,6.259,6.284,6.308,6.328,6.353,6.377,6.4,6.422,6.443,6.466,6.486,6.5,6.517,6.531,6.554,6.569,6.59,6.613,6.635,6.658,6.671,6.692,6.709,6.73,6.75,6.765,6.785,6.799,6.819,6.833,6.849,6.862,6.877,6.897,6.918,6.936,6.951,6.966,6.983,7.003,7.022,7.04,7.056,7.075,7.093,7.118,7.131,7.143,7.164,7.182,7.198,7.218,7.241,7.261,7.278,7.3,7.317,7.341,7.368,7.397,7.42,7.439,7.461,7.49,7.526,7.55,7.578,7.615,7.646,7.675,7.707,7.746,7.794,7.842,7.884,7.937,7.994,8.073,8.146,8.277,8.45,9.056
901,OTH FP,4.693,5.213,5.425,5.548,5.636,5.703,5.797,5.854,5.896,5.949,5.986,6.022,6.059,6.088,6.123,6.155,6.186,6.217,6.237,6.259,6.284,6.308,6.328,6.353,6.377,6.4,6.422,6.443,6.466,6.486,6.5,6.517,6.531,6.554,6.569,6.59,6.613,6.635,6.658,6.671,6.692,6.709,6.73,6.75,6.765,6.785,6.799,6.819,6.833,6.849,6.862,6.877,6.897,6.918,6.936,6.951,6.966,6.983,7.003,7.022,7.04,7.056,7.075,7.093,7.118,7.131,7.143,7.164,7.182,7.198,7.218,7.241,7.261,7.278,7.3,7.317,7.341,7.368,7.397,7.42,7.439,7.461,7.49,7.526,7.55,7.578,7.615,7.646,7.675,7.707,7.746,7.794,7.842,7.884,7.937,7.994,8.073,8.146,8.277,8.45,9.056
902,OTH FP,4.334,4.97,5.183,5.308,5.407,5.462,5.545,5.615,5.68,5.736,5.778,5.81,5.849,5.892,5.917,5.966,6.005,6.035,6.066,6.096,6.12,6.158,6.184,6.207,6.228,6.251,6.279,6.302,6.327,6.346,6.367,6.392,6.42,6.439,6.459,6.476,6.501,6.524,6.541,6.568,6.585,6.603,6.622,6.644,6.665,6.687,6.705,6.735,6.762,6.779,6.802,6.822,6.84,6.857,6.876,6.895,6.913,6.935,6.949,6.967,6.989,7.008,7.03,7.044,7.057,7.079,7.099,7.116,7.141,7.176,7.196,7.22,7.244,7.264,7.284,7.309,7.33,7.354,7.381,7.408,7.433,7.459,7.486,7.512,7.536,7.574,7.608,7.634,7.672,7.712,7.761,7.811,7.858,7.916,7.951,8.034,8.096,8.192,8.336,8.534,9.062
903,OTH FP,4.334,4.97,5.183,5.308,5.407,5.462,5.545,5.615,5.68,5.736,5.778,5.81,5.849,5.892,5.917,5.966,6.005,6.035,6.066,6.096,6.12,6.158,6.184,6.207,6.228,6.251,6.279,6.302,6.327,6.346,6.367,6.392,6.42,6.439,6.459,6.476,6.501,6.524,6.541,6.568,6.585,6.603,6.622,6.644,6.665,6.687,6.705,6.735,6.762,6.779,6.802,6.822,6.84,6.857,6.876,6.895,6.913,6.935,6.949,6.967,6.989,7.008,7.03,7.044,7.057,7.079,7.099,7.116,7.141,7.176,7.196,7.22,7.244,7.264,7.284,7.309,7.33,7.354,7.381,7.408,7.433,7.459,7.486,7.512,7.536,7.574,7.608,7.634,7.672,7.712,7.761,7.811,7.858,7.916,7.951,8.034,8.096,8.192,8.336,8.534,9.062
904,OTH FP,4.426,4.937,5.193,5.304,5.389,5.465,5.55,5.589,5.631,5.675,5.728,5.764,5.806,5.849,5.883,5.913,5.947,5.972,5.998,6.024,6.057,6.088,6.114,6.143,6.166,6.186,6.206,6.226,6.243,6.263,6.292,6.31,6.332,6.352,6.373,6.396,6.416,6.435,6.454,6.471,6.493,6.511,6.532,6.548,6.568,6.586,6.608,6.621,6.637,6.66,6.677,6.701,6.716,6.734,6.756,6.776,6.8,6.817,6.836,6.852,6.868,6.885,6.906,6.928,6.949,6.974,6.994,7.015,7.037,7.058,7.083,7.101,7.13,7.152,7.175,7.194,7.217,7.237,7.263,7.288,7.31,7.34,7.372,7.397,7.418,7.452,7.483,7.518,7.552,7.591,7.628,7.678,7.742,7.798,7.87,7.95,8.028,8.127,8.264,8.499,8.903
905,OTH FP,4.426,4.937,5.193,5.304,5.389,5.465,5.55,5.589,5.631,5.675,5.728,5.764,5.806,5.849,5.883,5.913,5.947,5.972,5.998,6.024,6.057,6.088,6.114,6.143,6.166,6.186,6.206,6.226,6.243,6.263,6.292,6.31,6.332,6.352,6.373,6.396,6.416,6.435,6.454,6.471,6.493,6.511,6.532,6.548,6.568,6.586,6.608,6.621,6.637,6.66,6.677,6.701,6.716,6.734,6.756,6.776,6.8,6.817,6.836,6.852,6.868,6.885,6.906,6.928,6.949,6.974,6.994,7.015,7.037,7.058,7.083,7.101,7.13,7.152,7.175,7.194,7.217,7.237,7.263,7.288,7.31,7.34,7.372,7.397,7.418,7.452,7.483,7.518,7.552,7.591,7.628,7.678,7.742,7.798,7.87,7.95,8.028,8.127,8.264,8.499,8.903
906,OTH FP,4.756,5.135,5.314,5.404,5.474,5.534,5.577,5.628,5.684,5.716,5.77,5.803,5.835,5.863,5.891,5.912,5.945,5.972,5.99,6.013,6.031,6.062,6.085,6.104,6.126,6.15,6.175,6.195,6.219,6.238,6.257,6.278,6.298,6.316,6.331,6.351,6.366,6.383,6.405,6.423,6.44,6.456,6.471,6.485,6.5,6.519,6.534,6.556,6.574,6.589,6.608,6.628,6.644,6.663,6.683,6.699,6.715,6.731,6.744,6.76,6.777,6.794,6.81,6.828,6.841,6.854,6.87,6.891,6.912,6.932,6.95,6.97,6.99,7.005,7.025,7.052,7.069,7.094,7.116,7.142,7.164,7.184,7.209,7.236,7.262,7.293,7.318,7.344,7.379,7.425,7.454,7.486,7.526,7.574,7.622,7.701,7.76,7.834,7.919,8.145,8.657
907,OTH FP,4.756,5.135,5.314,5.404,5.474,5.534,5.577,5.628,5.684,5.716,5.77,5.803,5.835,5.863,5.891,5.912,5.945,5.972,5.99,6.013,6.031,6.062,6.085,6.104,6.126,6.15,6.175,6.195,6.219,6.238,6.257,6.278,6.298,6.316,6.331,6.351,6.366,6.383,6.405,6.423,6.44,6.456,6.471,6.485,6.5,6.519,6.534,6.556,6.574,6.589,6.608,6.628,6.644,6.663,6.683,6.699,6.715,6.731,6.744,6.76,6.777,6.794,6.81,6.828,6.841,6.854,6.87,6.891,6.912,6.932,6.95,6.97,6.99,7.005,7.025,7.052,7.069,7.094,7.116,7.142,7.164,7.184,7.209,7.236,7.262,7.293,7.318,7.344,7.379,7.425,7.454,7.486,7.526,7.574,7.622,7.701,7.76,7.834,7.919,8.145,8.657
908,OTH FP,4.274,4.944,5.182,5.316,5.417,5.489,5.552,5.61,5.654,5.701,5.738,5.784,5.826,5.859,5.886,5.919,5.944,5.974,6.006,6.035,6.067,6.092,6.135,6.16,6.177,6.195,6.212,6.237,6.264,6.285,6.309,6.325,6.345,6.361,6.387,6.403,6.424,6.447,6.471,6.489,6.507,6.524,6.541,6.558,6.579,6.595,6.617,6.635,6.656,6.676,6.696,6.718,6.738,6.759,6.774,6.796,6.818,6.836,6.858,6.878,6.894,6.92,6.938,6.967,6.982,7.004,7.03,7.048,7.066,7.084,7.107,7.125,7.146,7.172,7.199,7.221,7.24,7.268,7.292,7.323,7.353,7.379,7.407,7.437,7.475,7.504,7.534,7.571,7.609,7.646,7.686,7.737,7.781,7.841,7.89,7.962,8.035,8.149,8.298,8.595,9.245
909,OTH FP,4.274,4.944,5.182,5.316,5.417,5.489,5.552,5.61,5.654,5.701,5.738,5.784,5.826,5.859,5.886,5.919,5.944,5.974,6.006,6.035,6.067,6.092,6.135,6.16,6.177,6.195,6.212,6.237,6.264,6.285,6.309,6.325,6.345,6.361,6.387,6.403,6.424,6.447,6.471,6.489,6.507,6.524,6.541,6.558,6.579,6.595,6.617,6.635,6.656,6.676,6.696,6.718,6.738,6.759,6.774,6.796,6.818,6.836,6.858,6.878,6.894,6.92,6.938,6.967,6.982,7.004,7.03,7.048,7.066,7.084,7.107,7.125,7.146,7.172,7.199,7.221,7.24,7.268,7.292,7.323,7.353,7.379,7.407,7.437,7.475,7.504,7.534,7.571,7.609,7.646,7.686,7.737,7.781,7.841,7.89,7.962,8.035,8.149,8.298,8.595,9.245
910,OTH FP,4.464,5.006,5.211,5.342,5.457,5.537,5.61,5.68,5.746,5.79,5.833,5.878,5.925,5.955,5.981,6.006,6.046,6.072,6.102,6.137,6.169,6.192,6.216,6.243,6.269,6.291,6.32,6.344,6.372,6.401,6.419,6.44,6.462,6.483,6.503,6.523,6.547,6.567,6.587,6.61,6.634,6.66,6.673,6.691,6.712,6.729,6.747,6.762,6.783,6.801,6.824,6.847,6.866,6.887,6.908,6.926,6.943,6.962,6.984,7.008,7.027,7.046,7.061,7.081,7.098,7.118,7.152,7.175,7.193,7.215,7.241,7.269,7.291,7.312,7.338,7.361,7.386,7.415,7.445,7.483,7.51,7.54,7.568,7.602,7.632,7.662,7.699,7.736,7.773,7.815,7.85,7.889,7.932,7.985,8.052,8.114,8.194,8.291,8.426,8.615,9.115
911,OTH FP,4.464,5.006,5.211,5.342,5.457,5.537,5.61,5.68,5.746,5.79,5.833,5.878,5.925,5.955,5.981,6.006,6.046,6.072,6.102,6.137,6.169,6.192,6.216,6.243,6.269,6.291,6.32,6.344,6.372,6.401,6.419,6.44,6.462,6.483,6.503,6.523,6.547,6.567,6.587,6.61,6.634,6.66,6.673,6.691,6.712,6.729,6.747,6.762,6.783,6.801,6.824,6.847,6.866,6.887,6.908,6.926,6.943,6.962,6.984,7.008,7.027,7.046,7.061,7.081,7.098,7.118,7.152,7.175,7.193,7.215,7.241,7.269,7.291,7.312,7.338,7.361,7.386,7.415,7.445,7.483,7.51,7.54,7.568,7.602,7.632,7.662,7.699,7.736,7.773,7.815,7.85,7.889,7.932,7.985,8.052,8.114,8.194,8.291,8.426,8.615,9.115
912,OTH FP,4.681,5.191,5.456,5.586,5.685,5.762,5.828,5.874,5.919,5.966,6.02,6.064,6.096,6.122,6.159,6.189,6.215,6.24,6.268,6.294,6.326,6.354,6.384,6.405,6.431,6.449,6.473,6.495,6.521,6.54,6.561,6.576,6.6,6.617,6.631,6.652,6.672,6.694,6.718,6.737,6.756,6.774,6.789,6.803,6.822,6.843,6.859,6.878,6.898,6.918,6.933,6.946,6.963,6.976,6.99,7.007,7.027,7.048,7.067,7.081,7.097,7.113,7.13,7.157,7.18,7.197,7.217,7.232,7.252,7.268,7.287,7.309,7.335,7.359,7.384,7.402,7.415,7.435,7.452,7.481,7.497,7.523,7.548,7.579,7.608,7.64,7.682,7.722,7.757,7.807,7.846,7.883,7.944,7.994,8.048,8.112,8.208,8.309,8.421,8.559,9.027
913,OTH FP,4.681,5.191,5.456,5.586,5.685,5.762,5.828,5.874,5.919,5.966,6.02,6.064,6.096,6.122,6.159,6.189,6.215,6.24,6.268,6.294,6.326,6.354,6.384,6.405,6.431,6.449,6.473,6.495,6.521,6.54,6.561,6.576,6.6,6.617,6.631,6.652,6.672,6.694,6.718,6.737,6.756,6.774,6.789,6.803,6.822,6.843,6.859,6.878,6.898,6.918,6.933,6.946,6.963,6.976,6.99,7.007,7.027,7.048,7.067,7.081,7.097,7.113,7.13,7.157,7.18,7.197,7.217,7.232,7.252,7.268,7.287,7.309,7.335,7.359,7.384,7.402,7.415,7.435,7.452,7.481,7.497,7.523,7.548,7.579,7.608,7.64,7.682,7.722,7.757,7.807,7.846,7.883,7.944,7.994,8.048,8.112,8.208,8.309,8.421,8.559,9.027
914,OTH FP,4.97,5.353,5.58,5.675,5.76,5.809,5.885,5.944,5.994,6.03,6.073,6.12,6.152,6.18,6.206,6.244,6.272,6.304,6.335,6.361,6.381,6.406,6.436,6.458,6.484,6.504,6.523,6.552,6.58,6.597,6.614,6.632,6.655,6.68,6.697,6.717,6.736,6.751,6.768,6.787,6.807,6.829,6.845,6.867,6.883,6.899,6.916,6.935,6.949,6.966,6.983,7.003,7.018,7.037,7.055,7.071,7.087,7.106,7.12,7.136,7.151,7.173,7.185,7.202,7.22,7.231,7.249,7.259,7.277,7.294,7.316,7.335,7.353,7.374,7.392,7.413,7.435,7.455,7.484,7.508,7.539,7.567,7.599,7.627,7.652,7.678,7.705,7.745,7.785,7.817,7.848,7.898,7.944,7.983,8.051,8.111,8.177,8.259,8.372,8.525,9.074
915,OTH FP,4.97,5.353,5.58,5.675,5.76,5.809,5.885,5.944,5.994,6.03,6.073,6.12,6.152,6.18,6.206,6.244,6.272,6.304,6.335,6.361,6.381,6.406,6.436,6.458,6.484,6.504,6.523,6.552,6.58,6.597,6.614,6.632,6.655,6.68,6.697,6.717,6.736,6.751,6.768,6.787,6.807,6.829,6.845,6.867,6.883,6.899,6.916,6.935,6.949,6.966,6.983,7.003,7.018,7.037,7.055,7.071,7.087,7.106,7.12,7.136,7.151,7.173,7.185,7.202,7.22,7.231,7.249,7.259,7.277,7.294,7.316,7.335,7.353,7.374,7.392,7.413,7.435,7.455,7.484,7.508,7.539,7.567,7.599,7.627,7.652,7.678,7.705,7.745,7.785,7.817,7.848,7.898,7.944,7.983,8.051,8.111,8.177,8.259,8.372,8.525,9.074
916,OTH FP,4.591,5.062,5.303,5.437,5.543,5.634,5.726,5.789,5.842,5.882,5.926,5.98,6.022,6.051,6.084,6.125,6.155,6.189,6.227,6.251,6.27,6.301,6.325,6.355,6.38,6.404,6.427,6.45,6.48,6.504,6.521,6.54,6.559,6.575,6.604,6.621,6.642,6.667,6.686,6.704,6.722,6.741,6.761,6.784,6.807,6.825,6.844,6.867,6.889,6.908,6.927,6.943,6.964,6.984,7.005,7.026,7.04,7.062,7.077,7.095,7.116,7.132,7.155,7.173,7.193,7.217,7.241,7.26,7.276,7.298,7.32,7.335,7.358,7.387,7.409,7.433,7.454,7.473,7.496,7.524,7.545,7.573,7.607,7.633,7.656,7.687,7.717,7.755,7.781,7.818,7.851,7.897,7.955,8.018,8.074,8.169,8.262,8.338,8.459,8.618,9.225
917,OTH FP,4.591,5.062,5.303,5.437,5.543,5.634,5.726,5.789,5.842,5.882,5.926,5.98,6.022,6.051,6.084,6.125,6.155,6.189,6.227,6.251,6.27,6.301,6.325,6.355,6.38,6.404,6.427,6.45,6.48,6.504,6.521,6.54,6.559,6.575,6.604,6.621,6.642,6.667,6.686,6.704,6.722,6.741,6.761,6.784,6.807,6.825,6.844,6.867,6.889,6.908,6.927,6.943,6.964,6.984,7.005,7.026,7.04,7.062,7.077,7.095,7.116,7.132,7.155,7.173,7.193,7.217,7.241,7.26,7.276,7.298,7.32,7.335,7.358,7.387,7.409,7.433,7.454,7.473,7.496,7.524,7.545,7.573,7.607,7.633,7.656,7.687,7.717,7.755,7.781,7.818,7.851,7.897,7.955,8.018,8.074,8.169,8.262,8.338,8.459,8.618,9.225
918,OTH FP,4.669,5.127,5.366,5.473,5.555,5.634,5.698,5.762,5.828,5.865,5.912,5.952,5.985,6.017,6.044,6.076,6.107,6.133,6.158,6.186,6.206,6.231,6.256,6.289,6.314,6.338,6.363,6.388,6.409,6.431,6.459,6.482,6.503,6.525,6.549,6.568,6.586,6.604,6.619,6.643,6.663,6.687,6.708,6.727,6.743,6.756,6.777,6.791,6.811,6.832,6.85,6.868,6.889,6.915,6.932,6.949,6.968,6.987,7.008,7.028,7.046,7.064,7.079,7.1,7.121,7.143,7.165,7.185,7.205,7.23,7.262,7.289,7.318,7.336,7.361,7.382,7.405,7.427,7.456,7.488,7.513,7.541,7.567,7.593,7.62,7.655,7.687,7.725,7.757,7.789,7.83,7.863,7.923,7.973,8.033,8.124,8.2,8.289,8.412,8.637,9.308
919,OTH FP,4.669,5.127,5.366,5.473,5.555,5.634,5.698,5.762,5.828,5.865,5.912,5.952,5.985,6.017,6.044,6.076,6.107,6.133,6.158,6.186,6.206,6.231,6.256,6.289,6.314,6.338,6.363,6.388,6.409,6.431,6.459,6.482,6.503,6.525,6.549,6.568,6.586,6.604,6.619,6.643,6.663,6.687,6.708,6.727,6.743,6.756,6.777,6.791,6.811,6.832,6.85,6.868,6.889,6.915,6.932,6.949,6.968,6.987,7.008,7.028,7.046,7.064,7.079,7.1,7.121,7.143,7.165,7.185,7.205,7.23,7.262,7.289,7.318,7.336,7.361,7.382,7.405,7.427,7.456,7.488,7.513,7.541,7.567,7.593,7.62,7.655,7.687,7.725,7.757,7.789,7.83,7.863,7.923,7.973,8.033,8.124,8.2,8.289,8.412,8.637,9.308
920,OTH FP,4.824,5.335,5.492,5.584,5.658,5.726,5.777,5.822,5.862,5.899,5.943,5.988,6.023,6.061,6.095,6.13,6.152,6.171,6.198,6.218,6.235,6.263,6.283,6.301,6.318,6.342,6.368,6.388,6.406,6.424,6.446,6.463,6.478,6.494,6.509,6.53,6.549,6.563,6.58,6.597,6.615,6.631,6.646,6.658,6.674,6.686,6.702,6.721,6.739,6.757,6.773,6.793,6.81,6.826,6.841,6.858,6.877,6.895,6.912,6.929,6.949,6.969,6.987,7.005,7.016,7.036,7.05,7.067,7.087,7.106,7.131,7.145,7.174,7.191,7.207,7.221,7.244,7.269,7.291,7.312,7.333,7.363,7.382,7.409,7.439,7.463,7.482,7.517,7.539,7.574,7.608,7.653,7.689,7.736,7.786,7.852,7.908,8.003,8.115,8.328,8.799
921,OTH FP,4.824,5.335,5.492,5.584,5.658,5.726,5.777,5.822,5.862,5.899,5.943,5.988,6.023,6.061,6.095,6.13,6.152,6.171,6.198,6.218,6.235,6.263,6.283,6.301,6.318,6.342,6.368,6.388,6.406,6.424,6.446,6.463,6.478,6.494,6.509,6.53,6.549,6.563,6.58,6.597,6.615,6.631,6.646,6.658,6.674,6.686,6.702,6.721,6.739,6.757,6.773,6.793,6.81,6.826,6.841,6.858,6.877,6.895,6.912,6.929,6.949,6.969,6.987,7.005,7.016,7.036,7.05,7.067,7.087,7.106,7.131,7.145,7.174,7.191,7.207,7.221,7.244,7.269,7.291,7.312,7.333,7.363,7.382,7.409,7.439,7.463,7.482,7.517,7.539,7.574,7.608,7.653,7.689,7.736,7.786,7.852,7.908,8.003,8.115,8.328,8.799
922,OTH FP,4.573,5.065,5.281,5.447,5.558,5.621,5.668,5.72,5.768,5.812,5.871,5.909,5.958,5.998,6.03,6.065,6.095,6.132,6.162,6.188,6.211,6.24,6.261,6.292,6.313,6.336,6.354,6.382,6.403,6.437,6.465,6.483,6.512,6.531,6.551,6.566,6.586,6.607,6.625,6.643,6.665,6.685,6.702,6.72,6.74,6.759,6.778,6.794,6.811,6.832,6.856,6.879,6.897,6.917,6.936,6.958,6.977,6.998,7.017,7.036,7.056,7.077,7.096,7.114,7.133,7.151,7.174,7.198,7.219,7.25,7.275,7.302,7.33,7.361,7.387,7.411,7.439,7.465,7.495,7.522,7.552,7.581,7.607,7.64,7.676,7.71,7.741,7.765,7.795,7.823,7.866,7.918,7.965,8.019,8.09,8.158,8.252,8.373,8.54,8.712,9.331
923,OTH FP,4.573,5.065,5.281,5.447,5.558,5.621,5.668,5.72,5.768,5.812,5.871,5.909,5.958,5.998,6.03,6.065,6.095,6.132,6.162,6.188,6.211,6.24,6.261,6.292,6.313,6.336,6.354,6.382,6.403,6.437,6.465,6.483,6.512,6.531,6.551,6.566,6.586,6.607,6.625,6.643,6.665,6.685,6.702,6.72,6.74,6.759,6.778,6.794,6.811,6.832,6.856,6.879,6.897,6.917,6.936,6.958,6.977,6.998,7.017,7.036,7.056,7.077,7.096,7.114,7.133,7.151,7.174,7.198,7.219,7.25,7.275,7.302,7.33,7.361,7.387,7.411,7.439,7.465,7.495,7.522,7.552,7.581,7.607,7.64,7.676,7.71,7.741,7.765,7.795,7.823,7.866,7.918,7.965,8.019,8.09,8.158,8.252,8.373,8.54,8.712,9.331
924,OTH FP,4.233,5.045,5.269,5.415,5.527,5.612,5.687,5.742,5.822,5.877,5.93,5.971,6.01,6.04,6.067,6.098,6.137,6.178,6.213,6.253,6.283,6.311,6.336,6.361,6.382,6.414,6.433,6.459,6.486,6.516,6.543,6.565,6.588,6.613,6.632,6.657,6.68,6.698,6.722,6.746,6.771,6.787,6.804,6.825,6.849,6.866,6.887,6.905,6.929,6.947,6.966,6.985,7.007,7.03,7.053,7.076,7.098,7.125,7.145,7.168,7.185,7.213,7.235,7.255,7.277,7.297,7.325,7.35,7.37,7.385,7.406,7.429,7.449,7.472,7.505,7.526,7.549,7.579,7.602,7.625,7.652,7.682,7.711,7.739,7.764,7.795,7.823,7.862,7.905,7.95,8.005,8.065,8.127,8.206,8.259,8.354,8.41,8.549,8.683,8.909,9.7
925,OTH FP,4.233,5.045,5.269,5.415,5.527,5.612,5.687,5.742,5.822,5.877,5.93,5.971,6.01,6.04,6.067,6.098,6.137,6.178,6.213,6.253,6.283,6.311,6.336,6.361,6.382,6.414,6.433,6.459,6.486,6.516,6.543,6.565,6.588,6.613,6.632,6.657,6.68,6.698,6.722,6.746,6.771,6.787,6.804,6.825,6.849,6.866,6.887,6.905,6.929,6.947,6.966,6.985,7.007,7.03,7.053,7.076,7.098,7.125,7.145,7.168,7.185,7.213,7.235,7.255,7.277,7.297,7.325,7.35,7.37,7.385,7.406,7.429,7.449,7.472,7.505,7.526,7.549,7.579,7.602,7.625,7.652,7.682,7.711,7.739,7.764,7.795,7.823,7.862,7.905,7.95,8.005,8.065,8.127,8.206,8.259,8.354,8.41,8.549,8.683,8.909,9.7
926,OTH FP,4.595,5.238,5.424,5.543,5.635,5.743,5.83,5.88,5.948,6.002,6.044,6.093,6.139,6.173,6.21,6.249,6.289,6.312,6.349,6.376,6.399,6.424,6.454,6.484,6.514,6.536,6.559,6.584,6.605,6.629,6.662,6.682,6.701,6.719,6.739,6.759,6.782,6.807,6.836,6.858,6.881,6.901,6.919,6.945,6.965,6.985,7.0,7.016,7.035,7.06,7.077,7.089,7.111,7.129,7.147,7.171,7.197,7.214,7.228,7.248,7.267,7.287,7.307,7.327,7.345,7.369,7.389,7.414,7.434,7.451,7.477,7.498,7.525,7.555,7.576,7.602,7.632,7.648,7.673,7.698,7.728,7.754,7.784,7.815,7.84,7.869,7.898,7.932,7.961,8.007,8.043,8.087,8.135,8.175,8.232,8.29,8.381,8.521,8.678,8.879,9.615
927,OTH FP,4.595,5.238,5.424,5.543,5.635,5.743,5.83,5.88,5.948,6.002,6.044,6.093,6.139,6.173,6.21,6.249,6.289,6.312,6.349,6.376,6.399,6.424,6.454,6.484,6.514,6.536,6.559,6.584,6.605,6.629,6.662,6.682,6.701,6.719,6.739,6.759,6.782,6.807,6.836,6.858,6.881,6.901,6.919,6.945,6.965,6.985,7.0,7.016,7.035,7.06,7.077,7.089,7.111,7.129,7.147,7.171,7.197,7.214,7.228,7.248,7.267,7.287,7.307,7.327,7.345,7.369,7.389,7.414,7.434,7.451,7.477,7.498,7.525,7.555,7.576,7.602,7.632,7.648,7.673,7.698,7.728,7.754,7.784,7.815,7.84,7.869,7.898,7.932,7.961,8.007,8.043,8.087,8.135,8.175,8.232,8.29,8.381,8.521,8.678,8.879,9.615
928,OTH FP,4.84,5.452,5.683,5.811,5.921,5.992,6.057,6.099,6.159,6.215,6.278,6.318,6.355,6.39,6.419,6.46,6.49,6.525,6.557,6.585,6.615,6.655,6.68,6.711,6.737,6.76,6.791,6.816,6.838,6.86,6.882,6.902,6.92,6.94,6.954,6.972,6.991,7.018,7.039,7.06,7.077,7.096,7.114,7.13,7.15,7.172,7.19,7.206,7.228,7.253,7.271,7.288,7.308,7.322,7.339,7.362,7.377,7.395,7.414,7.432,7.449,7.467,7.486,7.51,7.529,7.553,7.568,7.593,7.611,7.624,7.648,7.67,7.696,7.723,7.741,7.769,7.793,7.814,7.838,7.865,7.889,7.908,7.93,7.974,7.998,8.042,8.074,8.109,8.148,8.188,8.231,8.279,8.334,8.378,8.449,8.524,8.592,8.693,8.861,9.108,9.677
929,OTH FP,4.84,5.452,5.683,5.811,5.921,5.992,6.057,6.099,6.159,6.215,6.278,6.318,6.355,6.39,6.419,6.46,6.49,6.525,6.557,6.585,6.615,6.655,6.68,6.711,6.737,6.76,6.791,6.816,6.838,6.86,6.882,6.902,6.92,6.94,6.954,6.972,6.991,7.018,7.039,7.06,7.077,7.096,7.114,7.13,7.15,7.172,7.19,7.206,7.228,7.253,7.271,7.288,7.308,7.322,7.339,7.362,7.377,7.395,7.414,7.432,7.449,7.467,7.486,7.51,7.529,7.553,7.568,7.593,7.611,7.624,7.648,7.67,7.696,7.723,7.741,7.769,7.793,7.814,7.838,7.865,7.889,7.908,7.93,7.974,7.998,8.042,8.074,8.109,8.148,8.188,8.231,8.279,8.334,8.378,8.449,8.524,8.592,8.693,8.861,9.108,9.677
930,OTH FP,4.304,5.029,5.297,5.45,5.578,5.684,5.786,5.873,5.964,6.037,6.097,6.146,6.199,6.243,6.293,6.343,6.379,6.425,6.469,6.52,6.556,6.595,6.629,6.665,6.693,6.729,6.767,6.789,6.815,6.841,6.863,6.892,6.927,6.968,6.989,7.015,7.042,7.066,7.095,7.132,7.155,7.183,7.201,7.229,7.256,7.28,7.307,7.332,7.357,7.378,7.397,7.415,7.436,7.461,7.487,7.512,7.532,7.561,7.587,7.614,7.634,7.656,7.684,7.702,7.725,7.76,7.782,7.807,7.838,7.859,7.89,7.923,7.955,7.98,8.007,8.04,8.081,8.113,8.15,8.19,8.222,8.25,8.278,8.32,8.361,8.394,8.444,8.491,8.538,8.59,8.651,8.72,8.776,8.84,8.909,9.018,9.102,9.22,9.423,9.697,10.397
931,OTH FP,4.304,5.029,5.297,5.45,5.578,5.684,5.786,5.873,5.964,6.037,6.097,6.146,6.199,6.243,6.293,6.343,6.379,6.425,6.469,6.52,6.556,6.595,6.629,6.665,6.693,6.729,6.767,6.789,6.815,6.841,6.863,6.892,6.927,6.968,6.989,7.015,7.042,7.066,7.095,7.132,7.155,7.183,7.201,7.229,7.256,7.28,7.307,7.332,7.357,7.378,7.397,7.415,7.436,7.461,7.487,7.512,7.532,7.561,7.587,7.614,7.634,7.656,7.684,7.702,7.725,7.76,7.782,7.807,7.838,7.859,7.89,7.923,7.955,7.98,8.007,8.04,8.081,8.113,8.15,8.19,8.222,8.25,8.278,8.32,8.361,8.394,8.444,8.491,8.538,8.59,8.651,8.72,8.776,8.84,8.909,9.018,9.102,9.22,9.423,9.697,10.397
932,OTH FP,4.379,5.136,5.448,5.598,5.74,5.866,5.951,6.037,6.094,6.17,6.218,6.263,6.316,6.346,6.388,6.428,6.483,6.528,6.58,6.62,6.648,6.686,6.722,6.763,6.793,6.825,6.855,6.873,6.913,6.937,6.969,6.99,7.022,7.055,7.079,7.108,7.14,7.17,7.197,7.226,7.244,7.267,7.295,7.317,7.341,7.365,7.382,7.402,7.425,7.451,7.481,7.515,7.551,7.574,7.598,7.616,7.641,7.667,7.704,7.737,7.765,7.792,7.815,7.845,7.87,7.9,7.924,7.956,7.98,8.009,8.03,8.056,8.088,8.124,8.153,8.18,8.21,8.243,8.276,8.304,8.339,8.378,8.412,8.462,8.493,8.542,8.589,8.625,8.667,8.716,8.764,8.82,8.877,8.947,9.013,9.108,9.225,9.36,9.512,9.779,10.646
933,OTH FP,4.379,5.136,5.448,5.598,5.74,5.866,5.951,6.037,6.094,6.17,6.218,6.263,6.316,6.346,6.388,6.428,6.483,6.528,6.58,6.62,6.648,6.686,6.722,6.763,6.793,6.825,6.855,6.873,6.913,6.937,6.969,6.99,7.022,7.055,7.079,7.108,7.14,7.17,7.197,7.226,7.244,7.267,7.295,7.317,7.341,7.365,7.382,7.402,7.425,7.451,7.481,7.515,7.551,7.574,7.598,7.616,7.641,7.667,7.704,7.737,7.765,7.792,7.815,7.845,7.87,7.9,7.924,7.956,7.98,8.009,8.03,8.056,8.088,8.124,8.153,8.18,8.21,8.243,8.276,8.304,8.339,8.378,8.412,8.462,8.493,8.542,8.589,8.625,8.667,8.716,8.764,8.82,8.877,8.947,9.013,9.108,9.225,9.36,9.512,9.779,10.646
934,OTH FP,5.343,6.02,6.203,6.314,6.421,6.486,6.552,6.599,6.642,6.678,6.714,6.756,6.792,6.826,6.856,6.884,6.91,6.942,6.971,6.995,7.02,7.047,7.07,7.09,7.109,7.132,7.154,7.178,7.197,7.213,7.236,7.263,7.286,7.299,7.321,7.342,7.36,7.379,7.396,7.417,7.44,7.457,7.481,7.499,7.518,7.53,7.547,7.56,7.572,7.584,7.604,7.624,7.648,7.664,7.682,7.697,7.712,7.724,7.746,7.766,7.788,7.804,7.82,7.836,7.867,7.894,7.909,7.923,7.945,7.965,7.985,8.007,8.024,8.044,8.068,8.086,8.112,8.13,8.148,8.17,8.195,8.222,8.24,8.267,8.3,8.324,8.353,8.391,8.423,8.467,8.514,8.561,8.613,8.655,8.703,8.773,8.843,8.921,9.028,9.205,9.675
935,OTH FP,5.343,6.02,6.203,6.314,6.421,6.486,6.552,6.599,6.642,6.678,6.714,6.756,6.792,6.826,6.856,6.884,6.91,6.942,6.971,6.995,7.02,7.047,7.07,7.09,7.109,7.132,7.154,7.178,7.197,7.213,7.236,7.263,7.286,7.299,7.321,7.342,7.36,7.379,7.396,7.417,7.44,7.457,7.481,7.499,7.518,7.53,7.547,7.56,7.572,7.584,7.604,7.624,7.648,7.664,7.682,7.697,7.712,7.724,7.746,7.766,7.788,7.804,7.82,7.836,7.867,7.894,7.909,7.923,7.945,7.965,7.985,8.007,8.024,8.044,8.068,8.086,8.112,8.13,8.148,8.17,8.195,8.222,8.24,8.267,8.3,8.324,8.353,8.391,8.423,8.467,8.514,8.561,8.613,8.655,8.703,8.773,8.843,8.921,9.028,9.205,9.675
936,OTH FP,5.315,5.834,6.034,6.173,6.285,6.381,6.443,6.517,6.572,6.616,6.666,6.713,6.757,6.795,6.837,6.869,6.896,6.924,6.951,6.981,7.004,7.046,7.07,7.096,7.125,7.153,7.175,7.198,7.223,7.246,7.269,7.29,7.317,7.334,7.353,7.371,7.392,7.414,7.43,7.448,7.472,7.495,7.516,7.539,7.558,7.58,7.597,7.617,7.638,7.654,7.676,7.695,7.717,7.738,7.762,7.779,7.796,7.811,7.829,7.852,7.872,7.901,7.918,7.944,7.977,7.999,8.021,8.046,8.075,8.091,8.114,8.136,8.162,8.183,8.208,8.236,8.261,8.282,8.309,8.342,8.367,8.395,8.424,8.449,8.482,8.516,8.56,8.598,8.646,8.701,8.75,8.79,8.845,8.91,8.975,9.06,9.149,9.296,9.459,9.722,10.206
937,OTH FP,5.315,5.834,6.034,6.173,6.285,6.381,6.443,6.517,6.572,6.616,6.666,6.713,6.757,6.795,6.837,6.869,6.896,6.924,6.951,6.981,7.004,7.046,7.07,7.096,7.125,7.153,7.175,7.198,7.223,7.246,7.269,7.29,7.317,7.334,7.353,7.371,7.392,7.414,7.43,7.448,7.472,7.495,7.516,7.539,7.558,7.58,7.597,7.617,7.638,7.654,7.676,7.695,7.717,7.738,7.762,7.779,7.796,7.811,7.829,7.852,7.872,7.901,7.918,7.944,7.977,7.999,8.021,8.046,8.075,8.091,8.114,8.136,8.162,8.183,8.208,8.236,8.261,8.282,8.309,8.342,8.367,8.395,8.424,8.449,8.482,8.516,8.56,8.598,8.646,8.701,8.75,8.79,8.845,8.91,8.975,9.06,9.149,9.296,9.459,9.722,10.206
938,OTH FP,5.246,5.859,6.078,6.245,6.369,6.473,6.545,6.619,6.694,6.761,6.827,6.886,6.941,6.985,7.025,7.07,7.114,7.143,7.177,7.211,7.246,7.274,7.305,7.336,7.363,7.384,7.412,7.445,7.473,7.502,7.528,7.551,7.572,7.596,7.618,7.64,7.667,7.699,7.723,7.746,7.775,7.797,7.822,7.849,7.871,7.893,7.914,7.939,7.958,7.98,8.012,8.034,8.055,8.076,8.1,8.126,8.151,8.171,8.19,8.221,8.249,8.274,8.3,8.324,8.348,8.376,8.4,8.423,8.452,8.478,8.509,8.536,8.565,8.584,8.618,8.647,8.677,8.712,8.749,8.778,8.813,8.849,8.882,8.917,8.961,8.998,9.036,9.075,9.119,9.178,9.239,9.293,9.354,9.427,9.527,9.642,9.772,9.927,10.088,10.391,11.284
939,OTH FP,5.246,5.859,6.078,6.245,6.369,6.473,6.545,6.619,6.694,6.761,6.827,6.886,6.941,6.985,7.025,7.07,7.114,7.143,7.177,7.211,7.246,7.274,7.305,7.336,7.363,7.384,7.412,7.445,7.473,7.502,7.528,7.551,7.572,7.596,7.618,7.64,7.667,7.699,7.723,7.746,7.775,7.797,7.822,7.849,7.871,7.893,7.914,7.939,7.958,7.98,8.012,8.034,8.055,8.076,8.1,8.126,8.151,8.171,8.19,8.221,8.249,8.274,8.3,8.324,8.348,8.376,8.4,8.423,8.452,8.478,8.509,8.536,8.565,8.584,8.618,8.647,8.677,8.712,8.749,8.778,8.813,8.849,8.882,8.917,8.961,8.998,9.036,9.075,9.119,9.178,9.239,9.293,9.354,9.427,9.527,9.642,9.772,9.927,10.088,10.391,11.284
