Start date day,Month,Year
01,04,2005
Day,Party,0%,1%,2%,3%,4%,5%,6%,7%,8%,9%,10%,11%,12%,13%,14%,15%,16%,17%,18%,19%,20%,21%,22%,23%,24%,25%,26%,27%,28%,29%,30%,31%,32%,33%,34%,35%,36%,37%,38%,39%,40%,41%,42%,43%,44%,45%,46%,47%,48%,49%,50%,51%,52%,53%,54%,55%,56%,57%,58%,59%,60%,61%,62%,63%,64%,65%,66%,67%,68%,69%,70%,71%,72%,73%,74%,75%,76%,77%,78%,79%,80%,81%,82%,83%,84%,85%,86%,87%,88%,89%,90%,91%,92%,93%,94%,95%,96%,97%,98%,99%,100%
0,OTH FP,5.329,6.406,6.715,6.947,7.11,7.232,7.372,7.459,7.555,7.641,7.724,7.797,7.85,7.906,7.963,8.013,8.056,8.115,8.166,8.214,8.262,8.298,8.349,8.394,8.439,8.479,8.513,8.55,8.583,8.624,8.655,8.685,8.716,8.756,8.794,8.831,8.868,8.891,8.92,8.955,8.994,9.028,9.061,9.089,9.119,9.148,9.179,9.217,9.249,9.295,9.33,9.369,9.395,9.417,9.452,9.483,9.508,9.537,9.57,9.596,9.622,9.651,9.687,9.725,9.761,9.791,9.824,9.859,9.891,9.924,9.959,9.995,10.024,10.065,10.097,10.144,10.174,10.222,10.262,10.299,10.344,10.395,10.444,10.487,10.536,10.57,10.629,10.68,10.764,10.821,10.906,10.984,11.065,11.175,11.253,11.383,11.502,11.659,11.883,12.296,13.421
1,OTH FP,5.329,6.406,6.715,6.947,7.11,7.232,7.372,7.459,7.555,7.641,7.724,7.797,7.85,7.906,7.963,8.013,8.056,8.115,8.166,8.214,8.262,8.298,8.349,8.394,8.439,8.479,8.513,8.55,8.583,8.624,8.655,8.685,8.716,8.756,8.794,8.831,8.868,8.891,8.92,8.955,8.994,9.028,9.061,9.089,9.119,9.148,9.179,9.217,9.249,9.295,9.33,9.369,9.395,9.417,9.452,9.483,9.508,9.537,9.57,9.596,9.622,9.651,9.687,9.725,9.761,9.791,9.824,9.859,9.891,9.924,9.959,9.995,10.024,10.065,10.097,10.144,10.174,10.222,10.262,10.299,10.344,10.395,10.444,10.487,10.536,10.57,10.629,10.68,10.764,10.821,10.906,10.984,11.065,11.175,11.253,11.383,11.502,11.659,11.883,12.296,13.421
2,OTH FP,5.314,6.336,6.673,6.912,7.087,7.2,7.317,7.422,7.488,7.562,7.657,7.732,7.792,7.861,7.924,7.966,8.027,8.072,8.12,8.162,8.213,8.256,8.299,8.346,8.394,8.436,8.488,8.531,8.572,8.597,8.623,8.652,8.683,8.709,8.752,8.78,8.81,8.835,8.866,8.894,8.92,8.951,8.978,9.014,9.054,9.09,9.117,9.155,9.18,9.221,9.256,9.291,9.323,9.353,9.386,9.424,9.446,9.473,9.499,9.531,9.562,9.593,9.624,9.657,9.699,9.739,9.776,9.808,9.836,9.872,9.903,9.938,9.982,10.014,10.048,10.092,10.137,10.173,10.215,10.261,10.312,10.355,10.398,10.445,10.489,10.557,10.608,10.657,10.715,10.8,10.873,10.943,11.014,11.108,11.215,11.32,11.464,11.626,11.926,12.215,13.357
3,OTH FP,5.314,6.336,6.673,6.912,7.087,7.2,7.317,7.422,7.488,7.562,7.657,7.732,7.792,7.861,7.924,7.966,8.027,8.072,8.12,8.162,8.213,8.256,8.299,8.346,8.394,8.436,8.488,8.531,8.572,8.597,8.623,8.652,8.683,8.709,8.752,8.78,8.81,8.835,8.866,8.894,8.92,8.951,8.978,9.014,9.054,9.09,9.117,9.155,9.18,9.221,9.256,9.291,9.323,9.353,9.386,9.424,9.446,9.473,9.499,9.531,9.562,9.593,9.624,9.657,9.699,9.739,9.776,9.808,9.836,9.872,9.903,9.938,9.982,10.014,10.048,10.092,10.137,10.173,10.215,10.261,10.312,10.355,10.398,10.445,10.489,10.557,10.608,10.657,10.715,10.8,10.873,10.943,11.014,11.108,11.215,11.32,11.464,11.626,11.926,12.215,13.357
4,OTH FP,5.113,6.218,6.576,6.819,6.996,7.151,7.248,7.368,7.454,7.528,7.62,7.688,7.762,7.843,7.922,7.988,8.035,8.083,8.133,8.192,8.233,8.268,8.301,8.343,8.382,8.422,8.461,8.496,8.526,8.551,8.576,8.632,8.667,8.693,8.727,8.755,8.79,8.818,8.858,8.9,8.936,8.963,8.99,9.02,9.047,9.083,9.119,9.149,9.174,9.209,9.238,9.264,9.297,9.331,9.368,9.402,9.436,9.47,9.495,9.531,9.563,9.593,9.629,9.652,9.693,9.724,9.766,9.798,9.823,9.865,9.903,9.944,9.978,10.024,10.063,10.104,10.137,10.175,10.214,10.267,10.308,10.351,10.388,10.446,10.493,10.552,10.619,10.676,10.72,10.798,10.894,10.956,11.022,11.096,11.222,11.334,11.505,11.654,11.909,12.256,13.481
5,OTH FP,5.113,6.218,6.576,6.819,6.996,7.151,7.248,7.368,7.454,7.528,7.62,7.688,7.762,7.843,7.922,7.988,8.035,8.083,8.133,8.192,8.233,8.268,8.301,8.343,8.382,8.422,8.461,8.496,8.526,8.551,8.576,8.632,8.667,8.693,8.727,8.755,8.79,8.818,8.858,8.9,8.936,8.963,8.99,9.02,9.047,9.083,9.119,9.149,9.174,9.209,9.238,9.264,9.297,9.331,9.368,9.402,9.436,9.47,9.495,9.531,9.563,9.593,9.629,9.652,9.693,9.724,9.766,9.798,9.823,9.865,9.903,9.944,9.978,10.024,10.063,10.104,10.137,10.175,10.214,10.267,10.308,10.351,10.388,10.446,10.493,10.552,10.619,10.676,10.72,10.798,10.894,10.956,11.022,11.096,11.222,11.334,11.505,11.654,11.909,12.256,13.481
6,OTH FP,5.061,6.222,6.584,6.805,6.968,7.106,7.219,7.304,7.398,7.48,7.569,7.651,7.718,7.784,7.843,7.91,7.967,8.019,8.074,8.125,8.163,8.212,8.251,8.288,8.335,8.376,8.416,8.446,8.482,8.517,8.554,8.599,8.637,8.664,8.697,8.736,8.772,8.799,8.849,8.882,8.91,8.95,8.984,9.009,9.034,9.057,9.099,9.13,9.16,9.199,9.226,9.254,9.273,9.307,9.342,9.379,9.409,9.443,9.474,9.509,9.541,9.578,9.61,9.641,9.674,9.712,9.741,9.784,9.816,9.859,9.895,9.93,9.965,9.992,10.038,10.073,10.117,10.159,10.205,10.248,10.295,10.338,10.378,10.441,10.494,10.546,10.597,10.663,10.719,10.772,10.856,10.926,11.008,11.095,11.209,11.309,11.458,11.647,11.873,12.199,13.343
7,OTH FP,5.061,6.222,6.584,6.805,6.968,7.106,7.219,7.304,7.398,7.48,7.569,7.651,7.718,7.784,7.843,7.91,7.967,8.019,8.074,8.125,8.163,8.212,8.251,8.288,8.335,8.376,8.416,8.446,8.482,8.517,8.554,8.599,8.637,8.664,8.697,8.736,8.772,8.799,8.849,8.882,8.91,8.95,8.984,9.009,9.034,9.057,9.099,9.13,9.16,9.199,9.226,9.254,9.273,9.307,9.342,9.379,9.409,9.443,9.474,9.509,9.541,9.578,9.61,9.641,9.674,9.712,9.741,9.784,9.816,9.859,9.895,9.93,9.965,9.992,10.038,10.073,10.117,10.159,10.205,10.248,10.295,10.338,10.378,10.441,10.494,10.546,10.597,10.663,10.719,10.772,10.856,10.926,11.008,11.095,11.209,11.309,11.458,11.647,11.873,12.199,13.343
8,OTH FP,5.072,6.037,6.475,6.685,6.904,7.05,7.187,7.286,7.373,7.448,7.531,7.612,7.688,7.75,7.825,7.878,7.933,7.989,8.043,8.091,8.133,8.181,8.221,8.263,8.301,8.345,8.387,8.42,8.457,8.493,8.544,8.575,8.614,8.655,8.686,8.718,8.745,8.772,8.811,8.841,8.881,8.911,8.953,8.986,9.018,9.042,9.078,9.107,9.139,9.17,9.206,9.243,9.277,9.312,9.336,9.363,9.404,9.435,9.461,9.492,9.524,9.552,9.585,9.62,9.652,9.686,9.726,9.765,9.8,9.832,9.873,9.906,9.942,9.992,10.02,10.061,10.105,10.149,10.18,10.236,10.278,10.329,10.375,10.431,10.471,10.533,10.585,10.658,10.718,10.78,10.849,10.937,11.016,11.102,11.186,11.321,11.449,11.64,11.895,12.304,13.299
9,OTH FP,5.072,6.037,6.475,6.685,6.904,7.05,7.187,7.286,7.373,7.448,7.531,7.612,7.688,7.75,7.825,7.878,7.933,7.989,8.043,8.091,8.133,8.181,8.221,8.263,8.301,8.345,8.387,8.42,8.457,8.493,8.544,8.575,8.614,8.655,8.686,8.718,8.745,8.772,8.811,8.841,8.881,8.911,8.953,8.986,9.018,9.042,9.078,9.107,9.139,9.17,9.206,9.243,9.277,9.312,9.336,9.363,9.404,9.435,9.461,9.492,9.524,9.552,9.585,9.62,9.652,9.686,9.726,9.765,9.8,9.832,9.873,9.906,9.942,9.992,10.02,10.061,10.105,10.149,10.18,10.236,10.278,10.329,10.375,10.431,10.471,10.533,10.585,10.658,10.718,10.78,10.849,10.937,11.016,11.102,11.186,11.321,11.449,11.64,11.895,12.304,13.299
10,OTH FP,4.788,6.031,6.454,6.697,6.906,7.059,7.171,7.254,7.34,7.434,7.51,7.597,7.654,7.727,7.784,7.847,7.893,7.937,7.997,8.047,8.095,8.131,8.179,8.226,8.266,8.315,8.361,8.408,8.452,8.493,8.521,8.556,8.588,8.627,8.661,8.686,8.717,8.742,8.775,8.813,8.845,8.875,8.912,8.952,8.986,9.023,9.049,9.08,9.125,9.157,9.185,9.219,9.248,9.291,9.313,9.348,9.387,9.419,9.458,9.502,9.539,9.568,9.587,9.619,9.652,9.677,9.716,9.751,9.782,9.823,9.861,9.894,9.93,9.972,10.004,10.042,10.085,10.132,10.165,10.232,10.275,10.322,10.375,10.432,10.469,10.541,10.611,10.659,10.717,10.766,10.822,10.891,10.964,11.047,11.172,11.336,11.445,11.662,11.846,12.224,13.649
11,OTH FP,4.788,6.031,6.454,6.697,6.906,7.059,7.171,7.254,7.34,7.434,7.51,7.597,7.654,7.727,7.784,7.847,7.893,7.937,7.997,8.047,8.095,8.131,8.179,8.226,8.266,8.315,8.361,8.408,8.452,8.493,8.521,8.556,8.588,8.627,8.661,8.686,8.717,8.742,8.775,8.813,8.845,8.875,8.912,8.952,8.986,9.023,9.049,9.08,9.125,9.157,9.185,9.219,9.248,9.291,9.313,9.348,9.387,9.419,9.458,9.502,9.539,9.568,9.587,9.619,9.652,9.677,9.716,9.751,9.782,9.823,9.861,9.894,9.93,9.972,10.004,10.042,10.085,10.132,10.165,10.232,10.275,10.322,10.375,10.432,10.469,10.541,10.611,10.659,10.717,10.766,10.822,10.891,10.964,11.047,11.172,11.336,11.445,11.662,11.846,12.224,13.649
12,OTH FP,4.923,6.128,6.45,6.687,6.856,6.999,7.115,7.232,7.324,7.406,7.473,7.552,7.602,7.686,7.758,7.804,7.867,7.924,7.986,8.042,8.087,8.125,8.172,8.22,8.251,8.294,8.346,8.379,8.419,8.454,8.486,8.528,8.568,8.6,8.633,8.673,8.712,8.749,8.785,8.818,8.852,8.89,8.914,8.951,8.988,9.024,9.058,9.092,9.126,9.162,9.187,9.215,9.249,9.281,9.311,9.338,9.372,9.41,9.444,9.474,9.51,9.54,9.573,9.609,9.646,9.683,9.706,9.747,9.775,9.803,9.849,9.886,9.92,9.951,9.98,10.018,10.058,10.12,10.166,10.204,10.252,10.305,10.342,10.396,10.47,10.537,10.609,10.666,10.71,10.773,10.841,10.899,11.002,11.095,11.186,11.304,11.454,11.665,11.913,12.295,13.586
13,OTH FP,4.923,6.128,6.45,6.687,6.856,6.999,7.115,7.232,7.324,7.406,7.473,7.552,7.602,7.686,7.758,7.804,7.867,7.924,7.986,8.042,8.087,8.125,8.172,8.22,8.251,8.294,8.346,8.379,8.419,8.454,8.486,8.528,8.568,8.6,8.633,8.673,8.712,8.749,8.785,8.818,8.852,8.89,8.914,8.951,8.988,9.024,9.058,9.092,9.126,9.162,9.187,9.215,9.249,9.281,9.311,9.338,9.372,9.41,9.444,9.474,9.51,9.54,9.573,9.609,9.646,9.683,9.706,9.747,9.775,9.803,9.849,9.886,9.92,9.951,9.98,10.018,10.058,10.12,10.166,10.204,10.252,10.305,10.342,10.396,10.47,10.537,10.609,10.666,10.71,10.773,10.841,10.899,11.002,11.095,11.186,11.304,11.454,11.665,11.913,12.295,13.586
14,OTH FP,4.676,5.945,6.403,6.647,6.805,6.943,7.064,7.158,7.283,7.357,7.431,7.49,7.589,7.641,7.716,7.789,7.846,7.912,7.973,8.027,8.071,8.127,8.16,8.204,8.247,8.285,8.327,8.372,8.399,8.436,8.47,8.501,8.543,8.577,8.607,8.649,8.679,8.712,8.752,8.792,8.83,8.872,8.907,8.949,8.975,9.006,9.041,9.072,9.1,9.131,9.165,9.19,9.222,9.252,9.285,9.316,9.349,9.383,9.412,9.449,9.475,9.504,9.54,9.57,9.607,9.64,9.681,9.717,9.749,9.781,9.814,9.857,9.903,9.936,9.979,10.033,10.086,10.129,10.171,10.223,10.27,10.319,10.364,10.401,10.455,10.516,10.577,10.622,10.697,10.768,10.845,10.939,11.018,11.104,11.199,11.327,11.444,11.672,11.883,12.207,13.208
15,OTH FP,4.676,5.945,6.403,6.647,6.805,6.943,7.064,7.158,7.283,7.357,7.431,7.49,7.589,7.641,7.716,7.789,7.846,7.912,7.973,8.027,8.071,8.127,8.16,8.204,8.247,8.285,8.327,8.372,8.399,8.436,8.47,8.501,8.543,8.577,8.607,8.649,8.679,8.712,8.752,8.792,8.83,8.872,8.907,8.949,8.975,9.006,9.041,9.072,9.1,9.131,9.165,9.19,9.222,9.252,9.285,9.316,9.349,9.383,9.412,9.449,9.475,9.504,9.54,9.57,9.607,9.64,9.681,9.717,9.749,9.781,9.814,9.857,9.903,9.936,9.979,10.033,10.086,10.129,10.171,10.223,10.27,10.319,10.364,10.401,10.455,10.516,10.577,10.622,10.697,10.768,10.845,10.939,11.018,11.104,11.199,11.327,11.444,11.672,11.883,12.207,13.208
16,OTH FP,4.718,6.056,6.395,6.641,6.765,6.922,7.042,7.147,7.233,7.335,7.409,7.479,7.553,7.621,7.688,7.74,7.8,7.863,7.911,7.973,8.008,8.058,8.115,8.163,8.211,8.261,8.291,8.33,8.365,8.406,8.446,8.491,8.528,8.569,8.607,8.638,8.663,8.699,8.733,8.764,8.793,8.829,8.864,8.895,8.928,8.966,8.999,9.024,9.057,9.082,9.114,9.142,9.172,9.193,9.237,9.267,9.303,9.34,9.375,9.403,9.434,9.474,9.507,9.549,9.591,9.63,9.659,9.69,9.727,9.765,9.807,9.846,9.884,9.922,9.964,10.008,10.057,10.105,10.145,10.201,10.237,10.275,10.335,10.377,10.438,10.487,10.555,10.617,10.678,10.745,10.821,10.89,10.97,11.072,11.182,11.318,11.461,11.643,11.887,12.224,13.18
17,OTH FP,4.718,6.056,6.395,6.641,6.765,6.922,7.042,7.147,7.233,7.335,7.409,7.479,7.553,7.621,7.688,7.74,7.8,7.863,7.911,7.973,8.008,8.058,8.115,8.163,8.211,8.261,8.291,8.33,8.365,8.406,8.446,8.491,8.528,8.569,8.607,8.638,8.663,8.699,8.733,8.764,8.793,8.829,8.864,8.895,8.928,8.966,8.999,9.024,9.057,9.082,9.114,9.142,9.172,9.193,9.237,9.267,9.303,9.34,9.375,9.403,9.434,9.474,9.507,9.549,9.591,9.63,9.659,9.69,9.727,9.765,9.807,9.846,9.884,9.922,9.964,10.008,10.057,10.105,10.145,10.201,10.237,10.275,10.335,10.377,10.438,10.487,10.555,10.617,10.678,10.745,10.821,10.89,10.97,11.072,11.182,11.318,11.461,11.643,11.887,12.224,13.18
18,OTH FP,4.493,6.098,6.374,6.591,6.772,6.927,7.054,7.168,7.264,7.356,7.409,7.473,7.517,7.587,7.647,7.708,7.777,7.83,7.881,7.929,7.976,8.037,8.09,8.131,8.172,8.209,8.248,8.288,8.334,8.375,8.425,8.456,8.486,8.519,8.564,8.607,8.635,8.668,8.702,8.731,8.76,8.786,8.823,8.855,8.889,8.923,8.967,9.002,9.041,9.078,9.106,9.136,9.17,9.201,9.225,9.262,9.291,9.324,9.37,9.414,9.443,9.472,9.515,9.551,9.576,9.613,9.651,9.69,9.734,9.769,9.807,9.85,9.893,9.929,9.964,10.01,10.066,10.098,10.144,10.193,10.233,10.281,10.32,10.373,10.441,10.489,10.54,10.599,10.656,10.728,10.786,10.859,10.935,11.065,11.163,11.274,11.386,11.585,11.851,12.236,13.264
19,OTH FP,4.493,6.098,6.374,6.591,6.772,6.927,7.054,7.168,7.264,7.356,7.409,7.473,7.517,7.587,7.647,7.708,7.777,7.83,7.881,7.929,7.976,8.037,8.09,8.131,8.172,8.209,8.248,8.288,8.334,8.375,8.425,8.456,8.486,8.519,8.564,8.607,8.635,8.668,8.702,8.731,8.76,8.786,8.823,8.855,8.889,8.923,8.967,9.002,9.041,9.078,9.106,9.136,9.17,9.201,9.225,9.262,9.291,9.324,9.37,9.414,9.443,9.472,9.515,9.551,9.576,9.613,9.651,9.69,9.734,9.769,9.807,9.85,9.893,9.929,9.964,10.01,10.066,10.098,10.144,10.193,10.233,10.281,10.32,10.373,10.441,10.489,10.54,10.599,10.656,10.728,10.786,10.859,10.935,11.065,11.163,11.274,11.386,11.585,11.851,12.236,13.264
20,OTH FP,4.451,5.891,6.372,6.597,6.749,6.896,7.017,7.152,7.225,7.304,7.375,7.441,7.502,7.576,7.653,7.702,7.75,7.796,7.864,7.907,7.954,8.001,8.048,8.076,8.128,8.165,8.209,8.256,8.296,8.339,8.386,8.428,8.459,8.5,8.539,8.569,8.608,8.632,8.671,8.707,8.738,8.777,8.815,8.838,8.865,8.894,8.922,8.954,8.988,9.018,9.048,9.081,9.112,9.152,9.185,9.214,9.251,9.291,9.323,9.362,9.405,9.441,9.478,9.507,9.544,9.595,9.63,9.664,9.696,9.752,9.791,9.827,9.867,9.908,9.951,9.997,10.034,10.085,10.134,10.183,10.233,10.27,10.328,10.364,10.424,10.465,10.53,10.586,10.638,10.693,10.768,10.84,10.93,11.039,11.18,11.281,11.427,11.587,11.806,12.1,13.295
21,OTH FP,4.451,5.891,6.372,6.597,6.749,6.896,7.017,7.152,7.225,7.304,7.375,7.441,7.502,7.576,7.653,7.702,7.75,7.796,7.864,7.907,7.954,8.001,8.048,8.076,8.128,8.165,8.209,8.256,8.296,8.339,8.386,8.428,8.459,8.5,8.539,8.569,8.608,8.632,8.671,8.707,8.738,8.777,8.815,8.838,8.865,8.894,8.922,8.954,8.988,9.018,9.048,9.081,9.112,9.152,9.185,9.214,9.251,9.291,9.323,9.362,9.405,9.441,9.478,9.507,9.544,9.595,9.63,9.664,9.696,9.752,9.791,9.827,9.867,9.908,9.951,9.997,10.034,10.085,10.134,10.183,10.233,10.27,10.328,10.364,10.424,10.465,10.53,10.586,10.638,10.693,10.768,10.84,10.93,11.039,11.18,11.281,11.427,11.587,11.806,12.1,13.295
22,OTH FP,4.688,5.887,6.255,6.554,6.778,6.915,7.046,7.119,7.214,7.312,7.388,7.455,7.528,7.597,7.641,7.691,7.731,7.804,7.866,7.911,7.952,7.984,8.037,8.082,8.11,8.145,8.183,8.228,8.27,8.306,8.353,8.388,8.428,8.475,8.513,8.56,8.603,8.635,8.663,8.689,8.726,8.755,8.785,8.813,8.847,8.884,8.914,8.952,8.994,9.023,9.056,9.092,9.123,9.161,9.19,9.227,9.248,9.285,9.319,9.357,9.389,9.425,9.453,9.487,9.519,9.573,9.609,9.66,9.693,9.74,9.762,9.793,9.846,9.887,9.925,9.961,10.013,10.061,10.112,10.175,10.227,10.273,10.32,10.365,10.412,10.475,10.526,10.598,10.665,10.729,10.79,10.852,10.922,11.012,11.122,11.278,11.416,11.586,11.76,12.048,13.144
23,OTH FP,4.688,5.887,6.255,6.554,6.778,6.915,7.046,7.119,7.214,7.312,7.388,7.455,7.528,7.597,7.641,7.691,7.731,7.804,7.866,7.911,7.952,7.984,8.037,8.082,8.11,8.145,8.183,8.228,8.27,8.306,8.353,8.388,8.428,8.475,8.513,8.56,8.603,8.635,8.663,8.689,8.726,8.755,8.785,8.813,8.847,8.884,8.914,8.952,8.994,9.023,9.056,9.092,9.123,9.161,9.19,9.227,9.248,9.285,9.319,9.357,9.389,9.425,9.453,9.487,9.519,9.573,9.609,9.66,9.693,9.74,9.762,9.793,9.846,9.887,9.925,9.961,10.013,10.061,10.112,10.175,10.227,10.273,10.32,10.365,10.412,10.475,10.526,10.598,10.665,10.729,10.79,10.852,10.922,11.012,11.122,11.278,11.416,11.586,11.76,12.048,13.144
24,OTH FP,4.771,5.969,6.325,6.591,6.772,6.888,7.029,7.133,7.222,7.319,7.395,7.457,7.505,7.581,7.624,7.69,7.73,7.783,7.839,7.892,7.933,7.975,8.023,8.061,8.108,8.154,8.198,8.231,8.277,8.315,8.349,8.387,8.42,8.457,8.504,8.544,8.583,8.617,8.645,8.683,8.716,8.749,8.779,8.826,8.861,8.888,8.922,8.947,8.976,9.0,9.039,9.072,9.102,9.138,9.165,9.203,9.237,9.271,9.307,9.339,9.377,9.416,9.442,9.471,9.507,9.545,9.584,9.625,9.66,9.702,9.736,9.778,9.823,9.86,9.892,9.94,9.988,10.021,10.068,10.121,10.169,10.225,10.272,10.33,10.381,10.444,10.489,10.553,10.625,10.681,10.768,10.858,10.953,11.033,11.135,11.277,11.409,11.539,11.706,12.041,13.336
25,OTH FP,4.771,5.969,6.325,6.591,6.772,6.888,7.029,7.133,7.222,7.319,7.395,7.457,7.505,7.581,7.624,7.69,7.73,7.783,7.839,7.892,7.933,7.975,8.023,8.061,8.108,8.154,8.198,8.231,8.277,8.315,8.349,8.387,8.42,8.457,8.504,8.544,8.583,8.617,8.645,8.683,8.716,8.749,8.779,8.826,8.861,8.888,8.922,8.947,8.976,9.0,9.039,9.072,9.102,9.138,9.165,9.203,9.237,9.271,9.307,9.339,9.377,9.416,9.442,9.471,9.507,9.545,9.584,9.625,9.66,9.702,9.736,9.778,9.823,9.86,9.892,9.94,9.988,10.021,10.068,10.121,10.169,10.225,10.272,10.33,10.381,10.444,10.489,10.553,10.625,10.681,10.768,10.858,10.953,11.033,11.135,11.277,11.409,11.539,11.706,12.041,13.336
26,OTH FP,4.687,6.035,6.372,6.653,6.793,6.923,7.037,7.133,7.232,7.306,7.368,7.43,7.496,7.576,7.622,7.681,7.713,7.758,7.8,7.844,7.885,7.933,7.985,8.03,8.07,8.128,8.173,8.211,8.252,8.288,8.332,8.369,8.406,8.437,8.472,8.515,8.544,8.581,8.619,8.658,8.689,8.722,8.755,8.795,8.822,8.859,8.892,8.923,8.962,8.991,9.021,9.064,9.097,9.125,9.167,9.2,9.221,9.256,9.282,9.316,9.36,9.395,9.432,9.467,9.498,9.544,9.575,9.613,9.645,9.689,9.722,9.761,9.792,9.834,9.868,9.921,9.959,9.994,10.046,10.09,10.131,10.178,10.232,10.287,10.348,10.403,10.474,10.541,10.622,10.686,10.752,10.824,10.9,11.005,11.091,11.228,11.353,11.547,11.716,12.031,13.139
27,OTH FP,4.687,6.035,6.372,6.653,6.793,6.923,7.037,7.133,7.232,7.306,7.368,7.43,7.496,7.576,7.622,7.681,7.713,7.758,7.8,7.844,7.885,7.933,7.985,8.03,8.07,8.128,8.173,8.211,8.252,8.288,8.332,8.369,8.406,8.437,8.472,8.515,8.544,8.581,8.619,8.658,8.689,8.722,8.755,8.795,8.822,8.859,8.892,8.923,8.962,8.991,9.021,9.064,9.097,9.125,9.167,9.2,9.221,9.256,9.282,9.316,9.36,9.395,9.432,9.467,9.498,9.544,9.575,9.613,9.645,9.689,9.722,9.761,9.792,9.834,9.868,9.921,9.959,9.994,10.046,10.09,10.131,10.178,10.232,10.287,10.348,10.403,10.474,10.541,10.622,10.686,10.752,10.824,10.9,11.005,11.091,11.228,11.353,11.547,11.716,12.031,13.139
28,OTH FP,4.745,5.992,6.34,6.57,6.744,6.946,7.081,7.181,7.252,7.331,7.401,7.451,7.507,7.568,7.634,7.679,7.732,7.784,7.831,7.868,7.924,7.97,8.007,8.048,8.083,8.125,8.17,8.205,8.251,8.286,8.323,8.365,8.4,8.443,8.494,8.529,8.568,8.609,8.644,8.676,8.711,8.739,8.771,8.804,8.83,8.854,8.891,8.923,8.954,8.983,9.017,9.051,9.079,9.112,9.145,9.17,9.202,9.229,9.26,9.297,9.325,9.362,9.404,9.447,9.477,9.517,9.556,9.587,9.631,9.669,9.707,9.744,9.778,9.808,9.852,9.89,9.921,9.96,10.006,10.049,10.09,10.139,10.188,10.24,10.291,10.365,10.432,10.506,10.566,10.644,10.731,10.809,10.87,10.973,11.1,11.177,11.31,11.433,11.661,11.979,13.112
29,OTH FP,4.745,5.992,6.34,6.57,6.744,6.946,7.081,7.181,7.252,7.331,7.401,7.451,7.507,7.568,7.634,7.679,7.732,7.784,7.831,7.868,7.924,7.97,8.007,8.048,8.083,8.125,8.17,8.205,8.251,8.286,8.323,8.365,8.4,8.443,8.494,8.529,8.568,8.609,8.644,8.676,8.711,8.739,8.771,8.804,8.83,8.854,8.891,8.923,8.954,8.983,9.017,9.051,9.079,9.112,9.145,9.17,9.202,9.229,9.26,9.297,9.325,9.362,9.404,9.447,9.477,9.517,9.556,9.587,9.631,9.669,9.707,9.744,9.778,9.808,9.852,9.89,9.921,9.96,10.006,10.049,10.09,10.139,10.188,10.24,10.291,10.365,10.432,10.506,10.566,10.644,10.731,10.809,10.87,10.973,11.1,11.177,11.31,11.433,11.661,11.979,13.112
30,OTH FP,4.807,6.1,6.397,6.588,6.769,6.9,7.059,7.137,7.223,7.308,7.404,7.463,7.516,7.572,7.645,7.706,7.75,7.794,7.838,7.896,7.937,7.964,8.011,8.061,8.097,8.129,8.169,8.209,8.254,8.295,8.338,8.376,8.405,8.439,8.475,8.516,8.557,8.589,8.625,8.663,8.697,8.728,8.761,8.785,8.822,8.857,8.886,8.914,8.951,8.974,9.005,9.045,9.078,9.108,9.14,9.179,9.21,9.242,9.272,9.301,9.328,9.369,9.396,9.431,9.456,9.487,9.52,9.55,9.585,9.617,9.653,9.689,9.731,9.78,9.824,9.866,9.914,9.966,10.021,10.077,10.116,10.157,10.203,10.255,10.303,10.36,10.41,10.477,10.541,10.624,10.686,10.752,10.828,10.908,11.03,11.132,11.241,11.399,11.63,11.963,12.975
31,OTH FP,4.807,6.1,6.397,6.588,6.769,6.9,7.059,7.137,7.223,7.308,7.404,7.463,7.516,7.572,7.645,7.706,7.75,7.794,7.838,7.896,7.937,7.964,8.011,8.061,8.097,8.129,8.169,8.209,8.254,8.295,8.338,8.376,8.405,8.439,8.475,8.516,8.557,8.589,8.625,8.663,8.697,8.728,8.761,8.785,8.822,8.857,8.886,8.914,8.951,8.974,9.005,9.045,9.078,9.108,9.14,9.179,9.21,9.242,9.272,9.301,9.328,9.369,9.396,9.431,9.456,9.487,9.52,9.55,9.585,9.617,9.653,9.689,9.731,9.78,9.824,9.866,9.914,9.966,10.021,10.077,10.116,10.157,10.203,10.255,10.303,10.36,10.41,10.477,10.541,10.624,10.686,10.752,10.828,10.908,11.03,11.132,11.241,11.399,11.63,11.963,12.975
32,OTH FP,4.996,6.048,6.395,6.626,6.808,6.926,7.051,7.133,7.228,7.307,7.383,7.434,7.509,7.562,7.62,7.67,7.724,7.787,7.838,7.882,7.935,7.976,8.02,8.063,8.105,8.138,8.167,8.205,8.235,8.283,8.325,8.358,8.389,8.429,8.467,8.514,8.542,8.576,8.621,8.644,8.671,8.692,8.72,8.764,8.798,8.834,8.87,8.912,8.933,8.964,8.995,9.023,9.052,9.093,9.117,9.151,9.18,9.208,9.245,9.269,9.302,9.343,9.378,9.414,9.443,9.474,9.505,9.537,9.576,9.603,9.648,9.703,9.733,9.777,9.813,9.848,9.893,9.933,9.976,10.018,10.069,10.115,10.168,10.222,10.277,10.323,10.371,10.433,10.49,10.565,10.634,10.715,10.776,10.849,10.964,11.077,11.198,11.334,11.563,11.934,13.075
33,OTH FP,4.996,6.048,6.395,6.626,6.808,6.926,7.051,7.133,7.228,7.307,7.383,7.434,7.509,7.562,7.62,7.67,7.724,7.787,7.838,7.882,7.935,7.976,8.02,8.063,8.105,8.138,8.167,8.205,8.235,8.283,8.325,8.358,8.389,8.429,8.467,8.514,8.542,8.576,8.621,8.644,8.671,8.692,8.72,8.764,8.798,8.834,8.87,8.912,8.933,8.964,8.995,9.023,9.052,9.093,9.117,9.151,9.18,9.208,9.245,9.269,9.302,9.343,9.378,9.414,9.443,9.474,9.505,9.537,9.576,9.603,9.648,9.703,9.733,9.777,9.813,9.848,9.893,9.933,9.976,10.018,10.069,10.115,10.168,10.222,10.277,10.323,10.371,10.433,10.49,10.565,10.634,10.715,10.776,10.849,10.964,11.077,11.198,11.334,11.563,11.934,13.075
34,OTH FP,4.735,6.101,6.456,6.714,6.848,6.943,7.063,7.136,7.214,7.312,7.385,7.45,7.508,7.57,7.619,7.676,7.729,7.788,7.841,7.884,7.943,7.988,8.036,8.085,8.141,8.178,8.217,8.253,8.287,8.318,8.365,8.4,8.432,8.464,8.494,8.523,8.552,8.581,8.62,8.661,8.702,8.741,8.776,8.807,8.848,8.877,8.915,8.952,8.981,9.004,9.03,9.057,9.097,9.124,9.146,9.181,9.221,9.251,9.279,9.309,9.341,9.383,9.407,9.436,9.473,9.505,9.545,9.573,9.612,9.659,9.69,9.721,9.758,9.788,9.824,9.877,9.912,9.943,9.985,10.036,10.088,10.146,10.202,10.246,10.294,10.356,10.419,10.47,10.514,10.563,10.646,10.722,10.804,10.881,10.989,11.094,11.235,11.396,11.627,11.946,13.295
35,OTH FP,4.735,6.101,6.456,6.714,6.848,6.943,7.063,7.136,7.214,7.312,7.385,7.45,7.508,7.57,7.619,7.676,7.729,7.788,7.841,7.884,7.943,7.988,8.036,8.085,8.141,8.178,8.217,8.253,8.287,8.318,8.365,8.4,8.432,8.464,8.494,8.523,8.552,8.581,8.62,8.661,8.702,8.741,8.776,8.807,8.848,8.877,8.915,8.952,8.981,9.004,9.03,9.057,9.097,9.124,9.146,9.181,9.221,9.251,9.279,9.309,9.341,9.383,9.407,9.436,9.473,9.505,9.545,9.573,9.612,9.659,9.69,9.721,9.758,9.788,9.824,9.877,9.912,9.943,9.985,10.036,10.088,10.146,10.202,10.246,10.294,10.356,10.419,10.47,10.514,10.563,10.646,10.722,10.804,10.881,10.989,11.094,11.235,11.396,11.627,11.946,13.295
36,OTH FP,4.807,6.19,6.457,6.68,6.873,7.026,7.111,7.181,7.288,7.368,7.428,7.477,7.554,7.619,7.675,7.727,7.788,7.842,7.899,7.939,7.979,8.028,8.092,8.125,8.173,8.208,8.251,8.283,8.319,8.356,8.398,8.429,8.458,8.501,8.528,8.564,8.594,8.631,8.661,8.709,8.748,8.773,8.807,8.841,8.868,8.909,8.94,8.965,8.991,9.016,9.048,9.082,9.117,9.149,9.185,9.213,9.245,9.285,9.313,9.349,9.376,9.41,9.443,9.48,9.518,9.551,9.591,9.637,9.675,9.707,9.743,9.777,9.815,9.863,9.911,9.952,9.991,10.028,10.063,10.106,10.157,10.199,10.244,10.281,10.337,10.4,10.465,10.509,10.57,10.619,10.685,10.761,10.837,10.963,11.092,11.181,11.311,11.442,11.672,12.059,13.399
37,OTH FP,4.807,6.19,6.457,6.68,6.873,7.026,7.111,7.181,7.288,7.368,7.428,7.477,7.554,7.619,7.675,7.727,7.788,7.842,7.899,7.939,7.979,8.028,8.092,8.125,8.173,8.208,8.251,8.283,8.319,8.356,8.398,8.429,8.458,8.501,8.528,8.564,8.594,8.631,8.661,8.709,8.748,8.773,8.807,8.841,8.868,8.909,8.94,8.965,8.991,9.016,9.048,9.082,9.117,9.149,9.185,9.213,9.245,9.285,9.313,9.349,9.376,9.41,9.443,9.48,9.518,9.551,9.591,9.637,9.675,9.707,9.743,9.777,9.815,9.863,9.911,9.952,9.991,10.028,10.063,10.106,10.157,10.199,10.244,10.281,10.337,10.4,10.465,10.509,10.57,10.619,10.685,10.761,10.837,10.963,11.092,11.181,11.311,11.442,11.672,12.059,13.399
38,OTH FP,5.075,6.222,6.549,6.706,6.886,6.999,7.105,7.185,7.287,7.399,7.464,7.533,7.585,7.657,7.716,7.777,7.825,7.887,7.933,7.978,8.025,8.061,8.103,8.157,8.19,8.24,8.277,8.326,8.362,8.406,8.434,8.471,8.508,8.544,8.587,8.624,8.65,8.679,8.715,8.746,8.779,8.818,8.847,8.878,8.91,8.938,8.972,8.998,9.022,9.056,9.099,9.132,9.166,9.211,9.248,9.279,9.309,9.348,9.374,9.402,9.428,9.459,9.487,9.527,9.56,9.59,9.627,9.656,9.711,9.748,9.787,9.82,9.859,9.904,9.946,9.994,10.033,10.076,10.112,10.148,10.19,10.242,10.287,10.333,10.391,10.437,10.496,10.565,10.616,10.694,10.776,10.86,10.954,11.046,11.137,11.246,11.401,11.584,11.758,12.001,13.59
39,OTH FP,5.075,6.222,6.549,6.706,6.886,6.999,7.105,7.185,7.287,7.399,7.464,7.533,7.585,7.657,7.716,7.777,7.825,7.887,7.933,7.978,8.025,8.061,8.103,8.157,8.19,8.24,8.277,8.326,8.362,8.406,8.434,8.471,8.508,8.544,8.587,8.624,8.65,8.679,8.715,8.746,8.779,8.818,8.847,8.878,8.91,8.938,8.972,8.998,9.022,9.056,9.099,9.132,9.166,9.211,9.248,9.279,9.309,9.348,9.374,9.402,9.428,9.459,9.487,9.527,9.56,9.59,9.627,9.656,9.711,9.748,9.787,9.82,9.859,9.904,9.946,9.994,10.033,10.076,10.112,10.148,10.19,10.242,10.287,10.333,10.391,10.437,10.496,10.565,10.616,10.694,10.776,10.86,10.954,11.046,11.137,11.246,11.401,11.584,11.758,12.001,13.59
40,OTH FP,5.143,6.249,6.581,6.741,6.902,7.029,7.152,7.299,7.379,7.46,7.52,7.575,7.649,7.726,7.791,7.845,7.9,7.952,7.998,8.035,8.075,8.109,8.156,8.199,8.236,8.27,8.31,8.342,8.374,8.425,8.465,8.498,8.536,8.565,8.6,8.631,8.669,8.695,8.73,8.761,8.794,8.831,8.863,8.892,8.924,8.971,9.01,9.042,9.065,9.093,9.134,9.165,9.194,9.222,9.251,9.284,9.312,9.337,9.379,9.415,9.447,9.486,9.511,9.546,9.582,9.61,9.644,9.678,9.722,9.768,9.804,9.836,9.892,9.932,9.974,10.014,10.062,10.102,10.143,10.178,10.243,10.29,10.337,10.384,10.439,10.495,10.576,10.621,10.675,10.747,10.82,10.894,10.993,11.074,11.166,11.282,11.413,11.554,11.78,12.208,13.453
41,OTH FP,5.143,6.249,6.581,6.741,6.902,7.029,7.152,7.299,7.379,7.46,7.52,7.575,7.649,7.726,7.791,7.845,7.9,7.952,7.998,8.035,8.075,8.109,8.156,8.199,8.236,8.27,8.31,8.342,8.374,8.425,8.465,8.498,8.536,8.565,8.6,8.631,8.669,8.695,8.73,8.761,8.794,8.831,8.863,8.892,8.924,8.971,9.01,9.042,9.065,9.093,9.134,9.165,9.194,9.222,9.251,9.284,9.312,9.337,9.379,9.415,9.447,9.486,9.511,9.546,9.582,9.61,9.644,9.678,9.722,9.768,9.804,9.836,9.892,9.932,9.974,10.014,10.062,10.102,10.143,10.178,10.243,10.29,10.337,10.384,10.439,10.495,10.576,10.621,10.675,10.747,10.82,10.894,10.993,11.074,11.166,11.282,11.413,11.554,11.78,12.208,13.453
42,OTH FP,5.143,6.274,6.604,6.816,6.969,7.095,7.233,7.33,7.408,7.485,7.563,7.666,7.734,7.806,7.849,7.91,7.966,8.03,8.066,8.099,8.14,8.185,8.217,8.25,8.284,8.31,8.345,8.374,8.417,8.458,8.495,8.534,8.571,8.603,8.647,8.678,8.715,8.748,8.778,8.806,8.844,8.883,8.918,8.942,8.971,9.004,9.042,9.066,9.102,9.13,9.169,9.199,9.233,9.267,9.293,9.321,9.355,9.387,9.422,9.46,9.503,9.536,9.568,9.601,9.638,9.671,9.707,9.742,9.781,9.818,9.86,9.898,9.927,9.959,10.002,10.052,10.101,10.142,10.191,10.233,10.278,10.316,10.371,10.41,10.478,10.538,10.596,10.672,10.733,10.797,10.861,10.927,11.007,11.12,11.203,11.327,11.44,11.59,11.826,12.302,13.423
43,OTH FP,5.143,6.274,6.604,6.816,6.969,7.095,7.233,7.33,7.408,7.485,7.563,7.666,7.734,7.806,7.849,7.91,7.966,8.03,8.066,8.099,8.14,8.185,8.217,8.25,8.284,8.31,8.345,8.374,8.417,8.458,8.495,8.534,8.571,8.603,8.647,8.678,8.715,8.748,8.778,8.806,8.844,8.883,8.918,8.942,8.971,9.004,9.042,9.066,9.102,9.13,9.169,9.199,9.233,9.267,9.293,9.321,9.355,9.387,9.422,9.46,9.503,9.536,9.568,9.601,9.638,9.671,9.707,9.742,9.781,9.818,9.86,9.898,9.927,9.959,10.002,10.052,10.101,10.142,10.191,10.233,10.278,10.316,10.371,10.41,10.478,10.538,10.596,10.672,10.733,10.797,10.861,10.927,11.007,11.12,11.203,11.327,11.44,11.59,11.826,12.302,13.423
44,OTH FP,5.255,6.229,6.685,6.891,7.02,7.137,7.259,7.403,7.493,7.587,7.659,7.733,7.792,7.845,7.892,7.95,7.989,8.026,8.066,8.107,8.16,8.21,8.267,8.318,8.357,8.396,8.439,8.47,8.505,8.537,8.571,8.599,8.639,8.676,8.7,8.728,8.769,8.796,8.833,8.869,8.906,8.937,8.964,9.004,9.034,9.055,9.093,9.122,9.154,9.19,9.221,9.247,9.276,9.304,9.339,9.371,9.397,9.425,9.444,9.471,9.511,9.544,9.58,9.609,9.655,9.694,9.734,9.77,9.805,9.843,9.887,9.932,9.961,10.005,10.043,10.074,10.12,10.155,10.195,10.24,10.284,10.335,10.392,10.445,10.498,10.56,10.61,10.672,10.733,10.792,10.885,10.973,11.055,11.151,11.272,11.384,11.527,11.695,11.89,12.317,13.236
45,OTH FP,5.255,6.229,6.685,6.891,7.02,7.137,7.259,7.403,7.493,7.587,7.659,7.733,7.792,7.845,7.892,7.95,7.989,8.026,8.066,8.107,8.16,8.21,8.267,8.318,8.357,8.396,8.439,8.47,8.505,8.537,8.571,8.599,8.639,8.676,8.7,8.728,8.769,8.796,8.833,8.869,8.906,8.937,8.964,9.004,9.034,9.055,9.093,9.122,9.154,9.19,9.221,9.247,9.276,9.304,9.339,9.371,9.397,9.425,9.444,9.471,9.511,9.544,9.58,9.609,9.655,9.694,9.734,9.77,9.805,9.843,9.887,9.932,9.961,10.005,10.043,10.074,10.12,10.155,10.195,10.24,10.284,10.335,10.392,10.445,10.498,10.56,10.61,10.672,10.733,10.792,10.885,10.973,11.055,11.151,11.272,11.384,11.527,11.695,11.89,12.317,13.236
46,OTH FP,5.277,6.279,6.734,6.923,7.073,7.193,7.322,7.438,7.54,7.64,7.709,7.779,7.835,7.889,7.937,7.998,8.049,8.099,8.134,8.176,8.223,8.26,8.3,8.343,8.387,8.425,8.452,8.492,8.519,8.551,8.592,8.622,8.663,8.701,8.739,8.774,8.809,8.843,8.875,8.908,8.961,8.988,9.021,9.056,9.087,9.123,9.158,9.185,9.223,9.255,9.29,9.32,9.347,9.369,9.397,9.425,9.464,9.5,9.526,9.565,9.595,9.63,9.665,9.691,9.73,9.763,9.795,9.832,9.871,9.9,9.938,9.966,10.005,10.038,10.071,10.109,10.144,10.184,10.228,10.28,10.318,10.363,10.416,10.452,10.512,10.565,10.618,10.682,10.765,10.829,10.91,10.99,11.09,11.173,11.279,11.427,11.575,11.742,11.958,12.39,13.388
47,OTH FP,5.277,6.279,6.734,6.923,7.073,7.193,7.322,7.438,7.54,7.64,7.709,7.779,7.835,7.889,7.937,7.998,8.049,8.099,8.134,8.176,8.223,8.26,8.3,8.343,8.387,8.425,8.452,8.492,8.519,8.551,8.592,8.622,8.663,8.701,8.739,8.774,8.809,8.843,8.875,8.908,8.961,8.988,9.021,9.056,9.087,9.123,9.158,9.185,9.223,9.255,9.29,9.32,9.347,9.369,9.397,9.425,9.464,9.5,9.526,9.565,9.595,9.63,9.665,9.691,9.73,9.763,9.795,9.832,9.871,9.9,9.938,9.966,10.005,10.038,10.071,10.109,10.144,10.184,10.228,10.28,10.318,10.363,10.416,10.452,10.512,10.565,10.618,10.682,10.765,10.829,10.91,10.99,11.09,11.173,11.279,11.427,11.575,11.742,11.958,12.39,13.388
48,OTH FP,5.296,6.411,6.722,7.002,7.162,7.262,7.381,7.504,7.582,7.657,7.725,7.795,7.841,7.92,7.971,8.034,8.081,8.132,8.177,8.228,8.266,8.303,8.338,8.376,8.408,8.447,8.481,8.523,8.57,8.606,8.646,8.684,8.716,8.753,8.79,8.818,8.858,8.89,8.928,8.963,8.986,9.013,9.039,9.063,9.098,9.136,9.17,9.198,9.225,9.252,9.287,9.322,9.346,9.374,9.413,9.443,9.475,9.517,9.549,9.584,9.611,9.646,9.683,9.716,9.75,9.801,9.842,9.874,9.907,9.943,9.97,10.016,10.053,10.087,10.136,10.164,10.201,10.245,10.268,10.306,10.357,10.409,10.456,10.506,10.556,10.598,10.657,10.719,10.783,10.867,10.939,11.024,11.101,11.18,11.268,11.419,11.595,11.78,12.05,12.359,13.406
49,OTH FP,5.296,6.411,6.722,7.002,7.162,7.262,7.381,7.504,7.582,7.657,7.725,7.795,7.841,7.92,7.971,8.034,8.081,8.132,8.177,8.228,8.266,8.303,8.338,8.376,8.408,8.447,8.481,8.523,8.57,8.606,8.646,8.684,8.716,8.753,8.79,8.818,8.858,8.89,8.928,8.963,8.986,9.013,9.039,9.063,9.098,9.136,9.17,9.198,9.225,9.252,9.287,9.322,9.346,9.374,9.413,9.443,9.475,9.517,9.549,9.584,9.611,9.646,9.683,9.716,9.75,9.801,9.842,9.874,9.907,9.943,9.97,10.016,10.053,10.087,10.136,10.164,10.201,10.245,10.268,10.306,10.357,10.409,10.456,10.506,10.556,10.598,10.657,10.719,10.783,10.867,10.939,11.024,11.101,11.18,11.268,11.419,11.595,11.78,12.05,12.359,13.406
50,OTH FP,5.509,6.49,6.837,7.052,7.226,7.335,7.458,7.553,7.645,7.734,7.812,7.872,7.93,7.972,8.027,8.066,8.122,8.173,8.219,8.262,8.322,8.363,8.401,8.435,8.475,8.51,8.549,8.589,8.626,8.653,8.686,8.729,8.756,8.788,8.826,8.854,8.885,8.915,8.943,8.982,9.014,9.057,9.089,9.122,9.146,9.169,9.197,9.229,9.267,9.301,9.326,9.361,9.389,9.414,9.446,9.48,9.512,9.535,9.58,9.608,9.641,9.67,9.713,9.744,9.78,9.805,9.838,9.881,9.909,9.938,9.979,10.015,10.053,10.095,10.131,10.162,10.205,10.236,10.268,10.318,10.357,10.401,10.46,10.501,10.548,10.604,10.664,10.729,10.786,10.864,10.941,11.019,11.127,11.207,11.286,11.408,11.551,11.762,12.04,12.32,13.488
51,OTH FP,5.509,6.49,6.837,7.052,7.226,7.335,7.458,7.553,7.645,7.734,7.812,7.872,7.93,7.972,8.027,8.066,8.122,8.173,8.219,8.262,8.322,8.363,8.401,8.435,8.475,8.51,8.549,8.589,8.626,8.653,8.686,8.729,8.756,8.788,8.826,8.854,8.885,8.915,8.943,8.982,9.014,9.057,9.089,9.122,9.146,9.169,9.197,9.229,9.267,9.301,9.326,9.361,9.389,9.414,9.446,9.48,9.512,9.535,9.58,9.608,9.641,9.67,9.713,9.744,9.78,9.805,9.838,9.881,9.909,9.938,9.979,10.015,10.053,10.095,10.131,10.162,10.205,10.236,10.268,10.318,10.357,10.401,10.46,10.501,10.548,10.604,10.664,10.729,10.786,10.864,10.941,11.019,11.127,11.207,11.286,11.408,11.551,11.762,12.04,12.32,13.488
52,OTH FP,5.625,6.592,6.922,7.125,7.318,7.406,7.509,7.596,7.68,7.754,7.84,7.915,7.978,8.046,8.098,8.148,8.195,8.246,8.298,8.339,8.384,8.437,8.468,8.504,8.531,8.566,8.598,8.637,8.665,8.694,8.732,8.766,8.798,8.835,8.864,8.902,8.935,8.967,9.002,9.025,9.061,9.094,9.122,9.149,9.189,9.219,9.252,9.278,9.304,9.325,9.354,9.382,9.412,9.443,9.463,9.499,9.534,9.563,9.598,9.636,9.671,9.704,9.735,9.773,9.807,9.841,9.888,9.915,9.947,9.975,10.01,10.048,10.103,10.136,10.161,10.2,10.242,10.291,10.328,10.36,10.404,10.439,10.486,10.53,10.588,10.653,10.702,10.768,10.834,10.894,10.964,11.045,11.117,11.218,11.349,11.451,11.592,11.75,11.934,12.415,13.504
53,OTH FP,5.625,6.592,6.922,7.125,7.318,7.406,7.509,7.596,7.68,7.754,7.84,7.915,7.978,8.046,8.098,8.148,8.195,8.246,8.298,8.339,8.384,8.437,8.468,8.504,8.531,8.566,8.598,8.637,8.665,8.694,8.732,8.766,8.798,8.835,8.864,8.902,8.935,8.967,9.002,9.025,9.061,9.094,9.122,9.149,9.189,9.219,9.252,9.278,9.304,9.325,9.354,9.382,9.412,9.443,9.463,9.499,9.534,9.563,9.598,9.636,9.671,9.704,9.735,9.773,9.807,9.841,9.888,9.915,9.947,9.975,10.01,10.048,10.103,10.136,10.161,10.2,10.242,10.291,10.328,10.36,10.404,10.439,10.486,10.53,10.588,10.653,10.702,10.768,10.834,10.894,10.964,11.045,11.117,11.218,11.349,11.451,11.592,11.75,11.934,12.415,13.504
54,OTH FP,5.361,6.729,6.974,7.171,7.346,7.459,7.566,7.653,7.762,7.838,7.897,7.963,8.019,8.087,8.135,8.189,8.242,8.283,8.332,8.38,8.425,8.466,8.5,8.539,8.576,8.611,8.648,8.682,8.714,8.753,8.786,8.818,8.845,8.878,8.921,8.954,8.989,9.01,9.043,9.076,9.101,9.133,9.176,9.203,9.24,9.268,9.302,9.33,9.367,9.393,9.417,9.449,9.475,9.502,9.528,9.549,9.576,9.612,9.638,9.667,9.704,9.745,9.792,9.824,9.852,9.883,9.917,9.95,9.972,10.004,10.031,10.066,10.107,10.149,10.181,10.221,10.25,10.281,10.331,10.369,10.408,10.458,10.515,10.566,10.611,10.67,10.732,10.8,10.847,10.919,10.985,11.057,11.155,11.243,11.353,11.435,11.552,11.762,11.962,12.332,13.464
55,OTH FP,5.361,6.729,6.974,7.171,7.346,7.459,7.566,7.653,7.762,7.838,7.897,7.963,8.019,8.087,8.135,8.189,8.242,8.283,8.332,8.38,8.425,8.466,8.5,8.539,8.576,8.611,8.648,8.682,8.714,8.753,8.786,8.818,8.845,8.878,8.921,8.954,8.989,9.01,9.043,9.076,9.101,9.133,9.176,9.203,9.24,9.268,9.302,9.33,9.367,9.393,9.417,9.449,9.475,9.502,9.528,9.549,9.576,9.612,9.638,9.667,9.704,9.745,9.792,9.824,9.852,9.883,9.917,9.95,9.972,10.004,10.031,10.066,10.107,10.149,10.181,10.221,10.25,10.281,10.331,10.369,10.408,10.458,10.515,10.566,10.611,10.67,10.732,10.8,10.847,10.919,10.985,11.057,11.155,11.243,11.353,11.435,11.552,11.762,11.962,12.332,13.464
56,OTH FP,5.937,6.734,7.061,7.237,7.402,7.533,7.673,7.75,7.81,7.887,7.948,8.005,8.068,8.12,8.188,8.247,8.288,8.356,8.398,8.447,8.486,8.515,8.551,8.585,8.625,8.662,8.706,8.735,8.77,8.799,8.834,8.861,8.894,8.924,8.964,8.999,9.036,9.061,9.108,9.131,9.168,9.199,9.229,9.262,9.288,9.315,9.348,9.374,9.41,9.438,9.468,9.496,9.526,9.552,9.571,9.592,9.639,9.665,9.689,9.728,9.763,9.793,9.822,9.844,9.871,9.903,9.935,9.968,10.003,10.038,10.08,10.12,10.15,10.176,10.199,10.235,10.265,10.301,10.356,10.399,10.435,10.485,10.537,10.586,10.638,10.688,10.741,10.806,10.87,10.934,10.991,11.057,11.163,11.239,11.341,11.48,11.635,11.803,11.992,12.387,13.308
57,OTH FP,5.937,6.734,7.061,7.237,7.402,7.533,7.673,7.75,7.81,7.887,7.948,8.005,8.068,8.12,8.188,8.247,8.288,8.356,8.398,8.447,8.486,8.515,8.551,8.585,8.625,8.662,8.706,8.735,8.77,8.799,8.834,8.861,8.894,8.924,8.964,8.999,9.036,9.061,9.108,9.131,9.168,9.199,9.229,9.262,9.288,9.315,9.348,9.374,9.41,9.438,9.468,9.496,9.526,9.552,9.571,9.592,9.639,9.665,9.689,9.728,9.763,9.793,9.822,9.844,9.871,9.903,9.935,9.968,10.003,10.038,10.08,10.12,10.15,10.176,10.199,10.235,10.265,10.301,10.356,10.399,10.435,10.485,10.537,10.586,10.638,10.688,10.741,10.806,10.87,10.934,10.991,11.057,11.163,11.239,11.341,11.48,11.635,11.803,11.992,12.387,13.308
58,OTH FP,5.953,6.847,7.188,7.386,7.502,7.628,7.719,7.803,7.879,7.956,8.048,8.101,8.157,8.209,8.261,8.309,8.347,8.399,8.456,8.498,8.533,8.57,8.602,8.647,8.692,8.727,8.752,8.782,8.812,8.841,8.872,8.907,8.94,8.977,9.012,9.046,9.074,9.111,9.137,9.169,9.2,9.231,9.278,9.299,9.335,9.358,9.39,9.418,9.449,9.484,9.509,9.539,9.565,9.598,9.627,9.649,9.684,9.71,9.742,9.762,9.809,9.835,9.859,9.89,9.918,9.943,9.971,10.01,10.036,10.063,10.102,10.133,10.173,10.202,10.238,10.277,10.327,10.367,10.408,10.454,10.492,10.534,10.573,10.612,10.669,10.723,10.762,10.823,10.891,10.958,11.025,11.095,11.162,11.247,11.357,11.459,11.591,11.78,11.954,12.327,13.352
59,OTH FP,5.953,6.847,7.188,7.386,7.502,7.628,7.719,7.803,7.879,7.956,8.048,8.101,8.157,8.209,8.261,8.309,8.347,8.399,8.456,8.498,8.533,8.57,8.602,8.647,8.692,8.727,8.752,8.782,8.812,8.841,8.872,8.907,8.94,8.977,9.012,9.046,9.074,9.111,9.137,9.169,9.2,9.231,9.278,9.299,9.335,9.358,9.39,9.418,9.449,9.484,9.509,9.539,9.565,9.598,9.627,9.649,9.684,9.71,9.742,9.762,9.809,9.835,9.859,9.89,9.918,9.943,9.971,10.01,10.036,10.063,10.102,10.133,10.173,10.202,10.238,10.277,10.327,10.367,10.408,10.454,10.492,10.534,10.573,10.612,10.669,10.723,10.762,10.823,10.891,10.958,11.025,11.095,11.162,11.247,11.357,11.459,11.591,11.78,11.954,12.327,13.352
60,OTH FP,6.118,7.01,7.266,7.46,7.601,7.709,7.802,7.882,7.96,8.041,8.105,8.169,8.206,8.252,8.309,8.347,8.39,8.454,8.496,8.562,8.598,8.642,8.683,8.716,8.751,8.786,8.825,8.852,8.879,8.919,8.946,8.971,9.016,9.051,9.076,9.11,9.137,9.161,9.19,9.218,9.242,9.273,9.3,9.324,9.358,9.393,9.426,9.451,9.479,9.511,9.538,9.575,9.603,9.629,9.653,9.683,9.716,9.745,9.776,9.801,9.829,9.864,9.894,9.917,9.943,9.969,10.009,10.038,10.073,10.106,10.14,10.176,10.205,10.249,10.279,10.313,10.344,10.385,10.417,10.449,10.489,10.534,10.577,10.623,10.659,10.707,10.752,10.81,10.87,10.933,10.996,11.064,11.133,11.237,11.337,11.439,11.568,11.74,11.941,12.333,13.205
61,OTH FP,6.118,7.01,7.266,7.46,7.601,7.709,7.802,7.882,7.96,8.041,8.105,8.169,8.206,8.252,8.309,8.347,8.39,8.454,8.496,8.562,8.598,8.642,8.683,8.716,8.751,8.786,8.825,8.852,8.879,8.919,8.946,8.971,9.016,9.051,9.076,9.11,9.137,9.161,9.19,9.218,9.242,9.273,9.3,9.324,9.358,9.393,9.426,9.451,9.479,9.511,9.538,9.575,9.603,9.629,9.653,9.683,9.716,9.745,9.776,9.801,9.829,9.864,9.894,9.917,9.943,9.969,10.009,10.038,10.073,10.106,10.14,10.176,10.205,10.249,10.279,10.313,10.344,10.385,10.417,10.449,10.489,10.534,10.577,10.623,10.659,10.707,10.752,10.81,10.87,10.933,10.996,11.064,11.133,11.237,11.337,11.439,11.568,11.74,11.941,12.333,13.205
62,OTH FP,5.758,7.014,7.276,7.451,7.562,7.67,7.771,7.856,7.931,8.007,8.098,8.15,8.204,8.266,8.323,8.365,8.407,8.451,8.49,8.526,8.558,8.613,8.646,8.695,8.741,8.783,8.824,8.849,8.881,8.918,8.945,8.971,9.015,9.053,9.077,9.098,9.132,9.176,9.202,9.23,9.256,9.293,9.319,9.35,9.378,9.412,9.443,9.468,9.5,9.527,9.557,9.582,9.613,9.643,9.669,9.693,9.726,9.766,9.794,9.816,9.855,9.892,9.929,9.973,9.996,10.014,10.042,10.074,10.109,10.145,10.177,10.206,10.244,10.283,10.319,10.351,10.392,10.426,10.468,10.506,10.535,10.58,10.621,10.66,10.706,10.759,10.812,10.865,10.942,11.017,11.097,11.178,11.253,11.33,11.428,11.519,11.631,11.824,12.046,12.413,13.477
63,OTH FP,5.758,7.014,7.276,7.451,7.562,7.67,7.771,7.856,7.931,8.007,8.098,8.15,8.204,8.266,8.323,8.365,8.407,8.451,8.49,8.526,8.558,8.613,8.646,8.695,8.741,8.783,8.824,8.849,8.881,8.918,8.945,8.971,9.015,9.053,9.077,9.098,9.132,9.176,9.202,9.23,9.256,9.293,9.319,9.35,9.378,9.412,9.443,9.468,9.5,9.527,9.557,9.582,9.613,9.643,9.669,9.693,9.726,9.766,9.794,9.816,9.855,9.892,9.929,9.973,9.996,10.014,10.042,10.074,10.109,10.145,10.177,10.206,10.244,10.283,10.319,10.351,10.392,10.426,10.468,10.506,10.535,10.58,10.621,10.66,10.706,10.759,10.812,10.865,10.942,11.017,11.097,11.178,11.253,11.33,11.428,11.519,11.631,11.824,12.046,12.413,13.477
64,OTH FP,5.923,6.896,7.17,7.376,7.504,7.625,7.706,7.817,7.899,7.989,8.058,8.118,8.177,8.228,8.285,8.33,8.398,8.443,8.488,8.541,8.58,8.629,8.662,8.708,8.75,8.794,8.829,8.863,8.909,8.937,8.969,8.997,9.04,9.08,9.104,9.126,9.157,9.184,9.212,9.243,9.276,9.297,9.336,9.376,9.412,9.446,9.473,9.5,9.53,9.568,9.595,9.622,9.659,9.682,9.714,9.737,9.763,9.789,9.82,9.847,9.872,9.907,9.941,9.976,10.005,10.036,10.067,10.097,10.129,10.163,10.199,10.24,10.277,10.325,10.362,10.404,10.434,10.479,10.513,10.547,10.589,10.641,10.676,10.707,10.776,10.84,10.881,10.956,11.006,11.069,11.119,11.223,11.319,11.391,11.499,11.591,11.729,11.885,12.128,12.504,13.9
65,OTH FP,5.923,6.896,7.17,7.376,7.504,7.625,7.706,7.817,7.899,7.989,8.058,8.118,8.177,8.228,8.285,8.33,8.398,8.443,8.488,8.541,8.58,8.629,8.662,8.708,8.75,8.794,8.829,8.863,8.909,8.937,8.969,8.997,9.04,9.08,9.104,9.126,9.157,9.184,9.212,9.243,9.276,9.297,9.336,9.376,9.412,9.446,9.473,9.5,9.53,9.568,9.595,9.622,9.659,9.682,9.714,9.737,9.763,9.789,9.82,9.847,9.872,9.907,9.941,9.976,10.005,10.036,10.067,10.097,10.129,10.163,10.199,10.24,10.277,10.325,10.362,10.404,10.434,10.479,10.513,10.547,10.589,10.641,10.676,10.707,10.776,10.84,10.881,10.956,11.006,11.069,11.119,11.223,11.319,11.391,11.499,11.591,11.729,11.885,12.128,12.504,13.9
66,OTH FP,5.964,6.946,7.16,7.328,7.462,7.601,7.718,7.806,7.905,7.955,8.037,8.088,8.153,8.213,8.277,8.339,8.4,8.445,8.498,8.543,8.579,8.618,8.665,8.708,8.755,8.793,8.827,8.861,8.887,8.916,8.948,8.984,9.016,9.05,9.093,9.135,9.156,9.189,9.219,9.255,9.294,9.319,9.344,9.373,9.395,9.425,9.457,9.487,9.524,9.554,9.583,9.616,9.646,9.687,9.72,9.748,9.778,9.811,9.844,9.878,9.906,9.932,9.963,10.004,10.032,10.067,10.096,10.131,10.168,10.203,10.237,10.268,10.306,10.343,10.37,10.402,10.444,10.491,10.533,10.573,10.611,10.662,10.702,10.751,10.797,10.864,10.92,10.982,11.069,11.148,11.209,11.272,11.356,11.455,11.559,11.661,11.787,11.921,12.173,12.542,13.553
67,OTH FP,5.964,6.946,7.16,7.328,7.462,7.601,7.718,7.806,7.905,7.955,8.037,8.088,8.153,8.213,8.277,8.339,8.4,8.445,8.498,8.543,8.579,8.618,8.665,8.708,8.755,8.793,8.827,8.861,8.887,8.916,8.948,8.984,9.016,9.05,9.093,9.135,9.156,9.189,9.219,9.255,9.294,9.319,9.344,9.373,9.395,9.425,9.457,9.487,9.524,9.554,9.583,9.616,9.646,9.687,9.72,9.748,9.778,9.811,9.844,9.878,9.906,9.932,9.963,10.004,10.032,10.067,10.096,10.131,10.168,10.203,10.237,10.268,10.306,10.343,10.37,10.402,10.444,10.491,10.533,10.573,10.611,10.662,10.702,10.751,10.797,10.864,10.92,10.982,11.069,11.148,11.209,11.272,11.356,11.455,11.559,11.661,11.787,11.921,12.173,12.542,13.553
68,OTH FP,5.703,6.776,7.143,7.348,7.468,7.613,7.705,7.802,7.873,7.961,8.028,8.086,8.157,8.213,8.274,8.323,8.39,8.441,8.496,8.523,8.565,8.616,8.667,8.698,8.738,8.775,8.816,8.858,8.906,8.949,8.988,9.018,9.063,9.092,9.129,9.156,9.19,9.228,9.26,9.282,9.32,9.346,9.374,9.398,9.425,9.451,9.481,9.516,9.547,9.584,9.621,9.661,9.692,9.723,9.763,9.789,9.823,9.854,9.88,9.912,9.945,9.975,10.01,10.037,10.069,10.098,10.133,10.169,10.202,10.234,10.262,10.301,10.334,10.364,10.394,10.44,10.478,10.526,10.565,10.609,10.66,10.698,10.763,10.81,10.859,10.914,10.956,11.018,11.083,11.144,11.194,11.274,11.382,11.502,11.608,11.684,11.798,11.971,12.141,12.5,13.635
69,OTH FP,5.703,6.776,7.143,7.348,7.468,7.613,7.705,7.802,7.873,7.961,8.028,8.086,8.157,8.213,8.274,8.323,8.39,8.441,8.496,8.523,8.565,8.616,8.667,8.698,8.738,8.775,8.816,8.858,8.906,8.949,8.988,9.018,9.063,9.092,9.129,9.156,9.19,9.228,9.26,9.282,9.32,9.346,9.374,9.398,9.425,9.451,9.481,9.516,9.547,9.584,9.621,9.661,9.692,9.723,9.763,9.789,9.823,9.854,9.88,9.912,9.945,9.975,10.01,10.037,10.069,10.098,10.133,10.169,10.202,10.234,10.262,10.301,10.334,10.364,10.394,10.44,10.478,10.526,10.565,10.609,10.66,10.698,10.763,10.81,10.859,10.914,10.956,11.018,11.083,11.144,11.194,11.274,11.382,11.502,11.608,11.684,11.798,11.971,12.141,12.5,13.635
70,OTH FP,5.616,6.741,7.057,7.269,7.447,7.587,7.679,7.775,7.889,7.966,8.036,8.114,8.176,8.236,8.277,8.348,8.402,8.445,8.503,8.552,8.597,8.643,8.676,8.72,8.77,8.822,8.865,8.905,8.946,8.993,9.023,9.049,9.091,9.124,9.161,9.19,9.223,9.254,9.286,9.317,9.354,9.378,9.404,9.433,9.46,9.499,9.53,9.553,9.581,9.615,9.652,9.691,9.716,9.749,9.783,9.808,9.848,9.877,9.907,9.943,9.969,10.002,10.03,10.057,10.097,10.134,10.169,10.199,10.225,10.267,10.3,10.343,10.379,10.415,10.45,10.483,10.518,10.563,10.61,10.653,10.698,10.736,10.797,10.837,10.893,10.951,10.995,11.055,11.116,11.184,11.252,11.321,11.4,11.47,11.607,11.728,11.88,12.035,12.279,12.71,13.695
71,OTH FP,5.616,6.741,7.057,7.269,7.447,7.587,7.679,7.775,7.889,7.966,8.036,8.114,8.176,8.236,8.277,8.348,8.402,8.445,8.503,8.552,8.597,8.643,8.676,8.72,8.77,8.822,8.865,8.905,8.946,8.993,9.023,9.049,9.091,9.124,9.161,9.19,9.223,9.254,9.286,9.317,9.354,9.378,9.404,9.433,9.46,9.499,9.53,9.553,9.581,9.615,9.652,9.691,9.716,9.749,9.783,9.808,9.848,9.877,9.907,9.943,9.969,10.002,10.03,10.057,10.097,10.134,10.169,10.199,10.225,10.267,10.3,10.343,10.379,10.415,10.45,10.483,10.518,10.563,10.61,10.653,10.698,10.736,10.797,10.837,10.893,10.951,10.995,11.055,11.116,11.184,11.252,11.321,11.4,11.47,11.607,11.728,11.88,12.035,12.279,12.71,13.695
72,OTH FP,5.632,6.78,7.073,7.287,7.455,7.579,7.711,7.806,7.892,7.968,8.044,8.103,8.167,8.232,8.292,8.346,8.402,8.444,8.491,8.538,8.6,8.647,8.707,8.751,8.789,8.828,8.869,8.909,8.944,8.984,9.009,9.036,9.078,9.121,9.156,9.192,9.215,9.249,9.286,9.32,9.353,9.389,9.421,9.458,9.491,9.517,9.56,9.593,9.622,9.657,9.691,9.727,9.756,9.782,9.812,9.841,9.878,9.908,9.937,9.972,9.999,10.037,10.07,10.099,10.127,10.157,10.194,10.228,10.258,10.301,10.337,10.385,10.421,10.473,10.506,10.539,10.581,10.619,10.658,10.692,10.736,10.78,10.82,10.874,10.921,10.972,11.026,11.082,11.144,11.202,11.28,11.338,11.422,11.517,11.626,11.785,11.911,12.072,12.35,12.726,13.799
73,OTH FP,5.632,6.78,7.073,7.287,7.455,7.579,7.711,7.806,7.892,7.968,8.044,8.103,8.167,8.232,8.292,8.346,8.402,8.444,8.491,8.538,8.6,8.647,8.707,8.751,8.789,8.828,8.869,8.909,8.944,8.984,9.009,9.036,9.078,9.121,9.156,9.192,9.215,9.249,9.286,9.32,9.353,9.389,9.421,9.458,9.491,9.517,9.56,9.593,9.622,9.657,9.691,9.727,9.756,9.782,9.812,9.841,9.878,9.908,9.937,9.972,9.999,10.037,10.07,10.099,10.127,10.157,10.194,10.228,10.258,10.301,10.337,10.385,10.421,10.473,10.506,10.539,10.581,10.619,10.658,10.692,10.736,10.78,10.82,10.874,10.921,10.972,11.026,11.082,11.144,11.202,11.28,11.338,11.422,11.517,11.626,11.785,11.911,12.072,12.35,12.726,13.799
74,OTH FP,5.587,6.772,7.073,7.33,7.499,7.653,7.742,7.82,7.889,7.954,8.008,8.086,8.159,8.227,8.293,8.361,8.421,8.468,8.51,8.548,8.593,8.634,8.679,8.727,8.775,8.82,8.875,8.928,8.974,9.01,9.041,9.079,9.12,9.164,9.19,9.217,9.247,9.277,9.305,9.339,9.373,9.406,9.433,9.464,9.5,9.536,9.565,9.599,9.635,9.663,9.699,9.739,9.775,9.806,9.831,9.855,9.89,9.921,9.96,9.99,10.017,10.059,10.09,10.121,10.166,10.2,10.232,10.263,10.297,10.327,10.368,10.402,10.438,10.478,10.513,10.557,10.594,10.64,10.686,10.73,10.769,10.816,10.883,10.924,10.965,11.028,11.056,11.115,11.175,11.249,11.302,11.397,11.484,11.577,11.676,11.824,11.975,12.161,12.337,12.757,13.804
75,OTH FP,5.587,6.772,7.073,7.33,7.499,7.653,7.742,7.82,7.889,7.954,8.008,8.086,8.159,8.227,8.293,8.361,8.421,8.468,8.51,8.548,8.593,8.634,8.679,8.727,8.775,8.82,8.875,8.928,8.974,9.01,9.041,9.079,9.12,9.164,9.19,9.217,9.247,9.277,9.305,9.339,9.373,9.406,9.433,9.464,9.5,9.536,9.565,9.599,9.635,9.663,9.699,9.739,9.775,9.806,9.831,9.855,9.89,9.921,9.96,9.99,10.017,10.059,10.09,10.121,10.166,10.2,10.232,10.263,10.297,10.327,10.368,10.402,10.438,10.478,10.513,10.557,10.594,10.64,10.686,10.73,10.769,10.816,10.883,10.924,10.965,11.028,11.056,11.115,11.175,11.249,11.302,11.397,11.484,11.577,11.676,11.824,11.975,12.161,12.337,12.757,13.804
76,OTH FP,5.755,6.739,7.059,7.328,7.5,7.627,7.713,7.807,7.877,7.95,8.026,8.1,8.192,8.27,8.309,8.356,8.412,8.466,8.521,8.582,8.636,8.685,8.73,8.775,8.821,8.857,8.903,8.938,8.98,9.009,9.056,9.085,9.126,9.157,9.19,9.235,9.264,9.298,9.347,9.374,9.407,9.444,9.474,9.507,9.532,9.56,9.583,9.619,9.653,9.69,9.718,9.752,9.784,9.811,9.845,9.883,9.915,9.943,9.977,10.008,10.048,10.087,10.116,10.149,10.18,10.208,10.248,10.283,10.317,10.354,10.387,10.433,10.472,10.51,10.553,10.593,10.624,10.667,10.706,10.759,10.798,10.846,10.895,10.947,11.004,11.056,11.108,11.161,11.232,11.311,11.376,11.44,11.505,11.593,11.684,11.794,11.989,12.156,12.365,12.742,13.655
77,OTH FP,5.755,6.739,7.059,7.328,7.5,7.627,7.713,7.807,7.877,7.95,8.026,8.1,8.192,8.27,8.309,8.356,8.412,8.466,8.521,8.582,8.636,8.685,8.73,8.775,8.821,8.857,8.903,8.938,8.98,9.009,9.056,9.085,9.126,9.157,9.19,9.235,9.264,9.298,9.347,9.374,9.407,9.444,9.474,9.507,9.532,9.56,9.583,9.619,9.653,9.69,9.718,9.752,9.784,9.811,9.845,9.883,9.915,9.943,9.977,10.008,10.048,10.087,10.116,10.149,10.18,10.208,10.248,10.283,10.317,10.354,10.387,10.433,10.472,10.51,10.553,10.593,10.624,10.667,10.706,10.759,10.798,10.846,10.895,10.947,11.004,11.056,11.108,11.161,11.232,11.311,11.376,11.44,11.505,11.593,11.684,11.794,11.989,12.156,12.365,12.742,13.655
78,OTH FP,5.868,6.763,7.129,7.287,7.471,7.606,7.719,7.829,7.92,7.996,8.061,8.121,8.203,8.252,8.318,8.373,8.419,8.492,8.541,8.59,8.642,8.696,8.737,8.78,8.823,8.871,8.91,8.953,8.989,9.024,9.066,9.108,9.142,9.179,9.213,9.248,9.277,9.297,9.332,9.368,9.404,9.442,9.472,9.502,9.539,9.585,9.622,9.648,9.674,9.699,9.736,9.765,9.802,9.833,9.859,9.893,9.928,9.959,9.998,10.028,10.061,10.094,10.133,10.179,10.215,10.25,10.28,10.307,10.342,10.375,10.409,10.441,10.493,10.538,10.587,10.629,10.677,10.733,10.769,10.811,10.855,10.896,10.95,11.02,11.068,11.129,11.18,11.233,11.285,11.342,11.388,11.46,11.546,11.633,11.755,11.852,11.988,12.164,12.394,12.744,13.708
79,OTH FP,5.868,6.763,7.129,7.287,7.471,7.606,7.719,7.829,7.92,7.996,8.061,8.121,8.203,8.252,8.318,8.373,8.419,8.492,8.541,8.59,8.642,8.696,8.737,8.78,8.823,8.871,8.91,8.953,8.989,9.024,9.066,9.108,9.142,9.179,9.213,9.248,9.277,9.297,9.332,9.368,9.404,9.442,9.472,9.502,9.539,9.585,9.622,9.648,9.674,9.699,9.736,9.765,9.802,9.833,9.859,9.893,9.928,9.959,9.998,10.028,10.061,10.094,10.133,10.179,10.215,10.25,10.28,10.307,10.342,10.375,10.409,10.441,10.493,10.538,10.587,10.629,10.677,10.733,10.769,10.811,10.855,10.896,10.95,11.02,11.068,11.129,11.18,11.233,11.285,11.342,11.388,11.46,11.546,11.633,11.755,11.852,11.988,12.164,12.394,12.744,13.708
80,OTH FP,6.109,6.678,7.084,7.338,7.505,7.647,7.737,7.823,7.914,7.98,8.05,8.13,8.205,8.258,8.318,8.375,8.421,8.482,8.537,8.601,8.649,8.688,8.723,8.772,8.816,8.859,8.888,8.945,8.988,9.033,9.079,9.112,9.148,9.181,9.223,9.25,9.29,9.329,9.364,9.399,9.439,9.471,9.503,9.532,9.568,9.601,9.638,9.682,9.708,9.733,9.765,9.806,9.835,9.865,9.894,9.923,9.948,9.973,10.017,10.053,10.095,10.127,10.159,10.193,10.244,10.273,10.307,10.351,10.386,10.429,10.47,10.507,10.542,10.58,10.615,10.675,10.725,10.76,10.792,10.831,10.891,10.933,10.974,11.021,11.068,11.124,11.175,11.227,11.297,11.384,11.456,11.526,11.586,11.652,11.759,11.88,11.995,12.177,12.397,12.662,13.655
81,OTH FP,6.109,6.678,7.084,7.338,7.505,7.647,7.737,7.823,7.914,7.98,8.05,8.13,8.205,8.258,8.318,8.375,8.421,8.482,8.537,8.601,8.649,8.688,8.723,8.772,8.816,8.859,8.888,8.945,8.988,9.033,9.079,9.112,9.148,9.181,9.223,9.25,9.29,9.329,9.364,9.399,9.439,9.471,9.503,9.532,9.568,9.601,9.638,9.682,9.708,9.733,9.765,9.806,9.835,9.865,9.894,9.923,9.948,9.973,10.017,10.053,10.095,10.127,10.159,10.193,10.244,10.273,10.307,10.351,10.386,10.429,10.47,10.507,10.542,10.58,10.615,10.675,10.725,10.76,10.792,10.831,10.891,10.933,10.974,11.021,11.068,11.124,11.175,11.227,11.297,11.384,11.456,11.526,11.586,11.652,11.759,11.88,11.995,12.177,12.397,12.662,13.655
82,OTH FP,5.873,6.704,7.065,7.319,7.487,7.622,7.715,7.807,7.892,8.0,8.05,8.123,8.201,8.255,8.307,8.363,8.419,8.475,8.53,8.581,8.633,8.683,8.731,8.793,8.837,8.882,8.919,8.959,9.0,9.044,9.096,9.123,9.164,9.202,9.235,9.274,9.313,9.339,9.366,9.402,9.437,9.465,9.494,9.53,9.562,9.605,9.645,9.681,9.711,9.741,9.774,9.81,9.845,9.872,9.901,9.945,9.983,10.021,10.05,10.083,10.111,10.144,10.169,10.206,10.235,10.273,10.305,10.349,10.383,10.421,10.457,10.496,10.544,10.589,10.625,10.672,10.713,10.752,10.802,10.849,10.887,10.927,10.976,11.019,11.079,11.125,11.185,11.258,11.304,11.373,11.461,11.535,11.606,11.677,11.785,11.904,12.042,12.21,12.397,12.729,13.581
83,OTH FP,5.873,6.704,7.065,7.319,7.487,7.622,7.715,7.807,7.892,8.0,8.05,8.123,8.201,8.255,8.307,8.363,8.419,8.475,8.53,8.581,8.633,8.683,8.731,8.793,8.837,8.882,8.919,8.959,9.0,9.044,9.096,9.123,9.164,9.202,9.235,9.274,9.313,9.339,9.366,9.402,9.437,9.465,9.494,9.53,9.562,9.605,9.645,9.681,9.711,9.741,9.774,9.81,9.845,9.872,9.901,9.945,9.983,10.021,10.05,10.083,10.111,10.144,10.169,10.206,10.235,10.273,10.305,10.349,10.383,10.421,10.457,10.496,10.544,10.589,10.625,10.672,10.713,10.752,10.802,10.849,10.887,10.927,10.976,11.019,11.079,11.125,11.185,11.258,11.304,11.373,11.461,11.535,11.606,11.677,11.785,11.904,12.042,12.21,12.397,12.729,13.581
84,OTH FP,5.797,6.759,7.035,7.278,7.505,7.639,7.745,7.848,7.948,8.028,8.094,8.17,8.231,8.289,8.349,8.405,8.464,8.503,8.563,8.606,8.664,8.708,8.752,8.8,8.845,8.889,8.928,8.962,8.994,9.04,9.082,9.118,9.155,9.195,9.23,9.278,9.312,9.351,9.386,9.424,9.458,9.484,9.52,9.549,9.596,9.63,9.662,9.694,9.734,9.765,9.802,9.833,9.869,9.899,9.93,9.958,9.991,10.023,10.06,10.093,10.136,10.166,10.201,10.236,10.26,10.292,10.331,10.372,10.415,10.444,10.486,10.519,10.556,10.594,10.63,10.676,10.709,10.753,10.805,10.855,10.9,10.955,11.005,11.058,11.104,11.156,11.223,11.271,11.337,11.409,11.474,11.562,11.639,11.745,11.845,11.961,12.081,12.225,12.42,12.722,13.762
85,OTH FP,5.797,6.759,7.035,7.278,7.505,7.639,7.745,7.848,7.948,8.028,8.094,8.17,8.231,8.289,8.349,8.405,8.464,8.503,8.563,8.606,8.664,8.708,8.752,8.8,8.845,8.889,8.928,8.962,8.994,9.04,9.082,9.118,9.155,9.195,9.23,9.278,9.312,9.351,9.386,9.424,9.458,9.484,9.52,9.549,9.596,9.63,9.662,9.694,9.734,9.765,9.802,9.833,9.869,9.899,9.93,9.958,9.991,10.023,10.06,10.093,10.136,10.166,10.201,10.236,10.26,10.292,10.331,10.372,10.415,10.444,10.486,10.519,10.556,10.594,10.63,10.676,10.709,10.753,10.805,10.855,10.9,10.955,11.005,11.058,11.104,11.156,11.223,11.271,11.337,11.409,11.474,11.562,11.639,11.745,11.845,11.961,12.081,12.225,12.42,12.722,13.762
86,OTH FP,5.886,6.79,7.06,7.294,7.507,7.643,7.77,7.865,7.944,8.022,8.098,8.167,8.238,8.311,8.365,8.432,8.484,8.536,8.594,8.647,8.686,8.741,8.772,8.814,8.847,8.905,8.954,9.006,9.042,9.075,9.12,9.154,9.192,9.23,9.271,9.304,9.352,9.383,9.42,9.455,9.486,9.511,9.552,9.581,9.611,9.645,9.675,9.701,9.731,9.758,9.804,9.833,9.857,9.902,9.936,9.963,9.995,10.033,10.073,10.102,10.137,10.173,10.225,10.269,10.295,10.331,10.369,10.411,10.456,10.481,10.521,10.551,10.585,10.624,10.66,10.695,10.747,10.798,10.851,10.899,10.942,10.986,11.035,11.094,11.146,11.198,11.254,11.313,11.37,11.429,11.495,11.555,11.625,11.734,11.823,11.934,12.055,12.202,12.471,12.767,13.83
87,OTH FP,5.886,6.79,7.06,7.294,7.507,7.643,7.77,7.865,7.944,8.022,8.098,8.167,8.238,8.311,8.365,8.432,8.484,8.536,8.594,8.647,8.686,8.741,8.772,8.814,8.847,8.905,8.954,9.006,9.042,9.075,9.12,9.154,9.192,9.23,9.271,9.304,9.352,9.383,9.42,9.455,9.486,9.511,9.552,9.581,9.611,9.645,9.675,9.701,9.731,9.758,9.804,9.833,9.857,9.902,9.936,9.963,9.995,10.033,10.073,10.102,10.137,10.173,10.225,10.269,10.295,10.331,10.369,10.411,10.456,10.481,10.521,10.551,10.585,10.624,10.66,10.695,10.747,10.798,10.851,10.899,10.942,10.986,11.035,11.094,11.146,11.198,11.254,11.313,11.37,11.429,11.495,11.555,11.625,11.734,11.823,11.934,12.055,12.202,12.471,12.767,13.83
88,OTH FP,5.748,6.758,7.093,7.311,7.467,7.602,7.719,7.848,7.936,8.034,8.151,8.221,8.296,8.369,8.443,8.492,8.549,8.591,8.64,8.691,8.737,8.778,8.821,8.862,8.904,8.949,8.99,9.028,9.071,9.111,9.16,9.198,9.234,9.275,9.298,9.333,9.363,9.396,9.439,9.465,9.499,9.532,9.566,9.604,9.645,9.674,9.706,9.736,9.769,9.812,9.84,9.886,9.917,9.953,9.98,10.019,10.055,10.084,10.117,10.144,10.176,10.203,10.246,10.285,10.317,10.369,10.403,10.434,10.465,10.504,10.539,10.57,10.61,10.659,10.703,10.736,10.772,10.811,10.858,10.913,10.957,11.012,11.073,11.131,11.189,11.252,11.316,11.367,11.412,11.468,11.535,11.588,11.685,11.753,11.852,11.953,12.068,12.268,12.441,12.83,14.205
89,OTH FP,5.748,6.758,7.093,7.311,7.467,7.602,7.719,7.848,7.936,8.034,8.151,8.221,8.296,8.369,8.443,8.492,8.549,8.591,8.64,8.691,8.737,8.778,8.821,8.862,8.904,8.949,8.99,9.028,9.071,9.111,9.16,9.198,9.234,9.275,9.298,9.333,9.363,9.396,9.439,9.465,9.499,9.532,9.566,9.604,9.645,9.674,9.706,9.736,9.769,9.812,9.84,9.886,9.917,9.953,9.98,10.019,10.055,10.084,10.117,10.144,10.176,10.203,10.246,10.285,10.317,10.369,10.403,10.434,10.465,10.504,10.539,10.57,10.61,10.659,10.703,10.736,10.772,10.811,10.858,10.913,10.957,11.012,11.073,11.131,11.189,11.252,11.316,11.367,11.412,11.468,11.535,11.588,11.685,11.753,11.852,11.953,12.068,12.268,12.441,12.83,14.205
90,OTH FP,5.855,6.752,7.102,7.345,7.469,7.654,7.763,7.858,7.953,8.056,8.142,8.217,8.275,8.352,8.413,8.479,8.534,8.588,8.649,8.695,8.741,8.782,8.833,8.885,8.919,8.96,8.998,9.033,9.073,9.107,9.147,9.184,9.226,9.268,9.299,9.332,9.37,9.413,9.449,9.481,9.518,9.546,9.581,9.613,9.65,9.678,9.707,9.745,9.774,9.814,9.843,9.881,9.912,9.95,9.979,10.008,10.044,10.081,10.115,10.152,10.191,10.225,10.257,10.289,10.323,10.362,10.392,10.436,10.479,10.51,10.555,10.596,10.628,10.665,10.721,10.767,10.805,10.846,10.893,10.931,10.98,11.031,11.081,11.128,11.183,11.241,11.3,11.347,11.416,11.485,11.579,11.67,11.729,11.812,11.901,12.006,12.153,12.291,12.462,12.801,14.009
91,OTH FP,5.855,6.752,7.102,7.345,7.469,7.654,7.763,7.858,7.953,8.056,8.142,8.217,8.275,8.352,8.413,8.479,8.534,8.588,8.649,8.695,8.741,8.782,8.833,8.885,8.919,8.96,8.998,9.033,9.073,9.107,9.147,9.184,9.226,9.268,9.299,9.332,9.37,9.413,9.449,9.481,9.518,9.546,9.581,9.613,9.65,9.678,9.707,9.745,9.774,9.814,9.843,9.881,9.912,9.95,9.979,10.008,10.044,10.081,10.115,10.152,10.191,10.225,10.257,10.289,10.323,10.362,10.392,10.436,10.479,10.51,10.555,10.596,10.628,10.665,10.721,10.767,10.805,10.846,10.893,10.931,10.98,11.031,11.081,11.128,11.183,11.241,11.3,11.347,11.416,11.485,11.579,11.67,11.729,11.812,11.901,12.006,12.153,12.291,12.462,12.801,14.009
92,OTH FP,6.179,6.875,7.176,7.349,7.521,7.622,7.794,7.883,8.011,8.111,8.206,8.267,8.317,8.379,8.438,8.503,8.549,8.613,8.66,8.704,8.748,8.801,8.862,8.908,8.949,8.995,9.049,9.098,9.13,9.168,9.203,9.242,9.264,9.296,9.332,9.369,9.405,9.441,9.477,9.512,9.543,9.575,9.606,9.631,9.667,9.697,9.728,9.759,9.801,9.831,9.871,9.91,9.935,9.967,10.003,10.035,10.072,10.108,10.142,10.18,10.212,10.25,10.279,10.309,10.337,10.368,10.401,10.438,10.473,10.513,10.547,10.592,10.632,10.677,10.71,10.751,10.791,10.826,10.867,10.922,10.973,11.033,11.078,11.104,11.172,11.243,11.291,11.343,11.397,11.464,11.535,11.606,11.672,11.785,11.915,11.988,12.122,12.294,12.483,12.776,14.082
93,OTH FP,6.179,6.875,7.176,7.349,7.521,7.622,7.794,7.883,8.011,8.111,8.206,8.267,8.317,8.379,8.438,8.503,8.549,8.613,8.66,8.704,8.748,8.801,8.862,8.908,8.949,8.995,9.049,9.098,9.13,9.168,9.203,9.242,9.264,9.296,9.332,9.369,9.405,9.441,9.477,9.512,9.543,9.575,9.606,9.631,9.667,9.697,9.728,9.759,9.801,9.831,9.871,9.91,9.935,9.967,10.003,10.035,10.072,10.108,10.142,10.18,10.212,10.25,10.279,10.309,10.337,10.368,10.401,10.438,10.473,10.513,10.547,10.592,10.632,10.677,10.71,10.751,10.791,10.826,10.867,10.922,10.973,11.033,11.078,11.104,11.172,11.243,11.291,11.343,11.397,11.464,11.535,11.606,11.672,11.785,11.915,11.988,12.122,12.294,12.483,12.776,14.082
94,OTH FP,5.815,6.867,7.148,7.371,7.518,7.652,7.799,7.928,8.035,8.117,8.222,8.277,8.36,8.431,8.49,8.552,8.602,8.653,8.705,8.763,8.814,8.861,8.909,8.947,8.981,9.02,9.05,9.084,9.121,9.155,9.189,9.229,9.272,9.305,9.342,9.382,9.421,9.469,9.506,9.539,9.572,9.607,9.629,9.667,9.706,9.736,9.763,9.804,9.837,9.861,9.9,9.925,9.954,9.989,10.027,10.063,10.105,10.145,10.177,10.208,10.239,10.271,10.302,10.343,10.373,10.412,10.44,10.478,10.51,10.55,10.591,10.623,10.658,10.702,10.731,10.78,10.819,10.861,10.899,10.948,10.987,11.031,11.077,11.126,11.165,11.222,11.274,11.337,11.396,11.475,11.536,11.601,11.685,11.766,11.893,11.995,12.129,12.293,12.536,12.917,13.901
95,OTH FP,5.815,6.867,7.148,7.371,7.518,7.652,7.799,7.928,8.035,8.117,8.222,8.277,8.36,8.431,8.49,8.552,8.602,8.653,8.705,8.763,8.814,8.861,8.909,8.947,8.981,9.02,9.05,9.084,9.121,9.155,9.189,9.229,9.272,9.305,9.342,9.382,9.421,9.469,9.506,9.539,9.572,9.607,9.629,9.667,9.706,9.736,9.763,9.804,9.837,9.861,9.9,9.925,9.954,9.989,10.027,10.063,10.105,10.145,10.177,10.208,10.239,10.271,10.302,10.343,10.373,10.412,10.44,10.478,10.51,10.55,10.591,10.623,10.658,10.702,10.731,10.78,10.819,10.861,10.899,10.948,10.987,11.031,11.077,11.126,11.165,11.222,11.274,11.337,11.396,11.475,11.536,11.601,11.685,11.766,11.893,11.995,12.129,12.293,12.536,12.917,13.901
96,OTH FP,5.815,6.913,7.202,7.447,7.607,7.709,7.847,7.976,8.059,8.149,8.229,8.297,8.377,8.44,8.518,8.591,8.656,8.709,8.758,8.807,8.852,8.902,8.949,8.984,9.028,9.068,9.106,9.142,9.177,9.224,9.255,9.296,9.327,9.367,9.4,9.434,9.479,9.516,9.552,9.575,9.62,9.643,9.683,9.718,9.753,9.79,9.823,9.85,9.872,9.914,9.948,9.983,10.018,10.062,10.096,10.137,10.17,10.202,10.236,10.27,10.313,10.349,10.376,10.406,10.441,10.469,10.498,10.54,10.578,10.618,10.65,10.686,10.714,10.752,10.781,10.82,10.86,10.91,10.948,10.98,11.025,11.063,11.116,11.158,11.207,11.264,11.321,11.379,11.447,11.508,11.581,11.656,11.737,11.835,11.939,12.058,12.181,12.347,12.643,12.976,13.885
97,OTH FP,5.815,6.913,7.202,7.447,7.607,7.709,7.847,7.976,8.059,8.149,8.229,8.297,8.377,8.44,8.518,8.591,8.656,8.709,8.758,8.807,8.852,8.902,8.949,8.984,9.028,9.068,9.106,9.142,9.177,9.224,9.255,9.296,9.327,9.367,9.4,9.434,9.479,9.516,9.552,9.575,9.62,9.643,9.683,9.718,9.753,9.79,9.823,9.85,9.872,9.914,9.948,9.983,10.018,10.062,10.096,10.137,10.17,10.202,10.236,10.27,10.313,10.349,10.376,10.406,10.441,10.469,10.498,10.54,10.578,10.618,10.65,10.686,10.714,10.752,10.781,10.82,10.86,10.91,10.948,10.98,11.025,11.063,11.116,11.158,11.207,11.264,11.321,11.379,11.447,11.508,11.581,11.656,11.737,11.835,11.939,12.058,12.181,12.347,12.643,12.976,13.885
98,OTH FP,5.985,6.907,7.246,7.443,7.603,7.749,7.907,8.032,8.129,8.227,8.299,8.372,8.464,8.51,8.577,8.644,8.703,8.751,8.804,8.846,8.881,8.936,8.989,9.025,9.076,9.121,9.172,9.216,9.253,9.283,9.325,9.357,9.4,9.44,9.47,9.509,9.542,9.574,9.595,9.641,9.674,9.707,9.729,9.756,9.791,9.83,9.858,9.892,9.933,9.968,10.009,10.047,10.074,10.103,10.143,10.181,10.213,10.243,10.27,10.307,10.343,10.375,10.411,10.457,10.488,10.512,10.54,10.569,10.608,10.649,10.686,10.723,10.766,10.798,10.832,10.866,10.906,10.945,10.986,11.035,11.081,11.12,11.156,11.206,11.282,11.332,11.384,11.441,11.495,11.554,11.64,11.718,11.799,11.879,11.994,12.098,12.219,12.459,12.665,13.116,13.894
99,OTH FP,5.985,6.907,7.246,7.443,7.603,7.749,7.907,8.032,8.129,8.227,8.299,8.372,8.464,8.51,8.577,8.644,8.703,8.751,8.804,8.846,8.881,8.936,8.989,9.025,9.076,9.121,9.172,9.216,9.253,9.283,9.325,9.357,9.4,9.44,9.47,9.509,9.542,9.574,9.595,9.641,9.674,9.707,9.729,9.756,9.791,9.83,9.858,9.892,9.933,9.968,10.009,10.047,10.074,10.103,10.143,10.181,10.213,10.243,10.27,10.307,10.343,10.375,10.411,10.457,10.488,10.512,10.54,10.569,10.608,10.649,10.686,10.723,10.766,10.798,10.832,10.866,10.906,10.945,10.986,11.035,11.081,11.12,11.156,11.206,11.282,11.332,11.384,11.441,11.495,11.554,11.64,11.718,11.799,11.879,11.994,12.098,12.219,12.459,12.665,13.116,13.894
100,OTH FP,6.206,6.943,7.241,7.494,7.717,7.851,7.958,8.089,8.179,8.261,8.336,8.427,8.506,8.588,8.649,8.704,8.77,8.817,8.884,8.935,8.975,9.015,9.051,9.092,9.137,9.171,9.204,9.257,9.298,9.341,9.383,9.432,9.468,9.508,9.551,9.588,9.624,9.659,9.694,9.726,9.767,9.79,9.816,9.843,9.87,9.895,9.929,9.959,9.981,10.003,10.033,10.065,10.105,10.138,10.176,10.199,10.232,10.269,10.307,10.338,10.385,10.434,10.46,10.497,10.526,10.563,10.591,10.619,10.654,10.683,10.717,10.76,10.794,10.828,10.876,10.918,10.956,10.995,11.036,11.077,11.134,11.181,11.235,11.277,11.336,11.39,11.449,11.51,11.564,11.62,11.7,11.773,11.833,11.916,12.02,12.149,12.299,12.506,12.757,13.176,14.066
101,OTH FP,6.206,6.943,7.241,7.494,7.717,7.851,7.958,8.089,8.179,8.261,8.336,8.427,8.506,8.588,8.649,8.704,8.77,8.817,8.884,8.935,8.975,9.015,9.051,9.092,9.137,9.171,9.204,9.257,9.298,9.341,9.383,9.432,9.468,9.508,9.551,9.588,9.624,9.659,9.694,9.726,9.767,9.79,9.816,9.843,9.87,9.895,9.929,9.959,9.981,10.003,10.033,10.065,10.105,10.138,10.176,10.199,10.232,10.269,10.307,10.338,10.385,10.434,10.46,10.497,10.526,10.563,10.591,10.619,10.654,10.683,10.717,10.76,10.794,10.828,10.876,10.918,10.956,10.995,11.036,11.077,11.134,11.181,11.235,11.277,11.336,11.39,11.449,11.51,11.564,11.62,11.7,11.773,11.833,11.916,12.02,12.149,12.299,12.506,12.757,13.176,14.066
102,OTH FP,6.238,7.066,7.352,7.557,7.74,7.905,8.023,8.155,8.257,8.373,8.453,8.503,8.554,8.602,8.672,8.725,8.792,8.835,8.895,8.939,8.998,9.059,9.095,9.146,9.192,9.243,9.285,9.331,9.368,9.405,9.445,9.486,9.511,9.549,9.582,9.614,9.643,9.686,9.724,9.757,9.795,9.826,9.852,9.888,9.917,9.937,9.964,10.001,10.029,10.059,10.088,10.113,10.155,10.181,10.221,10.256,10.289,10.326,10.362,10.396,10.43,10.46,10.49,10.521,10.552,10.587,10.622,10.654,10.691,10.73,10.776,10.818,10.851,10.887,10.921,10.956,11.0,11.041,11.085,11.135,11.175,11.22,11.271,11.311,11.365,11.409,11.483,11.532,11.599,11.675,11.741,11.803,11.879,11.986,12.104,12.217,12.328,12.481,12.787,13.183,14.321
103,OTH FP,6.238,7.066,7.352,7.557,7.74,7.905,8.023,8.155,8.257,8.373,8.453,8.503,8.554,8.602,8.672,8.725,8.792,8.835,8.895,8.939,8.998,9.059,9.095,9.146,9.192,9.243,9.285,9.331,9.368,9.405,9.445,9.486,9.511,9.549,9.582,9.614,9.643,9.686,9.724,9.757,9.795,9.826,9.852,9.888,9.917,9.937,9.964,10.001,10.029,10.059,10.088,10.113,10.155,10.181,10.221,10.256,10.289,10.326,10.362,10.396,10.43,10.46,10.49,10.521,10.552,10.587,10.622,10.654,10.691,10.73,10.776,10.818,10.851,10.887,10.921,10.956,11.0,11.041,11.085,11.135,11.175,11.22,11.271,11.311,11.365,11.409,11.483,11.532,11.599,11.675,11.741,11.803,11.879,11.986,12.104,12.217,12.328,12.481,12.787,13.183,14.321
104,OTH FP,6.258,7.125,7.456,7.627,7.843,7.98,8.129,8.214,8.31,8.387,8.454,8.524,8.604,8.667,8.743,8.787,8.848,8.903,8.954,8.998,9.053,9.106,9.152,9.185,9.232,9.287,9.32,9.364,9.4,9.442,9.479,9.519,9.552,9.606,9.638,9.671,9.701,9.727,9.758,9.797,9.83,9.85,9.883,9.925,9.956,9.994,10.035,10.077,10.103,10.135,10.165,10.187,10.22,10.244,10.271,10.306,10.333,10.376,10.407,10.451,10.483,10.517,10.549,10.576,10.61,10.644,10.689,10.732,10.761,10.809,10.839,10.875,10.905,10.941,10.974,11.01,11.056,11.093,11.136,11.165,11.204,11.26,11.316,11.367,11.409,11.459,11.501,11.569,11.653,11.723,11.8,11.867,11.949,12.049,12.15,12.281,12.414,12.614,12.823,13.234,14.105
105,OTH FP,6.258,7.125,7.456,7.627,7.843,7.98,8.129,8.214,8.31,8.387,8.454,8.524,8.604,8.667,8.743,8.787,8.848,8.903,8.954,8.998,9.053,9.106,9.152,9.185,9.232,9.287,9.32,9.364,9.4,9.442,9.479,9.519,9.552,9.606,9.638,9.671,9.701,9.727,9.758,9.797,9.83,9.85,9.883,9.925,9.956,9.994,10.035,10.077,10.103,10.135,10.165,10.187,10.22,10.244,10.271,10.306,10.333,10.376,10.407,10.451,10.483,10.517,10.549,10.576,10.61,10.644,10.689,10.732,10.761,10.809,10.839,10.875,10.905,10.941,10.974,11.01,11.056,11.093,11.136,11.165,11.204,11.26,11.316,11.367,11.409,11.459,11.501,11.569,11.653,11.723,11.8,11.867,11.949,12.049,12.15,12.281,12.414,12.614,12.823,13.234,14.105
106,OTH FP,6.144,7.135,7.46,7.694,7.914,8.047,8.181,8.268,8.373,8.441,8.529,8.595,8.653,8.732,8.791,8.867,8.915,8.955,9.023,9.08,9.121,9.167,9.202,9.246,9.283,9.333,9.38,9.423,9.465,9.511,9.538,9.575,9.608,9.644,9.675,9.703,9.735,9.772,9.813,9.852,9.878,9.917,9.946,9.98,10.006,10.041,10.076,10.107,10.138,10.164,10.186,10.219,10.256,10.281,10.321,10.345,10.379,10.421,10.456,10.49,10.522,10.559,10.589,10.61,10.641,10.675,10.716,10.761,10.796,10.831,10.865,10.9,10.933,10.973,11.001,11.039,11.067,11.101,11.147,11.191,11.255,11.297,11.332,11.382,11.422,11.492,11.582,11.635,11.695,11.774,11.83,11.909,11.98,12.072,12.203,12.314,12.465,12.616,12.857,13.263,14.159
107,OTH FP,6.144,7.135,7.46,7.694,7.914,8.047,8.181,8.268,8.373,8.441,8.529,8.595,8.653,8.732,8.791,8.867,8.915,8.955,9.023,9.08,9.121,9.167,9.202,9.246,9.283,9.333,9.38,9.423,9.465,9.511,9.538,9.575,9.608,9.644,9.675,9.703,9.735,9.772,9.813,9.852,9.878,9.917,9.946,9.98,10.006,10.041,10.076,10.107,10.138,10.164,10.186,10.219,10.256,10.281,10.321,10.345,10.379,10.421,10.456,10.49,10.522,10.559,10.589,10.61,10.641,10.675,10.716,10.761,10.796,10.831,10.865,10.9,10.933,10.973,11.001,11.039,11.067,11.101,11.147,11.191,11.255,11.297,11.332,11.382,11.422,11.492,11.582,11.635,11.695,11.774,11.83,11.909,11.98,12.072,12.203,12.314,12.465,12.616,12.857,13.263,14.159
108,OTH FP,6.275,7.142,7.487,7.737,7.906,8.078,8.173,8.294,8.392,8.501,8.582,8.66,8.728,8.794,8.876,8.918,8.98,9.024,9.082,9.13,9.184,9.223,9.269,9.308,9.355,9.388,9.434,9.474,9.503,9.534,9.568,9.616,9.652,9.691,9.722,9.756,9.786,9.824,9.852,9.877,9.905,9.936,9.977,10.011,10.047,10.081,10.109,10.15,10.182,10.209,10.235,10.269,10.304,10.342,10.387,10.417,10.439,10.474,10.51,10.553,10.581,10.623,10.656,10.695,10.73,10.763,10.797,10.824,10.846,10.879,10.91,10.938,10.97,11.005,11.046,11.088,11.131,11.183,11.234,11.279,11.334,11.383,11.439,11.477,11.53,11.599,11.644,11.699,11.756,11.81,11.888,11.957,12.026,12.11,12.204,12.316,12.497,12.72,12.96,13.309,14.389
109,OTH FP,6.275,7.142,7.487,7.737,7.906,8.078,8.173,8.294,8.392,8.501,8.582,8.66,8.728,8.794,8.876,8.918,8.98,9.024,9.082,9.13,9.184,9.223,9.269,9.308,9.355,9.388,9.434,9.474,9.503,9.534,9.568,9.616,9.652,9.691,9.722,9.756,9.786,9.824,9.852,9.877,9.905,9.936,9.977,10.011,10.047,10.081,10.109,10.15,10.182,10.209,10.235,10.269,10.304,10.342,10.387,10.417,10.439,10.474,10.51,10.553,10.581,10.623,10.656,10.695,10.73,10.763,10.797,10.824,10.846,10.879,10.91,10.938,10.97,11.005,11.046,11.088,11.131,11.183,11.234,11.279,11.334,11.383,11.439,11.477,11.53,11.599,11.644,11.699,11.756,11.81,11.888,11.957,12.026,12.11,12.204,12.316,12.497,12.72,12.96,13.309,14.389
110,OTH FP,6.332,7.245,7.594,7.82,7.976,8.139,8.26,8.392,8.487,8.583,8.672,8.739,8.808,8.862,8.912,8.975,9.04,9.078,9.137,9.19,9.238,9.281,9.331,9.376,9.413,9.451,9.487,9.523,9.563,9.613,9.637,9.674,9.705,9.74,9.774,9.81,9.838,9.869,9.903,9.943,9.976,10.014,10.048,10.079,10.104,10.143,10.17,10.209,10.246,10.271,10.302,10.338,10.375,10.403,10.43,10.46,10.501,10.54,10.572,10.61,10.65,10.699,10.722,10.76,10.789,10.829,10.865,10.893,10.922,10.948,10.983,11.018,11.049,11.082,11.117,11.171,11.214,11.256,11.302,11.34,11.379,11.417,11.459,11.506,11.568,11.625,11.673,11.732,11.795,11.847,11.904,11.98,12.053,12.139,12.264,12.412,12.562,12.748,13.035,13.341,14.292
111,OTH FP,6.332,7.245,7.594,7.82,7.976,8.139,8.26,8.392,8.487,8.583,8.672,8.739,8.808,8.862,8.912,8.975,9.04,9.078,9.137,9.19,9.238,9.281,9.331,9.376,9.413,9.451,9.487,9.523,9.563,9.613,9.637,9.674,9.705,9.74,9.774,9.81,9.838,9.869,9.903,9.943,9.976,10.014,10.048,10.079,10.104,10.143,10.17,10.209,10.246,10.271,10.302,10.338,10.375,10.403,10.43,10.46,10.501,10.54,10.572,10.61,10.65,10.699,10.722,10.76,10.789,10.829,10.865,10.893,10.922,10.948,10.983,11.018,11.049,11.082,11.117,11.171,11.214,11.256,11.302,11.34,11.379,11.417,11.459,11.506,11.568,11.625,11.673,11.732,11.795,11.847,11.904,11.98,12.053,12.139,12.264,12.412,12.562,12.748,13.035,13.341,14.292
112,OTH FP,6.303,7.376,7.72,7.892,8.068,8.215,8.354,8.461,8.579,8.646,8.722,8.778,8.88,8.949,8.994,9.056,9.116,9.159,9.203,9.243,9.295,9.336,9.374,9.416,9.457,9.501,9.54,9.573,9.613,9.64,9.678,9.711,9.752,9.78,9.827,9.876,9.907,9.939,9.973,10.005,10.032,10.055,10.09,10.123,10.162,10.19,10.235,10.272,10.31,10.341,10.368,10.404,10.429,10.467,10.507,10.537,10.573,10.615,10.644,10.678,10.707,10.737,10.775,10.802,10.837,10.87,10.902,10.93,10.965,10.987,11.02,11.048,11.09,11.125,11.172,11.205,11.249,11.289,11.343,11.388,11.428,11.485,11.522,11.576,11.612,11.665,11.721,11.784,11.835,11.904,11.971,12.079,12.138,12.215,12.298,12.429,12.583,12.731,12.997,13.335,14.253
113,OTH FP,6.303,7.376,7.72,7.892,8.068,8.215,8.354,8.461,8.579,8.646,8.722,8.778,8.88,8.949,8.994,9.056,9.116,9.159,9.203,9.243,9.295,9.336,9.374,9.416,9.457,9.501,9.54,9.573,9.613,9.64,9.678,9.711,9.752,9.78,9.827,9.876,9.907,9.939,9.973,10.005,10.032,10.055,10.09,10.123,10.162,10.19,10.235,10.272,10.31,10.341,10.368,10.404,10.429,10.467,10.507,10.537,10.573,10.615,10.644,10.678,10.707,10.737,10.775,10.802,10.837,10.87,10.902,10.93,10.965,10.987,11.02,11.048,11.09,11.125,11.172,11.205,11.249,11.289,11.343,11.388,11.428,11.485,11.522,11.576,11.612,11.665,11.721,11.784,11.835,11.904,11.971,12.079,12.138,12.215,12.298,12.429,12.583,12.731,12.997,13.335,14.253
114,OTH FP,6.574,7.4,7.774,8.024,8.169,8.288,8.434,8.528,8.6,8.682,8.763,8.832,8.886,8.951,9.009,9.07,9.129,9.172,9.217,9.272,9.334,9.376,9.418,9.453,9.501,9.537,9.585,9.618,9.657,9.699,9.73,9.768,9.799,9.844,9.882,9.923,9.956,9.986,10.022,10.052,10.083,10.114,10.146,10.181,10.212,10.246,10.276,10.313,10.34,10.37,10.397,10.432,10.469,10.507,10.538,10.571,10.602,10.634,10.665,10.705,10.74,10.773,10.807,10.848,10.871,10.916,10.943,10.974,11.016,11.041,11.078,11.113,11.148,11.187,11.226,11.258,11.296,11.332,11.367,11.425,11.473,11.522,11.564,11.597,11.656,11.704,11.758,11.824,11.878,11.94,12.001,12.073,12.17,12.245,12.34,12.478,12.585,12.727,12.997,13.432,14.623
115,OTH FP,6.574,7.4,7.774,8.024,8.169,8.288,8.434,8.528,8.6,8.682,8.763,8.832,8.886,8.951,9.009,9.07,9.129,9.172,9.217,9.272,9.334,9.376,9.418,9.453,9.501,9.537,9.585,9.618,9.657,9.699,9.73,9.768,9.799,9.844,9.882,9.923,9.956,9.986,10.022,10.052,10.083,10.114,10.146,10.181,10.212,10.246,10.276,10.313,10.34,10.37,10.397,10.432,10.469,10.507,10.538,10.571,10.602,10.634,10.665,10.705,10.74,10.773,10.807,10.848,10.871,10.916,10.943,10.974,11.016,11.041,11.078,11.113,11.148,11.187,11.226,11.258,11.296,11.332,11.367,11.425,11.473,11.522,11.564,11.597,11.656,11.704,11.758,11.824,11.878,11.94,12.001,12.073,12.17,12.245,12.34,12.478,12.585,12.727,12.997,13.432,14.623
116,OTH FP,6.742,7.504,7.885,8.084,8.226,8.368,8.486,8.58,8.659,8.738,8.808,8.871,8.939,9.006,9.068,9.136,9.177,9.227,9.271,9.328,9.378,9.427,9.457,9.492,9.523,9.567,9.602,9.646,9.683,9.73,9.772,9.818,9.851,9.888,9.922,9.956,9.989,10.025,10.061,10.092,10.129,10.171,10.212,10.251,10.286,10.324,10.348,10.377,10.414,10.448,10.473,10.505,10.541,10.563,10.592,10.623,10.65,10.682,10.707,10.744,10.775,10.818,10.852,10.887,10.917,10.95,10.988,11.03,11.053,11.091,11.118,11.157,11.191,11.221,11.246,11.281,11.312,11.349,11.394,11.444,11.491,11.533,11.575,11.612,11.655,11.709,11.771,11.819,11.896,11.953,12.008,12.088,12.182,12.286,12.371,12.468,12.612,12.809,13.072,13.514,14.496
117,OTH FP,6.742,7.504,7.885,8.084,8.226,8.368,8.486,8.58,8.659,8.738,8.808,8.871,8.939,9.006,9.068,9.136,9.177,9.227,9.271,9.328,9.378,9.427,9.457,9.492,9.523,9.567,9.602,9.646,9.683,9.73,9.772,9.818,9.851,9.888,9.922,9.956,9.989,10.025,10.061,10.092,10.129,10.171,10.212,10.251,10.286,10.324,10.348,10.377,10.414,10.448,10.473,10.505,10.541,10.563,10.592,10.623,10.65,10.682,10.707,10.744,10.775,10.818,10.852,10.887,10.917,10.95,10.988,11.03,11.053,11.091,11.118,11.157,11.191,11.221,11.246,11.281,11.312,11.349,11.394,11.444,11.491,11.533,11.575,11.612,11.655,11.709,11.771,11.819,11.896,11.953,12.008,12.088,12.182,12.286,12.371,12.468,12.612,12.809,13.072,13.514,14.496
118,OTH FP,6.812,7.601,7.971,8.154,8.346,8.457,8.583,8.672,8.742,8.813,8.878,8.951,9.014,9.079,9.135,9.201,9.254,9.296,9.348,9.389,9.44,9.48,9.527,9.575,9.61,9.647,9.681,9.72,9.765,9.805,9.849,9.882,9.919,9.961,10.001,10.034,10.07,10.101,10.138,10.183,10.219,10.253,10.285,10.312,10.342,10.375,10.403,10.428,10.462,10.487,10.512,10.546,10.58,10.609,10.645,10.676,10.705,10.733,10.762,10.789,10.821,10.852,10.881,10.913,10.947,10.982,11.022,11.055,11.085,11.114,11.152,11.188,11.214,11.25,11.288,11.333,11.371,11.4,11.441,11.481,11.525,11.572,11.614,11.662,11.713,11.754,11.796,11.846,11.901,11.953,12.024,12.075,12.156,12.278,12.39,12.509,12.624,12.834,13.084,13.475,14.478
119,OTH FP,6.812,7.601,7.971,8.154,8.346,8.457,8.583,8.672,8.742,8.813,8.878,8.951,9.014,9.079,9.135,9.201,9.254,9.296,9.348,9.389,9.44,9.48,9.527,9.575,9.61,9.647,9.681,9.72,9.765,9.805,9.849,9.882,9.919,9.961,10.001,10.034,10.07,10.101,10.138,10.183,10.219,10.253,10.285,10.312,10.342,10.375,10.403,10.428,10.462,10.487,10.512,10.546,10.58,10.609,10.645,10.676,10.705,10.733,10.762,10.789,10.821,10.852,10.881,10.913,10.947,10.982,11.022,11.055,11.085,11.114,11.152,11.188,11.214,11.25,11.288,11.333,11.371,11.4,11.441,11.481,11.525,11.572,11.614,11.662,11.713,11.754,11.796,11.846,11.901,11.953,12.024,12.075,12.156,12.278,12.39,12.509,12.624,12.834,13.084,13.475,14.478
120,OTH FP,6.908,7.734,8.029,8.281,8.44,8.549,8.672,8.741,8.821,8.888,8.964,9.024,9.088,9.145,9.208,9.271,9.317,9.364,9.418,9.471,9.513,9.55,9.596,9.629,9.671,9.716,9.761,9.812,9.846,9.896,9.923,9.969,9.997,10.028,10.063,10.102,10.14,10.173,10.204,10.238,10.265,10.294,10.322,10.351,10.395,10.426,10.459,10.494,10.52,10.548,10.582,10.609,10.633,10.672,10.706,10.736,10.768,10.797,10.823,10.851,10.891,10.918,10.944,10.973,11.006,11.04,11.073,11.105,11.137,11.163,11.194,11.227,11.259,11.289,11.316,11.355,11.391,11.436,11.47,11.503,11.538,11.572,11.626,11.675,11.732,11.78,11.836,11.886,11.954,12.015,12.086,12.161,12.217,12.286,12.379,12.504,12.599,12.828,13.121,13.512,14.359
121,OTH FP,6.908,7.734,8.029,8.281,8.44,8.549,8.672,8.741,8.821,8.888,8.964,9.024,9.088,9.145,9.208,9.271,9.317,9.364,9.418,9.471,9.513,9.55,9.596,9.629,9.671,9.716,9.761,9.812,9.846,9.896,9.923,9.969,9.997,10.028,10.063,10.102,10.14,10.173,10.204,10.238,10.265,10.294,10.322,10.351,10.395,10.426,10.459,10.494,10.52,10.548,10.582,10.609,10.633,10.672,10.706,10.736,10.768,10.797,10.823,10.851,10.891,10.918,10.944,10.973,11.006,11.04,11.073,11.105,11.137,11.163,11.194,11.227,11.259,11.289,11.316,11.355,11.391,11.436,11.47,11.503,11.538,11.572,11.626,11.675,11.732,11.78,11.836,11.886,11.954,12.015,12.086,12.161,12.217,12.286,12.379,12.504,12.599,12.828,13.121,13.512,14.359
122,OTH FP,7.132,7.834,8.175,8.372,8.511,8.629,8.746,8.842,8.93,8.996,9.053,9.114,9.182,9.236,9.302,9.351,9.4,9.455,9.505,9.544,9.582,9.637,9.678,9.712,9.749,9.794,9.832,9.868,9.911,9.941,9.97,10.006,10.039,10.076,10.113,10.143,10.183,10.215,10.237,10.273,10.311,10.339,10.374,10.402,10.427,10.465,10.487,10.526,10.556,10.596,10.629,10.656,10.687,10.712,10.742,10.766,10.796,10.829,10.854,10.876,10.903,10.937,10.963,10.99,11.027,11.063,11.094,11.12,11.167,11.2,11.223,11.262,11.292,11.324,11.357,11.395,11.433,11.472,11.507,11.551,11.579,11.615,11.662,11.704,11.756,11.812,11.887,11.94,11.993,12.062,12.131,12.206,12.272,12.357,12.424,12.55,12.684,12.826,13.103,13.553,14.395
123,OTH FP,7.132,7.834,8.175,8.372,8.511,8.629,8.746,8.842,8.93,8.996,9.053,9.114,9.182,9.236,9.302,9.351,9.4,9.455,9.505,9.544,9.582,9.637,9.678,9.712,9.749,9.794,9.832,9.868,9.911,9.941,9.97,10.006,10.039,10.076,10.113,10.143,10.183,10.215,10.237,10.273,10.311,10.339,10.374,10.402,10.427,10.465,10.487,10.526,10.556,10.596,10.629,10.656,10.687,10.712,10.742,10.766,10.796,10.829,10.854,10.876,10.903,10.937,10.963,10.99,11.027,11.063,11.094,11.12,11.167,11.2,11.223,11.262,11.292,11.324,11.357,11.395,11.433,11.472,11.507,11.551,11.579,11.615,11.662,11.704,11.756,11.812,11.887,11.94,11.993,12.062,12.131,12.206,12.272,12.357,12.424,12.55,12.684,12.826,13.103,13.553,14.395
124,OTH FP,6.95,7.817,8.137,8.311,8.458,8.597,8.697,8.777,8.835,8.918,9.0,9.06,9.126,9.192,9.253,9.31,9.357,9.405,9.466,9.502,9.551,9.607,9.653,9.694,9.733,9.771,9.813,9.848,9.885,9.919,9.964,9.997,10.034,10.074,10.11,10.149,10.176,10.209,10.237,10.27,10.295,10.331,10.354,10.386,10.418,10.45,10.483,10.518,10.548,10.581,10.608,10.638,10.673,10.699,10.725,10.754,10.785,10.824,10.853,10.877,10.919,10.939,10.966,10.996,11.023,11.058,11.088,11.12,11.15,11.185,11.223,11.256,11.298,11.331,11.364,11.389,11.424,11.469,11.509,11.557,11.587,11.63,11.679,11.733,11.776,11.835,11.906,11.96,12.014,12.088,12.143,12.223,12.31,12.381,12.482,12.572,12.698,12.875,13.046,13.437,14.577
125,OTH FP,6.95,7.817,8.137,8.311,8.458,8.597,8.697,8.777,8.835,8.918,9.0,9.06,9.126,9.192,9.253,9.31,9.357,9.405,9.466,9.502,9.551,9.607,9.653,9.694,9.733,9.771,9.813,9.848,9.885,9.919,9.964,9.997,10.034,10.074,10.11,10.149,10.176,10.209,10.237,10.27,10.295,10.331,10.354,10.386,10.418,10.45,10.483,10.518,10.548,10.581,10.608,10.638,10.673,10.699,10.725,10.754,10.785,10.824,10.853,10.877,10.919,10.939,10.966,10.996,11.023,11.058,11.088,11.12,11.15,11.185,11.223,11.256,11.298,11.331,11.364,11.389,11.424,11.469,11.509,11.557,11.587,11.63,11.679,11.733,11.776,11.835,11.906,11.96,12.014,12.088,12.143,12.223,12.31,12.381,12.482,12.572,12.698,12.875,13.046,13.437,14.577
126,OTH FP,6.915,7.759,7.99,8.253,8.393,8.533,8.637,8.73,8.822,8.892,8.978,9.055,9.116,9.164,9.213,9.276,9.329,9.38,9.422,9.498,9.533,9.583,9.627,9.661,9.706,9.749,9.785,9.823,9.876,9.905,9.942,9.972,10.008,10.043,10.082,10.122,10.165,10.194,10.221,10.256,10.279,10.312,10.341,10.373,10.403,10.434,10.462,10.496,10.516,10.546,10.58,10.607,10.637,10.677,10.7,10.726,10.753,10.776,10.803,10.836,10.863,10.903,10.935,10.966,10.997,11.042,11.081,11.106,11.144,11.173,11.212,11.251,11.289,11.338,11.366,11.401,11.446,11.482,11.52,11.551,11.613,11.651,11.689,11.738,11.804,11.845,11.904,11.957,12.03,12.111,12.156,12.223,12.296,12.383,12.49,12.604,12.781,12.966,13.196,13.516,14.641
127,OTH FP,6.915,7.759,7.99,8.253,8.393,8.533,8.637,8.73,8.822,8.892,8.978,9.055,9.116,9.164,9.213,9.276,9.329,9.38,9.422,9.498,9.533,9.583,9.627,9.661,9.706,9.749,9.785,9.823,9.876,9.905,9.942,9.972,10.008,10.043,10.082,10.122,10.165,10.194,10.221,10.256,10.279,10.312,10.341,10.373,10.403,10.434,10.462,10.496,10.516,10.546,10.58,10.607,10.637,10.677,10.7,10.726,10.753,10.776,10.803,10.836,10.863,10.903,10.935,10.966,10.997,11.042,11.081,11.106,11.144,11.173,11.212,11.251,11.289,11.338,11.366,11.401,11.446,11.482,11.52,11.551,11.613,11.651,11.689,11.738,11.804,11.845,11.904,11.957,12.03,12.111,12.156,12.223,12.296,12.383,12.49,12.604,12.781,12.966,13.196,13.516,14.641
128,OTH FP,6.828,7.66,8.004,8.206,8.35,8.488,8.582,8.684,8.787,8.871,8.939,8.999,9.059,9.124,9.172,9.235,9.294,9.353,9.406,9.45,9.488,9.548,9.594,9.634,9.673,9.711,9.757,9.792,9.835,9.883,9.916,9.95,9.984,10.016,10.057,10.101,10.146,10.184,10.22,10.251,10.282,10.308,10.341,10.37,10.399,10.427,10.454,10.491,10.518,10.549,10.578,10.602,10.634,10.665,10.697,10.727,10.758,10.785,10.825,10.853,10.891,10.922,10.948,10.98,11.01,11.043,11.076,11.107,11.135,11.167,11.201,11.241,11.272,11.313,11.354,11.399,11.452,11.494,11.527,11.564,11.619,11.663,11.706,11.757,11.798,11.839,11.922,11.988,12.04,12.135,12.179,12.259,12.392,12.467,12.563,12.642,12.785,12.996,13.183,13.47,14.562
129,OTH FP,6.828,7.66,8.004,8.206,8.35,8.488,8.582,8.684,8.787,8.871,8.939,8.999,9.059,9.124,9.172,9.235,9.294,9.353,9.406,9.45,9.488,9.548,9.594,9.634,9.673,9.711,9.757,9.792,9.835,9.883,9.916,9.95,9.984,10.016,10.057,10.101,10.146,10.184,10.22,10.251,10.282,10.308,10.341,10.37,10.399,10.427,10.454,10.491,10.518,10.549,10.578,10.602,10.634,10.665,10.697,10.727,10.758,10.785,10.825,10.853,10.891,10.922,10.948,10.98,11.01,11.043,11.076,11.107,11.135,11.167,11.201,11.241,11.272,11.313,11.354,11.399,11.452,11.494,11.527,11.564,11.619,11.663,11.706,11.757,11.798,11.839,11.922,11.988,12.04,12.135,12.179,12.259,12.392,12.467,12.563,12.642,12.785,12.996,13.183,13.47,14.562
130,OTH FP,6.832,7.629,7.929,8.162,8.31,8.432,8.559,8.669,8.753,8.821,8.891,8.956,9.035,9.083,9.136,9.184,9.232,9.321,9.377,9.435,9.469,9.508,9.554,9.592,9.636,9.691,9.729,9.771,9.817,9.857,9.896,9.931,9.979,10.019,10.051,10.081,10.107,10.143,10.178,10.214,10.244,10.272,10.301,10.336,10.375,10.406,10.44,10.474,10.513,10.536,10.565,10.604,10.629,10.654,10.687,10.72,10.756,10.788,10.818,10.846,10.873,10.916,10.955,10.99,11.015,11.054,11.079,11.114,11.152,11.178,11.216,11.24,11.275,11.307,11.357,11.389,11.425,11.481,11.524,11.582,11.624,11.68,11.72,11.777,11.824,11.882,11.931,11.995,12.058,12.13,12.207,12.257,12.354,12.449,12.548,12.667,12.799,12.968,13.147,13.525,14.601
131,OTH FP,6.832,7.629,7.929,8.162,8.31,8.432,8.559,8.669,8.753,8.821,8.891,8.956,9.035,9.083,9.136,9.184,9.232,9.321,9.377,9.435,9.469,9.508,9.554,9.592,9.636,9.691,9.729,9.771,9.817,9.857,9.896,9.931,9.979,10.019,10.051,10.081,10.107,10.143,10.178,10.214,10.244,10.272,10.301,10.336,10.375,10.406,10.44,10.474,10.513,10.536,10.565,10.604,10.629,10.654,10.687,10.72,10.756,10.788,10.818,10.846,10.873,10.916,10.955,10.99,11.015,11.054,11.079,11.114,11.152,11.178,11.216,11.24,11.275,11.307,11.357,11.389,11.425,11.481,11.524,11.582,11.624,11.68,11.72,11.777,11.824,11.882,11.931,11.995,12.058,12.13,12.207,12.257,12.354,12.449,12.548,12.667,12.799,12.968,13.147,13.525,14.601
132,OTH FP,6.684,7.525,7.849,8.116,8.281,8.429,8.536,8.623,8.744,8.797,8.858,8.932,8.997,9.072,9.131,9.178,9.222,9.268,9.318,9.372,9.41,9.451,9.499,9.55,9.587,9.632,9.678,9.719,9.766,9.81,9.855,9.895,9.931,9.967,9.998,10.035,10.074,10.11,10.15,10.186,10.215,10.25,10.284,10.309,10.344,10.381,10.405,10.439,10.474,10.507,10.531,10.56,10.593,10.627,10.661,10.687,10.726,10.762,10.801,10.844,10.874,10.902,10.936,10.971,11.009,11.037,11.067,11.1,11.135,11.172,11.205,11.233,11.277,11.32,11.367,11.402,11.434,11.475,11.509,11.561,11.602,11.653,11.698,11.744,11.811,11.854,11.913,11.977,12.073,12.132,12.191,12.292,12.376,12.476,12.56,12.694,12.832,13.0,13.205,13.537,14.515
133,OTH FP,6.684,7.525,7.849,8.116,8.281,8.429,8.536,8.623,8.744,8.797,8.858,8.932,8.997,9.072,9.131,9.178,9.222,9.268,9.318,9.372,9.41,9.451,9.499,9.55,9.587,9.632,9.678,9.719,9.766,9.81,9.855,9.895,9.931,9.967,9.998,10.035,10.074,10.11,10.15,10.186,10.215,10.25,10.284,10.309,10.344,10.381,10.405,10.439,10.474,10.507,10.531,10.56,10.593,10.627,10.661,10.687,10.726,10.762,10.801,10.844,10.874,10.902,10.936,10.971,11.009,11.037,11.067,11.1,11.135,11.172,11.205,11.233,11.277,11.32,11.367,11.402,11.434,11.475,11.509,11.561,11.602,11.653,11.698,11.744,11.811,11.854,11.913,11.977,12.073,12.132,12.191,12.292,12.376,12.476,12.56,12.694,12.832,13.0,13.205,13.537,14.515
134,OTH FP,6.577,7.568,7.852,8.065,8.228,8.344,8.455,8.577,8.684,8.763,8.821,8.886,8.946,9.025,9.086,9.166,9.212,9.26,9.319,9.368,9.411,9.454,9.511,9.556,9.61,9.647,9.691,9.736,9.767,9.806,9.851,9.889,9.922,9.96,9.993,10.024,10.058,10.092,10.131,10.165,10.201,10.24,10.274,10.3,10.331,10.363,10.398,10.425,10.461,10.487,10.521,10.556,10.584,10.613,10.642,10.688,10.717,10.749,10.786,10.818,10.854,10.896,10.931,10.963,11.009,11.044,11.079,11.111,11.145,11.181,11.215,11.248,11.286,11.317,11.348,11.395,11.431,11.472,11.514,11.548,11.604,11.643,11.692,11.748,11.801,11.85,11.911,11.977,12.03,12.1,12.191,12.284,12.382,12.493,12.601,12.716,12.861,13.038,13.242,13.685,14.592
135,OTH FP,6.577,7.568,7.852,8.065,8.228,8.344,8.455,8.577,8.684,8.763,8.821,8.886,8.946,9.025,9.086,9.166,9.212,9.26,9.319,9.368,9.411,9.454,9.511,9.556,9.61,9.647,9.691,9.736,9.767,9.806,9.851,9.889,9.922,9.96,9.993,10.024,10.058,10.092,10.131,10.165,10.201,10.24,10.274,10.3,10.331,10.363,10.398,10.425,10.461,10.487,10.521,10.556,10.584,10.613,10.642,10.688,10.717,10.749,10.786,10.818,10.854,10.896,10.931,10.963,11.009,11.044,11.079,11.111,11.145,11.181,11.215,11.248,11.286,11.317,11.348,11.395,11.431,11.472,11.514,11.548,11.604,11.643,11.692,11.748,11.801,11.85,11.911,11.977,12.03,12.1,12.191,12.284,12.382,12.493,12.601,12.716,12.861,13.038,13.242,13.685,14.592
136,OTH FP,6.5,7.497,7.852,8.048,8.196,8.311,8.445,8.544,8.635,8.724,8.798,8.864,8.94,9.014,9.076,9.147,9.206,9.247,9.292,9.338,9.387,9.434,9.493,9.54,9.573,9.608,9.642,9.681,9.737,9.773,9.809,9.849,9.893,9.93,9.973,10.001,10.05,10.082,10.112,10.151,10.189,10.22,10.247,10.296,10.32,10.35,10.374,10.41,10.448,10.487,10.518,10.544,10.578,10.619,10.644,10.672,10.709,10.752,10.79,10.822,10.863,10.896,10.928,10.955,10.992,11.027,11.051,11.086,11.13,11.162,11.195,11.235,11.267,11.302,11.34,11.381,11.425,11.473,11.534,11.577,11.617,11.661,11.715,11.754,11.818,11.901,11.951,12.005,12.06,12.109,12.191,12.268,12.347,12.461,12.58,12.701,12.853,13.052,13.329,13.69,14.693
137,OTH FP,6.5,7.497,7.852,8.048,8.196,8.311,8.445,8.544,8.635,8.724,8.798,8.864,8.94,9.014,9.076,9.147,9.206,9.247,9.292,9.338,9.387,9.434,9.493,9.54,9.573,9.608,9.642,9.681,9.737,9.773,9.809,9.849,9.893,9.93,9.973,10.001,10.05,10.082,10.112,10.151,10.189,10.22,10.247,10.296,10.32,10.35,10.374,10.41,10.448,10.487,10.518,10.544,10.578,10.619,10.644,10.672,10.709,10.752,10.79,10.822,10.863,10.896,10.928,10.955,10.992,11.027,11.051,11.086,11.13,11.162,11.195,11.235,11.267,11.302,11.34,11.381,11.425,11.473,11.534,11.577,11.617,11.661,11.715,11.754,11.818,11.901,11.951,12.005,12.06,12.109,12.191,12.268,12.347,12.461,12.58,12.701,12.853,13.052,13.329,13.69,14.693
138,OTH FP,6.402,7.485,7.887,8.038,8.207,8.323,8.428,8.503,8.616,8.682,8.773,8.857,8.926,8.981,9.053,9.113,9.17,9.217,9.275,9.323,9.377,9.421,9.471,9.524,9.566,9.607,9.651,9.693,9.736,9.773,9.811,9.852,9.89,9.925,9.954,9.984,10.025,10.066,10.095,10.135,10.168,10.202,10.236,10.264,10.298,10.337,10.369,10.401,10.439,10.464,10.504,10.531,10.561,10.597,10.639,10.673,10.709,10.738,10.775,10.819,10.85,10.885,10.916,10.949,10.985,11.019,11.049,11.087,11.133,11.179,11.204,11.246,11.291,11.332,11.373,11.398,11.443,11.491,11.529,11.571,11.622,11.661,11.717,11.752,11.812,11.875,11.942,12.0,12.075,12.148,12.233,12.306,12.377,12.472,12.595,12.732,12.858,13.02,13.253,13.708,14.723
139,OTH FP,6.402,7.485,7.887,8.038,8.207,8.323,8.428,8.503,8.616,8.682,8.773,8.857,8.926,8.981,9.053,9.113,9.17,9.217,9.275,9.323,9.377,9.421,9.471,9.524,9.566,9.607,9.651,9.693,9.736,9.773,9.811,9.852,9.89,9.925,9.954,9.984,10.025,10.066,10.095,10.135,10.168,10.202,10.236,10.264,10.298,10.337,10.369,10.401,10.439,10.464,10.504,10.531,10.561,10.597,10.639,10.673,10.709,10.738,10.775,10.819,10.85,10.885,10.916,10.949,10.985,11.019,11.049,11.087,11.133,11.179,11.204,11.246,11.291,11.332,11.373,11.398,11.443,11.491,11.529,11.571,11.622,11.661,11.717,11.752,11.812,11.875,11.942,12.0,12.075,12.148,12.233,12.306,12.377,12.472,12.595,12.732,12.858,13.02,13.253,13.708,14.723
140,OTH FP,6.481,7.366,7.814,8.005,8.163,8.301,8.405,8.513,8.607,8.714,8.795,8.87,8.955,9.011,9.071,9.12,9.171,9.218,9.274,9.32,9.379,9.428,9.474,9.514,9.55,9.583,9.623,9.664,9.696,9.743,9.783,9.831,9.862,9.897,9.944,9.977,10.007,10.044,10.079,10.124,10.158,10.197,10.231,10.268,10.3,10.335,10.376,10.404,10.444,10.468,10.493,10.526,10.555,10.59,10.632,10.674,10.698,10.726,10.753,10.796,10.825,10.86,10.897,10.932,10.97,11.013,11.04,11.087,11.131,11.169,11.204,11.246,11.277,11.325,11.371,11.405,11.439,11.485,11.528,11.567,11.621,11.668,11.718,11.788,11.842,11.884,11.944,11.999,12.062,12.144,12.224,12.308,12.416,12.505,12.626,12.739,12.866,13.038,13.313,13.741,14.632
141,OTH FP,6.481,7.366,7.814,8.005,8.163,8.301,8.405,8.513,8.607,8.714,8.795,8.87,8.955,9.011,9.071,9.12,9.171,9.218,9.274,9.32,9.379,9.428,9.474,9.514,9.55,9.583,9.623,9.664,9.696,9.743,9.783,9.831,9.862,9.897,9.944,9.977,10.007,10.044,10.079,10.124,10.158,10.197,10.231,10.268,10.3,10.335,10.376,10.404,10.444,10.468,10.493,10.526,10.555,10.59,10.632,10.674,10.698,10.726,10.753,10.796,10.825,10.86,10.897,10.932,10.97,11.013,11.04,11.087,11.131,11.169,11.204,11.246,11.277,11.325,11.371,11.405,11.439,11.485,11.528,11.567,11.621,11.668,11.718,11.788,11.842,11.884,11.944,11.999,12.062,12.144,12.224,12.308,12.416,12.505,12.626,12.739,12.866,13.038,13.313,13.741,14.632
142,OTH FP,6.207,7.367,7.803,7.976,8.135,8.265,8.389,8.496,8.584,8.662,8.748,8.852,8.926,8.985,9.043,9.103,9.155,9.207,9.264,9.304,9.344,9.405,9.449,9.496,9.549,9.599,9.638,9.672,9.709,9.755,9.791,9.836,9.874,9.914,9.948,9.984,10.02,10.042,10.085,10.11,10.157,10.187,10.216,10.245,10.284,10.326,10.368,10.401,10.431,10.472,10.502,10.545,10.567,10.601,10.635,10.665,10.692,10.735,10.768,10.798,10.826,10.865,10.897,10.936,10.97,10.995,11.028,11.066,11.105,11.141,11.178,11.212,11.254,11.304,11.344,11.379,11.419,11.469,11.518,11.563,11.614,11.659,11.712,11.789,11.837,11.883,11.951,12.001,12.054,12.135,12.195,12.295,12.39,12.479,12.606,12.728,12.876,13.066,13.313,13.781,14.643
143,OTH FP,6.207,7.367,7.803,7.976,8.135,8.265,8.389,8.496,8.584,8.662,8.748,8.852,8.926,8.985,9.043,9.103,9.155,9.207,9.264,9.304,9.344,9.405,9.449,9.496,9.549,9.599,9.638,9.672,9.709,9.755,9.791,9.836,9.874,9.914,9.948,9.984,10.02,10.042,10.085,10.11,10.157,10.187,10.216,10.245,10.284,10.326,10.368,10.401,10.431,10.472,10.502,10.545,10.567,10.601,10.635,10.665,10.692,10.735,10.768,10.798,10.826,10.865,10.897,10.936,10.97,10.995,11.028,11.066,11.105,11.141,11.178,11.212,11.254,11.304,11.344,11.379,11.419,11.469,11.518,11.563,11.614,11.659,11.712,11.789,11.837,11.883,11.951,12.001,12.054,12.135,12.195,12.295,12.39,12.479,12.606,12.728,12.876,13.066,13.313,13.781,14.643
144,OTH FP,6.348,7.429,7.791,7.97,8.156,8.253,8.376,8.486,8.591,8.696,8.757,8.844,8.91,8.975,9.043,9.095,9.157,9.202,9.237,9.318,9.371,9.424,9.473,9.517,9.557,9.604,9.633,9.673,9.713,9.747,9.782,9.819,9.849,9.884,9.926,9.958,9.99,10.028,10.064,10.106,10.134,10.164,10.2,10.233,10.276,10.317,10.345,10.38,10.411,10.45,10.483,10.522,10.557,10.592,10.622,10.652,10.687,10.721,10.758,10.79,10.826,10.856,10.89,10.93,10.963,11.0,11.032,11.056,11.099,11.129,11.172,11.206,11.242,11.279,11.333,11.375,11.42,11.461,11.509,11.549,11.6,11.656,11.693,11.748,11.814,11.878,11.931,11.987,12.054,12.127,12.21,12.297,12.403,12.493,12.614,12.736,12.879,13.056,13.333,13.778,14.793
145,OTH FP,6.348,7.429,7.791,7.97,8.156,8.253,8.376,8.486,8.591,8.696,8.757,8.844,8.91,8.975,9.043,9.095,9.157,9.202,9.237,9.318,9.371,9.424,9.473,9.517,9.557,9.604,9.633,9.673,9.713,9.747,9.782,9.819,9.849,9.884,9.926,9.958,9.99,10.028,10.064,10.106,10.134,10.164,10.2,10.233,10.276,10.317,10.345,10.38,10.411,10.45,10.483,10.522,10.557,10.592,10.622,10.652,10.687,10.721,10.758,10.79,10.826,10.856,10.89,10.93,10.963,11.0,11.032,11.056,11.099,11.129,11.172,11.206,11.242,11.279,11.333,11.375,11.42,11.461,11.509,11.549,11.6,11.656,11.693,11.748,11.814,11.878,11.931,11.987,12.054,12.127,12.21,12.297,12.403,12.493,12.614,12.736,12.879,13.056,13.333,13.778,14.793
146,OTH FP,6.164,7.397,7.721,7.959,8.162,8.315,8.394,8.496,8.573,8.679,8.764,8.83,8.897,8.984,9.045,9.095,9.141,9.18,9.225,9.274,9.321,9.367,9.406,9.45,9.492,9.546,9.604,9.637,9.682,9.723,9.759,9.798,9.829,9.867,9.9,9.93,9.967,9.994,10.037,10.067,10.092,10.129,10.17,10.197,10.237,10.279,10.318,10.354,10.408,10.446,10.475,10.502,10.537,10.571,10.6,10.638,10.661,10.702,10.728,10.757,10.791,10.831,10.876,10.906,10.933,10.964,10.998,11.037,11.076,11.119,11.161,11.192,11.233,11.271,11.327,11.37,11.423,11.473,11.512,11.546,11.604,11.649,11.699,11.757,11.823,11.878,11.939,11.988,12.054,12.113,12.202,12.298,12.402,12.486,12.624,12.75,12.887,13.103,13.428,13.846,14.687
147,OTH FP,6.164,7.397,7.721,7.959,8.162,8.315,8.394,8.496,8.573,8.679,8.764,8.83,8.897,8.984,9.045,9.095,9.141,9.18,9.225,9.274,9.321,9.367,9.406,9.45,9.492,9.546,9.604,9.637,9.682,9.723,9.759,9.798,9.829,9.867,9.9,9.93,9.967,9.994,10.037,10.067,10.092,10.129,10.17,10.197,10.237,10.279,10.318,10.354,10.408,10.446,10.475,10.502,10.537,10.571,10.6,10.638,10.661,10.702,10.728,10.757,10.791,10.831,10.876,10.906,10.933,10.964,10.998,11.037,11.076,11.119,11.161,11.192,11.233,11.271,11.327,11.37,11.423,11.473,11.512,11.546,11.604,11.649,11.699,11.757,11.823,11.878,11.939,11.988,12.054,12.113,12.202,12.298,12.402,12.486,12.624,12.75,12.887,13.103,13.428,13.846,14.687
148,OTH FP,6.383,7.406,7.778,8.001,8.152,8.265,8.386,8.493,8.573,8.656,8.743,8.829,8.89,8.955,8.997,9.056,9.113,9.159,9.218,9.262,9.315,9.363,9.411,9.456,9.512,9.558,9.601,9.649,9.682,9.717,9.762,9.79,9.83,9.872,9.901,9.943,9.974,10.01,10.054,10.102,10.139,10.165,10.19,10.228,10.265,10.297,10.327,10.358,10.391,10.424,10.459,10.498,10.548,10.582,10.616,10.659,10.691,10.715,10.759,10.792,10.822,10.856,10.888,10.917,10.951,10.999,11.03,11.076,11.11,11.134,11.175,11.22,11.264,11.302,11.345,11.399,11.433,11.467,11.511,11.557,11.603,11.634,11.679,11.743,11.801,11.863,11.928,11.996,12.062,12.132,12.204,12.282,12.361,12.458,12.577,12.686,12.83,13.031,13.356,13.813,14.592
149,OTH FP,6.383,7.406,7.778,8.001,8.152,8.265,8.386,8.493,8.573,8.656,8.743,8.829,8.89,8.955,8.997,9.056,9.113,9.159,9.218,9.262,9.315,9.363,9.411,9.456,9.512,9.558,9.601,9.649,9.682,9.717,9.762,9.79,9.83,9.872,9.901,9.943,9.974,10.01,10.054,10.102,10.139,10.165,10.19,10.228,10.265,10.297,10.327,10.358,10.391,10.424,10.459,10.498,10.548,10.582,10.616,10.659,10.691,10.715,10.759,10.792,10.822,10.856,10.888,10.917,10.951,10.999,11.03,11.076,11.11,11.134,11.175,11.22,11.264,11.302,11.345,11.399,11.433,11.467,11.511,11.557,11.603,11.634,11.679,11.743,11.801,11.863,11.928,11.996,12.062,12.132,12.204,12.282,12.361,12.458,12.577,12.686,12.83,13.031,13.356,13.813,14.592
150,OTH FP,6.363,7.379,7.799,7.983,8.111,8.266,8.379,8.484,8.551,8.625,8.735,8.809,8.87,8.95,9.008,9.069,9.119,9.174,9.227,9.276,9.337,9.399,9.448,9.477,9.521,9.564,9.596,9.64,9.68,9.714,9.752,9.784,9.815,9.857,9.892,9.924,9.947,9.983,10.023,10.062,10.089,10.125,10.156,10.196,10.235,10.264,10.296,10.33,10.363,10.399,10.434,10.472,10.512,10.542,10.575,10.617,10.652,10.68,10.708,10.757,10.786,10.818,10.863,10.897,10.92,10.956,10.992,11.023,11.075,11.113,11.161,11.207,11.247,11.282,11.322,11.371,11.433,11.479,11.524,11.575,11.617,11.666,11.723,11.776,11.831,11.876,11.927,11.982,12.036,12.112,12.188,12.267,12.362,12.434,12.543,12.678,12.822,13.022,13.319,13.818,14.809
151,OTH FP,6.363,7.379,7.799,7.983,8.111,8.266,8.379,8.484,8.551,8.625,8.735,8.809,8.87,8.95,9.008,9.069,9.119,9.174,9.227,9.276,9.337,9.399,9.448,9.477,9.521,9.564,9.596,9.64,9.68,9.714,9.752,9.784,9.815,9.857,9.892,9.924,9.947,9.983,10.023,10.062,10.089,10.125,10.156,10.196,10.235,10.264,10.296,10.33,10.363,10.399,10.434,10.472,10.512,10.542,10.575,10.617,10.652,10.68,10.708,10.757,10.786,10.818,10.863,10.897,10.92,10.956,10.992,11.023,11.075,11.113,11.161,11.207,11.247,11.282,11.322,11.371,11.433,11.479,11.524,11.575,11.617,11.666,11.723,11.776,11.831,11.876,11.927,11.982,12.036,12.112,12.188,12.267,12.362,12.434,12.543,12.678,12.822,13.022,13.319,13.818,14.809
152,OTH FP,6.286,7.43,7.717,7.962,8.129,8.312,8.42,8.517,8.604,8.662,8.733,8.806,8.881,8.944,9.002,9.063,9.123,9.182,9.232,9.29,9.338,9.377,9.421,9.456,9.489,9.529,9.569,9.605,9.643,9.684,9.716,9.751,9.79,9.826,9.868,9.905,9.937,9.976,10.013,10.042,10.078,10.114,10.153,10.185,10.215,10.266,10.304,10.333,10.367,10.405,10.439,10.465,10.489,10.524,10.569,10.602,10.634,10.675,10.714,10.74,10.776,10.817,10.855,10.885,10.917,10.963,11.007,11.038,11.075,11.11,11.149,11.187,11.231,11.285,11.328,11.362,11.407,11.44,11.484,11.541,11.585,11.646,11.7,11.747,11.803,11.847,11.89,11.96,12.042,12.114,12.182,12.259,12.315,12.403,12.5,12.621,12.776,12.981,13.233,13.705,14.568
153,OTH FP,6.286,7.43,7.717,7.962,8.129,8.312,8.42,8.517,8.604,8.662,8.733,8.806,8.881,8.944,9.002,9.063,9.123,9.182,9.232,9.29,9.338,9.377,9.421,9.456,9.489,9.529,9.569,9.605,9.643,9.684,9.716,9.751,9.79,9.826,9.868,9.905,9.937,9.976,10.013,10.042,10.078,10.114,10.153,10.185,10.215,10.266,10.304,10.333,10.367,10.405,10.439,10.465,10.489,10.524,10.569,10.602,10.634,10.675,10.714,10.74,10.776,10.817,10.855,10.885,10.917,10.963,11.007,11.038,11.075,11.11,11.149,11.187,11.231,11.285,11.328,11.362,11.407,11.44,11.484,11.541,11.585,11.646,11.7,11.747,11.803,11.847,11.89,11.96,12.042,12.114,12.182,12.259,12.315,12.403,12.5,12.621,12.776,12.981,13.233,13.705,14.568
154,OTH FP,6.493,7.445,7.742,7.95,8.109,8.279,8.388,8.486,8.561,8.648,8.72,8.8,8.849,8.914,8.983,9.044,9.099,9.157,9.21,9.259,9.31,9.363,9.409,9.442,9.486,9.535,9.58,9.613,9.638,9.677,9.715,9.75,9.783,9.813,9.839,9.875,9.915,9.959,9.997,10.04,10.076,10.107,10.153,10.189,10.226,10.254,10.292,10.328,10.36,10.402,10.431,10.461,10.491,10.521,10.547,10.575,10.612,10.645,10.681,10.721,10.763,10.807,10.841,10.867,10.904,10.942,10.973,11.024,11.062,11.096,11.135,11.181,11.225,11.259,11.311,11.35,11.39,11.428,11.481,11.535,11.583,11.635,11.677,11.72,11.765,11.828,11.868,11.899,11.969,12.05,12.12,12.19,12.278,12.385,12.513,12.63,12.776,12.98,13.249,13.719,14.657
155,OTH FP,6.493,7.445,7.742,7.95,8.109,8.279,8.388,8.486,8.561,8.648,8.72,8.8,8.849,8.914,8.983,9.044,9.099,9.157,9.21,9.259,9.31,9.363,9.409,9.442,9.486,9.535,9.58,9.613,9.638,9.677,9.715,9.75,9.783,9.813,9.839,9.875,9.915,9.959,9.997,10.04,10.076,10.107,10.153,10.189,10.226,10.254,10.292,10.328,10.36,10.402,10.431,10.461,10.491,10.521,10.547,10.575,10.612,10.645,10.681,10.721,10.763,10.807,10.841,10.867,10.904,10.942,10.973,11.024,11.062,11.096,11.135,11.181,11.225,11.259,11.311,11.35,11.39,11.428,11.481,11.535,11.583,11.635,11.677,11.72,11.765,11.828,11.868,11.899,11.969,12.05,12.12,12.19,12.278,12.385,12.513,12.63,12.776,12.98,13.249,13.719,14.657
156,OTH FP,6.421,7.399,7.76,7.939,8.141,8.274,8.388,8.494,8.576,8.682,8.754,8.84,8.9,8.958,9.02,9.07,9.115,9.154,9.204,9.257,9.293,9.35,9.394,9.439,9.473,9.515,9.559,9.601,9.641,9.683,9.732,9.768,9.814,9.839,9.878,9.918,9.944,9.985,10.02,10.051,10.087,10.119,10.161,10.192,10.229,10.26,10.289,10.316,10.352,10.382,10.411,10.435,10.466,10.501,10.526,10.564,10.607,10.641,10.673,10.704,10.743,10.785,10.83,10.858,10.897,10.928,10.965,11.004,11.046,11.088,11.133,11.169,11.216,11.247,11.284,11.317,11.351,11.391,11.434,11.484,11.522,11.561,11.605,11.651,11.711,11.76,11.802,11.87,11.967,12.04,12.112,12.198,12.306,12.37,12.479,12.59,12.712,12.945,13.262,13.701,14.793
157,OTH FP,6.421,7.399,7.76,7.939,8.141,8.274,8.388,8.494,8.576,8.682,8.754,8.84,8.9,8.958,9.02,9.07,9.115,9.154,9.204,9.257,9.293,9.35,9.394,9.439,9.473,9.515,9.559,9.601,9.641,9.683,9.732,9.768,9.814,9.839,9.878,9.918,9.944,9.985,10.02,10.051,10.087,10.119,10.161,10.192,10.229,10.26,10.289,10.316,10.352,10.382,10.411,10.435,10.466,10.501,10.526,10.564,10.607,10.641,10.673,10.704,10.743,10.785,10.83,10.858,10.897,10.928,10.965,11.004,11.046,11.088,11.133,11.169,11.216,11.247,11.284,11.317,11.351,11.391,11.434,11.484,11.522,11.561,11.605,11.651,11.711,11.76,11.802,11.87,11.967,12.04,12.112,12.198,12.306,12.37,12.479,12.59,12.712,12.945,13.262,13.701,14.793
158,OTH FP,6.452,7.471,7.79,7.989,8.14,8.259,8.372,8.475,8.578,8.636,8.72,8.791,8.855,8.919,8.985,9.042,9.1,9.168,9.218,9.27,9.309,9.337,9.392,9.443,9.483,9.525,9.568,9.606,9.643,9.677,9.722,9.762,9.798,9.834,9.875,9.903,9.935,9.97,10.009,10.037,10.07,10.102,10.131,10.162,10.199,10.231,10.261,10.297,10.337,10.374,10.418,10.45,10.481,10.507,10.543,10.586,10.612,10.647,10.673,10.7,10.736,10.768,10.808,10.841,10.877,10.914,10.944,10.982,11.009,11.04,11.08,11.117,11.16,11.213,11.254,11.29,11.339,11.382,11.425,11.473,11.523,11.564,11.604,11.663,11.718,11.776,11.826,11.892,11.942,12.002,12.07,12.148,12.25,12.344,12.463,12.573,12.738,12.955,13.203,13.672,14.795
159,OTH FP,6.452,7.471,7.79,7.989,8.14,8.259,8.372,8.475,8.578,8.636,8.72,8.791,8.855,8.919,8.985,9.042,9.1,9.168,9.218,9.27,9.309,9.337,9.392,9.443,9.483,9.525,9.568,9.606,9.643,9.677,9.722,9.762,9.798,9.834,9.875,9.903,9.935,9.97,10.009,10.037,10.07,10.102,10.131,10.162,10.199,10.231,10.261,10.297,10.337,10.374,10.418,10.45,10.481,10.507,10.543,10.586,10.612,10.647,10.673,10.7,10.736,10.768,10.808,10.841,10.877,10.914,10.944,10.982,11.009,11.04,11.08,11.117,11.16,11.213,11.254,11.29,11.339,11.382,11.425,11.473,11.523,11.564,11.604,11.663,11.718,11.776,11.826,11.892,11.942,12.002,12.07,12.148,12.25,12.344,12.463,12.573,12.738,12.955,13.203,13.672,14.795
160,OTH FP,6.371,7.297,7.764,7.953,8.109,8.227,8.331,8.432,8.518,8.59,8.666,8.745,8.808,8.893,8.951,9.01,9.057,9.103,9.16,9.204,9.249,9.322,9.366,9.415,9.453,9.499,9.54,9.594,9.628,9.662,9.69,9.726,9.754,9.798,9.833,9.867,9.901,9.943,9.981,10.019,10.048,10.081,10.103,10.141,10.177,10.208,10.251,10.297,10.328,10.364,10.398,10.422,10.447,10.484,10.525,10.553,10.588,10.611,10.643,10.676,10.708,10.748,10.791,10.827,10.861,10.893,10.928,10.97,11.006,11.032,11.071,11.112,11.152,11.19,11.23,11.272,11.319,11.359,11.41,11.465,11.5,11.543,11.592,11.653,11.692,11.751,11.806,11.873,11.926,11.998,12.062,12.144,12.216,12.332,12.468,12.611,12.759,12.906,13.151,13.482,14.607
161,OTH FP,6.371,7.297,7.764,7.953,8.109,8.227,8.331,8.432,8.518,8.59,8.666,8.745,8.808,8.893,8.951,9.01,9.057,9.103,9.16,9.204,9.249,9.322,9.366,9.415,9.453,9.499,9.54,9.594,9.628,9.662,9.69,9.726,9.754,9.798,9.833,9.867,9.901,9.943,9.981,10.019,10.048,10.081,10.103,10.141,10.177,10.208,10.251,10.297,10.328,10.364,10.398,10.422,10.447,10.484,10.525,10.553,10.588,10.611,10.643,10.676,10.708,10.748,10.791,10.827,10.861,10.893,10.928,10.97,11.006,11.032,11.071,11.112,11.152,11.19,11.23,11.272,11.319,11.359,11.41,11.465,11.5,11.543,11.592,11.653,11.692,11.751,11.806,11.873,11.926,11.998,12.062,12.144,12.216,12.332,12.468,12.611,12.759,12.906,13.151,13.482,14.607
162,OTH FP,6.335,7.388,7.742,7.957,8.121,8.284,8.353,8.433,8.51,8.596,8.683,8.756,8.819,8.885,8.939,9.003,9.055,9.107,9.149,9.188,9.233,9.283,9.336,9.381,9.414,9.462,9.5,9.544,9.578,9.613,9.647,9.689,9.712,9.753,9.787,9.815,9.848,9.895,9.921,9.958,9.992,10.039,10.073,10.105,10.135,10.172,10.205,10.253,10.289,10.321,10.349,10.376,10.408,10.438,10.47,10.514,10.547,10.579,10.623,10.659,10.691,10.726,10.769,10.81,10.84,10.878,10.913,10.944,10.98,11.013,11.044,11.072,11.117,11.15,11.185,11.228,11.262,11.294,11.34,11.385,11.442,11.483,11.546,11.599,11.648,11.722,11.771,11.834,11.904,11.977,12.052,12.139,12.234,12.353,12.463,12.585,12.677,12.889,13.098,13.429,14.39
163,OTH FP,6.335,7.388,7.742,7.957,8.121,8.284,8.353,8.433,8.51,8.596,8.683,8.756,8.819,8.885,8.939,9.003,9.055,9.107,9.149,9.188,9.233,9.283,9.336,9.381,9.414,9.462,9.5,9.544,9.578,9.613,9.647,9.689,9.712,9.753,9.787,9.815,9.848,9.895,9.921,9.958,9.992,10.039,10.073,10.105,10.135,10.172,10.205,10.253,10.289,10.321,10.349,10.376,10.408,10.438,10.47,10.514,10.547,10.579,10.623,10.659,10.691,10.726,10.769,10.81,10.84,10.878,10.913,10.944,10.98,11.013,11.044,11.072,11.117,11.15,11.185,11.228,11.262,11.294,11.34,11.385,11.442,11.483,11.546,11.599,11.648,11.722,11.771,11.834,11.904,11.977,12.052,12.139,12.234,12.353,12.463,12.585,12.677,12.889,13.098,13.429,14.39
164,OTH FP,6.185,7.394,7.706,7.853,8.092,8.211,8.298,8.424,8.513,8.615,8.676,8.747,8.796,8.862,8.927,8.986,9.038,9.089,9.131,9.172,9.213,9.269,9.305,9.352,9.406,9.442,9.47,9.509,9.55,9.581,9.619,9.657,9.695,9.734,9.772,9.813,9.844,9.877,9.914,9.963,9.999,10.025,10.057,10.099,10.135,10.167,10.199,10.235,10.266,10.304,10.331,10.364,10.404,10.448,10.485,10.513,10.538,10.575,10.616,10.639,10.667,10.699,10.731,10.762,10.793,10.834,10.868,10.91,10.943,10.992,11.027,11.065,11.095,11.132,11.178,11.217,11.256,11.307,11.351,11.399,11.453,11.493,11.546,11.621,11.663,11.725,11.779,11.846,11.893,11.964,12.017,12.1,12.195,12.286,12.398,12.522,12.662,12.838,13.094,13.456,14.528
165,OTH FP,6.185,7.394,7.706,7.853,8.092,8.211,8.298,8.424,8.513,8.615,8.676,8.747,8.796,8.862,8.927,8.986,9.038,9.089,9.131,9.172,9.213,9.269,9.305,9.352,9.406,9.442,9.47,9.509,9.55,9.581,9.619,9.657,9.695,9.734,9.772,9.813,9.844,9.877,9.914,9.963,9.999,10.025,10.057,10.099,10.135,10.167,10.199,10.235,10.266,10.304,10.331,10.364,10.404,10.448,10.485,10.513,10.538,10.575,10.616,10.639,10.667,10.699,10.731,10.762,10.793,10.834,10.868,10.91,10.943,10.992,11.027,11.065,11.095,11.132,11.178,11.217,11.256,11.307,11.351,11.399,11.453,11.493,11.546,11.621,11.663,11.725,11.779,11.846,11.893,11.964,12.017,12.1,12.195,12.286,12.398,12.522,12.662,12.838,13.094,13.456,14.528
166,OTH FP,6.087,7.376,7.707,7.914,8.084,8.182,8.311,8.41,8.497,8.574,8.633,8.699,8.778,8.835,8.897,8.95,9.001,9.056,9.111,9.164,9.212,9.25,9.299,9.339,9.379,9.421,9.467,9.508,9.546,9.592,9.623,9.661,9.695,9.722,9.753,9.786,9.819,9.849,9.876,9.911,9.943,9.967,10.003,10.039,10.079,10.111,10.153,10.195,10.227,10.27,10.298,10.332,10.366,10.403,10.433,10.47,10.5,10.536,10.57,10.604,10.639,10.682,10.71,10.743,10.774,10.824,10.853,10.89,10.935,10.976,11.022,11.064,11.101,11.133,11.172,11.204,11.257,11.306,11.349,11.41,11.456,11.495,11.548,11.596,11.648,11.701,11.753,11.81,11.898,11.953,12.026,12.086,12.165,12.301,12.419,12.534,12.689,12.842,13.038,13.321,14.222
167,OTH FP,6.087,7.376,7.707,7.914,8.084,8.182,8.311,8.41,8.497,8.574,8.633,8.699,8.778,8.835,8.897,8.95,9.001,9.056,9.111,9.164,9.212,9.25,9.299,9.339,9.379,9.421,9.467,9.508,9.546,9.592,9.623,9.661,9.695,9.722,9.753,9.786,9.819,9.849,9.876,9.911,9.943,9.967,10.003,10.039,10.079,10.111,10.153,10.195,10.227,10.27,10.298,10.332,10.366,10.403,10.433,10.47,10.5,10.536,10.57,10.604,10.639,10.682,10.71,10.743,10.774,10.824,10.853,10.89,10.935,10.976,11.022,11.064,11.101,11.133,11.172,11.204,11.257,11.306,11.349,11.41,11.456,11.495,11.548,11.596,11.648,11.701,11.753,11.81,11.898,11.953,12.026,12.086,12.165,12.301,12.419,12.534,12.689,12.842,13.038,13.321,14.222
168,OTH FP,6.005,7.339,7.687,7.925,8.06,8.187,8.304,8.383,8.465,8.577,8.654,8.723,8.769,8.823,8.87,8.931,8.983,9.018,9.088,9.135,9.182,9.22,9.276,9.32,9.351,9.399,9.443,9.483,9.526,9.566,9.609,9.641,9.676,9.715,9.747,9.773,9.812,9.843,9.879,9.908,9.943,9.981,10.018,10.048,10.075,10.11,10.144,10.185,10.221,10.255,10.279,10.318,10.352,10.382,10.415,10.443,10.475,10.512,10.546,10.571,10.604,10.645,10.682,10.723,10.758,10.79,10.833,10.863,10.903,10.943,10.976,11.012,11.045,11.083,11.137,11.183,11.22,11.274,11.324,11.362,11.406,11.439,11.477,11.522,11.578,11.624,11.692,11.765,11.819,11.891,11.974,12.041,12.143,12.236,12.358,12.474,12.605,12.741,13.035,13.329,14.1
169,OTH FP,6.005,7.339,7.687,7.925,8.06,8.187,8.304,8.383,8.465,8.577,8.654,8.723,8.769,8.823,8.87,8.931,8.983,9.018,9.088,9.135,9.182,9.22,9.276,9.32,9.351,9.399,9.443,9.483,9.526,9.566,9.609,9.641,9.676,9.715,9.747,9.773,9.812,9.843,9.879,9.908,9.943,9.981,10.018,10.048,10.075,10.11,10.144,10.185,10.221,10.255,10.279,10.318,10.352,10.382,10.415,10.443,10.475,10.512,10.546,10.571,10.604,10.645,10.682,10.723,10.758,10.79,10.833,10.863,10.903,10.943,10.976,11.012,11.045,11.083,11.137,11.183,11.22,11.274,11.324,11.362,11.406,11.439,11.477,11.522,11.578,11.624,11.692,11.765,11.819,11.891,11.974,12.041,12.143,12.236,12.358,12.474,12.605,12.741,13.035,13.329,14.1
170,OTH FP,6.228,7.355,7.679,7.895,8.038,8.174,8.276,8.354,8.459,8.529,8.611,8.698,8.785,8.858,8.899,8.946,8.991,9.052,9.094,9.138,9.199,9.244,9.278,9.317,9.346,9.375,9.423,9.465,9.517,9.543,9.585,9.622,9.653,9.688,9.727,9.766,9.798,9.831,9.862,9.893,9.93,9.966,10.001,10.032,10.065,10.085,10.122,10.154,10.183,10.215,10.247,10.278,10.315,10.353,10.388,10.424,10.458,10.487,10.513,10.539,10.57,10.602,10.637,10.689,10.729,10.773,10.806,10.844,10.875,10.914,10.948,10.976,11.007,11.052,11.103,11.139,11.186,11.227,11.266,11.312,11.36,11.408,11.464,11.521,11.577,11.636,11.707,11.762,11.817,11.87,11.939,12.03,12.12,12.196,12.287,12.416,12.549,12.726,12.943,13.327,14.19
171,OTH FP,6.228,7.355,7.679,7.895,8.038,8.174,8.276,8.354,8.459,8.529,8.611,8.698,8.785,8.858,8.899,8.946,8.991,9.052,9.094,9.138,9.199,9.244,9.278,9.317,9.346,9.375,9.423,9.465,9.517,9.543,9.585,9.622,9.653,9.688,9.727,9.766,9.798,9.831,9.862,9.893,9.93,9.966,10.001,10.032,10.065,10.085,10.122,10.154,10.183,10.215,10.247,10.278,10.315,10.353,10.388,10.424,10.458,10.487,10.513,10.539,10.57,10.602,10.637,10.689,10.729,10.773,10.806,10.844,10.875,10.914,10.948,10.976,11.007,11.052,11.103,11.139,11.186,11.227,11.266,11.312,11.36,11.408,11.464,11.521,11.577,11.636,11.707,11.762,11.817,11.87,11.939,12.03,12.12,12.196,12.287,12.416,12.549,12.726,12.943,13.327,14.19
172,OTH FP,6.326,7.382,7.623,7.846,7.996,8.142,8.261,8.349,8.43,8.524,8.585,8.663,8.721,8.787,8.841,8.904,8.955,9.017,9.057,9.107,9.152,9.187,9.232,9.272,9.311,9.351,9.392,9.435,9.465,9.502,9.541,9.583,9.618,9.659,9.692,9.73,9.771,9.799,9.832,9.868,9.899,9.922,9.96,10.003,10.04,10.071,10.098,10.131,10.161,10.186,10.226,10.27,10.292,10.332,10.37,10.4,10.428,10.461,10.498,10.527,10.56,10.608,10.643,10.679,10.717,10.763,10.796,10.835,10.878,10.917,10.957,10.995,11.026,11.063,11.103,11.146,11.189,11.224,11.263,11.296,11.325,11.36,11.407,11.451,11.504,11.555,11.628,11.689,11.754,11.816,11.888,11.973,12.039,12.137,12.237,12.366,12.485,12.632,12.829,13.309,13.978
173,OTH FP,6.326,7.382,7.623,7.846,7.996,8.142,8.261,8.349,8.43,8.524,8.585,8.663,8.721,8.787,8.841,8.904,8.955,9.017,9.057,9.107,9.152,9.187,9.232,9.272,9.311,9.351,9.392,9.435,9.465,9.502,9.541,9.583,9.618,9.659,9.692,9.73,9.771,9.799,9.832,9.868,9.899,9.922,9.96,10.003,10.04,10.071,10.098,10.131,10.161,10.186,10.226,10.27,10.292,10.332,10.37,10.4,10.428,10.461,10.498,10.527,10.56,10.608,10.643,10.679,10.717,10.763,10.796,10.835,10.878,10.917,10.957,10.995,11.026,11.063,11.103,11.146,11.189,11.224,11.263,11.296,11.325,11.36,11.407,11.451,11.504,11.555,11.628,11.689,11.754,11.816,11.888,11.973,12.039,12.137,12.237,12.366,12.485,12.632,12.829,13.309,13.978
174,OTH FP,6.123,7.381,7.637,7.875,8.054,8.194,8.274,8.37,8.459,8.533,8.607,8.672,8.725,8.789,8.843,8.883,8.921,8.974,9.025,9.073,9.12,9.161,9.214,9.262,9.301,9.336,9.373,9.417,9.451,9.497,9.537,9.57,9.598,9.634,9.676,9.712,9.75,9.784,9.829,9.857,9.882,9.918,9.952,9.986,10.018,10.049,10.084,10.125,10.153,10.178,10.212,10.239,10.28,10.314,10.351,10.382,10.41,10.445,10.481,10.516,10.554,10.593,10.624,10.653,10.684,10.721,10.75,10.784,10.814,10.848,10.886,10.926,10.955,10.993,11.039,11.08,11.124,11.164,11.2,11.25,11.287,11.333,11.38,11.422,11.468,11.527,11.577,11.626,11.704,11.775,11.838,11.893,11.975,12.071,12.175,12.292,12.445,12.613,12.798,13.196,14.314
175,OTH FP,6.123,7.381,7.637,7.875,8.054,8.194,8.274,8.37,8.459,8.533,8.607,8.672,8.725,8.789,8.843,8.883,8.921,8.974,9.025,9.073,9.12,9.161,9.214,9.262,9.301,9.336,9.373,9.417,9.451,9.497,9.537,9.57,9.598,9.634,9.676,9.712,9.75,9.784,9.829,9.857,9.882,9.918,9.952,9.986,10.018,10.049,10.084,10.125,10.153,10.178,10.212,10.239,10.28,10.314,10.351,10.382,10.41,10.445,10.481,10.516,10.554,10.593,10.624,10.653,10.684,10.721,10.75,10.784,10.814,10.848,10.886,10.926,10.955,10.993,11.039,11.08,11.124,11.164,11.2,11.25,11.287,11.333,11.38,11.422,11.468,11.527,11.577,11.626,11.704,11.775,11.838,11.893,11.975,12.071,12.175,12.292,12.445,12.613,12.798,13.196,14.314
176,OTH FP,6.205,7.404,7.654,7.822,8.027,8.158,8.286,8.368,8.444,8.517,8.577,8.634,8.692,8.75,8.812,8.862,8.912,8.966,9.015,9.061,9.101,9.152,9.198,9.23,9.26,9.299,9.34,9.39,9.424,9.455,9.492,9.524,9.565,9.603,9.644,9.694,9.738,9.773,9.802,9.837,9.874,9.907,9.938,9.971,9.999,10.036,10.068,10.105,10.135,10.162,10.199,10.229,10.254,10.283,10.315,10.351,10.386,10.418,10.453,10.474,10.507,10.541,10.57,10.591,10.619,10.657,10.697,10.742,10.783,10.817,10.858,10.898,10.925,10.956,10.995,11.044,11.086,11.126,11.177,11.212,11.257,11.304,11.339,11.375,11.422,11.478,11.527,11.579,11.625,11.673,11.737,11.797,11.894,11.996,12.079,12.206,12.341,12.54,12.783,13.121,13.998
177,OTH FP,6.205,7.404,7.654,7.822,8.027,8.158,8.286,8.368,8.444,8.517,8.577,8.634,8.692,8.75,8.812,8.862,8.912,8.966,9.015,9.061,9.101,9.152,9.198,9.23,9.26,9.299,9.34,9.39,9.424,9.455,9.492,9.524,9.565,9.603,9.644,9.694,9.738,9.773,9.802,9.837,9.874,9.907,9.938,9.971,9.999,10.036,10.068,10.105,10.135,10.162,10.199,10.229,10.254,10.283,10.315,10.351,10.386,10.418,10.453,10.474,10.507,10.541,10.57,10.591,10.619,10.657,10.697,10.742,10.783,10.817,10.858,10.898,10.925,10.956,10.995,11.044,11.086,11.126,11.177,11.212,11.257,11.304,11.339,11.375,11.422,11.478,11.527,11.579,11.625,11.673,11.737,11.797,11.894,11.996,12.079,12.206,12.341,12.54,12.783,13.121,13.998
178,OTH FP,6.223,7.341,7.668,7.901,8.044,8.153,8.266,8.338,8.439,8.514,8.581,8.65,8.707,8.764,8.826,8.874,8.929,8.984,9.022,9.058,9.107,9.152,9.194,9.226,9.278,9.314,9.358,9.406,9.447,9.49,9.522,9.558,9.591,9.626,9.664,9.691,9.724,9.758,9.788,9.819,9.857,9.892,9.919,9.948,9.976,10.01,10.042,10.072,10.098,10.133,10.167,10.198,10.233,10.26,10.293,10.322,10.354,10.381,10.413,10.443,10.476,10.502,10.539,10.582,10.618,10.649,10.69,10.72,10.768,10.792,10.819,10.86,10.889,10.934,10.964,11.003,11.05,11.086,11.122,11.156,11.204,11.245,11.289,11.338,11.374,11.431,11.471,11.531,11.574,11.631,11.686,11.752,11.829,11.915,12.026,12.152,12.287,12.47,12.668,13.126,13.791
179,OTH FP,6.223,7.341,7.668,7.901,8.044,8.153,8.266,8.338,8.439,8.514,8.581,8.65,8.707,8.764,8.826,8.874,8.929,8.984,9.022,9.058,9.107,9.152,9.194,9.226,9.278,9.314,9.358,9.406,9.447,9.49,9.522,9.558,9.591,9.626,9.664,9.691,9.724,9.758,9.788,9.819,9.857,9.892,9.919,9.948,9.976,10.01,10.042,10.072,10.098,10.133,10.167,10.198,10.233,10.26,10.293,10.322,10.354,10.381,10.413,10.443,10.476,10.502,10.539,10.582,10.618,10.649,10.69,10.72,10.768,10.792,10.819,10.86,10.889,10.934,10.964,11.003,11.05,11.086,11.122,11.156,11.204,11.245,11.289,11.338,11.374,11.431,11.471,11.531,11.574,11.631,11.686,11.752,11.829,11.915,12.026,12.152,12.287,12.47,12.668,13.126,13.791
180,OTH FP,6.293,7.405,7.687,7.888,8.039,8.139,8.259,8.366,8.44,8.514,8.581,8.663,8.722,8.775,8.839,8.896,8.948,8.998,9.037,9.083,9.114,9.164,9.208,9.242,9.287,9.327,9.36,9.391,9.431,9.477,9.51,9.542,9.585,9.617,9.65,9.685,9.716,9.752,9.776,9.799,9.83,9.861,9.891,9.93,9.964,9.988,10.019,10.049,10.087,10.119,10.144,10.175,10.206,10.242,10.27,10.301,10.328,10.361,10.393,10.417,10.447,10.485,10.509,10.55,10.578,10.605,10.637,10.667,10.697,10.726,10.759,10.802,10.842,10.878,10.915,10.956,10.986,11.02,11.057,11.1,11.152,11.192,11.231,11.274,11.323,11.369,11.423,11.473,11.532,11.592,11.638,11.702,11.772,11.838,11.935,12.064,12.214,12.406,12.6,12.993,13.984
181,OTH FP,6.293,7.405,7.687,7.888,8.039,8.139,8.259,8.366,8.44,8.514,8.581,8.663,8.722,8.775,8.839,8.896,8.948,8.998,9.037,9.083,9.114,9.164,9.208,9.242,9.287,9.327,9.36,9.391,9.431,9.477,9.51,9.542,9.585,9.617,9.65,9.685,9.716,9.752,9.776,9.799,9.83,9.861,9.891,9.93,9.964,9.988,10.019,10.049,10.087,10.119,10.144,10.175,10.206,10.242,10.27,10.301,10.328,10.361,10.393,10.417,10.447,10.485,10.509,10.55,10.578,10.605,10.637,10.667,10.697,10.726,10.759,10.802,10.842,10.878,10.915,10.956,10.986,11.02,11.057,11.1,11.152,11.192,11.231,11.274,11.323,11.369,11.423,11.473,11.532,11.592,11.638,11.702,11.772,11.838,11.935,12.064,12.214,12.406,12.6,12.993,13.984
182,OTH FP,6.416,7.395,7.682,7.883,8.047,8.166,8.28,8.402,8.482,8.561,8.624,8.673,8.726,8.779,8.825,8.884,8.934,8.987,9.047,9.098,9.136,9.172,9.216,9.25,9.284,9.322,9.361,9.399,9.433,9.469,9.504,9.534,9.568,9.6,9.626,9.66,9.701,9.74,9.773,9.813,9.841,9.865,9.89,9.919,9.945,9.971,10.005,10.033,10.058,10.091,10.113,10.139,10.17,10.198,10.225,10.257,10.288,10.314,10.348,10.373,10.403,10.437,10.471,10.503,10.533,10.567,10.605,10.636,10.664,10.698,10.729,10.762,10.793,10.823,10.857,10.882,10.917,10.963,11.0,11.028,11.066,11.112,11.157,11.2,11.249,11.299,11.362,11.409,11.465,11.52,11.58,11.642,11.714,11.787,11.901,12.032,12.14,12.3,12.508,12.846,13.848
183,OTH FP,6.416,7.395,7.682,7.883,8.047,8.166,8.28,8.402,8.482,8.561,8.624,8.673,8.726,8.779,8.825,8.884,8.934,8.987,9.047,9.098,9.136,9.172,9.216,9.25,9.284,9.322,9.361,9.399,9.433,9.469,9.504,9.534,9.568,9.6,9.626,9.66,9.701,9.74,9.773,9.813,9.841,9.865,9.89,9.919,9.945,9.971,10.005,10.033,10.058,10.091,10.113,10.139,10.17,10.198,10.225,10.257,10.288,10.314,10.348,10.373,10.403,10.437,10.471,10.503,10.533,10.567,10.605,10.636,10.664,10.698,10.729,10.762,10.793,10.823,10.857,10.882,10.917,10.963,11.0,11.028,11.066,11.112,11.157,11.2,11.249,11.299,11.362,11.409,11.465,11.52,11.58,11.642,11.714,11.787,11.901,12.032,12.14,12.3,12.508,12.846,13.848
184,OTH FP,6.32,7.269,7.644,7.814,8.007,8.146,8.25,8.321,8.399,8.477,8.543,8.609,8.654,8.724,8.772,8.826,8.885,8.932,8.976,9.033,9.095,9.128,9.17,9.22,9.267,9.304,9.337,9.372,9.4,9.431,9.462,9.499,9.536,9.566,9.604,9.637,9.665,9.698,9.735,9.767,9.789,9.824,9.851,9.882,9.907,9.938,9.975,10.008,10.04,10.067,10.091,10.117,10.143,10.172,10.194,10.222,10.258,10.282,10.319,10.354,10.387,10.415,10.435,10.464,10.501,10.536,10.569,10.599,10.63,10.665,10.696,10.736,10.768,10.805,10.829,10.867,10.912,10.95,10.98,11.025,11.061,11.107,11.144,11.185,11.235,11.282,11.343,11.388,11.435,11.48,11.549,11.61,11.697,11.775,11.879,12.015,12.137,12.355,12.555,12.884,13.866
185,OTH FP,6.32,7.269,7.644,7.814,8.007,8.146,8.25,8.321,8.399,8.477,8.543,8.609,8.654,8.724,8.772,8.826,8.885,8.932,8.976,9.033,9.095,9.128,9.17,9.22,9.267,9.304,9.337,9.372,9.4,9.431,9.462,9.499,9.536,9.566,9.604,9.637,9.665,9.698,9.735,9.767,9.789,9.824,9.851,9.882,9.907,9.938,9.975,10.008,10.04,10.067,10.091,10.117,10.143,10.172,10.194,10.222,10.258,10.282,10.319,10.354,10.387,10.415,10.435,10.464,10.501,10.536,10.569,10.599,10.63,10.665,10.696,10.736,10.768,10.805,10.829,10.867,10.912,10.95,10.98,11.025,11.061,11.107,11.144,11.185,11.235,11.282,11.343,11.388,11.435,11.48,11.549,11.61,11.697,11.775,11.879,12.015,12.137,12.355,12.555,12.884,13.866
186,OTH FP,6.082,7.204,7.605,7.789,7.938,8.056,8.172,8.269,8.341,8.41,8.521,8.576,8.642,8.701,8.755,8.806,8.853,8.891,8.941,9.004,9.038,9.08,9.13,9.172,9.218,9.252,9.289,9.324,9.35,9.381,9.413,9.448,9.486,9.514,9.556,9.589,9.619,9.65,9.678,9.713,9.75,9.778,9.808,9.844,9.881,9.914,9.94,9.972,10.006,10.03,10.058,10.09,10.121,10.154,10.184,10.211,10.236,10.265,10.297,10.342,10.371,10.404,10.445,10.473,10.497,10.519,10.548,10.583,10.617,10.651,10.68,10.712,10.739,10.775,10.809,10.842,10.883,10.926,10.97,11.021,11.065,11.104,11.149,11.193,11.237,11.282,11.326,11.38,11.443,11.489,11.557,11.65,11.721,11.8,11.882,11.992,12.142,12.299,12.472,12.801,14.005
187,OTH FP,6.082,7.204,7.605,7.789,7.938,8.056,8.172,8.269,8.341,8.41,8.521,8.576,8.642,8.701,8.755,8.806,8.853,8.891,8.941,9.004,9.038,9.08,9.13,9.172,9.218,9.252,9.289,9.324,9.35,9.381,9.413,9.448,9.486,9.514,9.556,9.589,9.619,9.65,9.678,9.713,9.75,9.778,9.808,9.844,9.881,9.914,9.94,9.972,10.006,10.03,10.058,10.09,10.121,10.154,10.184,10.211,10.236,10.265,10.297,10.342,10.371,10.404,10.445,10.473,10.497,10.519,10.548,10.583,10.617,10.651,10.68,10.712,10.739,10.775,10.809,10.842,10.883,10.926,10.97,11.021,11.065,11.104,11.149,11.193,11.237,11.282,11.326,11.38,11.443,11.489,11.557,11.65,11.721,11.8,11.882,11.992,12.142,12.299,12.472,12.801,14.005
188,OTH FP,6.222,7.222,7.526,7.797,7.93,8.042,8.129,8.243,8.328,8.44,8.497,8.561,8.616,8.665,8.717,8.768,8.831,8.878,8.931,8.966,9.021,9.071,9.113,9.167,9.201,9.243,9.282,9.315,9.354,9.393,9.419,9.458,9.481,9.524,9.554,9.583,9.629,9.67,9.704,9.731,9.763,9.795,9.824,9.853,9.887,9.919,9.95,9.975,10.011,10.04,10.072,10.105,10.142,10.172,10.204,10.235,10.262,10.28,10.312,10.334,10.367,10.398,10.435,10.46,10.499,10.541,10.566,10.593,10.625,10.655,10.695,10.734,10.762,10.796,10.829,10.872,10.916,10.951,10.983,11.025,11.075,11.122,11.164,11.207,11.251,11.31,11.359,11.406,11.461,11.52,11.582,11.65,11.727,11.799,11.954,12.068,12.172,12.322,12.501,12.857,14.063
189,OTH FP,6.222,7.222,7.526,7.797,7.93,8.042,8.129,8.243,8.328,8.44,8.497,8.561,8.616,8.665,8.717,8.768,8.831,8.878,8.931,8.966,9.021,9.071,9.113,9.167,9.201,9.243,9.282,9.315,9.354,9.393,9.419,9.458,9.481,9.524,9.554,9.583,9.629,9.67,9.704,9.731,9.763,9.795,9.824,9.853,9.887,9.919,9.95,9.975,10.011,10.04,10.072,10.105,10.142,10.172,10.204,10.235,10.262,10.28,10.312,10.334,10.367,10.398,10.435,10.46,10.499,10.541,10.566,10.593,10.625,10.655,10.695,10.734,10.762,10.796,10.829,10.872,10.916,10.951,10.983,11.025,11.075,11.122,11.164,11.207,11.251,11.31,11.359,11.406,11.461,11.52,11.582,11.65,11.727,11.799,11.954,12.068,12.172,12.322,12.501,12.857,14.063
190,OTH FP,6.103,7.003,7.442,7.667,7.845,7.973,8.113,8.199,8.303,8.369,8.444,8.518,8.595,8.653,8.713,8.765,8.816,8.864,8.904,8.964,9.015,9.056,9.11,9.148,9.192,9.224,9.264,9.305,9.345,9.383,9.414,9.45,9.487,9.524,9.558,9.589,9.638,9.669,9.7,9.722,9.76,9.797,9.826,9.863,9.889,9.919,9.954,9.99,10.021,10.068,10.096,10.14,10.162,10.191,10.221,10.247,10.275,10.305,10.333,10.361,10.381,10.41,10.439,10.465,10.495,10.524,10.553,10.588,10.624,10.65,10.686,10.724,10.768,10.808,10.842,10.882,10.92,10.962,10.995,11.033,11.076,11.131,11.187,11.24,11.287,11.334,11.374,11.426,11.488,11.549,11.641,11.713,11.798,11.868,11.98,12.098,12.222,12.352,12.591,12.911,13.955
191,OTH FP,6.103,7.003,7.442,7.667,7.845,7.973,8.113,8.199,8.303,8.369,8.444,8.518,8.595,8.653,8.713,8.765,8.816,8.864,8.904,8.964,9.015,9.056,9.11,9.148,9.192,9.224,9.264,9.305,9.345,9.383,9.414,9.45,9.487,9.524,9.558,9.589,9.638,9.669,9.7,9.722,9.76,9.797,9.826,9.863,9.889,9.919,9.954,9.99,10.021,10.068,10.096,10.14,10.162,10.191,10.221,10.247,10.275,10.305,10.333,10.361,10.381,10.41,10.439,10.465,10.495,10.524,10.553,10.588,10.624,10.65,10.686,10.724,10.768,10.808,10.842,10.882,10.92,10.962,10.995,11.033,11.076,11.131,11.187,11.24,11.287,11.334,11.374,11.426,11.488,11.549,11.641,11.713,11.798,11.868,11.98,12.098,12.222,12.352,12.591,12.911,13.955
192,OTH FP,5.824,6.998,7.342,7.579,7.816,7.928,8.031,8.152,8.225,8.314,8.398,8.466,8.573,8.63,8.685,8.742,8.809,8.86,8.916,8.977,9.027,9.062,9.115,9.166,9.21,9.25,9.296,9.336,9.369,9.392,9.432,9.463,9.498,9.534,9.571,9.613,9.646,9.672,9.695,9.727,9.761,9.789,9.817,9.852,9.889,9.924,9.955,9.994,10.019,10.047,10.074,10.103,10.143,10.168,10.194,10.223,10.263,10.287,10.318,10.347,10.384,10.42,10.452,10.487,10.507,10.548,10.581,10.613,10.652,10.69,10.724,10.759,10.795,10.83,10.871,10.912,10.962,10.995,11.032,11.074,11.117,11.163,11.204,11.257,11.309,11.361,11.419,11.501,11.565,11.619,11.668,11.734,11.842,11.954,12.048,12.146,12.283,12.477,12.73,13.051,14.065
193,OTH FP,5.824,6.998,7.342,7.579,7.816,7.928,8.031,8.152,8.225,8.314,8.398,8.466,8.573,8.63,8.685,8.742,8.809,8.86,8.916,8.977,9.027,9.062,9.115,9.166,9.21,9.25,9.296,9.336,9.369,9.392,9.432,9.463,9.498,9.534,9.571,9.613,9.646,9.672,9.695,9.727,9.761,9.789,9.817,9.852,9.889,9.924,9.955,9.994,10.019,10.047,10.074,10.103,10.143,10.168,10.194,10.223,10.263,10.287,10.318,10.347,10.384,10.42,10.452,10.487,10.507,10.548,10.581,10.613,10.652,10.69,10.724,10.759,10.795,10.83,10.871,10.912,10.962,10.995,11.032,11.074,11.117,11.163,11.204,11.257,11.309,11.361,11.419,11.501,11.565,11.619,11.668,11.734,11.842,11.954,12.048,12.146,12.283,12.477,12.73,13.051,14.065
194,OTH FP,5.934,6.898,7.314,7.54,7.723,7.89,8.006,8.117,8.172,8.253,8.343,8.428,8.511,8.577,8.646,8.71,8.783,8.841,8.897,8.948,8.995,9.046,9.094,9.138,9.189,9.232,9.283,9.316,9.364,9.397,9.434,9.468,9.504,9.546,9.577,9.614,9.647,9.68,9.707,9.735,9.764,9.798,9.825,9.852,9.886,9.924,9.956,9.986,10.019,10.039,10.061,10.097,10.14,10.173,10.21,10.242,10.274,10.311,10.348,10.371,10.409,10.44,10.471,10.498,10.531,10.575,10.607,10.644,10.682,10.726,10.757,10.807,10.84,10.874,10.911,10.952,11.003,11.049,11.088,11.125,11.174,11.22,11.261,11.301,11.346,11.404,11.462,11.524,11.584,11.654,11.724,11.802,11.874,11.969,12.073,12.191,12.347,12.543,12.778,13.195,14.381
195,OTH FP,5.934,6.898,7.314,7.54,7.723,7.89,8.006,8.117,8.172,8.253,8.343,8.428,8.511,8.577,8.646,8.71,8.783,8.841,8.897,8.948,8.995,9.046,9.094,9.138,9.189,9.232,9.283,9.316,9.364,9.397,9.434,9.468,9.504,9.546,9.577,9.614,9.647,9.68,9.707,9.735,9.764,9.798,9.825,9.852,9.886,9.924,9.956,9.986,10.019,10.039,10.061,10.097,10.14,10.173,10.21,10.242,10.274,10.311,10.348,10.371,10.409,10.44,10.471,10.498,10.531,10.575,10.607,10.644,10.682,10.726,10.757,10.807,10.84,10.874,10.911,10.952,11.003,11.049,11.088,11.125,11.174,11.22,11.261,11.301,11.346,11.404,11.462,11.524,11.584,11.654,11.724,11.802,11.874,11.969,12.073,12.191,12.347,12.543,12.778,13.195,14.381
196,OTH FP,5.643,6.868,7.286,7.542,7.704,7.834,7.974,8.085,8.182,8.275,8.355,8.436,8.509,8.58,8.664,8.721,8.778,8.848,8.898,8.946,9.022,9.073,9.123,9.167,9.205,9.243,9.277,9.333,9.367,9.402,9.443,9.483,9.518,9.549,9.578,9.606,9.632,9.668,9.702,9.743,9.779,9.818,9.856,9.891,9.924,9.954,9.987,10.018,10.043,10.068,10.107,10.144,10.169,10.194,10.218,10.25,10.277,10.313,10.354,10.388,10.425,10.459,10.488,10.525,10.563,10.588,10.623,10.659,10.697,10.733,10.764,10.818,10.854,10.887,10.923,10.957,10.997,11.044,11.087,11.128,11.167,11.209,11.249,11.286,11.342,11.399,11.466,11.527,11.597,11.669,11.723,11.815,11.912,11.992,12.102,12.26,12.426,12.652,12.874,13.279,14.079
197,OTH FP,5.643,6.868,7.286,7.542,7.704,7.834,7.974,8.085,8.182,8.275,8.355,8.436,8.509,8.58,8.664,8.721,8.778,8.848,8.898,8.946,9.022,9.073,9.123,9.167,9.205,9.243,9.277,9.333,9.367,9.402,9.443,9.483,9.518,9.549,9.578,9.606,9.632,9.668,9.702,9.743,9.779,9.818,9.856,9.891,9.924,9.954,9.987,10.018,10.043,10.068,10.107,10.144,10.169,10.194,10.218,10.25,10.277,10.313,10.354,10.388,10.425,10.459,10.488,10.525,10.563,10.588,10.623,10.659,10.697,10.733,10.764,10.818,10.854,10.887,10.923,10.957,10.997,11.044,11.087,11.128,11.167,11.209,11.249,11.286,11.342,11.399,11.466,11.527,11.597,11.669,11.723,11.815,11.912,11.992,12.102,12.26,12.426,12.652,12.874,13.279,14.079
198,OTH FP,5.506,6.917,7.238,7.49,7.687,7.818,7.992,8.13,8.232,8.32,8.419,8.481,8.572,8.616,8.673,8.73,8.785,8.853,8.903,8.954,9.003,9.053,9.103,9.149,9.185,9.216,9.259,9.301,9.346,9.377,9.423,9.458,9.498,9.533,9.564,9.597,9.632,9.655,9.687,9.723,9.753,9.789,9.824,9.857,9.891,9.927,9.962,9.998,10.034,10.072,10.105,10.13,10.174,10.204,10.237,10.269,10.295,10.327,10.364,10.399,10.442,10.477,10.516,10.545,10.572,10.617,10.661,10.696,10.735,10.765,10.809,10.848,10.881,10.927,10.966,10.991,11.027,11.064,11.103,11.154,11.185,11.232,11.282,11.33,11.368,11.419,11.467,11.524,11.61,11.685,11.763,11.837,11.944,12.044,12.177,12.3,12.446,12.611,12.838,13.334,14.204
199,OTH FP,5.506,6.917,7.238,7.49,7.687,7.818,7.992,8.13,8.232,8.32,8.419,8.481,8.572,8.616,8.673,8.73,8.785,8.853,8.903,8.954,9.003,9.053,9.103,9.149,9.185,9.216,9.259,9.301,9.346,9.377,9.423,9.458,9.498,9.533,9.564,9.597,9.632,9.655,9.687,9.723,9.753,9.789,9.824,9.857,9.891,9.927,9.962,9.998,10.034,10.072,10.105,10.13,10.174,10.204,10.237,10.269,10.295,10.327,10.364,10.399,10.442,10.477,10.516,10.545,10.572,10.617,10.661,10.696,10.735,10.765,10.809,10.848,10.881,10.927,10.966,10.991,11.027,11.064,11.103,11.154,11.185,11.232,11.282,11.33,11.368,11.419,11.467,11.524,11.61,11.685,11.763,11.837,11.944,12.044,12.177,12.3,12.446,12.611,12.838,13.334,14.204
200,OTH FP,5.518,6.911,7.317,7.487,7.667,7.861,7.967,8.099,8.184,8.287,8.382,8.443,8.52,8.593,8.647,8.718,8.786,8.85,8.907,8.975,9.024,9.061,9.11,9.152,9.188,9.224,9.266,9.301,9.334,9.367,9.409,9.44,9.474,9.504,9.545,9.581,9.617,9.65,9.683,9.717,9.745,9.787,9.831,9.87,9.901,9.929,9.965,9.991,10.022,10.053,10.091,10.129,10.173,10.209,10.237,10.273,10.316,10.351,10.38,10.423,10.459,10.495,10.531,10.565,10.596,10.629,10.66,10.691,10.731,10.775,10.808,10.84,10.873,10.905,10.941,10.985,11.019,11.05,11.104,11.141,11.197,11.25,11.291,11.329,11.371,11.444,11.501,11.564,11.633,11.704,11.784,11.865,11.943,12.057,12.169,12.331,12.447,12.593,12.865,13.363,14.219
201,OTH FP,5.518,6.911,7.317,7.487,7.667,7.861,7.967,8.099,8.184,8.287,8.382,8.443,8.52,8.593,8.647,8.718,8.786,8.85,8.907,8.975,9.024,9.061,9.11,9.152,9.188,9.224,9.266,9.301,9.334,9.367,9.409,9.44,9.474,9.504,9.545,9.581,9.617,9.65,9.683,9.717,9.745,9.787,9.831,9.87,9.901,9.929,9.965,9.991,10.022,10.053,10.091,10.129,10.173,10.209,10.237,10.273,10.316,10.351,10.38,10.423,10.459,10.495,10.531,10.565,10.596,10.629,10.66,10.691,10.731,10.775,10.808,10.84,10.873,10.905,10.941,10.985,11.019,11.05,11.104,11.141,11.197,11.25,11.291,11.329,11.371,11.444,11.501,11.564,11.633,11.704,11.784,11.865,11.943,12.057,12.169,12.331,12.447,12.593,12.865,13.363,14.219
202,OTH FP,5.837,6.918,7.299,7.506,7.725,7.841,7.947,8.046,8.163,8.267,8.361,8.416,8.498,8.581,8.652,8.718,8.785,8.836,8.897,8.956,8.996,9.054,9.101,9.148,9.179,9.231,9.27,9.312,9.351,9.389,9.43,9.46,9.499,9.535,9.578,9.615,9.651,9.681,9.717,9.747,9.777,9.807,9.837,9.879,9.911,9.94,9.979,10.02,10.048,10.07,10.11,10.139,10.175,10.217,10.25,10.293,10.328,10.361,10.395,10.442,10.475,10.504,10.535,10.565,10.607,10.638,10.675,10.708,10.75,10.776,10.821,10.861,10.905,10.944,10.987,11.022,11.051,11.093,11.137,11.175,11.213,11.264,11.308,11.358,11.417,11.469,11.516,11.587,11.663,11.731,11.792,11.883,11.972,12.085,12.198,12.312,12.446,12.644,12.908,13.289,14.191
203,OTH FP,5.837,6.918,7.299,7.506,7.725,7.841,7.947,8.046,8.163,8.267,8.361,8.416,8.498,8.581,8.652,8.718,8.785,8.836,8.897,8.956,8.996,9.054,9.101,9.148,9.179,9.231,9.27,9.312,9.351,9.389,9.43,9.46,9.499,9.535,9.578,9.615,9.651,9.681,9.717,9.747,9.777,9.807,9.837,9.879,9.911,9.94,9.979,10.02,10.048,10.07,10.11,10.139,10.175,10.217,10.25,10.293,10.328,10.361,10.395,10.442,10.475,10.504,10.535,10.565,10.607,10.638,10.675,10.708,10.75,10.776,10.821,10.861,10.905,10.944,10.987,11.022,11.051,11.093,11.137,11.175,11.213,11.264,11.308,11.358,11.417,11.469,11.516,11.587,11.663,11.731,11.792,11.883,11.972,12.085,12.198,12.312,12.446,12.644,12.908,13.289,14.191
204,OTH FP,5.943,6.883,7.332,7.56,7.758,7.894,7.995,8.101,8.189,8.265,8.352,8.451,8.504,8.558,8.627,8.702,8.752,8.813,8.872,8.925,8.962,9.037,9.09,9.144,9.185,9.223,9.271,9.32,9.362,9.392,9.428,9.454,9.503,9.549,9.598,9.63,9.663,9.699,9.725,9.759,9.798,9.841,9.87,9.9,9.935,9.973,10.002,10.032,10.063,10.093,10.122,10.156,10.2,10.23,10.258,10.29,10.321,10.349,10.382,10.415,10.461,10.5,10.526,10.566,10.597,10.629,10.654,10.693,10.729,10.767,10.804,10.846,10.892,10.927,10.978,11.013,11.05,11.087,11.127,11.17,11.21,11.264,11.312,11.366,11.417,11.466,11.542,11.608,11.682,11.762,11.859,11.935,12.029,12.107,12.192,12.295,12.491,12.694,12.88,13.254,14.248
205,OTH FP,5.943,6.883,7.332,7.56,7.758,7.894,7.995,8.101,8.189,8.265,8.352,8.451,8.504,8.558,8.627,8.702,8.752,8.813,8.872,8.925,8.962,9.037,9.09,9.144,9.185,9.223,9.271,9.32,9.362,9.392,9.428,9.454,9.503,9.549,9.598,9.63,9.663,9.699,9.725,9.759,9.798,9.841,9.87,9.9,9.935,9.973,10.002,10.032,10.063,10.093,10.122,10.156,10.2,10.23,10.258,10.29,10.321,10.349,10.382,10.415,10.461,10.5,10.526,10.566,10.597,10.629,10.654,10.693,10.729,10.767,10.804,10.846,10.892,10.927,10.978,11.013,11.05,11.087,11.127,11.17,11.21,11.264,11.312,11.366,11.417,11.466,11.542,11.608,11.682,11.762,11.859,11.935,12.029,12.107,12.192,12.295,12.491,12.694,12.88,13.254,14.248
206,OTH FP,5.859,6.879,7.351,7.599,7.777,7.885,8.025,8.125,8.226,8.289,8.353,8.435,8.499,8.565,8.623,8.685,8.754,8.813,8.866,8.932,8.989,9.042,9.09,9.125,9.171,9.212,9.259,9.295,9.333,9.378,9.41,9.451,9.478,9.531,9.569,9.611,9.654,9.688,9.723,9.769,9.798,9.835,9.867,9.9,9.931,9.957,9.986,10.02,10.053,10.096,10.134,10.172,10.198,10.229,10.267,10.289,10.316,10.349,10.378,10.413,10.443,10.475,10.517,10.554,10.583,10.617,10.637,10.667,10.71,10.752,10.789,10.825,10.863,10.892,10.933,10.961,11.016,11.07,11.119,11.167,11.224,11.279,11.334,11.391,11.456,11.518,11.592,11.66,11.717,11.788,11.878,11.955,12.027,12.102,12.234,12.369,12.535,12.682,12.933,13.268,14.563
207,OTH FP,5.859,6.879,7.351,7.599,7.777,7.885,8.025,8.125,8.226,8.289,8.353,8.435,8.499,8.565,8.623,8.685,8.754,8.813,8.866,8.932,8.989,9.042,9.09,9.125,9.171,9.212,9.259,9.295,9.333,9.378,9.41,9.451,9.478,9.531,9.569,9.611,9.654,9.688,9.723,9.769,9.798,9.835,9.867,9.9,9.931,9.957,9.986,10.02,10.053,10.096,10.134,10.172,10.198,10.229,10.267,10.289,10.316,10.349,10.378,10.413,10.443,10.475,10.517,10.554,10.583,10.617,10.637,10.667,10.71,10.752,10.789,10.825,10.863,10.892,10.933,10.961,11.016,11.07,11.119,11.167,11.224,11.279,11.334,11.391,11.456,11.518,11.592,11.66,11.717,11.788,11.878,11.955,12.027,12.102,12.234,12.369,12.535,12.682,12.933,13.268,14.563
208,OTH FP,5.819,6.956,7.323,7.565,7.743,7.933,8.015,8.117,8.207,8.276,8.344,8.42,8.507,8.572,8.626,8.693,8.755,8.825,8.885,8.942,8.995,9.05,9.099,9.156,9.195,9.251,9.286,9.321,9.363,9.412,9.449,9.486,9.53,9.569,9.602,9.633,9.674,9.705,9.749,9.781,9.825,9.857,9.889,9.926,9.96,10.002,10.031,10.058,10.091,10.119,10.147,10.173,10.203,10.236,10.265,10.296,10.331,10.362,10.395,10.427,10.456,10.488,10.513,10.545,10.583,10.626,10.653,10.696,10.728,10.767,10.808,10.864,10.894,10.935,10.975,11.024,11.069,11.106,11.151,11.197,11.244,11.295,11.348,11.409,11.465,11.514,11.581,11.656,11.734,11.797,11.878,11.941,12.033,12.124,12.251,12.405,12.574,12.724,12.937,13.243,14.645
209,OTH FP,5.819,6.956,7.323,7.565,7.743,7.933,8.015,8.117,8.207,8.276,8.344,8.42,8.507,8.572,8.626,8.693,8.755,8.825,8.885,8.942,8.995,9.05,9.099,9.156,9.195,9.251,9.286,9.321,9.363,9.412,9.449,9.486,9.53,9.569,9.602,9.633,9.674,9.705,9.749,9.781,9.825,9.857,9.889,9.926,9.96,10.002,10.031,10.058,10.091,10.119,10.147,10.173,10.203,10.236,10.265,10.296,10.331,10.362,10.395,10.427,10.456,10.488,10.513,10.545,10.583,10.626,10.653,10.696,10.728,10.767,10.808,10.864,10.894,10.935,10.975,11.024,11.069,11.106,11.151,11.197,11.244,11.295,11.348,11.409,11.465,11.514,11.581,11.656,11.734,11.797,11.878,11.941,12.033,12.124,12.251,12.405,12.574,12.724,12.937,13.243,14.645
210,OTH FP,5.966,6.868,7.298,7.579,7.759,7.869,7.972,8.085,8.17,8.269,8.365,8.441,8.537,8.611,8.679,8.754,8.807,8.86,8.929,8.981,9.032,9.076,9.119,9.164,9.214,9.263,9.292,9.33,9.366,9.41,9.441,9.483,9.521,9.565,9.604,9.638,9.667,9.707,9.739,9.782,9.826,9.851,9.887,9.918,9.947,9.982,10.005,10.042,10.071,10.105,10.147,10.181,10.211,10.24,10.274,10.296,10.33,10.365,10.39,10.429,10.468,10.515,10.547,10.571,10.609,10.645,10.689,10.725,10.767,10.8,10.827,10.875,10.918,10.97,11.015,11.044,11.089,11.13,11.184,11.216,11.26,11.298,11.351,11.418,11.465,11.545,11.615,11.686,11.745,11.817,11.862,11.937,12.052,12.143,12.244,12.394,12.542,12.726,12.904,13.358,14.254
211,OTH FP,5.966,6.868,7.298,7.579,7.759,7.869,7.972,8.085,8.17,8.269,8.365,8.441,8.537,8.611,8.679,8.754,8.807,8.86,8.929,8.981,9.032,9.076,9.119,9.164,9.214,9.263,9.292,9.33,9.366,9.41,9.441,9.483,9.521,9.565,9.604,9.638,9.667,9.707,9.739,9.782,9.826,9.851,9.887,9.918,9.947,9.982,10.005,10.042,10.071,10.105,10.147,10.181,10.211,10.24,10.274,10.296,10.33,10.365,10.39,10.429,10.468,10.515,10.547,10.571,10.609,10.645,10.689,10.725,10.767,10.8,10.827,10.875,10.918,10.97,11.015,11.044,11.089,11.13,11.184,11.216,11.26,11.298,11.351,11.418,11.465,11.545,11.615,11.686,11.745,11.817,11.862,11.937,12.052,12.143,12.244,12.394,12.542,12.726,12.904,13.358,14.254
212,OTH FP,5.703,6.935,7.347,7.624,7.763,7.905,8.002,8.088,8.177,8.294,8.384,8.47,8.543,8.607,8.669,8.727,8.787,8.84,8.911,8.962,9.008,9.063,9.105,9.154,9.202,9.259,9.3,9.336,9.377,9.422,9.454,9.487,9.526,9.553,9.592,9.637,9.673,9.707,9.739,9.774,9.806,9.842,9.871,9.907,9.941,9.979,10.011,10.038,10.068,10.113,10.146,10.183,10.204,10.235,10.256,10.297,10.331,10.372,10.412,10.444,10.478,10.51,10.555,10.594,10.622,10.653,10.68,10.722,10.761,10.798,10.839,10.873,10.914,10.951,10.995,11.032,11.074,11.112,11.162,11.213,11.264,11.304,11.359,11.424,11.481,11.532,11.582,11.636,11.687,11.767,11.836,11.932,12.004,12.116,12.234,12.383,12.552,12.724,12.946,13.332,14.207
213,OTH FP,5.703,6.935,7.347,7.624,7.763,7.905,8.002,8.088,8.177,8.294,8.384,8.47,8.543,8.607,8.669,8.727,8.787,8.84,8.911,8.962,9.008,9.063,9.105,9.154,9.202,9.259,9.3,9.336,9.377,9.422,9.454,9.487,9.526,9.553,9.592,9.637,9.673,9.707,9.739,9.774,9.806,9.842,9.871,9.907,9.941,9.979,10.011,10.038,10.068,10.113,10.146,10.183,10.204,10.235,10.256,10.297,10.331,10.372,10.412,10.444,10.478,10.51,10.555,10.594,10.622,10.653,10.68,10.722,10.761,10.798,10.839,10.873,10.914,10.951,10.995,11.032,11.074,11.112,11.162,11.213,11.264,11.304,11.359,11.424,11.481,11.532,11.582,11.636,11.687,11.767,11.836,11.932,12.004,12.116,12.234,12.383,12.552,12.724,12.946,13.332,14.207
214,OTH FP,5.763,6.901,7.355,7.608,7.785,7.936,8.052,8.142,8.238,8.344,8.434,8.501,8.568,8.641,8.714,8.794,8.839,8.896,8.949,8.986,9.032,9.092,9.139,9.172,9.222,9.276,9.323,9.364,9.403,9.451,9.492,9.53,9.567,9.602,9.633,9.67,9.711,9.748,9.776,9.811,9.842,9.881,9.907,9.944,9.979,10.012,10.044,10.068,10.097,10.126,10.158,10.188,10.22,10.264,10.295,10.331,10.369,10.403,10.437,10.465,10.487,10.518,10.549,10.584,10.619,10.652,10.683,10.717,10.752,10.784,10.814,10.844,10.881,10.923,10.98,11.024,11.063,11.101,11.146,11.197,11.255,11.295,11.339,11.391,11.442,11.504,11.577,11.619,11.675,11.749,11.835,11.908,12.019,12.09,12.199,12.324,12.488,12.692,12.943,13.276,14.319
215,OTH FP,5.763,6.901,7.355,7.608,7.785,7.936,8.052,8.142,8.238,8.344,8.434,8.501,8.568,8.641,8.714,8.794,8.839,8.896,8.949,8.986,9.032,9.092,9.139,9.172,9.222,9.276,9.323,9.364,9.403,9.451,9.492,9.53,9.567,9.602,9.633,9.67,9.711,9.748,9.776,9.811,9.842,9.881,9.907,9.944,9.979,10.012,10.044,10.068,10.097,10.126,10.158,10.188,10.22,10.264,10.295,10.331,10.369,10.403,10.437,10.465,10.487,10.518,10.549,10.584,10.619,10.652,10.683,10.717,10.752,10.784,10.814,10.844,10.881,10.923,10.98,11.024,11.063,11.101,11.146,11.197,11.255,11.295,11.339,11.391,11.442,11.504,11.577,11.619,11.675,11.749,11.835,11.908,12.019,12.09,12.199,12.324,12.488,12.692,12.943,13.276,14.319
216,OTH FP,6.041,7.014,7.362,7.61,7.789,7.921,8.054,8.157,8.244,8.345,8.434,8.511,8.59,8.665,8.722,8.769,8.829,8.867,8.923,8.986,9.03,9.089,9.143,9.191,9.236,9.28,9.316,9.362,9.407,9.449,9.494,9.522,9.57,9.609,9.634,9.678,9.703,9.744,9.773,9.805,9.849,9.881,9.911,9.939,9.974,10.008,10.043,10.065,10.098,10.128,10.155,10.185,10.226,10.252,10.284,10.314,10.348,10.384,10.423,10.455,10.495,10.522,10.56,10.593,10.631,10.667,10.695,10.724,10.763,10.789,10.829,10.873,10.913,10.963,10.998,11.037,11.086,11.118,11.16,11.201,11.244,11.29,11.342,11.387,11.443,11.495,11.569,11.644,11.721,11.796,11.861,11.95,12.037,12.144,12.245,12.352,12.499,12.673,12.976,13.334,14.498
217,OTH FP,6.041,7.014,7.362,7.61,7.789,7.921,8.054,8.157,8.244,8.345,8.434,8.511,8.59,8.665,8.722,8.769,8.829,8.867,8.923,8.986,9.03,9.089,9.143,9.191,9.236,9.28,9.316,9.362,9.407,9.449,9.494,9.522,9.57,9.609,9.634,9.678,9.703,9.744,9.773,9.805,9.849,9.881,9.911,9.939,9.974,10.008,10.043,10.065,10.098,10.128,10.155,10.185,10.226,10.252,10.284,10.314,10.348,10.384,10.423,10.455,10.495,10.522,10.56,10.593,10.631,10.667,10.695,10.724,10.763,10.789,10.829,10.873,10.913,10.963,10.998,11.037,11.086,11.118,11.16,11.201,11.244,11.29,11.342,11.387,11.443,11.495,11.569,11.644,11.721,11.796,11.861,11.95,12.037,12.144,12.245,12.352,12.499,12.673,12.976,13.334,14.498
218,OTH FP,6.068,6.984,7.408,7.616,7.791,7.959,8.089,8.182,8.283,8.384,8.467,8.521,8.605,8.672,8.74,8.789,8.851,8.899,8.959,9.005,9.06,9.11,9.153,9.186,9.233,9.276,9.322,9.377,9.433,9.476,9.518,9.558,9.59,9.624,9.661,9.692,9.724,9.764,9.792,9.824,9.86,9.887,9.912,9.95,9.985,10.016,10.049,10.076,10.111,10.145,10.174,10.201,10.23,10.251,10.286,10.317,10.345,10.387,10.422,10.452,10.482,10.521,10.554,10.586,10.618,10.653,10.685,10.722,10.755,10.799,10.843,10.874,10.918,10.965,11.003,11.043,11.083,11.113,11.151,11.202,11.257,11.318,11.375,11.432,11.5,11.551,11.611,11.685,11.738,11.802,11.876,11.952,12.036,12.114,12.21,12.332,12.459,12.665,12.87,13.275,14.403
219,OTH FP,6.068,6.984,7.408,7.616,7.791,7.959,8.089,8.182,8.283,8.384,8.467,8.521,8.605,8.672,8.74,8.789,8.851,8.899,8.959,9.005,9.06,9.11,9.153,9.186,9.233,9.276,9.322,9.377,9.433,9.476,9.518,9.558,9.59,9.624,9.661,9.692,9.724,9.764,9.792,9.824,9.86,9.887,9.912,9.95,9.985,10.016,10.049,10.076,10.111,10.145,10.174,10.201,10.23,10.251,10.286,10.317,10.345,10.387,10.422,10.452,10.482,10.521,10.554,10.586,10.618,10.653,10.685,10.722,10.755,10.799,10.843,10.874,10.918,10.965,11.003,11.043,11.083,11.113,11.151,11.202,11.257,11.318,11.375,11.432,11.5,11.551,11.611,11.685,11.738,11.802,11.876,11.952,12.036,12.114,12.21,12.332,12.459,12.665,12.87,13.275,14.403
220,OTH FP,5.935,7.125,7.463,7.649,7.815,7.975,8.097,8.218,8.331,8.401,8.469,8.548,8.611,8.676,8.74,8.804,8.857,8.907,8.947,9.016,9.066,9.116,9.166,9.223,9.269,9.307,9.344,9.386,9.418,9.455,9.504,9.542,9.583,9.627,9.654,9.685,9.728,9.771,9.801,9.83,9.86,9.889,9.924,9.953,9.987,10.025,10.052,10.092,10.122,10.15,10.187,10.207,10.229,10.266,10.296,10.328,10.356,10.385,10.424,10.455,10.478,10.507,10.55,10.587,10.616,10.651,10.689,10.724,10.762,10.798,10.837,10.881,10.923,10.961,11.004,11.055,11.094,11.136,11.177,11.225,11.27,11.316,11.359,11.407,11.465,11.519,11.575,11.627,11.703,11.771,11.835,11.912,11.997,12.076,12.173,12.28,12.443,12.651,12.87,13.266,14.102
221,OTH FP,5.935,7.125,7.463,7.649,7.815,7.975,8.097,8.218,8.331,8.401,8.469,8.548,8.611,8.676,8.74,8.804,8.857,8.907,8.947,9.016,9.066,9.116,9.166,9.223,9.269,9.307,9.344,9.386,9.418,9.455,9.504,9.542,9.583,9.627,9.654,9.685,9.728,9.771,9.801,9.83,9.86,9.889,9.924,9.953,9.987,10.025,10.052,10.092,10.122,10.15,10.187,10.207,10.229,10.266,10.296,10.328,10.356,10.385,10.424,10.455,10.478,10.507,10.55,10.587,10.616,10.651,10.689,10.724,10.762,10.798,10.837,10.881,10.923,10.961,11.004,11.055,11.094,11.136,11.177,11.225,11.27,11.316,11.359,11.407,11.465,11.519,11.575,11.627,11.703,11.771,11.835,11.912,11.997,12.076,12.173,12.28,12.443,12.651,12.87,13.266,14.102
222,OTH FP,5.973,7.063,7.505,7.687,7.874,7.968,8.103,8.206,8.318,8.407,8.508,8.579,8.653,8.71,8.774,8.842,8.902,8.954,8.995,9.051,9.096,9.144,9.194,9.246,9.284,9.334,9.36,9.397,9.441,9.472,9.502,9.535,9.579,9.615,9.646,9.68,9.712,9.748,9.775,9.804,9.848,9.872,9.908,9.946,9.987,10.015,10.053,10.09,10.127,10.155,10.185,10.214,10.248,10.284,10.316,10.353,10.384,10.416,10.45,10.487,10.516,10.568,10.6,10.637,10.661,10.689,10.713,10.754,10.789,10.83,10.859,10.9,10.94,10.977,11.026,11.059,11.094,11.135,11.192,11.24,11.272,11.316,11.356,11.409,11.463,11.515,11.559,11.61,11.656,11.719,11.789,11.862,11.943,12.049,12.153,12.278,12.422,12.596,12.874,13.205,14.082
223,OTH FP,5.973,7.063,7.505,7.687,7.874,7.968,8.103,8.206,8.318,8.407,8.508,8.579,8.653,8.71,8.774,8.842,8.902,8.954,8.995,9.051,9.096,9.144,9.194,9.246,9.284,9.334,9.36,9.397,9.441,9.472,9.502,9.535,9.579,9.615,9.646,9.68,9.712,9.748,9.775,9.804,9.848,9.872,9.908,9.946,9.987,10.015,10.053,10.09,10.127,10.155,10.185,10.214,10.248,10.284,10.316,10.353,10.384,10.416,10.45,10.487,10.516,10.568,10.6,10.637,10.661,10.689,10.713,10.754,10.789,10.83,10.859,10.9,10.94,10.977,11.026,11.059,11.094,11.135,11.192,11.24,11.272,11.316,11.356,11.409,11.463,11.515,11.559,11.61,11.656,11.719,11.789,11.862,11.943,12.049,12.153,12.278,12.422,12.596,12.874,13.205,14.082
224,OTH FP,6.061,7.184,7.449,7.711,7.879,8.012,8.16,8.258,8.366,8.447,8.516,8.6,8.659,8.73,8.79,8.867,8.932,8.972,9.015,9.059,9.099,9.149,9.204,9.254,9.288,9.322,9.369,9.406,9.436,9.472,9.506,9.55,9.596,9.626,9.662,9.688,9.713,9.756,9.798,9.843,9.874,9.918,9.951,9.993,10.014,10.05,10.073,10.105,10.135,10.162,10.204,10.248,10.276,10.312,10.361,10.383,10.418,10.448,10.482,10.51,10.538,10.561,10.595,10.625,10.662,10.694,10.723,10.759,10.797,10.828,10.863,10.896,10.941,10.976,11.016,11.056,11.099,11.15,11.181,11.22,11.263,11.3,11.342,11.394,11.442,11.486,11.553,11.607,11.665,11.757,11.813,11.868,11.932,12.0,12.116,12.235,12.376,12.555,12.802,13.241,14.19
225,OTH FP,6.061,7.184,7.449,7.711,7.879,8.012,8.16,8.258,8.366,8.447,8.516,8.6,8.659,8.73,8.79,8.867,8.932,8.972,9.015,9.059,9.099,9.149,9.204,9.254,9.288,9.322,9.369,9.406,9.436,9.472,9.506,9.55,9.596,9.626,9.662,9.688,9.713,9.756,9.798,9.843,9.874,9.918,9.951,9.993,10.014,10.05,10.073,10.105,10.135,10.162,10.204,10.248,10.276,10.312,10.361,10.383,10.418,10.448,10.482,10.51,10.538,10.561,10.595,10.625,10.662,10.694,10.723,10.759,10.797,10.828,10.863,10.896,10.941,10.976,11.016,11.056,11.099,11.15,11.181,11.22,11.263,11.3,11.342,11.394,11.442,11.486,11.553,11.607,11.665,11.757,11.813,11.868,11.932,12.0,12.116,12.235,12.376,12.555,12.802,13.241,14.19
226,OTH FP,6.36,7.225,7.546,7.784,7.971,8.11,8.227,8.316,8.405,8.499,8.573,8.658,8.74,8.808,8.878,8.93,8.974,9.012,9.046,9.101,9.144,9.171,9.206,9.256,9.292,9.343,9.382,9.421,9.455,9.488,9.524,9.57,9.608,9.639,9.664,9.709,9.738,9.781,9.817,9.855,9.893,9.932,9.956,9.994,10.021,10.048,10.076,10.111,10.138,10.171,10.212,10.245,10.274,10.303,10.337,10.366,10.404,10.433,10.462,10.49,10.523,10.558,10.589,10.633,10.669,10.704,10.738,10.772,10.803,10.84,10.874,10.912,10.945,10.988,11.018,11.053,11.089,11.136,11.171,11.212,11.253,11.294,11.337,11.382,11.422,11.491,11.565,11.62,11.675,11.749,11.814,11.896,11.962,12.04,12.131,12.229,12.391,12.507,12.762,13.184,14.087
227,OTH FP,6.36,7.225,7.546,7.784,7.971,8.11,8.227,8.316,8.405,8.499,8.573,8.658,8.74,8.808,8.878,8.93,8.974,9.012,9.046,9.101,9.144,9.171,9.206,9.256,9.292,9.343,9.382,9.421,9.455,9.488,9.524,9.57,9.608,9.639,9.664,9.709,9.738,9.781,9.817,9.855,9.893,9.932,9.956,9.994,10.021,10.048,10.076,10.111,10.138,10.171,10.212,10.245,10.274,10.303,10.337,10.366,10.404,10.433,10.462,10.49,10.523,10.558,10.589,10.633,10.669,10.704,10.738,10.772,10.803,10.84,10.874,10.912,10.945,10.988,11.018,11.053,11.089,11.136,11.171,11.212,11.253,11.294,11.337,11.382,11.422,11.491,11.565,11.62,11.675,11.749,11.814,11.896,11.962,12.04,12.131,12.229,12.391,12.507,12.762,13.184,14.087
228,OTH FP,6.35,7.215,7.577,7.76,7.949,8.103,8.244,8.369,8.496,8.569,8.649,8.704,8.756,8.819,8.865,8.92,8.958,9.012,9.05,9.099,9.153,9.21,9.247,9.281,9.329,9.371,9.407,9.441,9.478,9.517,9.546,9.585,9.625,9.657,9.69,9.721,9.753,9.789,9.825,9.858,9.887,9.933,9.966,10.0,10.03,10.064,10.093,10.117,10.148,10.182,10.211,10.24,10.273,10.297,10.332,10.355,10.396,10.429,10.456,10.495,10.533,10.561,10.591,10.627,10.662,10.697,10.734,10.76,10.79,10.823,10.871,10.905,10.946,10.987,11.025,11.055,11.09,11.134,11.173,11.215,11.251,11.302,11.338,11.379,11.431,11.482,11.525,11.578,11.646,11.694,11.757,11.837,11.918,11.988,12.074,12.187,12.339,12.507,12.739,13.108,14.102
229,OTH FP,6.35,7.215,7.577,7.76,7.949,8.103,8.244,8.369,8.496,8.569,8.649,8.704,8.756,8.819,8.865,8.92,8.958,9.012,9.05,9.099,9.153,9.21,9.247,9.281,9.329,9.371,9.407,9.441,9.478,9.517,9.546,9.585,9.625,9.657,9.69,9.721,9.753,9.789,9.825,9.858,9.887,9.933,9.966,10.0,10.03,10.064,10.093,10.117,10.148,10.182,10.211,10.24,10.273,10.297,10.332,10.355,10.396,10.429,10.456,10.495,10.533,10.561,10.591,10.627,10.662,10.697,10.734,10.76,10.79,10.823,10.871,10.905,10.946,10.987,11.025,11.055,11.09,11.134,11.173,11.215,11.251,11.302,11.338,11.379,11.431,11.482,11.525,11.578,11.646,11.694,11.757,11.837,11.918,11.988,12.074,12.187,12.339,12.507,12.739,13.108,14.102
230,OTH FP,6.238,6.959,7.432,7.689,7.884,8.028,8.13,8.24,8.352,8.435,8.499,8.587,8.66,8.728,8.782,8.831,8.873,8.918,8.968,9.017,9.054,9.096,9.135,9.196,9.24,9.281,9.319,9.351,9.384,9.427,9.465,9.499,9.537,9.579,9.612,9.65,9.684,9.72,9.751,9.782,9.817,9.847,9.877,9.904,9.935,9.97,10.012,10.047,10.081,10.114,10.148,10.177,10.211,10.246,10.279,10.314,10.344,10.385,10.418,10.455,10.48,10.506,10.539,10.569,10.601,10.63,10.665,10.704,10.731,10.76,10.802,10.838,10.874,10.913,10.946,10.994,11.025,11.064,11.109,11.147,11.191,11.225,11.257,11.309,11.35,11.417,11.474,11.529,11.578,11.628,11.673,11.735,11.829,11.938,12.026,12.135,12.27,12.396,12.655,12.992,13.799
231,OTH FP,6.238,6.959,7.432,7.689,7.884,8.028,8.13,8.24,8.352,8.435,8.499,8.587,8.66,8.728,8.782,8.831,8.873,8.918,8.968,9.017,9.054,9.096,9.135,9.196,9.24,9.281,9.319,9.351,9.384,9.427,9.465,9.499,9.537,9.579,9.612,9.65,9.684,9.72,9.751,9.782,9.817,9.847,9.877,9.904,9.935,9.97,10.012,10.047,10.081,10.114,10.148,10.177,10.211,10.246,10.279,10.314,10.344,10.385,10.418,10.455,10.48,10.506,10.539,10.569,10.601,10.63,10.665,10.704,10.731,10.76,10.802,10.838,10.874,10.913,10.946,10.994,11.025,11.064,11.109,11.147,11.191,11.225,11.257,11.309,11.35,11.417,11.474,11.529,11.578,11.628,11.673,11.735,11.829,11.938,12.026,12.135,12.27,12.396,12.655,12.992,13.799
232,OTH FP,6.078,6.908,7.35,7.618,7.805,7.951,8.056,8.17,8.244,8.353,8.439,8.51,8.566,8.622,8.682,8.717,8.781,8.823,8.873,8.933,8.988,9.032,9.093,9.14,9.188,9.225,9.259,9.285,9.322,9.357,9.389,9.434,9.487,9.517,9.556,9.595,9.62,9.657,9.689,9.719,9.748,9.788,9.82,9.854,9.885,9.918,9.961,9.997,10.029,10.069,10.104,10.138,10.167,10.196,10.237,10.27,10.309,10.335,10.364,10.39,10.422,10.445,10.475,10.506,10.536,10.57,10.598,10.631,10.658,10.694,10.736,10.768,10.796,10.839,10.868,10.907,10.948,10.995,11.029,11.073,11.112,11.155,11.202,11.237,11.288,11.344,11.402,11.458,11.515,11.575,11.629,11.699,11.792,11.873,11.955,12.056,12.191,12.405,12.622,13.015,13.895
233,OTH FP,6.078,6.908,7.35,7.618,7.805,7.951,8.056,8.17,8.244,8.353,8.439,8.51,8.566,8.622,8.682,8.717,8.781,8.823,8.873,8.933,8.988,9.032,9.093,9.14,9.188,9.225,9.259,9.285,9.322,9.357,9.389,9.434,9.487,9.517,9.556,9.595,9.62,9.657,9.689,9.719,9.748,9.788,9.82,9.854,9.885,9.918,9.961,9.997,10.029,10.069,10.104,10.138,10.167,10.196,10.237,10.27,10.309,10.335,10.364,10.39,10.422,10.445,10.475,10.506,10.536,10.57,10.598,10.631,10.658,10.694,10.736,10.768,10.796,10.839,10.868,10.907,10.948,10.995,11.029,11.073,11.112,11.155,11.202,11.237,11.288,11.344,11.402,11.458,11.515,11.575,11.629,11.699,11.792,11.873,11.955,12.056,12.191,12.405,12.622,13.015,13.895
234,OTH FP,5.789,6.907,7.237,7.557,7.734,7.898,8.003,8.115,8.189,8.271,8.361,8.423,8.493,8.565,8.616,8.673,8.727,8.768,8.816,8.859,8.905,8.965,9.005,9.054,9.099,9.131,9.169,9.209,9.249,9.277,9.312,9.344,9.383,9.419,9.449,9.489,9.526,9.563,9.601,9.636,9.672,9.713,9.746,9.776,9.809,9.84,9.881,9.918,9.955,9.989,10.016,10.044,10.082,10.112,10.145,10.184,10.207,10.24,10.264,10.29,10.33,10.37,10.403,10.433,10.467,10.499,10.533,10.572,10.605,10.632,10.68,10.714,10.745,10.779,10.807,10.842,10.872,10.903,10.938,10.976,11.032,11.07,11.121,11.175,11.238,11.295,11.34,11.38,11.442,11.51,11.575,11.632,11.722,11.812,11.907,12.033,12.18,12.323,12.627,12.917,13.913
235,OTH FP,5.789,6.907,7.237,7.557,7.734,7.898,8.003,8.115,8.189,8.271,8.361,8.423,8.493,8.565,8.616,8.673,8.727,8.768,8.816,8.859,8.905,8.965,9.005,9.054,9.099,9.131,9.169,9.209,9.249,9.277,9.312,9.344,9.383,9.419,9.449,9.489,9.526,9.563,9.601,9.636,9.672,9.713,9.746,9.776,9.809,9.84,9.881,9.918,9.955,9.989,10.016,10.044,10.082,10.112,10.145,10.184,10.207,10.24,10.264,10.29,10.33,10.37,10.403,10.433,10.467,10.499,10.533,10.572,10.605,10.632,10.68,10.714,10.745,10.779,10.807,10.842,10.872,10.903,10.938,10.976,11.032,11.07,11.121,11.175,11.238,11.295,11.34,11.38,11.442,11.51,11.575,11.632,11.722,11.812,11.907,12.033,12.18,12.323,12.627,12.917,13.913
236,OTH FP,5.695,6.878,7.2,7.387,7.589,7.762,7.901,8.013,8.099,8.187,8.256,8.355,8.416,8.498,8.553,8.604,8.659,8.699,8.742,8.788,8.836,8.884,8.92,8.946,8.985,9.032,9.072,9.112,9.164,9.211,9.248,9.287,9.335,9.371,9.402,9.437,9.473,9.506,9.553,9.583,9.62,9.664,9.693,9.72,9.752,9.776,9.809,9.838,9.877,9.907,9.933,9.967,10.001,10.035,10.066,10.088,10.124,10.164,10.194,10.221,10.254,10.284,10.322,10.353,10.386,10.412,10.448,10.48,10.507,10.535,10.569,10.606,10.635,10.669,10.711,10.764,10.797,10.831,10.874,10.904,10.951,10.996,11.04,11.095,11.157,11.2,11.254,11.315,11.374,11.44,11.51,11.578,11.663,11.734,11.827,11.969,12.156,12.339,12.561,12.941,13.673
237,OTH FP,5.695,6.878,7.2,7.387,7.589,7.762,7.901,8.013,8.099,8.187,8.256,8.355,8.416,8.498,8.553,8.604,8.659,8.699,8.742,8.788,8.836,8.884,8.92,8.946,8.985,9.032,9.072,9.112,9.164,9.211,9.248,9.287,9.335,9.371,9.402,9.437,9.473,9.506,9.553,9.583,9.62,9.664,9.693,9.72,9.752,9.776,9.809,9.838,9.877,9.907,9.933,9.967,10.001,10.035,10.066,10.088,10.124,10.164,10.194,10.221,10.254,10.284,10.322,10.353,10.386,10.412,10.448,10.48,10.507,10.535,10.569,10.606,10.635,10.669,10.711,10.764,10.797,10.831,10.874,10.904,10.951,10.996,11.04,11.095,11.157,11.2,11.254,11.315,11.374,11.44,11.51,11.578,11.663,11.734,11.827,11.969,12.156,12.339,12.561,12.941,13.673
238,OTH FP,5.911,6.697,7.03,7.305,7.539,7.711,7.855,7.95,8.053,8.129,8.193,8.277,8.342,8.397,8.461,8.524,8.572,8.646,8.694,8.738,8.785,8.817,8.859,8.89,8.934,8.974,9.018,9.059,9.102,9.146,9.188,9.212,9.258,9.289,9.323,9.362,9.403,9.454,9.482,9.512,9.547,9.581,9.616,9.643,9.671,9.706,9.737,9.778,9.804,9.837,9.87,9.898,9.943,9.967,9.996,10.031,10.054,10.093,10.126,10.154,10.176,10.211,10.245,10.282,10.311,10.346,10.378,10.419,10.45,10.48,10.518,10.546,10.579,10.615,10.649,10.696,10.735,10.783,10.834,10.882,10.922,10.967,11.013,11.053,11.092,11.146,11.197,11.256,11.313,11.377,11.454,11.53,11.63,11.714,11.805,11.962,12.081,12.236,12.449,12.781,13.715
239,OTH FP,5.911,6.697,7.03,7.305,7.539,7.711,7.855,7.95,8.053,8.129,8.193,8.277,8.342,8.397,8.461,8.524,8.572,8.646,8.694,8.738,8.785,8.817,8.859,8.89,8.934,8.974,9.018,9.059,9.102,9.146,9.188,9.212,9.258,9.289,9.323,9.362,9.403,9.454,9.482,9.512,9.547,9.581,9.616,9.643,9.671,9.706,9.737,9.778,9.804,9.837,9.87,9.898,9.943,9.967,9.996,10.031,10.054,10.093,10.126,10.154,10.176,10.211,10.245,10.282,10.311,10.346,10.378,10.419,10.45,10.48,10.518,10.546,10.579,10.615,10.649,10.696,10.735,10.783,10.834,10.882,10.922,10.967,11.013,11.053,11.092,11.146,11.197,11.256,11.313,11.377,11.454,11.53,11.63,11.714,11.805,11.962,12.081,12.236,12.449,12.781,13.715
240,OTH FP,5.736,6.65,7.068,7.318,7.498,7.651,7.777,7.895,7.98,8.067,8.147,8.212,8.282,8.348,8.408,8.472,8.514,8.559,8.609,8.645,8.707,8.755,8.798,8.848,8.894,8.938,8.988,9.029,9.062,9.097,9.147,9.181,9.225,9.261,9.289,9.325,9.356,9.392,9.423,9.453,9.48,9.509,9.545,9.576,9.618,9.652,9.684,9.716,9.745,9.767,9.797,9.832,9.859,9.896,9.919,9.952,9.985,10.009,10.041,10.077,10.114,10.145,10.185,10.217,10.248,10.279,10.316,10.356,10.396,10.424,10.457,10.49,10.533,10.567,10.609,10.653,10.685,10.72,10.76,10.804,10.837,10.888,10.942,10.986,11.034,11.084,11.137,11.191,11.254,11.348,11.418,11.51,11.58,11.652,11.735,11.882,12.026,12.173,12.418,12.817,13.633
241,OTH FP,5.736,6.65,7.068,7.318,7.498,7.651,7.777,7.895,7.98,8.067,8.147,8.212,8.282,8.348,8.408,8.472,8.514,8.559,8.609,8.645,8.707,8.755,8.798,8.848,8.894,8.938,8.988,9.029,9.062,9.097,9.147,9.181,9.225,9.261,9.289,9.325,9.356,9.392,9.423,9.453,9.48,9.509,9.545,9.576,9.618,9.652,9.684,9.716,9.745,9.767,9.797,9.832,9.859,9.896,9.919,9.952,9.985,10.009,10.041,10.077,10.114,10.145,10.185,10.217,10.248,10.279,10.316,10.356,10.396,10.424,10.457,10.49,10.533,10.567,10.609,10.653,10.685,10.72,10.76,10.804,10.837,10.888,10.942,10.986,11.034,11.084,11.137,11.191,11.254,11.348,11.418,11.51,11.58,11.652,11.735,11.882,12.026,12.173,12.418,12.817,13.633
242,OTH FP,5.724,6.647,7.015,7.265,7.465,7.602,7.679,7.766,7.856,7.926,8.019,8.117,8.194,8.256,8.322,8.382,8.431,8.485,8.535,8.585,8.632,8.666,8.713,8.759,8.803,8.837,8.875,8.922,8.963,9.004,9.051,9.101,9.131,9.159,9.197,9.239,9.271,9.298,9.34,9.369,9.397,9.431,9.462,9.491,9.523,9.555,9.6,9.648,9.683,9.717,9.748,9.773,9.795,9.824,9.849,9.886,9.919,9.953,9.975,10.015,10.047,10.082,10.114,10.149,10.182,10.215,10.257,10.297,10.328,10.366,10.399,10.447,10.476,10.507,10.547,10.594,10.634,10.669,10.704,10.74,10.784,10.829,10.874,10.915,10.974,11.025,11.098,11.146,11.197,11.26,11.324,11.39,11.488,11.61,11.708,11.829,11.962,12.136,12.313,12.771,13.456
243,OTH FP,5.724,6.647,7.015,7.265,7.465,7.602,7.679,7.766,7.856,7.926,8.019,8.117,8.194,8.256,8.322,8.382,8.431,8.485,8.535,8.585,8.632,8.666,8.713,8.759,8.803,8.837,8.875,8.922,8.963,9.004,9.051,9.101,9.131,9.159,9.197,9.239,9.271,9.298,9.34,9.369,9.397,9.431,9.462,9.491,9.523,9.555,9.6,9.648,9.683,9.717,9.748,9.773,9.795,9.824,9.849,9.886,9.919,9.953,9.975,10.015,10.047,10.082,10.114,10.149,10.182,10.215,10.257,10.297,10.328,10.366,10.399,10.447,10.476,10.507,10.547,10.594,10.634,10.669,10.704,10.74,10.784,10.829,10.874,10.915,10.974,11.025,11.098,11.146,11.197,11.26,11.324,11.39,11.488,11.61,11.708,11.829,11.962,12.136,12.313,12.771,13.456
244,OTH FP,5.59,6.645,6.992,7.208,7.352,7.512,7.618,7.696,7.777,7.858,7.95,8.014,8.091,8.156,8.239,8.297,8.378,8.422,8.462,8.508,8.562,8.603,8.648,8.688,8.73,8.781,8.836,8.88,8.914,8.95,8.991,9.022,9.064,9.093,9.122,9.153,9.178,9.208,9.246,9.274,9.303,9.346,9.375,9.407,9.442,9.478,9.513,9.543,9.582,9.615,9.644,9.68,9.708,9.743,9.779,9.818,9.847,9.872,9.897,9.935,9.97,9.997,10.025,10.066,10.107,10.148,10.19,10.231,10.261,10.299,10.339,10.383,10.421,10.463,10.504,10.545,10.583,10.62,10.66,10.698,10.729,10.781,10.818,10.867,10.924,10.964,11.022,11.067,11.115,11.185,11.243,11.319,11.426,11.493,11.603,11.729,11.911,12.079,12.307,12.763,13.511
245,OTH FP,5.59,6.645,6.992,7.208,7.352,7.512,7.618,7.696,7.777,7.858,7.95,8.014,8.091,8.156,8.239,8.297,8.378,8.422,8.462,8.508,8.562,8.603,8.648,8.688,8.73,8.781,8.836,8.88,8.914,8.95,8.991,9.022,9.064,9.093,9.122,9.153,9.178,9.208,9.246,9.274,9.303,9.346,9.375,9.407,9.442,9.478,9.513,9.543,9.582,9.615,9.644,9.68,9.708,9.743,9.779,9.818,9.847,9.872,9.897,9.935,9.97,9.997,10.025,10.066,10.107,10.148,10.19,10.231,10.261,10.299,10.339,10.383,10.421,10.463,10.504,10.545,10.583,10.62,10.66,10.698,10.729,10.781,10.818,10.867,10.924,10.964,11.022,11.067,11.115,11.185,11.243,11.319,11.426,11.493,11.603,11.729,11.911,12.079,12.307,12.763,13.511
246,OTH FP,5.536,6.477,6.851,7.049,7.281,7.392,7.525,7.619,7.695,7.791,7.883,7.955,8.03,8.089,8.17,8.235,8.295,8.358,8.42,8.466,8.518,8.564,8.613,8.655,8.687,8.727,8.778,8.816,8.866,8.918,8.957,8.991,9.028,9.067,9.114,9.145,9.18,9.213,9.239,9.278,9.311,9.348,9.371,9.409,9.443,9.479,9.513,9.547,9.572,9.597,9.631,9.665,9.695,9.734,9.765,9.804,9.836,9.863,9.905,9.939,9.979,10.029,10.066,10.107,10.143,10.182,10.214,10.248,10.294,10.345,10.371,10.428,10.457,10.484,10.525,10.568,10.609,10.64,10.682,10.722,10.767,10.813,10.853,10.894,10.951,10.994,11.065,11.134,11.206,11.264,11.35,11.403,11.487,11.595,11.692,11.785,11.966,12.146,12.346,12.759,13.683
247,OTH FP,5.536,6.477,6.851,7.049,7.281,7.392,7.525,7.619,7.695,7.791,7.883,7.955,8.03,8.089,8.17,8.235,8.295,8.358,8.42,8.466,8.518,8.564,8.613,8.655,8.687,8.727,8.778,8.816,8.866,8.918,8.957,8.991,9.028,9.067,9.114,9.145,9.18,9.213,9.239,9.278,9.311,9.348,9.371,9.409,9.443,9.479,9.513,9.547,9.572,9.597,9.631,9.665,9.695,9.734,9.765,9.804,9.836,9.863,9.905,9.939,9.979,10.029,10.066,10.107,10.143,10.182,10.214,10.248,10.294,10.345,10.371,10.428,10.457,10.484,10.525,10.568,10.609,10.64,10.682,10.722,10.767,10.813,10.853,10.894,10.951,10.994,11.065,11.134,11.206,11.264,11.35,11.403,11.487,11.595,11.692,11.785,11.966,12.146,12.346,12.759,13.683
248,OTH FP,5.178,6.404,6.775,7.053,7.176,7.284,7.397,7.506,7.582,7.684,7.8,7.891,7.969,8.032,8.113,8.17,8.257,8.308,8.358,8.402,8.442,8.494,8.552,8.607,8.648,8.695,8.74,8.801,8.839,8.879,8.92,8.964,9.006,9.035,9.081,9.112,9.145,9.188,9.212,9.244,9.272,9.307,9.34,9.379,9.416,9.457,9.486,9.521,9.556,9.591,9.625,9.656,9.693,9.741,9.784,9.824,9.865,9.915,9.954,9.997,10.03,10.07,10.098,10.133,10.163,10.201,10.254,10.289,10.33,10.367,10.405,10.443,10.488,10.526,10.562,10.595,10.644,10.688,10.732,10.775,10.829,10.884,10.934,10.985,11.027,11.066,11.126,11.186,11.245,11.307,11.38,11.467,11.554,11.65,11.735,11.836,11.989,12.147,12.428,12.91,13.839
249,OTH FP,5.178,6.404,6.775,7.053,7.176,7.284,7.397,7.506,7.582,7.684,7.8,7.891,7.969,8.032,8.113,8.17,8.257,8.308,8.358,8.402,8.442,8.494,8.552,8.607,8.648,8.695,8.74,8.801,8.839,8.879,8.92,8.964,9.006,9.035,9.081,9.112,9.145,9.188,9.212,9.244,9.272,9.307,9.34,9.379,9.416,9.457,9.486,9.521,9.556,9.591,9.625,9.656,9.693,9.741,9.784,9.824,9.865,9.915,9.954,9.997,10.03,10.07,10.098,10.133,10.163,10.201,10.254,10.289,10.33,10.367,10.405,10.443,10.488,10.526,10.562,10.595,10.644,10.688,10.732,10.775,10.829,10.884,10.934,10.985,11.027,11.066,11.126,11.186,11.245,11.307,11.38,11.467,11.554,11.65,11.735,11.836,11.989,12.147,12.428,12.91,13.839
250,OTH FP,5.303,6.308,6.645,6.977,7.142,7.266,7.406,7.497,7.603,7.702,7.775,7.889,7.948,8.014,8.093,8.17,8.218,8.287,8.343,8.403,8.456,8.51,8.568,8.624,8.673,8.711,8.747,8.788,8.83,8.863,8.911,8.957,8.998,9.043,9.078,9.123,9.151,9.179,9.216,9.254,9.281,9.317,9.354,9.388,9.424,9.463,9.502,9.545,9.578,9.619,9.662,9.692,9.735,9.771,9.81,9.852,9.887,9.928,9.968,10.003,10.03,10.071,10.11,10.152,10.193,10.242,10.275,10.314,10.352,10.389,10.429,10.464,10.498,10.55,10.587,10.629,10.66,10.714,10.765,10.812,10.853,10.91,10.967,11.012,11.065,11.131,11.207,11.266,11.337,11.418,11.488,11.566,11.63,11.727,11.827,11.953,12.116,12.266,12.464,12.95,14.033
251,OTH FP,5.303,6.308,6.645,6.977,7.142,7.266,7.406,7.497,7.603,7.702,7.775,7.889,7.948,8.014,8.093,8.17,8.218,8.287,8.343,8.403,8.456,8.51,8.568,8.624,8.673,8.711,8.747,8.788,8.83,8.863,8.911,8.957,8.998,9.043,9.078,9.123,9.151,9.179,9.216,9.254,9.281,9.317,9.354,9.388,9.424,9.463,9.502,9.545,9.578,9.619,9.662,9.692,9.735,9.771,9.81,9.852,9.887,9.928,9.968,10.003,10.03,10.071,10.11,10.152,10.193,10.242,10.275,10.314,10.352,10.389,10.429,10.464,10.498,10.55,10.587,10.629,10.66,10.714,10.765,10.812,10.853,10.91,10.967,11.012,11.065,11.131,11.207,11.266,11.337,11.418,11.488,11.566,11.63,11.727,11.827,11.953,12.116,12.266,12.464,12.95,14.033
252,OTH FP,5.061,6.237,6.635,6.916,7.059,7.188,7.321,7.48,7.588,7.689,7.776,7.854,7.925,7.989,8.067,8.123,8.192,8.257,8.322,8.378,8.437,8.481,8.531,8.584,8.636,8.682,8.718,8.763,8.808,8.849,8.885,8.925,8.973,9.021,9.056,9.1,9.141,9.179,9.217,9.26,9.288,9.327,9.366,9.407,9.431,9.471,9.502,9.537,9.576,9.614,9.66,9.693,9.729,9.767,9.803,9.85,9.899,9.949,9.981,10.023,10.054,10.088,10.121,10.165,10.193,10.232,10.274,10.314,10.356,10.399,10.441,10.487,10.528,10.576,10.62,10.668,10.719,10.766,10.825,10.878,10.926,10.973,11.015,11.06,11.109,11.163,11.218,11.286,11.372,11.442,11.519,11.598,11.668,11.772,11.875,12.022,12.157,12.348,12.533,13.026,14.098
253,OTH FP,5.061,6.237,6.635,6.916,7.059,7.188,7.321,7.48,7.588,7.689,7.776,7.854,7.925,7.989,8.067,8.123,8.192,8.257,8.322,8.378,8.437,8.481,8.531,8.584,8.636,8.682,8.718,8.763,8.808,8.849,8.885,8.925,8.973,9.021,9.056,9.1,9.141,9.179,9.217,9.26,9.288,9.327,9.366,9.407,9.431,9.471,9.502,9.537,9.576,9.614,9.66,9.693,9.729,9.767,9.803,9.85,9.899,9.949,9.981,10.023,10.054,10.088,10.121,10.165,10.193,10.232,10.274,10.314,10.356,10.399,10.441,10.487,10.528,10.576,10.62,10.668,10.719,10.766,10.825,10.878,10.926,10.973,11.015,11.06,11.109,11.163,11.218,11.286,11.372,11.442,11.519,11.598,11.668,11.772,11.875,12.022,12.157,12.348,12.533,13.026,14.098
254,OTH FP,4.784,6.148,6.583,6.84,7.02,7.163,7.283,7.419,7.536,7.622,7.711,7.789,7.884,7.94,8.002,8.087,8.15,8.222,8.28,8.334,8.397,8.469,8.529,8.569,8.619,8.671,8.721,8.767,8.813,8.862,8.901,8.936,8.97,9.015,9.053,9.089,9.138,9.177,9.219,9.251,9.291,9.325,9.363,9.407,9.449,9.486,9.527,9.558,9.595,9.636,9.671,9.716,9.741,9.773,9.812,9.85,9.887,9.929,9.975,10.013,10.048,10.097,10.145,10.178,10.214,10.251,10.297,10.34,10.384,10.424,10.467,10.515,10.57,10.61,10.656,10.698,10.755,10.802,10.85,10.886,10.94,10.99,11.043,11.097,11.157,11.202,11.249,11.319,11.39,11.469,11.549,11.648,11.734,11.857,11.969,12.105,12.25,12.433,12.666,13.161,14.246
255,OTH FP,4.784,6.148,6.583,6.84,7.02,7.163,7.283,7.419,7.536,7.622,7.711,7.789,7.884,7.94,8.002,8.087,8.15,8.222,8.28,8.334,8.397,8.469,8.529,8.569,8.619,8.671,8.721,8.767,8.813,8.862,8.901,8.936,8.97,9.015,9.053,9.089,9.138,9.177,9.219,9.251,9.291,9.325,9.363,9.407,9.449,9.486,9.527,9.558,9.595,9.636,9.671,9.716,9.741,9.773,9.812,9.85,9.887,9.929,9.975,10.013,10.048,10.097,10.145,10.178,10.214,10.251,10.297,10.34,10.384,10.424,10.467,10.515,10.57,10.61,10.656,10.698,10.755,10.802,10.85,10.886,10.94,10.99,11.043,11.097,11.157,11.202,11.249,11.319,11.39,11.469,11.549,11.648,11.734,11.857,11.969,12.105,12.25,12.433,12.666,13.161,14.246
256,OTH FP,4.567,6.055,6.443,6.717,6.939,7.125,7.222,7.334,7.451,7.53,7.644,7.702,7.805,7.878,7.979,8.06,8.123,8.209,8.273,8.324,8.372,8.431,8.476,8.526,8.585,8.634,8.677,8.742,8.806,8.84,8.89,8.936,8.971,9.002,9.046,9.08,9.119,9.158,9.198,9.24,9.272,9.312,9.344,9.378,9.416,9.462,9.51,9.553,9.589,9.629,9.67,9.709,9.742,9.777,9.833,9.866,9.887,9.929,9.969,10.011,10.051,10.093,10.134,10.178,10.21,10.255,10.293,10.342,10.389,10.42,10.463,10.511,10.551,10.606,10.644,10.69,10.744,10.801,10.851,10.914,10.974,11.022,11.082,11.125,11.198,11.266,11.357,11.423,11.484,11.559,11.66,11.725,11.794,11.908,12.03,12.168,12.291,12.457,12.754,13.257,14.456
257,OTH FP,4.567,6.055,6.443,6.717,6.939,7.125,7.222,7.334,7.451,7.53,7.644,7.702,7.805,7.878,7.979,8.06,8.123,8.209,8.273,8.324,8.372,8.431,8.476,8.526,8.585,8.634,8.677,8.742,8.806,8.84,8.89,8.936,8.971,9.002,9.046,9.08,9.119,9.158,9.198,9.24,9.272,9.312,9.344,9.378,9.416,9.462,9.51,9.553,9.589,9.629,9.67,9.709,9.742,9.777,9.833,9.866,9.887,9.929,9.969,10.011,10.051,10.093,10.134,10.178,10.21,10.255,10.293,10.342,10.389,10.42,10.463,10.511,10.551,10.606,10.644,10.69,10.744,10.801,10.851,10.914,10.974,11.022,11.082,11.125,11.198,11.266,11.357,11.423,11.484,11.559,11.66,11.725,11.794,11.908,12.03,12.168,12.291,12.457,12.754,13.257,14.456
258,OTH FP,4.589,5.943,6.39,6.677,6.869,7.036,7.173,7.303,7.422,7.521,7.619,7.696,7.787,7.859,7.939,8.015,8.074,8.15,8.226,8.288,8.35,8.403,8.453,8.51,8.568,8.622,8.666,8.717,8.769,8.816,8.866,8.911,8.948,8.991,9.039,9.068,9.1,9.14,9.179,9.227,9.269,9.307,9.342,9.386,9.429,9.477,9.518,9.558,9.595,9.643,9.681,9.716,9.751,9.781,9.834,9.872,9.927,9.975,10.005,10.044,10.082,10.127,10.169,10.209,10.249,10.284,10.323,10.364,10.403,10.455,10.499,10.565,10.607,10.652,10.686,10.742,10.801,10.853,10.905,10.979,11.024,11.07,11.135,11.195,11.255,11.315,11.401,11.466,11.529,11.603,11.67,11.771,11.861,11.929,12.054,12.205,12.368,12.605,12.843,13.165,14.203
259,OTH FP,4.589,5.943,6.39,6.677,6.869,7.036,7.173,7.303,7.422,7.521,7.619,7.696,7.787,7.859,7.939,8.015,8.074,8.15,8.226,8.288,8.35,8.403,8.453,8.51,8.568,8.622,8.666,8.717,8.769,8.816,8.866,8.911,8.948,8.991,9.039,9.068,9.1,9.14,9.179,9.227,9.269,9.307,9.342,9.386,9.429,9.477,9.518,9.558,9.595,9.643,9.681,9.716,9.751,9.781,9.834,9.872,9.927,9.975,10.005,10.044,10.082,10.127,10.169,10.209,10.249,10.284,10.323,10.364,10.403,10.455,10.499,10.565,10.607,10.652,10.686,10.742,10.801,10.853,10.905,10.979,11.024,11.07,11.135,11.195,11.255,11.315,11.401,11.466,11.529,11.603,11.67,11.771,11.861,11.929,12.054,12.205,12.368,12.605,12.843,13.165,14.203
260,OTH FP,4.365,5.859,6.307,6.604,6.785,6.95,7.104,7.268,7.394,7.5,7.606,7.675,7.751,7.829,7.901,7.979,8.047,8.131,8.188,8.251,8.312,8.354,8.415,8.472,8.527,8.586,8.641,8.709,8.758,8.807,8.851,8.897,8.936,8.976,9.009,9.061,9.101,9.146,9.191,9.234,9.276,9.318,9.36,9.408,9.453,9.487,9.528,9.574,9.613,9.649,9.682,9.716,9.758,9.789,9.824,9.873,9.913,9.957,9.992,10.036,10.079,10.116,10.158,10.192,10.227,10.267,10.321,10.361,10.405,10.456,10.5,10.555,10.613,10.67,10.723,10.766,10.831,10.883,10.924,10.992,11.054,11.111,11.16,11.214,11.279,11.34,11.414,11.492,11.585,11.645,11.722,11.821,11.932,12.073,12.192,12.337,12.468,12.692,12.925,13.295,14.48
261,OTH FP,4.365,5.859,6.307,6.604,6.785,6.95,7.104,7.268,7.394,7.5,7.606,7.675,7.751,7.829,7.901,7.979,8.047,8.131,8.188,8.251,8.312,8.354,8.415,8.472,8.527,8.586,8.641,8.709,8.758,8.807,8.851,8.897,8.936,8.976,9.009,9.061,9.101,9.146,9.191,9.234,9.276,9.318,9.36,9.408,9.453,9.487,9.528,9.574,9.613,9.649,9.682,9.716,9.758,9.789,9.824,9.873,9.913,9.957,9.992,10.036,10.079,10.116,10.158,10.192,10.227,10.267,10.321,10.361,10.405,10.456,10.5,10.555,10.613,10.67,10.723,10.766,10.831,10.883,10.924,10.992,11.054,11.111,11.16,11.214,11.279,11.34,11.414,11.492,11.585,11.645,11.722,11.821,11.932,12.073,12.192,12.337,12.468,12.692,12.925,13.295,14.48
262,OTH FP,4.109,5.782,6.153,6.481,6.719,6.891,7.086,7.252,7.368,7.463,7.549,7.637,7.713,7.8,7.874,7.938,8.012,8.081,8.149,8.215,8.282,8.332,8.393,8.441,8.502,8.547,8.611,8.673,8.71,8.754,8.813,8.843,8.896,8.953,9.001,9.04,9.09,9.134,9.179,9.225,9.269,9.305,9.346,9.383,9.415,9.453,9.492,9.53,9.576,9.616,9.658,9.701,9.744,9.794,9.831,9.882,9.925,9.963,9.998,10.044,10.089,10.124,10.16,10.204,10.247,10.299,10.34,10.386,10.429,10.486,10.541,10.6,10.641,10.694,10.76,10.822,10.875,10.927,10.974,11.046,11.097,11.175,11.235,11.305,11.358,11.418,11.485,11.575,11.634,11.727,11.818,11.895,12.005,12.094,12.243,12.396,12.551,12.75,13.021,13.378,14.625
263,OTH FP,4.109,5.782,6.153,6.481,6.719,6.891,7.086,7.252,7.368,7.463,7.549,7.637,7.713,7.8,7.874,7.938,8.012,8.081,8.149,8.215,8.282,8.332,8.393,8.441,8.502,8.547,8.611,8.673,8.71,8.754,8.813,8.843,8.896,8.953,9.001,9.04,9.09,9.134,9.179,9.225,9.269,9.305,9.346,9.383,9.415,9.453,9.492,9.53,9.576,9.616,9.658,9.701,9.744,9.794,9.831,9.882,9.925,9.963,9.998,10.044,10.089,10.124,10.16,10.204,10.247,10.299,10.34,10.386,10.429,10.486,10.541,10.6,10.641,10.694,10.76,10.822,10.875,10.927,10.974,11.046,11.097,11.175,11.235,11.305,11.358,11.418,11.485,11.575,11.634,11.727,11.818,11.895,12.005,12.094,12.243,12.396,12.551,12.75,13.021,13.378,14.625
264,OTH FP,3.859,5.696,6.058,6.383,6.651,6.857,7.048,7.194,7.298,7.391,7.483,7.567,7.677,7.75,7.841,7.897,7.966,8.035,8.089,8.147,8.221,8.292,8.347,8.399,8.464,8.535,8.575,8.639,8.697,8.759,8.801,8.847,8.891,8.942,8.991,9.031,9.074,9.113,9.157,9.212,9.267,9.308,9.348,9.388,9.434,9.486,9.538,9.578,9.61,9.648,9.686,9.719,9.76,9.8,9.849,9.881,9.921,9.96,10.004,10.046,10.104,10.143,10.18,10.227,10.274,10.322,10.375,10.417,10.469,10.515,10.566,10.621,10.665,10.725,10.777,10.824,10.885,10.937,11.013,11.084,11.14,11.197,11.268,11.349,11.419,11.476,11.538,11.614,11.705,11.778,11.864,11.959,12.081,12.182,12.303,12.409,12.6,12.83,13.064,13.448,14.562
265,OTH FP,3.859,5.696,6.058,6.383,6.651,6.857,7.048,7.194,7.298,7.391,7.483,7.567,7.677,7.75,7.841,7.897,7.966,8.035,8.089,8.147,8.221,8.292,8.347,8.399,8.464,8.535,8.575,8.639,8.697,8.759,8.801,8.847,8.891,8.942,8.991,9.031,9.074,9.113,9.157,9.212,9.267,9.308,9.348,9.388,9.434,9.486,9.538,9.578,9.61,9.648,9.686,9.719,9.76,9.8,9.849,9.881,9.921,9.96,10.004,10.046,10.104,10.143,10.18,10.227,10.274,10.322,10.375,10.417,10.469,10.515,10.566,10.621,10.665,10.725,10.777,10.824,10.885,10.937,11.013,11.084,11.14,11.197,11.268,11.349,11.419,11.476,11.538,11.614,11.705,11.778,11.864,11.959,12.081,12.182,12.303,12.409,12.6,12.83,13.064,13.448,14.562
266,OTH FP,3.604,5.619,6.035,6.331,6.569,6.746,6.946,7.12,7.222,7.339,7.43,7.516,7.591,7.691,7.789,7.855,7.925,8.012,8.079,8.137,8.196,8.252,8.322,8.371,8.444,8.504,8.557,8.606,8.645,8.711,8.767,8.815,8.865,8.908,8.952,9.004,9.059,9.122,9.169,9.215,9.257,9.312,9.364,9.4,9.444,9.492,9.53,9.567,9.603,9.649,9.692,9.727,9.77,9.823,9.858,9.907,9.952,9.999,10.047,10.083,10.13,10.17,10.222,10.273,10.312,10.364,10.423,10.471,10.507,10.545,10.604,10.657,10.706,10.756,10.805,10.855,10.903,10.973,11.049,11.101,11.165,11.231,11.283,11.339,11.408,11.496,11.572,11.66,11.741,11.815,11.901,12.034,12.138,12.243,12.384,12.527,12.712,12.947,13.174,13.551,14.625
267,OTH FP,3.604,5.619,6.035,6.331,6.569,6.746,6.946,7.12,7.222,7.339,7.43,7.516,7.591,7.691,7.789,7.855,7.925,8.012,8.079,8.137,8.196,8.252,8.322,8.371,8.444,8.504,8.557,8.606,8.645,8.711,8.767,8.815,8.865,8.908,8.952,9.004,9.059,9.122,9.169,9.215,9.257,9.312,9.364,9.4,9.444,9.492,9.53,9.567,9.603,9.649,9.692,9.727,9.77,9.823,9.858,9.907,9.952,9.999,10.047,10.083,10.13,10.17,10.222,10.273,10.312,10.364,10.423,10.471,10.507,10.545,10.604,10.657,10.706,10.756,10.805,10.855,10.903,10.973,11.049,11.101,11.165,11.231,11.283,11.339,11.408,11.496,11.572,11.66,11.741,11.815,11.901,12.034,12.138,12.243,12.384,12.527,12.712,12.947,13.174,13.551,14.625
268,OTH FP,4.069,5.486,5.951,6.285,6.532,6.745,6.918,7.069,7.225,7.301,7.395,7.479,7.559,7.653,7.726,7.827,7.893,7.954,8.008,8.084,8.149,8.22,8.297,8.387,8.46,8.527,8.585,8.622,8.672,8.707,8.755,8.811,8.849,8.905,8.953,9.008,9.066,9.11,9.169,9.208,9.252,9.291,9.324,9.378,9.411,9.464,9.499,9.544,9.594,9.648,9.698,9.738,9.775,9.806,9.859,9.909,9.947,9.99,10.029,10.063,10.112,10.166,10.215,10.267,10.304,10.361,10.418,10.468,10.521,10.564,10.618,10.667,10.716,10.777,10.833,10.893,10.951,10.989,11.05,11.116,11.191,11.259,11.322,11.401,11.471,11.532,11.631,11.713,11.818,11.898,11.991,12.059,12.166,12.279,12.382,12.592,12.83,13.014,13.256,13.624,14.763
269,OTH FP,4.069,5.486,5.951,6.285,6.532,6.745,6.918,7.069,7.225,7.301,7.395,7.479,7.559,7.653,7.726,7.827,7.893,7.954,8.008,8.084,8.149,8.22,8.297,8.387,8.46,8.527,8.585,8.622,8.672,8.707,8.755,8.811,8.849,8.905,8.953,9.008,9.066,9.11,9.169,9.208,9.252,9.291,9.324,9.378,9.411,9.464,9.499,9.544,9.594,9.648,9.698,9.738,9.775,9.806,9.859,9.909,9.947,9.99,10.029,10.063,10.112,10.166,10.215,10.267,10.304,10.361,10.418,10.468,10.521,10.564,10.618,10.667,10.716,10.777,10.833,10.893,10.951,10.989,11.05,11.116,11.191,11.259,11.322,11.401,11.471,11.532,11.631,11.713,11.818,11.898,11.991,12.059,12.166,12.279,12.382,12.592,12.83,13.014,13.256,13.624,14.763
270,OTH FP,3.906,5.333,5.857,6.227,6.493,6.706,6.855,7.022,7.111,7.237,7.324,7.425,7.532,7.615,7.688,7.774,7.838,7.901,7.977,8.036,8.099,8.178,8.23,8.3,8.362,8.435,8.505,8.565,8.635,8.682,8.74,8.792,8.845,8.899,8.971,9.022,9.061,9.112,9.154,9.196,9.242,9.3,9.344,9.385,9.428,9.478,9.527,9.567,9.609,9.658,9.701,9.76,9.811,9.857,9.912,9.949,9.99,10.029,10.069,10.115,10.163,10.209,10.255,10.303,10.342,10.4,10.439,10.478,10.525,10.57,10.637,10.695,10.742,10.799,10.849,10.907,10.968,11.031,11.088,11.182,11.248,11.302,11.36,11.417,11.502,11.587,11.687,11.764,11.839,11.932,12.027,12.111,12.207,12.337,12.5,12.676,12.903,13.117,13.381,13.851,15.092
271,OTH FP,3.906,5.333,5.857,6.227,6.493,6.706,6.855,7.022,7.111,7.237,7.324,7.425,7.532,7.615,7.688,7.774,7.838,7.901,7.977,8.036,8.099,8.178,8.23,8.3,8.362,8.435,8.505,8.565,8.635,8.682,8.74,8.792,8.845,8.899,8.971,9.022,9.061,9.112,9.154,9.196,9.242,9.3,9.344,9.385,9.428,9.478,9.527,9.567,9.609,9.658,9.701,9.76,9.811,9.857,9.912,9.949,9.99,10.029,10.069,10.115,10.163,10.209,10.255,10.303,10.342,10.4,10.439,10.478,10.525,10.57,10.637,10.695,10.742,10.799,10.849,10.907,10.968,11.031,11.088,11.182,11.248,11.302,11.36,11.417,11.502,11.587,11.687,11.764,11.839,11.932,12.027,12.111,12.207,12.337,12.5,12.676,12.903,13.117,13.381,13.851,15.092
272,OTH FP,3.991,5.256,5.843,6.242,6.488,6.646,6.791,6.91,7.056,7.171,7.263,7.38,7.464,7.568,7.644,7.723,7.803,7.886,7.962,8.038,8.106,8.189,8.246,8.295,8.363,8.43,8.471,8.544,8.606,8.654,8.719,8.777,8.835,8.883,8.937,8.987,9.04,9.099,9.144,9.201,9.24,9.297,9.349,9.4,9.446,9.475,9.515,9.559,9.601,9.65,9.702,9.758,9.799,9.839,9.875,9.936,9.99,10.038,10.094,10.138,10.172,10.221,10.268,10.32,10.353,10.4,10.448,10.506,10.575,10.622,10.659,10.719,10.773,10.813,10.87,10.911,10.982,11.04,11.092,11.154,11.229,11.323,11.395,11.447,11.527,11.602,11.684,11.77,11.858,11.944,12.038,12.134,12.252,12.389,12.625,12.805,12.987,13.142,13.429,13.998,15.058
273,OTH FP,3.991,5.256,5.843,6.242,6.488,6.646,6.791,6.91,7.056,7.171,7.263,7.38,7.464,7.568,7.644,7.723,7.803,7.886,7.962,8.038,8.106,8.189,8.246,8.295,8.363,8.43,8.471,8.544,8.606,8.654,8.719,8.777,8.835,8.883,8.937,8.987,9.04,9.099,9.144,9.201,9.24,9.297,9.349,9.4,9.446,9.475,9.515,9.559,9.601,9.65,9.702,9.758,9.799,9.839,9.875,9.936,9.99,10.038,10.094,10.138,10.172,10.221,10.268,10.32,10.353,10.4,10.448,10.506,10.575,10.622,10.659,10.719,10.773,10.813,10.87,10.911,10.982,11.04,11.092,11.154,11.229,11.323,11.395,11.447,11.527,11.602,11.684,11.77,11.858,11.944,12.038,12.134,12.252,12.389,12.625,12.805,12.987,13.142,13.429,13.998,15.058
274,OTH FP,3.852,5.149,5.728,6.158,6.394,6.591,6.782,6.897,7.029,7.156,7.258,7.361,7.456,7.541,7.628,7.722,7.803,7.86,7.939,8.005,8.068,8.117,8.179,8.233,8.298,8.376,8.448,8.519,8.595,8.645,8.702,8.754,8.815,8.881,8.923,8.982,9.044,9.09,9.139,9.191,9.233,9.279,9.339,9.379,9.435,9.477,9.525,9.57,9.627,9.674,9.72,9.759,9.793,9.843,9.884,9.925,9.964,10.009,10.058,10.117,10.157,10.211,10.26,10.327,10.374,10.413,10.459,10.513,10.563,10.604,10.671,10.718,10.777,10.827,10.902,10.965,11.029,11.09,11.172,11.223,11.282,11.34,11.414,11.492,11.557,11.631,11.714,11.793,11.872,11.968,12.095,12.193,12.3,12.461,12.618,12.758,12.966,13.209,13.494,13.917,15.223
275,OTH FP,3.852,5.149,5.728,6.158,6.394,6.591,6.782,6.897,7.029,7.156,7.258,7.361,7.456,7.541,7.628,7.722,7.803,7.86,7.939,8.005,8.068,8.117,8.179,8.233,8.298,8.376,8.448,8.519,8.595,8.645,8.702,8.754,8.815,8.881,8.923,8.982,9.044,9.09,9.139,9.191,9.233,9.279,9.339,9.379,9.435,9.477,9.525,9.57,9.627,9.674,9.72,9.759,9.793,9.843,9.884,9.925,9.964,10.009,10.058,10.117,10.157,10.211,10.26,10.327,10.374,10.413,10.459,10.513,10.563,10.604,10.671,10.718,10.777,10.827,10.902,10.965,11.029,11.09,11.172,11.223,11.282,11.34,11.414,11.492,11.557,11.631,11.714,11.793,11.872,11.968,12.095,12.193,12.3,12.461,12.618,12.758,12.966,13.209,13.494,13.917,15.223
276,OTH FP,3.472,5.084,5.726,6.028,6.299,6.553,6.704,6.826,6.938,7.068,7.171,7.295,7.385,7.5,7.6,7.7,7.757,7.81,7.89,7.957,8.011,8.078,8.152,8.241,8.304,8.378,8.425,8.492,8.556,8.628,8.697,8.757,8.824,8.87,8.935,8.975,9.015,9.069,9.119,9.185,9.239,9.283,9.33,9.373,9.424,9.459,9.508,9.561,9.619,9.659,9.704,9.771,9.816,9.853,9.894,9.944,9.982,10.028,10.07,10.132,10.184,10.23,10.277,10.318,10.377,10.434,10.489,10.526,10.57,10.632,10.689,10.732,10.779,10.843,10.888,10.943,11.007,11.064,11.12,11.199,11.268,11.356,11.422,11.516,11.589,11.661,11.753,11.837,11.925,12.064,12.167,12.271,12.401,12.544,12.675,12.861,13.014,13.257,13.545,14.236,15.265
277,OTH FP,3.472,5.084,5.726,6.028,6.299,6.553,6.704,6.826,6.938,7.068,7.171,7.295,7.385,7.5,7.6,7.7,7.757,7.81,7.89,7.957,8.011,8.078,8.152,8.241,8.304,8.378,8.425,8.492,8.556,8.628,8.697,8.757,8.824,8.87,8.935,8.975,9.015,9.069,9.119,9.185,9.239,9.283,9.33,9.373,9.424,9.459,9.508,9.561,9.619,9.659,9.704,9.771,9.816,9.853,9.894,9.944,9.982,10.028,10.07,10.132,10.184,10.23,10.277,10.318,10.377,10.434,10.489,10.526,10.57,10.632,10.689,10.732,10.779,10.843,10.888,10.943,11.007,11.064,11.12,11.199,11.268,11.356,11.422,11.516,11.589,11.661,11.753,11.837,11.925,12.064,12.167,12.271,12.401,12.544,12.675,12.861,13.014,13.257,13.545,14.236,15.265
278,OTH FP,3.245,5.095,5.59,5.974,6.251,6.429,6.604,6.738,6.876,6.999,7.145,7.238,7.36,7.461,7.572,7.651,7.719,7.794,7.873,7.962,8.033,8.1,8.173,8.228,8.287,8.366,8.429,8.492,8.546,8.619,8.685,8.744,8.801,8.855,8.912,8.965,9.021,9.077,9.126,9.184,9.222,9.262,9.317,9.37,9.419,9.477,9.539,9.571,9.611,9.653,9.696,9.743,9.794,9.845,9.902,9.95,9.996,10.039,10.083,10.143,10.185,10.229,10.284,10.347,10.412,10.452,10.503,10.557,10.609,10.656,10.696,10.74,10.797,10.839,10.914,10.97,11.017,11.086,11.163,11.234,11.3,11.371,11.427,11.508,11.614,11.697,11.784,11.885,12.022,12.116,12.234,12.337,12.455,12.574,12.691,12.865,13.069,13.327,13.616,14.24,15.301
279,OTH FP,3.245,5.095,5.59,5.974,6.251,6.429,6.604,6.738,6.876,6.999,7.145,7.238,7.36,7.461,7.572,7.651,7.719,7.794,7.873,7.962,8.033,8.1,8.173,8.228,8.287,8.366,8.429,8.492,8.546,8.619,8.685,8.744,8.801,8.855,8.912,8.965,9.021,9.077,9.126,9.184,9.222,9.262,9.317,9.37,9.419,9.477,9.539,9.571,9.611,9.653,9.696,9.743,9.794,9.845,9.902,9.95,9.996,10.039,10.083,10.143,10.185,10.229,10.284,10.347,10.412,10.452,10.503,10.557,10.609,10.656,10.696,10.74,10.797,10.839,10.914,10.97,11.017,11.086,11.163,11.234,11.3,11.371,11.427,11.508,11.614,11.697,11.784,11.885,12.022,12.116,12.234,12.337,12.455,12.574,12.691,12.865,13.069,13.327,13.616,14.24,15.301
280,OTH FP,3.084,4.929,5.551,5.929,6.255,6.403,6.583,6.71,6.853,6.99,7.102,7.21,7.31,7.405,7.533,7.62,7.733,7.816,7.901,7.971,8.019,8.09,8.163,8.235,8.301,8.372,8.434,8.5,8.547,8.606,8.66,8.728,8.797,8.85,8.898,8.954,9.015,9.06,9.127,9.171,9.221,9.261,9.312,9.367,9.404,9.452,9.503,9.562,9.605,9.649,9.689,9.733,9.778,9.847,9.891,9.948,10.007,10.057,10.102,10.162,10.209,10.261,10.317,10.363,10.43,10.477,10.528,10.593,10.645,10.687,10.741,10.795,10.856,10.916,10.979,11.033,11.082,11.138,11.188,11.245,11.326,11.404,11.484,11.547,11.613,11.694,11.785,11.893,11.995,12.117,12.203,12.31,12.467,12.606,12.765,12.928,13.14,13.371,13.653,14.311,15.495
281,OTH FP,3.084,4.929,5.551,5.929,6.255,6.403,6.583,6.71,6.853,6.99,7.102,7.21,7.31,7.405,7.533,7.62,7.733,7.816,7.901,7.971,8.019,8.09,8.163,8.235,8.301,8.372,8.434,8.5,8.547,8.606,8.66,8.728,8.797,8.85,8.898,8.954,9.015,9.06,9.127,9.171,9.221,9.261,9.312,9.367,9.404,9.452,9.503,9.562,9.605,9.649,9.689,9.733,9.778,9.847,9.891,9.948,10.007,10.057,10.102,10.162,10.209,10.261,10.317,10.363,10.43,10.477,10.528,10.593,10.645,10.687,10.741,10.795,10.856,10.916,10.979,11.033,11.082,11.138,11.188,11.245,11.326,11.404,11.484,11.547,11.613,11.694,11.785,11.893,11.995,12.117,12.203,12.31,12.467,12.606,12.765,12.928,13.14,13.371,13.653,14.311,15.495
282,OTH FP,3.017,4.807,5.401,5.851,6.092,6.368,6.537,6.675,6.803,6.96,7.061,7.172,7.283,7.38,7.489,7.594,7.682,7.78,7.857,7.909,7.99,8.062,8.114,8.183,8.254,8.318,8.382,8.451,8.503,8.552,8.618,8.706,8.752,8.824,8.87,8.919,8.968,9.035,9.09,9.15,9.209,9.25,9.302,9.35,9.399,9.458,9.509,9.548,9.595,9.65,9.693,9.738,9.798,9.84,9.88,9.924,9.975,10.035,10.097,10.14,10.184,10.246,10.317,10.368,10.412,10.484,10.542,10.608,10.662,10.708,10.764,10.83,10.899,10.946,10.995,11.05,11.111,11.154,11.225,11.302,11.377,11.429,11.501,11.568,11.666,11.762,11.858,11.94,12.018,12.156,12.289,12.401,12.536,12.676,12.851,13.044,13.178,13.391,13.741,14.362,15.65
283,OTH FP,3.017,4.807,5.401,5.851,6.092,6.368,6.537,6.675,6.803,6.96,7.061,7.172,7.283,7.38,7.489,7.594,7.682,7.78,7.857,7.909,7.99,8.062,8.114,8.183,8.254,8.318,8.382,8.451,8.503,8.552,8.618,8.706,8.752,8.824,8.87,8.919,8.968,9.035,9.09,9.15,9.209,9.25,9.302,9.35,9.399,9.458,9.509,9.548,9.595,9.65,9.693,9.738,9.798,9.84,9.88,9.924,9.975,10.035,10.097,10.14,10.184,10.246,10.317,10.368,10.412,10.484,10.542,10.608,10.662,10.708,10.764,10.83,10.899,10.946,10.995,11.05,11.111,11.154,11.225,11.302,11.377,11.429,11.501,11.568,11.666,11.762,11.858,11.94,12.018,12.156,12.289,12.401,12.536,12.676,12.851,13.044,13.178,13.391,13.741,14.362,15.65
284,OTH FP,3.201,4.832,5.492,5.809,6.096,6.304,6.477,6.676,6.807,6.922,7.078,7.195,7.33,7.419,7.528,7.594,7.663,7.741,7.827,7.914,7.984,8.036,8.11,8.192,8.258,8.331,8.395,8.448,8.511,8.567,8.627,8.705,8.747,8.807,8.861,8.918,8.978,9.025,9.084,9.134,9.199,9.257,9.324,9.385,9.431,9.468,9.514,9.561,9.61,9.667,9.703,9.742,9.791,9.837,9.886,9.94,9.992,10.049,10.107,10.153,10.211,10.257,10.306,10.385,10.437,10.496,10.55,10.602,10.666,10.731,10.776,10.835,10.891,10.967,11.014,11.093,11.146,11.218,11.273,11.334,11.389,11.462,11.546,11.636,11.718,11.812,11.899,12.011,12.104,12.199,12.303,12.412,12.549,12.69,12.856,13.052,13.3,13.542,13.797,14.427,15.881
285,OTH FP,3.201,4.832,5.492,5.809,6.096,6.304,6.477,6.676,6.807,6.922,7.078,7.195,7.33,7.419,7.528,7.594,7.663,7.741,7.827,7.914,7.984,8.036,8.11,8.192,8.258,8.331,8.395,8.448,8.511,8.567,8.627,8.705,8.747,8.807,8.861,8.918,8.978,9.025,9.084,9.134,9.199,9.257,9.324,9.385,9.431,9.468,9.514,9.561,9.61,9.667,9.703,9.742,9.791,9.837,9.886,9.94,9.992,10.049,10.107,10.153,10.211,10.257,10.306,10.385,10.437,10.496,10.55,10.602,10.666,10.731,10.776,10.835,10.891,10.967,11.014,11.093,11.146,11.218,11.273,11.334,11.389,11.462,11.546,11.636,11.718,11.812,11.899,12.011,12.104,12.199,12.303,12.412,12.549,12.69,12.856,13.052,13.3,13.542,13.797,14.427,15.881
286,OTH FP,3.028,4.796,5.354,5.777,5.994,6.255,6.459,6.652,6.803,6.938,7.093,7.198,7.306,7.408,7.48,7.563,7.655,7.738,7.808,7.875,7.963,8.045,8.127,8.21,8.275,8.334,8.385,8.455,8.513,8.567,8.639,8.684,8.751,8.797,8.864,8.919,8.969,9.012,9.065,9.121,9.181,9.232,9.302,9.361,9.41,9.475,9.524,9.577,9.627,9.673,9.706,9.758,9.817,9.866,9.904,9.955,9.999,10.064,10.109,10.16,10.205,10.259,10.327,10.394,10.462,10.508,10.562,10.609,10.661,10.731,10.783,10.847,10.922,10.988,11.036,11.097,11.158,11.242,11.315,11.386,11.459,11.52,11.599,11.682,11.751,11.815,11.898,11.975,12.117,12.246,12.347,12.48,12.606,12.766,12.949,13.089,13.325,13.572,13.95,14.487,16.089
287,OTH FP,3.028,4.796,5.354,5.777,5.994,6.255,6.459,6.652,6.803,6.938,7.093,7.198,7.306,7.408,7.48,7.563,7.655,7.738,7.808,7.875,7.963,8.045,8.127,8.21,8.275,8.334,8.385,8.455,8.513,8.567,8.639,8.684,8.751,8.797,8.864,8.919,8.969,9.012,9.065,9.121,9.181,9.232,9.302,9.361,9.41,9.475,9.524,9.577,9.627,9.673,9.706,9.758,9.817,9.866,9.904,9.955,9.999,10.064,10.109,10.16,10.205,10.259,10.327,10.394,10.462,10.508,10.562,10.609,10.661,10.731,10.783,10.847,10.922,10.988,11.036,11.097,11.158,11.242,11.315,11.386,11.459,11.52,11.599,11.682,11.751,11.815,11.898,11.975,12.117,12.246,12.347,12.48,12.606,12.766,12.949,13.089,13.325,13.572,13.95,14.487,16.089
288,OTH FP,3.047,4.677,5.354,5.731,5.999,6.215,6.449,6.603,6.789,6.896,7.018,7.153,7.239,7.332,7.438,7.524,7.625,7.724,7.781,7.866,7.94,8.003,8.056,8.143,8.233,8.3,8.363,8.418,8.474,8.55,8.618,8.681,8.735,8.79,8.861,8.913,8.962,9.015,9.073,9.122,9.188,9.248,9.297,9.346,9.404,9.45,9.499,9.567,9.611,9.665,9.734,9.787,9.845,9.882,9.939,9.998,10.042,10.102,10.152,10.196,10.247,10.297,10.344,10.395,10.443,10.5,10.537,10.586,10.644,10.702,10.768,10.833,10.898,10.971,11.032,11.095,11.176,11.223,11.286,11.352,11.42,11.499,11.581,11.669,11.746,11.861,11.945,12.048,12.129,12.241,12.377,12.518,12.631,12.774,12.935,13.129,13.408,13.737,14.003,14.471,16.156
289,OTH FP,3.047,4.677,5.354,5.731,5.999,6.215,6.449,6.603,6.789,6.896,7.018,7.153,7.239,7.332,7.438,7.524,7.625,7.724,7.781,7.866,7.94,8.003,8.056,8.143,8.233,8.3,8.363,8.418,8.474,8.55,8.618,8.681,8.735,8.79,8.861,8.913,8.962,9.015,9.073,9.122,9.188,9.248,9.297,9.346,9.404,9.45,9.499,9.567,9.611,9.665,9.734,9.787,9.845,9.882,9.939,9.998,10.042,10.102,10.152,10.196,10.247,10.297,10.344,10.395,10.443,10.5,10.537,10.586,10.644,10.702,10.768,10.833,10.898,10.971,11.032,11.095,11.176,11.223,11.286,11.352,11.42,11.499,11.581,11.669,11.746,11.861,11.945,12.048,12.129,12.241,12.377,12.518,12.631,12.774,12.935,13.129,13.408,13.737,14.003,14.471,16.156
290,OTH FP,2.798,4.769,5.39,5.646,5.988,6.215,6.401,6.566,6.723,6.883,7.018,7.133,7.244,7.335,7.439,7.525,7.594,7.701,7.777,7.857,7.916,7.991,8.051,8.106,8.179,8.24,8.309,8.37,8.431,8.486,8.545,8.616,8.701,8.763,8.824,8.885,8.927,8.988,9.081,9.138,9.188,9.235,9.289,9.348,9.402,9.454,9.512,9.56,9.623,9.678,9.734,9.785,9.839,9.881,9.936,9.989,10.03,10.072,10.122,10.159,10.213,10.265,10.311,10.362,10.402,10.465,10.527,10.581,10.634,10.686,10.763,10.836,10.904,10.962,11.024,11.088,11.166,11.267,11.349,11.414,11.487,11.545,11.625,11.707,11.787,11.908,11.993,12.082,12.167,12.248,12.382,12.544,12.671,12.84,12.99,13.183,13.415,13.724,14.079,14.558,16.274
291,OTH FP,2.798,4.769,5.39,5.646,5.988,6.215,6.401,6.566,6.723,6.883,7.018,7.133,7.244,7.335,7.439,7.525,7.594,7.701,7.777,7.857,7.916,7.991,8.051,8.106,8.179,8.24,8.309,8.37,8.431,8.486,8.545,8.616,8.701,8.763,8.824,8.885,8.927,8.988,9.081,9.138,9.188,9.235,9.289,9.348,9.402,9.454,9.512,9.56,9.623,9.678,9.734,9.785,9.839,9.881,9.936,9.989,10.03,10.072,10.122,10.159,10.213,10.265,10.311,10.362,10.402,10.465,10.527,10.581,10.634,10.686,10.763,10.836,10.904,10.962,11.024,11.088,11.166,11.267,11.349,11.414,11.487,11.545,11.625,11.707,11.787,11.908,11.993,12.082,12.167,12.248,12.382,12.544,12.671,12.84,12.99,13.183,13.415,13.724,14.079,14.558,16.274
292,OTH FP,3.027,4.714,5.236,5.612,5.988,6.202,6.392,6.55,6.689,6.869,6.99,7.108,7.195,7.293,7.403,7.481,7.554,7.641,7.716,7.785,7.863,7.929,8.004,8.073,8.145,8.218,8.267,8.355,8.423,8.492,8.544,8.614,8.672,8.736,8.815,8.871,8.925,8.98,9.033,9.106,9.161,9.227,9.281,9.347,9.395,9.438,9.493,9.56,9.625,9.683,9.73,9.782,9.836,9.893,9.941,9.987,10.043,10.093,10.149,10.191,10.245,10.295,10.339,10.392,10.446,10.508,10.574,10.623,10.682,10.736,10.801,10.865,10.941,11.006,11.064,11.119,11.187,11.253,11.351,11.427,11.497,11.575,11.663,11.734,11.823,11.91,11.985,12.081,12.183,12.279,12.384,12.542,12.681,12.884,13.077,13.297,13.475,13.772,14.107,14.7,16.253
293,OTH FP,3.027,4.714,5.236,5.612,5.988,6.202,6.392,6.55,6.689,6.869,6.99,7.108,7.195,7.293,7.403,7.481,7.554,7.641,7.716,7.785,7.863,7.929,8.004,8.073,8.145,8.218,8.267,8.355,8.423,8.492,8.544,8.614,8.672,8.736,8.815,8.871,8.925,8.98,9.033,9.106,9.161,9.227,9.281,9.347,9.395,9.438,9.493,9.56,9.625,9.683,9.73,9.782,9.836,9.893,9.941,9.987,10.043,10.093,10.149,10.191,10.245,10.295,10.339,10.392,10.446,10.508,10.574,10.623,10.682,10.736,10.801,10.865,10.941,11.006,11.064,11.119,11.187,11.253,11.351,11.427,11.497,11.575,11.663,11.734,11.823,11.91,11.985,12.081,12.183,12.279,12.384,12.542,12.681,12.884,13.077,13.297,13.475,13.772,14.107,14.7,16.253
294,OTH FP,3.023,4.735,5.212,5.583,5.846,6.186,6.398,6.563,6.724,6.868,6.961,7.058,7.165,7.272,7.365,7.485,7.595,7.686,7.748,7.821,7.891,7.968,8.036,8.108,8.178,8.244,8.306,8.365,8.428,8.494,8.553,8.623,8.686,8.757,8.816,8.877,8.945,9.009,9.063,9.124,9.178,9.255,9.31,9.355,9.403,9.448,9.483,9.534,9.608,9.662,9.718,9.76,9.809,9.865,9.927,9.98,10.035,10.091,10.143,10.198,10.264,10.322,10.382,10.439,10.492,10.536,10.591,10.642,10.704,10.763,10.817,10.881,10.94,10.996,11.069,11.131,11.214,11.278,11.358,11.436,11.489,11.581,11.658,11.731,11.814,11.926,12.016,12.117,12.224,12.312,12.456,12.597,12.751,12.896,13.139,13.341,13.574,13.778,14.13,14.771,16.281
295,OTH FP,3.023,4.735,5.212,5.583,5.846,6.186,6.398,6.563,6.724,6.868,6.961,7.058,7.165,7.272,7.365,7.485,7.595,7.686,7.748,7.821,7.891,7.968,8.036,8.108,8.178,8.244,8.306,8.365,8.428,8.494,8.553,8.623,8.686,8.757,8.816,8.877,8.945,9.009,9.063,9.124,9.178,9.255,9.31,9.355,9.403,9.448,9.483,9.534,9.608,9.662,9.718,9.76,9.809,9.865,9.927,9.98,10.035,10.091,10.143,10.198,10.264,10.322,10.382,10.439,10.492,10.536,10.591,10.642,10.704,10.763,10.817,10.881,10.94,10.996,11.069,11.131,11.214,11.278,11.358,11.436,11.489,11.581,11.658,11.731,11.814,11.926,12.016,12.117,12.224,12.312,12.456,12.597,12.751,12.896,13.139,13.341,13.574,13.778,14.13,14.771,16.281
296,OTH FP,2.741,4.443,5.16,5.508,5.803,6.135,6.319,6.493,6.614,6.759,6.881,6.997,7.118,7.204,7.317,7.404,7.489,7.621,7.71,7.791,7.854,7.939,8.003,8.076,8.13,8.207,8.285,8.33,8.412,8.482,8.522,8.588,8.645,8.706,8.775,8.831,8.892,8.954,9.024,9.092,9.144,9.207,9.269,9.327,9.381,9.436,9.494,9.531,9.593,9.642,9.703,9.748,9.811,9.88,9.936,9.987,10.031,10.091,10.138,10.188,10.255,10.312,10.391,10.451,10.514,10.568,10.619,10.665,10.74,10.808,10.857,10.919,10.972,11.024,11.082,11.164,11.232,11.302,11.39,11.463,11.546,11.629,11.702,11.811,11.896,11.986,12.064,12.15,12.271,12.367,12.489,12.655,12.793,12.913,13.064,13.334,13.585,13.859,14.185,14.868,16.468
297,OTH FP,2.741,4.443,5.16,5.508,5.803,6.135,6.319,6.493,6.614,6.759,6.881,6.997,7.118,7.204,7.317,7.404,7.489,7.621,7.71,7.791,7.854,7.939,8.003,8.076,8.13,8.207,8.285,8.33,8.412,8.482,8.522,8.588,8.645,8.706,8.775,8.831,8.892,8.954,9.024,9.092,9.144,9.207,9.269,9.327,9.381,9.436,9.494,9.531,9.593,9.642,9.703,9.748,9.811,9.88,9.936,9.987,10.031,10.091,10.138,10.188,10.255,10.312,10.391,10.451,10.514,10.568,10.619,10.665,10.74,10.808,10.857,10.919,10.972,11.024,11.082,11.164,11.232,11.302,11.39,11.463,11.546,11.629,11.702,11.811,11.896,11.986,12.064,12.15,12.271,12.367,12.489,12.655,12.793,12.913,13.064,13.334,13.585,13.859,14.185,14.868,16.468
298,OTH FP,2.388,4.482,5.097,5.496,5.809,6.049,6.241,6.47,6.608,6.707,6.817,6.928,7.022,7.171,7.289,7.395,7.479,7.562,7.666,7.732,7.813,7.916,7.982,8.04,8.111,8.192,8.253,8.322,8.38,8.455,8.526,8.598,8.663,8.705,8.777,8.838,8.896,8.989,9.047,9.095,9.154,9.213,9.279,9.34,9.393,9.442,9.495,9.541,9.604,9.645,9.694,9.737,9.812,9.859,9.914,9.974,10.021,10.092,10.168,10.227,10.282,10.348,10.413,10.461,10.52,10.577,10.626,10.688,10.75,10.817,10.875,10.919,10.984,11.058,11.133,11.185,11.254,11.327,11.383,11.461,11.567,11.653,11.752,11.832,11.902,11.961,12.04,12.13,12.277,12.348,12.49,12.642,12.789,12.997,13.215,13.377,13.642,13.888,14.2,14.921,16.622
299,OTH FP,2.388,4.482,5.097,5.496,5.809,6.049,6.241,6.47,6.608,6.707,6.817,6.928,7.022,7.171,7.289,7.395,7.479,7.562,7.666,7.732,7.813,7.916,7.982,8.04,8.111,8.192,8.253,8.322,8.38,8.455,8.526,8.598,8.663,8.705,8.777,8.838,8.896,8.989,9.047,9.095,9.154,9.213,9.279,9.34,9.393,9.442,9.495,9.541,9.604,9.645,9.694,9.737,9.812,9.859,9.914,9.974,10.021,10.092,10.168,10.227,10.282,10.348,10.413,10.461,10.52,10.577,10.626,10.688,10.75,10.817,10.875,10.919,10.984,11.058,11.133,11.185,11.254,11.327,11.383,11.461,11.567,11.653,11.752,11.832,11.902,11.961,12.04,12.13,12.277,12.348,12.49,12.642,12.789,12.997,13.215,13.377,13.642,13.888,14.2,14.921,16.622
300,OTH FP,3.411,4.398,4.755,5.109,5.33,5.424,5.558,5.668,5.748,5.838,5.918,5.996,6.071,6.157,6.215,6.27,6.354,6.429,6.512,6.56,6.611,6.662,6.702,6.754,6.807,6.859,6.898,6.941,6.992,7.052,7.099,7.141,7.195,7.236,7.291,7.333,7.372,7.418,7.451,7.476,7.501,7.544,7.58,7.61,7.656,7.701,7.749,7.773,7.81,7.848,7.88,7.921,7.955,7.994,8.038,8.075,8.115,8.18,8.22,8.262,8.299,8.333,8.358,8.407,8.446,8.5,8.543,8.597,8.633,8.67,8.723,8.769,8.828,8.874,8.914,8.958,9.004,9.054,9.12,9.172,9.221,9.275,9.335,9.398,9.436,9.515,9.566,9.64,9.698,9.775,9.85,9.927,10.028,10.146,10.267,10.384,10.547,10.776,11.1,11.507,12.576
301,OTH FP,3.411,4.398,4.755,5.109,5.33,5.424,5.558,5.668,5.748,5.838,5.918,5.996,6.071,6.157,6.215,6.27,6.354,6.429,6.512,6.56,6.611,6.662,6.702,6.754,6.807,6.859,6.898,6.941,6.992,7.052,7.099,7.141,7.195,7.236,7.291,7.333,7.372,7.418,7.451,7.476,7.501,7.544,7.58,7.61,7.656,7.701,7.749,7.773,7.81,7.848,7.88,7.921,7.955,7.994,8.038,8.075,8.115,8.18,8.22,8.262,8.299,8.333,8.358,8.407,8.446,8.5,8.543,8.597,8.633,8.67,8.723,8.769,8.828,8.874,8.914,8.958,9.004,9.054,9.12,9.172,9.221,9.275,9.335,9.398,9.436,9.515,9.566,9.64,9.698,9.775,9.85,9.927,10.028,10.146,10.267,10.384,10.547,10.776,11.1,11.507,12.576
302,OTH FP,3.476,4.471,4.89,5.173,5.352,5.492,5.613,5.729,5.817,5.903,5.972,6.045,6.118,6.191,6.262,6.324,6.404,6.473,6.528,6.582,6.642,6.689,6.741,6.788,6.839,6.891,6.939,6.987,7.032,7.078,7.125,7.168,7.222,7.264,7.307,7.355,7.383,7.411,7.46,7.509,7.546,7.591,7.623,7.66,7.687,7.719,7.76,7.793,7.822,7.856,7.901,7.937,7.975,8.01,8.046,8.092,8.136,8.175,8.208,8.249,8.293,8.336,8.373,8.404,8.436,8.475,8.521,8.566,8.597,8.651,8.691,8.736,8.772,8.833,8.872,8.93,8.981,9.021,9.064,9.115,9.174,9.221,9.274,9.31,9.378,9.438,9.506,9.572,9.643,9.718,9.799,9.888,9.99,10.073,10.204,10.372,10.489,10.707,10.972,11.377,12.759
303,OTH FP,3.476,4.471,4.89,5.173,5.352,5.492,5.613,5.729,5.817,5.903,5.972,6.045,6.118,6.191,6.262,6.324,6.404,6.473,6.528,6.582,6.642,6.689,6.741,6.788,6.839,6.891,6.939,6.987,7.032,7.078,7.125,7.168,7.222,7.264,7.307,7.355,7.383,7.411,7.46,7.509,7.546,7.591,7.623,7.66,7.687,7.719,7.76,7.793,7.822,7.856,7.901,7.937,7.975,8.01,8.046,8.092,8.136,8.175,8.208,8.249,8.293,8.336,8.373,8.404,8.436,8.475,8.521,8.566,8.597,8.651,8.691,8.736,8.772,8.833,8.872,8.93,8.981,9.021,9.064,9.115,9.174,9.221,9.274,9.31,9.378,9.438,9.506,9.572,9.643,9.718,9.799,9.888,9.99,10.073,10.204,10.372,10.489,10.707,10.972,11.377,12.759
304,OTH FP,3.576,4.623,5.002,5.247,5.404,5.559,5.682,5.769,5.878,5.961,6.056,6.15,6.235,6.297,6.355,6.407,6.463,6.502,6.552,6.626,6.676,6.74,6.802,6.848,6.895,6.949,6.99,7.035,7.079,7.122,7.171,7.202,7.244,7.28,7.329,7.373,7.414,7.44,7.473,7.504,7.538,7.572,7.618,7.651,7.688,7.73,7.766,7.792,7.828,7.861,7.902,7.947,7.988,8.016,8.049,8.08,8.114,8.148,8.186,8.225,8.262,8.288,8.333,8.375,8.415,8.45,8.486,8.519,8.56,8.596,8.641,8.689,8.736,8.776,8.823,8.868,8.912,8.959,9.003,9.053,9.097,9.153,9.218,9.275,9.333,9.418,9.481,9.549,9.61,9.691,9.784,9.862,9.956,10.033,10.143,10.274,10.431,10.644,10.912,11.255,12.491
305,OTH FP,3.576,4.623,5.002,5.247,5.404,5.559,5.682,5.769,5.878,5.961,6.056,6.15,6.235,6.297,6.355,6.407,6.463,6.502,6.552,6.626,6.676,6.74,6.802,6.848,6.895,6.949,6.99,7.035,7.079,7.122,7.171,7.202,7.244,7.28,7.329,7.373,7.414,7.44,7.473,7.504,7.538,7.572,7.618,7.651,7.688,7.73,7.766,7.792,7.828,7.861,7.902,7.947,7.988,8.016,8.049,8.08,8.114,8.148,8.186,8.225,8.262,8.288,8.333,8.375,8.415,8.45,8.486,8.519,8.56,8.596,8.641,8.689,8.736,8.776,8.823,8.868,8.912,8.959,9.003,9.053,9.097,9.153,9.218,9.275,9.333,9.418,9.481,9.549,9.61,9.691,9.784,9.862,9.956,10.033,10.143,10.274,10.431,10.644,10.912,11.255,12.491
306,OTH FP,3.697,4.695,5.067,5.267,5.416,5.593,5.739,5.839,5.978,6.052,6.117,6.19,6.255,6.307,6.379,6.449,6.516,6.569,6.631,6.697,6.749,6.795,6.839,6.888,6.947,6.991,7.03,7.064,7.107,7.153,7.19,7.223,7.257,7.289,7.336,7.369,7.416,7.444,7.471,7.511,7.553,7.587,7.626,7.665,7.695,7.734,7.768,7.811,7.847,7.889,7.914,7.958,7.993,8.02,8.057,8.092,8.126,8.165,8.205,8.238,8.273,8.313,8.339,8.375,8.412,8.448,8.494,8.529,8.568,8.599,8.637,8.686,8.72,8.747,8.793,8.834,8.876,8.911,8.967,9.028,9.071,9.109,9.15,9.208,9.273,9.329,9.391,9.464,9.533,9.604,9.697,9.778,9.848,9.963,10.085,10.186,10.323,10.521,10.845,11.209,12.669
307,OTH FP,3.697,4.695,5.067,5.267,5.416,5.593,5.739,5.839,5.978,6.052,6.117,6.19,6.255,6.307,6.379,6.449,6.516,6.569,6.631,6.697,6.749,6.795,6.839,6.888,6.947,6.991,7.03,7.064,7.107,7.153,7.19,7.223,7.257,7.289,7.336,7.369,7.416,7.444,7.471,7.511,7.553,7.587,7.626,7.665,7.695,7.734,7.768,7.811,7.847,7.889,7.914,7.958,7.993,8.02,8.057,8.092,8.126,8.165,8.205,8.238,8.273,8.313,8.339,8.375,8.412,8.448,8.494,8.529,8.568,8.599,8.637,8.686,8.72,8.747,8.793,8.834,8.876,8.911,8.967,9.028,9.071,9.109,9.15,9.208,9.273,9.329,9.391,9.464,9.533,9.604,9.697,9.778,9.848,9.963,10.085,10.186,10.323,10.521,10.845,11.209,12.669
308,OTH FP,3.646,4.716,5.054,5.26,5.417,5.582,5.675,5.814,5.907,6.001,6.088,6.164,6.242,6.327,6.419,6.487,6.533,6.596,6.643,6.699,6.748,6.791,6.845,6.877,6.916,6.964,7.005,7.043,7.079,7.124,7.163,7.21,7.256,7.3,7.34,7.384,7.423,7.453,7.486,7.518,7.554,7.583,7.622,7.668,7.704,7.731,7.763,7.807,7.841,7.883,7.923,7.969,8.016,8.052,8.092,8.126,8.16,8.201,8.236,8.276,8.308,8.337,8.377,8.407,8.438,8.473,8.508,8.55,8.589,8.631,8.68,8.724,8.77,8.806,8.841,8.881,8.922,8.963,9.015,9.053,9.112,9.152,9.2,9.244,9.311,9.37,9.428,9.508,9.568,9.659,9.734,9.797,9.892,9.987,10.128,10.245,10.398,10.587,10.823,11.233,12.426
309,OTH FP,3.646,4.716,5.054,5.26,5.417,5.582,5.675,5.814,5.907,6.001,6.088,6.164,6.242,6.327,6.419,6.487,6.533,6.596,6.643,6.699,6.748,6.791,6.845,6.877,6.916,6.964,7.005,7.043,7.079,7.124,7.163,7.21,7.256,7.3,7.34,7.384,7.423,7.453,7.486,7.518,7.554,7.583,7.622,7.668,7.704,7.731,7.763,7.807,7.841,7.883,7.923,7.969,8.016,8.052,8.092,8.126,8.16,8.201,8.236,8.276,8.308,8.337,8.377,8.407,8.438,8.473,8.508,8.55,8.589,8.631,8.68,8.724,8.77,8.806,8.841,8.881,8.922,8.963,9.015,9.053,9.112,9.152,9.2,9.244,9.311,9.37,9.428,9.508,9.568,9.659,9.734,9.797,9.892,9.987,10.128,10.245,10.398,10.587,10.823,11.233,12.426
310,OTH FP,3.693,4.698,5.015,5.227,5.399,5.554,5.67,5.773,5.862,5.969,6.068,6.155,6.238,6.317,6.39,6.469,6.539,6.588,6.643,6.688,6.747,6.799,6.835,6.885,6.926,6.974,7.016,7.055,7.087,7.127,7.163,7.208,7.241,7.273,7.319,7.359,7.403,7.439,7.479,7.517,7.568,7.611,7.65,7.684,7.728,7.76,7.789,7.825,7.861,7.891,7.927,7.963,8.004,8.032,8.07,8.102,8.141,8.176,8.223,8.256,8.293,8.339,8.373,8.407,8.443,8.484,8.525,8.579,8.62,8.667,8.693,8.723,8.752,8.795,8.834,8.869,8.918,8.987,9.037,9.08,9.126,9.179,9.221,9.281,9.341,9.4,9.468,9.531,9.603,9.673,9.759,9.833,9.923,10.005,10.096,10.214,10.346,10.539,10.895,11.392,12.479
311,OTH FP,3.693,4.698,5.015,5.227,5.399,5.554,5.67,5.773,5.862,5.969,6.068,6.155,6.238,6.317,6.39,6.469,6.539,6.588,6.643,6.688,6.747,6.799,6.835,6.885,6.926,6.974,7.016,7.055,7.087,7.127,7.163,7.208,7.241,7.273,7.319,7.359,7.403,7.439,7.479,7.517,7.568,7.611,7.65,7.684,7.728,7.76,7.789,7.825,7.861,7.891,7.927,7.963,8.004,8.032,8.07,8.102,8.141,8.176,8.223,8.256,8.293,8.339,8.373,8.407,8.443,8.484,8.525,8.579,8.62,8.667,8.693,8.723,8.752,8.795,8.834,8.869,8.918,8.987,9.037,9.08,9.126,9.179,9.221,9.281,9.341,9.4,9.468,9.531,9.603,9.673,9.759,9.833,9.923,10.005,10.096,10.214,10.346,10.539,10.895,11.392,12.479
312,OTH FP,3.862,4.653,4.976,5.203,5.37,5.53,5.667,5.753,5.866,5.963,6.06,6.155,6.223,6.296,6.372,6.439,6.502,6.565,6.625,6.673,6.737,6.79,6.83,6.865,6.907,6.953,6.987,7.022,7.072,7.108,7.153,7.187,7.222,7.274,7.315,7.356,7.39,7.427,7.472,7.508,7.542,7.592,7.63,7.662,7.715,7.741,7.774,7.825,7.857,7.891,7.926,7.959,7.989,8.029,8.065,8.11,8.146,8.178,8.215,8.252,8.288,8.324,8.365,8.4,8.441,8.485,8.527,8.559,8.603,8.637,8.673,8.735,8.789,8.823,8.871,8.921,8.964,9.001,9.044,9.097,9.148,9.196,9.247,9.302,9.347,9.399,9.463,9.543,9.613,9.681,9.757,9.829,9.894,10.003,10.114,10.246,10.39,10.6,10.944,11.355,12.321
313,OTH FP,3.862,4.653,4.976,5.203,5.37,5.53,5.667,5.753,5.866,5.963,6.06,6.155,6.223,6.296,6.372,6.439,6.502,6.565,6.625,6.673,6.737,6.79,6.83,6.865,6.907,6.953,6.987,7.022,7.072,7.108,7.153,7.187,7.222,7.274,7.315,7.356,7.39,7.427,7.472,7.508,7.542,7.592,7.63,7.662,7.715,7.741,7.774,7.825,7.857,7.891,7.926,7.959,7.989,8.029,8.065,8.11,8.146,8.178,8.215,8.252,8.288,8.324,8.365,8.4,8.441,8.485,8.527,8.559,8.603,8.637,8.673,8.735,8.789,8.823,8.871,8.921,8.964,9.001,9.044,9.097,9.148,9.196,9.247,9.302,9.347,9.399,9.463,9.543,9.613,9.681,9.757,9.829,9.894,10.003,10.114,10.246,10.39,10.6,10.944,11.355,12.321
314,OTH FP,3.738,4.618,4.887,5.132,5.335,5.485,5.629,5.759,5.869,5.984,6.064,6.136,6.213,6.306,6.384,6.466,6.518,6.571,6.623,6.673,6.72,6.779,6.835,6.875,6.921,6.977,7.017,7.06,7.098,7.148,7.195,7.231,7.273,7.3,7.344,7.379,7.423,7.464,7.5,7.538,7.568,7.61,7.642,7.675,7.714,7.746,7.788,7.825,7.86,7.903,7.945,7.982,8.021,8.059,8.098,8.127,8.164,8.214,8.251,8.292,8.321,8.358,8.383,8.422,8.464,8.502,8.537,8.571,8.614,8.647,8.69,8.729,8.776,8.814,8.862,8.897,8.942,8.988,9.036,9.095,9.147,9.191,9.234,9.285,9.341,9.39,9.456,9.529,9.613,9.699,9.787,9.865,9.96,10.065,10.198,10.34,10.481,10.675,10.931,11.33,12.28
315,OTH FP,3.738,4.618,4.887,5.132,5.335,5.485,5.629,5.759,5.869,5.984,6.064,6.136,6.213,6.306,6.384,6.466,6.518,6.571,6.623,6.673,6.72,6.779,6.835,6.875,6.921,6.977,7.017,7.06,7.098,7.148,7.195,7.231,7.273,7.3,7.344,7.379,7.423,7.464,7.5,7.538,7.568,7.61,7.642,7.675,7.714,7.746,7.788,7.825,7.86,7.903,7.945,7.982,8.021,8.059,8.098,8.127,8.164,8.214,8.251,8.292,8.321,8.358,8.383,8.422,8.464,8.502,8.537,8.571,8.614,8.647,8.69,8.729,8.776,8.814,8.862,8.897,8.942,8.988,9.036,9.095,9.147,9.191,9.234,9.285,9.341,9.39,9.456,9.529,9.613,9.699,9.787,9.865,9.96,10.065,10.198,10.34,10.481,10.675,10.931,11.33,12.28
316,OTH FP,3.87,4.655,4.884,5.124,5.354,5.503,5.649,5.749,5.852,5.944,6.037,6.135,6.222,6.297,6.386,6.442,6.494,6.565,6.608,6.663,6.728,6.775,6.83,6.9,6.96,7.005,7.046,7.087,7.129,7.169,7.199,7.238,7.273,7.305,7.353,7.395,7.432,7.461,7.501,7.537,7.579,7.617,7.665,7.702,7.738,7.767,7.794,7.83,7.865,7.9,7.937,7.97,8.014,8.044,8.083,8.122,8.163,8.198,8.236,8.282,8.32,8.361,8.402,8.435,8.477,8.523,8.57,8.613,8.651,8.697,8.735,8.763,8.805,8.847,8.901,8.938,8.98,9.02,9.064,9.107,9.151,9.199,9.257,9.316,9.377,9.438,9.501,9.583,9.644,9.721,9.8,9.885,9.985,10.072,10.211,10.327,10.511,10.707,11.011,11.415,12.468
317,OTH FP,3.87,4.655,4.884,5.124,5.354,5.503,5.649,5.749,5.852,5.944,6.037,6.135,6.222,6.297,6.386,6.442,6.494,6.565,6.608,6.663,6.728,6.775,6.83,6.9,6.96,7.005,7.046,7.087,7.129,7.169,7.199,7.238,7.273,7.305,7.353,7.395,7.432,7.461,7.501,7.537,7.579,7.617,7.665,7.702,7.738,7.767,7.794,7.83,7.865,7.9,7.937,7.97,8.014,8.044,8.083,8.122,8.163,8.198,8.236,8.282,8.32,8.361,8.402,8.435,8.477,8.523,8.57,8.613,8.651,8.697,8.735,8.763,8.805,8.847,8.901,8.938,8.98,9.02,9.064,9.107,9.151,9.199,9.257,9.316,9.377,9.438,9.501,9.583,9.644,9.721,9.8,9.885,9.985,10.072,10.211,10.327,10.511,10.707,11.011,11.415,12.468
318,OTH FP,3.729,4.628,4.94,5.166,5.336,5.478,5.619,5.75,5.868,5.952,6.059,6.154,6.225,6.293,6.382,6.462,6.521,6.589,6.663,6.721,6.759,6.817,6.87,6.916,6.963,7.005,7.045,7.076,7.109,7.153,7.205,7.244,7.292,7.316,7.344,7.384,7.433,7.464,7.505,7.542,7.589,7.627,7.654,7.685,7.72,7.756,7.797,7.829,7.865,7.901,7.947,7.979,8.01,8.047,8.085,8.117,8.157,8.191,8.237,8.291,8.332,8.369,8.412,8.469,8.504,8.547,8.59,8.622,8.654,8.698,8.729,8.768,8.808,8.859,8.904,8.966,9.016,9.055,9.097,9.159,9.193,9.259,9.315,9.371,9.427,9.491,9.559,9.628,9.703,9.77,9.83,9.912,9.988,10.106,10.224,10.361,10.568,10.803,11.026,11.378,12.571
319,OTH FP,3.729,4.628,4.94,5.166,5.336,5.478,5.619,5.75,5.868,5.952,6.059,6.154,6.225,6.293,6.382,6.462,6.521,6.589,6.663,6.721,6.759,6.817,6.87,6.916,6.963,7.005,7.045,7.076,7.109,7.153,7.205,7.244,7.292,7.316,7.344,7.384,7.433,7.464,7.505,7.542,7.589,7.627,7.654,7.685,7.72,7.756,7.797,7.829,7.865,7.901,7.947,7.979,8.01,8.047,8.085,8.117,8.157,8.191,8.237,8.291,8.332,8.369,8.412,8.469,8.504,8.547,8.59,8.622,8.654,8.698,8.729,8.768,8.808,8.859,8.904,8.966,9.016,9.055,9.097,9.159,9.193,9.259,9.315,9.371,9.427,9.491,9.559,9.628,9.703,9.77,9.83,9.912,9.988,10.106,10.224,10.361,10.568,10.803,11.026,11.378,12.571
320,OTH FP,3.747,4.705,5.013,5.231,5.383,5.532,5.632,5.762,5.874,5.997,6.082,6.152,6.229,6.311,6.378,6.471,6.525,6.607,6.658,6.732,6.781,6.835,6.878,6.923,6.964,7.0,7.036,7.079,7.129,7.165,7.205,7.239,7.29,7.324,7.362,7.407,7.454,7.488,7.534,7.569,7.594,7.621,7.65,7.688,7.727,7.769,7.818,7.853,7.886,7.933,7.969,8.004,8.042,8.086,8.141,8.175,8.209,8.244,8.278,8.319,8.355,8.386,8.431,8.472,8.505,8.547,8.581,8.625,8.671,8.709,8.754,8.796,8.84,8.881,8.917,8.96,9.002,9.041,9.106,9.157,9.223,9.267,9.332,9.381,9.433,9.509,9.571,9.642,9.715,9.807,9.889,9.973,10.062,10.188,10.267,10.418,10.568,10.744,11.011,11.388,12.684
321,OTH FP,3.747,4.705,5.013,5.231,5.383,5.532,5.632,5.762,5.874,5.997,6.082,6.152,6.229,6.311,6.378,6.471,6.525,6.607,6.658,6.732,6.781,6.835,6.878,6.923,6.964,7.0,7.036,7.079,7.129,7.165,7.205,7.239,7.29,7.324,7.362,7.407,7.454,7.488,7.534,7.569,7.594,7.621,7.65,7.688,7.727,7.769,7.818,7.853,7.886,7.933,7.969,8.004,8.042,8.086,8.141,8.175,8.209,8.244,8.278,8.319,8.355,8.386,8.431,8.472,8.505,8.547,8.581,8.625,8.671,8.709,8.754,8.796,8.84,8.881,8.917,8.96,9.002,9.041,9.106,9.157,9.223,9.267,9.332,9.381,9.433,9.509,9.571,9.642,9.715,9.807,9.889,9.973,10.062,10.188,10.267,10.418,10.568,10.744,11.011,11.388,12.684
322,OTH FP,3.725,4.593,4.965,5.154,5.317,5.475,5.605,5.736,5.846,5.967,6.033,6.118,6.192,6.261,6.371,6.42,6.492,6.571,6.647,6.702,6.754,6.805,6.852,6.897,6.953,6.986,7.03,7.074,7.104,7.139,7.182,7.228,7.265,7.312,7.345,7.386,7.426,7.47,7.51,7.558,7.595,7.629,7.677,7.714,7.743,7.785,7.826,7.872,7.91,7.95,7.98,8.011,8.047,8.088,8.137,8.177,8.217,8.251,8.294,8.331,8.376,8.42,8.467,8.5,8.539,8.574,8.615,8.654,8.695,8.74,8.788,8.833,8.888,8.925,8.973,9.005,9.058,9.099,9.16,9.202,9.247,9.273,9.358,9.409,9.456,9.516,9.594,9.681,9.75,9.832,9.921,9.988,10.089,10.225,10.355,10.51,10.686,10.878,11.092,11.421,12.796
323,OTH FP,3.725,4.593,4.965,5.154,5.317,5.475,5.605,5.736,5.846,5.967,6.033,6.118,6.192,6.261,6.371,6.42,6.492,6.571,6.647,6.702,6.754,6.805,6.852,6.897,6.953,6.986,7.03,7.074,7.104,7.139,7.182,7.228,7.265,7.312,7.345,7.386,7.426,7.47,7.51,7.558,7.595,7.629,7.677,7.714,7.743,7.785,7.826,7.872,7.91,7.95,7.98,8.011,8.047,8.088,8.137,8.177,8.217,8.251,8.294,8.331,8.376,8.42,8.467,8.5,8.539,8.574,8.615,8.654,8.695,8.74,8.788,8.833,8.888,8.925,8.973,9.005,9.058,9.099,9.16,9.202,9.247,9.273,9.358,9.409,9.456,9.516,9.594,9.681,9.75,9.832,9.921,9.988,10.089,10.225,10.355,10.51,10.686,10.878,11.092,11.421,12.796
324,OTH FP,3.609,4.535,4.863,5.118,5.269,5.438,5.542,5.66,5.803,5.927,6.013,6.083,6.156,6.237,6.299,6.365,6.436,6.496,6.557,6.628,6.691,6.74,6.813,6.863,6.906,6.95,6.999,7.041,7.084,7.129,7.172,7.214,7.241,7.283,7.32,7.377,7.423,7.471,7.515,7.558,7.594,7.636,7.694,7.722,7.77,7.799,7.839,7.878,7.92,7.952,7.992,8.032,8.068,8.105,8.156,8.194,8.228,8.279,8.327,8.371,8.409,8.442,8.479,8.514,8.565,8.605,8.648,8.69,8.721,8.763,8.818,8.867,8.904,8.932,8.99,9.025,9.074,9.135,9.179,9.235,9.283,9.33,9.391,9.442,9.505,9.569,9.664,9.754,9.837,9.93,10.006,10.096,10.192,10.296,10.427,10.561,10.749,10.915,11.192,11.644,13.166
325,OTH FP,3.609,4.535,4.863,5.118,5.269,5.438,5.542,5.66,5.803,5.927,6.013,6.083,6.156,6.237,6.299,6.365,6.436,6.496,6.557,6.628,6.691,6.74,6.813,6.863,6.906,6.95,6.999,7.041,7.084,7.129,7.172,7.214,7.241,7.283,7.32,7.377,7.423,7.471,7.515,7.558,7.594,7.636,7.694,7.722,7.77,7.799,7.839,7.878,7.92,7.952,7.992,8.032,8.068,8.105,8.156,8.194,8.228,8.279,8.327,8.371,8.409,8.442,8.479,8.514,8.565,8.605,8.648,8.69,8.721,8.763,8.818,8.867,8.904,8.932,8.99,9.025,9.074,9.135,9.179,9.235,9.283,9.33,9.391,9.442,9.505,9.569,9.664,9.754,9.837,9.93,10.006,10.096,10.192,10.296,10.427,10.561,10.749,10.915,11.192,11.644,13.166
326,OTH FP,3.471,4.456,4.786,4.999,5.198,5.399,5.508,5.639,5.789,5.906,5.982,6.039,6.138,6.198,6.262,6.326,6.389,6.446,6.509,6.597,6.671,6.718,6.766,6.821,6.868,6.919,6.956,7.004,7.052,7.102,7.15,7.191,7.23,7.278,7.323,7.358,7.392,7.448,7.495,7.546,7.579,7.621,7.666,7.721,7.764,7.803,7.837,7.876,7.906,7.942,7.992,8.033,8.079,8.133,8.174,8.209,8.254,8.294,8.335,8.382,8.424,8.473,8.512,8.557,8.589,8.629,8.677,8.72,8.761,8.809,8.853,8.889,8.935,8.983,9.037,9.092,9.136,9.185,9.247,9.297,9.351,9.412,9.464,9.533,9.596,9.671,9.756,9.843,9.926,9.987,10.089,10.178,10.27,10.402,10.495,10.594,10.771,10.992,11.224,11.727,13.294
327,OTH FP,3.471,4.456,4.786,4.999,5.198,5.399,5.508,5.639,5.789,5.906,5.982,6.039,6.138,6.198,6.262,6.326,6.389,6.446,6.509,6.597,6.671,6.718,6.766,6.821,6.868,6.919,6.956,7.004,7.052,7.102,7.15,7.191,7.23,7.278,7.323,7.358,7.392,7.448,7.495,7.546,7.579,7.621,7.666,7.721,7.764,7.803,7.837,7.876,7.906,7.942,7.992,8.033,8.079,8.133,8.174,8.209,8.254,8.294,8.335,8.382,8.424,8.473,8.512,8.557,8.589,8.629,8.677,8.72,8.761,8.809,8.853,8.889,8.935,8.983,9.037,9.092,9.136,9.185,9.247,9.297,9.351,9.412,9.464,9.533,9.596,9.671,9.756,9.843,9.926,9.987,10.089,10.178,10.27,10.402,10.495,10.594,10.771,10.992,11.224,11.727,13.294
328,OTH FP,3.407,4.359,4.675,4.93,5.099,5.282,5.451,5.581,5.695,5.835,5.918,5.997,6.073,6.153,6.243,6.31,6.388,6.447,6.525,6.573,6.622,6.679,6.742,6.797,6.838,6.885,6.929,6.971,7.02,7.08,7.118,7.167,7.214,7.254,7.306,7.362,7.397,7.435,7.473,7.519,7.564,7.615,7.677,7.705,7.745,7.791,7.827,7.877,7.919,7.959,8.007,8.048,8.088,8.127,8.172,8.219,8.262,8.305,8.343,8.381,8.435,8.48,8.519,8.568,8.603,8.644,8.68,8.723,8.775,8.822,8.863,8.908,8.958,9.016,9.071,9.136,9.192,9.229,9.274,9.349,9.417,9.468,9.53,9.595,9.653,9.718,9.789,9.859,9.949,10.033,10.133,10.219,10.345,10.441,10.567,10.724,10.869,11.067,11.314,11.807,13.667
329,OTH FP,3.407,4.359,4.675,4.93,5.099,5.282,5.451,5.581,5.695,5.835,5.918,5.997,6.073,6.153,6.243,6.31,6.388,6.447,6.525,6.573,6.622,6.679,6.742,6.797,6.838,6.885,6.929,6.971,7.02,7.08,7.118,7.167,7.214,7.254,7.306,7.362,7.397,7.435,7.473,7.519,7.564,7.615,7.677,7.705,7.745,7.791,7.827,7.877,7.919,7.959,8.007,8.048,8.088,8.127,8.172,8.219,8.262,8.305,8.343,8.381,8.435,8.48,8.519,8.568,8.603,8.644,8.68,8.723,8.775,8.822,8.863,8.908,8.958,9.016,9.071,9.136,9.192,9.229,9.274,9.349,9.417,9.468,9.53,9.595,9.653,9.718,9.789,9.859,9.949,10.033,10.133,10.219,10.345,10.441,10.567,10.724,10.869,11.067,11.314,11.807,13.667
330,OTH FP,3.279,4.26,4.552,4.85,5.039,5.217,5.417,5.562,5.649,5.774,5.873,5.939,6.03,6.108,6.197,6.262,6.341,6.397,6.45,6.515,6.581,6.637,6.693,6.749,6.791,6.836,6.899,6.958,6.999,7.049,7.098,7.14,7.189,7.234,7.281,7.322,7.364,7.432,7.48,7.523,7.555,7.597,7.643,7.678,7.719,7.758,7.811,7.857,7.902,7.951,7.99,8.035,8.077,8.131,8.177,8.219,8.271,8.317,8.363,8.406,8.454,8.496,8.53,8.574,8.615,8.652,8.718,8.753,8.808,8.842,8.895,8.945,9.002,9.076,9.129,9.181,9.23,9.278,9.331,9.38,9.44,9.509,9.586,9.644,9.693,9.769,9.827,9.916,9.989,10.065,10.139,10.25,10.365,10.486,10.624,10.784,10.942,11.118,11.453,11.87,13.883
331,OTH FP,3.279,4.26,4.552,4.85,5.039,5.217,5.417,5.562,5.649,5.774,5.873,5.939,6.03,6.108,6.197,6.262,6.341,6.397,6.45,6.515,6.581,6.637,6.693,6.749,6.791,6.836,6.899,6.958,6.999,7.049,7.098,7.14,7.189,7.234,7.281,7.322,7.364,7.432,7.48,7.523,7.555,7.597,7.643,7.678,7.719,7.758,7.811,7.857,7.902,7.951,7.99,8.035,8.077,8.131,8.177,8.219,8.271,8.317,8.363,8.406,8.454,8.496,8.53,8.574,8.615,8.652,8.718,8.753,8.808,8.842,8.895,8.945,9.002,9.076,9.129,9.181,9.23,9.278,9.331,9.38,9.44,9.509,9.586,9.644,9.693,9.769,9.827,9.916,9.989,10.065,10.139,10.25,10.365,10.486,10.624,10.784,10.942,11.118,11.453,11.87,13.883
332,OTH FP,3.265,4.069,4.523,4.816,5.007,5.179,5.349,5.505,5.591,5.689,5.789,5.9,5.983,6.059,6.137,6.198,6.258,6.337,6.396,6.452,6.507,6.564,6.629,6.687,6.737,6.795,6.868,6.922,6.968,7.018,7.06,7.103,7.151,7.2,7.248,7.298,7.34,7.398,7.451,7.495,7.546,7.592,7.636,7.674,7.742,7.786,7.83,7.871,7.916,7.958,7.996,8.031,8.082,8.119,8.166,8.204,8.261,8.309,8.363,8.396,8.444,8.502,8.548,8.597,8.645,8.698,8.743,8.802,8.859,8.908,8.95,9.013,9.049,9.093,9.138,9.21,9.269,9.325,9.379,9.435,9.491,9.56,9.603,9.673,9.73,9.803,9.907,9.977,10.071,10.14,10.258,10.356,10.443,10.548,10.651,10.766,10.966,11.138,11.46,11.923,13.854
333,OTH FP,3.265,4.069,4.523,4.816,5.007,5.179,5.349,5.505,5.591,5.689,5.789,5.9,5.983,6.059,6.137,6.198,6.258,6.337,6.396,6.452,6.507,6.564,6.629,6.687,6.737,6.795,6.868,6.922,6.968,7.018,7.06,7.103,7.151,7.2,7.248,7.298,7.34,7.398,7.451,7.495,7.546,7.592,7.636,7.674,7.742,7.786,7.83,7.871,7.916,7.958,7.996,8.031,8.082,8.119,8.166,8.204,8.261,8.309,8.363,8.396,8.444,8.502,8.548,8.597,8.645,8.698,8.743,8.802,8.859,8.908,8.95,9.013,9.049,9.093,9.138,9.21,9.269,9.325,9.379,9.435,9.491,9.56,9.603,9.673,9.73,9.803,9.907,9.977,10.071,10.14,10.258,10.356,10.443,10.548,10.651,10.766,10.966,11.138,11.46,11.923,13.854
334,OTH FP,3.06,4.077,4.475,4.711,4.909,5.08,5.263,5.387,5.503,5.637,5.76,5.85,5.944,6.005,6.067,6.159,6.204,6.269,6.35,6.415,6.471,6.552,6.61,6.671,6.743,6.803,6.851,6.906,6.962,7.011,7.068,7.105,7.162,7.227,7.262,7.305,7.363,7.404,7.445,7.498,7.549,7.595,7.641,7.689,7.738,7.77,7.816,7.849,7.907,7.946,7.983,8.03,8.077,8.136,8.183,8.228,8.269,8.323,8.366,8.408,8.452,8.5,8.542,8.584,8.642,8.709,8.773,8.82,8.879,8.924,8.962,9.017,9.073,9.125,9.18,9.227,9.27,9.337,9.4,9.465,9.506,9.578,9.655,9.72,9.784,9.863,9.965,10.032,10.115,10.194,10.293,10.385,10.469,10.594,10.701,10.881,11.052,11.264,11.572,12.059,14.285
335,OTH FP,3.06,4.077,4.475,4.711,4.909,5.08,5.263,5.387,5.503,5.637,5.76,5.85,5.944,6.005,6.067,6.159,6.204,6.269,6.35,6.415,6.471,6.552,6.61,6.671,6.743,6.803,6.851,6.906,6.962,7.011,7.068,7.105,7.162,7.227,7.262,7.305,7.363,7.404,7.445,7.498,7.549,7.595,7.641,7.689,7.738,7.77,7.816,7.849,7.907,7.946,7.983,8.03,8.077,8.136,8.183,8.228,8.269,8.323,8.366,8.408,8.452,8.5,8.542,8.584,8.642,8.709,8.773,8.82,8.879,8.924,8.962,9.017,9.073,9.125,9.18,9.227,9.27,9.337,9.4,9.465,9.506,9.578,9.655,9.72,9.784,9.863,9.965,10.032,10.115,10.194,10.293,10.385,10.469,10.594,10.701,10.881,11.052,11.264,11.572,12.059,14.285
336,OTH FP,2.747,3.975,4.399,4.693,4.855,5.07,5.224,5.379,5.498,5.594,5.689,5.771,5.859,5.962,6.033,6.107,6.177,6.26,6.317,6.376,6.455,6.521,6.599,6.659,6.722,6.779,6.815,6.875,6.928,6.987,7.038,7.094,7.144,7.204,7.263,7.301,7.357,7.401,7.447,7.489,7.525,7.574,7.615,7.661,7.711,7.749,7.793,7.835,7.878,7.933,7.977,8.027,8.082,8.139,8.18,8.23,8.269,8.304,8.365,8.414,8.465,8.513,8.552,8.611,8.654,8.706,8.767,8.824,8.87,8.911,8.963,9.02,9.069,9.125,9.192,9.237,9.294,9.353,9.427,9.495,9.547,9.604,9.674,9.735,9.805,9.894,9.95,10.046,10.159,10.263,10.371,10.483,10.602,10.699,10.834,10.971,11.143,11.359,11.679,12.133,14.294
337,OTH FP,2.747,3.975,4.399,4.693,4.855,5.07,5.224,5.379,5.498,5.594,5.689,5.771,5.859,5.962,6.033,6.107,6.177,6.26,6.317,6.376,6.455,6.521,6.599,6.659,6.722,6.779,6.815,6.875,6.928,6.987,7.038,7.094,7.144,7.204,7.263,7.301,7.357,7.401,7.447,7.489,7.525,7.574,7.615,7.661,7.711,7.749,7.793,7.835,7.878,7.933,7.977,8.027,8.082,8.139,8.18,8.23,8.269,8.304,8.365,8.414,8.465,8.513,8.552,8.611,8.654,8.706,8.767,8.824,8.87,8.911,8.963,9.02,9.069,9.125,9.192,9.237,9.294,9.353,9.427,9.495,9.547,9.604,9.674,9.735,9.805,9.894,9.95,10.046,10.159,10.263,10.371,10.483,10.602,10.699,10.834,10.971,11.143,11.359,11.679,12.133,14.294
338,OTH FP,2.908,3.887,4.279,4.55,4.791,5.027,5.18,5.333,5.456,5.569,5.669,5.751,5.862,5.937,6.027,6.099,6.193,6.258,6.352,6.417,6.484,6.545,6.604,6.652,6.711,6.771,6.821,6.884,6.931,6.985,7.041,7.087,7.134,7.192,7.245,7.287,7.329,7.384,7.439,7.485,7.537,7.578,7.618,7.655,7.696,7.744,7.815,7.856,7.909,7.95,7.998,8.05,8.083,8.137,8.182,8.244,8.274,8.325,8.369,8.402,8.449,8.497,8.539,8.596,8.641,8.705,8.747,8.789,8.847,8.904,8.965,9.019,9.092,9.163,9.223,9.283,9.331,9.371,9.45,9.512,9.575,9.637,9.72,9.774,9.841,9.912,10.017,10.105,10.178,10.292,10.413,10.518,10.642,10.752,10.918,11.064,11.237,11.431,11.71,12.297,14.375
339,OTH FP,2.908,3.887,4.279,4.55,4.791,5.027,5.18,5.333,5.456,5.569,5.669,5.751,5.862,5.937,6.027,6.099,6.193,6.258,6.352,6.417,6.484,6.545,6.604,6.652,6.711,6.771,6.821,6.884,6.931,6.985,7.041,7.087,7.134,7.192,7.245,7.287,7.329,7.384,7.439,7.485,7.537,7.578,7.618,7.655,7.696,7.744,7.815,7.856,7.909,7.95,7.998,8.05,8.083,8.137,8.182,8.244,8.274,8.325,8.369,8.402,8.449,8.497,8.539,8.596,8.641,8.705,8.747,8.789,8.847,8.904,8.965,9.019,9.092,9.163,9.223,9.283,9.331,9.371,9.45,9.512,9.575,9.637,9.72,9.774,9.841,9.912,10.017,10.105,10.178,10.292,10.413,10.518,10.642,10.752,10.918,11.064,11.237,11.431,11.71,12.297,14.375
340,OTH FP,2.705,3.883,4.279,4.563,4.803,4.992,5.156,5.313,5.434,5.553,5.663,5.759,5.84,5.931,6.0,6.08,6.156,6.243,6.313,6.388,6.454,6.518,6.569,6.628,6.673,6.734,6.793,6.864,6.927,6.987,7.038,7.096,7.149,7.187,7.24,7.297,7.343,7.393,7.429,7.475,7.527,7.563,7.608,7.662,7.698,7.753,7.813,7.865,7.909,7.954,7.998,8.04,8.082,8.117,8.161,8.204,8.241,8.293,8.337,8.412,8.456,8.51,8.551,8.596,8.658,8.709,8.771,8.818,8.872,8.929,8.975,9.019,9.087,9.132,9.205,9.273,9.339,9.417,9.482,9.556,9.606,9.672,9.736,9.82,9.898,9.995,10.059,10.14,10.222,10.317,10.432,10.53,10.658,10.777,10.927,11.037,11.256,11.476,11.775,12.269,14.535
341,OTH FP,2.705,3.883,4.279,4.563,4.803,4.992,5.156,5.313,5.434,5.553,5.663,5.759,5.84,5.931,6.0,6.08,6.156,6.243,6.313,6.388,6.454,6.518,6.569,6.628,6.673,6.734,6.793,6.864,6.927,6.987,7.038,7.096,7.149,7.187,7.24,7.297,7.343,7.393,7.429,7.475,7.527,7.563,7.608,7.662,7.698,7.753,7.813,7.865,7.909,7.954,7.998,8.04,8.082,8.117,8.161,8.204,8.241,8.293,8.337,8.412,8.456,8.51,8.551,8.596,8.658,8.709,8.771,8.818,8.872,8.929,8.975,9.019,9.087,9.132,9.205,9.273,9.339,9.417,9.482,9.556,9.606,9.672,9.736,9.82,9.898,9.995,10.059,10.14,10.222,10.317,10.432,10.53,10.658,10.777,10.927,11.037,11.256,11.476,11.775,12.269,14.535
342,OTH FP,2.784,3.839,4.192,4.445,4.679,4.949,5.133,5.319,5.435,5.549,5.615,5.714,5.804,5.92,6.001,6.099,6.164,6.249,6.296,6.381,6.426,6.478,6.538,6.603,6.671,6.73,6.792,6.855,6.907,6.964,7.016,7.053,7.089,7.144,7.206,7.262,7.307,7.349,7.404,7.449,7.516,7.575,7.617,7.667,7.708,7.76,7.812,7.863,7.903,7.946,7.987,8.042,8.086,8.141,8.181,8.235,8.282,8.328,8.381,8.419,8.456,8.504,8.551,8.613,8.663,8.73,8.777,8.84,8.897,8.951,9.002,9.055,9.11,9.177,9.243,9.299,9.351,9.408,9.479,9.576,9.637,9.708,9.79,9.844,9.907,9.991,10.068,10.166,10.3,10.411,10.507,10.622,10.724,10.865,11.0,11.135,11.325,11.566,11.892,12.473,14.304
343,OTH FP,2.784,3.839,4.192,4.445,4.679,4.949,5.133,5.319,5.435,5.549,5.615,5.714,5.804,5.92,6.001,6.099,6.164,6.249,6.296,6.381,6.426,6.478,6.538,6.603,6.671,6.73,6.792,6.855,6.907,6.964,7.016,7.053,7.089,7.144,7.206,7.262,7.307,7.349,7.404,7.449,7.516,7.575,7.617,7.667,7.708,7.76,7.812,7.863,7.903,7.946,7.987,8.042,8.086,8.141,8.181,8.235,8.282,8.328,8.381,8.419,8.456,8.504,8.551,8.613,8.663,8.73,8.777,8.84,8.897,8.951,9.002,9.055,9.11,9.177,9.243,9.299,9.351,9.408,9.479,9.576,9.637,9.708,9.79,9.844,9.907,9.991,10.068,10.166,10.3,10.411,10.507,10.622,10.724,10.865,11.0,11.135,11.325,11.566,11.892,12.473,14.304
344,OTH FP,2.65,3.638,4.132,4.423,4.677,4.865,5.064,5.231,5.37,5.512,5.606,5.705,5.804,5.887,5.971,6.047,6.117,6.188,6.26,6.327,6.4,6.468,6.532,6.582,6.664,6.72,6.777,6.828,6.883,6.941,6.991,7.043,7.08,7.129,7.183,7.243,7.307,7.363,7.416,7.469,7.511,7.558,7.613,7.669,7.728,7.765,7.815,7.855,7.908,7.953,8.006,8.06,8.105,8.144,8.189,8.233,8.3,8.345,8.389,8.434,8.49,8.55,8.593,8.644,8.701,8.747,8.812,8.864,8.912,8.96,9.005,9.069,9.124,9.182,9.239,9.304,9.361,9.425,9.49,9.565,9.653,9.73,9.804,9.873,9.951,10.035,10.124,10.214,10.316,10.415,10.527,10.625,10.757,10.911,11.049,11.211,11.413,11.579,11.88,12.532,14.423
345,OTH FP,2.65,3.638,4.132,4.423,4.677,4.865,5.064,5.231,5.37,5.512,5.606,5.705,5.804,5.887,5.971,6.047,6.117,6.188,6.26,6.327,6.4,6.468,6.532,6.582,6.664,6.72,6.777,6.828,6.883,6.941,6.991,7.043,7.08,7.129,7.183,7.243,7.307,7.363,7.416,7.469,7.511,7.558,7.613,7.669,7.728,7.765,7.815,7.855,7.908,7.953,8.006,8.06,8.105,8.144,8.189,8.233,8.3,8.345,8.389,8.434,8.49,8.55,8.593,8.644,8.701,8.747,8.812,8.864,8.912,8.96,9.005,9.069,9.124,9.182,9.239,9.304,9.361,9.425,9.49,9.565,9.653,9.73,9.804,9.873,9.951,10.035,10.124,10.214,10.316,10.415,10.527,10.625,10.757,10.911,11.049,11.211,11.413,11.579,11.88,12.532,14.423
346,OTH FP,2.42,3.607,4.03,4.38,4.624,4.79,5.017,5.185,5.365,5.476,5.568,5.647,5.754,5.857,5.931,6.009,6.069,6.133,6.218,6.28,6.373,6.455,6.513,6.582,6.637,6.695,6.761,6.813,6.877,6.934,6.997,7.059,7.094,7.144,7.197,7.243,7.307,7.352,7.406,7.451,7.508,7.542,7.592,7.642,7.682,7.734,7.79,7.838,7.9,7.953,8.007,8.051,8.116,8.177,8.219,8.273,8.321,8.364,8.416,8.468,8.515,8.564,8.613,8.665,8.719,8.786,8.839,8.894,8.946,8.998,9.056,9.113,9.168,9.218,9.267,9.346,9.4,9.461,9.54,9.622,9.693,9.774,9.853,9.953,10.027,10.12,10.191,10.275,10.339,10.44,10.538,10.631,10.748,10.907,11.079,11.307,11.504,11.724,11.936,12.56,14.263
347,OTH FP,2.42,3.607,4.03,4.38,4.624,4.79,5.017,5.185,5.365,5.476,5.568,5.647,5.754,5.857,5.931,6.009,6.069,6.133,6.218,6.28,6.373,6.455,6.513,6.582,6.637,6.695,6.761,6.813,6.877,6.934,6.997,7.059,7.094,7.144,7.197,7.243,7.307,7.352,7.406,7.451,7.508,7.542,7.592,7.642,7.682,7.734,7.79,7.838,7.9,7.953,8.007,8.051,8.116,8.177,8.219,8.273,8.321,8.364,8.416,8.468,8.515,8.564,8.613,8.665,8.719,8.786,8.839,8.894,8.946,8.998,9.056,9.113,9.168,9.218,9.267,9.346,9.4,9.461,9.54,9.622,9.693,9.774,9.853,9.953,10.027,10.12,10.191,10.275,10.339,10.44,10.538,10.631,10.748,10.907,11.079,11.307,11.504,11.724,11.936,12.56,14.263
348,OTH FP,2.162,3.545,4.009,4.308,4.61,4.775,4.975,5.137,5.317,5.406,5.507,5.652,5.727,5.815,5.897,5.979,6.066,6.132,6.211,6.272,6.334,6.384,6.444,6.531,6.6,6.664,6.704,6.779,6.847,6.911,6.988,7.05,7.111,7.174,7.23,7.279,7.323,7.376,7.432,7.478,7.526,7.581,7.63,7.675,7.712,7.76,7.813,7.873,7.928,7.987,8.049,8.102,8.141,8.194,8.238,8.28,8.325,8.366,8.417,8.457,8.504,8.554,8.614,8.671,8.726,8.781,8.845,8.911,8.981,9.028,9.084,9.134,9.194,9.255,9.3,9.368,9.435,9.493,9.557,9.621,9.707,9.79,9.856,9.942,10.007,10.079,10.188,10.282,10.377,10.481,10.579,10.687,10.836,10.982,11.114,11.268,11.499,11.765,12.087,12.528,14.349
349,OTH FP,2.162,3.545,4.009,4.308,4.61,4.775,4.975,5.137,5.317,5.406,5.507,5.652,5.727,5.815,5.897,5.979,6.066,6.132,6.211,6.272,6.334,6.384,6.444,6.531,6.6,6.664,6.704,6.779,6.847,6.911,6.988,7.05,7.111,7.174,7.23,7.279,7.323,7.376,7.432,7.478,7.526,7.581,7.63,7.675,7.712,7.76,7.813,7.873,7.928,7.987,8.049,8.102,8.141,8.194,8.238,8.28,8.325,8.366,8.417,8.457,8.504,8.554,8.614,8.671,8.726,8.781,8.845,8.911,8.981,9.028,9.084,9.134,9.194,9.255,9.3,9.368,9.435,9.493,9.557,9.621,9.707,9.79,9.856,9.942,10.007,10.079,10.188,10.282,10.377,10.481,10.579,10.687,10.836,10.982,11.114,11.268,11.499,11.765,12.087,12.528,14.349
350,OTH FP,2.159,3.523,3.867,4.274,4.566,4.712,4.887,5.095,5.245,5.369,5.496,5.584,5.643,5.739,5.848,5.931,6.009,6.078,6.165,6.247,6.324,6.384,6.45,6.518,6.595,6.659,6.734,6.801,6.873,6.919,6.967,7.019,7.07,7.13,7.192,7.244,7.307,7.387,7.452,7.491,7.533,7.605,7.653,7.695,7.751,7.795,7.837,7.879,7.943,7.982,8.048,8.1,8.139,8.191,8.247,8.286,8.332,8.378,8.424,8.473,8.517,8.562,8.629,8.687,8.738,8.809,8.888,8.941,8.999,9.058,9.113,9.179,9.224,9.279,9.34,9.396,9.467,9.516,9.582,9.652,9.739,9.817,9.873,9.932,10.011,10.104,10.227,10.299,10.391,10.5,10.613,10.734,10.885,11.011,11.158,11.358,11.63,11.84,12.162,12.628,14.468
351,OTH FP,2.159,3.523,3.867,4.274,4.566,4.712,4.887,5.095,5.245,5.369,5.496,5.584,5.643,5.739,5.848,5.931,6.009,6.078,6.165,6.247,6.324,6.384,6.45,6.518,6.595,6.659,6.734,6.801,6.873,6.919,6.967,7.019,7.07,7.13,7.192,7.244,7.307,7.387,7.452,7.491,7.533,7.605,7.653,7.695,7.751,7.795,7.837,7.879,7.943,7.982,8.048,8.1,8.139,8.191,8.247,8.286,8.332,8.378,8.424,8.473,8.517,8.562,8.629,8.687,8.738,8.809,8.888,8.941,8.999,9.058,9.113,9.179,9.224,9.279,9.34,9.396,9.467,9.516,9.582,9.652,9.739,9.817,9.873,9.932,10.011,10.104,10.227,10.299,10.391,10.5,10.613,10.734,10.885,11.011,11.158,11.358,11.63,11.84,12.162,12.628,14.468
352,OTH FP,2.028,3.404,3.853,4.202,4.471,4.652,4.855,5.018,5.189,5.356,5.467,5.56,5.643,5.735,5.832,5.911,5.986,6.068,6.146,6.246,6.329,6.401,6.474,6.535,6.606,6.66,6.702,6.771,6.836,6.89,6.944,6.997,7.061,7.134,7.202,7.252,7.312,7.361,7.412,7.449,7.507,7.556,7.628,7.68,7.729,7.78,7.806,7.862,7.92,7.967,8.024,8.068,8.126,8.18,8.23,8.277,8.331,8.39,8.446,8.499,8.55,8.608,8.666,8.72,8.772,8.823,8.898,8.954,9.014,9.078,9.126,9.192,9.241,9.31,9.379,9.418,9.468,9.528,9.606,9.666,9.732,9.812,9.881,9.972,10.042,10.136,10.218,10.354,10.461,10.593,10.679,10.788,10.914,11.065,11.196,11.372,11.603,11.884,12.199,12.852,14.574
353,OTH FP,2.028,3.404,3.853,4.202,4.471,4.652,4.855,5.018,5.189,5.356,5.467,5.56,5.643,5.735,5.832,5.911,5.986,6.068,6.146,6.246,6.329,6.401,6.474,6.535,6.606,6.66,6.702,6.771,6.836,6.89,6.944,6.997,7.061,7.134,7.202,7.252,7.312,7.361,7.412,7.449,7.507,7.556,7.628,7.68,7.729,7.78,7.806,7.862,7.92,7.967,8.024,8.068,8.126,8.18,8.23,8.277,8.331,8.39,8.446,8.499,8.55,8.608,8.666,8.72,8.772,8.823,8.898,8.954,9.014,9.078,9.126,9.192,9.241,9.31,9.379,9.418,9.468,9.528,9.606,9.666,9.732,9.812,9.881,9.972,10.042,10.136,10.218,10.354,10.461,10.593,10.679,10.788,10.914,11.065,11.196,11.372,11.603,11.884,12.199,12.852,14.574
354,OTH FP,1.935,3.295,3.707,4.186,4.458,4.642,4.838,4.961,5.12,5.254,5.367,5.502,5.636,5.704,5.793,5.895,5.99,6.076,6.147,6.216,6.294,6.358,6.411,6.495,6.565,6.647,6.696,6.746,6.802,6.871,6.943,7.007,7.068,7.126,7.194,7.241,7.3,7.372,7.413,7.468,7.52,7.585,7.63,7.683,7.727,7.775,7.826,7.878,7.924,7.97,8.012,8.063,8.117,8.154,8.201,8.262,8.313,8.36,8.429,8.484,8.531,8.587,8.642,8.699,8.771,8.835,8.899,8.958,9.004,9.058,9.117,9.175,9.239,9.3,9.358,9.438,9.515,9.591,9.653,9.723,9.778,9.843,9.914,10.014,10.1,10.181,10.262,10.372,10.476,10.6,10.73,10.873,10.986,11.104,11.243,11.39,11.664,11.957,12.304,12.937,14.647
355,OTH FP,1.935,3.295,3.707,4.186,4.458,4.642,4.838,4.961,5.12,5.254,5.367,5.502,5.636,5.704,5.793,5.895,5.99,6.076,6.147,6.216,6.294,6.358,6.411,6.495,6.565,6.647,6.696,6.746,6.802,6.871,6.943,7.007,7.068,7.126,7.194,7.241,7.3,7.372,7.413,7.468,7.52,7.585,7.63,7.683,7.727,7.775,7.826,7.878,7.924,7.97,8.012,8.063,8.117,8.154,8.201,8.262,8.313,8.36,8.429,8.484,8.531,8.587,8.642,8.699,8.771,8.835,8.899,8.958,9.004,9.058,9.117,9.175,9.239,9.3,9.358,9.438,9.515,9.591,9.653,9.723,9.778,9.843,9.914,10.014,10.1,10.181,10.262,10.372,10.476,10.6,10.73,10.873,10.986,11.104,11.243,11.39,11.664,11.957,12.304,12.937,14.647
356,OTH FP,1.814,3.131,3.786,4.124,4.364,4.592,4.76,4.918,5.081,5.228,5.337,5.464,5.562,5.675,5.781,5.871,5.968,6.049,6.114,6.198,6.257,6.335,6.412,6.488,6.558,6.625,6.702,6.769,6.839,6.906,6.974,7.025,7.091,7.15,7.199,7.255,7.308,7.36,7.404,7.463,7.522,7.573,7.626,7.682,7.727,7.793,7.834,7.874,7.927,7.969,8.016,8.085,8.141,8.176,8.215,8.257,8.319,8.369,8.411,8.457,8.52,8.566,8.626,8.682,8.755,8.796,8.86,8.911,8.974,9.043,9.12,9.176,9.247,9.31,9.375,9.443,9.512,9.612,9.663,9.74,9.803,9.891,9.981,10.069,10.121,10.201,10.308,10.421,10.517,10.65,10.768,10.856,11.035,11.18,11.315,11.478,11.723,12.04,12.341,12.856,14.927
357,OTH FP,1.814,3.131,3.786,4.124,4.364,4.592,4.76,4.918,5.081,5.228,5.337,5.464,5.562,5.675,5.781,5.871,5.968,6.049,6.114,6.198,6.257,6.335,6.412,6.488,6.558,6.625,6.702,6.769,6.839,6.906,6.974,7.025,7.091,7.15,7.199,7.255,7.308,7.36,7.404,7.463,7.522,7.573,7.626,7.682,7.727,7.793,7.834,7.874,7.927,7.969,8.016,8.085,8.141,8.176,8.215,8.257,8.319,8.369,8.411,8.457,8.52,8.566,8.626,8.682,8.755,8.796,8.86,8.911,8.974,9.043,9.12,9.176,9.247,9.31,9.375,9.443,9.512,9.612,9.663,9.74,9.803,9.891,9.981,10.069,10.121,10.201,10.308,10.421,10.517,10.65,10.768,10.856,11.035,11.18,11.315,11.478,11.723,12.04,12.341,12.856,14.927
358,OTH FP,5.079,5.936,6.252,6.581,6.765,6.947,7.058,7.163,7.274,7.35,7.417,7.473,7.534,7.593,7.667,7.731,7.781,7.838,7.899,7.963,8.011,8.07,8.121,8.167,8.215,8.252,8.295,8.348,8.392,8.434,8.478,8.512,8.543,8.589,8.626,8.67,8.705,8.733,8.77,8.812,8.852,8.904,8.946,8.996,9.023,9.053,9.093,9.13,9.163,9.203,9.238,9.28,9.316,9.349,9.384,9.427,9.452,9.483,9.517,9.548,9.589,9.629,9.674,9.703,9.743,9.775,9.821,9.864,9.899,9.938,9.979,10.019,10.05,10.102,10.144,10.194,10.247,10.302,10.352,10.401,10.451,10.502,10.553,10.599,10.635,10.692,10.75,10.817,10.885,10.939,11.007,11.089,11.188,11.29,11.402,11.501,11.66,11.809,12.002,12.322,13.55
359,OTH FP,5.079,5.936,6.252,6.581,6.765,6.947,7.058,7.163,7.274,7.35,7.417,7.473,7.534,7.593,7.667,7.731,7.781,7.838,7.899,7.963,8.011,8.07,8.121,8.167,8.215,8.252,8.295,8.348,8.392,8.434,8.478,8.512,8.543,8.589,8.626,8.67,8.705,8.733,8.77,8.812,8.852,8.904,8.946,8.996,9.023,9.053,9.093,9.13,9.163,9.203,9.238,9.28,9.316,9.349,9.384,9.427,9.452,9.483,9.517,9.548,9.589,9.629,9.674,9.703,9.743,9.775,9.821,9.864,9.899,9.938,9.979,10.019,10.05,10.102,10.144,10.194,10.247,10.302,10.352,10.401,10.451,10.502,10.553,10.599,10.635,10.692,10.75,10.817,10.885,10.939,11.007,11.089,11.188,11.29,11.402,11.501,11.66,11.809,12.002,12.322,13.55
360,OTH FP,5.146,6.019,6.436,6.685,6.9,7.027,7.156,7.248,7.348,7.42,7.467,7.557,7.624,7.676,7.731,7.781,7.845,7.903,7.969,8.018,8.069,8.125,8.184,8.226,8.275,8.325,8.354,8.401,8.431,8.48,8.521,8.561,8.597,8.642,8.67,8.701,8.739,8.781,8.816,8.852,8.887,8.916,8.95,8.986,9.024,9.062,9.102,9.131,9.174,9.207,9.237,9.273,9.306,9.336,9.373,9.411,9.438,9.482,9.517,9.556,9.591,9.633,9.676,9.71,9.753,9.789,9.819,9.854,9.891,9.928,9.956,9.986,10.013,10.05,10.09,10.135,10.169,10.218,10.266,10.305,10.343,10.4,10.454,10.521,10.578,10.646,10.717,10.761,10.815,10.888,10.939,11.028,11.123,11.233,11.322,11.445,11.563,11.756,11.951,12.251,13.672
361,OTH FP,5.146,6.019,6.436,6.685,6.9,7.027,7.156,7.248,7.348,7.42,7.467,7.557,7.624,7.676,7.731,7.781,7.845,7.903,7.969,8.018,8.069,8.125,8.184,8.226,8.275,8.325,8.354,8.401,8.431,8.48,8.521,8.561,8.597,8.642,8.67,8.701,8.739,8.781,8.816,8.852,8.887,8.916,8.95,8.986,9.024,9.062,9.102,9.131,9.174,9.207,9.237,9.273,9.306,9.336,9.373,9.411,9.438,9.482,9.517,9.556,9.591,9.633,9.676,9.71,9.753,9.789,9.819,9.854,9.891,9.928,9.956,9.986,10.013,10.05,10.09,10.135,10.169,10.218,10.266,10.305,10.343,10.4,10.454,10.521,10.578,10.646,10.717,10.761,10.815,10.888,10.939,11.028,11.123,11.233,11.322,11.445,11.563,11.756,11.951,12.251,13.672
362,OTH FP,5.303,6.116,6.489,6.784,6.936,7.142,7.215,7.308,7.384,7.463,7.536,7.59,7.663,7.716,7.775,7.852,7.896,7.961,8.005,8.059,8.109,8.153,8.207,8.26,8.298,8.339,8.378,8.415,8.45,8.491,8.529,8.572,8.611,8.64,8.692,8.725,8.759,8.792,8.83,8.867,8.9,8.925,8.958,8.994,9.026,9.066,9.1,9.126,9.152,9.186,9.226,9.266,9.3,9.335,9.372,9.396,9.436,9.47,9.511,9.544,9.565,9.597,9.627,9.661,9.69,9.732,9.771,9.802,9.846,9.886,9.925,9.962,10.001,10.035,10.069,10.112,10.163,10.2,10.239,10.288,10.324,10.371,10.428,10.477,10.518,10.579,10.64,10.706,10.77,10.848,10.908,10.986,11.074,11.162,11.254,11.345,11.454,11.618,11.879,12.245,13.466
363,OTH FP,5.303,6.116,6.489,6.784,6.936,7.142,7.215,7.308,7.384,7.463,7.536,7.59,7.663,7.716,7.775,7.852,7.896,7.961,8.005,8.059,8.109,8.153,8.207,8.26,8.298,8.339,8.378,8.415,8.45,8.491,8.529,8.572,8.611,8.64,8.692,8.725,8.759,8.792,8.83,8.867,8.9,8.925,8.958,8.994,9.026,9.066,9.1,9.126,9.152,9.186,9.226,9.266,9.3,9.335,9.372,9.396,9.436,9.47,9.511,9.544,9.565,9.597,9.627,9.661,9.69,9.732,9.771,9.802,9.846,9.886,9.925,9.962,10.001,10.035,10.069,10.112,10.163,10.2,10.239,10.288,10.324,10.371,10.428,10.477,10.518,10.579,10.64,10.706,10.77,10.848,10.908,10.986,11.074,11.162,11.254,11.345,11.454,11.618,11.879,12.245,13.466
364,OTH FP,5.577,6.344,6.656,6.876,7.043,7.152,7.25,7.351,7.443,7.521,7.613,7.688,7.736,7.795,7.854,7.901,7.947,7.989,8.052,8.094,8.131,8.182,8.225,8.271,8.31,8.35,8.394,8.446,8.482,8.521,8.554,8.589,8.626,8.658,8.692,8.721,8.753,8.786,8.82,8.859,8.888,8.923,8.952,8.987,9.02,9.048,9.081,9.111,9.147,9.175,9.2,9.232,9.262,9.293,9.328,9.356,9.405,9.442,9.466,9.502,9.538,9.572,9.613,9.646,9.677,9.711,9.74,9.774,9.818,9.852,9.889,9.921,9.953,9.991,10.025,10.067,10.113,10.15,10.187,10.221,10.275,10.327,10.368,10.422,10.475,10.54,10.595,10.655,10.704,10.779,10.85,10.916,11.013,11.103,11.206,11.3,11.429,11.584,11.815,12.112,13.306
365,OTH FP,5.577,6.344,6.656,6.876,7.043,7.152,7.25,7.351,7.443,7.521,7.613,7.688,7.736,7.795,7.854,7.901,7.947,7.989,8.052,8.094,8.131,8.182,8.225,8.271,8.31,8.35,8.394,8.446,8.482,8.521,8.554,8.589,8.626,8.658,8.692,8.721,8.753,8.786,8.82,8.859,8.888,8.923,8.952,8.987,9.02,9.048,9.081,9.111,9.147,9.175,9.2,9.232,9.262,9.293,9.328,9.356,9.405,9.442,9.466,9.502,9.538,9.572,9.613,9.646,9.677,9.711,9.74,9.774,9.818,9.852,9.889,9.921,9.953,9.991,10.025,10.067,10.113,10.15,10.187,10.221,10.275,10.327,10.368,10.422,10.475,10.54,10.595,10.655,10.704,10.779,10.85,10.916,11.013,11.103,11.206,11.3,11.429,11.584,11.815,12.112,13.306
366,OTH FP,5.225,6.358,6.603,6.822,6.924,7.081,7.213,7.292,7.389,7.457,7.542,7.622,7.693,7.756,7.807,7.855,7.901,7.946,8.004,8.052,8.084,8.126,8.168,8.216,8.255,8.287,8.331,8.372,8.413,8.447,8.493,8.536,8.576,8.606,8.654,8.686,8.718,8.756,8.781,8.807,8.839,8.868,8.899,8.933,8.965,8.996,9.026,9.062,9.094,9.123,9.162,9.194,9.217,9.241,9.275,9.313,9.346,9.383,9.419,9.444,9.478,9.507,9.54,9.573,9.602,9.636,9.669,9.709,9.748,9.785,9.811,9.847,9.886,9.93,9.966,10.008,10.046,10.083,10.125,10.17,10.213,10.255,10.311,10.345,10.413,10.47,10.537,10.584,10.654,10.716,10.778,10.871,10.962,11.057,11.137,11.292,11.404,11.556,11.798,12.194,13.206
367,OTH FP,5.225,6.358,6.603,6.822,6.924,7.081,7.213,7.292,7.389,7.457,7.542,7.622,7.693,7.756,7.807,7.855,7.901,7.946,8.004,8.052,8.084,8.126,8.168,8.216,8.255,8.287,8.331,8.372,8.413,8.447,8.493,8.536,8.576,8.606,8.654,8.686,8.718,8.756,8.781,8.807,8.839,8.868,8.899,8.933,8.965,8.996,9.026,9.062,9.094,9.123,9.162,9.194,9.217,9.241,9.275,9.313,9.346,9.383,9.419,9.444,9.478,9.507,9.54,9.573,9.602,9.636,9.669,9.709,9.748,9.785,9.811,9.847,9.886,9.93,9.966,10.008,10.046,10.083,10.125,10.17,10.213,10.255,10.311,10.345,10.413,10.47,10.537,10.584,10.654,10.716,10.778,10.871,10.962,11.057,11.137,11.292,11.404,11.556,11.798,12.194,13.206
368,OTH FP,5.223,6.291,6.521,6.741,6.892,7.053,7.136,7.207,7.324,7.385,7.472,7.554,7.641,7.697,7.752,7.813,7.879,7.914,7.962,7.999,8.056,8.092,8.136,8.182,8.222,8.263,8.306,8.346,8.391,8.426,8.465,8.494,8.532,8.57,8.604,8.627,8.66,8.697,8.729,8.76,8.794,8.823,8.851,8.88,8.91,8.942,8.979,9.013,9.048,9.077,9.104,9.149,9.183,9.216,9.251,9.283,9.317,9.35,9.376,9.4,9.432,9.463,9.502,9.533,9.571,9.613,9.645,9.686,9.718,9.755,9.791,9.82,9.856,9.884,9.929,9.962,9.994,10.042,10.078,10.116,10.161,10.207,10.254,10.292,10.34,10.384,10.448,10.517,10.583,10.651,10.722,10.801,10.901,11.001,11.092,11.22,11.358,11.524,11.75,12.148,13.18
369,OTH FP,5.223,6.291,6.521,6.741,6.892,7.053,7.136,7.207,7.324,7.385,7.472,7.554,7.641,7.697,7.752,7.813,7.879,7.914,7.962,7.999,8.056,8.092,8.136,8.182,8.222,8.263,8.306,8.346,8.391,8.426,8.465,8.494,8.532,8.57,8.604,8.627,8.66,8.697,8.729,8.76,8.794,8.823,8.851,8.88,8.91,8.942,8.979,9.013,9.048,9.077,9.104,9.149,9.183,9.216,9.251,9.283,9.317,9.35,9.376,9.4,9.432,9.463,9.502,9.533,9.571,9.613,9.645,9.686,9.718,9.755,9.791,9.82,9.856,9.884,9.929,9.962,9.994,10.042,10.078,10.116,10.161,10.207,10.254,10.292,10.34,10.384,10.448,10.517,10.583,10.651,10.722,10.801,10.901,11.001,11.092,11.22,11.358,11.524,11.75,12.148,13.18
370,OTH FP,5.414,6.17,6.487,6.724,6.913,7.016,7.129,7.23,7.315,7.387,7.465,7.532,7.595,7.657,7.722,7.766,7.82,7.886,7.938,7.99,8.027,8.071,8.106,8.149,8.189,8.221,8.254,8.293,8.327,8.357,8.39,8.425,8.463,8.496,8.527,8.568,8.598,8.641,8.68,8.705,8.737,8.777,8.808,8.836,8.87,8.909,8.95,8.987,9.015,9.043,9.069,9.099,9.133,9.167,9.202,9.229,9.259,9.294,9.323,9.349,9.379,9.406,9.443,9.468,9.502,9.532,9.56,9.604,9.641,9.673,9.71,9.749,9.784,9.834,9.875,9.909,9.949,9.988,10.032,10.072,10.121,10.158,10.205,10.243,10.292,10.358,10.4,10.454,10.53,10.593,10.658,10.734,10.823,10.897,11.0,11.15,11.269,11.472,11.722,12.104,13.114
371,OTH FP,5.414,6.17,6.487,6.724,6.913,7.016,7.129,7.23,7.315,7.387,7.465,7.532,7.595,7.657,7.722,7.766,7.82,7.886,7.938,7.99,8.027,8.071,8.106,8.149,8.189,8.221,8.254,8.293,8.327,8.357,8.39,8.425,8.463,8.496,8.527,8.568,8.598,8.641,8.68,8.705,8.737,8.777,8.808,8.836,8.87,8.909,8.95,8.987,9.015,9.043,9.069,9.099,9.133,9.167,9.202,9.229,9.259,9.294,9.323,9.349,9.379,9.406,9.443,9.468,9.502,9.532,9.56,9.604,9.641,9.673,9.71,9.749,9.784,9.834,9.875,9.909,9.949,9.988,10.032,10.072,10.121,10.158,10.205,10.243,10.292,10.358,10.4,10.454,10.53,10.593,10.658,10.734,10.823,10.897,11.0,11.15,11.269,11.472,11.722,12.104,13.114
372,OTH FP,5.208,6.176,6.537,6.719,6.905,7.015,7.155,7.222,7.294,7.389,7.458,7.523,7.603,7.655,7.711,7.767,7.833,7.88,7.926,7.968,8.002,8.037,8.085,8.121,8.154,8.188,8.23,8.264,8.299,8.337,8.374,8.426,8.459,8.496,8.529,8.551,8.592,8.635,8.67,8.708,8.745,8.774,8.802,8.841,8.867,8.9,8.929,8.96,8.99,9.015,9.055,9.08,9.116,9.143,9.175,9.213,9.256,9.285,9.31,9.347,9.387,9.42,9.451,9.486,9.524,9.554,9.588,9.624,9.661,9.702,9.733,9.778,9.813,9.85,9.876,9.91,9.955,9.99,10.026,10.067,10.108,10.162,10.205,10.238,10.289,10.348,10.403,10.47,10.542,10.61,10.681,10.75,10.818,10.905,11.015,11.103,11.302,11.5,11.777,12.229,13.099
373,OTH FP,5.208,6.176,6.537,6.719,6.905,7.015,7.155,7.222,7.294,7.389,7.458,7.523,7.603,7.655,7.711,7.767,7.833,7.88,7.926,7.968,8.002,8.037,8.085,8.121,8.154,8.188,8.23,8.264,8.299,8.337,8.374,8.426,8.459,8.496,8.529,8.551,8.592,8.635,8.67,8.708,8.745,8.774,8.802,8.841,8.867,8.9,8.929,8.96,8.99,9.015,9.055,9.08,9.116,9.143,9.175,9.213,9.256,9.285,9.31,9.347,9.387,9.42,9.451,9.486,9.524,9.554,9.588,9.624,9.661,9.702,9.733,9.778,9.813,9.85,9.876,9.91,9.955,9.99,10.026,10.067,10.108,10.162,10.205,10.238,10.289,10.348,10.403,10.47,10.542,10.61,10.681,10.75,10.818,10.905,11.015,11.103,11.302,11.5,11.777,12.229,13.099
374,OTH FP,5.129,6.158,6.529,6.724,6.892,7.025,7.133,7.234,7.298,7.391,7.461,7.543,7.604,7.654,7.701,7.754,7.807,7.849,7.888,7.941,7.988,8.029,8.067,8.108,8.155,8.196,8.239,8.274,8.322,8.353,8.387,8.429,8.463,8.497,8.538,8.575,8.609,8.644,8.668,8.698,8.727,8.759,8.789,8.815,8.849,8.878,8.907,8.943,8.977,9.011,9.042,9.077,9.115,9.15,9.189,9.215,9.245,9.268,9.295,9.328,9.361,9.392,9.417,9.454,9.506,9.539,9.572,9.602,9.64,9.669,9.704,9.745,9.778,9.81,9.861,9.896,9.94,9.971,10.01,10.049,10.096,10.135,10.183,10.223,10.294,10.351,10.394,10.448,10.527,10.586,10.672,10.745,10.84,10.924,11.026,11.16,11.296,11.477,11.726,12.167,12.984
375,OTH FP,5.129,6.158,6.529,6.724,6.892,7.025,7.133,7.234,7.298,7.391,7.461,7.543,7.604,7.654,7.701,7.754,7.807,7.849,7.888,7.941,7.988,8.029,8.067,8.108,8.155,8.196,8.239,8.274,8.322,8.353,8.387,8.429,8.463,8.497,8.538,8.575,8.609,8.644,8.668,8.698,8.727,8.759,8.789,8.815,8.849,8.878,8.907,8.943,8.977,9.011,9.042,9.077,9.115,9.15,9.189,9.215,9.245,9.268,9.295,9.328,9.361,9.392,9.417,9.454,9.506,9.539,9.572,9.602,9.64,9.669,9.704,9.745,9.778,9.81,9.861,9.896,9.94,9.971,10.01,10.049,10.096,10.135,10.183,10.223,10.294,10.351,10.394,10.448,10.527,10.586,10.672,10.745,10.84,10.924,11.026,11.16,11.296,11.477,11.726,12.167,12.984
376,OTH FP,5.267,6.12,6.534,6.739,6.907,7.019,7.125,7.209,7.288,7.351,7.426,7.493,7.56,7.611,7.688,7.736,7.793,7.852,7.897,7.943,7.996,8.039,8.075,8.115,8.145,8.199,8.244,8.277,8.318,8.352,8.377,8.407,8.443,8.483,8.517,8.553,8.589,8.62,8.659,8.696,8.73,8.758,8.796,8.84,8.871,8.901,8.929,8.973,9.006,9.038,9.078,9.108,9.137,9.164,9.188,9.234,9.268,9.299,9.341,9.372,9.401,9.429,9.468,9.493,9.535,9.565,9.601,9.641,9.669,9.692,9.72,9.765,9.794,9.829,9.859,9.901,9.934,9.983,10.038,10.073,10.123,10.168,10.216,10.259,10.306,10.363,10.436,10.493,10.548,10.604,10.687,10.758,10.823,10.916,11.005,11.165,11.293,11.515,11.735,12.242,13.006
377,OTH FP,5.267,6.12,6.534,6.739,6.907,7.019,7.125,7.209,7.288,7.351,7.426,7.493,7.56,7.611,7.688,7.736,7.793,7.852,7.897,7.943,7.996,8.039,8.075,8.115,8.145,8.199,8.244,8.277,8.318,8.352,8.377,8.407,8.443,8.483,8.517,8.553,8.589,8.62,8.659,8.696,8.73,8.758,8.796,8.84,8.871,8.901,8.929,8.973,9.006,9.038,9.078,9.108,9.137,9.164,9.188,9.234,9.268,9.299,9.341,9.372,9.401,9.429,9.468,9.493,9.535,9.565,9.601,9.641,9.669,9.692,9.72,9.765,9.794,9.829,9.859,9.901,9.934,9.983,10.038,10.073,10.123,10.168,10.216,10.259,10.306,10.363,10.436,10.493,10.548,10.604,10.687,10.758,10.823,10.916,11.005,11.165,11.293,11.515,11.735,12.242,13.006
378,OTH FP,5.075,6.12,6.499,6.697,6.873,7.002,7.089,7.206,7.288,7.349,7.423,7.496,7.557,7.612,7.673,7.726,7.771,7.831,7.891,7.932,7.974,8.025,8.07,8.113,8.164,8.207,8.256,8.311,8.341,8.374,8.413,8.445,8.482,8.512,8.542,8.576,8.603,8.64,8.669,8.701,8.736,8.774,8.807,8.844,8.883,8.911,8.935,8.965,9.002,9.033,9.058,9.094,9.127,9.167,9.19,9.223,9.263,9.285,9.321,9.355,9.381,9.42,9.461,9.503,9.548,9.58,9.619,9.654,9.682,9.72,9.757,9.778,9.809,9.842,9.874,9.924,9.971,10.01,10.05,10.089,10.143,10.173,10.231,10.266,10.321,10.377,10.449,10.509,10.57,10.632,10.701,10.781,10.862,10.971,11.063,11.18,11.313,11.479,11.771,12.19,13.205
379,OTH FP,5.075,6.12,6.499,6.697,6.873,7.002,7.089,7.206,7.288,7.349,7.423,7.496,7.557,7.612,7.673,7.726,7.771,7.831,7.891,7.932,7.974,8.025,8.07,8.113,8.164,8.207,8.256,8.311,8.341,8.374,8.413,8.445,8.482,8.512,8.542,8.576,8.603,8.64,8.669,8.701,8.736,8.774,8.807,8.844,8.883,8.911,8.935,8.965,9.002,9.033,9.058,9.094,9.127,9.167,9.19,9.223,9.263,9.285,9.321,9.355,9.381,9.42,9.461,9.503,9.548,9.58,9.619,9.654,9.682,9.72,9.757,9.778,9.809,9.842,9.874,9.924,9.971,10.01,10.05,10.089,10.143,10.173,10.231,10.266,10.321,10.377,10.449,10.509,10.57,10.632,10.701,10.781,10.862,10.971,11.063,11.18,11.313,11.479,11.771,12.19,13.205
380,OTH FP,5.103,6.109,6.475,6.739,6.898,7.025,7.123,7.228,7.309,7.394,7.459,7.512,7.557,7.61,7.663,7.731,7.782,7.841,7.885,7.936,7.979,8.019,8.045,8.088,8.129,8.167,8.211,8.257,8.305,8.341,8.387,8.419,8.461,8.487,8.522,8.561,8.592,8.633,8.667,8.693,8.719,8.752,8.79,8.831,8.863,8.892,8.919,8.953,8.991,9.027,9.058,9.081,9.117,9.151,9.183,9.216,9.26,9.299,9.334,9.36,9.396,9.431,9.467,9.489,9.521,9.552,9.59,9.628,9.668,9.701,9.739,9.776,9.804,9.845,9.881,9.926,9.97,10.002,10.04,10.086,10.121,10.163,10.216,10.279,10.343,10.39,10.44,10.491,10.542,10.611,10.678,10.737,10.843,10.937,11.029,11.172,11.327,11.479,11.693,12.193,13.079
381,OTH FP,5.103,6.109,6.475,6.739,6.898,7.025,7.123,7.228,7.309,7.394,7.459,7.512,7.557,7.61,7.663,7.731,7.782,7.841,7.885,7.936,7.979,8.019,8.045,8.088,8.129,8.167,8.211,8.257,8.305,8.341,8.387,8.419,8.461,8.487,8.522,8.561,8.592,8.633,8.667,8.693,8.719,8.752,8.79,8.831,8.863,8.892,8.919,8.953,8.991,9.027,9.058,9.081,9.117,9.151,9.183,9.216,9.26,9.299,9.334,9.36,9.396,9.431,9.467,9.489,9.521,9.552,9.59,9.628,9.668,9.701,9.739,9.776,9.804,9.845,9.881,9.926,9.97,10.002,10.04,10.086,10.121,10.163,10.216,10.279,10.343,10.39,10.44,10.491,10.542,10.611,10.678,10.737,10.843,10.937,11.029,11.172,11.327,11.479,11.693,12.193,13.079
382,OTH FP,4.827,6.214,6.527,6.705,6.87,7.008,7.111,7.197,7.309,7.394,7.46,7.516,7.565,7.623,7.678,7.715,7.777,7.819,7.872,7.922,7.984,8.021,8.065,8.101,8.148,8.183,8.23,8.264,8.306,8.343,8.371,8.405,8.444,8.469,8.509,8.54,8.583,8.613,8.646,8.68,8.702,8.738,8.781,8.812,8.845,8.87,8.897,8.929,8.959,8.997,9.034,9.063,9.106,9.15,9.19,9.224,9.251,9.29,9.319,9.349,9.382,9.414,9.444,9.481,9.526,9.567,9.599,9.632,9.661,9.699,9.732,9.779,9.813,9.852,9.891,9.928,9.965,10.03,10.076,10.112,10.16,10.204,10.248,10.297,10.358,10.398,10.451,10.505,10.576,10.644,10.716,10.797,10.862,10.966,11.058,11.161,11.333,11.497,11.684,12.169,13.138
383,OTH FP,4.827,6.214,6.527,6.705,6.87,7.008,7.111,7.197,7.309,7.394,7.46,7.516,7.565,7.623,7.678,7.715,7.777,7.819,7.872,7.922,7.984,8.021,8.065,8.101,8.148,8.183,8.23,8.264,8.306,8.343,8.371,8.405,8.444,8.469,8.509,8.54,8.583,8.613,8.646,8.68,8.702,8.738,8.781,8.812,8.845,8.87,8.897,8.929,8.959,8.997,9.034,9.063,9.106,9.15,9.19,9.224,9.251,9.29,9.319,9.349,9.382,9.414,9.444,9.481,9.526,9.567,9.599,9.632,9.661,9.699,9.732,9.779,9.813,9.852,9.891,9.928,9.965,10.03,10.076,10.112,10.16,10.204,10.248,10.297,10.358,10.398,10.451,10.505,10.576,10.644,10.716,10.797,10.862,10.966,11.058,11.161,11.333,11.497,11.684,12.169,13.138
384,OTH FP,4.996,6.207,6.548,6.723,6.895,7.021,7.136,7.234,7.317,7.392,7.448,7.513,7.57,7.642,7.702,7.757,7.799,7.844,7.895,7.947,7.984,8.025,8.058,8.096,8.136,8.171,8.222,8.267,8.301,8.333,8.375,8.408,8.447,8.482,8.516,8.555,8.588,8.616,8.642,8.676,8.706,8.751,8.779,8.808,8.847,8.878,8.91,8.94,8.982,9.015,9.042,9.074,9.11,9.14,9.177,9.211,9.246,9.281,9.31,9.342,9.379,9.417,9.443,9.472,9.507,9.551,9.577,9.625,9.657,9.693,9.736,9.779,9.813,9.845,9.882,9.913,9.952,9.989,10.024,10.062,10.109,10.155,10.206,10.259,10.321,10.376,10.453,10.513,10.58,10.648,10.717,10.802,10.891,10.973,11.058,11.154,11.293,11.48,11.686,12.034,13.172
385,OTH FP,4.996,6.207,6.548,6.723,6.895,7.021,7.136,7.234,7.317,7.392,7.448,7.513,7.57,7.642,7.702,7.757,7.799,7.844,7.895,7.947,7.984,8.025,8.058,8.096,8.136,8.171,8.222,8.267,8.301,8.333,8.375,8.408,8.447,8.482,8.516,8.555,8.588,8.616,8.642,8.676,8.706,8.751,8.779,8.808,8.847,8.878,8.91,8.94,8.982,9.015,9.042,9.074,9.11,9.14,9.177,9.211,9.246,9.281,9.31,9.342,9.379,9.417,9.443,9.472,9.507,9.551,9.577,9.625,9.657,9.693,9.736,9.779,9.813,9.845,9.882,9.913,9.952,9.989,10.024,10.062,10.109,10.155,10.206,10.259,10.321,10.376,10.453,10.513,10.58,10.648,10.717,10.802,10.891,10.973,11.058,11.154,11.293,11.48,11.686,12.034,13.172
386,OTH FP,5.228,6.169,6.499,6.689,6.881,7.024,7.122,7.212,7.292,7.37,7.439,7.519,7.571,7.626,7.692,7.742,7.794,7.833,7.9,7.941,7.992,8.023,8.067,8.112,8.149,8.188,8.222,8.262,8.309,8.351,8.375,8.407,8.437,8.461,8.492,8.527,8.561,8.6,8.626,8.66,8.689,8.715,8.746,8.779,8.819,8.855,8.889,8.913,8.944,8.974,9.014,9.043,9.08,9.108,9.147,9.184,9.213,9.256,9.283,9.321,9.352,9.387,9.425,9.457,9.482,9.518,9.556,9.594,9.632,9.664,9.699,9.736,9.771,9.814,9.863,9.907,9.946,9.99,10.025,10.067,10.125,10.187,10.235,10.272,10.322,10.383,10.437,10.508,10.573,10.633,10.707,10.758,10.856,10.94,11.054,11.184,11.316,11.503,11.692,12.088,13.232
387,OTH FP,5.228,6.169,6.499,6.689,6.881,7.024,7.122,7.212,7.292,7.37,7.439,7.519,7.571,7.626,7.692,7.742,7.794,7.833,7.9,7.941,7.992,8.023,8.067,8.112,8.149,8.188,8.222,8.262,8.309,8.351,8.375,8.407,8.437,8.461,8.492,8.527,8.561,8.6,8.626,8.66,8.689,8.715,8.746,8.779,8.819,8.855,8.889,8.913,8.944,8.974,9.014,9.043,9.08,9.108,9.147,9.184,9.213,9.256,9.283,9.321,9.352,9.387,9.425,9.457,9.482,9.518,9.556,9.594,9.632,9.664,9.699,9.736,9.771,9.814,9.863,9.907,9.946,9.99,10.025,10.067,10.125,10.187,10.235,10.272,10.322,10.383,10.437,10.508,10.573,10.633,10.707,10.758,10.856,10.94,11.054,11.184,11.316,11.503,11.692,12.088,13.232
388,OTH FP,5.018,6.219,6.497,6.736,6.899,7.056,7.14,7.256,7.329,7.403,7.469,7.531,7.599,7.659,7.707,7.75,7.795,7.847,7.893,7.935,7.981,8.015,8.053,8.088,8.125,8.158,8.206,8.239,8.276,8.312,8.347,8.378,8.413,8.439,8.48,8.524,8.568,8.592,8.626,8.658,8.685,8.726,8.752,8.783,8.821,8.847,8.873,8.894,8.928,8.96,8.997,9.026,9.063,9.092,9.14,9.171,9.195,9.23,9.26,9.286,9.314,9.352,9.39,9.426,9.462,9.497,9.535,9.568,9.593,9.634,9.678,9.714,9.762,9.795,9.85,9.893,9.929,9.966,10.004,10.055,10.104,10.138,10.192,10.242,10.299,10.343,10.397,10.457,10.539,10.609,10.679,10.742,10.825,10.942,11.016,11.177,11.328,11.498,11.684,12.181,13.355
389,OTH FP,5.018,6.219,6.497,6.736,6.899,7.056,7.14,7.256,7.329,7.403,7.469,7.531,7.599,7.659,7.707,7.75,7.795,7.847,7.893,7.935,7.981,8.015,8.053,8.088,8.125,8.158,8.206,8.239,8.276,8.312,8.347,8.378,8.413,8.439,8.48,8.524,8.568,8.592,8.626,8.658,8.685,8.726,8.752,8.783,8.821,8.847,8.873,8.894,8.928,8.96,8.997,9.026,9.063,9.092,9.14,9.171,9.195,9.23,9.26,9.286,9.314,9.352,9.39,9.426,9.462,9.497,9.535,9.568,9.593,9.634,9.678,9.714,9.762,9.795,9.85,9.893,9.929,9.966,10.004,10.055,10.104,10.138,10.192,10.242,10.299,10.343,10.397,10.457,10.539,10.609,10.679,10.742,10.825,10.942,11.016,11.177,11.328,11.498,11.684,12.181,13.355
390,OTH FP,5.08,6.16,6.505,6.754,6.903,7.038,7.132,7.215,7.298,7.384,7.455,7.524,7.588,7.653,7.708,7.748,7.793,7.836,7.888,7.932,7.973,8.011,8.047,8.085,8.12,8.161,8.207,8.25,8.29,8.325,8.364,8.394,8.425,8.452,8.495,8.54,8.571,8.608,8.636,8.67,8.707,8.737,8.77,8.802,8.832,8.879,8.906,8.939,8.964,9.003,9.027,9.058,9.083,9.122,9.157,9.189,9.215,9.252,9.285,9.316,9.351,9.378,9.412,9.443,9.485,9.521,9.557,9.595,9.626,9.66,9.704,9.735,9.764,9.803,9.835,9.885,9.929,9.978,10.01,10.052,10.09,10.144,10.182,10.244,10.287,10.371,10.416,10.49,10.555,10.616,10.684,10.793,10.879,10.949,11.073,11.154,11.272,11.476,11.714,12.088,13.519
391,OTH FP,5.08,6.16,6.505,6.754,6.903,7.038,7.132,7.215,7.298,7.384,7.455,7.524,7.588,7.653,7.708,7.748,7.793,7.836,7.888,7.932,7.973,8.011,8.047,8.085,8.12,8.161,8.207,8.25,8.29,8.325,8.364,8.394,8.425,8.452,8.495,8.54,8.571,8.608,8.636,8.67,8.707,8.737,8.77,8.802,8.832,8.879,8.906,8.939,8.964,9.003,9.027,9.058,9.083,9.122,9.157,9.189,9.215,9.252,9.285,9.316,9.351,9.378,9.412,9.443,9.485,9.521,9.557,9.595,9.626,9.66,9.704,9.735,9.764,9.803,9.835,9.885,9.929,9.978,10.01,10.052,10.09,10.144,10.182,10.244,10.287,10.371,10.416,10.49,10.555,10.616,10.684,10.793,10.879,10.949,11.073,11.154,11.272,11.476,11.714,12.088,13.519
392,OTH FP,5.249,6.194,6.494,6.721,6.893,7.043,7.143,7.228,7.299,7.366,7.448,7.52,7.581,7.638,7.695,7.743,7.796,7.835,7.882,7.928,7.973,8.017,8.058,8.089,8.126,8.159,8.206,8.251,8.292,8.328,8.362,8.394,8.424,8.465,8.503,8.535,8.575,8.604,8.634,8.661,8.686,8.718,8.745,8.78,8.814,8.849,8.881,8.917,8.948,8.978,9.013,9.046,9.082,9.116,9.143,9.176,9.21,9.24,9.276,9.305,9.34,9.37,9.411,9.44,9.481,9.52,9.546,9.586,9.619,9.651,9.677,9.72,9.76,9.8,9.847,9.882,9.92,9.959,9.997,10.047,10.106,10.153,10.195,10.239,10.293,10.35,10.414,10.473,10.541,10.621,10.69,10.758,10.832,10.926,11.017,11.159,11.28,11.411,11.629,12.071,13.296
393,OTH FP,5.249,6.194,6.494,6.721,6.893,7.043,7.143,7.228,7.299,7.366,7.448,7.52,7.581,7.638,7.695,7.743,7.796,7.835,7.882,7.928,7.973,8.017,8.058,8.089,8.126,8.159,8.206,8.251,8.292,8.328,8.362,8.394,8.424,8.465,8.503,8.535,8.575,8.604,8.634,8.661,8.686,8.718,8.745,8.78,8.814,8.849,8.881,8.917,8.948,8.978,9.013,9.046,9.082,9.116,9.143,9.176,9.21,9.24,9.276,9.305,9.34,9.37,9.411,9.44,9.481,9.52,9.546,9.586,9.619,9.651,9.677,9.72,9.76,9.8,9.847,9.882,9.92,9.959,9.997,10.047,10.106,10.153,10.195,10.239,10.293,10.35,10.414,10.473,10.541,10.621,10.69,10.758,10.832,10.926,11.017,11.159,11.28,11.411,11.629,12.071,13.296
394,OTH FP,5.157,6.264,6.583,6.76,6.913,7.029,7.165,7.241,7.341,7.426,7.479,7.529,7.582,7.646,7.697,7.754,7.801,7.852,7.897,7.936,7.997,8.042,8.078,8.123,8.161,8.199,8.232,8.27,8.299,8.337,8.375,8.401,8.44,8.467,8.504,8.528,8.57,8.599,8.627,8.664,8.694,8.728,8.76,8.789,8.823,8.85,8.884,8.911,8.944,8.971,8.999,9.029,9.067,9.097,9.128,9.163,9.192,9.217,9.245,9.287,9.322,9.353,9.386,9.421,9.457,9.487,9.521,9.554,9.587,9.622,9.656,9.694,9.731,9.761,9.794,9.84,9.878,9.92,9.956,10.002,10.046,10.107,10.146,10.204,10.241,10.293,10.352,10.394,10.448,10.519,10.608,10.72,10.793,10.886,11.005,11.118,11.249,11.408,11.585,12.024,13.311
395,OTH FP,5.157,6.264,6.583,6.76,6.913,7.029,7.165,7.241,7.341,7.426,7.479,7.529,7.582,7.646,7.697,7.754,7.801,7.852,7.897,7.936,7.997,8.042,8.078,8.123,8.161,8.199,8.232,8.27,8.299,8.337,8.375,8.401,8.44,8.467,8.504,8.528,8.57,8.599,8.627,8.664,8.694,8.728,8.76,8.789,8.823,8.85,8.884,8.911,8.944,8.971,8.999,9.029,9.067,9.097,9.128,9.163,9.192,9.217,9.245,9.287,9.322,9.353,9.386,9.421,9.457,9.487,9.521,9.554,9.587,9.622,9.656,9.694,9.731,9.761,9.794,9.84,9.878,9.92,9.956,10.002,10.046,10.107,10.146,10.204,10.241,10.293,10.352,10.394,10.448,10.519,10.608,10.72,10.793,10.886,11.005,11.118,11.249,11.408,11.585,12.024,13.311
396,OTH FP,5.189,6.224,6.582,6.836,6.967,7.068,7.169,7.262,7.349,7.432,7.485,7.549,7.618,7.679,7.74,7.778,7.826,7.88,7.936,7.978,8.018,8.047,8.092,8.13,8.171,8.204,8.233,8.263,8.304,8.333,8.377,8.413,8.447,8.479,8.512,8.54,8.566,8.599,8.631,8.661,8.686,8.722,8.759,8.786,8.824,8.85,8.883,8.917,8.944,8.974,9.013,9.046,9.066,9.092,9.118,9.141,9.17,9.204,9.237,9.266,9.298,9.331,9.358,9.392,9.429,9.466,9.503,9.539,9.575,9.617,9.662,9.695,9.739,9.769,9.799,9.837,9.871,9.916,9.96,10.001,10.052,10.093,10.141,10.187,10.244,10.285,10.335,10.389,10.439,10.495,10.548,10.641,10.723,10.804,10.923,11.048,11.164,11.342,11.573,12.0,13.523
397,OTH FP,5.189,6.224,6.582,6.836,6.967,7.068,7.169,7.262,7.349,7.432,7.485,7.549,7.618,7.679,7.74,7.778,7.826,7.88,7.936,7.978,8.018,8.047,8.092,8.13,8.171,8.204,8.233,8.263,8.304,8.333,8.377,8.413,8.447,8.479,8.512,8.54,8.566,8.599,8.631,8.661,8.686,8.722,8.759,8.786,8.824,8.85,8.883,8.917,8.944,8.974,9.013,9.046,9.066,9.092,9.118,9.141,9.17,9.204,9.237,9.266,9.298,9.331,9.358,9.392,9.429,9.466,9.503,9.539,9.575,9.617,9.662,9.695,9.739,9.769,9.799,9.837,9.871,9.916,9.96,10.001,10.052,10.093,10.141,10.187,10.244,10.285,10.335,10.389,10.439,10.495,10.548,10.641,10.723,10.804,10.923,11.048,11.164,11.342,11.573,12.0,13.523
398,OTH FP,5.178,6.259,6.668,6.848,6.986,7.112,7.241,7.327,7.395,7.46,7.514,7.579,7.648,7.704,7.752,7.799,7.835,7.896,7.935,7.971,8.013,8.052,8.078,8.118,8.156,8.184,8.221,8.271,8.313,8.351,8.384,8.41,8.44,8.482,8.517,8.552,8.584,8.62,8.655,8.686,8.715,8.749,8.777,8.806,8.835,8.857,8.888,8.919,8.951,8.976,9.003,9.038,9.087,9.114,9.151,9.189,9.218,9.252,9.285,9.319,9.352,9.382,9.416,9.446,9.477,9.511,9.543,9.579,9.622,9.652,9.686,9.723,9.759,9.804,9.834,9.873,9.913,9.958,9.998,10.041,10.085,10.124,10.169,10.201,10.239,10.293,10.351,10.399,10.462,10.522,10.583,10.677,10.758,10.852,10.937,11.059,11.17,11.356,11.639,12.074,13.173
399,OTH FP,5.178,6.259,6.668,6.848,6.986,7.112,7.241,7.327,7.395,7.46,7.514,7.579,7.648,7.704,7.752,7.799,7.835,7.896,7.935,7.971,8.013,8.052,8.078,8.118,8.156,8.184,8.221,8.271,8.313,8.351,8.384,8.41,8.44,8.482,8.517,8.552,8.584,8.62,8.655,8.686,8.715,8.749,8.777,8.806,8.835,8.857,8.888,8.919,8.951,8.976,9.003,9.038,9.087,9.114,9.151,9.189,9.218,9.252,9.285,9.319,9.352,9.382,9.416,9.446,9.477,9.511,9.543,9.579,9.622,9.652,9.686,9.723,9.759,9.804,9.834,9.873,9.913,9.958,9.998,10.041,10.085,10.124,10.169,10.201,10.239,10.293,10.351,10.399,10.462,10.522,10.583,10.677,10.758,10.852,10.937,11.059,11.17,11.356,11.639,12.074,13.173
400,OTH FP,5.514,6.388,6.694,6.915,7.043,7.191,7.297,7.384,7.461,7.518,7.564,7.623,7.689,7.743,7.789,7.834,7.869,7.923,7.97,8.022,8.051,8.092,8.133,8.166,8.211,8.252,8.297,8.335,8.357,8.394,8.425,8.459,8.492,8.521,8.552,8.59,8.621,8.661,8.696,8.726,8.758,8.788,8.821,8.854,8.88,8.911,8.943,8.972,8.998,9.028,9.056,9.084,9.114,9.139,9.178,9.209,9.239,9.264,9.302,9.335,9.368,9.4,9.438,9.476,9.511,9.541,9.574,9.612,9.644,9.683,9.721,9.751,9.79,9.819,9.859,9.899,9.941,9.982,10.018,10.053,10.09,10.14,10.181,10.221,10.266,10.308,10.372,10.433,10.482,10.549,10.632,10.699,10.777,10.857,10.969,11.075,11.206,11.387,11.6,12.04,13.636
401,OTH FP,5.514,6.388,6.694,6.915,7.043,7.191,7.297,7.384,7.461,7.518,7.564,7.623,7.689,7.743,7.789,7.834,7.869,7.923,7.97,8.022,8.051,8.092,8.133,8.166,8.211,8.252,8.297,8.335,8.357,8.394,8.425,8.459,8.492,8.521,8.552,8.59,8.621,8.661,8.696,8.726,8.758,8.788,8.821,8.854,8.88,8.911,8.943,8.972,8.998,9.028,9.056,9.084,9.114,9.139,9.178,9.209,9.239,9.264,9.302,9.335,9.368,9.4,9.438,9.476,9.511,9.541,9.574,9.612,9.644,9.683,9.721,9.751,9.79,9.819,9.859,9.899,9.941,9.982,10.018,10.053,10.09,10.14,10.181,10.221,10.266,10.308,10.372,10.433,10.482,10.549,10.632,10.699,10.777,10.857,10.969,11.075,11.206,11.387,11.6,12.04,13.636
402,OTH FP,5.467,6.446,6.768,6.976,7.158,7.272,7.34,7.411,7.477,7.543,7.596,7.651,7.71,7.767,7.836,7.884,7.922,7.971,8.007,8.047,8.092,8.131,8.171,8.197,8.241,8.274,8.311,8.359,8.389,8.423,8.454,8.482,8.517,8.546,8.585,8.61,8.651,8.689,8.726,8.76,8.789,8.814,8.842,8.87,8.897,8.929,8.952,8.981,9.017,9.053,9.083,9.109,9.147,9.183,9.209,9.251,9.278,9.313,9.337,9.37,9.399,9.433,9.469,9.498,9.532,9.56,9.59,9.613,9.644,9.671,9.703,9.735,9.769,9.799,9.855,9.886,9.924,9.97,10.008,10.047,10.086,10.132,10.182,10.234,10.283,10.324,10.381,10.431,10.497,10.566,10.644,10.699,10.784,10.872,10.963,11.074,11.213,11.379,11.564,12.002,13.378
403,OTH FP,5.467,6.446,6.768,6.976,7.158,7.272,7.34,7.411,7.477,7.543,7.596,7.651,7.71,7.767,7.836,7.884,7.922,7.971,8.007,8.047,8.092,8.131,8.171,8.197,8.241,8.274,8.311,8.359,8.389,8.423,8.454,8.482,8.517,8.546,8.585,8.61,8.651,8.689,8.726,8.76,8.789,8.814,8.842,8.87,8.897,8.929,8.952,8.981,9.017,9.053,9.083,9.109,9.147,9.183,9.209,9.251,9.278,9.313,9.337,9.37,9.399,9.433,9.469,9.498,9.532,9.56,9.59,9.613,9.644,9.671,9.703,9.735,9.769,9.799,9.855,9.886,9.924,9.97,10.008,10.047,10.086,10.132,10.182,10.234,10.283,10.324,10.381,10.431,10.497,10.566,10.644,10.699,10.784,10.872,10.963,11.074,11.213,11.379,11.564,12.002,13.378
404,OTH FP,5.487,6.462,6.785,7.045,7.19,7.31,7.394,7.476,7.549,7.617,7.661,7.717,7.759,7.803,7.85,7.898,7.945,7.994,8.04,8.086,8.127,8.16,8.192,8.225,8.252,8.297,8.342,8.374,8.413,8.452,8.485,8.519,8.547,8.571,8.609,8.642,8.685,8.719,8.747,8.774,8.807,8.834,8.864,8.9,8.944,8.981,9.005,9.032,9.061,9.092,9.114,9.134,9.167,9.2,9.226,9.253,9.28,9.317,9.345,9.366,9.398,9.429,9.456,9.498,9.526,9.555,9.583,9.61,9.646,9.685,9.729,9.765,9.795,9.832,9.881,9.914,9.949,9.988,10.039,10.092,10.143,10.185,10.23,10.268,10.314,10.355,10.414,10.456,10.504,10.573,10.637,10.698,10.783,10.883,10.95,11.048,11.194,11.335,11.555,11.932,13.192
405,OTH FP,5.487,6.462,6.785,7.045,7.19,7.31,7.394,7.476,7.549,7.617,7.661,7.717,7.759,7.803,7.85,7.898,7.945,7.994,8.04,8.086,8.127,8.16,8.192,8.225,8.252,8.297,8.342,8.374,8.413,8.452,8.485,8.519,8.547,8.571,8.609,8.642,8.685,8.719,8.747,8.774,8.807,8.834,8.864,8.9,8.944,8.981,9.005,9.032,9.061,9.092,9.114,9.134,9.167,9.2,9.226,9.253,9.28,9.317,9.345,9.366,9.398,9.429,9.456,9.498,9.526,9.555,9.583,9.61,9.646,9.685,9.729,9.765,9.795,9.832,9.881,9.914,9.949,9.988,10.039,10.092,10.143,10.185,10.23,10.268,10.314,10.355,10.414,10.456,10.504,10.573,10.637,10.698,10.783,10.883,10.95,11.048,11.194,11.335,11.555,11.932,13.192
406,OTH FP,5.814,6.478,6.812,7.027,7.197,7.311,7.411,7.478,7.55,7.613,7.671,7.734,7.788,7.833,7.882,7.949,8.0,8.045,8.078,8.127,8.153,8.188,8.235,8.267,8.304,8.346,8.386,8.42,8.454,8.492,8.523,8.553,8.59,8.617,8.652,8.682,8.722,8.748,8.772,8.802,8.837,8.861,8.894,8.929,8.962,8.993,9.02,9.052,9.081,9.109,9.14,9.168,9.2,9.225,9.256,9.277,9.303,9.333,9.365,9.395,9.425,9.459,9.483,9.513,9.535,9.565,9.602,9.629,9.659,9.689,9.723,9.759,9.793,9.826,9.873,9.908,9.95,9.981,10.013,10.046,10.086,10.159,10.204,10.257,10.308,10.347,10.413,10.466,10.541,10.597,10.687,10.763,10.829,10.903,10.974,11.061,11.152,11.294,11.53,11.859,13.125
407,OTH FP,5.814,6.478,6.812,7.027,7.197,7.311,7.411,7.478,7.55,7.613,7.671,7.734,7.788,7.833,7.882,7.949,8.0,8.045,8.078,8.127,8.153,8.188,8.235,8.267,8.304,8.346,8.386,8.42,8.454,8.492,8.523,8.553,8.59,8.617,8.652,8.682,8.722,8.748,8.772,8.802,8.837,8.861,8.894,8.929,8.962,8.993,9.02,9.052,9.081,9.109,9.14,9.168,9.2,9.225,9.256,9.277,9.303,9.333,9.365,9.395,9.425,9.459,9.483,9.513,9.535,9.565,9.602,9.629,9.659,9.689,9.723,9.759,9.793,9.826,9.873,9.908,9.95,9.981,10.013,10.046,10.086,10.159,10.204,10.257,10.308,10.347,10.413,10.466,10.541,10.597,10.687,10.763,10.829,10.903,10.974,11.061,11.152,11.294,11.53,11.859,13.125
408,OTH FP,5.733,6.566,6.878,7.11,7.214,7.348,7.421,7.512,7.565,7.643,7.698,7.771,7.819,7.862,7.904,7.967,8.022,8.073,8.112,8.158,8.194,8.239,8.28,8.315,8.359,8.4,8.43,8.454,8.48,8.508,8.538,8.568,8.604,8.644,8.671,8.704,8.725,8.756,8.783,8.821,8.84,8.866,8.896,8.928,8.955,8.984,9.008,9.038,9.074,9.112,9.144,9.178,9.194,9.222,9.253,9.282,9.318,9.346,9.373,9.396,9.421,9.45,9.473,9.5,9.529,9.555,9.587,9.614,9.638,9.67,9.701,9.74,9.78,9.828,9.868,9.908,9.963,10.007,10.038,10.082,10.127,10.173,10.22,10.265,10.315,10.368,10.422,10.474,10.52,10.579,10.647,10.732,10.817,10.893,10.963,11.072,11.166,11.306,11.514,11.869,13.26
409,OTH FP,5.733,6.566,6.878,7.11,7.214,7.348,7.421,7.512,7.565,7.643,7.698,7.771,7.819,7.862,7.904,7.967,8.022,8.073,8.112,8.158,8.194,8.239,8.28,8.315,8.359,8.4,8.43,8.454,8.48,8.508,8.538,8.568,8.604,8.644,8.671,8.704,8.725,8.756,8.783,8.821,8.84,8.866,8.896,8.928,8.955,8.984,9.008,9.038,9.074,9.112,9.144,9.178,9.194,9.222,9.253,9.282,9.318,9.346,9.373,9.396,9.421,9.45,9.473,9.5,9.529,9.555,9.587,9.614,9.638,9.67,9.701,9.74,9.78,9.828,9.868,9.908,9.963,10.007,10.038,10.082,10.127,10.173,10.22,10.265,10.315,10.368,10.422,10.474,10.52,10.579,10.647,10.732,10.817,10.893,10.963,11.072,11.166,11.306,11.514,11.869,13.26
410,OTH FP,5.727,6.414,6.772,6.987,7.13,7.207,7.297,7.399,7.511,7.594,7.658,7.725,7.793,7.838,7.911,7.938,7.981,8.024,8.061,8.106,8.149,8.195,8.229,8.271,8.302,8.331,8.36,8.395,8.426,8.452,8.484,8.508,8.536,8.562,8.591,8.626,8.665,8.703,8.733,8.767,8.794,8.815,8.841,8.867,8.901,8.929,8.956,8.98,9.004,9.031,9.066,9.097,9.126,9.158,9.185,9.208,9.23,9.257,9.282,9.312,9.351,9.393,9.434,9.467,9.496,9.525,9.554,9.586,9.621,9.649,9.682,9.722,9.762,9.809,9.842,9.875,9.916,9.953,9.991,10.045,10.085,10.137,10.176,10.222,10.271,10.327,10.384,10.428,10.486,10.538,10.6,10.67,10.744,10.824,10.919,11.022,11.135,11.296,11.514,11.845,13.058
411,OTH FP,5.727,6.414,6.772,6.987,7.13,7.207,7.297,7.399,7.511,7.594,7.658,7.725,7.793,7.838,7.911,7.938,7.981,8.024,8.061,8.106,8.149,8.195,8.229,8.271,8.302,8.331,8.36,8.395,8.426,8.452,8.484,8.508,8.536,8.562,8.591,8.626,8.665,8.703,8.733,8.767,8.794,8.815,8.841,8.867,8.901,8.929,8.956,8.98,9.004,9.031,9.066,9.097,9.126,9.158,9.185,9.208,9.23,9.257,9.282,9.312,9.351,9.393,9.434,9.467,9.496,9.525,9.554,9.586,9.621,9.649,9.682,9.722,9.762,9.809,9.842,9.875,9.916,9.953,9.991,10.045,10.085,10.137,10.176,10.222,10.271,10.327,10.384,10.428,10.486,10.538,10.6,10.67,10.744,10.824,10.919,11.022,11.135,11.296,11.514,11.845,13.058
412,OTH FP,5.6,6.309,6.686,6.912,7.065,7.174,7.265,7.349,7.43,7.501,7.577,7.631,7.68,7.751,7.82,7.871,7.909,7.95,7.998,8.029,8.06,8.104,8.146,8.196,8.237,8.276,8.305,8.331,8.359,8.392,8.421,8.459,8.494,8.526,8.554,8.581,8.612,8.647,8.681,8.707,8.733,8.761,8.788,8.809,8.837,8.87,8.896,8.919,8.946,8.977,9.006,9.046,9.075,9.108,9.136,9.153,9.191,9.223,9.248,9.279,9.301,9.336,9.364,9.39,9.423,9.452,9.488,9.521,9.555,9.588,9.631,9.672,9.709,9.743,9.778,9.832,9.883,9.939,9.969,10.023,10.066,10.093,10.143,10.197,10.259,10.29,10.341,10.387,10.433,10.494,10.564,10.628,10.721,10.802,10.9,11.013,11.125,11.326,11.493,11.875,12.988
413,OTH FP,5.6,6.309,6.686,6.912,7.065,7.174,7.265,7.349,7.43,7.501,7.577,7.631,7.68,7.751,7.82,7.871,7.909,7.95,7.998,8.029,8.06,8.104,8.146,8.196,8.237,8.276,8.305,8.331,8.359,8.392,8.421,8.459,8.494,8.526,8.554,8.581,8.612,8.647,8.681,8.707,8.733,8.761,8.788,8.809,8.837,8.87,8.896,8.919,8.946,8.977,9.006,9.046,9.075,9.108,9.136,9.153,9.191,9.223,9.248,9.279,9.301,9.336,9.364,9.39,9.423,9.452,9.488,9.521,9.555,9.588,9.631,9.672,9.709,9.743,9.778,9.832,9.883,9.939,9.969,10.023,10.066,10.093,10.143,10.197,10.259,10.29,10.341,10.387,10.433,10.494,10.564,10.628,10.721,10.802,10.9,11.013,11.125,11.326,11.493,11.875,12.988
414,OTH FP,5.43,6.24,6.616,6.837,6.989,7.119,7.203,7.283,7.372,7.454,7.515,7.592,7.641,7.684,7.725,7.766,7.826,7.872,7.915,7.969,8.012,8.057,8.095,8.133,8.165,8.203,8.246,8.274,8.311,8.347,8.378,8.408,8.437,8.468,8.497,8.521,8.553,8.579,8.608,8.637,8.67,8.709,8.738,8.769,8.803,8.829,8.861,8.886,8.916,8.942,8.969,8.993,9.02,9.046,9.076,9.104,9.139,9.165,9.195,9.231,9.257,9.289,9.322,9.356,9.396,9.429,9.46,9.495,9.535,9.567,9.604,9.632,9.675,9.703,9.741,9.783,9.828,9.865,9.899,9.934,9.975,10.015,10.064,10.12,10.188,10.241,10.287,10.338,10.4,10.448,10.5,10.558,10.641,10.754,10.842,10.943,11.067,11.192,11.459,11.833,13.243
415,OTH FP,5.43,6.24,6.616,6.837,6.989,7.119,7.203,7.283,7.372,7.454,7.515,7.592,7.641,7.684,7.725,7.766,7.826,7.872,7.915,7.969,8.012,8.057,8.095,8.133,8.165,8.203,8.246,8.274,8.311,8.347,8.378,8.408,8.437,8.468,8.497,8.521,8.553,8.579,8.608,8.637,8.67,8.709,8.738,8.769,8.803,8.829,8.861,8.886,8.916,8.942,8.969,8.993,9.02,9.046,9.076,9.104,9.139,9.165,9.195,9.231,9.257,9.289,9.322,9.356,9.396,9.429,9.46,9.495,9.535,9.567,9.604,9.632,9.675,9.703,9.741,9.783,9.828,9.865,9.899,9.934,9.975,10.015,10.064,10.12,10.188,10.241,10.287,10.338,10.4,10.448,10.5,10.558,10.641,10.754,10.842,10.943,11.067,11.192,11.459,11.833,13.243
416,OTH FP,5.252,6.129,6.548,6.751,6.914,7.062,7.143,7.236,7.32,7.406,7.476,7.521,7.563,7.62,7.67,7.728,7.786,7.845,7.886,7.928,7.959,8.002,8.038,8.066,8.109,8.139,8.186,8.21,8.238,8.274,8.316,8.35,8.378,8.41,8.442,8.467,8.494,8.521,8.546,8.579,8.615,8.647,8.685,8.709,8.742,8.772,8.795,8.826,8.866,8.89,8.922,8.948,8.968,8.995,9.025,9.053,9.08,9.105,9.134,9.165,9.192,9.221,9.245,9.272,9.301,9.344,9.383,9.418,9.448,9.492,9.524,9.562,9.59,9.632,9.669,9.704,9.759,9.796,9.836,9.881,9.915,9.956,9.994,10.035,10.091,10.134,10.18,10.239,10.298,10.354,10.427,10.527,10.592,10.668,10.77,10.853,10.979,11.129,11.329,11.693,12.986
417,OTH FP,5.252,6.129,6.548,6.751,6.914,7.062,7.143,7.236,7.32,7.406,7.476,7.521,7.563,7.62,7.67,7.728,7.786,7.845,7.886,7.928,7.959,8.002,8.038,8.066,8.109,8.139,8.186,8.21,8.238,8.274,8.316,8.35,8.378,8.41,8.442,8.467,8.494,8.521,8.546,8.579,8.615,8.647,8.685,8.709,8.742,8.772,8.795,8.826,8.866,8.89,8.922,8.948,8.968,8.995,9.025,9.053,9.08,9.105,9.134,9.165,9.192,9.221,9.245,9.272,9.301,9.344,9.383,9.418,9.448,9.492,9.524,9.562,9.59,9.632,9.669,9.704,9.759,9.796,9.836,9.881,9.915,9.956,9.994,10.035,10.091,10.134,10.18,10.239,10.298,10.354,10.427,10.527,10.592,10.668,10.77,10.853,10.979,11.129,11.329,11.693,12.986
418,OTH FP,5.121,6.045,6.465,6.717,6.854,6.998,7.095,7.189,7.251,7.323,7.39,7.481,7.527,7.583,7.623,7.674,7.722,7.766,7.819,7.856,7.889,7.919,7.959,8.002,8.033,8.065,8.099,8.14,8.172,8.207,8.244,8.275,8.306,8.339,8.364,8.406,8.441,8.48,8.507,8.532,8.56,8.585,8.622,8.651,8.681,8.709,8.742,8.777,8.804,8.821,8.852,8.888,8.909,8.944,8.965,8.99,9.026,9.055,9.081,9.113,9.146,9.178,9.213,9.237,9.274,9.297,9.33,9.365,9.394,9.423,9.46,9.493,9.532,9.57,9.602,9.651,9.693,9.723,9.749,9.794,9.838,9.89,9.932,9.999,10.048,10.086,10.133,10.192,10.245,10.3,10.38,10.441,10.518,10.615,10.696,10.789,10.903,11.057,11.31,11.601,12.858
419,OTH FP,5.121,6.045,6.465,6.717,6.854,6.998,7.095,7.189,7.251,7.323,7.39,7.481,7.527,7.583,7.623,7.674,7.722,7.766,7.819,7.856,7.889,7.919,7.959,8.002,8.033,8.065,8.099,8.14,8.172,8.207,8.244,8.275,8.306,8.339,8.364,8.406,8.441,8.48,8.507,8.532,8.56,8.585,8.622,8.651,8.681,8.709,8.742,8.777,8.804,8.821,8.852,8.888,8.909,8.944,8.965,8.99,9.026,9.055,9.081,9.113,9.146,9.178,9.213,9.237,9.274,9.297,9.33,9.365,9.394,9.423,9.46,9.493,9.532,9.57,9.602,9.651,9.693,9.723,9.749,9.794,9.838,9.89,9.932,9.999,10.048,10.086,10.133,10.192,10.245,10.3,10.38,10.441,10.518,10.615,10.696,10.789,10.903,11.057,11.31,11.601,12.858
420,OTH FP,5.363,6.054,6.47,6.719,6.848,6.957,7.082,7.142,7.216,7.271,7.329,7.379,7.461,7.524,7.586,7.641,7.674,7.72,7.76,7.797,7.836,7.872,7.91,7.948,7.976,8.018,8.05,8.073,8.108,8.135,8.17,8.197,8.235,8.267,8.296,8.325,8.36,8.392,8.426,8.464,8.502,8.54,8.571,8.592,8.625,8.646,8.675,8.705,8.727,8.759,8.793,8.828,8.854,8.877,8.914,8.945,8.968,8.989,9.033,9.06,9.096,9.125,9.158,9.183,9.215,9.242,9.276,9.308,9.345,9.371,9.422,9.455,9.487,9.521,9.56,9.598,9.628,9.66,9.698,9.744,9.781,9.816,9.863,9.915,9.971,10.028,10.077,10.142,10.188,10.241,10.309,10.366,10.428,10.499,10.603,10.7,10.86,10.985,11.224,11.586,12.444
421,OTH FP,5.363,6.054,6.47,6.719,6.848,6.957,7.082,7.142,7.216,7.271,7.329,7.379,7.461,7.524,7.586,7.641,7.674,7.72,7.76,7.797,7.836,7.872,7.91,7.948,7.976,8.018,8.05,8.073,8.108,8.135,8.17,8.197,8.235,8.267,8.296,8.325,8.36,8.392,8.426,8.464,8.502,8.54,8.571,8.592,8.625,8.646,8.675,8.705,8.727,8.759,8.793,8.828,8.854,8.877,8.914,8.945,8.968,8.989,9.033,9.06,9.096,9.125,9.158,9.183,9.215,9.242,9.276,9.308,9.345,9.371,9.422,9.455,9.487,9.521,9.56,9.598,9.628,9.66,9.698,9.744,9.781,9.816,9.863,9.915,9.971,10.028,10.077,10.142,10.188,10.241,10.309,10.366,10.428,10.499,10.603,10.7,10.86,10.985,11.224,11.586,12.444
422,OTH FP,5.069,6.077,6.425,6.607,6.768,6.908,7.0,7.082,7.149,7.213,7.282,7.335,7.4,7.445,7.499,7.56,7.604,7.645,7.683,7.73,7.767,7.805,7.844,7.872,7.92,7.955,7.99,8.017,8.051,8.078,8.114,8.145,8.172,8.204,8.239,8.278,8.304,8.333,8.368,8.394,8.432,8.457,8.491,8.521,8.547,8.576,8.607,8.633,8.668,8.7,8.739,8.768,8.791,8.823,8.846,8.878,8.906,8.93,8.962,8.999,9.032,9.057,9.086,9.114,9.148,9.188,9.22,9.252,9.293,9.333,9.368,9.395,9.436,9.474,9.507,9.537,9.566,9.607,9.644,9.683,9.719,9.763,9.805,9.855,9.912,9.956,10.002,10.046,10.087,10.133,10.195,10.272,10.352,10.429,10.522,10.625,10.735,10.883,11.042,11.385,12.35
423,OTH FP,5.069,6.077,6.425,6.607,6.768,6.908,7.0,7.082,7.149,7.213,7.282,7.335,7.4,7.445,7.499,7.56,7.604,7.645,7.683,7.73,7.767,7.805,7.844,7.872,7.92,7.955,7.99,8.017,8.051,8.078,8.114,8.145,8.172,8.204,8.239,8.278,8.304,8.333,8.368,8.394,8.432,8.457,8.491,8.521,8.547,8.576,8.607,8.633,8.668,8.7,8.739,8.768,8.791,8.823,8.846,8.878,8.906,8.93,8.962,8.999,9.032,9.057,9.086,9.114,9.148,9.188,9.22,9.252,9.293,9.333,9.368,9.395,9.436,9.474,9.507,9.537,9.566,9.607,9.644,9.683,9.719,9.763,9.805,9.855,9.912,9.956,10.002,10.046,10.087,10.133,10.195,10.272,10.352,10.429,10.522,10.625,10.735,10.883,11.042,11.385,12.35
424,OTH FP,5.044,6.106,6.361,6.53,6.703,6.836,6.952,7.037,7.111,7.209,7.276,7.317,7.373,7.428,7.471,7.521,7.578,7.627,7.666,7.703,7.744,7.777,7.817,7.849,7.894,7.919,7.955,7.987,8.02,8.05,8.078,8.115,8.151,8.181,8.223,8.252,8.275,8.306,8.335,8.37,8.393,8.419,8.448,8.477,8.504,8.534,8.553,8.579,8.615,8.641,8.669,8.7,8.729,8.758,8.784,8.811,8.839,8.862,8.89,8.923,8.959,8.988,9.016,9.048,9.077,9.095,9.121,9.153,9.191,9.236,9.272,9.308,9.342,9.371,9.415,9.45,9.497,9.539,9.582,9.619,9.655,9.703,9.76,9.797,9.838,9.886,9.926,9.969,10.006,10.059,10.12,10.179,10.27,10.344,10.424,10.527,10.63,10.779,11.018,11.344,12.053
425,OTH FP,5.044,6.106,6.361,6.53,6.703,6.836,6.952,7.037,7.111,7.209,7.276,7.317,7.373,7.428,7.471,7.521,7.578,7.627,7.666,7.703,7.744,7.777,7.817,7.849,7.894,7.919,7.955,7.987,8.02,8.05,8.078,8.115,8.151,8.181,8.223,8.252,8.275,8.306,8.335,8.37,8.393,8.419,8.448,8.477,8.504,8.534,8.553,8.579,8.615,8.641,8.669,8.7,8.729,8.758,8.784,8.811,8.839,8.862,8.89,8.923,8.959,8.988,9.016,9.048,9.077,9.095,9.121,9.153,9.191,9.236,9.272,9.308,9.342,9.371,9.415,9.45,9.497,9.539,9.582,9.619,9.655,9.703,9.76,9.797,9.838,9.886,9.926,9.969,10.006,10.059,10.12,10.179,10.27,10.344,10.424,10.527,10.63,10.779,11.018,11.344,12.053
426,OTH FP,4.984,6.037,6.393,6.565,6.706,6.83,6.904,6.989,7.077,7.158,7.228,7.29,7.354,7.402,7.446,7.488,7.529,7.577,7.617,7.658,7.698,7.737,7.771,7.802,7.845,7.886,7.916,7.953,7.989,8.031,8.066,8.098,8.118,8.148,8.173,8.196,8.223,8.245,8.274,8.305,8.338,8.361,8.386,8.416,8.446,8.475,8.507,8.536,8.564,8.588,8.612,8.646,8.676,8.705,8.733,8.761,8.787,8.824,8.852,8.883,8.912,8.941,8.966,8.991,9.025,9.049,9.081,9.116,9.148,9.189,9.211,9.24,9.267,9.296,9.334,9.369,9.415,9.458,9.49,9.528,9.559,9.607,9.653,9.698,9.734,9.78,9.823,9.865,9.927,9.976,10.048,10.113,10.186,10.259,10.359,10.446,10.546,10.703,10.888,11.224,12.026
427,OTH FP,4.984,6.037,6.393,6.565,6.706,6.83,6.904,6.989,7.077,7.158,7.228,7.29,7.354,7.402,7.446,7.488,7.529,7.577,7.617,7.658,7.698,7.737,7.771,7.802,7.845,7.886,7.916,7.953,7.989,8.031,8.066,8.098,8.118,8.148,8.173,8.196,8.223,8.245,8.274,8.305,8.338,8.361,8.386,8.416,8.446,8.475,8.507,8.536,8.564,8.588,8.612,8.646,8.676,8.705,8.733,8.761,8.787,8.824,8.852,8.883,8.912,8.941,8.966,8.991,9.025,9.049,9.081,9.116,9.148,9.189,9.211,9.24,9.267,9.296,9.334,9.369,9.415,9.458,9.49,9.528,9.559,9.607,9.653,9.698,9.734,9.78,9.823,9.865,9.927,9.976,10.048,10.113,10.186,10.259,10.359,10.446,10.546,10.703,10.888,11.224,12.026
428,OTH FP,4.726,5.866,6.299,6.501,6.678,6.754,6.841,6.93,7.022,7.1,7.155,7.212,7.283,7.329,7.385,7.429,7.474,7.508,7.553,7.581,7.622,7.662,7.703,7.737,7.764,7.818,7.855,7.892,7.924,7.96,7.993,8.028,8.061,8.091,8.121,8.141,8.173,8.207,8.235,8.264,8.29,8.319,8.35,8.378,8.408,8.437,8.473,8.502,8.541,8.567,8.598,8.625,8.655,8.68,8.713,8.742,8.778,8.806,8.831,8.858,8.887,8.919,8.94,8.973,9.019,9.048,9.081,9.113,9.14,9.173,9.202,9.23,9.255,9.285,9.319,9.364,9.401,9.443,9.48,9.505,9.55,9.608,9.659,9.696,9.739,9.792,9.834,9.884,9.951,10.005,10.055,10.117,10.188,10.264,10.356,10.467,10.56,10.743,10.921,11.24,12.159
429,OTH FP,4.726,5.866,6.299,6.501,6.678,6.754,6.841,6.93,7.022,7.1,7.155,7.212,7.283,7.329,7.385,7.429,7.474,7.508,7.553,7.581,7.622,7.662,7.703,7.737,7.764,7.818,7.855,7.892,7.924,7.96,7.993,8.028,8.061,8.091,8.121,8.141,8.173,8.207,8.235,8.264,8.29,8.319,8.35,8.378,8.408,8.437,8.473,8.502,8.541,8.567,8.598,8.625,8.655,8.68,8.713,8.742,8.778,8.806,8.831,8.858,8.887,8.919,8.94,8.973,9.019,9.048,9.081,9.113,9.14,9.173,9.202,9.23,9.255,9.285,9.319,9.364,9.401,9.443,9.48,9.505,9.55,9.608,9.659,9.696,9.739,9.792,9.834,9.884,9.951,10.005,10.055,10.117,10.188,10.264,10.356,10.467,10.56,10.743,10.921,11.24,12.159
430,OTH FP,4.85,5.913,6.21,6.468,6.601,6.722,6.82,6.903,6.975,7.028,7.108,7.173,7.234,7.28,7.317,7.366,7.414,7.454,7.492,7.536,7.59,7.632,7.681,7.713,7.768,7.801,7.828,7.861,7.892,7.917,7.945,7.978,8.006,8.048,8.074,8.11,8.141,8.179,8.207,8.242,8.266,8.29,8.328,8.358,8.387,8.427,8.452,8.479,8.51,8.534,8.555,8.58,8.606,8.639,8.672,8.701,8.735,8.765,8.791,8.823,8.857,8.881,8.919,8.959,8.985,9.015,9.042,9.079,9.122,9.152,9.182,9.211,9.253,9.287,9.322,9.35,9.393,9.433,9.477,9.502,9.56,9.605,9.633,9.673,9.717,9.758,9.801,9.867,9.924,9.977,10.044,10.125,10.211,10.277,10.366,10.48,10.576,10.748,10.975,11.296,12.329
431,OTH FP,4.85,5.913,6.21,6.468,6.601,6.722,6.82,6.903,6.975,7.028,7.108,7.173,7.234,7.28,7.317,7.366,7.414,7.454,7.492,7.536,7.59,7.632,7.681,7.713,7.768,7.801,7.828,7.861,7.892,7.917,7.945,7.978,8.006,8.048,8.074,8.11,8.141,8.179,8.207,8.242,8.266,8.29,8.328,8.358,8.387,8.427,8.452,8.479,8.51,8.534,8.555,8.58,8.606,8.639,8.672,8.701,8.735,8.765,8.791,8.823,8.857,8.881,8.919,8.959,8.985,9.015,9.042,9.079,9.122,9.152,9.182,9.211,9.253,9.287,9.322,9.35,9.393,9.433,9.477,9.502,9.56,9.605,9.633,9.673,9.717,9.758,9.801,9.867,9.924,9.977,10.044,10.125,10.211,10.277,10.366,10.48,10.576,10.748,10.975,11.296,12.329
432,OTH FP,4.691,5.879,6.17,6.4,6.52,6.634,6.736,6.816,6.919,6.976,7.042,7.109,7.169,7.217,7.271,7.32,7.373,7.407,7.452,7.504,7.555,7.577,7.622,7.655,7.69,7.732,7.77,7.806,7.841,7.88,7.918,7.953,7.98,8.017,8.047,8.071,8.104,8.135,8.162,8.202,8.234,8.262,8.293,8.321,8.355,8.395,8.414,8.439,8.463,8.495,8.521,8.558,8.589,8.615,8.641,8.67,8.706,8.735,8.759,8.788,8.815,8.842,8.873,8.895,8.918,8.95,8.986,9.013,9.051,9.087,9.116,9.151,9.189,9.23,9.258,9.293,9.344,9.376,9.419,9.458,9.491,9.552,9.596,9.644,9.689,9.733,9.789,9.843,9.895,9.948,10.024,10.093,10.154,10.241,10.333,10.463,10.574,10.731,10.958,11.296,12.325
433,OTH FP,4.691,5.879,6.17,6.4,6.52,6.634,6.736,6.816,6.919,6.976,7.042,7.109,7.169,7.217,7.271,7.32,7.373,7.407,7.452,7.504,7.555,7.577,7.622,7.655,7.69,7.732,7.77,7.806,7.841,7.88,7.918,7.953,7.98,8.017,8.047,8.071,8.104,8.135,8.162,8.202,8.234,8.262,8.293,8.321,8.355,8.395,8.414,8.439,8.463,8.495,8.521,8.558,8.589,8.615,8.641,8.67,8.706,8.735,8.759,8.788,8.815,8.842,8.873,8.895,8.918,8.95,8.986,9.013,9.051,9.087,9.116,9.151,9.189,9.23,9.258,9.293,9.344,9.376,9.419,9.458,9.491,9.552,9.596,9.644,9.689,9.733,9.789,9.843,9.895,9.948,10.024,10.093,10.154,10.241,10.333,10.463,10.574,10.731,10.958,11.296,12.325
434,OTH FP,4.985,5.804,6.096,6.322,6.494,6.616,6.718,6.834,6.907,6.985,7.047,7.114,7.171,7.226,7.287,7.325,7.378,7.428,7.471,7.504,7.546,7.592,7.632,7.668,7.706,7.745,7.78,7.808,7.839,7.88,7.909,7.944,7.974,8.007,8.036,8.061,8.092,8.12,8.152,8.179,8.206,8.238,8.269,8.307,8.35,8.379,8.412,8.448,8.476,8.513,8.547,8.58,8.61,8.647,8.671,8.705,8.739,8.765,8.794,8.829,8.854,8.888,8.921,8.952,8.976,9.005,9.036,9.07,9.097,9.138,9.171,9.199,9.241,9.269,9.309,9.345,9.38,9.418,9.451,9.496,9.527,9.569,9.616,9.658,9.698,9.748,9.803,9.863,9.908,9.982,10.054,10.105,10.175,10.266,10.361,10.463,10.608,10.8,11.064,11.391,12.353
435,OTH FP,4.985,5.804,6.096,6.322,6.494,6.616,6.718,6.834,6.907,6.985,7.047,7.114,7.171,7.226,7.287,7.325,7.378,7.428,7.471,7.504,7.546,7.592,7.632,7.668,7.706,7.745,7.78,7.808,7.839,7.88,7.909,7.944,7.974,8.007,8.036,8.061,8.092,8.12,8.152,8.179,8.206,8.238,8.269,8.307,8.35,8.379,8.412,8.448,8.476,8.513,8.547,8.58,8.61,8.647,8.671,8.705,8.739,8.765,8.794,8.829,8.854,8.888,8.921,8.952,8.976,9.005,9.036,9.07,9.097,9.138,9.171,9.199,9.241,9.269,9.309,9.345,9.38,9.418,9.451,9.496,9.527,9.569,9.616,9.658,9.698,9.748,9.803,9.863,9.908,9.982,10.054,10.105,10.175,10.266,10.361,10.463,10.608,10.8,11.064,11.391,12.353
436,OTH FP,4.788,5.703,6.033,6.319,6.436,6.552,6.653,6.75,6.855,6.922,6.993,7.077,7.14,7.2,7.246,7.294,7.347,7.399,7.434,7.486,7.523,7.567,7.605,7.631,7.672,7.71,7.75,7.792,7.829,7.862,7.896,7.925,7.963,7.995,8.032,8.063,8.097,8.133,8.167,8.204,8.237,8.268,8.294,8.328,8.359,8.39,8.429,8.458,8.495,8.527,8.55,8.582,8.608,8.638,8.671,8.703,8.741,8.768,8.815,8.844,8.878,8.906,8.938,8.962,8.993,9.019,9.047,9.08,9.104,9.143,9.179,9.215,9.249,9.284,9.326,9.364,9.396,9.437,9.47,9.51,9.552,9.585,9.623,9.664,9.704,9.74,9.791,9.848,9.905,9.971,10.058,10.118,10.195,10.3,10.408,10.55,10.713,10.866,11.102,11.46,12.424
437,OTH FP,4.788,5.703,6.033,6.319,6.436,6.552,6.653,6.75,6.855,6.922,6.993,7.077,7.14,7.2,7.246,7.294,7.347,7.399,7.434,7.486,7.523,7.567,7.605,7.631,7.672,7.71,7.75,7.792,7.829,7.862,7.896,7.925,7.963,7.995,8.032,8.063,8.097,8.133,8.167,8.204,8.237,8.268,8.294,8.328,8.359,8.39,8.429,8.458,8.495,8.527,8.55,8.582,8.608,8.638,8.671,8.703,8.741,8.768,8.815,8.844,8.878,8.906,8.938,8.962,8.993,9.019,9.047,9.08,9.104,9.143,9.179,9.215,9.249,9.284,9.326,9.364,9.396,9.437,9.47,9.51,9.552,9.585,9.623,9.664,9.704,9.74,9.791,9.848,9.905,9.971,10.058,10.118,10.195,10.3,10.408,10.55,10.713,10.866,11.102,11.46,12.424
438,OTH FP,4.696,5.689,6.013,6.192,6.38,6.505,6.619,6.763,6.828,6.914,6.979,7.045,7.117,7.173,7.239,7.284,7.318,7.364,7.419,7.458,7.505,7.562,7.6,7.646,7.676,7.718,7.753,7.78,7.829,7.87,7.908,7.935,7.968,8.005,8.039,8.081,8.114,8.15,8.18,8.211,8.245,8.276,8.301,8.33,8.354,8.389,8.422,8.449,8.475,8.507,8.537,8.57,8.604,8.646,8.676,8.705,8.737,8.76,8.791,8.821,8.853,8.883,8.922,8.955,8.989,9.025,9.067,9.1,9.141,9.167,9.196,9.235,9.271,9.297,9.33,9.359,9.399,9.436,9.485,9.527,9.578,9.605,9.647,9.677,9.716,9.772,9.841,9.884,9.951,10.016,10.079,10.165,10.222,10.33,10.419,10.53,10.677,10.852,11.115,11.524,12.392
439,OTH FP,4.696,5.689,6.013,6.192,6.38,6.505,6.619,6.763,6.828,6.914,6.979,7.045,7.117,7.173,7.239,7.284,7.318,7.364,7.419,7.458,7.505,7.562,7.6,7.646,7.676,7.718,7.753,7.78,7.829,7.87,7.908,7.935,7.968,8.005,8.039,8.081,8.114,8.15,8.18,8.211,8.245,8.276,8.301,8.33,8.354,8.389,8.422,8.449,8.475,8.507,8.537,8.57,8.604,8.646,8.676,8.705,8.737,8.76,8.791,8.821,8.853,8.883,8.922,8.955,8.989,9.025,9.067,9.1,9.141,9.167,9.196,9.235,9.271,9.297,9.33,9.359,9.399,9.436,9.485,9.527,9.578,9.605,9.647,9.677,9.716,9.772,9.841,9.884,9.951,10.016,10.079,10.165,10.222,10.33,10.419,10.53,10.677,10.852,11.115,11.524,12.392
440,OTH FP,4.738,5.588,5.99,6.207,6.329,6.458,6.614,6.712,6.808,6.869,6.963,7.042,7.11,7.168,7.214,7.285,7.323,7.388,7.428,7.468,7.51,7.555,7.609,7.648,7.677,7.71,7.749,7.787,7.819,7.857,7.898,7.938,7.966,8.0,8.031,8.057,8.08,8.124,8.16,8.189,8.224,8.253,8.291,8.325,8.358,8.389,8.421,8.457,8.486,8.515,8.543,8.577,8.602,8.629,8.655,8.69,8.729,8.766,8.798,8.829,8.864,8.892,8.926,8.955,8.985,9.022,9.05,9.079,9.114,9.154,9.187,9.222,9.25,9.294,9.34,9.381,9.42,9.465,9.496,9.527,9.567,9.606,9.656,9.705,9.749,9.82,9.868,9.923,9.962,10.036,10.091,10.159,10.253,10.346,10.435,10.577,10.748,10.91,11.162,11.51,12.848
441,OTH FP,4.738,5.588,5.99,6.207,6.329,6.458,6.614,6.712,6.808,6.869,6.963,7.042,7.11,7.168,7.214,7.285,7.323,7.388,7.428,7.468,7.51,7.555,7.609,7.648,7.677,7.71,7.749,7.787,7.819,7.857,7.898,7.938,7.966,8.0,8.031,8.057,8.08,8.124,8.16,8.189,8.224,8.253,8.291,8.325,8.358,8.389,8.421,8.457,8.486,8.515,8.543,8.577,8.602,8.629,8.655,8.69,8.729,8.766,8.798,8.829,8.864,8.892,8.926,8.955,8.985,9.022,9.05,9.079,9.114,9.154,9.187,9.222,9.25,9.294,9.34,9.381,9.42,9.465,9.496,9.527,9.567,9.606,9.656,9.705,9.749,9.82,9.868,9.923,9.962,10.036,10.091,10.159,10.253,10.346,10.435,10.577,10.748,10.91,11.162,11.51,12.848
442,OTH FP,4.666,5.59,5.964,6.173,6.307,6.47,6.555,6.674,6.771,6.852,6.933,6.999,7.052,7.117,7.165,7.222,7.273,7.336,7.386,7.433,7.474,7.526,7.571,7.617,7.652,7.69,7.732,7.771,7.809,7.856,7.896,7.929,7.97,8.001,8.037,8.074,8.097,8.126,8.16,8.187,8.22,8.257,8.291,8.323,8.359,8.391,8.425,8.447,8.477,8.513,8.541,8.573,8.606,8.634,8.663,8.689,8.723,8.758,8.788,8.821,8.855,8.901,8.932,8.964,8.994,9.024,9.052,9.094,9.123,9.15,9.182,9.229,9.267,9.308,9.343,9.378,9.418,9.459,9.514,9.566,9.609,9.656,9.702,9.761,9.814,9.852,9.894,9.957,10.018,10.074,10.144,10.23,10.297,10.376,10.474,10.609,10.711,10.916,11.187,11.615,12.868
443,OTH FP,4.666,5.59,5.964,6.173,6.307,6.47,6.555,6.674,6.771,6.852,6.933,6.999,7.052,7.117,7.165,7.222,7.273,7.336,7.386,7.433,7.474,7.526,7.571,7.617,7.652,7.69,7.732,7.771,7.809,7.856,7.896,7.929,7.97,8.001,8.037,8.074,8.097,8.126,8.16,8.187,8.22,8.257,8.291,8.323,8.359,8.391,8.425,8.447,8.477,8.513,8.541,8.573,8.606,8.634,8.663,8.689,8.723,8.758,8.788,8.821,8.855,8.901,8.932,8.964,8.994,9.024,9.052,9.094,9.123,9.15,9.182,9.229,9.267,9.308,9.343,9.378,9.418,9.459,9.514,9.566,9.609,9.656,9.702,9.761,9.814,9.852,9.894,9.957,10.018,10.074,10.144,10.23,10.297,10.376,10.474,10.609,10.711,10.916,11.187,11.615,12.868
444,OTH FP,4.632,5.588,5.938,6.101,6.275,6.411,6.53,6.622,6.747,6.817,6.877,6.959,7.017,7.081,7.135,7.196,7.259,7.313,7.356,7.407,7.476,7.515,7.551,7.593,7.636,7.673,7.711,7.76,7.81,7.847,7.891,7.924,7.961,8.0,8.033,8.063,8.092,8.125,8.163,8.205,8.238,8.281,8.316,8.344,8.378,8.41,8.449,8.476,8.506,8.545,8.579,8.608,8.633,8.667,8.692,8.724,8.759,8.79,8.816,8.842,8.87,8.904,8.934,8.966,9.007,9.036,9.078,9.107,9.138,9.17,9.208,9.253,9.276,9.329,9.374,9.417,9.447,9.491,9.53,9.582,9.629,9.689,9.729,9.764,9.809,9.858,9.898,9.959,10.031,10.104,10.184,10.258,10.337,10.415,10.53,10.621,10.772,10.938,11.206,11.598,12.851
445,OTH FP,4.632,5.588,5.938,6.101,6.275,6.411,6.53,6.622,6.747,6.817,6.877,6.959,7.017,7.081,7.135,7.196,7.259,7.313,7.356,7.407,7.476,7.515,7.551,7.593,7.636,7.673,7.711,7.76,7.81,7.847,7.891,7.924,7.961,8.0,8.033,8.063,8.092,8.125,8.163,8.205,8.238,8.281,8.316,8.344,8.378,8.41,8.449,8.476,8.506,8.545,8.579,8.608,8.633,8.667,8.692,8.724,8.759,8.79,8.816,8.842,8.87,8.904,8.934,8.966,9.007,9.036,9.078,9.107,9.138,9.17,9.208,9.253,9.276,9.329,9.374,9.417,9.447,9.491,9.53,9.582,9.629,9.689,9.729,9.764,9.809,9.858,9.898,9.959,10.031,10.104,10.184,10.258,10.337,10.415,10.53,10.621,10.772,10.938,11.206,11.598,12.851
446,OTH FP,4.607,5.588,5.929,6.095,6.281,6.392,6.507,6.611,6.712,6.79,6.88,6.96,7.025,7.1,7.152,7.204,7.26,7.31,7.36,7.415,7.473,7.523,7.57,7.611,7.671,7.703,7.74,7.787,7.824,7.856,7.886,7.927,7.964,7.998,8.033,8.076,8.108,8.142,8.173,8.202,8.244,8.269,8.296,8.328,8.36,8.392,8.43,8.475,8.513,8.538,8.577,8.609,8.643,8.673,8.704,8.728,8.764,8.795,8.841,8.873,8.902,8.935,8.966,9.0,9.038,9.072,9.097,9.127,9.153,9.187,9.226,9.258,9.288,9.323,9.368,9.399,9.447,9.491,9.529,9.578,9.621,9.662,9.72,9.762,9.821,9.876,9.93,9.987,10.054,10.132,10.2,10.272,10.38,10.456,10.53,10.633,10.804,10.997,11.23,11.672,12.77
447,OTH FP,4.607,5.588,5.929,6.095,6.281,6.392,6.507,6.611,6.712,6.79,6.88,6.96,7.025,7.1,7.152,7.204,7.26,7.31,7.36,7.415,7.473,7.523,7.57,7.611,7.671,7.703,7.74,7.787,7.824,7.856,7.886,7.927,7.964,7.998,8.033,8.076,8.108,8.142,8.173,8.202,8.244,8.269,8.296,8.328,8.36,8.392,8.43,8.475,8.513,8.538,8.577,8.609,8.643,8.673,8.704,8.728,8.764,8.795,8.841,8.873,8.902,8.935,8.966,9.0,9.038,9.072,9.097,9.127,9.153,9.187,9.226,9.258,9.288,9.323,9.368,9.399,9.447,9.491,9.529,9.578,9.621,9.662,9.72,9.762,9.821,9.876,9.93,9.987,10.054,10.132,10.2,10.272,10.38,10.456,10.53,10.633,10.804,10.997,11.23,11.672,12.77
448,OTH FP,4.488,5.547,5.9,6.087,6.239,6.37,6.463,6.566,6.675,6.755,6.848,6.934,7.004,7.084,7.154,7.218,7.277,7.332,7.381,7.424,7.477,7.536,7.589,7.626,7.667,7.708,7.754,7.791,7.826,7.862,7.889,7.921,7.961,8.002,8.037,8.07,8.1,8.132,8.155,8.195,8.224,8.258,8.285,8.32,8.355,8.384,8.416,8.451,8.472,8.501,8.541,8.583,8.616,8.647,8.683,8.716,8.74,8.779,8.813,8.855,8.89,8.923,8.951,8.974,9.001,9.041,9.078,9.116,9.142,9.172,9.204,9.239,9.287,9.329,9.375,9.416,9.452,9.492,9.537,9.564,9.609,9.655,9.702,9.75,9.798,9.858,9.908,9.979,10.046,10.139,10.206,10.291,10.378,10.472,10.603,10.729,10.848,11.017,11.214,11.666,12.793
449,OTH FP,4.488,5.547,5.9,6.087,6.239,6.37,6.463,6.566,6.675,6.755,6.848,6.934,7.004,7.084,7.154,7.218,7.277,7.332,7.381,7.424,7.477,7.536,7.589,7.626,7.667,7.708,7.754,7.791,7.826,7.862,7.889,7.921,7.961,8.002,8.037,8.07,8.1,8.132,8.155,8.195,8.224,8.258,8.285,8.32,8.355,8.384,8.416,8.451,8.472,8.501,8.541,8.583,8.616,8.647,8.683,8.716,8.74,8.779,8.813,8.855,8.89,8.923,8.951,8.974,9.001,9.041,9.078,9.116,9.142,9.172,9.204,9.239,9.287,9.329,9.375,9.416,9.452,9.492,9.537,9.564,9.609,9.655,9.702,9.75,9.798,9.858,9.908,9.979,10.046,10.139,10.206,10.291,10.378,10.472,10.603,10.729,10.848,11.017,11.214,11.666,12.793
450,OTH FP,4.52,5.49,5.903,6.073,6.249,6.402,6.517,6.591,6.681,6.775,6.838,6.932,7.028,7.098,7.161,7.233,7.295,7.331,7.384,7.43,7.476,7.532,7.58,7.63,7.678,7.716,7.753,7.796,7.835,7.868,7.913,7.955,7.985,8.017,8.051,8.072,8.116,8.144,8.181,8.207,8.231,8.261,8.302,8.336,8.367,8.39,8.425,8.457,8.494,8.53,8.562,8.591,8.622,8.651,8.681,8.712,8.735,8.766,8.8,8.832,8.86,8.894,8.922,8.961,8.992,9.026,9.064,9.105,9.141,9.176,9.221,9.253,9.293,9.322,9.356,9.405,9.437,9.474,9.515,9.56,9.612,9.672,9.731,9.777,9.826,9.893,9.937,9.992,10.063,10.152,10.208,10.303,10.416,10.515,10.632,10.732,10.864,11.023,11.265,11.767,12.908
451,OTH FP,4.52,5.49,5.903,6.073,6.249,6.402,6.517,6.591,6.681,6.775,6.838,6.932,7.028,7.098,7.161,7.233,7.295,7.331,7.384,7.43,7.476,7.532,7.58,7.63,7.678,7.716,7.753,7.796,7.835,7.868,7.913,7.955,7.985,8.017,8.051,8.072,8.116,8.144,8.181,8.207,8.231,8.261,8.302,8.336,8.367,8.39,8.425,8.457,8.494,8.53,8.562,8.591,8.622,8.651,8.681,8.712,8.735,8.766,8.8,8.832,8.86,8.894,8.922,8.961,8.992,9.026,9.064,9.105,9.141,9.176,9.221,9.253,9.293,9.322,9.356,9.405,9.437,9.474,9.515,9.56,9.612,9.672,9.731,9.777,9.826,9.893,9.937,9.992,10.063,10.152,10.208,10.303,10.416,10.515,10.632,10.732,10.864,11.023,11.265,11.767,12.908
452,OTH FP,4.796,5.519,5.855,6.025,6.199,6.379,6.496,6.611,6.717,6.787,6.882,6.949,7.016,7.087,7.147,7.207,7.262,7.344,7.391,7.431,7.467,7.512,7.563,7.607,7.656,7.7,7.74,7.779,7.799,7.843,7.884,7.922,7.957,8.001,8.033,8.065,8.105,8.142,8.183,8.213,8.237,8.264,8.301,8.338,8.372,8.414,8.44,8.468,8.489,8.514,8.546,8.575,8.607,8.627,8.658,8.701,8.737,8.763,8.792,8.834,8.871,8.897,8.921,8.957,8.989,9.022,9.052,9.094,9.129,9.167,9.203,9.239,9.289,9.319,9.357,9.396,9.438,9.499,9.537,9.593,9.642,9.709,9.754,9.795,9.841,9.904,9.959,10.011,10.072,10.151,10.206,10.316,10.437,10.526,10.611,10.739,10.889,10.994,11.207,11.683,12.994
453,OTH FP,4.796,5.519,5.855,6.025,6.199,6.379,6.496,6.611,6.717,6.787,6.882,6.949,7.016,7.087,7.147,7.207,7.262,7.344,7.391,7.431,7.467,7.512,7.563,7.607,7.656,7.7,7.74,7.779,7.799,7.843,7.884,7.922,7.957,8.001,8.033,8.065,8.105,8.142,8.183,8.213,8.237,8.264,8.301,8.338,8.372,8.414,8.44,8.468,8.489,8.514,8.546,8.575,8.607,8.627,8.658,8.701,8.737,8.763,8.792,8.834,8.871,8.897,8.921,8.957,8.989,9.022,9.052,9.094,9.129,9.167,9.203,9.239,9.289,9.319,9.357,9.396,9.438,9.499,9.537,9.593,9.642,9.709,9.754,9.795,9.841,9.904,9.959,10.011,10.072,10.151,10.206,10.316,10.437,10.526,10.611,10.739,10.889,10.994,11.207,11.683,12.994
454,OTH FP,4.702,5.586,5.883,6.066,6.186,6.381,6.513,6.595,6.677,6.803,6.87,6.941,7.014,7.08,7.143,7.205,7.287,7.33,7.387,7.425,7.464,7.506,7.554,7.598,7.645,7.686,7.728,7.774,7.809,7.852,7.896,7.921,7.97,8.008,8.034,8.073,8.096,8.129,8.174,8.209,8.237,8.27,8.304,8.34,8.365,8.391,8.424,8.454,8.486,8.515,8.544,8.572,8.603,8.638,8.675,8.717,8.75,8.782,8.819,8.85,8.878,8.914,8.948,8.979,9.017,9.05,9.083,9.112,9.141,9.176,9.206,9.244,9.281,9.332,9.362,9.409,9.452,9.484,9.531,9.58,9.625,9.666,9.725,9.791,9.844,9.894,9.946,10.018,10.074,10.136,10.217,10.318,10.421,10.518,10.584,10.753,10.877,11.045,11.294,11.827,12.9
455,OTH FP,4.702,5.586,5.883,6.066,6.186,6.381,6.513,6.595,6.677,6.803,6.87,6.941,7.014,7.08,7.143,7.205,7.287,7.33,7.387,7.425,7.464,7.506,7.554,7.598,7.645,7.686,7.728,7.774,7.809,7.852,7.896,7.921,7.97,8.008,8.034,8.073,8.096,8.129,8.174,8.209,8.237,8.27,8.304,8.34,8.365,8.391,8.424,8.454,8.486,8.515,8.544,8.572,8.603,8.638,8.675,8.717,8.75,8.782,8.819,8.85,8.878,8.914,8.948,8.979,9.017,9.05,9.083,9.112,9.141,9.176,9.206,9.244,9.281,9.332,9.362,9.409,9.452,9.484,9.531,9.58,9.625,9.666,9.725,9.791,9.844,9.894,9.946,10.018,10.074,10.136,10.217,10.318,10.421,10.518,10.584,10.753,10.877,11.045,11.294,11.827,12.9
456,OTH FP,4.543,5.536,5.858,6.024,6.232,6.368,6.498,6.626,6.723,6.797,6.854,6.921,6.996,7.065,7.147,7.198,7.264,7.319,7.352,7.395,7.437,7.504,7.538,7.573,7.608,7.646,7.693,7.732,7.773,7.815,7.868,7.9,7.935,7.967,8.007,8.045,8.088,8.125,8.161,8.2,8.238,8.277,8.308,8.348,8.375,8.403,8.426,8.456,8.486,8.52,8.547,8.576,8.61,8.645,8.687,8.722,8.759,8.792,8.816,8.853,8.889,8.924,8.955,8.989,9.027,9.061,9.093,9.132,9.161,9.194,9.233,9.264,9.308,9.342,9.386,9.424,9.478,9.513,9.547,9.6,9.659,9.716,9.748,9.79,9.847,9.908,9.961,10.029,10.086,10.14,10.234,10.301,10.391,10.486,10.595,10.694,10.84,11.046,11.29,11.765,12.84
457,OTH FP,4.543,5.536,5.858,6.024,6.232,6.368,6.498,6.626,6.723,6.797,6.854,6.921,6.996,7.065,7.147,7.198,7.264,7.319,7.352,7.395,7.437,7.504,7.538,7.573,7.608,7.646,7.693,7.732,7.773,7.815,7.868,7.9,7.935,7.967,8.007,8.045,8.088,8.125,8.161,8.2,8.238,8.277,8.308,8.348,8.375,8.403,8.426,8.456,8.486,8.52,8.547,8.576,8.61,8.645,8.687,8.722,8.759,8.792,8.816,8.853,8.889,8.924,8.955,8.989,9.027,9.061,9.093,9.132,9.161,9.194,9.233,9.264,9.308,9.342,9.386,9.424,9.478,9.513,9.547,9.6,9.659,9.716,9.748,9.79,9.847,9.908,9.961,10.029,10.086,10.14,10.234,10.301,10.391,10.486,10.595,10.694,10.84,11.046,11.29,11.765,12.84
458,OTH FP,4.6,5.523,5.845,6.095,6.267,6.4,6.525,6.611,6.697,6.789,6.86,6.932,7.018,7.092,7.149,7.207,7.261,7.32,7.373,7.43,7.475,7.517,7.553,7.586,7.642,7.674,7.716,7.763,7.819,7.857,7.897,7.931,7.96,7.994,8.029,8.059,8.089,8.114,8.158,8.199,8.23,8.264,8.294,8.327,8.36,8.387,8.418,8.456,8.489,8.516,8.556,8.581,8.616,8.648,8.679,8.713,8.745,8.772,8.806,8.833,8.874,8.918,8.943,8.972,9.015,9.058,9.094,9.127,9.165,9.199,9.242,9.276,9.313,9.355,9.397,9.446,9.486,9.525,9.569,9.61,9.642,9.685,9.753,9.812,9.874,9.919,9.972,10.027,10.086,10.152,10.217,10.306,10.375,10.451,10.57,10.686,10.836,11.082,11.356,11.772,12.599
459,OTH FP,4.6,5.523,5.845,6.095,6.267,6.4,6.525,6.611,6.697,6.789,6.86,6.932,7.018,7.092,7.149,7.207,7.261,7.32,7.373,7.43,7.475,7.517,7.553,7.586,7.642,7.674,7.716,7.763,7.819,7.857,7.897,7.931,7.96,7.994,8.029,8.059,8.089,8.114,8.158,8.199,8.23,8.264,8.294,8.327,8.36,8.387,8.418,8.456,8.489,8.516,8.556,8.581,8.616,8.648,8.679,8.713,8.745,8.772,8.806,8.833,8.874,8.918,8.943,8.972,9.015,9.058,9.094,9.127,9.165,9.199,9.242,9.276,9.313,9.355,9.397,9.446,9.486,9.525,9.569,9.61,9.642,9.685,9.753,9.812,9.874,9.919,9.972,10.027,10.086,10.152,10.217,10.306,10.375,10.451,10.57,10.686,10.836,11.082,11.356,11.772,12.599
460,OTH FP,4.415,5.487,5.875,6.117,6.286,6.429,6.52,6.631,6.712,6.82,6.907,6.989,7.076,7.138,7.187,7.227,7.284,7.327,7.374,7.415,7.463,7.498,7.544,7.582,7.629,7.673,7.704,7.774,7.81,7.844,7.882,7.93,7.966,7.999,8.032,8.063,8.097,8.128,8.158,8.189,8.229,8.257,8.297,8.33,8.356,8.385,8.421,8.443,8.476,8.506,8.536,8.582,8.613,8.642,8.683,8.71,8.751,8.784,8.815,8.846,8.881,8.918,8.949,8.978,9.013,9.05,9.083,9.129,9.161,9.198,9.236,9.267,9.31,9.35,9.4,9.448,9.481,9.525,9.558,9.61,9.661,9.702,9.736,9.776,9.843,9.887,9.949,9.996,10.066,10.131,10.184,10.258,10.332,10.437,10.555,10.678,10.876,11.053,11.33,11.723,12.752
461,OTH FP,4.415,5.487,5.875,6.117,6.286,6.429,6.52,6.631,6.712,6.82,6.907,6.989,7.076,7.138,7.187,7.227,7.284,7.327,7.374,7.415,7.463,7.498,7.544,7.582,7.629,7.673,7.704,7.774,7.81,7.844,7.882,7.93,7.966,7.999,8.032,8.063,8.097,8.128,8.158,8.189,8.229,8.257,8.297,8.33,8.356,8.385,8.421,8.443,8.476,8.506,8.536,8.582,8.613,8.642,8.683,8.71,8.751,8.784,8.815,8.846,8.881,8.918,8.949,8.978,9.013,9.05,9.083,9.129,9.161,9.198,9.236,9.267,9.31,9.35,9.4,9.448,9.481,9.525,9.558,9.61,9.661,9.702,9.736,9.776,9.843,9.887,9.949,9.996,10.066,10.131,10.184,10.258,10.332,10.437,10.555,10.678,10.876,11.053,11.33,11.723,12.752
462,OTH FP,4.671,5.581,5.904,6.129,6.321,6.473,6.593,6.665,6.74,6.823,6.882,6.976,7.044,7.099,7.149,7.201,7.261,7.305,7.382,7.435,7.481,7.527,7.568,7.614,7.661,7.7,7.731,7.77,7.806,7.858,7.896,7.927,7.962,7.999,8.041,8.077,8.103,8.139,8.171,8.206,8.236,8.276,8.305,8.335,8.368,8.4,8.428,8.459,8.488,8.525,8.562,8.592,8.621,8.649,8.676,8.704,8.746,8.773,8.802,8.829,8.861,8.898,8.942,8.98,9.012,9.036,9.077,9.105,9.133,9.164,9.197,9.238,9.277,9.317,9.358,9.402,9.445,9.482,9.524,9.576,9.61,9.665,9.702,9.769,9.814,9.867,9.917,9.974,10.028,10.115,10.195,10.277,10.356,10.478,10.575,10.711,10.843,11.031,11.319,11.688,12.863
463,OTH FP,4.671,5.581,5.904,6.129,6.321,6.473,6.593,6.665,6.74,6.823,6.882,6.976,7.044,7.099,7.149,7.201,7.261,7.305,7.382,7.435,7.481,7.527,7.568,7.614,7.661,7.7,7.731,7.77,7.806,7.858,7.896,7.927,7.962,7.999,8.041,8.077,8.103,8.139,8.171,8.206,8.236,8.276,8.305,8.335,8.368,8.4,8.428,8.459,8.488,8.525,8.562,8.592,8.621,8.649,8.676,8.704,8.746,8.773,8.802,8.829,8.861,8.898,8.942,8.98,9.012,9.036,9.077,9.105,9.133,9.164,9.197,9.238,9.277,9.317,9.358,9.402,9.445,9.482,9.524,9.576,9.61,9.665,9.702,9.769,9.814,9.867,9.917,9.974,10.028,10.115,10.195,10.277,10.356,10.478,10.575,10.711,10.843,11.031,11.319,11.688,12.863
464,OTH FP,4.878,5.656,5.992,6.185,6.335,6.461,6.593,6.67,6.773,6.858,6.935,7.001,7.053,7.118,7.18,7.236,7.287,7.329,7.385,7.436,7.471,7.509,7.561,7.599,7.656,7.694,7.739,7.782,7.825,7.863,7.893,7.928,7.953,7.988,8.03,8.061,8.097,8.132,8.173,8.209,8.242,8.271,8.307,8.342,8.372,8.402,8.437,8.467,8.496,8.531,8.554,8.59,8.627,8.653,8.684,8.705,8.736,8.763,8.797,8.831,8.865,8.901,8.937,8.968,8.996,9.022,9.057,9.095,9.128,9.164,9.189,9.228,9.261,9.304,9.341,9.385,9.417,9.46,9.504,9.544,9.601,9.643,9.698,9.744,9.792,9.842,9.912,9.958,10.019,10.099,10.163,10.233,10.344,10.448,10.542,10.656,10.769,10.969,11.225,11.569,12.811
465,OTH FP,4.878,5.656,5.992,6.185,6.335,6.461,6.593,6.67,6.773,6.858,6.935,7.001,7.053,7.118,7.18,7.236,7.287,7.329,7.385,7.436,7.471,7.509,7.561,7.599,7.656,7.694,7.739,7.782,7.825,7.863,7.893,7.928,7.953,7.988,8.03,8.061,8.097,8.132,8.173,8.209,8.242,8.271,8.307,8.342,8.372,8.402,8.437,8.467,8.496,8.531,8.554,8.59,8.627,8.653,8.684,8.705,8.736,8.763,8.797,8.831,8.865,8.901,8.937,8.968,8.996,9.022,9.057,9.095,9.128,9.164,9.189,9.228,9.261,9.304,9.341,9.385,9.417,9.46,9.504,9.544,9.601,9.643,9.698,9.744,9.792,9.842,9.912,9.958,10.019,10.099,10.163,10.233,10.344,10.448,10.542,10.656,10.769,10.969,11.225,11.569,12.811
466,OTH FP,4.529,5.711,5.986,6.178,6.348,6.492,6.605,6.687,6.798,6.892,6.957,7.03,7.101,7.152,7.201,7.247,7.306,7.349,7.395,7.435,7.474,7.512,7.542,7.582,7.627,7.675,7.717,7.762,7.806,7.851,7.894,7.923,7.957,7.996,8.038,8.07,8.107,8.134,8.162,8.194,8.23,8.266,8.297,8.321,8.353,8.385,8.41,8.442,8.469,8.498,8.535,8.563,8.599,8.634,8.666,8.695,8.729,8.768,8.799,8.837,8.864,8.896,8.932,8.965,8.996,9.021,9.051,9.084,9.113,9.141,9.182,9.222,9.251,9.283,9.313,9.355,9.392,9.44,9.488,9.533,9.574,9.628,9.693,9.742,9.794,9.852,9.929,9.997,10.063,10.122,10.19,10.263,10.332,10.43,10.525,10.618,10.744,10.914,11.126,11.544,12.505
467,OTH FP,4.529,5.711,5.986,6.178,6.348,6.492,6.605,6.687,6.798,6.892,6.957,7.03,7.101,7.152,7.201,7.247,7.306,7.349,7.395,7.435,7.474,7.512,7.542,7.582,7.627,7.675,7.717,7.762,7.806,7.851,7.894,7.923,7.957,7.996,8.038,8.07,8.107,8.134,8.162,8.194,8.23,8.266,8.297,8.321,8.353,8.385,8.41,8.442,8.469,8.498,8.535,8.563,8.599,8.634,8.666,8.695,8.729,8.768,8.799,8.837,8.864,8.896,8.932,8.965,8.996,9.021,9.051,9.084,9.113,9.141,9.182,9.222,9.251,9.283,9.313,9.355,9.392,9.44,9.488,9.533,9.574,9.628,9.693,9.742,9.794,9.852,9.929,9.997,10.063,10.122,10.19,10.263,10.332,10.43,10.525,10.618,10.744,10.914,11.126,11.544,12.505
468,OTH FP,4.535,5.721,6.022,6.204,6.364,6.505,6.623,6.728,6.812,6.903,6.976,7.046,7.107,7.159,7.205,7.245,7.302,7.353,7.386,7.433,7.474,7.511,7.563,7.616,7.666,7.704,7.739,7.777,7.816,7.852,7.898,7.931,7.972,8.012,8.039,8.073,8.097,8.128,8.166,8.199,8.227,8.257,8.287,8.319,8.345,8.373,8.401,8.427,8.458,8.492,8.524,8.561,8.601,8.631,8.659,8.691,8.723,8.747,8.781,8.806,8.837,8.867,8.898,8.93,8.981,9.012,9.043,9.073,9.113,9.144,9.174,9.205,9.238,9.274,9.319,9.35,9.389,9.437,9.486,9.526,9.562,9.601,9.649,9.704,9.76,9.808,9.875,9.928,10.011,10.079,10.142,10.228,10.296,10.405,10.482,10.563,10.695,10.887,11.12,11.481,12.541
469,OTH FP,4.535,5.721,6.022,6.204,6.364,6.505,6.623,6.728,6.812,6.903,6.976,7.046,7.107,7.159,7.205,7.245,7.302,7.353,7.386,7.433,7.474,7.511,7.563,7.616,7.666,7.704,7.739,7.777,7.816,7.852,7.898,7.931,7.972,8.012,8.039,8.073,8.097,8.128,8.166,8.199,8.227,8.257,8.287,8.319,8.345,8.373,8.401,8.427,8.458,8.492,8.524,8.561,8.601,8.631,8.659,8.691,8.723,8.747,8.781,8.806,8.837,8.867,8.898,8.93,8.981,9.012,9.043,9.073,9.113,9.144,9.174,9.205,9.238,9.274,9.319,9.35,9.389,9.437,9.486,9.526,9.562,9.601,9.649,9.704,9.76,9.808,9.875,9.928,10.011,10.079,10.142,10.228,10.296,10.405,10.482,10.563,10.695,10.887,11.12,11.481,12.541
470,OTH FP,4.926,5.823,6.017,6.224,6.38,6.548,6.64,6.751,6.823,6.907,6.973,7.038,7.099,7.154,7.204,7.277,7.337,7.381,7.432,7.469,7.518,7.56,7.593,7.636,7.679,7.717,7.759,7.795,7.827,7.862,7.894,7.935,7.965,7.987,8.018,8.059,8.096,8.12,8.162,8.198,8.227,8.254,8.286,8.315,8.338,8.364,8.387,8.423,8.463,8.498,8.53,8.554,8.591,8.627,8.653,8.688,8.717,8.746,8.774,8.813,8.846,8.872,8.913,8.945,8.98,9.006,9.041,9.074,9.104,9.136,9.163,9.196,9.227,9.261,9.296,9.328,9.371,9.41,9.451,9.497,9.549,9.591,9.634,9.686,9.732,9.789,9.841,9.903,9.956,10.031,10.099,10.175,10.26,10.344,10.449,10.599,10.714,10.847,11.06,11.473,12.542
471,OTH FP,4.926,5.823,6.017,6.224,6.38,6.548,6.64,6.751,6.823,6.907,6.973,7.038,7.099,7.154,7.204,7.277,7.337,7.381,7.432,7.469,7.518,7.56,7.593,7.636,7.679,7.717,7.759,7.795,7.827,7.862,7.894,7.935,7.965,7.987,8.018,8.059,8.096,8.12,8.162,8.198,8.227,8.254,8.286,8.315,8.338,8.364,8.387,8.423,8.463,8.498,8.53,8.554,8.591,8.627,8.653,8.688,8.717,8.746,8.774,8.813,8.846,8.872,8.913,8.945,8.98,9.006,9.041,9.074,9.104,9.136,9.163,9.196,9.227,9.261,9.296,9.328,9.371,9.41,9.451,9.497,9.549,9.591,9.634,9.686,9.732,9.789,9.841,9.903,9.956,10.031,10.099,10.175,10.26,10.344,10.449,10.599,10.714,10.847,11.06,11.473,12.542
472,OTH FP,4.83,5.828,6.091,6.295,6.465,6.583,6.691,6.781,6.877,6.944,7.001,7.058,7.108,7.18,7.219,7.269,7.33,7.384,7.43,7.477,7.516,7.56,7.6,7.638,7.686,7.725,7.762,7.799,7.833,7.878,7.911,7.938,7.963,8.003,8.027,8.063,8.1,8.13,8.154,8.189,8.22,8.245,8.277,8.318,8.356,8.385,8.412,8.445,8.472,8.499,8.529,8.557,8.588,8.616,8.645,8.682,8.727,8.759,8.792,8.816,8.844,8.871,8.906,8.937,8.971,9.005,9.027,9.056,9.084,9.121,9.158,9.197,9.224,9.26,9.295,9.336,9.374,9.405,9.44,9.488,9.541,9.578,9.636,9.687,9.726,9.784,9.828,9.88,9.929,9.999,10.073,10.152,10.249,10.332,10.441,10.578,10.7,10.903,11.052,11.49,12.722
473,OTH FP,4.83,5.828,6.091,6.295,6.465,6.583,6.691,6.781,6.877,6.944,7.001,7.058,7.108,7.18,7.219,7.269,7.33,7.384,7.43,7.477,7.516,7.56,7.6,7.638,7.686,7.725,7.762,7.799,7.833,7.878,7.911,7.938,7.963,8.003,8.027,8.063,8.1,8.13,8.154,8.189,8.22,8.245,8.277,8.318,8.356,8.385,8.412,8.445,8.472,8.499,8.529,8.557,8.588,8.616,8.645,8.682,8.727,8.759,8.792,8.816,8.844,8.871,8.906,8.937,8.971,9.005,9.027,9.056,9.084,9.121,9.158,9.197,9.224,9.26,9.295,9.336,9.374,9.405,9.44,9.488,9.541,9.578,9.636,9.687,9.726,9.784,9.828,9.88,9.929,9.999,10.073,10.152,10.249,10.332,10.441,10.578,10.7,10.903,11.052,11.49,12.722
474,OTH FP,4.993,5.833,6.167,6.379,6.486,6.621,6.714,6.782,6.875,6.94,7.018,7.073,7.13,7.178,7.233,7.284,7.344,7.388,7.447,7.49,7.525,7.568,7.615,7.666,7.702,7.741,7.784,7.819,7.856,7.891,7.924,7.954,7.987,8.015,8.046,8.073,8.104,8.132,8.161,8.196,8.239,8.273,8.301,8.336,8.366,8.397,8.431,8.458,8.482,8.515,8.545,8.577,8.611,8.64,8.668,8.699,8.736,8.765,8.806,8.838,8.867,8.9,8.926,8.956,8.983,9.016,9.046,9.073,9.099,9.14,9.173,9.21,9.241,9.266,9.312,9.359,9.397,9.433,9.474,9.514,9.551,9.604,9.645,9.691,9.739,9.783,9.823,9.88,9.943,10.019,10.088,10.165,10.247,10.348,10.431,10.572,10.753,10.884,11.078,11.433,12.864
475,OTH FP,4.993,5.833,6.167,6.379,6.486,6.621,6.714,6.782,6.875,6.94,7.018,7.073,7.13,7.178,7.233,7.284,7.344,7.388,7.447,7.49,7.525,7.568,7.615,7.666,7.702,7.741,7.784,7.819,7.856,7.891,7.924,7.954,7.987,8.015,8.046,8.073,8.104,8.132,8.161,8.196,8.239,8.273,8.301,8.336,8.366,8.397,8.431,8.458,8.482,8.515,8.545,8.577,8.611,8.64,8.668,8.699,8.736,8.765,8.806,8.838,8.867,8.9,8.926,8.956,8.983,9.016,9.046,9.073,9.099,9.14,9.173,9.21,9.241,9.266,9.312,9.359,9.397,9.433,9.474,9.514,9.551,9.604,9.645,9.691,9.739,9.783,9.823,9.88,9.943,10.019,10.088,10.165,10.247,10.348,10.431,10.572,10.753,10.884,11.078,11.433,12.864
476,OTH FP,5.124,5.812,6.198,6.389,6.532,6.633,6.711,6.791,6.865,6.936,6.998,7.063,7.135,7.187,7.245,7.295,7.349,7.397,7.442,7.49,7.532,7.56,7.595,7.633,7.671,7.718,7.756,7.805,7.845,7.882,7.918,7.953,7.992,8.022,8.06,8.09,8.112,8.151,8.187,8.217,8.253,8.28,8.313,8.347,8.377,8.405,8.435,8.462,8.49,8.524,8.551,8.581,8.617,8.66,8.684,8.709,8.73,8.756,8.791,8.818,8.85,8.876,8.917,8.947,8.983,9.008,9.033,9.067,9.099,9.131,9.159,9.2,9.233,9.268,9.294,9.34,9.368,9.401,9.443,9.481,9.521,9.565,9.627,9.676,9.722,9.767,9.817,9.872,9.918,9.981,10.065,10.169,10.251,10.317,10.423,10.531,10.681,10.807,11.009,11.319,12.47
477,OTH FP,5.124,5.812,6.198,6.389,6.532,6.633,6.711,6.791,6.865,6.936,6.998,7.063,7.135,7.187,7.245,7.295,7.349,7.397,7.442,7.49,7.532,7.56,7.595,7.633,7.671,7.718,7.756,7.805,7.845,7.882,7.918,7.953,7.992,8.022,8.06,8.09,8.112,8.151,8.187,8.217,8.253,8.28,8.313,8.347,8.377,8.405,8.435,8.462,8.49,8.524,8.551,8.581,8.617,8.66,8.684,8.709,8.73,8.756,8.791,8.818,8.85,8.876,8.917,8.947,8.983,9.008,9.033,9.067,9.099,9.131,9.159,9.2,9.233,9.268,9.294,9.34,9.368,9.401,9.443,9.481,9.521,9.565,9.627,9.676,9.722,9.767,9.817,9.872,9.918,9.981,10.065,10.169,10.251,10.317,10.423,10.531,10.681,10.807,11.009,11.319,12.47
478,OTH FP,5.142,5.904,6.17,6.349,6.504,6.635,6.722,6.799,6.875,6.943,7.018,7.087,7.162,7.221,7.278,7.327,7.382,7.43,7.474,7.521,7.557,7.587,7.621,7.66,7.701,7.736,7.769,7.819,7.854,7.885,7.918,7.956,7.981,8.016,8.047,8.08,8.111,8.14,8.184,8.21,8.242,8.271,8.303,8.336,8.365,8.398,8.422,8.45,8.485,8.51,8.539,8.572,8.602,8.631,8.663,8.688,8.721,8.751,8.784,8.825,8.855,8.88,8.908,8.937,8.959,9.003,9.036,9.068,9.108,9.138,9.176,9.207,9.237,9.272,9.317,9.344,9.377,9.41,9.449,9.491,9.527,9.571,9.609,9.657,9.699,9.746,9.786,9.835,9.899,9.967,10.044,10.112,10.182,10.262,10.368,10.495,10.629,10.785,10.967,11.175,12.636
479,OTH FP,5.142,5.904,6.17,6.349,6.504,6.635,6.722,6.799,6.875,6.943,7.018,7.087,7.162,7.221,7.278,7.327,7.382,7.43,7.474,7.521,7.557,7.587,7.621,7.66,7.701,7.736,7.769,7.819,7.854,7.885,7.918,7.956,7.981,8.016,8.047,8.08,8.111,8.14,8.184,8.21,8.242,8.271,8.303,8.336,8.365,8.398,8.422,8.45,8.485,8.51,8.539,8.572,8.602,8.631,8.663,8.688,8.721,8.751,8.784,8.825,8.855,8.88,8.908,8.937,8.959,9.003,9.036,9.068,9.108,9.138,9.176,9.207,9.237,9.272,9.317,9.344,9.377,9.41,9.449,9.491,9.527,9.571,9.609,9.657,9.699,9.746,9.786,9.835,9.899,9.967,10.044,10.112,10.182,10.262,10.368,10.495,10.629,10.785,10.967,11.175,12.636
480,OTH FP,5.231,5.973,6.247,6.432,6.551,6.659,6.763,6.873,6.931,7.009,7.08,7.147,7.199,7.25,7.303,7.353,7.387,7.437,7.481,7.523,7.555,7.588,7.625,7.671,7.709,7.732,7.77,7.811,7.853,7.892,7.921,7.954,7.987,8.016,8.054,8.086,8.109,8.149,8.181,8.215,8.234,8.262,8.292,8.318,8.355,8.389,8.416,8.448,8.484,8.514,8.547,8.576,8.607,8.64,8.669,8.689,8.727,8.757,8.789,8.822,8.847,8.881,8.907,8.94,8.971,9.002,9.032,9.055,9.081,9.109,9.149,9.182,9.217,9.248,9.272,9.304,9.332,9.372,9.412,9.455,9.493,9.544,9.586,9.633,9.683,9.726,9.774,9.828,9.881,9.949,10.026,10.105,10.175,10.267,10.359,10.479,10.605,10.791,10.992,11.231,12.356
481,OTH FP,5.231,5.973,6.247,6.432,6.551,6.659,6.763,6.873,6.931,7.009,7.08,7.147,7.199,7.25,7.303,7.353,7.387,7.437,7.481,7.523,7.555,7.588,7.625,7.671,7.709,7.732,7.77,7.811,7.853,7.892,7.921,7.954,7.987,8.016,8.054,8.086,8.109,8.149,8.181,8.215,8.234,8.262,8.292,8.318,8.355,8.389,8.416,8.448,8.484,8.514,8.547,8.576,8.607,8.64,8.669,8.689,8.727,8.757,8.789,8.822,8.847,8.881,8.907,8.94,8.971,9.002,9.032,9.055,9.081,9.109,9.149,9.182,9.217,9.248,9.272,9.304,9.332,9.372,9.412,9.455,9.493,9.544,9.586,9.633,9.683,9.726,9.774,9.828,9.881,9.949,10.026,10.105,10.175,10.267,10.359,10.479,10.605,10.791,10.992,11.231,12.356
482,OTH FP,5.167,5.885,6.255,6.48,6.602,6.717,6.802,6.89,6.955,7.018,7.085,7.135,7.206,7.264,7.306,7.35,7.395,7.447,7.496,7.532,7.566,7.598,7.631,7.668,7.719,7.757,7.793,7.83,7.862,7.897,7.931,7.964,7.991,8.023,8.054,8.093,8.122,8.153,8.186,8.213,8.245,8.275,8.306,8.335,8.364,8.388,8.422,8.45,8.479,8.504,8.53,8.561,8.58,8.609,8.644,8.675,8.706,8.732,8.762,8.794,8.825,8.855,8.885,8.912,8.937,8.976,9.006,9.042,9.077,9.101,9.132,9.162,9.197,9.225,9.264,9.294,9.327,9.36,9.389,9.434,9.475,9.514,9.556,9.6,9.645,9.69,9.745,9.806,9.866,9.916,9.971,10.043,10.14,10.225,10.32,10.404,10.542,10.745,10.964,11.23,12.245
483,OTH FP,5.167,5.885,6.255,6.48,6.602,6.717,6.802,6.89,6.955,7.018,7.085,7.135,7.206,7.264,7.306,7.35,7.395,7.447,7.496,7.532,7.566,7.598,7.631,7.668,7.719,7.757,7.793,7.83,7.862,7.897,7.931,7.964,7.991,8.023,8.054,8.093,8.122,8.153,8.186,8.213,8.245,8.275,8.306,8.335,8.364,8.388,8.422,8.45,8.479,8.504,8.53,8.561,8.58,8.609,8.644,8.675,8.706,8.732,8.762,8.794,8.825,8.855,8.885,8.912,8.937,8.976,9.006,9.042,9.077,9.101,9.132,9.162,9.197,9.225,9.264,9.294,9.327,9.36,9.389,9.434,9.475,9.514,9.556,9.6,9.645,9.69,9.745,9.806,9.866,9.916,9.971,10.043,10.14,10.225,10.32,10.404,10.542,10.745,10.964,11.23,12.245
484,OTH FP,5.172,5.934,6.312,6.54,6.686,6.764,6.857,6.946,7.013,7.073,7.138,7.2,7.246,7.291,7.332,7.375,7.425,7.463,7.516,7.563,7.599,7.634,7.675,7.707,7.74,7.767,7.8,7.839,7.879,7.904,7.934,7.97,8.001,8.033,8.068,8.11,8.142,8.166,8.196,8.231,8.254,8.285,8.31,8.339,8.372,8.393,8.415,8.442,8.472,8.498,8.526,8.556,8.578,8.611,8.637,8.659,8.682,8.708,8.732,8.761,8.791,8.835,8.86,8.881,8.909,8.939,8.98,9.013,9.047,9.079,9.116,9.141,9.177,9.21,9.248,9.28,9.32,9.349,9.387,9.425,9.454,9.493,9.536,9.572,9.608,9.658,9.708,9.771,9.823,9.88,9.937,10.022,10.093,10.183,10.271,10.39,10.5,10.634,10.812,11.127,12.047
485,OTH FP,5.172,5.934,6.312,6.54,6.686,6.764,6.857,6.946,7.013,7.073,7.138,7.2,7.246,7.291,7.332,7.375,7.425,7.463,7.516,7.563,7.599,7.634,7.675,7.707,7.74,7.767,7.8,7.839,7.879,7.904,7.934,7.97,8.001,8.033,8.068,8.11,8.142,8.166,8.196,8.231,8.254,8.285,8.31,8.339,8.372,8.393,8.415,8.442,8.472,8.498,8.526,8.556,8.578,8.611,8.637,8.659,8.682,8.708,8.732,8.761,8.791,8.835,8.86,8.881,8.909,8.939,8.98,9.013,9.047,9.079,9.116,9.141,9.177,9.21,9.248,9.28,9.32,9.349,9.387,9.425,9.454,9.493,9.536,9.572,9.608,9.658,9.708,9.771,9.823,9.88,9.937,10.022,10.093,10.183,10.271,10.39,10.5,10.634,10.812,11.127,12.047
486,OTH FP,5.213,6.108,6.397,6.537,6.707,6.843,6.94,7.015,7.065,7.119,7.169,7.221,7.265,7.312,7.358,7.413,7.446,7.495,7.538,7.575,7.62,7.655,7.695,7.732,7.768,7.803,7.839,7.869,7.909,7.946,7.975,7.997,8.026,8.052,8.081,8.111,8.135,8.169,8.199,8.229,8.26,8.284,8.318,8.341,8.369,8.388,8.413,8.444,8.473,8.503,8.531,8.562,8.592,8.621,8.641,8.669,8.699,8.727,8.758,8.785,8.815,8.842,8.864,8.898,8.934,8.964,8.985,9.019,9.045,9.084,9.114,9.141,9.171,9.208,9.24,9.268,9.3,9.35,9.377,9.406,9.44,9.472,9.514,9.553,9.607,9.65,9.699,9.745,9.799,9.865,9.923,9.986,10.045,10.129,10.2,10.3,10.437,10.577,10.772,11.036,11.936
487,OTH FP,5.213,6.108,6.397,6.537,6.707,6.843,6.94,7.015,7.065,7.119,7.169,7.221,7.265,7.312,7.358,7.413,7.446,7.495,7.538,7.575,7.62,7.655,7.695,7.732,7.768,7.803,7.839,7.869,7.909,7.946,7.975,7.997,8.026,8.052,8.081,8.111,8.135,8.169,8.199,8.229,8.26,8.284,8.318,8.341,8.369,8.388,8.413,8.444,8.473,8.503,8.531,8.562,8.592,8.621,8.641,8.669,8.699,8.727,8.758,8.785,8.815,8.842,8.864,8.898,8.934,8.964,8.985,9.019,9.045,9.084,9.114,9.141,9.171,9.208,9.24,9.268,9.3,9.35,9.377,9.406,9.44,9.472,9.514,9.553,9.607,9.65,9.699,9.745,9.799,9.865,9.923,9.986,10.045,10.129,10.2,10.3,10.437,10.577,10.772,11.036,11.936
488,OTH FP,5.295,6.12,6.407,6.572,6.702,6.815,6.894,6.983,7.049,7.124,7.174,7.223,7.27,7.323,7.366,7.406,7.443,7.499,7.538,7.582,7.621,7.662,7.702,7.747,7.775,7.813,7.851,7.878,7.918,7.946,7.973,8.01,8.045,8.068,8.101,8.132,8.164,8.196,8.221,8.248,8.271,8.301,8.324,8.351,8.38,8.409,8.442,8.478,8.504,8.532,8.562,8.585,8.612,8.633,8.663,8.692,8.719,8.739,8.768,8.793,8.825,8.857,8.89,8.912,8.948,8.975,9.0,9.025,9.055,9.082,9.116,9.147,9.176,9.203,9.231,9.271,9.301,9.354,9.4,9.435,9.47,9.508,9.549,9.597,9.644,9.686,9.732,9.786,9.832,9.875,9.932,9.987,10.068,10.134,10.24,10.354,10.46,10.637,10.869,11.243,11.955
489,OTH FP,5.295,6.12,6.407,6.572,6.702,6.815,6.894,6.983,7.049,7.124,7.174,7.223,7.27,7.323,7.366,7.406,7.443,7.499,7.538,7.582,7.621,7.662,7.702,7.747,7.775,7.813,7.851,7.878,7.918,7.946,7.973,8.01,8.045,8.068,8.101,8.132,8.164,8.196,8.221,8.248,8.271,8.301,8.324,8.351,8.38,8.409,8.442,8.478,8.504,8.532,8.562,8.585,8.612,8.633,8.663,8.692,8.719,8.739,8.768,8.793,8.825,8.857,8.89,8.912,8.948,8.975,9.0,9.025,9.055,9.082,9.116,9.147,9.176,9.203,9.231,9.271,9.301,9.354,9.4,9.435,9.47,9.508,9.549,9.597,9.644,9.686,9.732,9.786,9.832,9.875,9.932,9.987,10.068,10.134,10.24,10.354,10.46,10.637,10.869,11.243,11.955
490,OTH FP,5.262,6.07,6.411,6.564,6.709,6.815,6.895,6.967,7.036,7.087,7.172,7.245,7.294,7.341,7.395,7.444,7.496,7.532,7.573,7.612,7.649,7.69,7.727,7.774,7.799,7.825,7.863,7.887,7.923,7.951,7.978,8.011,8.046,8.073,8.106,8.133,8.159,8.182,8.214,8.252,8.28,8.303,8.335,8.363,8.393,8.423,8.449,8.482,8.502,8.527,8.555,8.586,8.621,8.648,8.677,8.704,8.735,8.756,8.783,8.814,8.849,8.873,8.897,8.923,8.94,8.973,9.004,9.034,9.062,9.095,9.131,9.158,9.187,9.218,9.251,9.286,9.328,9.362,9.398,9.442,9.477,9.527,9.579,9.623,9.66,9.703,9.741,9.791,9.838,9.9,9.964,10.029,10.089,10.173,10.298,10.404,10.51,10.679,10.873,11.201,12.102
491,OTH FP,5.262,6.07,6.411,6.564,6.709,6.815,6.895,6.967,7.036,7.087,7.172,7.245,7.294,7.341,7.395,7.444,7.496,7.532,7.573,7.612,7.649,7.69,7.727,7.774,7.799,7.825,7.863,7.887,7.923,7.951,7.978,8.011,8.046,8.073,8.106,8.133,8.159,8.182,8.214,8.252,8.28,8.303,8.335,8.363,8.393,8.423,8.449,8.482,8.502,8.527,8.555,8.586,8.621,8.648,8.677,8.704,8.735,8.756,8.783,8.814,8.849,8.873,8.897,8.923,8.94,8.973,9.004,9.034,9.062,9.095,9.131,9.158,9.187,9.218,9.251,9.286,9.328,9.362,9.398,9.442,9.477,9.527,9.579,9.623,9.66,9.703,9.741,9.791,9.838,9.9,9.964,10.029,10.089,10.173,10.298,10.404,10.51,10.679,10.873,11.201,12.102
492,OTH FP,5.0,6.104,6.381,6.54,6.685,6.791,6.906,6.985,7.063,7.14,7.198,7.264,7.313,7.366,7.405,7.443,7.48,7.529,7.578,7.621,7.653,7.684,7.728,7.773,7.823,7.864,7.899,7.932,7.964,7.988,8.028,8.065,8.095,8.124,8.148,8.187,8.208,8.237,8.265,8.282,8.307,8.337,8.361,8.391,8.423,8.44,8.467,8.496,8.524,8.55,8.583,8.612,8.637,8.664,8.699,8.728,8.747,8.775,8.801,8.829,8.85,8.878,8.899,8.93,8.958,8.988,9.017,9.039,9.07,9.101,9.131,9.171,9.203,9.241,9.271,9.298,9.344,9.377,9.409,9.449,9.488,9.527,9.573,9.631,9.68,9.723,9.778,9.835,9.889,9.938,9.999,10.058,10.125,10.211,10.292,10.41,10.539,10.7,10.905,11.25,12.388
493,OTH FP,5.0,6.104,6.381,6.54,6.685,6.791,6.906,6.985,7.063,7.14,7.198,7.264,7.313,7.366,7.405,7.443,7.48,7.529,7.578,7.621,7.653,7.684,7.728,7.773,7.823,7.864,7.899,7.932,7.964,7.988,8.028,8.065,8.095,8.124,8.148,8.187,8.208,8.237,8.265,8.282,8.307,8.337,8.361,8.391,8.423,8.44,8.467,8.496,8.524,8.55,8.583,8.612,8.637,8.664,8.699,8.728,8.747,8.775,8.801,8.829,8.85,8.878,8.899,8.93,8.958,8.988,9.017,9.039,9.07,9.101,9.131,9.171,9.203,9.241,9.271,9.298,9.344,9.377,9.409,9.449,9.488,9.527,9.573,9.631,9.68,9.723,9.778,9.835,9.889,9.938,9.999,10.058,10.125,10.211,10.292,10.41,10.539,10.7,10.905,11.25,12.388
494,OTH FP,5.275,6.043,6.342,6.544,6.659,6.772,6.866,6.951,7.03,7.093,7.156,7.221,7.278,7.342,7.387,7.447,7.5,7.549,7.592,7.633,7.671,7.713,7.762,7.792,7.83,7.87,7.899,7.938,7.973,8.002,8.028,8.057,8.088,8.112,8.142,8.183,8.215,8.245,8.274,8.296,8.324,8.349,8.368,8.394,8.422,8.447,8.474,8.511,8.532,8.554,8.576,8.607,8.628,8.659,8.693,8.72,8.757,8.785,8.814,8.855,8.893,8.917,8.937,8.972,8.993,9.034,9.061,9.092,9.119,9.144,9.17,9.204,9.239,9.268,9.298,9.33,9.362,9.399,9.435,9.48,9.522,9.565,9.61,9.658,9.707,9.749,9.797,9.859,9.912,9.984,10.027,10.082,10.167,10.254,10.353,10.427,10.521,10.693,10.883,11.321,12.352
495,OTH FP,5.275,6.043,6.342,6.544,6.659,6.772,6.866,6.951,7.03,7.093,7.156,7.221,7.278,7.342,7.387,7.447,7.5,7.549,7.592,7.633,7.671,7.713,7.762,7.792,7.83,7.87,7.899,7.938,7.973,8.002,8.028,8.057,8.088,8.112,8.142,8.183,8.215,8.245,8.274,8.296,8.324,8.349,8.368,8.394,8.422,8.447,8.474,8.511,8.532,8.554,8.576,8.607,8.628,8.659,8.693,8.72,8.757,8.785,8.814,8.855,8.893,8.917,8.937,8.972,8.993,9.034,9.061,9.092,9.119,9.144,9.17,9.204,9.239,9.268,9.298,9.33,9.362,9.399,9.435,9.48,9.522,9.565,9.61,9.658,9.707,9.749,9.797,9.859,9.912,9.984,10.027,10.082,10.167,10.254,10.353,10.427,10.521,10.693,10.883,11.321,12.352
496,OTH FP,5.186,5.986,6.348,6.502,6.665,6.761,6.849,6.928,7.027,7.111,7.164,7.234,7.305,7.357,7.406,7.461,7.507,7.556,7.592,7.636,7.689,7.73,7.761,7.783,7.826,7.86,7.889,7.937,7.966,7.99,8.016,8.051,8.088,8.123,8.158,8.188,8.216,8.24,8.269,8.296,8.327,8.357,8.379,8.399,8.432,8.459,8.484,8.51,8.543,8.569,8.589,8.614,8.642,8.67,8.698,8.734,8.761,8.794,8.821,8.85,8.881,8.907,8.931,8.958,8.985,9.013,9.048,9.094,9.127,9.158,9.19,9.216,9.251,9.287,9.32,9.349,9.383,9.419,9.446,9.477,9.536,9.58,9.631,9.675,9.732,9.767,9.83,9.893,9.952,9.997,10.057,10.131,10.198,10.245,10.396,10.502,10.606,10.745,10.979,11.259,12.241
497,OTH FP,5.186,5.986,6.348,6.502,6.665,6.761,6.849,6.928,7.027,7.111,7.164,7.234,7.305,7.357,7.406,7.461,7.507,7.556,7.592,7.636,7.689,7.73,7.761,7.783,7.826,7.86,7.889,7.937,7.966,7.99,8.016,8.051,8.088,8.123,8.158,8.188,8.216,8.24,8.269,8.296,8.327,8.357,8.379,8.399,8.432,8.459,8.484,8.51,8.543,8.569,8.589,8.614,8.642,8.67,8.698,8.734,8.761,8.794,8.821,8.85,8.881,8.907,8.931,8.958,8.985,9.013,9.048,9.094,9.127,9.158,9.19,9.216,9.251,9.287,9.32,9.349,9.383,9.419,9.446,9.477,9.536,9.58,9.631,9.675,9.732,9.767,9.83,9.893,9.952,9.997,10.057,10.131,10.198,10.245,10.396,10.502,10.606,10.745,10.979,11.259,12.241
498,OTH FP,5.231,5.973,6.313,6.486,6.674,6.771,6.879,6.951,7.023,7.12,7.183,7.256,7.291,7.339,7.395,7.454,7.5,7.534,7.577,7.631,7.676,7.712,7.747,7.776,7.81,7.84,7.887,7.919,7.946,7.976,8.018,8.051,8.081,8.119,8.141,8.176,8.204,8.237,8.265,8.284,8.307,8.341,8.362,8.382,8.408,8.443,8.466,8.49,8.524,8.552,8.582,8.611,8.643,8.682,8.71,8.733,8.766,8.798,8.823,8.85,8.878,8.907,8.933,8.962,8.995,9.027,9.051,9.083,9.121,9.152,9.191,9.221,9.259,9.303,9.335,9.363,9.398,9.436,9.463,9.512,9.559,9.609,9.659,9.713,9.75,9.808,9.859,9.908,9.956,10.023,10.073,10.145,10.25,10.328,10.428,10.501,10.62,10.782,10.962,11.301,12.199
499,OTH FP,5.231,5.973,6.313,6.486,6.674,6.771,6.879,6.951,7.023,7.12,7.183,7.256,7.291,7.339,7.395,7.454,7.5,7.534,7.577,7.631,7.676,7.712,7.747,7.776,7.81,7.84,7.887,7.919,7.946,7.976,8.018,8.051,8.081,8.119,8.141,8.176,8.204,8.237,8.265,8.284,8.307,8.341,8.362,8.382,8.408,8.443,8.466,8.49,8.524,8.552,8.582,8.611,8.643,8.682,8.71,8.733,8.766,8.798,8.823,8.85,8.878,8.907,8.933,8.962,8.995,9.027,9.051,9.083,9.121,9.152,9.191,9.221,9.259,9.303,9.335,9.363,9.398,9.436,9.463,9.512,9.559,9.609,9.659,9.713,9.75,9.808,9.859,9.908,9.956,10.023,10.073,10.145,10.25,10.328,10.428,10.501,10.62,10.782,10.962,11.301,12.199
500,OTH FP,5.401,5.992,6.312,6.524,6.704,6.822,6.914,6.997,7.075,7.136,7.198,7.26,7.318,7.368,7.413,7.446,7.499,7.551,7.588,7.633,7.671,7.724,7.754,7.801,7.851,7.891,7.918,7.943,7.969,8.004,8.045,8.069,8.095,8.118,8.144,8.174,8.204,8.234,8.258,8.286,8.315,8.349,8.372,8.403,8.43,8.466,8.491,8.522,8.544,8.571,8.606,8.627,8.655,8.681,8.707,8.735,8.771,8.796,8.828,8.865,8.891,8.923,8.955,8.986,9.022,9.049,9.077,9.105,9.142,9.173,9.201,9.229,9.263,9.304,9.335,9.382,9.418,9.458,9.494,9.528,9.557,9.611,9.652,9.698,9.758,9.816,9.851,9.91,9.96,10.018,10.095,10.157,10.214,10.303,10.386,10.489,10.613,10.811,11.044,11.348,12.119
501,OTH FP,5.401,5.992,6.312,6.524,6.704,6.822,6.914,6.997,7.075,7.136,7.198,7.26,7.318,7.368,7.413,7.446,7.499,7.551,7.588,7.633,7.671,7.724,7.754,7.801,7.851,7.891,7.918,7.943,7.969,8.004,8.045,8.069,8.095,8.118,8.144,8.174,8.204,8.234,8.258,8.286,8.315,8.349,8.372,8.403,8.43,8.466,8.491,8.522,8.544,8.571,8.606,8.627,8.655,8.681,8.707,8.735,8.771,8.796,8.828,8.865,8.891,8.923,8.955,8.986,9.022,9.049,9.077,9.105,9.142,9.173,9.201,9.229,9.263,9.304,9.335,9.382,9.418,9.458,9.494,9.528,9.557,9.611,9.652,9.698,9.758,9.816,9.851,9.91,9.96,10.018,10.095,10.157,10.214,10.303,10.386,10.489,10.613,10.811,11.044,11.348,12.119
502,OTH FP,5.332,5.886,6.278,6.452,6.61,6.735,6.856,6.932,7.006,7.09,7.143,7.188,7.259,7.317,7.378,7.437,7.479,7.525,7.573,7.609,7.653,7.689,7.724,7.76,7.796,7.825,7.865,7.907,7.948,7.973,8.001,8.026,8.06,8.087,8.127,8.155,8.181,8.207,8.238,8.262,8.291,8.32,8.347,8.376,8.401,8.428,8.458,8.489,8.519,8.55,8.586,8.622,8.658,8.693,8.719,8.744,8.771,8.793,8.823,8.844,8.871,8.911,8.952,8.973,9.006,9.034,9.067,9.105,9.149,9.181,9.216,9.244,9.276,9.32,9.356,9.39,9.424,9.465,9.497,9.53,9.571,9.609,9.663,9.705,9.757,9.805,9.858,9.914,9.965,10.026,10.109,10.192,10.263,10.347,10.461,10.566,10.702,10.888,11.089,11.443,12.245
503,OTH FP,5.332,5.886,6.278,6.452,6.61,6.735,6.856,6.932,7.006,7.09,7.143,7.188,7.259,7.317,7.378,7.437,7.479,7.525,7.573,7.609,7.653,7.689,7.724,7.76,7.796,7.825,7.865,7.907,7.948,7.973,8.001,8.026,8.06,8.087,8.127,8.155,8.181,8.207,8.238,8.262,8.291,8.32,8.347,8.376,8.401,8.428,8.458,8.489,8.519,8.55,8.586,8.622,8.658,8.693,8.719,8.744,8.771,8.793,8.823,8.844,8.871,8.911,8.952,8.973,9.006,9.034,9.067,9.105,9.149,9.181,9.216,9.244,9.276,9.32,9.356,9.39,9.424,9.465,9.497,9.53,9.571,9.609,9.663,9.705,9.757,9.805,9.858,9.914,9.965,10.026,10.109,10.192,10.263,10.347,10.461,10.566,10.702,10.888,11.089,11.443,12.245
504,OTH FP,5.05,5.953,6.232,6.405,6.53,6.65,6.793,6.899,6.995,7.063,7.112,7.162,7.222,7.3,7.349,7.391,7.435,7.468,7.519,7.566,7.598,7.64,7.685,7.717,7.757,7.801,7.837,7.87,7.903,7.933,7.969,8.005,8.038,8.075,8.123,8.157,8.181,8.212,8.241,8.27,8.294,8.328,8.354,8.387,8.413,8.435,8.461,8.496,8.526,8.552,8.577,8.605,8.632,8.664,8.694,8.716,8.736,8.764,8.789,8.821,8.85,8.886,8.916,8.943,8.976,9.008,9.038,9.071,9.103,9.137,9.174,9.203,9.239,9.285,9.327,9.374,9.418,9.454,9.503,9.548,9.587,9.632,9.668,9.702,9.755,9.796,9.853,9.922,9.997,10.068,10.151,10.235,10.315,10.394,10.49,10.646,10.766,10.935,11.195,11.517,12.54
505,OTH FP,5.05,5.953,6.232,6.405,6.53,6.65,6.793,6.899,6.995,7.063,7.112,7.162,7.222,7.3,7.349,7.391,7.435,7.468,7.519,7.566,7.598,7.64,7.685,7.717,7.757,7.801,7.837,7.87,7.903,7.933,7.969,8.005,8.038,8.075,8.123,8.157,8.181,8.212,8.241,8.27,8.294,8.328,8.354,8.387,8.413,8.435,8.461,8.496,8.526,8.552,8.577,8.605,8.632,8.664,8.694,8.716,8.736,8.764,8.789,8.821,8.85,8.886,8.916,8.943,8.976,9.008,9.038,9.071,9.103,9.137,9.174,9.203,9.239,9.285,9.327,9.374,9.418,9.454,9.503,9.548,9.587,9.632,9.668,9.702,9.755,9.796,9.853,9.922,9.997,10.068,10.151,10.235,10.315,10.394,10.49,10.646,10.766,10.935,11.195,11.517,12.54
506,OTH FP,5.088,5.757,6.119,6.314,6.484,6.606,6.737,6.835,6.941,7.029,7.09,7.156,7.211,7.267,7.325,7.373,7.418,7.449,7.499,7.535,7.57,7.605,7.644,7.696,7.739,7.779,7.813,7.853,7.889,7.923,7.955,7.985,8.023,8.055,8.087,8.117,8.147,8.18,8.211,8.233,8.262,8.299,8.33,8.365,8.395,8.433,8.465,8.499,8.522,8.552,8.582,8.609,8.643,8.675,8.706,8.734,8.763,8.792,8.823,8.855,8.882,8.908,8.937,8.962,8.985,9.022,9.059,9.088,9.139,9.171,9.202,9.24,9.272,9.3,9.338,9.382,9.427,9.469,9.512,9.547,9.589,9.63,9.677,9.723,9.768,9.836,9.896,9.958,10.004,10.069,10.144,10.244,10.319,10.428,10.51,10.628,10.794,10.952,11.19,11.565,12.676
507,OTH FP,5.088,5.757,6.119,6.314,6.484,6.606,6.737,6.835,6.941,7.029,7.09,7.156,7.211,7.267,7.325,7.373,7.418,7.449,7.499,7.535,7.57,7.605,7.644,7.696,7.739,7.779,7.813,7.853,7.889,7.923,7.955,7.985,8.023,8.055,8.087,8.117,8.147,8.18,8.211,8.233,8.262,8.299,8.33,8.365,8.395,8.433,8.465,8.499,8.522,8.552,8.582,8.609,8.643,8.675,8.706,8.734,8.763,8.792,8.823,8.855,8.882,8.908,8.937,8.962,8.985,9.022,9.059,9.088,9.139,9.171,9.202,9.24,9.272,9.3,9.338,9.382,9.427,9.469,9.512,9.547,9.589,9.63,9.677,9.723,9.768,9.836,9.896,9.958,10.004,10.069,10.144,10.244,10.319,10.428,10.51,10.628,10.794,10.952,11.19,11.565,12.676
508,OTH FP,4.839,5.69,6.078,6.248,6.41,6.563,6.702,6.801,6.882,6.949,6.998,7.067,7.121,7.187,7.253,7.305,7.363,7.403,7.433,7.477,7.518,7.562,7.604,7.634,7.665,7.697,7.734,7.776,7.821,7.872,7.912,7.952,7.991,8.038,8.063,8.093,8.127,8.168,8.196,8.234,8.273,8.295,8.326,8.364,8.388,8.414,8.442,8.474,8.503,8.526,8.552,8.585,8.617,8.641,8.663,8.694,8.726,8.763,8.798,8.826,8.868,8.891,8.928,8.963,8.996,9.031,9.065,9.097,9.134,9.177,9.209,9.247,9.289,9.319,9.362,9.396,9.436,9.484,9.522,9.565,9.6,9.637,9.675,9.719,9.759,9.8,9.865,9.929,10.009,10.077,10.163,10.241,10.331,10.433,10.535,10.661,10.794,10.934,11.128,11.541,12.516
509,OTH FP,4.839,5.69,6.078,6.248,6.41,6.563,6.702,6.801,6.882,6.949,6.998,7.067,7.121,7.187,7.253,7.305,7.363,7.403,7.433,7.477,7.518,7.562,7.604,7.634,7.665,7.697,7.734,7.776,7.821,7.872,7.912,7.952,7.991,8.038,8.063,8.093,8.127,8.168,8.196,8.234,8.273,8.295,8.326,8.364,8.388,8.414,8.442,8.474,8.503,8.526,8.552,8.585,8.617,8.641,8.663,8.694,8.726,8.763,8.798,8.826,8.868,8.891,8.928,8.963,8.996,9.031,9.065,9.097,9.134,9.177,9.209,9.247,9.289,9.319,9.362,9.396,9.436,9.484,9.522,9.565,9.6,9.637,9.675,9.719,9.759,9.8,9.865,9.929,10.009,10.077,10.163,10.241,10.331,10.433,10.535,10.661,10.794,10.934,11.128,11.541,12.516
510,OTH FP,4.704,5.618,6.005,6.214,6.392,6.545,6.668,6.754,6.838,6.921,6.984,7.063,7.109,7.15,7.186,7.235,7.29,7.342,7.402,7.457,7.495,7.533,7.557,7.605,7.648,7.678,7.724,7.761,7.797,7.835,7.871,7.909,7.944,7.984,8.036,8.074,8.104,8.133,8.167,8.201,8.234,8.276,8.308,8.34,8.366,8.393,8.424,8.452,8.488,8.518,8.55,8.579,8.606,8.636,8.665,8.699,8.727,8.749,8.778,8.806,8.841,8.87,8.896,8.922,8.95,8.987,9.02,9.064,9.097,9.131,9.169,9.206,9.249,9.296,9.336,9.373,9.407,9.451,9.488,9.528,9.579,9.618,9.664,9.724,9.776,9.834,9.882,9.945,10.005,10.068,10.136,10.224,10.309,10.424,10.539,10.678,10.797,10.946,11.145,11.506,12.449
511,OTH FP,4.704,5.618,6.005,6.214,6.392,6.545,6.668,6.754,6.838,6.921,6.984,7.063,7.109,7.15,7.186,7.235,7.29,7.342,7.402,7.457,7.495,7.533,7.557,7.605,7.648,7.678,7.724,7.761,7.797,7.835,7.871,7.909,7.944,7.984,8.036,8.074,8.104,8.133,8.167,8.201,8.234,8.276,8.308,8.34,8.366,8.393,8.424,8.452,8.488,8.518,8.55,8.579,8.606,8.636,8.665,8.699,8.727,8.749,8.778,8.806,8.841,8.87,8.896,8.922,8.95,8.987,9.02,9.064,9.097,9.131,9.169,9.206,9.249,9.296,9.336,9.373,9.407,9.451,9.488,9.528,9.579,9.618,9.664,9.724,9.776,9.834,9.882,9.945,10.005,10.068,10.136,10.224,10.309,10.424,10.539,10.678,10.797,10.946,11.145,11.506,12.449
512,OTH FP,4.693,5.637,5.952,6.213,6.355,6.5,6.624,6.708,6.792,6.86,6.928,6.991,7.064,7.125,7.184,7.237,7.28,7.328,7.361,7.411,7.452,7.493,7.541,7.584,7.626,7.669,7.706,7.736,7.775,7.81,7.847,7.886,7.926,7.959,7.991,8.024,8.058,8.091,8.13,8.156,8.199,8.232,8.26,8.291,8.319,8.344,8.38,8.413,8.447,8.475,8.51,8.537,8.567,8.59,8.618,8.656,8.688,8.718,8.756,8.784,8.819,8.853,8.886,8.924,8.952,8.993,9.019,9.053,9.093,9.13,9.161,9.192,9.222,9.253,9.293,9.331,9.36,9.412,9.461,9.501,9.55,9.597,9.66,9.707,9.769,9.822,9.866,9.927,9.991,10.068,10.146,10.227,10.312,10.397,10.495,10.609,10.772,10.937,11.185,11.571,12.366
513,OTH FP,4.693,5.637,5.952,6.213,6.355,6.5,6.624,6.708,6.792,6.86,6.928,6.991,7.064,7.125,7.184,7.237,7.28,7.328,7.361,7.411,7.452,7.493,7.541,7.584,7.626,7.669,7.706,7.736,7.775,7.81,7.847,7.886,7.926,7.959,7.991,8.024,8.058,8.091,8.13,8.156,8.199,8.232,8.26,8.291,8.319,8.344,8.38,8.413,8.447,8.475,8.51,8.537,8.567,8.59,8.618,8.656,8.688,8.718,8.756,8.784,8.819,8.853,8.886,8.924,8.952,8.993,9.019,9.053,9.093,9.13,9.161,9.192,9.222,9.253,9.293,9.331,9.36,9.412,9.461,9.501,9.55,9.597,9.66,9.707,9.769,9.822,9.866,9.927,9.991,10.068,10.146,10.227,10.312,10.397,10.495,10.609,10.772,10.937,11.185,11.571,12.366
514,OTH FP,4.769,5.591,5.922,6.1,6.279,6.433,6.559,6.645,6.727,6.806,6.899,6.959,7.04,7.1,7.16,7.204,7.248,7.288,7.338,7.382,7.416,7.464,7.53,7.566,7.603,7.637,7.674,7.715,7.753,7.792,7.83,7.862,7.899,7.934,7.966,8.001,8.04,8.067,8.106,8.133,8.168,8.194,8.225,8.254,8.277,8.309,8.34,8.369,8.402,8.428,8.463,8.506,8.542,8.573,8.6,8.636,8.663,8.703,8.731,8.759,8.801,8.839,8.869,8.915,8.958,8.987,9.023,9.057,9.09,9.141,9.17,9.215,9.246,9.285,9.323,9.372,9.41,9.455,9.493,9.533,9.58,9.622,9.67,9.715,9.763,9.829,9.891,9.949,10.013,10.063,10.157,10.223,10.314,10.419,10.514,10.624,10.76,10.967,11.269,11.579,12.53
515,OTH FP,4.769,5.591,5.922,6.1,6.279,6.433,6.559,6.645,6.727,6.806,6.899,6.959,7.04,7.1,7.16,7.204,7.248,7.288,7.338,7.382,7.416,7.464,7.53,7.566,7.603,7.637,7.674,7.715,7.753,7.792,7.83,7.862,7.899,7.934,7.966,8.001,8.04,8.067,8.106,8.133,8.168,8.194,8.225,8.254,8.277,8.309,8.34,8.369,8.402,8.428,8.463,8.506,8.542,8.573,8.6,8.636,8.663,8.703,8.731,8.759,8.801,8.839,8.869,8.915,8.958,8.987,9.023,9.057,9.09,9.141,9.17,9.215,9.246,9.285,9.323,9.372,9.41,9.455,9.493,9.533,9.58,9.622,9.67,9.715,9.763,9.829,9.891,9.949,10.013,10.063,10.157,10.223,10.314,10.419,10.514,10.624,10.76,10.967,11.269,11.579,12.53
516,OTH FP,4.83,5.601,5.876,6.123,6.297,6.42,6.52,6.628,6.738,6.815,6.877,6.937,6.996,7.044,7.1,7.156,7.214,7.275,7.333,7.37,7.417,7.452,7.489,7.54,7.586,7.632,7.679,7.709,7.749,7.782,7.82,7.852,7.885,7.92,7.951,7.976,8.01,8.05,8.085,8.111,8.139,8.169,8.21,8.243,8.278,8.306,8.338,8.368,8.406,8.44,8.469,8.501,8.53,8.56,8.595,8.634,8.665,8.7,8.735,8.769,8.807,8.841,8.885,8.908,8.935,8.974,9.008,9.041,9.077,9.11,9.146,9.175,9.219,9.254,9.288,9.327,9.367,9.406,9.459,9.498,9.542,9.577,9.632,9.699,9.75,9.819,9.882,9.952,10.013,10.087,10.168,10.252,10.332,10.429,10.547,10.674,10.809,10.979,11.265,11.569,12.519
517,OTH FP,4.83,5.601,5.876,6.123,6.297,6.42,6.52,6.628,6.738,6.815,6.877,6.937,6.996,7.044,7.1,7.156,7.214,7.275,7.333,7.37,7.417,7.452,7.489,7.54,7.586,7.632,7.679,7.709,7.749,7.782,7.82,7.852,7.885,7.92,7.951,7.976,8.01,8.05,8.085,8.111,8.139,8.169,8.21,8.243,8.278,8.306,8.338,8.368,8.406,8.44,8.469,8.501,8.53,8.56,8.595,8.634,8.665,8.7,8.735,8.769,8.807,8.841,8.885,8.908,8.935,8.974,9.008,9.041,9.077,9.11,9.146,9.175,9.219,9.254,9.288,9.327,9.367,9.406,9.459,9.498,9.542,9.577,9.632,9.699,9.75,9.819,9.882,9.952,10.013,10.087,10.168,10.252,10.332,10.429,10.547,10.674,10.809,10.979,11.265,11.569,12.519
518,OTH FP,4.859,5.592,5.927,6.144,6.275,6.425,6.515,6.617,6.712,6.778,6.846,6.924,6.976,7.039,7.101,7.166,7.207,7.262,7.301,7.37,7.41,7.455,7.494,7.528,7.564,7.602,7.636,7.68,7.723,7.758,7.791,7.838,7.875,7.917,7.952,7.983,8.02,8.051,8.086,8.118,8.151,8.181,8.208,8.239,8.276,8.308,8.33,8.361,8.395,8.426,8.467,8.492,8.516,8.547,8.57,8.604,8.641,8.685,8.727,8.766,8.8,8.831,8.866,8.89,8.924,8.961,8.995,9.03,9.063,9.101,9.136,9.186,9.216,9.248,9.284,9.326,9.362,9.401,9.442,9.486,9.522,9.583,9.631,9.676,9.724,9.781,9.863,9.916,9.995,10.068,10.13,10.242,10.317,10.406,10.534,10.665,10.813,10.998,11.262,11.526,12.659
519,OTH FP,4.859,5.592,5.927,6.144,6.275,6.425,6.515,6.617,6.712,6.778,6.846,6.924,6.976,7.039,7.101,7.166,7.207,7.262,7.301,7.37,7.41,7.455,7.494,7.528,7.564,7.602,7.636,7.68,7.723,7.758,7.791,7.838,7.875,7.917,7.952,7.983,8.02,8.051,8.086,8.118,8.151,8.181,8.208,8.239,8.276,8.308,8.33,8.361,8.395,8.426,8.467,8.492,8.516,8.547,8.57,8.604,8.641,8.685,8.727,8.766,8.8,8.831,8.866,8.89,8.924,8.961,8.995,9.03,9.063,9.101,9.136,9.186,9.216,9.248,9.284,9.326,9.362,9.401,9.442,9.486,9.522,9.583,9.631,9.676,9.724,9.781,9.863,9.916,9.995,10.068,10.13,10.242,10.317,10.406,10.534,10.665,10.813,10.998,11.262,11.526,12.659
520,OTH FP,4.587,5.603,5.884,6.117,6.272,6.42,6.52,6.606,6.694,6.782,6.848,6.929,6.988,7.044,7.097,7.148,7.204,7.253,7.301,7.342,7.396,7.443,7.488,7.533,7.569,7.615,7.639,7.663,7.702,7.747,7.78,7.819,7.867,7.906,7.946,7.974,8.004,8.029,8.061,8.097,8.131,8.162,8.193,8.217,8.25,8.284,8.318,8.353,8.382,8.415,8.448,8.471,8.5,8.523,8.553,8.599,8.638,8.664,8.705,8.741,8.775,8.806,8.837,8.863,8.89,8.919,8.958,8.998,9.031,9.068,9.11,9.151,9.19,9.234,9.265,9.299,9.341,9.364,9.408,9.454,9.497,9.542,9.596,9.661,9.724,9.784,9.849,9.918,9.974,10.03,10.126,10.218,10.281,10.406,10.525,10.685,10.853,11.0,11.174,11.552,12.4
521,OTH FP,4.587,5.603,5.884,6.117,6.272,6.42,6.52,6.606,6.694,6.782,6.848,6.929,6.988,7.044,7.097,7.148,7.204,7.253,7.301,7.342,7.396,7.443,7.488,7.533,7.569,7.615,7.639,7.663,7.702,7.747,7.78,7.819,7.867,7.906,7.946,7.974,8.004,8.029,8.061,8.097,8.131,8.162,8.193,8.217,8.25,8.284,8.318,8.353,8.382,8.415,8.448,8.471,8.5,8.523,8.553,8.599,8.638,8.664,8.705,8.741,8.775,8.806,8.837,8.863,8.89,8.919,8.958,8.998,9.031,9.068,9.11,9.151,9.19,9.234,9.265,9.299,9.341,9.364,9.408,9.454,9.497,9.542,9.596,9.661,9.724,9.784,9.849,9.918,9.974,10.03,10.126,10.218,10.281,10.406,10.525,10.685,10.853,11.0,11.174,11.552,12.4
522,OTH FP,4.702,5.528,5.907,6.118,6.263,6.385,6.486,6.583,6.672,6.76,6.807,6.873,6.931,6.986,7.037,7.091,7.154,7.228,7.276,7.332,7.378,7.421,7.462,7.51,7.545,7.585,7.625,7.658,7.69,7.725,7.766,7.807,7.846,7.89,7.922,7.955,7.998,8.035,8.069,8.105,8.13,8.158,8.188,8.219,8.255,8.281,8.312,8.346,8.376,8.402,8.433,8.459,8.488,8.521,8.554,8.589,8.624,8.649,8.682,8.715,8.746,8.789,8.822,8.858,8.889,8.92,8.959,8.988,9.025,9.071,9.105,9.138,9.168,9.212,9.243,9.276,9.313,9.348,9.379,9.425,9.472,9.526,9.586,9.646,9.689,9.733,9.79,9.853,9.931,10.009,10.092,10.167,10.273,10.374,10.524,10.663,10.828,11.014,11.228,11.522,12.626
523,OTH FP,4.702,5.528,5.907,6.118,6.263,6.385,6.486,6.583,6.672,6.76,6.807,6.873,6.931,6.986,7.037,7.091,7.154,7.228,7.276,7.332,7.378,7.421,7.462,7.51,7.545,7.585,7.625,7.658,7.69,7.725,7.766,7.807,7.846,7.89,7.922,7.955,7.998,8.035,8.069,8.105,8.13,8.158,8.188,8.219,8.255,8.281,8.312,8.346,8.376,8.402,8.433,8.459,8.488,8.521,8.554,8.589,8.624,8.649,8.682,8.715,8.746,8.789,8.822,8.858,8.889,8.92,8.959,8.988,9.025,9.071,9.105,9.138,9.168,9.212,9.243,9.276,9.313,9.348,9.379,9.425,9.472,9.526,9.586,9.646,9.689,9.733,9.79,9.853,9.931,10.009,10.092,10.167,10.273,10.374,10.524,10.663,10.828,11.014,11.228,11.522,12.626
524,OTH FP,4.437,5.574,5.869,6.103,6.293,6.406,6.503,6.581,6.671,6.73,6.805,6.878,6.94,6.994,7.07,7.115,7.172,7.224,7.267,7.317,7.373,7.406,7.445,7.482,7.533,7.563,7.6,7.634,7.671,7.707,7.744,7.781,7.807,7.845,7.885,7.916,7.954,7.987,8.02,8.063,8.09,8.128,8.162,8.191,8.228,8.262,8.297,8.319,8.354,8.384,8.417,8.451,8.479,8.515,8.542,8.575,8.61,8.642,8.671,8.696,8.725,8.755,8.791,8.826,8.862,8.899,8.938,8.973,9.011,9.046,9.081,9.116,9.163,9.195,9.235,9.271,9.312,9.346,9.394,9.431,9.474,9.518,9.559,9.617,9.68,9.75,9.808,9.875,9.942,10.002,10.079,10.146,10.239,10.345,10.475,10.617,10.774,10.972,11.204,11.443,12.643
525,OTH FP,4.437,5.574,5.869,6.103,6.293,6.406,6.503,6.581,6.671,6.73,6.805,6.878,6.94,6.994,7.07,7.115,7.172,7.224,7.267,7.317,7.373,7.406,7.445,7.482,7.533,7.563,7.6,7.634,7.671,7.707,7.744,7.781,7.807,7.845,7.885,7.916,7.954,7.987,8.02,8.063,8.09,8.128,8.162,8.191,8.228,8.262,8.297,8.319,8.354,8.384,8.417,8.451,8.479,8.515,8.542,8.575,8.61,8.642,8.671,8.696,8.725,8.755,8.791,8.826,8.862,8.899,8.938,8.973,9.011,9.046,9.081,9.116,9.163,9.195,9.235,9.271,9.312,9.346,9.394,9.431,9.474,9.518,9.559,9.617,9.68,9.75,9.808,9.875,9.942,10.002,10.079,10.146,10.239,10.345,10.475,10.617,10.774,10.972,11.204,11.443,12.643
526,OTH FP,4.41,5.519,5.885,6.092,6.237,6.384,6.489,6.571,6.645,6.718,6.789,6.855,6.934,6.997,7.044,7.095,7.147,7.188,7.232,7.296,7.337,7.383,7.426,7.463,7.509,7.558,7.59,7.628,7.663,7.696,7.732,7.761,7.788,7.824,7.857,7.897,7.931,7.96,7.999,8.038,8.074,8.107,8.139,8.169,8.2,8.238,8.271,8.304,8.335,8.366,8.401,8.425,8.457,8.496,8.532,8.573,8.593,8.621,8.65,8.687,8.728,8.761,8.795,8.832,8.865,8.897,8.93,8.963,8.995,9.018,9.046,9.087,9.121,9.167,9.223,9.26,9.301,9.335,9.371,9.414,9.455,9.501,9.541,9.581,9.642,9.704,9.789,9.847,9.918,9.994,10.061,10.129,10.213,10.307,10.417,10.552,10.7,10.948,11.168,11.548,12.312
527,OTH FP,4.41,5.519,5.885,6.092,6.237,6.384,6.489,6.571,6.645,6.718,6.789,6.855,6.934,6.997,7.044,7.095,7.147,7.188,7.232,7.296,7.337,7.383,7.426,7.463,7.509,7.558,7.59,7.628,7.663,7.696,7.732,7.761,7.788,7.824,7.857,7.897,7.931,7.96,7.999,8.038,8.074,8.107,8.139,8.169,8.2,8.238,8.271,8.304,8.335,8.366,8.401,8.425,8.457,8.496,8.532,8.573,8.593,8.621,8.65,8.687,8.728,8.761,8.795,8.832,8.865,8.897,8.93,8.963,8.995,9.018,9.046,9.087,9.121,9.167,9.223,9.26,9.301,9.335,9.371,9.414,9.455,9.501,9.541,9.581,9.642,9.704,9.789,9.847,9.918,9.994,10.061,10.129,10.213,10.307,10.417,10.552,10.7,10.948,11.168,11.548,12.312
528,OTH FP,4.561,5.439,5.85,6.121,6.296,6.405,6.486,6.602,6.68,6.743,6.799,6.855,6.903,6.963,7.031,7.103,7.162,7.216,7.26,7.292,7.342,7.376,7.422,7.468,7.5,7.543,7.572,7.605,7.658,7.686,7.729,7.774,7.824,7.862,7.891,7.932,7.966,8.0,8.034,8.059,8.086,8.11,8.143,8.172,8.203,8.239,8.264,8.298,8.336,8.361,8.391,8.418,8.44,8.476,8.507,8.537,8.558,8.587,8.612,8.647,8.689,8.722,8.76,8.798,8.833,8.867,8.899,8.941,8.973,9.007,9.035,9.078,9.112,9.155,9.201,9.234,9.274,9.308,9.348,9.387,9.431,9.474,9.509,9.567,9.619,9.681,9.743,9.811,9.876,9.94,10.006,10.118,10.211,10.302,10.406,10.514,10.61,10.826,11.085,11.443,12.235
529,OTH FP,4.561,5.439,5.85,6.121,6.296,6.405,6.486,6.602,6.68,6.743,6.799,6.855,6.903,6.963,7.031,7.103,7.162,7.216,7.26,7.292,7.342,7.376,7.422,7.468,7.5,7.543,7.572,7.605,7.658,7.686,7.729,7.774,7.824,7.862,7.891,7.932,7.966,8.0,8.034,8.059,8.086,8.11,8.143,8.172,8.203,8.239,8.264,8.298,8.336,8.361,8.391,8.418,8.44,8.476,8.507,8.537,8.558,8.587,8.612,8.647,8.689,8.722,8.76,8.798,8.833,8.867,8.899,8.941,8.973,9.007,9.035,9.078,9.112,9.155,9.201,9.234,9.274,9.308,9.348,9.387,9.431,9.474,9.509,9.567,9.619,9.681,9.743,9.811,9.876,9.94,10.006,10.118,10.211,10.302,10.406,10.514,10.61,10.826,11.085,11.443,12.235
530,OTH FP,4.506,5.487,5.805,6.049,6.241,6.388,6.473,6.567,6.659,6.73,6.798,6.864,6.919,6.966,7.018,7.067,7.119,7.171,7.216,7.252,7.29,7.364,7.412,7.447,7.485,7.531,7.578,7.616,7.657,7.685,7.723,7.75,7.792,7.835,7.867,7.904,7.933,7.963,7.995,8.031,8.062,8.089,8.121,8.158,8.194,8.221,8.252,8.293,8.33,8.363,8.385,8.42,8.449,8.477,8.505,8.53,8.56,8.594,8.624,8.651,8.677,8.704,8.736,8.774,8.813,8.844,8.876,8.913,8.952,8.99,9.034,9.071,9.102,9.148,9.187,9.216,9.253,9.296,9.34,9.388,9.419,9.466,9.497,9.546,9.608,9.652,9.719,9.776,9.854,9.915,10.005,10.082,10.174,10.255,10.357,10.47,10.6,10.8,11.064,11.354,12.212
531,OTH FP,4.506,5.487,5.805,6.049,6.241,6.388,6.473,6.567,6.659,6.73,6.798,6.864,6.919,6.966,7.018,7.067,7.119,7.171,7.216,7.252,7.29,7.364,7.412,7.447,7.485,7.531,7.578,7.616,7.657,7.685,7.723,7.75,7.792,7.835,7.867,7.904,7.933,7.963,7.995,8.031,8.062,8.089,8.121,8.158,8.194,8.221,8.252,8.293,8.33,8.363,8.385,8.42,8.449,8.477,8.505,8.53,8.56,8.594,8.624,8.651,8.677,8.704,8.736,8.774,8.813,8.844,8.876,8.913,8.952,8.99,9.034,9.071,9.102,9.148,9.187,9.216,9.253,9.296,9.34,9.388,9.419,9.466,9.497,9.546,9.608,9.652,9.719,9.776,9.854,9.915,10.005,10.082,10.174,10.255,10.357,10.47,10.6,10.8,11.064,11.354,12.212
532,OTH FP,4.462,5.522,5.858,6.086,6.216,6.37,6.468,6.599,6.659,6.729,6.798,6.89,6.946,7.004,7.05,7.095,7.146,7.184,7.222,7.263,7.298,7.336,7.373,7.421,7.473,7.505,7.54,7.591,7.635,7.67,7.703,7.738,7.772,7.807,7.844,7.882,7.917,7.945,7.974,8.004,8.029,8.051,8.085,8.124,8.163,8.195,8.223,8.26,8.301,8.325,8.355,8.388,8.423,8.459,8.492,8.513,8.541,8.58,8.608,8.641,8.671,8.7,8.747,8.783,8.812,8.838,8.862,8.894,8.931,8.971,9.003,9.026,9.069,9.102,9.141,9.171,9.219,9.255,9.298,9.34,9.375,9.414,9.46,9.507,9.563,9.628,9.682,9.746,9.822,9.872,9.941,10.031,10.119,10.225,10.327,10.428,10.602,10.777,10.999,11.314,12.213
533,OTH FP,4.462,5.522,5.858,6.086,6.216,6.37,6.468,6.599,6.659,6.729,6.798,6.89,6.946,7.004,7.05,7.095,7.146,7.184,7.222,7.263,7.298,7.336,7.373,7.421,7.473,7.505,7.54,7.591,7.635,7.67,7.703,7.738,7.772,7.807,7.844,7.882,7.917,7.945,7.974,8.004,8.029,8.051,8.085,8.124,8.163,8.195,8.223,8.26,8.301,8.325,8.355,8.388,8.423,8.459,8.492,8.513,8.541,8.58,8.608,8.641,8.671,8.7,8.747,8.783,8.812,8.838,8.862,8.894,8.931,8.971,9.003,9.026,9.069,9.102,9.141,9.171,9.219,9.255,9.298,9.34,9.375,9.414,9.46,9.507,9.563,9.628,9.682,9.746,9.822,9.872,9.941,10.031,10.119,10.225,10.327,10.428,10.602,10.777,10.999,11.314,12.213
534,OTH FP,4.451,5.49,5.834,6.042,6.216,6.358,6.467,6.544,6.614,6.694,6.75,6.841,6.891,6.958,7.007,7.052,7.1,7.153,7.209,7.249,7.285,7.335,7.379,7.42,7.458,7.489,7.522,7.562,7.604,7.65,7.683,7.713,7.743,7.772,7.804,7.845,7.88,7.909,7.947,7.98,8.007,8.038,8.064,8.092,8.122,8.15,8.183,8.217,8.248,8.277,8.306,8.336,8.371,8.39,8.42,8.453,8.481,8.514,8.555,8.598,8.639,8.674,8.714,8.744,8.778,8.805,8.825,8.852,8.892,8.925,8.963,8.993,9.029,9.075,9.117,9.146,9.187,9.222,9.257,9.309,9.35,9.405,9.463,9.516,9.556,9.605,9.661,9.726,9.818,9.887,9.956,10.015,10.106,10.205,10.281,10.384,10.499,10.692,10.935,11.31,12.053
535,OTH FP,4.451,5.49,5.834,6.042,6.216,6.358,6.467,6.544,6.614,6.694,6.75,6.841,6.891,6.958,7.007,7.052,7.1,7.153,7.209,7.249,7.285,7.335,7.379,7.42,7.458,7.489,7.522,7.562,7.604,7.65,7.683,7.713,7.743,7.772,7.804,7.845,7.88,7.909,7.947,7.98,8.007,8.038,8.064,8.092,8.122,8.15,8.183,8.217,8.248,8.277,8.306,8.336,8.371,8.39,8.42,8.453,8.481,8.514,8.555,8.598,8.639,8.674,8.714,8.744,8.778,8.805,8.825,8.852,8.892,8.925,8.963,8.993,9.029,9.075,9.117,9.146,9.187,9.222,9.257,9.309,9.35,9.405,9.463,9.516,9.556,9.605,9.661,9.726,9.818,9.887,9.956,10.015,10.106,10.205,10.281,10.384,10.499,10.692,10.935,11.31,12.053
536,OTH FP,4.786,5.459,5.831,6.023,6.158,6.283,6.39,6.493,6.584,6.667,6.73,6.78,6.854,6.917,6.977,7.031,7.085,7.135,7.168,7.22,7.264,7.308,7.352,7.392,7.439,7.474,7.513,7.549,7.587,7.626,7.659,7.688,7.728,7.756,7.789,7.817,7.849,7.876,7.901,7.937,7.963,8.006,8.037,8.061,8.095,8.127,8.156,8.186,8.217,8.238,8.274,8.301,8.328,8.364,8.392,8.427,8.46,8.495,8.526,8.551,8.582,8.611,8.649,8.681,8.711,8.742,8.766,8.787,8.827,8.863,8.906,8.944,8.972,9.012,9.062,9.102,9.138,9.179,9.227,9.27,9.312,9.362,9.41,9.464,9.518,9.581,9.629,9.691,9.758,9.819,9.89,9.966,10.048,10.164,10.238,10.331,10.446,10.607,10.858,11.244,12.193
537,OTH FP,4.786,5.459,5.831,6.023,6.158,6.283,6.39,6.493,6.584,6.667,6.73,6.78,6.854,6.917,6.977,7.031,7.085,7.135,7.168,7.22,7.264,7.308,7.352,7.392,7.439,7.474,7.513,7.549,7.587,7.626,7.659,7.688,7.728,7.756,7.789,7.817,7.849,7.876,7.901,7.937,7.963,8.006,8.037,8.061,8.095,8.127,8.156,8.186,8.217,8.238,8.274,8.301,8.328,8.364,8.392,8.427,8.46,8.495,8.526,8.551,8.582,8.611,8.649,8.681,8.711,8.742,8.766,8.787,8.827,8.863,8.906,8.944,8.972,9.012,9.062,9.102,9.138,9.179,9.227,9.27,9.312,9.362,9.41,9.464,9.518,9.581,9.629,9.691,9.758,9.819,9.89,9.966,10.048,10.164,10.238,10.331,10.446,10.607,10.858,11.244,12.193
538,OTH FP,4.829,5.495,5.823,6.016,6.121,6.24,6.377,6.471,6.572,6.654,6.734,6.798,6.842,6.887,6.952,7.0,7.041,7.087,7.139,7.189,7.239,7.284,7.33,7.373,7.413,7.458,7.501,7.535,7.574,7.611,7.644,7.675,7.717,7.738,7.772,7.806,7.836,7.867,7.902,7.934,7.957,7.984,8.012,8.048,8.078,8.111,8.139,8.164,8.19,8.223,8.249,8.279,8.31,8.342,8.367,8.389,8.423,8.47,8.497,8.523,8.546,8.574,8.606,8.642,8.678,8.704,8.739,8.774,8.807,8.839,8.877,8.906,8.946,8.975,9.003,9.042,9.082,9.115,9.163,9.217,9.257,9.301,9.346,9.401,9.458,9.524,9.592,9.658,9.715,9.765,9.832,9.913,10.014,10.076,10.17,10.282,10.431,10.568,10.822,11.07,12.187
539,OTH FP,4.829,5.495,5.823,6.016,6.121,6.24,6.377,6.471,6.572,6.654,6.734,6.798,6.842,6.887,6.952,7.0,7.041,7.087,7.139,7.189,7.239,7.284,7.33,7.373,7.413,7.458,7.501,7.535,7.574,7.611,7.644,7.675,7.717,7.738,7.772,7.806,7.836,7.867,7.902,7.934,7.957,7.984,8.012,8.048,8.078,8.111,8.139,8.164,8.19,8.223,8.249,8.279,8.31,8.342,8.367,8.389,8.423,8.47,8.497,8.523,8.546,8.574,8.606,8.642,8.678,8.704,8.739,8.774,8.807,8.839,8.877,8.906,8.946,8.975,9.003,9.042,9.082,9.115,9.163,9.217,9.257,9.301,9.346,9.401,9.458,9.524,9.592,9.658,9.715,9.765,9.832,9.913,10.014,10.076,10.17,10.282,10.431,10.568,10.822,11.07,12.187
540,OTH FP,4.668,5.406,5.763,5.992,6.136,6.276,6.395,6.479,6.555,6.619,6.69,6.77,6.835,6.896,6.947,6.982,7.035,7.08,7.129,7.174,7.222,7.268,7.299,7.341,7.385,7.432,7.467,7.517,7.56,7.596,7.627,7.659,7.688,7.716,7.748,7.78,7.806,7.831,7.861,7.883,7.915,7.95,7.983,8.015,8.041,8.074,8.101,8.124,8.145,8.174,8.201,8.225,8.249,8.281,8.308,8.34,8.372,8.407,8.43,8.456,8.485,8.524,8.559,8.591,8.626,8.657,8.69,8.722,8.759,8.793,8.821,8.863,8.892,8.927,8.967,9.006,9.037,9.074,9.122,9.165,9.197,9.238,9.289,9.336,9.38,9.444,9.499,9.57,9.623,9.696,9.768,9.841,9.924,10.007,10.1,10.238,10.367,10.491,10.733,11.05,12.223
541,OTH FP,4.668,5.406,5.763,5.992,6.136,6.276,6.395,6.479,6.555,6.619,6.69,6.77,6.835,6.896,6.947,6.982,7.035,7.08,7.129,7.174,7.222,7.268,7.299,7.341,7.385,7.432,7.467,7.517,7.56,7.596,7.627,7.659,7.688,7.716,7.748,7.78,7.806,7.831,7.861,7.883,7.915,7.95,7.983,8.015,8.041,8.074,8.101,8.124,8.145,8.174,8.201,8.225,8.249,8.281,8.308,8.34,8.372,8.407,8.43,8.456,8.485,8.524,8.559,8.591,8.626,8.657,8.69,8.722,8.759,8.793,8.821,8.863,8.892,8.927,8.967,9.006,9.037,9.074,9.122,9.165,9.197,9.238,9.289,9.336,9.38,9.444,9.499,9.57,9.623,9.696,9.768,9.841,9.924,10.007,10.1,10.238,10.367,10.491,10.733,11.05,12.223
542,OTH FP,4.746,5.395,5.726,5.942,6.138,6.244,6.347,6.444,6.532,6.608,6.674,6.75,6.801,6.862,6.92,6.978,7.029,7.081,7.129,7.173,7.218,7.263,7.303,7.336,7.374,7.401,7.439,7.484,7.515,7.548,7.588,7.628,7.665,7.705,7.73,7.753,7.779,7.806,7.833,7.862,7.886,7.911,7.94,7.973,8.003,8.034,8.061,8.091,8.125,8.157,8.176,8.202,8.23,8.256,8.284,8.315,8.34,8.364,8.401,8.425,8.455,8.48,8.504,8.537,8.567,8.617,8.646,8.682,8.706,8.733,8.767,8.804,8.832,8.878,8.913,8.956,9.006,9.037,9.086,9.129,9.166,9.219,9.25,9.296,9.345,9.407,9.464,9.519,9.588,9.669,9.726,9.782,9.875,9.96,10.074,10.15,10.296,10.462,10.673,11.006,12.203
543,OTH FP,4.746,5.395,5.726,5.942,6.138,6.244,6.347,6.444,6.532,6.608,6.674,6.75,6.801,6.862,6.92,6.978,7.029,7.081,7.129,7.173,7.218,7.263,7.303,7.336,7.374,7.401,7.439,7.484,7.515,7.548,7.588,7.628,7.665,7.705,7.73,7.753,7.779,7.806,7.833,7.862,7.886,7.911,7.94,7.973,8.003,8.034,8.061,8.091,8.125,8.157,8.176,8.202,8.23,8.256,8.284,8.315,8.34,8.364,8.401,8.425,8.455,8.48,8.504,8.537,8.567,8.617,8.646,8.682,8.706,8.733,8.767,8.804,8.832,8.878,8.913,8.956,9.006,9.037,9.086,9.129,9.166,9.219,9.25,9.296,9.345,9.407,9.464,9.519,9.588,9.669,9.726,9.782,9.875,9.96,10.074,10.15,10.296,10.462,10.673,11.006,12.203
544,OTH FP,4.434,5.531,5.795,5.958,6.132,6.267,6.357,6.448,6.538,6.626,6.687,6.76,6.836,6.884,6.941,6.979,7.02,7.077,7.12,7.165,7.2,7.24,7.286,7.319,7.354,7.4,7.427,7.456,7.493,7.518,7.544,7.588,7.627,7.659,7.692,7.715,7.752,7.778,7.802,7.834,7.864,7.894,7.915,7.94,7.967,7.999,8.026,8.054,8.083,8.112,8.138,8.169,8.197,8.231,8.254,8.279,8.301,8.338,8.363,8.391,8.423,8.447,8.482,8.51,8.542,8.57,8.595,8.633,8.664,8.698,8.738,8.766,8.807,8.84,8.871,8.899,8.957,8.998,9.042,9.071,9.118,9.16,9.207,9.251,9.306,9.35,9.404,9.454,9.503,9.569,9.636,9.708,9.788,9.88,9.978,10.065,10.203,10.416,10.598,11.01,12.077
545,OTH FP,4.434,5.531,5.795,5.958,6.132,6.267,6.357,6.448,6.538,6.626,6.687,6.76,6.836,6.884,6.941,6.979,7.02,7.077,7.12,7.165,7.2,7.24,7.286,7.319,7.354,7.4,7.427,7.456,7.493,7.518,7.544,7.588,7.627,7.659,7.692,7.715,7.752,7.778,7.802,7.834,7.864,7.894,7.915,7.94,7.967,7.999,8.026,8.054,8.083,8.112,8.138,8.169,8.197,8.231,8.254,8.279,8.301,8.338,8.363,8.391,8.423,8.447,8.482,8.51,8.542,8.57,8.595,8.633,8.664,8.698,8.738,8.766,8.807,8.84,8.871,8.899,8.957,8.998,9.042,9.071,9.118,9.16,9.207,9.251,9.306,9.35,9.404,9.454,9.503,9.569,9.636,9.708,9.788,9.88,9.978,10.065,10.203,10.416,10.598,11.01,12.077
546,OTH FP,4.477,5.375,5.746,5.992,6.169,6.249,6.346,6.439,6.543,6.616,6.674,6.722,6.784,6.843,6.902,6.961,7.0,7.047,7.101,7.135,7.173,7.208,7.251,7.287,7.319,7.355,7.395,7.419,7.454,7.489,7.519,7.548,7.586,7.624,7.665,7.686,7.719,7.75,7.786,7.809,7.832,7.859,7.89,7.913,7.943,7.968,7.996,8.018,8.046,8.076,8.104,8.131,8.163,8.196,8.223,8.246,8.267,8.289,8.317,8.346,8.376,8.399,8.426,8.455,8.495,8.523,8.555,8.593,8.621,8.651,8.684,8.712,8.746,8.781,8.818,8.855,8.885,8.924,8.971,9.009,9.058,9.115,9.151,9.195,9.238,9.291,9.335,9.399,9.458,9.503,9.565,9.63,9.725,9.825,9.919,10.02,10.151,10.31,10.526,10.929,11.948
547,OTH FP,4.477,5.375,5.746,5.992,6.169,6.249,6.346,6.439,6.543,6.616,6.674,6.722,6.784,6.843,6.902,6.961,7.0,7.047,7.101,7.135,7.173,7.208,7.251,7.287,7.319,7.355,7.395,7.419,7.454,7.489,7.519,7.548,7.586,7.624,7.665,7.686,7.719,7.75,7.786,7.809,7.832,7.859,7.89,7.913,7.943,7.968,7.996,8.018,8.046,8.076,8.104,8.131,8.163,8.196,8.223,8.246,8.267,8.289,8.317,8.346,8.376,8.399,8.426,8.455,8.495,8.523,8.555,8.593,8.621,8.651,8.684,8.712,8.746,8.781,8.818,8.855,8.885,8.924,8.971,9.009,9.058,9.115,9.151,9.195,9.238,9.291,9.335,9.399,9.458,9.503,9.565,9.63,9.725,9.825,9.919,10.02,10.151,10.31,10.526,10.929,11.948
548,OTH FP,4.443,5.437,5.739,5.946,6.138,6.305,6.377,6.447,6.521,6.59,6.654,6.708,6.776,6.831,6.877,6.934,6.981,7.021,7.058,7.106,7.139,7.178,7.224,7.266,7.3,7.343,7.386,7.411,7.446,7.476,7.51,7.538,7.56,7.599,7.627,7.653,7.681,7.707,7.748,7.773,7.794,7.817,7.847,7.879,7.915,7.942,7.968,7.995,8.022,8.044,8.076,8.1,8.123,8.152,8.175,8.206,8.23,8.251,8.287,8.318,8.346,8.382,8.407,8.432,8.463,8.492,8.521,8.551,8.589,8.617,8.647,8.672,8.706,8.741,8.774,8.809,8.846,8.887,8.923,8.961,8.997,9.037,9.081,9.127,9.159,9.214,9.26,9.314,9.364,9.407,9.501,9.595,9.665,9.773,9.85,9.938,10.1,10.223,10.41,10.775,11.967
549,OTH FP,4.443,5.437,5.739,5.946,6.138,6.305,6.377,6.447,6.521,6.59,6.654,6.708,6.776,6.831,6.877,6.934,6.981,7.021,7.058,7.106,7.139,7.178,7.224,7.266,7.3,7.343,7.386,7.411,7.446,7.476,7.51,7.538,7.56,7.599,7.627,7.653,7.681,7.707,7.748,7.773,7.794,7.817,7.847,7.879,7.915,7.942,7.968,7.995,8.022,8.044,8.076,8.1,8.123,8.152,8.175,8.206,8.23,8.251,8.287,8.318,8.346,8.382,8.407,8.432,8.463,8.492,8.521,8.551,8.589,8.617,8.647,8.672,8.706,8.741,8.774,8.809,8.846,8.887,8.923,8.961,8.997,9.037,9.081,9.127,9.159,9.214,9.26,9.314,9.364,9.407,9.501,9.595,9.665,9.773,9.85,9.938,10.1,10.223,10.41,10.775,11.967
550,OTH FP,4.57,5.492,5.796,5.992,6.196,6.314,6.413,6.476,6.548,6.636,6.698,6.755,6.834,6.892,6.93,6.981,7.03,7.083,7.126,7.176,7.217,7.259,7.289,7.321,7.356,7.389,7.418,7.459,7.496,7.528,7.559,7.596,7.628,7.664,7.695,7.73,7.761,7.789,7.81,7.838,7.868,7.897,7.914,7.946,7.972,7.993,8.019,8.049,8.077,8.104,8.128,8.157,8.185,8.214,8.241,8.27,8.303,8.327,8.358,8.39,8.409,8.43,8.471,8.506,8.531,8.559,8.594,8.615,8.641,8.667,8.705,8.745,8.776,8.822,8.856,8.892,8.93,8.966,9.004,9.051,9.094,9.142,9.178,9.218,9.259,9.303,9.354,9.41,9.456,9.505,9.575,9.645,9.699,9.781,9.879,10.004,10.143,10.281,10.456,10.865,11.823
551,OTH FP,4.57,5.492,5.796,5.992,6.196,6.314,6.413,6.476,6.548,6.636,6.698,6.755,6.834,6.892,6.93,6.981,7.03,7.083,7.126,7.176,7.217,7.259,7.289,7.321,7.356,7.389,7.418,7.459,7.496,7.528,7.559,7.596,7.628,7.664,7.695,7.73,7.761,7.789,7.81,7.838,7.868,7.897,7.914,7.946,7.972,7.993,8.019,8.049,8.077,8.104,8.128,8.157,8.185,8.214,8.241,8.27,8.303,8.327,8.358,8.39,8.409,8.43,8.471,8.506,8.531,8.559,8.594,8.615,8.641,8.667,8.705,8.745,8.776,8.822,8.856,8.892,8.93,8.966,9.004,9.051,9.094,9.142,9.178,9.218,9.259,9.303,9.354,9.41,9.456,9.505,9.575,9.645,9.699,9.781,9.879,10.004,10.143,10.281,10.456,10.865,11.823
552,OTH FP,4.684,5.421,5.808,5.994,6.181,6.314,6.418,6.511,6.574,6.645,6.724,6.788,6.85,6.91,6.943,7.008,7.051,7.105,7.163,7.202,7.239,7.277,7.313,7.348,7.39,7.414,7.447,7.474,7.505,7.541,7.574,7.615,7.654,7.677,7.713,7.746,7.774,7.794,7.824,7.864,7.902,7.933,7.966,7.998,8.025,8.06,8.082,8.116,8.145,8.172,8.201,8.229,8.258,8.282,8.306,8.336,8.365,8.395,8.424,8.452,8.481,8.512,8.542,8.568,8.599,8.627,8.659,8.691,8.719,8.754,8.787,8.821,8.852,8.895,8.922,8.957,8.986,9.02,9.064,9.098,9.137,9.181,9.226,9.278,9.328,9.391,9.44,9.49,9.542,9.607,9.673,9.754,9.813,9.888,9.989,10.089,10.199,10.376,10.623,10.969,11.949
553,OTH FP,4.684,5.421,5.808,5.994,6.181,6.314,6.418,6.511,6.574,6.645,6.724,6.788,6.85,6.91,6.943,7.008,7.051,7.105,7.163,7.202,7.239,7.277,7.313,7.348,7.39,7.414,7.447,7.474,7.505,7.541,7.574,7.615,7.654,7.677,7.713,7.746,7.774,7.794,7.824,7.864,7.902,7.933,7.966,7.998,8.025,8.06,8.082,8.116,8.145,8.172,8.201,8.229,8.258,8.282,8.306,8.336,8.365,8.395,8.424,8.452,8.481,8.512,8.542,8.568,8.599,8.627,8.659,8.691,8.719,8.754,8.787,8.821,8.852,8.895,8.922,8.957,8.986,9.02,9.064,9.098,9.137,9.181,9.226,9.278,9.328,9.391,9.44,9.49,9.542,9.607,9.673,9.754,9.813,9.888,9.989,10.089,10.199,10.376,10.623,10.969,11.949
554,OTH FP,4.786,5.542,5.897,6.107,6.233,6.341,6.421,6.522,6.594,6.664,6.747,6.807,6.881,6.948,7.011,7.063,7.119,7.154,7.189,7.228,7.265,7.305,7.349,7.388,7.419,7.458,7.492,7.524,7.559,7.592,7.622,7.649,7.689,7.722,7.747,7.772,7.798,7.826,7.855,7.878,7.909,7.948,7.98,8.014,8.053,8.084,8.112,8.153,8.194,8.226,8.255,8.282,8.306,8.333,8.362,8.391,8.422,8.45,8.482,8.507,8.539,8.568,8.592,8.623,8.653,8.677,8.701,8.736,8.766,8.802,8.851,8.885,8.924,8.955,8.987,9.034,9.075,9.106,9.143,9.18,9.229,9.269,9.308,9.36,9.416,9.459,9.508,9.564,9.646,9.7,9.764,9.824,9.916,9.986,10.052,10.166,10.308,10.482,10.678,10.946,12.054
555,OTH FP,4.786,5.542,5.897,6.107,6.233,6.341,6.421,6.522,6.594,6.664,6.747,6.807,6.881,6.948,7.011,7.063,7.119,7.154,7.189,7.228,7.265,7.305,7.349,7.388,7.419,7.458,7.492,7.524,7.559,7.592,7.622,7.649,7.689,7.722,7.747,7.772,7.798,7.826,7.855,7.878,7.909,7.948,7.98,8.014,8.053,8.084,8.112,8.153,8.194,8.226,8.255,8.282,8.306,8.333,8.362,8.391,8.422,8.45,8.482,8.507,8.539,8.568,8.592,8.623,8.653,8.677,8.701,8.736,8.766,8.802,8.851,8.885,8.924,8.955,8.987,9.034,9.075,9.106,9.143,9.18,9.229,9.269,9.308,9.36,9.416,9.459,9.508,9.564,9.646,9.7,9.764,9.824,9.916,9.986,10.052,10.166,10.308,10.482,10.678,10.946,12.054
556,OTH FP,4.844,5.557,5.863,6.073,6.252,6.36,6.49,6.579,6.65,6.727,6.793,6.879,6.952,7.009,7.045,7.081,7.119,7.172,7.221,7.263,7.306,7.351,7.392,7.431,7.473,7.509,7.536,7.581,7.619,7.645,7.674,7.706,7.737,7.768,7.802,7.839,7.87,7.899,7.928,7.964,7.997,8.025,8.057,8.083,8.114,8.145,8.176,8.206,8.231,8.264,8.287,8.32,8.35,8.382,8.417,8.457,8.482,8.504,8.531,8.556,8.59,8.619,8.652,8.676,8.707,8.734,8.776,8.809,8.835,8.866,8.904,8.937,8.976,9.016,9.057,9.091,9.132,9.164,9.214,9.257,9.302,9.345,9.378,9.424,9.473,9.533,9.589,9.654,9.708,9.766,9.829,9.898,9.971,10.046,10.129,10.228,10.388,10.537,10.732,11.092,12.345
557,OTH FP,4.844,5.557,5.863,6.073,6.252,6.36,6.49,6.579,6.65,6.727,6.793,6.879,6.952,7.009,7.045,7.081,7.119,7.172,7.221,7.263,7.306,7.351,7.392,7.431,7.473,7.509,7.536,7.581,7.619,7.645,7.674,7.706,7.737,7.768,7.802,7.839,7.87,7.899,7.928,7.964,7.997,8.025,8.057,8.083,8.114,8.145,8.176,8.206,8.231,8.264,8.287,8.32,8.35,8.382,8.417,8.457,8.482,8.504,8.531,8.556,8.59,8.619,8.652,8.676,8.707,8.734,8.776,8.809,8.835,8.866,8.904,8.937,8.976,9.016,9.057,9.091,9.132,9.164,9.214,9.257,9.302,9.345,9.378,9.424,9.473,9.533,9.589,9.654,9.708,9.766,9.829,9.898,9.971,10.046,10.129,10.228,10.388,10.537,10.732,11.092,12.345
558,OTH FP,4.612,5.565,5.914,6.119,6.281,6.418,6.516,6.595,6.693,6.761,6.845,6.89,6.953,7.009,7.082,7.15,7.204,7.231,7.272,7.308,7.347,7.397,7.45,7.494,7.53,7.567,7.593,7.624,7.656,7.687,7.728,7.752,7.795,7.836,7.867,7.895,7.929,7.964,7.993,8.026,8.062,8.092,8.12,8.151,8.188,8.21,8.23,8.268,8.301,8.335,8.37,8.396,8.426,8.457,8.484,8.509,8.535,8.563,8.583,8.621,8.649,8.669,8.697,8.729,8.762,8.798,8.829,8.866,8.9,8.935,8.97,9.011,9.043,9.084,9.12,9.158,9.189,9.221,9.26,9.301,9.341,9.394,9.452,9.502,9.547,9.594,9.636,9.702,9.77,9.822,9.883,9.981,10.044,10.146,10.238,10.348,10.44,10.595,10.807,11.125,12.429
559,OTH FP,4.612,5.565,5.914,6.119,6.281,6.418,6.516,6.595,6.693,6.761,6.845,6.89,6.953,7.009,7.082,7.15,7.204,7.231,7.272,7.308,7.347,7.397,7.45,7.494,7.53,7.567,7.593,7.624,7.656,7.687,7.728,7.752,7.795,7.836,7.867,7.895,7.929,7.964,7.993,8.026,8.062,8.092,8.12,8.151,8.188,8.21,8.23,8.268,8.301,8.335,8.37,8.396,8.426,8.457,8.484,8.509,8.535,8.563,8.583,8.621,8.649,8.669,8.697,8.729,8.762,8.798,8.829,8.866,8.9,8.935,8.97,9.011,9.043,9.084,9.12,9.158,9.189,9.221,9.26,9.301,9.341,9.394,9.452,9.502,9.547,9.594,9.636,9.702,9.77,9.822,9.883,9.981,10.044,10.146,10.238,10.348,10.44,10.595,10.807,11.125,12.429
560,OTH FP,4.848,5.518,5.879,6.113,6.27,6.401,6.499,6.624,6.734,6.802,6.877,6.938,7.008,7.07,7.119,7.163,7.217,7.252,7.307,7.353,7.404,7.45,7.492,7.529,7.562,7.598,7.638,7.666,7.701,7.736,7.763,7.794,7.818,7.854,7.895,7.938,7.968,8.009,8.034,8.07,8.109,8.146,8.171,8.199,8.222,8.257,8.285,8.316,8.341,8.375,8.406,8.436,8.464,8.504,8.533,8.561,8.595,8.617,8.644,8.68,8.709,8.744,8.77,8.803,8.844,8.877,8.912,8.94,8.969,9.004,9.036,9.07,9.108,9.146,9.185,9.219,9.252,9.291,9.325,9.358,9.395,9.445,9.48,9.527,9.584,9.631,9.703,9.756,9.826,9.884,9.952,10.018,10.095,10.171,10.271,10.404,10.518,10.665,10.83,11.302,12.603
561,OTH FP,4.848,5.518,5.879,6.113,6.27,6.401,6.499,6.624,6.734,6.802,6.877,6.938,7.008,7.07,7.119,7.163,7.217,7.252,7.307,7.353,7.404,7.45,7.492,7.529,7.562,7.598,7.638,7.666,7.701,7.736,7.763,7.794,7.818,7.854,7.895,7.938,7.968,8.009,8.034,8.07,8.109,8.146,8.171,8.199,8.222,8.257,8.285,8.316,8.341,8.375,8.406,8.436,8.464,8.504,8.533,8.561,8.595,8.617,8.644,8.68,8.709,8.744,8.77,8.803,8.844,8.877,8.912,8.94,8.969,9.004,9.036,9.07,9.108,9.146,9.185,9.219,9.252,9.291,9.325,9.358,9.395,9.445,9.48,9.527,9.584,9.631,9.703,9.756,9.826,9.884,9.952,10.018,10.095,10.171,10.271,10.404,10.518,10.665,10.83,11.302,12.603
562,OTH FP,4.729,5.561,5.88,6.125,6.294,6.437,6.569,6.668,6.753,6.837,6.898,6.963,7.035,7.108,7.165,7.214,7.255,7.293,7.329,7.379,7.417,7.453,7.493,7.532,7.573,7.61,7.645,7.684,7.726,7.76,7.795,7.832,7.873,7.9,7.942,7.975,8.009,8.043,8.078,8.105,8.135,8.167,8.205,8.232,8.26,8.296,8.331,8.358,8.396,8.429,8.466,8.493,8.534,8.565,8.592,8.63,8.66,8.695,8.728,8.759,8.789,8.822,8.853,8.881,8.918,8.955,8.992,9.027,9.051,9.086,9.12,9.154,9.192,9.218,9.248,9.279,9.307,9.344,9.386,9.423,9.464,9.508,9.556,9.59,9.633,9.67,9.735,9.793,9.852,9.938,9.997,10.068,10.173,10.262,10.339,10.489,10.597,10.75,10.961,11.324,12.577
563,OTH FP,4.729,5.561,5.88,6.125,6.294,6.437,6.569,6.668,6.753,6.837,6.898,6.963,7.035,7.108,7.165,7.214,7.255,7.293,7.329,7.379,7.417,7.453,7.493,7.532,7.573,7.61,7.645,7.684,7.726,7.76,7.795,7.832,7.873,7.9,7.942,7.975,8.009,8.043,8.078,8.105,8.135,8.167,8.205,8.232,8.26,8.296,8.331,8.358,8.396,8.429,8.466,8.493,8.534,8.565,8.592,8.63,8.66,8.695,8.728,8.759,8.789,8.822,8.853,8.881,8.918,8.955,8.992,9.027,9.051,9.086,9.12,9.154,9.192,9.218,9.248,9.279,9.307,9.344,9.386,9.423,9.464,9.508,9.556,9.59,9.633,9.67,9.735,9.793,9.852,9.938,9.997,10.068,10.173,10.262,10.339,10.489,10.597,10.75,10.961,11.324,12.577
564,OTH FP,4.803,5.592,5.875,6.117,6.32,6.471,6.614,6.704,6.782,6.88,6.956,7.01,7.069,7.128,7.189,7.234,7.291,7.331,7.375,7.427,7.479,7.505,7.561,7.602,7.642,7.675,7.702,7.735,7.779,7.825,7.856,7.895,7.923,7.961,7.998,8.032,8.072,8.1,8.135,8.172,8.207,8.233,8.269,8.3,8.328,8.365,8.394,8.437,8.478,8.511,8.54,8.567,8.589,8.619,8.656,8.688,8.717,8.749,8.783,8.809,8.844,8.885,8.918,8.946,8.972,8.998,9.031,9.061,9.099,9.127,9.157,9.19,9.23,9.262,9.296,9.329,9.362,9.404,9.448,9.485,9.515,9.562,9.609,9.655,9.698,9.746,9.806,9.851,9.909,9.982,10.063,10.152,10.238,10.316,10.4,10.496,10.669,10.858,11.064,11.498,12.629
565,OTH FP,4.803,5.592,5.875,6.117,6.32,6.471,6.614,6.704,6.782,6.88,6.956,7.01,7.069,7.128,7.189,7.234,7.291,7.331,7.375,7.427,7.479,7.505,7.561,7.602,7.642,7.675,7.702,7.735,7.779,7.825,7.856,7.895,7.923,7.961,7.998,8.032,8.072,8.1,8.135,8.172,8.207,8.233,8.269,8.3,8.328,8.365,8.394,8.437,8.478,8.511,8.54,8.567,8.589,8.619,8.656,8.688,8.717,8.749,8.783,8.809,8.844,8.885,8.918,8.946,8.972,8.998,9.031,9.061,9.099,9.127,9.157,9.19,9.23,9.262,9.296,9.329,9.362,9.404,9.448,9.485,9.515,9.562,9.609,9.655,9.698,9.746,9.806,9.851,9.909,9.982,10.063,10.152,10.238,10.316,10.4,10.496,10.669,10.858,11.064,11.498,12.629
566,OTH FP,4.658,5.54,6.013,6.239,6.394,6.519,6.648,6.738,6.826,6.913,6.971,7.045,7.102,7.158,7.224,7.269,7.321,7.369,7.422,7.468,7.515,7.56,7.609,7.66,7.69,7.722,7.755,7.793,7.832,7.871,7.894,7.924,7.966,8.003,8.04,8.071,8.104,8.145,8.176,8.214,8.267,8.3,8.343,8.375,8.403,8.439,8.474,8.495,8.531,8.558,8.593,8.626,8.658,8.687,8.719,8.739,8.772,8.794,8.826,8.864,8.9,8.93,8.957,8.987,9.016,9.044,9.074,9.106,9.141,9.181,9.207,9.254,9.278,9.311,9.349,9.374,9.412,9.447,9.499,9.545,9.597,9.633,9.673,9.711,9.768,9.832,9.892,9.954,10.016,10.053,10.11,10.192,10.273,10.37,10.466,10.591,10.721,10.843,11.077,11.531,12.482
567,OTH FP,4.658,5.54,6.013,6.239,6.394,6.519,6.648,6.738,6.826,6.913,6.971,7.045,7.102,7.158,7.224,7.269,7.321,7.369,7.422,7.468,7.515,7.56,7.609,7.66,7.69,7.722,7.755,7.793,7.832,7.871,7.894,7.924,7.966,8.003,8.04,8.071,8.104,8.145,8.176,8.214,8.267,8.3,8.343,8.375,8.403,8.439,8.474,8.495,8.531,8.558,8.593,8.626,8.658,8.687,8.719,8.739,8.772,8.794,8.826,8.864,8.9,8.93,8.957,8.987,9.016,9.044,9.074,9.106,9.141,9.181,9.207,9.254,9.278,9.311,9.349,9.374,9.412,9.447,9.499,9.545,9.597,9.633,9.673,9.711,9.768,9.832,9.892,9.954,10.016,10.053,10.11,10.192,10.273,10.37,10.466,10.591,10.721,10.843,11.077,11.531,12.482
568,OTH FP,4.721,5.608,6.036,6.307,6.483,6.606,6.731,6.801,6.874,6.952,7.026,7.097,7.161,7.21,7.263,7.317,7.373,7.414,7.475,7.516,7.561,7.605,7.642,7.691,7.731,7.767,7.803,7.842,7.875,7.913,7.953,7.985,8.017,8.05,8.076,8.118,8.154,8.191,8.225,8.255,8.286,8.323,8.361,8.396,8.421,8.451,8.481,8.514,8.554,8.597,8.639,8.669,8.71,8.736,8.771,8.799,8.826,8.863,8.887,8.913,8.952,8.979,9.003,9.032,9.066,9.097,9.135,9.165,9.205,9.231,9.262,9.298,9.332,9.367,9.406,9.443,9.488,9.529,9.567,9.609,9.639,9.698,9.746,9.79,9.834,9.872,9.937,9.982,10.046,10.132,10.203,10.268,10.339,10.414,10.512,10.633,10.759,10.926,11.164,11.591,12.704
569,OTH FP,4.721,5.608,6.036,6.307,6.483,6.606,6.731,6.801,6.874,6.952,7.026,7.097,7.161,7.21,7.263,7.317,7.373,7.414,7.475,7.516,7.561,7.605,7.642,7.691,7.731,7.767,7.803,7.842,7.875,7.913,7.953,7.985,8.017,8.05,8.076,8.118,8.154,8.191,8.225,8.255,8.286,8.323,8.361,8.396,8.421,8.451,8.481,8.514,8.554,8.597,8.639,8.669,8.71,8.736,8.771,8.799,8.826,8.863,8.887,8.913,8.952,8.979,9.003,9.032,9.066,9.097,9.135,9.165,9.205,9.231,9.262,9.298,9.332,9.367,9.406,9.443,9.488,9.529,9.567,9.609,9.639,9.698,9.746,9.79,9.834,9.872,9.937,9.982,10.046,10.132,10.203,10.268,10.339,10.414,10.512,10.633,10.759,10.926,11.164,11.591,12.704
570,OTH FP,4.91,5.655,6.039,6.321,6.513,6.618,6.719,6.823,6.913,6.997,7.086,7.174,7.227,7.279,7.325,7.381,7.439,7.476,7.52,7.57,7.616,7.663,7.701,7.743,7.784,7.811,7.854,7.892,7.93,7.972,8.012,8.041,8.083,8.11,8.147,8.177,8.227,8.262,8.295,8.33,8.357,8.387,8.418,8.446,8.48,8.516,8.549,8.586,8.617,8.655,8.684,8.719,8.743,8.773,8.802,8.834,8.861,8.899,8.924,8.953,8.981,9.013,9.043,9.067,9.099,9.135,9.166,9.2,9.231,9.27,9.307,9.339,9.371,9.407,9.44,9.49,9.54,9.584,9.62,9.658,9.693,9.734,9.787,9.832,9.874,9.926,9.993,10.057,10.114,10.175,10.233,10.313,10.39,10.467,10.556,10.662,10.806,10.956,11.237,11.594,12.785
571,OTH FP,4.91,5.655,6.039,6.321,6.513,6.618,6.719,6.823,6.913,6.997,7.086,7.174,7.227,7.279,7.325,7.381,7.439,7.476,7.52,7.57,7.616,7.663,7.701,7.743,7.784,7.811,7.854,7.892,7.93,7.972,8.012,8.041,8.083,8.11,8.147,8.177,8.227,8.262,8.295,8.33,8.357,8.387,8.418,8.446,8.48,8.516,8.549,8.586,8.617,8.655,8.684,8.719,8.743,8.773,8.802,8.834,8.861,8.899,8.924,8.953,8.981,9.013,9.043,9.067,9.099,9.135,9.166,9.2,9.231,9.27,9.307,9.339,9.371,9.407,9.44,9.49,9.54,9.584,9.62,9.658,9.693,9.734,9.787,9.832,9.874,9.926,9.993,10.057,10.114,10.175,10.233,10.313,10.39,10.467,10.556,10.662,10.806,10.956,11.237,11.594,12.785
572,OTH FP,4.643,5.831,6.096,6.361,6.533,6.651,6.765,6.895,6.99,7.063,7.134,7.205,7.264,7.328,7.389,7.448,7.497,7.535,7.601,7.639,7.69,7.724,7.758,7.794,7.839,7.88,7.915,7.952,7.985,8.025,8.059,8.091,8.133,8.171,8.212,8.243,8.282,8.313,8.351,8.383,8.41,8.438,8.474,8.512,8.551,8.575,8.6,8.631,8.666,8.703,8.737,8.762,8.787,8.822,8.855,8.884,8.919,8.948,8.975,9.004,9.033,9.069,9.101,9.131,9.167,9.199,9.232,9.261,9.299,9.334,9.368,9.403,9.432,9.475,9.517,9.552,9.587,9.616,9.655,9.69,9.738,9.774,9.813,9.876,9.925,9.974,10.018,10.068,10.124,10.187,10.261,10.336,10.413,10.498,10.588,10.694,10.835,11.039,11.281,11.699,12.675
573,OTH FP,4.643,5.831,6.096,6.361,6.533,6.651,6.765,6.895,6.99,7.063,7.134,7.205,7.264,7.328,7.389,7.448,7.497,7.535,7.601,7.639,7.69,7.724,7.758,7.794,7.839,7.88,7.915,7.952,7.985,8.025,8.059,8.091,8.133,8.171,8.212,8.243,8.282,8.313,8.351,8.383,8.41,8.438,8.474,8.512,8.551,8.575,8.6,8.631,8.666,8.703,8.737,8.762,8.787,8.822,8.855,8.884,8.919,8.948,8.975,9.004,9.033,9.069,9.101,9.131,9.167,9.199,9.232,9.261,9.299,9.334,9.368,9.403,9.432,9.475,9.517,9.552,9.587,9.616,9.655,9.69,9.738,9.774,9.813,9.876,9.925,9.974,10.018,10.068,10.124,10.187,10.261,10.336,10.413,10.498,10.588,10.694,10.835,11.039,11.281,11.699,12.675
574,OTH FP,4.765,5.884,6.251,6.488,6.625,6.737,6.846,6.924,7.036,7.118,7.171,7.248,7.312,7.364,7.431,7.476,7.545,7.589,7.636,7.688,7.738,7.78,7.815,7.857,7.904,7.945,7.982,8.022,8.057,8.096,8.125,8.167,8.197,8.224,8.262,8.292,8.325,8.361,8.394,8.419,8.455,8.49,8.52,8.555,8.581,8.618,8.65,8.675,8.7,8.728,8.76,8.79,8.833,8.863,8.893,8.926,8.957,8.992,9.02,9.054,9.092,9.125,9.15,9.188,9.218,9.244,9.271,9.31,9.351,9.382,9.409,9.45,9.483,9.511,9.545,9.589,9.62,9.657,9.715,9.758,9.805,9.84,9.869,9.923,9.969,10.019,10.07,10.116,10.175,10.236,10.301,10.362,10.437,10.533,10.637,10.752,10.888,11.079,11.299,11.629,12.915
575,OTH FP,4.765,5.884,6.251,6.488,6.625,6.737,6.846,6.924,7.036,7.118,7.171,7.248,7.312,7.364,7.431,7.476,7.545,7.589,7.636,7.688,7.738,7.78,7.815,7.857,7.904,7.945,7.982,8.022,8.057,8.096,8.125,8.167,8.197,8.224,8.262,8.292,8.325,8.361,8.394,8.419,8.455,8.49,8.52,8.555,8.581,8.618,8.65,8.675,8.7,8.728,8.76,8.79,8.833,8.863,8.893,8.926,8.957,8.992,9.02,9.054,9.092,9.125,9.15,9.188,9.218,9.244,9.271,9.31,9.351,9.382,9.409,9.45,9.483,9.511,9.545,9.589,9.62,9.657,9.715,9.758,9.805,9.84,9.869,9.923,9.969,10.019,10.07,10.116,10.175,10.236,10.301,10.362,10.437,10.533,10.637,10.752,10.888,11.079,11.299,11.629,12.915
576,OTH FP,5.045,5.962,6.273,6.48,6.634,6.811,6.916,6.989,7.061,7.139,7.22,7.306,7.388,7.442,7.501,7.557,7.611,7.666,7.698,7.749,7.799,7.838,7.881,7.926,7.964,8.011,8.044,8.087,8.13,8.171,8.209,8.244,8.285,8.318,8.356,8.38,8.409,8.438,8.462,8.496,8.528,8.557,8.595,8.628,8.661,8.684,8.71,8.743,8.776,8.802,8.84,8.881,8.908,8.938,8.968,8.991,9.019,9.053,9.085,9.117,9.148,9.173,9.199,9.228,9.272,9.305,9.337,9.368,9.404,9.433,9.471,9.504,9.536,9.57,9.615,9.648,9.682,9.721,9.769,9.811,9.849,9.897,9.933,9.98,10.021,10.058,10.114,10.169,10.236,10.284,10.361,10.433,10.481,10.57,10.691,10.797,10.898,11.081,11.366,11.697,13.002
577,OTH FP,5.045,5.962,6.273,6.48,6.634,6.811,6.916,6.989,7.061,7.139,7.22,7.306,7.388,7.442,7.501,7.557,7.611,7.666,7.698,7.749,7.799,7.838,7.881,7.926,7.964,8.011,8.044,8.087,8.13,8.171,8.209,8.244,8.285,8.318,8.356,8.38,8.409,8.438,8.462,8.496,8.528,8.557,8.595,8.628,8.661,8.684,8.71,8.743,8.776,8.802,8.84,8.881,8.908,8.938,8.968,8.991,9.019,9.053,9.085,9.117,9.148,9.173,9.199,9.228,9.272,9.305,9.337,9.368,9.404,9.433,9.471,9.504,9.536,9.57,9.615,9.648,9.682,9.721,9.769,9.811,9.849,9.897,9.933,9.98,10.021,10.058,10.114,10.169,10.236,10.284,10.361,10.433,10.481,10.57,10.691,10.797,10.898,11.081,11.366,11.697,13.002
578,OTH FP,5.147,6.081,6.361,6.576,6.718,6.819,6.928,7.019,7.135,7.233,7.311,7.405,7.456,7.51,7.565,7.617,7.669,7.733,7.779,7.813,7.856,7.895,7.938,7.999,8.027,8.072,8.105,8.143,8.182,8.221,8.256,8.287,8.328,8.362,8.391,8.423,8.455,8.486,8.515,8.547,8.579,8.613,8.64,8.669,8.709,8.737,8.766,8.789,8.828,8.861,8.885,8.92,8.947,8.977,9.007,9.051,9.084,9.12,9.142,9.172,9.201,9.237,9.26,9.292,9.321,9.359,9.399,9.432,9.467,9.502,9.535,9.565,9.599,9.64,9.668,9.695,9.728,9.767,9.804,9.834,9.881,9.922,9.958,10.01,10.047,10.097,10.148,10.208,10.265,10.333,10.388,10.454,10.53,10.644,10.714,10.816,10.96,11.109,11.354,11.703,13.005
579,OTH FP,5.147,6.081,6.361,6.576,6.718,6.819,6.928,7.019,7.135,7.233,7.311,7.405,7.456,7.51,7.565,7.617,7.669,7.733,7.779,7.813,7.856,7.895,7.938,7.999,8.027,8.072,8.105,8.143,8.182,8.221,8.256,8.287,8.328,8.362,8.391,8.423,8.455,8.486,8.515,8.547,8.579,8.613,8.64,8.669,8.709,8.737,8.766,8.789,8.828,8.861,8.885,8.92,8.947,8.977,9.007,9.051,9.084,9.12,9.142,9.172,9.201,9.237,9.26,9.292,9.321,9.359,9.399,9.432,9.467,9.502,9.535,9.565,9.599,9.64,9.668,9.695,9.728,9.767,9.804,9.834,9.881,9.922,9.958,10.01,10.047,10.097,10.148,10.208,10.265,10.333,10.388,10.454,10.53,10.644,10.714,10.816,10.96,11.109,11.354,11.703,13.005
580,OTH FP,5.237,6.098,6.477,6.693,6.802,6.933,7.047,7.142,7.207,7.29,7.369,7.455,7.519,7.574,7.647,7.703,7.746,7.805,7.856,7.906,7.946,8.004,8.042,8.076,8.113,8.148,8.19,8.225,8.266,8.292,8.33,8.361,8.393,8.421,8.455,8.49,8.515,8.541,8.565,8.59,8.619,8.647,8.672,8.701,8.738,8.771,8.801,8.835,8.863,8.893,8.932,8.961,8.996,9.028,9.059,9.094,9.12,9.15,9.187,9.216,9.25,9.271,9.3,9.327,9.356,9.382,9.417,9.442,9.473,9.507,9.529,9.574,9.608,9.646,9.674,9.725,9.764,9.798,9.829,9.865,9.912,9.947,10.005,10.05,10.091,10.141,10.19,10.257,10.323,10.377,10.442,10.503,10.586,10.672,10.764,10.872,10.999,11.157,11.405,11.739,12.904
581,OTH FP,5.237,6.098,6.477,6.693,6.802,6.933,7.047,7.142,7.207,7.29,7.369,7.455,7.519,7.574,7.647,7.703,7.746,7.805,7.856,7.906,7.946,8.004,8.042,8.076,8.113,8.148,8.19,8.225,8.266,8.292,8.33,8.361,8.393,8.421,8.455,8.49,8.515,8.541,8.565,8.59,8.619,8.647,8.672,8.701,8.738,8.771,8.801,8.835,8.863,8.893,8.932,8.961,8.996,9.028,9.059,9.094,9.12,9.15,9.187,9.216,9.25,9.271,9.3,9.327,9.356,9.382,9.417,9.442,9.473,9.507,9.529,9.574,9.608,9.646,9.674,9.725,9.764,9.798,9.829,9.865,9.912,9.947,10.005,10.05,10.091,10.141,10.19,10.257,10.323,10.377,10.442,10.503,10.586,10.672,10.764,10.872,10.999,11.157,11.405,11.739,12.904
582,OTH FP,5.491,6.272,6.537,6.749,6.916,7.058,7.145,7.236,7.311,7.399,7.476,7.572,7.622,7.682,7.731,7.776,7.827,7.866,7.911,7.956,7.992,8.045,8.099,8.134,8.176,8.211,8.245,8.274,8.314,8.346,8.376,8.406,8.443,8.477,8.508,8.539,8.571,8.604,8.631,8.66,8.698,8.731,8.761,8.802,8.824,8.85,8.878,8.901,8.93,8.954,8.982,9.007,9.036,9.067,9.097,9.131,9.162,9.189,9.221,9.249,9.283,9.315,9.34,9.369,9.397,9.425,9.456,9.483,9.513,9.543,9.569,9.597,9.64,9.675,9.715,9.746,9.781,9.817,9.859,9.898,9.941,9.974,10.021,10.069,10.113,10.163,10.226,10.283,10.335,10.42,10.484,10.56,10.642,10.719,10.808,10.911,11.077,11.201,11.469,11.78,12.604
583,OTH FP,5.491,6.272,6.537,6.749,6.916,7.058,7.145,7.236,7.311,7.399,7.476,7.572,7.622,7.682,7.731,7.776,7.827,7.866,7.911,7.956,7.992,8.045,8.099,8.134,8.176,8.211,8.245,8.274,8.314,8.346,8.376,8.406,8.443,8.477,8.508,8.539,8.571,8.604,8.631,8.66,8.698,8.731,8.761,8.802,8.824,8.85,8.878,8.901,8.93,8.954,8.982,9.007,9.036,9.067,9.097,9.131,9.162,9.189,9.221,9.249,9.283,9.315,9.34,9.369,9.397,9.425,9.456,9.483,9.513,9.543,9.569,9.597,9.64,9.675,9.715,9.746,9.781,9.817,9.859,9.898,9.941,9.974,10.021,10.069,10.113,10.163,10.226,10.283,10.335,10.42,10.484,10.56,10.642,10.719,10.808,10.911,11.077,11.201,11.469,11.78,12.604
584,OTH FP,5.381,6.361,6.635,6.813,7.039,7.153,7.269,7.36,7.439,7.52,7.586,7.647,7.716,7.76,7.806,7.857,7.901,7.942,7.991,8.036,8.071,8.127,8.165,8.207,8.241,8.28,8.309,8.34,8.369,8.403,8.44,8.476,8.512,8.541,8.565,8.595,8.626,8.663,8.684,8.708,8.743,8.773,8.803,8.829,8.866,8.894,8.919,8.946,8.977,8.999,9.03,9.06,9.083,9.108,9.134,9.16,9.186,9.212,9.235,9.265,9.289,9.317,9.349,9.385,9.408,9.437,9.465,9.497,9.521,9.554,9.597,9.628,9.662,9.691,9.724,9.761,9.796,9.831,9.87,9.915,9.968,10.006,10.05,10.097,10.141,10.191,10.261,10.341,10.38,10.451,10.518,10.576,10.622,10.696,10.802,10.921,11.083,11.231,11.493,11.784,12.794
585,OTH FP,5.381,6.361,6.635,6.813,7.039,7.153,7.269,7.36,7.439,7.52,7.586,7.647,7.716,7.76,7.806,7.857,7.901,7.942,7.991,8.036,8.071,8.127,8.165,8.207,8.241,8.28,8.309,8.34,8.369,8.403,8.44,8.476,8.512,8.541,8.565,8.595,8.626,8.663,8.684,8.708,8.743,8.773,8.803,8.829,8.866,8.894,8.919,8.946,8.977,8.999,9.03,9.06,9.083,9.108,9.134,9.16,9.186,9.212,9.235,9.265,9.289,9.317,9.349,9.385,9.408,9.437,9.465,9.497,9.521,9.554,9.597,9.628,9.662,9.691,9.724,9.761,9.796,9.831,9.87,9.915,9.968,10.006,10.05,10.097,10.141,10.191,10.261,10.341,10.38,10.451,10.518,10.576,10.622,10.696,10.802,10.921,11.083,11.231,11.493,11.784,12.794
586,OTH FP,5.751,6.413,6.721,6.905,7.076,7.234,7.331,7.433,7.497,7.559,7.647,7.694,7.754,7.804,7.863,7.914,7.962,7.996,8.039,8.088,8.129,8.173,8.214,8.246,8.283,8.328,8.356,8.387,8.421,8.464,8.486,8.517,8.546,8.573,8.611,8.641,8.667,8.693,8.717,8.745,8.772,8.805,8.836,8.866,8.898,8.928,8.955,8.988,9.011,9.039,9.064,9.09,9.117,9.141,9.173,9.196,9.222,9.258,9.288,9.322,9.35,9.384,9.417,9.441,9.471,9.499,9.531,9.563,9.592,9.624,9.659,9.69,9.721,9.753,9.79,9.821,9.854,9.888,9.926,9.977,10.023,10.056,10.089,10.129,10.176,10.214,10.264,10.319,10.367,10.413,10.502,10.565,10.655,10.747,10.859,10.966,11.1,11.253,11.457,11.771,12.725
587,OTH FP,5.751,6.413,6.721,6.905,7.076,7.234,7.331,7.433,7.497,7.559,7.647,7.694,7.754,7.804,7.863,7.914,7.962,7.996,8.039,8.088,8.129,8.173,8.214,8.246,8.283,8.328,8.356,8.387,8.421,8.464,8.486,8.517,8.546,8.573,8.611,8.641,8.667,8.693,8.717,8.745,8.772,8.805,8.836,8.866,8.898,8.928,8.955,8.988,9.011,9.039,9.064,9.09,9.117,9.141,9.173,9.196,9.222,9.258,9.288,9.322,9.35,9.384,9.417,9.441,9.471,9.499,9.531,9.563,9.592,9.624,9.659,9.69,9.721,9.753,9.79,9.821,9.854,9.888,9.926,9.977,10.023,10.056,10.089,10.129,10.176,10.214,10.264,10.319,10.367,10.413,10.502,10.565,10.655,10.747,10.859,10.966,11.1,11.253,11.457,11.771,12.725
588,OTH FP,5.695,6.445,6.779,6.974,7.119,7.233,7.334,7.424,7.491,7.555,7.618,7.682,7.745,7.799,7.854,7.899,7.952,8.003,8.057,8.089,8.133,8.171,8.206,8.25,8.299,8.334,8.373,8.409,8.451,8.48,8.512,8.543,8.579,8.609,8.636,8.659,8.686,8.719,8.746,8.779,8.801,8.827,8.854,8.884,8.908,8.939,8.968,9.001,9.026,9.055,9.079,9.106,9.123,9.147,9.179,9.203,9.233,9.254,9.29,9.318,9.354,9.392,9.428,9.456,9.482,9.509,9.537,9.56,9.596,9.632,9.662,9.689,9.719,9.76,9.801,9.85,9.881,9.912,9.953,9.99,10.032,10.074,10.115,10.157,10.199,10.257,10.3,10.354,10.416,10.475,10.534,10.588,10.667,10.746,10.846,10.947,11.081,11.227,11.452,11.792,13.019
589,OTH FP,5.695,6.445,6.779,6.974,7.119,7.233,7.334,7.424,7.491,7.555,7.618,7.682,7.745,7.799,7.854,7.899,7.952,8.003,8.057,8.089,8.133,8.171,8.206,8.25,8.299,8.334,8.373,8.409,8.451,8.48,8.512,8.543,8.579,8.609,8.636,8.659,8.686,8.719,8.746,8.779,8.801,8.827,8.854,8.884,8.908,8.939,8.968,9.001,9.026,9.055,9.079,9.106,9.123,9.147,9.179,9.203,9.233,9.254,9.29,9.318,9.354,9.392,9.428,9.456,9.482,9.509,9.537,9.56,9.596,9.632,9.662,9.689,9.719,9.76,9.801,9.85,9.881,9.912,9.953,9.99,10.032,10.074,10.115,10.157,10.199,10.257,10.3,10.354,10.416,10.475,10.534,10.588,10.667,10.746,10.846,10.947,11.081,11.227,11.452,11.792,13.019
590,OTH FP,5.568,6.524,6.79,6.974,7.129,7.267,7.355,7.434,7.526,7.589,7.646,7.708,7.753,7.794,7.855,7.911,7.959,8.01,8.056,8.101,8.141,8.183,8.22,8.266,8.304,8.34,8.371,8.409,8.44,8.48,8.501,8.534,8.566,8.601,8.638,8.665,8.69,8.726,8.762,8.793,8.823,8.846,8.868,8.899,8.93,8.957,8.991,9.009,9.035,9.065,9.096,9.121,9.148,9.174,9.206,9.228,9.252,9.271,9.301,9.332,9.356,9.387,9.419,9.447,9.479,9.508,9.543,9.57,9.608,9.644,9.673,9.704,9.741,9.773,9.801,9.829,9.861,9.891,9.928,9.962,10.004,10.038,10.081,10.136,10.179,10.223,10.274,10.323,10.382,10.432,10.495,10.566,10.636,10.706,10.784,10.906,11.045,11.217,11.437,11.768,12.94
591,OTH FP,5.568,6.524,6.79,6.974,7.129,7.267,7.355,7.434,7.526,7.589,7.646,7.708,7.753,7.794,7.855,7.911,7.959,8.01,8.056,8.101,8.141,8.183,8.22,8.266,8.304,8.34,8.371,8.409,8.44,8.48,8.501,8.534,8.566,8.601,8.638,8.665,8.69,8.726,8.762,8.793,8.823,8.846,8.868,8.899,8.93,8.957,8.991,9.009,9.035,9.065,9.096,9.121,9.148,9.174,9.206,9.228,9.252,9.271,9.301,9.332,9.356,9.387,9.419,9.447,9.479,9.508,9.543,9.57,9.608,9.644,9.673,9.704,9.741,9.773,9.801,9.829,9.861,9.891,9.928,9.962,10.004,10.038,10.081,10.136,10.179,10.223,10.274,10.323,10.382,10.432,10.495,10.566,10.636,10.706,10.784,10.906,11.045,11.217,11.437,11.768,12.94
592,OTH FP,5.801,6.499,6.875,7.053,7.154,7.253,7.358,7.452,7.535,7.596,7.659,7.722,7.784,7.824,7.883,7.933,7.973,8.026,8.078,8.119,8.157,8.199,8.23,8.276,8.317,8.348,8.382,8.42,8.458,8.493,8.524,8.557,8.582,8.614,8.644,8.675,8.695,8.728,8.755,8.78,8.808,8.84,8.866,8.903,8.93,8.967,8.992,9.021,9.049,9.082,9.106,9.132,9.164,9.192,9.216,9.243,9.266,9.292,9.317,9.349,9.38,9.405,9.437,9.476,9.506,9.528,9.56,9.586,9.616,9.649,9.684,9.706,9.735,9.768,9.794,9.83,9.862,9.903,9.94,9.984,10.026,10.067,10.104,10.144,10.176,10.225,10.275,10.327,10.392,10.454,10.51,10.584,10.649,10.733,10.814,10.915,11.102,11.25,11.453,11.741,12.914
593,OTH FP,5.801,6.499,6.875,7.053,7.154,7.253,7.358,7.452,7.535,7.596,7.659,7.722,7.784,7.824,7.883,7.933,7.973,8.026,8.078,8.119,8.157,8.199,8.23,8.276,8.317,8.348,8.382,8.42,8.458,8.493,8.524,8.557,8.582,8.614,8.644,8.675,8.695,8.728,8.755,8.78,8.808,8.84,8.866,8.903,8.93,8.967,8.992,9.021,9.049,9.082,9.106,9.132,9.164,9.192,9.216,9.243,9.266,9.292,9.317,9.349,9.38,9.405,9.437,9.476,9.506,9.528,9.56,9.586,9.616,9.649,9.684,9.706,9.735,9.768,9.794,9.83,9.862,9.903,9.94,9.984,10.026,10.067,10.104,10.144,10.176,10.225,10.275,10.327,10.392,10.454,10.51,10.584,10.649,10.733,10.814,10.915,11.102,11.25,11.453,11.741,12.914
594,OTH FP,5.567,6.513,6.82,6.988,7.11,7.229,7.337,7.427,7.492,7.561,7.618,7.692,7.741,7.79,7.845,7.881,7.929,7.979,8.02,8.07,8.109,8.141,8.179,8.215,8.264,8.3,8.329,8.363,8.398,8.426,8.455,8.482,8.519,8.551,8.578,8.604,8.64,8.67,8.707,8.735,8.77,8.793,8.83,8.863,8.89,8.932,8.964,8.997,9.031,9.058,9.083,9.113,9.145,9.176,9.199,9.222,9.249,9.275,9.304,9.324,9.356,9.382,9.409,9.438,9.458,9.484,9.518,9.543,9.57,9.594,9.634,9.672,9.712,9.755,9.787,9.836,9.868,9.891,9.932,9.963,10.003,10.04,10.082,10.131,10.175,10.227,10.287,10.339,10.402,10.453,10.519,10.598,10.661,10.719,10.817,10.947,11.072,11.241,11.436,11.745,12.918
595,OTH FP,5.567,6.513,6.82,6.988,7.11,7.229,7.337,7.427,7.492,7.561,7.618,7.692,7.741,7.79,7.845,7.881,7.929,7.979,8.02,8.07,8.109,8.141,8.179,8.215,8.264,8.3,8.329,8.363,8.398,8.426,8.455,8.482,8.519,8.551,8.578,8.604,8.64,8.67,8.707,8.735,8.77,8.793,8.83,8.863,8.89,8.932,8.964,8.997,9.031,9.058,9.083,9.113,9.145,9.176,9.199,9.222,9.249,9.275,9.304,9.324,9.356,9.382,9.409,9.438,9.458,9.484,9.518,9.543,9.57,9.594,9.634,9.672,9.712,9.755,9.787,9.836,9.868,9.891,9.932,9.963,10.003,10.04,10.082,10.131,10.175,10.227,10.287,10.339,10.402,10.453,10.519,10.598,10.661,10.719,10.817,10.947,11.072,11.241,11.436,11.745,12.918
596,OTH FP,5.472,6.491,6.759,6.933,7.069,7.21,7.302,7.372,7.443,7.523,7.581,7.646,7.698,7.738,7.783,7.831,7.876,7.928,7.969,8.01,8.049,8.094,8.129,8.163,8.209,8.25,8.29,8.32,8.356,8.393,8.42,8.458,8.486,8.519,8.548,8.586,8.618,8.656,8.687,8.723,8.753,8.79,8.811,8.843,8.874,8.906,8.934,8.96,8.99,9.017,9.051,9.079,9.103,9.129,9.158,9.19,9.214,9.246,9.27,9.29,9.323,9.349,9.383,9.409,9.435,9.472,9.497,9.521,9.546,9.58,9.616,9.658,9.68,9.711,9.741,9.778,9.814,9.854,9.896,9.947,9.97,10.002,10.053,10.109,10.163,10.203,10.248,10.317,10.377,10.46,10.523,10.586,10.651,10.733,10.828,10.943,11.037,11.242,11.414,11.807,12.575
597,OTH FP,5.472,6.491,6.759,6.933,7.069,7.21,7.302,7.372,7.443,7.523,7.581,7.646,7.698,7.738,7.783,7.831,7.876,7.928,7.969,8.01,8.049,8.094,8.129,8.163,8.209,8.25,8.29,8.32,8.356,8.393,8.42,8.458,8.486,8.519,8.548,8.586,8.618,8.656,8.687,8.723,8.753,8.79,8.811,8.843,8.874,8.906,8.934,8.96,8.99,9.017,9.051,9.079,9.103,9.129,9.158,9.19,9.214,9.246,9.27,9.29,9.323,9.349,9.383,9.409,9.435,9.472,9.497,9.521,9.546,9.58,9.616,9.658,9.68,9.711,9.741,9.778,9.814,9.854,9.896,9.947,9.97,10.002,10.053,10.109,10.163,10.203,10.248,10.317,10.377,10.46,10.523,10.586,10.651,10.733,10.828,10.943,11.037,11.242,11.414,11.807,12.575
598,OTH FP,5.582,6.441,6.754,6.907,7.007,7.146,7.241,7.324,7.43,7.486,7.555,7.621,7.677,7.733,7.778,7.814,7.857,7.899,7.947,7.989,8.024,8.065,8.099,8.132,8.176,8.216,8.253,8.288,8.323,8.363,8.394,8.421,8.451,8.485,8.517,8.555,8.579,8.609,8.641,8.67,8.701,8.732,8.763,8.789,8.826,8.85,8.883,8.911,8.939,8.963,8.984,9.013,9.033,9.063,9.095,9.124,9.148,9.184,9.217,9.255,9.279,9.306,9.332,9.355,9.395,9.437,9.469,9.498,9.53,9.557,9.587,9.622,9.66,9.695,9.731,9.761,9.796,9.84,9.868,9.902,9.939,9.975,10.018,10.066,10.107,10.163,10.214,10.282,10.347,10.407,10.486,10.569,10.653,10.735,10.828,10.931,11.054,11.193,11.353,11.789,12.804
599,OTH FP,5.582,6.441,6.754,6.907,7.007,7.146,7.241,7.324,7.43,7.486,7.555,7.621,7.677,7.733,7.778,7.814,7.857,7.899,7.947,7.989,8.024,8.065,8.099,8.132,8.176,8.216,8.253,8.288,8.323,8.363,8.394,8.421,8.451,8.485,8.517,8.555,8.579,8.609,8.641,8.67,8.701,8.732,8.763,8.789,8.826,8.85,8.883,8.911,8.939,8.963,8.984,9.013,9.033,9.063,9.095,9.124,9.148,9.184,9.217,9.255,9.279,9.306,9.332,9.355,9.395,9.437,9.469,9.498,9.53,9.557,9.587,9.622,9.66,9.695,9.731,9.761,9.796,9.84,9.868,9.902,9.939,9.975,10.018,10.066,10.107,10.163,10.214,10.282,10.347,10.407,10.486,10.569,10.653,10.735,10.828,10.931,11.054,11.193,11.353,11.789,12.804
600,OTH FP,5.575,6.395,6.627,6.839,6.981,7.087,7.207,7.293,7.354,7.421,7.511,7.574,7.639,7.691,7.727,7.771,7.816,7.854,7.896,7.931,7.97,8.014,8.057,8.093,8.132,8.172,8.216,8.258,8.294,8.321,8.353,8.387,8.42,8.452,8.478,8.509,8.536,8.571,8.603,8.629,8.672,8.7,8.728,8.758,8.782,8.815,8.847,8.878,8.914,8.947,8.978,9.003,9.03,9.06,9.08,9.1,9.125,9.156,9.176,9.206,9.235,9.272,9.306,9.334,9.361,9.385,9.415,9.452,9.487,9.523,9.551,9.582,9.608,9.645,9.677,9.718,9.757,9.788,9.827,9.87,9.908,9.958,9.998,10.039,10.097,10.134,10.195,10.268,10.343,10.402,10.489,10.571,10.643,10.716,10.796,10.916,11.031,11.176,11.374,11.64,12.739
601,OTH FP,5.575,6.395,6.627,6.839,6.981,7.087,7.207,7.293,7.354,7.421,7.511,7.574,7.639,7.691,7.727,7.771,7.816,7.854,7.896,7.931,7.97,8.014,8.057,8.093,8.132,8.172,8.216,8.258,8.294,8.321,8.353,8.387,8.42,8.452,8.478,8.509,8.536,8.571,8.603,8.629,8.672,8.7,8.728,8.758,8.782,8.815,8.847,8.878,8.914,8.947,8.978,9.003,9.03,9.06,9.08,9.1,9.125,9.156,9.176,9.206,9.235,9.272,9.306,9.334,9.361,9.385,9.415,9.452,9.487,9.523,9.551,9.582,9.608,9.645,9.677,9.718,9.757,9.788,9.827,9.87,9.908,9.958,9.998,10.039,10.097,10.134,10.195,10.268,10.343,10.402,10.489,10.571,10.643,10.716,10.796,10.916,11.031,11.176,11.374,11.64,12.739
602,OTH FP,5.509,6.371,6.63,6.834,6.954,7.083,7.176,7.263,7.351,7.425,7.487,7.556,7.608,7.67,7.723,7.761,7.822,7.867,7.902,7.939,7.976,8.006,8.046,8.086,8.118,8.164,8.203,8.229,8.263,8.294,8.322,8.354,8.38,8.422,8.45,8.48,8.515,8.547,8.586,8.611,8.646,8.671,8.691,8.725,8.754,8.793,8.819,8.847,8.88,8.91,8.939,8.966,8.996,9.025,9.056,9.081,9.102,9.135,9.168,9.204,9.23,9.257,9.288,9.319,9.346,9.376,9.405,9.436,9.462,9.491,9.522,9.553,9.583,9.624,9.649,9.688,9.725,9.752,9.791,9.829,9.875,9.911,9.972,10.021,10.059,10.116,10.174,10.237,10.284,10.343,10.432,10.514,10.595,10.689,10.786,10.896,10.988,11.152,11.339,11.724,12.924
603,OTH FP,5.509,6.371,6.63,6.834,6.954,7.083,7.176,7.263,7.351,7.425,7.487,7.556,7.608,7.67,7.723,7.761,7.822,7.867,7.902,7.939,7.976,8.006,8.046,8.086,8.118,8.164,8.203,8.229,8.263,8.294,8.322,8.354,8.38,8.422,8.45,8.48,8.515,8.547,8.586,8.611,8.646,8.671,8.691,8.725,8.754,8.793,8.819,8.847,8.88,8.91,8.939,8.966,8.996,9.025,9.056,9.081,9.102,9.135,9.168,9.204,9.23,9.257,9.288,9.319,9.346,9.376,9.405,9.436,9.462,9.491,9.522,9.553,9.583,9.624,9.649,9.688,9.725,9.752,9.791,9.829,9.875,9.911,9.972,10.021,10.059,10.116,10.174,10.237,10.284,10.343,10.432,10.514,10.595,10.689,10.786,10.896,10.988,11.152,11.339,11.724,12.924
604,OTH FP,5.451,6.267,6.618,6.775,6.907,7.065,7.171,7.251,7.335,7.407,7.464,7.516,7.561,7.627,7.674,7.728,7.772,7.827,7.869,7.92,7.96,8.007,8.045,8.078,8.112,8.152,8.185,8.22,8.247,8.273,8.306,8.339,8.373,8.398,8.429,8.451,8.474,8.51,8.553,8.582,8.612,8.633,8.668,8.689,8.721,8.755,8.781,8.808,8.841,8.862,8.889,8.914,8.939,8.961,8.994,9.016,9.046,9.079,9.114,9.15,9.189,9.212,9.249,9.281,9.313,9.339,9.371,9.395,9.417,9.446,9.474,9.505,9.536,9.574,9.61,9.649,9.677,9.714,9.744,9.783,9.816,9.852,9.898,9.962,10.022,10.078,10.118,10.166,10.249,10.333,10.397,10.476,10.569,10.648,10.745,10.826,10.953,11.14,11.306,11.731,12.725
605,OTH FP,5.451,6.267,6.618,6.775,6.907,7.065,7.171,7.251,7.335,7.407,7.464,7.516,7.561,7.627,7.674,7.728,7.772,7.827,7.869,7.92,7.96,8.007,8.045,8.078,8.112,8.152,8.185,8.22,8.247,8.273,8.306,8.339,8.373,8.398,8.429,8.451,8.474,8.51,8.553,8.582,8.612,8.633,8.668,8.689,8.721,8.755,8.781,8.808,8.841,8.862,8.889,8.914,8.939,8.961,8.994,9.016,9.046,9.079,9.114,9.15,9.189,9.212,9.249,9.281,9.313,9.339,9.371,9.395,9.417,9.446,9.474,9.505,9.536,9.574,9.61,9.649,9.677,9.714,9.744,9.783,9.816,9.852,9.898,9.962,10.022,10.078,10.118,10.166,10.249,10.333,10.397,10.476,10.569,10.648,10.745,10.826,10.953,11.14,11.306,11.731,12.725
606,OTH FP,5.424,6.259,6.58,6.745,6.89,7.009,7.107,7.221,7.295,7.364,7.422,7.497,7.544,7.605,7.647,7.687,7.76,7.806,7.857,7.899,7.939,7.992,8.031,8.064,8.101,8.139,8.171,8.205,8.235,8.275,8.302,8.334,8.363,8.39,8.422,8.446,8.473,8.5,8.527,8.557,8.589,8.618,8.639,8.66,8.693,8.722,8.758,8.783,8.813,8.843,8.871,8.899,8.92,8.95,8.978,9.0,9.019,9.046,9.081,9.11,9.139,9.167,9.197,9.233,9.262,9.29,9.317,9.352,9.385,9.412,9.448,9.475,9.504,9.542,9.576,9.61,9.65,9.692,9.729,9.77,9.812,9.847,9.888,9.941,9.987,10.036,10.104,10.164,10.214,10.279,10.351,10.429,10.513,10.6,10.686,10.783,10.925,11.098,11.307,11.627,12.973
607,OTH FP,5.424,6.259,6.58,6.745,6.89,7.009,7.107,7.221,7.295,7.364,7.422,7.497,7.544,7.605,7.647,7.687,7.76,7.806,7.857,7.899,7.939,7.992,8.031,8.064,8.101,8.139,8.171,8.205,8.235,8.275,8.302,8.334,8.363,8.39,8.422,8.446,8.473,8.5,8.527,8.557,8.589,8.618,8.639,8.66,8.693,8.722,8.758,8.783,8.813,8.843,8.871,8.899,8.92,8.95,8.978,9.0,9.019,9.046,9.081,9.11,9.139,9.167,9.197,9.233,9.262,9.29,9.317,9.352,9.385,9.412,9.448,9.475,9.504,9.542,9.576,9.61,9.65,9.692,9.729,9.77,9.812,9.847,9.888,9.941,9.987,10.036,10.104,10.164,10.214,10.279,10.351,10.429,10.513,10.6,10.686,10.783,10.925,11.098,11.307,11.627,12.973
608,OTH FP,5.429,6.256,6.562,6.765,6.909,7.018,7.109,7.205,7.285,7.346,7.407,7.47,7.508,7.571,7.622,7.671,7.714,7.759,7.811,7.865,7.918,7.961,8.002,8.041,8.072,8.097,8.144,8.185,8.212,8.243,8.274,8.302,8.326,8.361,8.389,8.41,8.436,8.46,8.481,8.508,8.539,8.573,8.605,8.636,8.666,8.699,8.732,8.754,8.781,8.807,8.835,8.871,8.897,8.935,8.96,8.991,9.013,9.04,9.073,9.098,9.122,9.149,9.185,9.214,9.247,9.27,9.295,9.322,9.355,9.381,9.416,9.444,9.48,9.517,9.547,9.583,9.623,9.671,9.717,9.759,9.793,9.826,9.887,9.931,9.971,10.011,10.068,10.14,10.195,10.239,10.305,10.366,10.432,10.537,10.637,10.754,10.868,11.016,11.243,11.566,12.902
609,OTH FP,5.429,6.256,6.562,6.765,6.909,7.018,7.109,7.205,7.285,7.346,7.407,7.47,7.508,7.571,7.622,7.671,7.714,7.759,7.811,7.865,7.918,7.961,8.002,8.041,8.072,8.097,8.144,8.185,8.212,8.243,8.274,8.302,8.326,8.361,8.389,8.41,8.436,8.46,8.481,8.508,8.539,8.573,8.605,8.636,8.666,8.699,8.732,8.754,8.781,8.807,8.835,8.871,8.897,8.935,8.96,8.991,9.013,9.04,9.073,9.098,9.122,9.149,9.185,9.214,9.247,9.27,9.295,9.322,9.355,9.381,9.416,9.444,9.48,9.517,9.547,9.583,9.623,9.671,9.717,9.759,9.793,9.826,9.887,9.931,9.971,10.011,10.068,10.14,10.195,10.239,10.305,10.366,10.432,10.537,10.637,10.754,10.868,11.016,11.243,11.566,12.902
610,OTH FP,5.264,6.237,6.521,6.756,6.913,7.015,7.095,7.178,7.259,7.322,7.392,7.453,7.517,7.562,7.629,7.676,7.724,7.766,7.81,7.856,7.915,7.958,7.991,8.025,8.074,8.109,8.133,8.164,8.201,8.227,8.255,8.29,8.317,8.358,8.394,8.427,8.453,8.486,8.517,8.547,8.577,8.603,8.632,8.658,8.685,8.718,8.75,8.786,8.815,8.841,8.874,8.904,8.929,8.959,8.978,9.008,9.038,9.069,9.089,9.119,9.143,9.168,9.197,9.224,9.259,9.3,9.327,9.362,9.397,9.436,9.467,9.505,9.53,9.571,9.608,9.638,9.676,9.704,9.742,9.775,9.824,9.864,9.913,9.965,10.012,10.06,10.107,10.156,10.203,10.272,10.338,10.417,10.492,10.584,10.699,10.859,10.963,11.101,11.326,11.67,12.93
611,OTH FP,5.264,6.237,6.521,6.756,6.913,7.015,7.095,7.178,7.259,7.322,7.392,7.453,7.517,7.562,7.629,7.676,7.724,7.766,7.81,7.856,7.915,7.958,7.991,8.025,8.074,8.109,8.133,8.164,8.201,8.227,8.255,8.29,8.317,8.358,8.394,8.427,8.453,8.486,8.517,8.547,8.577,8.603,8.632,8.658,8.685,8.718,8.75,8.786,8.815,8.841,8.874,8.904,8.929,8.959,8.978,9.008,9.038,9.069,9.089,9.119,9.143,9.168,9.197,9.224,9.259,9.3,9.327,9.362,9.397,9.436,9.467,9.505,9.53,9.571,9.608,9.638,9.676,9.704,9.742,9.775,9.824,9.864,9.913,9.965,10.012,10.06,10.107,10.156,10.203,10.272,10.338,10.417,10.492,10.584,10.699,10.859,10.963,11.101,11.326,11.67,12.93
612,OTH FP,5.277,6.272,6.558,6.7,6.847,6.966,7.102,7.186,7.267,7.343,7.417,7.471,7.52,7.585,7.638,7.692,7.744,7.786,7.832,7.886,7.918,7.953,7.996,8.037,8.079,8.106,8.144,8.184,8.226,8.269,8.303,8.331,8.365,8.4,8.437,8.464,8.494,8.524,8.549,8.573,8.605,8.634,8.661,8.69,8.713,8.755,8.779,8.806,8.836,8.87,8.895,8.916,8.947,8.972,9.002,9.033,9.065,9.095,9.129,9.159,9.181,9.205,9.239,9.271,9.3,9.329,9.366,9.391,9.42,9.459,9.493,9.532,9.561,9.602,9.653,9.694,9.721,9.763,9.788,9.829,9.876,9.915,9.949,9.998,10.065,10.107,10.157,10.208,10.272,10.321,10.39,10.466,10.552,10.647,10.73,10.882,11.03,11.215,11.393,11.721,13.105
613,OTH FP,5.277,6.272,6.558,6.7,6.847,6.966,7.102,7.186,7.267,7.343,7.417,7.471,7.52,7.585,7.638,7.692,7.744,7.786,7.832,7.886,7.918,7.953,7.996,8.037,8.079,8.106,8.144,8.184,8.226,8.269,8.303,8.331,8.365,8.4,8.437,8.464,8.494,8.524,8.549,8.573,8.605,8.634,8.661,8.69,8.713,8.755,8.779,8.806,8.836,8.87,8.895,8.916,8.947,8.972,9.002,9.033,9.065,9.095,9.129,9.159,9.181,9.205,9.239,9.271,9.3,9.329,9.366,9.391,9.42,9.459,9.493,9.532,9.561,9.602,9.653,9.694,9.721,9.763,9.788,9.829,9.876,9.915,9.949,9.998,10.065,10.107,10.157,10.208,10.272,10.321,10.39,10.466,10.552,10.647,10.73,10.882,11.03,11.215,11.393,11.721,13.105
614,OTH FP,5.043,6.203,6.495,6.77,6.889,7.023,7.096,7.166,7.254,7.337,7.407,7.475,7.521,7.581,7.636,7.695,7.757,7.805,7.839,7.89,7.931,7.976,8.021,8.062,8.095,8.133,8.186,8.209,8.25,8.278,8.303,8.338,8.378,8.415,8.455,8.478,8.511,8.546,8.574,8.599,8.629,8.651,8.682,8.718,8.752,8.78,8.814,8.84,8.877,8.905,8.941,8.973,9.0,9.029,9.053,9.082,9.104,9.134,9.156,9.178,9.21,9.236,9.263,9.291,9.333,9.36,9.405,9.443,9.478,9.507,9.543,9.575,9.619,9.654,9.69,9.731,9.774,9.807,9.837,9.876,9.92,9.97,10.017,10.069,10.113,10.171,10.216,10.266,10.331,10.383,10.449,10.516,10.602,10.687,10.798,10.918,11.106,11.233,11.446,11.809,13.33
615,OTH FP,5.043,6.203,6.495,6.77,6.889,7.023,7.096,7.166,7.254,7.337,7.407,7.475,7.521,7.581,7.636,7.695,7.757,7.805,7.839,7.89,7.931,7.976,8.021,8.062,8.095,8.133,8.186,8.209,8.25,8.278,8.303,8.338,8.378,8.415,8.455,8.478,8.511,8.546,8.574,8.599,8.629,8.651,8.682,8.718,8.752,8.78,8.814,8.84,8.877,8.905,8.941,8.973,9.0,9.029,9.053,9.082,9.104,9.134,9.156,9.178,9.21,9.236,9.263,9.291,9.333,9.36,9.405,9.443,9.478,9.507,9.543,9.575,9.619,9.654,9.69,9.731,9.774,9.807,9.837,9.876,9.92,9.97,10.017,10.069,10.113,10.171,10.216,10.266,10.331,10.383,10.449,10.516,10.602,10.687,10.798,10.918,11.106,11.233,11.446,11.809,13.33
616,OTH FP,5.005,6.119,6.431,6.685,6.846,6.966,7.07,7.15,7.232,7.305,7.376,7.452,7.509,7.572,7.635,7.676,7.722,7.761,7.812,7.862,7.904,7.953,7.987,8.045,8.091,8.127,8.164,8.2,8.239,8.277,8.315,8.354,8.39,8.419,8.444,8.477,8.506,8.54,8.569,8.606,8.636,8.661,8.693,8.727,8.753,8.787,8.826,8.861,8.884,8.911,8.934,8.959,8.99,9.028,9.055,9.083,9.111,9.146,9.171,9.197,9.229,9.264,9.296,9.339,9.374,9.409,9.451,9.483,9.513,9.546,9.583,9.608,9.652,9.685,9.724,9.757,9.805,9.834,9.872,9.917,9.959,10.007,10.055,10.11,10.159,10.2,10.26,10.328,10.406,10.472,10.543,10.621,10.699,10.791,10.879,10.983,11.129,11.307,11.484,11.811,12.997
617,OTH FP,5.005,6.119,6.431,6.685,6.846,6.966,7.07,7.15,7.232,7.305,7.376,7.452,7.509,7.572,7.635,7.676,7.722,7.761,7.812,7.862,7.904,7.953,7.987,8.045,8.091,8.127,8.164,8.2,8.239,8.277,8.315,8.354,8.39,8.419,8.444,8.477,8.506,8.54,8.569,8.606,8.636,8.661,8.693,8.727,8.753,8.787,8.826,8.861,8.884,8.911,8.934,8.959,8.99,9.028,9.055,9.083,9.111,9.146,9.171,9.197,9.229,9.264,9.296,9.339,9.374,9.409,9.451,9.483,9.513,9.546,9.583,9.608,9.652,9.685,9.724,9.757,9.805,9.834,9.872,9.917,9.959,10.007,10.055,10.11,10.159,10.2,10.26,10.328,10.406,10.472,10.543,10.621,10.699,10.791,10.879,10.983,11.129,11.307,11.484,11.811,12.997
618,OTH FP,4.984,6.155,6.485,6.629,6.76,6.899,7.01,7.118,7.204,7.293,7.36,7.433,7.489,7.547,7.608,7.651,7.711,7.761,7.798,7.846,7.902,7.951,7.984,8.031,8.067,8.122,8.154,8.188,8.219,8.253,8.287,8.328,8.367,8.408,8.448,8.482,8.529,8.559,8.588,8.623,8.65,8.671,8.701,8.724,8.755,8.789,8.824,8.852,8.887,8.928,8.958,9.003,9.034,9.067,9.097,9.127,9.155,9.183,9.209,9.243,9.27,9.307,9.355,9.389,9.422,9.451,9.48,9.508,9.55,9.595,9.617,9.658,9.69,9.724,9.765,9.8,9.849,9.892,9.931,9.971,10.009,10.061,10.116,10.177,10.229,10.294,10.346,10.412,10.47,10.536,10.604,10.672,10.737,10.82,10.931,11.022,11.209,11.378,11.588,11.98,13.152
619,OTH FP,4.984,6.155,6.485,6.629,6.76,6.899,7.01,7.118,7.204,7.293,7.36,7.433,7.489,7.547,7.608,7.651,7.711,7.761,7.798,7.846,7.902,7.951,7.984,8.031,8.067,8.122,8.154,8.188,8.219,8.253,8.287,8.328,8.367,8.408,8.448,8.482,8.529,8.559,8.588,8.623,8.65,8.671,8.701,8.724,8.755,8.789,8.824,8.852,8.887,8.928,8.958,9.003,9.034,9.067,9.097,9.127,9.155,9.183,9.209,9.243,9.27,9.307,9.355,9.389,9.422,9.451,9.48,9.508,9.55,9.595,9.617,9.658,9.69,9.724,9.765,9.8,9.849,9.892,9.931,9.971,10.009,10.061,10.116,10.177,10.229,10.294,10.346,10.412,10.47,10.536,10.604,10.672,10.737,10.82,10.931,11.022,11.209,11.378,11.588,11.98,13.152
620,OTH FP,4.567,6.091,6.51,6.686,6.807,6.915,7.0,7.109,7.191,7.254,7.34,7.405,7.465,7.525,7.592,7.648,7.706,7.762,7.804,7.854,7.906,7.951,7.992,8.036,8.075,8.115,8.155,8.187,8.23,8.259,8.288,8.321,8.358,8.413,8.441,8.486,8.519,8.553,8.579,8.62,8.65,8.679,8.715,8.745,8.78,8.812,8.838,8.871,8.896,8.928,8.964,8.995,9.024,9.057,9.092,9.129,9.16,9.193,9.227,9.259,9.3,9.343,9.377,9.408,9.442,9.48,9.513,9.551,9.589,9.617,9.665,9.704,9.73,9.773,9.812,9.868,9.915,9.963,10.009,10.051,10.088,10.142,10.194,10.24,10.288,10.335,10.373,10.43,10.496,10.57,10.649,10.709,10.794,10.881,10.996,11.094,11.227,11.402,11.632,12.054,13.266
621,OTH FP,4.567,6.091,6.51,6.686,6.807,6.915,7.0,7.109,7.191,7.254,7.34,7.405,7.465,7.525,7.592,7.648,7.706,7.762,7.804,7.854,7.906,7.951,7.992,8.036,8.075,8.115,8.155,8.187,8.23,8.259,8.288,8.321,8.358,8.413,8.441,8.486,8.519,8.553,8.579,8.62,8.65,8.679,8.715,8.745,8.78,8.812,8.838,8.871,8.896,8.928,8.964,8.995,9.024,9.057,9.092,9.129,9.16,9.193,9.227,9.259,9.3,9.343,9.377,9.408,9.442,9.48,9.513,9.551,9.589,9.617,9.665,9.704,9.73,9.773,9.812,9.868,9.915,9.963,10.009,10.051,10.088,10.142,10.194,10.24,10.288,10.335,10.373,10.43,10.496,10.57,10.649,10.709,10.794,10.881,10.996,11.094,11.227,11.402,11.632,12.054,13.266
622,OTH FP,4.722,5.964,6.485,6.652,6.809,6.911,7.005,7.109,7.178,7.267,7.343,7.416,7.478,7.553,7.625,7.668,7.72,7.754,7.806,7.847,7.902,7.937,7.978,8.025,8.072,8.108,8.146,8.174,8.211,8.248,8.295,8.339,8.383,8.417,8.458,8.496,8.527,8.559,8.6,8.625,8.667,8.708,8.74,8.776,8.809,8.836,8.868,8.908,8.95,8.983,9.009,9.042,9.077,9.1,9.133,9.168,9.197,9.223,9.26,9.285,9.313,9.348,9.38,9.421,9.452,9.484,9.519,9.559,9.603,9.642,9.68,9.719,9.754,9.802,9.841,9.875,9.912,9.956,9.997,10.038,10.095,10.15,10.196,10.259,10.3,10.351,10.429,10.493,10.567,10.627,10.677,10.752,10.833,10.93,11.028,11.102,11.248,11.405,11.69,12.158,13.028
623,OTH FP,4.722,5.964,6.485,6.652,6.809,6.911,7.005,7.109,7.178,7.267,7.343,7.416,7.478,7.553,7.625,7.668,7.72,7.754,7.806,7.847,7.902,7.937,7.978,8.025,8.072,8.108,8.146,8.174,8.211,8.248,8.295,8.339,8.383,8.417,8.458,8.496,8.527,8.559,8.6,8.625,8.667,8.708,8.74,8.776,8.809,8.836,8.868,8.908,8.95,8.983,9.009,9.042,9.077,9.1,9.133,9.168,9.197,9.223,9.26,9.285,9.313,9.348,9.38,9.421,9.452,9.484,9.519,9.559,9.603,9.642,9.68,9.719,9.754,9.802,9.841,9.875,9.912,9.956,9.997,10.038,10.095,10.15,10.196,10.259,10.3,10.351,10.429,10.493,10.567,10.627,10.677,10.752,10.833,10.93,11.028,11.102,11.248,11.405,11.69,12.158,13.028
624,OTH FP,4.662,5.929,6.415,6.677,6.823,6.932,7.033,7.113,7.203,7.273,7.345,7.422,7.496,7.543,7.606,7.667,7.713,7.783,7.833,7.883,7.929,7.969,8.006,8.044,8.104,8.141,8.181,8.22,8.262,8.299,8.336,8.378,8.41,8.445,8.487,8.518,8.542,8.573,8.599,8.627,8.664,8.699,8.727,8.758,8.783,8.814,8.848,8.883,8.917,8.949,8.993,9.024,9.056,9.096,9.126,9.154,9.186,9.223,9.258,9.292,9.317,9.356,9.395,9.437,9.476,9.516,9.548,9.586,9.615,9.653,9.691,9.726,9.781,9.822,9.857,9.924,9.959,9.996,10.05,10.094,10.132,10.177,10.224,10.28,10.341,10.383,10.453,10.525,10.599,10.667,10.741,10.806,10.897,10.973,11.084,11.186,11.334,11.484,11.756,12.219,13.077
625,OTH FP,4.662,5.929,6.415,6.677,6.823,6.932,7.033,7.113,7.203,7.273,7.345,7.422,7.496,7.543,7.606,7.667,7.713,7.783,7.833,7.883,7.929,7.969,8.006,8.044,8.104,8.141,8.181,8.22,8.262,8.299,8.336,8.378,8.41,8.445,8.487,8.518,8.542,8.573,8.599,8.627,8.664,8.699,8.727,8.758,8.783,8.814,8.848,8.883,8.917,8.949,8.993,9.024,9.056,9.096,9.126,9.154,9.186,9.223,9.258,9.292,9.317,9.356,9.395,9.437,9.476,9.516,9.548,9.586,9.615,9.653,9.691,9.726,9.781,9.822,9.857,9.924,9.959,9.996,10.05,10.094,10.132,10.177,10.224,10.28,10.341,10.383,10.453,10.525,10.599,10.667,10.741,10.806,10.897,10.973,11.084,11.186,11.334,11.484,11.756,12.219,13.077
626,OTH FP,4.749,5.921,6.366,6.614,6.795,6.901,7.014,7.117,7.211,7.298,7.376,7.434,7.488,7.548,7.611,7.654,7.699,7.769,7.813,7.87,7.919,7.977,8.017,8.063,8.111,8.169,8.203,8.239,8.274,8.318,8.357,8.388,8.416,8.442,8.472,8.509,8.545,8.581,8.61,8.656,8.688,8.716,8.743,8.775,8.805,8.84,8.872,8.913,8.947,8.979,9.016,9.047,9.073,9.107,9.147,9.182,9.217,9.249,9.285,9.321,9.351,9.385,9.427,9.456,9.497,9.529,9.576,9.615,9.644,9.688,9.723,9.767,9.804,9.844,9.888,9.933,9.969,10.032,10.072,10.133,10.168,10.232,10.282,10.33,10.379,10.435,10.497,10.555,10.607,10.676,10.75,10.84,10.944,11.05,11.15,11.283,11.403,11.612,11.825,12.195,13.276
627,OTH FP,4.749,5.921,6.366,6.614,6.795,6.901,7.014,7.117,7.211,7.298,7.376,7.434,7.488,7.548,7.611,7.654,7.699,7.769,7.813,7.87,7.919,7.977,8.017,8.063,8.111,8.169,8.203,8.239,8.274,8.318,8.357,8.388,8.416,8.442,8.472,8.509,8.545,8.581,8.61,8.656,8.688,8.716,8.743,8.775,8.805,8.84,8.872,8.913,8.947,8.979,9.016,9.047,9.073,9.107,9.147,9.182,9.217,9.249,9.285,9.321,9.351,9.385,9.427,9.456,9.497,9.529,9.576,9.615,9.644,9.688,9.723,9.767,9.804,9.844,9.888,9.933,9.969,10.032,10.072,10.133,10.168,10.232,10.282,10.33,10.379,10.435,10.497,10.555,10.607,10.676,10.75,10.84,10.944,11.05,11.15,11.283,11.403,11.612,11.825,12.195,13.276
628,OTH FP,4.705,5.891,6.397,6.657,6.8,6.916,7.042,7.129,7.214,7.286,7.363,7.428,7.502,7.574,7.639,7.695,7.735,7.784,7.832,7.874,7.926,7.97,8.014,8.059,8.1,8.151,8.192,8.233,8.263,8.297,8.339,8.377,8.409,8.436,8.476,8.518,8.558,8.6,8.641,8.681,8.716,8.743,8.776,8.81,8.84,8.871,8.907,8.939,8.968,8.999,9.039,9.063,9.102,9.144,9.177,9.204,9.236,9.278,9.31,9.353,9.389,9.417,9.443,9.477,9.509,9.545,9.598,9.637,9.68,9.719,9.765,9.806,9.843,9.891,9.935,9.986,10.028,10.069,10.113,10.168,10.206,10.259,10.31,10.356,10.411,10.454,10.514,10.56,10.628,10.711,10.788,10.876,10.99,11.06,11.211,11.302,11.467,11.646,11.935,12.224,13.544
629,OTH FP,4.705,5.891,6.397,6.657,6.8,6.916,7.042,7.129,7.214,7.286,7.363,7.428,7.502,7.574,7.639,7.695,7.735,7.784,7.832,7.874,7.926,7.97,8.014,8.059,8.1,8.151,8.192,8.233,8.263,8.297,8.339,8.377,8.409,8.436,8.476,8.518,8.558,8.6,8.641,8.681,8.716,8.743,8.776,8.81,8.84,8.871,8.907,8.939,8.968,8.999,9.039,9.063,9.102,9.144,9.177,9.204,9.236,9.278,9.31,9.353,9.389,9.417,9.443,9.477,9.509,9.545,9.598,9.637,9.68,9.719,9.765,9.806,9.843,9.891,9.935,9.986,10.028,10.069,10.113,10.168,10.206,10.259,10.31,10.356,10.411,10.454,10.514,10.56,10.628,10.711,10.788,10.876,10.99,11.06,11.211,11.302,11.467,11.646,11.935,12.224,13.544
630,OTH FP,4.895,5.998,6.334,6.581,6.765,6.869,7.0,7.111,7.22,7.294,7.36,7.439,7.52,7.594,7.644,7.697,7.738,7.796,7.853,7.905,7.947,8.001,8.048,8.087,8.124,8.159,8.204,8.236,8.272,8.321,8.356,8.396,8.421,8.452,8.483,8.518,8.551,8.583,8.617,8.661,8.704,8.731,8.766,8.8,8.829,8.872,8.916,8.953,8.983,9.017,9.042,9.076,9.107,9.148,9.175,9.209,9.255,9.278,9.32,9.357,9.394,9.434,9.467,9.51,9.553,9.596,9.629,9.669,9.716,9.762,9.804,9.851,9.895,9.947,9.983,10.029,10.074,10.119,10.161,10.206,10.244,10.284,10.32,10.383,10.44,10.497,10.553,10.603,10.668,10.731,10.816,10.898,10.991,11.122,11.228,11.356,11.509,11.697,12.001,12.321,13.544
631,OTH FP,4.895,5.998,6.334,6.581,6.765,6.869,7.0,7.111,7.22,7.294,7.36,7.439,7.52,7.594,7.644,7.697,7.738,7.796,7.853,7.905,7.947,8.001,8.048,8.087,8.124,8.159,8.204,8.236,8.272,8.321,8.356,8.396,8.421,8.452,8.483,8.518,8.551,8.583,8.617,8.661,8.704,8.731,8.766,8.8,8.829,8.872,8.916,8.953,8.983,9.017,9.042,9.076,9.107,9.148,9.175,9.209,9.255,9.278,9.32,9.357,9.394,9.434,9.467,9.51,9.553,9.596,9.629,9.669,9.716,9.762,9.804,9.851,9.895,9.947,9.983,10.029,10.074,10.119,10.161,10.206,10.244,10.284,10.32,10.383,10.44,10.497,10.553,10.603,10.668,10.731,10.816,10.898,10.991,11.122,11.228,11.356,11.509,11.697,12.001,12.321,13.544
632,OTH FP,4.908,5.998,6.332,6.519,6.741,6.879,6.996,7.102,7.219,7.308,7.382,7.439,7.491,7.543,7.598,7.674,7.74,7.8,7.848,7.891,7.944,7.992,8.041,8.091,8.123,8.158,8.199,8.24,8.276,8.319,8.36,8.404,8.436,8.484,8.515,8.56,8.592,8.626,8.652,8.686,8.722,8.757,8.789,8.819,8.857,8.896,8.929,8.973,9.011,9.055,9.088,9.128,9.159,9.194,9.231,9.26,9.296,9.329,9.368,9.407,9.44,9.478,9.511,9.534,9.576,9.616,9.648,9.682,9.72,9.77,9.805,9.837,9.886,9.921,9.967,10.025,10.071,10.123,10.166,10.217,10.261,10.322,10.376,10.44,10.491,10.545,10.613,10.664,10.736,10.812,10.911,10.971,11.042,11.139,11.223,11.362,11.515,11.731,12.036,12.43,13.744
633,OTH FP,4.908,5.998,6.332,6.519,6.741,6.879,6.996,7.102,7.219,7.308,7.382,7.439,7.491,7.543,7.598,7.674,7.74,7.8,7.848,7.891,7.944,7.992,8.041,8.091,8.123,8.158,8.199,8.24,8.276,8.319,8.36,8.404,8.436,8.484,8.515,8.56,8.592,8.626,8.652,8.686,8.722,8.757,8.789,8.819,8.857,8.896,8.929,8.973,9.011,9.055,9.088,9.128,9.159,9.194,9.231,9.26,9.296,9.329,9.368,9.407,9.44,9.478,9.511,9.534,9.576,9.616,9.648,9.682,9.72,9.77,9.805,9.837,9.886,9.921,9.967,10.025,10.071,10.123,10.166,10.217,10.261,10.322,10.376,10.44,10.491,10.545,10.613,10.664,10.736,10.812,10.911,10.971,11.042,11.139,11.223,11.362,11.515,11.731,12.036,12.43,13.744
634,OTH FP,4.728,6.008,6.302,6.58,6.756,6.878,7.045,7.132,7.216,7.286,7.355,7.446,7.512,7.58,7.643,7.688,7.749,7.797,7.832,7.882,7.947,8.0,8.038,8.074,8.118,8.167,8.223,8.267,8.314,8.37,8.403,8.439,8.468,8.514,8.543,8.579,8.613,8.657,8.694,8.73,8.773,8.799,8.826,8.855,8.892,8.921,8.955,8.99,9.037,9.073,9.118,9.157,9.191,9.23,9.264,9.298,9.334,9.364,9.406,9.44,9.477,9.519,9.549,9.588,9.621,9.655,9.686,9.731,9.762,9.809,9.851,9.887,9.931,9.964,9.999,10.039,10.102,10.15,10.186,10.232,10.289,10.338,10.395,10.454,10.521,10.572,10.619,10.699,10.752,10.816,10.889,10.954,11.043,11.135,11.227,11.344,11.554,11.763,12.002,12.42,13.722
635,OTH FP,4.728,6.008,6.302,6.58,6.756,6.878,7.045,7.132,7.216,7.286,7.355,7.446,7.512,7.58,7.643,7.688,7.749,7.797,7.832,7.882,7.947,8.0,8.038,8.074,8.118,8.167,8.223,8.267,8.314,8.37,8.403,8.439,8.468,8.514,8.543,8.579,8.613,8.657,8.694,8.73,8.773,8.799,8.826,8.855,8.892,8.921,8.955,8.99,9.037,9.073,9.118,9.157,9.191,9.23,9.264,9.298,9.334,9.364,9.406,9.44,9.477,9.519,9.549,9.588,9.621,9.655,9.686,9.731,9.762,9.809,9.851,9.887,9.931,9.964,9.999,10.039,10.102,10.15,10.186,10.232,10.289,10.338,10.395,10.454,10.521,10.572,10.619,10.699,10.752,10.816,10.889,10.954,11.043,11.135,11.227,11.344,11.554,11.763,12.002,12.42,13.722
636,OTH FP,4.638,6.032,6.337,6.59,6.781,6.896,7.019,7.114,7.198,7.284,7.361,7.44,7.51,7.575,7.652,7.715,7.775,7.819,7.868,7.926,7.97,8.012,8.065,8.103,8.148,8.188,8.243,8.288,8.323,8.357,8.389,8.444,8.479,8.517,8.554,8.587,8.62,8.647,8.685,8.724,8.756,8.794,8.822,8.86,8.9,8.936,8.98,9.02,9.053,9.093,9.134,9.165,9.198,9.236,9.276,9.32,9.358,9.387,9.424,9.471,9.504,9.534,9.577,9.612,9.652,9.691,9.725,9.758,9.802,9.85,9.887,9.934,9.98,10.011,10.043,10.081,10.125,10.177,10.229,10.287,10.339,10.382,10.426,10.463,10.512,10.561,10.617,10.685,10.743,10.815,10.901,10.96,11.038,11.129,11.229,11.366,11.518,11.746,11.976,12.401,13.796
637,OTH FP,4.638,6.032,6.337,6.59,6.781,6.896,7.019,7.114,7.198,7.284,7.361,7.44,7.51,7.575,7.652,7.715,7.775,7.819,7.868,7.926,7.97,8.012,8.065,8.103,8.148,8.188,8.243,8.288,8.323,8.357,8.389,8.444,8.479,8.517,8.554,8.587,8.62,8.647,8.685,8.724,8.756,8.794,8.822,8.86,8.9,8.936,8.98,9.02,9.053,9.093,9.134,9.165,9.198,9.236,9.276,9.32,9.358,9.387,9.424,9.471,9.504,9.534,9.577,9.612,9.652,9.691,9.725,9.758,9.802,9.85,9.887,9.934,9.98,10.011,10.043,10.081,10.125,10.177,10.229,10.287,10.339,10.382,10.426,10.463,10.512,10.561,10.617,10.685,10.743,10.815,10.901,10.96,11.038,11.129,11.229,11.366,11.518,11.746,11.976,12.401,13.796
638,OTH FP,4.884,5.987,6.344,6.507,6.693,6.875,6.986,7.102,7.226,7.306,7.361,7.448,7.517,7.588,7.652,7.712,7.785,7.842,7.891,7.941,7.994,8.034,8.07,8.105,8.165,8.212,8.263,8.306,8.338,8.365,8.404,8.451,8.496,8.533,8.568,8.608,8.649,8.684,8.724,8.763,8.81,8.848,8.881,8.915,8.948,8.982,9.024,9.048,9.08,9.126,9.161,9.197,9.233,9.267,9.303,9.345,9.379,9.427,9.459,9.495,9.544,9.57,9.601,9.635,9.674,9.708,9.752,9.787,9.82,9.855,9.885,9.93,9.977,10.016,10.056,10.097,10.142,10.191,10.242,10.29,10.332,10.374,10.431,10.483,10.524,10.589,10.65,10.713,10.795,10.871,10.941,11.027,11.128,11.206,11.289,11.432,11.565,11.733,11.956,12.469,14.058
639,OTH FP,4.884,5.987,6.344,6.507,6.693,6.875,6.986,7.102,7.226,7.306,7.361,7.448,7.517,7.588,7.652,7.712,7.785,7.842,7.891,7.941,7.994,8.034,8.07,8.105,8.165,8.212,8.263,8.306,8.338,8.365,8.404,8.451,8.496,8.533,8.568,8.608,8.649,8.684,8.724,8.763,8.81,8.848,8.881,8.915,8.948,8.982,9.024,9.048,9.08,9.126,9.161,9.197,9.233,9.267,9.303,9.345,9.379,9.427,9.459,9.495,9.544,9.57,9.601,9.635,9.674,9.708,9.752,9.787,9.82,9.855,9.885,9.93,9.977,10.016,10.056,10.097,10.142,10.191,10.242,10.29,10.332,10.374,10.431,10.483,10.524,10.589,10.65,10.713,10.795,10.871,10.941,11.027,11.128,11.206,11.289,11.432,11.565,11.733,11.956,12.469,14.058
640,OTH FP,4.699,5.969,6.371,6.566,6.714,6.877,6.989,7.095,7.2,7.302,7.377,7.452,7.531,7.603,7.645,7.694,7.762,7.827,7.887,7.941,8.01,8.055,8.101,8.15,8.184,8.24,8.279,8.317,8.364,8.396,8.441,8.473,8.505,8.534,8.576,8.617,8.662,8.704,8.728,8.773,8.806,8.84,8.866,8.907,8.95,8.99,9.018,9.054,9.079,9.114,9.149,9.186,9.239,9.271,9.315,9.355,9.385,9.429,9.461,9.506,9.548,9.579,9.606,9.643,9.683,9.72,9.753,9.786,9.817,9.856,9.904,9.951,10.002,10.036,10.07,10.11,10.152,10.196,10.244,10.293,10.345,10.392,10.44,10.497,10.543,10.607,10.654,10.708,10.776,10.846,10.912,11.013,11.102,11.182,11.278,11.437,11.565,11.752,12.05,12.464,13.997
641,OTH FP,4.699,5.969,6.371,6.566,6.714,6.877,6.989,7.095,7.2,7.302,7.377,7.452,7.531,7.603,7.645,7.694,7.762,7.827,7.887,7.941,8.01,8.055,8.101,8.15,8.184,8.24,8.279,8.317,8.364,8.396,8.441,8.473,8.505,8.534,8.576,8.617,8.662,8.704,8.728,8.773,8.806,8.84,8.866,8.907,8.95,8.99,9.018,9.054,9.079,9.114,9.149,9.186,9.239,9.271,9.315,9.355,9.385,9.429,9.461,9.506,9.548,9.579,9.606,9.643,9.683,9.72,9.753,9.786,9.817,9.856,9.904,9.951,10.002,10.036,10.07,10.11,10.152,10.196,10.244,10.293,10.345,10.392,10.44,10.497,10.543,10.607,10.654,10.708,10.776,10.846,10.912,11.013,11.102,11.182,11.278,11.437,11.565,11.752,12.05,12.464,13.997
642,OTH FP,4.506,5.992,6.331,6.659,6.783,6.914,6.996,7.089,7.185,7.279,7.383,7.461,7.531,7.619,7.685,7.745,7.804,7.861,7.918,7.974,8.035,8.083,8.141,8.179,8.211,8.257,8.3,8.345,8.388,8.426,8.461,8.498,8.527,8.574,8.602,8.639,8.679,8.703,8.743,8.784,8.819,8.857,8.888,8.921,8.959,9.004,9.04,9.075,9.106,9.156,9.187,9.219,9.251,9.285,9.321,9.354,9.386,9.429,9.457,9.502,9.53,9.577,9.613,9.653,9.685,9.713,9.752,9.785,9.821,9.856,9.905,9.936,9.977,10.019,10.072,10.112,10.157,10.197,10.236,10.279,10.327,10.387,10.43,10.503,10.557,10.61,10.67,10.745,10.819,10.879,10.939,11.036,11.108,11.216,11.318,11.445,11.608,11.812,12.035,12.516,13.784
643,OTH FP,4.506,5.992,6.331,6.659,6.783,6.914,6.996,7.089,7.185,7.279,7.383,7.461,7.531,7.619,7.685,7.745,7.804,7.861,7.918,7.974,8.035,8.083,8.141,8.179,8.211,8.257,8.3,8.345,8.388,8.426,8.461,8.498,8.527,8.574,8.602,8.639,8.679,8.703,8.743,8.784,8.819,8.857,8.888,8.921,8.959,9.004,9.04,9.075,9.106,9.156,9.187,9.219,9.251,9.285,9.321,9.354,9.386,9.429,9.457,9.502,9.53,9.577,9.613,9.653,9.685,9.713,9.752,9.785,9.821,9.856,9.905,9.936,9.977,10.019,10.072,10.112,10.157,10.197,10.236,10.279,10.327,10.387,10.43,10.503,10.557,10.61,10.67,10.745,10.819,10.879,10.939,11.036,11.108,11.216,11.318,11.445,11.608,11.812,12.035,12.516,13.784
644,OTH FP,4.775,6.054,6.386,6.614,6.757,6.91,7.025,7.139,7.225,7.328,7.402,7.487,7.587,7.634,7.708,7.788,7.856,7.902,7.946,8.006,8.061,8.105,8.139,8.191,8.254,8.287,8.342,8.374,8.422,8.464,8.498,8.533,8.572,8.598,8.639,8.675,8.704,8.745,8.771,8.808,8.839,8.881,8.914,8.951,8.987,9.022,9.052,9.089,9.13,9.153,9.197,9.248,9.287,9.314,9.35,9.391,9.419,9.451,9.484,9.521,9.555,9.595,9.635,9.671,9.716,9.755,9.797,9.83,9.861,9.894,9.941,9.979,10.007,10.042,10.086,10.122,10.18,10.218,10.273,10.328,10.383,10.429,10.476,10.525,10.576,10.637,10.684,10.769,10.845,10.905,10.98,11.048,11.153,11.225,11.322,11.482,11.632,11.852,12.078,12.45,13.73
645,OTH FP,4.775,6.054,6.386,6.614,6.757,6.91,7.025,7.139,7.225,7.328,7.402,7.487,7.587,7.634,7.708,7.788,7.856,7.902,7.946,8.006,8.061,8.105,8.139,8.191,8.254,8.287,8.342,8.374,8.422,8.464,8.498,8.533,8.572,8.598,8.639,8.675,8.704,8.745,8.771,8.808,8.839,8.881,8.914,8.951,8.987,9.022,9.052,9.089,9.13,9.153,9.197,9.248,9.287,9.314,9.35,9.391,9.419,9.451,9.484,9.521,9.555,9.595,9.635,9.671,9.716,9.755,9.797,9.83,9.861,9.894,9.941,9.979,10.007,10.042,10.086,10.122,10.18,10.218,10.273,10.328,10.383,10.429,10.476,10.525,10.576,10.637,10.684,10.769,10.845,10.905,10.98,11.048,11.153,11.225,11.322,11.482,11.632,11.852,12.078,12.45,13.73
646,OTH FP,4.643,6.059,6.436,6.617,6.827,6.984,7.086,7.189,7.277,7.356,7.44,7.499,7.572,7.657,7.744,7.796,7.84,7.913,7.963,8.016,8.067,8.115,8.166,8.207,8.253,8.285,8.349,8.394,8.433,8.472,8.513,8.56,8.602,8.631,8.666,8.696,8.733,8.768,8.8,8.832,8.866,8.911,8.951,8.985,9.008,9.047,9.075,9.109,9.15,9.188,9.221,9.249,9.284,9.327,9.367,9.401,9.444,9.472,9.503,9.541,9.578,9.606,9.646,9.686,9.718,9.761,9.798,9.839,9.885,9.918,9.962,10.015,10.055,10.103,10.149,10.176,10.227,10.28,10.348,10.383,10.428,10.476,10.514,10.557,10.617,10.684,10.74,10.799,10.857,10.928,11.003,11.072,11.168,11.262,11.374,11.534,11.681,11.901,12.096,12.532,13.824
647,OTH FP,4.643,6.059,6.436,6.617,6.827,6.984,7.086,7.189,7.277,7.356,7.44,7.499,7.572,7.657,7.744,7.796,7.84,7.913,7.963,8.016,8.067,8.115,8.166,8.207,8.253,8.285,8.349,8.394,8.433,8.472,8.513,8.56,8.602,8.631,8.666,8.696,8.733,8.768,8.8,8.832,8.866,8.911,8.951,8.985,9.008,9.047,9.075,9.109,9.15,9.188,9.221,9.249,9.284,9.327,9.367,9.401,9.444,9.472,9.503,9.541,9.578,9.606,9.646,9.686,9.718,9.761,9.798,9.839,9.885,9.918,9.962,10.015,10.055,10.103,10.149,10.176,10.227,10.28,10.348,10.383,10.428,10.476,10.514,10.557,10.617,10.684,10.74,10.799,10.857,10.928,11.003,11.072,11.168,11.262,11.374,11.534,11.681,11.901,12.096,12.532,13.824
648,OTH FP,4.872,6.032,6.486,6.68,6.818,6.929,7.05,7.154,7.28,7.359,7.443,7.531,7.598,7.677,7.744,7.804,7.863,7.906,7.97,8.03,8.088,8.13,8.181,8.225,8.27,8.302,8.355,8.4,8.423,8.454,8.507,8.544,8.59,8.649,8.683,8.723,8.76,8.792,8.831,8.871,8.912,8.949,8.986,9.019,9.058,9.097,9.133,9.175,9.214,9.238,9.271,9.299,9.34,9.384,9.416,9.454,9.494,9.527,9.556,9.582,9.61,9.65,9.686,9.722,9.758,9.802,9.832,9.867,9.913,9.95,10.008,10.05,10.097,10.138,10.186,10.223,10.264,10.311,10.356,10.415,10.453,10.5,10.535,10.6,10.65,10.708,10.76,10.837,10.896,10.956,11.029,11.12,11.2,11.281,11.376,11.515,11.657,11.861,12.15,12.513,13.685
649,OTH FP,4.872,6.032,6.486,6.68,6.818,6.929,7.05,7.154,7.28,7.359,7.443,7.531,7.598,7.677,7.744,7.804,7.863,7.906,7.97,8.03,8.088,8.13,8.181,8.225,8.27,8.302,8.355,8.4,8.423,8.454,8.507,8.544,8.59,8.649,8.683,8.723,8.76,8.792,8.831,8.871,8.912,8.949,8.986,9.019,9.058,9.097,9.133,9.175,9.214,9.238,9.271,9.299,9.34,9.384,9.416,9.454,9.494,9.527,9.556,9.582,9.61,9.65,9.686,9.722,9.758,9.802,9.832,9.867,9.913,9.95,10.008,10.05,10.097,10.138,10.186,10.223,10.264,10.311,10.356,10.415,10.453,10.5,10.535,10.6,10.65,10.708,10.76,10.837,10.896,10.956,11.029,11.12,11.2,11.281,11.376,11.515,11.657,11.861,12.15,12.513,13.685
650,OTH FP,4.849,6.013,6.429,6.668,6.801,6.983,7.11,7.224,7.339,7.415,7.524,7.595,7.671,7.72,7.789,7.853,7.898,7.967,8.025,8.071,8.118,8.163,8.226,8.265,8.308,8.351,8.384,8.426,8.462,8.514,8.547,8.572,8.616,8.647,8.688,8.731,8.773,8.806,8.855,8.887,8.921,8.96,9.005,9.035,9.072,9.109,9.147,9.178,9.213,9.239,9.277,9.314,9.35,9.391,9.419,9.46,9.498,9.524,9.558,9.587,9.62,9.655,9.69,9.728,9.767,9.818,9.863,9.91,9.944,9.981,10.037,10.074,10.122,10.176,10.214,10.253,10.295,10.334,10.379,10.421,10.464,10.521,10.574,10.631,10.685,10.745,10.796,10.862,10.918,10.984,11.054,11.104,11.192,11.295,11.409,11.55,11.704,11.938,12.183,12.66,13.946
651,OTH FP,4.849,6.013,6.429,6.668,6.801,6.983,7.11,7.224,7.339,7.415,7.524,7.595,7.671,7.72,7.789,7.853,7.898,7.967,8.025,8.071,8.118,8.163,8.226,8.265,8.308,8.351,8.384,8.426,8.462,8.514,8.547,8.572,8.616,8.647,8.688,8.731,8.773,8.806,8.855,8.887,8.921,8.96,9.005,9.035,9.072,9.109,9.147,9.178,9.213,9.239,9.277,9.314,9.35,9.391,9.419,9.46,9.498,9.524,9.558,9.587,9.62,9.655,9.69,9.728,9.767,9.818,9.863,9.91,9.944,9.981,10.037,10.074,10.122,10.176,10.214,10.253,10.295,10.334,10.379,10.421,10.464,10.521,10.574,10.631,10.685,10.745,10.796,10.862,10.918,10.984,11.054,11.104,11.192,11.295,11.409,11.55,11.704,11.938,12.183,12.66,13.946
652,OTH FP,4.848,6.077,6.447,6.712,6.921,7.071,7.167,7.275,7.387,7.478,7.547,7.618,7.693,7.755,7.819,7.872,7.916,7.968,8.02,8.071,8.115,8.153,8.197,8.238,8.289,8.342,8.396,8.442,8.478,8.52,8.559,8.596,8.629,8.676,8.714,8.749,8.779,8.816,8.854,8.889,8.941,8.979,9.008,9.048,9.091,9.13,9.159,9.203,9.242,9.267,9.304,9.337,9.368,9.401,9.435,9.47,9.516,9.557,9.586,9.624,9.655,9.692,9.732,9.774,9.808,9.846,9.88,9.909,9.951,9.982,10.031,10.064,10.12,10.157,10.2,10.239,10.285,10.334,10.383,10.418,10.479,10.518,10.555,10.595,10.644,10.728,10.8,10.856,10.924,10.969,11.064,11.15,11.248,11.345,11.432,11.6,11.774,11.979,12.243,12.599,13.752
653,OTH FP,4.848,6.077,6.447,6.712,6.921,7.071,7.167,7.275,7.387,7.478,7.547,7.618,7.693,7.755,7.819,7.872,7.916,7.968,8.02,8.071,8.115,8.153,8.197,8.238,8.289,8.342,8.396,8.442,8.478,8.52,8.559,8.596,8.629,8.676,8.714,8.749,8.779,8.816,8.854,8.889,8.941,8.979,9.008,9.048,9.091,9.13,9.159,9.203,9.242,9.267,9.304,9.337,9.368,9.401,9.435,9.47,9.516,9.557,9.586,9.624,9.655,9.692,9.732,9.774,9.808,9.846,9.88,9.909,9.951,9.982,10.031,10.064,10.12,10.157,10.2,10.239,10.285,10.334,10.383,10.418,10.479,10.518,10.555,10.595,10.644,10.728,10.8,10.856,10.924,10.969,11.064,11.15,11.248,11.345,11.432,11.6,11.774,11.979,12.243,12.599,13.752
654,OTH FP,5.044,6.134,6.541,6.801,6.978,7.139,7.244,7.334,7.447,7.515,7.583,7.661,7.72,7.778,7.844,7.906,7.969,8.017,8.057,8.111,8.158,8.199,8.247,8.288,8.33,8.378,8.417,8.466,8.505,8.547,8.583,8.617,8.659,8.699,8.733,8.767,8.815,8.847,8.876,8.918,8.951,8.98,9.022,9.067,9.097,9.133,9.159,9.199,9.238,9.278,9.317,9.352,9.384,9.425,9.456,9.49,9.525,9.562,9.599,9.628,9.658,9.695,9.737,9.773,9.814,9.855,9.894,9.93,9.971,10.003,10.038,10.074,10.118,10.163,10.213,10.246,10.278,10.323,10.376,10.416,10.469,10.527,10.573,10.629,10.681,10.738,10.805,10.866,10.931,11.0,11.058,11.157,11.262,11.349,11.458,11.587,11.769,11.921,12.149,12.512,13.88
655,OTH FP,5.044,6.134,6.541,6.801,6.978,7.139,7.244,7.334,7.447,7.515,7.583,7.661,7.72,7.778,7.844,7.906,7.969,8.017,8.057,8.111,8.158,8.199,8.247,8.288,8.33,8.378,8.417,8.466,8.505,8.547,8.583,8.617,8.659,8.699,8.733,8.767,8.815,8.847,8.876,8.918,8.951,8.98,9.022,9.067,9.097,9.133,9.159,9.199,9.238,9.278,9.317,9.352,9.384,9.425,9.456,9.49,9.525,9.562,9.599,9.628,9.658,9.695,9.737,9.773,9.814,9.855,9.894,9.93,9.971,10.003,10.038,10.074,10.118,10.163,10.213,10.246,10.278,10.323,10.376,10.416,10.469,10.527,10.573,10.629,10.681,10.738,10.805,10.866,10.931,11.0,11.058,11.157,11.262,11.349,11.458,11.587,11.769,11.921,12.149,12.512,13.88
656,OTH FP,5.044,6.182,6.547,6.855,7.033,7.151,7.296,7.404,7.493,7.571,7.631,7.699,7.764,7.83,7.883,7.935,7.997,8.045,8.115,8.172,8.225,8.262,8.298,8.337,8.372,8.415,8.453,8.492,8.537,8.571,8.603,8.648,8.682,8.721,8.767,8.797,8.836,8.871,8.905,8.936,8.96,8.992,9.039,9.073,9.107,9.139,9.169,9.203,9.238,9.264,9.301,9.341,9.378,9.407,9.439,9.472,9.524,9.559,9.598,9.641,9.678,9.723,9.759,9.793,9.827,9.864,9.899,9.934,9.973,10.02,10.063,10.103,10.141,10.182,10.228,10.28,10.329,10.376,10.409,10.464,10.505,10.548,10.598,10.648,10.695,10.749,10.8,10.875,10.938,11.028,11.111,11.192,11.296,11.356,11.417,11.576,11.748,11.904,12.14,12.604,14.094
657,OTH FP,5.044,6.182,6.547,6.855,7.033,7.151,7.296,7.404,7.493,7.571,7.631,7.699,7.764,7.83,7.883,7.935,7.997,8.045,8.115,8.172,8.225,8.262,8.298,8.337,8.372,8.415,8.453,8.492,8.537,8.571,8.603,8.648,8.682,8.721,8.767,8.797,8.836,8.871,8.905,8.936,8.96,8.992,9.039,9.073,9.107,9.139,9.169,9.203,9.238,9.264,9.301,9.341,9.378,9.407,9.439,9.472,9.524,9.559,9.598,9.641,9.678,9.723,9.759,9.793,9.827,9.864,9.899,9.934,9.973,10.02,10.063,10.103,10.141,10.182,10.228,10.28,10.329,10.376,10.409,10.464,10.505,10.548,10.598,10.648,10.695,10.749,10.8,10.875,10.938,11.028,11.111,11.192,11.296,11.356,11.417,11.576,11.748,11.904,12.14,12.604,14.094
658,OTH FP,5.108,6.226,6.562,6.828,7.004,7.133,7.272,7.367,7.475,7.564,7.645,7.715,7.777,7.84,7.898,7.96,8.02,8.065,8.113,8.165,8.212,8.254,8.29,8.327,8.381,8.414,8.451,8.496,8.538,8.577,8.611,8.652,8.692,8.727,8.771,8.803,8.838,8.881,8.908,8.942,8.982,9.023,9.052,9.081,9.107,9.139,9.17,9.208,9.248,9.281,9.317,9.349,9.379,9.409,9.436,9.469,9.498,9.536,9.58,9.616,9.655,9.708,9.744,9.778,9.814,9.853,9.887,9.932,9.965,10.011,10.063,10.097,10.132,10.168,10.204,10.244,10.286,10.331,10.398,10.44,10.484,10.532,10.578,10.64,10.693,10.752,10.824,10.878,10.937,11.03,11.117,11.219,11.279,11.357,11.445,11.569,11.717,11.896,12.123,12.449,13.903
659,OTH FP,5.108,6.226,6.562,6.828,7.004,7.133,7.272,7.367,7.475,7.564,7.645,7.715,7.777,7.84,7.898,7.96,8.02,8.065,8.113,8.165,8.212,8.254,8.29,8.327,8.381,8.414,8.451,8.496,8.538,8.577,8.611,8.652,8.692,8.727,8.771,8.803,8.838,8.881,8.908,8.942,8.982,9.023,9.052,9.081,9.107,9.139,9.17,9.208,9.248,9.281,9.317,9.349,9.379,9.409,9.436,9.469,9.498,9.536,9.58,9.616,9.655,9.708,9.744,9.778,9.814,9.853,9.887,9.932,9.965,10.011,10.063,10.097,10.132,10.168,10.204,10.244,10.286,10.331,10.398,10.44,10.484,10.532,10.578,10.64,10.693,10.752,10.824,10.878,10.937,11.03,11.117,11.219,11.279,11.357,11.445,11.569,11.717,11.896,12.123,12.449,13.903
660,OTH FP,5.165,6.199,6.545,6.743,6.955,7.119,7.286,7.396,7.471,7.548,7.613,7.689,7.757,7.826,7.908,7.945,7.995,8.061,8.108,8.147,8.206,8.248,8.289,8.328,8.369,8.402,8.437,8.476,8.528,8.565,8.603,8.627,8.671,8.715,8.751,8.791,8.846,8.884,8.918,8.958,8.982,9.015,9.052,9.086,9.113,9.145,9.18,9.208,9.242,9.279,9.31,9.342,9.38,9.421,9.455,9.499,9.527,9.558,9.588,9.62,9.655,9.695,9.722,9.767,9.807,9.847,9.877,9.904,9.945,9.985,10.026,10.077,10.118,10.169,10.197,10.233,10.275,10.325,10.371,10.418,10.478,10.517,10.562,10.624,10.678,10.736,10.803,10.861,10.921,10.988,11.056,11.131,11.22,11.331,11.449,11.57,11.717,11.898,12.109,12.579,13.712
661,OTH FP,5.165,6.199,6.545,6.743,6.955,7.119,7.286,7.396,7.471,7.548,7.613,7.689,7.757,7.826,7.908,7.945,7.995,8.061,8.108,8.147,8.206,8.248,8.289,8.328,8.369,8.402,8.437,8.476,8.528,8.565,8.603,8.627,8.671,8.715,8.751,8.791,8.846,8.884,8.918,8.958,8.982,9.015,9.052,9.086,9.113,9.145,9.18,9.208,9.242,9.279,9.31,9.342,9.38,9.421,9.455,9.499,9.527,9.558,9.588,9.62,9.655,9.695,9.722,9.767,9.807,9.847,9.877,9.904,9.945,9.985,10.026,10.077,10.118,10.169,10.197,10.233,10.275,10.325,10.371,10.418,10.478,10.517,10.562,10.624,10.678,10.736,10.803,10.861,10.921,10.988,11.056,11.131,11.22,11.331,11.449,11.57,11.717,11.898,12.109,12.579,13.712
662,OTH FP,5.212,6.182,6.551,6.814,7.0,7.146,7.255,7.354,7.453,7.561,7.627,7.702,7.756,7.815,7.868,7.928,7.992,8.041,8.09,8.141,8.182,8.238,8.284,8.326,8.385,8.432,8.477,8.51,8.545,8.583,8.623,8.659,8.688,8.73,8.765,8.797,8.833,8.877,8.904,8.94,8.976,9.007,9.037,9.073,9.118,9.147,9.191,9.224,9.259,9.285,9.314,9.353,9.387,9.42,9.457,9.49,9.525,9.551,9.585,9.614,9.65,9.68,9.732,9.771,9.801,9.833,9.884,9.933,9.968,10.002,10.033,10.071,10.113,10.147,10.182,10.226,10.275,10.321,10.364,10.41,10.457,10.51,10.56,10.626,10.685,10.738,10.804,10.865,10.932,11.003,11.062,11.173,11.261,11.354,11.452,11.574,11.744,11.919,12.159,12.548,13.806
663,OTH FP,5.212,6.182,6.551,6.814,7.0,7.146,7.255,7.354,7.453,7.561,7.627,7.702,7.756,7.815,7.868,7.928,7.992,8.041,8.09,8.141,8.182,8.238,8.284,8.326,8.385,8.432,8.477,8.51,8.545,8.583,8.623,8.659,8.688,8.73,8.765,8.797,8.833,8.877,8.904,8.94,8.976,9.007,9.037,9.073,9.118,9.147,9.191,9.224,9.259,9.285,9.314,9.353,9.387,9.42,9.457,9.49,9.525,9.551,9.585,9.614,9.65,9.68,9.732,9.771,9.801,9.833,9.884,9.933,9.968,10.002,10.033,10.071,10.113,10.147,10.182,10.226,10.275,10.321,10.364,10.41,10.457,10.51,10.56,10.626,10.685,10.738,10.804,10.865,10.932,11.003,11.062,11.173,11.261,11.354,11.452,11.574,11.744,11.919,12.159,12.548,13.806
664,OTH FP,4.984,6.213,6.564,6.834,7.001,7.125,7.233,7.354,7.475,7.545,7.616,7.684,7.745,7.806,7.862,7.937,7.999,8.048,8.097,8.142,8.179,8.234,8.275,8.318,8.37,8.418,8.461,8.496,8.547,8.591,8.632,8.672,8.708,8.747,8.778,8.809,8.837,8.869,8.904,8.936,8.972,9.015,9.048,9.077,9.107,9.156,9.186,9.226,9.255,9.287,9.327,9.351,9.386,9.424,9.459,9.495,9.523,9.552,9.583,9.622,9.663,9.693,9.722,9.759,9.789,9.831,9.871,9.903,9.942,9.984,10.019,10.05,10.094,10.133,10.175,10.213,10.264,10.301,10.334,10.384,10.438,10.505,10.549,10.611,10.666,10.721,10.768,10.83,10.905,10.982,11.051,11.133,11.21,11.283,11.398,11.564,11.701,11.919,12.132,12.515,13.734
665,OTH FP,4.984,6.213,6.564,6.834,7.001,7.125,7.233,7.354,7.475,7.545,7.616,7.684,7.745,7.806,7.862,7.937,7.999,8.048,8.097,8.142,8.179,8.234,8.275,8.318,8.37,8.418,8.461,8.496,8.547,8.591,8.632,8.672,8.708,8.747,8.778,8.809,8.837,8.869,8.904,8.936,8.972,9.015,9.048,9.077,9.107,9.156,9.186,9.226,9.255,9.287,9.327,9.351,9.386,9.424,9.459,9.495,9.523,9.552,9.583,9.622,9.663,9.693,9.722,9.759,9.789,9.831,9.871,9.903,9.942,9.984,10.019,10.05,10.094,10.133,10.175,10.213,10.264,10.301,10.334,10.384,10.438,10.505,10.549,10.611,10.666,10.721,10.768,10.83,10.905,10.982,11.051,11.133,11.21,11.283,11.398,11.564,11.701,11.919,12.132,12.515,13.734
666,OTH FP,5.31,6.284,6.63,6.84,7.05,7.168,7.264,7.359,7.455,7.557,7.625,7.706,7.78,7.838,7.883,7.941,7.999,8.054,8.108,8.159,8.197,8.239,8.286,8.328,8.377,8.418,8.45,8.495,8.535,8.573,8.614,8.65,8.689,8.729,8.772,8.814,8.861,8.896,8.929,8.954,8.991,9.026,9.062,9.094,9.139,9.167,9.193,9.228,9.259,9.285,9.327,9.363,9.395,9.429,9.464,9.494,9.539,9.566,9.598,9.642,9.685,9.722,9.751,9.787,9.82,9.859,9.89,9.921,9.954,9.981,10.016,10.051,10.09,10.132,10.162,10.199,10.245,10.295,10.346,10.398,10.444,10.49,10.551,10.598,10.65,10.706,10.764,10.824,10.888,10.969,11.021,11.078,11.181,11.297,11.432,11.536,11.653,11.847,12.064,12.47,13.55
667,OTH FP,5.31,6.284,6.63,6.84,7.05,7.168,7.264,7.359,7.455,7.557,7.625,7.706,7.78,7.838,7.883,7.941,7.999,8.054,8.108,8.159,8.197,8.239,8.286,8.328,8.377,8.418,8.45,8.495,8.535,8.573,8.614,8.65,8.689,8.729,8.772,8.814,8.861,8.896,8.929,8.954,8.991,9.026,9.062,9.094,9.139,9.167,9.193,9.228,9.259,9.285,9.327,9.363,9.395,9.429,9.464,9.494,9.539,9.566,9.598,9.642,9.685,9.722,9.751,9.787,9.82,9.859,9.89,9.921,9.954,9.981,10.016,10.051,10.09,10.132,10.162,10.199,10.245,10.295,10.346,10.398,10.444,10.49,10.551,10.598,10.65,10.706,10.764,10.824,10.888,10.969,11.021,11.078,11.181,11.297,11.432,11.536,11.653,11.847,12.064,12.47,13.55
668,OTH FP,5.413,6.273,6.684,6.836,7.012,7.162,7.283,7.374,7.475,7.558,7.624,7.692,7.77,7.84,7.895,7.937,7.984,8.047,8.102,8.15,8.194,8.237,8.284,8.339,8.38,8.428,8.465,8.495,8.525,8.581,8.613,8.649,8.702,8.731,8.763,8.806,8.847,8.884,8.913,8.942,8.968,9.0,9.031,9.063,9.091,9.13,9.168,9.215,9.249,9.295,9.329,9.353,9.391,9.423,9.457,9.495,9.526,9.562,9.598,9.628,9.658,9.7,9.732,9.767,9.798,9.833,9.859,9.897,9.937,9.979,10.015,10.055,10.09,10.137,10.17,10.21,10.251,10.292,10.338,10.38,10.435,10.475,10.53,10.574,10.628,10.686,10.751,10.822,10.879,10.928,11.023,11.108,11.197,11.296,11.392,11.508,11.603,11.78,12.061,12.422,13.492
669,OTH FP,5.413,6.273,6.684,6.836,7.012,7.162,7.283,7.374,7.475,7.558,7.624,7.692,7.77,7.84,7.895,7.937,7.984,8.047,8.102,8.15,8.194,8.237,8.284,8.339,8.38,8.428,8.465,8.495,8.525,8.581,8.613,8.649,8.702,8.731,8.763,8.806,8.847,8.884,8.913,8.942,8.968,9.0,9.031,9.063,9.091,9.13,9.168,9.215,9.249,9.295,9.329,9.353,9.391,9.423,9.457,9.495,9.526,9.562,9.598,9.628,9.658,9.7,9.732,9.767,9.798,9.833,9.859,9.897,9.937,9.979,10.015,10.055,10.09,10.137,10.17,10.21,10.251,10.292,10.338,10.38,10.435,10.475,10.53,10.574,10.628,10.686,10.751,10.822,10.879,10.928,11.023,11.108,11.197,11.296,11.392,11.508,11.603,11.78,12.061,12.422,13.492
670,OTH FP,5.172,6.272,6.666,6.895,7.052,7.179,7.274,7.375,7.455,7.556,7.617,7.71,7.784,7.843,7.914,7.962,8.016,8.075,8.124,8.176,8.215,8.259,8.29,8.336,8.38,8.421,8.463,8.505,8.547,8.596,8.629,8.657,8.706,8.737,8.78,8.812,8.85,8.886,8.922,8.951,8.991,9.031,9.06,9.092,9.124,9.157,9.19,9.223,9.261,9.296,9.322,9.363,9.393,9.422,9.447,9.481,9.523,9.561,9.612,9.642,9.673,9.698,9.73,9.761,9.794,9.826,9.857,9.883,9.925,9.98,10.013,10.048,10.088,10.124,10.161,10.199,10.246,10.282,10.33,10.367,10.418,10.474,10.527,10.581,10.621,10.656,10.707,10.764,10.825,10.923,10.991,11.071,11.158,11.238,11.35,11.485,11.616,11.783,11.954,12.373,13.593
671,OTH FP,5.172,6.272,6.666,6.895,7.052,7.179,7.274,7.375,7.455,7.556,7.617,7.71,7.784,7.843,7.914,7.962,8.016,8.075,8.124,8.176,8.215,8.259,8.29,8.336,8.38,8.421,8.463,8.505,8.547,8.596,8.629,8.657,8.706,8.737,8.78,8.812,8.85,8.886,8.922,8.951,8.991,9.031,9.06,9.092,9.124,9.157,9.19,9.223,9.261,9.296,9.322,9.363,9.393,9.422,9.447,9.481,9.523,9.561,9.612,9.642,9.673,9.698,9.73,9.761,9.794,9.826,9.857,9.883,9.925,9.98,10.013,10.048,10.088,10.124,10.161,10.199,10.246,10.282,10.33,10.367,10.418,10.474,10.527,10.581,10.621,10.656,10.707,10.764,10.825,10.923,10.991,11.071,11.158,11.238,11.35,11.485,11.616,11.783,11.954,12.373,13.593
672,OTH FP,5.1,6.354,6.631,6.853,7.012,7.162,7.278,7.382,7.456,7.522,7.621,7.697,7.764,7.838,7.898,7.956,8.013,8.058,8.117,8.163,8.216,8.263,8.312,8.354,8.396,8.429,8.478,8.52,8.563,8.607,8.639,8.672,8.708,8.737,8.775,8.81,8.854,8.884,8.914,8.953,8.985,9.031,9.06,9.099,9.125,9.156,9.182,9.216,9.244,9.271,9.304,9.334,9.367,9.403,9.432,9.463,9.501,9.541,9.588,9.618,9.648,9.685,9.72,9.762,9.8,9.827,9.861,9.894,9.925,9.957,9.988,10.025,10.07,10.1,10.131,10.17,10.209,10.253,10.295,10.35,10.387,10.421,10.478,10.534,10.581,10.632,10.692,10.758,10.82,10.886,10.948,11.018,11.106,11.207,11.316,11.457,11.607,11.764,11.979,12.366,13.62
673,OTH FP,5.1,6.354,6.631,6.853,7.012,7.162,7.278,7.382,7.456,7.522,7.621,7.697,7.764,7.838,7.898,7.956,8.013,8.058,8.117,8.163,8.216,8.263,8.312,8.354,8.396,8.429,8.478,8.52,8.563,8.607,8.639,8.672,8.708,8.737,8.775,8.81,8.854,8.884,8.914,8.953,8.985,9.031,9.06,9.099,9.125,9.156,9.182,9.216,9.244,9.271,9.304,9.334,9.367,9.403,9.432,9.463,9.501,9.541,9.588,9.618,9.648,9.685,9.72,9.762,9.8,9.827,9.861,9.894,9.925,9.957,9.988,10.025,10.07,10.1,10.131,10.17,10.209,10.253,10.295,10.35,10.387,10.421,10.478,10.534,10.581,10.632,10.692,10.758,10.82,10.886,10.948,11.018,11.106,11.207,11.316,11.457,11.607,11.764,11.979,12.366,13.62
674,OTH FP,5.298,6.348,6.637,6.837,7.034,7.158,7.247,7.36,7.45,7.551,7.614,7.696,7.777,7.869,7.918,7.966,8.015,8.063,8.113,8.153,8.202,8.257,8.296,8.348,8.395,8.432,8.468,8.514,8.555,8.594,8.643,8.675,8.72,8.76,8.796,8.828,8.871,8.909,8.944,8.969,9.001,9.031,9.061,9.095,9.13,9.16,9.19,9.224,9.266,9.29,9.312,9.344,9.383,9.419,9.453,9.478,9.513,9.546,9.574,9.608,9.641,9.683,9.717,9.748,9.79,9.819,9.848,9.892,9.926,9.962,10.002,10.03,10.06,10.095,10.132,10.161,10.211,10.247,10.288,10.344,10.375,10.43,10.475,10.523,10.572,10.617,10.679,10.743,10.807,10.87,10.923,11.018,11.118,11.194,11.303,11.434,11.592,11.759,11.986,12.371,13.496
675,OTH FP,5.298,6.348,6.637,6.837,7.034,7.158,7.247,7.36,7.45,7.551,7.614,7.696,7.777,7.869,7.918,7.966,8.015,8.063,8.113,8.153,8.202,8.257,8.296,8.348,8.395,8.432,8.468,8.514,8.555,8.594,8.643,8.675,8.72,8.76,8.796,8.828,8.871,8.909,8.944,8.969,9.001,9.031,9.061,9.095,9.13,9.16,9.19,9.224,9.266,9.29,9.312,9.344,9.383,9.419,9.453,9.478,9.513,9.546,9.574,9.608,9.641,9.683,9.717,9.748,9.79,9.819,9.848,9.892,9.926,9.962,10.002,10.03,10.06,10.095,10.132,10.161,10.211,10.247,10.288,10.344,10.375,10.43,10.475,10.523,10.572,10.617,10.679,10.743,10.807,10.87,10.923,11.018,11.118,11.194,11.303,11.434,11.592,11.759,11.986,12.371,13.496
676,OTH FP,5.183,6.404,6.711,6.927,7.048,7.214,7.32,7.435,7.513,7.601,7.662,7.732,7.808,7.858,7.914,7.966,8.023,8.068,8.119,8.168,8.213,8.252,8.295,8.348,8.389,8.43,8.48,8.526,8.56,8.611,8.649,8.685,8.714,8.745,8.781,8.823,8.854,8.893,8.923,8.955,8.99,9.023,9.055,9.084,9.123,9.151,9.178,9.208,9.237,9.266,9.289,9.32,9.358,9.392,9.436,9.468,9.505,9.536,9.566,9.604,9.635,9.673,9.698,9.722,9.761,9.797,9.82,9.86,9.894,9.932,9.967,9.999,10.036,10.068,10.102,10.145,10.191,10.226,10.273,10.308,10.361,10.396,10.433,10.475,10.526,10.592,10.658,10.714,10.779,10.85,10.938,11.031,11.125,11.215,11.317,11.427,11.617,11.769,12.012,12.433,13.407
677,OTH FP,5.183,6.404,6.711,6.927,7.048,7.214,7.32,7.435,7.513,7.601,7.662,7.732,7.808,7.858,7.914,7.966,8.023,8.068,8.119,8.168,8.213,8.252,8.295,8.348,8.389,8.43,8.48,8.526,8.56,8.611,8.649,8.685,8.714,8.745,8.781,8.823,8.854,8.893,8.923,8.955,8.99,9.023,9.055,9.084,9.123,9.151,9.178,9.208,9.237,9.266,9.289,9.32,9.358,9.392,9.436,9.468,9.505,9.536,9.566,9.604,9.635,9.673,9.698,9.722,9.761,9.797,9.82,9.86,9.894,9.932,9.967,9.999,10.036,10.068,10.102,10.145,10.191,10.226,10.273,10.308,10.361,10.396,10.433,10.475,10.526,10.592,10.658,10.714,10.779,10.85,10.938,11.031,11.125,11.215,11.317,11.427,11.617,11.769,12.012,12.433,13.407
678,OTH FP,5.089,6.313,6.717,6.952,7.106,7.231,7.346,7.446,7.539,7.617,7.681,7.756,7.841,7.902,7.958,8.001,8.05,8.113,8.171,8.218,8.257,8.289,8.332,8.371,8.41,8.442,8.489,8.537,8.576,8.616,8.661,8.695,8.728,8.76,8.796,8.836,8.866,8.906,8.937,8.972,8.997,9.031,9.059,9.091,9.119,9.146,9.181,9.22,9.245,9.279,9.308,9.345,9.377,9.412,9.436,9.469,9.501,9.534,9.563,9.597,9.617,9.656,9.695,9.73,9.756,9.793,9.824,9.851,9.888,9.92,9.952,9.987,10.026,10.066,10.103,10.149,10.19,10.242,10.281,10.317,10.366,10.403,10.44,10.493,10.535,10.584,10.654,10.706,10.779,10.843,10.921,10.989,11.1,11.193,11.279,11.396,11.554,11.718,11.97,12.35,13.579
679,OTH FP,5.089,6.313,6.717,6.952,7.106,7.231,7.346,7.446,7.539,7.617,7.681,7.756,7.841,7.902,7.958,8.001,8.05,8.113,8.171,8.218,8.257,8.289,8.332,8.371,8.41,8.442,8.489,8.537,8.576,8.616,8.661,8.695,8.728,8.76,8.796,8.836,8.866,8.906,8.937,8.972,8.997,9.031,9.059,9.091,9.119,9.146,9.181,9.22,9.245,9.279,9.308,9.345,9.377,9.412,9.436,9.469,9.501,9.534,9.563,9.597,9.617,9.656,9.695,9.73,9.756,9.793,9.824,9.851,9.888,9.92,9.952,9.987,10.026,10.066,10.103,10.149,10.19,10.242,10.281,10.317,10.366,10.403,10.44,10.493,10.535,10.584,10.654,10.706,10.779,10.843,10.921,10.989,11.1,11.193,11.279,11.396,11.554,11.718,11.97,12.35,13.579
680,OTH FP,5.284,6.348,6.712,6.921,7.099,7.201,7.32,7.433,7.533,7.608,7.685,7.764,7.836,7.889,7.962,8.023,8.071,8.12,8.165,8.224,8.258,8.298,8.346,8.39,8.419,8.452,8.488,8.519,8.554,8.602,8.632,8.683,8.722,8.753,8.783,8.827,8.874,8.901,8.933,8.968,9.0,9.034,9.062,9.098,9.128,9.16,9.187,9.217,9.245,9.273,9.3,9.324,9.35,9.385,9.42,9.455,9.488,9.518,9.546,9.572,9.604,9.631,9.674,9.707,9.737,9.762,9.787,9.823,9.859,9.901,9.942,9.985,10.013,10.046,10.079,10.121,10.174,10.206,10.236,10.275,10.335,10.389,10.45,10.509,10.547,10.605,10.667,10.715,10.775,10.84,10.903,10.952,11.056,11.153,11.257,11.379,11.521,11.693,11.923,12.324,13.52
681,OTH FP,5.284,6.348,6.712,6.921,7.099,7.201,7.32,7.433,7.533,7.608,7.685,7.764,7.836,7.889,7.962,8.023,8.071,8.12,8.165,8.224,8.258,8.298,8.346,8.39,8.419,8.452,8.488,8.519,8.554,8.602,8.632,8.683,8.722,8.753,8.783,8.827,8.874,8.901,8.933,8.968,9.0,9.034,9.062,9.098,9.128,9.16,9.187,9.217,9.245,9.273,9.3,9.324,9.35,9.385,9.42,9.455,9.488,9.518,9.546,9.572,9.604,9.631,9.674,9.707,9.737,9.762,9.787,9.823,9.859,9.901,9.942,9.985,10.013,10.046,10.079,10.121,10.174,10.206,10.236,10.275,10.335,10.389,10.45,10.509,10.547,10.605,10.667,10.715,10.775,10.84,10.903,10.952,11.056,11.153,11.257,11.379,11.521,11.693,11.923,12.324,13.52
682,OTH FP,5.248,6.444,6.728,6.948,7.129,7.254,7.369,7.475,7.572,7.663,7.721,7.784,7.851,7.906,7.964,8.023,8.076,8.129,8.17,8.209,8.263,8.312,8.35,8.405,8.433,8.471,8.512,8.556,8.585,8.627,8.664,8.694,8.725,8.76,8.79,8.823,8.851,8.877,8.912,8.944,8.98,9.019,9.05,9.083,9.112,9.141,9.177,9.216,9.25,9.275,9.309,9.343,9.367,9.391,9.418,9.457,9.495,9.531,9.564,9.591,9.616,9.642,9.676,9.702,9.731,9.76,9.791,9.825,9.858,9.89,9.927,9.963,10.007,10.039,10.074,10.115,10.152,10.196,10.237,10.279,10.316,10.355,10.413,10.458,10.512,10.57,10.623,10.671,10.733,10.798,10.88,10.933,11.042,11.142,11.257,11.36,11.474,11.635,11.812,12.267,13.514
683,OTH FP,5.248,6.444,6.728,6.948,7.129,7.254,7.369,7.475,7.572,7.663,7.721,7.784,7.851,7.906,7.964,8.023,8.076,8.129,8.17,8.209,8.263,8.312,8.35,8.405,8.433,8.471,8.512,8.556,8.585,8.627,8.664,8.694,8.725,8.76,8.79,8.823,8.851,8.877,8.912,8.944,8.98,9.019,9.05,9.083,9.112,9.141,9.177,9.216,9.25,9.275,9.309,9.343,9.367,9.391,9.418,9.457,9.495,9.531,9.564,9.591,9.616,9.642,9.676,9.702,9.731,9.76,9.791,9.825,9.858,9.89,9.927,9.963,10.007,10.039,10.074,10.115,10.152,10.196,10.237,10.279,10.316,10.355,10.413,10.458,10.512,10.57,10.623,10.671,10.733,10.798,10.88,10.933,11.042,11.142,11.257,11.36,11.474,11.635,11.812,12.267,13.514
684,OTH FP,5.398,6.453,6.862,7.03,7.173,7.273,7.371,7.47,7.576,7.659,7.734,7.799,7.859,7.916,7.979,8.038,8.093,8.136,8.178,8.229,8.274,8.317,8.362,8.414,8.446,8.489,8.518,8.55,8.576,8.615,8.645,8.681,8.714,8.75,8.788,8.821,8.848,8.883,8.913,8.955,8.981,9.012,9.046,9.08,9.108,9.134,9.167,9.198,9.232,9.266,9.296,9.323,9.358,9.394,9.42,9.447,9.478,9.501,9.529,9.559,9.588,9.619,9.652,9.677,9.713,9.747,9.778,9.807,9.844,9.88,9.916,9.943,9.973,10.007,10.052,10.095,10.128,10.17,10.204,10.247,10.292,10.337,10.382,10.428,10.468,10.515,10.566,10.632,10.687,10.758,10.841,10.916,11.0,11.101,11.216,11.327,11.46,11.611,11.825,12.111,13.523
685,OTH FP,5.398,6.453,6.862,7.03,7.173,7.273,7.371,7.47,7.576,7.659,7.734,7.799,7.859,7.916,7.979,8.038,8.093,8.136,8.178,8.229,8.274,8.317,8.362,8.414,8.446,8.489,8.518,8.55,8.576,8.615,8.645,8.681,8.714,8.75,8.788,8.821,8.848,8.883,8.913,8.955,8.981,9.012,9.046,9.08,9.108,9.134,9.167,9.198,9.232,9.266,9.296,9.323,9.358,9.394,9.42,9.447,9.478,9.501,9.529,9.559,9.588,9.619,9.652,9.677,9.713,9.747,9.778,9.807,9.844,9.88,9.916,9.943,9.973,10.007,10.052,10.095,10.128,10.17,10.204,10.247,10.292,10.337,10.382,10.428,10.468,10.515,10.566,10.632,10.687,10.758,10.841,10.916,11.0,11.101,11.216,11.327,11.46,11.611,11.825,12.111,13.523
686,OTH FP,5.418,6.446,6.77,6.992,7.103,7.221,7.315,7.448,7.524,7.613,7.672,7.76,7.822,7.89,7.952,8.002,8.043,8.101,8.16,8.202,8.241,8.274,8.311,8.343,8.385,8.437,8.473,8.505,8.538,8.571,8.617,8.657,8.689,8.721,8.745,8.781,8.816,8.845,8.876,8.912,8.953,8.984,9.007,9.036,9.069,9.092,9.128,9.16,9.192,9.22,9.248,9.276,9.313,9.348,9.378,9.405,9.427,9.46,9.491,9.53,9.558,9.591,9.625,9.658,9.68,9.711,9.745,9.779,9.814,9.845,9.892,9.928,9.968,9.999,10.055,10.088,10.123,10.174,10.211,10.255,10.297,10.341,10.387,10.431,10.48,10.518,10.579,10.633,10.693,10.743,10.833,10.906,11.02,11.11,11.219,11.338,11.462,11.659,11.818,12.173,13.328
687,OTH FP,5.418,6.446,6.77,6.992,7.103,7.221,7.315,7.448,7.524,7.613,7.672,7.76,7.822,7.89,7.952,8.002,8.043,8.101,8.16,8.202,8.241,8.274,8.311,8.343,8.385,8.437,8.473,8.505,8.538,8.571,8.617,8.657,8.689,8.721,8.745,8.781,8.816,8.845,8.876,8.912,8.953,8.984,9.007,9.036,9.069,9.092,9.128,9.16,9.192,9.22,9.248,9.276,9.313,9.348,9.378,9.405,9.427,9.46,9.491,9.53,9.558,9.591,9.625,9.658,9.68,9.711,9.745,9.779,9.814,9.845,9.892,9.928,9.968,9.999,10.055,10.088,10.123,10.174,10.211,10.255,10.297,10.341,10.387,10.431,10.48,10.518,10.579,10.633,10.693,10.743,10.833,10.906,11.02,11.11,11.219,11.338,11.462,11.659,11.818,12.173,13.328
688,OTH FP,5.522,6.289,6.637,6.936,7.084,7.188,7.318,7.397,7.486,7.564,7.636,7.697,7.757,7.816,7.87,7.934,7.995,8.043,8.092,8.144,8.195,8.245,8.283,8.313,8.346,8.387,8.415,8.456,8.489,8.535,8.567,8.607,8.642,8.689,8.722,8.762,8.793,8.823,8.852,8.881,8.917,8.949,8.979,9.005,9.029,9.064,9.088,9.123,9.163,9.19,9.231,9.266,9.303,9.333,9.361,9.392,9.42,9.454,9.476,9.502,9.533,9.559,9.576,9.601,9.638,9.674,9.713,9.741,9.794,9.829,9.865,9.911,9.947,9.985,10.03,10.074,10.116,10.151,10.201,10.255,10.287,10.319,10.371,10.423,10.475,10.528,10.587,10.631,10.703,10.778,10.841,10.912,10.992,11.1,11.201,11.355,11.473,11.644,11.838,12.157,13.143
689,OTH FP,5.522,6.289,6.637,6.936,7.084,7.188,7.318,7.397,7.486,7.564,7.636,7.697,7.757,7.816,7.87,7.934,7.995,8.043,8.092,8.144,8.195,8.245,8.283,8.313,8.346,8.387,8.415,8.456,8.489,8.535,8.567,8.607,8.642,8.689,8.722,8.762,8.793,8.823,8.852,8.881,8.917,8.949,8.979,9.005,9.029,9.064,9.088,9.123,9.163,9.19,9.231,9.266,9.303,9.333,9.361,9.392,9.42,9.454,9.476,9.502,9.533,9.559,9.576,9.601,9.638,9.674,9.713,9.741,9.794,9.829,9.865,9.911,9.947,9.985,10.03,10.074,10.116,10.151,10.201,10.255,10.287,10.319,10.371,10.423,10.475,10.528,10.587,10.631,10.703,10.778,10.841,10.912,10.992,11.1,11.201,11.355,11.473,11.644,11.838,12.157,13.143
690,OTH FP,5.311,6.203,6.542,6.78,6.953,7.095,7.189,7.314,7.408,7.514,7.586,7.661,7.735,7.8,7.853,7.894,7.951,8.002,8.054,8.101,8.154,8.194,8.228,8.281,8.316,8.354,8.382,8.422,8.457,8.493,8.535,8.573,8.61,8.64,8.665,8.703,8.74,8.77,8.81,8.84,8.867,8.904,8.943,8.976,9.012,9.049,9.078,9.105,9.139,9.173,9.205,9.234,9.266,9.297,9.319,9.344,9.374,9.415,9.445,9.475,9.505,9.538,9.575,9.599,9.633,9.671,9.712,9.742,9.778,9.821,9.858,9.902,9.945,9.99,10.029,10.065,10.104,10.138,10.179,10.216,10.253,10.302,10.348,10.395,10.471,10.516,10.559,10.619,10.693,10.766,10.841,10.92,11.015,11.115,11.224,11.337,11.476,11.653,11.881,12.201,13.128
691,OTH FP,5.311,6.203,6.542,6.78,6.953,7.095,7.189,7.314,7.408,7.514,7.586,7.661,7.735,7.8,7.853,7.894,7.951,8.002,8.054,8.101,8.154,8.194,8.228,8.281,8.316,8.354,8.382,8.422,8.457,8.493,8.535,8.573,8.61,8.64,8.665,8.703,8.74,8.77,8.81,8.84,8.867,8.904,8.943,8.976,9.012,9.049,9.078,9.105,9.139,9.173,9.205,9.234,9.266,9.297,9.319,9.344,9.374,9.415,9.445,9.475,9.505,9.538,9.575,9.599,9.633,9.671,9.712,9.742,9.778,9.821,9.858,9.902,9.945,9.99,10.029,10.065,10.104,10.138,10.179,10.216,10.253,10.302,10.348,10.395,10.471,10.516,10.559,10.619,10.693,10.766,10.841,10.92,11.015,11.115,11.224,11.337,11.476,11.653,11.881,12.201,13.128
692,OTH FP,5.037,6.161,6.519,6.717,6.909,7.065,7.173,7.284,7.379,7.456,7.552,7.621,7.694,7.754,7.815,7.878,7.944,7.986,8.031,8.083,8.125,8.174,8.203,8.239,8.29,8.317,8.353,8.4,8.435,8.485,8.512,8.545,8.589,8.62,8.654,8.693,8.731,8.759,8.788,8.824,8.86,8.894,8.93,8.956,8.987,9.015,9.042,9.067,9.096,9.127,9.161,9.203,9.239,9.274,9.302,9.33,9.365,9.395,9.427,9.455,9.488,9.529,9.56,9.596,9.633,9.668,9.715,9.755,9.792,9.835,9.874,9.907,9.937,9.975,10.014,10.064,10.112,10.15,10.208,10.244,10.287,10.34,10.394,10.447,10.496,10.543,10.599,10.648,10.705,10.779,10.853,10.923,11.016,11.102,11.219,11.323,11.481,11.666,11.884,12.135,13.168
693,OTH FP,5.037,6.161,6.519,6.717,6.909,7.065,7.173,7.284,7.379,7.456,7.552,7.621,7.694,7.754,7.815,7.878,7.944,7.986,8.031,8.083,8.125,8.174,8.203,8.239,8.29,8.317,8.353,8.4,8.435,8.485,8.512,8.545,8.589,8.62,8.654,8.693,8.731,8.759,8.788,8.824,8.86,8.894,8.93,8.956,8.987,9.015,9.042,9.067,9.096,9.127,9.161,9.203,9.239,9.274,9.302,9.33,9.365,9.395,9.427,9.455,9.488,9.529,9.56,9.596,9.633,9.668,9.715,9.755,9.792,9.835,9.874,9.907,9.937,9.975,10.014,10.064,10.112,10.15,10.208,10.244,10.287,10.34,10.394,10.447,10.496,10.543,10.599,10.648,10.705,10.779,10.853,10.923,11.016,11.102,11.219,11.323,11.481,11.666,11.884,12.135,13.168
694,OTH FP,4.697,6.038,6.473,6.694,6.886,7.002,7.1,7.226,7.324,7.407,7.478,7.556,7.635,7.693,7.753,7.81,7.865,7.934,7.998,8.041,8.094,8.137,8.184,8.223,8.266,8.309,8.342,8.373,8.41,8.45,8.485,8.525,8.554,8.588,8.629,8.673,8.703,8.737,8.766,8.797,8.839,8.879,8.907,8.931,8.968,8.993,9.017,9.05,9.083,9.118,9.149,9.182,9.214,9.247,9.281,9.314,9.356,9.393,9.427,9.456,9.49,9.53,9.569,9.595,9.622,9.663,9.704,9.748,9.784,9.82,9.857,9.893,9.932,9.979,10.015,10.052,10.094,10.138,10.177,10.226,10.264,10.317,10.379,10.434,10.504,10.55,10.595,10.633,10.687,10.782,10.862,10.919,11.026,11.124,11.23,11.35,11.489,11.665,11.889,12.196,13.129
695,OTH FP,4.697,6.038,6.473,6.694,6.886,7.002,7.1,7.226,7.324,7.407,7.478,7.556,7.635,7.693,7.753,7.81,7.865,7.934,7.998,8.041,8.094,8.137,8.184,8.223,8.266,8.309,8.342,8.373,8.41,8.45,8.485,8.525,8.554,8.588,8.629,8.673,8.703,8.737,8.766,8.797,8.839,8.879,8.907,8.931,8.968,8.993,9.017,9.05,9.083,9.118,9.149,9.182,9.214,9.247,9.281,9.314,9.356,9.393,9.427,9.456,9.49,9.53,9.569,9.595,9.622,9.663,9.704,9.748,9.784,9.82,9.857,9.893,9.932,9.979,10.015,10.052,10.094,10.138,10.177,10.226,10.264,10.317,10.379,10.434,10.504,10.55,10.595,10.633,10.687,10.782,10.862,10.919,11.026,11.124,11.23,11.35,11.489,11.665,11.889,12.196,13.129
696,OTH FP,4.811,6.079,6.405,6.645,6.823,6.948,7.061,7.185,7.288,7.378,7.454,7.528,7.598,7.66,7.719,7.79,7.856,7.916,7.981,8.029,8.091,8.131,8.171,8.212,8.254,8.286,8.324,8.364,8.401,8.447,8.481,8.514,8.542,8.575,8.613,8.649,8.686,8.713,8.747,8.774,8.814,8.846,8.877,8.913,8.952,8.978,9.006,9.039,9.074,9.103,9.138,9.168,9.203,9.226,9.256,9.297,9.328,9.362,9.398,9.426,9.464,9.504,9.543,9.581,9.609,9.646,9.687,9.729,9.778,9.809,9.861,9.897,9.936,9.977,10.022,10.065,10.102,10.144,10.184,10.235,10.285,10.321,10.366,10.422,10.479,10.529,10.581,10.645,10.708,10.775,10.865,10.953,11.028,11.122,11.22,11.331,11.464,11.64,11.855,12.281,13.023
697,OTH FP,4.811,6.079,6.405,6.645,6.823,6.948,7.061,7.185,7.288,7.378,7.454,7.528,7.598,7.66,7.719,7.79,7.856,7.916,7.981,8.029,8.091,8.131,8.171,8.212,8.254,8.286,8.324,8.364,8.401,8.447,8.481,8.514,8.542,8.575,8.613,8.649,8.686,8.713,8.747,8.774,8.814,8.846,8.877,8.913,8.952,8.978,9.006,9.039,9.074,9.103,9.138,9.168,9.203,9.226,9.256,9.297,9.328,9.362,9.398,9.426,9.464,9.504,9.543,9.581,9.609,9.646,9.687,9.729,9.778,9.809,9.861,9.897,9.936,9.977,10.022,10.065,10.102,10.144,10.184,10.235,10.285,10.321,10.366,10.422,10.479,10.529,10.581,10.645,10.708,10.775,10.865,10.953,11.028,11.122,11.22,11.331,11.464,11.64,11.855,12.281,13.023
698,OTH FP,4.746,5.935,6.349,6.558,6.715,6.902,7.039,7.142,7.256,7.349,7.437,7.525,7.596,7.659,7.707,7.77,7.844,7.901,7.942,7.994,8.038,8.092,8.146,8.176,8.225,8.261,8.288,8.328,8.363,8.404,8.442,8.476,8.508,8.548,8.581,8.608,8.646,8.692,8.719,8.748,8.794,8.831,8.855,8.888,8.924,8.961,8.995,9.038,9.075,9.108,9.136,9.178,9.215,9.245,9.271,9.314,9.348,9.376,9.405,9.434,9.467,9.501,9.542,9.569,9.592,9.633,9.675,9.707,9.744,9.778,9.818,9.858,9.911,9.945,9.988,10.029,10.076,10.116,10.156,10.199,10.244,10.287,10.334,10.387,10.452,10.513,10.566,10.626,10.707,10.778,10.86,10.936,11.018,11.128,11.236,11.357,11.495,11.684,11.896,12.251,13.03
699,OTH FP,4.746,5.935,6.349,6.558,6.715,6.902,7.039,7.142,7.256,7.349,7.437,7.525,7.596,7.659,7.707,7.77,7.844,7.901,7.942,7.994,8.038,8.092,8.146,8.176,8.225,8.261,8.288,8.328,8.363,8.404,8.442,8.476,8.508,8.548,8.581,8.608,8.646,8.692,8.719,8.748,8.794,8.831,8.855,8.888,8.924,8.961,8.995,9.038,9.075,9.108,9.136,9.178,9.215,9.245,9.271,9.314,9.348,9.376,9.405,9.434,9.467,9.501,9.542,9.569,9.592,9.633,9.675,9.707,9.744,9.778,9.818,9.858,9.911,9.945,9.988,10.029,10.076,10.116,10.156,10.199,10.244,10.287,10.334,10.387,10.452,10.513,10.566,10.626,10.707,10.778,10.86,10.936,11.018,11.128,11.236,11.357,11.495,11.684,11.896,12.251,13.03
700,OTH FP,4.679,5.996,6.316,6.545,6.747,6.961,7.089,7.14,7.242,7.326,7.399,7.461,7.561,7.617,7.687,7.755,7.824,7.881,7.939,7.989,8.027,8.085,8.126,8.154,8.184,8.215,8.25,8.294,8.336,8.369,8.412,8.451,8.491,8.531,8.572,8.603,8.636,8.675,8.7,8.736,8.768,8.812,8.842,8.873,8.903,8.932,8.97,9.008,9.04,9.075,9.109,9.138,9.185,9.217,9.25,9.289,9.329,9.366,9.398,9.428,9.462,9.49,9.521,9.556,9.589,9.624,9.657,9.695,9.733,9.77,9.804,9.847,9.888,9.93,9.977,10.022,10.065,10.102,10.145,10.183,10.229,10.287,10.333,10.387,10.427,10.469,10.528,10.607,10.66,10.73,10.813,10.905,11.015,11.132,11.251,11.378,11.556,11.76,11.92,12.209,13.221
701,OTH FP,4.679,5.996,6.316,6.545,6.747,6.961,7.089,7.14,7.242,7.326,7.399,7.461,7.561,7.617,7.687,7.755,7.824,7.881,7.939,7.989,8.027,8.085,8.126,8.154,8.184,8.215,8.25,8.294,8.336,8.369,8.412,8.451,8.491,8.531,8.572,8.603,8.636,8.675,8.7,8.736,8.768,8.812,8.842,8.873,8.903,8.932,8.97,9.008,9.04,9.075,9.109,9.138,9.185,9.217,9.25,9.289,9.329,9.366,9.398,9.428,9.462,9.49,9.521,9.556,9.589,9.624,9.657,9.695,9.733,9.77,9.804,9.847,9.888,9.93,9.977,10.022,10.065,10.102,10.145,10.183,10.229,10.287,10.333,10.387,10.427,10.469,10.528,10.607,10.66,10.73,10.813,10.905,11.015,11.132,11.251,11.378,11.556,11.76,11.92,12.209,13.221
702,OTH FP,4.633,5.931,6.329,6.557,6.763,6.895,7.029,7.141,7.213,7.282,7.363,7.439,7.503,7.573,7.664,7.712,7.774,7.827,7.884,7.944,7.989,8.028,8.065,8.096,8.141,8.19,8.228,8.275,8.317,8.348,8.379,8.409,8.456,8.489,8.532,8.564,8.598,8.64,8.671,8.711,8.748,8.781,8.806,8.833,8.871,8.907,8.94,8.973,9.007,9.04,9.069,9.103,9.14,9.176,9.211,9.245,9.292,9.332,9.366,9.4,9.436,9.478,9.511,9.554,9.588,9.624,9.659,9.692,9.74,9.77,9.799,9.84,9.883,9.934,9.968,10.007,10.047,10.089,10.132,10.17,10.216,10.271,10.325,10.377,10.428,10.477,10.542,10.611,10.676,10.754,10.835,10.917,10.994,11.091,11.206,11.316,11.495,11.698,11.907,12.244,13.315
703,OTH FP,4.633,5.931,6.329,6.557,6.763,6.895,7.029,7.141,7.213,7.282,7.363,7.439,7.503,7.573,7.664,7.712,7.774,7.827,7.884,7.944,7.989,8.028,8.065,8.096,8.141,8.19,8.228,8.275,8.317,8.348,8.379,8.409,8.456,8.489,8.532,8.564,8.598,8.64,8.671,8.711,8.748,8.781,8.806,8.833,8.871,8.907,8.94,8.973,9.007,9.04,9.069,9.103,9.14,9.176,9.211,9.245,9.292,9.332,9.366,9.4,9.436,9.478,9.511,9.554,9.588,9.624,9.659,9.692,9.74,9.77,9.799,9.84,9.883,9.934,9.968,10.007,10.047,10.089,10.132,10.17,10.216,10.271,10.325,10.377,10.428,10.477,10.542,10.611,10.676,10.754,10.835,10.917,10.994,11.091,11.206,11.316,11.495,11.698,11.907,12.244,13.315
704,OTH FP,4.508,5.847,6.276,6.541,6.752,6.88,7.038,7.125,7.224,7.285,7.36,7.408,7.474,7.549,7.608,7.659,7.717,7.796,7.836,7.882,7.921,7.978,8.014,8.079,8.123,8.172,8.215,8.25,8.292,8.323,8.356,8.405,8.437,8.478,8.508,8.537,8.57,8.599,8.642,8.675,8.714,8.751,8.786,8.818,8.847,8.881,8.923,8.953,8.988,9.026,9.057,9.082,9.122,9.155,9.198,9.247,9.283,9.322,9.36,9.393,9.428,9.462,9.492,9.525,9.562,9.6,9.629,9.67,9.706,9.744,9.773,9.808,9.852,9.894,9.931,9.97,10.015,10.056,10.093,10.135,10.17,10.218,10.273,10.323,10.383,10.436,10.506,10.568,10.641,10.725,10.808,10.888,10.975,11.06,11.169,11.3,11.455,11.618,11.876,12.262,13.407
705,OTH FP,4.508,5.847,6.276,6.541,6.752,6.88,7.038,7.125,7.224,7.285,7.36,7.408,7.474,7.549,7.608,7.659,7.717,7.796,7.836,7.882,7.921,7.978,8.014,8.079,8.123,8.172,8.215,8.25,8.292,8.323,8.356,8.405,8.437,8.478,8.508,8.537,8.57,8.599,8.642,8.675,8.714,8.751,8.786,8.818,8.847,8.881,8.923,8.953,8.988,9.026,9.057,9.082,9.122,9.155,9.198,9.247,9.283,9.322,9.36,9.393,9.428,9.462,9.492,9.525,9.562,9.6,9.629,9.67,9.706,9.744,9.773,9.808,9.852,9.894,9.931,9.97,10.015,10.056,10.093,10.135,10.17,10.218,10.273,10.323,10.383,10.436,10.506,10.568,10.641,10.725,10.808,10.888,10.975,11.06,11.169,11.3,11.455,11.618,11.876,12.262,13.407
706,OTH FP,4.577,5.809,6.223,6.467,6.703,6.875,6.979,7.072,7.183,7.231,7.321,7.388,7.46,7.521,7.579,7.645,7.697,7.746,7.82,7.863,7.897,7.94,7.993,8.028,8.085,8.129,8.16,8.203,8.239,8.274,8.307,8.353,8.395,8.432,8.459,8.502,8.529,8.569,8.604,8.648,8.685,8.714,8.761,8.796,8.834,8.873,8.908,8.943,8.987,9.018,9.055,9.089,9.114,9.151,9.19,9.224,9.263,9.293,9.332,9.367,9.403,9.436,9.469,9.501,9.529,9.568,9.601,9.634,9.674,9.723,9.771,9.814,9.851,9.896,9.931,9.97,10.003,10.048,10.089,10.134,10.18,10.239,10.287,10.321,10.37,10.422,10.487,10.54,10.601,10.664,10.75,10.814,10.896,10.983,11.136,11.295,11.433,11.566,11.798,12.251,13.292
707,OTH FP,4.577,5.809,6.223,6.467,6.703,6.875,6.979,7.072,7.183,7.231,7.321,7.388,7.46,7.521,7.579,7.645,7.697,7.746,7.82,7.863,7.897,7.94,7.993,8.028,8.085,8.129,8.16,8.203,8.239,8.274,8.307,8.353,8.395,8.432,8.459,8.502,8.529,8.569,8.604,8.648,8.685,8.714,8.761,8.796,8.834,8.873,8.908,8.943,8.987,9.018,9.055,9.089,9.114,9.151,9.19,9.224,9.263,9.293,9.332,9.367,9.403,9.436,9.469,9.501,9.529,9.568,9.601,9.634,9.674,9.723,9.771,9.814,9.851,9.896,9.931,9.97,10.003,10.048,10.089,10.134,10.18,10.239,10.287,10.321,10.37,10.422,10.487,10.54,10.601,10.664,10.75,10.814,10.896,10.983,11.136,11.295,11.433,11.566,11.798,12.251,13.292
708,OTH FP,4.709,5.794,6.22,6.468,6.677,6.812,6.926,7.061,7.153,7.213,7.306,7.374,7.435,7.496,7.547,7.616,7.671,7.722,7.796,7.837,7.895,7.931,7.98,8.026,8.062,8.11,8.152,8.188,8.221,8.258,8.29,8.324,8.365,8.404,8.444,8.475,8.508,8.548,8.582,8.618,8.662,8.703,8.739,8.787,8.822,8.86,8.889,8.916,8.946,8.983,9.007,9.037,9.068,9.1,9.131,9.17,9.206,9.242,9.27,9.306,9.34,9.381,9.418,9.469,9.5,9.537,9.577,9.618,9.653,9.701,9.737,9.776,9.825,9.865,9.894,9.946,9.98,10.029,10.07,10.111,10.16,10.198,10.257,10.301,10.347,10.398,10.447,10.501,10.549,10.623,10.702,10.782,10.88,10.981,11.078,11.195,11.359,11.593,11.837,12.192,13.32
709,OTH FP,4.709,5.794,6.22,6.468,6.677,6.812,6.926,7.061,7.153,7.213,7.306,7.374,7.435,7.496,7.547,7.616,7.671,7.722,7.796,7.837,7.895,7.931,7.98,8.026,8.062,8.11,8.152,8.188,8.221,8.258,8.29,8.324,8.365,8.404,8.444,8.475,8.508,8.548,8.582,8.618,8.662,8.703,8.739,8.787,8.822,8.86,8.889,8.916,8.946,8.983,9.007,9.037,9.068,9.1,9.131,9.17,9.206,9.242,9.27,9.306,9.34,9.381,9.418,9.469,9.5,9.537,9.577,9.618,9.653,9.701,9.737,9.776,9.825,9.865,9.894,9.946,9.98,10.029,10.07,10.111,10.16,10.198,10.257,10.301,10.347,10.398,10.447,10.501,10.549,10.623,10.702,10.782,10.88,10.981,11.078,11.195,11.359,11.593,11.837,12.192,13.32
710,OTH FP,4.546,5.808,6.221,6.472,6.656,6.775,6.905,7.026,7.126,7.236,7.3,7.345,7.402,7.473,7.532,7.584,7.643,7.686,7.747,7.809,7.855,7.911,7.964,8.015,8.058,8.103,8.144,8.188,8.222,8.25,8.286,8.33,8.369,8.405,8.43,8.462,8.508,8.542,8.571,8.611,8.637,8.673,8.703,8.739,8.774,8.815,8.849,8.878,8.911,8.956,8.987,9.02,9.052,9.087,9.119,9.155,9.186,9.214,9.247,9.277,9.304,9.346,9.38,9.424,9.456,9.496,9.531,9.574,9.61,9.654,9.685,9.722,9.769,9.819,9.863,9.904,9.941,9.993,10.037,10.078,10.122,10.17,10.217,10.268,10.315,10.372,10.419,10.476,10.543,10.614,10.687,10.786,10.865,10.94,11.052,11.179,11.333,11.511,11.824,12.051,13.55
711,OTH FP,4.546,5.808,6.221,6.472,6.656,6.775,6.905,7.026,7.126,7.236,7.3,7.345,7.402,7.473,7.532,7.584,7.643,7.686,7.747,7.809,7.855,7.911,7.964,8.015,8.058,8.103,8.144,8.188,8.222,8.25,8.286,8.33,8.369,8.405,8.43,8.462,8.508,8.542,8.571,8.611,8.637,8.673,8.703,8.739,8.774,8.815,8.849,8.878,8.911,8.956,8.987,9.02,9.052,9.087,9.119,9.155,9.186,9.214,9.247,9.277,9.304,9.346,9.38,9.424,9.456,9.496,9.531,9.574,9.61,9.654,9.685,9.722,9.769,9.819,9.863,9.904,9.941,9.993,10.037,10.078,10.122,10.17,10.217,10.268,10.315,10.372,10.419,10.476,10.543,10.614,10.687,10.786,10.865,10.94,11.052,11.179,11.333,11.511,11.824,12.051,13.55
712,OTH FP,4.45,5.774,6.212,6.457,6.633,6.807,6.929,7.029,7.121,7.182,7.263,7.346,7.426,7.479,7.527,7.58,7.634,7.689,7.732,7.782,7.832,7.877,7.934,7.983,8.022,8.059,8.088,8.13,8.163,8.202,8.246,8.285,8.328,8.371,8.41,8.447,8.489,8.52,8.553,8.586,8.615,8.65,8.685,8.718,8.749,8.782,8.812,8.848,8.886,8.915,8.952,8.978,9.0,9.036,9.068,9.106,9.141,9.166,9.198,9.236,9.274,9.306,9.339,9.378,9.411,9.451,9.492,9.536,9.567,9.605,9.637,9.68,9.722,9.773,9.82,9.857,9.898,9.942,9.987,10.029,10.069,10.117,10.17,10.219,10.276,10.33,10.403,10.456,10.532,10.601,10.674,10.749,10.841,10.92,11.035,11.165,11.321,11.522,11.717,12.131,13.152
713,OTH FP,4.45,5.774,6.212,6.457,6.633,6.807,6.929,7.029,7.121,7.182,7.263,7.346,7.426,7.479,7.527,7.58,7.634,7.689,7.732,7.782,7.832,7.877,7.934,7.983,8.022,8.059,8.088,8.13,8.163,8.202,8.246,8.285,8.328,8.371,8.41,8.447,8.489,8.52,8.553,8.586,8.615,8.65,8.685,8.718,8.749,8.782,8.812,8.848,8.886,8.915,8.952,8.978,9.0,9.036,9.068,9.106,9.141,9.166,9.198,9.236,9.274,9.306,9.339,9.378,9.411,9.451,9.492,9.536,9.567,9.605,9.637,9.68,9.722,9.773,9.82,9.857,9.898,9.942,9.987,10.029,10.069,10.117,10.17,10.219,10.276,10.33,10.403,10.456,10.532,10.601,10.674,10.749,10.841,10.92,11.035,11.165,11.321,11.522,11.717,12.131,13.152
714,OTH FP,4.545,5.685,6.103,6.359,6.616,6.779,6.898,7.003,7.087,7.175,7.247,7.304,7.361,7.416,7.485,7.552,7.605,7.657,7.705,7.748,7.801,7.837,7.883,7.925,7.959,8.009,8.049,8.097,8.128,8.164,8.202,8.232,8.281,8.316,8.355,8.394,8.427,8.466,8.503,8.538,8.572,8.6,8.637,8.668,8.701,8.739,8.769,8.8,8.83,8.86,8.889,8.92,8.947,8.98,9.011,9.047,9.085,9.116,9.162,9.189,9.217,9.251,9.295,9.335,9.365,9.401,9.444,9.477,9.514,9.555,9.597,9.642,9.693,9.724,9.775,9.823,9.867,9.904,9.942,9.987,10.037,10.088,10.13,10.189,10.266,10.326,10.385,10.439,10.51,10.577,10.635,10.701,10.765,10.896,11.006,11.12,11.297,11.44,11.691,12.016,13.193
715,OTH FP,4.545,5.685,6.103,6.359,6.616,6.779,6.898,7.003,7.087,7.175,7.247,7.304,7.361,7.416,7.485,7.552,7.605,7.657,7.705,7.748,7.801,7.837,7.883,7.925,7.959,8.009,8.049,8.097,8.128,8.164,8.202,8.232,8.281,8.316,8.355,8.394,8.427,8.466,8.503,8.538,8.572,8.6,8.637,8.668,8.701,8.739,8.769,8.8,8.83,8.86,8.889,8.92,8.947,8.98,9.011,9.047,9.085,9.116,9.162,9.189,9.217,9.251,9.295,9.335,9.365,9.401,9.444,9.477,9.514,9.555,9.597,9.642,9.693,9.724,9.775,9.823,9.867,9.904,9.942,9.987,10.037,10.088,10.13,10.189,10.266,10.326,10.385,10.439,10.51,10.577,10.635,10.701,10.765,10.896,11.006,11.12,11.297,11.44,11.691,12.016,13.193
716,OTH FP,4.336,5.619,6.012,6.277,6.48,6.629,6.788,6.9,7.004,7.083,7.146,7.22,7.29,7.36,7.416,7.483,7.531,7.588,7.642,7.684,7.719,7.765,7.815,7.858,7.893,7.94,7.98,8.023,8.067,8.105,8.155,8.187,8.226,8.262,8.297,8.335,8.368,8.408,8.441,8.481,8.515,8.538,8.573,8.595,8.633,8.662,8.686,8.724,8.759,8.794,8.832,8.861,8.89,8.928,8.969,9.003,9.054,9.094,9.133,9.172,9.205,9.236,9.269,9.305,9.344,9.373,9.42,9.454,9.498,9.547,9.578,9.618,9.656,9.685,9.731,9.772,9.826,9.879,9.93,9.976,10.022,10.066,10.126,10.175,10.245,10.303,10.351,10.408,10.488,10.557,10.604,10.701,10.775,10.855,10.967,11.085,11.211,11.406,11.597,11.97,13.331
717,OTH FP,4.336,5.619,6.012,6.277,6.48,6.629,6.788,6.9,7.004,7.083,7.146,7.22,7.29,7.36,7.416,7.483,7.531,7.588,7.642,7.684,7.719,7.765,7.815,7.858,7.893,7.94,7.98,8.023,8.067,8.105,8.155,8.187,8.226,8.262,8.297,8.335,8.368,8.408,8.441,8.481,8.515,8.538,8.573,8.595,8.633,8.662,8.686,8.724,8.759,8.794,8.832,8.861,8.89,8.928,8.969,9.003,9.054,9.094,9.133,9.172,9.205,9.236,9.269,9.305,9.344,9.373,9.42,9.454,9.498,9.547,9.578,9.618,9.656,9.685,9.731,9.772,9.826,9.879,9.93,9.976,10.022,10.066,10.126,10.175,10.245,10.303,10.351,10.408,10.488,10.557,10.604,10.701,10.775,10.855,10.967,11.085,11.211,11.406,11.597,11.97,13.331
718,OTH FP,4.302,5.487,5.96,6.249,6.475,6.603,6.755,6.878,6.962,7.032,7.112,7.201,7.282,7.334,7.377,7.437,7.482,7.528,7.568,7.602,7.653,7.696,7.741,7.772,7.824,7.875,7.92,7.959,8.0,8.043,8.077,8.112,8.15,8.19,8.229,8.263,8.299,8.341,8.367,8.406,8.434,8.474,8.503,8.532,8.567,8.602,8.636,8.682,8.707,8.745,8.79,8.819,8.855,8.89,8.924,8.955,8.986,9.013,9.048,9.093,9.129,9.177,9.215,9.257,9.289,9.329,9.37,9.413,9.451,9.491,9.531,9.565,9.607,9.669,9.714,9.753,9.795,9.835,9.885,9.935,9.973,10.012,10.069,10.116,10.172,10.229,10.279,10.342,10.395,10.453,10.527,10.608,10.685,10.77,10.899,11.017,11.17,11.398,11.584,12.008,12.978
719,OTH FP,4.302,5.487,5.96,6.249,6.475,6.603,6.755,6.878,6.962,7.032,7.112,7.201,7.282,7.334,7.377,7.437,7.482,7.528,7.568,7.602,7.653,7.696,7.741,7.772,7.824,7.875,7.92,7.959,8.0,8.043,8.077,8.112,8.15,8.19,8.229,8.263,8.299,8.341,8.367,8.406,8.434,8.474,8.503,8.532,8.567,8.602,8.636,8.682,8.707,8.745,8.79,8.819,8.855,8.89,8.924,8.955,8.986,9.013,9.048,9.093,9.129,9.177,9.215,9.257,9.289,9.329,9.37,9.413,9.451,9.491,9.531,9.565,9.607,9.669,9.714,9.753,9.795,9.835,9.885,9.935,9.973,10.012,10.069,10.116,10.172,10.229,10.279,10.342,10.395,10.453,10.527,10.608,10.685,10.77,10.899,11.017,11.17,11.398,11.584,12.008,12.978
720,OTH FP,4.284,5.488,5.934,6.186,6.387,6.547,6.637,6.758,6.849,6.932,7.044,7.118,7.166,7.234,7.287,7.33,7.377,7.448,7.504,7.55,7.599,7.651,7.707,7.75,7.783,7.826,7.87,7.909,7.94,7.977,8.01,8.052,8.092,8.129,8.162,8.205,8.232,8.272,8.305,8.345,8.379,8.406,8.44,8.477,8.517,8.555,8.582,8.624,8.666,8.717,8.741,8.781,8.816,8.846,8.888,8.92,8.952,8.972,9.009,9.056,9.099,9.133,9.177,9.214,9.252,9.295,9.337,9.373,9.398,9.43,9.463,9.499,9.543,9.581,9.637,9.681,9.717,9.753,9.801,9.846,9.903,9.967,10.019,10.091,10.141,10.19,10.242,10.294,10.363,10.442,10.516,10.577,10.659,10.755,10.87,11.0,11.115,11.308,11.537,12.01,13.074
721,OTH FP,4.284,5.488,5.934,6.186,6.387,6.547,6.637,6.758,6.849,6.932,7.044,7.118,7.166,7.234,7.287,7.33,7.377,7.448,7.504,7.55,7.599,7.651,7.707,7.75,7.783,7.826,7.87,7.909,7.94,7.977,8.01,8.052,8.092,8.129,8.162,8.205,8.232,8.272,8.305,8.345,8.379,8.406,8.44,8.477,8.517,8.555,8.582,8.624,8.666,8.717,8.741,8.781,8.816,8.846,8.888,8.92,8.952,8.972,9.009,9.056,9.099,9.133,9.177,9.214,9.252,9.295,9.337,9.373,9.398,9.43,9.463,9.499,9.543,9.581,9.637,9.681,9.717,9.753,9.801,9.846,9.903,9.967,10.019,10.091,10.141,10.19,10.242,10.294,10.363,10.442,10.516,10.577,10.659,10.755,10.87,11.0,11.115,11.308,11.537,12.01,13.074
722,OTH FP,4.356,5.392,5.877,6.097,6.296,6.437,6.581,6.682,6.807,6.892,6.967,7.028,7.091,7.153,7.21,7.265,7.323,7.381,7.42,7.478,7.535,7.573,7.618,7.66,7.715,7.755,7.8,7.836,7.87,7.914,7.955,7.992,8.026,8.062,8.099,8.131,8.163,8.192,8.238,8.266,8.292,8.321,8.358,8.407,8.45,8.484,8.52,8.551,8.584,8.622,8.653,8.687,8.718,8.753,8.795,8.842,8.878,8.908,8.944,8.986,9.017,9.059,9.092,9.124,9.16,9.201,9.237,9.272,9.305,9.345,9.403,9.445,9.5,9.539,9.585,9.652,9.695,9.738,9.787,9.832,9.865,9.913,9.95,10.007,10.065,10.119,10.179,10.245,10.313,10.381,10.452,10.555,10.65,10.728,10.797,10.919,11.047,11.246,11.42,11.741,13.129
723,OTH FP,4.356,5.392,5.877,6.097,6.296,6.437,6.581,6.682,6.807,6.892,6.967,7.028,7.091,7.153,7.21,7.265,7.323,7.381,7.42,7.478,7.535,7.573,7.618,7.66,7.715,7.755,7.8,7.836,7.87,7.914,7.955,7.992,8.026,8.062,8.099,8.131,8.163,8.192,8.238,8.266,8.292,8.321,8.358,8.407,8.45,8.484,8.52,8.551,8.584,8.622,8.653,8.687,8.718,8.753,8.795,8.842,8.878,8.908,8.944,8.986,9.017,9.059,9.092,9.124,9.16,9.201,9.237,9.272,9.305,9.345,9.403,9.445,9.5,9.539,9.585,9.652,9.695,9.738,9.787,9.832,9.865,9.913,9.95,10.007,10.065,10.119,10.179,10.245,10.313,10.381,10.452,10.555,10.65,10.728,10.797,10.919,11.047,11.246,11.42,11.741,13.129
724,OTH FP,4.352,5.36,5.795,6.09,6.277,6.428,6.542,6.627,6.712,6.788,6.869,6.935,7.014,7.08,7.134,7.193,7.247,7.303,7.362,7.412,7.46,7.524,7.572,7.624,7.659,7.701,7.75,7.788,7.824,7.864,7.904,7.932,7.959,8.003,8.038,8.071,8.095,8.13,8.169,8.198,8.241,8.278,8.319,8.356,8.389,8.426,8.461,8.499,8.543,8.589,8.621,8.661,8.686,8.726,8.751,8.788,8.824,8.863,8.897,8.94,8.971,8.995,9.033,9.067,9.111,9.154,9.19,9.239,9.28,9.327,9.367,9.413,9.448,9.495,9.534,9.571,9.618,9.665,9.708,9.756,9.805,9.858,9.922,9.972,10.018,10.069,10.131,10.184,10.237,10.287,10.349,10.432,10.524,10.65,10.743,10.85,11.0,11.185,11.372,11.783,12.973
725,OTH FP,4.352,5.36,5.795,6.09,6.277,6.428,6.542,6.627,6.712,6.788,6.869,6.935,7.014,7.08,7.134,7.193,7.247,7.303,7.362,7.412,7.46,7.524,7.572,7.624,7.659,7.701,7.75,7.788,7.824,7.864,7.904,7.932,7.959,8.003,8.038,8.071,8.095,8.13,8.169,8.198,8.241,8.278,8.319,8.356,8.389,8.426,8.461,8.499,8.543,8.589,8.621,8.661,8.686,8.726,8.751,8.788,8.824,8.863,8.897,8.94,8.971,8.995,9.033,9.067,9.111,9.154,9.19,9.239,9.28,9.327,9.367,9.413,9.448,9.495,9.534,9.571,9.618,9.665,9.708,9.756,9.805,9.858,9.922,9.972,10.018,10.069,10.131,10.184,10.237,10.287,10.349,10.432,10.524,10.65,10.743,10.85,11.0,11.185,11.372,11.783,12.973
726,OTH FP,4.071,5.174,5.705,6.02,6.209,6.349,6.469,6.548,6.618,6.718,6.81,6.891,6.962,7.033,7.092,7.14,7.201,7.257,7.301,7.359,7.412,7.454,7.496,7.549,7.587,7.639,7.681,7.718,7.757,7.792,7.824,7.867,7.911,7.953,7.992,8.029,8.065,8.095,8.131,8.164,8.198,8.24,8.262,8.296,8.334,8.373,8.412,8.448,8.488,8.522,8.56,8.601,8.635,8.678,8.717,8.757,8.79,8.818,8.847,8.889,8.943,8.971,9.0,9.031,9.066,9.092,9.127,9.155,9.198,9.236,9.284,9.334,9.375,9.432,9.478,9.536,9.585,9.628,9.669,9.716,9.774,9.826,9.886,9.931,9.977,10.034,10.087,10.144,10.214,10.301,10.379,10.45,10.523,10.599,10.704,10.807,10.957,11.192,11.365,11.679,12.803
727,OTH FP,4.071,5.174,5.705,6.02,6.209,6.349,6.469,6.548,6.618,6.718,6.81,6.891,6.962,7.033,7.092,7.14,7.201,7.257,7.301,7.359,7.412,7.454,7.496,7.549,7.587,7.639,7.681,7.718,7.757,7.792,7.824,7.867,7.911,7.953,7.992,8.029,8.065,8.095,8.131,8.164,8.198,8.24,8.262,8.296,8.334,8.373,8.412,8.448,8.488,8.522,8.56,8.601,8.635,8.678,8.717,8.757,8.79,8.818,8.847,8.889,8.943,8.971,9.0,9.031,9.066,9.092,9.127,9.155,9.198,9.236,9.284,9.334,9.375,9.432,9.478,9.536,9.585,9.628,9.669,9.716,9.774,9.826,9.886,9.931,9.977,10.034,10.087,10.144,10.214,10.301,10.379,10.45,10.523,10.599,10.704,10.807,10.957,11.192,11.365,11.679,12.803
728,OTH FP,4.09,5.244,5.607,5.881,6.168,6.323,6.433,6.508,6.6,6.675,6.761,6.814,6.883,6.944,7.022,7.082,7.148,7.216,7.257,7.309,7.363,7.399,7.449,7.498,7.527,7.565,7.607,7.64,7.692,7.737,7.774,7.807,7.856,7.886,7.937,7.964,7.998,8.03,8.055,8.094,8.136,8.167,8.208,8.251,8.281,8.325,8.357,8.395,8.426,8.471,8.511,8.549,8.586,8.626,8.658,8.686,8.726,8.762,8.795,8.843,8.874,8.91,8.948,8.98,9.011,9.05,9.089,9.132,9.171,9.214,9.248,9.293,9.328,9.367,9.401,9.444,9.485,9.534,9.573,9.626,9.678,9.72,9.781,9.838,9.897,9.949,10.021,10.101,10.153,10.203,10.296,10.372,10.459,10.57,10.69,10.771,10.874,11.117,11.347,11.675,12.735
729,OTH FP,4.09,5.244,5.607,5.881,6.168,6.323,6.433,6.508,6.6,6.675,6.761,6.814,6.883,6.944,7.022,7.082,7.148,7.216,7.257,7.309,7.363,7.399,7.449,7.498,7.527,7.565,7.607,7.64,7.692,7.737,7.774,7.807,7.856,7.886,7.937,7.964,7.998,8.03,8.055,8.094,8.136,8.167,8.208,8.251,8.281,8.325,8.357,8.395,8.426,8.471,8.511,8.549,8.586,8.626,8.658,8.686,8.726,8.762,8.795,8.843,8.874,8.91,8.948,8.98,9.011,9.05,9.089,9.132,9.171,9.214,9.248,9.293,9.328,9.367,9.401,9.444,9.485,9.534,9.573,9.626,9.678,9.72,9.781,9.838,9.897,9.949,10.021,10.101,10.153,10.203,10.296,10.372,10.459,10.57,10.69,10.771,10.874,11.117,11.347,11.675,12.735
730,OTH FP,3.842,5.15,5.619,5.867,6.072,6.235,6.33,6.473,6.578,6.663,6.731,6.797,6.86,6.918,6.974,7.03,7.088,7.126,7.178,7.219,7.26,7.313,7.377,7.421,7.462,7.505,7.544,7.585,7.633,7.661,7.696,7.729,7.775,7.808,7.84,7.868,7.908,7.945,7.982,8.032,8.066,8.112,8.159,8.194,8.229,8.267,8.303,8.337,8.373,8.405,8.447,8.485,8.518,8.56,8.596,8.636,8.67,8.698,8.724,8.763,8.796,8.826,8.854,8.895,8.925,8.966,9.005,9.044,9.089,9.124,9.182,9.231,9.27,9.324,9.373,9.419,9.452,9.504,9.545,9.603,9.645,9.69,9.74,9.794,9.849,9.898,9.966,10.019,10.073,10.135,10.229,10.304,10.387,10.458,10.583,10.694,10.809,11.02,11.283,11.645,12.62
731,OTH FP,3.842,5.15,5.619,5.867,6.072,6.235,6.33,6.473,6.578,6.663,6.731,6.797,6.86,6.918,6.974,7.03,7.088,7.126,7.178,7.219,7.26,7.313,7.377,7.421,7.462,7.505,7.544,7.585,7.633,7.661,7.696,7.729,7.775,7.808,7.84,7.868,7.908,7.945,7.982,8.032,8.066,8.112,8.159,8.194,8.229,8.267,8.303,8.337,8.373,8.405,8.447,8.485,8.518,8.56,8.596,8.636,8.67,8.698,8.724,8.763,8.796,8.826,8.854,8.895,8.925,8.966,9.005,9.044,9.089,9.124,9.182,9.231,9.27,9.324,9.373,9.419,9.452,9.504,9.545,9.603,9.645,9.69,9.74,9.794,9.849,9.898,9.966,10.019,10.073,10.135,10.229,10.304,10.387,10.458,10.583,10.694,10.809,11.02,11.283,11.645,12.62
732,OTH FP,4.078,5.145,5.591,5.834,5.982,6.127,6.264,6.377,6.47,6.562,6.636,6.725,6.789,6.849,6.909,6.975,7.031,7.071,7.132,7.194,7.238,7.293,7.339,7.379,7.413,7.449,7.492,7.534,7.576,7.618,7.65,7.684,7.719,7.745,7.787,7.82,7.85,7.887,7.923,7.961,8.009,8.064,8.103,8.14,8.183,8.232,8.263,8.296,8.328,8.359,8.395,8.427,8.452,8.493,8.523,8.558,8.593,8.633,8.671,8.712,8.752,8.795,8.83,8.861,8.893,8.92,8.957,8.988,9.029,9.068,9.113,9.16,9.204,9.253,9.299,9.341,9.397,9.445,9.497,9.555,9.596,9.633,9.685,9.732,9.788,9.837,9.874,9.948,10.007,10.069,10.151,10.237,10.325,10.428,10.544,10.657,10.799,10.957,11.148,11.616,12.843
733,OTH FP,4.078,5.145,5.591,5.834,5.982,6.127,6.264,6.377,6.47,6.562,6.636,6.725,6.789,6.849,6.909,6.975,7.031,7.071,7.132,7.194,7.238,7.293,7.339,7.379,7.413,7.449,7.492,7.534,7.576,7.618,7.65,7.684,7.719,7.745,7.787,7.82,7.85,7.887,7.923,7.961,8.009,8.064,8.103,8.14,8.183,8.232,8.263,8.296,8.328,8.359,8.395,8.427,8.452,8.493,8.523,8.558,8.593,8.633,8.671,8.712,8.752,8.795,8.83,8.861,8.893,8.92,8.957,8.988,9.029,9.068,9.113,9.16,9.204,9.253,9.299,9.341,9.397,9.445,9.497,9.555,9.596,9.633,9.685,9.732,9.788,9.837,9.874,9.948,10.007,10.069,10.151,10.237,10.325,10.428,10.544,10.657,10.799,10.957,11.148,11.616,12.843
734,OTH FP,4.125,5.032,5.501,5.748,5.913,6.054,6.181,6.312,6.409,6.481,6.573,6.657,6.711,6.768,6.844,6.929,6.989,7.037,7.095,7.141,7.188,7.23,7.276,7.316,7.363,7.403,7.445,7.497,7.54,7.586,7.616,7.658,7.704,7.743,7.783,7.811,7.847,7.883,7.91,7.939,7.986,8.016,8.049,8.091,8.132,8.168,8.206,8.249,8.273,8.31,8.352,8.392,8.432,8.467,8.502,8.528,8.559,8.593,8.628,8.667,8.707,8.731,8.776,8.816,8.852,8.888,8.921,8.958,8.993,9.037,9.066,9.109,9.164,9.211,9.261,9.305,9.341,9.399,9.458,9.505,9.563,9.604,9.644,9.686,9.737,9.796,9.855,9.929,9.995,10.078,10.141,10.226,10.298,10.391,10.491,10.611,10.768,10.952,11.215,11.637,12.726
735,OTH FP,4.125,5.032,5.501,5.748,5.913,6.054,6.181,6.312,6.409,6.481,6.573,6.657,6.711,6.768,6.844,6.929,6.989,7.037,7.095,7.141,7.188,7.23,7.276,7.316,7.363,7.403,7.445,7.497,7.54,7.586,7.616,7.658,7.704,7.743,7.783,7.811,7.847,7.883,7.91,7.939,7.986,8.016,8.049,8.091,8.132,8.168,8.206,8.249,8.273,8.31,8.352,8.392,8.432,8.467,8.502,8.528,8.559,8.593,8.628,8.667,8.707,8.731,8.776,8.816,8.852,8.888,8.921,8.958,8.993,9.037,9.066,9.109,9.164,9.211,9.261,9.305,9.341,9.399,9.458,9.505,9.563,9.604,9.644,9.686,9.737,9.796,9.855,9.929,9.995,10.078,10.141,10.226,10.298,10.391,10.491,10.611,10.768,10.952,11.215,11.637,12.726
736,OTH FP,3.937,4.943,5.329,5.636,5.84,6.024,6.148,6.234,6.352,6.431,6.522,6.598,6.671,6.739,6.806,6.867,6.918,6.977,7.047,7.102,7.151,7.185,7.223,7.274,7.312,7.356,7.385,7.427,7.477,7.521,7.559,7.609,7.648,7.693,7.727,7.76,7.791,7.821,7.853,7.895,7.941,7.979,8.012,8.048,8.089,8.128,8.16,8.194,8.244,8.285,8.307,8.348,8.378,8.422,8.453,8.492,8.537,8.576,8.617,8.652,8.693,8.73,8.759,8.787,8.83,8.861,8.903,8.935,8.97,9.023,9.066,9.102,9.139,9.183,9.232,9.28,9.329,9.379,9.432,9.484,9.526,9.564,9.608,9.659,9.717,9.768,9.822,9.889,9.979,10.063,10.13,10.186,10.273,10.361,10.486,10.634,10.762,10.962,11.232,11.548,12.935
737,OTH FP,3.937,4.943,5.329,5.636,5.84,6.024,6.148,6.234,6.352,6.431,6.522,6.598,6.671,6.739,6.806,6.867,6.918,6.977,7.047,7.102,7.151,7.185,7.223,7.274,7.312,7.356,7.385,7.427,7.477,7.521,7.559,7.609,7.648,7.693,7.727,7.76,7.791,7.821,7.853,7.895,7.941,7.979,8.012,8.048,8.089,8.128,8.16,8.194,8.244,8.285,8.307,8.348,8.378,8.422,8.453,8.492,8.537,8.576,8.617,8.652,8.693,8.73,8.759,8.787,8.83,8.861,8.903,8.935,8.97,9.023,9.066,9.102,9.139,9.183,9.232,9.28,9.329,9.379,9.432,9.484,9.526,9.564,9.608,9.659,9.717,9.768,9.822,9.889,9.979,10.063,10.13,10.186,10.273,10.361,10.486,10.634,10.762,10.962,11.232,11.548,12.935
738,OTH FP,3.865,4.848,5.309,5.569,5.755,5.902,6.052,6.149,6.257,6.347,6.453,6.535,6.619,6.673,6.732,6.803,6.877,6.924,6.979,7.033,7.074,7.121,7.163,7.215,7.26,7.298,7.348,7.391,7.425,7.465,7.503,7.536,7.582,7.632,7.658,7.694,7.738,7.767,7.809,7.854,7.888,7.923,7.968,8.013,8.057,8.09,8.13,8.156,8.196,8.235,8.271,8.301,8.337,8.373,8.414,8.471,8.504,8.547,8.591,8.625,8.662,8.699,8.727,8.763,8.807,8.854,8.896,8.935,8.981,9.023,9.064,9.106,9.141,9.173,9.228,9.281,9.32,9.369,9.404,9.451,9.5,9.555,9.6,9.653,9.709,9.763,9.816,9.883,9.946,10.016,10.089,10.165,10.272,10.371,10.475,10.583,10.753,10.903,11.075,11.571,12.859
739,OTH FP,3.865,4.848,5.309,5.569,5.755,5.902,6.052,6.149,6.257,6.347,6.453,6.535,6.619,6.673,6.732,6.803,6.877,6.924,6.979,7.033,7.074,7.121,7.163,7.215,7.26,7.298,7.348,7.391,7.425,7.465,7.503,7.536,7.582,7.632,7.658,7.694,7.738,7.767,7.809,7.854,7.888,7.923,7.968,8.013,8.057,8.09,8.13,8.156,8.196,8.235,8.271,8.301,8.337,8.373,8.414,8.471,8.504,8.547,8.591,8.625,8.662,8.699,8.727,8.763,8.807,8.854,8.896,8.935,8.981,9.023,9.064,9.106,9.141,9.173,9.228,9.281,9.32,9.369,9.404,9.451,9.5,9.555,9.6,9.653,9.709,9.763,9.816,9.883,9.946,10.016,10.089,10.165,10.272,10.371,10.475,10.583,10.753,10.903,11.075,11.571,12.859
740,OTH FP,3.503,4.76,5.255,5.521,5.677,5.832,5.977,6.069,6.175,6.293,6.392,6.483,6.543,6.603,6.667,6.721,6.794,6.842,6.902,6.943,6.995,7.051,7.094,7.149,7.19,7.237,7.292,7.34,7.377,7.409,7.451,7.486,7.526,7.555,7.607,7.654,7.699,7.731,7.782,7.817,7.851,7.884,7.92,7.952,7.987,8.029,8.083,8.123,8.16,8.197,8.233,8.269,8.3,8.338,8.379,8.418,8.448,8.491,8.522,8.561,8.606,8.645,8.679,8.721,8.764,8.795,8.84,8.883,8.92,8.955,9.003,9.053,9.094,9.132,9.171,9.221,9.266,9.305,9.351,9.397,9.444,9.495,9.546,9.598,9.645,9.704,9.779,9.863,9.936,10.014,10.089,10.146,10.242,10.372,10.463,10.597,10.714,10.865,11.086,11.493,12.893
741,OTH FP,3.503,4.76,5.255,5.521,5.677,5.832,5.977,6.069,6.175,6.293,6.392,6.483,6.543,6.603,6.667,6.721,6.794,6.842,6.902,6.943,6.995,7.051,7.094,7.149,7.19,7.237,7.292,7.34,7.377,7.409,7.451,7.486,7.526,7.555,7.607,7.654,7.699,7.731,7.782,7.817,7.851,7.884,7.92,7.952,7.987,8.029,8.083,8.123,8.16,8.197,8.233,8.269,8.3,8.338,8.379,8.418,8.448,8.491,8.522,8.561,8.606,8.645,8.679,8.721,8.764,8.795,8.84,8.883,8.92,8.955,9.003,9.053,9.094,9.132,9.171,9.221,9.266,9.305,9.351,9.397,9.444,9.495,9.546,9.598,9.645,9.704,9.779,9.863,9.936,10.014,10.089,10.146,10.242,10.372,10.463,10.597,10.714,10.865,11.086,11.493,12.893
742,OTH FP,3.712,4.738,5.217,5.485,5.674,5.824,5.971,6.079,6.161,6.269,6.354,6.423,6.493,6.587,6.633,6.702,6.754,6.808,6.874,6.92,6.967,7.014,7.058,7.09,7.134,7.188,7.247,7.3,7.345,7.381,7.422,7.459,7.493,7.526,7.567,7.593,7.641,7.674,7.713,7.747,7.782,7.827,7.859,7.901,7.936,7.983,8.02,8.06,8.091,8.125,8.157,8.193,8.226,8.264,8.308,8.338,8.382,8.43,8.472,8.512,8.535,8.584,8.618,8.663,8.695,8.729,8.781,8.819,8.865,8.91,8.94,8.982,9.027,9.06,9.109,9.146,9.197,9.25,9.303,9.352,9.405,9.463,9.511,9.565,9.631,9.679,9.733,9.794,9.854,9.946,10.019,10.104,10.183,10.261,10.39,10.514,10.652,10.826,11.052,11.49,12.703
743,OTH FP,3.712,4.738,5.217,5.485,5.674,5.824,5.971,6.079,6.161,6.269,6.354,6.423,6.493,6.587,6.633,6.702,6.754,6.808,6.874,6.92,6.967,7.014,7.058,7.09,7.134,7.188,7.247,7.3,7.345,7.381,7.422,7.459,7.493,7.526,7.567,7.593,7.641,7.674,7.713,7.747,7.782,7.827,7.859,7.901,7.936,7.983,8.02,8.06,8.091,8.125,8.157,8.193,8.226,8.264,8.308,8.338,8.382,8.43,8.472,8.512,8.535,8.584,8.618,8.663,8.695,8.729,8.781,8.819,8.865,8.91,8.94,8.982,9.027,9.06,9.109,9.146,9.197,9.25,9.303,9.352,9.405,9.463,9.511,9.565,9.631,9.679,9.733,9.794,9.854,9.946,10.019,10.104,10.183,10.261,10.39,10.514,10.652,10.826,11.052,11.49,12.703
744,OTH FP,3.393,4.729,5.122,5.432,5.612,5.752,5.881,6.021,6.144,6.242,6.332,6.402,6.45,6.547,6.615,6.671,6.738,6.781,6.833,6.877,6.933,6.973,7.02,7.062,7.109,7.152,7.194,7.244,7.288,7.321,7.354,7.392,7.434,7.476,7.52,7.563,7.603,7.639,7.674,7.707,7.75,7.801,7.841,7.878,7.919,7.95,7.982,8.009,8.044,8.075,8.101,8.145,8.183,8.219,8.262,8.293,8.324,8.366,8.411,8.454,8.492,8.532,8.584,8.618,8.659,8.694,8.735,8.764,8.803,8.844,8.889,8.924,8.963,9.026,9.07,9.122,9.186,9.227,9.275,9.316,9.367,9.41,9.457,9.498,9.557,9.602,9.657,9.703,9.779,9.862,9.935,10.026,10.129,10.247,10.358,10.486,10.595,10.753,10.941,11.498,12.755
745,OTH FP,3.393,4.729,5.122,5.432,5.612,5.752,5.881,6.021,6.144,6.242,6.332,6.402,6.45,6.547,6.615,6.671,6.738,6.781,6.833,6.877,6.933,6.973,7.02,7.062,7.109,7.152,7.194,7.244,7.288,7.321,7.354,7.392,7.434,7.476,7.52,7.563,7.603,7.639,7.674,7.707,7.75,7.801,7.841,7.878,7.919,7.95,7.982,8.009,8.044,8.075,8.101,8.145,8.183,8.219,8.262,8.293,8.324,8.366,8.411,8.454,8.492,8.532,8.584,8.618,8.659,8.694,8.735,8.764,8.803,8.844,8.889,8.924,8.963,9.026,9.07,9.122,9.186,9.227,9.275,9.316,9.367,9.41,9.457,9.498,9.557,9.602,9.657,9.703,9.779,9.862,9.935,10.026,10.129,10.247,10.358,10.486,10.595,10.753,10.941,11.498,12.755
746,OTH FP,3.616,4.638,5.033,5.421,5.619,5.748,5.871,5.984,6.077,6.189,6.288,6.36,6.439,6.516,6.568,6.631,6.674,6.726,6.777,6.817,6.859,6.909,6.967,7.012,7.058,7.107,7.161,7.199,7.252,7.294,7.33,7.365,7.396,7.438,7.478,7.514,7.551,7.583,7.621,7.658,7.691,7.72,7.773,7.82,7.86,7.899,7.936,7.963,7.999,8.034,8.068,8.107,8.139,8.174,8.212,8.247,8.278,8.32,8.357,8.4,8.432,8.473,8.525,8.557,8.608,8.645,8.683,8.728,8.764,8.811,8.845,8.885,8.947,8.993,9.04,9.083,9.121,9.175,9.224,9.267,9.341,9.384,9.429,9.492,9.54,9.601,9.659,9.724,9.771,9.845,9.934,10.016,10.106,10.209,10.285,10.419,10.587,10.739,10.973,11.44,12.785
747,OTH FP,3.616,4.638,5.033,5.421,5.619,5.748,5.871,5.984,6.077,6.189,6.288,6.36,6.439,6.516,6.568,6.631,6.674,6.726,6.777,6.817,6.859,6.909,6.967,7.012,7.058,7.107,7.161,7.199,7.252,7.294,7.33,7.365,7.396,7.438,7.478,7.514,7.551,7.583,7.621,7.658,7.691,7.72,7.773,7.82,7.86,7.899,7.936,7.963,7.999,8.034,8.068,8.107,8.139,8.174,8.212,8.247,8.278,8.32,8.357,8.4,8.432,8.473,8.525,8.557,8.608,8.645,8.683,8.728,8.764,8.811,8.845,8.885,8.947,8.993,9.04,9.083,9.121,9.175,9.224,9.267,9.341,9.384,9.429,9.492,9.54,9.601,9.659,9.724,9.771,9.845,9.934,10.016,10.106,10.209,10.285,10.419,10.587,10.739,10.973,11.44,12.785
748,OTH FP,3.531,4.628,5.048,5.4,5.594,5.75,5.889,5.966,6.066,6.148,6.206,6.277,6.339,6.429,6.5,6.573,6.646,6.72,6.767,6.816,6.865,6.902,6.951,6.994,7.023,7.08,7.125,7.165,7.196,7.235,7.273,7.309,7.347,7.378,7.415,7.447,7.485,7.518,7.549,7.593,7.63,7.672,7.707,7.744,7.782,7.821,7.847,7.878,7.916,7.954,7.992,8.034,8.084,8.129,8.164,8.204,8.239,8.272,8.313,8.347,8.386,8.426,8.459,8.507,8.536,8.571,8.619,8.667,8.703,8.752,8.8,8.848,8.889,8.935,8.978,9.033,9.081,9.13,9.17,9.219,9.282,9.351,9.4,9.435,9.483,9.558,9.626,9.688,9.758,9.841,9.911,9.988,10.059,10.156,10.239,10.36,10.545,10.755,10.948,11.386,12.503
749,OTH FP,3.531,4.628,5.048,5.4,5.594,5.75,5.889,5.966,6.066,6.148,6.206,6.277,6.339,6.429,6.5,6.573,6.646,6.72,6.767,6.816,6.865,6.902,6.951,6.994,7.023,7.08,7.125,7.165,7.196,7.235,7.273,7.309,7.347,7.378,7.415,7.447,7.485,7.518,7.549,7.593,7.63,7.672,7.707,7.744,7.782,7.821,7.847,7.878,7.916,7.954,7.992,8.034,8.084,8.129,8.164,8.204,8.239,8.272,8.313,8.347,8.386,8.426,8.459,8.507,8.536,8.571,8.619,8.667,8.703,8.752,8.8,8.848,8.889,8.935,8.978,9.033,9.081,9.13,9.17,9.219,9.282,9.351,9.4,9.435,9.483,9.558,9.626,9.688,9.758,9.841,9.911,9.988,10.059,10.156,10.239,10.36,10.545,10.755,10.948,11.386,12.503
750,OTH FP,3.544,4.694,5.085,5.405,5.623,5.752,5.832,5.929,6.018,6.104,6.198,6.272,6.345,6.415,6.469,6.543,6.59,6.635,6.705,6.756,6.812,6.875,6.922,6.97,7.011,7.055,7.084,7.124,7.165,7.204,7.247,7.273,7.305,7.341,7.378,7.419,7.454,7.489,7.527,7.563,7.597,7.625,7.664,7.7,7.737,7.784,7.818,7.853,7.883,7.915,7.959,7.993,8.037,8.075,8.117,8.145,8.182,8.217,8.255,8.312,8.345,8.39,8.429,8.467,8.505,8.541,8.595,8.633,8.675,8.724,8.77,8.811,8.843,8.881,8.926,8.976,9.018,9.068,9.124,9.16,9.215,9.261,9.318,9.369,9.44,9.496,9.537,9.598,9.677,9.748,9.815,9.904,9.991,10.123,10.252,10.362,10.503,10.628,10.949,11.305,12.618
751,OTH FP,3.544,4.694,5.085,5.405,5.623,5.752,5.832,5.929,6.018,6.104,6.198,6.272,6.345,6.415,6.469,6.543,6.59,6.635,6.705,6.756,6.812,6.875,6.922,6.97,7.011,7.055,7.084,7.124,7.165,7.204,7.247,7.273,7.305,7.341,7.378,7.419,7.454,7.489,7.527,7.563,7.597,7.625,7.664,7.7,7.737,7.784,7.818,7.853,7.883,7.915,7.959,7.993,8.037,8.075,8.117,8.145,8.182,8.217,8.255,8.312,8.345,8.39,8.429,8.467,8.505,8.541,8.595,8.633,8.675,8.724,8.77,8.811,8.843,8.881,8.926,8.976,9.018,9.068,9.124,9.16,9.215,9.261,9.318,9.369,9.44,9.496,9.537,9.598,9.677,9.748,9.815,9.904,9.991,10.123,10.252,10.362,10.503,10.628,10.949,11.305,12.618
752,OTH FP,3.543,4.6,5.017,5.309,5.461,5.656,5.761,5.87,5.985,6.088,6.17,6.229,6.293,6.377,6.438,6.489,6.544,6.596,6.661,6.711,6.761,6.798,6.834,6.88,6.931,6.987,7.027,7.06,7.101,7.139,7.173,7.204,7.249,7.295,7.331,7.365,7.393,7.423,7.462,7.492,7.531,7.57,7.612,7.657,7.695,7.724,7.765,7.798,7.829,7.865,7.896,7.932,7.972,8.008,8.055,8.092,8.13,8.167,8.21,8.251,8.287,8.326,8.369,8.401,8.446,8.486,8.532,8.571,8.622,8.661,8.698,8.743,8.792,8.844,8.887,8.934,8.976,9.035,9.073,9.11,9.153,9.198,9.259,9.32,9.377,9.436,9.498,9.544,9.613,9.685,9.765,9.836,9.91,10.027,10.175,10.335,10.447,10.656,10.893,11.256,12.239
753,OTH FP,3.543,4.6,5.017,5.309,5.461,5.656,5.761,5.87,5.985,6.088,6.17,6.229,6.293,6.377,6.438,6.489,6.544,6.596,6.661,6.711,6.761,6.798,6.834,6.88,6.931,6.987,7.027,7.06,7.101,7.139,7.173,7.204,7.249,7.295,7.331,7.365,7.393,7.423,7.462,7.492,7.531,7.57,7.612,7.657,7.695,7.724,7.765,7.798,7.829,7.865,7.896,7.932,7.972,8.008,8.055,8.092,8.13,8.167,8.21,8.251,8.287,8.326,8.369,8.401,8.446,8.486,8.532,8.571,8.622,8.661,8.698,8.743,8.792,8.844,8.887,8.934,8.976,9.035,9.073,9.11,9.153,9.198,9.259,9.32,9.377,9.436,9.498,9.544,9.613,9.685,9.765,9.836,9.91,10.027,10.175,10.335,10.447,10.656,10.893,11.256,12.239
754,OTH FP,3.447,4.493,5.035,5.259,5.409,5.571,5.733,5.851,5.959,6.056,6.139,6.203,6.272,6.33,6.42,6.477,6.543,6.595,6.642,6.69,6.731,6.78,6.815,6.861,6.891,6.928,6.976,7.01,7.05,7.099,7.131,7.177,7.211,7.254,7.293,7.324,7.359,7.396,7.424,7.463,7.497,7.539,7.582,7.615,7.648,7.694,7.721,7.753,7.783,7.825,7.858,7.894,7.937,7.982,8.014,8.045,8.075,8.109,8.149,8.196,8.234,8.271,8.311,8.35,8.39,8.429,8.469,8.51,8.568,8.612,8.656,8.686,8.728,8.771,8.817,8.87,8.92,8.954,9.018,9.061,9.122,9.18,9.239,9.293,9.338,9.385,9.433,9.497,9.568,9.626,9.702,9.778,9.879,9.968,10.079,10.211,10.342,10.544,10.831,11.268,12.279
755,OTH FP,3.447,4.493,5.035,5.259,5.409,5.571,5.733,5.851,5.959,6.056,6.139,6.203,6.272,6.33,6.42,6.477,6.543,6.595,6.642,6.69,6.731,6.78,6.815,6.861,6.891,6.928,6.976,7.01,7.05,7.099,7.131,7.177,7.211,7.254,7.293,7.324,7.359,7.396,7.424,7.463,7.497,7.539,7.582,7.615,7.648,7.694,7.721,7.753,7.783,7.825,7.858,7.894,7.937,7.982,8.014,8.045,8.075,8.109,8.149,8.196,8.234,8.271,8.311,8.35,8.39,8.429,8.469,8.51,8.568,8.612,8.656,8.686,8.728,8.771,8.817,8.87,8.92,8.954,9.018,9.061,9.122,9.18,9.239,9.293,9.338,9.385,9.433,9.497,9.568,9.626,9.702,9.778,9.879,9.968,10.079,10.211,10.342,10.544,10.831,11.268,12.279
756,OTH FP,3.518,4.563,5.011,5.263,5.464,5.591,5.696,5.811,5.902,5.981,6.055,6.14,6.212,6.29,6.355,6.411,6.486,6.55,6.609,6.644,6.695,6.744,6.789,6.817,6.849,6.898,6.94,6.974,7.018,7.054,7.087,7.125,7.155,7.195,7.245,7.278,7.318,7.357,7.397,7.434,7.472,7.512,7.54,7.575,7.615,7.646,7.686,7.721,7.766,7.798,7.831,7.873,7.904,7.951,7.98,8.012,8.046,8.089,8.133,8.17,8.209,8.269,8.301,8.339,8.38,8.431,8.457,8.514,8.556,8.591,8.624,8.668,8.719,8.754,8.794,8.832,8.891,8.924,8.969,9.026,9.069,9.106,9.157,9.209,9.264,9.325,9.4,9.466,9.519,9.603,9.664,9.735,9.84,9.936,10.044,10.146,10.333,10.516,10.815,11.239,12.365
757,OTH FP,3.518,4.563,5.011,5.263,5.464,5.591,5.696,5.811,5.902,5.981,6.055,6.14,6.212,6.29,6.355,6.411,6.486,6.55,6.609,6.644,6.695,6.744,6.789,6.817,6.849,6.898,6.94,6.974,7.018,7.054,7.087,7.125,7.155,7.195,7.245,7.278,7.318,7.357,7.397,7.434,7.472,7.512,7.54,7.575,7.615,7.646,7.686,7.721,7.766,7.798,7.831,7.873,7.904,7.951,7.98,8.012,8.046,8.089,8.133,8.17,8.209,8.269,8.301,8.339,8.38,8.431,8.457,8.514,8.556,8.591,8.624,8.668,8.719,8.754,8.794,8.832,8.891,8.924,8.969,9.026,9.069,9.106,9.157,9.209,9.264,9.325,9.4,9.466,9.519,9.603,9.664,9.735,9.84,9.936,10.044,10.146,10.333,10.516,10.815,11.239,12.365
758,OTH FP,3.221,4.529,4.944,5.211,5.395,5.534,5.648,5.738,5.845,5.955,6.021,6.096,6.183,6.255,6.319,6.373,6.438,6.484,6.559,6.602,6.646,6.702,6.741,6.783,6.81,6.847,6.893,6.945,6.979,7.008,7.049,7.085,7.123,7.168,7.207,7.251,7.287,7.32,7.361,7.402,7.433,7.475,7.504,7.538,7.576,7.614,7.657,7.69,7.722,7.756,7.789,7.828,7.864,7.9,7.952,7.999,8.041,8.079,8.12,8.149,8.185,8.22,8.265,8.316,8.354,8.389,8.431,8.468,8.51,8.555,8.583,8.623,8.67,8.708,8.752,8.793,8.828,8.875,8.909,8.954,9.013,9.062,9.112,9.18,9.224,9.286,9.354,9.409,9.464,9.543,9.611,9.674,9.787,9.878,9.993,10.098,10.237,10.457,10.793,11.123,12.585
759,OTH FP,3.221,4.529,4.944,5.211,5.395,5.534,5.648,5.738,5.845,5.955,6.021,6.096,6.183,6.255,6.319,6.373,6.438,6.484,6.559,6.602,6.646,6.702,6.741,6.783,6.81,6.847,6.893,6.945,6.979,7.008,7.049,7.085,7.123,7.168,7.207,7.251,7.287,7.32,7.361,7.402,7.433,7.475,7.504,7.538,7.576,7.614,7.657,7.69,7.722,7.756,7.789,7.828,7.864,7.9,7.952,7.999,8.041,8.079,8.12,8.149,8.185,8.22,8.265,8.316,8.354,8.389,8.431,8.468,8.51,8.555,8.583,8.623,8.67,8.708,8.752,8.793,8.828,8.875,8.909,8.954,9.013,9.062,9.112,9.18,9.224,9.286,9.354,9.409,9.464,9.543,9.611,9.674,9.787,9.878,9.993,10.098,10.237,10.457,10.793,11.123,12.585
760,OTH FP,3.182,4.527,4.906,5.119,5.31,5.522,5.622,5.721,5.845,5.928,6.0,6.077,6.15,6.212,6.276,6.331,6.394,6.433,6.478,6.533,6.586,6.632,6.688,6.734,6.777,6.826,6.86,6.895,6.934,6.972,7.017,7.055,7.096,7.128,7.162,7.199,7.248,7.289,7.328,7.366,7.397,7.438,7.469,7.501,7.542,7.578,7.609,7.652,7.698,7.732,7.763,7.798,7.837,7.88,7.917,7.958,8.003,8.043,8.076,8.115,8.146,8.179,8.215,8.271,8.32,8.352,8.385,8.421,8.465,8.504,8.539,8.577,8.631,8.672,8.712,8.747,8.78,8.824,8.869,8.921,8.981,9.029,9.073,9.119,9.176,9.23,9.299,9.353,9.411,9.475,9.546,9.624,9.721,9.813,9.904,10.034,10.222,10.421,10.756,11.157,12.259
761,OTH FP,3.182,4.527,4.906,5.119,5.31,5.522,5.622,5.721,5.845,5.928,6.0,6.077,6.15,6.212,6.276,6.331,6.394,6.433,6.478,6.533,6.586,6.632,6.688,6.734,6.777,6.826,6.86,6.895,6.934,6.972,7.017,7.055,7.096,7.128,7.162,7.199,7.248,7.289,7.328,7.366,7.397,7.438,7.469,7.501,7.542,7.578,7.609,7.652,7.698,7.732,7.763,7.798,7.837,7.88,7.917,7.958,8.003,8.043,8.076,8.115,8.146,8.179,8.215,8.271,8.32,8.352,8.385,8.421,8.465,8.504,8.539,8.577,8.631,8.672,8.712,8.747,8.78,8.824,8.869,8.921,8.981,9.029,9.073,9.119,9.176,9.23,9.299,9.353,9.411,9.475,9.546,9.624,9.721,9.813,9.904,10.034,10.222,10.421,10.756,11.157,12.259
762,OTH FP,3.246,4.5,4.928,5.126,5.281,5.448,5.558,5.692,5.797,5.882,5.951,6.02,6.074,6.148,6.221,6.27,6.344,6.404,6.458,6.493,6.547,6.61,6.655,6.698,6.734,6.783,6.819,6.863,6.908,6.95,6.996,7.036,7.082,7.12,7.16,7.189,7.221,7.255,7.295,7.321,7.354,7.401,7.441,7.478,7.522,7.566,7.595,7.625,7.668,7.704,7.744,7.783,7.807,7.84,7.873,7.916,7.952,7.997,8.037,8.074,8.108,8.139,8.191,8.226,8.266,8.299,8.335,8.365,8.404,8.446,8.488,8.536,8.567,8.608,8.659,8.705,8.744,8.782,8.836,8.892,8.931,8.978,9.039,9.075,9.126,9.182,9.258,9.321,9.393,9.461,9.53,9.589,9.657,9.732,9.834,9.959,10.129,10.333,10.627,10.995,12.532
763,OTH FP,3.246,4.5,4.928,5.126,5.281,5.448,5.558,5.692,5.797,5.882,5.951,6.02,6.074,6.148,6.221,6.27,6.344,6.404,6.458,6.493,6.547,6.61,6.655,6.698,6.734,6.783,6.819,6.863,6.908,6.95,6.996,7.036,7.082,7.12,7.16,7.189,7.221,7.255,7.295,7.321,7.354,7.401,7.441,7.478,7.522,7.566,7.595,7.625,7.668,7.704,7.744,7.783,7.807,7.84,7.873,7.916,7.952,7.997,8.037,8.074,8.108,8.139,8.191,8.226,8.266,8.299,8.335,8.365,8.404,8.446,8.488,8.536,8.567,8.608,8.659,8.705,8.744,8.782,8.836,8.892,8.931,8.978,9.039,9.075,9.126,9.182,9.258,9.321,9.393,9.461,9.53,9.589,9.657,9.732,9.834,9.959,10.129,10.333,10.627,10.995,12.532
764,OTH FP,3.174,4.467,4.877,5.091,5.226,5.378,5.514,5.633,5.727,5.795,5.916,5.978,6.057,6.12,6.18,6.235,6.292,6.345,6.395,6.437,6.503,6.542,6.6,6.642,6.695,6.727,6.769,6.801,6.853,6.903,6.943,6.986,7.026,7.066,7.096,7.14,7.174,7.211,7.248,7.286,7.32,7.363,7.404,7.443,7.485,7.52,7.55,7.593,7.635,7.657,7.695,7.736,7.769,7.81,7.84,7.873,7.913,7.946,7.979,8.017,8.048,8.083,8.117,8.152,8.192,8.236,8.273,8.315,8.36,8.392,8.43,8.471,8.514,8.557,8.598,8.635,8.685,8.728,8.765,8.802,8.844,8.9,8.959,8.991,9.049,9.098,9.152,9.215,9.275,9.355,9.427,9.489,9.591,9.686,9.778,9.909,10.035,10.305,10.601,10.968,12.343
765,OTH FP,3.174,4.467,4.877,5.091,5.226,5.378,5.514,5.633,5.727,5.795,5.916,5.978,6.057,6.12,6.18,6.235,6.292,6.345,6.395,6.437,6.503,6.542,6.6,6.642,6.695,6.727,6.769,6.801,6.853,6.903,6.943,6.986,7.026,7.066,7.096,7.14,7.174,7.211,7.248,7.286,7.32,7.363,7.404,7.443,7.485,7.52,7.55,7.593,7.635,7.657,7.695,7.736,7.769,7.81,7.84,7.873,7.913,7.946,7.979,8.017,8.048,8.083,8.117,8.152,8.192,8.236,8.273,8.315,8.36,8.392,8.43,8.471,8.514,8.557,8.598,8.635,8.685,8.728,8.765,8.802,8.844,8.9,8.959,8.991,9.049,9.098,9.152,9.215,9.275,9.355,9.427,9.489,9.591,9.686,9.778,9.909,10.035,10.305,10.601,10.968,12.343
766,OTH FP,3.129,4.419,4.854,5.033,5.239,5.379,5.492,5.596,5.714,5.813,5.912,5.974,6.048,6.112,6.166,6.212,6.27,6.322,6.392,6.436,6.474,6.515,6.556,6.602,6.638,6.69,6.728,6.778,6.81,6.853,6.886,6.929,6.971,7.003,7.04,7.089,7.13,7.168,7.213,7.246,7.284,7.316,7.357,7.391,7.425,7.464,7.498,7.532,7.573,7.612,7.65,7.682,7.718,7.754,7.797,7.835,7.869,7.91,7.94,7.971,7.998,8.049,8.072,8.103,8.136,8.177,8.216,8.252,8.286,8.324,8.358,8.404,8.439,8.48,8.525,8.57,8.602,8.636,8.684,8.722,8.781,8.838,8.883,8.947,8.989,9.049,9.113,9.168,9.238,9.291,9.357,9.433,9.522,9.636,9.767,9.866,10.042,10.205,10.481,10.906,12.494
767,OTH FP,3.129,4.419,4.854,5.033,5.239,5.379,5.492,5.596,5.714,5.813,5.912,5.974,6.048,6.112,6.166,6.212,6.27,6.322,6.392,6.436,6.474,6.515,6.556,6.602,6.638,6.69,6.728,6.778,6.81,6.853,6.886,6.929,6.971,7.003,7.04,7.089,7.13,7.168,7.213,7.246,7.284,7.316,7.357,7.391,7.425,7.464,7.498,7.532,7.573,7.612,7.65,7.682,7.718,7.754,7.797,7.835,7.869,7.91,7.94,7.971,7.998,8.049,8.072,8.103,8.136,8.177,8.216,8.252,8.286,8.324,8.358,8.404,8.439,8.48,8.525,8.57,8.602,8.636,8.684,8.722,8.781,8.838,8.883,8.947,8.989,9.049,9.113,9.168,9.238,9.291,9.357,9.433,9.522,9.636,9.767,9.866,10.042,10.205,10.481,10.906,12.494
768,OTH FP,3.371,4.415,4.876,5.084,5.223,5.334,5.465,5.599,5.694,5.773,5.855,5.924,5.997,6.062,6.123,6.171,6.238,6.287,6.343,6.395,6.431,6.464,6.51,6.561,6.596,6.649,6.691,6.731,6.777,6.827,6.871,6.912,6.951,6.983,7.01,7.042,7.077,7.123,7.167,7.206,7.251,7.285,7.324,7.37,7.411,7.44,7.468,7.511,7.543,7.574,7.606,7.647,7.685,7.727,7.75,7.79,7.82,7.858,7.888,7.925,7.952,7.991,8.033,8.085,8.116,8.162,8.203,8.242,8.279,8.309,8.339,8.367,8.403,8.436,8.474,8.517,8.564,8.606,8.637,8.675,8.723,8.772,8.826,8.879,8.93,8.966,9.039,9.116,9.176,9.237,9.304,9.384,9.477,9.574,9.673,9.786,9.927,10.105,10.398,10.889,12.415
769,OTH FP,3.371,4.415,4.876,5.084,5.223,5.334,5.465,5.599,5.694,5.773,5.855,5.924,5.997,6.062,6.123,6.171,6.238,6.287,6.343,6.395,6.431,6.464,6.51,6.561,6.596,6.649,6.691,6.731,6.777,6.827,6.871,6.912,6.951,6.983,7.01,7.042,7.077,7.123,7.167,7.206,7.251,7.285,7.324,7.37,7.411,7.44,7.468,7.511,7.543,7.574,7.606,7.647,7.685,7.727,7.75,7.79,7.82,7.858,7.888,7.925,7.952,7.991,8.033,8.085,8.116,8.162,8.203,8.242,8.279,8.309,8.339,8.367,8.403,8.436,8.474,8.517,8.564,8.606,8.637,8.675,8.723,8.772,8.826,8.879,8.93,8.966,9.039,9.116,9.176,9.237,9.304,9.384,9.477,9.574,9.673,9.786,9.927,10.105,10.398,10.889,12.415
770,OTH FP,3.242,4.399,4.884,5.073,5.207,5.362,5.453,5.582,5.682,5.764,5.849,5.919,5.992,6.045,6.098,6.147,6.206,6.273,6.332,6.388,6.435,6.486,6.526,6.566,6.606,6.646,6.683,6.708,6.739,6.79,6.831,6.867,6.907,6.942,6.979,7.016,7.057,7.089,7.125,7.162,7.196,7.235,7.269,7.302,7.34,7.369,7.408,7.451,7.492,7.523,7.552,7.579,7.609,7.648,7.681,7.727,7.763,7.799,7.831,7.869,7.915,7.949,7.988,8.021,8.057,8.095,8.13,8.17,8.207,8.244,8.271,8.308,8.339,8.372,8.413,8.451,8.487,8.535,8.574,8.631,8.685,8.739,8.8,8.855,8.889,8.948,9.002,9.062,9.111,9.191,9.266,9.326,9.399,9.488,9.603,9.73,9.906,10.067,10.321,10.681,11.839
771,OTH FP,3.242,4.399,4.884,5.073,5.207,5.362,5.453,5.582,5.682,5.764,5.849,5.919,5.992,6.045,6.098,6.147,6.206,6.273,6.332,6.388,6.435,6.486,6.526,6.566,6.606,6.646,6.683,6.708,6.739,6.79,6.831,6.867,6.907,6.942,6.979,7.016,7.057,7.089,7.125,7.162,7.196,7.235,7.269,7.302,7.34,7.369,7.408,7.451,7.492,7.523,7.552,7.579,7.609,7.648,7.681,7.727,7.763,7.799,7.831,7.869,7.915,7.949,7.988,8.021,8.057,8.095,8.13,8.17,8.207,8.244,8.271,8.308,8.339,8.372,8.413,8.451,8.487,8.535,8.574,8.631,8.685,8.739,8.8,8.855,8.889,8.948,9.002,9.062,9.111,9.191,9.266,9.326,9.399,9.488,9.603,9.73,9.906,10.067,10.321,10.681,11.839
772,OTH FP,3.206,4.395,4.815,5.025,5.177,5.32,5.428,5.555,5.632,5.731,5.797,5.901,5.97,6.041,6.092,6.146,6.203,6.253,6.301,6.342,6.375,6.407,6.457,6.51,6.557,6.605,6.658,6.688,6.725,6.761,6.801,6.827,6.869,6.906,6.945,6.987,7.023,7.054,7.093,7.13,7.163,7.193,7.23,7.266,7.297,7.342,7.383,7.411,7.446,7.475,7.513,7.553,7.581,7.612,7.639,7.674,7.71,7.754,7.79,7.821,7.853,7.889,7.917,7.965,7.998,8.046,8.075,8.12,8.162,8.2,8.233,8.272,8.307,8.349,8.385,8.425,8.461,8.499,8.541,8.606,8.642,8.678,8.723,8.793,8.842,8.894,8.939,8.999,9.069,9.134,9.194,9.259,9.322,9.414,9.505,9.608,9.76,9.92,10.192,10.604,11.895
773,OTH FP,3.206,4.395,4.815,5.025,5.177,5.32,5.428,5.555,5.632,5.731,5.797,5.901,5.97,6.041,6.092,6.146,6.203,6.253,6.301,6.342,6.375,6.407,6.457,6.51,6.557,6.605,6.658,6.688,6.725,6.761,6.801,6.827,6.869,6.906,6.945,6.987,7.023,7.054,7.093,7.13,7.163,7.193,7.23,7.266,7.297,7.342,7.383,7.411,7.446,7.475,7.513,7.553,7.581,7.612,7.639,7.674,7.71,7.754,7.79,7.821,7.853,7.889,7.917,7.965,7.998,8.046,8.075,8.12,8.162,8.2,8.233,8.272,8.307,8.349,8.385,8.425,8.461,8.499,8.541,8.606,8.642,8.678,8.723,8.793,8.842,8.894,8.939,8.999,9.069,9.134,9.194,9.259,9.322,9.414,9.505,9.608,9.76,9.92,10.192,10.604,11.895
774,OTH FP,3.259,4.414,4.78,5.032,5.181,5.284,5.398,5.522,5.629,5.7,5.779,5.861,5.939,6.001,6.044,6.101,6.149,6.198,6.244,6.301,6.347,6.385,6.436,6.483,6.532,6.578,6.612,6.645,6.672,6.716,6.756,6.792,6.829,6.872,6.901,6.944,6.973,7.014,7.057,7.088,7.122,7.157,7.183,7.222,7.25,7.281,7.325,7.359,7.402,7.432,7.461,7.5,7.528,7.563,7.604,7.639,7.667,7.704,7.744,7.773,7.797,7.827,7.868,7.909,7.946,7.982,8.02,8.053,8.082,8.119,8.149,8.182,8.221,8.263,8.312,8.345,8.39,8.422,8.464,8.513,8.557,8.599,8.651,8.706,8.769,8.842,8.879,8.938,8.989,9.057,9.108,9.174,9.23,9.312,9.409,9.537,9.672,9.852,10.1,10.557,11.608
775,OTH FP,3.259,4.414,4.78,5.032,5.181,5.284,5.398,5.522,5.629,5.7,5.779,5.861,5.939,6.001,6.044,6.101,6.149,6.198,6.244,6.301,6.347,6.385,6.436,6.483,6.532,6.578,6.612,6.645,6.672,6.716,6.756,6.792,6.829,6.872,6.901,6.944,6.973,7.014,7.057,7.088,7.122,7.157,7.183,7.222,7.25,7.281,7.325,7.359,7.402,7.432,7.461,7.5,7.528,7.563,7.604,7.639,7.667,7.704,7.744,7.773,7.797,7.827,7.868,7.909,7.946,7.982,8.02,8.053,8.082,8.119,8.149,8.182,8.221,8.263,8.312,8.345,8.39,8.422,8.464,8.513,8.557,8.599,8.651,8.706,8.769,8.842,8.879,8.938,8.989,9.057,9.108,9.174,9.23,9.312,9.409,9.537,9.672,9.852,10.1,10.557,11.608
776,OTH FP,3.42,4.33,4.74,4.944,5.1,5.21,5.335,5.433,5.531,5.644,5.725,5.793,5.855,5.913,5.961,6.019,6.068,6.128,6.184,6.246,6.293,6.352,6.393,6.442,6.493,6.536,6.582,6.621,6.666,6.706,6.744,6.781,6.811,6.847,6.877,6.908,6.941,6.971,6.999,7.026,7.055,7.102,7.138,7.175,7.216,7.247,7.281,7.319,7.35,7.378,7.408,7.449,7.485,7.518,7.55,7.588,7.628,7.661,7.697,7.724,7.759,7.79,7.83,7.866,7.907,7.942,7.979,8.007,8.051,8.093,8.129,8.183,8.214,8.242,8.278,8.323,8.37,8.422,8.461,8.5,8.542,8.592,8.639,8.676,8.725,8.777,8.837,8.893,8.95,9.003,9.067,9.14,9.223,9.297,9.434,9.544,9.678,9.874,10.17,10.613,11.657
777,OTH FP,3.42,4.33,4.74,4.944,5.1,5.21,5.335,5.433,5.531,5.644,5.725,5.793,5.855,5.913,5.961,6.019,6.068,6.128,6.184,6.246,6.293,6.352,6.393,6.442,6.493,6.536,6.582,6.621,6.666,6.706,6.744,6.781,6.811,6.847,6.877,6.908,6.941,6.971,6.999,7.026,7.055,7.102,7.138,7.175,7.216,7.247,7.281,7.319,7.35,7.378,7.408,7.449,7.485,7.518,7.55,7.588,7.628,7.661,7.697,7.724,7.759,7.79,7.83,7.866,7.907,7.942,7.979,8.007,8.051,8.093,8.129,8.183,8.214,8.242,8.278,8.323,8.37,8.422,8.461,8.5,8.542,8.592,8.639,8.676,8.725,8.777,8.837,8.893,8.95,9.003,9.067,9.14,9.223,9.297,9.434,9.544,9.678,9.874,10.17,10.613,11.657
778,OTH FP,3.207,4.178,4.613,4.852,5.077,5.196,5.309,5.402,5.503,5.593,5.668,5.75,5.811,5.873,5.929,5.994,6.053,6.118,6.18,6.241,6.277,6.328,6.368,6.41,6.443,6.485,6.524,6.565,6.6,6.646,6.675,6.714,6.755,6.803,6.838,6.875,6.905,6.939,6.965,6.996,7.032,7.075,7.114,7.141,7.172,7.21,7.242,7.278,7.302,7.33,7.362,7.395,7.428,7.459,7.493,7.532,7.563,7.597,7.645,7.675,7.714,7.747,7.783,7.815,7.851,7.891,7.921,7.968,8.005,8.05,8.085,8.126,8.166,8.212,8.243,8.288,8.338,8.387,8.436,8.479,8.522,8.562,8.611,8.667,8.715,8.76,8.823,8.893,8.946,9.012,9.088,9.151,9.254,9.342,9.434,9.55,9.678,9.9,10.109,10.56,11.457
779,OTH FP,3.207,4.178,4.613,4.852,5.077,5.196,5.309,5.402,5.503,5.593,5.668,5.75,5.811,5.873,5.929,5.994,6.053,6.118,6.18,6.241,6.277,6.328,6.368,6.41,6.443,6.485,6.524,6.565,6.6,6.646,6.675,6.714,6.755,6.803,6.838,6.875,6.905,6.939,6.965,6.996,7.032,7.075,7.114,7.141,7.172,7.21,7.242,7.278,7.302,7.33,7.362,7.395,7.428,7.459,7.493,7.532,7.563,7.597,7.645,7.675,7.714,7.747,7.783,7.815,7.851,7.891,7.921,7.968,8.005,8.05,8.085,8.126,8.166,8.212,8.243,8.288,8.338,8.387,8.436,8.479,8.522,8.562,8.611,8.667,8.715,8.76,8.823,8.893,8.946,9.012,9.088,9.151,9.254,9.342,9.434,9.55,9.678,9.9,10.109,10.56,11.457
780,OTH FP,3.278,4.213,4.556,4.757,5.002,5.124,5.259,5.353,5.447,5.538,5.633,5.693,5.748,5.803,5.866,5.933,5.989,6.062,6.116,6.164,6.209,6.258,6.301,6.344,6.393,6.426,6.464,6.492,6.528,6.572,6.61,6.651,6.694,6.733,6.767,6.801,6.84,6.882,6.92,6.965,7.005,7.038,7.069,7.112,7.143,7.171,7.2,7.235,7.265,7.302,7.341,7.373,7.415,7.448,7.487,7.523,7.563,7.589,7.614,7.65,7.681,7.718,7.756,7.786,7.821,7.863,7.905,7.95,7.985,8.025,8.065,8.116,8.154,8.205,8.245,8.289,8.332,8.365,8.392,8.438,8.488,8.532,8.582,8.642,8.707,8.749,8.793,8.854,8.921,8.98,9.052,9.138,9.217,9.31,9.407,9.528,9.654,9.855,10.109,10.578,11.486
781,OTH FP,3.278,4.213,4.556,4.757,5.002,5.124,5.259,5.353,5.447,5.538,5.633,5.693,5.748,5.803,5.866,5.933,5.989,6.062,6.116,6.164,6.209,6.258,6.301,6.344,6.393,6.426,6.464,6.492,6.528,6.572,6.61,6.651,6.694,6.733,6.767,6.801,6.84,6.882,6.92,6.965,7.005,7.038,7.069,7.112,7.143,7.171,7.2,7.235,7.265,7.302,7.341,7.373,7.415,7.448,7.487,7.523,7.563,7.589,7.614,7.65,7.681,7.718,7.756,7.786,7.821,7.863,7.905,7.95,7.985,8.025,8.065,8.116,8.154,8.205,8.245,8.289,8.332,8.365,8.392,8.438,8.488,8.532,8.582,8.642,8.707,8.749,8.793,8.854,8.921,8.98,9.052,9.138,9.217,9.31,9.407,9.528,9.654,9.855,10.109,10.578,11.486
782,OTH FP,3.369,4.146,4.484,4.735,4.884,5.064,5.215,5.321,5.413,5.496,5.56,5.626,5.696,5.759,5.821,5.877,5.921,5.989,6.039,6.094,6.137,6.191,6.245,6.289,6.33,6.373,6.418,6.46,6.508,6.542,6.588,6.623,6.666,6.704,6.74,6.775,6.816,6.838,6.878,6.918,6.954,6.981,7.017,7.058,7.096,7.125,7.166,7.193,7.225,7.255,7.292,7.333,7.374,7.408,7.433,7.468,7.505,7.532,7.573,7.609,7.645,7.682,7.718,7.755,7.79,7.825,7.868,7.927,7.975,8.012,8.038,8.075,8.117,8.165,8.21,8.242,8.279,8.315,8.361,8.416,8.468,8.511,8.575,8.615,8.654,8.701,8.755,8.818,8.896,8.962,9.031,9.113,9.187,9.273,9.404,9.515,9.633,9.806,10.134,10.51,11.724
783,OTH FP,3.369,4.146,4.484,4.735,4.884,5.064,5.215,5.321,5.413,5.496,5.56,5.626,5.696,5.759,5.821,5.877,5.921,5.989,6.039,6.094,6.137,6.191,6.245,6.289,6.33,6.373,6.418,6.46,6.508,6.542,6.588,6.623,6.666,6.704,6.74,6.775,6.816,6.838,6.878,6.918,6.954,6.981,7.017,7.058,7.096,7.125,7.166,7.193,7.225,7.255,7.292,7.333,7.374,7.408,7.433,7.468,7.505,7.532,7.573,7.609,7.645,7.682,7.718,7.755,7.79,7.825,7.868,7.927,7.975,8.012,8.038,8.075,8.117,8.165,8.21,8.242,8.279,8.315,8.361,8.416,8.468,8.511,8.575,8.615,8.654,8.701,8.755,8.818,8.896,8.962,9.031,9.113,9.187,9.273,9.404,9.515,9.633,9.806,10.134,10.51,11.724
784,OTH FP,3.361,4.098,4.438,4.636,4.847,4.981,5.132,5.217,5.341,5.443,5.51,5.6,5.669,5.755,5.824,5.864,5.932,5.97,6.024,6.068,6.133,6.18,6.227,6.263,6.32,6.353,6.399,6.445,6.484,6.523,6.557,6.585,6.614,6.644,6.686,6.728,6.769,6.804,6.84,6.875,6.91,6.942,6.98,7.018,7.041,7.078,7.107,7.144,7.175,7.208,7.243,7.281,7.312,7.346,7.383,7.427,7.459,7.497,7.528,7.563,7.604,7.646,7.675,7.709,7.745,7.788,7.818,7.846,7.882,7.928,7.984,8.027,8.064,8.114,8.155,8.191,8.235,8.274,8.332,8.378,8.419,8.454,8.502,8.547,8.614,8.685,8.741,8.809,8.87,8.953,9.022,9.082,9.187,9.274,9.391,9.543,9.648,9.792,10.007,10.491,11.547
785,OTH FP,3.361,4.098,4.438,4.636,4.847,4.981,5.132,5.217,5.341,5.443,5.51,5.6,5.669,5.755,5.824,5.864,5.932,5.97,6.024,6.068,6.133,6.18,6.227,6.263,6.32,6.353,6.399,6.445,6.484,6.523,6.557,6.585,6.614,6.644,6.686,6.728,6.769,6.804,6.84,6.875,6.91,6.942,6.98,7.018,7.041,7.078,7.107,7.144,7.175,7.208,7.243,7.281,7.312,7.346,7.383,7.427,7.459,7.497,7.528,7.563,7.604,7.646,7.675,7.709,7.745,7.788,7.818,7.846,7.882,7.928,7.984,8.027,8.064,8.114,8.155,8.191,8.235,8.274,8.332,8.378,8.419,8.454,8.502,8.547,8.614,8.685,8.741,8.809,8.87,8.953,9.022,9.082,9.187,9.274,9.391,9.543,9.648,9.792,10.007,10.491,11.547
786,OTH FP,3.246,4.043,4.345,4.566,4.756,4.939,5.076,5.192,5.311,5.411,5.482,5.55,5.644,5.706,5.767,5.835,5.89,5.944,5.979,6.028,6.076,6.133,6.19,6.227,6.273,6.307,6.344,6.38,6.404,6.448,6.482,6.521,6.561,6.599,6.634,6.661,6.709,6.746,6.792,6.838,6.879,6.915,6.952,6.989,7.016,7.052,7.091,7.122,7.156,7.187,7.217,7.251,7.287,7.33,7.357,7.391,7.428,7.453,7.486,7.518,7.55,7.592,7.624,7.65,7.689,7.729,7.756,7.792,7.821,7.857,7.898,7.957,7.99,8.039,8.081,8.123,8.16,8.209,8.258,8.311,8.352,8.403,8.464,8.515,8.573,8.642,8.71,8.768,8.854,8.928,9.005,9.077,9.155,9.254,9.37,9.467,9.654,9.857,10.044,10.387,11.343
787,OTH FP,3.246,4.043,4.345,4.566,4.756,4.939,5.076,5.192,5.311,5.411,5.482,5.55,5.644,5.706,5.767,5.835,5.89,5.944,5.979,6.028,6.076,6.133,6.19,6.227,6.273,6.307,6.344,6.38,6.404,6.448,6.482,6.521,6.561,6.599,6.634,6.661,6.709,6.746,6.792,6.838,6.879,6.915,6.952,6.989,7.016,7.052,7.091,7.122,7.156,7.187,7.217,7.251,7.287,7.33,7.357,7.391,7.428,7.453,7.486,7.518,7.55,7.592,7.624,7.65,7.689,7.729,7.756,7.792,7.821,7.857,7.898,7.957,7.99,8.039,8.081,8.123,8.16,8.209,8.258,8.311,8.352,8.403,8.464,8.515,8.573,8.642,8.71,8.768,8.854,8.928,9.005,9.077,9.155,9.254,9.37,9.467,9.654,9.857,10.044,10.387,11.343
788,OTH FP,3.18,4.104,4.41,4.589,4.75,4.882,4.996,5.113,5.252,5.358,5.45,5.519,5.568,5.642,5.714,5.764,5.825,5.892,5.928,5.973,6.01,6.065,6.103,6.155,6.193,6.234,6.277,6.321,6.365,6.415,6.451,6.492,6.535,6.571,6.615,6.653,6.692,6.732,6.779,6.815,6.845,6.881,6.913,6.943,6.976,7.003,7.051,7.081,7.113,7.145,7.178,7.21,7.24,7.272,7.313,7.352,7.388,7.414,7.451,7.488,7.517,7.55,7.582,7.616,7.653,7.689,7.717,7.746,7.79,7.833,7.879,7.923,7.977,8.022,8.061,8.108,8.144,8.177,8.217,8.273,8.32,8.368,8.425,8.472,8.534,8.602,8.658,8.721,8.787,8.845,8.923,9.004,9.132,9.206,9.322,9.461,9.612,9.799,10.011,10.452,11.624
789,OTH FP,3.18,4.104,4.41,4.589,4.75,4.882,4.996,5.113,5.252,5.358,5.45,5.519,5.568,5.642,5.714,5.764,5.825,5.892,5.928,5.973,6.01,6.065,6.103,6.155,6.193,6.234,6.277,6.321,6.365,6.415,6.451,6.492,6.535,6.571,6.615,6.653,6.692,6.732,6.779,6.815,6.845,6.881,6.913,6.943,6.976,7.003,7.051,7.081,7.113,7.145,7.178,7.21,7.24,7.272,7.313,7.352,7.388,7.414,7.451,7.488,7.517,7.55,7.582,7.616,7.653,7.689,7.717,7.746,7.79,7.833,7.879,7.923,7.977,8.022,8.061,8.108,8.144,8.177,8.217,8.273,8.32,8.368,8.425,8.472,8.534,8.602,8.658,8.721,8.787,8.845,8.923,9.004,9.132,9.206,9.322,9.461,9.612,9.799,10.011,10.452,11.624
790,OTH FP,3.041,4.065,4.361,4.582,4.719,4.895,5.01,5.114,5.222,5.31,5.396,5.464,5.529,5.605,5.664,5.724,5.791,5.842,5.892,5.947,6.0,6.03,6.068,6.11,6.15,6.198,6.225,6.269,6.311,6.354,6.397,6.436,6.478,6.515,6.557,6.603,6.647,6.695,6.72,6.762,6.797,6.83,6.864,6.899,6.933,6.963,6.998,7.031,7.058,7.097,7.134,7.171,7.201,7.238,7.269,7.304,7.347,7.389,7.418,7.453,7.491,7.528,7.565,7.597,7.633,7.66,7.697,7.725,7.769,7.802,7.843,7.875,7.922,7.969,7.996,8.046,8.086,8.128,8.178,8.223,8.264,8.317,8.386,8.439,8.483,8.537,8.599,8.65,8.717,8.792,8.871,8.958,9.047,9.137,9.286,9.418,9.544,9.791,10.025,10.408,11.177
791,OTH FP,3.041,4.065,4.361,4.582,4.719,4.895,5.01,5.114,5.222,5.31,5.396,5.464,5.529,5.605,5.664,5.724,5.791,5.842,5.892,5.947,6.0,6.03,6.068,6.11,6.15,6.198,6.225,6.269,6.311,6.354,6.397,6.436,6.478,6.515,6.557,6.603,6.647,6.695,6.72,6.762,6.797,6.83,6.864,6.899,6.933,6.963,6.998,7.031,7.058,7.097,7.134,7.171,7.201,7.238,7.269,7.304,7.347,7.389,7.418,7.453,7.491,7.528,7.565,7.597,7.633,7.66,7.697,7.725,7.769,7.802,7.843,7.875,7.922,7.969,7.996,8.046,8.086,8.128,8.178,8.223,8.264,8.317,8.386,8.439,8.483,8.537,8.599,8.65,8.717,8.792,8.871,8.958,9.047,9.137,9.286,9.418,9.544,9.791,10.025,10.408,11.177
792,OTH FP,2.858,3.92,4.332,4.557,4.755,4.893,5.009,5.103,5.189,5.282,5.355,5.449,5.504,5.563,5.645,5.687,5.745,5.793,5.865,5.913,5.963,6.02,6.061,6.098,6.142,6.183,6.218,6.256,6.291,6.324,6.359,6.403,6.444,6.493,6.53,6.566,6.596,6.633,6.666,6.691,6.728,6.768,6.797,6.828,6.861,6.894,6.923,6.964,6.998,7.05,7.096,7.134,7.17,7.204,7.239,7.268,7.31,7.341,7.364,7.404,7.442,7.473,7.504,7.54,7.569,7.604,7.642,7.681,7.721,7.757,7.803,7.85,7.886,7.939,7.993,8.022,8.064,8.098,8.151,8.202,8.26,8.313,8.361,8.415,8.461,8.523,8.566,8.63,8.688,8.773,8.836,8.916,9.01,9.108,9.25,9.414,9.545,9.739,10.041,10.391,11.08
793,OTH FP,2.858,3.92,4.332,4.557,4.755,4.893,5.009,5.103,5.189,5.282,5.355,5.449,5.504,5.563,5.645,5.687,5.745,5.793,5.865,5.913,5.963,6.02,6.061,6.098,6.142,6.183,6.218,6.256,6.291,6.324,6.359,6.403,6.444,6.493,6.53,6.566,6.596,6.633,6.666,6.691,6.728,6.768,6.797,6.828,6.861,6.894,6.923,6.964,6.998,7.05,7.096,7.134,7.17,7.204,7.239,7.268,7.31,7.341,7.364,7.404,7.442,7.473,7.504,7.54,7.569,7.604,7.642,7.681,7.721,7.757,7.803,7.85,7.886,7.939,7.993,8.022,8.064,8.098,8.151,8.202,8.26,8.313,8.361,8.415,8.461,8.523,8.566,8.63,8.688,8.773,8.836,8.916,9.01,9.108,9.25,9.414,9.545,9.739,10.041,10.391,11.08
794,OTH FP,2.654,3.977,4.32,4.535,4.697,4.846,4.957,5.057,5.15,5.226,5.318,5.408,5.462,5.536,5.585,5.652,5.714,5.769,5.82,5.866,5.917,5.968,6.013,6.052,6.098,6.143,6.177,6.224,6.271,6.313,6.346,6.38,6.415,6.454,6.497,6.53,6.566,6.599,6.63,6.654,6.69,6.712,6.744,6.773,6.814,6.849,6.884,6.92,6.958,7.01,7.045,7.075,7.118,7.154,7.184,7.217,7.253,7.285,7.314,7.354,7.396,7.432,7.465,7.499,7.541,7.577,7.612,7.651,7.701,7.729,7.766,7.808,7.848,7.884,7.92,7.962,8.011,8.052,8.095,8.136,8.18,8.235,8.295,8.35,8.415,8.473,8.519,8.591,8.64,8.712,8.8,8.904,9.018,9.106,9.204,9.333,9.532,9.722,10.025,10.347,11.045
795,OTH FP,2.654,3.977,4.32,4.535,4.697,4.846,4.957,5.057,5.15,5.226,5.318,5.408,5.462,5.536,5.585,5.652,5.714,5.769,5.82,5.866,5.917,5.968,6.013,6.052,6.098,6.143,6.177,6.224,6.271,6.313,6.346,6.38,6.415,6.454,6.497,6.53,6.566,6.599,6.63,6.654,6.69,6.712,6.744,6.773,6.814,6.849,6.884,6.92,6.958,7.01,7.045,7.075,7.118,7.154,7.184,7.217,7.253,7.285,7.314,7.354,7.396,7.432,7.465,7.499,7.541,7.577,7.612,7.651,7.701,7.729,7.766,7.808,7.848,7.884,7.92,7.962,8.011,8.052,8.095,8.136,8.18,8.235,8.295,8.35,8.415,8.473,8.519,8.591,8.64,8.712,8.8,8.904,9.018,9.106,9.204,9.333,9.532,9.722,10.025,10.347,11.045
796,OTH FP,2.655,3.941,4.301,4.478,4.648,4.789,4.91,5.003,5.118,5.216,5.298,5.391,5.449,5.515,5.578,5.633,5.683,5.748,5.801,5.838,5.899,5.945,5.991,6.032,6.077,6.111,6.14,6.182,6.213,6.253,6.301,6.334,6.377,6.415,6.449,6.489,6.52,6.55,6.59,6.633,6.667,6.687,6.723,6.756,6.783,6.816,6.849,6.892,6.921,6.957,6.99,7.027,7.052,7.081,7.12,7.154,7.196,7.231,7.265,7.304,7.341,7.378,7.417,7.461,7.504,7.538,7.578,7.615,7.661,7.701,7.733,7.769,7.804,7.845,7.884,7.92,7.983,8.027,8.078,8.113,8.168,8.222,8.27,8.334,8.387,8.434,8.501,8.576,8.634,8.698,8.76,8.858,8.966,9.062,9.161,9.295,9.44,9.635,9.868,10.303,11.244
797,OTH FP,2.655,3.941,4.301,4.478,4.648,4.789,4.91,5.003,5.118,5.216,5.298,5.391,5.449,5.515,5.578,5.633,5.683,5.748,5.801,5.838,5.899,5.945,5.991,6.032,6.077,6.111,6.14,6.182,6.213,6.253,6.301,6.334,6.377,6.415,6.449,6.489,6.52,6.55,6.59,6.633,6.667,6.687,6.723,6.756,6.783,6.816,6.849,6.892,6.921,6.957,6.99,7.027,7.052,7.081,7.12,7.154,7.196,7.231,7.265,7.304,7.341,7.378,7.417,7.461,7.504,7.538,7.578,7.615,7.661,7.701,7.733,7.769,7.804,7.845,7.884,7.92,7.983,8.027,8.078,8.113,8.168,8.222,8.27,8.334,8.387,8.434,8.501,8.576,8.634,8.698,8.76,8.858,8.966,9.062,9.161,9.295,9.44,9.635,9.868,10.303,11.244
798,OTH FP,2.803,3.951,4.235,4.444,4.605,4.744,4.875,4.987,5.1,5.17,5.258,5.35,5.408,5.487,5.562,5.64,5.699,5.755,5.806,5.859,5.907,5.946,5.988,6.046,6.086,6.123,6.159,6.193,6.23,6.261,6.304,6.342,6.375,6.406,6.437,6.479,6.516,6.557,6.583,6.621,6.648,6.683,6.729,6.748,6.775,6.802,6.835,6.871,6.911,6.939,6.97,7.014,7.046,7.078,7.108,7.144,7.191,7.219,7.256,7.286,7.326,7.37,7.409,7.447,7.484,7.523,7.559,7.596,7.636,7.679,7.72,7.779,7.812,7.844,7.885,7.923,7.959,7.999,8.051,8.11,8.151,8.195,8.253,8.322,8.379,8.436,8.5,8.555,8.627,8.698,8.774,8.878,8.993,9.098,9.215,9.354,9.509,9.677,9.93,10.347,11.311
799,OTH FP,2.803,3.951,4.235,4.444,4.605,4.744,4.875,4.987,5.1,5.17,5.258,5.35,5.408,5.487,5.562,5.64,5.699,5.755,5.806,5.859,5.907,5.946,5.988,6.046,6.086,6.123,6.159,6.193,6.23,6.261,6.304,6.342,6.375,6.406,6.437,6.479,6.516,6.557,6.583,6.621,6.648,6.683,6.729,6.748,6.775,6.802,6.835,6.871,6.911,6.939,6.97,7.014,7.046,7.078,7.108,7.144,7.191,7.219,7.256,7.286,7.326,7.37,7.409,7.447,7.484,7.523,7.559,7.596,7.636,7.679,7.72,7.779,7.812,7.844,7.885,7.923,7.959,7.999,8.051,8.11,8.151,8.195,8.253,8.322,8.379,8.436,8.5,8.555,8.627,8.698,8.774,8.878,8.993,9.098,9.215,9.354,9.509,9.677,9.93,10.347,11.311
800,OTH FP,2.818,3.855,4.167,4.388,4.525,4.707,4.816,4.961,5.043,5.149,5.243,5.354,5.433,5.505,5.564,5.615,5.662,5.731,5.776,5.827,5.883,5.924,5.976,6.01,6.06,6.101,6.137,6.174,6.215,6.245,6.291,6.32,6.349,6.391,6.43,6.468,6.497,6.53,6.563,6.6,6.643,6.682,6.728,6.758,6.792,6.819,6.855,6.89,6.916,6.938,6.966,7.005,7.037,7.079,7.107,7.15,7.184,7.221,7.255,7.297,7.335,7.373,7.419,7.447,7.483,7.526,7.549,7.579,7.618,7.645,7.681,7.73,7.769,7.806,7.85,7.891,7.943,7.987,8.03,8.078,8.147,8.204,8.256,8.314,8.379,8.457,8.509,8.571,8.66,8.744,8.835,8.908,8.992,9.086,9.224,9.345,9.529,9.713,9.945,10.313,11.295
801,OTH FP,2.818,3.855,4.167,4.388,4.525,4.707,4.816,4.961,5.043,5.149,5.243,5.354,5.433,5.505,5.564,5.615,5.662,5.731,5.776,5.827,5.883,5.924,5.976,6.01,6.06,6.101,6.137,6.174,6.215,6.245,6.291,6.32,6.349,6.391,6.43,6.468,6.497,6.53,6.563,6.6,6.643,6.682,6.728,6.758,6.792,6.819,6.855,6.89,6.916,6.938,6.966,7.005,7.037,7.079,7.107,7.15,7.184,7.221,7.255,7.297,7.335,7.373,7.419,7.447,7.483,7.526,7.549,7.579,7.618,7.645,7.681,7.73,7.769,7.806,7.85,7.891,7.943,7.987,8.03,8.078,8.147,8.204,8.256,8.314,8.379,8.457,8.509,8.571,8.66,8.744,8.835,8.908,8.992,9.086,9.224,9.345,9.529,9.713,9.945,10.313,11.295
802,OTH FP,2.82,3.842,4.155,4.422,4.544,4.667,4.799,4.931,5.035,5.138,5.241,5.322,5.396,5.462,5.522,5.573,5.638,5.698,5.751,5.806,5.871,5.918,5.967,6.015,6.056,6.097,6.133,6.168,6.211,6.25,6.283,6.31,6.346,6.385,6.422,6.452,6.499,6.547,6.582,6.623,6.655,6.682,6.718,6.753,6.783,6.813,6.841,6.874,6.911,6.943,6.975,7.006,7.039,7.075,7.107,7.143,7.169,7.194,7.227,7.258,7.303,7.35,7.393,7.43,7.471,7.509,7.547,7.583,7.617,7.653,7.692,7.733,7.773,7.812,7.864,7.904,7.951,8.001,8.058,8.102,8.152,8.206,8.269,8.333,8.384,8.449,8.513,8.573,8.661,8.739,8.812,8.886,8.976,9.088,9.217,9.371,9.558,9.736,10.008,10.337,11.229
803,OTH FP,2.82,3.842,4.155,4.422,4.544,4.667,4.799,4.931,5.035,5.138,5.241,5.322,5.396,5.462,5.522,5.573,5.638,5.698,5.751,5.806,5.871,5.918,5.967,6.015,6.056,6.097,6.133,6.168,6.211,6.25,6.283,6.31,6.346,6.385,6.422,6.452,6.499,6.547,6.582,6.623,6.655,6.682,6.718,6.753,6.783,6.813,6.841,6.874,6.911,6.943,6.975,7.006,7.039,7.075,7.107,7.143,7.169,7.194,7.227,7.258,7.303,7.35,7.393,7.43,7.471,7.509,7.547,7.583,7.617,7.653,7.692,7.733,7.773,7.812,7.864,7.904,7.951,8.001,8.058,8.102,8.152,8.206,8.269,8.333,8.384,8.449,8.513,8.573,8.661,8.739,8.812,8.886,8.976,9.088,9.217,9.371,9.558,9.736,10.008,10.337,11.229
804,OTH FP,2.597,3.85,4.212,4.419,4.566,4.678,4.825,4.901,4.977,5.076,5.154,5.225,5.309,5.385,5.456,5.546,5.604,5.665,5.721,5.777,5.823,5.878,5.929,5.968,6.011,6.061,6.117,6.157,6.197,6.232,6.269,6.301,6.344,6.376,6.424,6.452,6.49,6.536,6.567,6.601,6.628,6.665,6.697,6.729,6.759,6.788,6.824,6.857,6.898,6.931,6.968,7.004,7.045,7.084,7.118,7.151,7.177,7.214,7.241,7.285,7.318,7.351,7.381,7.421,7.457,7.498,7.528,7.568,7.609,7.644,7.68,7.728,7.773,7.816,7.86,7.912,7.974,8.013,8.069,8.114,8.162,8.211,8.254,8.313,8.367,8.436,8.512,8.58,8.662,8.72,8.795,8.908,9.029,9.13,9.214,9.35,9.474,9.684,9.974,10.258,11.128
805,OTH FP,2.597,3.85,4.212,4.419,4.566,4.678,4.825,4.901,4.977,5.076,5.154,5.225,5.309,5.385,5.456,5.546,5.604,5.665,5.721,5.777,5.823,5.878,5.929,5.968,6.011,6.061,6.117,6.157,6.197,6.232,6.269,6.301,6.344,6.376,6.424,6.452,6.49,6.536,6.567,6.601,6.628,6.665,6.697,6.729,6.759,6.788,6.824,6.857,6.898,6.931,6.968,7.004,7.045,7.084,7.118,7.151,7.177,7.214,7.241,7.285,7.318,7.351,7.381,7.421,7.457,7.498,7.528,7.568,7.609,7.644,7.68,7.728,7.773,7.816,7.86,7.912,7.974,8.013,8.069,8.114,8.162,8.211,8.254,8.313,8.367,8.436,8.512,8.58,8.662,8.72,8.795,8.908,9.029,9.13,9.214,9.35,9.474,9.684,9.974,10.258,11.128
806,OTH FP,2.707,3.844,4.173,4.375,4.59,4.701,4.817,4.904,4.998,5.082,5.179,5.252,5.317,5.394,5.443,5.502,5.562,5.616,5.663,5.718,5.758,5.824,5.884,5.926,5.972,6.009,6.052,6.106,6.169,6.216,6.263,6.303,6.348,6.385,6.43,6.466,6.505,6.545,6.571,6.606,6.636,6.666,6.704,6.735,6.767,6.8,6.832,6.857,6.886,6.932,6.969,6.998,7.028,7.074,7.109,7.147,7.177,7.206,7.244,7.285,7.311,7.352,7.381,7.432,7.461,7.494,7.538,7.574,7.609,7.658,7.691,7.736,7.784,7.821,7.859,7.906,7.962,8.002,8.041,8.09,8.135,8.178,8.224,8.288,8.333,8.411,8.492,8.565,8.641,8.719,8.801,8.888,8.982,9.06,9.194,9.332,9.504,9.668,9.919,10.297,11.151
807,OTH FP,2.707,3.844,4.173,4.375,4.59,4.701,4.817,4.904,4.998,5.082,5.179,5.252,5.317,5.394,5.443,5.502,5.562,5.616,5.663,5.718,5.758,5.824,5.884,5.926,5.972,6.009,6.052,6.106,6.169,6.216,6.263,6.303,6.348,6.385,6.43,6.466,6.505,6.545,6.571,6.606,6.636,6.666,6.704,6.735,6.767,6.8,6.832,6.857,6.886,6.932,6.969,6.998,7.028,7.074,7.109,7.147,7.177,7.206,7.244,7.285,7.311,7.352,7.381,7.432,7.461,7.494,7.538,7.574,7.609,7.658,7.691,7.736,7.784,7.821,7.859,7.906,7.962,8.002,8.041,8.09,8.135,8.178,8.224,8.288,8.333,8.411,8.492,8.565,8.641,8.719,8.801,8.888,8.982,9.06,9.194,9.332,9.504,9.668,9.919,10.297,11.151
808,OTH FP,2.628,3.776,4.207,4.405,4.551,4.668,4.774,4.871,4.979,5.059,5.15,5.223,5.305,5.363,5.428,5.478,5.531,5.597,5.649,5.7,5.76,5.814,5.867,5.917,5.963,6.017,6.065,6.101,6.143,6.178,6.234,6.268,6.306,6.354,6.403,6.439,6.481,6.516,6.558,6.597,6.637,6.662,6.704,6.728,6.761,6.796,6.833,6.866,6.899,6.929,6.958,6.996,7.027,7.065,7.09,7.125,7.16,7.195,7.236,7.274,7.304,7.347,7.384,7.426,7.461,7.49,7.516,7.553,7.589,7.626,7.664,7.701,7.743,7.798,7.849,7.893,7.936,7.973,8.022,8.075,8.116,8.166,8.244,8.305,8.359,8.424,8.483,8.551,8.619,8.683,8.766,8.838,8.946,9.053,9.162,9.296,9.443,9.624,9.908,10.267,11.198
809,OTH FP,2.628,3.776,4.207,4.405,4.551,4.668,4.774,4.871,4.979,5.059,5.15,5.223,5.305,5.363,5.428,5.478,5.531,5.597,5.649,5.7,5.76,5.814,5.867,5.917,5.963,6.017,6.065,6.101,6.143,6.178,6.234,6.268,6.306,6.354,6.403,6.439,6.481,6.516,6.558,6.597,6.637,6.662,6.704,6.728,6.761,6.796,6.833,6.866,6.899,6.929,6.958,6.996,7.027,7.065,7.09,7.125,7.16,7.195,7.236,7.274,7.304,7.347,7.384,7.426,7.461,7.49,7.516,7.553,7.589,7.626,7.664,7.701,7.743,7.798,7.849,7.893,7.936,7.973,8.022,8.075,8.116,8.166,8.244,8.305,8.359,8.424,8.483,8.551,8.619,8.683,8.766,8.838,8.946,9.053,9.162,9.296,9.443,9.624,9.908,10.267,11.198
810,OTH FP,2.621,3.715,4.082,4.366,4.505,4.635,4.764,4.867,4.972,5.08,5.153,5.213,5.265,5.324,5.383,5.452,5.523,5.583,5.641,5.688,5.746,5.804,5.847,5.919,5.981,6.023,6.069,6.118,6.148,6.18,6.216,6.269,6.302,6.344,6.381,6.416,6.454,6.5,6.535,6.576,6.609,6.64,6.679,6.714,6.747,6.776,6.806,6.84,6.875,6.902,6.931,6.969,6.999,7.024,7.069,7.108,7.14,7.172,7.2,7.242,7.28,7.323,7.35,7.387,7.433,7.465,7.514,7.549,7.587,7.621,7.663,7.702,7.732,7.796,7.838,7.887,7.927,7.972,8.023,8.067,8.111,8.163,8.214,8.27,8.326,8.382,8.455,8.508,8.595,8.678,8.765,8.875,8.947,9.054,9.17,9.275,9.391,9.592,9.912,10.364,11.247
811,OTH FP,2.621,3.715,4.082,4.366,4.505,4.635,4.764,4.867,4.972,5.08,5.153,5.213,5.265,5.324,5.383,5.452,5.523,5.583,5.641,5.688,5.746,5.804,5.847,5.919,5.981,6.023,6.069,6.118,6.148,6.18,6.216,6.269,6.302,6.344,6.381,6.416,6.454,6.5,6.535,6.576,6.609,6.64,6.679,6.714,6.747,6.776,6.806,6.84,6.875,6.902,6.931,6.969,6.999,7.024,7.069,7.108,7.14,7.172,7.2,7.242,7.28,7.323,7.35,7.387,7.433,7.465,7.514,7.549,7.587,7.621,7.663,7.702,7.732,7.796,7.838,7.887,7.927,7.972,8.023,8.067,8.111,8.163,8.214,8.27,8.326,8.382,8.455,8.508,8.595,8.678,8.765,8.875,8.947,9.054,9.17,9.275,9.391,9.592,9.912,10.364,11.247
812,OTH FP,2.783,3.656,3.964,4.311,4.504,4.631,4.763,4.856,4.96,5.045,5.117,5.18,5.259,5.327,5.4,5.45,5.496,5.559,5.617,5.672,5.737,5.791,5.849,5.891,5.93,5.983,6.025,6.089,6.132,6.167,6.209,6.243,6.274,6.311,6.35,6.391,6.425,6.456,6.498,6.539,6.568,6.605,6.645,6.681,6.716,6.75,6.784,6.821,6.855,6.894,6.923,6.957,6.985,7.027,7.073,7.107,7.139,7.177,7.206,7.24,7.276,7.308,7.35,7.376,7.415,7.449,7.49,7.524,7.564,7.616,7.653,7.697,7.731,7.765,7.807,7.844,7.891,7.947,7.995,8.079,8.137,8.197,8.243,8.295,8.346,8.403,8.484,8.543,8.616,8.685,8.763,8.839,8.948,9.037,9.149,9.284,9.444,9.586,9.86,10.191,11.07
813,OTH FP,2.783,3.656,3.964,4.311,4.504,4.631,4.763,4.856,4.96,5.045,5.117,5.18,5.259,5.327,5.4,5.45,5.496,5.559,5.617,5.672,5.737,5.791,5.849,5.891,5.93,5.983,6.025,6.089,6.132,6.167,6.209,6.243,6.274,6.311,6.35,6.391,6.425,6.456,6.498,6.539,6.568,6.605,6.645,6.681,6.716,6.75,6.784,6.821,6.855,6.894,6.923,6.957,6.985,7.027,7.073,7.107,7.139,7.177,7.206,7.24,7.276,7.308,7.35,7.376,7.415,7.449,7.49,7.524,7.564,7.616,7.653,7.697,7.731,7.765,7.807,7.844,7.891,7.947,7.995,8.079,8.137,8.197,8.243,8.295,8.346,8.403,8.484,8.543,8.616,8.685,8.763,8.839,8.948,9.037,9.149,9.284,9.444,9.586,9.86,10.191,11.07
814,OTH FP,2.478,3.651,4.03,4.26,4.454,4.636,4.769,4.888,4.958,5.052,5.136,5.196,5.264,5.328,5.395,5.446,5.507,5.55,5.621,5.679,5.736,5.787,5.832,5.882,5.927,5.957,5.995,6.048,6.086,6.122,6.163,6.194,6.245,6.281,6.32,6.362,6.41,6.446,6.485,6.515,6.554,6.592,6.631,6.668,6.696,6.742,6.772,6.808,6.838,6.878,6.916,6.945,6.98,7.005,7.029,7.072,7.112,7.157,7.185,7.22,7.251,7.28,7.321,7.35,7.403,7.442,7.484,7.525,7.568,7.608,7.65,7.682,7.729,7.763,7.801,7.849,7.897,7.944,7.994,8.034,8.093,8.139,8.209,8.268,8.332,8.398,8.462,8.531,8.6,8.664,8.739,8.852,8.964,9.079,9.167,9.277,9.406,9.555,9.763,10.158,11.321
815,OTH FP,2.478,3.651,4.03,4.26,4.454,4.636,4.769,4.888,4.958,5.052,5.136,5.196,5.264,5.328,5.395,5.446,5.507,5.55,5.621,5.679,5.736,5.787,5.832,5.882,5.927,5.957,5.995,6.048,6.086,6.122,6.163,6.194,6.245,6.281,6.32,6.362,6.41,6.446,6.485,6.515,6.554,6.592,6.631,6.668,6.696,6.742,6.772,6.808,6.838,6.878,6.916,6.945,6.98,7.005,7.029,7.072,7.112,7.157,7.185,7.22,7.251,7.28,7.321,7.35,7.403,7.442,7.484,7.525,7.568,7.608,7.65,7.682,7.729,7.763,7.801,7.849,7.897,7.944,7.994,8.034,8.093,8.139,8.209,8.268,8.332,8.398,8.462,8.531,8.6,8.664,8.739,8.852,8.964,9.079,9.167,9.277,9.406,9.555,9.763,10.158,11.321
816,OTH FP,2.477,3.61,4.039,4.347,4.492,4.596,4.747,4.849,4.938,5.034,5.091,5.167,5.25,5.308,5.386,5.443,5.503,5.567,5.628,5.665,5.718,5.758,5.822,5.868,5.919,5.958,5.994,6.033,6.068,6.105,6.145,6.192,6.231,6.272,6.299,6.333,6.374,6.421,6.458,6.496,6.541,6.581,6.626,6.663,6.693,6.735,6.785,6.815,6.853,6.892,6.927,6.952,6.989,7.014,7.045,7.078,7.118,7.151,7.187,7.211,7.244,7.275,7.306,7.349,7.379,7.415,7.46,7.512,7.548,7.581,7.622,7.683,7.715,7.766,7.804,7.85,7.895,7.946,7.997,8.039,8.089,8.14,8.187,8.237,8.304,8.369,8.424,8.499,8.573,8.633,8.708,8.774,8.848,8.949,9.052,9.215,9.369,9.559,9.784,10.145,11.216
817,OTH FP,2.477,3.61,4.039,4.347,4.492,4.596,4.747,4.849,4.938,5.034,5.091,5.167,5.25,5.308,5.386,5.443,5.503,5.567,5.628,5.665,5.718,5.758,5.822,5.868,5.919,5.958,5.994,6.033,6.068,6.105,6.145,6.192,6.231,6.272,6.299,6.333,6.374,6.421,6.458,6.496,6.541,6.581,6.626,6.663,6.693,6.735,6.785,6.815,6.853,6.892,6.927,6.952,6.989,7.014,7.045,7.078,7.118,7.151,7.187,7.211,7.244,7.275,7.306,7.349,7.379,7.415,7.46,7.512,7.548,7.581,7.622,7.683,7.715,7.766,7.804,7.85,7.895,7.946,7.997,8.039,8.089,8.14,8.187,8.237,8.304,8.369,8.424,8.499,8.573,8.633,8.708,8.774,8.848,8.949,9.052,9.215,9.369,9.559,9.784,10.145,11.216
818,OTH FP,2.319,3.636,4.002,4.308,4.517,4.619,4.735,4.816,4.93,5.008,5.072,5.167,5.225,5.301,5.358,5.421,5.487,5.54,5.605,5.659,5.713,5.771,5.815,5.859,5.901,5.943,5.983,6.027,6.064,6.096,6.133,6.168,6.211,6.257,6.29,6.331,6.375,6.415,6.45,6.484,6.528,6.562,6.6,6.636,6.667,6.701,6.736,6.772,6.805,6.843,6.874,6.913,6.948,6.975,7.008,7.039,7.07,7.098,7.139,7.172,7.215,7.258,7.303,7.335,7.372,7.417,7.453,7.485,7.529,7.566,7.608,7.655,7.704,7.748,7.799,7.843,7.881,7.928,7.978,8.026,8.084,8.131,8.175,8.262,8.313,8.369,8.423,8.488,8.561,8.628,8.708,8.801,8.881,8.965,9.074,9.194,9.361,9.585,9.803,10.157,11.181
819,OTH FP,2.319,3.636,4.002,4.308,4.517,4.619,4.735,4.816,4.93,5.008,5.072,5.167,5.225,5.301,5.358,5.421,5.487,5.54,5.605,5.659,5.713,5.771,5.815,5.859,5.901,5.943,5.983,6.027,6.064,6.096,6.133,6.168,6.211,6.257,6.29,6.331,6.375,6.415,6.45,6.484,6.528,6.562,6.6,6.636,6.667,6.701,6.736,6.772,6.805,6.843,6.874,6.913,6.948,6.975,7.008,7.039,7.07,7.098,7.139,7.172,7.215,7.258,7.303,7.335,7.372,7.417,7.453,7.485,7.529,7.566,7.608,7.655,7.704,7.748,7.799,7.843,7.881,7.928,7.978,8.026,8.084,8.131,8.175,8.262,8.313,8.369,8.423,8.488,8.561,8.628,8.708,8.801,8.881,8.965,9.074,9.194,9.361,9.585,9.803,10.157,11.181
820,OTH FP,2.674,3.611,4.106,4.249,4.434,4.598,4.754,4.836,4.935,5.012,5.102,5.177,5.248,5.307,5.36,5.417,5.475,5.51,5.582,5.634,5.682,5.729,5.771,5.813,5.854,5.902,5.942,5.981,6.02,6.063,6.114,6.166,6.203,6.242,6.282,6.328,6.374,6.414,6.444,6.475,6.507,6.534,6.564,6.597,6.636,6.677,6.719,6.759,6.789,6.82,6.855,6.887,6.923,6.949,6.985,7.023,7.057,7.097,7.131,7.167,7.207,7.234,7.272,7.301,7.335,7.383,7.428,7.465,7.512,7.549,7.597,7.65,7.696,7.736,7.779,7.828,7.868,7.908,7.961,7.994,8.033,8.086,8.146,8.202,8.256,8.317,8.393,8.458,8.524,8.599,8.686,8.765,8.853,8.978,9.118,9.257,9.41,9.584,9.825,10.121,11.121
821,OTH FP,2.674,3.611,4.106,4.249,4.434,4.598,4.754,4.836,4.935,5.012,5.102,5.177,5.248,5.307,5.36,5.417,5.475,5.51,5.582,5.634,5.682,5.729,5.771,5.813,5.854,5.902,5.942,5.981,6.02,6.063,6.114,6.166,6.203,6.242,6.282,6.328,6.374,6.414,6.444,6.475,6.507,6.534,6.564,6.597,6.636,6.677,6.719,6.759,6.789,6.82,6.855,6.887,6.923,6.949,6.985,7.023,7.057,7.097,7.131,7.167,7.207,7.234,7.272,7.301,7.335,7.383,7.428,7.465,7.512,7.549,7.597,7.65,7.696,7.736,7.779,7.828,7.868,7.908,7.961,7.994,8.033,8.086,8.146,8.202,8.256,8.317,8.393,8.458,8.524,8.599,8.686,8.765,8.853,8.978,9.118,9.257,9.41,9.584,9.825,10.121,11.121
822,OTH FP,2.549,3.655,4.136,4.299,4.454,4.58,4.706,4.796,4.91,5.023,5.107,5.183,5.26,5.311,5.369,5.42,5.48,5.541,5.593,5.642,5.687,5.728,5.774,5.82,5.876,5.917,5.967,6.006,6.051,6.098,6.132,6.177,6.213,6.244,6.286,6.319,6.346,6.383,6.419,6.456,6.489,6.528,6.557,6.595,6.636,6.664,6.698,6.74,6.771,6.806,6.846,6.882,6.922,6.954,6.983,7.014,7.041,7.073,7.103,7.154,7.189,7.228,7.275,7.311,7.346,7.397,7.434,7.47,7.506,7.55,7.596,7.622,7.663,7.711,7.755,7.807,7.854,7.9,7.955,8.006,8.062,8.105,8.164,8.219,8.271,8.315,8.371,8.425,8.486,8.577,8.649,8.735,8.851,8.943,9.055,9.235,9.348,9.522,9.765,10.103,10.954
823,OTH FP,2.549,3.655,4.136,4.299,4.454,4.58,4.706,4.796,4.91,5.023,5.107,5.183,5.26,5.311,5.369,5.42,5.48,5.541,5.593,5.642,5.687,5.728,5.774,5.82,5.876,5.917,5.967,6.006,6.051,6.098,6.132,6.177,6.213,6.244,6.286,6.319,6.346,6.383,6.419,6.456,6.489,6.528,6.557,6.595,6.636,6.664,6.698,6.74,6.771,6.806,6.846,6.882,6.922,6.954,6.983,7.014,7.041,7.073,7.103,7.154,7.189,7.228,7.275,7.311,7.346,7.397,7.434,7.47,7.506,7.55,7.596,7.622,7.663,7.711,7.755,7.807,7.854,7.9,7.955,8.006,8.062,8.105,8.164,8.219,8.271,8.315,8.371,8.425,8.486,8.577,8.649,8.735,8.851,8.943,9.055,9.235,9.348,9.522,9.765,10.103,10.954
824,OTH FP,2.682,3.65,4.027,4.202,4.397,4.57,4.688,4.791,4.888,4.979,5.052,5.131,5.196,5.247,5.307,5.363,5.432,5.481,5.531,5.584,5.629,5.685,5.736,5.786,5.83,5.884,5.94,5.981,6.022,6.059,6.096,6.126,6.174,6.219,6.251,6.287,6.326,6.36,6.395,6.423,6.457,6.494,6.523,6.552,6.59,6.623,6.652,6.689,6.717,6.758,6.796,6.847,6.871,6.904,6.945,6.98,7.011,7.051,7.087,7.12,7.155,7.187,7.225,7.27,7.308,7.346,7.393,7.429,7.469,7.515,7.564,7.595,7.638,7.686,7.734,7.763,7.815,7.856,7.897,7.945,8.0,8.049,8.108,8.165,8.224,8.289,8.357,8.427,8.486,8.572,8.644,8.713,8.816,8.914,9.022,9.152,9.286,9.55,9.785,10.14,10.845
825,OTH FP,2.682,3.65,4.027,4.202,4.397,4.57,4.688,4.791,4.888,4.979,5.052,5.131,5.196,5.247,5.307,5.363,5.432,5.481,5.531,5.584,5.629,5.685,5.736,5.786,5.83,5.884,5.94,5.981,6.022,6.059,6.096,6.126,6.174,6.219,6.251,6.287,6.326,6.36,6.395,6.423,6.457,6.494,6.523,6.552,6.59,6.623,6.652,6.689,6.717,6.758,6.796,6.847,6.871,6.904,6.945,6.98,7.011,7.051,7.087,7.12,7.155,7.187,7.225,7.27,7.308,7.346,7.393,7.429,7.469,7.515,7.564,7.595,7.638,7.686,7.734,7.763,7.815,7.856,7.897,7.945,8.0,8.049,8.108,8.165,8.224,8.289,8.357,8.427,8.486,8.572,8.644,8.713,8.816,8.914,9.022,9.152,9.286,9.55,9.785,10.14,10.845
826,OTH FP,2.406,3.666,4.037,4.229,4.384,4.536,4.636,4.731,4.816,4.897,4.97,5.051,5.113,5.189,5.269,5.329,5.386,5.436,5.49,5.547,5.606,5.647,5.706,5.755,5.793,5.839,5.885,5.926,5.971,6.023,6.052,6.094,6.133,6.162,6.2,6.24,6.289,6.324,6.36,6.407,6.443,6.485,6.521,6.561,6.596,6.626,6.655,6.688,6.716,6.749,6.778,6.807,6.842,6.875,6.907,6.95,6.99,7.021,7.056,7.078,7.117,7.161,7.197,7.221,7.259,7.296,7.343,7.388,7.431,7.467,7.505,7.549,7.595,7.634,7.676,7.725,7.774,7.825,7.872,7.91,7.945,8.005,8.061,8.123,8.187,8.256,8.305,8.364,8.437,8.503,8.58,8.681,8.779,8.893,8.986,9.097,9.265,9.469,9.723,10.018,11.019
827,OTH FP,2.406,3.666,4.037,4.229,4.384,4.536,4.636,4.731,4.816,4.897,4.97,5.051,5.113,5.189,5.269,5.329,5.386,5.436,5.49,5.547,5.606,5.647,5.706,5.755,5.793,5.839,5.885,5.926,5.971,6.023,6.052,6.094,6.133,6.162,6.2,6.24,6.289,6.324,6.36,6.407,6.443,6.485,6.521,6.561,6.596,6.626,6.655,6.688,6.716,6.749,6.778,6.807,6.842,6.875,6.907,6.95,6.99,7.021,7.056,7.078,7.117,7.161,7.197,7.221,7.259,7.296,7.343,7.388,7.431,7.467,7.505,7.549,7.595,7.634,7.676,7.725,7.774,7.825,7.872,7.91,7.945,8.005,8.061,8.123,8.187,8.256,8.305,8.364,8.437,8.503,8.58,8.681,8.779,8.893,8.986,9.097,9.265,9.469,9.723,10.018,11.019
828,OTH FP,2.404,3.577,3.932,4.149,4.31,4.434,4.556,4.67,4.781,4.843,4.926,4.992,5.074,5.151,5.209,5.288,5.355,5.406,5.463,5.525,5.569,5.615,5.661,5.709,5.752,5.802,5.858,5.901,5.942,5.99,6.023,6.058,6.098,6.135,6.165,6.205,6.256,6.294,6.332,6.384,6.418,6.453,6.488,6.52,6.552,6.589,6.631,6.664,6.695,6.728,6.755,6.789,6.829,6.863,6.895,6.932,6.962,6.995,7.028,7.06,7.096,7.13,7.162,7.201,7.235,7.282,7.337,7.372,7.404,7.441,7.481,7.512,7.551,7.588,7.629,7.678,7.732,7.785,7.848,7.904,7.954,7.994,8.053,8.099,8.149,8.209,8.276,8.334,8.395,8.466,8.541,8.619,8.7,8.825,8.95,9.116,9.266,9.436,9.621,9.979,10.771
829,OTH FP,2.404,3.577,3.932,4.149,4.31,4.434,4.556,4.67,4.781,4.843,4.926,4.992,5.074,5.151,5.209,5.288,5.355,5.406,5.463,5.525,5.569,5.615,5.661,5.709,5.752,5.802,5.858,5.901,5.942,5.99,6.023,6.058,6.098,6.135,6.165,6.205,6.256,6.294,6.332,6.384,6.418,6.453,6.488,6.52,6.552,6.589,6.631,6.664,6.695,6.728,6.755,6.789,6.829,6.863,6.895,6.932,6.962,6.995,7.028,7.06,7.096,7.13,7.162,7.201,7.235,7.282,7.337,7.372,7.404,7.441,7.481,7.512,7.551,7.588,7.629,7.678,7.732,7.785,7.848,7.904,7.954,7.994,8.053,8.099,8.149,8.209,8.276,8.334,8.395,8.466,8.541,8.619,8.7,8.825,8.95,9.116,9.266,9.436,9.621,9.979,10.771
830,OTH FP,2.636,3.556,3.885,4.097,4.281,4.39,4.509,4.615,4.734,4.805,4.885,4.954,5.018,5.1,5.17,5.241,5.303,5.348,5.392,5.438,5.492,5.532,5.598,5.652,5.704,5.75,5.795,5.836,5.879,5.912,5.959,6.0,6.042,6.093,6.144,6.181,6.213,6.256,6.296,6.327,6.378,6.42,6.467,6.511,6.546,6.575,6.602,6.638,6.676,6.698,6.736,6.778,6.798,6.834,6.866,6.9,6.932,6.966,7.0,7.043,7.085,7.12,7.159,7.182,7.22,7.262,7.3,7.344,7.381,7.417,7.46,7.493,7.53,7.579,7.623,7.675,7.718,7.762,7.812,7.855,7.905,7.954,7.993,8.049,8.103,8.162,8.238,8.302,8.369,8.467,8.516,8.614,8.712,8.807,8.938,9.051,9.2,9.387,9.661,10.045,10.818
831,OTH FP,2.636,3.556,3.885,4.097,4.281,4.39,4.509,4.615,4.734,4.805,4.885,4.954,5.018,5.1,5.17,5.241,5.303,5.348,5.392,5.438,5.492,5.532,5.598,5.652,5.704,5.75,5.795,5.836,5.879,5.912,5.959,6.0,6.042,6.093,6.144,6.181,6.213,6.256,6.296,6.327,6.378,6.42,6.467,6.511,6.546,6.575,6.602,6.638,6.676,6.698,6.736,6.778,6.798,6.834,6.866,6.9,6.932,6.966,7.0,7.043,7.085,7.12,7.159,7.182,7.22,7.262,7.3,7.344,7.381,7.417,7.46,7.493,7.53,7.579,7.623,7.675,7.718,7.762,7.812,7.855,7.905,7.954,7.993,8.049,8.103,8.162,8.238,8.302,8.369,8.467,8.516,8.614,8.712,8.807,8.938,9.051,9.2,9.387,9.661,10.045,10.818
832,OTH FP,2.588,3.528,3.841,4.096,4.266,4.371,4.499,4.605,4.703,4.771,4.853,4.91,4.996,5.063,5.124,5.183,5.237,5.309,5.373,5.417,5.465,5.51,5.551,5.606,5.658,5.721,5.765,5.804,5.848,5.899,5.949,5.992,6.027,6.062,6.098,6.138,6.175,6.212,6.258,6.296,6.34,6.372,6.412,6.44,6.473,6.513,6.549,6.583,6.617,6.658,6.696,6.731,6.758,6.798,6.834,6.872,6.907,6.944,6.987,7.023,7.063,7.096,7.144,7.186,7.224,7.253,7.289,7.312,7.344,7.378,7.419,7.458,7.509,7.544,7.585,7.625,7.665,7.72,7.755,7.812,7.869,7.918,7.972,8.027,8.095,8.151,8.206,8.282,8.347,8.428,8.496,8.594,8.71,8.789,8.901,9.015,9.149,9.397,9.542,9.966,11.297
833,OTH FP,2.588,3.528,3.841,4.096,4.266,4.371,4.499,4.605,4.703,4.771,4.853,4.91,4.996,5.063,5.124,5.183,5.237,5.309,5.373,5.417,5.465,5.51,5.551,5.606,5.658,5.721,5.765,5.804,5.848,5.899,5.949,5.992,6.027,6.062,6.098,6.138,6.175,6.212,6.258,6.296,6.34,6.372,6.412,6.44,6.473,6.513,6.549,6.583,6.617,6.658,6.696,6.731,6.758,6.798,6.834,6.872,6.907,6.944,6.987,7.023,7.063,7.096,7.144,7.186,7.224,7.253,7.289,7.312,7.344,7.378,7.419,7.458,7.509,7.544,7.585,7.625,7.665,7.72,7.755,7.812,7.869,7.918,7.972,8.027,8.095,8.151,8.206,8.282,8.347,8.428,8.496,8.594,8.71,8.789,8.901,9.015,9.149,9.397,9.542,9.966,11.297
834,OTH FP,2.664,3.346,3.812,4.058,4.184,4.299,4.428,4.524,4.673,4.748,4.817,4.883,4.981,5.041,5.086,5.135,5.207,5.269,5.327,5.381,5.432,5.496,5.552,5.598,5.638,5.672,5.721,5.764,5.804,5.837,5.883,5.923,5.965,6.008,6.054,6.091,6.133,6.171,6.209,6.252,6.284,6.317,6.359,6.396,6.44,6.479,6.522,6.55,6.596,6.629,6.668,6.702,6.737,6.775,6.808,6.843,6.872,6.904,6.949,6.99,7.031,7.072,7.115,7.166,7.198,7.239,7.275,7.319,7.355,7.392,7.427,7.462,7.502,7.544,7.576,7.617,7.664,7.713,7.762,7.815,7.86,7.893,7.947,8.008,8.061,8.115,8.179,8.244,8.311,8.385,8.478,8.572,8.677,8.75,8.893,9.006,9.15,9.323,9.5,9.886,11.094
835,OTH FP,2.664,3.346,3.812,4.058,4.184,4.299,4.428,4.524,4.673,4.748,4.817,4.883,4.981,5.041,5.086,5.135,5.207,5.269,5.327,5.381,5.432,5.496,5.552,5.598,5.638,5.672,5.721,5.764,5.804,5.837,5.883,5.923,5.965,6.008,6.054,6.091,6.133,6.171,6.209,6.252,6.284,6.317,6.359,6.396,6.44,6.479,6.522,6.55,6.596,6.629,6.668,6.702,6.737,6.775,6.808,6.843,6.872,6.904,6.949,6.99,7.031,7.072,7.115,7.166,7.198,7.239,7.275,7.319,7.355,7.392,7.427,7.462,7.502,7.544,7.576,7.617,7.664,7.713,7.762,7.815,7.86,7.893,7.947,8.008,8.061,8.115,8.179,8.244,8.311,8.385,8.478,8.572,8.677,8.75,8.893,9.006,9.15,9.323,9.5,9.886,11.094
836,OTH FP,2.645,3.397,3.784,4.01,4.143,4.31,4.403,4.52,4.616,4.7,4.789,4.855,4.926,4.995,5.062,5.119,5.173,5.229,5.284,5.335,5.402,5.458,5.512,5.564,5.611,5.654,5.705,5.739,5.779,5.821,5.866,5.897,5.947,5.978,6.02,6.052,6.088,6.128,6.183,6.22,6.252,6.306,6.338,6.369,6.402,6.436,6.473,6.509,6.539,6.577,6.627,6.662,6.692,6.747,6.783,6.837,6.869,6.909,6.958,6.999,7.04,7.065,7.099,7.135,7.169,7.204,7.226,7.265,7.295,7.333,7.377,7.432,7.473,7.515,7.549,7.601,7.643,7.697,7.743,7.788,7.836,7.895,7.951,7.997,8.047,8.093,8.162,8.22,8.269,8.323,8.414,8.504,8.612,8.715,8.829,8.943,9.096,9.267,9.465,9.934,11.288
837,OTH FP,2.645,3.397,3.784,4.01,4.143,4.31,4.403,4.52,4.616,4.7,4.789,4.855,4.926,4.995,5.062,5.119,5.173,5.229,5.284,5.335,5.402,5.458,5.512,5.564,5.611,5.654,5.705,5.739,5.779,5.821,5.866,5.897,5.947,5.978,6.02,6.052,6.088,6.128,6.183,6.22,6.252,6.306,6.338,6.369,6.402,6.436,6.473,6.509,6.539,6.577,6.627,6.662,6.692,6.747,6.783,6.837,6.869,6.909,6.958,6.999,7.04,7.065,7.099,7.135,7.169,7.204,7.226,7.265,7.295,7.333,7.377,7.432,7.473,7.515,7.549,7.601,7.643,7.697,7.743,7.788,7.836,7.895,7.951,7.997,8.047,8.093,8.162,8.22,8.269,8.323,8.414,8.504,8.612,8.715,8.829,8.943,9.096,9.267,9.465,9.934,11.288
838,OTH FP,2.714,3.422,3.736,3.962,4.091,4.28,4.4,4.505,4.58,4.661,4.775,4.841,4.92,4.985,5.045,5.114,5.173,5.23,5.28,5.325,5.379,5.424,5.475,5.527,5.579,5.624,5.681,5.72,5.76,5.8,5.836,5.884,5.916,5.946,5.98,6.029,6.07,6.108,6.153,6.197,6.238,6.267,6.305,6.344,6.377,6.418,6.449,6.481,6.514,6.557,6.593,6.631,6.665,6.688,6.732,6.774,6.808,6.848,6.899,6.939,6.976,7.022,7.068,7.096,7.126,7.164,7.212,7.251,7.295,7.338,7.376,7.421,7.465,7.499,7.546,7.602,7.64,7.688,7.721,7.781,7.829,7.871,7.916,7.97,8.022,8.066,8.117,8.181,8.24,8.31,8.38,8.462,8.545,8.638,8.738,8.867,9.001,9.2,9.442,9.901,11.384
839,OTH FP,2.714,3.422,3.736,3.962,4.091,4.28,4.4,4.505,4.58,4.661,4.775,4.841,4.92,4.985,5.045,5.114,5.173,5.23,5.28,5.325,5.379,5.424,5.475,5.527,5.579,5.624,5.681,5.72,5.76,5.8,5.836,5.884,5.916,5.946,5.98,6.029,6.07,6.108,6.153,6.197,6.238,6.267,6.305,6.344,6.377,6.418,6.449,6.481,6.514,6.557,6.593,6.631,6.665,6.688,6.732,6.774,6.808,6.848,6.899,6.939,6.976,7.022,7.068,7.096,7.126,7.164,7.212,7.251,7.295,7.338,7.376,7.421,7.465,7.499,7.546,7.602,7.64,7.688,7.721,7.781,7.829,7.871,7.916,7.97,8.022,8.066,8.117,8.181,8.24,8.31,8.38,8.462,8.545,8.638,8.738,8.867,9.001,9.2,9.442,9.901,11.384
840,OTH FP,2.645,3.416,3.717,3.97,4.132,4.274,4.416,4.533,4.624,4.692,4.763,4.831,4.889,4.92,4.995,5.067,5.127,5.192,5.243,5.302,5.354,5.405,5.463,5.507,5.553,5.602,5.629,5.673,5.709,5.762,5.804,5.836,5.88,5.915,5.961,5.99,6.026,6.077,6.119,6.157,6.198,6.241,6.274,6.313,6.345,6.375,6.406,6.44,6.476,6.515,6.542,6.578,6.621,6.65,6.683,6.725,6.765,6.802,6.838,6.878,6.921,6.963,6.997,7.039,7.079,7.123,7.176,7.205,7.247,7.285,7.325,7.376,7.426,7.468,7.505,7.545,7.601,7.645,7.682,7.739,7.771,7.822,7.878,7.934,7.986,8.041,8.105,8.173,8.262,8.331,8.402,8.458,8.551,8.64,8.743,8.842,8.949,9.103,9.403,9.777,11.097
841,OTH FP,2.645,3.416,3.717,3.97,4.132,4.274,4.416,4.533,4.624,4.692,4.763,4.831,4.889,4.92,4.995,5.067,5.127,5.192,5.243,5.302,5.354,5.405,5.463,5.507,5.553,5.602,5.629,5.673,5.709,5.762,5.804,5.836,5.88,5.915,5.961,5.99,6.026,6.077,6.119,6.157,6.198,6.241,6.274,6.313,6.345,6.375,6.406,6.44,6.476,6.515,6.542,6.578,6.621,6.65,6.683,6.725,6.765,6.802,6.838,6.878,6.921,6.963,6.997,7.039,7.079,7.123,7.176,7.205,7.247,7.285,7.325,7.376,7.426,7.468,7.505,7.545,7.601,7.645,7.682,7.739,7.771,7.822,7.878,7.934,7.986,8.041,8.105,8.173,8.262,8.331,8.402,8.458,8.551,8.64,8.743,8.842,8.949,9.103,9.403,9.777,11.097
842,OTH FP,2.736,3.387,3.698,3.915,4.07,4.254,4.376,4.476,4.57,4.638,4.716,4.781,4.845,4.908,4.986,5.065,5.12,5.185,5.24,5.302,5.355,5.389,5.422,5.469,5.519,5.56,5.609,5.65,5.696,5.741,5.787,5.823,5.863,5.91,5.948,5.989,6.021,6.058,6.097,6.135,6.163,6.206,6.24,6.284,6.323,6.354,6.391,6.421,6.463,6.503,6.541,6.581,6.606,6.632,6.665,6.697,6.745,6.788,6.817,6.852,6.887,6.914,6.947,6.983,7.015,7.065,7.117,7.161,7.206,7.244,7.277,7.32,7.366,7.403,7.453,7.493,7.531,7.561,7.613,7.665,7.71,7.768,7.807,7.871,7.941,7.998,8.049,8.124,8.187,8.259,8.324,8.422,8.512,8.613,8.711,8.843,8.947,9.148,9.401,9.749,10.843
843,OTH FP,2.736,3.387,3.698,3.915,4.07,4.254,4.376,4.476,4.57,4.638,4.716,4.781,4.845,4.908,4.986,5.065,5.12,5.185,5.24,5.302,5.355,5.389,5.422,5.469,5.519,5.56,5.609,5.65,5.696,5.741,5.787,5.823,5.863,5.91,5.948,5.989,6.021,6.058,6.097,6.135,6.163,6.206,6.24,6.284,6.323,6.354,6.391,6.421,6.463,6.503,6.541,6.581,6.606,6.632,6.665,6.697,6.745,6.788,6.817,6.852,6.887,6.914,6.947,6.983,7.015,7.065,7.117,7.161,7.206,7.244,7.277,7.32,7.366,7.403,7.453,7.493,7.531,7.561,7.613,7.665,7.71,7.768,7.807,7.871,7.941,7.998,8.049,8.124,8.187,8.259,8.324,8.422,8.512,8.613,8.711,8.843,8.947,9.148,9.401,9.749,10.843
844,OTH FP,2.497,3.286,3.676,3.872,4.069,4.212,4.331,4.439,4.532,4.607,4.696,4.766,4.824,4.903,4.954,5.021,5.069,5.134,5.209,5.256,5.298,5.341,5.397,5.434,5.492,5.541,5.591,5.622,5.672,5.698,5.737,5.774,5.832,5.872,5.904,5.941,5.972,6.027,6.051,6.109,6.154,6.194,6.23,6.261,6.3,6.339,6.366,6.402,6.43,6.473,6.509,6.535,6.567,6.602,6.643,6.688,6.715,6.755,6.78,6.814,6.84,6.877,6.927,6.976,7.002,7.037,7.07,7.112,7.149,7.179,7.218,7.251,7.293,7.339,7.391,7.425,7.471,7.512,7.57,7.616,7.671,7.725,7.77,7.832,7.896,7.954,8.003,8.076,8.14,8.222,8.295,8.37,8.452,8.582,8.679,8.778,8.91,9.108,9.346,9.687,11.025
845,OTH FP,2.497,3.286,3.676,3.872,4.069,4.212,4.331,4.439,4.532,4.607,4.696,4.766,4.824,4.903,4.954,5.021,5.069,5.134,5.209,5.256,5.298,5.341,5.397,5.434,5.492,5.541,5.591,5.622,5.672,5.698,5.737,5.774,5.832,5.872,5.904,5.941,5.972,6.027,6.051,6.109,6.154,6.194,6.23,6.261,6.3,6.339,6.366,6.402,6.43,6.473,6.509,6.535,6.567,6.602,6.643,6.688,6.715,6.755,6.78,6.814,6.84,6.877,6.927,6.976,7.002,7.037,7.07,7.112,7.149,7.179,7.218,7.251,7.293,7.339,7.391,7.425,7.471,7.512,7.57,7.616,7.671,7.725,7.77,7.832,7.896,7.954,8.003,8.076,8.14,8.222,8.295,8.37,8.452,8.582,8.679,8.778,8.91,9.108,9.346,9.687,11.025
846,OTH FP,2.474,3.347,3.63,3.849,4.017,4.166,4.287,4.391,4.485,4.575,4.667,4.732,4.797,4.864,4.933,4.998,5.064,5.12,5.163,5.225,5.28,5.33,5.367,5.415,5.468,5.509,5.556,5.591,5.622,5.664,5.713,5.757,5.805,5.845,5.88,5.911,5.949,5.988,6.03,6.068,6.109,6.141,6.18,6.212,6.239,6.279,6.313,6.357,6.394,6.433,6.473,6.513,6.546,6.574,6.599,6.641,6.678,6.714,6.748,6.792,6.829,6.865,6.905,6.929,6.969,7.005,7.037,7.07,7.106,7.14,7.181,7.213,7.252,7.294,7.338,7.39,7.425,7.466,7.512,7.561,7.61,7.656,7.717,7.766,7.819,7.881,7.929,8.002,8.09,8.14,8.239,8.319,8.413,8.526,8.621,8.759,8.872,9.071,9.315,9.663,10.883
847,OTH FP,2.474,3.347,3.63,3.849,4.017,4.166,4.287,4.391,4.485,4.575,4.667,4.732,4.797,4.864,4.933,4.998,5.064,5.12,5.163,5.225,5.28,5.33,5.367,5.415,5.468,5.509,5.556,5.591,5.622,5.664,5.713,5.757,5.805,5.845,5.88,5.911,5.949,5.988,6.03,6.068,6.109,6.141,6.18,6.212,6.239,6.279,6.313,6.357,6.394,6.433,6.473,6.513,6.546,6.574,6.599,6.641,6.678,6.714,6.748,6.792,6.829,6.865,6.905,6.929,6.969,7.005,7.037,7.07,7.106,7.14,7.181,7.213,7.252,7.294,7.338,7.39,7.425,7.466,7.512,7.561,7.61,7.656,7.717,7.766,7.819,7.881,7.929,8.002,8.09,8.14,8.239,8.319,8.413,8.526,8.621,8.759,8.872,9.071,9.315,9.663,10.883
848,OTH FP,2.643,3.321,3.607,3.833,3.971,4.132,4.235,4.348,4.453,4.572,4.656,4.721,4.776,4.839,4.929,4.977,5.044,5.103,5.161,5.205,5.258,5.33,5.372,5.419,5.458,5.5,5.547,5.596,5.639,5.679,5.724,5.757,5.791,5.825,5.858,5.896,5.93,5.971,6.001,6.051,6.084,6.119,6.159,6.197,6.241,6.281,6.312,6.347,6.378,6.416,6.45,6.479,6.515,6.547,6.589,6.621,6.658,6.696,6.728,6.76,6.799,6.833,6.855,6.886,6.923,6.954,6.988,7.034,7.07,7.103,7.135,7.174,7.214,7.263,7.295,7.334,7.379,7.423,7.471,7.52,7.587,7.631,7.696,7.743,7.785,7.839,7.896,7.958,8.037,8.106,8.207,8.278,8.376,8.46,8.584,8.696,8.87,9.064,9.298,9.694,10.728
849,OTH FP,2.643,3.321,3.607,3.833,3.971,4.132,4.235,4.348,4.453,4.572,4.656,4.721,4.776,4.839,4.929,4.977,5.044,5.103,5.161,5.205,5.258,5.33,5.372,5.419,5.458,5.5,5.547,5.596,5.639,5.679,5.724,5.757,5.791,5.825,5.858,5.896,5.93,5.971,6.001,6.051,6.084,6.119,6.159,6.197,6.241,6.281,6.312,6.347,6.378,6.416,6.45,6.479,6.515,6.547,6.589,6.621,6.658,6.696,6.728,6.76,6.799,6.833,6.855,6.886,6.923,6.954,6.988,7.034,7.07,7.103,7.135,7.174,7.214,7.263,7.295,7.334,7.379,7.423,7.471,7.52,7.587,7.631,7.696,7.743,7.785,7.839,7.896,7.958,8.037,8.106,8.207,8.278,8.376,8.46,8.584,8.696,8.87,9.064,9.298,9.694,10.728
850,OTH FP,2.5,3.287,3.616,3.83,3.973,4.112,4.222,4.318,4.414,4.53,4.621,4.685,4.735,4.807,4.87,4.94,5.002,5.072,5.124,5.172,5.23,5.286,5.329,5.378,5.448,5.485,5.527,5.56,5.596,5.644,5.69,5.731,5.761,5.797,5.834,5.875,5.908,5.949,5.981,6.019,6.045,6.079,6.124,6.164,6.202,6.239,6.272,6.309,6.344,6.384,6.416,6.448,6.483,6.513,6.537,6.561,6.594,6.621,6.658,6.694,6.729,6.761,6.792,6.829,6.862,6.898,6.929,6.973,7.013,7.056,7.091,7.128,7.184,7.222,7.263,7.312,7.342,7.39,7.436,7.486,7.532,7.576,7.629,7.675,7.741,7.795,7.87,7.927,7.991,8.065,8.149,8.231,8.299,8.394,8.521,8.628,8.819,8.973,9.169,9.591,10.602
851,OTH FP,2.5,3.287,3.616,3.83,3.973,4.112,4.222,4.318,4.414,4.53,4.621,4.685,4.735,4.807,4.87,4.94,5.002,5.072,5.124,5.172,5.23,5.286,5.329,5.378,5.448,5.485,5.527,5.56,5.596,5.644,5.69,5.731,5.761,5.797,5.834,5.875,5.908,5.949,5.981,6.019,6.045,6.079,6.124,6.164,6.202,6.239,6.272,6.309,6.344,6.384,6.416,6.448,6.483,6.513,6.537,6.561,6.594,6.621,6.658,6.694,6.729,6.761,6.792,6.829,6.862,6.898,6.929,6.973,7.013,7.056,7.091,7.128,7.184,7.222,7.263,7.312,7.342,7.39,7.436,7.486,7.532,7.576,7.629,7.675,7.741,7.795,7.87,7.927,7.991,8.065,8.149,8.231,8.299,8.394,8.521,8.628,8.819,8.973,9.169,9.591,10.602
852,OTH FP,2.519,3.318,3.668,3.878,4.016,4.142,4.254,4.357,4.447,4.537,4.611,4.683,4.755,4.82,4.891,4.949,4.999,5.054,5.11,5.172,5.226,5.279,5.32,5.362,5.394,5.444,5.482,5.543,5.579,5.621,5.651,5.685,5.733,5.759,5.793,5.836,5.869,5.898,5.928,5.956,5.989,6.029,6.066,6.107,6.147,6.18,6.218,6.257,6.296,6.33,6.375,6.406,6.443,6.478,6.522,6.567,6.601,6.631,6.665,6.699,6.729,6.76,6.79,6.826,6.855,6.891,6.926,6.964,7.006,7.042,7.085,7.123,7.156,7.206,7.24,7.286,7.322,7.359,7.399,7.458,7.511,7.558,7.603,7.654,7.698,7.76,7.824,7.876,7.933,7.994,8.079,8.157,8.254,8.378,8.494,8.633,8.755,8.911,9.173,9.504,10.644
853,OTH FP,2.519,3.318,3.668,3.878,4.016,4.142,4.254,4.357,4.447,4.537,4.611,4.683,4.755,4.82,4.891,4.949,4.999,5.054,5.11,5.172,5.226,5.279,5.32,5.362,5.394,5.444,5.482,5.543,5.579,5.621,5.651,5.685,5.733,5.759,5.793,5.836,5.869,5.898,5.928,5.956,5.989,6.029,6.066,6.107,6.147,6.18,6.218,6.257,6.296,6.33,6.375,6.406,6.443,6.478,6.522,6.567,6.601,6.631,6.665,6.699,6.729,6.76,6.79,6.826,6.855,6.891,6.926,6.964,7.006,7.042,7.085,7.123,7.156,7.206,7.24,7.286,7.322,7.359,7.399,7.458,7.511,7.558,7.603,7.654,7.698,7.76,7.824,7.876,7.933,7.994,8.079,8.157,8.254,8.378,8.494,8.633,8.755,8.911,9.173,9.504,10.644
854,OTH FP,2.487,3.374,3.679,3.823,3.974,4.129,4.242,4.334,4.417,4.501,4.577,4.642,4.714,4.788,4.855,4.916,4.978,5.026,5.093,5.135,5.194,5.232,5.283,5.345,5.392,5.441,5.484,5.525,5.57,5.601,5.634,5.67,5.703,5.742,5.778,5.817,5.849,5.874,5.913,5.948,5.983,6.016,6.048,6.072,6.104,6.137,6.172,6.208,6.245,6.294,6.333,6.376,6.412,6.433,6.467,6.51,6.547,6.588,6.625,6.653,6.685,6.716,6.742,6.78,6.81,6.854,6.885,6.914,6.948,6.982,7.025,7.069,7.115,7.154,7.193,7.236,7.27,7.313,7.355,7.405,7.455,7.505,7.544,7.606,7.659,7.731,7.782,7.839,7.915,7.995,8.076,8.165,8.235,8.33,8.423,8.539,8.664,8.83,9.11,9.516,10.249
855,OTH FP,2.487,3.374,3.679,3.823,3.974,4.129,4.242,4.334,4.417,4.501,4.577,4.642,4.714,4.788,4.855,4.916,4.978,5.026,5.093,5.135,5.194,5.232,5.283,5.345,5.392,5.441,5.484,5.525,5.57,5.601,5.634,5.67,5.703,5.742,5.778,5.817,5.849,5.874,5.913,5.948,5.983,6.016,6.048,6.072,6.104,6.137,6.172,6.208,6.245,6.294,6.333,6.376,6.412,6.433,6.467,6.51,6.547,6.588,6.625,6.653,6.685,6.716,6.742,6.78,6.81,6.854,6.885,6.914,6.948,6.982,7.025,7.069,7.115,7.154,7.193,7.236,7.27,7.313,7.355,7.405,7.455,7.505,7.544,7.606,7.659,7.731,7.782,7.839,7.915,7.995,8.076,8.165,8.235,8.33,8.423,8.539,8.664,8.83,9.11,9.516,10.249
856,OTH FP,2.445,3.259,3.612,3.844,4.019,4.14,4.233,4.292,4.393,4.479,4.558,4.634,4.706,4.767,4.813,4.878,4.938,4.985,5.044,5.115,5.165,5.226,5.272,5.32,5.368,5.393,5.434,5.472,5.514,5.555,5.602,5.637,5.675,5.713,5.744,5.78,5.81,5.846,5.887,5.917,5.957,5.982,6.013,6.049,6.092,6.124,6.164,6.2,6.231,6.259,6.295,6.329,6.37,6.411,6.445,6.464,6.488,6.522,6.554,6.595,6.628,6.658,6.695,6.734,6.775,6.81,6.841,6.873,6.909,6.954,6.99,7.028,7.07,7.111,7.141,7.18,7.223,7.27,7.316,7.359,7.411,7.474,7.525,7.576,7.627,7.691,7.741,7.796,7.863,7.949,8.001,8.077,8.179,8.282,8.378,8.493,8.605,8.761,9.043,9.488,10.196
857,OTH FP,2.445,3.259,3.612,3.844,4.019,4.14,4.233,4.292,4.393,4.479,4.558,4.634,4.706,4.767,4.813,4.878,4.938,4.985,5.044,5.115,5.165,5.226,5.272,5.32,5.368,5.393,5.434,5.472,5.514,5.555,5.602,5.637,5.675,5.713,5.744,5.78,5.81,5.846,5.887,5.917,5.957,5.982,6.013,6.049,6.092,6.124,6.164,6.2,6.231,6.259,6.295,6.329,6.37,6.411,6.445,6.464,6.488,6.522,6.554,6.595,6.628,6.658,6.695,6.734,6.775,6.81,6.841,6.873,6.909,6.954,6.99,7.028,7.07,7.111,7.141,7.18,7.223,7.27,7.316,7.359,7.411,7.474,7.525,7.576,7.627,7.691,7.741,7.796,7.863,7.949,8.001,8.077,8.179,8.282,8.378,8.493,8.605,8.761,9.043,9.488,10.196
858,OTH FP,2.352,3.29,3.679,3.881,4.024,4.123,4.226,4.329,4.416,4.484,4.562,4.631,4.687,4.741,4.789,4.846,4.911,4.949,5.023,5.077,5.142,5.181,5.223,5.258,5.313,5.361,5.398,5.435,5.479,5.52,5.554,5.591,5.632,5.668,5.702,5.737,5.767,5.807,5.839,5.872,5.905,5.951,6.0,6.035,6.074,6.105,6.139,6.172,6.198,6.23,6.267,6.299,6.331,6.366,6.402,6.43,6.463,6.507,6.537,6.572,6.608,6.643,6.677,6.711,6.747,6.789,6.828,6.873,6.904,6.94,6.972,7.006,7.045,7.081,7.122,7.166,7.205,7.245,7.299,7.34,7.383,7.431,7.49,7.532,7.577,7.615,7.666,7.718,7.779,7.835,7.948,8.031,8.09,8.192,8.301,8.405,8.535,8.717,8.978,9.398,10.322
859,OTH FP,2.352,3.29,3.679,3.881,4.024,4.123,4.226,4.329,4.416,4.484,4.562,4.631,4.687,4.741,4.789,4.846,4.911,4.949,5.023,5.077,5.142,5.181,5.223,5.258,5.313,5.361,5.398,5.435,5.479,5.52,5.554,5.591,5.632,5.668,5.702,5.737,5.767,5.807,5.839,5.872,5.905,5.951,6.0,6.035,6.074,6.105,6.139,6.172,6.198,6.23,6.267,6.299,6.331,6.366,6.402,6.43,6.463,6.507,6.537,6.572,6.608,6.643,6.677,6.711,6.747,6.789,6.828,6.873,6.904,6.94,6.972,7.006,7.045,7.081,7.122,7.166,7.205,7.245,7.299,7.34,7.383,7.431,7.49,7.532,7.577,7.615,7.666,7.718,7.779,7.835,7.948,8.031,8.09,8.192,8.301,8.405,8.535,8.717,8.978,9.398,10.322
860,OTH FP,2.31,3.221,3.656,3.868,4.006,4.115,4.229,4.315,4.399,4.47,4.528,4.605,4.653,4.713,4.766,4.826,4.874,4.916,4.97,5.019,5.074,5.111,5.167,5.212,5.253,5.302,5.338,5.376,5.413,5.459,5.493,5.53,5.573,5.605,5.635,5.681,5.719,5.757,5.799,5.834,5.874,5.91,5.938,5.966,5.997,6.037,6.078,6.114,6.143,6.184,6.21,6.244,6.277,6.304,6.344,6.378,6.418,6.452,6.482,6.507,6.549,6.587,6.622,6.664,6.703,6.744,6.773,6.808,6.848,6.885,6.915,6.946,6.982,7.027,7.065,7.106,7.147,7.181,7.224,7.282,7.326,7.378,7.405,7.447,7.506,7.587,7.646,7.714,7.764,7.832,7.891,7.972,8.063,8.125,8.24,8.339,8.485,8.728,8.914,9.284,10.274
861,OTH FP,2.31,3.221,3.656,3.868,4.006,4.115,4.229,4.315,4.399,4.47,4.528,4.605,4.653,4.713,4.766,4.826,4.874,4.916,4.97,5.019,5.074,5.111,5.167,5.212,5.253,5.302,5.338,5.376,5.413,5.459,5.493,5.53,5.573,5.605,5.635,5.681,5.719,5.757,5.799,5.834,5.874,5.91,5.938,5.966,5.997,6.037,6.078,6.114,6.143,6.184,6.21,6.244,6.277,6.304,6.344,6.378,6.418,6.452,6.482,6.507,6.549,6.587,6.622,6.664,6.703,6.744,6.773,6.808,6.848,6.885,6.915,6.946,6.982,7.027,7.065,7.106,7.147,7.181,7.224,7.282,7.326,7.378,7.405,7.447,7.506,7.587,7.646,7.714,7.764,7.832,7.891,7.972,8.063,8.125,8.24,8.339,8.485,8.728,8.914,9.284,10.274
862,OTH FP,2.153,3.25,3.572,3.76,3.935,4.065,4.153,4.234,4.326,4.408,4.467,4.535,4.592,4.657,4.72,4.777,4.834,4.872,4.91,4.956,4.996,5.03,5.087,5.136,5.185,5.234,5.275,5.309,5.355,5.399,5.433,5.467,5.504,5.543,5.583,5.629,5.662,5.697,5.729,5.772,5.802,5.838,5.878,5.914,5.944,5.975,6.006,6.046,6.082,6.109,6.137,6.173,6.21,6.252,6.287,6.316,6.352,6.381,6.42,6.452,6.482,6.521,6.556,6.595,6.621,6.657,6.691,6.73,6.766,6.798,6.83,6.871,6.902,6.945,6.979,7.023,7.059,7.104,7.145,7.194,7.242,7.287,7.34,7.412,7.444,7.513,7.561,7.631,7.711,7.8,7.889,7.949,8.025,8.104,8.191,8.326,8.46,8.593,8.858,9.22,10.12
863,OTH FP,2.153,3.25,3.572,3.76,3.935,4.065,4.153,4.234,4.326,4.408,4.467,4.535,4.592,4.657,4.72,4.777,4.834,4.872,4.91,4.956,4.996,5.03,5.087,5.136,5.185,5.234,5.275,5.309,5.355,5.399,5.433,5.467,5.504,5.543,5.583,5.629,5.662,5.697,5.729,5.772,5.802,5.838,5.878,5.914,5.944,5.975,6.006,6.046,6.082,6.109,6.137,6.173,6.21,6.252,6.287,6.316,6.352,6.381,6.42,6.452,6.482,6.521,6.556,6.595,6.621,6.657,6.691,6.73,6.766,6.798,6.83,6.871,6.902,6.945,6.979,7.023,7.059,7.104,7.145,7.194,7.242,7.287,7.34,7.412,7.444,7.513,7.561,7.631,7.711,7.8,7.889,7.949,8.025,8.104,8.191,8.326,8.46,8.593,8.858,9.22,10.12
864,OTH FP,2.3,3.185,3.478,3.711,3.884,4.001,4.1,4.195,4.281,4.371,4.436,4.491,4.544,4.615,4.663,4.712,4.759,4.812,4.848,4.901,4.941,4.985,5.035,5.084,5.126,5.167,5.207,5.252,5.288,5.329,5.371,5.411,5.443,5.485,5.521,5.557,5.599,5.637,5.67,5.705,5.741,5.776,5.808,5.842,5.872,5.905,5.936,5.974,6.009,6.047,6.082,6.118,6.145,6.176,6.201,6.23,6.274,6.31,6.345,6.383,6.421,6.451,6.48,6.511,6.533,6.574,6.606,6.648,6.688,6.728,6.758,6.8,6.836,6.881,6.926,6.964,7.007,7.049,7.095,7.139,7.173,7.218,7.274,7.321,7.373,7.432,7.503,7.563,7.634,7.7,7.772,7.855,7.941,8.043,8.146,8.276,8.417,8.553,8.718,9.127,10.177
865,OTH FP,2.3,3.185,3.478,3.711,3.884,4.001,4.1,4.195,4.281,4.371,4.436,4.491,4.544,4.615,4.663,4.712,4.759,4.812,4.848,4.901,4.941,4.985,5.035,5.084,5.126,5.167,5.207,5.252,5.288,5.329,5.371,5.411,5.443,5.485,5.521,5.557,5.599,5.637,5.67,5.705,5.741,5.776,5.808,5.842,5.872,5.905,5.936,5.974,6.009,6.047,6.082,6.118,6.145,6.176,6.201,6.23,6.274,6.31,6.345,6.383,6.421,6.451,6.48,6.511,6.533,6.574,6.606,6.648,6.688,6.728,6.758,6.8,6.836,6.881,6.926,6.964,7.007,7.049,7.095,7.139,7.173,7.218,7.274,7.321,7.373,7.432,7.503,7.563,7.634,7.7,7.772,7.855,7.941,8.043,8.146,8.276,8.417,8.553,8.718,9.127,10.177
866,OTH FP,1.948,3.109,3.427,3.652,3.792,3.93,4.036,4.117,4.192,4.273,4.35,4.406,4.469,4.542,4.609,4.661,4.701,4.758,4.816,4.846,4.898,4.955,5.012,5.044,5.083,5.122,5.158,5.201,5.236,5.284,5.333,5.371,5.406,5.439,5.488,5.518,5.557,5.588,5.625,5.659,5.689,5.716,5.757,5.788,5.823,5.856,5.892,5.919,5.95,5.981,6.011,6.043,6.074,6.107,6.147,6.184,6.218,6.25,6.281,6.316,6.353,6.382,6.418,6.463,6.49,6.531,6.567,6.61,6.641,6.679,6.715,6.753,6.794,6.828,6.871,6.911,6.944,6.98,7.043,7.104,7.149,7.186,7.233,7.282,7.348,7.4,7.451,7.509,7.581,7.658,7.715,7.774,7.838,7.93,8.036,8.158,8.287,8.48,8.685,9.082,10.142
867,OTH FP,1.948,3.109,3.427,3.652,3.792,3.93,4.036,4.117,4.192,4.273,4.35,4.406,4.469,4.542,4.609,4.661,4.701,4.758,4.816,4.846,4.898,4.955,5.012,5.044,5.083,5.122,5.158,5.201,5.236,5.284,5.333,5.371,5.406,5.439,5.488,5.518,5.557,5.588,5.625,5.659,5.689,5.716,5.757,5.788,5.823,5.856,5.892,5.919,5.95,5.981,6.011,6.043,6.074,6.107,6.147,6.184,6.218,6.25,6.281,6.316,6.353,6.382,6.418,6.463,6.49,6.531,6.567,6.61,6.641,6.679,6.715,6.753,6.794,6.828,6.871,6.911,6.944,6.98,7.043,7.104,7.149,7.186,7.233,7.282,7.348,7.4,7.451,7.509,7.581,7.658,7.715,7.774,7.838,7.93,8.036,8.158,8.287,8.48,8.685,9.082,10.142
868,OTH FP,1.848,3.066,3.377,3.608,3.748,3.87,3.979,4.061,4.155,4.254,4.343,4.4,4.467,4.549,4.605,4.662,4.714,4.77,4.823,4.857,4.902,4.949,5.002,5.043,5.081,5.13,5.182,5.222,5.266,5.305,5.335,5.381,5.418,5.448,5.487,5.517,5.556,5.587,5.619,5.652,5.691,5.73,5.763,5.797,5.84,5.869,5.901,5.943,5.978,6.009,6.046,6.067,6.102,6.139,6.176,6.205,6.239,6.272,6.308,6.341,6.373,6.409,6.444,6.478,6.511,6.549,6.582,6.611,6.652,6.688,6.728,6.766,6.802,6.845,6.875,6.907,6.958,7.011,7.051,7.099,7.156,7.208,7.253,7.305,7.349,7.398,7.441,7.534,7.597,7.675,7.746,7.83,7.908,7.994,8.1,8.218,8.338,8.485,8.724,9.086,10.185
869,OTH FP,1.848,3.066,3.377,3.608,3.748,3.87,3.979,4.061,4.155,4.254,4.343,4.4,4.467,4.549,4.605,4.662,4.714,4.77,4.823,4.857,4.902,4.949,5.002,5.043,5.081,5.13,5.182,5.222,5.266,5.305,5.335,5.381,5.418,5.448,5.487,5.517,5.556,5.587,5.619,5.652,5.691,5.73,5.763,5.797,5.84,5.869,5.901,5.943,5.978,6.009,6.046,6.067,6.102,6.139,6.176,6.205,6.239,6.272,6.308,6.341,6.373,6.409,6.444,6.478,6.511,6.549,6.582,6.611,6.652,6.688,6.728,6.766,6.802,6.845,6.875,6.907,6.958,7.011,7.051,7.099,7.156,7.208,7.253,7.305,7.349,7.398,7.441,7.534,7.597,7.675,7.746,7.83,7.908,7.994,8.1,8.218,8.338,8.485,8.724,9.086,10.185
870,OTH FP,2.053,3.044,3.371,3.583,3.719,3.891,3.986,4.085,4.173,4.247,4.313,4.382,4.456,4.523,4.59,4.642,4.696,4.753,4.814,4.863,4.919,4.963,5.007,5.055,5.107,5.156,5.188,5.234,5.266,5.312,5.341,5.378,5.408,5.447,5.48,5.514,5.547,5.58,5.612,5.645,5.688,5.728,5.776,5.807,5.842,5.878,5.917,5.949,5.981,6.011,6.042,6.072,6.108,6.137,6.177,6.203,6.232,6.261,6.299,6.327,6.371,6.401,6.435,6.471,6.516,6.543,6.584,6.633,6.671,6.706,6.742,6.773,6.821,6.852,6.894,6.943,6.988,7.031,7.081,7.127,7.168,7.214,7.266,7.324,7.371,7.432,7.506,7.569,7.634,7.706,7.796,7.858,7.967,8.058,8.152,8.277,8.386,8.54,8.713,9.169,10.543
871,OTH FP,2.053,3.044,3.371,3.583,3.719,3.891,3.986,4.085,4.173,4.247,4.313,4.382,4.456,4.523,4.59,4.642,4.696,4.753,4.814,4.863,4.919,4.963,5.007,5.055,5.107,5.156,5.188,5.234,5.266,5.312,5.341,5.378,5.408,5.447,5.48,5.514,5.547,5.58,5.612,5.645,5.688,5.728,5.776,5.807,5.842,5.878,5.917,5.949,5.981,6.011,6.042,6.072,6.108,6.137,6.177,6.203,6.232,6.261,6.299,6.327,6.371,6.401,6.435,6.471,6.516,6.543,6.584,6.633,6.671,6.706,6.742,6.773,6.821,6.852,6.894,6.943,6.988,7.031,7.081,7.127,7.168,7.214,7.266,7.324,7.371,7.432,7.506,7.569,7.634,7.706,7.796,7.858,7.967,8.058,8.152,8.277,8.386,8.54,8.713,9.169,10.543
872,OTH FP,2.061,2.973,3.391,3.653,3.798,3.927,4.007,4.089,4.171,4.258,4.332,4.406,4.502,4.554,4.612,4.668,4.726,4.775,4.832,4.876,4.919,4.955,5.004,5.063,5.101,5.14,5.169,5.209,5.251,5.293,5.332,5.37,5.414,5.449,5.489,5.523,5.565,5.599,5.645,5.685,5.724,5.755,5.785,5.814,5.841,5.875,5.904,5.948,5.99,6.017,6.06,6.088,6.117,6.159,6.201,6.233,6.263,6.299,6.34,6.371,6.408,6.436,6.469,6.499,6.532,6.558,6.606,6.639,6.669,6.705,6.745,6.796,6.831,6.869,6.911,6.962,7.009,7.055,7.103,7.149,7.202,7.254,7.311,7.36,7.417,7.473,7.522,7.594,7.649,7.711,7.784,7.862,7.955,8.074,8.179,8.313,8.486,8.604,8.787,9.104,10.657
873,OTH FP,2.061,2.973,3.391,3.653,3.798,3.927,4.007,4.089,4.171,4.258,4.332,4.406,4.502,4.554,4.612,4.668,4.726,4.775,4.832,4.876,4.919,4.955,5.004,5.063,5.101,5.14,5.169,5.209,5.251,5.293,5.332,5.37,5.414,5.449,5.489,5.523,5.565,5.599,5.645,5.685,5.724,5.755,5.785,5.814,5.841,5.875,5.904,5.948,5.99,6.017,6.06,6.088,6.117,6.159,6.201,6.233,6.263,6.299,6.34,6.371,6.408,6.436,6.469,6.499,6.532,6.558,6.606,6.639,6.669,6.705,6.745,6.796,6.831,6.869,6.911,6.962,7.009,7.055,7.103,7.149,7.202,7.254,7.311,7.36,7.417,7.473,7.522,7.594,7.649,7.711,7.784,7.862,7.955,8.074,8.179,8.313,8.486,8.604,8.787,9.104,10.657
874,OTH FP,2.084,2.957,3.369,3.568,3.748,3.907,4.038,4.101,4.2,4.272,4.364,4.441,4.495,4.536,4.594,4.661,4.711,4.769,4.825,4.874,4.928,4.967,5.017,5.068,5.105,5.136,5.188,5.232,5.276,5.32,5.346,5.385,5.427,5.465,5.506,5.549,5.587,5.614,5.651,5.69,5.721,5.756,5.789,5.818,5.848,5.883,5.914,5.945,5.978,6.018,6.043,6.081,6.118,6.162,6.199,6.23,6.258,6.289,6.338,6.38,6.411,6.448,6.487,6.523,6.555,6.586,6.615,6.667,6.704,6.741,6.77,6.807,6.85,6.891,6.935,6.971,7.025,7.073,7.122,7.169,7.208,7.246,7.301,7.35,7.4,7.467,7.519,7.591,7.654,7.737,7.814,7.878,7.976,8.056,8.172,8.307,8.47,8.618,8.873,9.228,10.425
875,OTH FP,2.084,2.957,3.369,3.568,3.748,3.907,4.038,4.101,4.2,4.272,4.364,4.441,4.495,4.536,4.594,4.661,4.711,4.769,4.825,4.874,4.928,4.967,5.017,5.068,5.105,5.136,5.188,5.232,5.276,5.32,5.346,5.385,5.427,5.465,5.506,5.549,5.587,5.614,5.651,5.69,5.721,5.756,5.789,5.818,5.848,5.883,5.914,5.945,5.978,6.018,6.043,6.081,6.118,6.162,6.199,6.23,6.258,6.289,6.338,6.38,6.411,6.448,6.487,6.523,6.555,6.586,6.615,6.667,6.704,6.741,6.77,6.807,6.85,6.891,6.935,6.971,7.025,7.073,7.122,7.169,7.208,7.246,7.301,7.35,7.4,7.467,7.519,7.591,7.654,7.737,7.814,7.878,7.976,8.056,8.172,8.307,8.47,8.618,8.873,9.228,10.425
876,OTH FP,1.988,2.93,3.324,3.612,3.728,3.88,3.979,4.067,4.168,4.247,4.323,4.398,4.464,4.542,4.589,4.642,4.708,4.755,4.809,4.864,4.909,4.952,5.007,5.043,5.088,5.136,5.179,5.23,5.264,5.308,5.342,5.38,5.419,5.448,5.487,5.533,5.572,5.603,5.631,5.672,5.717,5.758,5.784,5.819,5.852,5.886,5.917,5.956,5.99,6.022,6.055,6.089,6.114,6.151,6.196,6.227,6.252,6.285,6.322,6.355,6.395,6.431,6.46,6.506,6.551,6.589,6.631,6.668,6.706,6.75,6.783,6.817,6.855,6.891,6.925,6.966,7.008,7.061,7.106,7.165,7.201,7.256,7.302,7.352,7.411,7.48,7.551,7.625,7.681,7.755,7.819,7.922,8.005,8.079,8.161,8.297,8.456,8.633,8.873,9.223,10.539
877,OTH FP,1.988,2.93,3.324,3.612,3.728,3.88,3.979,4.067,4.168,4.247,4.323,4.398,4.464,4.542,4.589,4.642,4.708,4.755,4.809,4.864,4.909,4.952,5.007,5.043,5.088,5.136,5.179,5.23,5.264,5.308,5.342,5.38,5.419,5.448,5.487,5.533,5.572,5.603,5.631,5.672,5.717,5.758,5.784,5.819,5.852,5.886,5.917,5.956,5.99,6.022,6.055,6.089,6.114,6.151,6.196,6.227,6.252,6.285,6.322,6.355,6.395,6.431,6.46,6.506,6.551,6.589,6.631,6.668,6.706,6.75,6.783,6.817,6.855,6.891,6.925,6.966,7.008,7.061,7.106,7.165,7.201,7.256,7.302,7.352,7.411,7.48,7.551,7.625,7.681,7.755,7.819,7.922,8.005,8.079,8.161,8.297,8.456,8.633,8.873,9.223,10.539
878,OTH FP,2.056,2.966,3.37,3.576,3.776,3.927,4.002,4.104,4.182,4.256,4.324,4.379,4.44,4.519,4.584,4.642,4.697,4.756,4.821,4.877,4.925,4.971,5.013,5.051,5.086,5.131,5.174,5.208,5.262,5.3,5.34,5.381,5.426,5.463,5.509,5.55,5.581,5.615,5.647,5.673,5.716,5.752,5.782,5.819,5.855,5.89,5.933,5.956,5.989,6.014,6.048,6.087,6.12,6.158,6.186,6.229,6.267,6.295,6.333,6.364,6.412,6.451,6.493,6.529,6.56,6.598,6.63,6.668,6.721,6.76,6.807,6.839,6.872,6.915,6.958,6.987,7.044,7.083,7.143,7.202,7.249,7.295,7.338,7.401,7.45,7.496,7.561,7.617,7.682,7.743,7.825,7.929,8.018,8.127,8.215,8.361,8.505,8.705,8.936,9.336,10.41
879,OTH FP,2.056,2.966,3.37,3.576,3.776,3.927,4.002,4.104,4.182,4.256,4.324,4.379,4.44,4.519,4.584,4.642,4.697,4.756,4.821,4.877,4.925,4.971,5.013,5.051,5.086,5.131,5.174,5.208,5.262,5.3,5.34,5.381,5.426,5.463,5.509,5.55,5.581,5.615,5.647,5.673,5.716,5.752,5.782,5.819,5.855,5.89,5.933,5.956,5.989,6.014,6.048,6.087,6.12,6.158,6.186,6.229,6.267,6.295,6.333,6.364,6.412,6.451,6.493,6.529,6.56,6.598,6.63,6.668,6.721,6.76,6.807,6.839,6.872,6.915,6.958,6.987,7.044,7.083,7.143,7.202,7.249,7.295,7.338,7.401,7.45,7.496,7.561,7.617,7.682,7.743,7.825,7.929,8.018,8.127,8.215,8.361,8.505,8.705,8.936,9.336,10.41
880,OTH FP,1.997,3.009,3.391,3.626,3.775,3.908,4.005,4.088,4.168,4.249,4.329,4.398,4.471,4.526,4.585,4.644,4.682,4.731,4.791,4.851,4.907,4.956,5.015,5.057,5.094,5.14,5.182,5.221,5.272,5.317,5.347,5.387,5.417,5.46,5.499,5.536,5.582,5.615,5.657,5.7,5.731,5.772,5.803,5.839,5.872,5.907,5.94,5.982,6.017,6.049,6.085,6.121,6.156,6.187,6.232,6.264,6.298,6.324,6.361,6.389,6.432,6.467,6.49,6.534,6.569,6.603,6.639,6.679,6.707,6.74,6.773,6.821,6.866,6.9,6.954,6.999,7.054,7.089,7.14,7.198,7.241,7.298,7.348,7.392,7.44,7.486,7.55,7.623,7.69,7.757,7.843,7.926,8.006,8.124,8.264,8.405,8.539,8.77,9.036,9.345,10.346
881,OTH FP,1.997,3.009,3.391,3.626,3.775,3.908,4.005,4.088,4.168,4.249,4.329,4.398,4.471,4.526,4.585,4.644,4.682,4.731,4.791,4.851,4.907,4.956,5.015,5.057,5.094,5.14,5.182,5.221,5.272,5.317,5.347,5.387,5.417,5.46,5.499,5.536,5.582,5.615,5.657,5.7,5.731,5.772,5.803,5.839,5.872,5.907,5.94,5.982,6.017,6.049,6.085,6.121,6.156,6.187,6.232,6.264,6.298,6.324,6.361,6.389,6.432,6.467,6.49,6.534,6.569,6.603,6.639,6.679,6.707,6.74,6.773,6.821,6.866,6.9,6.954,6.999,7.054,7.089,7.14,7.198,7.241,7.298,7.348,7.392,7.44,7.486,7.55,7.623,7.69,7.757,7.843,7.926,8.006,8.124,8.264,8.405,8.539,8.77,9.036,9.345,10.346
882,OTH FP,2.111,2.973,3.367,3.597,3.761,3.904,3.994,4.062,4.125,4.242,4.332,4.407,4.481,4.549,4.607,4.666,4.708,4.763,4.812,4.862,4.911,4.957,4.999,5.048,5.087,5.142,5.193,5.246,5.287,5.329,5.369,5.402,5.449,5.488,5.519,5.552,5.586,5.627,5.668,5.7,5.737,5.763,5.804,5.841,5.878,5.915,5.94,5.967,6.008,6.04,6.083,6.122,6.159,6.192,6.229,6.264,6.299,6.335,6.366,6.407,6.448,6.485,6.512,6.546,6.585,6.627,6.666,6.697,6.738,6.769,6.815,6.848,6.881,6.931,6.978,7.031,7.079,7.126,7.167,7.218,7.261,7.312,7.354,7.398,7.459,7.526,7.59,7.656,7.713,7.78,7.851,7.956,8.044,8.172,8.258,8.41,8.575,8.764,9.051,9.409,10.61
883,OTH FP,2.111,2.973,3.367,3.597,3.761,3.904,3.994,4.062,4.125,4.242,4.332,4.407,4.481,4.549,4.607,4.666,4.708,4.763,4.812,4.862,4.911,4.957,4.999,5.048,5.087,5.142,5.193,5.246,5.287,5.329,5.369,5.402,5.449,5.488,5.519,5.552,5.586,5.627,5.668,5.7,5.737,5.763,5.804,5.841,5.878,5.915,5.94,5.967,6.008,6.04,6.083,6.122,6.159,6.192,6.229,6.264,6.299,6.335,6.366,6.407,6.448,6.485,6.512,6.546,6.585,6.627,6.666,6.697,6.738,6.769,6.815,6.848,6.881,6.931,6.978,7.031,7.079,7.126,7.167,7.218,7.261,7.312,7.354,7.398,7.459,7.526,7.59,7.656,7.713,7.78,7.851,7.956,8.044,8.172,8.258,8.41,8.575,8.764,9.051,9.409,10.61
884,OTH FP,2.221,2.862,3.31,3.54,3.708,3.841,3.958,4.064,4.148,4.22,4.327,4.383,4.457,4.522,4.589,4.652,4.711,4.767,4.815,4.859,4.915,4.97,5.026,5.06,5.104,5.149,5.197,5.23,5.285,5.328,5.369,5.41,5.442,5.485,5.527,5.568,5.597,5.648,5.673,5.706,5.725,5.766,5.799,5.831,5.862,5.894,5.918,5.961,5.984,6.016,6.048,6.074,6.109,6.142,6.182,6.229,6.264,6.294,6.329,6.367,6.421,6.467,6.507,6.542,6.591,6.629,6.674,6.706,6.742,6.788,6.83,6.873,6.915,6.971,7.004,7.044,7.089,7.134,7.18,7.229,7.277,7.325,7.38,7.418,7.473,7.53,7.601,7.68,7.727,7.802,7.883,7.948,8.044,8.151,8.256,8.373,8.519,8.779,8.994,9.329,10.431
885,OTH FP,2.221,2.862,3.31,3.54,3.708,3.841,3.958,4.064,4.148,4.22,4.327,4.383,4.457,4.522,4.589,4.652,4.711,4.767,4.815,4.859,4.915,4.97,5.026,5.06,5.104,5.149,5.197,5.23,5.285,5.328,5.369,5.41,5.442,5.485,5.527,5.568,5.597,5.648,5.673,5.706,5.725,5.766,5.799,5.831,5.862,5.894,5.918,5.961,5.984,6.016,6.048,6.074,6.109,6.142,6.182,6.229,6.264,6.294,6.329,6.367,6.421,6.467,6.507,6.542,6.591,6.629,6.674,6.706,6.742,6.788,6.83,6.873,6.915,6.971,7.004,7.044,7.089,7.134,7.18,7.229,7.277,7.325,7.38,7.418,7.473,7.53,7.601,7.68,7.727,7.802,7.883,7.948,8.044,8.151,8.256,8.373,8.519,8.779,8.994,9.329,10.431
886,OTH FP,2.243,2.981,3.309,3.555,3.69,3.826,3.976,4.058,4.157,4.237,4.314,4.398,4.466,4.537,4.592,4.662,4.737,4.773,4.824,4.885,4.932,4.987,5.028,5.085,5.139,5.17,5.209,5.248,5.296,5.342,5.375,5.408,5.441,5.473,5.507,5.537,5.575,5.616,5.651,5.68,5.716,5.754,5.797,5.839,5.87,5.909,5.939,5.98,6.019,6.059,6.097,6.128,6.159,6.189,6.222,6.246,6.281,6.324,6.362,6.399,6.443,6.474,6.515,6.55,6.598,6.633,6.668,6.708,6.746,6.789,6.829,6.878,6.923,6.974,7.014,7.066,7.111,7.153,7.197,7.238,7.272,7.313,7.362,7.423,7.489,7.558,7.625,7.678,7.748,7.822,7.895,7.978,8.079,8.158,8.259,8.414,8.549,8.765,8.996,9.373,10.717
887,OTH FP,2.243,2.981,3.309,3.555,3.69,3.826,3.976,4.058,4.157,4.237,4.314,4.398,4.466,4.537,4.592,4.662,4.737,4.773,4.824,4.885,4.932,4.987,5.028,5.085,5.139,5.17,5.209,5.248,5.296,5.342,5.375,5.408,5.441,5.473,5.507,5.537,5.575,5.616,5.651,5.68,5.716,5.754,5.797,5.839,5.87,5.909,5.939,5.98,6.019,6.059,6.097,6.128,6.159,6.189,6.222,6.246,6.281,6.324,6.362,6.399,6.443,6.474,6.515,6.55,6.598,6.633,6.668,6.708,6.746,6.789,6.829,6.878,6.923,6.974,7.014,7.066,7.111,7.153,7.197,7.238,7.272,7.313,7.362,7.423,7.489,7.558,7.625,7.678,7.748,7.822,7.895,7.978,8.079,8.158,8.259,8.414,8.549,8.765,8.996,9.373,10.717
888,OTH FP,2.096,2.875,3.22,3.445,3.6,3.751,3.879,3.979,4.091,4.196,4.273,4.342,4.406,4.465,4.534,4.599,4.658,4.701,4.752,4.807,4.857,4.906,4.963,5.015,5.063,5.106,5.153,5.19,5.222,5.257,5.298,5.345,5.377,5.41,5.446,5.481,5.513,5.559,5.586,5.624,5.658,5.693,5.742,5.777,5.807,5.843,5.886,5.921,5.962,5.988,6.023,6.065,6.096,6.149,6.184,6.219,6.26,6.294,6.324,6.362,6.393,6.422,6.459,6.489,6.529,6.562,6.603,6.644,6.688,6.734,6.768,6.811,6.861,6.907,6.946,7.0,7.042,7.083,7.149,7.183,7.226,7.275,7.333,7.39,7.44,7.488,7.548,7.619,7.689,7.757,7.821,7.903,8.024,8.166,8.262,8.383,8.585,8.775,9.087,9.34,10.771
889,OTH FP,2.096,2.875,3.22,3.445,3.6,3.751,3.879,3.979,4.091,4.196,4.273,4.342,4.406,4.465,4.534,4.599,4.658,4.701,4.752,4.807,4.857,4.906,4.963,5.015,5.063,5.106,5.153,5.19,5.222,5.257,5.298,5.345,5.377,5.41,5.446,5.481,5.513,5.559,5.586,5.624,5.658,5.693,5.742,5.777,5.807,5.843,5.886,5.921,5.962,5.988,6.023,6.065,6.096,6.149,6.184,6.219,6.26,6.294,6.324,6.362,6.393,6.422,6.459,6.489,6.529,6.562,6.603,6.644,6.688,6.734,6.768,6.811,6.861,6.907,6.946,7.0,7.042,7.083,7.149,7.183,7.226,7.275,7.333,7.39,7.44,7.488,7.548,7.619,7.689,7.757,7.821,7.903,8.024,8.166,8.262,8.383,8.585,8.775,9.087,9.34,10.771
890,OTH FP,2.058,2.802,3.162,3.367,3.519,3.694,3.792,3.893,4.01,4.118,4.208,4.273,4.328,4.387,4.438,4.502,4.554,4.625,4.676,4.716,4.765,4.805,4.867,4.929,4.978,5.028,5.063,5.099,5.144,5.18,5.211,5.26,5.304,5.343,5.377,5.425,5.459,5.49,5.52,5.549,5.585,5.623,5.668,5.716,5.755,5.793,5.838,5.877,5.906,5.936,5.965,6.001,6.039,6.079,6.12,6.153,6.192,6.22,6.255,6.285,6.311,6.352,6.393,6.43,6.474,6.511,6.565,6.591,6.623,6.665,6.697,6.733,6.775,6.816,6.857,6.898,6.957,7.011,7.062,7.098,7.15,7.202,7.271,7.322,7.374,7.44,7.499,7.581,7.647,7.73,7.783,7.852,7.931,8.057,8.204,8.353,8.54,8.758,8.991,9.354,10.507
891,OTH FP,2.058,2.802,3.162,3.367,3.519,3.694,3.792,3.893,4.01,4.118,4.208,4.273,4.328,4.387,4.438,4.502,4.554,4.625,4.676,4.716,4.765,4.805,4.867,4.929,4.978,5.028,5.063,5.099,5.144,5.18,5.211,5.26,5.304,5.343,5.377,5.425,5.459,5.49,5.52,5.549,5.585,5.623,5.668,5.716,5.755,5.793,5.838,5.877,5.906,5.936,5.965,6.001,6.039,6.079,6.12,6.153,6.192,6.22,6.255,6.285,6.311,6.352,6.393,6.43,6.474,6.511,6.565,6.591,6.623,6.665,6.697,6.733,6.775,6.816,6.857,6.898,6.957,7.011,7.062,7.098,7.15,7.202,7.271,7.322,7.374,7.44,7.499,7.581,7.647,7.73,7.783,7.852,7.931,8.057,8.204,8.353,8.54,8.758,8.991,9.354,10.507
892,OTH FP,1.688,2.749,3.044,3.294,3.444,3.595,3.723,3.812,3.889,3.982,4.079,4.156,4.228,4.317,4.395,4.453,4.503,4.557,4.601,4.655,4.71,4.747,4.79,4.834,4.891,4.933,4.972,5.006,5.045,5.093,5.139,5.181,5.225,5.266,5.3,5.33,5.365,5.438,5.471,5.514,5.552,5.591,5.632,5.658,5.688,5.727,5.767,5.802,5.834,5.867,5.913,5.945,5.974,6.016,6.051,6.093,6.129,6.169,6.21,6.246,6.283,6.315,6.343,6.383,6.409,6.439,6.472,6.508,6.547,6.591,6.627,6.681,6.724,6.777,6.812,6.856,6.899,6.938,6.986,7.031,7.081,7.134,7.196,7.264,7.326,7.381,7.443,7.536,7.586,7.669,7.744,7.799,7.907,8.02,8.138,8.246,8.461,8.715,8.928,9.233,10.697
893,OTH FP,1.688,2.749,3.044,3.294,3.444,3.595,3.723,3.812,3.889,3.982,4.079,4.156,4.228,4.317,4.395,4.453,4.503,4.557,4.601,4.655,4.71,4.747,4.79,4.834,4.891,4.933,4.972,5.006,5.045,5.093,5.139,5.181,5.225,5.266,5.3,5.33,5.365,5.438,5.471,5.514,5.552,5.591,5.632,5.658,5.688,5.727,5.767,5.802,5.834,5.867,5.913,5.945,5.974,6.016,6.051,6.093,6.129,6.169,6.21,6.246,6.283,6.315,6.343,6.383,6.409,6.439,6.472,6.508,6.547,6.591,6.627,6.681,6.724,6.777,6.812,6.856,6.899,6.938,6.986,7.031,7.081,7.134,7.196,7.264,7.326,7.381,7.443,7.536,7.586,7.669,7.744,7.799,7.907,8.02,8.138,8.246,8.461,8.715,8.928,9.233,10.697
894,OTH FP,1.839,2.704,2.969,3.207,3.387,3.512,3.639,3.745,3.835,3.947,4.01,4.095,4.164,4.23,4.3,4.357,4.409,4.461,4.514,4.571,4.634,4.684,4.739,4.769,4.82,4.873,4.904,4.946,4.984,5.036,5.074,5.119,5.17,5.211,5.248,5.277,5.31,5.347,5.388,5.43,5.471,5.517,5.551,5.585,5.623,5.662,5.694,5.73,5.769,5.814,5.849,5.891,5.937,5.98,6.013,6.049,6.081,6.113,6.153,6.193,6.225,6.262,6.302,6.341,6.375,6.407,6.446,6.481,6.519,6.559,6.608,6.642,6.687,6.726,6.777,6.817,6.873,6.919,6.962,6.997,7.045,7.092,7.155,7.209,7.273,7.349,7.411,7.473,7.557,7.647,7.725,7.829,7.947,8.039,8.112,8.256,8.421,8.684,8.881,9.233,10.648
895,OTH FP,1.839,2.704,2.969,3.207,3.387,3.512,3.639,3.745,3.835,3.947,4.01,4.095,4.164,4.23,4.3,4.357,4.409,4.461,4.514,4.571,4.634,4.684,4.739,4.769,4.82,4.873,4.904,4.946,4.984,5.036,5.074,5.119,5.17,5.211,5.248,5.277,5.31,5.347,5.388,5.43,5.471,5.517,5.551,5.585,5.623,5.662,5.694,5.73,5.769,5.814,5.849,5.891,5.937,5.98,6.013,6.049,6.081,6.113,6.153,6.193,6.225,6.262,6.302,6.341,6.375,6.407,6.446,6.481,6.519,6.559,6.608,6.642,6.687,6.726,6.777,6.817,6.873,6.919,6.962,6.997,7.045,7.092,7.155,7.209,7.273,7.349,7.411,7.473,7.557,7.647,7.725,7.829,7.947,8.039,8.112,8.256,8.421,8.684,8.881,9.233,10.648
896,OTH FP,1.343,2.589,2.885,3.099,3.278,3.453,3.572,3.68,3.789,3.859,3.958,4.023,4.076,4.147,4.218,4.287,4.349,4.405,4.458,4.497,4.555,4.594,4.653,4.703,4.736,4.792,4.825,4.879,4.931,4.984,5.025,5.074,5.118,5.15,5.178,5.209,5.243,5.272,5.309,5.352,5.385,5.441,5.48,5.516,5.555,5.592,5.624,5.661,5.699,5.735,5.776,5.814,5.852,5.894,5.925,5.96,5.993,6.023,6.056,6.099,6.134,6.175,6.214,6.25,6.285,6.325,6.363,6.403,6.448,6.488,6.541,6.579,6.622,6.678,6.717,6.758,6.808,6.864,6.909,6.96,7.021,7.064,7.114,7.174,7.26,7.323,7.392,7.463,7.53,7.616,7.732,7.82,7.906,8.029,8.133,8.271,8.442,8.601,8.86,9.369,10.485
897,OTH FP,1.343,2.589,2.885,3.099,3.278,3.453,3.572,3.68,3.789,3.859,3.958,4.023,4.076,4.147,4.218,4.287,4.349,4.405,4.458,4.497,4.555,4.594,4.653,4.703,4.736,4.792,4.825,4.879,4.931,4.984,5.025,5.074,5.118,5.15,5.178,5.209,5.243,5.272,5.309,5.352,5.385,5.441,5.48,5.516,5.555,5.592,5.624,5.661,5.699,5.735,5.776,5.814,5.852,5.894,5.925,5.96,5.993,6.023,6.056,6.099,6.134,6.175,6.214,6.25,6.285,6.325,6.363,6.403,6.448,6.488,6.541,6.579,6.622,6.678,6.717,6.758,6.808,6.864,6.909,6.96,7.021,7.064,7.114,7.174,7.26,7.323,7.392,7.463,7.53,7.616,7.732,7.82,7.906,8.029,8.133,8.271,8.442,8.601,8.86,9.369,10.485
898,OTH FP,1.138,2.498,2.811,2.978,3.206,3.328,3.467,3.568,3.678,3.775,3.869,3.951,4.03,4.106,4.147,4.209,4.269,4.318,4.378,4.424,4.478,4.536,4.586,4.627,4.682,4.732,4.788,4.834,4.866,4.918,4.959,4.986,5.024,5.077,5.115,5.164,5.206,5.236,5.274,5.306,5.341,5.365,5.397,5.435,5.468,5.507,5.558,5.588,5.629,5.666,5.709,5.753,5.793,5.828,5.859,5.899,5.934,5.975,6.01,6.04,6.082,6.117,6.145,6.183,6.223,6.256,6.295,6.337,6.385,6.426,6.462,6.515,6.562,6.608,6.667,6.704,6.744,6.789,6.828,6.887,6.94,6.989,7.056,7.113,7.19,7.248,7.347,7.421,7.503,7.59,7.692,7.77,7.86,7.972,8.075,8.233,8.369,8.542,8.867,9.36,10.378
899,OTH FP,1.138,2.498,2.811,2.978,3.206,3.328,3.467,3.568,3.678,3.775,3.869,3.951,4.03,4.106,4.147,4.209,4.269,4.318,4.378,4.424,4.478,4.536,4.586,4.627,4.682,4.732,4.788,4.834,4.866,4.918,4.959,4.986,5.024,5.077,5.115,5.164,5.206,5.236,5.274,5.306,5.341,5.365,5.397,5.435,5.468,5.507,5.558,5.588,5.629,5.666,5.709,5.753,5.793,5.828,5.859,5.899,5.934,5.975,6.01,6.04,6.082,6.117,6.145,6.183,6.223,6.256,6.295,6.337,6.385,6.426,6.462,6.515,6.562,6.608,6.667,6.704,6.744,6.789,6.828,6.887,6.94,6.989,7.056,7.113,7.19,7.248,7.347,7.421,7.503,7.59,7.692,7.77,7.86,7.972,8.075,8.233,8.369,8.542,8.867,9.36,10.378
900,OTH FP,1.249,2.332,2.724,2.944,3.116,3.261,3.383,3.514,3.598,3.744,3.829,3.889,3.947,4.015,4.102,4.148,4.211,4.261,4.305,4.365,4.422,4.48,4.515,4.572,4.622,4.661,4.705,4.743,4.784,4.839,4.884,4.924,4.968,5.011,5.061,5.099,5.143,5.175,5.218,5.252,5.3,5.326,5.366,5.401,5.441,5.477,5.519,5.566,5.597,5.633,5.662,5.699,5.734,5.769,5.809,5.846,5.879,5.908,5.954,5.99,6.024,6.064,6.109,6.149,6.193,6.227,6.27,6.304,6.341,6.374,6.413,6.465,6.516,6.564,6.613,6.653,6.697,6.742,6.779,6.823,6.89,6.946,7.012,7.077,7.128,7.198,7.274,7.338,7.41,7.495,7.58,7.727,7.845,7.935,8.07,8.177,8.33,8.492,8.79,9.224,10.485
901,OTH FP,1.249,2.332,2.724,2.944,3.116,3.261,3.383,3.514,3.598,3.744,3.829,3.889,3.947,4.015,4.102,4.148,4.211,4.261,4.305,4.365,4.422,4.48,4.515,4.572,4.622,4.661,4.705,4.743,4.784,4.839,4.884,4.924,4.968,5.011,5.061,5.099,5.143,5.175,5.218,5.252,5.3,5.326,5.366,5.401,5.441,5.477,5.519,5.566,5.597,5.633,5.662,5.699,5.734,5.769,5.809,5.846,5.879,5.908,5.954,5.99,6.024,6.064,6.109,6.149,6.193,6.227,6.27,6.304,6.341,6.374,6.413,6.465,6.516,6.564,6.613,6.653,6.697,6.742,6.779,6.823,6.89,6.946,7.012,7.077,7.128,7.198,7.274,7.338,7.41,7.495,7.58,7.727,7.845,7.935,8.07,8.177,8.33,8.492,8.79,9.224,10.485
902,OTH FP,1.335,2.265,2.65,2.869,3.019,3.176,3.3,3.423,3.531,3.625,3.728,3.81,3.891,3.958,4.033,4.079,4.135,4.193,4.25,4.302,4.353,4.397,4.458,4.514,4.553,4.595,4.632,4.667,4.723,4.772,4.814,4.853,4.894,4.932,4.966,5.023,5.07,5.115,5.15,5.191,5.234,5.279,5.316,5.349,5.382,5.419,5.452,5.48,5.513,5.543,5.581,5.622,5.658,5.7,5.736,5.775,5.814,5.85,5.891,5.934,5.957,5.984,6.023,6.068,6.096,6.141,6.194,6.234,6.267,6.306,6.341,6.38,6.422,6.47,6.526,6.575,6.634,6.682,6.749,6.816,6.863,6.914,6.979,7.032,7.094,7.165,7.237,7.314,7.395,7.5,7.587,7.663,7.759,7.87,7.967,8.109,8.27,8.48,8.774,9.114,10.263
903,OTH FP,1.335,2.265,2.65,2.869,3.019,3.176,3.3,3.423,3.531,3.625,3.728,3.81,3.891,3.958,4.033,4.079,4.135,4.193,4.25,4.302,4.353,4.397,4.458,4.514,4.553,4.595,4.632,4.667,4.723,4.772,4.814,4.853,4.894,4.932,4.966,5.023,5.07,5.115,5.15,5.191,5.234,5.279,5.316,5.349,5.382,5.419,5.452,5.48,5.513,5.543,5.581,5.622,5.658,5.7,5.736,5.775,5.814,5.85,5.891,5.934,5.957,5.984,6.023,6.068,6.096,6.141,6.194,6.234,6.267,6.306,6.341,6.38,6.422,6.47,6.526,6.575,6.634,6.682,6.749,6.816,6.863,6.914,6.979,7.032,7.094,7.165,7.237,7.314,7.395,7.5,7.587,7.663,7.759,7.87,7.967,8.109,8.27,8.48,8.774,9.114,10.263
904,OTH FP,1.365,2.177,2.586,2.82,2.979,3.099,3.237,3.386,3.479,3.585,3.654,3.733,3.79,3.852,3.911,3.975,4.049,4.102,4.155,4.218,4.276,4.328,4.384,4.44,4.493,4.54,4.59,4.646,4.702,4.736,4.773,4.816,4.852,4.894,4.935,4.977,5.013,5.049,5.084,5.118,5.153,5.194,5.237,5.277,5.318,5.354,5.393,5.414,5.447,5.488,5.522,5.556,5.594,5.63,5.667,5.702,5.733,5.782,5.825,5.866,5.918,5.944,5.979,6.016,6.05,6.094,6.13,6.161,6.197,6.235,6.275,6.318,6.36,6.405,6.454,6.501,6.552,6.618,6.67,6.737,6.8,6.848,6.919,6.989,7.061,7.141,7.183,7.256,7.31,7.402,7.511,7.567,7.686,7.776,7.907,8.036,8.164,8.38,8.652,9.015,10.102
905,OTH FP,1.365,2.177,2.586,2.82,2.979,3.099,3.237,3.386,3.479,3.585,3.654,3.733,3.79,3.852,3.911,3.975,4.049,4.102,4.155,4.218,4.276,4.328,4.384,4.44,4.493,4.54,4.59,4.646,4.702,4.736,4.773,4.816,4.852,4.894,4.935,4.977,5.013,5.049,5.084,5.118,5.153,5.194,5.237,5.277,5.318,5.354,5.393,5.414,5.447,5.488,5.522,5.556,5.594,5.63,5.667,5.702,5.733,5.782,5.825,5.866,5.918,5.944,5.979,6.016,6.05,6.094,6.13,6.161,6.197,6.235,6.275,6.318,6.36,6.405,6.454,6.501,6.552,6.618,6.67,6.737,6.8,6.848,6.919,6.989,7.061,7.141,7.183,7.256,7.31,7.402,7.511,7.567,7.686,7.776,7.907,8.036,8.164,8.38,8.652,9.015,10.102
906,OTH FP,1.123,2.174,2.489,2.754,2.932,3.083,3.185,3.293,3.42,3.512,3.571,3.656,3.746,3.818,3.878,3.955,4.022,4.066,4.124,4.168,4.227,4.273,4.322,4.365,4.403,4.459,4.512,4.563,4.607,4.648,4.689,4.735,4.797,4.841,4.884,4.91,4.945,4.98,5.029,5.063,5.099,5.142,5.177,5.216,5.26,5.297,5.332,5.372,5.408,5.441,5.479,5.524,5.565,5.595,5.63,5.663,5.69,5.727,5.766,5.801,5.844,5.882,5.927,5.968,6.008,6.042,6.069,6.118,6.161,6.22,6.258,6.283,6.322,6.367,6.401,6.463,6.501,6.565,6.626,6.681,6.756,6.808,6.862,6.907,6.974,7.032,7.108,7.191,7.274,7.363,7.435,7.544,7.613,7.733,7.831,7.975,8.136,8.35,8.609,8.959,10.206
907,OTH FP,1.123,2.174,2.489,2.754,2.932,3.083,3.185,3.293,3.42,3.512,3.571,3.656,3.746,3.818,3.878,3.955,4.022,4.066,4.124,4.168,4.227,4.273,4.322,4.365,4.403,4.459,4.512,4.563,4.607,4.648,4.689,4.735,4.797,4.841,4.884,4.91,4.945,4.98,5.029,5.063,5.099,5.142,5.177,5.216,5.26,5.297,5.332,5.372,5.408,5.441,5.479,5.524,5.565,5.595,5.63,5.663,5.69,5.727,5.766,5.801,5.844,5.882,5.927,5.968,6.008,6.042,6.069,6.118,6.161,6.22,6.258,6.283,6.322,6.367,6.401,6.463,6.501,6.565,6.626,6.681,6.756,6.808,6.862,6.907,6.974,7.032,7.108,7.191,7.274,7.363,7.435,7.544,7.613,7.733,7.831,7.975,8.136,8.35,8.609,8.959,10.206
908,OTH FP,1.04,2.132,2.454,2.664,2.875,3.03,3.148,3.261,3.346,3.468,3.553,3.627,3.69,3.747,3.802,3.887,3.943,4.006,4.058,4.106,4.153,4.194,4.249,4.297,4.342,4.399,4.467,4.52,4.568,4.611,4.659,4.701,4.738,4.775,4.815,4.85,4.884,4.921,4.969,5.006,5.045,5.085,5.126,5.16,5.196,5.233,5.27,5.295,5.339,5.37,5.411,5.459,5.505,5.544,5.589,5.626,5.66,5.697,5.725,5.757,5.796,5.825,5.86,5.898,5.929,5.963,6.006,6.039,6.082,6.126,6.168,6.225,6.279,6.328,6.373,6.425,6.479,6.522,6.57,6.626,6.679,6.761,6.823,6.889,6.928,6.99,7.054,7.135,7.211,7.297,7.401,7.475,7.566,7.664,7.773,7.925,8.09,8.257,8.499,8.98,10.205
909,OTH FP,1.04,2.132,2.454,2.664,2.875,3.03,3.148,3.261,3.346,3.468,3.553,3.627,3.69,3.747,3.802,3.887,3.943,4.006,4.058,4.106,4.153,4.194,4.249,4.297,4.342,4.399,4.467,4.52,4.568,4.611,4.659,4.701,4.738,4.775,4.815,4.85,4.884,4.921,4.969,5.006,5.045,5.085,5.126,5.16,5.196,5.233,5.27,5.295,5.339,5.37,5.411,5.459,5.505,5.544,5.589,5.626,5.66,5.697,5.725,5.757,5.796,5.825,5.86,5.898,5.929,5.963,6.006,6.039,6.082,6.126,6.168,6.225,6.279,6.328,6.373,6.425,6.479,6.522,6.57,6.626,6.679,6.761,6.823,6.889,6.928,6.99,7.054,7.135,7.211,7.297,7.401,7.475,7.566,7.664,7.773,7.925,8.09,8.257,8.499,8.98,10.205
910,OTH FP,1.147,2.062,2.354,2.598,2.778,2.963,3.084,3.204,3.305,3.411,3.503,3.576,3.651,3.713,3.776,3.821,3.884,3.959,3.999,4.049,4.113,4.173,4.217,4.273,4.31,4.362,4.405,4.45,4.501,4.547,4.59,4.627,4.663,4.705,4.75,4.786,4.832,4.879,4.915,4.958,4.988,5.029,5.066,5.105,5.137,5.186,5.218,5.252,5.289,5.325,5.351,5.401,5.439,5.475,5.509,5.551,5.574,5.609,5.647,5.682,5.719,5.757,5.793,5.838,5.877,5.911,5.948,5.981,6.026,6.066,6.117,6.166,6.213,6.272,6.311,6.354,6.398,6.456,6.498,6.547,6.601,6.653,6.729,6.781,6.856,6.933,7.006,7.076,7.171,7.243,7.332,7.435,7.513,7.615,7.714,7.857,8.014,8.212,8.447,8.989,9.998
911,OTH FP,1.147,2.062,2.354,2.598,2.778,2.963,3.084,3.204,3.305,3.411,3.503,3.576,3.651,3.713,3.776,3.821,3.884,3.959,3.999,4.049,4.113,4.173,4.217,4.273,4.31,4.362,4.405,4.45,4.501,4.547,4.59,4.627,4.663,4.705,4.75,4.786,4.832,4.879,4.915,4.958,4.988,5.029,5.066,5.105,5.137,5.186,5.218,5.252,5.289,5.325,5.351,5.401,5.439,5.475,5.509,5.551,5.574,5.609,5.647,5.682,5.719,5.757,5.793,5.838,5.877,5.911,5.948,5.981,6.026,6.066,6.117,6.166,6.213,6.272,6.311,6.354,6.398,6.456,6.498,6.547,6.601,6.653,6.729,6.781,6.856,6.933,7.006,7.076,7.171,7.243,7.332,7.435,7.513,7.615,7.714,7.857,8.014,8.212,8.447,8.989,9.998
912,OTH FP,1.365,2.008,2.301,2.491,2.674,2.871,3.01,3.112,3.22,3.359,3.455,3.506,3.565,3.637,3.716,3.787,3.853,3.895,3.941,3.995,4.044,4.083,4.14,4.187,4.236,4.29,4.339,4.392,4.429,4.481,4.524,4.558,4.601,4.638,4.686,4.725,4.755,4.794,4.833,4.871,4.911,4.947,5.002,5.04,5.08,5.116,5.159,5.192,5.236,5.268,5.306,5.332,5.368,5.405,5.444,5.486,5.524,5.563,5.609,5.643,5.676,5.716,5.754,5.789,5.832,5.86,5.896,5.93,5.973,6.001,6.048,6.086,6.125,6.163,6.219,6.255,6.306,6.354,6.428,6.484,6.527,6.584,6.622,6.705,6.766,6.821,6.891,6.974,7.055,7.149,7.237,7.32,7.422,7.537,7.632,7.765,7.941,8.103,8.42,8.903,9.854
913,OTH FP,1.365,2.008,2.301,2.491,2.674,2.871,3.01,3.112,3.22,3.359,3.455,3.506,3.565,3.637,3.716,3.787,3.853,3.895,3.941,3.995,4.044,4.083,4.14,4.187,4.236,4.29,4.339,4.392,4.429,4.481,4.524,4.558,4.601,4.638,4.686,4.725,4.755,4.794,4.833,4.871,4.911,4.947,5.002,5.04,5.08,5.116,5.159,5.192,5.236,5.268,5.306,5.332,5.368,5.405,5.444,5.486,5.524,5.563,5.609,5.643,5.676,5.716,5.754,5.789,5.832,5.86,5.896,5.93,5.973,6.001,6.048,6.086,6.125,6.163,6.219,6.255,6.306,6.354,6.428,6.484,6.527,6.584,6.622,6.705,6.766,6.821,6.891,6.974,7.055,7.149,7.237,7.32,7.422,7.537,7.632,7.765,7.941,8.103,8.42,8.903,9.854
914,OTH FP,1.107,1.869,2.158,2.462,2.659,2.833,2.944,3.046,3.164,3.293,3.375,3.471,3.529,3.6,3.643,3.698,3.761,3.807,3.87,3.934,3.993,4.037,4.084,4.126,4.176,4.23,4.274,4.318,4.363,4.405,4.446,4.491,4.527,4.566,4.602,4.649,4.693,4.746,4.792,4.831,4.866,4.903,4.938,4.981,5.019,5.059,5.097,5.124,5.156,5.201,5.226,5.259,5.308,5.347,5.383,5.416,5.456,5.495,5.525,5.58,5.628,5.666,5.704,5.74,5.77,5.804,5.847,5.896,5.934,5.971,6.005,6.05,6.093,6.138,6.183,6.222,6.268,6.319,6.375,6.425,6.474,6.527,6.591,6.643,6.714,6.799,6.875,6.947,7.012,7.089,7.154,7.238,7.347,7.474,7.568,7.7,7.855,8.025,8.32,8.769,9.816
915,OTH FP,1.107,1.869,2.158,2.462,2.659,2.833,2.944,3.046,3.164,3.293,3.375,3.471,3.529,3.6,3.643,3.698,3.761,3.807,3.87,3.934,3.993,4.037,4.084,4.126,4.176,4.23,4.274,4.318,4.363,4.405,4.446,4.491,4.527,4.566,4.602,4.649,4.693,4.746,4.792,4.831,4.866,4.903,4.938,4.981,5.019,5.059,5.097,5.124,5.156,5.201,5.226,5.259,5.308,5.347,5.383,5.416,5.456,5.495,5.525,5.58,5.628,5.666,5.704,5.74,5.77,5.804,5.847,5.896,5.934,5.971,6.005,6.05,6.093,6.138,6.183,6.222,6.268,6.319,6.375,6.425,6.474,6.527,6.591,6.643,6.714,6.799,6.875,6.947,7.012,7.089,7.154,7.238,7.347,7.474,7.568,7.7,7.855,8.025,8.32,8.769,9.816
916,OTH FP,1.076,1.811,2.08,2.358,2.571,2.773,2.934,3.023,3.141,3.216,3.282,3.354,3.432,3.499,3.572,3.635,3.709,3.754,3.812,3.867,3.914,3.971,4.023,4.076,4.115,4.163,4.213,4.261,4.309,4.356,4.388,4.425,4.467,4.502,4.543,4.586,4.619,4.655,4.7,4.752,4.784,4.823,4.859,4.9,4.933,4.972,5.008,5.048,5.093,5.122,5.16,5.191,5.236,5.27,5.309,5.348,5.388,5.419,5.457,5.49,5.535,5.573,5.608,5.66,5.694,5.734,5.783,5.816,5.855,5.885,5.922,5.961,6.014,6.056,6.121,6.165,6.204,6.245,6.292,6.366,6.414,6.464,6.525,6.587,6.667,6.742,6.792,6.861,6.935,7.028,7.112,7.206,7.286,7.38,7.501,7.628,7.779,7.961,8.293,8.669,9.723
917,OTH FP,1.076,1.811,2.08,2.358,2.571,2.773,2.934,3.023,3.141,3.216,3.282,3.354,3.432,3.499,3.572,3.635,3.709,3.754,3.812,3.867,3.914,3.971,4.023,4.076,4.115,4.163,4.213,4.261,4.309,4.356,4.388,4.425,4.467,4.502,4.543,4.586,4.619,4.655,4.7,4.752,4.784,4.823,4.859,4.9,4.933,4.972,5.008,5.048,5.093,5.122,5.16,5.191,5.236,5.27,5.309,5.348,5.388,5.419,5.457,5.49,5.535,5.573,5.608,5.66,5.694,5.734,5.783,5.816,5.855,5.885,5.922,5.961,6.014,6.056,6.121,6.165,6.204,6.245,6.292,6.366,6.414,6.464,6.525,6.587,6.667,6.742,6.792,6.861,6.935,7.028,7.112,7.206,7.286,7.38,7.501,7.628,7.779,7.961,8.293,8.669,9.723
918,OTH FP,1.083,1.811,2.055,2.306,2.541,2.712,2.851,2.948,3.05,3.153,3.247,3.319,3.376,3.451,3.513,3.594,3.671,3.719,3.778,3.82,3.871,3.918,3.98,4.026,4.066,4.11,4.154,4.194,4.234,4.274,4.318,4.366,4.4,4.439,4.483,4.525,4.565,4.606,4.637,4.667,4.709,4.74,4.78,4.815,4.85,4.889,4.948,4.985,5.026,5.062,5.095,5.135,5.166,5.207,5.255,5.283,5.315,5.352,5.385,5.431,5.463,5.507,5.543,5.578,5.621,5.661,5.709,5.757,5.801,5.85,5.891,5.941,5.974,6.025,6.062,6.103,6.158,6.204,6.269,6.325,6.372,6.431,6.481,6.554,6.606,6.667,6.709,6.784,6.868,6.954,7.064,7.136,7.227,7.342,7.462,7.59,7.731,7.888,8.167,8.717,9.757
919,OTH FP,1.083,1.811,2.055,2.306,2.541,2.712,2.851,2.948,3.05,3.153,3.247,3.319,3.376,3.451,3.513,3.594,3.671,3.719,3.778,3.82,3.871,3.918,3.98,4.026,4.066,4.11,4.154,4.194,4.234,4.274,4.318,4.366,4.4,4.439,4.483,4.525,4.565,4.606,4.637,4.667,4.709,4.74,4.78,4.815,4.85,4.889,4.948,4.985,5.026,5.062,5.095,5.135,5.166,5.207,5.255,5.283,5.315,5.352,5.385,5.431,5.463,5.507,5.543,5.578,5.621,5.661,5.709,5.757,5.801,5.85,5.891,5.941,5.974,6.025,6.062,6.103,6.158,6.204,6.269,6.325,6.372,6.431,6.481,6.554,6.606,6.667,6.709,6.784,6.868,6.954,7.064,7.136,7.227,7.342,7.462,7.59,7.731,7.888,8.167,8.717,9.757
920,OTH FP,0.947,1.674,1.975,2.304,2.523,2.652,2.776,2.878,2.986,3.089,3.171,3.252,3.311,3.406,3.458,3.537,3.588,3.651,3.713,3.753,3.807,3.858,3.913,3.96,4.002,4.047,4.097,4.14,4.176,4.233,4.27,4.3,4.337,4.378,4.405,4.444,4.484,4.524,4.559,4.595,4.626,4.671,4.7,4.749,4.788,4.836,4.876,4.91,4.947,4.99,5.036,5.072,5.115,5.141,5.184,5.215,5.244,5.27,5.301,5.344,5.375,5.409,5.447,5.501,5.543,5.582,5.63,5.663,5.696,5.736,5.787,5.841,5.893,5.935,5.993,6.045,6.096,6.152,6.205,6.267,6.337,6.385,6.446,6.498,6.555,6.613,6.675,6.744,6.823,6.896,6.978,7.052,7.139,7.257,7.352,7.478,7.642,7.823,8.074,8.476,9.513
921,OTH FP,0.947,1.674,1.975,2.304,2.523,2.652,2.776,2.878,2.986,3.089,3.171,3.252,3.311,3.406,3.458,3.537,3.588,3.651,3.713,3.753,3.807,3.858,3.913,3.96,4.002,4.047,4.097,4.14,4.176,4.233,4.27,4.3,4.337,4.378,4.405,4.444,4.484,4.524,4.559,4.595,4.626,4.671,4.7,4.749,4.788,4.836,4.876,4.91,4.947,4.99,5.036,5.072,5.115,5.141,5.184,5.215,5.244,5.27,5.301,5.344,5.375,5.409,5.447,5.501,5.543,5.582,5.63,5.663,5.696,5.736,5.787,5.841,5.893,5.935,5.993,6.045,6.096,6.152,6.205,6.267,6.337,6.385,6.446,6.498,6.555,6.613,6.675,6.744,6.823,6.896,6.978,7.052,7.139,7.257,7.352,7.478,7.642,7.823,8.074,8.476,9.513
922,OTH FP,0.856,1.657,1.956,2.214,2.449,2.583,2.697,2.79,2.87,2.982,3.069,3.149,3.235,3.327,3.392,3.464,3.532,3.579,3.647,3.699,3.752,3.814,3.867,3.908,3.952,3.998,4.046,4.086,4.137,4.182,4.213,4.253,4.286,4.321,4.357,4.391,4.43,4.477,4.507,4.543,4.579,4.62,4.657,4.696,4.731,4.766,4.803,4.837,4.87,4.911,4.942,4.981,5.014,5.051,5.08,5.118,5.159,5.203,5.24,5.283,5.323,5.366,5.398,5.428,5.471,5.517,5.559,5.611,5.657,5.711,5.759,5.8,5.839,5.893,5.942,5.994,6.047,6.089,6.137,6.204,6.258,6.317,6.378,6.434,6.488,6.562,6.625,6.67,6.729,6.813,6.907,6.977,7.069,7.144,7.252,7.405,7.568,7.791,8.026,8.488,9.554
923,OTH FP,0.856,1.657,1.956,2.214,2.449,2.583,2.697,2.79,2.87,2.982,3.069,3.149,3.235,3.327,3.392,3.464,3.532,3.579,3.647,3.699,3.752,3.814,3.867,3.908,3.952,3.998,4.046,4.086,4.137,4.182,4.213,4.253,4.286,4.321,4.357,4.391,4.43,4.477,4.507,4.543,4.579,4.62,4.657,4.696,4.731,4.766,4.803,4.837,4.87,4.911,4.942,4.981,5.014,5.051,5.08,5.118,5.159,5.203,5.24,5.283,5.323,5.366,5.398,5.428,5.471,5.517,5.559,5.611,5.657,5.711,5.759,5.8,5.839,5.893,5.942,5.994,6.047,6.089,6.137,6.204,6.258,6.317,6.378,6.434,6.488,6.562,6.625,6.67,6.729,6.813,6.907,6.977,7.069,7.144,7.252,7.405,7.568,7.791,8.026,8.488,9.554
924,OTH FP,0.792,1.628,1.898,2.12,2.339,2.483,2.625,2.735,2.837,2.93,3.026,3.109,3.188,3.265,3.33,3.398,3.459,3.509,3.568,3.623,3.666,3.741,3.794,3.842,3.883,3.929,3.973,4.02,4.069,4.106,4.15,4.193,4.228,4.269,4.305,4.351,4.389,4.432,4.473,4.51,4.552,4.585,4.622,4.658,4.691,4.723,4.776,4.819,4.856,4.879,4.911,4.948,4.979,5.01,5.044,5.079,5.112,5.145,5.192,5.233,5.263,5.309,5.34,5.377,5.418,5.457,5.494,5.52,5.569,5.617,5.652,5.705,5.763,5.81,5.855,5.904,5.962,6.01,6.055,6.11,6.159,6.204,6.264,6.315,6.387,6.435,6.517,6.57,6.63,6.709,6.796,6.87,6.949,7.076,7.169,7.293,7.462,7.622,7.975,8.375,9.644
925,OTH FP,0.792,1.628,1.898,2.12,2.339,2.483,2.625,2.735,2.837,2.93,3.026,3.109,3.188,3.265,3.33,3.398,3.459,3.509,3.568,3.623,3.666,3.741,3.794,3.842,3.883,3.929,3.973,4.02,4.069,4.106,4.15,4.193,4.228,4.269,4.305,4.351,4.389,4.432,4.473,4.51,4.552,4.585,4.622,4.658,4.691,4.723,4.776,4.819,4.856,4.879,4.911,4.948,4.979,5.01,5.044,5.079,5.112,5.145,5.192,5.233,5.263,5.309,5.34,5.377,5.418,5.457,5.494,5.52,5.569,5.617,5.652,5.705,5.763,5.81,5.855,5.904,5.962,6.01,6.055,6.11,6.159,6.204,6.264,6.315,6.387,6.435,6.517,6.57,6.63,6.709,6.796,6.87,6.949,7.076,7.169,7.293,7.462,7.622,7.975,8.375,9.644
926,OTH FP,0.817,1.605,1.936,2.137,2.289,2.464,2.599,2.7,2.789,2.896,2.987,3.078,3.126,3.188,3.262,3.319,3.383,3.433,3.504,3.553,3.612,3.662,3.718,3.765,3.802,3.856,3.902,3.958,4.01,4.049,4.1,4.144,4.186,4.223,4.271,4.298,4.336,4.371,4.414,4.445,4.474,4.513,4.555,4.594,4.624,4.653,4.683,4.716,4.749,4.779,4.815,4.859,4.897,4.934,4.98,5.02,5.049,5.076,5.107,5.148,5.189,5.242,5.278,5.314,5.353,5.383,5.416,5.451,5.503,5.535,5.584,5.635,5.688,5.732,5.778,5.818,5.847,5.913,5.957,6.015,6.052,6.116,6.175,6.246,6.311,6.363,6.429,6.482,6.558,6.625,6.698,6.767,6.864,6.99,7.107,7.256,7.418,7.615,7.823,8.208,9.181
927,OTH FP,0.817,1.605,1.936,2.137,2.289,2.464,2.599,2.7,2.789,2.896,2.987,3.078,3.126,3.188,3.262,3.319,3.383,3.433,3.504,3.553,3.612,3.662,3.718,3.765,3.802,3.856,3.902,3.958,4.01,4.049,4.1,4.144,4.186,4.223,4.271,4.298,4.336,4.371,4.414,4.445,4.474,4.513,4.555,4.594,4.624,4.653,4.683,4.716,4.749,4.779,4.815,4.859,4.897,4.934,4.98,5.02,5.049,5.076,5.107,5.148,5.189,5.242,5.278,5.314,5.353,5.383,5.416,5.451,5.503,5.535,5.584,5.635,5.688,5.732,5.778,5.818,5.847,5.913,5.957,6.015,6.052,6.116,6.175,6.246,6.311,6.363,6.429,6.482,6.558,6.625,6.698,6.767,6.864,6.99,7.107,7.256,7.418,7.615,7.823,8.208,9.181
928,OTH FP,0.582,1.513,1.9,2.117,2.268,2.414,2.547,2.658,2.762,2.865,2.963,3.041,3.114,3.193,3.261,3.318,3.392,3.44,3.483,3.525,3.576,3.616,3.66,3.716,3.761,3.809,3.857,3.906,3.953,4.008,4.06,4.105,4.146,4.177,4.221,4.263,4.302,4.355,4.388,4.422,4.459,4.488,4.521,4.557,4.59,4.631,4.665,4.692,4.732,4.765,4.797,4.839,4.87,4.914,4.947,4.992,5.025,5.064,5.104,5.149,5.189,5.23,5.268,5.307,5.337,5.371,5.416,5.452,5.49,5.525,5.572,5.611,5.647,5.679,5.723,5.764,5.834,5.882,5.948,5.984,6.043,6.105,6.16,6.212,6.274,6.335,6.388,6.459,6.514,6.569,6.646,6.733,6.847,6.961,7.099,7.241,7.428,7.682,7.901,8.227,9.394
929,OTH FP,0.582,1.513,1.9,2.117,2.268,2.414,2.547,2.658,2.762,2.865,2.963,3.041,3.114,3.193,3.261,3.318,3.392,3.44,3.483,3.525,3.576,3.616,3.66,3.716,3.761,3.809,3.857,3.906,3.953,4.008,4.06,4.105,4.146,4.177,4.221,4.263,4.302,4.355,4.388,4.422,4.459,4.488,4.521,4.557,4.59,4.631,4.665,4.692,4.732,4.765,4.797,4.839,4.87,4.914,4.947,4.992,5.025,5.064,5.104,5.149,5.189,5.23,5.268,5.307,5.337,5.371,5.416,5.452,5.49,5.525,5.572,5.611,5.647,5.679,5.723,5.764,5.834,5.882,5.948,5.984,6.043,6.105,6.16,6.212,6.274,6.335,6.388,6.459,6.514,6.569,6.646,6.733,6.847,6.961,7.099,7.241,7.428,7.682,7.901,8.227,9.394
930,OTH FP,0.446,1.507,1.824,2.021,2.244,2.395,2.529,2.662,2.755,2.831,2.93,3.019,3.082,3.156,3.217,3.264,3.311,3.362,3.408,3.462,3.521,3.58,3.623,3.679,3.725,3.786,3.827,3.878,3.922,3.963,4.009,4.056,4.1,4.133,4.174,4.206,4.252,4.296,4.329,4.368,4.409,4.441,4.482,4.515,4.545,4.582,4.615,4.651,4.699,4.747,4.796,4.831,4.864,4.909,4.94,4.987,5.028,5.07,5.114,5.145,5.174,5.216,5.256,5.288,5.315,5.355,5.392,5.433,5.477,5.508,5.547,5.586,5.63,5.672,5.71,5.751,5.795,5.846,5.899,5.939,5.99,6.032,6.085,6.153,6.217,6.291,6.359,6.412,6.494,6.575,6.646,6.731,6.869,6.985,7.103,7.211,7.383,7.632,7.86,8.159,9.585
931,OTH FP,0.446,1.507,1.824,2.021,2.244,2.395,2.529,2.662,2.755,2.831,2.93,3.019,3.082,3.156,3.217,3.264,3.311,3.362,3.408,3.462,3.521,3.58,3.623,3.679,3.725,3.786,3.827,3.878,3.922,3.963,4.009,4.056,4.1,4.133,4.174,4.206,4.252,4.296,4.329,4.368,4.409,4.441,4.482,4.515,4.545,4.582,4.615,4.651,4.699,4.747,4.796,4.831,4.864,4.909,4.94,4.987,5.028,5.07,5.114,5.145,5.174,5.216,5.256,5.288,5.315,5.355,5.392,5.433,5.477,5.508,5.547,5.586,5.63,5.672,5.71,5.751,5.795,5.846,5.899,5.939,5.99,6.032,6.085,6.153,6.217,6.291,6.359,6.412,6.494,6.575,6.646,6.731,6.869,6.985,7.103,7.211,7.383,7.632,7.86,8.159,9.585
932,OTH FP,0.557,1.467,1.835,2.053,2.205,2.369,2.477,2.622,2.743,2.811,2.882,2.978,3.057,3.123,3.196,3.264,3.321,3.359,3.404,3.465,3.52,3.567,3.62,3.661,3.709,3.744,3.795,3.842,3.889,3.931,3.974,4.013,4.055,4.096,4.121,4.156,4.195,4.226,4.269,4.307,4.345,4.381,4.42,4.465,4.508,4.55,4.592,4.638,4.67,4.716,4.752,4.792,4.829,4.866,4.898,4.936,4.982,5.025,5.059,5.095,5.13,5.163,5.2,5.244,5.28,5.311,5.355,5.403,5.434,5.473,5.51,5.56,5.604,5.649,5.682,5.735,5.798,5.833,5.884,5.939,6.004,6.044,6.108,6.162,6.22,6.27,6.336,6.402,6.483,6.574,6.661,6.759,6.849,6.969,7.069,7.221,7.371,7.615,7.928,8.245,9.361
933,OTH FP,0.557,1.467,1.835,2.053,2.205,2.369,2.477,2.622,2.743,2.811,2.882,2.978,3.057,3.123,3.196,3.264,3.321,3.359,3.404,3.465,3.52,3.567,3.62,3.661,3.709,3.744,3.795,3.842,3.889,3.931,3.974,4.013,4.055,4.096,4.121,4.156,4.195,4.226,4.269,4.307,4.345,4.381,4.42,4.465,4.508,4.55,4.592,4.638,4.67,4.716,4.752,4.792,4.829,4.866,4.898,4.936,4.982,5.025,5.059,5.095,5.13,5.163,5.2,5.244,5.28,5.311,5.355,5.403,5.434,5.473,5.51,5.56,5.604,5.649,5.682,5.735,5.798,5.833,5.884,5.939,6.004,6.044,6.108,6.162,6.22,6.27,6.336,6.402,6.483,6.574,6.661,6.759,6.849,6.969,7.069,7.221,7.371,7.615,7.928,8.245,9.361
934,OTH FP,0.657,1.458,1.836,2.014,2.188,2.336,2.501,2.618,2.703,2.797,2.85,2.934,3.027,3.085,3.128,3.191,3.255,3.312,3.353,3.411,3.468,3.518,3.571,3.621,3.671,3.705,3.744,3.781,3.823,3.873,3.924,3.963,4.01,4.05,4.089,4.128,4.165,4.204,4.239,4.287,4.313,4.346,4.394,4.438,4.478,4.531,4.561,4.605,4.647,4.677,4.715,4.742,4.778,4.81,4.85,4.889,4.919,4.954,5.0,5.051,5.089,5.124,5.168,5.206,5.259,5.297,5.333,5.376,5.417,5.453,5.487,5.536,5.582,5.633,5.673,5.707,5.754,5.797,5.855,5.898,5.957,6.009,6.066,6.13,6.196,6.262,6.339,6.402,6.474,6.569,6.684,6.748,6.831,6.945,7.07,7.176,7.376,7.583,7.843,8.158,9.393
935,OTH FP,0.657,1.458,1.836,2.014,2.188,2.336,2.501,2.618,2.703,2.797,2.85,2.934,3.027,3.085,3.128,3.191,3.255,3.312,3.353,3.411,3.468,3.518,3.571,3.621,3.671,3.705,3.744,3.781,3.823,3.873,3.924,3.963,4.01,4.05,4.089,4.128,4.165,4.204,4.239,4.287,4.313,4.346,4.394,4.438,4.478,4.531,4.561,4.605,4.647,4.677,4.715,4.742,4.778,4.81,4.85,4.889,4.919,4.954,5.0,5.051,5.089,5.124,5.168,5.206,5.259,5.297,5.333,5.376,5.417,5.453,5.487,5.536,5.582,5.633,5.673,5.707,5.754,5.797,5.855,5.898,5.957,6.009,6.066,6.13,6.196,6.262,6.339,6.402,6.474,6.569,6.684,6.748,6.831,6.945,7.07,7.176,7.376,7.583,7.843,8.158,9.393
936,OTH FP,0.424,1.315,1.814,2.044,2.216,2.343,2.455,2.543,2.648,2.723,2.821,2.897,2.957,3.022,3.082,3.139,3.199,3.261,3.316,3.375,3.427,3.485,3.54,3.584,3.635,3.678,3.733,3.782,3.815,3.854,3.898,3.948,3.986,4.017,4.066,4.098,4.135,4.17,4.212,4.253,4.296,4.349,4.392,4.424,4.462,4.496,4.525,4.562,4.599,4.633,4.665,4.71,4.742,4.784,4.825,4.861,4.892,4.928,4.973,5.024,5.06,5.096,5.146,5.201,5.25,5.286,5.322,5.354,5.394,5.435,5.477,5.509,5.551,5.606,5.65,5.697,5.746,5.788,5.831,5.886,5.937,5.985,6.033,6.085,6.156,6.248,6.312,6.377,6.452,6.555,6.633,6.708,6.798,6.905,7.032,7.144,7.345,7.562,7.806,8.174,9.309
937,OTH FP,0.424,1.315,1.814,2.044,2.216,2.343,2.455,2.543,2.648,2.723,2.821,2.897,2.957,3.022,3.082,3.139,3.199,3.261,3.316,3.375,3.427,3.485,3.54,3.584,3.635,3.678,3.733,3.782,3.815,3.854,3.898,3.948,3.986,4.017,4.066,4.098,4.135,4.17,4.212,4.253,4.296,4.349,4.392,4.424,4.462,4.496,4.525,4.562,4.599,4.633,4.665,4.71,4.742,4.784,4.825,4.861,4.892,4.928,4.973,5.024,5.06,5.096,5.146,5.201,5.25,5.286,5.322,5.354,5.394,5.435,5.477,5.509,5.551,5.606,5.65,5.697,5.746,5.788,5.831,5.886,5.937,5.985,6.033,6.085,6.156,6.248,6.312,6.377,6.452,6.555,6.633,6.708,6.798,6.905,7.032,7.144,7.345,7.562,7.806,8.174,9.309
938,OTH FP,0.502,1.291,1.808,2.03,2.177,2.301,2.42,2.524,2.633,2.713,2.795,2.883,2.954,3.016,3.074,3.132,3.194,3.246,3.289,3.349,3.395,3.445,3.501,3.542,3.587,3.634,3.69,3.734,3.787,3.831,3.881,3.917,3.962,3.996,4.033,4.078,4.106,4.152,4.198,4.232,4.272,4.308,4.344,4.379,4.414,4.456,4.492,4.526,4.562,4.604,4.651,4.682,4.723,4.753,4.802,4.831,4.869,4.913,4.955,5.003,5.041,5.077,5.11,5.143,5.19,5.235,5.276,5.318,5.355,5.405,5.455,5.497,5.541,5.586,5.633,5.682,5.721,5.787,5.836,5.892,5.939,5.973,6.021,6.082,6.164,6.22,6.292,6.37,6.447,6.515,6.606,6.68,6.802,6.905,7.009,7.146,7.287,7.521,7.737,8.174,9.229
939,OTH FP,0.502,1.291,1.808,2.03,2.177,2.301,2.42,2.524,2.633,2.713,2.795,2.883,2.954,3.016,3.074,3.132,3.194,3.246,3.289,3.349,3.395,3.445,3.501,3.542,3.587,3.634,3.69,3.734,3.787,3.831,3.881,3.917,3.962,3.996,4.033,4.078,4.106,4.152,4.198,4.232,4.272,4.308,4.344,4.379,4.414,4.456,4.492,4.526,4.562,4.604,4.651,4.682,4.723,4.753,4.802,4.831,4.869,4.913,4.955,5.003,5.041,5.077,5.11,5.143,5.19,5.235,5.276,5.318,5.355,5.405,5.455,5.497,5.541,5.586,5.633,5.682,5.721,5.787,5.836,5.892,5.939,5.973,6.021,6.082,6.164,6.22,6.292,6.37,6.447,6.515,6.606,6.68,6.802,6.905,7.009,7.146,7.287,7.521,7.737,8.174,9.229
940,OTH FP,0.398,1.336,1.793,2.006,2.141,2.294,2.421,2.499,2.598,2.678,2.776,2.855,2.929,2.995,3.055,3.119,3.182,3.237,3.304,3.35,3.393,3.452,3.497,3.543,3.597,3.641,3.68,3.726,3.767,3.801,3.844,3.889,3.931,3.962,4.005,4.054,4.093,4.125,4.169,4.21,4.239,4.277,4.325,4.364,4.402,4.449,4.482,4.522,4.547,4.579,4.62,4.668,4.705,4.734,4.768,4.806,4.849,4.878,4.931,4.969,5.012,5.052,5.089,5.133,5.171,5.211,5.246,5.29,5.323,5.374,5.423,5.457,5.499,5.538,5.588,5.659,5.706,5.763,5.818,5.868,5.911,5.971,6.02,6.079,6.137,6.208,6.26,6.342,6.406,6.476,6.546,6.619,6.708,6.826,6.936,7.096,7.247,7.466,7.758,8.116,9.427
941,OTH FP,0.398,1.336,1.793,2.006,2.141,2.294,2.421,2.499,2.598,2.678,2.776,2.855,2.929,2.995,3.055,3.119,3.182,3.237,3.304,3.35,3.393,3.452,3.497,3.543,3.597,3.641,3.68,3.726,3.767,3.801,3.844,3.889,3.931,3.962,4.005,4.054,4.093,4.125,4.169,4.21,4.239,4.277,4.325,4.364,4.402,4.449,4.482,4.522,4.547,4.579,4.62,4.668,4.705,4.734,4.768,4.806,4.849,4.878,4.931,4.969,5.012,5.052,5.089,5.133,5.171,5.211,5.246,5.29,5.323,5.374,5.423,5.457,5.499,5.538,5.588,5.659,5.706,5.763,5.818,5.868,5.911,5.971,6.02,6.079,6.137,6.208,6.26,6.342,6.406,6.476,6.546,6.619,6.708,6.826,6.936,7.096,7.247,7.466,7.758,8.116,9.427
942,OTH FP,0.46,1.386,1.748,1.94,2.099,2.263,2.35,2.469,2.547,2.646,2.722,2.804,2.859,2.907,2.998,3.066,3.139,3.194,3.263,3.319,3.37,3.41,3.46,3.513,3.569,3.62,3.675,3.712,3.759,3.8,3.84,3.873,3.92,3.965,4.006,4.048,4.082,4.117,4.153,4.193,4.236,4.27,4.306,4.341,4.37,4.407,4.447,4.478,4.516,4.558,4.599,4.631,4.678,4.713,4.745,4.784,4.82,4.864,4.904,4.947,4.99,5.023,5.061,5.107,5.154,5.2,5.252,5.302,5.332,5.377,5.412,5.464,5.519,5.566,5.602,5.652,5.699,5.741,5.788,5.845,5.889,5.952,6.011,6.062,6.099,6.14,6.222,6.293,6.364,6.423,6.549,6.634,6.711,6.807,6.904,7.014,7.187,7.42,7.626,8.023,9.528
943,OTH FP,0.46,1.386,1.748,1.94,2.099,2.263,2.35,2.469,2.547,2.646,2.722,2.804,2.859,2.907,2.998,3.066,3.139,3.194,3.263,3.319,3.37,3.41,3.46,3.513,3.569,3.62,3.675,3.712,3.759,3.8,3.84,3.873,3.92,3.965,4.006,4.048,4.082,4.117,4.153,4.193,4.236,4.27,4.306,4.341,4.37,4.407,4.447,4.478,4.516,4.558,4.599,4.631,4.678,4.713,4.745,4.784,4.82,4.864,4.904,4.947,4.99,5.023,5.061,5.107,5.154,5.2,5.252,5.302,5.332,5.377,5.412,5.464,5.519,5.566,5.602,5.652,5.699,5.741,5.788,5.845,5.889,5.952,6.011,6.062,6.099,6.14,6.222,6.293,6.364,6.423,6.549,6.634,6.711,6.807,6.904,7.014,7.187,7.42,7.626,8.023,9.528
944,OTH FP,0.434,1.283,1.686,1.856,2.025,2.207,2.377,2.449,2.539,2.636,2.696,2.777,2.838,2.897,2.98,3.036,3.099,3.166,3.218,3.277,3.322,3.373,3.425,3.483,3.536,3.587,3.633,3.681,3.716,3.752,3.798,3.845,3.888,3.934,3.975,4.02,4.05,4.094,4.136,4.17,4.204,4.235,4.263,4.297,4.336,4.372,4.406,4.444,4.481,4.518,4.554,4.597,4.64,4.676,4.718,4.746,4.784,4.815,4.85,4.894,4.934,4.972,5.023,5.063,5.119,5.159,5.202,5.239,5.28,5.323,5.366,5.407,5.455,5.511,5.553,5.598,5.651,5.691,5.747,5.794,5.847,5.9,5.938,6.002,6.078,6.147,6.201,6.255,6.323,6.398,6.492,6.58,6.685,6.765,6.878,7.003,7.175,7.378,7.6,8.014,9.465
945,OTH FP,0.434,1.283,1.686,1.856,2.025,2.207,2.377,2.449,2.539,2.636,2.696,2.777,2.838,2.897,2.98,3.036,3.099,3.166,3.218,3.277,3.322,3.373,3.425,3.483,3.536,3.587,3.633,3.681,3.716,3.752,3.798,3.845,3.888,3.934,3.975,4.02,4.05,4.094,4.136,4.17,4.204,4.235,4.263,4.297,4.336,4.372,4.406,4.444,4.481,4.518,4.554,4.597,4.64,4.676,4.718,4.746,4.784,4.815,4.85,4.894,4.934,4.972,5.023,5.063,5.119,5.159,5.202,5.239,5.28,5.323,5.366,5.407,5.455,5.511,5.553,5.598,5.651,5.691,5.747,5.794,5.847,5.9,5.938,6.002,6.078,6.147,6.201,6.255,6.323,6.398,6.492,6.58,6.685,6.765,6.878,7.003,7.175,7.378,7.6,8.014,9.465
946,OTH FP,0.397,1.273,1.634,1.867,2.029,2.202,2.304,2.413,2.505,2.572,2.661,2.745,2.829,2.901,2.949,3.007,3.058,3.129,3.182,3.232,3.3,3.343,3.388,3.43,3.475,3.526,3.579,3.624,3.671,3.721,3.763,3.798,3.843,3.88,3.923,3.966,4.0,4.04,4.084,4.12,4.166,4.215,4.249,4.281,4.312,4.345,4.381,4.427,4.462,4.496,4.535,4.576,4.611,4.659,4.694,4.739,4.775,4.824,4.863,4.901,4.927,4.972,5.012,5.047,5.09,5.123,5.165,5.202,5.24,5.28,5.313,5.368,5.406,5.464,5.512,5.561,5.61,5.665,5.721,5.779,5.833,5.884,5.925,5.991,6.051,6.104,6.173,6.245,6.311,6.374,6.456,6.529,6.618,6.708,6.812,6.957,7.142,7.337,7.619,8.052,9.395
947,OTH FP,0.397,1.273,1.634,1.867,2.029,2.202,2.304,2.413,2.505,2.572,2.661,2.745,2.829,2.901,2.949,3.007,3.058,3.129,3.182,3.232,3.3,3.343,3.388,3.43,3.475,3.526,3.579,3.624,3.671,3.721,3.763,3.798,3.843,3.88,3.923,3.966,4.0,4.04,4.084,4.12,4.166,4.215,4.249,4.281,4.312,4.345,4.381,4.427,4.462,4.496,4.535,4.576,4.611,4.659,4.694,4.739,4.775,4.824,4.863,4.901,4.927,4.972,5.012,5.047,5.09,5.123,5.165,5.202,5.24,5.28,5.313,5.368,5.406,5.464,5.512,5.561,5.61,5.665,5.721,5.779,5.833,5.884,5.925,5.991,6.051,6.104,6.173,6.245,6.311,6.374,6.456,6.529,6.618,6.708,6.812,6.957,7.142,7.337,7.619,8.052,9.395
948,OTH FP,0.394,1.237,1.561,1.839,2.029,2.181,2.3,2.407,2.492,2.603,2.682,2.738,2.825,2.869,2.953,3.0,3.066,3.13,3.185,3.247,3.293,3.337,3.391,3.427,3.475,3.513,3.556,3.602,3.641,3.696,3.726,3.767,3.821,3.855,3.905,3.944,3.976,4.019,4.059,4.1,4.141,4.184,4.226,4.255,4.291,4.321,4.359,4.4,4.443,4.478,4.527,4.56,4.592,4.633,4.673,4.713,4.764,4.793,4.834,4.869,4.908,4.944,4.976,5.021,5.059,5.096,5.157,5.195,5.236,5.275,5.328,5.374,5.409,5.464,5.512,5.558,5.607,5.651,5.708,5.757,5.818,5.881,5.933,5.989,6.035,6.092,6.142,6.216,6.273,6.331,6.387,6.487,6.613,6.71,6.815,6.942,7.069,7.269,7.535,8.04,9.393
949,OTH FP,0.394,1.237,1.561,1.839,2.029,2.181,2.3,2.407,2.492,2.603,2.682,2.738,2.825,2.869,2.953,3.0,3.066,3.13,3.185,3.247,3.293,3.337,3.391,3.427,3.475,3.513,3.556,3.602,3.641,3.696,3.726,3.767,3.821,3.855,3.905,3.944,3.976,4.019,4.059,4.1,4.141,4.184,4.226,4.255,4.291,4.321,4.359,4.4,4.443,4.478,4.527,4.56,4.592,4.633,4.673,4.713,4.764,4.793,4.834,4.869,4.908,4.944,4.976,5.021,5.059,5.096,5.157,5.195,5.236,5.275,5.328,5.374,5.409,5.464,5.512,5.558,5.607,5.651,5.708,5.757,5.818,5.881,5.933,5.989,6.035,6.092,6.142,6.216,6.273,6.331,6.387,6.487,6.613,6.71,6.815,6.942,7.069,7.269,7.535,8.04,9.393
950,OTH FP,0.437,1.14,1.569,1.854,1.966,2.138,2.26,2.391,2.491,2.579,2.656,2.728,2.807,2.878,2.937,3.019,3.085,3.143,3.193,3.246,3.292,3.349,3.394,3.443,3.487,3.526,3.58,3.623,3.651,3.685,3.721,3.768,3.811,3.845,3.881,3.915,3.95,3.993,4.034,4.078,4.113,4.142,4.184,4.215,4.253,4.285,4.325,4.372,4.402,4.449,4.484,4.521,4.562,4.601,4.631,4.674,4.718,4.756,4.795,4.837,4.877,4.91,4.952,4.998,5.053,5.093,5.136,5.163,5.213,5.254,5.298,5.351,5.403,5.459,5.508,5.547,5.601,5.64,5.696,5.74,5.791,5.845,5.886,5.948,6.001,6.063,6.106,6.172,6.235,6.31,6.381,6.457,6.525,6.618,6.735,6.91,7.068,7.307,7.564,7.994,9.228
951,OTH FP,0.437,1.14,1.569,1.854,1.966,2.138,2.26,2.391,2.491,2.579,2.656,2.728,2.807,2.878,2.937,3.019,3.085,3.143,3.193,3.246,3.292,3.349,3.394,3.443,3.487,3.526,3.58,3.623,3.651,3.685,3.721,3.768,3.811,3.845,3.881,3.915,3.95,3.993,4.034,4.078,4.113,4.142,4.184,4.215,4.253,4.285,4.325,4.372,4.402,4.449,4.484,4.521,4.562,4.601,4.631,4.674,4.718,4.756,4.795,4.837,4.877,4.91,4.952,4.998,5.053,5.093,5.136,5.163,5.213,5.254,5.298,5.351,5.403,5.459,5.508,5.547,5.601,5.64,5.696,5.74,5.791,5.845,5.886,5.948,6.001,6.063,6.106,6.172,6.235,6.31,6.381,6.457,6.525,6.618,6.735,6.91,7.068,7.307,7.564,7.994,9.228
952,OTH FP,0.464,1.156,1.504,1.782,1.937,2.084,2.252,2.352,2.453,2.563,2.661,2.736,2.811,2.866,2.918,2.993,3.051,3.107,3.158,3.216,3.267,3.324,3.377,3.427,3.481,3.529,3.577,3.62,3.652,3.684,3.722,3.755,3.794,3.84,3.874,3.913,3.947,3.99,4.022,4.054,4.083,4.116,4.149,4.195,4.233,4.267,4.296,4.336,4.362,4.416,4.454,4.49,4.524,4.573,4.615,4.659,4.698,4.743,4.779,4.815,4.856,4.898,4.937,5.0,5.04,5.087,5.136,5.169,5.216,5.254,5.293,5.322,5.361,5.405,5.437,5.487,5.542,5.597,5.643,5.695,5.744,5.792,5.837,5.893,5.97,6.027,6.078,6.145,6.206,6.27,6.332,6.445,6.525,6.626,6.707,6.862,7.007,7.241,7.485,7.959,9.208
953,OTH FP,0.464,1.156,1.504,1.782,1.937,2.084,2.252,2.352,2.453,2.563,2.661,2.736,2.811,2.866,2.918,2.993,3.051,3.107,3.158,3.216,3.267,3.324,3.377,3.427,3.481,3.529,3.577,3.62,3.652,3.684,3.722,3.755,3.794,3.84,3.874,3.913,3.947,3.99,4.022,4.054,4.083,4.116,4.149,4.195,4.233,4.267,4.296,4.336,4.362,4.416,4.454,4.49,4.524,4.573,4.615,4.659,4.698,4.743,4.779,4.815,4.856,4.898,4.937,5.0,5.04,5.087,5.136,5.169,5.216,5.254,5.293,5.322,5.361,5.405,5.437,5.487,5.542,5.597,5.643,5.695,5.744,5.792,5.837,5.893,5.97,6.027,6.078,6.145,6.206,6.27,6.332,6.445,6.525,6.626,6.707,6.862,7.007,7.241,7.485,7.959,9.208
954,OTH FP,0.44,1.164,1.47,1.738,1.94,2.101,2.284,2.359,2.465,2.566,2.644,2.709,2.776,2.85,2.918,2.97,3.019,3.081,3.131,3.181,3.25,3.307,3.366,3.411,3.463,3.501,3.54,3.573,3.626,3.667,3.697,3.733,3.767,3.812,3.854,3.891,3.931,3.975,4.006,4.034,4.082,4.127,4.169,4.205,4.235,4.279,4.306,4.343,4.376,4.408,4.45,4.486,4.509,4.538,4.575,4.611,4.648,4.69,4.717,4.749,4.786,4.822,4.878,4.928,4.978,5.025,5.067,5.112,5.15,5.2,5.256,5.307,5.355,5.401,5.432,5.474,5.519,5.558,5.613,5.661,5.703,5.742,5.786,5.841,5.881,5.941,6.005,6.072,6.159,6.228,6.305,6.377,6.453,6.557,6.682,6.832,7.012,7.211,7.46,7.887,9.189
955,OTH FP,0.44,1.164,1.47,1.738,1.94,2.101,2.284,2.359,2.465,2.566,2.644,2.709,2.776,2.85,2.918,2.97,3.019,3.081,3.131,3.181,3.25,3.307,3.366,3.411,3.463,3.501,3.54,3.573,3.626,3.667,3.697,3.733,3.767,3.812,3.854,3.891,3.931,3.975,4.006,4.034,4.082,4.127,4.169,4.205,4.235,4.279,4.306,4.343,4.376,4.408,4.45,4.486,4.509,4.538,4.575,4.611,4.648,4.69,4.717,4.749,4.786,4.822,4.878,4.928,4.978,5.025,5.067,5.112,5.15,5.2,5.256,5.307,5.355,5.401,5.432,5.474,5.519,5.558,5.613,5.661,5.703,5.742,5.786,5.841,5.881,5.941,6.005,6.072,6.159,6.228,6.305,6.377,6.453,6.557,6.682,6.832,7.012,7.211,7.46,7.887,9.189
956,OTH FP,0.468,1.175,1.563,1.825,1.964,2.108,2.212,2.34,2.428,2.523,2.603,2.703,2.763,2.83,2.888,2.95,3.027,3.081,3.139,3.187,3.23,3.269,3.315,3.356,3.408,3.449,3.503,3.543,3.581,3.633,3.672,3.727,3.761,3.79,3.823,3.873,3.904,3.942,3.982,4.027,4.062,4.106,4.155,4.185,4.221,4.255,4.287,4.323,4.355,4.389,4.425,4.466,4.5,4.531,4.563,4.595,4.646,4.686,4.74,4.779,4.821,4.851,4.886,4.92,4.963,5.002,5.037,5.088,5.13,5.17,5.207,5.244,5.291,5.326,5.366,5.415,5.461,5.507,5.545,5.592,5.636,5.683,5.728,5.779,5.84,5.899,5.95,6.018,6.087,6.169,6.255,6.317,6.399,6.527,6.636,6.779,6.992,7.16,7.437,7.778,8.829
957,OTH FP,0.468,1.175,1.563,1.825,1.964,2.108,2.212,2.34,2.428,2.523,2.603,2.703,2.763,2.83,2.888,2.95,3.027,3.081,3.139,3.187,3.23,3.269,3.315,3.356,3.408,3.449,3.503,3.543,3.581,3.633,3.672,3.727,3.761,3.79,3.823,3.873,3.904,3.942,3.982,4.027,4.062,4.106,4.155,4.185,4.221,4.255,4.287,4.323,4.355,4.389,4.425,4.466,4.5,4.531,4.563,4.595,4.646,4.686,4.74,4.779,4.821,4.851,4.886,4.92,4.963,5.002,5.037,5.088,5.13,5.17,5.207,5.244,5.291,5.326,5.366,5.415,5.461,5.507,5.545,5.592,5.636,5.683,5.728,5.779,5.84,5.899,5.95,6.018,6.087,6.169,6.255,6.317,6.399,6.527,6.636,6.779,6.992,7.16,7.437,7.778,8.829
958,OTH FP,0.443,1.226,1.619,1.834,1.95,2.077,2.18,2.306,2.393,2.465,2.549,2.654,2.733,2.828,2.891,2.964,3.039,3.094,3.144,3.194,3.243,3.286,3.325,3.374,3.407,3.444,3.494,3.534,3.581,3.624,3.658,3.704,3.745,3.783,3.823,3.86,3.892,3.937,3.977,4.008,4.046,4.08,4.119,4.157,4.196,4.227,4.257,4.299,4.342,4.388,4.427,4.465,4.503,4.537,4.58,4.608,4.637,4.689,4.732,4.769,4.795,4.822,4.852,4.886,4.928,4.962,4.995,5.037,5.082,5.128,5.159,5.21,5.256,5.3,5.341,5.386,5.423,5.469,5.52,5.555,5.602,5.652,5.693,5.739,5.795,5.866,5.931,5.994,6.055,6.129,6.217,6.303,6.401,6.493,6.588,6.719,6.864,7.059,7.353,7.708,8.672
959,OTH FP,0.443,1.226,1.619,1.834,1.95,2.077,2.18,2.306,2.393,2.465,2.549,2.654,2.733,2.828,2.891,2.964,3.039,3.094,3.144,3.194,3.243,3.286,3.325,3.374,3.407,3.444,3.494,3.534,3.581,3.624,3.658,3.704,3.745,3.783,3.823,3.86,3.892,3.937,3.977,4.008,4.046,4.08,4.119,4.157,4.196,4.227,4.257,4.299,4.342,4.388,4.427,4.465,4.503,4.537,4.58,4.608,4.637,4.689,4.732,4.769,4.795,4.822,4.852,4.886,4.928,4.962,4.995,5.037,5.082,5.128,5.159,5.21,5.256,5.3,5.341,5.386,5.423,5.469,5.52,5.555,5.602,5.652,5.693,5.739,5.795,5.866,5.931,5.994,6.055,6.129,6.217,6.303,6.401,6.493,6.588,6.719,6.864,7.059,7.353,7.708,8.672
960,OTH FP,0.358,1.097,1.524,1.709,1.876,2.026,2.148,2.287,2.381,2.482,2.567,2.642,2.723,2.791,2.847,2.909,2.989,3.043,3.115,3.189,3.236,3.278,3.323,3.372,3.418,3.45,3.492,3.538,3.575,3.617,3.664,3.701,3.743,3.776,3.806,3.844,3.884,3.915,3.956,3.993,4.028,4.058,4.089,4.13,4.176,4.212,4.241,4.273,4.319,4.354,4.394,4.431,4.464,4.498,4.534,4.569,4.608,4.649,4.694,4.744,4.778,4.824,4.857,4.894,4.932,4.981,5.012,5.049,5.088,5.122,5.158,5.205,5.254,5.298,5.335,5.373,5.415,5.456,5.511,5.553,5.6,5.64,5.693,5.759,5.811,5.858,5.906,5.99,6.052,6.141,6.237,6.323,6.42,6.526,6.644,6.77,6.899,7.103,7.374,7.747,8.952
961,OTH FP,0.358,1.097,1.524,1.709,1.876,2.026,2.148,2.287,2.381,2.482,2.567,2.642,2.723,2.791,2.847,2.909,2.989,3.043,3.115,3.189,3.236,3.278,3.323,3.372,3.418,3.45,3.492,3.538,3.575,3.617,3.664,3.701,3.743,3.776,3.806,3.844,3.884,3.915,3.956,3.993,4.028,4.058,4.089,4.13,4.176,4.212,4.241,4.273,4.319,4.354,4.394,4.431,4.464,4.498,4.534,4.569,4.608,4.649,4.694,4.744,4.778,4.824,4.857,4.894,4.932,4.981,5.012,5.049,5.088,5.122,5.158,5.205,5.254,5.298,5.335,5.373,5.415,5.456,5.511,5.553,5.6,5.64,5.693,5.759,5.811,5.858,5.906,5.99,6.052,6.141,6.237,6.323,6.42,6.526,6.644,6.77,6.899,7.103,7.374,7.747,8.952
962,OTH FP,0.238,1.027,1.387,1.616,1.835,1.999,2.153,2.274,2.38,2.46,2.547,2.634,2.702,2.769,2.84,2.908,2.983,3.034,3.081,3.129,3.169,3.218,3.275,3.311,3.354,3.399,3.446,3.495,3.539,3.58,3.606,3.649,3.695,3.736,3.771,3.804,3.835,3.879,3.927,3.971,4.007,4.051,4.084,4.119,4.163,4.205,4.243,4.283,4.322,4.352,4.396,4.428,4.465,4.509,4.547,4.583,4.628,4.673,4.703,4.735,4.767,4.799,4.844,4.882,4.921,4.954,4.99,5.045,5.083,5.12,5.15,5.19,5.222,5.258,5.306,5.346,5.376,5.434,5.495,5.547,5.595,5.632,5.681,5.751,5.813,5.864,5.953,6.032,6.095,6.156,6.233,6.299,6.393,6.496,6.639,6.75,6.923,7.155,7.395,7.931,8.869
963,OTH FP,0.238,1.027,1.387,1.616,1.835,1.999,2.153,2.274,2.38,2.46,2.547,2.634,2.702,2.769,2.84,2.908,2.983,3.034,3.081,3.129,3.169,3.218,3.275,3.311,3.354,3.399,3.446,3.495,3.539,3.58,3.606,3.649,3.695,3.736,3.771,3.804,3.835,3.879,3.927,3.971,4.007,4.051,4.084,4.119,4.163,4.205,4.243,4.283,4.322,4.352,4.396,4.428,4.465,4.509,4.547,4.583,4.628,4.673,4.703,4.735,4.767,4.799,4.844,4.882,4.921,4.954,4.99,5.045,5.083,5.12,5.15,5.19,5.222,5.258,5.306,5.346,5.376,5.434,5.495,5.547,5.595,5.632,5.681,5.751,5.813,5.864,5.953,6.032,6.095,6.156,6.233,6.299,6.393,6.496,6.639,6.75,6.923,7.155,7.395,7.931,8.869
964,OTH FP,0.276,0.947,1.307,1.59,1.754,1.952,2.103,2.238,2.338,2.452,2.535,2.6,2.679,2.752,2.823,2.876,2.949,3.006,3.058,3.106,3.15,3.198,3.242,3.3,3.348,3.392,3.43,3.483,3.516,3.563,3.609,3.649,3.683,3.725,3.756,3.794,3.838,3.877,3.912,3.944,3.984,4.02,4.06,4.094,4.133,4.176,4.218,4.244,4.294,4.331,4.373,4.397,4.434,4.469,4.511,4.542,4.587,4.632,4.674,4.727,4.765,4.791,4.821,4.869,4.917,4.966,5.003,5.04,5.076,5.123,5.155,5.201,5.241,5.291,5.344,5.376,5.406,5.451,5.504,5.551,5.628,5.683,5.732,5.789,5.843,5.897,5.96,6.015,6.089,6.157,6.22,6.308,6.42,6.522,6.633,6.761,6.965,7.179,7.414,7.859,9.29
965,OTH FP,0.276,0.947,1.307,1.59,1.754,1.952,2.103,2.238,2.338,2.452,2.535,2.6,2.679,2.752,2.823,2.876,2.949,3.006,3.058,3.106,3.15,3.198,3.242,3.3,3.348,3.392,3.43,3.483,3.516,3.563,3.609,3.649,3.683,3.725,3.756,3.794,3.838,3.877,3.912,3.944,3.984,4.02,4.06,4.094,4.133,4.176,4.218,4.244,4.294,4.331,4.373,4.397,4.434,4.469,4.511,4.542,4.587,4.632,4.674,4.727,4.765,4.791,4.821,4.869,4.917,4.966,5.003,5.04,5.076,5.123,5.155,5.201,5.241,5.291,5.344,5.376,5.406,5.451,5.504,5.551,5.628,5.683,5.732,5.789,5.843,5.897,5.96,6.015,6.089,6.157,6.22,6.308,6.42,6.522,6.633,6.761,6.965,7.179,7.414,7.859,9.29
966,OTH FP,0.254,0.901,1.351,1.535,1.732,1.896,2.032,2.17,2.293,2.362,2.469,2.548,2.618,2.684,2.764,2.835,2.885,2.933,2.989,3.041,3.096,3.158,3.212,3.26,3.312,3.355,3.397,3.432,3.49,3.531,3.589,3.635,3.672,3.701,3.728,3.758,3.799,3.834,3.874,3.9,3.946,3.987,4.023,4.062,4.115,4.157,4.199,4.24,4.277,4.31,4.356,4.391,4.438,4.471,4.503,4.538,4.578,4.615,4.661,4.707,4.753,4.803,4.835,4.873,4.9,4.941,4.976,5.009,5.047,5.093,5.133,5.175,5.252,5.307,5.347,5.385,5.429,5.488,5.532,5.579,5.639,5.702,5.753,5.804,5.867,5.934,5.985,6.041,6.106,6.166,6.253,6.357,6.448,6.539,6.646,6.807,6.978,7.135,7.448,7.888,9.123
967,OTH FP,0.254,0.901,1.351,1.535,1.732,1.896,2.032,2.17,2.293,2.362,2.469,2.548,2.618,2.684,2.764,2.835,2.885,2.933,2.989,3.041,3.096,3.158,3.212,3.26,3.312,3.355,3.397,3.432,3.49,3.531,3.589,3.635,3.672,3.701,3.728,3.758,3.799,3.834,3.874,3.9,3.946,3.987,4.023,4.062,4.115,4.157,4.199,4.24,4.277,4.31,4.356,4.391,4.438,4.471,4.503,4.538,4.578,4.615,4.661,4.707,4.753,4.803,4.835,4.873,4.9,4.941,4.976,5.009,5.047,5.093,5.133,5.175,5.252,5.307,5.347,5.385,5.429,5.488,5.532,5.579,5.639,5.702,5.753,5.804,5.867,5.934,5.985,6.041,6.106,6.166,6.253,6.357,6.448,6.539,6.646,6.807,6.978,7.135,7.448,7.888,9.123
968,OTH FP,0.243,0.805,1.212,1.506,1.723,1.839,1.966,2.107,2.198,2.296,2.388,2.476,2.553,2.625,2.698,2.772,2.841,2.899,2.957,3.002,3.071,3.116,3.163,3.211,3.249,3.293,3.338,3.393,3.433,3.483,3.529,3.575,3.62,3.668,3.706,3.739,3.781,3.825,3.86,3.907,3.945,3.985,4.015,4.056,4.102,4.146,4.185,4.228,4.27,4.31,4.356,4.399,4.45,4.486,4.516,4.557,4.591,4.627,4.665,4.693,4.725,4.777,4.811,4.849,4.886,4.933,4.983,5.019,5.058,5.105,5.151,5.2,5.242,5.292,5.33,5.376,5.422,5.482,5.539,5.591,5.631,5.687,5.746,5.801,5.851,5.906,5.982,6.062,6.125,6.206,6.285,6.376,6.47,6.59,6.703,6.833,6.987,7.242,7.506,7.933,9.074
969,OTH FP,0.243,0.805,1.212,1.506,1.723,1.839,1.966,2.107,2.198,2.296,2.388,2.476,2.553,2.625,2.698,2.772,2.841,2.899,2.957,3.002,3.071,3.116,3.163,3.211,3.249,3.293,3.338,3.393,3.433,3.483,3.529,3.575,3.62,3.668,3.706,3.739,3.781,3.825,3.86,3.907,3.945,3.985,4.015,4.056,4.102,4.146,4.185,4.228,4.27,4.31,4.356,4.399,4.45,4.486,4.516,4.557,4.591,4.627,4.665,4.693,4.725,4.777,4.811,4.849,4.886,4.933,4.983,5.019,5.058,5.105,5.151,5.2,5.242,5.292,5.33,5.376,5.422,5.482,5.539,5.591,5.631,5.687,5.746,5.801,5.851,5.906,5.982,6.062,6.125,6.206,6.285,6.376,6.47,6.59,6.703,6.833,6.987,7.242,7.506,7.933,9.074
970,OTH FP,0.212,0.7,1.198,1.495,1.681,1.813,1.935,2.037,2.135,2.231,2.326,2.431,2.505,2.587,2.68,2.74,2.809,2.871,2.928,2.982,3.046,3.089,3.135,3.175,3.215,3.273,3.317,3.37,3.415,3.467,3.508,3.558,3.608,3.662,3.704,3.74,3.782,3.823,3.859,3.89,3.919,3.956,3.994,4.034,4.083,4.124,4.179,4.214,4.263,4.309,4.341,4.382,4.427,4.464,4.501,4.536,4.573,4.612,4.648,4.68,4.713,4.758,4.809,4.847,4.884,4.946,4.989,5.019,5.051,5.095,5.143,5.194,5.244,5.289,5.322,5.383,5.427,5.478,5.548,5.594,5.651,5.712,5.767,5.818,5.872,5.932,6.008,6.077,6.14,6.227,6.31,6.394,6.468,6.604,6.709,6.883,7.05,7.256,7.482,7.995,9.057
971,OTH FP,0.212,0.7,1.198,1.495,1.681,1.813,1.935,2.037,2.135,2.231,2.326,2.431,2.505,2.587,2.68,2.74,2.809,2.871,2.928,2.982,3.046,3.089,3.135,3.175,3.215,3.273,3.317,3.37,3.415,3.467,3.508,3.558,3.608,3.662,3.704,3.74,3.782,3.823,3.859,3.89,3.919,3.956,3.994,4.034,4.083,4.124,4.179,4.214,4.263,4.309,4.341,4.382,4.427,4.464,4.501,4.536,4.573,4.612,4.648,4.68,4.713,4.758,4.809,4.847,4.884,4.946,4.989,5.019,5.051,5.095,5.143,5.194,5.244,5.289,5.322,5.383,5.427,5.478,5.548,5.594,5.651,5.712,5.767,5.818,5.872,5.932,6.008,6.077,6.14,6.227,6.31,6.394,6.468,6.604,6.709,6.883,7.05,7.256,7.482,7.995,9.057
972,OTH FP,0.168,0.731,1.149,1.448,1.654,1.784,1.895,2.008,2.109,2.236,2.321,2.42,2.488,2.55,2.617,2.671,2.756,2.824,2.898,2.946,2.999,3.049,3.103,3.164,3.209,3.26,3.306,3.357,3.425,3.459,3.504,3.557,3.606,3.651,3.689,3.721,3.772,3.808,3.851,3.886,3.934,3.976,4.01,4.038,4.068,4.104,4.157,4.197,4.232,4.261,4.298,4.333,4.377,4.407,4.445,4.502,4.55,4.589,4.619,4.66,4.709,4.753,4.792,4.827,4.864,4.912,4.953,4.989,5.03,5.078,5.128,5.173,5.229,5.265,5.307,5.368,5.427,5.479,5.53,5.586,5.632,5.693,5.751,5.803,5.858,5.938,6.017,6.107,6.162,6.233,6.328,6.43,6.561,6.685,6.785,6.906,7.055,7.203,7.501,7.975,9.135
973,OTH FP,0.168,0.731,1.149,1.448,1.654,1.784,1.895,2.008,2.109,2.236,2.321,2.42,2.488,2.55,2.617,2.671,2.756,2.824,2.898,2.946,2.999,3.049,3.103,3.164,3.209,3.26,3.306,3.357,3.425,3.459,3.504,3.557,3.606,3.651,3.689,3.721,3.772,3.808,3.851,3.886,3.934,3.976,4.01,4.038,4.068,4.104,4.157,4.197,4.232,4.261,4.298,4.333,4.377,4.407,4.445,4.502,4.55,4.589,4.619,4.66,4.709,4.753,4.792,4.827,4.864,4.912,4.953,4.989,5.03,5.078,5.128,5.173,5.229,5.265,5.307,5.368,5.427,5.479,5.53,5.586,5.632,5.693,5.751,5.803,5.858,5.938,6.017,6.107,6.162,6.233,6.328,6.43,6.561,6.685,6.785,6.906,7.055,7.203,7.501,7.975,9.135
974,OTH FP,0.142,0.737,1.119,1.393,1.55,1.758,1.851,2.002,2.087,2.207,2.298,2.393,2.485,2.561,2.639,2.71,2.765,2.834,2.877,2.932,2.989,3.051,3.098,3.144,3.19,3.244,3.31,3.355,3.403,3.442,3.486,3.531,3.585,3.626,3.673,3.721,3.771,3.808,3.856,3.883,3.919,3.959,3.991,4.027,4.067,4.106,4.141,4.177,4.223,4.264,4.305,4.349,4.384,4.42,4.449,4.482,4.523,4.564,4.599,4.638,4.68,4.71,4.762,4.807,4.846,4.884,4.938,4.989,5.029,5.08,5.125,5.189,5.221,5.271,5.314,5.367,5.417,5.472,5.52,5.562,5.608,5.664,5.715,5.781,5.849,5.909,5.972,6.069,6.157,6.242,6.346,6.453,6.598,6.708,6.823,6.965,7.104,7.27,7.528,7.98,9.058
975,OTH FP,0.142,0.737,1.119,1.393,1.55,1.758,1.851,2.002,2.087,2.207,2.298,2.393,2.485,2.561,2.639,2.71,2.765,2.834,2.877,2.932,2.989,3.051,3.098,3.144,3.19,3.244,3.31,3.355,3.403,3.442,3.486,3.531,3.585,3.626,3.673,3.721,3.771,3.808,3.856,3.883,3.919,3.959,3.991,4.027,4.067,4.106,4.141,4.177,4.223,4.264,4.305,4.349,4.384,4.42,4.449,4.482,4.523,4.564,4.599,4.638,4.68,4.71,4.762,4.807,4.846,4.884,4.938,4.989,5.029,5.08,5.125,5.189,5.221,5.271,5.314,5.367,5.417,5.472,5.52,5.562,5.608,5.664,5.715,5.781,5.849,5.909,5.972,6.069,6.157,6.242,6.346,6.453,6.598,6.708,6.823,6.965,7.104,7.27,7.528,7.98,9.058
976,OTH FP,0.143,0.615,1.042,1.316,1.505,1.694,1.832,1.943,2.061,2.192,2.273,2.349,2.461,2.53,2.604,2.66,2.723,2.772,2.834,2.899,2.961,3.024,3.083,3.129,3.169,3.219,3.265,3.321,3.365,3.415,3.456,3.506,3.553,3.598,3.648,3.687,3.719,3.761,3.803,3.849,3.893,3.935,3.969,4.007,4.047,4.087,4.13,4.164,4.209,4.259,4.291,4.319,4.361,4.403,4.443,4.484,4.529,4.57,4.619,4.651,4.699,4.731,4.779,4.822,4.858,4.892,4.927,4.982,5.007,5.049,5.099,5.133,5.185,5.231,5.284,5.342,5.394,5.439,5.493,5.546,5.605,5.655,5.719,5.763,5.819,5.892,5.945,6.026,6.134,6.231,6.329,6.431,6.564,6.701,6.825,6.971,7.162,7.32,7.562,8.014,9.264
977,OTH FP,0.143,0.615,1.042,1.316,1.505,1.694,1.832,1.943,2.061,2.192,2.273,2.349,2.461,2.53,2.604,2.66,2.723,2.772,2.834,2.899,2.961,3.024,3.083,3.129,3.169,3.219,3.265,3.321,3.365,3.415,3.456,3.506,3.553,3.598,3.648,3.687,3.719,3.761,3.803,3.849,3.893,3.935,3.969,4.007,4.047,4.087,4.13,4.164,4.209,4.259,4.291,4.319,4.361,4.403,4.443,4.484,4.529,4.57,4.619,4.651,4.699,4.731,4.779,4.822,4.858,4.892,4.927,4.982,5.007,5.049,5.099,5.133,5.185,5.231,5.284,5.342,5.394,5.439,5.493,5.546,5.605,5.655,5.719,5.763,5.819,5.892,5.945,6.026,6.134,6.231,6.329,6.431,6.564,6.701,6.825,6.971,7.162,7.32,7.562,8.014,9.264
978,OTH FP,0.128,0.558,1.04,1.276,1.492,1.652,1.781,1.913,2.05,2.143,2.246,2.35,2.432,2.498,2.573,2.626,2.69,2.755,2.819,2.872,2.932,3.01,3.065,3.118,3.153,3.212,3.26,3.31,3.355,3.394,3.444,3.491,3.531,3.563,3.615,3.663,3.697,3.745,3.784,3.823,3.864,3.916,3.955,3.991,4.033,4.071,4.111,4.153,4.195,4.226,4.253,4.296,4.33,4.378,4.419,4.464,4.517,4.548,4.596,4.635,4.678,4.716,4.747,4.78,4.821,4.854,4.889,4.943,4.985,5.026,5.074,5.12,5.17,5.228,5.281,5.331,5.407,5.466,5.511,5.56,5.614,5.664,5.73,5.776,5.836,5.913,5.98,6.053,6.106,6.186,6.286,6.403,6.522,6.642,6.789,6.896,7.078,7.349,7.581,8.028,9.343
979,OTH FP,0.128,0.558,1.04,1.276,1.492,1.652,1.781,1.913,2.05,2.143,2.246,2.35,2.432,2.498,2.573,2.626,2.69,2.755,2.819,2.872,2.932,3.01,3.065,3.118,3.153,3.212,3.26,3.31,3.355,3.394,3.444,3.491,3.531,3.563,3.615,3.663,3.697,3.745,3.784,3.823,3.864,3.916,3.955,3.991,4.033,4.071,4.111,4.153,4.195,4.226,4.253,4.296,4.33,4.378,4.419,4.464,4.517,4.548,4.596,4.635,4.678,4.716,4.747,4.78,4.821,4.854,4.889,4.943,4.985,5.026,5.074,5.12,5.17,5.228,5.281,5.331,5.407,5.466,5.511,5.56,5.614,5.664,5.73,5.776,5.836,5.913,5.98,6.053,6.106,6.186,6.286,6.403,6.522,6.642,6.789,6.896,7.078,7.349,7.581,8.028,9.343
980,OTH FP,0.134,0.488,0.997,1.259,1.494,1.651,1.778,1.893,2.005,2.092,2.181,2.262,2.396,2.473,2.527,2.594,2.665,2.728,2.789,2.842,2.905,2.968,3.023,3.077,3.128,3.178,3.223,3.263,3.293,3.337,3.384,3.429,3.472,3.506,3.542,3.59,3.64,3.682,3.725,3.789,3.829,3.869,3.91,3.952,3.994,4.034,4.072,4.112,4.162,4.191,4.232,4.265,4.301,4.339,4.376,4.419,4.46,4.503,4.534,4.573,4.617,4.661,4.717,4.761,4.797,4.846,4.89,4.933,4.99,5.044,5.083,5.144,5.185,5.224,5.272,5.329,5.373,5.424,5.479,5.533,5.58,5.633,5.693,5.756,5.816,5.896,5.959,6.037,6.126,6.201,6.296,6.377,6.475,6.574,6.719,6.857,7.053,7.284,7.586,8.043,9.459
981,OTH FP,0.134,0.488,0.997,1.259,1.494,1.651,1.778,1.893,2.005,2.092,2.181,2.262,2.396,2.473,2.527,2.594,2.665,2.728,2.789,2.842,2.905,2.968,3.023,3.077,3.128,3.178,3.223,3.263,3.293,3.337,3.384,3.429,3.472,3.506,3.542,3.59,3.64,3.682,3.725,3.789,3.829,3.869,3.91,3.952,3.994,4.034,4.072,4.112,4.162,4.191,4.232,4.265,4.301,4.339,4.376,4.419,4.46,4.503,4.534,4.573,4.617,4.661,4.717,4.761,4.797,4.846,4.89,4.933,4.99,5.044,5.083,5.144,5.185,5.224,5.272,5.329,5.373,5.424,5.479,5.533,5.58,5.633,5.693,5.756,5.816,5.896,5.959,6.037,6.126,6.201,6.296,6.377,6.475,6.574,6.719,6.857,7.053,7.284,7.586,8.043,9.459
982,OTH FP,0.09,0.48,0.917,1.225,1.452,1.6,1.751,1.88,2.015,2.122,2.188,2.297,2.354,2.428,2.512,2.59,2.643,2.708,2.755,2.831,2.878,2.927,2.974,3.035,3.094,3.136,3.199,3.251,3.29,3.339,3.371,3.414,3.45,3.485,3.532,3.572,3.608,3.648,3.683,3.732,3.765,3.824,3.867,3.902,3.962,4.004,4.049,4.087,4.125,4.158,4.19,4.237,4.275,4.317,4.357,4.407,4.455,4.498,4.536,4.581,4.615,4.665,4.698,4.741,4.798,4.833,4.878,4.918,4.958,5.006,5.055,5.112,5.156,5.206,5.262,5.333,5.37,5.411,5.453,5.524,5.585,5.631,5.697,5.772,5.851,5.903,5.99,6.072,6.154,6.226,6.296,6.408,6.521,6.644,6.749,6.89,7.072,7.33,7.537,7.966,9.266
983,OTH FP,0.09,0.48,0.917,1.225,1.452,1.6,1.751,1.88,2.015,2.122,2.188,2.297,2.354,2.428,2.512,2.59,2.643,2.708,2.755,2.831,2.878,2.927,2.974,3.035,3.094,3.136,3.199,3.251,3.29,3.339,3.371,3.414,3.45,3.485,3.532,3.572,3.608,3.648,3.683,3.732,3.765,3.824,3.867,3.902,3.962,4.004,4.049,4.087,4.125,4.158,4.19,4.237,4.275,4.317,4.357,4.407,4.455,4.498,4.536,4.581,4.615,4.665,4.698,4.741,4.798,4.833,4.878,4.918,4.958,5.006,5.055,5.112,5.156,5.206,5.262,5.333,5.37,5.411,5.453,5.524,5.585,5.631,5.697,5.772,5.851,5.903,5.99,6.072,6.154,6.226,6.296,6.408,6.521,6.644,6.749,6.89,7.072,7.33,7.537,7.966,9.266
984,OTH FP,0.087,0.395,0.863,1.152,1.333,1.526,1.686,1.817,1.949,2.07,2.164,2.261,2.339,2.416,2.487,2.58,2.652,2.698,2.746,2.809,2.87,2.926,2.983,3.041,3.078,3.111,3.144,3.198,3.235,3.281,3.325,3.367,3.398,3.46,3.496,3.52,3.555,3.607,3.653,3.695,3.741,3.782,3.826,3.877,3.921,3.957,4.0,4.054,4.093,4.149,4.196,4.222,4.27,4.314,4.353,4.389,4.439,4.484,4.52,4.553,4.596,4.635,4.682,4.744,4.776,4.815,4.864,4.919,4.965,5.017,5.062,5.102,5.139,5.2,5.261,5.315,5.372,5.417,5.475,5.537,5.589,5.659,5.714,5.783,5.841,5.899,5.975,6.05,6.113,6.198,6.292,6.407,6.501,6.607,6.684,6.879,7.057,7.247,7.548,7.989,9.296
985,OTH FP,0.087,0.395,0.863,1.152,1.333,1.526,1.686,1.817,1.949,2.07,2.164,2.261,2.339,2.416,2.487,2.58,2.652,2.698,2.746,2.809,2.87,2.926,2.983,3.041,3.078,3.111,3.144,3.198,3.235,3.281,3.325,3.367,3.398,3.46,3.496,3.52,3.555,3.607,3.653,3.695,3.741,3.782,3.826,3.877,3.921,3.957,4.0,4.054,4.093,4.149,4.196,4.222,4.27,4.314,4.353,4.389,4.439,4.484,4.52,4.553,4.596,4.635,4.682,4.744,4.776,4.815,4.864,4.919,4.965,5.017,5.062,5.102,5.139,5.2,5.261,5.315,5.372,5.417,5.475,5.537,5.589,5.659,5.714,5.783,5.841,5.899,5.975,6.05,6.113,6.198,6.292,6.407,6.501,6.607,6.684,6.879,7.057,7.247,7.548,7.989,9.296
986,OTH FP,0.097,0.434,0.748,1.105,1.325,1.502,1.667,1.85,1.937,2.049,2.132,2.237,2.329,2.392,2.456,2.515,2.581,2.649,2.713,2.756,2.809,2.868,2.922,2.971,3.009,3.056,3.103,3.16,3.21,3.255,3.297,3.342,3.383,3.434,3.472,3.508,3.553,3.617,3.653,3.679,3.711,3.753,3.799,3.839,3.882,3.93,3.982,4.022,4.066,4.11,4.14,4.182,4.235,4.287,4.336,4.377,4.421,4.472,4.51,4.541,4.578,4.628,4.665,4.706,4.746,4.791,4.843,4.898,4.947,4.982,5.045,5.106,5.155,5.205,5.253,5.306,5.373,5.442,5.496,5.542,5.583,5.634,5.7,5.76,5.831,5.883,5.952,6.021,6.091,6.187,6.256,6.348,6.465,6.575,6.729,6.84,7.005,7.194,7.459,7.913,9.268
987,OTH FP,0.097,0.434,0.748,1.105,1.325,1.502,1.667,1.85,1.937,2.049,2.132,2.237,2.329,2.392,2.456,2.515,2.581,2.649,2.713,2.756,2.809,2.868,2.922,2.971,3.009,3.056,3.103,3.16,3.21,3.255,3.297,3.342,3.383,3.434,3.472,3.508,3.553,3.617,3.653,3.679,3.711,3.753,3.799,3.839,3.882,3.93,3.982,4.022,4.066,4.11,4.14,4.182,4.235,4.287,4.336,4.377,4.421,4.472,4.51,4.541,4.578,4.628,4.665,4.706,4.746,4.791,4.843,4.898,4.947,4.982,5.045,5.106,5.155,5.205,5.253,5.306,5.373,5.442,5.496,5.542,5.583,5.634,5.7,5.76,5.831,5.883,5.952,6.021,6.091,6.187,6.256,6.348,6.465,6.575,6.729,6.84,7.005,7.194,7.459,7.913,9.268
988,OTH FP,0.094,0.396,0.726,1.041,1.341,1.52,1.657,1.781,1.905,1.995,2.091,2.175,2.278,2.345,2.423,2.496,2.56,2.611,2.668,2.735,2.8,2.861,2.908,2.953,3.002,3.063,3.104,3.146,3.195,3.234,3.272,3.321,3.368,3.418,3.45,3.502,3.541,3.585,3.627,3.67,3.713,3.749,3.791,3.827,3.869,3.902,3.933,3.98,4.017,4.056,4.106,4.147,4.188,4.237,4.282,4.324,4.377,4.431,4.468,4.525,4.563,4.6,4.636,4.691,4.744,4.794,4.837,4.875,4.929,4.961,5.011,5.057,5.106,5.155,5.203,5.265,5.308,5.369,5.425,5.484,5.551,5.61,5.662,5.729,5.782,5.874,5.943,6.001,6.077,6.157,6.231,6.347,6.464,6.579,6.685,6.843,6.981,7.193,7.493,7.895,9.389
989,OTH FP,0.094,0.396,0.726,1.041,1.341,1.52,1.657,1.781,1.905,1.995,2.091,2.175,2.278,2.345,2.423,2.496,2.56,2.611,2.668,2.735,2.8,2.861,2.908,2.953,3.002,3.063,3.104,3.146,3.195,3.234,3.272,3.321,3.368,3.418,3.45,3.502,3.541,3.585,3.627,3.67,3.713,3.749,3.791,3.827,3.869,3.902,3.933,3.98,4.017,4.056,4.106,4.147,4.188,4.237,4.282,4.324,4.377,4.431,4.468,4.525,4.563,4.6,4.636,4.691,4.744,4.794,4.837,4.875,4.929,4.961,5.011,5.057,5.106,5.155,5.203,5.265,5.308,5.369,5.425,5.484,5.551,5.61,5.662,5.729,5.782,5.874,5.943,6.001,6.077,6.157,6.231,6.347,6.464,6.579,6.685,6.843,6.981,7.193,7.493,7.895,9.389
990,OTH FP,0.09,0.389,0.677,0.995,1.211,1.41,1.601,1.759,1.88,1.972,2.073,2.153,2.24,2.308,2.394,2.474,2.545,2.602,2.664,2.724,2.782,2.84,2.906,2.954,3.017,3.061,3.107,3.145,3.184,3.231,3.283,3.319,3.353,3.396,3.448,3.489,3.527,3.577,3.618,3.664,3.707,3.749,3.796,3.83,3.866,3.909,3.961,4.008,4.056,4.092,4.13,4.171,4.22,4.256,4.307,4.353,4.392,4.446,4.49,4.531,4.571,4.606,4.652,4.691,4.734,4.789,4.841,4.889,4.928,4.997,5.046,5.09,5.142,5.183,5.242,5.304,5.365,5.433,5.495,5.558,5.613,5.683,5.737,5.786,5.844,5.92,5.998,6.059,6.133,6.213,6.312,6.397,6.493,6.629,6.781,6.937,7.104,7.284,7.547,7.989,9.288
991,OTH FP,0.09,0.389,0.677,0.995,1.211,1.41,1.601,1.759,1.88,1.972,2.073,2.153,2.24,2.308,2.394,2.474,2.545,2.602,2.664,2.724,2.782,2.84,2.906,2.954,3.017,3.061,3.107,3.145,3.184,3.231,3.283,3.319,3.353,3.396,3.448,3.489,3.527,3.577,3.618,3.664,3.707,3.749,3.796,3.83,3.866,3.909,3.961,4.008,4.056,4.092,4.13,4.171,4.22,4.256,4.307,4.353,4.392,4.446,4.49,4.531,4.571,4.606,4.652,4.691,4.734,4.789,4.841,4.889,4.928,4.997,5.046,5.09,5.142,5.183,5.242,5.304,5.365,5.433,5.495,5.558,5.613,5.683,5.737,5.786,5.844,5.92,5.998,6.059,6.133,6.213,6.312,6.397,6.493,6.629,6.781,6.937,7.104,7.284,7.547,7.989,9.288
992,OTH FP,0.092,0.325,0.582,0.899,1.112,1.368,1.551,1.709,1.82,1.933,2.062,2.156,2.244,2.334,2.398,2.456,2.515,2.583,2.64,2.686,2.749,2.804,2.853,2.913,2.97,3.018,3.076,3.133,3.174,3.228,3.265,3.318,3.362,3.402,3.439,3.482,3.52,3.562,3.598,3.641,3.69,3.725,3.763,3.807,3.861,3.896,3.954,4.006,4.057,4.098,4.14,4.193,4.234,4.274,4.321,4.364,4.421,4.467,4.508,4.547,4.599,4.646,4.697,4.74,4.786,4.836,4.885,4.925,4.972,5.015,5.054,5.111,5.162,5.215,5.261,5.306,5.368,5.427,5.485,5.538,5.614,5.672,5.742,5.807,5.879,5.967,6.029,6.105,6.192,6.289,6.389,6.485,6.581,6.713,6.859,6.999,7.178,7.399,7.682,8.062,9.251
993,OTH FP,0.092,0.325,0.582,0.899,1.112,1.368,1.551,1.709,1.82,1.933,2.062,2.156,2.244,2.334,2.398,2.456,2.515,2.583,2.64,2.686,2.749,2.804,2.853,2.913,2.97,3.018,3.076,3.133,3.174,3.228,3.265,3.318,3.362,3.402,3.439,3.482,3.52,3.562,3.598,3.641,3.69,3.725,3.763,3.807,3.861,3.896,3.954,4.006,4.057,4.098,4.14,4.193,4.234,4.274,4.321,4.364,4.421,4.467,4.508,4.547,4.599,4.646,4.697,4.74,4.786,4.836,4.885,4.925,4.972,5.015,5.054,5.111,5.162,5.215,5.261,5.306,5.368,5.427,5.485,5.538,5.614,5.672,5.742,5.807,5.879,5.967,6.029,6.105,6.192,6.289,6.389,6.485,6.581,6.713,6.859,6.999,7.178,7.399,7.682,8.062,9.251
994,OTH FP,0.096,0.333,0.568,0.856,1.078,1.304,1.478,1.632,1.75,1.882,1.983,2.069,2.189,2.261,2.343,2.398,2.454,2.533,2.615,2.67,2.726,2.774,2.834,2.886,2.935,2.974,3.018,3.095,3.14,3.204,3.244,3.288,3.335,3.381,3.425,3.472,3.508,3.563,3.613,3.664,3.706,3.74,3.794,3.83,3.881,3.918,3.965,4.02,4.063,4.111,4.156,4.197,4.233,4.278,4.329,4.375,4.429,4.475,4.517,4.56,4.602,4.638,4.681,4.72,4.769,4.823,4.866,4.908,4.955,5.013,5.072,5.129,5.204,5.249,5.296,5.355,5.422,5.472,5.529,5.592,5.663,5.724,5.783,5.837,5.908,5.974,6.067,6.141,6.197,6.315,6.411,6.52,6.641,6.776,6.926,7.095,7.276,7.492,7.722,8.152,9.831
995,OTH FP,0.096,0.333,0.568,0.856,1.078,1.304,1.478,1.632,1.75,1.882,1.983,2.069,2.189,2.261,2.343,2.398,2.454,2.533,2.615,2.67,2.726,2.774,2.834,2.886,2.935,2.974,3.018,3.095,3.14,3.204,3.244,3.288,3.335,3.381,3.425,3.472,3.508,3.563,3.613,3.664,3.706,3.74,3.794,3.83,3.881,3.918,3.965,4.02,4.063,4.111,4.156,4.197,4.233,4.278,4.329,4.375,4.429,4.475,4.517,4.56,4.602,4.638,4.681,4.72,4.769,4.823,4.866,4.908,4.955,5.013,5.072,5.129,5.204,5.249,5.296,5.355,5.422,5.472,5.529,5.592,5.663,5.724,5.783,5.837,5.908,5.974,6.067,6.141,6.197,6.315,6.411,6.52,6.641,6.776,6.926,7.095,7.276,7.492,7.722,8.152,9.831
996,OTH FP,0.086,0.277,0.48,0.845,1.043,1.239,1.396,1.573,1.726,1.874,1.98,2.053,2.152,2.234,2.299,2.388,2.469,2.529,2.589,2.634,2.692,2.757,2.806,2.865,2.919,2.969,3.035,3.076,3.133,3.183,3.24,3.301,3.346,3.389,3.444,3.493,3.543,3.57,3.624,3.663,3.711,3.755,3.797,3.845,3.888,3.942,3.984,4.034,4.068,4.101,4.142,4.193,4.238,4.281,4.314,4.363,4.399,4.454,4.503,4.546,4.594,4.644,4.698,4.74,4.796,4.84,4.896,4.953,5.0,5.04,5.095,5.153,5.223,5.275,5.335,5.382,5.451,5.496,5.553,5.61,5.663,5.752,5.824,5.894,5.98,6.06,6.15,6.212,6.284,6.359,6.457,6.605,6.692,6.815,6.955,7.176,7.321,7.52,7.733,8.17,9.693
997,OTH FP,0.086,0.277,0.48,0.845,1.043,1.239,1.396,1.573,1.726,1.874,1.98,2.053,2.152,2.234,2.299,2.388,2.469,2.529,2.589,2.634,2.692,2.757,2.806,2.865,2.919,2.969,3.035,3.076,3.133,3.183,3.24,3.301,3.346,3.389,3.444,3.493,3.543,3.57,3.624,3.663,3.711,3.755,3.797,3.845,3.888,3.942,3.984,4.034,4.068,4.101,4.142,4.193,4.238,4.281,4.314,4.363,4.399,4.454,4.503,4.546,4.594,4.644,4.698,4.74,4.796,4.84,4.896,4.953,5.0,5.04,5.095,5.153,5.223,5.275,5.335,5.382,5.451,5.496,5.553,5.61,5.663,5.752,5.824,5.894,5.98,6.06,6.15,6.212,6.284,6.359,6.457,6.605,6.692,6.815,6.955,7.176,7.321,7.52,7.733,8.17,9.693
998,OTH FP,0.066,0.23,0.445,0.789,0.987,1.208,1.393,1.534,1.65,1.763,1.888,1.993,2.088,2.184,2.271,2.357,2.428,2.486,2.537,2.607,2.672,2.735,2.788,2.831,2.888,2.944,3.0,3.064,3.111,3.171,3.211,3.27,3.329,3.385,3.433,3.484,3.534,3.577,3.627,3.677,3.733,3.77,3.821,3.867,3.899,3.939,3.99,4.035,4.078,4.126,4.168,4.202,4.243,4.285,4.337,4.381,4.433,4.484,4.531,4.582,4.621,4.666,4.714,4.783,4.829,4.882,4.933,4.999,5.051,5.094,5.15,5.201,5.25,5.31,5.355,5.41,5.461,5.539,5.6,5.664,5.739,5.797,5.883,5.935,6.013,6.086,6.151,6.226,6.306,6.396,6.501,6.63,6.756,6.9,7.035,7.176,7.383,7.587,7.874,8.341,9.81
999,OTH FP,0.066,0.23,0.445,0.789,0.987,1.208,1.393,1.534,1.65,1.763,1.888,1.993,2.088,2.184,2.271,2.357,2.428,2.486,2.537,2.607,2.672,2.735,2.788,2.831,2.888,2.944,3.0,3.064,3.111,3.171,3.211,3.27,3.329,3.385,3.433,3.484,3.534,3.577,3.627,3.677,3.733,3.77,3.821,3.867,3.899,3.939,3.99,4.035,4.078,4.126,4.168,4.202,4.243,4.285,4.337,4.381,4.433,4.484,4.531,4.582,4.621,4.666,4.714,4.783,4.829,4.882,4.933,4.999,5.051,5.094,5.15,5.201,5.25,5.31,5.355,5.41,5.461,5.539,5.6,5.664,5.739,5.797,5.883,5.935,6.013,6.086,6.151,6.226,6.306,6.396,6.501,6.63,6.756,6.9,7.035,7.176,7.383,7.587,7.874,8.341,9.81
1000,OTH FP,0.071,0.23,0.436,0.723,0.974,1.161,1.316,1.494,1.635,1.72,1.818,1.907,2.032,2.137,2.237,2.318,2.378,2.441,2.544,2.616,2.677,2.743,2.795,2.855,2.902,2.95,3.012,3.051,3.109,3.18,3.224,3.28,3.346,3.39,3.434,3.486,3.539,3.589,3.637,3.682,3.729,3.767,3.81,3.859,3.917,3.977,4.018,4.063,4.108,4.167,4.204,4.256,4.287,4.323,4.367,4.398,4.442,4.5,4.533,4.579,4.624,4.679,4.727,4.768,4.829,4.877,4.924,4.982,5.04,5.106,5.165,5.221,5.258,5.309,5.375,5.436,5.504,5.565,5.634,5.696,5.775,5.832,5.887,5.965,6.027,6.106,6.21,6.302,6.385,6.471,6.577,6.69,6.81,6.952,7.087,7.25,7.428,7.588,7.865,8.34,9.621
1001,OTH FP,0.071,0.23,0.436,0.723,0.974,1.161,1.316,1.494,1.635,1.72,1.818,1.907,2.032,2.137,2.237,2.318,2.378,2.441,2.544,2.616,2.677,2.743,2.795,2.855,2.902,2.95,3.012,3.051,3.109,3.18,3.224,3.28,3.346,3.39,3.434,3.486,3.539,3.589,3.637,3.682,3.729,3.767,3.81,3.859,3.917,3.977,4.018,4.063,4.108,4.167,4.204,4.256,4.287,4.323,4.367,4.398,4.442,4.5,4.533,4.579,4.624,4.679,4.727,4.768,4.829,4.877,4.924,4.982,5.04,5.106,5.165,5.221,5.258,5.309,5.375,5.436,5.504,5.565,5.634,5.696,5.775,5.832,5.887,5.965,6.027,6.106,6.21,6.302,6.385,6.471,6.577,6.69,6.81,6.952,7.087,7.25,7.428,7.588,7.865,8.34,9.621
1002,OTH FP,0.064,0.22,0.406,0.656,0.896,1.104,1.261,1.426,1.555,1.672,1.799,1.892,1.973,2.06,2.165,2.245,2.308,2.378,2.449,2.549,2.625,2.701,2.769,2.826,2.895,2.952,3.001,3.055,3.113,3.164,3.216,3.26,3.316,3.382,3.435,3.476,3.535,3.593,3.64,3.683,3.728,3.787,3.821,3.867,3.932,3.975,4.039,4.078,4.121,4.182,4.23,4.282,4.315,4.354,4.398,4.429,4.464,4.515,4.56,4.604,4.645,4.7,4.753,4.798,4.858,4.904,4.955,4.992,5.05,5.087,5.15,5.197,5.265,5.322,5.379,5.438,5.516,5.581,5.64,5.717,5.779,5.843,5.931,6.018,6.098,6.172,6.268,6.347,6.425,6.541,6.628,6.714,6.845,6.98,7.128,7.285,7.496,7.656,7.932,8.328,9.889
1003,OTH FP,0.064,0.22,0.406,0.656,0.896,1.104,1.261,1.426,1.555,1.672,1.799,1.892,1.973,2.06,2.165,2.245,2.308,2.378,2.449,2.549,2.625,2.701,2.769,2.826,2.895,2.952,3.001,3.055,3.113,3.164,3.216,3.26,3.316,3.382,3.435,3.476,3.535,3.593,3.64,3.683,3.728,3.787,3.821,3.867,3.932,3.975,4.039,4.078,4.121,4.182,4.23,4.282,4.315,4.354,4.398,4.429,4.464,4.515,4.56,4.604,4.645,4.7,4.753,4.798,4.858,4.904,4.955,4.992,5.05,5.087,5.15,5.197,5.265,5.322,5.379,5.438,5.516,5.581,5.64,5.717,5.779,5.843,5.931,6.018,6.098,6.172,6.268,6.347,6.425,6.541,6.628,6.714,6.845,6.98,7.128,7.285,7.496,7.656,7.932,8.328,9.889
1004,OTH FP,0.059,0.2,0.38,0.582,0.797,1.002,1.207,1.378,1.478,1.617,1.737,1.858,1.934,2.019,2.114,2.203,2.296,2.379,2.438,2.511,2.572,2.652,2.718,2.792,2.874,2.931,2.967,3.028,3.079,3.124,3.181,3.239,3.291,3.358,3.423,3.463,3.524,3.59,3.645,3.683,3.736,3.792,3.837,3.881,3.93,3.967,4.024,4.071,4.132,4.182,4.23,4.271,4.323,4.385,4.435,4.474,4.513,4.544,4.598,4.641,4.67,4.711,4.771,4.816,4.875,4.935,4.99,5.037,5.096,5.147,5.2,5.255,5.296,5.37,5.428,5.478,5.532,5.586,5.634,5.71,5.789,5.852,5.943,6.015,6.082,6.189,6.273,6.358,6.462,6.547,6.647,6.73,6.864,7.002,7.147,7.347,7.531,7.701,8.062,8.46,9.791
1005,OTH FP,0.059,0.2,0.38,0.582,0.797,1.002,1.207,1.378,1.478,1.617,1.737,1.858,1.934,2.019,2.114,2.203,2.296,2.379,2.438,2.511,2.572,2.652,2.718,2.792,2.874,2.931,2.967,3.028,3.079,3.124,3.181,3.239,3.291,3.358,3.423,3.463,3.524,3.59,3.645,3.683,3.736,3.792,3.837,3.881,3.93,3.967,4.024,4.071,4.132,4.182,4.23,4.271,4.323,4.385,4.435,4.474,4.513,4.544,4.598,4.641,4.67,4.711,4.771,4.816,4.875,4.935,4.99,5.037,5.096,5.147,5.2,5.255,5.296,5.37,5.428,5.478,5.532,5.586,5.634,5.71,5.789,5.852,5.943,6.015,6.082,6.189,6.273,6.358,6.462,6.547,6.647,6.73,6.864,7.002,7.147,7.347,7.531,7.701,8.062,8.46,9.791
1006,OTH FP,0.053,0.204,0.355,0.479,0.771,1.034,1.187,1.302,1.433,1.546,1.688,1.782,1.88,1.977,2.078,2.165,2.246,2.318,2.394,2.501,2.571,2.645,2.724,2.774,2.822,2.881,2.935,3.004,3.068,3.115,3.194,3.251,3.313,3.369,3.421,3.486,3.545,3.597,3.641,3.67,3.728,3.786,3.834,3.884,3.94,3.982,4.018,4.066,4.11,4.153,4.224,4.275,4.323,4.364,4.414,4.466,4.512,4.575,4.615,4.662,4.704,4.755,4.798,4.845,4.884,4.944,5.01,5.063,5.118,5.167,5.209,5.269,5.322,5.377,5.432,5.483,5.55,5.604,5.686,5.764,5.813,5.886,5.951,6.047,6.135,6.206,6.271,6.381,6.496,6.558,6.672,6.826,6.927,7.034,7.205,7.359,7.566,7.78,8.092,8.615,9.929
1007,OTH FP,0.053,0.204,0.355,0.479,0.771,1.034,1.187,1.302,1.433,1.546,1.688,1.782,1.88,1.977,2.078,2.165,2.246,2.318,2.394,2.501,2.571,2.645,2.724,2.774,2.822,2.881,2.935,3.004,3.068,3.115,3.194,3.251,3.313,3.369,3.421,3.486,3.545,3.597,3.641,3.67,3.728,3.786,3.834,3.884,3.94,3.982,4.018,4.066,4.11,4.153,4.224,4.275,4.323,4.364,4.414,4.466,4.512,4.575,4.615,4.662,4.704,4.755,4.798,4.845,4.884,4.944,5.01,5.063,5.118,5.167,5.209,5.269,5.322,5.377,5.432,5.483,5.55,5.604,5.686,5.764,5.813,5.886,5.951,6.047,6.135,6.206,6.271,6.381,6.496,6.558,6.672,6.826,6.927,7.034,7.205,7.359,7.566,7.78,8.092,8.615,9.929
1008,OTH FP,0.051,0.21,0.328,0.474,0.771,0.962,1.112,1.283,1.421,1.541,1.659,1.745,1.852,1.946,2.038,2.117,2.188,2.267,2.349,2.43,2.516,2.577,2.66,2.733,2.816,2.876,2.94,2.984,3.071,3.15,3.215,3.265,3.327,3.369,3.411,3.468,3.517,3.563,3.62,3.675,3.721,3.785,3.835,3.874,3.907,3.952,4.001,4.064,4.115,4.173,4.216,4.27,4.311,4.37,4.423,4.477,4.53,4.575,4.631,4.681,4.735,4.784,4.839,4.899,4.94,5.005,5.061,5.117,5.167,5.219,5.269,5.33,5.368,5.41,5.474,5.552,5.599,5.647,5.725,5.802,5.89,5.966,6.02,6.079,6.132,6.216,6.284,6.379,6.485,6.603,6.733,6.83,7.002,7.149,7.26,7.454,7.6,7.852,8.159,8.655,10.36
1009,OTH FP,0.051,0.21,0.328,0.474,0.771,0.962,1.112,1.283,1.421,1.541,1.659,1.745,1.852,1.946,2.038,2.117,2.188,2.267,2.349,2.43,2.516,2.577,2.66,2.733,2.816,2.876,2.94,2.984,3.071,3.15,3.215,3.265,3.327,3.369,3.411,3.468,3.517,3.563,3.62,3.675,3.721,3.785,3.835,3.874,3.907,3.952,4.001,4.064,4.115,4.173,4.216,4.27,4.311,4.37,4.423,4.477,4.53,4.575,4.631,4.681,4.735,4.784,4.839,4.899,4.94,5.005,5.061,5.117,5.167,5.219,5.269,5.33,5.368,5.41,5.474,5.552,5.599,5.647,5.725,5.802,5.89,5.966,6.02,6.079,6.132,6.216,6.284,6.379,6.485,6.603,6.733,6.83,7.002,7.149,7.26,7.454,7.6,7.852,8.159,8.655,10.36
1010,OTH FP,0.041,0.181,0.352,0.479,0.715,0.942,1.103,1.236,1.366,1.492,1.583,1.695,1.804,1.911,1.987,2.078,2.183,2.252,2.332,2.405,2.46,2.537,2.587,2.653,2.728,2.819,2.888,2.982,3.053,3.113,3.171,3.24,3.303,3.362,3.422,3.473,3.512,3.573,3.612,3.661,3.713,3.759,3.808,3.853,3.905,3.943,3.999,4.052,4.11,4.159,4.22,4.273,4.327,4.383,4.43,4.483,4.531,4.582,4.624,4.681,4.729,4.777,4.827,4.883,4.939,4.98,5.041,5.107,5.165,5.222,5.283,5.324,5.374,5.442,5.51,5.555,5.621,5.672,5.737,5.793,5.862,5.932,5.994,6.071,6.148,6.229,6.303,6.413,6.521,6.633,6.752,6.851,7.012,7.185,7.343,7.52,7.698,7.916,8.209,8.688,10.352
1011,OTH FP,0.041,0.181,0.352,0.479,0.715,0.942,1.103,1.236,1.366,1.492,1.583,1.695,1.804,1.911,1.987,2.078,2.183,2.252,2.332,2.405,2.46,2.537,2.587,2.653,2.728,2.819,2.888,2.982,3.053,3.113,3.171,3.24,3.303,3.362,3.422,3.473,3.512,3.573,3.612,3.661,3.713,3.759,3.808,3.853,3.905,3.943,3.999,4.052,4.11,4.159,4.22,4.273,4.327,4.383,4.43,4.483,4.531,4.582,4.624,4.681,4.729,4.777,4.827,4.883,4.939,4.98,5.041,5.107,5.165,5.222,5.283,5.324,5.374,5.442,5.51,5.555,5.621,5.672,5.737,5.793,5.862,5.932,5.994,6.071,6.148,6.229,6.303,6.413,6.521,6.633,6.752,6.851,7.012,7.185,7.343,7.52,7.698,7.916,8.209,8.688,10.352
1012,OTH FP,0.035,0.164,0.305,0.447,0.683,0.908,1.096,1.224,1.357,1.463,1.558,1.662,1.793,1.899,1.997,2.065,2.142,2.222,2.305,2.367,2.449,2.505,2.584,2.653,2.735,2.81,2.861,2.917,3.007,3.08,3.13,3.196,3.253,3.307,3.358,3.419,3.488,3.536,3.593,3.631,3.687,3.734,3.783,3.835,3.884,3.927,3.983,4.031,4.081,4.145,4.205,4.252,4.31,4.376,4.439,4.482,4.538,4.587,4.647,4.687,4.735,4.782,4.824,4.886,4.943,4.996,5.06,5.11,5.167,5.243,5.299,5.351,5.395,5.454,5.511,5.571,5.651,5.728,5.79,5.854,5.93,5.992,6.071,6.17,6.242,6.303,6.371,6.465,6.562,6.663,6.778,6.891,7.024,7.193,7.331,7.515,7.729,7.931,8.253,8.79,10.401
1013,OTH FP,0.035,0.164,0.305,0.447,0.683,0.908,1.096,1.224,1.357,1.463,1.558,1.662,1.793,1.899,1.997,2.065,2.142,2.222,2.305,2.367,2.449,2.505,2.584,2.653,2.735,2.81,2.861,2.917,3.007,3.08,3.13,3.196,3.253,3.307,3.358,3.419,3.488,3.536,3.593,3.631,3.687,3.734,3.783,3.835,3.884,3.927,3.983,4.031,4.081,4.145,4.205,4.252,4.31,4.376,4.439,4.482,4.538,4.587,4.647,4.687,4.735,4.782,4.824,4.886,4.943,4.996,5.06,5.11,5.167,5.243,5.299,5.351,5.395,5.454,5.511,5.571,5.651,5.728,5.79,5.854,5.93,5.992,6.071,6.17,6.242,6.303,6.371,6.465,6.562,6.663,6.778,6.891,7.024,7.193,7.331,7.515,7.729,7.931,8.253,8.79,10.401
1014,OTH FP,0.042,0.165,0.291,0.437,0.656,0.891,1.045,1.145,1.289,1.411,1.548,1.624,1.724,1.824,1.95,2.031,2.133,2.196,2.268,2.347,2.431,2.496,2.578,2.645,2.755,2.8,2.854,2.918,2.983,3.03,3.102,3.145,3.213,3.264,3.322,3.376,3.439,3.501,3.558,3.616,3.669,3.716,3.776,3.824,3.894,3.943,3.987,4.05,4.107,4.168,4.215,4.28,4.336,4.382,4.429,4.474,4.519,4.575,4.634,4.682,4.722,4.781,4.846,4.912,4.975,5.016,5.072,5.151,5.198,5.253,5.297,5.364,5.442,5.508,5.573,5.648,5.709,5.762,5.827,5.895,5.976,6.068,6.136,6.211,6.272,6.352,6.449,6.526,6.613,6.715,6.825,6.961,7.092,7.235,7.347,7.54,7.803,8.06,8.374,8.8,10.771
1015,OTH FP,0.042,0.165,0.291,0.437,0.656,0.891,1.045,1.145,1.289,1.411,1.548,1.624,1.724,1.824,1.95,2.031,2.133,2.196,2.268,2.347,2.431,2.496,2.578,2.645,2.755,2.8,2.854,2.918,2.983,3.03,3.102,3.145,3.213,3.264,3.322,3.376,3.439,3.501,3.558,3.616,3.669,3.716,3.776,3.824,3.894,3.943,3.987,4.05,4.107,4.168,4.215,4.28,4.336,4.382,4.429,4.474,4.519,4.575,4.634,4.682,4.722,4.781,4.846,4.912,4.975,5.016,5.072,5.151,5.198,5.253,5.297,5.364,5.442,5.508,5.573,5.648,5.709,5.762,5.827,5.895,5.976,6.068,6.136,6.211,6.272,6.352,6.449,6.526,6.613,6.715,6.825,6.961,7.092,7.235,7.347,7.54,7.803,8.06,8.374,8.8,10.771
1016,OTH FP,0.034,0.154,0.305,0.423,0.611,0.76,0.923,1.107,1.278,1.378,1.498,1.599,1.706,1.809,1.929,2.011,2.094,2.178,2.264,2.342,2.442,2.503,2.55,2.621,2.703,2.77,2.849,2.897,2.954,3.014,3.079,3.144,3.191,3.253,3.319,3.387,3.44,3.5,3.564,3.617,3.663,3.706,3.752,3.816,3.88,3.938,3.983,4.04,4.084,4.14,4.208,4.271,4.321,4.381,4.447,4.497,4.539,4.602,4.645,4.698,4.758,4.8,4.855,4.909,4.972,5.027,5.081,5.134,5.197,5.261,5.305,5.36,5.422,5.5,5.567,5.638,5.697,5.765,5.826,5.884,5.963,6.06,6.151,6.225,6.305,6.379,6.488,6.573,6.669,6.773,6.874,7.022,7.167,7.294,7.434,7.605,7.811,8.116,8.503,8.954,10.748
1017,OTH FP,0.034,0.154,0.305,0.423,0.611,0.76,0.923,1.107,1.278,1.378,1.498,1.599,1.706,1.809,1.929,2.011,2.094,2.178,2.264,2.342,2.442,2.503,2.55,2.621,2.703,2.77,2.849,2.897,2.954,3.014,3.079,3.144,3.191,3.253,3.319,3.387,3.44,3.5,3.564,3.617,3.663,3.706,3.752,3.816,3.88,3.938,3.983,4.04,4.084,4.14,4.208,4.271,4.321,4.381,4.447,4.497,4.539,4.602,4.645,4.698,4.758,4.8,4.855,4.909,4.972,5.027,5.081,5.134,5.197,5.261,5.305,5.36,5.422,5.5,5.567,5.638,5.697,5.765,5.826,5.884,5.963,6.06,6.151,6.225,6.305,6.379,6.488,6.573,6.669,6.773,6.874,7.022,7.167,7.294,7.434,7.605,7.811,8.116,8.503,8.954,10.748
1018,OTH FP,0.035,0.138,0.275,0.377,0.488,0.702,0.837,1.042,1.2,1.324,1.464,1.619,1.699,1.811,1.898,1.981,2.061,2.138,2.227,2.315,2.384,2.46,2.534,2.598,2.666,2.742,2.799,2.876,2.944,3.017,3.076,3.132,3.181,3.238,3.294,3.35,3.409,3.45,3.497,3.557,3.631,3.682,3.751,3.795,3.862,3.934,3.987,4.049,4.098,4.168,4.22,4.28,4.33,4.378,4.426,4.491,4.547,4.605,4.659,4.736,4.783,4.824,4.879,4.928,4.988,5.034,5.077,5.139,5.192,5.247,5.328,5.38,5.45,5.526,5.579,5.645,5.699,5.757,5.84,5.92,5.999,6.06,6.127,6.235,6.333,6.447,6.551,6.633,6.725,6.795,6.885,7.041,7.151,7.31,7.48,7.647,7.793,8.083,8.456,9.053,10.747
1019,OTH FP,0.035,0.138,0.275,0.377,0.488,0.702,0.837,1.042,1.2,1.324,1.464,1.619,1.699,1.811,1.898,1.981,2.061,2.138,2.227,2.315,2.384,2.46,2.534,2.598,2.666,2.742,2.799,2.876,2.944,3.017,3.076,3.132,3.181,3.238,3.294,3.35,3.409,3.45,3.497,3.557,3.631,3.682,3.751,3.795,3.862,3.934,3.987,4.049,4.098,4.168,4.22,4.28,4.33,4.378,4.426,4.491,4.547,4.605,4.659,4.736,4.783,4.824,4.879,4.928,4.988,5.034,5.077,5.139,5.192,5.247,5.328,5.38,5.45,5.526,5.579,5.645,5.699,5.757,5.84,5.92,5.999,6.06,6.127,6.235,6.333,6.447,6.551,6.633,6.725,6.795,6.885,7.041,7.151,7.31,7.48,7.647,7.793,8.083,8.456,9.053,10.747
1020,OTH FP,0.036,0.131,0.258,0.362,0.459,0.601,0.833,1.016,1.166,1.331,1.449,1.543,1.637,1.748,1.839,1.934,2.024,2.103,2.18,2.264,2.331,2.416,2.502,2.573,2.645,2.724,2.786,2.853,2.912,2.97,3.043,3.103,3.154,3.208,3.274,3.341,3.406,3.447,3.503,3.563,3.636,3.685,3.769,3.819,3.888,3.95,3.993,4.03,4.096,4.15,4.203,4.26,4.318,4.356,4.411,4.474,4.531,4.582,4.638,4.701,4.764,4.814,4.869,4.934,4.996,5.053,5.113,5.171,5.234,5.295,5.34,5.414,5.477,5.545,5.601,5.649,5.725,5.793,5.878,5.945,6.0,6.104,6.184,6.26,6.348,6.445,6.517,6.589,6.708,6.84,6.974,7.074,7.184,7.288,7.443,7.62,7.858,8.155,8.494,9.044,10.97
1021,OTH FP,0.036,0.131,0.258,0.362,0.459,0.601,0.833,1.016,1.166,1.331,1.449,1.543,1.637,1.748,1.839,1.934,2.024,2.103,2.18,2.264,2.331,2.416,2.502,2.573,2.645,2.724,2.786,2.853,2.912,2.97,3.043,3.103,3.154,3.208,3.274,3.341,3.406,3.447,3.503,3.563,3.636,3.685,3.769,3.819,3.888,3.95,3.993,4.03,4.096,4.15,4.203,4.26,4.318,4.356,4.411,4.474,4.531,4.582,4.638,4.701,4.764,4.814,4.869,4.934,4.996,5.053,5.113,5.171,5.234,5.295,5.34,5.414,5.477,5.545,5.601,5.649,5.725,5.793,5.878,5.945,6.0,6.104,6.184,6.26,6.348,6.445,6.517,6.589,6.708,6.84,6.974,7.074,7.184,7.288,7.443,7.62,7.858,8.155,8.494,9.044,10.97
1022,OTH FP,0.305,0.807,1.357,1.599,1.833,1.995,2.184,2.314,2.425,2.537,2.669,2.786,2.868,2.933,2.993,3.076,3.14,3.217,3.284,3.357,3.398,3.449,3.503,3.556,3.615,3.669,3.731,3.781,3.831,3.881,3.948,3.996,4.035,4.075,4.112,4.159,4.212,4.264,4.306,4.338,4.383,4.425,4.472,4.504,4.545,4.591,4.644,4.679,4.721,4.764,4.81,4.847,4.892,4.931,4.981,5.035,5.071,5.123,5.158,5.204,5.247,5.297,5.35,5.404,5.453,5.501,5.544,5.591,5.632,5.674,5.727,5.779,5.838,5.882,5.937,5.99,6.045,6.096,6.14,6.195,6.27,6.335,6.396,6.471,6.566,6.641,6.694,6.753,6.813,6.905,6.978,7.078,7.182,7.278,7.429,7.627,7.809,8.012,8.303,8.881,10.713
1023,OTH FP,0.305,0.807,1.357,1.599,1.833,1.995,2.184,2.314,2.425,2.537,2.669,2.786,2.868,2.933,2.993,3.076,3.14,3.217,3.284,3.357,3.398,3.449,3.503,3.556,3.615,3.669,3.731,3.781,3.831,3.881,3.948,3.996,4.035,4.075,4.112,4.159,4.212,4.264,4.306,4.338,4.383,4.425,4.472,4.504,4.545,4.591,4.644,4.679,4.721,4.764,4.81,4.847,4.892,4.931,4.981,5.035,5.071,5.123,5.158,5.204,5.247,5.297,5.35,5.404,5.453,5.501,5.544,5.591,5.632,5.674,5.727,5.779,5.838,5.882,5.937,5.99,6.045,6.096,6.14,6.195,6.27,6.335,6.396,6.471,6.566,6.641,6.694,6.753,6.813,6.905,6.978,7.078,7.182,7.278,7.429,7.627,7.809,8.012,8.303,8.881,10.713
1024,OTH FP,0.209,0.938,1.322,1.621,1.853,2.03,2.266,2.405,2.493,2.605,2.678,2.768,2.85,2.934,2.996,3.09,3.162,3.228,3.311,3.366,3.439,3.487,3.528,3.574,3.639,3.689,3.739,3.796,3.843,3.892,3.949,3.988,4.028,4.071,4.125,4.176,4.215,4.257,4.301,4.351,4.392,4.442,4.492,4.531,4.575,4.608,4.646,4.69,4.73,4.778,4.819,4.859,4.908,4.947,4.991,5.045,5.081,5.117,5.166,5.204,5.245,5.296,5.346,5.389,5.443,5.488,5.527,5.578,5.615,5.663,5.715,5.76,5.799,5.857,5.919,5.966,6.015,6.08,6.127,6.195,6.248,6.297,6.361,6.41,6.47,6.544,6.616,6.695,6.764,6.84,6.925,7.025,7.148,7.232,7.362,7.516,7.704,7.905,8.25,8.749,9.962
1025,OTH FP,0.209,0.938,1.322,1.621,1.853,2.03,2.266,2.405,2.493,2.605,2.678,2.768,2.85,2.934,2.996,3.09,3.162,3.228,3.311,3.366,3.439,3.487,3.528,3.574,3.639,3.689,3.739,3.796,3.843,3.892,3.949,3.988,4.028,4.071,4.125,4.176,4.215,4.257,4.301,4.351,4.392,4.442,4.492,4.531,4.575,4.608,4.646,4.69,4.73,4.778,4.819,4.859,4.908,4.947,4.991,5.045,5.081,5.117,5.166,5.204,5.245,5.296,5.346,5.389,5.443,5.488,5.527,5.578,5.615,5.663,5.715,5.76,5.799,5.857,5.919,5.966,6.015,6.08,6.127,6.195,6.248,6.297,6.361,6.41,6.47,6.544,6.616,6.695,6.764,6.84,6.925,7.025,7.148,7.232,7.362,7.516,7.704,7.905,8.25,8.749,9.962
1026,OTH FP,0.296,0.991,1.494,1.716,1.946,2.155,2.279,2.406,2.51,2.605,2.711,2.793,2.885,2.983,3.06,3.122,3.189,3.262,3.323,3.406,3.467,3.534,3.585,3.634,3.679,3.732,3.766,3.813,3.863,3.909,3.954,4.002,4.061,4.109,4.173,4.213,4.268,4.298,4.334,4.382,4.424,4.472,4.512,4.553,4.595,4.638,4.674,4.716,4.751,4.8,4.843,4.881,4.93,4.96,5.009,5.045,5.075,5.117,5.155,5.196,5.237,5.276,5.311,5.355,5.411,5.46,5.511,5.559,5.599,5.644,5.689,5.735,5.767,5.81,5.855,5.9,5.966,6.026,6.077,6.133,6.192,6.245,6.312,6.382,6.454,6.517,6.594,6.687,6.764,6.868,6.943,7.052,7.125,7.203,7.301,7.41,7.573,7.828,8.249,8.793,10.036
1027,OTH FP,0.296,0.991,1.494,1.716,1.946,2.155,2.279,2.406,2.51,2.605,2.711,2.793,2.885,2.983,3.06,3.122,3.189,3.262,3.323,3.406,3.467,3.534,3.585,3.634,3.679,3.732,3.766,3.813,3.863,3.909,3.954,4.002,4.061,4.109,4.173,4.213,4.268,4.298,4.334,4.382,4.424,4.472,4.512,4.553,4.595,4.638,4.674,4.716,4.751,4.8,4.843,4.881,4.93,4.96,5.009,5.045,5.075,5.117,5.155,5.196,5.237,5.276,5.311,5.355,5.411,5.46,5.511,5.559,5.599,5.644,5.689,5.735,5.767,5.81,5.855,5.9,5.966,6.026,6.077,6.133,6.192,6.245,6.312,6.382,6.454,6.517,6.594,6.687,6.764,6.868,6.943,7.052,7.125,7.203,7.301,7.41,7.573,7.828,8.249,8.793,10.036
1028,OTH FP,0.317,1.094,1.475,1.805,1.984,2.202,2.335,2.455,2.562,2.663,2.774,2.884,2.97,3.061,3.13,3.212,3.27,3.328,3.386,3.456,3.521,3.567,3.624,3.665,3.716,3.785,3.845,3.88,3.921,3.964,4.009,4.06,4.107,4.158,4.2,4.266,4.317,4.368,4.403,4.453,4.488,4.525,4.571,4.616,4.659,4.698,4.732,4.766,4.81,4.849,4.888,4.929,4.965,5.012,5.054,5.094,5.136,5.175,5.222,5.274,5.325,5.358,5.396,5.432,5.462,5.506,5.542,5.576,5.622,5.675,5.715,5.765,5.82,5.869,5.923,5.975,6.018,6.063,6.124,6.18,6.242,6.295,6.371,6.436,6.498,6.565,6.635,6.722,6.802,6.866,6.951,7.034,7.122,7.199,7.34,7.504,7.658,7.94,8.194,8.739,9.958
1029,OTH FP,0.317,1.094,1.475,1.805,1.984,2.202,2.335,2.455,2.562,2.663,2.774,2.884,2.97,3.061,3.13,3.212,3.27,3.328,3.386,3.456,3.521,3.567,3.624,3.665,3.716,3.785,3.845,3.88,3.921,3.964,4.009,4.06,4.107,4.158,4.2,4.266,4.317,4.368,4.403,4.453,4.488,4.525,4.571,4.616,4.659,4.698,4.732,4.766,4.81,4.849,4.888,4.929,4.965,5.012,5.054,5.094,5.136,5.175,5.222,5.274,5.325,5.358,5.396,5.432,5.462,5.506,5.542,5.576,5.622,5.675,5.715,5.765,5.82,5.869,5.923,5.975,6.018,6.063,6.124,6.18,6.242,6.295,6.371,6.436,6.498,6.565,6.635,6.722,6.802,6.866,6.951,7.034,7.122,7.199,7.34,7.504,7.658,7.94,8.194,8.739,9.958
1030,OTH FP,0.297,1.083,1.583,1.86,2.028,2.191,2.352,2.486,2.608,2.709,2.819,2.942,3.03,3.126,3.196,3.246,3.315,3.364,3.422,3.478,3.548,3.609,3.66,3.724,3.776,3.838,3.882,3.944,3.995,4.036,4.085,4.127,4.191,4.235,4.269,4.314,4.359,4.404,4.448,4.481,4.529,4.573,4.612,4.652,4.691,4.743,4.777,4.806,4.86,4.898,4.934,4.978,5.013,5.064,5.105,5.139,5.175,5.231,5.273,5.306,5.355,5.398,5.439,5.479,5.527,5.565,5.618,5.66,5.691,5.738,5.782,5.821,5.871,5.919,5.972,6.014,6.066,6.112,6.173,6.228,6.289,6.352,6.407,6.482,6.53,6.582,6.642,6.733,6.812,6.882,6.991,7.081,7.197,7.303,7.412,7.519,7.727,7.918,8.314,8.715,9.819
1031,OTH FP,0.297,1.083,1.583,1.86,2.028,2.191,2.352,2.486,2.608,2.709,2.819,2.942,3.03,3.126,3.196,3.246,3.315,3.364,3.422,3.478,3.548,3.609,3.66,3.724,3.776,3.838,3.882,3.944,3.995,4.036,4.085,4.127,4.191,4.235,4.269,4.314,4.359,4.404,4.448,4.481,4.529,4.573,4.612,4.652,4.691,4.743,4.777,4.806,4.86,4.898,4.934,4.978,5.013,5.064,5.105,5.139,5.175,5.231,5.273,5.306,5.355,5.398,5.439,5.479,5.527,5.565,5.618,5.66,5.691,5.738,5.782,5.821,5.871,5.919,5.972,6.014,6.066,6.112,6.173,6.228,6.289,6.352,6.407,6.482,6.53,6.582,6.642,6.733,6.812,6.882,6.991,7.081,7.197,7.303,7.412,7.519,7.727,7.918,8.314,8.715,9.819
1032,OTH FP,0.292,1.159,1.599,1.881,2.073,2.246,2.405,2.532,2.644,2.778,2.911,2.987,3.059,3.147,3.22,3.307,3.38,3.449,3.512,3.569,3.632,3.691,3.749,3.793,3.851,3.905,3.953,4.009,4.065,4.1,4.139,4.174,4.233,4.272,4.309,4.339,4.384,4.421,4.467,4.51,4.543,4.593,4.642,4.69,4.74,4.78,4.824,4.858,4.894,4.93,4.971,5.012,5.065,5.103,5.136,5.171,5.208,5.242,5.284,5.323,5.365,5.411,5.457,5.495,5.545,5.598,5.635,5.676,5.734,5.785,5.827,5.886,5.918,5.969,6.014,6.055,6.102,6.16,6.225,6.281,6.338,6.379,6.441,6.491,6.568,6.637,6.698,6.772,6.855,6.954,7.047,7.141,7.247,7.356,7.508,7.663,7.782,7.937,8.346,8.792,9.924
1033,OTH FP,0.292,1.159,1.599,1.881,2.073,2.246,2.405,2.532,2.644,2.778,2.911,2.987,3.059,3.147,3.22,3.307,3.38,3.449,3.512,3.569,3.632,3.691,3.749,3.793,3.851,3.905,3.953,4.009,4.065,4.1,4.139,4.174,4.233,4.272,4.309,4.339,4.384,4.421,4.467,4.51,4.543,4.593,4.642,4.69,4.74,4.78,4.824,4.858,4.894,4.93,4.971,5.012,5.065,5.103,5.136,5.171,5.208,5.242,5.284,5.323,5.365,5.411,5.457,5.495,5.545,5.598,5.635,5.676,5.734,5.785,5.827,5.886,5.918,5.969,6.014,6.055,6.102,6.16,6.225,6.281,6.338,6.379,6.441,6.491,6.568,6.637,6.698,6.772,6.855,6.954,7.047,7.141,7.247,7.356,7.508,7.663,7.782,7.937,8.346,8.792,9.924
1034,OTH FP,0.351,1.311,1.783,1.981,2.156,2.325,2.481,2.605,2.737,2.841,2.936,3.036,3.12,3.196,3.26,3.357,3.435,3.51,3.571,3.66,3.709,3.751,3.792,3.837,3.878,3.933,3.982,4.031,4.091,4.139,4.172,4.216,4.262,4.302,4.351,4.391,4.436,4.467,4.515,4.554,4.612,4.656,4.704,4.742,4.772,4.82,4.854,4.89,4.92,4.96,5.006,5.043,5.089,5.127,5.174,5.212,5.255,5.288,5.333,5.391,5.439,5.472,5.509,5.539,5.58,5.624,5.661,5.704,5.754,5.8,5.843,5.881,5.931,5.975,6.018,6.074,6.138,6.193,6.246,6.293,6.362,6.421,6.476,6.528,6.614,6.692,6.754,6.826,6.894,6.962,7.058,7.134,7.235,7.344,7.47,7.619,7.778,7.967,8.281,8.778,10.247
1035,OTH FP,0.351,1.311,1.783,1.981,2.156,2.325,2.481,2.605,2.737,2.841,2.936,3.036,3.12,3.196,3.26,3.357,3.435,3.51,3.571,3.66,3.709,3.751,3.792,3.837,3.878,3.933,3.982,4.031,4.091,4.139,4.172,4.216,4.262,4.302,4.351,4.391,4.436,4.467,4.515,4.554,4.612,4.656,4.704,4.742,4.772,4.82,4.854,4.89,4.92,4.96,5.006,5.043,5.089,5.127,5.174,5.212,5.255,5.288,5.333,5.391,5.439,5.472,5.509,5.539,5.58,5.624,5.661,5.704,5.754,5.8,5.843,5.881,5.931,5.975,6.018,6.074,6.138,6.193,6.246,6.293,6.362,6.421,6.476,6.528,6.614,6.692,6.754,6.826,6.894,6.962,7.058,7.134,7.235,7.344,7.47,7.619,7.778,7.967,8.281,8.778,10.247
1036,OTH FP,0.417,1.37,1.826,2.05,2.227,2.416,2.581,2.692,2.789,2.898,2.986,3.09,3.184,3.262,3.341,3.398,3.472,3.555,3.619,3.685,3.754,3.805,3.851,3.906,3.957,4.011,4.091,4.127,4.168,4.216,4.268,4.317,4.362,4.401,4.434,4.49,4.533,4.576,4.621,4.661,4.699,4.747,4.775,4.814,4.845,4.882,4.907,4.949,4.994,5.023,5.059,5.102,5.136,5.168,5.215,5.252,5.297,5.329,5.365,5.413,5.459,5.505,5.535,5.571,5.631,5.678,5.712,5.753,5.804,5.844,5.895,5.94,5.973,6.007,6.054,6.098,6.151,6.198,6.251,6.301,6.358,6.421,6.481,6.53,6.588,6.675,6.734,6.809,6.895,6.979,7.078,7.161,7.266,7.412,7.527,7.692,7.88,8.062,8.284,8.666,10.145
1037,OTH FP,0.417,1.37,1.826,2.05,2.227,2.416,2.581,2.692,2.789,2.898,2.986,3.09,3.184,3.262,3.341,3.398,3.472,3.555,3.619,3.685,3.754,3.805,3.851,3.906,3.957,4.011,4.091,4.127,4.168,4.216,4.268,4.317,4.362,4.401,4.434,4.49,4.533,4.576,4.621,4.661,4.699,4.747,4.775,4.814,4.845,4.882,4.907,4.949,4.994,5.023,5.059,5.102,5.136,5.168,5.215,5.252,5.297,5.329,5.365,5.413,5.459,5.505,5.535,5.571,5.631,5.678,5.712,5.753,5.804,5.844,5.895,5.94,5.973,6.007,6.054,6.098,6.151,6.198,6.251,6.301,6.358,6.421,6.481,6.53,6.588,6.675,6.734,6.809,6.895,6.979,7.078,7.161,7.266,7.412,7.527,7.692,7.88,8.062,8.284,8.666,10.145
1038,OTH FP,0.449,1.497,1.897,2.163,2.353,2.513,2.663,2.778,2.91,3.016,3.098,3.186,3.248,3.336,3.404,3.498,3.565,3.647,3.716,3.783,3.835,3.877,3.918,3.956,3.997,4.047,4.099,4.14,4.181,4.237,4.289,4.346,4.381,4.442,4.487,4.517,4.567,4.606,4.641,4.676,4.714,4.758,4.8,4.846,4.88,4.911,4.948,4.977,5.009,5.042,5.083,5.115,5.152,5.189,5.237,5.276,5.308,5.345,5.391,5.429,5.475,5.516,5.563,5.607,5.649,5.697,5.746,5.796,5.828,5.869,5.906,5.953,5.993,6.047,6.09,6.137,6.195,6.262,6.301,6.349,6.39,6.444,6.509,6.559,6.624,6.699,6.758,6.815,6.886,6.989,7.071,7.187,7.32,7.423,7.544,7.709,7.873,8.083,8.288,8.722,9.783
1039,OTH FP,0.449,1.497,1.897,2.163,2.353,2.513,2.663,2.778,2.91,3.016,3.098,3.186,3.248,3.336,3.404,3.498,3.565,3.647,3.716,3.783,3.835,3.877,3.918,3.956,3.997,4.047,4.099,4.14,4.181,4.237,4.289,4.346,4.381,4.442,4.487,4.517,4.567,4.606,4.641,4.676,4.714,4.758,4.8,4.846,4.88,4.911,4.948,4.977,5.009,5.042,5.083,5.115,5.152,5.189,5.237,5.276,5.308,5.345,5.391,5.429,5.475,5.516,5.563,5.607,5.649,5.697,5.746,5.796,5.828,5.869,5.906,5.953,5.993,6.047,6.09,6.137,6.195,6.262,6.301,6.349,6.39,6.444,6.509,6.559,6.624,6.699,6.758,6.815,6.886,6.989,7.071,7.187,7.32,7.423,7.544,7.709,7.873,8.083,8.288,8.722,9.783
1040,OTH FP,0.504,1.582,1.961,2.21,2.426,2.559,2.729,2.841,2.949,3.05,3.13,3.226,3.304,3.396,3.459,3.54,3.619,3.684,3.739,3.788,3.841,3.891,3.947,4.007,4.048,4.101,4.162,4.208,4.252,4.301,4.346,4.392,4.433,4.476,4.512,4.546,4.589,4.625,4.668,4.709,4.752,4.789,4.827,4.863,4.894,4.933,4.967,5.004,5.036,5.08,5.134,5.166,5.207,5.235,5.265,5.295,5.339,5.368,5.416,5.456,5.492,5.529,5.585,5.631,5.689,5.739,5.79,5.836,5.868,5.906,5.944,5.973,6.017,6.072,6.132,6.178,6.214,6.255,6.309,6.363,6.411,6.462,6.523,6.59,6.651,6.729,6.805,6.877,6.943,7.011,7.108,7.202,7.303,7.42,7.572,7.734,7.856,8.031,8.271,8.708,9.566
1041,OTH FP,0.504,1.582,1.961,2.21,2.426,2.559,2.729,2.841,2.949,3.05,3.13,3.226,3.304,3.396,3.459,3.54,3.619,3.684,3.739,3.788,3.841,3.891,3.947,4.007,4.048,4.101,4.162,4.208,4.252,4.301,4.346,4.392,4.433,4.476,4.512,4.546,4.589,4.625,4.668,4.709,4.752,4.789,4.827,4.863,4.894,4.933,4.967,5.004,5.036,5.08,5.134,5.166,5.207,5.235,5.265,5.295,5.339,5.368,5.416,5.456,5.492,5.529,5.585,5.631,5.689,5.739,5.79,5.836,5.868,5.906,5.944,5.973,6.017,6.072,6.132,6.178,6.214,6.255,6.309,6.363,6.411,6.462,6.523,6.59,6.651,6.729,6.805,6.877,6.943,7.011,7.108,7.202,7.303,7.42,7.572,7.734,7.856,8.031,8.271,8.708,9.566
1042,OTH FP,0.699,1.679,2.079,2.323,2.46,2.634,2.772,2.919,3.036,3.128,3.202,3.283,3.343,3.409,3.496,3.585,3.659,3.737,3.792,3.847,3.899,3.951,4.003,4.043,4.099,4.159,4.197,4.234,4.277,4.322,4.366,4.408,4.453,4.501,4.54,4.583,4.62,4.664,4.7,4.736,4.782,4.82,4.855,4.896,4.936,4.966,5.002,5.048,5.089,5.119,5.145,5.188,5.228,5.271,5.307,5.344,5.383,5.418,5.458,5.503,5.534,5.577,5.618,5.658,5.706,5.753,5.789,5.825,5.88,5.916,5.955,5.999,6.035,6.083,6.129,6.189,6.244,6.294,6.343,6.386,6.455,6.517,6.573,6.636,6.697,6.765,6.831,6.918,7.005,7.065,7.162,7.236,7.332,7.419,7.552,7.669,7.859,8.063,8.302,8.767,9.636
1043,OTH FP,0.699,1.679,2.079,2.323,2.46,2.634,2.772,2.919,3.036,3.128,3.202,3.283,3.343,3.409,3.496,3.585,3.659,3.737,3.792,3.847,3.899,3.951,4.003,4.043,4.099,4.159,4.197,4.234,4.277,4.322,4.366,4.408,4.453,4.501,4.54,4.583,4.62,4.664,4.7,4.736,4.782,4.82,4.855,4.896,4.936,4.966,5.002,5.048,5.089,5.119,5.145,5.188,5.228,5.271,5.307,5.344,5.383,5.418,5.458,5.503,5.534,5.577,5.618,5.658,5.706,5.753,5.789,5.825,5.88,5.916,5.955,5.999,6.035,6.083,6.129,6.189,6.244,6.294,6.343,6.386,6.455,6.517,6.573,6.636,6.697,6.765,6.831,6.918,7.005,7.065,7.162,7.236,7.332,7.419,7.552,7.669,7.859,8.063,8.302,8.767,9.636
1044,OTH FP,0.707,1.719,2.136,2.377,2.566,2.728,2.84,2.959,3.062,3.164,3.234,3.321,3.395,3.469,3.546,3.61,3.681,3.758,3.806,3.891,3.952,4.021,4.068,4.111,4.17,4.215,4.26,4.298,4.344,4.374,4.423,4.464,4.506,4.548,4.58,4.633,4.674,4.702,4.744,4.787,4.829,4.859,4.9,4.937,4.97,5.008,5.057,5.093,5.13,5.168,5.204,5.245,5.283,5.316,5.354,5.39,5.422,5.462,5.495,5.527,5.571,5.607,5.643,5.685,5.73,5.777,5.814,5.86,5.896,5.939,5.983,6.031,6.066,6.122,6.161,6.209,6.26,6.303,6.345,6.387,6.442,6.508,6.57,6.628,6.695,6.765,6.825,6.901,6.981,7.056,7.161,7.254,7.346,7.47,7.584,7.709,7.858,8.035,8.281,8.634,9.724
1045,OTH FP,0.707,1.719,2.136,2.377,2.566,2.728,2.84,2.959,3.062,3.164,3.234,3.321,3.395,3.469,3.546,3.61,3.681,3.758,3.806,3.891,3.952,4.021,4.068,4.111,4.17,4.215,4.26,4.298,4.344,4.374,4.423,4.464,4.506,4.548,4.58,4.633,4.674,4.702,4.744,4.787,4.829,4.859,4.9,4.937,4.97,5.008,5.057,5.093,5.13,5.168,5.204,5.245,5.283,5.316,5.354,5.39,5.422,5.462,5.495,5.527,5.571,5.607,5.643,5.685,5.73,5.777,5.814,5.86,5.896,5.939,5.983,6.031,6.066,6.122,6.161,6.209,6.26,6.303,6.345,6.387,6.442,6.508,6.57,6.628,6.695,6.765,6.825,6.901,6.981,7.056,7.161,7.254,7.346,7.47,7.584,7.709,7.858,8.035,8.281,8.634,9.724
1046,OTH FP,0.926,1.79,2.238,2.483,2.622,2.783,2.949,3.054,3.138,3.219,3.298,3.372,3.444,3.509,3.607,3.678,3.73,3.807,3.874,3.943,3.989,4.048,4.099,4.149,4.217,4.254,4.307,4.349,4.397,4.45,4.496,4.533,4.571,4.604,4.65,4.681,4.724,4.765,4.808,4.839,4.88,4.916,4.948,4.992,5.035,5.073,5.106,5.137,5.173,5.203,5.245,5.278,5.314,5.359,5.397,5.426,5.462,5.509,5.553,5.586,5.62,5.657,5.691,5.741,5.777,5.823,5.862,5.901,5.945,5.981,6.022,6.057,6.096,6.135,6.175,6.213,6.258,6.332,6.388,6.435,6.469,6.521,6.586,6.647,6.704,6.778,6.841,6.906,6.994,7.09,7.201,7.274,7.369,7.469,7.561,7.665,7.809,8.007,8.265,8.6,9.638
1047,OTH FP,0.926,1.79,2.238,2.483,2.622,2.783,2.949,3.054,3.138,3.219,3.298,3.372,3.444,3.509,3.607,3.678,3.73,3.807,3.874,3.943,3.989,4.048,4.099,4.149,4.217,4.254,4.307,4.349,4.397,4.45,4.496,4.533,4.571,4.604,4.65,4.681,4.724,4.765,4.808,4.839,4.88,4.916,4.948,4.992,5.035,5.073,5.106,5.137,5.173,5.203,5.245,5.278,5.314,5.359,5.397,5.426,5.462,5.509,5.553,5.586,5.62,5.657,5.691,5.741,5.777,5.823,5.862,5.901,5.945,5.981,6.022,6.057,6.096,6.135,6.175,6.213,6.258,6.332,6.388,6.435,6.469,6.521,6.586,6.647,6.704,6.778,6.841,6.906,6.994,7.09,7.201,7.274,7.369,7.469,7.561,7.665,7.809,8.007,8.265,8.6,9.638
1048,OTH FP,1.05,1.883,2.306,2.523,2.737,2.858,2.954,3.072,3.155,3.275,3.374,3.447,3.523,3.602,3.664,3.742,3.799,3.871,3.931,3.987,4.036,4.078,4.131,4.184,4.233,4.275,4.318,4.366,4.42,4.468,4.507,4.543,4.599,4.645,4.697,4.743,4.77,4.814,4.849,4.889,4.934,4.97,5.012,5.054,5.088,5.125,5.166,5.205,5.232,5.262,5.296,5.326,5.368,5.409,5.439,5.478,5.516,5.552,5.596,5.63,5.667,5.697,5.743,5.784,5.812,5.855,5.892,5.927,5.961,5.995,6.047,6.092,6.12,6.163,6.202,6.25,6.315,6.368,6.399,6.449,6.497,6.556,6.623,6.673,6.714,6.784,6.87,6.936,7.013,7.092,7.18,7.265,7.343,7.442,7.547,7.686,7.875,8.078,8.332,8.615,9.696
1049,OTH FP,1.05,1.883,2.306,2.523,2.737,2.858,2.954,3.072,3.155,3.275,3.374,3.447,3.523,3.602,3.664,3.742,3.799,3.871,3.931,3.987,4.036,4.078,4.131,4.184,4.233,4.275,4.318,4.366,4.42,4.468,4.507,4.543,4.599,4.645,4.697,4.743,4.77,4.814,4.849,4.889,4.934,4.97,5.012,5.054,5.088,5.125,5.166,5.205,5.232,5.262,5.296,5.326,5.368,5.409,5.439,5.478,5.516,5.552,5.596,5.63,5.667,5.697,5.743,5.784,5.812,5.855,5.892,5.927,5.961,5.995,6.047,6.092,6.12,6.163,6.202,6.25,6.315,6.368,6.399,6.449,6.497,6.556,6.623,6.673,6.714,6.784,6.87,6.936,7.013,7.092,7.18,7.265,7.343,7.442,7.547,7.686,7.875,8.078,8.332,8.615,9.696
1050,OTH FP,1.062,1.968,2.376,2.625,2.797,2.936,3.049,3.164,3.249,3.375,3.45,3.513,3.593,3.662,3.735,3.789,3.853,3.906,3.978,4.046,4.106,4.159,4.209,4.264,4.305,4.356,4.401,4.45,4.493,4.55,4.592,4.633,4.682,4.718,4.749,4.786,4.822,4.862,4.912,4.95,4.985,5.024,5.069,5.099,5.147,5.182,5.217,5.251,5.284,5.319,5.353,5.396,5.42,5.46,5.488,5.522,5.559,5.589,5.63,5.675,5.717,5.746,5.791,5.828,5.853,5.88,5.915,5.944,5.973,6.018,6.061,6.097,6.153,6.196,6.236,6.287,6.327,6.369,6.413,6.453,6.496,6.558,6.611,6.673,6.746,6.811,6.874,6.963,7.022,7.087,7.164,7.265,7.365,7.459,7.589,7.723,7.888,8.07,8.322,8.725,9.776
1051,OTH FP,1.062,1.968,2.376,2.625,2.797,2.936,3.049,3.164,3.249,3.375,3.45,3.513,3.593,3.662,3.735,3.789,3.853,3.906,3.978,4.046,4.106,4.159,4.209,4.264,4.305,4.356,4.401,4.45,4.493,4.55,4.592,4.633,4.682,4.718,4.749,4.786,4.822,4.862,4.912,4.95,4.985,5.024,5.069,5.099,5.147,5.182,5.217,5.251,5.284,5.319,5.353,5.396,5.42,5.46,5.488,5.522,5.559,5.589,5.63,5.675,5.717,5.746,5.791,5.828,5.853,5.88,5.915,5.944,5.973,6.018,6.061,6.097,6.153,6.196,6.236,6.287,6.327,6.369,6.413,6.453,6.496,6.558,6.611,6.673,6.746,6.811,6.874,6.963,7.022,7.087,7.164,7.265,7.365,7.459,7.589,7.723,7.888,8.07,8.322,8.725,9.776
1052,OTH FP,1.103,1.933,2.371,2.593,2.745,2.897,3.03,3.151,3.266,3.376,3.455,3.535,3.597,3.675,3.733,3.811,3.865,3.923,3.979,4.037,4.095,4.155,4.203,4.255,4.29,4.334,4.388,4.434,4.49,4.545,4.598,4.641,4.676,4.721,4.756,4.787,4.822,4.858,4.897,4.933,4.962,5.006,5.045,5.077,5.113,5.153,5.189,5.22,5.252,5.292,5.333,5.373,5.411,5.451,5.494,5.536,5.569,5.613,5.645,5.684,5.717,5.752,5.789,5.82,5.86,5.895,5.937,5.97,6.012,6.039,6.072,6.125,6.166,6.209,6.248,6.302,6.345,6.394,6.439,6.487,6.542,6.597,6.66,6.711,6.784,6.855,6.939,7.024,7.088,7.163,7.237,7.322,7.399,7.507,7.601,7.761,7.911,8.085,8.326,8.691,10.004
1053,OTH FP,1.103,1.933,2.371,2.593,2.745,2.897,3.03,3.151,3.266,3.376,3.455,3.535,3.597,3.675,3.733,3.811,3.865,3.923,3.979,4.037,4.095,4.155,4.203,4.255,4.29,4.334,4.388,4.434,4.49,4.545,4.598,4.641,4.676,4.721,4.756,4.787,4.822,4.858,4.897,4.933,4.962,5.006,5.045,5.077,5.113,5.153,5.189,5.22,5.252,5.292,5.333,5.373,5.411,5.451,5.494,5.536,5.569,5.613,5.645,5.684,5.717,5.752,5.789,5.82,5.86,5.895,5.937,5.97,6.012,6.039,6.072,6.125,6.166,6.209,6.248,6.302,6.345,6.394,6.439,6.487,6.542,6.597,6.66,6.711,6.784,6.855,6.939,7.024,7.088,7.163,7.237,7.322,7.399,7.507,7.601,7.761,7.911,8.085,8.326,8.691,10.004
1054,OTH FP,1.236,1.974,2.334,2.549,2.795,2.939,3.065,3.176,3.269,3.358,3.439,3.513,3.603,3.696,3.771,3.827,3.888,3.95,4.006,4.054,4.107,4.151,4.215,4.27,4.316,4.349,4.396,4.461,4.507,4.551,4.592,4.632,4.667,4.71,4.739,4.782,4.818,4.865,4.899,4.934,4.977,5.031,5.07,5.119,5.157,5.204,5.237,5.264,5.306,5.347,5.376,5.412,5.449,5.483,5.521,5.552,5.59,5.618,5.646,5.686,5.726,5.757,5.791,5.825,5.873,5.917,5.959,5.994,6.028,6.072,6.112,6.141,6.185,6.229,6.268,6.316,6.374,6.415,6.467,6.516,6.556,6.62,6.673,6.734,6.778,6.862,6.942,7.026,7.106,7.197,7.297,7.38,7.485,7.588,7.701,7.822,7.987,8.188,8.433,8.839,10.08
1055,OTH FP,1.236,1.974,2.334,2.549,2.795,2.939,3.065,3.176,3.269,3.358,3.439,3.513,3.603,3.696,3.771,3.827,3.888,3.95,4.006,4.054,4.107,4.151,4.215,4.27,4.316,4.349,4.396,4.461,4.507,4.551,4.592,4.632,4.667,4.71,4.739,4.782,4.818,4.865,4.899,4.934,4.977,5.031,5.07,5.119,5.157,5.204,5.237,5.264,5.306,5.347,5.376,5.412,5.449,5.483,5.521,5.552,5.59,5.618,5.646,5.686,5.726,5.757,5.791,5.825,5.873,5.917,5.959,5.994,6.028,6.072,6.112,6.141,6.185,6.229,6.268,6.316,6.374,6.415,6.467,6.516,6.556,6.62,6.673,6.734,6.778,6.862,6.942,7.026,7.106,7.197,7.297,7.38,7.485,7.588,7.701,7.822,7.987,8.188,8.433,8.839,10.08
1056,OTH FP,1.121,1.976,2.322,2.59,2.778,2.941,3.067,3.16,3.241,3.344,3.435,3.488,3.582,3.677,3.751,3.811,3.867,3.95,4.007,4.064,4.131,4.195,4.241,4.286,4.345,4.386,4.433,4.487,4.524,4.559,4.62,4.657,4.697,4.734,4.765,4.814,4.854,4.892,4.932,4.975,5.009,5.048,5.08,5.119,5.166,5.209,5.235,5.285,5.327,5.355,5.38,5.414,5.453,5.488,5.522,5.554,5.599,5.639,5.688,5.72,5.762,5.794,5.826,5.862,5.902,5.938,5.973,6.015,6.055,6.106,6.132,6.169,6.217,6.263,6.309,6.351,6.402,6.471,6.513,6.555,6.608,6.671,6.743,6.794,6.848,6.905,6.984,7.073,7.135,7.22,7.293,7.401,7.494,7.592,7.71,7.845,8.004,8.198,8.449,8.902,10.153
1057,OTH FP,1.121,1.976,2.322,2.59,2.778,2.941,3.067,3.16,3.241,3.344,3.435,3.488,3.582,3.677,3.751,3.811,3.867,3.95,4.007,4.064,4.131,4.195,4.241,4.286,4.345,4.386,4.433,4.487,4.524,4.559,4.62,4.657,4.697,4.734,4.765,4.814,4.854,4.892,4.932,4.975,5.009,5.048,5.08,5.119,5.166,5.209,5.235,5.285,5.327,5.355,5.38,5.414,5.453,5.488,5.522,5.554,5.599,5.639,5.688,5.72,5.762,5.794,5.826,5.862,5.902,5.938,5.973,6.015,6.055,6.106,6.132,6.169,6.217,6.263,6.309,6.351,6.402,6.471,6.513,6.555,6.608,6.671,6.743,6.794,6.848,6.905,6.984,7.073,7.135,7.22,7.293,7.401,7.494,7.592,7.71,7.845,8.004,8.198,8.449,8.902,10.153
1058,OTH FP,1.084,1.946,2.286,2.551,2.738,2.888,3.044,3.164,3.243,3.356,3.444,3.522,3.591,3.687,3.758,3.826,3.887,3.953,4.026,4.089,4.132,4.196,4.24,4.303,4.348,4.403,4.463,4.502,4.543,4.583,4.631,4.676,4.708,4.746,4.78,4.819,4.859,4.89,4.929,4.968,5.0,5.038,5.066,5.113,5.158,5.202,5.238,5.281,5.321,5.348,5.378,5.415,5.461,5.495,5.536,5.569,5.609,5.652,5.691,5.724,5.759,5.806,5.843,5.876,5.918,5.965,6.009,6.044,6.09,6.132,6.168,6.215,6.27,6.317,6.368,6.41,6.456,6.503,6.541,6.601,6.646,6.7,6.755,6.81,6.873,6.938,7.012,7.064,7.155,7.281,7.375,7.467,7.56,7.667,7.763,7.926,8.098,8.25,8.5,8.908,10.619
1059,OTH FP,1.084,1.946,2.286,2.551,2.738,2.888,3.044,3.164,3.243,3.356,3.444,3.522,3.591,3.687,3.758,3.826,3.887,3.953,4.026,4.089,4.132,4.196,4.24,4.303,4.348,4.403,4.463,4.502,4.543,4.583,4.631,4.676,4.708,4.746,4.78,4.819,4.859,4.89,4.929,4.968,5.0,5.038,5.066,5.113,5.158,5.202,5.238,5.281,5.321,5.348,5.378,5.415,5.461,5.495,5.536,5.569,5.609,5.652,5.691,5.724,5.759,5.806,5.843,5.876,5.918,5.965,6.009,6.044,6.09,6.132,6.168,6.215,6.27,6.317,6.368,6.41,6.456,6.503,6.541,6.601,6.646,6.7,6.755,6.81,6.873,6.938,7.012,7.064,7.155,7.281,7.375,7.467,7.56,7.667,7.763,7.926,8.098,8.25,8.5,8.908,10.619
1060,OTH FP,1.031,1.933,2.305,2.551,2.725,2.931,3.051,3.169,3.252,3.352,3.429,3.523,3.602,3.678,3.743,3.802,3.867,3.926,3.99,4.057,4.118,4.188,4.247,4.299,4.351,4.413,4.45,4.483,4.532,4.579,4.624,4.665,4.71,4.749,4.788,4.835,4.88,4.918,4.946,4.978,5.019,5.065,5.109,5.15,5.181,5.234,5.271,5.303,5.348,5.388,5.422,5.457,5.496,5.525,5.572,5.607,5.647,5.689,5.724,5.756,5.796,5.84,5.884,5.933,5.971,6.003,6.039,6.075,6.106,6.142,6.184,6.226,6.275,6.324,6.372,6.413,6.466,6.513,6.578,6.626,6.672,6.727,6.794,6.84,6.9,6.969,7.044,7.109,7.178,7.272,7.357,7.473,7.569,7.686,7.8,7.943,8.072,8.263,8.492,8.896,10.429
1061,OTH FP,1.031,1.933,2.305,2.551,2.725,2.931,3.051,3.169,3.252,3.352,3.429,3.523,3.602,3.678,3.743,3.802,3.867,3.926,3.99,4.057,4.118,4.188,4.247,4.299,4.351,4.413,4.45,4.483,4.532,4.579,4.624,4.665,4.71,4.749,4.788,4.835,4.88,4.918,4.946,4.978,5.019,5.065,5.109,5.15,5.181,5.234,5.271,5.303,5.348,5.388,5.422,5.457,5.496,5.525,5.572,5.607,5.647,5.689,5.724,5.756,5.796,5.84,5.884,5.933,5.971,6.003,6.039,6.075,6.106,6.142,6.184,6.226,6.275,6.324,6.372,6.413,6.466,6.513,6.578,6.626,6.672,6.727,6.794,6.84,6.9,6.969,7.044,7.109,7.178,7.272,7.357,7.473,7.569,7.686,7.8,7.943,8.072,8.263,8.492,8.896,10.429
1062,OTH FP,1.169,1.916,2.22,2.498,2.749,2.902,3.07,3.203,3.291,3.383,3.494,3.568,3.644,3.72,3.782,3.846,3.901,3.96,4.007,4.057,4.098,4.176,4.243,4.304,4.357,4.416,4.461,4.507,4.556,4.589,4.63,4.672,4.727,4.776,4.802,4.839,4.881,4.923,4.96,4.993,5.039,5.087,5.125,5.163,5.201,5.233,5.27,5.313,5.355,5.396,5.431,5.466,5.5,5.547,5.583,5.617,5.65,5.689,5.732,5.771,5.807,5.856,5.89,5.923,5.959,5.991,6.035,6.08,6.136,6.181,6.227,6.267,6.323,6.372,6.417,6.455,6.503,6.561,6.608,6.644,6.693,6.734,6.797,6.852,6.914,6.989,7.076,7.145,7.236,7.303,7.378,7.448,7.531,7.671,7.835,7.92,8.065,8.248,8.514,9.078,10.488
1063,OTH FP,1.169,1.916,2.22,2.498,2.749,2.902,3.07,3.203,3.291,3.383,3.494,3.568,3.644,3.72,3.782,3.846,3.901,3.96,4.007,4.057,4.098,4.176,4.243,4.304,4.357,4.416,4.461,4.507,4.556,4.589,4.63,4.672,4.727,4.776,4.802,4.839,4.881,4.923,4.96,4.993,5.039,5.087,5.125,5.163,5.201,5.233,5.27,5.313,5.355,5.396,5.431,5.466,5.5,5.547,5.583,5.617,5.65,5.689,5.732,5.771,5.807,5.856,5.89,5.923,5.959,5.991,6.035,6.08,6.136,6.181,6.227,6.267,6.323,6.372,6.417,6.455,6.503,6.561,6.608,6.644,6.693,6.734,6.797,6.852,6.914,6.989,7.076,7.145,7.236,7.303,7.378,7.448,7.531,7.671,7.835,7.92,8.065,8.248,8.514,9.078,10.488
1064,OTH FP,1.015,1.887,2.239,2.491,2.745,2.952,3.054,3.181,3.282,3.37,3.448,3.542,3.61,3.68,3.766,3.827,3.897,3.952,3.997,4.064,4.113,4.173,4.238,4.295,4.357,4.421,4.459,4.497,4.546,4.592,4.636,4.689,4.731,4.765,4.805,4.849,4.886,4.933,4.973,5.017,5.058,5.099,5.14,5.182,5.214,5.249,5.284,5.322,5.359,5.399,5.437,5.482,5.518,5.556,5.595,5.638,5.675,5.718,5.764,5.805,5.856,5.897,5.929,5.975,6.009,6.044,6.081,6.122,6.167,6.212,6.263,6.303,6.358,6.401,6.443,6.486,6.523,6.579,6.623,6.685,6.729,6.775,6.824,6.892,6.98,7.024,7.107,7.188,7.255,7.344,7.45,7.549,7.631,7.737,7.812,7.955,8.155,8.368,8.64,9.235,10.552
1065,OTH FP,1.015,1.887,2.239,2.491,2.745,2.952,3.054,3.181,3.282,3.37,3.448,3.542,3.61,3.68,3.766,3.827,3.897,3.952,3.997,4.064,4.113,4.173,4.238,4.295,4.357,4.421,4.459,4.497,4.546,4.592,4.636,4.689,4.731,4.765,4.805,4.849,4.886,4.933,4.973,5.017,5.058,5.099,5.14,5.182,5.214,5.249,5.284,5.322,5.359,5.399,5.437,5.482,5.518,5.556,5.595,5.638,5.675,5.718,5.764,5.805,5.856,5.897,5.929,5.975,6.009,6.044,6.081,6.122,6.167,6.212,6.263,6.303,6.358,6.401,6.443,6.486,6.523,6.579,6.623,6.685,6.729,6.775,6.824,6.892,6.98,7.024,7.107,7.188,7.255,7.344,7.45,7.549,7.631,7.737,7.812,7.955,8.155,8.368,8.64,9.235,10.552
1066,OTH FP,0.98,1.84,2.277,2.501,2.731,2.894,3.016,3.166,3.264,3.383,3.478,3.53,3.605,3.681,3.766,3.837,3.896,3.968,4.015,4.067,4.13,4.193,4.253,4.307,4.367,4.416,4.458,4.5,4.557,4.599,4.655,4.694,4.749,4.786,4.831,4.869,4.919,4.972,5.01,5.04,5.07,5.11,5.146,5.19,5.225,5.27,5.308,5.336,5.375,5.419,5.447,5.492,5.541,5.583,5.619,5.661,5.706,5.756,5.789,5.83,5.874,5.918,5.951,5.991,6.033,6.072,6.101,6.145,6.184,6.226,6.277,6.317,6.359,6.407,6.436,6.499,6.555,6.603,6.645,6.7,6.753,6.811,6.86,6.92,6.994,7.071,7.162,7.225,7.293,7.365,7.468,7.568,7.659,7.773,7.892,8.011,8.166,8.401,8.751,9.24,10.579
1067,OTH FP,0.98,1.84,2.277,2.501,2.731,2.894,3.016,3.166,3.264,3.383,3.478,3.53,3.605,3.681,3.766,3.837,3.896,3.968,4.015,4.067,4.13,4.193,4.253,4.307,4.367,4.416,4.458,4.5,4.557,4.599,4.655,4.694,4.749,4.786,4.831,4.869,4.919,4.972,5.01,5.04,5.07,5.11,5.146,5.19,5.225,5.27,5.308,5.336,5.375,5.419,5.447,5.492,5.541,5.583,5.619,5.661,5.706,5.756,5.789,5.83,5.874,5.918,5.951,5.991,6.033,6.072,6.101,6.145,6.184,6.226,6.277,6.317,6.359,6.407,6.436,6.499,6.555,6.603,6.645,6.7,6.753,6.811,6.86,6.92,6.994,7.071,7.162,7.225,7.293,7.365,7.468,7.568,7.659,7.773,7.892,8.011,8.166,8.401,8.751,9.24,10.579
1068,OTH FP,0.948,1.832,2.271,2.578,2.801,2.896,3.025,3.163,3.239,3.324,3.436,3.51,3.605,3.689,3.769,3.845,3.9,3.947,4.014,4.089,4.154,4.205,4.276,4.324,4.382,4.436,4.477,4.515,4.553,4.601,4.646,4.699,4.738,4.781,4.817,4.857,4.895,4.939,4.991,5.025,5.074,5.111,5.16,5.203,5.247,5.285,5.332,5.381,5.414,5.454,5.505,5.538,5.575,5.624,5.663,5.707,5.748,5.783,5.821,5.858,5.891,5.932,5.961,6.0,6.039,6.086,6.134,6.174,6.206,6.254,6.307,6.355,6.389,6.431,6.473,6.525,6.572,6.623,6.679,6.736,6.807,6.854,6.909,6.972,7.027,7.102,7.173,7.242,7.32,7.389,7.497,7.602,7.71,7.784,7.941,8.091,8.224,8.454,8.745,9.217,10.524
1069,OTH FP,0.948,1.832,2.271,2.578,2.801,2.896,3.025,3.163,3.239,3.324,3.436,3.51,3.605,3.689,3.769,3.845,3.9,3.947,4.014,4.089,4.154,4.205,4.276,4.324,4.382,4.436,4.477,4.515,4.553,4.601,4.646,4.699,4.738,4.781,4.817,4.857,4.895,4.939,4.991,5.025,5.074,5.111,5.16,5.203,5.247,5.285,5.332,5.381,5.414,5.454,5.505,5.538,5.575,5.624,5.663,5.707,5.748,5.783,5.821,5.858,5.891,5.932,5.961,6.0,6.039,6.086,6.134,6.174,6.206,6.254,6.307,6.355,6.389,6.431,6.473,6.525,6.572,6.623,6.679,6.736,6.807,6.854,6.909,6.972,7.027,7.102,7.173,7.242,7.32,7.389,7.497,7.602,7.71,7.784,7.941,8.091,8.224,8.454,8.745,9.217,10.524
1070,OTH FP,0.62,1.754,2.148,2.52,2.726,2.876,3.015,3.165,3.257,3.341,3.446,3.535,3.609,3.677,3.739,3.82,3.88,3.958,4.028,4.08,4.149,4.206,4.261,4.308,4.355,4.417,4.463,4.513,4.558,4.616,4.666,4.715,4.758,4.803,4.846,4.892,4.923,4.963,5.008,5.045,5.08,5.124,5.164,5.202,5.237,5.271,5.325,5.357,5.399,5.452,5.501,5.548,5.579,5.617,5.656,5.69,5.734,5.772,5.81,5.842,5.889,5.925,5.963,5.991,6.054,6.103,6.149,6.187,6.225,6.268,6.317,6.361,6.414,6.462,6.515,6.555,6.597,6.652,6.711,6.763,6.81,6.878,6.955,7.011,7.058,7.126,7.202,7.267,7.342,7.417,7.517,7.625,7.723,7.851,7.961,8.142,8.27,8.462,8.724,9.239,10.618
1071,OTH FP,0.62,1.754,2.148,2.52,2.726,2.876,3.015,3.165,3.257,3.341,3.446,3.535,3.609,3.677,3.739,3.82,3.88,3.958,4.028,4.08,4.149,4.206,4.261,4.308,4.355,4.417,4.463,4.513,4.558,4.616,4.666,4.715,4.758,4.803,4.846,4.892,4.923,4.963,5.008,5.045,5.08,5.124,5.164,5.202,5.237,5.271,5.325,5.357,5.399,5.452,5.501,5.548,5.579,5.617,5.656,5.69,5.734,5.772,5.81,5.842,5.889,5.925,5.963,5.991,6.054,6.103,6.149,6.187,6.225,6.268,6.317,6.361,6.414,6.462,6.515,6.555,6.597,6.652,6.711,6.763,6.81,6.878,6.955,7.011,7.058,7.126,7.202,7.267,7.342,7.417,7.517,7.625,7.723,7.851,7.961,8.142,8.27,8.462,8.724,9.239,10.618
1072,OTH FP,0.464,1.737,2.138,2.458,2.669,2.835,3.003,3.161,3.272,3.359,3.457,3.529,3.634,3.7,3.784,3.841,3.893,3.964,4.028,4.089,4.154,4.204,4.268,4.314,4.372,4.425,4.487,4.546,4.596,4.643,4.676,4.728,4.765,4.822,4.872,4.905,4.939,4.971,5.028,5.067,5.112,5.152,5.188,5.223,5.259,5.303,5.35,5.39,5.435,5.471,5.509,5.564,5.604,5.646,5.689,5.736,5.781,5.814,5.844,5.881,5.919,5.957,5.991,6.032,6.066,6.108,6.148,6.182,6.226,6.272,6.32,6.357,6.405,6.45,6.493,6.545,6.594,6.635,6.698,6.755,6.824,6.882,6.941,7.006,7.057,7.119,7.186,7.251,7.322,7.4,7.5,7.625,7.719,7.813,7.934,8.081,8.287,8.477,8.805,9.136,10.374
1073,OTH FP,0.464,1.737,2.138,2.458,2.669,2.835,3.003,3.161,3.272,3.359,3.457,3.529,3.634,3.7,3.784,3.841,3.893,3.964,4.028,4.089,4.154,4.204,4.268,4.314,4.372,4.425,4.487,4.546,4.596,4.643,4.676,4.728,4.765,4.822,4.872,4.905,4.939,4.971,5.028,5.067,5.112,5.152,5.188,5.223,5.259,5.303,5.35,5.39,5.435,5.471,5.509,5.564,5.604,5.646,5.689,5.736,5.781,5.814,5.844,5.881,5.919,5.957,5.991,6.032,6.066,6.108,6.148,6.182,6.226,6.272,6.32,6.357,6.405,6.45,6.493,6.545,6.594,6.635,6.698,6.755,6.824,6.882,6.941,7.006,7.057,7.119,7.186,7.251,7.322,7.4,7.5,7.625,7.719,7.813,7.934,8.081,8.287,8.477,8.805,9.136,10.374
1074,OTH FP,0.526,1.717,2.212,2.511,2.696,2.839,2.978,3.124,3.243,3.37,3.447,3.529,3.605,3.707,3.785,3.866,3.934,4.0,4.071,4.133,4.198,4.249,4.302,4.355,4.414,4.464,4.514,4.571,4.62,4.662,4.705,4.749,4.791,4.842,4.882,4.926,4.964,5.016,5.052,5.094,5.119,5.161,5.198,5.244,5.294,5.33,5.365,5.403,5.442,5.471,5.517,5.56,5.604,5.644,5.69,5.733,5.763,5.797,5.84,5.884,5.922,5.965,6.009,6.053,6.099,6.144,6.183,6.221,6.268,6.303,6.344,6.394,6.449,6.499,6.533,6.578,6.627,6.672,6.716,6.763,6.805,6.859,6.926,6.995,7.067,7.138,7.228,7.297,7.392,7.477,7.542,7.643,7.758,7.844,7.988,8.171,8.332,8.543,8.766,9.271,10.611
1075,OTH FP,0.526,1.717,2.212,2.511,2.696,2.839,2.978,3.124,3.243,3.37,3.447,3.529,3.605,3.707,3.785,3.866,3.934,4.0,4.071,4.133,4.198,4.249,4.302,4.355,4.414,4.464,4.514,4.571,4.62,4.662,4.705,4.749,4.791,4.842,4.882,4.926,4.964,5.016,5.052,5.094,5.119,5.161,5.198,5.244,5.294,5.33,5.365,5.403,5.442,5.471,5.517,5.56,5.604,5.644,5.69,5.733,5.763,5.797,5.84,5.884,5.922,5.965,6.009,6.053,6.099,6.144,6.183,6.221,6.268,6.303,6.344,6.394,6.449,6.499,6.533,6.578,6.627,6.672,6.716,6.763,6.805,6.859,6.926,6.995,7.067,7.138,7.228,7.297,7.392,7.477,7.542,7.643,7.758,7.844,7.988,8.171,8.332,8.543,8.766,9.271,10.611
1076,OTH FP,0.619,1.695,2.2,2.435,2.608,2.819,2.966,3.089,3.191,3.308,3.409,3.544,3.645,3.729,3.801,3.867,3.933,4.002,4.076,4.139,4.198,4.264,4.33,4.39,4.443,4.485,4.543,4.603,4.645,4.693,4.732,4.773,4.825,4.873,4.912,4.956,4.989,5.022,5.062,5.102,5.147,5.194,5.226,5.261,5.3,5.331,5.366,5.406,5.451,5.493,5.53,5.573,5.613,5.643,5.678,5.71,5.753,5.786,5.828,5.87,5.909,5.957,6.007,6.061,6.102,6.139,6.188,6.234,6.278,6.322,6.375,6.408,6.453,6.501,6.535,6.584,6.618,6.672,6.712,6.764,6.828,6.898,6.964,7.023,7.077,7.151,7.208,7.283,7.364,7.485,7.584,7.704,7.78,7.894,7.995,8.135,8.294,8.451,8.79,9.245,10.438
1077,OTH FP,0.619,1.695,2.2,2.435,2.608,2.819,2.966,3.089,3.191,3.308,3.409,3.544,3.645,3.729,3.801,3.867,3.933,4.002,4.076,4.139,4.198,4.264,4.33,4.39,4.443,4.485,4.543,4.603,4.645,4.693,4.732,4.773,4.825,4.873,4.912,4.956,4.989,5.022,5.062,5.102,5.147,5.194,5.226,5.261,5.3,5.331,5.366,5.406,5.451,5.493,5.53,5.573,5.613,5.643,5.678,5.71,5.753,5.786,5.828,5.87,5.909,5.957,6.007,6.061,6.102,6.139,6.188,6.234,6.278,6.322,6.375,6.408,6.453,6.501,6.535,6.584,6.618,6.672,6.712,6.764,6.828,6.898,6.964,7.023,7.077,7.151,7.208,7.283,7.364,7.485,7.584,7.704,7.78,7.894,7.995,8.135,8.294,8.451,8.79,9.245,10.438
1078,OTH FP,0.48,1.752,2.114,2.458,2.707,2.859,2.978,3.135,3.232,3.365,3.438,3.553,3.638,3.721,3.822,3.885,3.958,4.006,4.071,4.152,4.225,4.285,4.326,4.383,4.44,4.487,4.546,4.601,4.638,4.69,4.727,4.773,4.825,4.865,4.906,4.949,4.988,5.025,5.068,5.114,5.156,5.2,5.24,5.277,5.32,5.355,5.387,5.437,5.475,5.508,5.552,5.583,5.62,5.644,5.679,5.724,5.768,5.814,5.856,5.904,5.94,5.978,6.022,6.061,6.101,6.142,6.179,6.233,6.287,6.332,6.377,6.414,6.46,6.509,6.56,6.603,6.637,6.69,6.751,6.802,6.863,6.924,6.986,7.057,7.106,7.16,7.252,7.32,7.395,7.502,7.601,7.706,7.827,7.91,8.026,8.177,8.344,8.511,8.845,9.395,10.338
1079,OTH FP,0.48,1.752,2.114,2.458,2.707,2.859,2.978,3.135,3.232,3.365,3.438,3.553,3.638,3.721,3.822,3.885,3.958,4.006,4.071,4.152,4.225,4.285,4.326,4.383,4.44,4.487,4.546,4.601,4.638,4.69,4.727,4.773,4.825,4.865,4.906,4.949,4.988,5.025,5.068,5.114,5.156,5.2,5.24,5.277,5.32,5.355,5.387,5.437,5.475,5.508,5.552,5.583,5.62,5.644,5.679,5.724,5.768,5.814,5.856,5.904,5.94,5.978,6.022,6.061,6.101,6.142,6.179,6.233,6.287,6.332,6.377,6.414,6.46,6.509,6.56,6.603,6.637,6.69,6.751,6.802,6.863,6.924,6.986,7.057,7.106,7.16,7.252,7.32,7.395,7.502,7.601,7.706,7.827,7.91,8.026,8.177,8.344,8.511,8.845,9.395,10.338
1080,OTH FP,0.386,1.74,2.171,2.416,2.686,2.813,2.971,3.145,3.271,3.348,3.484,3.565,3.668,3.73,3.807,3.881,3.939,4.008,4.08,4.139,4.205,4.274,4.328,4.397,4.448,4.489,4.532,4.572,4.632,4.672,4.717,4.747,4.799,4.835,4.882,4.918,4.954,4.987,5.039,5.076,5.129,5.171,5.207,5.249,5.284,5.331,5.376,5.415,5.442,5.49,5.523,5.571,5.617,5.656,5.696,5.73,5.766,5.804,5.844,5.892,5.935,5.978,6.021,6.068,6.109,6.15,6.2,6.253,6.309,6.353,6.4,6.448,6.499,6.542,6.587,6.634,6.679,6.732,6.783,6.829,6.893,6.949,6.995,7.058,7.133,7.194,7.291,7.368,7.453,7.541,7.609,7.702,7.807,7.914,8.062,8.174,8.352,8.578,8.869,9.362,10.215
1081,OTH FP,0.386,1.74,2.171,2.416,2.686,2.813,2.971,3.145,3.271,3.348,3.484,3.565,3.668,3.73,3.807,3.881,3.939,4.008,4.08,4.139,4.205,4.274,4.328,4.397,4.448,4.489,4.532,4.572,4.632,4.672,4.717,4.747,4.799,4.835,4.882,4.918,4.954,4.987,5.039,5.076,5.129,5.171,5.207,5.249,5.284,5.331,5.376,5.415,5.442,5.49,5.523,5.571,5.617,5.656,5.696,5.73,5.766,5.804,5.844,5.892,5.935,5.978,6.021,6.068,6.109,6.15,6.2,6.253,6.309,6.353,6.4,6.448,6.499,6.542,6.587,6.634,6.679,6.732,6.783,6.829,6.893,6.949,6.995,7.058,7.133,7.194,7.291,7.368,7.453,7.541,7.609,7.702,7.807,7.914,8.062,8.174,8.352,8.578,8.869,9.362,10.215
1082,OTH FP,0.402,1.76,2.138,2.381,2.682,2.847,3.005,3.156,3.28,3.416,3.517,3.597,3.66,3.74,3.831,3.908,3.991,4.026,4.091,4.157,4.228,4.29,4.341,4.397,4.446,4.498,4.546,4.59,4.646,4.684,4.73,4.782,4.823,4.863,4.922,4.957,4.995,5.038,5.068,5.11,5.138,5.176,5.232,5.273,5.312,5.347,5.4,5.454,5.498,5.535,5.566,5.602,5.641,5.682,5.718,5.757,5.8,5.833,5.868,5.919,5.972,6.013,6.065,6.106,6.136,6.182,6.218,6.263,6.306,6.342,6.383,6.434,6.486,6.544,6.582,6.632,6.686,6.741,6.802,6.85,6.915,6.98,7.044,7.11,7.181,7.234,7.304,7.376,7.454,7.539,7.628,7.723,7.803,7.911,8.064,8.202,8.358,8.598,8.847,9.403,10.461
1083,OTH FP,0.402,1.76,2.138,2.381,2.682,2.847,3.005,3.156,3.28,3.416,3.517,3.597,3.66,3.74,3.831,3.908,3.991,4.026,4.091,4.157,4.228,4.29,4.341,4.397,4.446,4.498,4.546,4.59,4.646,4.684,4.73,4.782,4.823,4.863,4.922,4.957,4.995,5.038,5.068,5.11,5.138,5.176,5.232,5.273,5.312,5.347,5.4,5.454,5.498,5.535,5.566,5.602,5.641,5.682,5.718,5.757,5.8,5.833,5.868,5.919,5.972,6.013,6.065,6.106,6.136,6.182,6.218,6.263,6.306,6.342,6.383,6.434,6.486,6.544,6.582,6.632,6.686,6.741,6.802,6.85,6.915,6.98,7.044,7.11,7.181,7.234,7.304,7.376,7.454,7.539,7.628,7.723,7.803,7.911,8.064,8.202,8.358,8.598,8.847,9.403,10.461
1084,OTH FP,0.355,1.712,2.164,2.414,2.618,2.813,2.976,3.102,3.239,3.362,3.462,3.552,3.648,3.712,3.784,3.866,3.945,4.016,4.09,4.151,4.214,4.283,4.333,4.379,4.432,4.487,4.547,4.588,4.64,4.687,4.734,4.784,4.821,4.871,4.914,4.95,4.99,5.031,5.076,5.111,5.143,5.187,5.226,5.272,5.313,5.359,5.408,5.449,5.482,5.516,5.561,5.597,5.642,5.681,5.731,5.763,5.802,5.839,5.892,5.935,5.982,6.027,6.064,6.102,6.148,6.193,6.234,6.281,6.313,6.346,6.388,6.421,6.459,6.507,6.553,6.611,6.668,6.726,6.786,6.859,6.922,6.968,7.039,7.099,7.168,7.235,7.311,7.378,7.448,7.537,7.612,7.72,7.827,7.982,8.075,8.221,8.377,8.6,8.9,9.285,10.658
1085,OTH FP,0.355,1.712,2.164,2.414,2.618,2.813,2.976,3.102,3.239,3.362,3.462,3.552,3.648,3.712,3.784,3.866,3.945,4.016,4.09,4.151,4.214,4.283,4.333,4.379,4.432,4.487,4.547,4.588,4.64,4.687,4.734,4.784,4.821,4.871,4.914,4.95,4.99,5.031,5.076,5.111,5.143,5.187,5.226,5.272,5.313,5.359,5.408,5.449,5.482,5.516,5.561,5.597,5.642,5.681,5.731,5.763,5.802,5.839,5.892,5.935,5.982,6.027,6.064,6.102,6.148,6.193,6.234,6.281,6.313,6.346,6.388,6.421,6.459,6.507,6.553,6.611,6.668,6.726,6.786,6.859,6.922,6.968,7.039,7.099,7.168,7.235,7.311,7.378,7.448,7.537,7.612,7.72,7.827,7.982,8.075,8.221,8.377,8.6,8.9,9.285,10.658
1086,OTH FP,0.47,1.705,2.209,2.494,2.679,2.829,2.984,3.178,3.281,3.385,3.467,3.583,3.677,3.754,3.812,3.891,3.963,4.038,4.091,4.14,4.204,4.267,4.323,4.377,4.419,4.476,4.526,4.581,4.643,4.688,4.743,4.803,4.841,4.88,4.931,4.973,5.018,5.069,5.103,5.147,5.195,5.239,5.281,5.319,5.347,5.385,5.42,5.456,5.489,5.522,5.561,5.593,5.635,5.68,5.724,5.771,5.815,5.858,5.895,5.928,5.969,6.013,6.058,6.102,6.153,6.199,6.242,6.285,6.326,6.361,6.409,6.453,6.5,6.534,6.583,6.635,6.682,6.742,6.808,6.855,6.899,6.944,7.023,7.098,7.161,7.254,7.316,7.387,7.463,7.518,7.618,7.715,7.809,7.954,8.07,8.233,8.369,8.62,8.988,9.351,10.294
1087,OTH FP,0.47,1.705,2.209,2.494,2.679,2.829,2.984,3.178,3.281,3.385,3.467,3.583,3.677,3.754,3.812,3.891,3.963,4.038,4.091,4.14,4.204,4.267,4.323,4.377,4.419,4.476,4.526,4.581,4.643,4.688,4.743,4.803,4.841,4.88,4.931,4.973,5.018,5.069,5.103,5.147,5.195,5.239,5.281,5.319,5.347,5.385,5.42,5.456,5.489,5.522,5.561,5.593,5.635,5.68,5.724,5.771,5.815,5.858,5.895,5.928,5.969,6.013,6.058,6.102,6.153,6.199,6.242,6.285,6.326,6.361,6.409,6.453,6.5,6.534,6.583,6.635,6.682,6.742,6.808,6.855,6.899,6.944,7.023,7.098,7.161,7.254,7.316,7.387,7.463,7.518,7.618,7.715,7.809,7.954,8.07,8.233,8.369,8.62,8.988,9.351,10.294
1088,OTH FP,0.498,1.731,2.202,2.45,2.629,2.822,2.992,3.136,3.267,3.382,3.486,3.578,3.675,3.758,3.828,3.898,3.969,4.043,4.103,4.164,4.233,4.282,4.326,4.383,4.439,4.493,4.543,4.586,4.645,4.708,4.77,4.808,4.866,4.914,4.954,4.996,5.031,5.07,5.117,5.149,5.208,5.24,5.274,5.307,5.349,5.391,5.43,5.474,5.516,5.553,5.584,5.622,5.663,5.697,5.741,5.784,5.829,5.857,5.907,5.945,5.981,6.02,6.066,6.106,6.146,6.203,6.248,6.294,6.339,6.376,6.43,6.475,6.508,6.547,6.603,6.665,6.713,6.754,6.814,6.87,6.924,6.983,7.04,7.113,7.204,7.277,7.329,7.396,7.481,7.56,7.663,7.73,7.847,7.946,8.08,8.2,8.376,8.584,8.943,9.404,10.553
1089,OTH FP,0.498,1.731,2.202,2.45,2.629,2.822,2.992,3.136,3.267,3.382,3.486,3.578,3.675,3.758,3.828,3.898,3.969,4.043,4.103,4.164,4.233,4.282,4.326,4.383,4.439,4.493,4.543,4.586,4.645,4.708,4.77,4.808,4.866,4.914,4.954,4.996,5.031,5.07,5.117,5.149,5.208,5.24,5.274,5.307,5.349,5.391,5.43,5.474,5.516,5.553,5.584,5.622,5.663,5.697,5.741,5.784,5.829,5.857,5.907,5.945,5.981,6.02,6.066,6.106,6.146,6.203,6.248,6.294,6.339,6.376,6.43,6.475,6.508,6.547,6.603,6.665,6.713,6.754,6.814,6.87,6.924,6.983,7.04,7.113,7.204,7.277,7.329,7.396,7.481,7.56,7.663,7.73,7.847,7.946,8.08,8.2,8.376,8.584,8.943,9.404,10.553
1090,OTH FP,0.52,1.754,2.153,2.498,2.669,2.855,3.007,3.132,3.263,3.406,3.499,3.609,3.681,3.76,3.815,3.888,3.965,4.017,4.077,4.16,4.209,4.271,4.352,4.42,4.498,4.55,4.582,4.624,4.663,4.702,4.75,4.796,4.846,4.889,4.925,4.962,5.009,5.06,5.097,5.141,5.18,5.226,5.262,5.304,5.344,5.386,5.425,5.468,5.508,5.553,5.594,5.63,5.658,5.691,5.734,5.771,5.808,5.848,5.891,5.941,5.99,6.038,6.079,6.121,6.166,6.21,6.252,6.308,6.359,6.405,6.452,6.504,6.542,6.589,6.626,6.68,6.728,6.774,6.826,6.872,6.926,6.995,7.061,7.114,7.187,7.257,7.326,7.426,7.535,7.592,7.664,7.761,7.848,7.952,8.076,8.218,8.393,8.612,8.926,9.268,10.528
1091,OTH FP,0.52,1.754,2.153,2.498,2.669,2.855,3.007,3.132,3.263,3.406,3.499,3.609,3.681,3.76,3.815,3.888,3.965,4.017,4.077,4.16,4.209,4.271,4.352,4.42,4.498,4.55,4.582,4.624,4.663,4.702,4.75,4.796,4.846,4.889,4.925,4.962,5.009,5.06,5.097,5.141,5.18,5.226,5.262,5.304,5.344,5.386,5.425,5.468,5.508,5.553,5.594,5.63,5.658,5.691,5.734,5.771,5.808,5.848,5.891,5.941,5.99,6.038,6.079,6.121,6.166,6.21,6.252,6.308,6.359,6.405,6.452,6.504,6.542,6.589,6.626,6.68,6.728,6.774,6.826,6.872,6.926,6.995,7.061,7.114,7.187,7.257,7.326,7.426,7.535,7.592,7.664,7.761,7.848,7.952,8.076,8.218,8.393,8.612,8.926,9.268,10.528
1092,OTH FP,0.556,1.661,2.133,2.449,2.696,2.901,3.037,3.157,3.281,3.359,3.469,3.555,3.638,3.722,3.82,3.878,3.941,4.004,4.067,4.134,4.199,4.264,4.323,4.383,4.451,4.513,4.565,4.604,4.651,4.703,4.743,4.795,4.846,4.887,4.923,4.971,5.003,5.048,5.085,5.132,5.18,5.213,5.259,5.307,5.363,5.413,5.452,5.497,5.54,5.575,5.609,5.65,5.693,5.725,5.762,5.802,5.842,5.881,5.908,5.947,5.983,6.024,6.071,6.121,6.162,6.203,6.242,6.282,6.325,6.371,6.421,6.474,6.526,6.583,6.64,6.674,6.728,6.784,6.833,6.887,6.948,7.014,7.049,7.106,7.175,7.243,7.308,7.407,7.473,7.545,7.659,7.741,7.822,7.96,8.092,8.236,8.388,8.658,8.913,9.289,10.407
1093,OTH FP,0.556,1.661,2.133,2.449,2.696,2.901,3.037,3.157,3.281,3.359,3.469,3.555,3.638,3.722,3.82,3.878,3.941,4.004,4.067,4.134,4.199,4.264,4.323,4.383,4.451,4.513,4.565,4.604,4.651,4.703,4.743,4.795,4.846,4.887,4.923,4.971,5.003,5.048,5.085,5.132,5.18,5.213,5.259,5.307,5.363,5.413,5.452,5.497,5.54,5.575,5.609,5.65,5.693,5.725,5.762,5.802,5.842,5.881,5.908,5.947,5.983,6.024,6.071,6.121,6.162,6.203,6.242,6.282,6.325,6.371,6.421,6.474,6.526,6.583,6.64,6.674,6.728,6.784,6.833,6.887,6.948,7.014,7.049,7.106,7.175,7.243,7.308,7.407,7.473,7.545,7.659,7.741,7.822,7.96,8.092,8.236,8.388,8.658,8.913,9.289,10.407
1094,OTH FP,0.511,1.665,2.16,2.469,2.631,2.831,3.006,3.148,3.263,3.391,3.483,3.582,3.657,3.723,3.795,3.856,3.945,4.017,4.069,4.127,4.208,4.273,4.316,4.364,4.436,4.49,4.549,4.592,4.647,4.692,4.734,4.778,4.836,4.884,4.91,4.968,5.018,5.067,5.115,5.163,5.215,5.257,5.293,5.329,5.371,5.408,5.453,5.499,5.537,5.573,5.614,5.658,5.684,5.721,5.771,5.81,5.848,5.895,5.938,5.976,6.021,6.048,6.082,6.124,6.163,6.195,6.236,6.283,6.32,6.371,6.413,6.465,6.506,6.562,6.614,6.673,6.728,6.775,6.833,6.887,6.939,6.985,7.046,7.103,7.174,7.248,7.338,7.399,7.492,7.564,7.662,7.728,7.828,7.943,8.061,8.2,8.367,8.601,8.87,9.253,10.38
1095,OTH FP,0.511,1.665,2.16,2.469,2.631,2.831,3.006,3.148,3.263,3.391,3.483,3.582,3.657,3.723,3.795,3.856,3.945,4.017,4.069,4.127,4.208,4.273,4.316,4.364,4.436,4.49,4.549,4.592,4.647,4.692,4.734,4.778,4.836,4.884,4.91,4.968,5.018,5.067,5.115,5.163,5.215,5.257,5.293,5.329,5.371,5.408,5.453,5.499,5.537,5.573,5.614,5.658,5.684,5.721,5.771,5.81,5.848,5.895,5.938,5.976,6.021,6.048,6.082,6.124,6.163,6.195,6.236,6.283,6.32,6.371,6.413,6.465,6.506,6.562,6.614,6.673,6.728,6.775,6.833,6.887,6.939,6.985,7.046,7.103,7.174,7.248,7.338,7.399,7.492,7.564,7.662,7.728,7.828,7.943,8.061,8.2,8.367,8.601,8.87,9.253,10.38
1096,OTH FP,0.39,1.777,2.122,2.49,2.659,2.854,3.037,3.155,3.29,3.4,3.506,3.587,3.662,3.725,3.79,3.873,3.952,4.017,4.086,4.152,4.229,4.309,4.357,4.403,4.456,4.509,4.552,4.596,4.648,4.704,4.75,4.795,4.848,4.893,4.932,4.975,5.029,5.083,5.12,5.172,5.212,5.248,5.288,5.329,5.373,5.405,5.438,5.485,5.529,5.564,5.609,5.658,5.705,5.747,5.79,5.827,5.871,5.916,5.948,5.985,6.025,6.074,6.102,6.136,6.177,6.225,6.279,6.313,6.357,6.394,6.431,6.483,6.528,6.567,6.621,6.672,6.738,6.788,6.841,6.891,6.938,7.013,7.073,7.134,7.183,7.237,7.318,7.406,7.486,7.58,7.65,7.76,7.871,7.972,8.079,8.221,8.397,8.608,8.912,9.212,10.659
1097,OTH FP,0.39,1.777,2.122,2.49,2.659,2.854,3.037,3.155,3.29,3.4,3.506,3.587,3.662,3.725,3.79,3.873,3.952,4.017,4.086,4.152,4.229,4.309,4.357,4.403,4.456,4.509,4.552,4.596,4.648,4.704,4.75,4.795,4.848,4.893,4.932,4.975,5.029,5.083,5.12,5.172,5.212,5.248,5.288,5.329,5.373,5.405,5.438,5.485,5.529,5.564,5.609,5.658,5.705,5.747,5.79,5.827,5.871,5.916,5.948,5.985,6.025,6.074,6.102,6.136,6.177,6.225,6.279,6.313,6.357,6.394,6.431,6.483,6.528,6.567,6.621,6.672,6.738,6.788,6.841,6.891,6.938,7.013,7.073,7.134,7.183,7.237,7.318,7.406,7.486,7.58,7.65,7.76,7.871,7.972,8.079,8.221,8.397,8.608,8.912,9.212,10.659
1098,OTH FP,0.441,1.738,2.103,2.481,2.746,2.91,3.086,3.191,3.338,3.43,3.515,3.578,3.649,3.738,3.826,3.907,3.989,4.06,4.107,4.168,4.228,4.278,4.324,4.391,4.445,4.492,4.543,4.602,4.655,4.714,4.768,4.812,4.851,4.904,4.94,4.987,5.026,5.065,5.099,5.146,5.184,5.22,5.264,5.306,5.35,5.388,5.434,5.477,5.516,5.566,5.603,5.653,5.703,5.751,5.794,5.827,5.867,5.909,5.944,5.988,6.039,6.082,6.124,6.17,6.212,6.254,6.283,6.341,6.38,6.422,6.458,6.494,6.548,6.595,6.655,6.695,6.745,6.797,6.835,6.918,6.984,7.047,7.109,7.159,7.238,7.298,7.372,7.435,7.513,7.576,7.648,7.73,7.807,7.922,8.058,8.19,8.355,8.566,8.918,9.293,10.359
1099,OTH FP,0.441,1.738,2.103,2.481,2.746,2.91,3.086,3.191,3.338,3.43,3.515,3.578,3.649,3.738,3.826,3.907,3.989,4.06,4.107,4.168,4.228,4.278,4.324,4.391,4.445,4.492,4.543,4.602,4.655,4.714,4.768,4.812,4.851,4.904,4.94,4.987,5.026,5.065,5.099,5.146,5.184,5.22,5.264,5.306,5.35,5.388,5.434,5.477,5.516,5.566,5.603,5.653,5.703,5.751,5.794,5.827,5.867,5.909,5.944,5.988,6.039,6.082,6.124,6.17,6.212,6.254,6.283,6.341,6.38,6.422,6.458,6.494,6.548,6.595,6.655,6.695,6.745,6.797,6.835,6.918,6.984,7.047,7.109,7.159,7.238,7.298,7.372,7.435,7.513,7.576,7.648,7.73,7.807,7.922,8.058,8.19,8.355,8.566,8.918,9.293,10.359
1100,OTH FP,0.398,1.754,2.143,2.457,2.711,2.888,3.05,3.184,3.308,3.42,3.522,3.661,3.742,3.83,3.904,3.972,4.034,4.09,4.147,4.203,4.251,4.297,4.344,4.396,4.449,4.522,4.562,4.606,4.662,4.715,4.763,4.814,4.851,4.875,4.916,4.956,5.009,5.058,5.1,5.139,5.183,5.234,5.279,5.315,5.347,5.39,5.447,5.483,5.536,5.586,5.633,5.672,5.716,5.755,5.792,5.841,5.879,5.93,5.967,6.014,6.058,6.096,6.136,6.172,6.214,6.263,6.294,6.333,6.38,6.428,6.468,6.508,6.536,6.58,6.623,6.671,6.727,6.79,6.843,6.905,6.959,7.001,7.057,7.125,7.197,7.277,7.324,7.4,7.473,7.555,7.653,7.724,7.818,7.902,8.036,8.2,8.359,8.623,8.918,9.321,10.477
1101,OTH FP,0.398,1.754,2.143,2.457,2.711,2.888,3.05,3.184,3.308,3.42,3.522,3.661,3.742,3.83,3.904,3.972,4.034,4.09,4.147,4.203,4.251,4.297,4.344,4.396,4.449,4.522,4.562,4.606,4.662,4.715,4.763,4.814,4.851,4.875,4.916,4.956,5.009,5.058,5.1,5.139,5.183,5.234,5.279,5.315,5.347,5.39,5.447,5.483,5.536,5.586,5.633,5.672,5.716,5.755,5.792,5.841,5.879,5.93,5.967,6.014,6.058,6.096,6.136,6.172,6.214,6.263,6.294,6.333,6.38,6.428,6.468,6.508,6.536,6.58,6.623,6.671,6.727,6.79,6.843,6.905,6.959,7.001,7.057,7.125,7.197,7.277,7.324,7.4,7.473,7.555,7.653,7.724,7.818,7.902,8.036,8.2,8.359,8.623,8.918,9.321,10.477
1102,OTH FP,0.32,1.722,2.135,2.408,2.714,2.924,3.044,3.216,3.312,3.415,3.523,3.619,3.7,3.813,3.887,3.956,4.026,4.077,4.146,4.205,4.256,4.308,4.351,4.404,4.46,4.516,4.57,4.626,4.671,4.723,4.772,4.812,4.855,4.9,4.94,4.991,5.034,5.08,5.122,5.164,5.206,5.253,5.304,5.342,5.38,5.412,5.458,5.506,5.544,5.581,5.616,5.672,5.713,5.766,5.81,5.842,5.894,5.937,5.972,6.015,6.059,6.087,6.121,6.167,6.203,6.249,6.298,6.348,6.39,6.438,6.482,6.524,6.569,6.611,6.666,6.723,6.781,6.842,6.897,6.956,6.993,7.04,7.078,7.135,7.208,7.255,7.313,7.378,7.466,7.523,7.603,7.676,7.796,7.921,8.047,8.204,8.383,8.595,8.971,9.311,10.635
1103,OTH FP,0.32,1.722,2.135,2.408,2.714,2.924,3.044,3.216,3.312,3.415,3.523,3.619,3.7,3.813,3.887,3.956,4.026,4.077,4.146,4.205,4.256,4.308,4.351,4.404,4.46,4.516,4.57,4.626,4.671,4.723,4.772,4.812,4.855,4.9,4.94,4.991,5.034,5.08,5.122,5.164,5.206,5.253,5.304,5.342,5.38,5.412,5.458,5.506,5.544,5.581,5.616,5.672,5.713,5.766,5.81,5.842,5.894,5.937,5.972,6.015,6.059,6.087,6.121,6.167,6.203,6.249,6.298,6.348,6.39,6.438,6.482,6.524,6.569,6.611,6.666,6.723,6.781,6.842,6.897,6.956,6.993,7.04,7.078,7.135,7.208,7.255,7.313,7.378,7.466,7.523,7.603,7.676,7.796,7.921,8.047,8.204,8.383,8.595,8.971,9.311,10.635
1104,OTH FP,0.403,1.671,2.162,2.482,2.726,2.908,3.078,3.207,3.295,3.417,3.523,3.615,3.7,3.785,3.855,3.933,4.007,4.077,4.147,4.216,4.267,4.32,4.374,4.429,4.47,4.518,4.572,4.618,4.665,4.733,4.777,4.823,4.859,4.909,4.957,4.999,5.041,5.086,5.138,5.178,5.224,5.272,5.319,5.364,5.403,5.437,5.479,5.514,5.545,5.587,5.634,5.671,5.701,5.758,5.811,5.852,5.894,5.938,5.982,6.027,6.062,6.105,6.148,6.184,6.227,6.264,6.304,6.365,6.412,6.45,6.504,6.548,6.602,6.648,6.691,6.744,6.801,6.853,6.908,6.95,6.987,7.049,7.103,7.151,7.197,7.242,7.303,7.36,7.447,7.535,7.619,7.708,7.827,7.921,8.051,8.194,8.4,8.639,8.935,9.377,10.63
1105,OTH FP,0.403,1.671,2.162,2.482,2.726,2.908,3.078,3.207,3.295,3.417,3.523,3.615,3.7,3.785,3.855,3.933,4.007,4.077,4.147,4.216,4.267,4.32,4.374,4.429,4.47,4.518,4.572,4.618,4.665,4.733,4.777,4.823,4.859,4.909,4.957,4.999,5.041,5.086,5.138,5.178,5.224,5.272,5.319,5.364,5.403,5.437,5.479,5.514,5.545,5.587,5.634,5.671,5.701,5.758,5.811,5.852,5.894,5.938,5.982,6.027,6.062,6.105,6.148,6.184,6.227,6.264,6.304,6.365,6.412,6.45,6.504,6.548,6.602,6.648,6.691,6.744,6.801,6.853,6.908,6.95,6.987,7.049,7.103,7.151,7.197,7.242,7.303,7.36,7.447,7.535,7.619,7.708,7.827,7.921,8.051,8.194,8.4,8.639,8.935,9.377,10.63
1106,OTH FP,0.373,1.77,2.252,2.524,2.712,2.932,3.099,3.232,3.335,3.426,3.547,3.622,3.705,3.789,3.892,3.96,4.024,4.093,4.155,4.214,4.265,4.315,4.365,4.415,4.468,4.509,4.565,4.616,4.677,4.734,4.787,4.829,4.879,4.933,4.977,5.023,5.063,5.112,5.149,5.202,5.24,5.279,5.317,5.359,5.403,5.439,5.48,5.518,5.561,5.595,5.632,5.673,5.71,5.756,5.809,5.846,5.894,5.948,5.988,6.038,6.078,6.116,6.16,6.208,6.252,6.29,6.331,6.381,6.43,6.489,6.538,6.574,6.61,6.648,6.682,6.726,6.782,6.825,6.884,6.922,6.986,7.053,7.098,7.149,7.207,7.268,7.343,7.398,7.48,7.548,7.624,7.722,7.818,7.932,8.062,8.28,8.443,8.646,8.903,9.335,10.405
1107,OTH FP,0.373,1.77,2.252,2.524,2.712,2.932,3.099,3.232,3.335,3.426,3.547,3.622,3.705,3.789,3.892,3.96,4.024,4.093,4.155,4.214,4.265,4.315,4.365,4.415,4.468,4.509,4.565,4.616,4.677,4.734,4.787,4.829,4.879,4.933,4.977,5.023,5.063,5.112,5.149,5.202,5.24,5.279,5.317,5.359,5.403,5.439,5.48,5.518,5.561,5.595,5.632,5.673,5.71,5.756,5.809,5.846,5.894,5.948,5.988,6.038,6.078,6.116,6.16,6.208,6.252,6.29,6.331,6.381,6.43,6.489,6.538,6.574,6.61,6.648,6.682,6.726,6.782,6.825,6.884,6.922,6.986,7.053,7.098,7.149,7.207,7.268,7.343,7.398,7.48,7.548,7.624,7.722,7.818,7.932,8.062,8.28,8.443,8.646,8.903,9.335,10.405
1108,OTH FP,0.319,1.811,2.243,2.568,2.803,2.938,3.134,3.252,3.408,3.519,3.609,3.698,3.79,3.844,3.906,3.985,4.033,4.097,4.152,4.206,4.26,4.307,4.377,4.432,4.497,4.538,4.595,4.64,4.682,4.73,4.785,4.829,4.881,4.93,4.969,5.016,5.064,5.106,5.154,5.206,5.24,5.294,5.334,5.388,5.432,5.459,5.506,5.541,5.581,5.633,5.667,5.697,5.741,5.782,5.824,5.873,5.901,5.945,5.98,6.024,6.061,6.105,6.145,6.189,6.235,6.276,6.316,6.359,6.406,6.459,6.507,6.56,6.595,6.648,6.698,6.745,6.787,6.829,6.874,6.923,6.984,7.028,7.085,7.138,7.204,7.276,7.321,7.401,7.491,7.557,7.645,7.735,7.844,7.956,8.097,8.22,8.379,8.656,8.956,9.417,10.192
1109,OTH FP,0.319,1.811,2.243,2.568,2.803,2.938,3.134,3.252,3.408,3.519,3.609,3.698,3.79,3.844,3.906,3.985,4.033,4.097,4.152,4.206,4.26,4.307,4.377,4.432,4.497,4.538,4.595,4.64,4.682,4.73,4.785,4.829,4.881,4.93,4.969,5.016,5.064,5.106,5.154,5.206,5.24,5.294,5.334,5.388,5.432,5.459,5.506,5.541,5.581,5.633,5.667,5.697,5.741,5.782,5.824,5.873,5.901,5.945,5.98,6.024,6.061,6.105,6.145,6.189,6.235,6.276,6.316,6.359,6.406,6.459,6.507,6.56,6.595,6.648,6.698,6.745,6.787,6.829,6.874,6.923,6.984,7.028,7.085,7.138,7.204,7.276,7.321,7.401,7.491,7.557,7.645,7.735,7.844,7.956,8.097,8.22,8.379,8.656,8.956,9.417,10.192
1110,OTH FP,0.391,1.69,2.356,2.616,2.864,3.011,3.144,3.271,3.387,3.525,3.621,3.714,3.818,3.882,3.939,4.015,4.068,4.13,4.195,4.25,4.322,4.382,4.437,4.489,4.533,4.572,4.623,4.666,4.708,4.748,4.807,4.848,4.908,4.943,4.992,5.053,5.086,5.129,5.169,5.217,5.269,5.324,5.362,5.403,5.445,5.481,5.516,5.556,5.583,5.621,5.656,5.698,5.746,5.789,5.82,5.861,5.906,5.948,5.98,6.03,6.071,6.113,6.153,6.196,6.244,6.281,6.329,6.377,6.424,6.458,6.521,6.561,6.602,6.635,6.685,6.72,6.775,6.817,6.87,6.915,6.969,7.023,7.079,7.136,7.189,7.259,7.32,7.39,7.478,7.582,7.655,7.74,7.87,7.982,8.102,8.234,8.4,8.585,8.843,9.409,10.236
1111,OTH FP,0.391,1.69,2.356,2.616,2.864,3.011,3.144,3.271,3.387,3.525,3.621,3.714,3.818,3.882,3.939,4.015,4.068,4.13,4.195,4.25,4.322,4.382,4.437,4.489,4.533,4.572,4.623,4.666,4.708,4.748,4.807,4.848,4.908,4.943,4.992,5.053,5.086,5.129,5.169,5.217,5.269,5.324,5.362,5.403,5.445,5.481,5.516,5.556,5.583,5.621,5.656,5.698,5.746,5.789,5.82,5.861,5.906,5.948,5.98,6.03,6.071,6.113,6.153,6.196,6.244,6.281,6.329,6.377,6.424,6.458,6.521,6.561,6.602,6.635,6.685,6.72,6.775,6.817,6.87,6.915,6.969,7.023,7.079,7.136,7.189,7.259,7.32,7.39,7.478,7.582,7.655,7.74,7.87,7.982,8.102,8.234,8.4,8.585,8.843,9.409,10.236
1112,OTH FP,0.382,1.834,2.367,2.668,2.863,3.052,3.216,3.328,3.446,3.541,3.629,3.692,3.807,3.896,3.965,4.012,4.075,4.149,4.208,4.282,4.336,4.378,4.434,4.484,4.527,4.59,4.649,4.696,4.745,4.792,4.85,4.889,4.937,4.97,5.009,5.046,5.08,5.125,5.166,5.203,5.243,5.286,5.332,5.357,5.397,5.438,5.473,5.517,5.563,5.607,5.651,5.685,5.745,5.786,5.819,5.871,5.917,5.949,5.981,6.021,6.06,6.097,6.136,6.186,6.226,6.268,6.31,6.354,6.395,6.443,6.492,6.53,6.572,6.63,6.692,6.747,6.797,6.844,6.889,6.943,7.003,7.063,7.133,7.184,7.242,7.295,7.344,7.409,7.479,7.558,7.643,7.748,7.854,7.977,8.104,8.225,8.391,8.556,8.864,9.353,10.32
1113,OTH FP,0.382,1.834,2.367,2.668,2.863,3.052,3.216,3.328,3.446,3.541,3.629,3.692,3.807,3.896,3.965,4.012,4.075,4.149,4.208,4.282,4.336,4.378,4.434,4.484,4.527,4.59,4.649,4.696,4.745,4.792,4.85,4.889,4.937,4.97,5.009,5.046,5.08,5.125,5.166,5.203,5.243,5.286,5.332,5.357,5.397,5.438,5.473,5.517,5.563,5.607,5.651,5.685,5.745,5.786,5.819,5.871,5.917,5.949,5.981,6.021,6.06,6.097,6.136,6.186,6.226,6.268,6.31,6.354,6.395,6.443,6.492,6.53,6.572,6.63,6.692,6.747,6.797,6.844,6.889,6.943,7.003,7.063,7.133,7.184,7.242,7.295,7.344,7.409,7.479,7.558,7.643,7.748,7.854,7.977,8.104,8.225,8.391,8.556,8.864,9.353,10.32
1114,OTH FP,0.499,1.79,2.374,2.649,2.9,3.051,3.206,3.327,3.451,3.547,3.651,3.744,3.824,3.906,3.965,4.029,4.086,4.138,4.2,4.27,4.322,4.401,4.449,4.496,4.555,4.6,4.653,4.711,4.757,4.8,4.852,4.895,4.926,4.97,5.007,5.038,5.078,5.116,5.165,5.208,5.243,5.29,5.324,5.379,5.412,5.45,5.498,5.543,5.578,5.631,5.686,5.723,5.76,5.803,5.846,5.879,5.912,5.955,5.998,6.029,6.064,6.119,6.15,6.18,6.22,6.26,6.306,6.344,6.397,6.431,6.485,6.53,6.594,6.653,6.711,6.749,6.804,6.846,6.896,6.933,6.992,7.04,7.107,7.171,7.229,7.31,7.373,7.433,7.493,7.575,7.67,7.766,7.854,7.975,8.068,8.191,8.378,8.602,8.842,9.423,10.374
1115,OTH FP,0.499,1.79,2.374,2.649,2.9,3.051,3.206,3.327,3.451,3.547,3.651,3.744,3.824,3.906,3.965,4.029,4.086,4.138,4.2,4.27,4.322,4.401,4.449,4.496,4.555,4.6,4.653,4.711,4.757,4.8,4.852,4.895,4.926,4.97,5.007,5.038,5.078,5.116,5.165,5.208,5.243,5.29,5.324,5.379,5.412,5.45,5.498,5.543,5.578,5.631,5.686,5.723,5.76,5.803,5.846,5.879,5.912,5.955,5.998,6.029,6.064,6.119,6.15,6.18,6.22,6.26,6.306,6.344,6.397,6.431,6.485,6.53,6.594,6.653,6.711,6.749,6.804,6.846,6.896,6.933,6.992,7.04,7.107,7.171,7.229,7.31,7.373,7.433,7.493,7.575,7.67,7.766,7.854,7.975,8.068,8.191,8.378,8.602,8.842,9.423,10.374
1116,OTH FP,0.567,1.991,2.407,2.627,2.902,3.113,3.257,3.362,3.506,3.578,3.666,3.743,3.811,3.88,3.963,4.024,4.092,4.159,4.218,4.273,4.336,4.389,4.448,4.512,4.568,4.62,4.668,4.709,4.767,4.799,4.845,4.882,4.913,4.971,5.016,5.063,5.101,5.134,5.174,5.218,5.256,5.298,5.33,5.378,5.419,5.458,5.496,5.537,5.577,5.621,5.66,5.706,5.743,5.791,5.835,5.878,5.921,5.965,6.0,6.035,6.069,6.127,6.163,6.214,6.253,6.285,6.325,6.368,6.408,6.448,6.482,6.532,6.579,6.63,6.681,6.736,6.792,6.836,6.872,6.926,6.997,7.064,7.119,7.182,7.23,7.298,7.354,7.426,7.488,7.566,7.629,7.75,7.872,7.959,8.091,8.211,8.367,8.599,8.937,9.35,10.505
1117,OTH FP,0.567,1.991,2.407,2.627,2.902,3.113,3.257,3.362,3.506,3.578,3.666,3.743,3.811,3.88,3.963,4.024,4.092,4.159,4.218,4.273,4.336,4.389,4.448,4.512,4.568,4.62,4.668,4.709,4.767,4.799,4.845,4.882,4.913,4.971,5.016,5.063,5.101,5.134,5.174,5.218,5.256,5.298,5.33,5.378,5.419,5.458,5.496,5.537,5.577,5.621,5.66,5.706,5.743,5.791,5.835,5.878,5.921,5.965,6.0,6.035,6.069,6.127,6.163,6.214,6.253,6.285,6.325,6.368,6.408,6.448,6.482,6.532,6.579,6.63,6.681,6.736,6.792,6.836,6.872,6.926,6.997,7.064,7.119,7.182,7.23,7.298,7.354,7.426,7.488,7.566,7.629,7.75,7.872,7.959,8.091,8.211,8.367,8.599,8.937,9.35,10.505
1118,OTH FP,0.528,2.05,2.445,2.727,2.921,3.061,3.235,3.366,3.492,3.604,3.684,3.778,3.861,3.94,4.001,4.067,4.136,4.192,4.245,4.298,4.349,4.408,4.472,4.517,4.554,4.602,4.654,4.709,4.758,4.794,4.841,4.878,4.932,4.983,5.027,5.069,5.117,5.155,5.207,5.246,5.289,5.333,5.384,5.413,5.45,5.492,5.522,5.562,5.602,5.647,5.682,5.718,5.749,5.792,5.824,5.872,5.909,5.947,5.98,6.013,6.06,6.112,6.158,6.205,6.26,6.293,6.348,6.389,6.425,6.472,6.523,6.56,6.616,6.658,6.707,6.758,6.798,6.844,6.897,6.949,7.008,7.057,7.105,7.162,7.217,7.276,7.349,7.427,7.493,7.546,7.636,7.738,7.841,7.943,8.055,8.209,8.356,8.565,8.809,9.321,10.348
1119,OTH FP,0.528,2.05,2.445,2.727,2.921,3.061,3.235,3.366,3.492,3.604,3.684,3.778,3.861,3.94,4.001,4.067,4.136,4.192,4.245,4.298,4.349,4.408,4.472,4.517,4.554,4.602,4.654,4.709,4.758,4.794,4.841,4.878,4.932,4.983,5.027,5.069,5.117,5.155,5.207,5.246,5.289,5.333,5.384,5.413,5.45,5.492,5.522,5.562,5.602,5.647,5.682,5.718,5.749,5.792,5.824,5.872,5.909,5.947,5.98,6.013,6.06,6.112,6.158,6.205,6.26,6.293,6.348,6.389,6.425,6.472,6.523,6.56,6.616,6.658,6.707,6.758,6.798,6.844,6.897,6.949,7.008,7.057,7.105,7.162,7.217,7.276,7.349,7.427,7.493,7.546,7.636,7.738,7.841,7.943,8.055,8.209,8.356,8.565,8.809,9.321,10.348
1120,OTH FP,0.494,1.99,2.39,2.741,2.884,3.067,3.213,3.356,3.469,3.584,3.676,3.752,3.842,3.917,3.995,4.091,4.158,4.216,4.27,4.32,4.376,4.433,4.478,4.532,4.595,4.653,4.703,4.743,4.791,4.837,4.874,4.915,4.956,5.007,5.045,5.093,5.133,5.17,5.205,5.245,5.285,5.327,5.367,5.415,5.462,5.499,5.54,5.573,5.615,5.644,5.687,5.725,5.756,5.782,5.825,5.867,5.911,5.953,5.993,6.038,6.081,6.121,6.161,6.197,6.239,6.284,6.33,6.381,6.42,6.453,6.49,6.543,6.598,6.641,6.686,6.741,6.788,6.842,6.909,6.964,7.012,7.053,7.111,7.168,7.246,7.304,7.368,7.436,7.48,7.556,7.616,7.71,7.826,7.942,8.084,8.238,8.358,8.587,8.855,9.276,10.522
1121,OTH FP,0.494,1.99,2.39,2.741,2.884,3.067,3.213,3.356,3.469,3.584,3.676,3.752,3.842,3.917,3.995,4.091,4.158,4.216,4.27,4.32,4.376,4.433,4.478,4.532,4.595,4.653,4.703,4.743,4.791,4.837,4.874,4.915,4.956,5.007,5.045,5.093,5.133,5.17,5.205,5.245,5.285,5.327,5.367,5.415,5.462,5.499,5.54,5.573,5.615,5.644,5.687,5.725,5.756,5.782,5.825,5.867,5.911,5.953,5.993,6.038,6.081,6.121,6.161,6.197,6.239,6.284,6.33,6.381,6.42,6.453,6.49,6.543,6.598,6.641,6.686,6.741,6.788,6.842,6.909,6.964,7.012,7.053,7.111,7.168,7.246,7.304,7.368,7.436,7.48,7.556,7.616,7.71,7.826,7.942,8.084,8.238,8.358,8.587,8.855,9.276,10.522
1122,OTH FP,0.57,1.914,2.49,2.734,2.96,3.106,3.277,3.37,3.519,3.608,3.726,3.804,3.868,3.927,4.016,4.081,4.155,4.232,4.278,4.329,4.386,4.453,4.527,4.576,4.621,4.675,4.717,4.772,4.822,4.877,4.916,4.951,4.99,5.02,5.055,5.093,5.124,5.162,5.209,5.241,5.277,5.317,5.356,5.393,5.426,5.472,5.511,5.55,5.586,5.625,5.66,5.692,5.737,5.78,5.814,5.853,5.897,5.94,5.985,6.025,6.074,6.117,6.15,6.204,6.243,6.293,6.324,6.371,6.409,6.455,6.496,6.542,6.592,6.632,6.68,6.72,6.762,6.81,6.849,6.917,6.985,7.046,7.104,7.156,7.234,7.298,7.381,7.444,7.513,7.599,7.663,7.735,7.841,7.953,8.046,8.199,8.345,8.525,8.779,9.292,10.507
1123,OTH FP,0.57,1.914,2.49,2.734,2.96,3.106,3.277,3.37,3.519,3.608,3.726,3.804,3.868,3.927,4.016,4.081,4.155,4.232,4.278,4.329,4.386,4.453,4.527,4.576,4.621,4.675,4.717,4.772,4.822,4.877,4.916,4.951,4.99,5.02,5.055,5.093,5.124,5.162,5.209,5.241,5.277,5.317,5.356,5.393,5.426,5.472,5.511,5.55,5.586,5.625,5.66,5.692,5.737,5.78,5.814,5.853,5.897,5.94,5.985,6.025,6.074,6.117,6.15,6.204,6.243,6.293,6.324,6.371,6.409,6.455,6.496,6.542,6.592,6.632,6.68,6.72,6.762,6.81,6.849,6.917,6.985,7.046,7.104,7.156,7.234,7.298,7.381,7.444,7.513,7.599,7.663,7.735,7.841,7.953,8.046,8.199,8.345,8.525,8.779,9.292,10.507
1124,OTH FP,0.673,1.983,2.486,2.847,3.021,3.201,3.315,3.427,3.532,3.628,3.721,3.831,3.921,3.989,4.061,4.128,4.195,4.28,4.33,4.385,4.445,4.498,4.54,4.591,4.627,4.674,4.713,4.758,4.81,4.866,4.909,4.941,4.986,5.019,5.044,5.095,5.136,5.176,5.214,5.256,5.291,5.337,5.369,5.417,5.46,5.485,5.533,5.563,5.598,5.641,5.668,5.708,5.738,5.773,5.815,5.844,5.883,5.931,5.974,6.011,6.06,6.101,6.148,6.182,6.222,6.261,6.305,6.348,6.391,6.437,6.495,6.542,6.58,6.627,6.681,6.727,6.788,6.825,6.885,6.941,6.987,7.045,7.095,7.167,7.23,7.295,7.336,7.434,7.502,7.583,7.67,7.765,7.864,7.947,8.051,8.163,8.355,8.508,8.788,9.327,10.348
1125,OTH FP,0.673,1.983,2.486,2.847,3.021,3.201,3.315,3.427,3.532,3.628,3.721,3.831,3.921,3.989,4.061,4.128,4.195,4.28,4.33,4.385,4.445,4.498,4.54,4.591,4.627,4.674,4.713,4.758,4.81,4.866,4.909,4.941,4.986,5.019,5.044,5.095,5.136,5.176,5.214,5.256,5.291,5.337,5.369,5.417,5.46,5.485,5.533,5.563,5.598,5.641,5.668,5.708,5.738,5.773,5.815,5.844,5.883,5.931,5.974,6.011,6.06,6.101,6.148,6.182,6.222,6.261,6.305,6.348,6.391,6.437,6.495,6.542,6.58,6.627,6.681,6.727,6.788,6.825,6.885,6.941,6.987,7.045,7.095,7.167,7.23,7.295,7.336,7.434,7.502,7.583,7.67,7.765,7.864,7.947,8.051,8.163,8.355,8.508,8.788,9.327,10.348
1126,OTH FP,0.726,1.992,2.542,2.802,3.004,3.188,3.341,3.472,3.566,3.678,3.752,3.847,3.951,4.017,4.093,4.162,4.209,4.264,4.326,4.369,4.423,4.466,4.513,4.562,4.618,4.676,4.736,4.782,4.821,4.861,4.89,4.921,4.957,5.004,5.045,5.086,5.124,5.172,5.215,5.256,5.3,5.339,5.371,5.415,5.45,5.495,5.547,5.588,5.626,5.667,5.71,5.749,5.785,5.82,5.852,5.887,5.916,5.953,5.986,6.019,6.053,6.093,6.124,6.175,6.222,6.257,6.283,6.326,6.373,6.415,6.449,6.511,6.55,6.599,6.65,6.707,6.759,6.81,6.856,6.901,6.985,7.036,7.102,7.154,7.225,7.293,7.35,7.416,7.514,7.57,7.635,7.732,7.82,7.941,8.061,8.238,8.343,8.555,8.848,9.304,10.176
1127,OTH FP,0.726,1.992,2.542,2.802,3.004,3.188,3.341,3.472,3.566,3.678,3.752,3.847,3.951,4.017,4.093,4.162,4.209,4.264,4.326,4.369,4.423,4.466,4.513,4.562,4.618,4.676,4.736,4.782,4.821,4.861,4.89,4.921,4.957,5.004,5.045,5.086,5.124,5.172,5.215,5.256,5.3,5.339,5.371,5.415,5.45,5.495,5.547,5.588,5.626,5.667,5.71,5.749,5.785,5.82,5.852,5.887,5.916,5.953,5.986,6.019,6.053,6.093,6.124,6.175,6.222,6.257,6.283,6.326,6.373,6.415,6.449,6.511,6.55,6.599,6.65,6.707,6.759,6.81,6.856,6.901,6.985,7.036,7.102,7.154,7.225,7.293,7.35,7.416,7.514,7.57,7.635,7.732,7.82,7.941,8.061,8.238,8.343,8.555,8.848,9.304,10.176
1128,OTH FP,0.715,2.125,2.621,2.874,3.062,3.193,3.308,3.44,3.569,3.693,3.778,3.856,3.935,4.021,4.084,4.149,4.211,4.284,4.33,4.383,4.437,4.48,4.536,4.585,4.633,4.693,4.75,4.791,4.831,4.868,4.904,4.967,5.016,5.055,5.094,5.119,5.161,5.214,5.249,5.291,5.337,5.369,5.402,5.441,5.478,5.512,5.544,5.581,5.616,5.652,5.685,5.727,5.766,5.809,5.836,5.876,5.915,5.95,5.992,6.03,6.068,6.099,6.14,6.176,6.221,6.261,6.297,6.332,6.377,6.421,6.463,6.506,6.56,6.615,6.66,6.719,6.756,6.803,6.852,6.914,6.965,7.021,7.074,7.135,7.188,7.236,7.289,7.366,7.437,7.5,7.605,7.706,7.826,7.939,8.067,8.204,8.368,8.554,8.808,9.13,10.136
1129,OTH FP,0.715,2.125,2.621,2.874,3.062,3.193,3.308,3.44,3.569,3.693,3.778,3.856,3.935,4.021,4.084,4.149,4.211,4.284,4.33,4.383,4.437,4.48,4.536,4.585,4.633,4.693,4.75,4.791,4.831,4.868,4.904,4.967,5.016,5.055,5.094,5.119,5.161,5.214,5.249,5.291,5.337,5.369,5.402,5.441,5.478,5.512,5.544,5.581,5.616,5.652,5.685,5.727,5.766,5.809,5.836,5.876,5.915,5.95,5.992,6.03,6.068,6.099,6.14,6.176,6.221,6.261,6.297,6.332,6.377,6.421,6.463,6.506,6.56,6.615,6.66,6.719,6.756,6.803,6.852,6.914,6.965,7.021,7.074,7.135,7.188,7.236,7.289,7.366,7.437,7.5,7.605,7.706,7.826,7.939,8.067,8.204,8.368,8.554,8.808,9.13,10.136
1130,OTH FP,0.778,2.106,2.606,2.875,3.104,3.243,3.42,3.52,3.604,3.717,3.805,3.902,3.962,4.037,4.099,4.162,4.244,4.304,4.37,4.423,4.491,4.534,4.59,4.635,4.68,4.73,4.778,4.819,4.856,4.893,4.939,4.983,5.018,5.06,5.097,5.135,5.183,5.217,5.261,5.299,5.352,5.392,5.422,5.456,5.486,5.52,5.548,5.589,5.63,5.662,5.696,5.723,5.763,5.802,5.845,5.874,5.914,5.976,6.011,6.049,6.087,6.119,6.157,6.192,6.234,6.274,6.317,6.347,6.396,6.438,6.49,6.518,6.56,6.607,6.655,6.706,6.747,6.805,6.862,6.905,6.958,7.008,7.066,7.112,7.186,7.239,7.303,7.38,7.449,7.524,7.605,7.703,7.804,7.909,8.043,8.198,8.353,8.565,8.802,9.22,10.372
1131,OTH FP,0.778,2.106,2.606,2.875,3.104,3.243,3.42,3.52,3.604,3.717,3.805,3.902,3.962,4.037,4.099,4.162,4.244,4.304,4.37,4.423,4.491,4.534,4.59,4.635,4.68,4.73,4.778,4.819,4.856,4.893,4.939,4.983,5.018,5.06,5.097,5.135,5.183,5.217,5.261,5.299,5.352,5.392,5.422,5.456,5.486,5.52,5.548,5.589,5.63,5.662,5.696,5.723,5.763,5.802,5.845,5.874,5.914,5.976,6.011,6.049,6.087,6.119,6.157,6.192,6.234,6.274,6.317,6.347,6.396,6.438,6.49,6.518,6.56,6.607,6.655,6.706,6.747,6.805,6.862,6.905,6.958,7.008,7.066,7.112,7.186,7.239,7.303,7.38,7.449,7.524,7.605,7.703,7.804,7.909,8.043,8.198,8.353,8.565,8.802,9.22,10.372
1132,OTH FP,0.999,2.177,2.649,2.874,3.149,3.286,3.429,3.541,3.653,3.737,3.808,3.876,3.963,4.053,4.111,4.199,4.27,4.341,4.389,4.459,4.508,4.55,4.605,4.66,4.705,4.747,4.779,4.831,4.867,4.912,4.949,4.992,5.029,5.075,5.111,5.157,5.199,5.243,5.276,5.316,5.352,5.383,5.412,5.444,5.485,5.522,5.56,5.605,5.639,5.67,5.714,5.749,5.782,5.81,5.851,5.879,5.905,5.945,5.981,6.023,6.065,6.113,6.147,6.188,6.216,6.257,6.291,6.335,6.372,6.428,6.47,6.512,6.554,6.605,6.643,6.691,6.747,6.803,6.852,6.905,6.947,6.99,7.042,7.104,7.156,7.225,7.29,7.348,7.424,7.508,7.582,7.673,7.802,7.889,8.039,8.155,8.307,8.477,8.731,9.192,10.391
1133,OTH FP,0.999,2.177,2.649,2.874,3.149,3.286,3.429,3.541,3.653,3.737,3.808,3.876,3.963,4.053,4.111,4.199,4.27,4.341,4.389,4.459,4.508,4.55,4.605,4.66,4.705,4.747,4.779,4.831,4.867,4.912,4.949,4.992,5.029,5.075,5.111,5.157,5.199,5.243,5.276,5.316,5.352,5.383,5.412,5.444,5.485,5.522,5.56,5.605,5.639,5.67,5.714,5.749,5.782,5.81,5.851,5.879,5.905,5.945,5.981,6.023,6.065,6.113,6.147,6.188,6.216,6.257,6.291,6.335,6.372,6.428,6.47,6.512,6.554,6.605,6.643,6.691,6.747,6.803,6.852,6.905,6.947,6.99,7.042,7.104,7.156,7.225,7.29,7.348,7.424,7.508,7.582,7.673,7.802,7.889,8.039,8.155,8.307,8.477,8.731,9.192,10.391
1134,OTH FP,0.894,2.326,2.716,3.003,3.148,3.386,3.509,3.609,3.719,3.797,3.87,3.97,4.04,4.117,4.165,4.227,4.302,4.352,4.408,4.467,4.517,4.569,4.635,4.686,4.721,4.772,4.805,4.859,4.907,4.941,4.992,5.024,5.071,5.103,5.145,5.181,5.214,5.252,5.289,5.339,5.376,5.408,5.443,5.464,5.502,5.537,5.56,5.588,5.617,5.656,5.693,5.726,5.758,5.8,5.828,5.859,5.901,5.946,5.991,6.026,6.07,6.104,6.142,6.181,6.221,6.263,6.306,6.36,6.391,6.436,6.479,6.523,6.564,6.613,6.655,6.703,6.751,6.801,6.851,6.892,6.942,6.988,7.041,7.097,7.149,7.217,7.288,7.379,7.473,7.547,7.624,7.719,7.804,7.885,8.003,8.143,8.281,8.489,8.791,9.164,10.262
1135,OTH FP,0.894,2.326,2.716,3.003,3.148,3.386,3.509,3.609,3.719,3.797,3.87,3.97,4.04,4.117,4.165,4.227,4.302,4.352,4.408,4.467,4.517,4.569,4.635,4.686,4.721,4.772,4.805,4.859,4.907,4.941,4.992,5.024,5.071,5.103,5.145,5.181,5.214,5.252,5.289,5.339,5.376,5.408,5.443,5.464,5.502,5.537,5.56,5.588,5.617,5.656,5.693,5.726,5.758,5.8,5.828,5.859,5.901,5.946,5.991,6.026,6.07,6.104,6.142,6.181,6.221,6.263,6.306,6.36,6.391,6.436,6.479,6.523,6.564,6.613,6.655,6.703,6.751,6.801,6.851,6.892,6.942,6.988,7.041,7.097,7.149,7.217,7.288,7.379,7.473,7.547,7.624,7.719,7.804,7.885,8.003,8.143,8.281,8.489,8.791,9.164,10.262
1136,OTH FP,0.928,2.402,2.758,3.043,3.233,3.378,3.527,3.633,3.706,3.795,3.89,3.977,4.054,4.121,4.197,4.262,4.308,4.367,4.412,4.481,4.53,4.565,4.623,4.684,4.729,4.775,4.83,4.87,4.909,4.945,4.994,5.031,5.068,5.11,5.146,5.176,5.219,5.247,5.283,5.321,5.359,5.393,5.418,5.449,5.485,5.513,5.553,5.594,5.633,5.672,5.7,5.732,5.765,5.798,5.828,5.86,5.9,5.946,5.983,6.021,6.053,6.092,6.127,6.167,6.207,6.255,6.296,6.338,6.384,6.42,6.462,6.502,6.561,6.605,6.649,6.705,6.738,6.784,6.842,6.901,6.947,6.999,7.057,7.108,7.169,7.219,7.29,7.341,7.434,7.512,7.6,7.668,7.748,7.852,7.958,8.069,8.231,8.414,8.729,9.103,10.243
1137,OTH FP,0.928,2.402,2.758,3.043,3.233,3.378,3.527,3.633,3.706,3.795,3.89,3.977,4.054,4.121,4.197,4.262,4.308,4.367,4.412,4.481,4.53,4.565,4.623,4.684,4.729,4.775,4.83,4.87,4.909,4.945,4.994,5.031,5.068,5.11,5.146,5.176,5.219,5.247,5.283,5.321,5.359,5.393,5.418,5.449,5.485,5.513,5.553,5.594,5.633,5.672,5.7,5.732,5.765,5.798,5.828,5.86,5.9,5.946,5.983,6.021,6.053,6.092,6.127,6.167,6.207,6.255,6.296,6.338,6.384,6.42,6.462,6.502,6.561,6.605,6.649,6.705,6.738,6.784,6.842,6.901,6.947,6.999,7.057,7.108,7.169,7.219,7.29,7.341,7.434,7.512,7.6,7.668,7.748,7.852,7.958,8.069,8.231,8.414,8.729,9.103,10.243
1138,OTH FP,0.869,2.394,2.853,3.031,3.272,3.469,3.616,3.704,3.797,3.904,3.959,4.03,4.085,4.143,4.211,4.286,4.341,4.41,4.457,4.505,4.557,4.605,4.663,4.707,4.747,4.793,4.846,4.884,4.926,4.974,5.006,5.052,5.094,5.131,5.173,5.21,5.244,5.281,5.307,5.345,5.384,5.417,5.45,5.484,5.514,5.557,5.583,5.611,5.647,5.689,5.727,5.762,5.79,5.823,5.855,5.888,5.923,5.963,5.99,6.035,6.071,6.108,6.148,6.192,6.234,6.269,6.297,6.348,6.387,6.435,6.481,6.52,6.564,6.6,6.638,6.675,6.723,6.777,6.83,6.882,6.935,6.977,7.04,7.086,7.13,7.182,7.26,7.34,7.401,7.493,7.575,7.669,7.742,7.833,7.958,8.053,8.228,8.426,8.647,9.007,9.997
1139,OTH FP,0.869,2.394,2.853,3.031,3.272,3.469,3.616,3.704,3.797,3.904,3.959,4.03,4.085,4.143,4.211,4.286,4.341,4.41,4.457,4.505,4.557,4.605,4.663,4.707,4.747,4.793,4.846,4.884,4.926,4.974,5.006,5.052,5.094,5.131,5.173,5.21,5.244,5.281,5.307,5.345,5.384,5.417,5.45,5.484,5.514,5.557,5.583,5.611,5.647,5.689,5.727,5.762,5.79,5.823,5.855,5.888,5.923,5.963,5.99,6.035,6.071,6.108,6.148,6.192,6.234,6.269,6.297,6.348,6.387,6.435,6.481,6.52,6.564,6.6,6.638,6.675,6.723,6.777,6.83,6.882,6.935,6.977,7.04,7.086,7.13,7.182,7.26,7.34,7.401,7.493,7.575,7.669,7.742,7.833,7.958,8.053,8.228,8.426,8.647,9.007,9.997
1140,OTH FP,1.182,2.43,2.937,3.18,3.366,3.49,3.597,3.731,3.857,3.938,4.013,4.085,4.145,4.21,4.26,4.308,4.371,4.425,4.474,4.53,4.571,4.616,4.656,4.707,4.744,4.804,4.862,4.916,4.956,4.997,5.052,5.09,5.138,5.168,5.193,5.225,5.262,5.303,5.338,5.377,5.415,5.435,5.468,5.5,5.537,5.567,5.605,5.636,5.679,5.713,5.739,5.766,5.794,5.82,5.852,5.883,5.92,5.959,5.994,6.031,6.069,6.104,6.135,6.163,6.196,6.24,6.281,6.325,6.373,6.418,6.461,6.503,6.54,6.588,6.642,6.685,6.731,6.775,6.818,6.864,6.924,6.967,7.016,7.075,7.135,7.193,7.244,7.305,7.37,7.452,7.528,7.623,7.7,7.801,7.914,8.064,8.211,8.409,8.578,8.957,10.055
1141,OTH FP,1.182,2.43,2.937,3.18,3.366,3.49,3.597,3.731,3.857,3.938,4.013,4.085,4.145,4.21,4.26,4.308,4.371,4.425,4.474,4.53,4.571,4.616,4.656,4.707,4.744,4.804,4.862,4.916,4.956,4.997,5.052,5.09,5.138,5.168,5.193,5.225,5.262,5.303,5.338,5.377,5.415,5.435,5.468,5.5,5.537,5.567,5.605,5.636,5.679,5.713,5.739,5.766,5.794,5.82,5.852,5.883,5.92,5.959,5.994,6.031,6.069,6.104,6.135,6.163,6.196,6.24,6.281,6.325,6.373,6.418,6.461,6.503,6.54,6.588,6.642,6.685,6.731,6.775,6.818,6.864,6.924,6.967,7.016,7.075,7.135,7.193,7.244,7.305,7.37,7.452,7.528,7.623,7.7,7.801,7.914,8.064,8.211,8.409,8.578,8.957,10.055
1142,OTH FP,1.126,2.405,2.91,3.166,3.317,3.473,3.603,3.72,3.806,3.887,3.969,4.035,4.091,4.149,4.22,4.288,4.351,4.4,4.468,4.525,4.59,4.631,4.686,4.749,4.793,4.829,4.88,4.927,4.966,5.014,5.048,5.086,5.116,5.156,5.195,5.236,5.272,5.305,5.343,5.38,5.419,5.455,5.486,5.517,5.548,5.574,5.614,5.651,5.69,5.727,5.758,5.788,5.825,5.857,5.898,5.928,5.958,5.996,6.028,6.063,6.102,6.135,6.164,6.208,6.243,6.295,6.333,6.368,6.399,6.441,6.489,6.531,6.57,6.616,6.661,6.718,6.763,6.808,6.86,6.914,6.971,7.017,7.08,7.124,7.162,7.213,7.273,7.339,7.401,7.483,7.559,7.644,7.746,7.841,7.96,8.077,8.238,8.413,8.7,9.082,10.202
1143,OTH FP,1.126,2.405,2.91,3.166,3.317,3.473,3.603,3.72,3.806,3.887,3.969,4.035,4.091,4.149,4.22,4.288,4.351,4.4,4.468,4.525,4.59,4.631,4.686,4.749,4.793,4.829,4.88,4.927,4.966,5.014,5.048,5.086,5.116,5.156,5.195,5.236,5.272,5.305,5.343,5.38,5.419,5.455,5.486,5.517,5.548,5.574,5.614,5.651,5.69,5.727,5.758,5.788,5.825,5.857,5.898,5.928,5.958,5.996,6.028,6.063,6.102,6.135,6.164,6.208,6.243,6.295,6.333,6.368,6.399,6.441,6.489,6.531,6.57,6.616,6.661,6.718,6.763,6.808,6.86,6.914,6.971,7.017,7.08,7.124,7.162,7.213,7.273,7.339,7.401,7.483,7.559,7.644,7.746,7.841,7.96,8.077,8.238,8.413,8.7,9.082,10.202
1144,OTH FP,0.934,2.414,2.867,3.147,3.359,3.479,3.586,3.688,3.779,3.871,3.972,4.049,4.104,4.174,4.251,4.317,4.37,4.424,4.47,4.541,4.609,4.67,4.715,4.759,4.808,4.858,4.905,4.947,4.987,5.03,5.073,5.12,5.16,5.192,5.228,5.28,5.315,5.352,5.393,5.435,5.464,5.498,5.528,5.562,5.59,5.622,5.647,5.681,5.712,5.742,5.773,5.806,5.846,5.89,5.927,5.96,5.996,6.036,6.079,6.111,6.148,6.19,6.229,6.262,6.306,6.343,6.383,6.413,6.45,6.483,6.516,6.546,6.601,6.639,6.691,6.751,6.792,6.833,6.879,6.952,7.007,7.048,7.095,7.152,7.212,7.273,7.325,7.398,7.468,7.554,7.629,7.683,7.797,7.91,8.019,8.139,8.302,8.453,8.771,9.232,10.151
1145,OTH FP,0.934,2.414,2.867,3.147,3.359,3.479,3.586,3.688,3.779,3.871,3.972,4.049,4.104,4.174,4.251,4.317,4.37,4.424,4.47,4.541,4.609,4.67,4.715,4.759,4.808,4.858,4.905,4.947,4.987,5.03,5.073,5.12,5.16,5.192,5.228,5.28,5.315,5.352,5.393,5.435,5.464,5.498,5.528,5.562,5.59,5.622,5.647,5.681,5.712,5.742,5.773,5.806,5.846,5.89,5.927,5.96,5.996,6.036,6.079,6.111,6.148,6.19,6.229,6.262,6.306,6.343,6.383,6.413,6.45,6.483,6.516,6.546,6.601,6.639,6.691,6.751,6.792,6.833,6.879,6.952,7.007,7.048,7.095,7.152,7.212,7.273,7.325,7.398,7.468,7.554,7.629,7.683,7.797,7.91,8.019,8.139,8.302,8.453,8.771,9.232,10.151
1146,OTH FP,0.74,2.252,2.901,3.108,3.338,3.473,3.583,3.701,3.785,3.862,3.951,4.031,4.108,4.185,4.27,4.336,4.391,4.455,4.503,4.546,4.603,4.65,4.734,4.784,4.838,4.875,4.92,4.963,5.002,5.059,5.104,5.134,5.166,5.206,5.254,5.294,5.333,5.373,5.412,5.446,5.493,5.525,5.558,5.593,5.626,5.66,5.682,5.721,5.751,5.787,5.829,5.872,5.908,5.935,5.974,6.003,6.039,6.079,6.118,6.143,6.184,6.212,6.252,6.288,6.327,6.365,6.395,6.44,6.477,6.52,6.559,6.613,6.663,6.704,6.743,6.79,6.829,6.876,6.91,6.973,7.019,7.074,7.123,7.185,7.242,7.316,7.381,7.452,7.527,7.585,7.668,7.74,7.826,7.944,8.079,8.216,8.368,8.534,8.838,9.295,10.333
1147,OTH FP,0.74,2.252,2.901,3.108,3.338,3.473,3.583,3.701,3.785,3.862,3.951,4.031,4.108,4.185,4.27,4.336,4.391,4.455,4.503,4.546,4.603,4.65,4.734,4.784,4.838,4.875,4.92,4.963,5.002,5.059,5.104,5.134,5.166,5.206,5.254,5.294,5.333,5.373,5.412,5.446,5.493,5.525,5.558,5.593,5.626,5.66,5.682,5.721,5.751,5.787,5.829,5.872,5.908,5.935,5.974,6.003,6.039,6.079,6.118,6.143,6.184,6.212,6.252,6.288,6.327,6.365,6.395,6.44,6.477,6.52,6.559,6.613,6.663,6.704,6.743,6.79,6.829,6.876,6.91,6.973,7.019,7.074,7.123,7.185,7.242,7.316,7.381,7.452,7.527,7.585,7.668,7.74,7.826,7.944,8.079,8.216,8.368,8.534,8.838,9.295,10.333
1148,OTH FP,0.911,2.322,2.819,3.122,3.313,3.44,3.567,3.68,3.766,3.858,3.923,4.004,4.085,4.158,4.226,4.297,4.352,4.416,4.469,4.535,4.585,4.647,4.71,4.753,4.81,4.865,4.905,4.958,5.003,5.051,5.091,5.136,5.178,5.215,5.272,5.322,5.365,5.405,5.435,5.475,5.512,5.555,5.585,5.617,5.653,5.689,5.725,5.754,5.784,5.811,5.849,5.885,5.924,5.965,5.998,6.028,6.057,6.086,6.119,6.15,6.191,6.232,6.268,6.315,6.361,6.407,6.451,6.492,6.527,6.571,6.616,6.658,6.709,6.737,6.769,6.809,6.852,6.903,6.955,7.009,7.051,7.114,7.162,7.233,7.3,7.362,7.42,7.478,7.554,7.624,7.697,7.851,7.949,8.059,8.177,8.297,8.501,8.719,8.958,9.382,10.24
1149,OTH FP,0.911,2.322,2.819,3.122,3.313,3.44,3.567,3.68,3.766,3.858,3.923,4.004,4.085,4.158,4.226,4.297,4.352,4.416,4.469,4.535,4.585,4.647,4.71,4.753,4.81,4.865,4.905,4.958,5.003,5.051,5.091,5.136,5.178,5.215,5.272,5.322,5.365,5.405,5.435,5.475,5.512,5.555,5.585,5.617,5.653,5.689,5.725,5.754,5.784,5.811,5.849,5.885,5.924,5.965,5.998,6.028,6.057,6.086,6.119,6.15,6.191,6.232,6.268,6.315,6.361,6.407,6.451,6.492,6.527,6.571,6.616,6.658,6.709,6.737,6.769,6.809,6.852,6.903,6.955,7.009,7.051,7.114,7.162,7.233,7.3,7.362,7.42,7.478,7.554,7.624,7.697,7.851,7.949,8.059,8.177,8.297,8.501,8.719,8.958,9.382,10.24
1150,OTH FP,0.922,2.256,2.874,3.104,3.244,3.414,3.53,3.62,3.713,3.78,3.88,3.995,4.084,4.163,4.238,4.304,4.382,4.444,4.509,4.553,4.606,4.659,4.711,4.759,4.811,4.855,4.898,4.961,5.0,5.054,5.114,5.158,5.2,5.243,5.289,5.329,5.369,5.405,5.447,5.473,5.512,5.552,5.599,5.636,5.671,5.697,5.732,5.77,5.807,5.844,5.868,5.9,5.934,5.966,6.006,6.051,6.084,6.118,6.154,6.194,6.23,6.267,6.296,6.34,6.386,6.428,6.467,6.504,6.554,6.602,6.648,6.684,6.742,6.783,6.817,6.883,6.921,6.969,7.005,7.06,7.104,7.149,7.2,7.265,7.345,7.423,7.496,7.568,7.632,7.718,7.811,7.9,7.98,8.069,8.208,8.337,8.537,8.742,9.058,9.578,10.413
1151,OTH FP,0.922,2.256,2.874,3.104,3.244,3.414,3.53,3.62,3.713,3.78,3.88,3.995,4.084,4.163,4.238,4.304,4.382,4.444,4.509,4.553,4.606,4.659,4.711,4.759,4.811,4.855,4.898,4.961,5.0,5.054,5.114,5.158,5.2,5.243,5.289,5.329,5.369,5.405,5.447,5.473,5.512,5.552,5.599,5.636,5.671,5.697,5.732,5.77,5.807,5.844,5.868,5.9,5.934,5.966,6.006,6.051,6.084,6.118,6.154,6.194,6.23,6.267,6.296,6.34,6.386,6.428,6.467,6.504,6.554,6.602,6.648,6.684,6.742,6.783,6.817,6.883,6.921,6.969,7.005,7.06,7.104,7.149,7.2,7.265,7.345,7.423,7.496,7.568,7.632,7.718,7.811,7.9,7.98,8.069,8.208,8.337,8.537,8.742,9.058,9.578,10.413
1152,OTH FP,0.857,2.217,2.71,3.042,3.257,3.435,3.564,3.666,3.762,3.857,3.951,4.032,4.12,4.185,4.249,4.306,4.377,4.451,4.511,4.565,4.618,4.682,4.733,4.784,4.832,4.893,4.934,4.988,5.044,5.093,5.14,5.182,5.223,5.273,5.314,5.356,5.396,5.428,5.468,5.504,5.537,5.58,5.613,5.645,5.695,5.726,5.767,5.797,5.828,5.868,5.899,5.93,5.972,6.01,6.059,6.085,6.116,6.146,6.188,6.224,6.256,6.292,6.333,6.374,6.425,6.464,6.508,6.554,6.584,6.628,6.663,6.708,6.758,6.806,6.865,6.914,6.962,7.01,7.052,7.098,7.157,7.218,7.279,7.323,7.377,7.434,7.51,7.577,7.657,7.725,7.815,7.902,7.993,8.092,8.222,8.374,8.571,8.842,9.106,9.542,10.556
1153,OTH FP,0.857,2.217,2.71,3.042,3.257,3.435,3.564,3.666,3.762,3.857,3.951,4.032,4.12,4.185,4.249,4.306,4.377,4.451,4.511,4.565,4.618,4.682,4.733,4.784,4.832,4.893,4.934,4.988,5.044,5.093,5.14,5.182,5.223,5.273,5.314,5.356,5.396,5.428,5.468,5.504,5.537,5.58,5.613,5.645,5.695,5.726,5.767,5.797,5.828,5.868,5.899,5.93,5.972,6.01,6.059,6.085,6.116,6.146,6.188,6.224,6.256,6.292,6.333,6.374,6.425,6.464,6.508,6.554,6.584,6.628,6.663,6.708,6.758,6.806,6.865,6.914,6.962,7.01,7.052,7.098,7.157,7.218,7.279,7.323,7.377,7.434,7.51,7.577,7.657,7.725,7.815,7.902,7.993,8.092,8.222,8.374,8.571,8.842,9.106,9.542,10.556
1154,OTH FP,0.867,2.149,2.666,2.97,3.201,3.394,3.538,3.64,3.738,3.82,3.946,4.017,4.115,4.189,4.276,4.339,4.394,4.466,4.532,4.586,4.642,4.692,4.753,4.811,4.853,4.908,4.951,4.995,5.038,5.08,5.124,5.174,5.219,5.269,5.315,5.358,5.403,5.445,5.482,5.515,5.556,5.598,5.635,5.666,5.702,5.732,5.762,5.797,5.832,5.871,5.908,5.94,5.985,6.032,6.069,6.097,6.139,6.18,6.22,6.249,6.277,6.317,6.358,6.396,6.42,6.46,6.494,6.537,6.582,6.63,6.671,6.714,6.752,6.805,6.871,6.927,6.973,7.027,7.072,7.127,7.18,7.238,7.283,7.336,7.407,7.468,7.546,7.617,7.679,7.757,7.834,7.948,8.063,8.193,8.306,8.481,8.648,8.861,9.112,9.627,10.58
1155,OTH FP,0.867,2.149,2.666,2.97,3.201,3.394,3.538,3.64,3.738,3.82,3.946,4.017,4.115,4.189,4.276,4.339,4.394,4.466,4.532,4.586,4.642,4.692,4.753,4.811,4.853,4.908,4.951,4.995,5.038,5.08,5.124,5.174,5.219,5.269,5.315,5.358,5.403,5.445,5.482,5.515,5.556,5.598,5.635,5.666,5.702,5.732,5.762,5.797,5.832,5.871,5.908,5.94,5.985,6.032,6.069,6.097,6.139,6.18,6.22,6.249,6.277,6.317,6.358,6.396,6.42,6.46,6.494,6.537,6.582,6.63,6.671,6.714,6.752,6.805,6.871,6.927,6.973,7.027,7.072,7.127,7.18,7.238,7.283,7.336,7.407,7.468,7.546,7.617,7.679,7.757,7.834,7.948,8.063,8.193,8.306,8.481,8.648,8.861,9.112,9.627,10.58
1156,OTH FP,0.497,2.192,2.638,2.974,3.162,3.312,3.455,3.621,3.717,3.813,3.938,4.011,4.112,4.183,4.243,4.311,4.388,4.442,4.501,4.56,4.629,4.681,4.736,4.782,4.833,4.888,4.937,4.992,5.044,5.099,5.144,5.177,5.226,5.258,5.3,5.345,5.396,5.451,5.502,5.533,5.572,5.625,5.658,5.699,5.731,5.777,5.816,5.852,5.887,5.925,5.955,5.998,6.032,6.053,6.082,6.114,6.156,6.202,6.23,6.262,6.309,6.352,6.381,6.425,6.456,6.496,6.536,6.578,6.617,6.663,6.702,6.746,6.797,6.831,6.874,6.916,6.985,7.035,7.089,7.137,7.2,7.272,7.338,7.398,7.45,7.522,7.588,7.665,7.744,7.822,7.908,8.008,8.117,8.222,8.361,8.51,8.691,8.852,9.141,9.538,10.733
1157,OTH FP,0.497,2.192,2.638,2.974,3.162,3.312,3.455,3.621,3.717,3.813,3.938,4.011,4.112,4.183,4.243,4.311,4.388,4.442,4.501,4.56,4.629,4.681,4.736,4.782,4.833,4.888,4.937,4.992,5.044,5.099,5.144,5.177,5.226,5.258,5.3,5.345,5.396,5.451,5.502,5.533,5.572,5.625,5.658,5.699,5.731,5.777,5.816,5.852,5.887,5.925,5.955,5.998,6.032,6.053,6.082,6.114,6.156,6.202,6.23,6.262,6.309,6.352,6.381,6.425,6.456,6.496,6.536,6.578,6.617,6.663,6.702,6.746,6.797,6.831,6.874,6.916,6.985,7.035,7.089,7.137,7.2,7.272,7.338,7.398,7.45,7.522,7.588,7.665,7.744,7.822,7.908,8.008,8.117,8.222,8.361,8.51,8.691,8.852,9.141,9.538,10.733
1158,OTH FP,0.939,2.146,2.704,2.922,3.153,3.296,3.454,3.576,3.749,3.847,3.934,4.033,4.099,4.166,4.241,4.29,4.372,4.443,4.533,4.581,4.637,4.685,4.738,4.798,4.845,4.89,4.938,4.992,5.033,5.075,5.137,5.207,5.261,5.3,5.343,5.382,5.417,5.454,5.487,5.538,5.581,5.632,5.665,5.695,5.74,5.775,5.817,5.862,5.912,5.943,5.974,6.006,6.038,6.064,6.106,6.135,6.172,6.208,6.255,6.283,6.325,6.365,6.412,6.465,6.508,6.545,6.593,6.628,6.665,6.701,6.745,6.79,6.831,6.891,6.943,6.996,7.034,7.083,7.13,7.183,7.257,7.315,7.368,7.424,7.492,7.576,7.662,7.744,7.798,7.88,7.961,8.061,8.156,8.262,8.386,8.542,8.727,8.971,9.285,9.78,10.965
1159,OTH FP,0.939,2.146,2.704,2.922,3.153,3.296,3.454,3.576,3.749,3.847,3.934,4.033,4.099,4.166,4.241,4.29,4.372,4.443,4.533,4.581,4.637,4.685,4.738,4.798,4.845,4.89,4.938,4.992,5.033,5.075,5.137,5.207,5.261,5.3,5.343,5.382,5.417,5.454,5.487,5.538,5.581,5.632,5.665,5.695,5.74,5.775,5.817,5.862,5.912,5.943,5.974,6.006,6.038,6.064,6.106,6.135,6.172,6.208,6.255,6.283,6.325,6.365,6.412,6.465,6.508,6.545,6.593,6.628,6.665,6.701,6.745,6.79,6.831,6.891,6.943,6.996,7.034,7.083,7.13,7.183,7.257,7.315,7.368,7.424,7.492,7.576,7.662,7.744,7.798,7.88,7.961,8.061,8.156,8.262,8.386,8.542,8.727,8.971,9.285,9.78,10.965
1160,OTH FP,0.89,2.11,2.634,2.964,3.148,3.347,3.483,3.633,3.74,3.853,3.942,4.044,4.131,4.202,4.273,4.351,4.398,4.454,4.513,4.577,4.632,4.672,4.721,4.769,4.829,4.883,4.936,4.982,5.03,5.082,5.121,5.169,5.206,5.245,5.305,5.364,5.402,5.436,5.479,5.525,5.582,5.625,5.666,5.697,5.737,5.772,5.825,5.871,5.912,5.965,6.004,6.036,6.07,6.114,6.141,6.175,6.207,6.245,6.276,6.314,6.359,6.398,6.43,6.467,6.516,6.565,6.601,6.65,6.684,6.726,6.779,6.841,6.877,6.933,6.983,7.028,7.087,7.146,7.201,7.261,7.315,7.379,7.446,7.499,7.557,7.629,7.672,7.746,7.82,7.936,8.042,8.154,8.262,8.347,8.497,8.64,8.792,9.056,9.328,9.829,10.964
1161,OTH FP,0.89,2.11,2.634,2.964,3.148,3.347,3.483,3.633,3.74,3.853,3.942,4.044,4.131,4.202,4.273,4.351,4.398,4.454,4.513,4.577,4.632,4.672,4.721,4.769,4.829,4.883,4.936,4.982,5.03,5.082,5.121,5.169,5.206,5.245,5.305,5.364,5.402,5.436,5.479,5.525,5.582,5.625,5.666,5.697,5.737,5.772,5.825,5.871,5.912,5.965,6.004,6.036,6.07,6.114,6.141,6.175,6.207,6.245,6.276,6.314,6.359,6.398,6.43,6.467,6.516,6.565,6.601,6.65,6.684,6.726,6.779,6.841,6.877,6.933,6.983,7.028,7.087,7.146,7.201,7.261,7.315,7.379,7.446,7.499,7.557,7.629,7.672,7.746,7.82,7.936,8.042,8.154,8.262,8.347,8.497,8.64,8.792,9.056,9.328,9.829,10.964
1162,OTH FP,0.835,2.111,2.55,2.891,3.094,3.321,3.471,3.572,3.707,3.783,3.917,4.027,4.106,4.191,4.256,4.323,4.394,4.454,4.521,4.57,4.633,4.68,4.728,4.782,4.839,4.882,4.951,5.004,5.058,5.107,5.166,5.211,5.257,5.298,5.339,5.37,5.42,5.468,5.501,5.559,5.6,5.645,5.686,5.717,5.752,5.799,5.843,5.884,5.931,5.96,6.001,6.04,6.085,6.144,6.185,6.228,6.274,6.308,6.335,6.382,6.419,6.449,6.493,6.536,6.571,6.606,6.645,6.696,6.737,6.788,6.83,6.88,6.923,6.974,7.021,7.062,7.1,7.144,7.188,7.248,7.316,7.389,7.456,7.519,7.573,7.641,7.707,7.802,7.883,7.964,8.046,8.155,8.317,8.476,8.594,8.74,8.874,9.132,9.438,9.97,11.095
1163,OTH FP,0.835,2.111,2.55,2.891,3.094,3.321,3.471,3.572,3.707,3.783,3.917,4.027,4.106,4.191,4.256,4.323,4.394,4.454,4.521,4.57,4.633,4.68,4.728,4.782,4.839,4.882,4.951,5.004,5.058,5.107,5.166,5.211,5.257,5.298,5.339,5.37,5.42,5.468,5.501,5.559,5.6,5.645,5.686,5.717,5.752,5.799,5.843,5.884,5.931,5.96,6.001,6.04,6.085,6.144,6.185,6.228,6.274,6.308,6.335,6.382,6.419,6.449,6.493,6.536,6.571,6.606,6.645,6.696,6.737,6.788,6.83,6.88,6.923,6.974,7.021,7.062,7.1,7.144,7.188,7.248,7.316,7.389,7.456,7.519,7.573,7.641,7.707,7.802,7.883,7.964,8.046,8.155,8.317,8.476,8.594,8.74,8.874,9.132,9.438,9.97,11.095
1164,OTH FP,0.702,2.152,2.515,2.867,3.107,3.274,3.439,3.593,3.716,3.832,3.932,4.02,4.1,4.172,4.246,4.313,4.354,4.418,4.485,4.548,4.593,4.643,4.694,4.75,4.816,4.883,4.941,4.991,5.05,5.097,5.148,5.203,5.244,5.299,5.344,5.384,5.434,5.5,5.53,5.579,5.62,5.673,5.72,5.756,5.796,5.834,5.868,5.9,5.946,5.999,6.044,6.079,6.113,6.144,6.18,6.214,6.262,6.308,6.342,6.386,6.439,6.486,6.521,6.573,6.615,6.651,6.689,6.736,6.781,6.831,6.873,6.919,6.969,7.007,7.038,7.101,7.146,7.18,7.236,7.302,7.351,7.413,7.459,7.525,7.591,7.661,7.728,7.825,7.894,8.009,8.078,8.202,8.356,8.488,8.608,8.796,8.999,9.183,9.507,9.984,11.265
1165,OTH FP,0.702,2.152,2.515,2.867,3.107,3.274,3.439,3.593,3.716,3.832,3.932,4.02,4.1,4.172,4.246,4.313,4.354,4.418,4.485,4.548,4.593,4.643,4.694,4.75,4.816,4.883,4.941,4.991,5.05,5.097,5.148,5.203,5.244,5.299,5.344,5.384,5.434,5.5,5.53,5.579,5.62,5.673,5.72,5.756,5.796,5.834,5.868,5.9,5.946,5.999,6.044,6.079,6.113,6.144,6.18,6.214,6.262,6.308,6.342,6.386,6.439,6.486,6.521,6.573,6.615,6.651,6.689,6.736,6.781,6.831,6.873,6.919,6.969,7.007,7.038,7.101,7.146,7.18,7.236,7.302,7.351,7.413,7.459,7.525,7.591,7.661,7.728,7.825,7.894,8.009,8.078,8.202,8.356,8.488,8.608,8.796,8.999,9.183,9.507,9.984,11.265
1166,OTH FP,1.133,2.13,2.538,2.911,3.091,3.261,3.431,3.591,3.697,3.79,3.863,3.937,4.035,4.121,4.198,4.282,4.353,4.406,4.475,4.531,4.598,4.657,4.712,4.779,4.82,4.87,4.942,5.0,5.051,5.105,5.156,5.224,5.267,5.321,5.376,5.418,5.459,5.503,5.555,5.605,5.652,5.689,5.737,5.783,5.823,5.858,5.889,5.943,5.989,6.029,6.063,6.099,6.133,6.167,6.205,6.247,6.282,6.318,6.352,6.398,6.429,6.48,6.528,6.57,6.611,6.661,6.716,6.757,6.791,6.835,6.864,6.928,6.987,7.033,7.086,7.135,7.177,7.241,7.278,7.334,7.382,7.43,7.472,7.541,7.625,7.688,7.776,7.843,7.948,8.02,8.152,8.246,8.363,8.51,8.676,8.837,9.026,9.343,9.571,10.132,11.293
1167,OTH FP,1.133,2.13,2.538,2.911,3.091,3.261,3.431,3.591,3.697,3.79,3.863,3.937,4.035,4.121,4.198,4.282,4.353,4.406,4.475,4.531,4.598,4.657,4.712,4.779,4.82,4.87,4.942,5.0,5.051,5.105,5.156,5.224,5.267,5.321,5.376,5.418,5.459,5.503,5.555,5.605,5.652,5.689,5.737,5.783,5.823,5.858,5.889,5.943,5.989,6.029,6.063,6.099,6.133,6.167,6.205,6.247,6.282,6.318,6.352,6.398,6.429,6.48,6.528,6.57,6.611,6.661,6.716,6.757,6.791,6.835,6.864,6.928,6.987,7.033,7.086,7.135,7.177,7.241,7.278,7.334,7.382,7.43,7.472,7.541,7.625,7.688,7.776,7.843,7.948,8.02,8.152,8.246,8.363,8.51,8.676,8.837,9.026,9.343,9.571,10.132,11.293
1168,OTH FP,0.907,2.044,2.524,2.85,3.08,3.232,3.382,3.559,3.653,3.744,3.859,3.928,4.028,4.106,4.201,4.266,4.346,4.417,4.475,4.561,4.637,4.694,4.747,4.811,4.884,4.927,4.985,5.046,5.094,5.164,5.219,5.265,5.326,5.361,5.401,5.454,5.502,5.549,5.606,5.648,5.689,5.731,5.778,5.815,5.856,5.898,5.939,5.979,6.02,6.052,6.091,6.128,6.173,6.217,6.255,6.295,6.333,6.376,6.411,6.451,6.5,6.538,6.576,6.611,6.662,6.698,6.737,6.792,6.836,6.879,6.919,6.965,7.018,7.062,7.11,7.164,7.203,7.255,7.311,7.36,7.413,7.482,7.554,7.608,7.662,7.729,7.784,7.873,7.946,8.056,8.161,8.281,8.411,8.552,8.696,8.878,9.101,9.324,9.674,10.08,11.221
1169,OTH FP,0.907,2.044,2.524,2.85,3.08,3.232,3.382,3.559,3.653,3.744,3.859,3.928,4.028,4.106,4.201,4.266,4.346,4.417,4.475,4.561,4.637,4.694,4.747,4.811,4.884,4.927,4.985,5.046,5.094,5.164,5.219,5.265,5.326,5.361,5.401,5.454,5.502,5.549,5.606,5.648,5.689,5.731,5.778,5.815,5.856,5.898,5.939,5.979,6.02,6.052,6.091,6.128,6.173,6.217,6.255,6.295,6.333,6.376,6.411,6.451,6.5,6.538,6.576,6.611,6.662,6.698,6.737,6.792,6.836,6.879,6.919,6.965,7.018,7.062,7.11,7.164,7.203,7.255,7.311,7.36,7.413,7.482,7.554,7.608,7.662,7.729,7.784,7.873,7.946,8.056,8.161,8.281,8.411,8.552,8.696,8.878,9.101,9.324,9.674,10.08,11.221
1170,OTH FP,0.549,2.024,2.517,2.816,3.073,3.268,3.459,3.55,3.714,3.807,3.88,3.977,4.058,4.142,4.208,4.275,4.353,4.422,4.502,4.567,4.631,4.679,4.759,4.818,4.883,4.929,4.996,5.047,5.108,5.167,5.239,5.288,5.333,5.382,5.444,5.486,5.529,5.574,5.619,5.667,5.716,5.759,5.796,5.839,5.883,5.929,5.966,6.007,6.044,6.08,6.117,6.16,6.195,6.244,6.285,6.324,6.359,6.4,6.438,6.474,6.508,6.547,6.58,6.62,6.664,6.72,6.766,6.812,6.853,6.906,6.948,6.996,7.049,7.094,7.144,7.192,7.252,7.308,7.354,7.412,7.481,7.542,7.608,7.649,7.719,7.784,7.87,7.94,8.013,8.097,8.204,8.381,8.492,8.626,8.779,8.921,9.158,9.368,9.662,10.162,11.607
1171,OTH FP,0.549,2.024,2.517,2.816,3.073,3.268,3.459,3.55,3.714,3.807,3.88,3.977,4.058,4.142,4.208,4.275,4.353,4.422,4.502,4.567,4.631,4.679,4.759,4.818,4.883,4.929,4.996,5.047,5.108,5.167,5.239,5.288,5.333,5.382,5.444,5.486,5.529,5.574,5.619,5.667,5.716,5.759,5.796,5.839,5.883,5.929,5.966,6.007,6.044,6.08,6.117,6.16,6.195,6.244,6.285,6.324,6.359,6.4,6.438,6.474,6.508,6.547,6.58,6.62,6.664,6.72,6.766,6.812,6.853,6.906,6.948,6.996,7.049,7.094,7.144,7.192,7.252,7.308,7.354,7.412,7.481,7.542,7.608,7.649,7.719,7.784,7.87,7.94,8.013,8.097,8.204,8.381,8.492,8.626,8.779,8.921,9.158,9.368,9.662,10.162,11.607
1172,OTH FP,0.694,2.058,2.522,2.842,3.046,3.276,3.422,3.552,3.674,3.761,3.873,3.99,4.073,4.147,4.237,4.297,4.381,4.454,4.51,4.564,4.623,4.682,4.75,4.829,4.893,4.959,5.011,5.066,5.12,5.171,5.213,5.267,5.323,5.372,5.423,5.463,5.51,5.571,5.608,5.642,5.692,5.742,5.793,5.863,5.916,5.951,6.005,6.037,6.077,6.12,6.17,6.204,6.241,6.272,6.323,6.366,6.402,6.453,6.503,6.564,6.593,6.627,6.668,6.707,6.751,6.79,6.821,6.869,6.906,6.963,7.0,7.045,7.095,7.14,7.177,7.24,7.289,7.351,7.407,7.462,7.531,7.606,7.678,7.747,7.796,7.871,7.931,8.001,8.09,8.185,8.27,8.375,8.525,8.638,8.803,8.979,9.198,9.428,9.705,10.258,11.566
1173,OTH FP,0.694,2.058,2.522,2.842,3.046,3.276,3.422,3.552,3.674,3.761,3.873,3.99,4.073,4.147,4.237,4.297,4.381,4.454,4.51,4.564,4.623,4.682,4.75,4.829,4.893,4.959,5.011,5.066,5.12,5.171,5.213,5.267,5.323,5.372,5.423,5.463,5.51,5.571,5.608,5.642,5.692,5.742,5.793,5.863,5.916,5.951,6.005,6.037,6.077,6.12,6.17,6.204,6.241,6.272,6.323,6.366,6.402,6.453,6.503,6.564,6.593,6.627,6.668,6.707,6.751,6.79,6.821,6.869,6.906,6.963,7.0,7.045,7.095,7.14,7.177,7.24,7.289,7.351,7.407,7.462,7.531,7.606,7.678,7.747,7.796,7.871,7.931,8.001,8.09,8.185,8.27,8.375,8.525,8.638,8.803,8.979,9.198,9.428,9.705,10.258,11.566
1174,OTH FP,0.806,2.059,2.567,2.86,3.084,3.297,3.451,3.555,3.683,3.779,3.879,3.983,4.076,4.164,4.248,4.324,4.384,4.447,4.549,4.612,4.665,4.727,4.796,4.854,4.912,4.976,5.039,5.085,5.132,5.19,5.234,5.272,5.323,5.377,5.428,5.472,5.523,5.568,5.621,5.681,5.74,5.8,5.854,5.891,5.944,5.985,6.041,6.076,6.112,6.16,6.189,6.233,6.266,6.301,6.346,6.386,6.427,6.468,6.518,6.573,6.602,6.643,6.704,6.746,6.792,6.831,6.882,6.919,6.968,7.005,7.039,7.092,7.148,7.206,7.255,7.303,7.344,7.391,7.454,7.509,7.573,7.634,7.686,7.759,7.827,7.892,7.966,8.022,8.106,8.207,8.341,8.442,8.569,8.709,8.841,9.038,9.194,9.462,9.823,10.234,11.469
1175,OTH FP,0.806,2.059,2.567,2.86,3.084,3.297,3.451,3.555,3.683,3.779,3.879,3.983,4.076,4.164,4.248,4.324,4.384,4.447,4.549,4.612,4.665,4.727,4.796,4.854,4.912,4.976,5.039,5.085,5.132,5.19,5.234,5.272,5.323,5.377,5.428,5.472,5.523,5.568,5.621,5.681,5.74,5.8,5.854,5.891,5.944,5.985,6.041,6.076,6.112,6.16,6.189,6.233,6.266,6.301,6.346,6.386,6.427,6.468,6.518,6.573,6.602,6.643,6.704,6.746,6.792,6.831,6.882,6.919,6.968,7.005,7.039,7.092,7.148,7.206,7.255,7.303,7.344,7.391,7.454,7.509,7.573,7.634,7.686,7.759,7.827,7.892,7.966,8.022,8.106,8.207,8.341,8.442,8.569,8.709,8.841,9.038,9.194,9.462,9.823,10.234,11.469
1176,OTH FP,0.459,2.023,2.525,2.87,3.074,3.24,3.418,3.543,3.693,3.792,3.901,3.989,4.078,4.171,4.246,4.325,4.386,4.442,4.539,4.614,4.698,4.754,4.822,4.866,4.918,4.967,5.032,5.093,5.161,5.217,5.278,5.333,5.391,5.444,5.483,5.542,5.595,5.646,5.691,5.727,5.761,5.791,5.851,5.898,5.943,5.981,6.016,6.062,6.117,6.15,6.198,6.24,6.285,6.332,6.367,6.41,6.452,6.498,6.543,6.575,6.618,6.665,6.705,6.76,6.809,6.847,6.894,6.938,6.974,7.018,7.075,7.123,7.167,7.22,7.277,7.329,7.383,7.434,7.498,7.554,7.626,7.688,7.744,7.806,7.879,7.953,8.019,8.096,8.183,8.284,8.381,8.473,8.584,8.721,8.891,9.09,9.318,9.547,9.838,10.291,11.813
1177,OTH FP,0.459,2.023,2.525,2.87,3.074,3.24,3.418,3.543,3.693,3.792,3.901,3.989,4.078,4.171,4.246,4.325,4.386,4.442,4.539,4.614,4.698,4.754,4.822,4.866,4.918,4.967,5.032,5.093,5.161,5.217,5.278,5.333,5.391,5.444,5.483,5.542,5.595,5.646,5.691,5.727,5.761,5.791,5.851,5.898,5.943,5.981,6.016,6.062,6.117,6.15,6.198,6.24,6.285,6.332,6.367,6.41,6.452,6.498,6.543,6.575,6.618,6.665,6.705,6.76,6.809,6.847,6.894,6.938,6.974,7.018,7.075,7.123,7.167,7.22,7.277,7.329,7.383,7.434,7.498,7.554,7.626,7.688,7.744,7.806,7.879,7.953,8.019,8.096,8.183,8.284,8.381,8.473,8.584,8.721,8.891,9.09,9.318,9.547,9.838,10.291,11.813
1178,OTH FP,0.428,2.049,2.565,2.828,3.026,3.263,3.446,3.584,3.717,3.844,3.93,4.03,4.137,4.214,4.283,4.344,4.404,4.502,4.566,4.629,4.693,4.762,4.821,4.879,4.942,4.995,5.064,5.128,5.169,5.222,5.282,5.325,5.371,5.424,5.49,5.536,5.577,5.635,5.68,5.734,5.768,5.828,5.871,5.914,5.955,5.991,6.027,6.068,6.101,6.162,6.198,6.242,6.291,6.338,6.383,6.421,6.452,6.491,6.529,6.568,6.602,6.656,6.703,6.748,6.796,6.838,6.884,6.938,6.975,7.027,7.083,7.136,7.182,7.242,7.303,7.355,7.405,7.457,7.512,7.579,7.638,7.697,7.782,7.832,7.901,7.968,8.073,8.147,8.228,8.316,8.42,8.52,8.631,8.764,8.964,9.156,9.346,9.602,9.897,10.282,11.662
1179,OTH FP,0.428,2.049,2.565,2.828,3.026,3.263,3.446,3.584,3.717,3.844,3.93,4.03,4.137,4.214,4.283,4.344,4.404,4.502,4.566,4.629,4.693,4.762,4.821,4.879,4.942,4.995,5.064,5.128,5.169,5.222,5.282,5.325,5.371,5.424,5.49,5.536,5.577,5.635,5.68,5.734,5.768,5.828,5.871,5.914,5.955,5.991,6.027,6.068,6.101,6.162,6.198,6.242,6.291,6.338,6.383,6.421,6.452,6.491,6.529,6.568,6.602,6.656,6.703,6.748,6.796,6.838,6.884,6.938,6.975,7.027,7.083,7.136,7.182,7.242,7.303,7.355,7.405,7.457,7.512,7.579,7.638,7.697,7.782,7.832,7.901,7.968,8.073,8.147,8.228,8.316,8.42,8.52,8.631,8.764,8.964,9.156,9.346,9.602,9.897,10.282,11.662
1180,OTH FP,0.564,1.975,2.446,2.797,3.007,3.223,3.409,3.555,3.706,3.807,3.893,4.003,4.092,4.191,4.279,4.332,4.394,4.478,4.544,4.619,4.707,4.768,4.843,4.902,4.98,5.04,5.092,5.145,5.199,5.239,5.289,5.332,5.39,5.429,5.467,5.515,5.56,5.617,5.676,5.716,5.766,5.812,5.855,5.908,5.952,5.998,6.04,6.083,6.12,6.159,6.21,6.251,6.289,6.339,6.383,6.417,6.448,6.497,6.532,6.579,6.625,6.66,6.713,6.762,6.808,6.861,6.908,6.947,7.002,7.045,7.098,7.153,7.194,7.228,7.284,7.332,7.385,7.443,7.493,7.555,7.632,7.686,7.74,7.812,7.894,8.004,8.063,8.158,8.243,8.336,8.469,8.575,8.68,8.821,8.977,9.151,9.355,9.602,9.976,10.358,11.401
1181,OTH FP,0.564,1.975,2.446,2.797,3.007,3.223,3.409,3.555,3.706,3.807,3.893,4.003,4.092,4.191,4.279,4.332,4.394,4.478,4.544,4.619,4.707,4.768,4.843,4.902,4.98,5.04,5.092,5.145,5.199,5.239,5.289,5.332,5.39,5.429,5.467,5.515,5.56,5.617,5.676,5.716,5.766,5.812,5.855,5.908,5.952,5.998,6.04,6.083,6.12,6.159,6.21,6.251,6.289,6.339,6.383,6.417,6.448,6.497,6.532,6.579,6.625,6.66,6.713,6.762,6.808,6.861,6.908,6.947,7.002,7.045,7.098,7.153,7.194,7.228,7.284,7.332,7.385,7.443,7.493,7.555,7.632,7.686,7.74,7.812,7.894,8.004,8.063,8.158,8.243,8.336,8.469,8.575,8.68,8.821,8.977,9.151,9.355,9.602,9.976,10.358,11.401
1182,OTH FP,0.472,1.992,2.45,2.792,3.032,3.253,3.415,3.544,3.65,3.802,3.905,4.016,4.112,4.193,4.294,4.392,4.459,4.521,4.593,4.68,4.743,4.813,4.862,4.915,4.967,5.021,5.071,5.124,5.183,5.253,5.314,5.363,5.412,5.478,5.512,5.551,5.59,5.635,5.674,5.714,5.753,5.806,5.857,5.906,5.937,5.976,6.022,6.064,6.108,6.178,6.218,6.266,6.313,6.348,6.396,6.43,6.467,6.512,6.558,6.606,6.648,6.688,6.731,6.781,6.826,6.878,6.924,6.971,7.019,7.073,7.114,7.152,7.199,7.262,7.311,7.365,7.422,7.497,7.551,7.596,7.662,7.716,7.797,7.863,7.941,8.027,8.101,8.196,8.294,8.371,8.476,8.589,8.69,8.812,8.977,9.209,9.348,9.646,9.962,10.493,11.659
1183,OTH FP,0.472,1.992,2.45,2.792,3.032,3.253,3.415,3.544,3.65,3.802,3.905,4.016,4.112,4.193,4.294,4.392,4.459,4.521,4.593,4.68,4.743,4.813,4.862,4.915,4.967,5.021,5.071,5.124,5.183,5.253,5.314,5.363,5.412,5.478,5.512,5.551,5.59,5.635,5.674,5.714,5.753,5.806,5.857,5.906,5.937,5.976,6.022,6.064,6.108,6.178,6.218,6.266,6.313,6.348,6.396,6.43,6.467,6.512,6.558,6.606,6.648,6.688,6.731,6.781,6.826,6.878,6.924,6.971,7.019,7.073,7.114,7.152,7.199,7.262,7.311,7.365,7.422,7.497,7.551,7.596,7.662,7.716,7.797,7.863,7.941,8.027,8.101,8.196,8.294,8.371,8.476,8.589,8.69,8.812,8.977,9.209,9.348,9.646,9.962,10.493,11.659
1184,OTH FP,0.421,1.973,2.463,2.731,2.99,3.178,3.393,3.549,3.676,3.784,3.873,3.976,4.074,4.156,4.266,4.38,4.454,4.522,4.608,4.69,4.77,4.828,4.889,4.965,5.027,5.087,5.131,5.192,5.249,5.293,5.332,5.372,5.431,5.472,5.514,5.563,5.608,5.661,5.723,5.748,5.793,5.847,5.887,5.925,5.966,6.008,6.052,6.091,6.132,6.18,6.221,6.266,6.307,6.348,6.394,6.431,6.47,6.51,6.551,6.601,6.655,6.714,6.759,6.798,6.862,6.9,6.941,6.989,7.038,7.081,7.127,7.177,7.216,7.273,7.323,7.381,7.446,7.496,7.565,7.612,7.684,7.762,7.852,7.919,7.982,8.048,8.147,8.226,8.315,8.428,8.521,8.615,8.76,8.878,9.019,9.211,9.417,9.68,10.075,10.532,11.854
1185,OTH FP,0.421,1.973,2.463,2.731,2.99,3.178,3.393,3.549,3.676,3.784,3.873,3.976,4.074,4.156,4.266,4.38,4.454,4.522,4.608,4.69,4.77,4.828,4.889,4.965,5.027,5.087,5.131,5.192,5.249,5.293,5.332,5.372,5.431,5.472,5.514,5.563,5.608,5.661,5.723,5.748,5.793,5.847,5.887,5.925,5.966,6.008,6.052,6.091,6.132,6.18,6.221,6.266,6.307,6.348,6.394,6.431,6.47,6.51,6.551,6.601,6.655,6.714,6.759,6.798,6.862,6.9,6.941,6.989,7.038,7.081,7.127,7.177,7.216,7.273,7.323,7.381,7.446,7.496,7.565,7.612,7.684,7.762,7.852,7.919,7.982,8.048,8.147,8.226,8.315,8.428,8.521,8.615,8.76,8.878,9.019,9.211,9.417,9.68,10.075,10.532,11.854
1186,OTH FP,0.393,1.991,2.529,2.836,3.07,3.252,3.436,3.54,3.653,3.762,3.876,3.994,4.072,4.163,4.251,4.339,4.432,4.537,4.606,4.666,4.748,4.834,4.906,4.957,5.029,5.077,5.139,5.189,5.228,5.29,5.352,5.388,5.438,5.499,5.537,5.576,5.63,5.687,5.733,5.773,5.824,5.858,5.902,5.942,5.974,6.023,6.055,6.103,6.139,6.19,6.227,6.265,6.306,6.357,6.419,6.464,6.523,6.568,6.611,6.652,6.687,6.726,6.786,6.828,6.865,6.915,6.955,7.004,7.055,7.094,7.14,7.179,7.234,7.293,7.345,7.394,7.454,7.515,7.58,7.639,7.705,7.79,7.865,7.931,7.994,8.069,8.155,8.238,8.315,8.416,8.516,8.631,8.761,8.871,9.092,9.282,9.452,9.707,10.032,10.614,11.909
1187,OTH FP,0.393,1.991,2.529,2.836,3.07,3.252,3.436,3.54,3.653,3.762,3.876,3.994,4.072,4.163,4.251,4.339,4.432,4.537,4.606,4.666,4.748,4.834,4.906,4.957,5.029,5.077,5.139,5.189,5.228,5.29,5.352,5.388,5.438,5.499,5.537,5.576,5.63,5.687,5.733,5.773,5.824,5.858,5.902,5.942,5.974,6.023,6.055,6.103,6.139,6.19,6.227,6.265,6.306,6.357,6.419,6.464,6.523,6.568,6.611,6.652,6.687,6.726,6.786,6.828,6.865,6.915,6.955,7.004,7.055,7.094,7.14,7.179,7.234,7.293,7.345,7.394,7.454,7.515,7.58,7.639,7.705,7.79,7.865,7.931,7.994,8.069,8.155,8.238,8.315,8.416,8.516,8.631,8.761,8.871,9.092,9.282,9.452,9.707,10.032,10.614,11.909
1188,OTH FP,0.384,1.931,2.469,2.852,3.084,3.232,3.426,3.598,3.706,3.826,3.946,4.041,4.147,4.234,4.333,4.425,4.497,4.57,4.65,4.726,4.804,4.877,4.919,4.983,5.036,5.081,5.142,5.197,5.252,5.303,5.345,5.398,5.441,5.491,5.534,5.594,5.647,5.687,5.73,5.782,5.822,5.877,5.914,5.957,5.996,6.037,6.093,6.136,6.192,6.24,6.285,6.32,6.356,6.403,6.447,6.5,6.55,6.593,6.636,6.677,6.716,6.76,6.805,6.848,6.894,6.949,6.998,7.045,7.087,7.133,7.183,7.22,7.269,7.331,7.38,7.457,7.518,7.564,7.622,7.695,7.777,7.823,7.89,7.968,8.061,8.127,8.204,8.291,8.381,8.459,8.543,8.66,8.777,8.918,9.062,9.274,9.473,9.734,9.991,10.445,11.773
1189,OTH FP,0.384,1.931,2.469,2.852,3.084,3.232,3.426,3.598,3.706,3.826,3.946,4.041,4.147,4.234,4.333,4.425,4.497,4.57,4.65,4.726,4.804,4.877,4.919,4.983,5.036,5.081,5.142,5.197,5.252,5.303,5.345,5.398,5.441,5.491,5.534,5.594,5.647,5.687,5.73,5.782,5.822,5.877,5.914,5.957,5.996,6.037,6.093,6.136,6.192,6.24,6.285,6.32,6.356,6.403,6.447,6.5,6.55,6.593,6.636,6.677,6.716,6.76,6.805,6.848,6.894,6.949,6.998,7.045,7.087,7.133,7.183,7.22,7.269,7.331,7.38,7.457,7.518,7.564,7.622,7.695,7.777,7.823,7.89,7.968,8.061,8.127,8.204,8.291,8.381,8.459,8.543,8.66,8.777,8.918,9.062,9.274,9.473,9.734,9.991,10.445,11.773
1190,OTH FP,0.363,1.992,2.572,2.791,3.042,3.209,3.426,3.589,3.729,3.86,3.971,4.073,4.17,4.28,4.378,4.461,4.542,4.61,4.674,4.733,4.779,4.858,4.912,4.97,5.03,5.103,5.153,5.206,5.258,5.326,5.369,5.411,5.467,5.516,5.571,5.616,5.66,5.705,5.749,5.786,5.842,5.883,5.92,5.951,6.002,6.053,6.109,6.151,6.193,6.251,6.282,6.32,6.371,6.408,6.444,6.491,6.542,6.584,6.625,6.674,6.724,6.779,6.82,6.862,6.904,6.958,7.008,7.058,7.104,7.157,7.205,7.26,7.294,7.352,7.407,7.464,7.513,7.563,7.627,7.703,7.776,7.839,7.911,7.987,8.074,8.138,8.249,8.341,8.422,8.517,8.602,8.707,8.813,8.975,9.162,9.368,9.566,9.787,10.086,10.567,11.9
1191,OTH FP,0.363,1.992,2.572,2.791,3.042,3.209,3.426,3.589,3.729,3.86,3.971,4.073,4.17,4.28,4.378,4.461,4.542,4.61,4.674,4.733,4.779,4.858,4.912,4.97,5.03,5.103,5.153,5.206,5.258,5.326,5.369,5.411,5.467,5.516,5.571,5.616,5.66,5.705,5.749,5.786,5.842,5.883,5.92,5.951,6.002,6.053,6.109,6.151,6.193,6.251,6.282,6.32,6.371,6.408,6.444,6.491,6.542,6.584,6.625,6.674,6.724,6.779,6.82,6.862,6.904,6.958,7.008,7.058,7.104,7.157,7.205,7.26,7.294,7.352,7.407,7.464,7.513,7.563,7.627,7.703,7.776,7.839,7.911,7.987,8.074,8.138,8.249,8.341,8.422,8.517,8.602,8.707,8.813,8.975,9.162,9.368,9.566,9.787,10.086,10.567,11.9
1192,OTH FP,0.37,2.011,2.583,2.825,3.072,3.237,3.433,3.611,3.748,3.89,4.013,4.107,4.205,4.297,4.397,4.46,4.526,4.617,4.671,4.726,4.785,4.858,4.906,4.965,5.027,5.091,5.149,5.208,5.257,5.314,5.367,5.418,5.485,5.535,5.588,5.631,5.675,5.72,5.765,5.799,5.851,5.903,5.948,5.981,6.024,6.075,6.112,6.149,6.195,6.25,6.285,6.332,6.384,6.442,6.48,6.531,6.565,6.611,6.666,6.711,6.758,6.815,6.852,6.903,6.952,6.997,7.047,7.094,7.131,7.184,7.23,7.279,7.325,7.379,7.432,7.481,7.545,7.61,7.673,7.722,7.795,7.862,7.925,8.036,8.094,8.176,8.244,8.344,8.428,8.554,8.659,8.777,8.881,9.05,9.196,9.406,9.634,9.843,10.143,10.546,11.978
1193,OTH FP,0.37,2.011,2.583,2.825,3.072,3.237,3.433,3.611,3.748,3.89,4.013,4.107,4.205,4.297,4.397,4.46,4.526,4.617,4.671,4.726,4.785,4.858,4.906,4.965,5.027,5.091,5.149,5.208,5.257,5.314,5.367,5.418,5.485,5.535,5.588,5.631,5.675,5.72,5.765,5.799,5.851,5.903,5.948,5.981,6.024,6.075,6.112,6.149,6.195,6.25,6.285,6.332,6.384,6.442,6.48,6.531,6.565,6.611,6.666,6.711,6.758,6.815,6.852,6.903,6.952,6.997,7.047,7.094,7.131,7.184,7.23,7.279,7.325,7.379,7.432,7.481,7.545,7.61,7.673,7.722,7.795,7.862,7.925,8.036,8.094,8.176,8.244,8.344,8.428,8.554,8.659,8.777,8.881,9.05,9.196,9.406,9.634,9.843,10.143,10.546,11.978
1194,OTH FP,0.331,1.955,2.456,2.815,3.053,3.249,3.453,3.637,3.745,3.874,4.0,4.107,4.214,4.303,4.379,4.448,4.518,4.6,4.679,4.754,4.816,4.871,4.93,4.984,5.039,5.091,5.153,5.213,5.263,5.324,5.371,5.431,5.485,5.536,5.575,5.609,5.664,5.708,5.754,5.795,5.848,5.894,5.947,5.996,6.045,6.099,6.139,6.18,6.23,6.267,6.316,6.361,6.402,6.448,6.501,6.55,6.59,6.629,6.674,6.731,6.777,6.818,6.871,6.928,6.969,7.02,7.062,7.102,7.143,7.204,7.253,7.294,7.353,7.399,7.455,7.525,7.592,7.64,7.697,7.76,7.83,7.899,7.966,8.036,8.11,8.181,8.276,8.372,8.444,8.565,8.634,8.766,8.909,9.071,9.243,9.42,9.601,9.863,10.176,10.605,12.399
1195,OTH FP,0.331,1.955,2.456,2.815,3.053,3.249,3.453,3.637,3.745,3.874,4.0,4.107,4.214,4.303,4.379,4.448,4.518,4.6,4.679,4.754,4.816,4.871,4.93,4.984,5.039,5.091,5.153,5.213,5.263,5.324,5.371,5.431,5.485,5.536,5.575,5.609,5.664,5.708,5.754,5.795,5.848,5.894,5.947,5.996,6.045,6.099,6.139,6.18,6.23,6.267,6.316,6.361,6.402,6.448,6.501,6.55,6.59,6.629,6.674,6.731,6.777,6.818,6.871,6.928,6.969,7.02,7.062,7.102,7.143,7.204,7.253,7.294,7.353,7.399,7.455,7.525,7.592,7.64,7.697,7.76,7.83,7.899,7.966,8.036,8.11,8.181,8.276,8.372,8.444,8.565,8.634,8.766,8.909,9.071,9.243,9.42,9.601,9.863,10.176,10.605,12.399
1196,OTH FP,0.36,1.926,2.44,2.777,3.097,3.287,3.486,3.691,3.834,3.958,4.067,4.16,4.221,4.311,4.367,4.444,4.525,4.609,4.699,4.772,4.833,4.899,4.966,5.024,5.075,5.148,5.211,5.254,5.304,5.359,5.402,5.453,5.497,5.548,5.598,5.646,5.694,5.734,5.776,5.814,5.857,5.908,5.958,6.003,6.06,6.1,6.146,6.177,6.227,6.268,6.303,6.337,6.38,6.439,6.481,6.526,6.585,6.627,6.687,6.73,6.783,6.832,6.883,6.927,6.982,7.033,7.082,7.125,7.175,7.217,7.275,7.34,7.387,7.438,7.495,7.553,7.604,7.673,7.727,7.793,7.85,7.926,8.002,8.05,8.137,8.206,8.291,8.402,8.49,8.601,8.692,8.814,8.943,9.078,9.231,9.452,9.736,9.949,10.243,10.627,12.411
1197,OTH FP,0.36,1.926,2.44,2.777,3.097,3.287,3.486,3.691,3.834,3.958,4.067,4.16,4.221,4.311,4.367,4.444,4.525,4.609,4.699,4.772,4.833,4.899,4.966,5.024,5.075,5.148,5.211,5.254,5.304,5.359,5.402,5.453,5.497,5.548,5.598,5.646,5.694,5.734,5.776,5.814,5.857,5.908,5.958,6.003,6.06,6.1,6.146,6.177,6.227,6.268,6.303,6.337,6.38,6.439,6.481,6.526,6.585,6.627,6.687,6.73,6.783,6.832,6.883,6.927,6.982,7.033,7.082,7.125,7.175,7.217,7.275,7.34,7.387,7.438,7.495,7.553,7.604,7.673,7.727,7.793,7.85,7.926,8.002,8.05,8.137,8.206,8.291,8.402,8.49,8.601,8.692,8.814,8.943,9.078,9.231,9.452,9.736,9.949,10.243,10.627,12.411
1198,OTH FP,0.368,2.012,2.514,2.859,3.087,3.273,3.492,3.649,3.819,3.938,4.037,4.118,4.208,4.276,4.358,4.441,4.533,4.611,4.694,4.787,4.843,4.917,4.968,5.032,5.079,5.133,5.185,5.233,5.277,5.338,5.394,5.443,5.482,5.522,5.583,5.624,5.681,5.731,5.784,5.831,5.881,5.922,5.974,6.014,6.051,6.095,6.145,6.196,6.245,6.284,6.348,6.41,6.451,6.496,6.541,6.586,6.626,6.673,6.717,6.764,6.811,6.869,6.921,6.973,7.028,7.062,7.113,7.15,7.189,7.236,7.301,7.361,7.419,7.472,7.548,7.605,7.656,7.715,7.782,7.851,7.915,7.972,8.045,8.098,8.176,8.23,8.319,8.418,8.526,8.606,8.709,8.857,8.973,9.139,9.278,9.469,9.715,9.943,10.228,10.625,12.419
1199,OTH FP,0.368,2.012,2.514,2.859,3.087,3.273,3.492,3.649,3.819,3.938,4.037,4.118,4.208,4.276,4.358,4.441,4.533,4.611,4.694,4.787,4.843,4.917,4.968,5.032,5.079,5.133,5.185,5.233,5.277,5.338,5.394,5.443,5.482,5.522,5.583,5.624,5.681,5.731,5.784,5.831,5.881,5.922,5.974,6.014,6.051,6.095,6.145,6.196,6.245,6.284,6.348,6.41,6.451,6.496,6.541,6.586,6.626,6.673,6.717,6.764,6.811,6.869,6.921,6.973,7.028,7.062,7.113,7.15,7.189,7.236,7.301,7.361,7.419,7.472,7.548,7.605,7.656,7.715,7.782,7.851,7.915,7.972,8.045,8.098,8.176,8.23,8.319,8.418,8.526,8.606,8.709,8.857,8.973,9.139,9.278,9.469,9.715,9.943,10.228,10.625,12.419
1200,OTH FP,0.371,2.058,2.573,2.862,3.102,3.355,3.532,3.696,3.805,3.927,4.018,4.14,4.216,4.299,4.366,4.464,4.527,4.604,4.69,4.769,4.839,4.905,4.954,5.013,5.069,5.121,5.201,5.265,5.309,5.369,5.42,5.463,5.508,5.56,5.608,5.646,5.714,5.753,5.802,5.849,5.888,5.931,5.977,6.032,6.086,6.138,6.186,6.234,6.281,6.313,6.363,6.409,6.45,6.499,6.547,6.582,6.624,6.68,6.729,6.785,6.825,6.882,6.935,6.984,7.037,7.085,7.128,7.183,7.245,7.297,7.344,7.404,7.449,7.505,7.567,7.614,7.679,7.738,7.807,7.873,7.927,7.995,8.068,8.135,8.202,8.282,8.371,8.437,8.526,8.612,8.742,8.866,8.956,9.113,9.311,9.501,9.733,9.993,10.274,10.763,12.577
1201,OTH FP,0.371,2.058,2.573,2.862,3.102,3.355,3.532,3.696,3.805,3.927,4.018,4.14,4.216,4.299,4.366,4.464,4.527,4.604,4.69,4.769,4.839,4.905,4.954,5.013,5.069,5.121,5.201,5.265,5.309,5.369,5.42,5.463,5.508,5.56,5.608,5.646,5.714,5.753,5.802,5.849,5.888,5.931,5.977,6.032,6.086,6.138,6.186,6.234,6.281,6.313,6.363,6.409,6.45,6.499,6.547,6.582,6.624,6.68,6.729,6.785,6.825,6.882,6.935,6.984,7.037,7.085,7.128,7.183,7.245,7.297,7.344,7.404,7.449,7.505,7.567,7.614,7.679,7.738,7.807,7.873,7.927,7.995,8.068,8.135,8.202,8.282,8.371,8.437,8.526,8.612,8.742,8.866,8.956,9.113,9.311,9.501,9.733,9.993,10.274,10.763,12.577
1202,OTH FP,0.54,2.011,2.606,2.906,3.107,3.356,3.541,3.721,3.863,3.972,4.081,4.171,4.248,4.339,4.405,4.472,4.562,4.64,4.695,4.757,4.836,4.895,4.953,5.026,5.085,5.156,5.229,5.293,5.337,5.386,5.434,5.493,5.537,5.584,5.633,5.701,5.749,5.785,5.837,5.883,5.931,5.977,6.025,6.069,6.117,6.159,6.228,6.273,6.315,6.363,6.418,6.454,6.507,6.565,6.606,6.659,6.712,6.758,6.783,6.821,6.855,6.907,6.948,6.995,7.047,7.094,7.143,7.202,7.239,7.298,7.342,7.393,7.442,7.51,7.569,7.628,7.692,7.75,7.819,7.874,7.942,7.992,8.059,8.132,8.199,8.284,8.403,8.502,8.589,8.689,8.797,8.906,9.036,9.168,9.339,9.552,9.829,10.016,10.348,10.816,12.458
1203,OTH FP,0.54,2.011,2.606,2.906,3.107,3.356,3.541,3.721,3.863,3.972,4.081,4.171,4.248,4.339,4.405,4.472,4.562,4.64,4.695,4.757,4.836,4.895,4.953,5.026,5.085,5.156,5.229,5.293,5.337,5.386,5.434,5.493,5.537,5.584,5.633,5.701,5.749,5.785,5.837,5.883,5.931,5.977,6.025,6.069,6.117,6.159,6.228,6.273,6.315,6.363,6.418,6.454,6.507,6.565,6.606,6.659,6.712,6.758,6.783,6.821,6.855,6.907,6.948,6.995,7.047,7.094,7.143,7.202,7.239,7.298,7.342,7.393,7.442,7.51,7.569,7.628,7.692,7.75,7.819,7.874,7.942,7.992,8.059,8.132,8.199,8.284,8.403,8.502,8.589,8.689,8.797,8.906,9.036,9.168,9.339,9.552,9.829,10.016,10.348,10.816,12.458
1204,OTH FP,0.467,2.055,2.549,2.898,3.155,3.382,3.529,3.691,3.818,3.955,4.042,4.167,4.271,4.366,4.443,4.518,4.589,4.664,4.731,4.79,4.856,4.943,4.997,5.047,5.095,5.162,5.221,5.269,5.316,5.38,5.435,5.488,5.541,5.584,5.636,5.684,5.744,5.793,5.841,5.896,5.963,6.003,6.042,6.084,6.136,6.188,6.249,6.291,6.326,6.379,6.43,6.465,6.494,6.532,6.589,6.637,6.694,6.745,6.783,6.836,6.88,6.931,6.997,7.035,7.093,7.149,7.2,7.253,7.293,7.333,7.375,7.439,7.482,7.552,7.586,7.646,7.695,7.764,7.823,7.877,7.951,8.034,8.095,8.168,8.252,8.335,8.406,8.485,8.59,8.663,8.778,8.871,9.007,9.192,9.351,9.547,9.795,10.054,10.403,10.752,12.482
1205,OTH FP,0.467,2.055,2.549,2.898,3.155,3.382,3.529,3.691,3.818,3.955,4.042,4.167,4.271,4.366,4.443,4.518,4.589,4.664,4.731,4.79,4.856,4.943,4.997,5.047,5.095,5.162,5.221,5.269,5.316,5.38,5.435,5.488,5.541,5.584,5.636,5.684,5.744,5.793,5.841,5.896,5.963,6.003,6.042,6.084,6.136,6.188,6.249,6.291,6.326,6.379,6.43,6.465,6.494,6.532,6.589,6.637,6.694,6.745,6.783,6.836,6.88,6.931,6.997,7.035,7.093,7.149,7.2,7.253,7.293,7.333,7.375,7.439,7.482,7.552,7.586,7.646,7.695,7.764,7.823,7.877,7.951,8.034,8.095,8.168,8.252,8.335,8.406,8.485,8.59,8.663,8.778,8.871,9.007,9.192,9.351,9.547,9.795,10.054,10.403,10.752,12.482
1206,OTH FP,0.554,2.018,2.49,2.926,3.186,3.369,3.55,3.671,3.812,3.939,4.064,4.189,4.287,4.372,4.473,4.545,4.632,4.682,4.742,4.831,4.899,4.949,5.008,5.08,5.127,5.192,5.237,5.273,5.335,5.396,5.453,5.501,5.545,5.587,5.63,5.67,5.727,5.781,5.821,5.872,5.919,5.965,6.003,6.063,6.118,6.171,6.212,6.26,6.322,6.364,6.407,6.47,6.528,6.578,6.631,6.681,6.736,6.782,6.827,6.872,6.925,6.981,7.021,7.054,7.097,7.149,7.201,7.239,7.282,7.33,7.381,7.436,7.48,7.544,7.616,7.667,7.719,7.8,7.865,7.93,8.004,8.07,8.131,8.201,8.296,8.378,8.455,8.529,8.593,8.708,8.808,8.92,9.046,9.17,9.357,9.59,9.778,10.037,10.37,10.87,12.727
1207,OTH FP,0.554,2.018,2.49,2.926,3.186,3.369,3.55,3.671,3.812,3.939,4.064,4.189,4.287,4.372,4.473,4.545,4.632,4.682,4.742,4.831,4.899,4.949,5.008,5.08,5.127,5.192,5.237,5.273,5.335,5.396,5.453,5.501,5.545,5.587,5.63,5.67,5.727,5.781,5.821,5.872,5.919,5.965,6.003,6.063,6.118,6.171,6.212,6.26,6.322,6.364,6.407,6.47,6.528,6.578,6.631,6.681,6.736,6.782,6.827,6.872,6.925,6.981,7.021,7.054,7.097,7.149,7.201,7.239,7.282,7.33,7.381,7.436,7.48,7.544,7.616,7.667,7.719,7.8,7.865,7.93,8.004,8.07,8.131,8.201,8.296,8.378,8.455,8.529,8.593,8.708,8.808,8.92,9.046,9.17,9.357,9.59,9.778,10.037,10.37,10.87,12.727
1208,OTH FP,0.457,1.915,2.567,2.891,3.172,3.418,3.567,3.717,3.88,4.002,4.105,4.215,4.309,4.406,4.517,4.577,4.662,4.726,4.787,4.84,4.92,4.998,5.047,5.095,5.153,5.197,5.238,5.288,5.343,5.4,5.451,5.515,5.573,5.621,5.674,5.722,5.77,5.812,5.859,5.895,5.952,5.993,6.044,6.093,6.145,6.201,6.252,6.295,6.337,6.388,6.445,6.486,6.529,6.569,6.607,6.66,6.722,6.788,6.845,6.89,6.939,6.988,7.032,7.092,7.131,7.184,7.223,7.272,7.318,7.375,7.425,7.487,7.542,7.586,7.644,7.686,7.728,7.804,7.855,7.909,7.984,8.067,8.154,8.243,8.325,8.376,8.444,8.508,8.597,8.728,8.831,8.96,9.11,9.241,9.39,9.597,9.827,10.074,10.377,10.882,12.453
1209,OTH FP,0.457,1.915,2.567,2.891,3.172,3.418,3.567,3.717,3.88,4.002,4.105,4.215,4.309,4.406,4.517,4.577,4.662,4.726,4.787,4.84,4.92,4.998,5.047,5.095,5.153,5.197,5.238,5.288,5.343,5.4,5.451,5.515,5.573,5.621,5.674,5.722,5.77,5.812,5.859,5.895,5.952,5.993,6.044,6.093,6.145,6.201,6.252,6.295,6.337,6.388,6.445,6.486,6.529,6.569,6.607,6.66,6.722,6.788,6.845,6.89,6.939,6.988,7.032,7.092,7.131,7.184,7.223,7.272,7.318,7.375,7.425,7.487,7.542,7.586,7.644,7.686,7.728,7.804,7.855,7.909,7.984,8.067,8.154,8.243,8.325,8.376,8.444,8.508,8.597,8.728,8.831,8.96,9.11,9.241,9.39,9.597,9.827,10.074,10.377,10.882,12.453
1210,OTH FP,0.642,1.971,2.524,2.919,3.226,3.432,3.591,3.732,3.886,3.999,4.105,4.232,4.303,4.39,4.469,4.558,4.641,4.734,4.805,4.873,4.933,5.006,5.054,5.118,5.179,5.222,5.287,5.346,5.389,5.447,5.491,5.544,5.6,5.651,5.696,5.732,5.773,5.811,5.852,5.899,5.94,5.988,6.033,6.086,6.133,6.183,6.256,6.311,6.355,6.402,6.435,6.477,6.525,6.577,6.62,6.667,6.711,6.77,6.845,6.903,6.95,6.989,7.052,7.094,7.144,7.19,7.255,7.3,7.362,7.406,7.465,7.511,7.56,7.603,7.666,7.726,7.79,7.853,7.923,7.991,8.06,8.114,8.184,8.259,8.317,8.39,8.446,8.538,8.63,8.757,8.872,8.98,9.101,9.219,9.389,9.628,9.841,10.125,10.453,11.047,12.422
1211,OTH FP,0.642,1.971,2.524,2.919,3.226,3.432,3.591,3.732,3.886,3.999,4.105,4.232,4.303,4.39,4.469,4.558,4.641,4.734,4.805,4.873,4.933,5.006,5.054,5.118,5.179,5.222,5.287,5.346,5.389,5.447,5.491,5.544,5.6,5.651,5.696,5.732,5.773,5.811,5.852,5.899,5.94,5.988,6.033,6.086,6.133,6.183,6.256,6.311,6.355,6.402,6.435,6.477,6.525,6.577,6.62,6.667,6.711,6.77,6.845,6.903,6.95,6.989,7.052,7.094,7.144,7.19,7.255,7.3,7.362,7.406,7.465,7.511,7.56,7.603,7.666,7.726,7.79,7.853,7.923,7.991,8.06,8.114,8.184,8.259,8.317,8.39,8.446,8.538,8.63,8.757,8.872,8.98,9.101,9.219,9.389,9.628,9.841,10.125,10.453,11.047,12.422
1212,OTH FP,0.703,1.909,2.516,2.922,3.129,3.333,3.503,3.67,3.784,3.922,4.043,4.147,4.292,4.375,4.464,4.546,4.622,4.687,4.758,4.816,4.879,4.947,5.006,5.073,5.144,5.213,5.278,5.337,5.382,5.442,5.477,5.536,5.588,5.648,5.706,5.755,5.799,5.841,5.895,5.941,5.974,6.009,6.064,6.114,6.166,6.218,6.252,6.299,6.348,6.394,6.441,6.493,6.537,6.575,6.628,6.669,6.716,6.767,6.813,6.878,6.929,6.983,7.043,7.101,7.146,7.191,7.247,7.291,7.342,7.404,7.472,7.516,7.571,7.64,7.699,7.75,7.819,7.871,7.93,7.984,8.041,8.108,8.173,8.246,8.321,8.406,8.49,8.61,8.721,8.813,8.914,9.004,9.18,9.305,9.462,9.655,9.835,10.142,10.546,11.072,12.626
1213,OTH FP,0.703,1.909,2.516,2.922,3.129,3.333,3.503,3.67,3.784,3.922,4.043,4.147,4.292,4.375,4.464,4.546,4.622,4.687,4.758,4.816,4.879,4.947,5.006,5.073,5.144,5.213,5.278,5.337,5.382,5.442,5.477,5.536,5.588,5.648,5.706,5.755,5.799,5.841,5.895,5.941,5.974,6.009,6.064,6.114,6.166,6.218,6.252,6.299,6.348,6.394,6.441,6.493,6.537,6.575,6.628,6.669,6.716,6.767,6.813,6.878,6.929,6.983,7.043,7.101,7.146,7.191,7.247,7.291,7.342,7.404,7.472,7.516,7.571,7.64,7.699,7.75,7.819,7.871,7.93,7.984,8.041,8.108,8.173,8.246,8.321,8.406,8.49,8.61,8.721,8.813,8.914,9.004,9.18,9.305,9.462,9.655,9.835,10.142,10.546,11.072,12.626
1214,OTH FP,0.459,1.672,2.353,2.655,2.949,3.198,3.361,3.523,3.675,3.786,3.893,4.03,4.135,4.237,4.33,4.409,4.528,4.576,4.655,4.752,4.824,4.883,4.951,5.005,5.06,5.123,5.171,5.237,5.289,5.351,5.411,5.468,5.524,5.574,5.627,5.672,5.728,5.775,5.829,5.872,5.927,5.98,6.032,6.08,6.144,6.196,6.24,6.289,6.349,6.411,6.462,6.496,6.547,6.595,6.652,6.697,6.738,6.796,6.833,6.887,6.931,6.984,7.026,7.081,7.152,7.21,7.273,7.327,7.369,7.434,7.507,7.573,7.632,7.692,7.757,7.827,7.893,7.96,8.008,8.072,8.132,8.211,8.279,8.358,8.444,8.548,8.657,8.721,8.82,8.919,9.043,9.181,9.312,9.446,9.595,9.78,10.009,10.315,10.725,11.319,12.61
1215,OTH FP,0.459,1.672,2.353,2.655,2.949,3.198,3.361,3.523,3.675,3.786,3.893,4.03,4.135,4.237,4.33,4.409,4.528,4.576,4.655,4.752,4.824,4.883,4.951,5.005,5.06,5.123,5.171,5.237,5.289,5.351,5.411,5.468,5.524,5.574,5.627,5.672,5.728,5.775,5.829,5.872,5.927,5.98,6.032,6.08,6.144,6.196,6.24,6.289,6.349,6.411,6.462,6.496,6.547,6.595,6.652,6.697,6.738,6.796,6.833,6.887,6.931,6.984,7.026,7.081,7.152,7.21,7.273,7.327,7.369,7.434,7.507,7.573,7.632,7.692,7.757,7.827,7.893,7.96,8.008,8.072,8.132,8.211,8.279,8.358,8.444,8.548,8.657,8.721,8.82,8.919,9.043,9.181,9.312,9.446,9.595,9.78,10.009,10.315,10.725,11.319,12.61
1216,OTH FP,0.315,1.47,2.118,2.549,2.85,3.052,3.205,3.389,3.52,3.646,3.771,3.874,4.009,4.095,4.193,4.307,4.367,4.446,4.526,4.601,4.684,4.756,4.839,4.896,4.966,5.031,5.095,5.173,5.236,5.297,5.348,5.408,5.464,5.518,5.589,5.653,5.705,5.761,5.83,5.871,5.907,5.946,5.988,6.053,6.111,6.161,6.203,6.267,6.317,6.368,6.424,6.478,6.53,6.582,6.643,6.689,6.75,6.806,6.846,6.906,6.958,7.011,7.085,7.136,7.183,7.24,7.29,7.34,7.4,7.471,7.535,7.618,7.688,7.76,7.821,7.916,7.977,8.042,8.114,8.19,8.274,8.337,8.405,8.494,8.573,8.657,8.743,8.86,8.971,9.045,9.16,9.268,9.386,9.518,9.689,9.868,10.106,10.425,10.812,11.429,12.656
1217,OTH FP,0.315,1.47,2.118,2.549,2.85,3.052,3.205,3.389,3.52,3.646,3.771,3.874,4.009,4.095,4.193,4.307,4.367,4.446,4.526,4.601,4.684,4.756,4.839,4.896,4.966,5.031,5.095,5.173,5.236,5.297,5.348,5.408,5.464,5.518,5.589,5.653,5.705,5.761,5.83,5.871,5.907,5.946,5.988,6.053,6.111,6.161,6.203,6.267,6.317,6.368,6.424,6.478,6.53,6.582,6.643,6.689,6.75,6.806,6.846,6.906,6.958,7.011,7.085,7.136,7.183,7.24,7.29,7.34,7.4,7.471,7.535,7.618,7.688,7.76,7.821,7.916,7.977,8.042,8.114,8.19,8.274,8.337,8.405,8.494,8.573,8.657,8.743,8.86,8.971,9.045,9.16,9.268,9.386,9.518,9.689,9.868,10.106,10.425,10.812,11.429,12.656
1218,OTH FP,0.213,1.365,1.969,2.394,2.648,2.931,3.085,3.254,3.382,3.504,3.629,3.764,3.89,3.997,4.106,4.189,4.282,4.37,4.445,4.51,4.575,4.65,4.709,4.813,4.882,4.95,5.023,5.086,5.169,5.223,5.286,5.349,5.432,5.491,5.553,5.622,5.675,5.73,5.778,5.845,5.897,5.956,6.016,6.078,6.138,6.19,6.243,6.292,6.342,6.407,6.448,6.49,6.546,6.601,6.653,6.708,6.763,6.819,6.864,6.923,6.993,7.044,7.103,7.156,7.212,7.29,7.355,7.425,7.489,7.549,7.61,7.68,7.743,7.794,7.876,7.935,7.997,8.061,8.124,8.227,8.307,8.398,8.489,8.581,8.699,8.788,8.873,8.966,9.057,9.16,9.307,9.427,9.583,9.734,9.909,10.086,10.303,10.54,10.957,11.479,13.679
1219,OTH FP,0.213,1.365,1.969,2.394,2.648,2.931,3.085,3.254,3.382,3.504,3.629,3.764,3.89,3.997,4.106,4.189,4.282,4.37,4.445,4.51,4.575,4.65,4.709,4.813,4.882,4.95,5.023,5.086,5.169,5.223,5.286,5.349,5.432,5.491,5.553,5.622,5.675,5.73,5.778,5.845,5.897,5.956,6.016,6.078,6.138,6.19,6.243,6.292,6.342,6.407,6.448,6.49,6.546,6.601,6.653,6.708,6.763,6.819,6.864,6.923,6.993,7.044,7.103,7.156,7.212,7.29,7.355,7.425,7.489,7.549,7.61,7.68,7.743,7.794,7.876,7.935,7.997,8.061,8.124,8.227,8.307,8.398,8.489,8.581,8.699,8.788,8.873,8.966,9.057,9.16,9.307,9.427,9.583,9.734,9.909,10.086,10.303,10.54,10.957,11.479,13.679
1220,OTH FP,0.156,1.183,1.844,2.184,2.462,2.688,2.899,3.098,3.274,3.413,3.539,3.649,3.775,3.912,4.003,4.068,4.138,4.243,4.335,4.413,4.489,4.581,4.658,4.758,4.824,4.916,4.987,5.094,5.157,5.23,5.277,5.338,5.418,5.492,5.547,5.598,5.661,5.706,5.778,5.846,5.888,5.958,6.024,6.082,6.143,6.201,6.265,6.325,6.386,6.443,6.511,6.575,6.622,6.665,6.711,6.764,6.826,6.889,6.953,6.991,7.055,7.111,7.164,7.225,7.314,7.373,7.428,7.504,7.574,7.637,7.71,7.767,7.835,7.899,7.979,8.053,8.116,8.199,8.289,8.386,8.479,8.551,8.636,8.721,8.79,8.867,8.963,9.06,9.141,9.264,9.395,9.509,9.666,9.849,9.996,10.162,10.411,10.702,11.059,11.778,13.394
1221,OTH FP,0.156,1.183,1.844,2.184,2.462,2.688,2.899,3.098,3.274,3.413,3.539,3.649,3.775,3.912,4.003,4.068,4.138,4.243,4.335,4.413,4.489,4.581,4.658,4.758,4.824,4.916,4.987,5.094,5.157,5.23,5.277,5.338,5.418,5.492,5.547,5.598,5.661,5.706,5.778,5.846,5.888,5.958,6.024,6.082,6.143,6.201,6.265,6.325,6.386,6.443,6.511,6.575,6.622,6.665,6.711,6.764,6.826,6.889,6.953,6.991,7.055,7.111,7.164,7.225,7.314,7.373,7.428,7.504,7.574,7.637,7.71,7.767,7.835,7.899,7.979,8.053,8.116,8.199,8.289,8.386,8.479,8.551,8.636,8.721,8.79,8.867,8.963,9.06,9.141,9.264,9.395,9.509,9.666,9.849,9.996,10.162,10.411,10.702,11.059,11.778,13.394
1222,OTH FP,0.409,1.972,2.607,2.968,3.217,3.397,3.546,3.725,3.856,3.976,4.1,4.214,4.305,4.401,4.489,4.566,4.656,4.713,4.787,4.862,4.916,4.979,5.038,5.097,5.173,5.233,5.285,5.351,5.413,5.455,5.508,5.551,5.595,5.642,5.691,5.756,5.805,5.852,5.89,5.944,5.998,6.038,6.082,6.125,6.17,6.209,6.262,6.308,6.348,6.397,6.432,6.468,6.535,6.58,6.618,6.669,6.717,6.78,6.838,6.897,6.948,6.983,7.037,7.089,7.129,7.174,7.214,7.262,7.309,7.359,7.417,7.482,7.529,7.592,7.637,7.684,7.744,7.802,7.847,7.9,7.954,8.014,8.064,8.122,8.166,8.248,8.311,8.384,8.48,8.582,8.664,8.757,8.891,8.981,9.162,9.328,9.503,9.748,10.09,10.626,11.958
1223,OTH FP,0.409,1.972,2.607,2.968,3.217,3.397,3.546,3.725,3.856,3.976,4.1,4.214,4.305,4.401,4.489,4.566,4.656,4.713,4.787,4.862,4.916,4.979,5.038,5.097,5.173,5.233,5.285,5.351,5.413,5.455,5.508,5.551,5.595,5.642,5.691,5.756,5.805,5.852,5.89,5.944,5.998,6.038,6.082,6.125,6.17,6.209,6.262,6.308,6.348,6.397,6.432,6.468,6.535,6.58,6.618,6.669,6.717,6.78,6.838,6.897,6.948,6.983,7.037,7.089,7.129,7.174,7.214,7.262,7.309,7.359,7.417,7.482,7.529,7.592,7.637,7.684,7.744,7.802,7.847,7.9,7.954,8.014,8.064,8.122,8.166,8.248,8.311,8.384,8.48,8.582,8.664,8.757,8.891,8.981,9.162,9.328,9.503,9.748,10.09,10.626,11.958
1224,OTH FP,1.182,2.442,2.9,3.139,3.392,3.628,3.791,3.943,4.062,4.181,4.28,4.38,4.473,4.562,4.639,4.714,4.806,4.868,4.922,4.971,5.054,5.104,5.143,5.2,5.262,5.313,5.369,5.42,5.465,5.523,5.566,5.617,5.664,5.704,5.75,5.791,5.841,5.89,5.943,5.98,6.022,6.066,6.113,6.174,6.213,6.262,6.306,6.359,6.397,6.455,6.497,6.527,6.556,6.594,6.633,6.688,6.726,6.775,6.826,6.872,6.909,6.968,7.021,7.058,7.113,7.152,7.2,7.248,7.286,7.335,7.38,7.415,7.457,7.493,7.548,7.601,7.648,7.716,7.769,7.818,7.877,7.933,7.989,8.051,8.116,8.198,8.266,8.344,8.437,8.529,8.634,8.743,8.856,8.951,9.092,9.216,9.383,9.613,9.801,10.317,12.295
1225,OTH FP,1.182,2.442,2.9,3.139,3.392,3.628,3.791,3.943,4.062,4.181,4.28,4.38,4.473,4.562,4.639,4.714,4.806,4.868,4.922,4.971,5.054,5.104,5.143,5.2,5.262,5.313,5.369,5.42,5.465,5.523,5.566,5.617,5.664,5.704,5.75,5.791,5.841,5.89,5.943,5.98,6.022,6.066,6.113,6.174,6.213,6.262,6.306,6.359,6.397,6.455,6.497,6.527,6.556,6.594,6.633,6.688,6.726,6.775,6.826,6.872,6.909,6.968,7.021,7.058,7.113,7.152,7.2,7.248,7.286,7.335,7.38,7.415,7.457,7.493,7.548,7.601,7.648,7.716,7.769,7.818,7.877,7.933,7.989,8.051,8.116,8.198,8.266,8.344,8.437,8.529,8.634,8.743,8.856,8.951,9.092,9.216,9.383,9.613,9.801,10.317,12.295
1226,OTH FP,1.657,2.695,3.273,3.475,3.658,3.862,3.981,4.132,4.234,4.328,4.432,4.536,4.607,4.697,4.782,4.848,4.907,4.967,5.021,5.081,5.141,5.193,5.229,5.285,5.34,5.394,5.457,5.524,5.58,5.631,5.675,5.72,5.759,5.804,5.844,5.883,5.922,5.964,6.001,6.049,6.094,6.132,6.17,6.218,6.251,6.304,6.334,6.38,6.416,6.449,6.492,6.53,6.571,6.594,6.648,6.696,6.729,6.772,6.825,6.865,6.907,6.943,6.987,7.022,7.059,7.098,7.143,7.18,7.218,7.274,7.313,7.353,7.395,7.44,7.482,7.546,7.597,7.656,7.695,7.747,7.797,7.854,7.901,7.955,8.013,8.066,8.144,8.221,8.317,8.412,8.508,8.608,8.702,8.798,8.902,8.996,9.176,9.397,9.661,10.096,11.458
1227,OTH FP,1.657,2.695,3.273,3.475,3.658,3.862,3.981,4.132,4.234,4.328,4.432,4.536,4.607,4.697,4.782,4.848,4.907,4.967,5.021,5.081,5.141,5.193,5.229,5.285,5.34,5.394,5.457,5.524,5.58,5.631,5.675,5.72,5.759,5.804,5.844,5.883,5.922,5.964,6.001,6.049,6.094,6.132,6.17,6.218,6.251,6.304,6.334,6.38,6.416,6.449,6.492,6.53,6.571,6.594,6.648,6.696,6.729,6.772,6.825,6.865,6.907,6.943,6.987,7.022,7.059,7.098,7.143,7.18,7.218,7.274,7.313,7.353,7.395,7.44,7.482,7.546,7.597,7.656,7.695,7.747,7.797,7.854,7.901,7.955,8.013,8.066,8.144,8.221,8.317,8.412,8.508,8.608,8.702,8.798,8.902,8.996,9.176,9.397,9.661,10.096,11.458
1228,OTH FP,2.311,3.106,3.528,3.811,3.98,4.144,4.235,4.336,4.452,4.528,4.626,4.708,4.779,4.845,4.9,4.984,5.032,5.083,5.131,5.178,5.238,5.294,5.329,5.379,5.436,5.482,5.529,5.568,5.612,5.654,5.696,5.743,5.778,5.824,5.859,5.913,5.967,6.005,6.042,6.073,6.108,6.143,6.172,6.218,6.256,6.297,6.342,6.383,6.423,6.46,6.499,6.532,6.578,6.618,6.647,6.685,6.723,6.751,6.784,6.828,6.86,6.901,6.936,6.982,7.017,7.06,7.098,7.135,7.171,7.215,7.246,7.293,7.328,7.369,7.409,7.452,7.495,7.531,7.596,7.647,7.703,7.762,7.812,7.856,7.913,7.958,8.023,8.087,8.143,8.219,8.294,8.379,8.467,8.559,8.67,8.806,8.945,9.072,9.266,9.829,10.759
1229,OTH FP,2.311,3.106,3.528,3.811,3.98,4.144,4.235,4.336,4.452,4.528,4.626,4.708,4.779,4.845,4.9,4.984,5.032,5.083,5.131,5.178,5.238,5.294,5.329,5.379,5.436,5.482,5.529,5.568,5.612,5.654,5.696,5.743,5.778,5.824,5.859,5.913,5.967,6.005,6.042,6.073,6.108,6.143,6.172,6.218,6.256,6.297,6.342,6.383,6.423,6.46,6.499,6.532,6.578,6.618,6.647,6.685,6.723,6.751,6.784,6.828,6.86,6.901,6.936,6.982,7.017,7.06,7.098,7.135,7.171,7.215,7.246,7.293,7.328,7.369,7.409,7.452,7.495,7.531,7.596,7.647,7.703,7.762,7.812,7.856,7.913,7.958,8.023,8.087,8.143,8.219,8.294,8.379,8.467,8.559,8.67,8.806,8.945,9.072,9.266,9.829,10.759
1230,OTH FP,2.044,3.141,3.555,3.819,3.998,4.128,4.303,4.419,4.509,4.58,4.672,4.74,4.818,4.878,4.949,5.003,5.062,5.121,5.193,5.232,5.288,5.343,5.405,5.461,5.502,5.562,5.623,5.665,5.713,5.753,5.796,5.839,5.891,5.931,5.978,6.008,6.05,6.092,6.124,6.17,6.214,6.246,6.283,6.326,6.368,6.402,6.448,6.479,6.52,6.556,6.593,6.628,6.67,6.701,6.734,6.764,6.795,6.829,6.881,6.915,6.962,6.999,7.031,7.07,7.112,7.166,7.192,7.244,7.296,7.347,7.389,7.426,7.478,7.525,7.571,7.618,7.675,7.731,7.783,7.829,7.883,7.924,7.977,8.029,8.08,8.139,8.206,8.264,8.335,8.407,8.486,8.592,8.696,8.784,8.903,9.026,9.168,9.37,9.626,9.939,11.247
1231,OTH FP,2.044,3.141,3.555,3.819,3.998,4.128,4.303,4.419,4.509,4.58,4.672,4.74,4.818,4.878,4.949,5.003,5.062,5.121,5.193,5.232,5.288,5.343,5.405,5.461,5.502,5.562,5.623,5.665,5.713,5.753,5.796,5.839,5.891,5.931,5.978,6.008,6.05,6.092,6.124,6.17,6.214,6.246,6.283,6.326,6.368,6.402,6.448,6.479,6.52,6.556,6.593,6.628,6.67,6.701,6.734,6.764,6.795,6.829,6.881,6.915,6.962,6.999,7.031,7.07,7.112,7.166,7.192,7.244,7.296,7.347,7.389,7.426,7.478,7.525,7.571,7.618,7.675,7.731,7.783,7.829,7.883,7.924,7.977,8.029,8.08,8.139,8.206,8.264,8.335,8.407,8.486,8.592,8.696,8.784,8.903,9.026,9.168,9.37,9.626,9.939,11.247
1232,OTH FP,2.028,3.025,3.58,3.791,4.017,4.224,4.324,4.442,4.564,4.656,4.723,4.802,4.888,4.978,5.033,5.1,5.143,5.2,5.257,5.314,5.378,5.419,5.484,5.53,5.581,5.638,5.674,5.719,5.757,5.806,5.85,5.894,5.928,5.993,6.028,6.077,6.127,6.169,6.209,6.252,6.298,6.33,6.38,6.42,6.467,6.502,6.542,6.578,6.618,6.671,6.711,6.748,6.788,6.828,6.866,6.906,6.932,6.977,7.029,7.072,7.114,7.146,7.181,7.219,7.25,7.288,7.332,7.368,7.412,7.458,7.503,7.54,7.586,7.638,7.701,7.749,7.796,7.837,7.878,7.914,7.966,8.024,8.087,8.15,8.228,8.307,8.368,8.43,8.506,8.601,8.682,8.758,8.871,8.979,9.063,9.192,9.333,9.567,9.737,10.166,11.36
1233,OTH FP,2.028,3.025,3.58,3.791,4.017,4.224,4.324,4.442,4.564,4.656,4.723,4.802,4.888,4.978,5.033,5.1,5.143,5.2,5.257,5.314,5.378,5.419,5.484,5.53,5.581,5.638,5.674,5.719,5.757,5.806,5.85,5.894,5.928,5.993,6.028,6.077,6.127,6.169,6.209,6.252,6.298,6.33,6.38,6.42,6.467,6.502,6.542,6.578,6.618,6.671,6.711,6.748,6.788,6.828,6.866,6.906,6.932,6.977,7.029,7.072,7.114,7.146,7.181,7.219,7.25,7.288,7.332,7.368,7.412,7.458,7.503,7.54,7.586,7.638,7.701,7.749,7.796,7.837,7.878,7.914,7.966,8.024,8.087,8.15,8.228,8.307,8.368,8.43,8.506,8.601,8.682,8.758,8.871,8.979,9.063,9.192,9.333,9.567,9.737,10.166,11.36
1234,OTH FP,2.009,3.226,3.61,3.928,4.084,4.245,4.362,4.499,4.613,4.717,4.829,4.892,4.968,5.033,5.111,5.179,5.245,5.289,5.36,5.436,5.493,5.55,5.592,5.647,5.693,5.75,5.786,5.841,5.888,5.937,5.983,6.027,6.072,6.111,6.174,6.206,6.24,6.28,6.332,6.381,6.423,6.458,6.5,6.544,6.578,6.61,6.651,6.686,6.729,6.762,6.795,6.856,6.889,6.937,6.981,7.018,7.045,7.095,7.142,7.181,7.218,7.252,7.291,7.333,7.376,7.404,7.452,7.492,7.547,7.593,7.634,7.668,7.712,7.75,7.798,7.848,7.902,7.957,8.02,8.063,8.116,8.154,8.213,8.278,8.362,8.419,8.495,8.551,8.606,8.699,8.772,8.873,8.948,9.064,9.185,9.291,9.438,9.64,9.866,10.346,11.657
1235,OTH FP,2.009,3.226,3.61,3.928,4.084,4.245,4.362,4.499,4.613,4.717,4.829,4.892,4.968,5.033,5.111,5.179,5.245,5.289,5.36,5.436,5.493,5.55,5.592,5.647,5.693,5.75,5.786,5.841,5.888,5.937,5.983,6.027,6.072,6.111,6.174,6.206,6.24,6.28,6.332,6.381,6.423,6.458,6.5,6.544,6.578,6.61,6.651,6.686,6.729,6.762,6.795,6.856,6.889,6.937,6.981,7.018,7.045,7.095,7.142,7.181,7.218,7.252,7.291,7.333,7.376,7.404,7.452,7.492,7.547,7.593,7.634,7.668,7.712,7.75,7.798,7.848,7.902,7.957,8.02,8.063,8.116,8.154,8.213,8.278,8.362,8.419,8.495,8.551,8.606,8.699,8.772,8.873,8.948,9.064,9.185,9.291,9.438,9.64,9.866,10.346,11.657
1236,OTH FP,2.082,3.365,3.756,3.978,4.193,4.324,4.471,4.551,4.663,4.784,4.863,4.942,5.056,5.142,5.193,5.266,5.341,5.414,5.473,5.521,5.572,5.623,5.68,5.724,5.789,5.843,5.891,5.936,5.986,6.029,6.079,6.122,6.17,6.207,6.258,6.317,6.372,6.421,6.473,6.515,6.551,6.589,6.617,6.664,6.692,6.726,6.768,6.807,6.848,6.885,6.935,6.974,7.01,7.044,7.077,7.114,7.162,7.194,7.233,7.277,7.31,7.354,7.392,7.431,7.466,7.499,7.542,7.581,7.627,7.66,7.711,7.765,7.819,7.88,7.915,7.966,7.998,8.044,8.109,8.149,8.195,8.252,8.304,8.348,8.382,8.448,8.519,8.592,8.663,8.765,8.843,8.926,9.006,9.124,9.273,9.373,9.563,9.774,10.039,10.423,11.409
1237,OTH FP,2.082,3.365,3.756,3.978,4.193,4.324,4.471,4.551,4.663,4.784,4.863,4.942,5.056,5.142,5.193,5.266,5.341,5.414,5.473,5.521,5.572,5.623,5.68,5.724,5.789,5.843,5.891,5.936,5.986,6.029,6.079,6.122,6.17,6.207,6.258,6.317,6.372,6.421,6.473,6.515,6.551,6.589,6.617,6.664,6.692,6.726,6.768,6.807,6.848,6.885,6.935,6.974,7.01,7.044,7.077,7.114,7.162,7.194,7.233,7.277,7.31,7.354,7.392,7.431,7.466,7.499,7.542,7.581,7.627,7.66,7.711,7.765,7.819,7.88,7.915,7.966,7.998,8.044,8.109,8.149,8.195,8.252,8.304,8.348,8.382,8.448,8.519,8.592,8.663,8.765,8.843,8.926,9.006,9.124,9.273,9.373,9.563,9.774,10.039,10.423,11.409
1238,OTH FP,2.357,3.445,3.882,4.132,4.267,4.409,4.564,4.676,4.806,4.913,5.001,5.091,5.16,5.239,5.314,5.384,5.449,5.516,5.568,5.622,5.685,5.745,5.79,5.846,5.91,5.959,6.021,6.066,6.101,6.133,6.17,6.214,6.266,6.323,6.367,6.409,6.459,6.506,6.544,6.578,6.634,6.676,6.706,6.751,6.797,6.826,6.876,6.914,6.958,6.988,7.026,7.059,7.094,7.127,7.168,7.205,7.246,7.284,7.325,7.361,7.406,7.461,7.493,7.528,7.567,7.604,7.643,7.688,7.73,7.771,7.813,7.86,7.902,7.946,7.997,8.057,8.105,8.153,8.199,8.248,8.302,8.353,8.411,8.451,8.524,8.589,8.645,8.705,8.786,8.843,8.944,9.049,9.149,9.243,9.363,9.535,9.706,9.871,10.072,10.667,11.317
1239,OTH FP,2.357,3.445,3.882,4.132,4.267,4.409,4.564,4.676,4.806,4.913,5.001,5.091,5.16,5.239,5.314,5.384,5.449,5.516,5.568,5.622,5.685,5.745,5.79,5.846,5.91,5.959,6.021,6.066,6.101,6.133,6.17,6.214,6.266,6.323,6.367,6.409,6.459,6.506,6.544,6.578,6.634,6.676,6.706,6.751,6.797,6.826,6.876,6.914,6.958,6.988,7.026,7.059,7.094,7.127,7.168,7.205,7.246,7.284,7.325,7.361,7.406,7.461,7.493,7.528,7.567,7.604,7.643,7.688,7.73,7.771,7.813,7.86,7.902,7.946,7.997,8.057,8.105,8.153,8.199,8.248,8.302,8.353,8.411,8.451,8.524,8.589,8.645,8.705,8.786,8.843,8.944,9.049,9.149,9.243,9.363,9.535,9.706,9.871,10.072,10.667,11.317
1240,OTH FP,2.664,3.559,3.977,4.242,4.418,4.601,4.764,4.885,4.987,5.084,5.146,5.233,5.335,5.424,5.492,5.552,5.606,5.657,5.715,5.777,5.832,5.884,5.919,5.959,6.011,6.048,6.112,6.165,6.219,6.269,6.315,6.377,6.412,6.453,6.503,6.533,6.583,6.621,6.662,6.697,6.733,6.77,6.815,6.855,6.91,6.94,6.978,7.009,7.042,7.078,7.11,7.145,7.184,7.22,7.269,7.307,7.34,7.391,7.426,7.461,7.501,7.541,7.588,7.623,7.66,7.702,7.744,7.793,7.847,7.886,7.929,7.976,8.014,8.053,8.1,8.154,8.206,8.245,8.288,8.354,8.396,8.438,8.504,8.58,8.634,8.695,8.751,8.809,8.86,8.943,9.033,9.123,9.236,9.37,9.494,9.606,9.758,9.995,10.202,10.631,11.88
1241,OTH FP,2.664,3.559,3.977,4.242,4.418,4.601,4.764,4.885,4.987,5.084,5.146,5.233,5.335,5.424,5.492,5.552,5.606,5.657,5.715,5.777,5.832,5.884,5.919,5.959,6.011,6.048,6.112,6.165,6.219,6.269,6.315,6.377,6.412,6.453,6.503,6.533,6.583,6.621,6.662,6.697,6.733,6.77,6.815,6.855,6.91,6.94,6.978,7.009,7.042,7.078,7.11,7.145,7.184,7.22,7.269,7.307,7.34,7.391,7.426,7.461,7.501,7.541,7.588,7.623,7.66,7.702,7.744,7.793,7.847,7.886,7.929,7.976,8.014,8.053,8.1,8.154,8.206,8.245,8.288,8.354,8.396,8.438,8.504,8.58,8.634,8.695,8.751,8.809,8.86,8.943,9.033,9.123,9.236,9.37,9.494,9.606,9.758,9.995,10.202,10.631,11.88
1242,OTH FP,2.878,4.001,4.382,4.629,4.848,4.951,5.121,5.266,5.368,5.475,5.538,5.629,5.691,5.75,5.808,5.851,5.903,5.968,6.004,6.056,6.102,6.155,6.21,6.267,6.318,6.366,6.415,6.457,6.505,6.535,6.581,6.624,6.66,6.693,6.735,6.775,6.813,6.871,6.906,6.943,6.974,7.005,7.048,7.091,7.12,7.164,7.2,7.243,7.279,7.327,7.369,7.406,7.448,7.48,7.505,7.548,7.576,7.607,7.647,7.685,7.72,7.754,7.792,7.829,7.866,7.906,7.94,7.988,8.022,8.073,8.131,8.17,8.214,8.251,8.288,8.328,8.378,8.422,8.48,8.522,8.58,8.628,8.697,8.76,8.814,8.876,8.953,9.017,9.106,9.18,9.262,9.341,9.44,9.549,9.67,9.785,9.954,10.122,10.325,10.724,11.741
1243,OTH FP,2.878,4.001,4.382,4.629,4.848,4.951,5.121,5.266,5.368,5.475,5.538,5.629,5.691,5.75,5.808,5.851,5.903,5.968,6.004,6.056,6.102,6.155,6.21,6.267,6.318,6.366,6.415,6.457,6.505,6.535,6.581,6.624,6.66,6.693,6.735,6.775,6.813,6.871,6.906,6.943,6.974,7.005,7.048,7.091,7.12,7.164,7.2,7.243,7.279,7.327,7.369,7.406,7.448,7.48,7.505,7.548,7.576,7.607,7.647,7.685,7.72,7.754,7.792,7.829,7.866,7.906,7.94,7.988,8.022,8.073,8.131,8.17,8.214,8.251,8.288,8.328,8.378,8.422,8.48,8.522,8.58,8.628,8.697,8.76,8.814,8.876,8.953,9.017,9.106,9.18,9.262,9.341,9.44,9.549,9.67,9.785,9.954,10.122,10.325,10.724,11.741
1244,OTH FP,3.959,4.851,5.136,5.334,5.456,5.583,5.672,5.759,5.844,5.928,6.022,6.105,6.164,6.225,6.271,6.32,6.374,6.436,6.481,6.519,6.553,6.591,6.637,6.68,6.712,6.75,6.789,6.828,6.867,6.906,6.936,6.967,7.01,7.04,7.068,7.098,7.134,7.173,7.211,7.243,7.273,7.313,7.351,7.386,7.421,7.456,7.483,7.513,7.54,7.571,7.602,7.633,7.658,7.688,7.723,7.755,7.792,7.831,7.863,7.899,7.922,7.952,8.0,8.036,8.065,8.094,8.132,8.158,8.185,8.215,8.258,8.295,8.335,8.367,8.404,8.445,8.49,8.531,8.575,8.62,8.669,8.701,8.74,8.781,8.826,8.889,8.943,9.002,9.07,9.135,9.226,9.307,9.387,9.485,9.582,9.707,9.874,10.062,10.271,10.612,11.484
1245,OTH FP,3.959,4.851,5.136,5.334,5.456,5.583,5.672,5.759,5.844,5.928,6.022,6.105,6.164,6.225,6.271,6.32,6.374,6.436,6.481,6.519,6.553,6.591,6.637,6.68,6.712,6.75,6.789,6.828,6.867,6.906,6.936,6.967,7.01,7.04,7.068,7.098,7.134,7.173,7.211,7.243,7.273,7.313,7.351,7.386,7.421,7.456,7.483,7.513,7.54,7.571,7.602,7.633,7.658,7.688,7.723,7.755,7.792,7.831,7.863,7.899,7.922,7.952,8.0,8.036,8.065,8.094,8.132,8.158,8.185,8.215,8.258,8.295,8.335,8.367,8.404,8.445,8.49,8.531,8.575,8.62,8.669,8.701,8.74,8.781,8.826,8.889,8.943,9.002,9.07,9.135,9.226,9.307,9.387,9.485,9.582,9.707,9.874,10.062,10.271,10.612,11.484
1246,OTH FP,3.861,4.782,5.295,5.565,5.738,5.883,6.019,6.106,6.217,6.309,6.384,6.445,6.54,6.597,6.652,6.721,6.777,6.837,6.884,6.933,6.989,7.048,7.091,7.138,7.194,7.232,7.28,7.315,7.349,7.388,7.431,7.464,7.501,7.536,7.572,7.617,7.661,7.694,7.739,7.772,7.8,7.837,7.87,7.898,7.926,7.978,8.008,8.039,8.09,8.135,8.169,8.208,8.238,8.269,8.301,8.328,8.365,8.396,8.435,8.464,8.501,8.543,8.579,8.615,8.642,8.67,8.715,8.774,8.817,8.851,8.892,8.936,8.972,9.022,9.065,9.107,9.145,9.195,9.239,9.287,9.339,9.38,9.434,9.479,9.535,9.586,9.656,9.705,9.783,9.866,9.95,10.024,10.106,10.209,10.327,10.482,10.649,10.82,11.048,11.583,12.728
1247,OTH FP,3.861,4.782,5.295,5.565,5.738,5.883,6.019,6.106,6.217,6.309,6.384,6.445,6.54,6.597,6.652,6.721,6.777,6.837,6.884,6.933,6.989,7.048,7.091,7.138,7.194,7.232,7.28,7.315,7.349,7.388,7.431,7.464,7.501,7.536,7.572,7.617,7.661,7.694,7.739,7.772,7.8,7.837,7.87,7.898,7.926,7.978,8.008,8.039,8.09,8.135,8.169,8.208,8.238,8.269,8.301,8.328,8.365,8.396,8.435,8.464,8.501,8.543,8.579,8.615,8.642,8.67,8.715,8.774,8.817,8.851,8.892,8.936,8.972,9.022,9.065,9.107,9.145,9.195,9.239,9.287,9.339,9.38,9.434,9.479,9.535,9.586,9.656,9.705,9.783,9.866,9.95,10.024,10.106,10.209,10.327,10.482,10.649,10.82,11.048,11.583,12.728
1248,OTH FP,4.134,5.445,5.815,6.03,6.138,6.326,6.45,6.577,6.687,6.759,6.825,6.922,7.007,7.083,7.15,7.206,7.266,7.32,7.379,7.435,7.507,7.565,7.602,7.638,7.682,7.744,7.786,7.841,7.873,7.92,7.968,8.004,8.033,8.069,8.106,8.149,8.196,8.23,8.274,8.309,8.35,8.377,8.415,8.454,8.497,8.523,8.564,8.6,8.63,8.67,8.701,8.731,8.763,8.8,8.825,8.854,8.892,8.93,8.969,9.002,9.041,9.073,9.103,9.147,9.185,9.222,9.263,9.3,9.346,9.388,9.421,9.461,9.506,9.542,9.592,9.64,9.684,9.732,9.786,9.845,9.897,9.954,10.026,10.085,10.141,10.213,10.276,10.358,10.419,10.478,10.538,10.612,10.704,10.805,10.903,11.065,11.225,11.414,11.655,12.036,13.084
1249,OTH FP,4.134,5.445,5.815,6.03,6.138,6.326,6.45,6.577,6.687,6.759,6.825,6.922,7.007,7.083,7.15,7.206,7.266,7.32,7.379,7.435,7.507,7.565,7.602,7.638,7.682,7.744,7.786,7.841,7.873,7.92,7.968,8.004,8.033,8.069,8.106,8.149,8.196,8.23,8.274,8.309,8.35,8.377,8.415,8.454,8.497,8.523,8.564,8.6,8.63,8.67,8.701,8.731,8.763,8.8,8.825,8.854,8.892,8.93,8.969,9.002,9.041,9.073,9.103,9.147,9.185,9.222,9.263,9.3,9.346,9.388,9.421,9.461,9.506,9.542,9.592,9.64,9.684,9.732,9.786,9.845,9.897,9.954,10.026,10.085,10.141,10.213,10.276,10.358,10.419,10.478,10.538,10.612,10.704,10.805,10.903,11.065,11.225,11.414,11.655,12.036,13.084
1250,OTH FP,4.994,5.99,6.451,6.683,6.847,6.971,7.108,7.2,7.307,7.384,7.472,7.556,7.626,7.693,7.753,7.801,7.861,7.921,7.971,8.022,8.076,8.116,8.159,8.208,8.254,8.299,8.337,8.379,8.42,8.477,8.51,8.548,8.582,8.613,8.654,8.681,8.715,8.738,8.777,8.811,8.85,8.893,8.921,8.969,9.013,9.043,9.094,9.125,9.156,9.195,9.23,9.272,9.3,9.329,9.372,9.411,9.445,9.49,9.516,9.537,9.579,9.613,9.642,9.68,9.709,9.764,9.802,9.853,9.881,9.92,9.954,9.988,10.032,10.077,10.124,10.171,10.221,10.253,10.316,10.355,10.413,10.473,10.521,10.577,10.63,10.685,10.747,10.805,10.862,10.958,11.021,11.098,11.172,11.236,11.317,11.462,11.634,11.861,12.076,12.434,13.398
1251,OTH FP,4.994,5.99,6.451,6.683,6.847,6.971,7.108,7.2,7.307,7.384,7.472,7.556,7.626,7.693,7.753,7.801,7.861,7.921,7.971,8.022,8.076,8.116,8.159,8.208,8.254,8.299,8.337,8.379,8.42,8.477,8.51,8.548,8.582,8.613,8.654,8.681,8.715,8.738,8.777,8.811,8.85,8.893,8.921,8.969,9.013,9.043,9.094,9.125,9.156,9.195,9.23,9.272,9.3,9.329,9.372,9.411,9.445,9.49,9.516,9.537,9.579,9.613,9.642,9.68,9.709,9.764,9.802,9.853,9.881,9.92,9.954,9.988,10.032,10.077,10.124,10.171,10.221,10.253,10.316,10.355,10.413,10.473,10.521,10.577,10.63,10.685,10.747,10.805,10.862,10.958,11.021,11.098,11.172,11.236,11.317,11.462,11.634,11.861,12.076,12.434,13.398
