Start date day,Month,Year
15,02,2015
Day,Party,0%,1%,2%,3%,4%,5%,6%,7%,8%,9%,10%,11%,12%,13%,14%,15%,16%,17%,18%,19%,20%,21%,22%,23%,24%,25%,26%,27%,28%,29%,30%,31%,32%,33%,34%,35%,36%,37%,38%,39%,40%,41%,42%,43%,44%,45%,46%,47%,48%,49%,50%,51%,52%,53%,54%,55%,56%,57%,58%,59%,60%,61%,62%,63%,64%,65%,66%,67%,68%,69%,70%,71%,72%,73%,74%,75%,76%,77%,78%,79%,80%,81%,82%,83%,84%,85%,86%,87%,88%,89%,90%,91%,92%,93%,94%,95%,96%,97%,98%,99%,100%
0,@TPP,46.332,47.55,47.914,48.076,48.259,48.434,48.539,48.629,48.724,48.804,48.886,48.951,49.011,49.084,49.14,49.2,49.253,49.306,49.344,49.401,49.445,49.49,49.534,49.574,49.624,49.667,49.705,49.741,49.77,49.816,49.86,49.89,49.933,49.971,50.007,50.039,50.072,50.104,50.136,50.18,50.217,50.25,50.276,50.308,50.35,50.388,50.432,50.46,50.489,50.518,50.546,50.582,50.617,50.646,50.685,50.707,50.734,50.77,50.805,50.833,50.869,50.899,50.929,50.965,50.995,51.028,51.07,51.106,51.138,51.17,51.215,51.245,51.296,51.331,51.378,51.423,51.469,51.521,51.558,51.611,51.662,51.693,51.732,51.783,51.837,51.887,51.951,52.005,52.076,52.146,52.211,52.282,52.386,52.496,52.609,52.734,52.838,53.028,53.223,53.539,54.568
1,@TPP,46.332,47.55,47.914,48.076,48.259,48.434,48.539,48.629,48.724,48.804,48.886,48.951,49.011,49.084,49.14,49.2,49.253,49.306,49.344,49.401,49.445,49.49,49.534,49.574,49.624,49.667,49.705,49.741,49.77,49.816,49.86,49.89,49.933,49.971,50.007,50.039,50.072,50.104,50.136,50.18,50.217,50.25,50.276,50.308,50.35,50.388,50.432,50.46,50.489,50.518,50.546,50.582,50.617,50.646,50.685,50.707,50.734,50.77,50.805,50.833,50.869,50.899,50.929,50.965,50.995,51.028,51.07,51.106,51.138,51.17,51.215,51.245,51.296,51.331,51.378,51.423,51.469,51.521,51.558,51.611,51.662,51.693,51.732,51.783,51.837,51.887,51.951,52.005,52.076,52.146,52.211,52.282,52.386,52.496,52.609,52.734,52.838,53.028,53.223,53.539,54.568
2,@TPP,46.691,47.493,47.874,48.179,48.377,48.479,48.583,48.639,48.709,48.829,48.899,48.972,49.04,49.107,49.178,49.229,49.288,49.337,49.397,49.444,49.49,49.54,49.591,49.638,49.672,49.702,49.738,49.77,49.811,49.844,49.887,49.923,49.968,49.998,50.028,50.069,50.093,50.128,50.166,50.205,50.239,50.279,50.315,50.344,50.383,50.419,50.444,50.479,50.516,50.552,50.579,50.611,50.637,50.668,50.703,50.729,50.764,50.794,50.836,50.878,50.916,50.949,50.98,51.011,51.036,51.065,51.105,51.14,51.187,51.229,51.277,51.313,51.344,51.381,51.422,51.462,51.512,51.551,51.592,51.639,51.689,51.739,51.784,51.836,51.876,51.915,51.961,52.017,52.112,52.181,52.247,52.309,52.389,52.474,52.583,52.705,52.862,53.013,53.22,53.552,54.825
3,@TPP,46.691,47.493,47.874,48.179,48.377,48.479,48.583,48.639,48.709,48.829,48.899,48.972,49.04,49.107,49.178,49.229,49.288,49.337,49.397,49.444,49.49,49.54,49.591,49.638,49.672,49.702,49.738,49.77,49.811,49.844,49.887,49.923,49.968,49.998,50.028,50.069,50.093,50.128,50.166,50.205,50.239,50.279,50.315,50.344,50.383,50.419,50.444,50.479,50.516,50.552,50.579,50.611,50.637,50.668,50.703,50.729,50.764,50.794,50.836,50.878,50.916,50.949,50.98,51.011,51.036,51.065,51.105,51.14,51.187,51.229,51.277,51.313,51.344,51.381,51.422,51.462,51.512,51.551,51.592,51.639,51.689,51.739,51.784,51.836,51.876,51.915,51.961,52.017,52.112,52.181,52.247,52.309,52.389,52.474,52.583,52.705,52.862,53.013,53.22,53.552,54.825
4,@TPP,46.814,47.621,47.895,48.175,48.36,48.525,48.614,48.706,48.796,48.883,48.952,49.017,49.071,49.136,49.203,49.261,49.316,49.36,49.411,49.452,49.506,49.547,49.586,49.622,49.664,49.71,49.755,49.785,49.829,49.873,49.907,49.939,49.984,50.017,50.047,50.086,50.123,50.15,50.181,50.223,50.251,50.287,50.331,50.366,50.396,50.435,50.47,50.508,50.545,50.578,50.608,50.633,50.668,50.7,50.723,50.757,50.79,50.82,50.845,50.872,50.91,50.944,50.976,50.999,51.039,51.079,51.11,51.148,51.189,51.233,51.261,51.311,51.347,51.382,51.426,51.474,51.504,51.548,51.598,51.647,51.695,51.733,51.769,51.808,51.857,51.919,51.974,52.033,52.099,52.17,52.24,52.342,52.447,52.526,52.607,52.709,52.837,53.01,53.228,53.523,54.936
5,@TPP,46.814,47.621,47.895,48.175,48.36,48.525,48.614,48.706,48.796,48.883,48.952,49.017,49.071,49.136,49.203,49.261,49.316,49.36,49.411,49.452,49.506,49.547,49.586,49.622,49.664,49.71,49.755,49.785,49.829,49.873,49.907,49.939,49.984,50.017,50.047,50.086,50.123,50.15,50.181,50.223,50.251,50.287,50.331,50.366,50.396,50.435,50.47,50.508,50.545,50.578,50.608,50.633,50.668,50.7,50.723,50.757,50.79,50.82,50.845,50.872,50.91,50.944,50.976,50.999,51.039,51.079,51.11,51.148,51.189,51.233,51.261,51.311,51.347,51.382,51.426,51.474,51.504,51.548,51.598,51.647,51.695,51.733,51.769,51.808,51.857,51.919,51.974,52.033,52.099,52.17,52.24,52.342,52.447,52.526,52.607,52.709,52.837,53.01,53.228,53.523,54.936
6,@TPP,46.779,47.651,48.046,48.258,48.421,48.574,48.661,48.757,48.856,48.909,48.98,49.029,49.099,49.172,49.22,49.292,49.353,49.403,49.451,49.496,49.538,49.572,49.607,49.634,49.687,49.734,49.768,49.807,49.848,49.883,49.916,49.971,50.014,50.045,50.077,50.101,50.133,50.161,50.202,50.241,50.271,50.308,50.334,50.37,50.4,50.427,50.466,50.494,50.523,50.553,50.59,50.631,50.673,50.706,50.739,50.774,50.804,50.833,50.862,50.902,50.938,50.973,51.007,51.039,51.067,51.099,51.147,51.177,51.208,51.25,51.292,51.337,51.379,51.42,51.457,51.502,51.546,51.583,51.618,51.663,51.694,51.74,51.787,51.842,51.891,51.943,51.996,52.054,52.1,52.191,52.259,52.338,52.412,52.522,52.624,52.742,52.853,53.035,53.246,53.573,54.798
7,@TPP,46.779,47.651,48.046,48.258,48.421,48.574,48.661,48.757,48.856,48.909,48.98,49.029,49.099,49.172,49.22,49.292,49.353,49.403,49.451,49.496,49.538,49.572,49.607,49.634,49.687,49.734,49.768,49.807,49.848,49.883,49.916,49.971,50.014,50.045,50.077,50.101,50.133,50.161,50.202,50.241,50.271,50.308,50.334,50.37,50.4,50.427,50.466,50.494,50.523,50.553,50.59,50.631,50.673,50.706,50.739,50.774,50.804,50.833,50.862,50.902,50.938,50.973,51.007,51.039,51.067,51.099,51.147,51.177,51.208,51.25,51.292,51.337,51.379,51.42,51.457,51.502,51.546,51.583,51.618,51.663,51.694,51.74,51.787,51.842,51.891,51.943,51.996,52.054,52.1,52.191,52.259,52.338,52.412,52.522,52.624,52.742,52.853,53.035,53.246,53.573,54.798
8,@TPP,46.852,47.776,48.066,48.297,48.457,48.605,48.676,48.76,48.823,48.884,48.976,49.052,49.131,49.21,49.263,49.311,49.353,49.412,49.455,49.509,49.566,49.603,49.644,49.686,49.73,49.772,49.81,49.845,49.891,49.924,49.952,49.99,50.033,50.073,50.107,50.141,50.172,50.211,50.254,50.274,50.31,50.341,50.366,50.393,50.423,50.446,50.484,50.52,50.548,50.587,50.615,50.651,50.69,50.726,50.752,50.786,50.819,50.847,50.875,50.902,50.944,50.976,51.023,51.061,51.093,51.122,51.156,51.19,51.237,51.273,51.303,51.349,51.373,51.404,51.439,51.481,51.521,51.563,51.602,51.648,51.692,51.729,51.782,51.828,51.9,51.947,51.996,52.051,52.133,52.208,52.297,52.375,52.446,52.524,52.617,52.712,52.861,53.064,53.24,53.6,54.95
9,@TPP,46.852,47.776,48.066,48.297,48.457,48.605,48.676,48.76,48.823,48.884,48.976,49.052,49.131,49.21,49.263,49.311,49.353,49.412,49.455,49.509,49.566,49.603,49.644,49.686,49.73,49.772,49.81,49.845,49.891,49.924,49.952,49.99,50.033,50.073,50.107,50.141,50.172,50.211,50.254,50.274,50.31,50.341,50.366,50.393,50.423,50.446,50.484,50.52,50.548,50.587,50.615,50.651,50.69,50.726,50.752,50.786,50.819,50.847,50.875,50.902,50.944,50.976,51.023,51.061,51.093,51.122,51.156,51.19,51.237,51.273,51.303,51.349,51.373,51.404,51.439,51.481,51.521,51.563,51.602,51.648,51.692,51.729,51.782,51.828,51.9,51.947,51.996,52.051,52.133,52.208,52.297,52.375,52.446,52.524,52.617,52.712,52.861,53.064,53.24,53.6,54.95
10,@TPP,47.083,47.758,48.152,48.313,48.473,48.606,48.709,48.802,48.884,48.968,49.055,49.118,49.17,49.231,49.303,49.356,49.409,49.466,49.52,49.563,49.601,49.63,49.691,49.736,49.776,49.815,49.853,49.899,49.936,49.969,50.006,50.033,50.072,50.109,50.144,50.183,50.211,50.243,50.277,50.304,50.343,50.378,50.402,50.44,50.472,50.507,50.535,50.57,50.598,50.627,50.655,50.686,50.727,50.753,50.783,50.816,50.847,50.877,50.906,50.943,50.967,51.006,51.044,51.079,51.106,51.142,51.182,51.222,51.253,51.291,51.327,51.352,51.391,51.43,51.464,51.508,51.543,51.588,51.634,51.682,51.718,51.754,51.789,51.854,51.922,51.966,52.03,52.091,52.142,52.208,52.27,52.373,52.463,52.546,52.634,52.769,52.924,53.05,53.276,53.735,55.027
11,@TPP,47.083,47.758,48.152,48.313,48.473,48.606,48.709,48.802,48.884,48.968,49.055,49.118,49.17,49.231,49.303,49.356,49.409,49.466,49.52,49.563,49.601,49.63,49.691,49.736,49.776,49.815,49.853,49.899,49.936,49.969,50.006,50.033,50.072,50.109,50.144,50.183,50.211,50.243,50.277,50.304,50.343,50.378,50.402,50.44,50.472,50.507,50.535,50.57,50.598,50.627,50.655,50.686,50.727,50.753,50.783,50.816,50.847,50.877,50.906,50.943,50.967,51.006,51.044,51.079,51.106,51.142,51.182,51.222,51.253,51.291,51.327,51.352,51.391,51.43,51.464,51.508,51.543,51.588,51.634,51.682,51.718,51.754,51.789,51.854,51.922,51.966,52.03,52.091,52.142,52.208,52.27,52.373,52.463,52.546,52.634,52.769,52.924,53.05,53.276,53.735,55.027
12,@TPP,46.883,47.79,48.142,48.342,48.539,48.666,48.763,48.852,48.933,49.005,49.097,49.162,49.222,49.278,49.361,49.429,49.482,49.547,49.588,49.629,49.67,49.713,49.748,49.791,49.833,49.871,49.905,49.942,49.983,50.01,50.048,50.075,50.109,50.138,50.165,50.196,50.23,50.272,50.303,50.335,50.362,50.389,50.42,50.458,50.496,50.528,50.564,50.595,50.625,50.654,50.678,50.71,50.737,50.767,50.802,50.83,50.863,50.898,50.924,50.96,50.994,51.029,51.062,51.093,51.129,51.167,51.195,51.232,51.277,51.307,51.344,51.385,51.412,51.45,51.489,51.53,51.564,51.603,51.662,51.695,51.732,51.789,51.835,51.869,51.926,51.988,52.047,52.114,52.171,52.243,52.292,52.366,52.459,52.553,52.661,52.765,52.933,53.084,53.297,53.675,55.136
13,@TPP,46.883,47.79,48.142,48.342,48.539,48.666,48.763,48.852,48.933,49.005,49.097,49.162,49.222,49.278,49.361,49.429,49.482,49.547,49.588,49.629,49.67,49.713,49.748,49.791,49.833,49.871,49.905,49.942,49.983,50.01,50.048,50.075,50.109,50.138,50.165,50.196,50.23,50.272,50.303,50.335,50.362,50.389,50.42,50.458,50.496,50.528,50.564,50.595,50.625,50.654,50.678,50.71,50.737,50.767,50.802,50.83,50.863,50.898,50.924,50.96,50.994,51.029,51.062,51.093,51.129,51.167,51.195,51.232,51.277,51.307,51.344,51.385,51.412,51.45,51.489,51.53,51.564,51.603,51.662,51.695,51.732,51.789,51.835,51.869,51.926,51.988,52.047,52.114,52.171,52.243,52.292,52.366,52.459,52.553,52.661,52.765,52.933,53.084,53.297,53.675,55.136
14,@TPP,46.946,47.813,48.178,48.407,48.578,48.695,48.799,48.913,49.01,49.077,49.15,49.219,49.282,49.332,49.388,49.445,49.497,49.556,49.611,49.647,49.701,49.732,49.777,49.816,49.857,49.889,49.926,49.954,49.984,50.029,50.062,50.102,50.135,50.167,50.194,50.228,50.268,50.292,50.325,50.36,50.396,50.429,50.465,50.496,50.525,50.548,50.582,50.609,50.652,50.681,50.72,50.751,50.784,50.805,50.837,50.861,50.893,50.923,50.958,50.997,51.028,51.06,51.088,51.118,51.165,51.204,51.235,51.264,51.307,51.34,51.379,51.408,51.435,51.464,51.497,51.54,51.577,51.614,51.653,51.691,51.725,51.757,51.813,51.861,51.931,51.987,52.051,52.1,52.164,52.231,52.328,52.409,52.49,52.585,52.646,52.759,52.911,53.085,53.272,53.631,54.971
15,@TPP,46.946,47.813,48.178,48.407,48.578,48.695,48.799,48.913,49.01,49.077,49.15,49.219,49.282,49.332,49.388,49.445,49.497,49.556,49.611,49.647,49.701,49.732,49.777,49.816,49.857,49.889,49.926,49.954,49.984,50.029,50.062,50.102,50.135,50.167,50.194,50.228,50.268,50.292,50.325,50.36,50.396,50.429,50.465,50.496,50.525,50.548,50.582,50.609,50.652,50.681,50.72,50.751,50.784,50.805,50.837,50.861,50.893,50.923,50.958,50.997,51.028,51.06,51.088,51.118,51.165,51.204,51.235,51.264,51.307,51.34,51.379,51.408,51.435,51.464,51.497,51.54,51.577,51.614,51.653,51.691,51.725,51.757,51.813,51.861,51.931,51.987,52.051,52.1,52.164,52.231,52.328,52.409,52.49,52.585,52.646,52.759,52.911,53.085,53.272,53.631,54.971
16,@TPP,47.161,47.815,48.198,48.391,48.565,48.745,48.851,48.959,49.043,49.12,49.199,49.267,49.344,49.405,49.452,49.507,49.567,49.612,49.664,49.719,49.756,49.788,49.822,49.86,49.901,49.941,49.983,50.017,50.051,50.076,50.106,50.14,50.17,50.201,50.232,50.261,50.288,50.325,50.352,50.384,50.417,50.438,50.469,50.504,50.528,50.564,50.598,50.632,50.664,50.694,50.724,50.752,50.787,50.838,50.869,50.9,50.935,50.969,51.002,51.026,51.06,51.091,51.118,51.141,51.182,51.211,51.252,51.29,51.334,51.375,51.401,51.429,51.458,51.494,51.538,51.578,51.612,51.655,51.691,51.728,51.773,51.809,51.847,51.902,51.951,52.007,52.064,52.133,52.184,52.264,52.337,52.4,52.489,52.566,52.64,52.752,52.929,53.11,53.301,53.639,55.25
17,@TPP,47.161,47.815,48.198,48.391,48.565,48.745,48.851,48.959,49.043,49.12,49.199,49.267,49.344,49.405,49.452,49.507,49.567,49.612,49.664,49.719,49.756,49.788,49.822,49.86,49.901,49.941,49.983,50.017,50.051,50.076,50.106,50.14,50.17,50.201,50.232,50.261,50.288,50.325,50.352,50.384,50.417,50.438,50.469,50.504,50.528,50.564,50.598,50.632,50.664,50.694,50.724,50.752,50.787,50.838,50.869,50.9,50.935,50.969,51.002,51.026,51.06,51.091,51.118,51.141,51.182,51.211,51.252,51.29,51.334,51.375,51.401,51.429,51.458,51.494,51.538,51.578,51.612,51.655,51.691,51.728,51.773,51.809,51.847,51.902,51.951,52.007,52.064,52.133,52.184,52.264,52.337,52.4,52.489,52.566,52.64,52.752,52.929,53.11,53.301,53.639,55.25
18,@TPP,47.17,47.933,48.246,48.43,48.626,48.791,48.893,48.996,49.083,49.158,49.231,49.291,49.361,49.43,49.488,49.528,49.584,49.624,49.672,49.717,49.77,49.814,49.866,49.9,49.933,49.98,50.024,50.059,50.088,50.115,50.162,50.191,50.214,50.245,50.275,50.31,50.345,50.368,50.397,50.433,50.468,50.502,50.528,50.564,50.594,50.625,50.652,50.678,50.716,50.748,50.778,50.81,50.831,50.86,50.886,50.913,50.944,50.981,51.011,51.043,51.071,51.108,51.138,51.174,51.207,51.24,51.283,51.317,51.354,51.381,51.408,51.441,51.479,51.506,51.54,51.588,51.63,51.673,51.711,51.744,51.784,51.819,51.865,51.921,51.967,52.016,52.065,52.133,52.202,52.255,52.322,52.39,52.462,52.536,52.628,52.736,52.876,53.03,53.271,53.595,54.983
19,@TPP,47.17,47.933,48.246,48.43,48.626,48.791,48.893,48.996,49.083,49.158,49.231,49.291,49.361,49.43,49.488,49.528,49.584,49.624,49.672,49.717,49.77,49.814,49.866,49.9,49.933,49.98,50.024,50.059,50.088,50.115,50.162,50.191,50.214,50.245,50.275,50.31,50.345,50.368,50.397,50.433,50.468,50.502,50.528,50.564,50.594,50.625,50.652,50.678,50.716,50.748,50.778,50.81,50.831,50.86,50.886,50.913,50.944,50.981,51.011,51.043,51.071,51.108,51.138,51.174,51.207,51.24,51.283,51.317,51.354,51.381,51.408,51.441,51.479,51.506,51.54,51.588,51.63,51.673,51.711,51.744,51.784,51.819,51.865,51.921,51.967,52.016,52.065,52.133,52.202,52.255,52.322,52.39,52.462,52.536,52.628,52.736,52.876,53.03,53.271,53.595,54.983
20,@TPP,47.166,47.99,48.303,48.528,48.69,48.831,48.94,49.054,49.138,49.223,49.289,49.362,49.42,49.486,49.545,49.59,49.634,49.683,49.726,49.775,49.817,49.869,49.903,49.935,49.969,50.009,50.059,50.09,50.128,50.16,50.184,50.22,50.252,50.282,50.314,50.345,50.37,50.399,50.429,50.461,50.494,50.527,50.561,50.583,50.609,50.646,50.681,50.714,50.747,50.777,50.803,50.83,50.865,50.898,50.929,50.96,50.991,51.018,51.049,51.082,51.109,51.142,51.179,51.21,51.233,51.263,51.301,51.328,51.359,51.393,51.43,51.471,51.498,51.532,51.56,51.612,51.64,51.674,51.699,51.741,51.783,51.82,51.869,51.912,51.96,52.013,52.063,52.12,52.178,52.237,52.301,52.363,52.442,52.543,52.65,52.749,52.891,53.061,53.21,53.515,54.876
21,@TPP,47.166,47.99,48.303,48.528,48.69,48.831,48.94,49.054,49.138,49.223,49.289,49.362,49.42,49.486,49.545,49.59,49.634,49.683,49.726,49.775,49.817,49.869,49.903,49.935,49.969,50.009,50.059,50.09,50.128,50.16,50.184,50.22,50.252,50.282,50.314,50.345,50.37,50.399,50.429,50.461,50.494,50.527,50.561,50.583,50.609,50.646,50.681,50.714,50.747,50.777,50.803,50.83,50.865,50.898,50.929,50.96,50.991,51.018,51.049,51.082,51.109,51.142,51.179,51.21,51.233,51.263,51.301,51.328,51.359,51.393,51.43,51.471,51.498,51.532,51.56,51.612,51.64,51.674,51.699,51.741,51.783,51.82,51.869,51.912,51.96,52.013,52.063,52.12,52.178,52.237,52.301,52.363,52.442,52.543,52.65,52.749,52.891,53.061,53.21,53.515,54.876
22,@TPP,47.371,48.103,48.456,48.647,48.757,48.868,48.99,49.112,49.21,49.271,49.342,49.425,49.487,49.54,49.591,49.645,49.685,49.738,49.788,49.833,49.872,49.917,49.954,49.996,50.026,50.071,50.105,50.139,50.181,50.209,50.246,50.283,50.313,50.346,50.375,50.408,50.428,50.459,50.482,50.504,50.548,50.581,50.605,50.633,50.657,50.694,50.721,50.748,50.775,50.8,50.836,50.868,50.902,50.929,50.961,50.991,51.023,51.054,51.081,51.11,51.134,51.164,51.194,51.224,51.254,51.28,51.315,51.345,51.368,51.402,51.431,51.468,51.498,51.539,51.585,51.631,51.663,51.711,51.747,51.777,51.808,51.844,51.887,51.932,51.981,52.024,52.073,52.116,52.181,52.248,52.326,52.424,52.506,52.56,52.632,52.733,52.831,52.973,53.183,53.56,54.798
23,@TPP,47.371,48.103,48.456,48.647,48.757,48.868,48.99,49.112,49.21,49.271,49.342,49.425,49.487,49.54,49.591,49.645,49.685,49.738,49.788,49.833,49.872,49.917,49.954,49.996,50.026,50.071,50.105,50.139,50.181,50.209,50.246,50.283,50.313,50.346,50.375,50.408,50.428,50.459,50.482,50.504,50.548,50.581,50.605,50.633,50.657,50.694,50.721,50.748,50.775,50.8,50.836,50.868,50.902,50.929,50.961,50.991,51.023,51.054,51.081,51.11,51.134,51.164,51.194,51.224,51.254,51.28,51.315,51.345,51.368,51.402,51.431,51.468,51.498,51.539,51.585,51.631,51.663,51.711,51.747,51.777,51.808,51.844,51.887,51.932,51.981,52.024,52.073,52.116,52.181,52.248,52.326,52.424,52.506,52.56,52.632,52.733,52.831,52.973,53.183,53.56,54.798
24,@TPP,47.545,48.218,48.556,48.713,48.859,48.952,49.062,49.157,49.273,49.344,49.409,49.468,49.524,49.569,49.614,49.669,49.72,49.77,49.83,49.872,49.908,49.939,49.969,50.012,50.055,50.091,50.121,50.168,50.202,50.24,50.265,50.298,50.329,50.366,50.397,50.419,50.449,50.483,50.524,50.56,50.59,50.616,50.646,50.673,50.697,50.725,50.755,50.784,50.802,50.83,50.856,50.889,50.921,50.947,50.976,51.017,51.043,51.071,51.094,51.125,51.148,51.176,51.206,51.237,51.261,51.289,51.33,51.357,51.395,51.426,51.462,51.495,51.52,51.544,51.577,51.608,51.643,51.671,51.702,51.752,51.789,51.829,51.87,51.915,51.962,52.01,52.063,52.121,52.195,52.263,52.322,52.394,52.454,52.516,52.612,52.706,52.842,52.987,53.149,53.465,54.594
25,@TPP,47.545,48.218,48.556,48.713,48.859,48.952,49.062,49.157,49.273,49.344,49.409,49.468,49.524,49.569,49.614,49.669,49.72,49.77,49.83,49.872,49.908,49.939,49.969,50.012,50.055,50.091,50.121,50.168,50.202,50.24,50.265,50.298,50.329,50.366,50.397,50.419,50.449,50.483,50.524,50.56,50.59,50.616,50.646,50.673,50.697,50.725,50.755,50.784,50.802,50.83,50.856,50.889,50.921,50.947,50.976,51.017,51.043,51.071,51.094,51.125,51.148,51.176,51.206,51.237,51.261,51.289,51.33,51.357,51.395,51.426,51.462,51.495,51.52,51.544,51.577,51.608,51.643,51.671,51.702,51.752,51.789,51.829,51.87,51.915,51.962,52.01,52.063,52.121,52.195,52.263,52.322,52.394,52.454,52.516,52.612,52.706,52.842,52.987,53.149,53.465,54.594
26,@TPP,47.554,48.396,48.626,48.812,48.922,49.034,49.145,49.223,49.322,49.398,49.454,49.499,49.55,49.606,49.668,49.738,49.78,49.831,49.87,49.91,49.948,50.0,50.037,50.064,50.111,50.139,50.173,50.205,50.243,50.272,50.299,50.326,50.354,50.393,50.421,50.45,50.477,50.503,50.543,50.583,50.618,50.646,50.671,50.702,50.736,50.76,50.791,50.811,50.84,50.862,50.896,50.928,50.955,50.98,51.002,51.035,51.059,51.091,51.116,51.143,51.165,51.186,51.208,51.239,51.268,51.312,51.345,51.37,51.402,51.432,51.46,51.491,51.524,51.555,51.585,51.628,51.655,51.679,51.718,51.757,51.805,51.841,51.89,51.933,51.968,52.017,52.066,52.109,52.173,52.228,52.282,52.344,52.419,52.493,52.563,52.667,52.798,52.95,53.172,53.513,54.55
27,@TPP,47.554,48.396,48.626,48.812,48.922,49.034,49.145,49.223,49.322,49.398,49.454,49.499,49.55,49.606,49.668,49.738,49.78,49.831,49.87,49.91,49.948,50.0,50.037,50.064,50.111,50.139,50.173,50.205,50.243,50.272,50.299,50.326,50.354,50.393,50.421,50.45,50.477,50.503,50.543,50.583,50.618,50.646,50.671,50.702,50.736,50.76,50.791,50.811,50.84,50.862,50.896,50.928,50.955,50.98,51.002,51.035,51.059,51.091,51.116,51.143,51.165,51.186,51.208,51.239,51.268,51.312,51.345,51.37,51.402,51.432,51.46,51.491,51.524,51.555,51.585,51.628,51.655,51.679,51.718,51.757,51.805,51.841,51.89,51.933,51.968,52.017,52.066,52.109,52.173,52.228,52.282,52.344,52.419,52.493,52.563,52.667,52.798,52.95,53.172,53.513,54.55
28,@TPP,47.559,48.42,48.666,48.849,48.994,49.086,49.204,49.282,49.381,49.455,49.509,49.582,49.639,49.694,49.749,49.803,49.844,49.895,49.936,49.975,50.019,50.059,50.098,50.14,50.179,50.216,50.246,50.277,50.312,50.339,50.365,50.39,50.419,50.442,50.481,50.514,50.549,50.582,50.605,50.63,50.656,50.703,50.731,50.763,50.785,50.81,50.842,50.873,50.903,50.932,50.969,50.993,51.019,51.044,51.075,51.102,51.128,51.152,51.186,51.202,51.232,51.264,51.291,51.323,51.346,51.368,51.399,51.432,51.462,51.489,51.517,51.551,51.585,51.613,51.645,51.671,51.705,51.756,51.791,51.822,51.866,51.901,51.942,51.998,52.045,52.088,52.141,52.197,52.248,52.304,52.371,52.428,52.489,52.575,52.669,52.739,52.856,53.025,53.265,53.451,54.464
29,@TPP,47.559,48.42,48.666,48.849,48.994,49.086,49.204,49.282,49.381,49.455,49.509,49.582,49.639,49.694,49.749,49.803,49.844,49.895,49.936,49.975,50.019,50.059,50.098,50.14,50.179,50.216,50.246,50.277,50.312,50.339,50.365,50.39,50.419,50.442,50.481,50.514,50.549,50.582,50.605,50.63,50.656,50.703,50.731,50.763,50.785,50.81,50.842,50.873,50.903,50.932,50.969,50.993,51.019,51.044,51.075,51.102,51.128,51.152,51.186,51.202,51.232,51.264,51.291,51.323,51.346,51.368,51.399,51.432,51.462,51.489,51.517,51.551,51.585,51.613,51.645,51.671,51.705,51.756,51.791,51.822,51.866,51.901,51.942,51.998,52.045,52.088,52.141,52.197,52.248,52.304,52.371,52.428,52.489,52.575,52.669,52.739,52.856,53.025,53.265,53.451,54.464
30,@TPP,47.759,48.462,48.722,48.942,49.066,49.187,49.273,49.374,49.444,49.51,49.574,49.636,49.693,49.756,49.797,49.849,49.912,49.946,49.996,50.043,50.084,50.12,50.158,50.2,50.24,50.284,50.315,50.341,50.382,50.409,50.454,50.483,50.506,50.536,50.56,50.589,50.618,50.647,50.672,50.697,50.724,50.756,50.792,50.824,50.855,50.882,50.915,50.936,50.966,50.985,51.022,51.05,51.073,51.102,51.124,51.154,51.187,51.216,51.248,51.275,51.298,51.328,51.358,51.38,51.411,51.442,51.478,51.513,51.545,51.569,51.606,51.638,51.674,51.713,51.752,51.78,51.814,51.84,51.874,51.91,51.949,51.993,52.034,52.076,52.108,52.153,52.201,52.243,52.294,52.361,52.406,52.465,52.538,52.62,52.736,52.825,52.948,53.106,53.249,53.545,54.523
31,@TPP,47.759,48.462,48.722,48.942,49.066,49.187,49.273,49.374,49.444,49.51,49.574,49.636,49.693,49.756,49.797,49.849,49.912,49.946,49.996,50.043,50.084,50.12,50.158,50.2,50.24,50.284,50.315,50.341,50.382,50.409,50.454,50.483,50.506,50.536,50.56,50.589,50.618,50.647,50.672,50.697,50.724,50.756,50.792,50.824,50.855,50.882,50.915,50.936,50.966,50.985,51.022,51.05,51.073,51.102,51.124,51.154,51.187,51.216,51.248,51.275,51.298,51.328,51.358,51.38,51.411,51.442,51.478,51.513,51.545,51.569,51.606,51.638,51.674,51.713,51.752,51.78,51.814,51.84,51.874,51.91,51.949,51.993,52.034,52.076,52.108,52.153,52.201,52.243,52.294,52.361,52.406,52.465,52.538,52.62,52.736,52.825,52.948,53.106,53.249,53.545,54.523
32,@TPP,47.765,48.568,48.817,48.985,49.103,49.231,49.346,49.455,49.53,49.589,49.667,49.718,49.78,49.829,49.89,49.938,49.973,50.021,50.063,50.1,50.14,50.183,50.22,50.269,50.295,50.336,50.368,50.404,50.446,50.478,50.515,50.546,50.577,50.617,50.642,50.673,50.699,50.724,50.753,50.777,50.807,50.844,50.874,50.908,50.944,50.975,51.003,51.027,51.054,51.073,51.105,51.132,51.165,51.193,51.221,51.246,51.279,51.304,51.333,51.355,51.38,51.409,51.437,51.463,51.492,51.52,51.552,51.581,51.61,51.643,51.676,51.71,51.744,51.778,51.817,51.857,51.889,51.915,51.947,51.978,52.019,52.055,52.09,52.129,52.17,52.206,52.259,52.311,52.353,52.411,52.474,52.546,52.616,52.689,52.771,52.859,53.014,53.179,53.365,53.721,54.817
33,@TPP,47.765,48.568,48.817,48.985,49.103,49.231,49.346,49.455,49.53,49.589,49.667,49.718,49.78,49.829,49.89,49.938,49.973,50.021,50.063,50.1,50.14,50.183,50.22,50.269,50.295,50.336,50.368,50.404,50.446,50.478,50.515,50.546,50.577,50.617,50.642,50.673,50.699,50.724,50.753,50.777,50.807,50.844,50.874,50.908,50.944,50.975,51.003,51.027,51.054,51.073,51.105,51.132,51.165,51.193,51.221,51.246,51.279,51.304,51.333,51.355,51.38,51.409,51.437,51.463,51.492,51.52,51.552,51.581,51.61,51.643,51.676,51.71,51.744,51.778,51.817,51.857,51.889,51.915,51.947,51.978,52.019,52.055,52.09,52.129,52.17,52.206,52.259,52.311,52.353,52.411,52.474,52.546,52.616,52.689,52.771,52.859,53.014,53.179,53.365,53.721,54.817
34,@TPP,47.874,48.684,48.915,49.066,49.194,49.314,49.387,49.474,49.574,49.668,49.729,49.79,49.844,49.891,49.935,49.993,50.041,50.081,50.129,50.183,50.229,50.267,50.308,50.345,50.379,50.412,50.456,50.485,50.513,50.548,50.578,50.619,50.65,50.684,50.73,50.76,50.787,50.809,50.839,50.869,50.895,50.916,50.94,50.968,50.998,51.017,51.055,51.08,51.105,51.135,51.16,51.192,51.218,51.248,51.275,51.305,51.323,51.346,51.372,51.405,51.429,51.459,51.503,51.532,51.559,51.59,51.628,51.657,51.688,51.716,51.75,51.777,51.807,51.835,51.874,51.91,51.949,51.991,52.024,52.064,52.094,52.151,52.185,52.23,52.272,52.315,52.348,52.385,52.426,52.476,52.557,52.623,52.707,52.804,52.886,52.99,53.1,53.244,53.406,53.728,54.572
35,@TPP,47.874,48.684,48.915,49.066,49.194,49.314,49.387,49.474,49.574,49.668,49.729,49.79,49.844,49.891,49.935,49.993,50.041,50.081,50.129,50.183,50.229,50.267,50.308,50.345,50.379,50.412,50.456,50.485,50.513,50.548,50.578,50.619,50.65,50.684,50.73,50.76,50.787,50.809,50.839,50.869,50.895,50.916,50.94,50.968,50.998,51.017,51.055,51.08,51.105,51.135,51.16,51.192,51.218,51.248,51.275,51.305,51.323,51.346,51.372,51.405,51.429,51.459,51.503,51.532,51.559,51.59,51.628,51.657,51.688,51.716,51.75,51.777,51.807,51.835,51.874,51.91,51.949,51.991,52.024,52.064,52.094,52.151,52.185,52.23,52.272,52.315,52.348,52.385,52.426,52.476,52.557,52.623,52.707,52.804,52.886,52.99,53.1,53.244,53.406,53.728,54.572
36,@TPP,48.071,48.672,48.927,49.141,49.268,49.402,49.506,49.572,49.637,49.708,49.779,49.841,49.903,49.968,50.02,50.072,50.114,50.165,50.196,50.236,50.281,50.322,50.36,50.406,50.436,50.461,50.496,50.53,50.559,50.591,50.633,50.658,50.686,50.718,50.749,50.782,50.815,50.854,50.893,50.927,50.952,50.977,51.004,51.036,51.062,51.097,51.124,51.158,51.192,51.214,51.248,51.271,51.298,51.328,51.355,51.387,51.415,51.443,51.47,51.492,51.518,51.549,51.573,51.601,51.624,51.649,51.674,51.699,51.734,51.766,51.806,51.833,51.857,51.893,51.92,51.968,52.008,52.035,52.066,52.101,52.129,52.162,52.206,52.243,52.301,52.348,52.412,52.458,52.504,52.555,52.614,52.693,52.761,52.856,52.953,53.035,53.15,53.276,53.473,53.791,54.634
37,@TPP,48.071,48.672,48.927,49.141,49.268,49.402,49.506,49.572,49.637,49.708,49.779,49.841,49.903,49.968,50.02,50.072,50.114,50.165,50.196,50.236,50.281,50.322,50.36,50.406,50.436,50.461,50.496,50.53,50.559,50.591,50.633,50.658,50.686,50.718,50.749,50.782,50.815,50.854,50.893,50.927,50.952,50.977,51.004,51.036,51.062,51.097,51.124,51.158,51.192,51.214,51.248,51.271,51.298,51.328,51.355,51.387,51.415,51.443,51.47,51.492,51.518,51.549,51.573,51.601,51.624,51.649,51.674,51.699,51.734,51.766,51.806,51.833,51.857,51.893,51.92,51.968,52.008,52.035,52.066,52.101,52.129,52.162,52.206,52.243,52.301,52.348,52.412,52.458,52.504,52.555,52.614,52.693,52.761,52.856,52.953,53.035,53.15,53.276,53.473,53.791,54.634
38,@TPP,48.095,48.714,49.016,49.242,49.348,49.427,49.528,49.627,49.708,49.786,49.852,49.942,49.994,50.03,50.097,50.132,50.182,50.226,50.276,50.313,50.357,50.398,50.435,50.478,50.513,50.558,50.587,50.619,50.652,50.686,50.713,50.747,50.769,50.806,50.836,50.857,50.89,50.923,50.948,50.973,51.0,51.031,51.07,51.097,51.122,51.15,51.171,51.195,51.227,51.261,51.286,51.311,51.336,51.359,51.387,51.415,51.442,51.466,51.497,51.523,51.558,51.587,51.618,51.651,51.679,51.707,51.75,51.781,51.809,51.838,51.863,51.89,51.915,51.942,51.98,52.018,52.052,52.082,52.108,52.146,52.191,52.231,52.267,52.313,52.355,52.396,52.445,52.49,52.53,52.594,52.64,52.724,52.8,52.893,53.017,53.117,53.194,53.353,53.532,53.832,54.697
39,@TPP,48.095,48.714,49.016,49.242,49.348,49.427,49.528,49.627,49.708,49.786,49.852,49.942,49.994,50.03,50.097,50.132,50.182,50.226,50.276,50.313,50.357,50.398,50.435,50.478,50.513,50.558,50.587,50.619,50.652,50.686,50.713,50.747,50.769,50.806,50.836,50.857,50.89,50.923,50.948,50.973,51.0,51.031,51.07,51.097,51.122,51.15,51.171,51.195,51.227,51.261,51.286,51.311,51.336,51.359,51.387,51.415,51.442,51.466,51.497,51.523,51.558,51.587,51.618,51.651,51.679,51.707,51.75,51.781,51.809,51.838,51.863,51.89,51.915,51.942,51.98,52.018,52.052,52.082,52.108,52.146,52.191,52.231,52.267,52.313,52.355,52.396,52.445,52.49,52.53,52.594,52.64,52.724,52.8,52.893,53.017,53.117,53.194,53.353,53.532,53.832,54.697
40,@TPP,48.002,48.784,49.106,49.308,49.433,49.543,49.643,49.736,49.824,49.891,49.949,50.003,50.052,50.11,50.156,50.194,50.243,50.289,50.332,50.366,50.398,50.443,50.483,50.514,50.557,50.587,50.626,50.661,50.693,50.731,50.766,50.802,50.833,50.863,50.89,50.932,50.955,50.984,51.019,51.045,51.073,51.109,51.136,51.164,51.191,51.219,51.244,51.274,51.3,51.336,51.361,51.39,51.412,51.437,51.469,51.495,51.525,51.545,51.569,51.601,51.628,51.655,51.688,51.713,51.742,51.771,51.802,51.828,51.849,51.885,51.92,51.954,51.985,52.015,52.051,52.086,52.116,52.145,52.174,52.205,52.245,52.276,52.319,52.362,52.396,52.442,52.484,52.517,52.563,52.618,52.677,52.752,52.819,52.895,53.004,53.108,53.223,53.394,53.592,53.932,54.861
41,@TPP,48.002,48.784,49.106,49.308,49.433,49.543,49.643,49.736,49.824,49.891,49.949,50.003,50.052,50.11,50.156,50.194,50.243,50.289,50.332,50.366,50.398,50.443,50.483,50.514,50.557,50.587,50.626,50.661,50.693,50.731,50.766,50.802,50.833,50.863,50.89,50.932,50.955,50.984,51.019,51.045,51.073,51.109,51.136,51.164,51.191,51.219,51.244,51.274,51.3,51.336,51.361,51.39,51.412,51.437,51.469,51.495,51.525,51.545,51.569,51.601,51.628,51.655,51.688,51.713,51.742,51.771,51.802,51.828,51.849,51.885,51.92,51.954,51.985,52.015,52.051,52.086,52.116,52.145,52.174,52.205,52.245,52.276,52.319,52.362,52.396,52.442,52.484,52.517,52.563,52.618,52.677,52.752,52.819,52.895,53.004,53.108,53.223,53.394,53.592,53.932,54.861
42,@TPP,47.862,48.885,49.218,49.408,49.55,49.65,49.732,49.812,49.894,49.957,50.012,50.067,50.141,50.192,50.241,50.298,50.341,50.384,50.422,50.469,50.505,50.545,50.585,50.616,50.655,50.694,50.726,50.758,50.784,50.816,50.84,50.871,50.906,50.932,50.967,50.994,51.021,51.044,51.073,51.096,51.13,51.159,51.184,51.221,51.254,51.283,51.313,51.34,51.365,51.393,51.418,51.453,51.474,51.5,51.528,51.557,51.584,51.616,51.646,51.671,51.702,51.726,51.753,51.781,51.809,51.831,51.857,51.892,51.923,51.952,51.98,52.016,52.043,52.073,52.098,52.127,52.161,52.191,52.223,52.263,52.295,52.336,52.374,52.41,52.443,52.485,52.529,52.579,52.628,52.685,52.743,52.815,52.882,52.965,53.039,53.111,53.205,53.355,53.61,53.972,54.861
43,@TPP,47.862,48.885,49.218,49.408,49.55,49.65,49.732,49.812,49.894,49.957,50.012,50.067,50.141,50.192,50.241,50.298,50.341,50.384,50.422,50.469,50.505,50.545,50.585,50.616,50.655,50.694,50.726,50.758,50.784,50.816,50.84,50.871,50.906,50.932,50.967,50.994,51.021,51.044,51.073,51.096,51.13,51.159,51.184,51.221,51.254,51.283,51.313,51.34,51.365,51.393,51.418,51.453,51.474,51.5,51.528,51.557,51.584,51.616,51.646,51.671,51.702,51.726,51.753,51.781,51.809,51.831,51.857,51.892,51.923,51.952,51.98,52.016,52.043,52.073,52.098,52.127,52.161,52.191,52.223,52.263,52.295,52.336,52.374,52.41,52.443,52.485,52.529,52.579,52.628,52.685,52.743,52.815,52.882,52.965,53.039,53.111,53.205,53.355,53.61,53.972,54.861
44,@TPP,48.115,49.062,49.304,49.456,49.581,49.714,49.788,49.903,49.991,50.066,50.139,50.191,50.233,50.286,50.328,50.365,50.408,50.451,50.499,50.543,50.585,50.622,50.653,50.687,50.726,50.762,50.786,50.82,50.851,50.89,50.925,50.952,50.984,51.017,51.051,51.079,51.114,51.144,51.168,51.19,51.221,51.25,51.273,51.295,51.322,51.356,51.386,51.407,51.434,51.458,51.483,51.51,51.541,51.572,51.597,51.627,51.654,51.677,51.699,51.726,51.749,51.784,51.806,51.842,51.866,51.895,51.922,51.948,51.973,51.994,52.024,52.057,52.085,52.118,52.155,52.186,52.226,52.264,52.301,52.328,52.358,52.391,52.429,52.464,52.511,52.556,52.599,52.636,52.693,52.746,52.786,52.851,52.928,53.004,53.078,53.167,53.271,53.433,53.652,54.021,55.077
45,@TPP,48.115,49.062,49.304,49.456,49.581,49.714,49.788,49.903,49.991,50.066,50.139,50.191,50.233,50.286,50.328,50.365,50.408,50.451,50.499,50.543,50.585,50.622,50.653,50.687,50.726,50.762,50.786,50.82,50.851,50.89,50.925,50.952,50.984,51.017,51.051,51.079,51.114,51.144,51.168,51.19,51.221,51.25,51.273,51.295,51.322,51.356,51.386,51.407,51.434,51.458,51.483,51.51,51.541,51.572,51.597,51.627,51.654,51.677,51.699,51.726,51.749,51.784,51.806,51.842,51.866,51.895,51.922,51.948,51.973,51.994,52.024,52.057,52.085,52.118,52.155,52.186,52.226,52.264,52.301,52.328,52.358,52.391,52.429,52.464,52.511,52.556,52.599,52.636,52.693,52.746,52.786,52.851,52.928,53.004,53.078,53.167,53.271,53.433,53.652,54.021,55.077
46,@TPP,48.18,49.214,49.425,49.573,49.709,49.802,49.933,50.024,50.088,50.168,50.226,50.273,50.318,50.381,50.439,50.484,50.521,50.565,50.617,50.657,50.695,50.729,50.771,50.8,50.839,50.865,50.893,50.93,50.959,50.993,51.026,51.064,51.093,51.12,51.147,51.174,51.196,51.216,51.243,51.273,51.297,51.329,51.351,51.383,51.404,51.43,51.452,51.478,51.508,51.533,51.555,51.584,51.608,51.631,51.663,51.683,51.711,51.739,51.771,51.798,51.83,51.857,51.878,51.903,51.928,51.951,51.977,52.004,52.027,52.056,52.088,52.119,52.142,52.175,52.203,52.236,52.261,52.302,52.342,52.38,52.421,52.453,52.494,52.531,52.574,52.611,52.66,52.707,52.761,52.81,52.856,52.916,52.965,53.04,53.117,53.206,53.305,53.423,53.668,54.08,55.376
47,@TPP,48.18,49.214,49.425,49.573,49.709,49.802,49.933,50.024,50.088,50.168,50.226,50.273,50.318,50.381,50.439,50.484,50.521,50.565,50.617,50.657,50.695,50.729,50.771,50.8,50.839,50.865,50.893,50.93,50.959,50.993,51.026,51.064,51.093,51.12,51.147,51.174,51.196,51.216,51.243,51.273,51.297,51.329,51.351,51.383,51.404,51.43,51.452,51.478,51.508,51.533,51.555,51.584,51.608,51.631,51.663,51.683,51.711,51.739,51.771,51.798,51.83,51.857,51.878,51.903,51.928,51.951,51.977,52.004,52.027,52.056,52.088,52.119,52.142,52.175,52.203,52.236,52.261,52.302,52.342,52.38,52.421,52.453,52.494,52.531,52.574,52.611,52.66,52.707,52.761,52.81,52.856,52.916,52.965,53.04,53.117,53.206,53.305,53.423,53.668,54.08,55.376
48,@TPP,48.356,49.222,49.49,49.705,49.868,49.946,50.02,50.107,50.174,50.223,50.296,50.358,50.409,50.459,50.509,50.554,50.601,50.646,50.687,50.729,50.773,50.807,50.844,50.882,50.922,50.958,50.985,51.016,51.049,51.072,51.096,51.125,51.151,51.174,51.207,51.229,51.255,51.282,51.309,51.343,51.374,51.403,51.422,51.445,51.473,51.501,51.527,51.549,51.573,51.6,51.628,51.655,51.686,51.708,51.727,51.754,51.78,51.803,51.832,51.857,51.887,51.914,51.94,51.963,51.989,52.015,52.047,52.08,52.114,52.138,52.162,52.188,52.212,52.236,52.269,52.3,52.332,52.364,52.388,52.419,52.457,52.494,52.522,52.559,52.597,52.63,52.671,52.718,52.77,52.835,52.873,52.919,52.992,53.081,53.152,53.255,53.388,53.48,53.605,53.907,55.182
49,@TPP,48.356,49.222,49.49,49.705,49.868,49.946,50.02,50.107,50.174,50.223,50.296,50.358,50.409,50.459,50.509,50.554,50.601,50.646,50.687,50.729,50.773,50.807,50.844,50.882,50.922,50.958,50.985,51.016,51.049,51.072,51.096,51.125,51.151,51.174,51.207,51.229,51.255,51.282,51.309,51.343,51.374,51.403,51.422,51.445,51.473,51.501,51.527,51.549,51.573,51.6,51.628,51.655,51.686,51.708,51.727,51.754,51.78,51.803,51.832,51.857,51.887,51.914,51.94,51.963,51.989,52.015,52.047,52.08,52.114,52.138,52.162,52.188,52.212,52.236,52.269,52.3,52.332,52.364,52.388,52.419,52.457,52.494,52.522,52.559,52.597,52.63,52.671,52.718,52.77,52.835,52.873,52.919,52.992,53.081,53.152,53.255,53.388,53.48,53.605,53.907,55.182
50,@TPP,48.658,49.364,49.65,49.83,49.953,50.048,50.13,50.211,50.293,50.348,50.414,50.465,50.515,50.568,50.612,50.66,50.694,50.75,50.776,50.813,50.862,50.899,50.925,50.959,50.992,51.019,51.052,51.079,51.112,51.138,51.162,51.189,51.215,51.253,51.279,51.314,51.339,51.369,51.389,51.414,51.434,51.458,51.485,51.507,51.54,51.57,51.586,51.616,51.645,51.677,51.7,51.727,51.747,51.777,51.8,51.823,51.849,51.873,51.897,51.926,51.96,51.983,52.013,52.038,52.063,52.096,52.121,52.147,52.173,52.2,52.22,52.249,52.273,52.296,52.329,52.364,52.397,52.432,52.461,52.485,52.528,52.558,52.589,52.624,52.657,52.694,52.731,52.791,52.844,52.896,52.949,53.003,53.059,53.115,53.187,53.257,53.331,53.484,53.685,54.026,54.973
51,@TPP,48.658,49.364,49.65,49.83,49.953,50.048,50.13,50.211,50.293,50.348,50.414,50.465,50.515,50.568,50.612,50.66,50.694,50.75,50.776,50.813,50.862,50.899,50.925,50.959,50.992,51.019,51.052,51.079,51.112,51.138,51.162,51.189,51.215,51.253,51.279,51.314,51.339,51.369,51.389,51.414,51.434,51.458,51.485,51.507,51.54,51.57,51.586,51.616,51.645,51.677,51.7,51.727,51.747,51.777,51.8,51.823,51.849,51.873,51.897,51.926,51.96,51.983,52.013,52.038,52.063,52.096,52.121,52.147,52.173,52.2,52.22,52.249,52.273,52.296,52.329,52.364,52.397,52.432,52.461,52.485,52.528,52.558,52.589,52.624,52.657,52.694,52.731,52.791,52.844,52.896,52.949,53.003,53.059,53.115,53.187,53.257,53.331,53.484,53.685,54.026,54.973
52,@TPP,48.921,49.54,49.823,49.95,50.074,50.163,50.258,50.328,50.387,50.445,50.519,50.572,50.616,50.65,50.694,50.749,50.792,50.833,50.87,50.899,50.938,50.964,51.0,51.043,51.083,51.12,51.146,51.181,51.212,51.246,51.275,51.299,51.327,51.354,51.385,51.411,51.433,51.462,51.49,51.511,51.542,51.564,51.589,51.608,51.626,51.649,51.662,51.684,51.704,51.733,51.758,51.78,51.804,51.829,51.857,51.88,51.904,51.932,51.959,51.98,52.007,52.032,52.052,52.077,52.104,52.131,52.156,52.18,52.205,52.232,52.26,52.294,52.329,52.353,52.378,52.412,52.438,52.47,52.498,52.526,52.558,52.591,52.623,52.661,52.701,52.758,52.794,52.849,52.896,52.935,52.985,53.032,53.087,53.15,53.22,53.308,53.414,53.541,53.685,54.005,54.707
53,@TPP,48.921,49.54,49.823,49.95,50.074,50.163,50.258,50.328,50.387,50.445,50.519,50.572,50.616,50.65,50.694,50.749,50.792,50.833,50.87,50.899,50.938,50.964,51.0,51.043,51.083,51.12,51.146,51.181,51.212,51.246,51.275,51.299,51.327,51.354,51.385,51.411,51.433,51.462,51.49,51.511,51.542,51.564,51.589,51.608,51.626,51.649,51.662,51.684,51.704,51.733,51.758,51.78,51.804,51.829,51.857,51.88,51.904,51.932,51.959,51.98,52.007,52.032,52.052,52.077,52.104,52.131,52.156,52.18,52.205,52.232,52.26,52.294,52.329,52.353,52.378,52.412,52.438,52.47,52.498,52.526,52.558,52.591,52.623,52.661,52.701,52.758,52.794,52.849,52.896,52.935,52.985,53.032,53.087,53.15,53.22,53.308,53.414,53.541,53.685,54.005,54.707
54,@TPP,48.904,49.56,49.812,49.964,50.075,50.197,50.295,50.38,50.432,50.499,50.549,50.597,50.646,50.696,50.755,50.8,50.832,50.862,50.901,50.934,50.969,51.003,51.044,51.078,51.107,51.144,51.175,51.205,51.232,51.258,51.293,51.317,51.35,51.379,51.401,51.426,51.45,51.479,51.509,51.532,51.55,51.578,51.6,51.62,51.654,51.684,51.71,51.732,51.764,51.789,51.815,51.837,51.858,51.883,51.903,51.924,51.952,51.978,52.0,52.025,52.045,52.071,52.095,52.123,52.154,52.189,52.216,52.238,52.261,52.287,52.314,52.346,52.375,52.398,52.422,52.454,52.484,52.522,52.551,52.583,52.616,52.651,52.676,52.706,52.744,52.781,52.821,52.856,52.892,52.938,52.995,53.071,53.11,53.181,53.256,53.368,53.445,53.578,53.716,54.019,54.851
55,@TPP,48.904,49.56,49.812,49.964,50.075,50.197,50.295,50.38,50.432,50.499,50.549,50.597,50.646,50.696,50.755,50.8,50.832,50.862,50.901,50.934,50.969,51.003,51.044,51.078,51.107,51.144,51.175,51.205,51.232,51.258,51.293,51.317,51.35,51.379,51.401,51.426,51.45,51.479,51.509,51.532,51.55,51.578,51.6,51.62,51.654,51.684,51.71,51.732,51.764,51.789,51.815,51.837,51.858,51.883,51.903,51.924,51.952,51.978,52.0,52.025,52.045,52.071,52.095,52.123,52.154,52.189,52.216,52.238,52.261,52.287,52.314,52.346,52.375,52.398,52.422,52.454,52.484,52.522,52.551,52.583,52.616,52.651,52.676,52.706,52.744,52.781,52.821,52.856,52.892,52.938,52.995,53.071,53.11,53.181,53.256,53.368,53.445,53.578,53.716,54.019,54.851
56,@TPP,48.966,49.647,49.895,50.042,50.163,50.273,50.358,50.422,50.492,50.548,50.595,50.662,50.695,50.754,50.788,50.822,50.858,50.896,50.936,50.97,51.016,51.06,51.09,51.121,51.155,51.187,51.217,51.253,51.286,51.322,51.341,51.359,51.38,51.405,51.426,51.453,51.481,51.512,51.544,51.573,51.595,51.612,51.64,51.662,51.689,51.712,51.732,51.771,51.795,51.819,51.847,51.87,51.891,51.916,51.933,51.951,51.979,51.999,52.027,52.051,52.078,52.105,52.134,52.157,52.186,52.206,52.233,52.257,52.289,52.312,52.345,52.372,52.397,52.432,52.459,52.493,52.525,52.55,52.584,52.623,52.655,52.682,52.716,52.756,52.785,52.832,52.871,52.903,52.945,52.985,53.035,53.088,53.165,53.24,53.312,53.374,53.458,53.597,53.743,54.045,54.969
57,@TPP,48.966,49.647,49.895,50.042,50.163,50.273,50.358,50.422,50.492,50.548,50.595,50.662,50.695,50.754,50.788,50.822,50.858,50.896,50.936,50.97,51.016,51.06,51.09,51.121,51.155,51.187,51.217,51.253,51.286,51.322,51.341,51.359,51.38,51.405,51.426,51.453,51.481,51.512,51.544,51.573,51.595,51.612,51.64,51.662,51.689,51.712,51.732,51.771,51.795,51.819,51.847,51.87,51.891,51.916,51.933,51.951,51.979,51.999,52.027,52.051,52.078,52.105,52.134,52.157,52.186,52.206,52.233,52.257,52.289,52.312,52.345,52.372,52.397,52.432,52.459,52.493,52.525,52.55,52.584,52.623,52.655,52.682,52.716,52.756,52.785,52.832,52.871,52.903,52.945,52.985,53.035,53.088,53.165,53.24,53.312,53.374,53.458,53.597,53.743,54.045,54.969
58,@TPP,48.933,49.611,49.847,50.023,50.132,50.223,50.309,50.366,50.448,50.502,50.557,50.611,50.663,50.719,50.767,50.812,50.849,50.885,50.921,50.961,50.988,51.01,51.045,51.081,51.119,51.152,51.184,51.225,51.252,51.273,51.296,51.33,51.358,51.388,51.409,51.448,51.482,51.509,51.537,51.557,51.593,51.617,51.65,51.677,51.705,51.721,51.741,51.759,51.784,51.808,51.838,51.863,51.884,51.901,51.922,51.948,51.977,51.998,52.032,52.051,52.078,52.103,52.134,52.158,52.183,52.216,52.239,52.278,52.3,52.325,52.354,52.384,52.411,52.437,52.461,52.487,52.514,52.54,52.574,52.603,52.639,52.678,52.703,52.745,52.782,52.826,52.863,52.916,52.963,53.018,53.058,53.12,53.184,53.275,53.357,53.43,53.537,53.713,53.854,54.118,55.071
59,@TPP,48.933,49.611,49.847,50.023,50.132,50.223,50.309,50.366,50.448,50.502,50.557,50.611,50.663,50.719,50.767,50.812,50.849,50.885,50.921,50.961,50.988,51.01,51.045,51.081,51.119,51.152,51.184,51.225,51.252,51.273,51.296,51.33,51.358,51.388,51.409,51.448,51.482,51.509,51.537,51.557,51.593,51.617,51.65,51.677,51.705,51.721,51.741,51.759,51.784,51.808,51.838,51.863,51.884,51.901,51.922,51.948,51.977,51.998,52.032,52.051,52.078,52.103,52.134,52.158,52.183,52.216,52.239,52.278,52.3,52.325,52.354,52.384,52.411,52.437,52.461,52.487,52.514,52.54,52.574,52.603,52.639,52.678,52.703,52.745,52.782,52.826,52.863,52.916,52.963,53.018,53.058,53.12,53.184,53.275,53.357,53.43,53.537,53.713,53.854,54.118,55.071
60,@TPP,48.956,49.519,49.767,49.924,50.069,50.17,50.247,50.325,50.406,50.488,50.537,50.596,50.644,50.686,50.735,50.771,50.819,50.862,50.893,50.93,50.968,51.008,51.037,51.066,51.109,51.135,51.172,51.193,51.23,51.256,51.288,51.319,51.349,51.378,51.407,51.437,51.465,51.49,51.515,51.538,51.568,51.594,51.616,51.643,51.665,51.69,51.708,51.736,51.763,51.785,51.803,51.83,51.847,51.87,51.896,51.92,51.949,51.976,51.997,52.022,52.055,52.077,52.109,52.137,52.162,52.195,52.219,52.247,52.279,52.311,52.335,52.366,52.393,52.428,52.459,52.49,52.525,52.55,52.575,52.611,52.645,52.683,52.709,52.747,52.793,52.838,52.88,52.924,52.968,53.027,53.073,53.148,53.222,53.286,53.382,53.479,53.606,53.764,53.94,54.23,54.953
61,@TPP,48.956,49.519,49.767,49.924,50.069,50.17,50.247,50.325,50.406,50.488,50.537,50.596,50.644,50.686,50.735,50.771,50.819,50.862,50.893,50.93,50.968,51.008,51.037,51.066,51.109,51.135,51.172,51.193,51.23,51.256,51.288,51.319,51.349,51.378,51.407,51.437,51.465,51.49,51.515,51.538,51.568,51.594,51.616,51.643,51.665,51.69,51.708,51.736,51.763,51.785,51.803,51.83,51.847,51.87,51.896,51.92,51.949,51.976,51.997,52.022,52.055,52.077,52.109,52.137,52.162,52.195,52.219,52.247,52.279,52.311,52.335,52.366,52.393,52.428,52.459,52.49,52.525,52.55,52.575,52.611,52.645,52.683,52.709,52.747,52.793,52.838,52.88,52.924,52.968,53.027,53.073,53.148,53.222,53.286,53.382,53.479,53.606,53.764,53.94,54.23,54.953
62,@TPP,48.683,49.449,49.669,49.847,49.987,50.113,50.215,50.302,50.365,50.421,50.492,50.554,50.607,50.651,50.702,50.768,50.815,50.863,50.905,50.932,50.971,51.006,51.044,51.068,51.097,51.135,51.161,51.195,51.225,51.249,51.288,51.317,51.347,51.379,51.414,51.443,51.47,51.497,51.513,51.543,51.569,51.592,51.616,51.635,51.665,51.689,51.71,51.735,51.759,51.787,51.808,51.828,51.858,51.892,51.914,51.938,51.956,51.977,52.002,52.022,52.046,52.07,52.096,52.133,52.161,52.185,52.21,52.236,52.264,52.291,52.325,52.357,52.391,52.421,52.458,52.488,52.53,52.57,52.603,52.634,52.659,52.698,52.73,52.766,52.817,52.863,52.913,52.958,53.006,53.071,53.144,53.202,53.288,53.373,53.456,53.545,53.639,53.791,53.976,54.227,55.104
63,@TPP,48.683,49.449,49.669,49.847,49.987,50.113,50.215,50.302,50.365,50.421,50.492,50.554,50.607,50.651,50.702,50.768,50.815,50.863,50.905,50.932,50.971,51.006,51.044,51.068,51.097,51.135,51.161,51.195,51.225,51.249,51.288,51.317,51.347,51.379,51.414,51.443,51.47,51.497,51.513,51.543,51.569,51.592,51.616,51.635,51.665,51.689,51.71,51.735,51.759,51.787,51.808,51.828,51.858,51.892,51.914,51.938,51.956,51.977,52.002,52.022,52.046,52.07,52.096,52.133,52.161,52.185,52.21,52.236,52.264,52.291,52.325,52.357,52.391,52.421,52.458,52.488,52.53,52.57,52.603,52.634,52.659,52.698,52.73,52.766,52.817,52.863,52.913,52.958,53.006,53.071,53.144,53.202,53.288,53.373,53.456,53.545,53.639,53.791,53.976,54.227,55.104
64,@TPP,48.53,49.386,49.673,49.818,49.976,50.098,50.208,50.279,50.363,50.43,50.493,50.551,50.588,50.628,50.678,50.712,50.757,50.802,50.839,50.879,50.914,50.958,51.001,51.042,51.069,51.098,51.132,51.167,51.198,51.225,51.251,51.288,51.324,51.352,51.374,51.414,51.444,51.468,51.494,51.518,51.547,51.566,51.588,51.622,51.65,51.673,51.707,51.727,51.747,51.772,51.798,51.822,51.849,51.876,51.899,51.917,51.94,51.968,51.99,52.019,52.042,52.074,52.104,52.133,52.157,52.18,52.213,52.239,52.274,52.309,52.34,52.367,52.399,52.43,52.463,52.496,52.527,52.554,52.591,52.635,52.675,52.713,52.755,52.799,52.847,52.895,52.933,52.984,53.043,53.099,53.145,53.186,53.254,53.325,53.429,53.532,53.622,53.804,53.99,54.252,55.036
65,@TPP,48.53,49.386,49.673,49.818,49.976,50.098,50.208,50.279,50.363,50.43,50.493,50.551,50.588,50.628,50.678,50.712,50.757,50.802,50.839,50.879,50.914,50.958,51.001,51.042,51.069,51.098,51.132,51.167,51.198,51.225,51.251,51.288,51.324,51.352,51.374,51.414,51.444,51.468,51.494,51.518,51.547,51.566,51.588,51.622,51.65,51.673,51.707,51.727,51.747,51.772,51.798,51.822,51.849,51.876,51.899,51.917,51.94,51.968,51.99,52.019,52.042,52.074,52.104,52.133,52.157,52.18,52.213,52.239,52.274,52.309,52.34,52.367,52.399,52.43,52.463,52.496,52.527,52.554,52.591,52.635,52.675,52.713,52.755,52.799,52.847,52.895,52.933,52.984,53.043,53.099,53.145,53.186,53.254,53.325,53.429,53.532,53.622,53.804,53.99,54.252,55.036
66,@TPP,48.688,49.427,49.658,49.833,49.977,50.091,50.192,50.27,50.365,50.439,50.49,50.534,50.58,50.624,50.671,50.72,50.769,50.81,50.851,50.884,50.917,50.962,50.996,51.038,51.062,51.087,51.121,51.152,51.192,51.221,51.256,51.297,51.331,51.361,51.393,51.419,51.447,51.468,51.487,51.515,51.538,51.563,51.598,51.625,51.65,51.668,51.695,51.726,51.749,51.776,51.807,51.831,51.853,51.88,51.907,51.926,51.945,51.974,52.001,52.026,52.06,52.086,52.12,52.14,52.166,52.192,52.219,52.239,52.261,52.291,52.315,52.355,52.393,52.418,52.453,52.49,52.522,52.559,52.591,52.622,52.668,52.702,52.757,52.809,52.84,52.887,52.94,52.978,53.029,53.076,53.156,53.222,53.284,53.374,53.483,53.551,53.66,53.817,54.013,54.275,55.131
67,@TPP,48.688,49.427,49.658,49.833,49.977,50.091,50.192,50.27,50.365,50.439,50.49,50.534,50.58,50.624,50.671,50.72,50.769,50.81,50.851,50.884,50.917,50.962,50.996,51.038,51.062,51.087,51.121,51.152,51.192,51.221,51.256,51.297,51.331,51.361,51.393,51.419,51.447,51.468,51.487,51.515,51.538,51.563,51.598,51.625,51.65,51.668,51.695,51.726,51.749,51.776,51.807,51.831,51.853,51.88,51.907,51.926,51.945,51.974,52.001,52.026,52.06,52.086,52.12,52.14,52.166,52.192,52.219,52.239,52.261,52.291,52.315,52.355,52.393,52.418,52.453,52.49,52.522,52.559,52.591,52.622,52.668,52.702,52.757,52.809,52.84,52.887,52.94,52.978,53.029,53.076,53.156,53.222,53.284,53.374,53.483,53.551,53.66,53.817,54.013,54.275,55.131
68,@TPP,48.613,49.42,49.641,49.809,49.942,50.102,50.203,50.292,50.355,50.423,50.477,50.53,50.587,50.626,50.677,50.718,50.761,50.799,50.849,50.895,50.938,50.968,50.991,51.03,51.068,51.107,51.135,51.168,51.191,51.222,51.249,51.276,51.304,51.331,51.366,51.387,51.411,51.435,51.462,51.491,51.511,51.545,51.568,51.596,51.627,51.66,51.687,51.714,51.743,51.769,51.793,51.814,51.846,51.872,51.891,51.921,51.951,51.967,51.995,52.028,52.053,52.075,52.104,52.138,52.156,52.188,52.213,52.238,52.275,52.308,52.332,52.359,52.386,52.415,52.446,52.492,52.529,52.561,52.603,52.638,52.678,52.719,52.772,52.825,52.856,52.897,52.94,52.986,53.048,53.103,53.168,53.246,53.327,53.395,53.471,53.596,53.714,53.846,54.046,54.34,55.135
69,@TPP,48.613,49.42,49.641,49.809,49.942,50.102,50.203,50.292,50.355,50.423,50.477,50.53,50.587,50.626,50.677,50.718,50.761,50.799,50.849,50.895,50.938,50.968,50.991,51.03,51.068,51.107,51.135,51.168,51.191,51.222,51.249,51.276,51.304,51.331,51.366,51.387,51.411,51.435,51.462,51.491,51.511,51.545,51.568,51.596,51.627,51.66,51.687,51.714,51.743,51.769,51.793,51.814,51.846,51.872,51.891,51.921,51.951,51.967,51.995,52.028,52.053,52.075,52.104,52.138,52.156,52.188,52.213,52.238,52.275,52.308,52.332,52.359,52.386,52.415,52.446,52.492,52.529,52.561,52.603,52.638,52.678,52.719,52.772,52.825,52.856,52.897,52.94,52.986,53.048,53.103,53.168,53.246,53.327,53.395,53.471,53.596,53.714,53.846,54.046,54.34,55.135
70,@TPP,48.62,49.448,49.698,49.853,49.969,50.074,50.17,50.254,50.319,50.387,50.455,50.521,50.571,50.622,50.663,50.715,50.752,50.801,50.842,50.878,50.917,50.956,50.982,51.017,51.047,51.077,51.111,51.135,51.166,51.194,51.238,51.275,51.305,51.334,51.359,51.383,51.405,51.44,51.468,51.493,51.525,51.551,51.574,51.602,51.624,51.652,51.672,51.699,51.727,51.762,51.784,51.811,51.833,51.855,51.885,51.91,51.935,51.967,51.999,52.021,52.047,52.076,52.103,52.133,52.154,52.182,52.206,52.225,52.255,52.282,52.316,52.348,52.373,52.412,52.447,52.475,52.507,52.55,52.584,52.626,52.668,52.708,52.745,52.787,52.836,52.886,52.93,53.005,53.061,53.124,53.199,53.261,53.337,53.401,53.503,53.61,53.737,53.847,54.021,54.335,55.033
71,@TPP,48.62,49.448,49.698,49.853,49.969,50.074,50.17,50.254,50.319,50.387,50.455,50.521,50.571,50.622,50.663,50.715,50.752,50.801,50.842,50.878,50.917,50.956,50.982,51.017,51.047,51.077,51.111,51.135,51.166,51.194,51.238,51.275,51.305,51.334,51.359,51.383,51.405,51.44,51.468,51.493,51.525,51.551,51.574,51.602,51.624,51.652,51.672,51.699,51.727,51.762,51.784,51.811,51.833,51.855,51.885,51.91,51.935,51.967,51.999,52.021,52.047,52.076,52.103,52.133,52.154,52.182,52.206,52.225,52.255,52.282,52.316,52.348,52.373,52.412,52.447,52.475,52.507,52.55,52.584,52.626,52.668,52.708,52.745,52.787,52.836,52.886,52.93,53.005,53.061,53.124,53.199,53.261,53.337,53.401,53.503,53.61,53.737,53.847,54.021,54.335,55.033
72,@TPP,48.454,49.421,49.676,49.856,49.958,50.061,50.147,50.229,50.298,50.382,50.451,50.509,50.555,50.6,50.654,50.702,50.742,50.783,50.822,50.863,50.912,50.939,50.969,50.999,51.034,51.064,51.092,51.127,51.165,51.191,51.221,51.259,51.295,51.32,51.351,51.375,51.404,51.43,51.46,51.492,51.523,51.555,51.59,51.62,51.649,51.675,51.701,51.723,51.745,51.768,51.794,51.819,51.844,51.87,51.897,51.925,51.943,51.963,51.985,52.011,52.037,52.06,52.08,52.105,52.133,52.157,52.187,52.212,52.239,52.273,52.305,52.343,52.369,52.411,52.447,52.481,52.505,52.548,52.582,52.621,52.67,52.707,52.743,52.786,52.826,52.869,52.922,52.971,53.025,53.079,53.149,53.23,53.298,53.39,53.471,53.575,53.696,53.847,54.03,54.289,55.092
73,@TPP,48.454,49.421,49.676,49.856,49.958,50.061,50.147,50.229,50.298,50.382,50.451,50.509,50.555,50.6,50.654,50.702,50.742,50.783,50.822,50.863,50.912,50.939,50.969,50.999,51.034,51.064,51.092,51.127,51.165,51.191,51.221,51.259,51.295,51.32,51.351,51.375,51.404,51.43,51.46,51.492,51.523,51.555,51.59,51.62,51.649,51.675,51.701,51.723,51.745,51.768,51.794,51.819,51.844,51.87,51.897,51.925,51.943,51.963,51.985,52.011,52.037,52.06,52.08,52.105,52.133,52.157,52.187,52.212,52.239,52.273,52.305,52.343,52.369,52.411,52.447,52.481,52.505,52.548,52.582,52.621,52.67,52.707,52.743,52.786,52.826,52.869,52.922,52.971,53.025,53.079,53.149,53.23,53.298,53.39,53.471,53.575,53.696,53.847,54.03,54.289,55.092
74,@TPP,48.521,49.426,49.724,49.897,49.986,50.081,50.167,50.242,50.299,50.376,50.443,50.502,50.546,50.603,50.65,50.697,50.74,50.779,50.82,50.859,50.895,50.922,50.954,50.993,51.035,51.066,51.103,51.132,51.158,51.187,51.218,51.241,51.273,51.3,51.326,51.353,51.38,51.416,51.438,51.471,51.493,51.522,51.555,51.581,51.605,51.633,51.666,51.687,51.719,51.753,51.782,51.812,51.837,51.854,51.886,51.918,51.947,51.97,51.994,52.014,52.041,52.069,52.098,52.127,52.152,52.181,52.203,52.226,52.253,52.281,52.303,52.331,52.355,52.392,52.42,52.456,52.493,52.528,52.573,52.611,52.652,52.694,52.736,52.791,52.825,52.874,52.928,52.993,53.049,53.096,53.16,53.222,53.304,53.396,53.471,53.587,53.676,53.798,54.019,54.284,55.233
75,@TPP,48.521,49.426,49.724,49.897,49.986,50.081,50.167,50.242,50.299,50.376,50.443,50.502,50.546,50.603,50.65,50.697,50.74,50.779,50.82,50.859,50.895,50.922,50.954,50.993,51.035,51.066,51.103,51.132,51.158,51.187,51.218,51.241,51.273,51.3,51.326,51.353,51.38,51.416,51.438,51.471,51.493,51.522,51.555,51.581,51.605,51.633,51.666,51.687,51.719,51.753,51.782,51.812,51.837,51.854,51.886,51.918,51.947,51.97,51.994,52.014,52.041,52.069,52.098,52.127,52.152,52.181,52.203,52.226,52.253,52.281,52.303,52.331,52.355,52.392,52.42,52.456,52.493,52.528,52.573,52.611,52.652,52.694,52.736,52.791,52.825,52.874,52.928,52.993,53.049,53.096,53.16,53.222,53.304,53.396,53.471,53.587,53.676,53.798,54.019,54.284,55.233
76,@TPP,48.6,49.362,49.691,49.876,49.978,50.068,50.169,50.231,50.305,50.36,50.433,50.482,50.542,50.593,50.65,50.697,50.731,50.771,50.81,50.832,50.878,50.921,50.957,50.985,51.019,51.049,51.078,51.107,51.146,51.182,51.219,51.252,51.293,51.319,51.346,51.371,51.395,51.418,51.443,51.476,51.501,51.526,51.557,51.582,51.604,51.626,51.647,51.673,51.698,51.724,51.764,51.79,51.817,51.837,51.87,51.889,51.911,51.939,51.963,51.988,52.02,52.046,52.076,52.1,52.128,52.165,52.195,52.219,52.249,52.286,52.315,52.353,52.39,52.427,52.459,52.487,52.519,52.541,52.571,52.601,52.635,52.683,52.724,52.767,52.815,52.864,52.903,52.953,53.005,53.069,53.123,53.18,53.253,53.339,53.406,53.529,53.646,53.761,53.954,54.268,55.381
77,@TPP,48.6,49.362,49.691,49.876,49.978,50.068,50.169,50.231,50.305,50.36,50.433,50.482,50.542,50.593,50.65,50.697,50.731,50.771,50.81,50.832,50.878,50.921,50.957,50.985,51.019,51.049,51.078,51.107,51.146,51.182,51.219,51.252,51.293,51.319,51.346,51.371,51.395,51.418,51.443,51.476,51.501,51.526,51.557,51.582,51.604,51.626,51.647,51.673,51.698,51.724,51.764,51.79,51.817,51.837,51.87,51.889,51.911,51.939,51.963,51.988,52.02,52.046,52.076,52.1,52.128,52.165,52.195,52.219,52.249,52.286,52.315,52.353,52.39,52.427,52.459,52.487,52.519,52.541,52.571,52.601,52.635,52.683,52.724,52.767,52.815,52.864,52.903,52.953,53.005,53.069,53.123,53.18,53.253,53.339,53.406,53.529,53.646,53.761,53.954,54.268,55.381
78,@TPP,48.682,49.351,49.71,49.861,49.985,50.082,50.171,50.246,50.315,50.383,50.44,50.496,50.549,50.598,50.667,50.706,50.749,50.794,50.826,50.863,50.889,50.918,50.945,50.969,50.999,51.029,51.061,51.097,51.127,51.165,51.197,51.235,51.263,51.289,51.312,51.341,51.367,51.41,51.44,51.469,51.492,51.519,51.538,51.57,51.597,51.617,51.644,51.673,51.699,51.717,51.747,51.774,51.796,51.823,51.845,51.872,51.901,51.933,51.971,51.998,52.024,52.055,52.078,52.101,52.13,52.153,52.186,52.218,52.243,52.277,52.317,52.347,52.38,52.416,52.447,52.481,52.51,52.539,52.575,52.612,52.645,52.687,52.729,52.765,52.813,52.86,52.897,52.942,52.99,53.06,53.108,53.156,53.232,53.313,53.409,53.528,53.629,53.768,53.981,54.284,55.41
79,@TPP,48.682,49.351,49.71,49.861,49.985,50.082,50.171,50.246,50.315,50.383,50.44,50.496,50.549,50.598,50.667,50.706,50.749,50.794,50.826,50.863,50.889,50.918,50.945,50.969,50.999,51.029,51.061,51.097,51.127,51.165,51.197,51.235,51.263,51.289,51.312,51.341,51.367,51.41,51.44,51.469,51.492,51.519,51.538,51.57,51.597,51.617,51.644,51.673,51.699,51.717,51.747,51.774,51.796,51.823,51.845,51.872,51.901,51.933,51.971,51.998,52.024,52.055,52.078,52.101,52.13,52.153,52.186,52.218,52.243,52.277,52.317,52.347,52.38,52.416,52.447,52.481,52.51,52.539,52.575,52.612,52.645,52.687,52.729,52.765,52.813,52.86,52.897,52.942,52.99,53.06,53.108,53.156,53.232,53.313,53.409,53.528,53.629,53.768,53.981,54.284,55.41
80,@TPP,48.639,49.448,49.669,49.863,49.975,50.1,50.219,50.289,50.363,50.438,50.483,50.539,50.573,50.622,50.66,50.701,50.736,50.773,50.806,50.854,50.895,50.924,50.95,50.988,51.021,51.047,51.093,51.118,51.142,51.178,51.208,51.236,51.265,51.291,51.314,51.349,51.372,51.395,51.42,51.45,51.474,51.493,51.523,51.549,51.577,51.606,51.634,51.66,51.689,51.711,51.738,51.764,51.795,51.828,51.848,51.871,51.892,51.923,51.953,51.979,52.014,52.04,52.062,52.097,52.127,52.151,52.181,52.218,52.241,52.267,52.287,52.316,52.348,52.376,52.412,52.439,52.471,52.513,52.542,52.566,52.612,52.641,52.676,52.723,52.767,52.807,52.852,52.898,52.961,53.017,53.093,53.155,53.218,53.28,53.378,53.463,53.591,53.737,53.931,54.225,55.217
81,@TPP,48.639,49.448,49.669,49.863,49.975,50.1,50.219,50.289,50.363,50.438,50.483,50.539,50.573,50.622,50.66,50.701,50.736,50.773,50.806,50.854,50.895,50.924,50.95,50.988,51.021,51.047,51.093,51.118,51.142,51.178,51.208,51.236,51.265,51.291,51.314,51.349,51.372,51.395,51.42,51.45,51.474,51.493,51.523,51.549,51.577,51.606,51.634,51.66,51.689,51.711,51.738,51.764,51.795,51.828,51.848,51.871,51.892,51.923,51.953,51.979,52.014,52.04,52.062,52.097,52.127,52.151,52.181,52.218,52.241,52.267,52.287,52.316,52.348,52.376,52.412,52.439,52.471,52.513,52.542,52.566,52.612,52.641,52.676,52.723,52.767,52.807,52.852,52.898,52.961,53.017,53.093,53.155,53.218,53.28,53.378,53.463,53.591,53.737,53.931,54.225,55.217
82,@TPP,48.562,49.406,49.692,49.896,50.026,50.126,50.229,50.291,50.345,50.405,50.464,50.513,50.555,50.596,50.642,50.693,50.748,50.773,50.816,50.844,50.881,50.914,50.953,50.987,51.022,51.058,51.086,51.113,51.147,51.174,51.196,51.219,51.258,51.285,51.306,51.335,51.368,51.388,51.416,51.444,51.47,51.497,51.527,51.554,51.58,51.607,51.632,51.66,51.683,51.708,51.735,51.77,51.792,51.819,51.847,51.874,51.899,51.927,51.944,51.967,51.996,52.019,52.051,52.077,52.106,52.137,52.163,52.189,52.222,52.239,52.266,52.293,52.319,52.345,52.371,52.4,52.446,52.478,52.518,52.547,52.581,52.629,52.671,52.71,52.759,52.803,52.845,52.902,52.945,53.001,53.052,53.096,53.158,53.246,53.323,53.418,53.532,53.667,53.848,54.144,55.075
83,@TPP,48.562,49.406,49.692,49.896,50.026,50.126,50.229,50.291,50.345,50.405,50.464,50.513,50.555,50.596,50.642,50.693,50.748,50.773,50.816,50.844,50.881,50.914,50.953,50.987,51.022,51.058,51.086,51.113,51.147,51.174,51.196,51.219,51.258,51.285,51.306,51.335,51.368,51.388,51.416,51.444,51.47,51.497,51.527,51.554,51.58,51.607,51.632,51.66,51.683,51.708,51.735,51.77,51.792,51.819,51.847,51.874,51.899,51.927,51.944,51.967,51.996,52.019,52.051,52.077,52.106,52.137,52.163,52.189,52.222,52.239,52.266,52.293,52.319,52.345,52.371,52.4,52.446,52.478,52.518,52.547,52.581,52.629,52.671,52.71,52.759,52.803,52.845,52.902,52.945,53.001,53.052,53.096,53.158,53.246,53.323,53.418,53.532,53.667,53.848,54.144,55.075
84,@TPP,48.831,49.448,49.709,49.892,50.029,50.148,50.223,50.274,50.344,50.395,50.457,50.515,50.555,50.611,50.654,50.698,50.734,50.784,50.809,50.843,50.892,50.923,50.959,50.989,51.017,51.044,51.081,51.111,51.144,51.178,51.202,51.235,51.258,51.284,51.319,51.338,51.363,51.395,51.423,51.45,51.474,51.504,51.529,51.554,51.578,51.6,51.618,51.641,51.667,51.692,51.72,51.752,51.782,51.806,51.833,51.854,51.881,51.902,51.929,51.949,51.97,51.992,52.018,52.047,52.069,52.098,52.126,52.146,52.169,52.203,52.235,52.275,52.302,52.327,52.363,52.396,52.426,52.452,52.49,52.53,52.562,52.595,52.65,52.685,52.735,52.768,52.804,52.851,52.894,52.945,53.003,53.059,53.117,53.193,53.267,53.361,53.515,53.645,53.813,53.998,55.013
85,@TPP,48.831,49.448,49.709,49.892,50.029,50.148,50.223,50.274,50.344,50.395,50.457,50.515,50.555,50.611,50.654,50.698,50.734,50.784,50.809,50.843,50.892,50.923,50.959,50.989,51.017,51.044,51.081,51.111,51.144,51.178,51.202,51.235,51.258,51.284,51.319,51.338,51.363,51.395,51.423,51.45,51.474,51.504,51.529,51.554,51.578,51.6,51.618,51.641,51.667,51.692,51.72,51.752,51.782,51.806,51.833,51.854,51.881,51.902,51.929,51.949,51.97,51.992,52.018,52.047,52.069,52.098,52.126,52.146,52.169,52.203,52.235,52.275,52.302,52.327,52.363,52.396,52.426,52.452,52.49,52.53,52.562,52.595,52.65,52.685,52.735,52.768,52.804,52.851,52.894,52.945,53.003,53.059,53.117,53.193,53.267,53.361,53.515,53.645,53.813,53.998,55.013
86,@TPP,48.955,49.544,49.74,49.889,50.029,50.129,50.221,50.3,50.372,50.445,50.505,50.551,50.6,50.642,50.683,50.721,50.75,50.793,50.831,50.866,50.91,50.937,50.962,50.99,51.03,51.061,51.091,51.123,51.153,51.191,51.21,51.234,51.263,51.286,51.313,51.334,51.354,51.386,51.413,51.441,51.469,51.49,51.518,51.541,51.562,51.584,51.61,51.633,51.663,51.691,51.716,51.743,51.763,51.783,51.807,51.83,51.865,51.883,51.903,51.938,51.961,51.989,52.021,52.041,52.065,52.09,52.113,52.142,52.17,52.203,52.239,52.267,52.294,52.328,52.361,52.39,52.42,52.448,52.483,52.523,52.56,52.591,52.628,52.677,52.712,52.757,52.79,52.836,52.887,52.947,53.001,53.056,53.115,53.165,53.254,53.36,53.467,53.589,53.781,53.999,54.77
87,@TPP,48.955,49.544,49.74,49.889,50.029,50.129,50.221,50.3,50.372,50.445,50.505,50.551,50.6,50.642,50.683,50.721,50.75,50.793,50.831,50.866,50.91,50.937,50.962,50.99,51.03,51.061,51.091,51.123,51.153,51.191,51.21,51.234,51.263,51.286,51.313,51.334,51.354,51.386,51.413,51.441,51.469,51.49,51.518,51.541,51.562,51.584,51.61,51.633,51.663,51.691,51.716,51.743,51.763,51.783,51.807,51.83,51.865,51.883,51.903,51.938,51.961,51.989,52.021,52.041,52.065,52.09,52.113,52.142,52.17,52.203,52.239,52.267,52.294,52.328,52.361,52.39,52.42,52.448,52.483,52.523,52.56,52.591,52.628,52.677,52.712,52.757,52.79,52.836,52.887,52.947,53.001,53.056,53.115,53.165,53.254,53.36,53.467,53.589,53.781,53.999,54.77
88,@TPP,48.749,49.626,49.846,49.983,50.073,50.151,50.253,50.346,50.41,50.466,50.521,50.581,50.621,50.664,50.708,50.745,50.785,50.826,50.865,50.897,50.924,50.953,50.985,51.014,51.04,51.07,51.101,51.129,51.161,51.186,51.22,51.24,51.262,51.292,51.321,51.341,51.366,51.39,51.414,51.439,51.459,51.479,51.506,51.526,51.551,51.571,51.592,51.621,51.643,51.663,51.697,51.723,51.751,51.78,51.802,51.829,51.851,51.872,51.898,51.927,51.954,51.976,52.008,52.028,52.058,52.088,52.116,52.154,52.191,52.215,52.24,52.269,52.303,52.339,52.366,52.387,52.412,52.439,52.481,52.52,52.556,52.595,52.619,52.654,52.69,52.725,52.763,52.804,52.849,52.901,52.942,52.998,53.06,53.134,53.203,53.303,53.38,53.504,53.706,53.922,54.674
89,@TPP,48.749,49.626,49.846,49.983,50.073,50.151,50.253,50.346,50.41,50.466,50.521,50.581,50.621,50.664,50.708,50.745,50.785,50.826,50.865,50.897,50.924,50.953,50.985,51.014,51.04,51.07,51.101,51.129,51.161,51.186,51.22,51.24,51.262,51.292,51.321,51.341,51.366,51.39,51.414,51.439,51.459,51.479,51.506,51.526,51.551,51.571,51.592,51.621,51.643,51.663,51.697,51.723,51.751,51.78,51.802,51.829,51.851,51.872,51.898,51.927,51.954,51.976,52.008,52.028,52.058,52.088,52.116,52.154,52.191,52.215,52.24,52.269,52.303,52.339,52.366,52.387,52.412,52.439,52.481,52.52,52.556,52.595,52.619,52.654,52.69,52.725,52.763,52.804,52.849,52.901,52.942,52.998,53.06,53.134,53.203,53.303,53.38,53.504,53.706,53.922,54.674
90,@TPP,48.915,49.674,49.912,50.096,50.186,50.285,50.351,50.392,50.443,50.504,50.561,50.599,50.631,50.669,50.705,50.75,50.801,50.844,50.873,50.897,50.935,50.973,51.009,51.043,51.07,51.094,51.117,51.143,51.17,51.198,51.224,51.254,51.274,51.304,51.329,51.354,51.375,51.396,51.423,51.449,51.468,51.487,51.514,51.534,51.558,51.582,51.598,51.626,51.651,51.678,51.699,51.721,51.739,51.762,51.784,51.807,51.833,51.864,51.891,51.912,51.937,51.962,51.987,52.008,52.033,52.059,52.08,52.107,52.133,52.156,52.188,52.225,52.256,52.284,52.313,52.334,52.375,52.404,52.431,52.468,52.504,52.538,52.584,52.616,52.651,52.699,52.744,52.777,52.822,52.873,52.919,52.982,53.043,53.105,53.161,53.239,53.357,53.456,53.599,53.921,54.553
91,@TPP,48.915,49.674,49.912,50.096,50.186,50.285,50.351,50.392,50.443,50.504,50.561,50.599,50.631,50.669,50.705,50.75,50.801,50.844,50.873,50.897,50.935,50.973,51.009,51.043,51.07,51.094,51.117,51.143,51.17,51.198,51.224,51.254,51.274,51.304,51.329,51.354,51.375,51.396,51.423,51.449,51.468,51.487,51.514,51.534,51.558,51.582,51.598,51.626,51.651,51.678,51.699,51.721,51.739,51.762,51.784,51.807,51.833,51.864,51.891,51.912,51.937,51.962,51.987,52.008,52.033,52.059,52.08,52.107,52.133,52.156,52.188,52.225,52.256,52.284,52.313,52.334,52.375,52.404,52.431,52.468,52.504,52.538,52.584,52.616,52.651,52.699,52.744,52.777,52.822,52.873,52.919,52.982,53.043,53.105,53.161,53.239,53.357,53.456,53.599,53.921,54.553
92,@TPP,49.017,49.818,49.989,50.108,50.208,50.315,50.382,50.438,50.488,50.542,50.583,50.631,50.667,50.694,50.737,50.792,50.821,50.854,50.902,50.931,50.964,50.999,51.034,51.066,51.098,51.12,51.142,51.162,51.183,51.21,51.24,51.263,51.282,51.302,51.322,51.347,51.367,51.4,51.428,51.457,51.479,51.503,51.529,51.548,51.569,51.591,51.617,51.643,51.66,51.683,51.702,51.726,51.75,51.768,51.791,51.813,51.842,51.855,51.888,51.911,51.936,51.97,51.99,52.014,52.043,52.068,52.093,52.122,52.143,52.167,52.199,52.223,52.252,52.284,52.306,52.327,52.355,52.382,52.418,52.452,52.484,52.512,52.543,52.57,52.602,52.63,52.671,52.702,52.737,52.786,52.843,52.893,52.96,53.009,53.105,53.197,53.296,53.451,53.587,53.847,54.405
93,@TPP,49.017,49.818,49.989,50.108,50.208,50.315,50.382,50.438,50.488,50.542,50.583,50.631,50.667,50.694,50.737,50.792,50.821,50.854,50.902,50.931,50.964,50.999,51.034,51.066,51.098,51.12,51.142,51.162,51.183,51.21,51.24,51.263,51.282,51.302,51.322,51.347,51.367,51.4,51.428,51.457,51.479,51.503,51.529,51.548,51.569,51.591,51.617,51.643,51.66,51.683,51.702,51.726,51.75,51.768,51.791,51.813,51.842,51.855,51.888,51.911,51.936,51.97,51.99,52.014,52.043,52.068,52.093,52.122,52.143,52.167,52.199,52.223,52.252,52.284,52.306,52.327,52.355,52.382,52.418,52.452,52.484,52.512,52.543,52.57,52.602,52.63,52.671,52.702,52.737,52.786,52.843,52.893,52.96,53.009,53.105,53.197,53.296,53.451,53.587,53.847,54.405
94,@TPP,48.978,49.761,49.992,50.116,50.24,50.337,50.413,50.471,50.526,50.576,50.623,50.675,50.719,50.761,50.79,50.831,50.858,50.902,50.928,50.969,51.004,51.036,51.056,51.094,51.133,51.154,51.171,51.196,51.222,51.244,51.268,51.29,51.311,51.338,51.358,51.382,51.4,51.425,51.45,51.468,51.488,51.511,51.533,51.556,51.572,51.596,51.616,51.64,51.66,51.68,51.7,51.716,51.734,51.758,51.777,51.802,51.822,51.844,51.868,51.884,51.907,51.927,51.955,51.976,52.01,52.036,52.056,52.081,52.109,52.13,52.153,52.183,52.209,52.229,52.251,52.28,52.304,52.322,52.349,52.371,52.403,52.434,52.463,52.495,52.53,52.567,52.594,52.629,52.661,52.719,52.769,52.826,52.885,52.946,53.039,53.134,53.228,53.328,53.458,53.732,54.309
95,@TPP,48.978,49.761,49.992,50.116,50.24,50.337,50.413,50.471,50.526,50.576,50.623,50.675,50.719,50.761,50.79,50.831,50.858,50.902,50.928,50.969,51.004,51.036,51.056,51.094,51.133,51.154,51.171,51.196,51.222,51.244,51.268,51.29,51.311,51.338,51.358,51.382,51.4,51.425,51.45,51.468,51.488,51.511,51.533,51.556,51.572,51.596,51.616,51.64,51.66,51.68,51.7,51.716,51.734,51.758,51.777,51.802,51.822,51.844,51.868,51.884,51.907,51.927,51.955,51.976,52.01,52.036,52.056,52.081,52.109,52.13,52.153,52.183,52.209,52.229,52.251,52.28,52.304,52.322,52.349,52.371,52.403,52.434,52.463,52.495,52.53,52.567,52.594,52.629,52.661,52.719,52.769,52.826,52.885,52.946,53.039,53.134,53.228,53.328,53.458,53.732,54.309
96,@TPP,49.064,49.652,49.917,50.065,50.175,50.242,50.328,50.392,50.446,50.485,50.529,50.575,50.63,50.68,50.715,50.745,50.777,50.813,50.842,50.872,50.898,50.924,50.954,50.988,51.012,51.045,51.068,51.09,51.119,51.143,51.168,51.19,51.207,51.222,51.245,51.272,51.299,51.32,51.341,51.359,51.38,51.398,51.423,51.44,51.463,51.484,51.505,51.527,51.548,51.566,51.589,51.612,51.639,51.661,51.679,51.696,51.717,51.739,51.763,51.782,51.802,51.821,51.837,51.861,51.881,51.901,51.921,51.955,51.978,52.006,52.021,52.039,52.061,52.09,52.121,52.151,52.173,52.205,52.239,52.268,52.297,52.325,52.355,52.382,52.417,52.453,52.5,52.531,52.564,52.604,52.65,52.704,52.759,52.82,52.892,52.976,53.054,53.165,53.317,53.526,54.177
97,@TPP,49.064,49.652,49.917,50.065,50.175,50.242,50.328,50.392,50.446,50.485,50.529,50.575,50.63,50.68,50.715,50.745,50.777,50.813,50.842,50.872,50.898,50.924,50.954,50.988,51.012,51.045,51.068,51.09,51.119,51.143,51.168,51.19,51.207,51.222,51.245,51.272,51.299,51.32,51.341,51.359,51.38,51.398,51.423,51.44,51.463,51.484,51.505,51.527,51.548,51.566,51.589,51.612,51.639,51.661,51.679,51.696,51.717,51.739,51.763,51.782,51.802,51.821,51.837,51.861,51.881,51.901,51.921,51.955,51.978,52.006,52.021,52.039,52.061,52.09,52.121,52.151,52.173,52.205,52.239,52.268,52.297,52.325,52.355,52.382,52.417,52.453,52.5,52.531,52.564,52.604,52.65,52.704,52.759,52.82,52.892,52.976,53.054,53.165,53.317,53.526,54.177
98,@TPP,48.921,49.645,49.836,49.997,50.156,50.218,50.285,50.341,50.406,50.462,50.509,50.564,50.602,50.637,50.677,50.707,50.743,50.787,50.827,50.866,50.907,50.936,50.964,50.997,51.025,51.051,51.073,51.101,51.132,51.152,51.174,51.2,51.228,51.249,51.273,51.294,51.315,51.336,51.355,51.382,51.402,51.419,51.439,51.466,51.494,51.514,51.539,51.563,51.58,51.6,51.622,51.637,51.658,51.675,51.691,51.709,51.735,51.755,51.778,51.807,51.829,51.851,51.881,51.902,51.936,51.953,51.983,52.005,52.027,52.052,52.082,52.105,52.126,52.147,52.178,52.215,52.233,52.259,52.292,52.326,52.354,52.381,52.408,52.442,52.47,52.505,52.545,52.583,52.632,52.677,52.733,52.787,52.838,52.902,52.98,53.072,53.171,53.302,53.446,53.641,54.238
99,@TPP,48.921,49.645,49.836,49.997,50.156,50.218,50.285,50.341,50.406,50.462,50.509,50.564,50.602,50.637,50.677,50.707,50.743,50.787,50.827,50.866,50.907,50.936,50.964,50.997,51.025,51.051,51.073,51.101,51.132,51.152,51.174,51.2,51.228,51.249,51.273,51.294,51.315,51.336,51.355,51.382,51.402,51.419,51.439,51.466,51.494,51.514,51.539,51.563,51.58,51.6,51.622,51.637,51.658,51.675,51.691,51.709,51.735,51.755,51.778,51.807,51.829,51.851,51.881,51.902,51.936,51.953,51.983,52.005,52.027,52.052,52.082,52.105,52.126,52.147,52.178,52.215,52.233,52.259,52.292,52.326,52.354,52.381,52.408,52.442,52.47,52.505,52.545,52.583,52.632,52.677,52.733,52.787,52.838,52.902,52.98,53.072,53.171,53.302,53.446,53.641,54.238
100,@TPP,48.804,49.6,49.842,49.973,50.077,50.176,50.279,50.343,50.394,50.449,50.501,50.541,50.589,50.633,50.695,50.721,50.758,50.793,50.826,50.861,50.898,50.933,50.967,51.003,51.024,51.054,51.08,51.109,51.133,51.159,51.182,51.205,51.235,51.266,51.293,51.318,51.345,51.362,51.385,51.409,51.435,51.466,51.489,51.508,51.526,51.549,51.576,51.597,51.617,51.635,51.653,51.678,51.695,51.718,51.736,51.753,51.782,51.805,51.828,51.851,51.874,51.895,51.92,51.945,51.971,51.999,52.026,52.052,52.075,52.1,52.134,52.168,52.195,52.22,52.25,52.276,52.302,52.334,52.359,52.393,52.427,52.46,52.482,52.511,52.555,52.586,52.636,52.68,52.721,52.759,52.802,52.853,52.918,52.995,53.068,53.153,53.236,53.323,53.501,53.802,54.618
101,@TPP,48.804,49.6,49.842,49.973,50.077,50.176,50.279,50.343,50.394,50.449,50.501,50.541,50.589,50.633,50.695,50.721,50.758,50.793,50.826,50.861,50.898,50.933,50.967,51.003,51.024,51.054,51.08,51.109,51.133,51.159,51.182,51.205,51.235,51.266,51.293,51.318,51.345,51.362,51.385,51.409,51.435,51.466,51.489,51.508,51.526,51.549,51.576,51.597,51.617,51.635,51.653,51.678,51.695,51.718,51.736,51.753,51.782,51.805,51.828,51.851,51.874,51.895,51.92,51.945,51.971,51.999,52.026,52.052,52.075,52.1,52.134,52.168,52.195,52.22,52.25,52.276,52.302,52.334,52.359,52.393,52.427,52.46,52.482,52.511,52.555,52.586,52.636,52.68,52.721,52.759,52.802,52.853,52.918,52.995,53.068,53.153,53.236,53.323,53.501,53.802,54.618
102,@TPP,48.643,49.519,49.765,49.912,50.055,50.164,50.247,50.313,50.373,50.441,50.501,50.562,50.607,50.642,50.674,50.723,50.753,50.784,50.821,50.868,50.913,50.944,50.977,51.017,51.053,51.085,51.107,51.136,51.157,51.183,51.21,51.24,51.258,51.29,51.314,51.34,51.365,51.383,51.414,51.436,51.46,51.488,51.508,51.527,51.549,51.573,51.593,51.611,51.637,51.657,51.678,51.699,51.727,51.753,51.782,51.803,51.823,51.844,51.873,51.898,51.92,51.946,51.972,52.003,52.032,52.06,52.091,52.119,52.145,52.173,52.194,52.216,52.244,52.267,52.294,52.329,52.352,52.378,52.416,52.447,52.476,52.514,52.551,52.591,52.62,52.657,52.696,52.737,52.785,52.837,52.88,52.934,52.977,53.046,53.116,53.181,53.319,53.431,53.555,53.795,54.558
103,@TPP,48.643,49.519,49.765,49.912,50.055,50.164,50.247,50.313,50.373,50.441,50.501,50.562,50.607,50.642,50.674,50.723,50.753,50.784,50.821,50.868,50.913,50.944,50.977,51.017,51.053,51.085,51.107,51.136,51.157,51.183,51.21,51.24,51.258,51.29,51.314,51.34,51.365,51.383,51.414,51.436,51.46,51.488,51.508,51.527,51.549,51.573,51.593,51.611,51.637,51.657,51.678,51.699,51.727,51.753,51.782,51.803,51.823,51.844,51.873,51.898,51.92,51.946,51.972,52.003,52.032,52.06,52.091,52.119,52.145,52.173,52.194,52.216,52.244,52.267,52.294,52.329,52.352,52.378,52.416,52.447,52.476,52.514,52.551,52.591,52.62,52.657,52.696,52.737,52.785,52.837,52.88,52.934,52.977,53.046,53.116,53.181,53.319,53.431,53.555,53.795,54.558
104,@TPP,48.742,49.5,49.774,49.967,50.083,50.174,50.255,50.326,50.387,50.455,50.519,50.576,50.615,50.658,50.695,50.735,50.783,50.814,50.85,50.888,50.921,50.954,50.989,51.012,51.05,51.087,51.11,51.136,51.173,51.202,51.225,51.247,51.268,51.296,51.327,51.353,51.374,51.398,51.426,51.456,51.483,51.511,51.536,51.559,51.58,51.599,51.631,51.649,51.674,51.697,51.721,51.743,51.763,51.785,51.812,51.841,51.864,51.891,51.921,51.94,51.97,51.993,52.021,52.049,52.075,52.097,52.122,52.148,52.17,52.198,52.235,52.264,52.292,52.323,52.346,52.373,52.403,52.436,52.474,52.515,52.551,52.589,52.621,52.653,52.691,52.73,52.758,52.798,52.839,52.886,52.94,53.004,53.067,53.15,53.221,53.296,53.424,53.539,53.676,53.881,54.773
105,@TPP,48.742,49.5,49.774,49.967,50.083,50.174,50.255,50.326,50.387,50.455,50.519,50.576,50.615,50.658,50.695,50.735,50.783,50.814,50.85,50.888,50.921,50.954,50.989,51.012,51.05,51.087,51.11,51.136,51.173,51.202,51.225,51.247,51.268,51.296,51.327,51.353,51.374,51.398,51.426,51.456,51.483,51.511,51.536,51.559,51.58,51.599,51.631,51.649,51.674,51.697,51.721,51.743,51.763,51.785,51.812,51.841,51.864,51.891,51.921,51.94,51.97,51.993,52.021,52.049,52.075,52.097,52.122,52.148,52.17,52.198,52.235,52.264,52.292,52.323,52.346,52.373,52.403,52.436,52.474,52.515,52.551,52.589,52.621,52.653,52.691,52.73,52.758,52.798,52.839,52.886,52.94,53.004,53.067,53.15,53.221,53.296,53.424,53.539,53.676,53.881,54.773
106,@TPP,48.689,49.464,49.766,49.904,50.062,50.159,50.26,50.332,50.397,50.451,50.508,50.575,50.63,50.676,50.716,50.763,50.796,50.826,50.87,50.9,50.933,50.972,51.002,51.037,51.064,51.096,51.128,51.157,51.189,51.209,51.242,51.273,51.304,51.329,51.353,51.376,51.406,51.436,51.466,51.491,51.518,51.543,51.57,51.599,51.627,51.654,51.676,51.699,51.731,51.75,51.774,51.796,51.818,51.833,51.856,51.882,51.902,51.931,51.951,51.978,52.005,52.032,52.058,52.085,52.113,52.139,52.163,52.19,52.219,52.248,52.276,52.295,52.324,52.349,52.38,52.413,52.453,52.494,52.534,52.569,52.6,52.636,52.663,52.703,52.74,52.775,52.823,52.871,52.919,52.978,53.034,53.098,53.161,53.222,53.305,53.395,53.513,53.64,53.82,54.097,54.535
107,@TPP,48.689,49.464,49.766,49.904,50.062,50.159,50.26,50.332,50.397,50.451,50.508,50.575,50.63,50.676,50.716,50.763,50.796,50.826,50.87,50.9,50.933,50.972,51.002,51.037,51.064,51.096,51.128,51.157,51.189,51.209,51.242,51.273,51.304,51.329,51.353,51.376,51.406,51.436,51.466,51.491,51.518,51.543,51.57,51.599,51.627,51.654,51.676,51.699,51.731,51.75,51.774,51.796,51.818,51.833,51.856,51.882,51.902,51.931,51.951,51.978,52.005,52.032,52.058,52.085,52.113,52.139,52.163,52.19,52.219,52.248,52.276,52.295,52.324,52.349,52.38,52.413,52.453,52.494,52.534,52.569,52.6,52.636,52.663,52.703,52.74,52.775,52.823,52.871,52.919,52.978,53.034,53.098,53.161,53.222,53.305,53.395,53.513,53.64,53.82,54.097,54.535
108,@TPP,48.565,49.449,49.65,49.851,49.997,50.064,50.179,50.275,50.354,50.435,50.51,50.573,50.635,50.682,50.73,50.765,50.803,50.845,50.881,50.92,50.947,50.98,51.012,51.058,51.087,51.118,51.146,51.177,51.204,51.232,51.258,51.292,51.314,51.348,51.378,51.407,51.435,51.46,51.489,51.511,51.543,51.57,51.595,51.621,51.641,51.661,51.685,51.703,51.722,51.747,51.769,51.8,51.823,51.854,51.874,51.899,51.929,51.955,51.979,52.008,52.031,52.055,52.081,52.107,52.133,52.156,52.18,52.216,52.247,52.278,52.314,52.337,52.369,52.399,52.428,52.458,52.489,52.531,52.566,52.608,52.645,52.68,52.72,52.773,52.807,52.854,52.905,52.945,52.983,53.034,53.088,53.144,53.192,53.275,53.367,53.47,53.601,53.731,53.858,54.166,54.907
109,@TPP,48.565,49.449,49.65,49.851,49.997,50.064,50.179,50.275,50.354,50.435,50.51,50.573,50.635,50.682,50.73,50.765,50.803,50.845,50.881,50.92,50.947,50.98,51.012,51.058,51.087,51.118,51.146,51.177,51.204,51.232,51.258,51.292,51.314,51.348,51.378,51.407,51.435,51.46,51.489,51.511,51.543,51.57,51.595,51.621,51.641,51.661,51.685,51.703,51.722,51.747,51.769,51.8,51.823,51.854,51.874,51.899,51.929,51.955,51.979,52.008,52.031,52.055,52.081,52.107,52.133,52.156,52.18,52.216,52.247,52.278,52.314,52.337,52.369,52.399,52.428,52.458,52.489,52.531,52.566,52.608,52.645,52.68,52.72,52.773,52.807,52.854,52.905,52.945,52.983,53.034,53.088,53.144,53.192,53.275,53.367,53.47,53.601,53.731,53.858,54.166,54.907
110,@TPP,48.477,49.419,49.687,49.896,50.034,50.146,50.237,50.323,50.408,50.472,50.53,50.588,50.639,50.687,50.739,50.78,50.824,50.862,50.9,50.935,50.969,51.003,51.038,51.073,51.108,51.134,51.171,51.198,51.219,51.25,51.278,51.312,51.338,51.37,51.403,51.43,51.448,51.469,51.497,51.525,51.549,51.579,51.601,51.627,51.65,51.684,51.712,51.741,51.778,51.808,51.84,51.86,51.883,51.91,51.927,51.951,51.981,52.007,52.029,52.059,52.082,52.111,52.128,52.156,52.188,52.217,52.239,52.263,52.298,52.323,52.361,52.396,52.429,52.457,52.489,52.521,52.555,52.601,52.642,52.676,52.702,52.747,52.792,52.831,52.88,52.917,52.958,53.012,53.049,53.097,53.141,53.22,53.278,53.354,53.438,53.528,53.64,53.752,53.903,54.192,54.762
111,@TPP,48.477,49.419,49.687,49.896,50.034,50.146,50.237,50.323,50.408,50.472,50.53,50.588,50.639,50.687,50.739,50.78,50.824,50.862,50.9,50.935,50.969,51.003,51.038,51.073,51.108,51.134,51.171,51.198,51.219,51.25,51.278,51.312,51.338,51.37,51.403,51.43,51.448,51.469,51.497,51.525,51.549,51.579,51.601,51.627,51.65,51.684,51.712,51.741,51.778,51.808,51.84,51.86,51.883,51.91,51.927,51.951,51.981,52.007,52.029,52.059,52.082,52.111,52.128,52.156,52.188,52.217,52.239,52.263,52.298,52.323,52.361,52.396,52.429,52.457,52.489,52.521,52.555,52.601,52.642,52.676,52.702,52.747,52.792,52.831,52.88,52.917,52.958,53.012,53.049,53.097,53.141,53.22,53.278,53.354,53.438,53.528,53.64,53.752,53.903,54.192,54.762
112,@TPP,48.314,49.398,49.711,49.893,50.049,50.179,50.269,50.332,50.406,50.463,50.544,50.597,50.653,50.704,50.761,50.795,50.828,50.865,50.901,50.941,50.995,51.022,51.063,51.101,51.138,51.171,51.203,51.241,51.266,51.302,51.333,51.362,51.388,51.413,51.436,51.458,51.478,51.5,51.534,51.564,51.585,51.618,51.645,51.666,51.692,51.723,51.744,51.77,51.791,51.817,51.846,51.875,51.897,51.918,51.951,51.976,52.004,52.035,52.061,52.089,52.119,52.148,52.177,52.206,52.236,52.262,52.284,52.314,52.347,52.38,52.401,52.422,52.459,52.483,52.517,52.546,52.573,52.62,52.66,52.691,52.72,52.765,52.808,52.853,52.9,52.947,52.983,53.034,53.09,53.15,53.201,53.243,53.303,53.405,53.468,53.562,53.675,53.791,53.95,54.183,54.874
113,@TPP,48.314,49.398,49.711,49.893,50.049,50.179,50.269,50.332,50.406,50.463,50.544,50.597,50.653,50.704,50.761,50.795,50.828,50.865,50.901,50.941,50.995,51.022,51.063,51.101,51.138,51.171,51.203,51.241,51.266,51.302,51.333,51.362,51.388,51.413,51.436,51.458,51.478,51.5,51.534,51.564,51.585,51.618,51.645,51.666,51.692,51.723,51.744,51.77,51.791,51.817,51.846,51.875,51.897,51.918,51.951,51.976,52.004,52.035,52.061,52.089,52.119,52.148,52.177,52.206,52.236,52.262,52.284,52.314,52.347,52.38,52.401,52.422,52.459,52.483,52.517,52.546,52.573,52.62,52.66,52.691,52.72,52.765,52.808,52.853,52.9,52.947,52.983,53.034,53.09,53.15,53.201,53.243,53.303,53.405,53.468,53.562,53.675,53.791,53.95,54.183,54.874
114,@TPP,48.635,49.495,49.767,49.931,50.1,50.175,50.257,50.335,50.419,50.489,50.565,50.613,50.671,50.722,50.77,50.812,50.854,50.897,50.934,50.981,51.021,51.054,51.097,51.132,51.17,51.205,51.249,51.28,51.306,51.336,51.368,51.401,51.426,51.452,51.476,51.512,51.532,51.561,51.582,51.603,51.627,51.646,51.669,51.696,51.727,51.751,51.781,51.813,51.838,51.873,51.897,51.92,51.945,51.968,51.988,52.019,52.047,52.07,52.097,52.123,52.158,52.183,52.214,52.239,52.265,52.29,52.309,52.339,52.364,52.397,52.424,52.448,52.48,52.514,52.553,52.589,52.624,52.652,52.691,52.733,52.773,52.807,52.848,52.888,52.929,52.973,53.02,53.074,53.122,53.18,53.236,53.297,53.354,53.428,53.509,53.581,53.699,53.827,53.994,54.244,54.876
115,@TPP,48.635,49.495,49.767,49.931,50.1,50.175,50.257,50.335,50.419,50.489,50.565,50.613,50.671,50.722,50.77,50.812,50.854,50.897,50.934,50.981,51.021,51.054,51.097,51.132,51.17,51.205,51.249,51.28,51.306,51.336,51.368,51.401,51.426,51.452,51.476,51.512,51.532,51.561,51.582,51.603,51.627,51.646,51.669,51.696,51.727,51.751,51.781,51.813,51.838,51.873,51.897,51.92,51.945,51.968,51.988,52.019,52.047,52.07,52.097,52.123,52.158,52.183,52.214,52.239,52.265,52.29,52.309,52.339,52.364,52.397,52.424,52.448,52.48,52.514,52.553,52.589,52.624,52.652,52.691,52.733,52.773,52.807,52.848,52.888,52.929,52.973,53.02,53.074,53.122,53.18,53.236,53.297,53.354,53.428,53.509,53.581,53.699,53.827,53.994,54.244,54.876
116,@TPP,48.701,49.497,49.804,49.994,50.105,50.228,50.308,50.371,50.441,50.506,50.583,50.646,50.692,50.755,50.806,50.842,50.886,50.928,50.969,51.004,51.051,51.104,51.136,51.178,51.218,51.241,51.272,51.301,51.333,51.357,51.383,51.42,51.453,51.487,51.504,51.535,51.567,51.594,51.617,51.644,51.667,51.689,51.711,51.737,51.767,51.789,51.813,51.839,51.867,51.887,51.918,51.945,51.973,51.998,52.023,52.058,52.083,52.121,52.145,52.171,52.194,52.217,52.242,52.258,52.284,52.321,52.342,52.376,52.402,52.434,52.472,52.504,52.528,52.562,52.588,52.627,52.664,52.7,52.729,52.77,52.808,52.845,52.886,52.921,52.964,53.018,53.072,53.119,53.163,53.214,53.266,53.335,53.402,53.464,53.561,53.654,53.773,53.883,54.026,54.269,54.978
117,@TPP,48.701,49.497,49.804,49.994,50.105,50.228,50.308,50.371,50.441,50.506,50.583,50.646,50.692,50.755,50.806,50.842,50.886,50.928,50.969,51.004,51.051,51.104,51.136,51.178,51.218,51.241,51.272,51.301,51.333,51.357,51.383,51.42,51.453,51.487,51.504,51.535,51.567,51.594,51.617,51.644,51.667,51.689,51.711,51.737,51.767,51.789,51.813,51.839,51.867,51.887,51.918,51.945,51.973,51.998,52.023,52.058,52.083,52.121,52.145,52.171,52.194,52.217,52.242,52.258,52.284,52.321,52.342,52.376,52.402,52.434,52.472,52.504,52.528,52.562,52.588,52.627,52.664,52.7,52.729,52.77,52.808,52.845,52.886,52.921,52.964,53.018,53.072,53.119,53.163,53.214,53.266,53.335,53.402,53.464,53.561,53.654,53.773,53.883,54.026,54.269,54.978
118,@TPP,48.978,49.541,49.838,49.988,50.126,50.262,50.332,50.417,50.5,50.583,50.631,50.681,50.738,50.793,50.839,50.889,50.925,50.952,50.988,51.039,51.076,51.118,51.157,51.202,51.242,51.273,51.304,51.334,51.368,51.403,51.448,51.478,51.504,51.526,51.553,51.582,51.611,51.632,51.66,51.68,51.7,51.735,51.765,51.786,51.805,51.829,51.854,51.877,51.9,51.928,51.948,51.972,51.999,52.025,52.046,52.071,52.09,52.114,52.138,52.172,52.198,52.218,52.245,52.273,52.302,52.327,52.352,52.391,52.42,52.444,52.476,52.513,52.541,52.576,52.611,52.649,52.681,52.715,52.743,52.793,52.827,52.876,52.93,52.974,53.009,53.063,53.119,53.174,53.227,53.273,53.346,53.4,53.467,53.526,53.605,53.685,53.789,53.894,54.048,54.249,55.081
119,@TPP,48.978,49.541,49.838,49.988,50.126,50.262,50.332,50.417,50.5,50.583,50.631,50.681,50.738,50.793,50.839,50.889,50.925,50.952,50.988,51.039,51.076,51.118,51.157,51.202,51.242,51.273,51.304,51.334,51.368,51.403,51.448,51.478,51.504,51.526,51.553,51.582,51.611,51.632,51.66,51.68,51.7,51.735,51.765,51.786,51.805,51.829,51.854,51.877,51.9,51.928,51.948,51.972,51.999,52.025,52.046,52.071,52.09,52.114,52.138,52.172,52.198,52.218,52.245,52.273,52.302,52.327,52.352,52.391,52.42,52.444,52.476,52.513,52.541,52.576,52.611,52.649,52.681,52.715,52.743,52.793,52.827,52.876,52.93,52.974,53.009,53.063,53.119,53.174,53.227,53.273,53.346,53.4,53.467,53.526,53.605,53.685,53.789,53.894,54.048,54.249,55.081
120,@TPP,48.881,49.636,49.903,50.066,50.186,50.311,50.394,50.462,50.528,50.598,50.647,50.718,50.775,50.82,50.867,50.905,50.947,51.0,51.033,51.078,51.116,51.161,51.191,51.221,51.257,51.283,51.33,51.356,51.389,51.42,51.451,51.48,51.506,51.544,51.574,51.599,51.622,51.648,51.667,51.688,51.714,51.74,51.764,51.786,51.816,51.834,51.858,51.885,51.908,51.942,51.971,52.001,52.021,52.047,52.069,52.092,52.114,52.144,52.176,52.202,52.231,52.251,52.281,52.315,52.344,52.369,52.404,52.43,52.457,52.483,52.514,52.556,52.603,52.634,52.669,52.707,52.74,52.773,52.806,52.833,52.877,52.919,52.962,53.0,53.034,53.074,53.126,53.18,53.233,53.308,53.373,53.432,53.519,53.593,53.662,53.736,53.836,53.938,54.074,54.322,55.172
121,@TPP,48.881,49.636,49.903,50.066,50.186,50.311,50.394,50.462,50.528,50.598,50.647,50.718,50.775,50.82,50.867,50.905,50.947,51.0,51.033,51.078,51.116,51.161,51.191,51.221,51.257,51.283,51.33,51.356,51.389,51.42,51.451,51.48,51.506,51.544,51.574,51.599,51.622,51.648,51.667,51.688,51.714,51.74,51.764,51.786,51.816,51.834,51.858,51.885,51.908,51.942,51.971,52.001,52.021,52.047,52.069,52.092,52.114,52.144,52.176,52.202,52.231,52.251,52.281,52.315,52.344,52.369,52.404,52.43,52.457,52.483,52.514,52.556,52.603,52.634,52.669,52.707,52.74,52.773,52.806,52.833,52.877,52.919,52.962,53.0,53.034,53.074,53.126,53.18,53.233,53.308,53.373,53.432,53.519,53.593,53.662,53.736,53.836,53.938,54.074,54.322,55.172
122,@TPP,48.8,49.677,49.934,50.158,50.29,50.38,50.457,50.513,50.584,50.641,50.697,50.76,50.797,50.841,50.894,50.944,50.984,51.036,51.087,51.131,51.164,51.196,51.233,51.265,51.3,51.338,51.367,51.4,51.42,51.45,51.482,51.507,51.537,51.565,51.589,51.617,51.645,51.67,51.693,51.721,51.757,51.782,51.807,51.827,51.849,51.869,51.897,51.931,51.958,51.981,52.011,52.039,52.061,52.086,52.11,52.135,52.159,52.183,52.205,52.233,52.266,52.296,52.32,52.347,52.38,52.414,52.441,52.473,52.508,52.541,52.574,52.603,52.632,52.662,52.696,52.724,52.744,52.776,52.81,52.858,52.895,52.934,52.975,53.02,53.067,53.11,53.155,53.207,53.254,53.32,53.381,53.439,53.498,53.574,53.668,53.758,53.861,53.982,54.145,54.388,55.18
123,@TPP,48.8,49.677,49.934,50.158,50.29,50.38,50.457,50.513,50.584,50.641,50.697,50.76,50.797,50.841,50.894,50.944,50.984,51.036,51.087,51.131,51.164,51.196,51.233,51.265,51.3,51.338,51.367,51.4,51.42,51.45,51.482,51.507,51.537,51.565,51.589,51.617,51.645,51.67,51.693,51.721,51.757,51.782,51.807,51.827,51.849,51.869,51.897,51.931,51.958,51.981,52.011,52.039,52.061,52.086,52.11,52.135,52.159,52.183,52.205,52.233,52.266,52.296,52.32,52.347,52.38,52.414,52.441,52.473,52.508,52.541,52.574,52.603,52.632,52.662,52.696,52.724,52.744,52.776,52.81,52.858,52.895,52.934,52.975,53.02,53.067,53.11,53.155,53.207,53.254,53.32,53.381,53.439,53.498,53.574,53.668,53.758,53.861,53.982,54.145,54.388,55.18
124,@TPP,48.572,49.71,49.97,50.167,50.304,50.407,50.499,50.567,50.638,50.698,50.765,50.818,50.864,50.9,50.953,50.991,51.036,51.071,51.117,51.162,51.195,51.223,51.253,51.291,51.323,51.351,51.382,51.416,51.452,51.485,51.509,51.533,51.561,51.598,51.624,51.653,51.682,51.709,51.736,51.765,51.794,51.825,51.847,51.86,51.886,51.914,51.946,51.976,51.995,52.019,52.043,52.066,52.091,52.109,52.137,52.165,52.201,52.238,52.269,52.299,52.324,52.358,52.387,52.414,52.445,52.464,52.489,52.509,52.542,52.571,52.602,52.627,52.658,52.686,52.712,52.736,52.764,52.796,52.83,52.861,52.894,52.939,52.972,53.027,53.062,53.115,53.17,53.213,53.277,53.327,53.388,53.434,53.497,53.583,53.654,53.764,53.876,53.989,54.184,54.407,55.265
125,@TPP,48.572,49.71,49.97,50.167,50.304,50.407,50.499,50.567,50.638,50.698,50.765,50.818,50.864,50.9,50.953,50.991,51.036,51.071,51.117,51.162,51.195,51.223,51.253,51.291,51.323,51.351,51.382,51.416,51.452,51.485,51.509,51.533,51.561,51.598,51.624,51.653,51.682,51.709,51.736,51.765,51.794,51.825,51.847,51.86,51.886,51.914,51.946,51.976,51.995,52.019,52.043,52.066,52.091,52.109,52.137,52.165,52.201,52.238,52.269,52.299,52.324,52.358,52.387,52.414,52.445,52.464,52.489,52.509,52.542,52.571,52.602,52.627,52.658,52.686,52.712,52.736,52.764,52.796,52.83,52.861,52.894,52.939,52.972,53.027,53.062,53.115,53.17,53.213,53.277,53.327,53.388,53.434,53.497,53.583,53.654,53.764,53.876,53.989,54.184,54.407,55.265
126,@TPP,48.889,49.647,49.904,50.115,50.246,50.366,50.46,50.522,50.592,50.665,50.728,50.786,50.852,50.892,50.939,50.979,51.03,51.066,51.106,51.14,51.18,51.211,51.257,51.294,51.329,51.357,51.388,51.422,51.453,51.495,51.529,51.556,51.584,51.616,51.649,51.675,51.705,51.726,51.763,51.789,51.818,51.844,51.864,51.88,51.907,51.938,51.957,51.992,52.017,52.036,52.063,52.088,52.107,52.133,52.167,52.196,52.219,52.249,52.276,52.301,52.331,52.362,52.391,52.414,52.443,52.465,52.49,52.519,52.548,52.58,52.61,52.64,52.677,52.713,52.738,52.763,52.796,52.83,52.856,52.901,52.955,53.001,53.05,53.087,53.131,53.169,53.232,53.277,53.33,53.398,53.475,53.533,53.591,53.653,53.73,53.806,53.888,54.011,54.177,54.484,55.412
127,@TPP,48.889,49.647,49.904,50.115,50.246,50.366,50.46,50.522,50.592,50.665,50.728,50.786,50.852,50.892,50.939,50.979,51.03,51.066,51.106,51.14,51.18,51.211,51.257,51.294,51.329,51.357,51.388,51.422,51.453,51.495,51.529,51.556,51.584,51.616,51.649,51.675,51.705,51.726,51.763,51.789,51.818,51.844,51.864,51.88,51.907,51.938,51.957,51.992,52.017,52.036,52.063,52.088,52.107,52.133,52.167,52.196,52.219,52.249,52.276,52.301,52.331,52.362,52.391,52.414,52.443,52.465,52.49,52.519,52.548,52.58,52.61,52.64,52.677,52.713,52.738,52.763,52.796,52.83,52.856,52.901,52.955,53.001,53.05,53.087,53.131,53.169,53.232,53.277,53.33,53.398,53.475,53.533,53.591,53.653,53.73,53.806,53.888,54.011,54.177,54.484,55.412
128,@TPP,48.798,49.631,49.917,50.106,50.248,50.369,50.456,50.519,50.588,50.669,50.721,50.776,50.829,50.883,50.937,50.991,51.041,51.082,51.124,51.17,51.205,51.256,51.284,51.308,51.341,51.37,51.411,51.439,51.465,51.498,51.527,51.569,51.598,51.632,51.659,51.686,51.71,51.739,51.772,51.788,51.819,51.844,51.875,51.902,51.934,51.964,51.983,52.013,52.039,52.064,52.094,52.12,52.144,52.169,52.199,52.232,52.26,52.279,52.302,52.331,52.356,52.386,52.42,52.445,52.474,52.493,52.529,52.567,52.6,52.634,52.659,52.689,52.72,52.756,52.786,52.82,52.85,52.882,52.914,52.96,52.997,53.029,53.071,53.124,53.176,53.223,53.272,53.341,53.394,53.444,53.529,53.596,53.666,53.745,53.812,53.893,54.001,54.152,54.303,54.551,55.413
129,@TPP,48.798,49.631,49.917,50.106,50.248,50.369,50.456,50.519,50.588,50.669,50.721,50.776,50.829,50.883,50.937,50.991,51.041,51.082,51.124,51.17,51.205,51.256,51.284,51.308,51.341,51.37,51.411,51.439,51.465,51.498,51.527,51.569,51.598,51.632,51.659,51.686,51.71,51.739,51.772,51.788,51.819,51.844,51.875,51.902,51.934,51.964,51.983,52.013,52.039,52.064,52.094,52.12,52.144,52.169,52.199,52.232,52.26,52.279,52.302,52.331,52.356,52.386,52.42,52.445,52.474,52.493,52.529,52.567,52.6,52.634,52.659,52.689,52.72,52.756,52.786,52.82,52.85,52.882,52.914,52.96,52.997,53.029,53.071,53.124,53.176,53.223,53.272,53.341,53.394,53.444,53.529,53.596,53.666,53.745,53.812,53.893,54.001,54.152,54.303,54.551,55.413
130,@TPP,48.787,49.609,49.91,50.128,50.254,50.361,50.477,50.549,50.616,50.669,50.725,50.795,50.859,50.921,50.977,51.034,51.07,51.1,51.144,51.186,51.223,51.262,51.3,51.332,51.362,51.396,51.42,51.452,51.483,51.521,51.543,51.573,51.61,51.637,51.664,51.698,51.718,51.75,51.771,51.794,51.82,51.847,51.875,51.905,51.938,51.967,51.993,52.023,52.057,52.084,52.115,52.138,52.169,52.204,52.232,52.261,52.282,52.316,52.337,52.357,52.385,52.416,52.447,52.473,52.505,52.527,52.551,52.584,52.615,52.653,52.686,52.719,52.75,52.787,52.82,52.851,52.891,52.925,52.959,52.989,53.024,53.07,53.107,53.163,53.205,53.251,53.299,53.354,53.429,53.5,53.562,53.643,53.706,53.768,53.845,53.962,54.078,54.193,54.384,54.681,55.36
131,@TPP,48.787,49.609,49.91,50.128,50.254,50.361,50.477,50.549,50.616,50.669,50.725,50.795,50.859,50.921,50.977,51.034,51.07,51.1,51.144,51.186,51.223,51.262,51.3,51.332,51.362,51.396,51.42,51.452,51.483,51.521,51.543,51.573,51.61,51.637,51.664,51.698,51.718,51.75,51.771,51.794,51.82,51.847,51.875,51.905,51.938,51.967,51.993,52.023,52.057,52.084,52.115,52.138,52.169,52.204,52.232,52.261,52.282,52.316,52.337,52.357,52.385,52.416,52.447,52.473,52.505,52.527,52.551,52.584,52.615,52.653,52.686,52.719,52.75,52.787,52.82,52.851,52.891,52.925,52.959,52.989,53.024,53.07,53.107,53.163,53.205,53.251,53.299,53.354,53.429,53.5,53.562,53.643,53.706,53.768,53.845,53.962,54.078,54.193,54.384,54.681,55.36
132,@TPP,48.834,49.537,49.935,50.111,50.225,50.364,50.438,50.544,50.633,50.708,50.763,50.839,50.883,50.92,50.965,51.012,51.062,51.111,51.151,51.189,51.229,51.262,51.295,51.325,51.36,51.398,51.445,51.485,51.508,51.541,51.571,51.607,51.634,51.669,51.699,51.726,51.748,51.773,51.804,51.844,51.868,51.901,51.927,51.95,51.979,52.0,52.027,52.055,52.081,52.113,52.134,52.162,52.184,52.216,52.237,52.266,52.29,52.319,52.348,52.378,52.413,52.442,52.476,52.502,52.537,52.564,52.584,52.607,52.646,52.685,52.715,52.743,52.773,52.8,52.839,52.878,52.914,52.958,52.991,53.033,53.074,53.129,53.179,53.219,53.26,53.321,53.385,53.45,53.493,53.545,53.61,53.69,53.747,53.846,53.924,54.043,54.12,54.275,54.421,54.771,55.386
133,@TPP,48.834,49.537,49.935,50.111,50.225,50.364,50.438,50.544,50.633,50.708,50.763,50.839,50.883,50.92,50.965,51.012,51.062,51.111,51.151,51.189,51.229,51.262,51.295,51.325,51.36,51.398,51.445,51.485,51.508,51.541,51.571,51.607,51.634,51.669,51.699,51.726,51.748,51.773,51.804,51.844,51.868,51.901,51.927,51.95,51.979,52.0,52.027,52.055,52.081,52.113,52.134,52.162,52.184,52.216,52.237,52.266,52.29,52.319,52.348,52.378,52.413,52.442,52.476,52.502,52.537,52.564,52.584,52.607,52.646,52.685,52.715,52.743,52.773,52.8,52.839,52.878,52.914,52.958,52.991,53.033,53.074,53.129,53.179,53.219,53.26,53.321,53.385,53.45,53.493,53.545,53.61,53.69,53.747,53.846,53.924,54.043,54.12,54.275,54.421,54.771,55.386
134,@TPP,48.573,49.539,49.945,50.138,50.281,50.412,50.477,50.565,50.623,50.706,50.775,50.835,50.881,50.936,50.985,51.023,51.06,51.108,51.156,51.192,51.238,51.271,51.313,51.351,51.383,51.415,51.449,51.474,51.513,51.548,51.578,51.612,51.646,51.671,51.694,51.733,51.761,51.791,51.824,51.854,51.881,51.911,51.939,51.969,51.996,52.02,52.054,52.083,52.105,52.138,52.165,52.192,52.22,52.247,52.269,52.299,52.326,52.354,52.378,52.407,52.446,52.471,52.502,52.529,52.571,52.604,52.627,52.65,52.683,52.721,52.752,52.788,52.821,52.857,52.888,52.928,52.967,52.998,53.031,53.077,53.108,53.145,53.191,53.239,53.293,53.344,53.397,53.466,53.53,53.581,53.65,53.737,53.797,53.859,53.955,54.049,54.162,54.281,54.472,54.803,55.715
135,@TPP,48.573,49.539,49.945,50.138,50.281,50.412,50.477,50.565,50.623,50.706,50.775,50.835,50.881,50.936,50.985,51.023,51.06,51.108,51.156,51.192,51.238,51.271,51.313,51.351,51.383,51.415,51.449,51.474,51.513,51.548,51.578,51.612,51.646,51.671,51.694,51.733,51.761,51.791,51.824,51.854,51.881,51.911,51.939,51.969,51.996,52.02,52.054,52.083,52.105,52.138,52.165,52.192,52.22,52.247,52.269,52.299,52.326,52.354,52.378,52.407,52.446,52.471,52.502,52.529,52.571,52.604,52.627,52.65,52.683,52.721,52.752,52.788,52.821,52.857,52.888,52.928,52.967,52.998,53.031,53.077,53.108,53.145,53.191,53.239,53.293,53.344,53.397,53.466,53.53,53.581,53.65,53.737,53.797,53.859,53.955,54.049,54.162,54.281,54.472,54.803,55.715
136,@TPP,48.7,49.498,49.814,50.135,50.291,50.376,50.45,50.524,50.618,50.698,50.75,50.802,50.862,50.919,50.963,51.017,51.066,51.11,51.154,51.19,51.236,51.271,51.311,51.34,51.376,51.423,51.457,51.496,51.519,51.557,51.589,51.629,51.654,51.687,51.723,51.756,51.79,51.829,51.856,51.881,51.911,51.936,51.964,51.992,52.022,52.055,52.088,52.12,52.15,52.173,52.198,52.223,52.253,52.279,52.31,52.341,52.372,52.403,52.432,52.463,52.491,52.521,52.542,52.573,52.597,52.635,52.66,52.691,52.721,52.748,52.789,52.819,52.848,52.878,52.924,52.971,53.001,53.04,53.073,53.123,53.166,53.201,53.241,53.287,53.332,53.377,53.434,53.48,53.531,53.59,53.661,53.735,53.803,53.886,53.981,54.084,54.239,54.358,54.55,54.773,55.674
137,@TPP,48.7,49.498,49.814,50.135,50.291,50.376,50.45,50.524,50.618,50.698,50.75,50.802,50.862,50.919,50.963,51.017,51.066,51.11,51.154,51.19,51.236,51.271,51.311,51.34,51.376,51.423,51.457,51.496,51.519,51.557,51.589,51.629,51.654,51.687,51.723,51.756,51.79,51.829,51.856,51.881,51.911,51.936,51.964,51.992,52.022,52.055,52.088,52.12,52.15,52.173,52.198,52.223,52.253,52.279,52.31,52.341,52.372,52.403,52.432,52.463,52.491,52.521,52.542,52.573,52.597,52.635,52.66,52.691,52.721,52.748,52.789,52.819,52.848,52.878,52.924,52.971,53.001,53.04,53.073,53.123,53.166,53.201,53.241,53.287,53.332,53.377,53.434,53.48,53.531,53.59,53.661,53.735,53.803,53.886,53.981,54.084,54.239,54.358,54.55,54.773,55.674
138,@TPP,48.561,49.536,49.846,50.106,50.249,50.361,50.449,50.523,50.593,50.655,50.756,50.812,50.876,50.941,51.001,51.036,51.091,51.135,51.183,51.219,51.269,51.305,51.347,51.381,51.428,51.467,51.5,51.527,51.564,51.601,51.626,51.657,51.688,51.709,51.747,51.786,51.815,51.844,51.869,51.904,51.931,51.955,51.982,52.018,52.048,52.079,52.108,52.14,52.175,52.197,52.23,52.263,52.296,52.319,52.347,52.371,52.4,52.432,52.461,52.485,52.51,52.533,52.559,52.589,52.613,52.643,52.673,52.713,52.745,52.778,52.812,52.846,52.878,52.905,52.942,52.977,53.002,53.039,53.081,53.125,53.163,53.202,53.254,53.303,53.345,53.383,53.448,53.495,53.534,53.6,53.673,53.738,53.819,53.901,53.996,54.099,54.197,54.307,54.472,54.763,55.931
139,@TPP,48.561,49.536,49.846,50.106,50.249,50.361,50.449,50.523,50.593,50.655,50.756,50.812,50.876,50.941,51.001,51.036,51.091,51.135,51.183,51.219,51.269,51.305,51.347,51.381,51.428,51.467,51.5,51.527,51.564,51.601,51.626,51.657,51.688,51.709,51.747,51.786,51.815,51.844,51.869,51.904,51.931,51.955,51.982,52.018,52.048,52.079,52.108,52.14,52.175,52.197,52.23,52.263,52.296,52.319,52.347,52.371,52.4,52.432,52.461,52.485,52.51,52.533,52.559,52.589,52.613,52.643,52.673,52.713,52.745,52.778,52.812,52.846,52.878,52.905,52.942,52.977,53.002,53.039,53.081,53.125,53.163,53.202,53.254,53.303,53.345,53.383,53.448,53.495,53.534,53.6,53.673,53.738,53.819,53.901,53.996,54.099,54.197,54.307,54.472,54.763,55.931
140,@TPP,48.79,49.538,49.89,50.074,50.221,50.344,50.44,50.542,50.634,50.707,50.789,50.842,50.913,50.968,51.011,51.051,51.111,51.149,51.202,51.24,51.275,51.314,51.352,51.383,51.418,51.46,51.495,51.524,51.562,51.6,51.634,51.667,51.707,51.749,51.784,51.816,51.845,51.876,51.9,51.926,51.961,51.993,52.035,52.056,52.077,52.098,52.133,52.157,52.179,52.218,52.241,52.281,52.306,52.323,52.348,52.388,52.415,52.439,52.472,52.504,52.539,52.562,52.596,52.629,52.653,52.681,52.712,52.738,52.77,52.805,52.837,52.881,52.91,52.939,52.98,53.016,53.049,53.091,53.121,53.162,53.202,53.258,53.296,53.332,53.368,53.415,53.465,53.515,53.575,53.624,53.691,53.777,53.865,53.924,54.033,54.133,54.231,54.371,54.537,54.867,55.7
141,@TPP,48.79,49.538,49.89,50.074,50.221,50.344,50.44,50.542,50.634,50.707,50.789,50.842,50.913,50.968,51.011,51.051,51.111,51.149,51.202,51.24,51.275,51.314,51.352,51.383,51.418,51.46,51.495,51.524,51.562,51.6,51.634,51.667,51.707,51.749,51.784,51.816,51.845,51.876,51.9,51.926,51.961,51.993,52.035,52.056,52.077,52.098,52.133,52.157,52.179,52.218,52.241,52.281,52.306,52.323,52.348,52.388,52.415,52.439,52.472,52.504,52.539,52.562,52.596,52.629,52.653,52.681,52.712,52.738,52.77,52.805,52.837,52.881,52.91,52.939,52.98,53.016,53.049,53.091,53.121,53.162,53.202,53.258,53.296,53.332,53.368,53.415,53.465,53.515,53.575,53.624,53.691,53.777,53.865,53.924,54.033,54.133,54.231,54.371,54.537,54.867,55.7
142,@TPP,48.672,49.558,49.887,50.093,50.237,50.404,50.486,50.587,50.652,50.725,50.791,50.86,50.939,50.996,51.044,51.087,51.138,51.184,51.228,51.265,51.305,51.349,51.391,51.421,51.449,51.49,51.524,51.564,51.601,51.637,51.667,51.706,51.738,51.763,51.803,51.837,51.862,51.9,51.935,51.969,51.994,52.027,52.053,52.083,52.107,52.135,52.165,52.194,52.224,52.256,52.278,52.307,52.331,52.358,52.389,52.423,52.452,52.48,52.502,52.531,52.559,52.596,52.621,52.643,52.674,52.701,52.725,52.763,52.789,52.822,52.857,52.895,52.931,52.968,53.0,53.031,53.067,53.104,53.145,53.185,53.225,53.271,53.319,53.363,53.409,53.449,53.502,53.566,53.635,53.689,53.751,53.832,53.916,54.004,54.071,54.169,54.249,54.395,54.584,54.893,55.954
143,@TPP,48.672,49.558,49.887,50.093,50.237,50.404,50.486,50.587,50.652,50.725,50.791,50.86,50.939,50.996,51.044,51.087,51.138,51.184,51.228,51.265,51.305,51.349,51.391,51.421,51.449,51.49,51.524,51.564,51.601,51.637,51.667,51.706,51.738,51.763,51.803,51.837,51.862,51.9,51.935,51.969,51.994,52.027,52.053,52.083,52.107,52.135,52.165,52.194,52.224,52.256,52.278,52.307,52.331,52.358,52.389,52.423,52.452,52.48,52.502,52.531,52.559,52.596,52.621,52.643,52.674,52.701,52.725,52.763,52.789,52.822,52.857,52.895,52.931,52.968,53.0,53.031,53.067,53.104,53.145,53.185,53.225,53.271,53.319,53.363,53.409,53.449,53.502,53.566,53.635,53.689,53.751,53.832,53.916,54.004,54.071,54.169,54.249,54.395,54.584,54.893,55.954
144,@TPP,48.709,49.558,49.928,50.145,50.284,50.416,50.509,50.604,50.699,50.782,50.861,50.907,50.977,51.041,51.091,51.133,51.183,51.224,51.273,51.315,51.348,51.384,51.424,51.455,51.492,51.528,51.561,51.595,51.635,51.665,51.697,51.733,51.77,51.8,51.836,51.866,51.899,51.93,51.962,51.992,52.032,52.054,52.088,52.11,52.138,52.167,52.194,52.217,52.243,52.266,52.293,52.322,52.357,52.387,52.423,52.458,52.487,52.515,52.538,52.574,52.601,52.625,52.66,52.689,52.724,52.766,52.789,52.822,52.854,52.884,52.906,52.941,52.974,53.001,53.035,53.087,53.129,53.161,53.201,53.238,53.299,53.339,53.37,53.412,53.459,53.511,53.555,53.616,53.671,53.705,53.764,53.839,53.922,53.987,54.086,54.182,54.258,54.411,54.601,54.968,55.747
145,@TPP,48.709,49.558,49.928,50.145,50.284,50.416,50.509,50.604,50.699,50.782,50.861,50.907,50.977,51.041,51.091,51.133,51.183,51.224,51.273,51.315,51.348,51.384,51.424,51.455,51.492,51.528,51.561,51.595,51.635,51.665,51.697,51.733,51.77,51.8,51.836,51.866,51.899,51.93,51.962,51.992,52.032,52.054,52.088,52.11,52.138,52.167,52.194,52.217,52.243,52.266,52.293,52.322,52.357,52.387,52.423,52.458,52.487,52.515,52.538,52.574,52.601,52.625,52.66,52.689,52.724,52.766,52.789,52.822,52.854,52.884,52.906,52.941,52.974,53.001,53.035,53.087,53.129,53.161,53.201,53.238,53.299,53.339,53.37,53.412,53.459,53.511,53.555,53.616,53.671,53.705,53.764,53.839,53.922,53.987,54.086,54.182,54.258,54.411,54.601,54.968,55.747
146,@TPP,48.535,49.699,49.966,50.194,50.36,50.457,50.563,50.646,50.708,50.769,50.848,50.925,50.997,51.045,51.095,51.146,51.194,51.243,51.295,51.342,51.386,51.425,51.472,51.504,51.531,51.566,51.598,51.634,51.669,51.697,51.727,51.764,51.803,51.834,51.861,51.885,51.916,51.945,51.978,52.008,52.04,52.064,52.09,52.123,52.162,52.185,52.218,52.251,52.275,52.305,52.334,52.365,52.388,52.417,52.446,52.477,52.508,52.539,52.574,52.598,52.629,52.66,52.69,52.721,52.752,52.785,52.813,52.837,52.868,52.901,52.936,52.971,53.008,53.049,53.089,53.113,53.161,53.196,53.228,53.276,53.309,53.345,53.396,53.448,53.485,53.53,53.567,53.633,53.688,53.73,53.791,53.873,53.951,54.021,54.123,54.195,54.307,54.448,54.628,54.887,55.687
147,@TPP,48.535,49.699,49.966,50.194,50.36,50.457,50.563,50.646,50.708,50.769,50.848,50.925,50.997,51.045,51.095,51.146,51.194,51.243,51.295,51.342,51.386,51.425,51.472,51.504,51.531,51.566,51.598,51.634,51.669,51.697,51.727,51.764,51.803,51.834,51.861,51.885,51.916,51.945,51.978,52.008,52.04,52.064,52.09,52.123,52.162,52.185,52.218,52.251,52.275,52.305,52.334,52.365,52.388,52.417,52.446,52.477,52.508,52.539,52.574,52.598,52.629,52.66,52.69,52.721,52.752,52.785,52.813,52.837,52.868,52.901,52.936,52.971,53.008,53.049,53.089,53.113,53.161,53.196,53.228,53.276,53.309,53.345,53.396,53.448,53.485,53.53,53.567,53.633,53.688,53.73,53.791,53.873,53.951,54.021,54.123,54.195,54.307,54.448,54.628,54.887,55.687
148,@TPP,48.55,49.718,50.035,50.223,50.39,50.499,50.576,50.656,50.759,50.829,50.902,50.954,51.007,51.053,51.117,51.165,51.209,51.265,51.313,51.352,51.393,51.436,51.476,51.514,51.557,51.596,51.631,51.669,51.698,51.732,51.762,51.796,51.822,51.853,51.887,51.911,51.939,51.962,51.995,52.031,52.062,52.1,52.128,52.158,52.188,52.212,52.239,52.269,52.3,52.328,52.357,52.383,52.423,52.453,52.475,52.511,52.54,52.572,52.599,52.624,52.649,52.685,52.712,52.744,52.776,52.808,52.838,52.871,52.898,52.927,52.965,52.995,53.022,53.059,53.084,53.125,53.162,53.192,53.236,53.272,53.315,53.356,53.393,53.432,53.478,53.529,53.584,53.62,53.673,53.721,53.783,53.863,53.927,54.008,54.083,54.214,54.308,54.478,54.653,54.944,55.698
149,@TPP,48.55,49.718,50.035,50.223,50.39,50.499,50.576,50.656,50.759,50.829,50.902,50.954,51.007,51.053,51.117,51.165,51.209,51.265,51.313,51.352,51.393,51.436,51.476,51.514,51.557,51.596,51.631,51.669,51.698,51.732,51.762,51.796,51.822,51.853,51.887,51.911,51.939,51.962,51.995,52.031,52.062,52.1,52.128,52.158,52.188,52.212,52.239,52.269,52.3,52.328,52.357,52.383,52.423,52.453,52.475,52.511,52.54,52.572,52.599,52.624,52.649,52.685,52.712,52.744,52.776,52.808,52.838,52.871,52.898,52.927,52.965,52.995,53.022,53.059,53.084,53.125,53.162,53.192,53.236,53.272,53.315,53.356,53.393,53.432,53.478,53.529,53.584,53.62,53.673,53.721,53.783,53.863,53.927,54.008,54.083,54.214,54.308,54.478,54.653,54.944,55.698
150,@TPP,48.594,49.737,50.104,50.294,50.431,50.56,50.646,50.725,50.777,50.854,50.912,50.984,51.046,51.095,51.157,51.208,51.25,51.303,51.355,51.393,51.428,51.46,51.493,51.536,51.575,51.61,51.638,51.679,51.701,51.733,51.765,51.805,51.834,51.857,51.885,51.933,51.97,52.013,52.045,52.078,52.112,52.148,52.177,52.208,52.229,52.253,52.281,52.316,52.347,52.38,52.406,52.434,52.462,52.485,52.511,52.531,52.562,52.588,52.621,52.647,52.677,52.708,52.735,52.766,52.798,52.833,52.862,52.889,52.921,52.945,52.978,53.008,53.033,53.064,53.101,53.141,53.173,53.214,53.248,53.289,53.33,53.365,53.405,53.448,53.503,53.552,53.6,53.633,53.691,53.744,53.809,53.871,53.94,54.018,54.104,54.194,54.3,54.463,54.676,54.966,55.798
151,@TPP,48.594,49.737,50.104,50.294,50.431,50.56,50.646,50.725,50.777,50.854,50.912,50.984,51.046,51.095,51.157,51.208,51.25,51.303,51.355,51.393,51.428,51.46,51.493,51.536,51.575,51.61,51.638,51.679,51.701,51.733,51.765,51.805,51.834,51.857,51.885,51.933,51.97,52.013,52.045,52.078,52.112,52.148,52.177,52.208,52.229,52.253,52.281,52.316,52.347,52.38,52.406,52.434,52.462,52.485,52.511,52.531,52.562,52.588,52.621,52.647,52.677,52.708,52.735,52.766,52.798,52.833,52.862,52.889,52.921,52.945,52.978,53.008,53.033,53.064,53.101,53.141,53.173,53.214,53.248,53.289,53.33,53.365,53.405,53.448,53.503,53.552,53.6,53.633,53.691,53.744,53.809,53.871,53.94,54.018,54.104,54.194,54.3,54.463,54.676,54.966,55.798
152,@TPP,48.828,49.731,50.12,50.315,50.469,50.6,50.715,50.791,50.864,50.93,50.99,51.052,51.097,51.134,51.18,51.24,51.281,51.335,51.385,51.427,51.465,51.51,51.545,51.581,51.611,51.644,51.679,51.722,51.766,51.797,51.828,51.858,51.877,51.909,51.939,51.976,52.007,52.038,52.067,52.096,52.132,52.169,52.197,52.229,52.258,52.277,52.306,52.329,52.36,52.383,52.418,52.444,52.474,52.511,52.536,52.562,52.592,52.628,52.654,52.679,52.705,52.735,52.754,52.776,52.807,52.838,52.867,52.895,52.924,52.955,52.99,53.028,53.063,53.094,53.121,53.156,53.187,53.227,53.261,53.296,53.333,53.384,53.433,53.477,53.523,53.576,53.621,53.656,53.706,53.77,53.815,53.88,53.946,54.004,54.096,54.195,54.354,54.538,54.689,54.984,55.958
153,@TPP,48.828,49.731,50.12,50.315,50.469,50.6,50.715,50.791,50.864,50.93,50.99,51.052,51.097,51.134,51.18,51.24,51.281,51.335,51.385,51.427,51.465,51.51,51.545,51.581,51.611,51.644,51.679,51.722,51.766,51.797,51.828,51.858,51.877,51.909,51.939,51.976,52.007,52.038,52.067,52.096,52.132,52.169,52.197,52.229,52.258,52.277,52.306,52.329,52.36,52.383,52.418,52.444,52.474,52.511,52.536,52.562,52.592,52.628,52.654,52.679,52.705,52.735,52.754,52.776,52.807,52.838,52.867,52.895,52.924,52.955,52.99,53.028,53.063,53.094,53.121,53.156,53.187,53.227,53.261,53.296,53.333,53.384,53.433,53.477,53.523,53.576,53.621,53.656,53.706,53.77,53.815,53.88,53.946,54.004,54.096,54.195,54.354,54.538,54.689,54.984,55.958
154,@TPP,48.79,49.756,50.154,50.319,50.515,50.65,50.762,50.839,50.92,50.979,51.038,51.1,51.149,51.191,51.247,51.286,51.329,51.38,51.429,51.461,51.498,51.527,51.568,51.615,51.654,51.681,51.717,51.752,51.784,51.817,51.85,51.877,51.905,51.932,51.964,51.985,52.009,52.036,52.074,52.105,52.127,52.152,52.181,52.208,52.237,52.264,52.289,52.319,52.356,52.379,52.41,52.436,52.471,52.5,52.528,52.555,52.593,52.624,52.656,52.69,52.723,52.743,52.771,52.799,52.816,52.842,52.875,52.911,52.944,52.985,53.021,53.049,53.077,53.113,53.146,53.186,53.223,53.255,53.293,53.328,53.359,53.397,53.443,53.478,53.514,53.562,53.614,53.667,53.707,53.774,53.817,53.881,53.951,54.034,54.138,54.233,54.357,54.509,54.705,54.976,55.961
155,@TPP,48.79,49.756,50.154,50.319,50.515,50.65,50.762,50.839,50.92,50.979,51.038,51.1,51.149,51.191,51.247,51.286,51.329,51.38,51.429,51.461,51.498,51.527,51.568,51.615,51.654,51.681,51.717,51.752,51.784,51.817,51.85,51.877,51.905,51.932,51.964,51.985,52.009,52.036,52.074,52.105,52.127,52.152,52.181,52.208,52.237,52.264,52.289,52.319,52.356,52.379,52.41,52.436,52.471,52.5,52.528,52.555,52.593,52.624,52.656,52.69,52.723,52.743,52.771,52.799,52.816,52.842,52.875,52.911,52.944,52.985,53.021,53.049,53.077,53.113,53.146,53.186,53.223,53.255,53.293,53.328,53.359,53.397,53.443,53.478,53.514,53.562,53.614,53.667,53.707,53.774,53.817,53.881,53.951,54.034,54.138,54.233,54.357,54.509,54.705,54.976,55.961
156,@TPP,48.89,49.738,50.214,50.386,50.598,50.693,50.8,50.872,50.931,51.008,51.08,51.127,51.193,51.23,51.293,51.327,51.365,51.408,51.452,51.485,51.52,51.561,51.599,51.632,51.673,51.705,51.739,51.784,51.804,51.836,51.862,51.89,51.911,51.946,51.986,52.016,52.049,52.088,52.111,52.139,52.167,52.199,52.23,52.251,52.285,52.321,52.342,52.365,52.396,52.426,52.454,52.486,52.517,52.539,52.567,52.592,52.617,52.641,52.67,52.697,52.723,52.759,52.789,52.817,52.847,52.873,52.902,52.926,52.948,52.975,53.021,53.055,53.09,53.123,53.173,53.203,53.236,53.28,53.324,53.357,53.391,53.433,53.481,53.517,53.552,53.594,53.646,53.7,53.767,53.81,53.86,53.91,53.978,54.042,54.108,54.18,54.294,54.469,54.637,54.893,55.784
157,@TPP,48.89,49.738,50.214,50.386,50.598,50.693,50.8,50.872,50.931,51.008,51.08,51.127,51.193,51.23,51.293,51.327,51.365,51.408,51.452,51.485,51.52,51.561,51.599,51.632,51.673,51.705,51.739,51.784,51.804,51.836,51.862,51.89,51.911,51.946,51.986,52.016,52.049,52.088,52.111,52.139,52.167,52.199,52.23,52.251,52.285,52.321,52.342,52.365,52.396,52.426,52.454,52.486,52.517,52.539,52.567,52.592,52.617,52.641,52.67,52.697,52.723,52.759,52.789,52.817,52.847,52.873,52.902,52.926,52.948,52.975,53.021,53.055,53.09,53.123,53.173,53.203,53.236,53.28,53.324,53.357,53.391,53.433,53.481,53.517,53.552,53.594,53.646,53.7,53.767,53.81,53.86,53.91,53.978,54.042,54.108,54.18,54.294,54.469,54.637,54.893,55.784
158,@TPP,48.81,49.885,50.29,50.484,50.611,50.692,50.787,50.851,50.925,51.017,51.083,51.131,51.195,51.244,51.298,51.365,51.41,51.448,51.484,51.516,51.55,51.592,51.646,51.676,51.713,51.749,51.778,51.815,51.848,51.883,51.913,51.94,51.976,52.003,52.027,52.056,52.085,52.11,52.135,52.159,52.192,52.22,52.245,52.277,52.303,52.328,52.352,52.387,52.409,52.437,52.464,52.492,52.528,52.558,52.581,52.602,52.635,52.667,52.693,52.718,52.742,52.771,52.801,52.828,52.865,52.89,52.92,52.957,52.989,53.021,53.046,53.081,53.113,53.152,53.189,53.226,53.27,53.296,53.34,53.376,53.411,53.447,53.486,53.531,53.566,53.607,53.645,53.701,53.749,53.8,53.86,53.916,53.975,54.051,54.139,54.266,54.363,54.526,54.687,54.936,55.628
159,@TPP,48.81,49.885,50.29,50.484,50.611,50.692,50.787,50.851,50.925,51.017,51.083,51.131,51.195,51.244,51.298,51.365,51.41,51.448,51.484,51.516,51.55,51.592,51.646,51.676,51.713,51.749,51.778,51.815,51.848,51.883,51.913,51.94,51.976,52.003,52.027,52.056,52.085,52.11,52.135,52.159,52.192,52.22,52.245,52.277,52.303,52.328,52.352,52.387,52.409,52.437,52.464,52.492,52.528,52.558,52.581,52.602,52.635,52.667,52.693,52.718,52.742,52.771,52.801,52.828,52.865,52.89,52.92,52.957,52.989,53.021,53.046,53.081,53.113,53.152,53.189,53.226,53.27,53.296,53.34,53.376,53.411,53.447,53.486,53.531,53.566,53.607,53.645,53.701,53.749,53.8,53.86,53.916,53.975,54.051,54.139,54.266,54.363,54.526,54.687,54.936,55.628
160,@TPP,48.68,49.94,50.27,50.452,50.589,50.72,50.817,50.894,50.986,51.069,51.131,51.188,51.247,51.3,51.349,51.397,51.434,51.479,51.526,51.568,51.615,51.66,51.696,51.735,51.766,51.803,51.836,51.871,51.899,51.925,51.952,51.98,52.004,52.031,52.064,52.089,52.118,52.142,52.169,52.199,52.225,52.254,52.279,52.307,52.331,52.365,52.388,52.414,52.441,52.47,52.494,52.527,52.551,52.579,52.602,52.63,52.658,52.683,52.711,52.737,52.762,52.784,52.812,52.846,52.871,52.902,52.935,52.978,53.004,53.043,53.079,53.112,53.144,53.174,53.21,53.233,53.263,53.301,53.337,53.381,53.413,53.441,53.484,53.522,53.561,53.607,53.649,53.697,53.749,53.797,53.869,53.933,53.993,54.065,54.167,54.251,54.352,54.482,54.677,54.964,55.744
161,@TPP,48.68,49.94,50.27,50.452,50.589,50.72,50.817,50.894,50.986,51.069,51.131,51.188,51.247,51.3,51.349,51.397,51.434,51.479,51.526,51.568,51.615,51.66,51.696,51.735,51.766,51.803,51.836,51.871,51.899,51.925,51.952,51.98,52.004,52.031,52.064,52.089,52.118,52.142,52.169,52.199,52.225,52.254,52.279,52.307,52.331,52.365,52.388,52.414,52.441,52.47,52.494,52.527,52.551,52.579,52.602,52.63,52.658,52.683,52.711,52.737,52.762,52.784,52.812,52.846,52.871,52.902,52.935,52.978,53.004,53.043,53.079,53.112,53.144,53.174,53.21,53.233,53.263,53.301,53.337,53.381,53.413,53.441,53.484,53.522,53.561,53.607,53.649,53.697,53.749,53.797,53.869,53.933,53.993,54.065,54.167,54.251,54.352,54.482,54.677,54.964,55.744
162,@TPP,48.832,50.046,50.336,50.515,50.644,50.747,50.847,50.942,51.029,51.097,51.16,51.223,51.285,51.327,51.378,51.432,51.479,51.531,51.565,51.603,51.634,51.673,51.706,51.739,51.776,51.808,51.842,51.875,51.906,51.94,51.964,51.999,52.037,52.079,52.099,52.13,52.168,52.191,52.216,52.237,52.263,52.291,52.318,52.351,52.374,52.395,52.421,52.456,52.478,52.515,52.542,52.566,52.594,52.62,52.646,52.669,52.693,52.721,52.746,52.769,52.795,52.821,52.856,52.876,52.916,52.941,52.975,52.999,53.026,53.051,53.087,53.118,53.149,53.182,53.213,53.251,53.292,53.319,53.341,53.376,53.407,53.447,53.487,53.526,53.56,53.597,53.646,53.698,53.753,53.804,53.847,53.915,53.981,54.052,54.142,54.231,54.369,54.549,54.665,54.939,55.641
163,@TPP,48.832,50.046,50.336,50.515,50.644,50.747,50.847,50.942,51.029,51.097,51.16,51.223,51.285,51.327,51.378,51.432,51.479,51.531,51.565,51.603,51.634,51.673,51.706,51.739,51.776,51.808,51.842,51.875,51.906,51.94,51.964,51.999,52.037,52.079,52.099,52.13,52.168,52.191,52.216,52.237,52.263,52.291,52.318,52.351,52.374,52.395,52.421,52.456,52.478,52.515,52.542,52.566,52.594,52.62,52.646,52.669,52.693,52.721,52.746,52.769,52.795,52.821,52.856,52.876,52.916,52.941,52.975,52.999,53.026,53.051,53.087,53.118,53.149,53.182,53.213,53.251,53.292,53.319,53.341,53.376,53.407,53.447,53.487,53.526,53.56,53.597,53.646,53.698,53.753,53.804,53.847,53.915,53.981,54.052,54.142,54.231,54.369,54.549,54.665,54.939,55.641
164,@TPP,49.153,50.083,50.395,50.553,50.716,50.871,50.972,51.046,51.113,51.175,51.236,51.291,51.342,51.384,51.439,51.481,51.522,51.576,51.61,51.652,51.69,51.726,51.755,51.786,51.812,51.847,51.879,51.904,51.943,51.983,52.015,52.053,52.081,52.111,52.138,52.163,52.188,52.215,52.239,52.266,52.29,52.317,52.339,52.365,52.387,52.412,52.436,52.466,52.489,52.522,52.544,52.581,52.605,52.629,52.654,52.691,52.721,52.75,52.774,52.796,52.818,52.846,52.878,52.909,52.932,52.96,52.986,53.019,53.047,53.073,53.105,53.133,53.166,53.194,53.224,53.256,53.283,53.315,53.349,53.385,53.426,53.46,53.502,53.539,53.579,53.621,53.671,53.717,53.763,53.806,53.861,53.913,53.982,54.04,54.128,54.224,54.337,54.49,54.622,55.0,55.785
165,@TPP,49.153,50.083,50.395,50.553,50.716,50.871,50.972,51.046,51.113,51.175,51.236,51.291,51.342,51.384,51.439,51.481,51.522,51.576,51.61,51.652,51.69,51.726,51.755,51.786,51.812,51.847,51.879,51.904,51.943,51.983,52.015,52.053,52.081,52.111,52.138,52.163,52.188,52.215,52.239,52.266,52.29,52.317,52.339,52.365,52.387,52.412,52.436,52.466,52.489,52.522,52.544,52.581,52.605,52.629,52.654,52.691,52.721,52.75,52.774,52.796,52.818,52.846,52.878,52.909,52.932,52.96,52.986,53.019,53.047,53.073,53.105,53.133,53.166,53.194,53.224,53.256,53.283,53.315,53.349,53.385,53.426,53.46,53.502,53.539,53.579,53.621,53.671,53.717,53.763,53.806,53.861,53.913,53.982,54.04,54.128,54.224,54.337,54.49,54.622,55.0,55.785
166,@TPP,49.235,50.18,50.487,50.683,50.821,50.938,51.022,51.093,51.167,51.227,51.284,51.343,51.405,51.447,51.493,51.536,51.571,51.625,51.675,51.711,51.738,51.79,51.821,51.863,51.895,51.935,51.959,51.993,52.014,52.037,52.07,52.095,52.121,52.145,52.171,52.197,52.225,52.253,52.27,52.293,52.317,52.334,52.358,52.387,52.417,52.453,52.478,52.503,52.522,52.548,52.575,52.6,52.625,52.653,52.68,52.712,52.743,52.765,52.787,52.813,52.836,52.863,52.888,52.906,52.93,52.958,52.984,53.018,53.058,53.083,53.111,53.142,53.166,53.19,53.226,53.254,53.292,53.319,53.356,53.389,53.426,53.466,53.501,53.538,53.57,53.601,53.64,53.689,53.721,53.782,53.844,53.905,53.957,54.038,54.122,54.207,54.317,54.492,54.654,54.974,55.716
167,@TPP,49.235,50.18,50.487,50.683,50.821,50.938,51.022,51.093,51.167,51.227,51.284,51.343,51.405,51.447,51.493,51.536,51.571,51.625,51.675,51.711,51.738,51.79,51.821,51.863,51.895,51.935,51.959,51.993,52.014,52.037,52.07,52.095,52.121,52.145,52.171,52.197,52.225,52.253,52.27,52.293,52.317,52.334,52.358,52.387,52.417,52.453,52.478,52.503,52.522,52.548,52.575,52.6,52.625,52.653,52.68,52.712,52.743,52.765,52.787,52.813,52.836,52.863,52.888,52.906,52.93,52.958,52.984,53.018,53.058,53.083,53.111,53.142,53.166,53.19,53.226,53.254,53.292,53.319,53.356,53.389,53.426,53.466,53.501,53.538,53.57,53.601,53.64,53.689,53.721,53.782,53.844,53.905,53.957,54.038,54.122,54.207,54.317,54.492,54.654,54.974,55.716
168,@TPP,49.336,50.193,50.495,50.739,50.863,50.978,51.055,51.141,51.232,51.288,51.342,51.399,51.454,51.499,51.552,51.585,51.616,51.67,51.704,51.742,51.783,51.82,51.857,51.889,51.924,51.962,51.987,52.017,52.038,52.072,52.098,52.131,52.166,52.191,52.217,52.245,52.27,52.292,52.319,52.344,52.377,52.402,52.425,52.45,52.473,52.496,52.518,52.535,52.562,52.59,52.614,52.641,52.664,52.69,52.716,52.741,52.767,52.799,52.826,52.853,52.888,52.91,52.93,52.956,52.977,52.996,53.025,53.048,53.069,53.094,53.12,53.147,53.182,53.208,53.24,53.271,53.315,53.341,53.381,53.414,53.466,53.508,53.546,53.59,53.636,53.669,53.717,53.758,53.807,53.847,53.895,53.957,54.017,54.093,54.178,54.268,54.361,54.534,54.673,54.96,55.642
169,@TPP,49.336,50.193,50.495,50.739,50.863,50.978,51.055,51.141,51.232,51.288,51.342,51.399,51.454,51.499,51.552,51.585,51.616,51.67,51.704,51.742,51.783,51.82,51.857,51.889,51.924,51.962,51.987,52.017,52.038,52.072,52.098,52.131,52.166,52.191,52.217,52.245,52.27,52.292,52.319,52.344,52.377,52.402,52.425,52.45,52.473,52.496,52.518,52.535,52.562,52.59,52.614,52.641,52.664,52.69,52.716,52.741,52.767,52.799,52.826,52.853,52.888,52.91,52.93,52.956,52.977,52.996,53.025,53.048,53.069,53.094,53.12,53.147,53.182,53.208,53.24,53.271,53.315,53.341,53.381,53.414,53.466,53.508,53.546,53.59,53.636,53.669,53.717,53.758,53.807,53.847,53.895,53.957,54.017,54.093,54.178,54.268,54.361,54.534,54.673,54.96,55.642
170,@TPP,49.328,50.239,50.571,50.781,50.897,50.999,51.087,51.17,51.241,51.32,51.379,51.444,51.491,51.532,51.573,51.609,51.656,51.696,51.741,51.78,51.82,51.855,51.892,51.926,51.96,51.998,52.033,52.061,52.085,52.117,52.148,52.176,52.202,52.235,52.255,52.289,52.316,52.34,52.366,52.392,52.417,52.44,52.467,52.488,52.507,52.535,52.563,52.59,52.613,52.639,52.666,52.701,52.726,52.743,52.772,52.8,52.827,52.853,52.883,52.912,52.926,52.952,52.983,53.005,53.035,53.061,53.083,53.107,53.138,53.165,53.188,53.21,53.241,53.276,53.304,53.332,53.359,53.393,53.419,53.458,53.494,53.528,53.559,53.615,53.654,53.706,53.74,53.782,53.832,53.884,53.946,54.003,54.066,54.135,54.198,54.298,54.419,54.559,54.734,55.063,55.837
171,@TPP,49.328,50.239,50.571,50.781,50.897,50.999,51.087,51.17,51.241,51.32,51.379,51.444,51.491,51.532,51.573,51.609,51.656,51.696,51.741,51.78,51.82,51.855,51.892,51.926,51.96,51.998,52.033,52.061,52.085,52.117,52.148,52.176,52.202,52.235,52.255,52.289,52.316,52.34,52.366,52.392,52.417,52.44,52.467,52.488,52.507,52.535,52.563,52.59,52.613,52.639,52.666,52.701,52.726,52.743,52.772,52.8,52.827,52.853,52.883,52.912,52.926,52.952,52.983,53.005,53.035,53.061,53.083,53.107,53.138,53.165,53.188,53.21,53.241,53.276,53.304,53.332,53.359,53.393,53.419,53.458,53.494,53.528,53.559,53.615,53.654,53.706,53.74,53.782,53.832,53.884,53.946,54.003,54.066,54.135,54.198,54.298,54.419,54.559,54.734,55.063,55.837
172,@TPP,49.587,50.285,50.623,50.814,50.92,51.038,51.125,51.207,51.259,51.333,51.398,51.448,51.506,51.558,51.613,51.656,51.694,51.736,51.784,51.823,51.858,51.893,51.928,51.956,51.988,52.027,52.056,52.089,52.125,52.166,52.181,52.205,52.231,52.259,52.289,52.314,52.339,52.366,52.399,52.428,52.457,52.479,52.51,52.539,52.566,52.594,52.614,52.637,52.662,52.696,52.72,52.737,52.771,52.793,52.814,52.834,52.855,52.88,52.901,52.931,52.959,52.988,53.012,53.038,53.068,53.091,53.113,53.147,53.174,53.201,53.225,53.253,53.289,53.325,53.353,53.384,53.417,53.452,53.483,53.51,53.544,53.576,53.618,53.653,53.695,53.745,53.785,53.838,53.898,53.952,54.006,54.07,54.128,54.21,54.29,54.366,54.459,54.601,54.771,55.012,55.68
173,@TPP,49.587,50.285,50.623,50.814,50.92,51.038,51.125,51.207,51.259,51.333,51.398,51.448,51.506,51.558,51.613,51.656,51.694,51.736,51.784,51.823,51.858,51.893,51.928,51.956,51.988,52.027,52.056,52.089,52.125,52.166,52.181,52.205,52.231,52.259,52.289,52.314,52.339,52.366,52.399,52.428,52.457,52.479,52.51,52.539,52.566,52.594,52.614,52.637,52.662,52.696,52.72,52.737,52.771,52.793,52.814,52.834,52.855,52.88,52.901,52.931,52.959,52.988,53.012,53.038,53.068,53.091,53.113,53.147,53.174,53.201,53.225,53.253,53.289,53.325,53.353,53.384,53.417,53.452,53.483,53.51,53.544,53.576,53.618,53.653,53.695,53.745,53.785,53.838,53.898,53.952,54.006,54.07,54.128,54.21,54.29,54.366,54.459,54.601,54.771,55.012,55.68
174,@TPP,49.537,50.359,50.719,50.873,51.0,51.133,51.219,51.279,51.327,51.381,51.448,51.506,51.558,51.615,51.667,51.719,51.764,51.795,51.825,51.866,51.898,51.934,51.97,52.012,52.046,52.072,52.103,52.139,52.173,52.199,52.226,52.251,52.284,52.319,52.348,52.384,52.409,52.433,52.451,52.469,52.492,52.521,52.544,52.571,52.584,52.612,52.648,52.675,52.705,52.734,52.757,52.781,52.808,52.83,52.849,52.873,52.896,52.917,52.942,52.971,52.994,53.03,53.053,53.08,53.107,53.137,53.161,53.184,53.21,53.238,53.274,53.305,53.33,53.353,53.383,53.424,53.457,53.491,53.523,53.556,53.598,53.64,53.679,53.72,53.758,53.824,53.876,53.927,53.993,54.045,54.09,54.141,54.204,54.273,54.337,54.419,54.52,54.65,54.814,55.088,55.796
175,@TPP,49.537,50.359,50.719,50.873,51.0,51.133,51.219,51.279,51.327,51.381,51.448,51.506,51.558,51.615,51.667,51.719,51.764,51.795,51.825,51.866,51.898,51.934,51.97,52.012,52.046,52.072,52.103,52.139,52.173,52.199,52.226,52.251,52.284,52.319,52.348,52.384,52.409,52.433,52.451,52.469,52.492,52.521,52.544,52.571,52.584,52.612,52.648,52.675,52.705,52.734,52.757,52.781,52.808,52.83,52.849,52.873,52.896,52.917,52.942,52.971,52.994,53.03,53.053,53.08,53.107,53.137,53.161,53.184,53.21,53.238,53.274,53.305,53.33,53.353,53.383,53.424,53.457,53.491,53.523,53.556,53.598,53.64,53.679,53.72,53.758,53.824,53.876,53.927,53.993,54.045,54.09,54.141,54.204,54.273,54.337,54.419,54.52,54.65,54.814,55.088,55.796
176,@TPP,49.643,50.425,50.745,50.893,51.046,51.154,51.252,51.332,51.4,51.464,51.526,51.602,51.644,51.687,51.734,51.787,51.829,51.867,51.891,51.927,51.968,52.001,52.035,52.067,52.1,52.127,52.167,52.192,52.218,52.247,52.273,52.298,52.321,52.35,52.37,52.396,52.419,52.44,52.465,52.495,52.519,52.55,52.579,52.608,52.633,52.665,52.699,52.729,52.75,52.78,52.808,52.836,52.86,52.885,52.91,52.935,52.966,52.987,53.013,53.034,53.055,53.084,53.111,53.139,53.161,53.189,53.215,53.237,53.27,53.294,53.314,53.334,53.362,53.392,53.416,53.444,53.492,53.524,53.554,53.59,53.627,53.661,53.7,53.748,53.799,53.843,53.886,53.923,53.981,54.05,54.112,54.172,54.247,54.322,54.392,54.463,54.554,54.66,54.836,55.013,56.037
177,@TPP,49.643,50.425,50.745,50.893,51.046,51.154,51.252,51.332,51.4,51.464,51.526,51.602,51.644,51.687,51.734,51.787,51.829,51.867,51.891,51.927,51.968,52.001,52.035,52.067,52.1,52.127,52.167,52.192,52.218,52.247,52.273,52.298,52.321,52.35,52.37,52.396,52.419,52.44,52.465,52.495,52.519,52.55,52.579,52.608,52.633,52.665,52.699,52.729,52.75,52.78,52.808,52.836,52.86,52.885,52.91,52.935,52.966,52.987,53.013,53.034,53.055,53.084,53.111,53.139,53.161,53.189,53.215,53.237,53.27,53.294,53.314,53.334,53.362,53.392,53.416,53.444,53.492,53.524,53.554,53.59,53.627,53.661,53.7,53.748,53.799,53.843,53.886,53.923,53.981,54.05,54.112,54.172,54.247,54.322,54.392,54.463,54.554,54.66,54.836,55.013,56.037
178,@TPP,49.857,50.486,50.803,50.973,51.105,51.218,51.313,51.388,51.473,51.525,51.589,51.629,51.686,51.717,51.778,51.823,51.87,51.902,51.94,51.99,52.016,52.052,52.085,52.114,52.144,52.176,52.206,52.23,52.258,52.294,52.316,52.339,52.37,52.406,52.431,52.457,52.483,52.506,52.531,52.564,52.589,52.625,52.647,52.671,52.697,52.725,52.753,52.772,52.794,52.821,52.846,52.872,52.888,52.911,52.93,52.956,52.98,53.008,53.037,53.059,53.081,53.113,53.132,53.156,53.186,53.212,53.238,53.259,53.286,53.313,53.337,53.362,53.401,53.431,53.458,53.486,53.523,53.553,53.58,53.612,53.646,53.688,53.726,53.773,53.818,53.852,53.892,53.938,53.983,54.037,54.091,54.141,54.2,54.277,54.372,54.451,54.557,54.706,54.869,55.08,56.002
179,@TPP,49.857,50.486,50.803,50.973,51.105,51.218,51.313,51.388,51.473,51.525,51.589,51.629,51.686,51.717,51.778,51.823,51.87,51.902,51.94,51.99,52.016,52.052,52.085,52.114,52.144,52.176,52.206,52.23,52.258,52.294,52.316,52.339,52.37,52.406,52.431,52.457,52.483,52.506,52.531,52.564,52.589,52.625,52.647,52.671,52.697,52.725,52.753,52.772,52.794,52.821,52.846,52.872,52.888,52.911,52.93,52.956,52.98,53.008,53.037,53.059,53.081,53.113,53.132,53.156,53.186,53.212,53.238,53.259,53.286,53.313,53.337,53.362,53.401,53.431,53.458,53.486,53.523,53.553,53.58,53.612,53.646,53.688,53.726,53.773,53.818,53.852,53.892,53.938,53.983,54.037,54.091,54.141,54.2,54.277,54.372,54.451,54.557,54.706,54.869,55.08,56.002
180,@TPP,50.004,50.65,50.87,51.045,51.197,51.306,51.394,51.453,51.54,51.587,51.632,51.675,51.735,51.785,51.828,51.869,51.91,51.94,51.973,52.002,52.044,52.066,52.093,52.134,52.168,52.201,52.229,52.259,52.289,52.32,52.35,52.376,52.406,52.439,52.47,52.495,52.525,52.553,52.586,52.617,52.647,52.672,52.696,52.721,52.748,52.767,52.79,52.816,52.837,52.858,52.878,52.902,52.923,52.948,52.968,52.995,53.021,53.041,53.062,53.088,53.115,53.149,53.176,53.197,53.222,53.245,53.274,53.301,53.336,53.364,53.388,53.42,53.445,53.478,53.511,53.542,53.579,53.608,53.636,53.672,53.709,53.738,53.774,53.803,53.85,53.882,53.918,53.966,54.021,54.073,54.126,54.183,54.236,54.305,54.365,54.443,54.556,54.681,54.878,55.154,56.121
181,@TPP,50.004,50.65,50.87,51.045,51.197,51.306,51.394,51.453,51.54,51.587,51.632,51.675,51.735,51.785,51.828,51.869,51.91,51.94,51.973,52.002,52.044,52.066,52.093,52.134,52.168,52.201,52.229,52.259,52.289,52.32,52.35,52.376,52.406,52.439,52.47,52.495,52.525,52.553,52.586,52.617,52.647,52.672,52.696,52.721,52.748,52.767,52.79,52.816,52.837,52.858,52.878,52.902,52.923,52.948,52.968,52.995,53.021,53.041,53.062,53.088,53.115,53.149,53.176,53.197,53.222,53.245,53.274,53.301,53.336,53.364,53.388,53.42,53.445,53.478,53.511,53.542,53.579,53.608,53.636,53.672,53.709,53.738,53.774,53.803,53.85,53.882,53.918,53.966,54.021,54.073,54.126,54.183,54.236,54.305,54.365,54.443,54.556,54.681,54.878,55.154,56.121
182,@TPP,50.096,50.718,50.965,51.148,51.301,51.406,51.494,51.56,51.622,51.679,51.728,51.775,51.815,51.855,51.899,51.943,51.969,52.01,52.039,52.079,52.111,52.137,52.174,52.199,52.222,52.252,52.292,52.321,52.355,52.387,52.413,52.439,52.468,52.489,52.515,52.536,52.554,52.576,52.599,52.627,52.655,52.684,52.714,52.749,52.773,52.795,52.822,52.838,52.857,52.882,52.911,52.935,52.966,52.988,53.011,53.032,53.06,53.08,53.102,53.123,53.141,53.17,53.193,53.224,53.242,53.263,53.289,53.328,53.357,53.379,53.407,53.434,53.464,53.483,53.511,53.539,53.569,53.602,53.629,53.667,53.713,53.746,53.78,53.817,53.847,53.875,53.921,53.965,54.012,54.067,54.127,54.193,54.257,54.331,54.427,54.51,54.626,54.746,54.93,55.134,56.241
183,@TPP,50.096,50.718,50.965,51.148,51.301,51.406,51.494,51.56,51.622,51.679,51.728,51.775,51.815,51.855,51.899,51.943,51.969,52.01,52.039,52.079,52.111,52.137,52.174,52.199,52.222,52.252,52.292,52.321,52.355,52.387,52.413,52.439,52.468,52.489,52.515,52.536,52.554,52.576,52.599,52.627,52.655,52.684,52.714,52.749,52.773,52.795,52.822,52.838,52.857,52.882,52.911,52.935,52.966,52.988,53.011,53.032,53.06,53.08,53.102,53.123,53.141,53.17,53.193,53.224,53.242,53.263,53.289,53.328,53.357,53.379,53.407,53.434,53.464,53.483,53.511,53.539,53.569,53.602,53.629,53.667,53.713,53.746,53.78,53.817,53.847,53.875,53.921,53.965,54.012,54.067,54.127,54.193,54.257,54.331,54.427,54.51,54.626,54.746,54.93,55.134,56.241
184,@TPP,50.168,50.816,51.093,51.246,51.375,51.481,51.559,51.626,51.699,51.748,51.807,51.857,51.901,51.939,51.979,52.015,52.054,52.089,52.121,52.148,52.178,52.21,52.238,52.277,52.313,52.341,52.367,52.397,52.425,52.461,52.488,52.508,52.534,52.557,52.58,52.608,52.631,52.651,52.681,52.703,52.731,52.753,52.774,52.795,52.817,52.845,52.865,52.881,52.903,52.925,52.94,52.965,52.993,53.016,53.039,53.061,53.083,53.105,53.13,53.159,53.179,53.205,53.238,53.261,53.285,53.307,53.334,53.363,53.396,53.42,53.443,53.466,53.489,53.508,53.539,53.569,53.594,53.625,53.659,53.699,53.735,53.764,53.793,53.831,53.869,53.92,53.947,53.989,54.036,54.086,54.137,54.179,54.244,54.307,54.417,54.491,54.575,54.693,54.872,55.102,56.233
185,@TPP,50.168,50.816,51.093,51.246,51.375,51.481,51.559,51.626,51.699,51.748,51.807,51.857,51.901,51.939,51.979,52.015,52.054,52.089,52.121,52.148,52.178,52.21,52.238,52.277,52.313,52.341,52.367,52.397,52.425,52.461,52.488,52.508,52.534,52.557,52.58,52.608,52.631,52.651,52.681,52.703,52.731,52.753,52.774,52.795,52.817,52.845,52.865,52.881,52.903,52.925,52.94,52.965,52.993,53.016,53.039,53.061,53.083,53.105,53.13,53.159,53.179,53.205,53.238,53.261,53.285,53.307,53.334,53.363,53.396,53.42,53.443,53.466,53.489,53.508,53.539,53.569,53.594,53.625,53.659,53.699,53.735,53.764,53.793,53.831,53.869,53.92,53.947,53.989,54.036,54.086,54.137,54.179,54.244,54.307,54.417,54.491,54.575,54.693,54.872,55.102,56.233
186,@TPP,50.426,50.979,51.192,51.349,51.486,51.566,51.635,51.701,51.765,51.801,51.858,51.901,51.959,52.004,52.04,52.081,52.113,52.142,52.173,52.213,52.259,52.294,52.313,52.345,52.372,52.402,52.43,52.454,52.482,52.506,52.532,52.557,52.59,52.625,52.644,52.666,52.685,52.707,52.735,52.757,52.773,52.798,52.822,52.839,52.86,52.881,52.901,52.917,52.941,52.96,52.979,53.004,53.028,53.043,53.072,53.093,53.122,53.145,53.167,53.185,53.214,53.236,53.258,53.286,53.311,53.337,53.362,53.388,53.42,53.444,53.462,53.49,53.518,53.549,53.577,53.604,53.629,53.658,53.69,53.717,53.749,53.792,53.825,53.86,53.888,53.919,53.957,54.003,54.045,54.088,54.144,54.188,54.25,54.302,54.365,54.441,54.523,54.635,54.82,55.09,56.038
187,@TPP,50.426,50.979,51.192,51.349,51.486,51.566,51.635,51.701,51.765,51.801,51.858,51.901,51.959,52.004,52.04,52.081,52.113,52.142,52.173,52.213,52.259,52.294,52.313,52.345,52.372,52.402,52.43,52.454,52.482,52.506,52.532,52.557,52.59,52.625,52.644,52.666,52.685,52.707,52.735,52.757,52.773,52.798,52.822,52.839,52.86,52.881,52.901,52.917,52.941,52.96,52.979,53.004,53.028,53.043,53.072,53.093,53.122,53.145,53.167,53.185,53.214,53.236,53.258,53.286,53.311,53.337,53.362,53.388,53.42,53.444,53.462,53.49,53.518,53.549,53.577,53.604,53.629,53.658,53.69,53.717,53.749,53.792,53.825,53.86,53.888,53.919,53.957,54.003,54.045,54.088,54.144,54.188,54.25,54.302,54.365,54.441,54.523,54.635,54.82,55.09,56.038
188,@TPP,50.176,51.026,51.217,51.36,51.47,51.554,51.63,51.679,51.753,51.811,51.867,51.908,51.957,51.992,52.026,52.065,52.095,52.138,52.173,52.224,52.254,52.274,52.304,52.333,52.355,52.383,52.413,52.435,52.457,52.48,52.511,52.544,52.572,52.597,52.616,52.641,52.676,52.7,52.721,52.744,52.765,52.789,52.809,52.833,52.848,52.867,52.887,52.91,52.932,52.952,52.976,53.004,53.033,53.05,53.074,53.092,53.121,53.142,53.166,53.187,53.212,53.233,53.254,53.275,53.302,53.321,53.344,53.368,53.39,53.408,53.43,53.456,53.483,53.51,53.538,53.563,53.607,53.632,53.672,53.707,53.744,53.775,53.816,53.853,53.894,53.935,53.975,54.019,54.058,54.093,54.132,54.191,54.248,54.303,54.372,54.468,54.568,54.665,54.816,55.078,55.957
189,@TPP,50.176,51.026,51.217,51.36,51.47,51.554,51.63,51.679,51.753,51.811,51.867,51.908,51.957,51.992,52.026,52.065,52.095,52.138,52.173,52.224,52.254,52.274,52.304,52.333,52.355,52.383,52.413,52.435,52.457,52.48,52.511,52.544,52.572,52.597,52.616,52.641,52.676,52.7,52.721,52.744,52.765,52.789,52.809,52.833,52.848,52.867,52.887,52.91,52.932,52.952,52.976,53.004,53.033,53.05,53.074,53.092,53.121,53.142,53.166,53.187,53.212,53.233,53.254,53.275,53.302,53.321,53.344,53.368,53.39,53.408,53.43,53.456,53.483,53.51,53.538,53.563,53.607,53.632,53.672,53.707,53.744,53.775,53.816,53.853,53.894,53.935,53.975,54.019,54.058,54.093,54.132,54.191,54.248,54.303,54.372,54.468,54.568,54.665,54.816,55.078,55.957
190,@TPP,50.313,51.014,51.225,51.354,51.466,51.538,51.611,51.679,51.753,51.814,51.857,51.907,51.946,51.993,52.03,52.071,52.113,52.15,52.176,52.209,52.238,52.269,52.29,52.32,52.345,52.371,52.394,52.434,52.457,52.482,52.511,52.532,52.55,52.569,52.591,52.619,52.642,52.67,52.693,52.708,52.732,52.758,52.784,52.807,52.828,52.853,52.87,52.891,52.916,52.94,52.958,52.982,53.004,53.022,53.046,53.067,53.093,53.117,53.139,53.164,53.185,53.212,53.24,53.271,53.298,53.326,53.348,53.372,53.401,53.425,53.451,53.472,53.498,53.532,53.556,53.587,53.612,53.642,53.669,53.7,53.727,53.771,53.804,53.835,53.862,53.904,53.945,53.982,54.033,54.084,54.127,54.183,54.227,54.286,54.363,54.431,54.516,54.63,54.793,55.046,55.677
191,@TPP,50.313,51.014,51.225,51.354,51.466,51.538,51.611,51.679,51.753,51.814,51.857,51.907,51.946,51.993,52.03,52.071,52.113,52.15,52.176,52.209,52.238,52.269,52.29,52.32,52.345,52.371,52.394,52.434,52.457,52.482,52.511,52.532,52.55,52.569,52.591,52.619,52.642,52.67,52.693,52.708,52.732,52.758,52.784,52.807,52.828,52.853,52.87,52.891,52.916,52.94,52.958,52.982,53.004,53.022,53.046,53.067,53.093,53.117,53.139,53.164,53.185,53.212,53.24,53.271,53.298,53.326,53.348,53.372,53.401,53.425,53.451,53.472,53.498,53.532,53.556,53.587,53.612,53.642,53.669,53.7,53.727,53.771,53.804,53.835,53.862,53.904,53.945,53.982,54.033,54.084,54.127,54.183,54.227,54.286,54.363,54.431,54.516,54.63,54.793,55.046,55.677
192,@TPP,50.366,50.989,51.225,51.345,51.457,51.55,51.614,51.684,51.735,51.789,51.839,51.883,51.926,51.974,52.025,52.063,52.098,52.133,52.174,52.203,52.231,52.263,52.289,52.321,52.347,52.369,52.397,52.423,52.448,52.475,52.504,52.534,52.556,52.585,52.608,52.63,52.657,52.675,52.698,52.717,52.733,52.754,52.772,52.796,52.825,52.845,52.87,52.887,52.911,52.931,52.952,52.977,52.997,53.017,53.035,53.053,53.076,53.103,53.123,53.146,53.167,53.191,53.215,53.235,53.263,53.29,53.313,53.345,53.367,53.392,53.412,53.435,53.454,53.474,53.498,53.531,53.558,53.593,53.629,53.663,53.7,53.729,53.757,53.791,53.834,53.875,53.908,53.941,53.987,54.026,54.074,54.127,54.189,54.244,54.329,54.406,54.49,54.583,54.721,54.889,55.507
193,@TPP,50.366,50.989,51.225,51.345,51.457,51.55,51.614,51.684,51.735,51.789,51.839,51.883,51.926,51.974,52.025,52.063,52.098,52.133,52.174,52.203,52.231,52.263,52.289,52.321,52.347,52.369,52.397,52.423,52.448,52.475,52.504,52.534,52.556,52.585,52.608,52.63,52.657,52.675,52.698,52.717,52.733,52.754,52.772,52.796,52.825,52.845,52.87,52.887,52.911,52.931,52.952,52.977,52.997,53.017,53.035,53.053,53.076,53.103,53.123,53.146,53.167,53.191,53.215,53.235,53.263,53.29,53.313,53.345,53.367,53.392,53.412,53.435,53.454,53.474,53.498,53.531,53.558,53.593,53.629,53.663,53.7,53.729,53.757,53.791,53.834,53.875,53.908,53.941,53.987,54.026,54.074,54.127,54.189,54.244,54.329,54.406,54.49,54.583,54.721,54.889,55.507
194,@TPP,50.398,51.032,51.237,51.354,51.476,51.551,51.643,51.703,51.752,51.804,51.854,51.897,51.934,51.975,52.004,52.044,52.079,52.115,52.157,52.185,52.209,52.236,52.266,52.292,52.319,52.343,52.369,52.389,52.415,52.438,52.459,52.495,52.52,52.541,52.569,52.593,52.624,52.649,52.672,52.695,52.719,52.739,52.758,52.777,52.796,52.821,52.844,52.867,52.882,52.904,52.923,52.939,52.959,52.982,53.003,53.022,53.041,53.066,53.09,53.108,53.134,53.155,53.176,53.198,53.222,53.25,53.273,53.298,53.321,53.341,53.364,53.393,53.416,53.446,53.476,53.503,53.527,53.551,53.584,53.611,53.642,53.671,53.698,53.74,53.772,53.807,53.84,53.882,53.922,53.949,53.999,54.05,54.109,54.178,54.235,54.321,54.404,54.525,54.625,54.805,55.6
195,@TPP,50.398,51.032,51.237,51.354,51.476,51.551,51.643,51.703,51.752,51.804,51.854,51.897,51.934,51.975,52.004,52.044,52.079,52.115,52.157,52.185,52.209,52.236,52.266,52.292,52.319,52.343,52.369,52.389,52.415,52.438,52.459,52.495,52.52,52.541,52.569,52.593,52.624,52.649,52.672,52.695,52.719,52.739,52.758,52.777,52.796,52.821,52.844,52.867,52.882,52.904,52.923,52.939,52.959,52.982,53.003,53.022,53.041,53.066,53.09,53.108,53.134,53.155,53.176,53.198,53.222,53.25,53.273,53.298,53.321,53.341,53.364,53.393,53.416,53.446,53.476,53.503,53.527,53.551,53.584,53.611,53.642,53.671,53.698,53.74,53.772,53.807,53.84,53.882,53.922,53.949,53.999,54.05,54.109,54.178,54.235,54.321,54.404,54.525,54.625,54.805,55.6
196,@TPP,50.496,51.034,51.207,51.369,51.456,51.535,51.623,51.688,51.741,51.797,51.837,51.895,51.939,51.985,52.024,52.066,52.096,52.137,52.163,52.193,52.226,52.25,52.274,52.302,52.324,52.343,52.37,52.396,52.423,52.441,52.468,52.491,52.517,52.537,52.561,52.579,52.606,52.631,52.652,52.668,52.693,52.715,52.737,52.753,52.773,52.794,52.812,52.834,52.85,52.866,52.885,52.903,52.924,52.948,52.971,52.991,53.008,53.032,53.053,53.073,53.097,53.115,53.136,53.155,53.18,53.209,53.234,53.261,53.293,53.318,53.347,53.367,53.405,53.431,53.453,53.477,53.503,53.529,53.554,53.577,53.6,53.623,53.656,53.679,53.706,53.746,53.785,53.822,53.859,53.9,53.937,54.001,54.051,54.104,54.164,54.221,54.311,54.428,54.558,54.741,55.374
197,@TPP,50.496,51.034,51.207,51.369,51.456,51.535,51.623,51.688,51.741,51.797,51.837,51.895,51.939,51.985,52.024,52.066,52.096,52.137,52.163,52.193,52.226,52.25,52.274,52.302,52.324,52.343,52.37,52.396,52.423,52.441,52.468,52.491,52.517,52.537,52.561,52.579,52.606,52.631,52.652,52.668,52.693,52.715,52.737,52.753,52.773,52.794,52.812,52.834,52.85,52.866,52.885,52.903,52.924,52.948,52.971,52.991,53.008,53.032,53.053,53.073,53.097,53.115,53.136,53.155,53.18,53.209,53.234,53.261,53.293,53.318,53.347,53.367,53.405,53.431,53.453,53.477,53.503,53.529,53.554,53.577,53.6,53.623,53.656,53.679,53.706,53.746,53.785,53.822,53.859,53.9,53.937,54.001,54.051,54.104,54.164,54.221,54.311,54.428,54.558,54.741,55.374
198,@TPP,50.061,50.846,51.029,51.193,51.315,51.423,51.508,51.572,51.633,51.691,51.743,51.796,51.845,51.897,51.94,51.965,52.004,52.033,52.057,52.109,52.141,52.166,52.191,52.225,52.252,52.284,52.312,52.331,52.359,52.378,52.404,52.424,52.442,52.467,52.491,52.509,52.532,52.558,52.577,52.602,52.627,52.648,52.663,52.688,52.707,52.72,52.745,52.761,52.786,52.808,52.83,52.856,52.872,52.897,52.923,52.943,52.965,52.983,53.009,53.025,53.046,53.068,53.098,53.119,53.138,53.164,53.19,53.213,53.238,53.264,53.292,53.311,53.339,53.368,53.4,53.43,53.457,53.479,53.51,53.54,53.574,53.602,53.629,53.666,53.693,53.721,53.759,53.812,53.857,53.907,53.961,54.008,54.064,54.116,54.205,54.284,54.348,54.432,54.576,54.857,55.506
199,@TPP,50.061,50.846,51.029,51.193,51.315,51.423,51.508,51.572,51.633,51.691,51.743,51.796,51.845,51.897,51.94,51.965,52.004,52.033,52.057,52.109,52.141,52.166,52.191,52.225,52.252,52.284,52.312,52.331,52.359,52.378,52.404,52.424,52.442,52.467,52.491,52.509,52.532,52.558,52.577,52.602,52.627,52.648,52.663,52.688,52.707,52.72,52.745,52.761,52.786,52.808,52.83,52.856,52.872,52.897,52.923,52.943,52.965,52.983,53.009,53.025,53.046,53.068,53.098,53.119,53.138,53.164,53.19,53.213,53.238,53.264,53.292,53.311,53.339,53.368,53.4,53.43,53.457,53.479,53.51,53.54,53.574,53.602,53.629,53.666,53.693,53.721,53.759,53.812,53.857,53.907,53.961,54.008,54.064,54.116,54.205,54.284,54.348,54.432,54.576,54.857,55.506
200,@TPP,49.828,50.616,50.851,50.986,51.14,51.253,51.349,51.426,51.508,51.58,51.637,51.679,51.724,51.768,51.813,51.848,51.882,51.923,51.957,51.986,52.035,52.065,52.093,52.129,52.164,52.194,52.221,52.251,52.284,52.306,52.331,52.357,52.378,52.401,52.423,52.449,52.476,52.5,52.523,52.544,52.565,52.588,52.612,52.633,52.653,52.671,52.695,52.72,52.737,52.757,52.781,52.804,52.822,52.848,52.865,52.885,52.916,52.941,52.963,52.988,53.013,53.038,53.059,53.081,53.108,53.127,53.169,53.19,53.222,53.245,53.262,53.286,53.317,53.346,53.379,53.404,53.433,53.464,53.489,53.514,53.545,53.586,53.615,53.646,53.673,53.713,53.754,53.792,53.839,53.89,53.936,53.976,54.051,54.109,54.187,54.266,54.364,54.485,54.607,54.869,55.661
201,@TPP,49.828,50.616,50.851,50.986,51.14,51.253,51.349,51.426,51.508,51.58,51.637,51.679,51.724,51.768,51.813,51.848,51.882,51.923,51.957,51.986,52.035,52.065,52.093,52.129,52.164,52.194,52.221,52.251,52.284,52.306,52.331,52.357,52.378,52.401,52.423,52.449,52.476,52.5,52.523,52.544,52.565,52.588,52.612,52.633,52.653,52.671,52.695,52.72,52.737,52.757,52.781,52.804,52.822,52.848,52.865,52.885,52.916,52.941,52.963,52.988,53.013,53.038,53.059,53.081,53.108,53.127,53.169,53.19,53.222,53.245,53.262,53.286,53.317,53.346,53.379,53.404,53.433,53.464,53.489,53.514,53.545,53.586,53.615,53.646,53.673,53.713,53.754,53.792,53.839,53.89,53.936,53.976,54.051,54.109,54.187,54.266,54.364,54.485,54.607,54.869,55.661
202,@TPP,49.668,50.465,50.753,50.93,51.024,51.12,51.209,51.301,51.375,51.456,51.501,51.564,51.625,51.687,51.726,51.762,51.797,51.84,51.878,51.911,51.938,51.982,52.017,52.037,52.073,52.102,52.131,52.159,52.192,52.221,52.247,52.28,52.312,52.337,52.363,52.395,52.414,52.442,52.465,52.485,52.507,52.533,52.557,52.585,52.608,52.627,52.645,52.672,52.703,52.725,52.745,52.764,52.788,52.805,52.833,52.873,52.898,52.922,52.939,52.96,52.983,53.009,53.035,53.057,53.082,53.107,53.132,53.158,53.186,53.213,53.242,53.267,53.299,53.326,53.357,53.383,53.404,53.436,53.467,53.494,53.522,53.555,53.587,53.614,53.654,53.69,53.742,53.782,53.817,53.868,53.917,53.968,54.04,54.123,54.201,54.284,54.387,54.508,54.608,54.839,55.641
203,@TPP,49.668,50.465,50.753,50.93,51.024,51.12,51.209,51.301,51.375,51.456,51.501,51.564,51.625,51.687,51.726,51.762,51.797,51.84,51.878,51.911,51.938,51.982,52.017,52.037,52.073,52.102,52.131,52.159,52.192,52.221,52.247,52.28,52.312,52.337,52.363,52.395,52.414,52.442,52.465,52.485,52.507,52.533,52.557,52.585,52.608,52.627,52.645,52.672,52.703,52.725,52.745,52.764,52.788,52.805,52.833,52.873,52.898,52.922,52.939,52.96,52.983,53.009,53.035,53.057,53.082,53.107,53.132,53.158,53.186,53.213,53.242,53.267,53.299,53.326,53.357,53.383,53.404,53.436,53.467,53.494,53.522,53.555,53.587,53.614,53.654,53.69,53.742,53.782,53.817,53.868,53.917,53.968,54.04,54.123,54.201,54.284,54.387,54.508,54.608,54.839,55.641
204,@TPP,49.579,50.379,50.605,50.754,50.924,51.038,51.128,51.177,51.237,51.307,51.384,51.445,51.498,51.57,51.623,51.67,51.71,51.757,51.8,51.831,51.869,51.902,51.933,51.958,51.987,52.012,52.045,52.08,52.112,52.138,52.172,52.196,52.223,52.249,52.267,52.297,52.319,52.342,52.367,52.398,52.421,52.445,52.467,52.493,52.523,52.554,52.574,52.608,52.64,52.66,52.681,52.704,52.723,52.746,52.775,52.801,52.822,52.855,52.877,52.905,52.932,52.965,52.985,53.013,53.037,53.063,53.087,53.111,53.146,53.172,53.204,53.233,53.262,53.284,53.309,53.337,53.368,53.408,53.435,53.462,53.486,53.516,53.547,53.587,53.618,53.665,53.707,53.748,53.797,53.835,53.888,53.949,54.001,54.092,54.196,54.268,54.352,54.476,54.61,54.894,55.572
205,@TPP,49.579,50.379,50.605,50.754,50.924,51.038,51.128,51.177,51.237,51.307,51.384,51.445,51.498,51.57,51.623,51.67,51.71,51.757,51.8,51.831,51.869,51.902,51.933,51.958,51.987,52.012,52.045,52.08,52.112,52.138,52.172,52.196,52.223,52.249,52.267,52.297,52.319,52.342,52.367,52.398,52.421,52.445,52.467,52.493,52.523,52.554,52.574,52.608,52.64,52.66,52.681,52.704,52.723,52.746,52.775,52.801,52.822,52.855,52.877,52.905,52.932,52.965,52.985,53.013,53.037,53.063,53.087,53.111,53.146,53.172,53.204,53.233,53.262,53.284,53.309,53.337,53.368,53.408,53.435,53.462,53.486,53.516,53.547,53.587,53.618,53.665,53.707,53.748,53.797,53.835,53.888,53.949,54.001,54.092,54.196,54.268,54.352,54.476,54.61,54.894,55.572
206,@TPP,49.306,50.197,50.477,50.715,50.803,50.895,51.017,51.121,51.207,51.272,51.339,51.409,51.455,51.51,51.549,51.602,51.648,51.687,51.734,51.762,51.79,51.816,51.852,51.881,51.916,51.943,51.973,52.005,52.027,52.061,52.09,52.116,52.137,52.165,52.188,52.211,52.238,52.261,52.291,52.317,52.347,52.368,52.393,52.417,52.448,52.478,52.505,52.534,52.559,52.584,52.612,52.641,52.669,52.69,52.72,52.743,52.768,52.797,52.824,52.847,52.862,52.891,52.918,52.944,52.975,53.003,53.034,53.063,53.09,53.122,53.149,53.173,53.194,53.215,53.248,53.285,53.311,53.335,53.373,53.409,53.445,53.473,53.511,53.549,53.582,53.628,53.68,53.731,53.782,53.828,53.871,53.931,54.004,54.065,54.126,54.198,54.309,54.442,54.603,54.893,55.549
207,@TPP,49.306,50.197,50.477,50.715,50.803,50.895,51.017,51.121,51.207,51.272,51.339,51.409,51.455,51.51,51.549,51.602,51.648,51.687,51.734,51.762,51.79,51.816,51.852,51.881,51.916,51.943,51.973,52.005,52.027,52.061,52.09,52.116,52.137,52.165,52.188,52.211,52.238,52.261,52.291,52.317,52.347,52.368,52.393,52.417,52.448,52.478,52.505,52.534,52.559,52.584,52.612,52.641,52.669,52.69,52.72,52.743,52.768,52.797,52.824,52.847,52.862,52.891,52.918,52.944,52.975,53.003,53.034,53.063,53.09,53.122,53.149,53.173,53.194,53.215,53.248,53.285,53.311,53.335,53.373,53.409,53.445,53.473,53.511,53.549,53.582,53.628,53.68,53.731,53.782,53.828,53.871,53.931,54.004,54.065,54.126,54.198,54.309,54.442,54.603,54.893,55.549
208,@TPP,49.395,50.107,50.459,50.594,50.711,50.841,50.926,51.046,51.096,51.163,51.228,51.3,51.346,51.397,51.43,51.494,51.54,51.592,51.636,51.69,51.73,51.769,51.793,51.824,51.852,51.882,51.905,51.944,51.968,51.992,52.025,52.05,52.075,52.106,52.128,52.156,52.188,52.212,52.243,52.267,52.288,52.315,52.341,52.361,52.386,52.417,52.44,52.46,52.484,52.516,52.546,52.576,52.602,52.626,52.656,52.681,52.705,52.734,52.754,52.783,52.805,52.835,52.864,52.888,52.915,52.944,52.974,53.004,53.036,53.06,53.087,53.109,53.134,53.169,53.196,53.228,53.258,53.285,53.32,53.354,53.386,53.419,53.454,53.496,53.528,53.565,53.615,53.671,53.714,53.766,53.83,53.893,53.974,54.04,54.113,54.216,54.337,54.462,54.591,54.941,55.706
209,@TPP,49.395,50.107,50.459,50.594,50.711,50.841,50.926,51.046,51.096,51.163,51.228,51.3,51.346,51.397,51.43,51.494,51.54,51.592,51.636,51.69,51.73,51.769,51.793,51.824,51.852,51.882,51.905,51.944,51.968,51.992,52.025,52.05,52.075,52.106,52.128,52.156,52.188,52.212,52.243,52.267,52.288,52.315,52.341,52.361,52.386,52.417,52.44,52.46,52.484,52.516,52.546,52.576,52.602,52.626,52.656,52.681,52.705,52.734,52.754,52.783,52.805,52.835,52.864,52.888,52.915,52.944,52.974,53.004,53.036,53.06,53.087,53.109,53.134,53.169,53.196,53.228,53.258,53.285,53.32,53.354,53.386,53.419,53.454,53.496,53.528,53.565,53.615,53.671,53.714,53.766,53.83,53.893,53.974,54.04,54.113,54.216,54.337,54.462,54.591,54.941,55.706
210,@TPP,49.179,50.115,50.313,50.495,50.589,50.746,50.835,50.938,51.012,51.089,51.157,51.219,51.266,51.326,51.384,51.416,51.453,51.509,51.549,51.596,51.636,51.683,51.728,51.754,51.796,51.825,51.858,51.89,51.918,51.949,51.973,52.002,52.033,52.063,52.086,52.115,52.133,52.165,52.186,52.218,52.246,52.275,52.306,52.334,52.366,52.393,52.414,52.433,52.454,52.482,52.502,52.53,52.56,52.587,52.611,52.636,52.658,52.694,52.714,52.733,52.755,52.785,52.813,52.835,52.861,52.888,52.914,52.936,52.96,52.981,53.009,53.045,53.073,53.097,53.124,53.161,53.186,53.232,53.271,53.304,53.344,53.38,53.419,53.456,53.488,53.529,53.585,53.636,53.686,53.756,53.807,53.856,53.942,54.0,54.082,54.18,54.281,54.399,54.573,54.833,55.603
211,@TPP,49.179,50.115,50.313,50.495,50.589,50.746,50.835,50.938,51.012,51.089,51.157,51.219,51.266,51.326,51.384,51.416,51.453,51.509,51.549,51.596,51.636,51.683,51.728,51.754,51.796,51.825,51.858,51.89,51.918,51.949,51.973,52.002,52.033,52.063,52.086,52.115,52.133,52.165,52.186,52.218,52.246,52.275,52.306,52.334,52.366,52.393,52.414,52.433,52.454,52.482,52.502,52.53,52.56,52.587,52.611,52.636,52.658,52.694,52.714,52.733,52.755,52.785,52.813,52.835,52.861,52.888,52.914,52.936,52.96,52.981,53.009,53.045,53.073,53.097,53.124,53.161,53.186,53.232,53.271,53.304,53.344,53.38,53.419,53.456,53.488,53.529,53.585,53.636,53.686,53.756,53.807,53.856,53.942,54.0,54.082,54.18,54.281,54.399,54.573,54.833,55.603
212,@TPP,49.098,49.883,50.219,50.389,50.544,50.659,50.729,50.821,50.912,50.983,51.073,51.133,51.184,51.245,51.31,51.365,51.408,51.455,51.492,51.531,51.561,51.604,51.637,51.668,51.708,51.741,51.782,51.816,51.843,51.875,51.907,51.939,51.965,51.991,52.019,52.045,52.066,52.094,52.116,52.146,52.17,52.203,52.226,52.257,52.287,52.316,52.342,52.369,52.397,52.42,52.44,52.467,52.496,52.517,52.549,52.573,52.599,52.621,52.646,52.672,52.697,52.73,52.753,52.775,52.806,52.833,52.855,52.882,52.92,52.953,52.988,53.01,53.033,53.068,53.099,53.131,53.163,53.189,53.218,53.259,53.303,53.338,53.371,53.4,53.445,53.492,53.538,53.585,53.626,53.679,53.754,53.82,53.893,53.971,54.08,54.159,54.231,54.341,54.529,54.771,55.618
213,@TPP,49.098,49.883,50.219,50.389,50.544,50.659,50.729,50.821,50.912,50.983,51.073,51.133,51.184,51.245,51.31,51.365,51.408,51.455,51.492,51.531,51.561,51.604,51.637,51.668,51.708,51.741,51.782,51.816,51.843,51.875,51.907,51.939,51.965,51.991,52.019,52.045,52.066,52.094,52.116,52.146,52.17,52.203,52.226,52.257,52.287,52.316,52.342,52.369,52.397,52.42,52.44,52.467,52.496,52.517,52.549,52.573,52.599,52.621,52.646,52.672,52.697,52.73,52.753,52.775,52.806,52.833,52.855,52.882,52.92,52.953,52.988,53.01,53.033,53.068,53.099,53.131,53.163,53.189,53.218,53.259,53.303,53.338,53.371,53.4,53.445,53.492,53.538,53.585,53.626,53.679,53.754,53.82,53.893,53.971,54.08,54.159,54.231,54.341,54.529,54.771,55.618
214,@TPP,48.96,49.816,50.13,50.307,50.47,50.609,50.715,50.806,50.874,50.952,51.002,51.057,51.118,51.179,51.225,51.268,51.316,51.352,51.394,51.441,51.498,51.551,51.592,51.626,51.663,51.7,51.731,51.768,51.799,51.83,51.856,51.878,51.902,51.93,51.958,51.977,52.008,52.036,52.064,52.095,52.125,52.155,52.174,52.203,52.224,52.25,52.277,52.305,52.335,52.365,52.392,52.422,52.445,52.474,52.501,52.531,52.562,52.594,52.62,52.647,52.666,52.688,52.716,52.745,52.768,52.795,52.818,52.849,52.886,52.909,52.945,52.971,53.0,53.028,53.062,53.084,53.111,53.141,53.176,53.212,53.246,53.283,53.319,53.357,53.394,53.444,53.508,53.561,53.603,53.656,53.726,53.799,53.862,53.919,53.988,54.068,54.166,54.293,54.471,54.797,55.735
215,@TPP,48.96,49.816,50.13,50.307,50.47,50.609,50.715,50.806,50.874,50.952,51.002,51.057,51.118,51.179,51.225,51.268,51.316,51.352,51.394,51.441,51.498,51.551,51.592,51.626,51.663,51.7,51.731,51.768,51.799,51.83,51.856,51.878,51.902,51.93,51.958,51.977,52.008,52.036,52.064,52.095,52.125,52.155,52.174,52.203,52.224,52.25,52.277,52.305,52.335,52.365,52.392,52.422,52.445,52.474,52.501,52.531,52.562,52.594,52.62,52.647,52.666,52.688,52.716,52.745,52.768,52.795,52.818,52.849,52.886,52.909,52.945,52.971,53.0,53.028,53.062,53.084,53.111,53.141,53.176,53.212,53.246,53.283,53.319,53.357,53.394,53.444,53.508,53.561,53.603,53.656,53.726,53.799,53.862,53.919,53.988,54.068,54.166,54.293,54.471,54.797,55.735
216,@TPP,48.821,49.768,50.074,50.323,50.465,50.589,50.665,50.737,50.797,50.864,50.926,50.982,51.048,51.1,51.165,51.206,51.246,51.28,51.323,51.378,51.422,51.464,51.499,51.547,51.584,51.615,51.649,51.685,51.719,51.741,51.781,51.804,51.827,51.855,51.888,51.922,51.953,51.985,52.005,52.04,52.068,52.091,52.114,52.146,52.175,52.196,52.229,52.255,52.283,52.303,52.331,52.359,52.385,52.412,52.439,52.466,52.489,52.516,52.546,52.572,52.596,52.625,52.656,52.673,52.702,52.731,52.767,52.797,52.82,52.855,52.886,52.918,52.949,52.981,53.012,53.047,53.089,53.117,53.147,53.173,53.22,53.253,53.288,53.335,53.377,53.418,53.457,53.5,53.554,53.616,53.672,53.729,53.793,53.863,53.94,54.025,54.146,54.295,54.451,54.722,55.553
217,@TPP,48.821,49.768,50.074,50.323,50.465,50.589,50.665,50.737,50.797,50.864,50.926,50.982,51.048,51.1,51.165,51.206,51.246,51.28,51.323,51.378,51.422,51.464,51.499,51.547,51.584,51.615,51.649,51.685,51.719,51.741,51.781,51.804,51.827,51.855,51.888,51.922,51.953,51.985,52.005,52.04,52.068,52.091,52.114,52.146,52.175,52.196,52.229,52.255,52.283,52.303,52.331,52.359,52.385,52.412,52.439,52.466,52.489,52.516,52.546,52.572,52.596,52.625,52.656,52.673,52.702,52.731,52.767,52.797,52.82,52.855,52.886,52.918,52.949,52.981,53.012,53.047,53.089,53.117,53.147,53.173,53.22,53.253,53.288,53.335,53.377,53.418,53.457,53.5,53.554,53.616,53.672,53.729,53.793,53.863,53.94,54.025,54.146,54.295,54.451,54.722,55.553
218,@TPP,49.063,49.629,50.032,50.205,50.364,50.505,50.615,50.686,50.769,50.822,50.897,50.947,50.993,51.059,51.112,51.166,51.203,51.244,51.292,51.333,51.363,51.4,51.437,51.474,51.513,51.552,51.58,51.613,51.637,51.668,51.701,51.73,51.766,51.795,51.822,51.85,51.881,51.904,51.932,51.96,51.984,52.014,52.041,52.077,52.108,52.131,52.161,52.188,52.218,52.242,52.268,52.297,52.323,52.361,52.384,52.408,52.432,52.458,52.488,52.517,52.543,52.573,52.601,52.628,52.646,52.674,52.699,52.732,52.763,52.797,52.825,52.854,52.884,52.911,52.937,52.971,53.007,53.034,53.07,53.103,53.148,53.18,53.228,53.274,53.322,53.361,53.404,53.462,53.503,53.56,53.619,53.676,53.741,53.8,53.885,53.985,54.082,54.217,54.443,54.673,55.484
219,@TPP,49.063,49.629,50.032,50.205,50.364,50.505,50.615,50.686,50.769,50.822,50.897,50.947,50.993,51.059,51.112,51.166,51.203,51.244,51.292,51.333,51.363,51.4,51.437,51.474,51.513,51.552,51.58,51.613,51.637,51.668,51.701,51.73,51.766,51.795,51.822,51.85,51.881,51.904,51.932,51.96,51.984,52.014,52.041,52.077,52.108,52.131,52.161,52.188,52.218,52.242,52.268,52.297,52.323,52.361,52.384,52.408,52.432,52.458,52.488,52.517,52.543,52.573,52.601,52.628,52.646,52.674,52.699,52.732,52.763,52.797,52.825,52.854,52.884,52.911,52.937,52.971,53.007,53.034,53.07,53.103,53.148,53.18,53.228,53.274,53.322,53.361,53.404,53.462,53.503,53.56,53.619,53.676,53.741,53.8,53.885,53.985,54.082,54.217,54.443,54.673,55.484
220,@TPP,48.877,49.647,50.043,50.216,50.346,50.471,50.569,50.651,50.736,50.802,50.862,50.914,50.958,51.011,51.054,51.102,51.141,51.175,51.215,51.264,51.299,51.325,51.36,51.4,51.437,51.466,51.494,51.541,51.576,51.609,51.64,51.675,51.709,51.732,51.762,51.793,51.824,51.852,51.884,51.913,51.946,51.97,51.993,52.028,52.055,52.08,52.105,52.138,52.161,52.182,52.216,52.241,52.269,52.294,52.324,52.351,52.38,52.401,52.427,52.458,52.481,52.507,52.534,52.562,52.584,52.611,52.635,52.668,52.697,52.729,52.752,52.777,52.811,52.837,52.873,52.912,52.939,52.964,53.003,53.034,53.073,53.118,53.159,53.209,53.253,53.299,53.359,53.408,53.453,53.502,53.562,53.627,53.685,53.736,53.823,53.933,54.035,54.196,54.383,54.684,55.264
221,@TPP,48.877,49.647,50.043,50.216,50.346,50.471,50.569,50.651,50.736,50.802,50.862,50.914,50.958,51.011,51.054,51.102,51.141,51.175,51.215,51.264,51.299,51.325,51.36,51.4,51.437,51.466,51.494,51.541,51.576,51.609,51.64,51.675,51.709,51.732,51.762,51.793,51.824,51.852,51.884,51.913,51.946,51.97,51.993,52.028,52.055,52.08,52.105,52.138,52.161,52.182,52.216,52.241,52.269,52.294,52.324,52.351,52.38,52.401,52.427,52.458,52.481,52.507,52.534,52.562,52.584,52.611,52.635,52.668,52.697,52.729,52.752,52.777,52.811,52.837,52.873,52.912,52.939,52.964,53.003,53.034,53.073,53.118,53.159,53.209,53.253,53.299,53.359,53.408,53.453,53.502,53.562,53.627,53.685,53.736,53.823,53.933,54.035,54.196,54.383,54.684,55.264
222,@TPP,48.805,49.636,49.903,50.139,50.245,50.388,50.495,50.611,50.678,50.741,50.802,50.843,50.913,50.956,51.002,51.059,51.094,51.136,51.18,51.219,51.254,51.296,51.325,51.357,51.399,51.436,51.464,51.491,51.523,51.549,51.579,51.606,51.639,51.663,51.689,51.716,51.748,51.785,51.816,51.838,51.869,51.893,51.92,51.947,51.971,52.002,52.025,52.049,52.085,52.116,52.139,52.173,52.204,52.226,52.251,52.286,52.309,52.338,52.369,52.394,52.42,52.441,52.472,52.499,52.528,52.557,52.583,52.609,52.638,52.674,52.706,52.735,52.769,52.81,52.848,52.877,52.916,52.948,52.979,53.014,53.058,53.095,53.139,53.181,53.216,53.259,53.31,53.351,53.394,53.447,53.505,53.556,53.631,53.692,53.766,53.849,53.95,54.069,54.224,54.614,55.069
223,@TPP,48.805,49.636,49.903,50.139,50.245,50.388,50.495,50.611,50.678,50.741,50.802,50.843,50.913,50.956,51.002,51.059,51.094,51.136,51.18,51.219,51.254,51.296,51.325,51.357,51.399,51.436,51.464,51.491,51.523,51.549,51.579,51.606,51.639,51.663,51.689,51.716,51.748,51.785,51.816,51.838,51.869,51.893,51.92,51.947,51.971,52.002,52.025,52.049,52.085,52.116,52.139,52.173,52.204,52.226,52.251,52.286,52.309,52.338,52.369,52.394,52.42,52.441,52.472,52.499,52.528,52.557,52.583,52.609,52.638,52.674,52.706,52.735,52.769,52.81,52.848,52.877,52.916,52.948,52.979,53.014,53.058,53.095,53.139,53.181,53.216,53.259,53.31,53.351,53.394,53.447,53.505,53.556,53.631,53.692,53.766,53.849,53.95,54.069,54.224,54.614,55.069
224,@TPP,48.805,49.578,49.87,50.03,50.172,50.282,50.388,50.506,50.588,50.663,50.724,50.788,50.837,50.881,50.925,50.957,51.005,51.049,51.087,51.126,51.169,51.201,51.246,51.292,51.328,51.366,51.4,51.419,51.456,51.487,51.516,51.548,51.58,51.612,51.642,51.669,51.7,51.729,51.749,51.775,51.797,51.821,51.846,51.873,51.902,51.925,51.954,51.975,52.003,52.021,52.052,52.079,52.104,52.132,52.164,52.194,52.219,52.27,52.288,52.322,52.345,52.38,52.409,52.445,52.472,52.501,52.538,52.564,52.589,52.63,52.661,52.682,52.713,52.741,52.774,52.81,52.844,52.883,52.924,52.957,52.989,53.029,53.072,53.109,53.158,53.191,53.234,53.272,53.318,53.383,53.429,53.503,53.572,53.65,53.724,53.794,53.872,53.996,54.203,54.47,55.174
225,@TPP,48.805,49.578,49.87,50.03,50.172,50.282,50.388,50.506,50.588,50.663,50.724,50.788,50.837,50.881,50.925,50.957,51.005,51.049,51.087,51.126,51.169,51.201,51.246,51.292,51.328,51.366,51.4,51.419,51.456,51.487,51.516,51.548,51.58,51.612,51.642,51.669,51.7,51.729,51.749,51.775,51.797,51.821,51.846,51.873,51.902,51.925,51.954,51.975,52.003,52.021,52.052,52.079,52.104,52.132,52.164,52.194,52.219,52.27,52.288,52.322,52.345,52.38,52.409,52.445,52.472,52.501,52.538,52.564,52.589,52.63,52.661,52.682,52.713,52.741,52.774,52.81,52.844,52.883,52.924,52.957,52.989,53.029,53.072,53.109,53.158,53.191,53.234,53.272,53.318,53.383,53.429,53.503,53.572,53.65,53.724,53.794,53.872,53.996,54.203,54.47,55.174
226,@TPP,48.799,49.61,49.87,50.025,50.149,50.273,50.368,50.455,50.541,50.605,50.651,50.709,50.762,50.81,50.868,50.916,50.954,51.0,51.054,51.085,51.113,51.154,51.193,51.232,51.258,51.284,51.318,51.346,51.382,51.407,51.438,51.472,51.504,51.539,51.565,51.602,51.632,51.652,51.679,51.709,51.736,51.769,51.799,51.826,51.851,51.877,51.901,51.926,51.958,51.981,52.0,52.032,52.054,52.09,52.118,52.157,52.182,52.205,52.227,52.252,52.274,52.3,52.332,52.361,52.4,52.427,52.455,52.489,52.511,52.541,52.563,52.597,52.631,52.663,52.703,52.735,52.778,52.816,52.851,52.883,52.918,52.952,52.988,53.04,53.081,53.117,53.161,53.208,53.267,53.318,53.367,53.437,53.519,53.584,53.65,53.726,53.83,53.961,54.105,54.302,55.226
227,@TPP,48.799,49.61,49.87,50.025,50.149,50.273,50.368,50.455,50.541,50.605,50.651,50.709,50.762,50.81,50.868,50.916,50.954,51.0,51.054,51.085,51.113,51.154,51.193,51.232,51.258,51.284,51.318,51.346,51.382,51.407,51.438,51.472,51.504,51.539,51.565,51.602,51.632,51.652,51.679,51.709,51.736,51.769,51.799,51.826,51.851,51.877,51.901,51.926,51.958,51.981,52.0,52.032,52.054,52.09,52.118,52.157,52.182,52.205,52.227,52.252,52.274,52.3,52.332,52.361,52.4,52.427,52.455,52.489,52.511,52.541,52.563,52.597,52.631,52.663,52.703,52.735,52.778,52.816,52.851,52.883,52.918,52.952,52.988,53.04,53.081,53.117,53.161,53.208,53.267,53.318,53.367,53.437,53.519,53.584,53.65,53.726,53.83,53.961,54.105,54.302,55.226
228,@TPP,48.78,49.505,49.797,49.968,50.1,50.247,50.349,50.422,50.501,50.57,50.624,50.671,50.711,50.763,50.804,50.851,50.899,50.942,50.973,51.022,51.063,51.09,51.127,51.157,51.187,51.21,51.242,51.279,51.306,51.337,51.368,51.397,51.431,51.476,51.504,51.533,51.56,51.596,51.622,51.651,51.673,51.708,51.737,51.765,51.789,51.815,51.845,51.874,51.901,51.93,51.961,51.993,52.014,52.043,52.066,52.096,52.125,52.145,52.169,52.198,52.223,52.246,52.273,52.301,52.323,52.351,52.379,52.407,52.442,52.471,52.496,52.533,52.562,52.594,52.632,52.676,52.714,52.743,52.779,52.808,52.851,52.897,52.941,52.979,53.015,53.052,53.097,53.151,53.188,53.245,53.301,53.361,53.424,53.503,53.573,53.653,53.754,53.873,54.049,54.286,55.001
229,@TPP,48.78,49.505,49.797,49.968,50.1,50.247,50.349,50.422,50.501,50.57,50.624,50.671,50.711,50.763,50.804,50.851,50.899,50.942,50.973,51.022,51.063,51.09,51.127,51.157,51.187,51.21,51.242,51.279,51.306,51.337,51.368,51.397,51.431,51.476,51.504,51.533,51.56,51.596,51.622,51.651,51.673,51.708,51.737,51.765,51.789,51.815,51.845,51.874,51.901,51.93,51.961,51.993,52.014,52.043,52.066,52.096,52.125,52.145,52.169,52.198,52.223,52.246,52.273,52.301,52.323,52.351,52.379,52.407,52.442,52.471,52.496,52.533,52.562,52.594,52.632,52.676,52.714,52.743,52.779,52.808,52.851,52.897,52.941,52.979,53.015,53.052,53.097,53.151,53.188,53.245,53.301,53.361,53.424,53.503,53.573,53.653,53.754,53.873,54.049,54.286,55.001
230,@TPP,48.759,49.511,49.756,49.936,50.097,50.181,50.249,50.334,50.439,50.492,50.548,50.603,50.65,50.691,50.723,50.768,50.813,50.86,50.903,50.95,50.984,51.025,51.055,51.094,51.127,51.16,51.202,51.23,51.266,51.293,51.326,51.355,51.389,51.419,51.447,51.48,51.511,51.546,51.582,51.611,51.634,51.659,51.682,51.714,51.741,51.767,51.795,51.822,51.847,51.868,51.888,51.912,51.942,51.973,51.998,52.023,52.045,52.077,52.1,52.13,52.154,52.181,52.207,52.232,52.258,52.284,52.312,52.34,52.38,52.406,52.443,52.469,52.498,52.525,52.555,52.589,52.626,52.661,52.69,52.717,52.756,52.792,52.828,52.869,52.906,52.959,53.005,53.045,53.09,53.147,53.208,53.268,53.321,53.39,53.488,53.572,53.651,53.782,53.96,54.173,54.772
231,@TPP,48.759,49.511,49.756,49.936,50.097,50.181,50.249,50.334,50.439,50.492,50.548,50.603,50.65,50.691,50.723,50.768,50.813,50.86,50.903,50.95,50.984,51.025,51.055,51.094,51.127,51.16,51.202,51.23,51.266,51.293,51.326,51.355,51.389,51.419,51.447,51.48,51.511,51.546,51.582,51.611,51.634,51.659,51.682,51.714,51.741,51.767,51.795,51.822,51.847,51.868,51.888,51.912,51.942,51.973,51.998,52.023,52.045,52.077,52.1,52.13,52.154,52.181,52.207,52.232,52.258,52.284,52.312,52.34,52.38,52.406,52.443,52.469,52.498,52.525,52.555,52.589,52.626,52.661,52.69,52.717,52.756,52.792,52.828,52.869,52.906,52.959,53.005,53.045,53.09,53.147,53.208,53.268,53.321,53.39,53.488,53.572,53.651,53.782,53.96,54.173,54.772
232,@TPP,48.7,49.538,49.797,49.962,50.046,50.142,50.234,50.311,50.376,50.439,50.493,50.535,50.586,50.631,50.685,50.736,50.783,50.825,50.876,50.922,50.963,50.994,51.025,51.057,51.087,51.124,51.155,51.19,51.216,51.255,51.291,51.318,51.348,51.377,51.407,51.435,51.458,51.486,51.511,51.54,51.556,51.584,51.613,51.637,51.665,51.691,51.715,51.737,51.76,51.791,51.829,51.851,51.872,51.892,51.912,51.939,51.962,51.994,52.028,52.051,52.079,52.112,52.147,52.181,52.21,52.24,52.265,52.301,52.331,52.354,52.396,52.424,52.45,52.476,52.504,52.533,52.573,52.606,52.64,52.676,52.707,52.743,52.778,52.822,52.857,52.888,52.923,52.975,53.028,53.092,53.132,53.186,53.265,53.338,53.395,53.493,53.575,53.722,53.874,54.123,54.857
233,@TPP,48.7,49.538,49.797,49.962,50.046,50.142,50.234,50.311,50.376,50.439,50.493,50.535,50.586,50.631,50.685,50.736,50.783,50.825,50.876,50.922,50.963,50.994,51.025,51.057,51.087,51.124,51.155,51.19,51.216,51.255,51.291,51.318,51.348,51.377,51.407,51.435,51.458,51.486,51.511,51.54,51.556,51.584,51.613,51.637,51.665,51.691,51.715,51.737,51.76,51.791,51.829,51.851,51.872,51.892,51.912,51.939,51.962,51.994,52.028,52.051,52.079,52.112,52.147,52.181,52.21,52.24,52.265,52.301,52.331,52.354,52.396,52.424,52.45,52.476,52.504,52.533,52.573,52.606,52.64,52.676,52.707,52.743,52.778,52.822,52.857,52.888,52.923,52.975,53.028,53.092,53.132,53.186,53.265,53.338,53.395,53.493,53.575,53.722,53.874,54.123,54.857
234,@TPP,48.915,49.483,49.768,49.964,50.051,50.125,50.208,50.28,50.343,50.407,50.469,50.527,50.57,50.621,50.67,50.703,50.748,50.79,50.825,50.868,50.904,50.943,50.98,51.018,51.049,51.076,51.111,51.134,51.158,51.197,51.225,51.252,51.287,51.322,51.357,51.375,51.408,51.433,51.452,51.481,51.516,51.548,51.57,51.588,51.626,51.653,51.674,51.704,51.727,51.749,51.775,51.797,51.828,51.851,51.876,51.904,51.929,51.953,51.983,52.008,52.034,52.063,52.085,52.11,52.133,52.161,52.187,52.22,52.245,52.271,52.294,52.325,52.353,52.382,52.411,52.442,52.486,52.512,52.54,52.571,52.602,52.636,52.675,52.697,52.739,52.783,52.844,52.897,52.941,52.999,53.054,53.117,53.188,53.268,53.349,53.436,53.524,53.658,53.834,54.01,54.623
235,@TPP,48.915,49.483,49.768,49.964,50.051,50.125,50.208,50.28,50.343,50.407,50.469,50.527,50.57,50.621,50.67,50.703,50.748,50.79,50.825,50.868,50.904,50.943,50.98,51.018,51.049,51.076,51.111,51.134,51.158,51.197,51.225,51.252,51.287,51.322,51.357,51.375,51.408,51.433,51.452,51.481,51.516,51.548,51.57,51.588,51.626,51.653,51.674,51.704,51.727,51.749,51.775,51.797,51.828,51.851,51.876,51.904,51.929,51.953,51.983,52.008,52.034,52.063,52.085,52.11,52.133,52.161,52.187,52.22,52.245,52.271,52.294,52.325,52.353,52.382,52.411,52.442,52.486,52.512,52.54,52.571,52.602,52.636,52.675,52.697,52.739,52.783,52.844,52.897,52.941,52.999,53.054,53.117,53.188,53.268,53.349,53.436,53.524,53.658,53.834,54.01,54.623
236,@TPP,48.916,49.469,49.738,49.921,50.006,50.1,50.174,50.265,50.321,50.38,50.436,50.499,50.566,50.619,50.653,50.705,50.739,50.769,50.806,50.834,50.88,50.92,50.95,50.978,51.01,51.048,51.075,51.105,51.129,51.152,51.179,51.206,51.228,51.253,51.277,51.303,51.326,51.359,51.382,51.418,51.441,51.471,51.499,51.527,51.548,51.576,51.601,51.634,51.657,51.686,51.703,51.733,51.763,51.781,51.804,51.831,51.86,51.885,51.917,51.942,51.966,51.995,52.016,52.041,52.066,52.101,52.12,52.15,52.172,52.19,52.218,52.245,52.268,52.289,52.317,52.36,52.398,52.432,52.463,52.504,52.544,52.576,52.608,52.655,52.694,52.736,52.787,52.825,52.871,52.916,52.974,53.019,53.078,53.139,53.211,53.306,53.427,53.578,53.726,53.908,54.564
237,@TPP,48.916,49.469,49.738,49.921,50.006,50.1,50.174,50.265,50.321,50.38,50.436,50.499,50.566,50.619,50.653,50.705,50.739,50.769,50.806,50.834,50.88,50.92,50.95,50.978,51.01,51.048,51.075,51.105,51.129,51.152,51.179,51.206,51.228,51.253,51.277,51.303,51.326,51.359,51.382,51.418,51.441,51.471,51.499,51.527,51.548,51.576,51.601,51.634,51.657,51.686,51.703,51.733,51.763,51.781,51.804,51.831,51.86,51.885,51.917,51.942,51.966,51.995,52.016,52.041,52.066,52.101,52.12,52.15,52.172,52.19,52.218,52.245,52.268,52.289,52.317,52.36,52.398,52.432,52.463,52.504,52.544,52.576,52.608,52.655,52.694,52.736,52.787,52.825,52.871,52.916,52.974,53.019,53.078,53.139,53.211,53.306,53.427,53.578,53.726,53.908,54.564
238,@TPP,48.964,49.49,49.732,49.899,49.988,50.121,50.197,50.263,50.331,50.376,50.434,50.481,50.527,50.575,50.619,50.654,50.69,50.736,50.762,50.805,50.836,50.868,50.899,50.936,50.96,50.992,51.021,51.045,51.077,51.109,51.138,51.165,51.192,51.228,51.257,51.286,51.311,51.33,51.361,51.381,51.41,51.438,51.462,51.481,51.501,51.52,51.542,51.57,51.599,51.62,51.643,51.663,51.695,51.724,51.743,51.767,51.786,51.808,51.833,51.86,51.886,51.908,51.939,51.965,51.995,52.02,52.049,52.081,52.108,52.133,52.16,52.184,52.21,52.245,52.277,52.303,52.329,52.366,52.407,52.438,52.468,52.496,52.535,52.579,52.614,52.649,52.693,52.734,52.785,52.83,52.876,52.927,52.98,53.053,53.113,53.215,53.307,53.441,53.563,53.793,54.482
239,@TPP,48.964,49.49,49.732,49.899,49.988,50.121,50.197,50.263,50.331,50.376,50.434,50.481,50.527,50.575,50.619,50.654,50.69,50.736,50.762,50.805,50.836,50.868,50.899,50.936,50.96,50.992,51.021,51.045,51.077,51.109,51.138,51.165,51.192,51.228,51.257,51.286,51.311,51.33,51.361,51.381,51.41,51.438,51.462,51.481,51.501,51.52,51.542,51.57,51.599,51.62,51.643,51.663,51.695,51.724,51.743,51.767,51.786,51.808,51.833,51.86,51.886,51.908,51.939,51.965,51.995,52.02,52.049,52.081,52.108,52.133,52.16,52.184,52.21,52.245,52.277,52.303,52.329,52.366,52.407,52.438,52.468,52.496,52.535,52.579,52.614,52.649,52.693,52.734,52.785,52.83,52.876,52.927,52.98,53.053,53.113,53.215,53.307,53.441,53.563,53.793,54.482
240,@TPP,48.877,49.512,49.722,49.941,50.038,50.139,50.217,50.276,50.338,50.396,50.439,50.493,50.53,50.579,50.612,50.645,50.676,50.715,50.758,50.793,50.827,50.866,50.901,50.931,50.962,50.989,51.013,51.035,51.064,51.092,51.122,51.144,51.168,51.199,51.221,51.241,51.271,51.294,51.317,51.344,51.367,51.384,51.418,51.442,51.472,51.496,51.52,51.544,51.575,51.6,51.62,51.645,51.673,51.697,51.727,51.755,51.781,51.805,51.826,51.852,51.872,51.899,51.929,51.961,51.987,52.016,52.039,52.067,52.091,52.113,52.143,52.167,52.195,52.229,52.252,52.287,52.313,52.343,52.378,52.414,52.448,52.485,52.519,52.549,52.589,52.634,52.677,52.717,52.756,52.799,52.848,52.897,52.942,53.017,53.108,53.191,53.286,53.397,53.576,53.818,54.419
241,@TPP,48.877,49.512,49.722,49.941,50.038,50.139,50.217,50.276,50.338,50.396,50.439,50.493,50.53,50.579,50.612,50.645,50.676,50.715,50.758,50.793,50.827,50.866,50.901,50.931,50.962,50.989,51.013,51.035,51.064,51.092,51.122,51.144,51.168,51.199,51.221,51.241,51.271,51.294,51.317,51.344,51.367,51.384,51.418,51.442,51.472,51.496,51.52,51.544,51.575,51.6,51.62,51.645,51.673,51.697,51.727,51.755,51.781,51.805,51.826,51.852,51.872,51.899,51.929,51.961,51.987,52.016,52.039,52.067,52.091,52.113,52.143,52.167,52.195,52.229,52.252,52.287,52.313,52.343,52.378,52.414,52.448,52.485,52.519,52.549,52.589,52.634,52.677,52.717,52.756,52.799,52.848,52.897,52.942,53.017,53.108,53.191,53.286,53.397,53.576,53.818,54.419
242,@TPP,48.816,49.577,49.812,49.933,50.05,50.124,50.205,50.273,50.329,50.39,50.455,50.492,50.525,50.568,50.608,50.653,50.689,50.726,50.767,50.804,50.837,50.881,50.914,50.938,50.964,50.992,51.014,51.035,51.059,51.083,51.109,51.137,51.172,51.203,51.223,51.244,51.268,51.297,51.321,51.347,51.374,51.404,51.428,51.449,51.473,51.495,51.518,51.544,51.561,51.59,51.62,51.64,51.665,51.693,51.713,51.738,51.761,51.78,51.803,51.826,51.859,51.881,51.906,51.93,51.963,51.989,52.015,52.036,52.07,52.099,52.127,52.149,52.178,52.197,52.228,52.264,52.295,52.321,52.345,52.377,52.41,52.458,52.489,52.517,52.563,52.608,52.65,52.697,52.739,52.79,52.84,52.897,52.971,53.042,53.107,53.182,53.281,53.39,53.591,53.77,54.325
243,@TPP,48.816,49.577,49.812,49.933,50.05,50.124,50.205,50.273,50.329,50.39,50.455,50.492,50.525,50.568,50.608,50.653,50.689,50.726,50.767,50.804,50.837,50.881,50.914,50.938,50.964,50.992,51.014,51.035,51.059,51.083,51.109,51.137,51.172,51.203,51.223,51.244,51.268,51.297,51.321,51.347,51.374,51.404,51.428,51.449,51.473,51.495,51.518,51.544,51.561,51.59,51.62,51.64,51.665,51.693,51.713,51.738,51.761,51.78,51.803,51.826,51.859,51.881,51.906,51.93,51.963,51.989,52.015,52.036,52.07,52.099,52.127,52.149,52.178,52.197,52.228,52.264,52.295,52.321,52.345,52.377,52.41,52.458,52.489,52.517,52.563,52.608,52.65,52.697,52.739,52.79,52.84,52.897,52.971,53.042,53.107,53.182,53.281,53.39,53.591,53.77,54.325
244,@TPP,48.98,49.488,49.791,49.917,50.021,50.11,50.207,50.268,50.332,50.377,50.441,50.478,50.522,50.56,50.603,50.643,50.687,50.722,50.768,50.796,50.834,50.875,50.912,50.948,50.97,50.993,51.022,51.05,51.075,51.1,51.123,51.153,51.177,51.198,51.223,51.246,51.274,51.303,51.327,51.351,51.373,51.401,51.423,51.45,51.473,51.496,51.525,51.55,51.578,51.606,51.634,51.661,51.683,51.711,51.737,51.769,51.801,51.822,51.849,51.874,51.901,51.925,51.943,51.964,51.988,52.008,52.043,52.068,52.089,52.111,52.133,52.168,52.192,52.22,52.246,52.269,52.31,52.345,52.37,52.411,52.437,52.477,52.512,52.538,52.572,52.631,52.683,52.734,52.774,52.824,52.885,52.928,52.977,53.051,53.138,53.201,53.285,53.403,53.584,53.786,54.478
245,@TPP,48.98,49.488,49.791,49.917,50.021,50.11,50.207,50.268,50.332,50.377,50.441,50.478,50.522,50.56,50.603,50.643,50.687,50.722,50.768,50.796,50.834,50.875,50.912,50.948,50.97,50.993,51.022,51.05,51.075,51.1,51.123,51.153,51.177,51.198,51.223,51.246,51.274,51.303,51.327,51.351,51.373,51.401,51.423,51.45,51.473,51.496,51.525,51.55,51.578,51.606,51.634,51.661,51.683,51.711,51.737,51.769,51.801,51.822,51.849,51.874,51.901,51.925,51.943,51.964,51.988,52.008,52.043,52.068,52.089,52.111,52.133,52.168,52.192,52.22,52.246,52.269,52.31,52.345,52.37,52.411,52.437,52.477,52.512,52.538,52.572,52.631,52.683,52.734,52.774,52.824,52.885,52.928,52.977,53.051,53.138,53.201,53.285,53.403,53.584,53.786,54.478
246,@TPP,48.888,49.531,49.769,49.898,50.02,50.114,50.183,50.242,50.308,50.352,50.393,50.444,50.492,50.536,50.578,50.615,50.66,50.715,50.753,50.784,50.821,50.856,50.883,50.913,50.944,50.975,51.001,51.025,51.059,51.086,51.116,51.151,51.18,51.202,51.232,51.263,51.297,51.325,51.348,51.371,51.394,51.421,51.45,51.468,51.491,51.512,51.538,51.57,51.589,51.618,51.638,51.664,51.691,51.71,51.733,51.762,51.783,51.804,51.83,51.856,51.877,51.911,51.929,51.957,51.986,52.012,52.037,52.064,52.09,52.119,52.156,52.187,52.214,52.245,52.275,52.308,52.341,52.374,52.404,52.428,52.468,52.506,52.539,52.583,52.632,52.672,52.707,52.745,52.797,52.842,52.91,52.967,53.022,53.101,53.157,53.252,53.339,53.445,53.57,53.874,54.442
247,@TPP,48.888,49.531,49.769,49.898,50.02,50.114,50.183,50.242,50.308,50.352,50.393,50.444,50.492,50.536,50.578,50.615,50.66,50.715,50.753,50.784,50.821,50.856,50.883,50.913,50.944,50.975,51.001,51.025,51.059,51.086,51.116,51.151,51.18,51.202,51.232,51.263,51.297,51.325,51.348,51.371,51.394,51.421,51.45,51.468,51.491,51.512,51.538,51.57,51.589,51.618,51.638,51.664,51.691,51.71,51.733,51.762,51.783,51.804,51.83,51.856,51.877,51.911,51.929,51.957,51.986,52.012,52.037,52.064,52.09,52.119,52.156,52.187,52.214,52.245,52.275,52.308,52.341,52.374,52.404,52.428,52.468,52.506,52.539,52.583,52.632,52.672,52.707,52.745,52.797,52.842,52.91,52.967,53.022,53.101,53.157,53.252,53.339,53.445,53.57,53.874,54.442
248,@TPP,48.932,49.475,49.704,49.846,49.985,50.085,50.161,50.242,50.313,50.375,50.423,50.459,50.507,50.546,50.585,50.637,50.675,50.711,50.751,50.787,50.813,50.844,50.877,50.922,50.95,50.98,51.009,51.04,51.07,51.095,51.125,51.157,51.192,51.211,51.248,51.277,51.295,51.319,51.35,51.376,51.399,51.423,51.445,51.475,51.497,51.518,51.539,51.572,51.596,51.617,51.639,51.665,51.693,51.715,51.737,51.76,51.781,51.805,51.833,51.857,51.883,51.904,51.937,51.958,51.994,52.023,52.054,52.086,52.112,52.141,52.162,52.192,52.22,52.25,52.275,52.303,52.329,52.361,52.396,52.43,52.476,52.514,52.554,52.595,52.649,52.697,52.738,52.788,52.844,52.894,52.938,52.994,53.068,53.12,53.179,53.264,53.349,53.49,53.637,53.852,54.561
249,@TPP,48.932,49.475,49.704,49.846,49.985,50.085,50.161,50.242,50.313,50.375,50.423,50.459,50.507,50.546,50.585,50.637,50.675,50.711,50.751,50.787,50.813,50.844,50.877,50.922,50.95,50.98,51.009,51.04,51.07,51.095,51.125,51.157,51.192,51.211,51.248,51.277,51.295,51.319,51.35,51.376,51.399,51.423,51.445,51.475,51.497,51.518,51.539,51.572,51.596,51.617,51.639,51.665,51.693,51.715,51.737,51.76,51.781,51.805,51.833,51.857,51.883,51.904,51.937,51.958,51.994,52.023,52.054,52.086,52.112,52.141,52.162,52.192,52.22,52.25,52.275,52.303,52.329,52.361,52.396,52.43,52.476,52.514,52.554,52.595,52.649,52.697,52.738,52.788,52.844,52.894,52.938,52.994,53.068,53.12,53.179,53.264,53.349,53.49,53.637,53.852,54.561
250,@TPP,48.916,49.456,49.681,49.821,49.941,50.038,50.126,50.201,50.272,50.322,50.379,50.439,50.497,50.553,50.602,50.653,50.69,50.727,50.759,50.797,50.834,50.875,50.911,50.937,50.97,50.999,51.025,51.051,51.083,51.111,51.14,51.166,51.194,51.216,51.24,51.267,51.294,51.316,51.346,51.372,51.397,51.421,51.446,51.473,51.505,51.525,51.547,51.573,51.608,51.631,51.659,51.683,51.717,51.745,51.771,51.792,51.816,51.836,51.851,51.886,51.914,51.941,51.969,51.994,52.023,52.045,52.07,52.091,52.116,52.143,52.171,52.202,52.23,52.259,52.288,52.325,52.349,52.388,52.429,52.463,52.498,52.544,52.577,52.623,52.664,52.71,52.764,52.814,52.85,52.893,52.938,52.996,53.057,53.122,53.195,53.282,53.394,53.516,53.619,53.89,54.646
251,@TPP,48.916,49.456,49.681,49.821,49.941,50.038,50.126,50.201,50.272,50.322,50.379,50.439,50.497,50.553,50.602,50.653,50.69,50.727,50.759,50.797,50.834,50.875,50.911,50.937,50.97,50.999,51.025,51.051,51.083,51.111,51.14,51.166,51.194,51.216,51.24,51.267,51.294,51.316,51.346,51.372,51.397,51.421,51.446,51.473,51.505,51.525,51.547,51.573,51.608,51.631,51.659,51.683,51.717,51.745,51.771,51.792,51.816,51.836,51.851,51.886,51.914,51.941,51.969,51.994,52.023,52.045,52.07,52.091,52.116,52.143,52.171,52.202,52.23,52.259,52.288,52.325,52.349,52.388,52.429,52.463,52.498,52.544,52.577,52.623,52.664,52.71,52.764,52.814,52.85,52.893,52.938,52.996,53.057,53.122,53.195,53.282,53.394,53.516,53.619,53.89,54.646
252,@TPP,48.773,49.46,49.641,49.812,49.934,50.036,50.104,50.204,50.29,50.353,50.412,50.455,50.499,50.559,50.598,50.639,50.678,50.719,50.768,50.8,50.833,50.868,50.899,50.925,50.959,50.99,51.014,51.043,51.074,51.098,51.131,51.16,51.186,51.208,51.233,51.264,51.289,51.314,51.34,51.367,51.403,51.427,51.45,51.473,51.493,51.521,51.549,51.582,51.605,51.629,51.655,51.672,51.692,51.718,51.746,51.77,51.795,51.818,51.85,51.879,51.902,51.935,51.961,51.985,52.01,52.041,52.068,52.111,52.138,52.16,52.184,52.216,52.243,52.284,52.311,52.344,52.377,52.41,52.438,52.468,52.507,52.544,52.59,52.62,52.654,52.696,52.745,52.796,52.84,52.891,52.944,53.02,53.086,53.141,53.209,53.306,53.391,53.503,53.676,53.887,54.53
253,@TPP,48.773,49.46,49.641,49.812,49.934,50.036,50.104,50.204,50.29,50.353,50.412,50.455,50.499,50.559,50.598,50.639,50.678,50.719,50.768,50.8,50.833,50.868,50.899,50.925,50.959,50.99,51.014,51.043,51.074,51.098,51.131,51.16,51.186,51.208,51.233,51.264,51.289,51.314,51.34,51.367,51.403,51.427,51.45,51.473,51.493,51.521,51.549,51.582,51.605,51.629,51.655,51.672,51.692,51.718,51.746,51.77,51.795,51.818,51.85,51.879,51.902,51.935,51.961,51.985,52.01,52.041,52.068,52.111,52.138,52.16,52.184,52.216,52.243,52.284,52.311,52.344,52.377,52.41,52.438,52.468,52.507,52.544,52.59,52.62,52.654,52.696,52.745,52.796,52.84,52.891,52.944,53.02,53.086,53.141,53.209,53.306,53.391,53.503,53.676,53.887,54.53
254,@TPP,48.8,49.411,49.68,49.851,49.978,50.07,50.19,50.269,50.338,50.386,50.439,50.489,50.531,50.569,50.602,50.638,50.678,50.714,50.761,50.792,50.83,50.867,50.908,50.932,50.959,50.992,51.014,51.045,51.074,51.114,51.137,51.162,51.197,51.227,51.249,51.282,51.307,51.339,51.365,51.388,51.411,51.438,51.463,51.492,51.517,51.544,51.568,51.591,51.611,51.633,51.664,51.689,51.713,51.739,51.761,51.79,51.816,51.843,51.865,51.892,51.921,51.937,51.959,51.989,52.01,52.032,52.067,52.096,52.126,52.158,52.186,52.222,52.255,52.281,52.309,52.337,52.366,52.397,52.43,52.464,52.5,52.538,52.568,52.604,52.647,52.687,52.726,52.771,52.823,52.878,52.936,52.994,53.073,53.13,53.207,53.288,53.381,53.508,53.687,53.875,54.38
255,@TPP,48.8,49.411,49.68,49.851,49.978,50.07,50.19,50.269,50.338,50.386,50.439,50.489,50.531,50.569,50.602,50.638,50.678,50.714,50.761,50.792,50.83,50.867,50.908,50.932,50.959,50.992,51.014,51.045,51.074,51.114,51.137,51.162,51.197,51.227,51.249,51.282,51.307,51.339,51.365,51.388,51.411,51.438,51.463,51.492,51.517,51.544,51.568,51.591,51.611,51.633,51.664,51.689,51.713,51.739,51.761,51.79,51.816,51.843,51.865,51.892,51.921,51.937,51.959,51.989,52.01,52.032,52.067,52.096,52.126,52.158,52.186,52.222,52.255,52.281,52.309,52.337,52.366,52.397,52.43,52.464,52.5,52.538,52.568,52.604,52.647,52.687,52.726,52.771,52.823,52.878,52.936,52.994,53.073,53.13,53.207,53.288,53.381,53.508,53.687,53.875,54.38
256,@TPP,48.5,49.387,49.609,49.829,49.955,50.061,50.132,50.227,50.311,50.365,50.427,50.479,50.518,50.574,50.628,50.673,50.703,50.74,50.778,50.808,50.838,50.871,50.897,50.923,50.956,50.997,51.029,51.056,51.089,51.119,51.151,51.179,51.203,51.23,51.255,51.275,51.301,51.33,51.358,51.39,51.419,51.433,51.457,51.486,51.511,51.534,51.563,51.585,51.609,51.632,51.657,51.682,51.71,51.731,51.756,51.782,51.803,51.829,51.855,51.879,51.902,51.926,51.959,51.983,52.008,52.036,52.061,52.087,52.113,52.141,52.168,52.205,52.236,52.27,52.301,52.329,52.361,52.398,52.43,52.467,52.502,52.531,52.57,52.607,52.653,52.695,52.74,52.788,52.833,52.879,52.927,52.973,53.028,53.084,53.17,53.269,53.362,53.455,53.659,53.941,54.389
257,@TPP,48.5,49.387,49.609,49.829,49.955,50.061,50.132,50.227,50.311,50.365,50.427,50.479,50.518,50.574,50.628,50.673,50.703,50.74,50.778,50.808,50.838,50.871,50.897,50.923,50.956,50.997,51.029,51.056,51.089,51.119,51.151,51.179,51.203,51.23,51.255,51.275,51.301,51.33,51.358,51.39,51.419,51.433,51.457,51.486,51.511,51.534,51.563,51.585,51.609,51.632,51.657,51.682,51.71,51.731,51.756,51.782,51.803,51.829,51.855,51.879,51.902,51.926,51.959,51.983,52.008,52.036,52.061,52.087,52.113,52.141,52.168,52.205,52.236,52.27,52.301,52.329,52.361,52.398,52.43,52.467,52.502,52.531,52.57,52.607,52.653,52.695,52.74,52.788,52.833,52.879,52.927,52.973,53.028,53.084,53.17,53.269,53.362,53.455,53.659,53.941,54.389
258,@TPP,48.461,49.464,49.678,49.841,49.968,50.12,50.2,50.279,50.351,50.392,50.458,50.502,50.546,50.585,50.624,50.669,50.716,50.749,50.794,50.829,50.859,50.898,50.93,50.96,50.988,51.013,51.042,51.082,51.108,51.139,51.162,51.187,51.213,51.237,51.26,51.289,51.327,51.349,51.371,51.4,51.423,51.451,51.476,51.5,51.53,51.555,51.58,51.608,51.64,51.659,51.682,51.714,51.737,51.756,51.782,51.81,51.83,51.851,51.871,51.891,51.914,51.944,51.962,51.984,52.011,52.033,52.064,52.094,52.122,52.154,52.183,52.209,52.232,52.262,52.305,52.334,52.354,52.388,52.425,52.461,52.491,52.525,52.554,52.589,52.628,52.677,52.703,52.741,52.796,52.85,52.916,52.973,53.042,53.11,53.181,53.287,53.383,53.486,53.668,53.864,54.345
259,@TPP,48.461,49.464,49.678,49.841,49.968,50.12,50.2,50.279,50.351,50.392,50.458,50.502,50.546,50.585,50.624,50.669,50.716,50.749,50.794,50.829,50.859,50.898,50.93,50.96,50.988,51.013,51.042,51.082,51.108,51.139,51.162,51.187,51.213,51.237,51.26,51.289,51.327,51.349,51.371,51.4,51.423,51.451,51.476,51.5,51.53,51.555,51.58,51.608,51.64,51.659,51.682,51.714,51.737,51.756,51.782,51.81,51.83,51.851,51.871,51.891,51.914,51.944,51.962,51.984,52.011,52.033,52.064,52.094,52.122,52.154,52.183,52.209,52.232,52.262,52.305,52.334,52.354,52.388,52.425,52.461,52.491,52.525,52.554,52.589,52.628,52.677,52.703,52.741,52.796,52.85,52.916,52.973,53.042,53.11,53.181,53.287,53.383,53.486,53.668,53.864,54.345
260,@TPP,48.607,49.431,49.727,49.87,49.983,50.11,50.191,50.262,50.331,50.397,50.465,50.5,50.546,50.582,50.625,50.667,50.706,50.748,50.784,50.822,50.862,50.9,50.933,50.959,50.989,51.018,51.052,51.089,51.115,51.142,51.178,51.21,51.237,51.256,51.284,51.311,51.338,51.362,51.389,51.418,51.452,51.473,51.503,51.532,51.554,51.576,51.596,51.619,51.643,51.66,51.685,51.711,51.737,51.762,51.78,51.811,51.84,51.861,51.881,51.904,51.924,51.949,51.971,51.993,52.02,52.044,52.069,52.092,52.119,52.138,52.168,52.199,52.229,52.264,52.288,52.332,52.358,52.397,52.428,52.463,52.493,52.534,52.566,52.598,52.631,52.671,52.715,52.764,52.81,52.86,52.902,52.955,53.023,53.1,53.188,53.27,53.381,53.509,53.667,53.894,54.585
261,@TPP,48.607,49.431,49.727,49.87,49.983,50.11,50.191,50.262,50.331,50.397,50.465,50.5,50.546,50.582,50.625,50.667,50.706,50.748,50.784,50.822,50.862,50.9,50.933,50.959,50.989,51.018,51.052,51.089,51.115,51.142,51.178,51.21,51.237,51.256,51.284,51.311,51.338,51.362,51.389,51.418,51.452,51.473,51.503,51.532,51.554,51.576,51.596,51.619,51.643,51.66,51.685,51.711,51.737,51.762,51.78,51.811,51.84,51.861,51.881,51.904,51.924,51.949,51.971,51.993,52.02,52.044,52.069,52.092,52.119,52.138,52.168,52.199,52.229,52.264,52.288,52.332,52.358,52.397,52.428,52.463,52.493,52.534,52.566,52.598,52.631,52.671,52.715,52.764,52.81,52.86,52.902,52.955,53.023,53.1,53.188,53.27,53.381,53.509,53.667,53.894,54.585
262,@TPP,48.452,49.485,49.784,49.916,50.028,50.154,50.229,50.314,50.375,50.438,50.491,50.561,50.6,50.638,50.682,50.714,50.755,50.791,50.82,50.85,50.894,50.927,50.961,50.994,51.03,51.056,51.083,51.118,51.147,51.173,51.21,51.241,51.269,51.297,51.322,51.349,51.37,51.394,51.42,51.447,51.475,51.496,51.52,51.54,51.564,51.584,51.615,51.639,51.667,51.693,51.713,51.734,51.761,51.787,51.809,51.829,51.854,51.875,51.901,51.924,51.945,51.967,51.993,52.012,52.04,52.071,52.089,52.113,52.135,52.16,52.185,52.214,52.239,52.263,52.284,52.307,52.334,52.369,52.394,52.425,52.468,52.501,52.532,52.57,52.607,52.643,52.687,52.732,52.772,52.82,52.87,52.921,52.988,53.057,53.127,53.2,53.284,53.416,53.582,53.837,54.609
263,@TPP,48.452,49.485,49.784,49.916,50.028,50.154,50.229,50.314,50.375,50.438,50.491,50.561,50.6,50.638,50.682,50.714,50.755,50.791,50.82,50.85,50.894,50.927,50.961,50.994,51.03,51.056,51.083,51.118,51.147,51.173,51.21,51.241,51.269,51.297,51.322,51.349,51.37,51.394,51.42,51.447,51.475,51.496,51.52,51.54,51.564,51.584,51.615,51.639,51.667,51.693,51.713,51.734,51.761,51.787,51.809,51.829,51.854,51.875,51.901,51.924,51.945,51.967,51.993,52.012,52.04,52.071,52.089,52.113,52.135,52.16,52.185,52.214,52.239,52.263,52.284,52.307,52.334,52.369,52.394,52.425,52.468,52.501,52.532,52.57,52.607,52.643,52.687,52.732,52.772,52.82,52.87,52.921,52.988,53.057,53.127,53.2,53.284,53.416,53.582,53.837,54.609
264,@TPP,48.708,49.549,49.781,49.958,50.115,50.226,50.308,50.38,50.453,50.497,50.529,50.579,50.616,50.658,50.705,50.753,50.789,50.818,50.845,50.876,50.91,50.939,50.972,51.012,51.042,51.066,51.095,51.12,51.149,51.173,51.198,51.237,51.262,51.285,51.322,51.348,51.369,51.393,51.418,51.448,51.475,51.493,51.51,51.532,51.558,51.585,51.615,51.642,51.667,51.687,51.709,51.733,51.761,51.783,51.805,51.824,51.855,51.873,51.892,51.918,51.939,51.96,51.986,52.006,52.021,52.041,52.076,52.099,52.126,52.151,52.177,52.205,52.228,52.248,52.278,52.31,52.343,52.38,52.411,52.436,52.458,52.48,52.511,52.552,52.592,52.638,52.682,52.717,52.755,52.799,52.859,52.92,52.985,53.049,53.113,53.208,53.295,53.372,53.497,53.767,54.453
265,@TPP,48.708,49.549,49.781,49.958,50.115,50.226,50.308,50.38,50.453,50.497,50.529,50.579,50.616,50.658,50.705,50.753,50.789,50.818,50.845,50.876,50.91,50.939,50.972,51.012,51.042,51.066,51.095,51.12,51.149,51.173,51.198,51.237,51.262,51.285,51.322,51.348,51.369,51.393,51.418,51.448,51.475,51.493,51.51,51.532,51.558,51.585,51.615,51.642,51.667,51.687,51.709,51.733,51.761,51.783,51.805,51.824,51.855,51.873,51.892,51.918,51.939,51.96,51.986,52.006,52.021,52.041,52.076,52.099,52.126,52.151,52.177,52.205,52.228,52.248,52.278,52.31,52.343,52.38,52.411,52.436,52.458,52.48,52.511,52.552,52.592,52.638,52.682,52.717,52.755,52.799,52.859,52.92,52.985,53.049,53.113,53.208,53.295,53.372,53.497,53.767,54.453
266,@TPP,48.831,49.596,49.874,50.04,50.178,50.251,50.318,50.387,50.442,50.509,50.559,50.606,50.644,50.69,50.735,50.78,50.81,50.847,50.893,50.924,50.952,50.977,51.011,51.036,51.061,51.098,51.131,51.158,51.183,51.21,51.234,51.262,51.284,51.311,51.333,51.358,51.383,51.411,51.444,51.467,51.494,51.518,51.537,51.556,51.579,51.599,51.617,51.64,51.66,51.677,51.704,51.725,51.748,51.772,51.791,51.815,51.842,51.861,51.891,51.91,51.934,51.957,51.977,52.0,52.028,52.045,52.068,52.092,52.122,52.141,52.166,52.195,52.22,52.242,52.267,52.296,52.322,52.347,52.378,52.412,52.433,52.463,52.499,52.533,52.575,52.603,52.644,52.692,52.735,52.789,52.839,52.887,52.946,53.004,53.069,53.137,53.204,53.333,53.486,53.738,54.569
267,@TPP,48.831,49.596,49.874,50.04,50.178,50.251,50.318,50.387,50.442,50.509,50.559,50.606,50.644,50.69,50.735,50.78,50.81,50.847,50.893,50.924,50.952,50.977,51.011,51.036,51.061,51.098,51.131,51.158,51.183,51.21,51.234,51.262,51.284,51.311,51.333,51.358,51.383,51.411,51.444,51.467,51.494,51.518,51.537,51.556,51.579,51.599,51.617,51.64,51.66,51.677,51.704,51.725,51.748,51.772,51.791,51.815,51.842,51.861,51.891,51.91,51.934,51.957,51.977,52.0,52.028,52.045,52.068,52.092,52.122,52.141,52.166,52.195,52.22,52.242,52.267,52.296,52.322,52.347,52.378,52.412,52.433,52.463,52.499,52.533,52.575,52.603,52.644,52.692,52.735,52.789,52.839,52.887,52.946,53.004,53.069,53.137,53.204,53.333,53.486,53.738,54.569
268,@TPP,48.99,49.72,49.98,50.14,50.252,50.336,50.411,50.455,50.514,50.577,50.625,50.675,50.712,50.754,50.787,50.822,50.855,50.882,50.924,50.954,50.992,51.028,51.045,51.081,51.102,51.126,51.152,51.171,51.202,51.23,51.264,51.289,51.312,51.336,51.367,51.39,51.412,51.438,51.466,51.49,51.511,51.536,51.565,51.585,51.6,51.617,51.637,51.663,51.684,51.705,51.725,51.743,51.764,51.792,51.809,51.833,51.856,51.879,51.907,51.93,51.952,51.974,51.999,52.023,52.048,52.069,52.096,52.114,52.135,52.154,52.18,52.2,52.228,52.252,52.274,52.299,52.319,52.345,52.373,52.397,52.424,52.45,52.476,52.507,52.542,52.575,52.6,52.65,52.692,52.728,52.779,52.823,52.875,52.934,53.0,53.063,53.126,53.241,53.399,53.628,54.328
269,@TPP,48.99,49.72,49.98,50.14,50.252,50.336,50.411,50.455,50.514,50.577,50.625,50.675,50.712,50.754,50.787,50.822,50.855,50.882,50.924,50.954,50.992,51.028,51.045,51.081,51.102,51.126,51.152,51.171,51.202,51.23,51.264,51.289,51.312,51.336,51.367,51.39,51.412,51.438,51.466,51.49,51.511,51.536,51.565,51.585,51.6,51.617,51.637,51.663,51.684,51.705,51.725,51.743,51.764,51.792,51.809,51.833,51.856,51.879,51.907,51.93,51.952,51.974,51.999,52.023,52.048,52.069,52.096,52.114,52.135,52.154,52.18,52.2,52.228,52.252,52.274,52.299,52.319,52.345,52.373,52.397,52.424,52.45,52.476,52.507,52.542,52.575,52.6,52.65,52.692,52.728,52.779,52.823,52.875,52.934,53.0,53.063,53.126,53.241,53.399,53.628,54.328
270,@TPP,49.249,49.783,50.051,50.193,50.306,50.377,50.425,50.505,50.564,50.614,50.688,50.729,50.768,50.801,50.833,50.866,50.899,50.936,50.967,50.995,51.027,51.053,51.086,51.11,51.137,51.164,51.205,51.222,51.254,51.276,51.299,51.326,51.345,51.372,51.395,51.413,51.441,51.461,51.481,51.498,51.519,51.541,51.56,51.578,51.59,51.614,51.636,51.66,51.682,51.705,51.729,51.751,51.769,51.791,51.809,51.829,51.849,51.87,51.884,51.906,51.929,51.951,51.976,51.996,52.012,52.04,52.062,52.086,52.104,52.132,52.152,52.175,52.204,52.226,52.257,52.284,52.308,52.326,52.349,52.371,52.394,52.434,52.454,52.49,52.524,52.56,52.593,52.638,52.669,52.71,52.747,52.797,52.853,52.91,52.969,53.008,53.079,53.167,53.298,53.494,54.002
271,@TPP,49.249,49.783,50.051,50.193,50.306,50.377,50.425,50.505,50.564,50.614,50.688,50.729,50.768,50.801,50.833,50.866,50.899,50.936,50.967,50.995,51.027,51.053,51.086,51.11,51.137,51.164,51.205,51.222,51.254,51.276,51.299,51.326,51.345,51.372,51.395,51.413,51.441,51.461,51.481,51.498,51.519,51.541,51.56,51.578,51.59,51.614,51.636,51.66,51.682,51.705,51.729,51.751,51.769,51.791,51.809,51.829,51.849,51.87,51.884,51.906,51.929,51.951,51.976,51.996,52.012,52.04,52.062,52.086,52.104,52.132,52.152,52.175,52.204,52.226,52.257,52.284,52.308,52.326,52.349,52.371,52.394,52.434,52.454,52.49,52.524,52.56,52.593,52.638,52.669,52.71,52.747,52.797,52.853,52.91,52.969,53.008,53.079,53.167,53.298,53.494,54.002
272,@TPP,49.427,49.99,50.194,50.345,50.433,50.507,50.565,50.617,50.659,50.701,50.736,50.77,50.808,50.849,50.881,50.914,50.94,50.976,51.015,51.045,51.075,51.101,51.129,51.164,51.184,51.209,51.227,51.255,51.286,51.308,51.331,51.353,51.377,51.404,51.423,51.447,51.463,51.488,51.504,51.519,51.536,51.558,51.58,51.598,51.614,51.632,51.658,51.675,51.69,51.71,51.728,51.749,51.77,51.788,51.801,51.823,51.846,51.866,51.883,51.901,51.917,51.933,51.952,51.976,51.997,52.019,52.039,52.055,52.075,52.097,52.119,52.143,52.164,52.188,52.215,52.236,52.258,52.285,52.31,52.338,52.366,52.392,52.417,52.448,52.481,52.503,52.541,52.58,52.621,52.67,52.713,52.75,52.794,52.846,52.894,52.947,53.017,53.112,53.212,53.392,53.866
273,@TPP,49.427,49.99,50.194,50.345,50.433,50.507,50.565,50.617,50.659,50.701,50.736,50.77,50.808,50.849,50.881,50.914,50.94,50.976,51.015,51.045,51.075,51.101,51.129,51.164,51.184,51.209,51.227,51.255,51.286,51.308,51.331,51.353,51.377,51.404,51.423,51.447,51.463,51.488,51.504,51.519,51.536,51.558,51.58,51.598,51.614,51.632,51.658,51.675,51.69,51.71,51.728,51.749,51.77,51.788,51.801,51.823,51.846,51.866,51.883,51.901,51.917,51.933,51.952,51.976,51.997,52.019,52.039,52.055,52.075,52.097,52.119,52.143,52.164,52.188,52.215,52.236,52.258,52.285,52.31,52.338,52.366,52.392,52.417,52.448,52.481,52.503,52.541,52.58,52.621,52.67,52.713,52.75,52.794,52.846,52.894,52.947,53.017,53.112,53.212,53.392,53.866
274,@TPP,49.249,49.846,50.093,50.24,50.34,50.411,50.464,50.521,50.583,50.626,50.676,50.733,50.771,50.808,50.834,50.863,50.894,50.926,50.96,50.987,51.021,51.048,51.074,51.103,51.133,51.156,51.19,51.22,51.239,51.264,51.283,51.304,51.328,51.355,51.375,51.397,51.414,51.43,51.451,51.469,51.488,51.508,51.526,51.544,51.562,51.581,51.597,51.618,51.636,51.655,51.675,51.695,51.714,51.732,51.755,51.774,51.792,51.811,51.825,51.845,51.864,51.888,51.909,51.93,51.951,51.974,51.99,52.014,52.037,52.061,52.084,52.107,52.132,52.159,52.186,52.211,52.238,52.261,52.279,52.31,52.333,52.358,52.386,52.42,52.448,52.481,52.513,52.549,52.581,52.622,52.655,52.689,52.731,52.776,52.848,52.899,52.986,53.071,53.207,53.406,53.967
275,@TPP,49.249,49.846,50.093,50.24,50.34,50.411,50.464,50.521,50.583,50.626,50.676,50.733,50.771,50.808,50.834,50.863,50.894,50.926,50.96,50.987,51.021,51.048,51.074,51.103,51.133,51.156,51.19,51.22,51.239,51.264,51.283,51.304,51.328,51.355,51.375,51.397,51.414,51.43,51.451,51.469,51.488,51.508,51.526,51.544,51.562,51.581,51.597,51.618,51.636,51.655,51.675,51.695,51.714,51.732,51.755,51.774,51.792,51.811,51.825,51.845,51.864,51.888,51.909,51.93,51.951,51.974,51.99,52.014,52.037,52.061,52.084,52.107,52.132,52.159,52.186,52.211,52.238,52.261,52.279,52.31,52.333,52.358,52.386,52.42,52.448,52.481,52.513,52.549,52.581,52.622,52.655,52.689,52.731,52.776,52.848,52.899,52.986,53.071,53.207,53.406,53.967
276,@TPP,49.194,49.763,49.996,50.136,50.277,50.362,50.424,50.493,50.542,50.588,50.638,50.688,50.722,50.755,50.79,50.821,50.855,50.885,50.918,50.953,50.982,51.004,51.027,51.047,51.079,51.104,51.133,51.159,51.182,51.205,51.232,51.252,51.267,51.289,51.304,51.32,51.345,51.369,51.389,51.41,51.425,51.444,51.462,51.48,51.503,51.522,51.543,51.561,51.581,51.596,51.616,51.644,51.661,51.678,51.692,51.711,51.728,51.743,51.759,51.781,51.803,51.819,51.845,51.867,51.887,51.909,51.929,51.945,51.974,52.001,52.018,52.036,52.057,52.08,52.104,52.136,52.161,52.182,52.204,52.226,52.255,52.294,52.327,52.359,52.392,52.418,52.452,52.487,52.526,52.569,52.605,52.65,52.695,52.746,52.815,52.87,52.939,53.036,53.138,53.366,53.986
277,@TPP,49.194,49.763,49.996,50.136,50.277,50.362,50.424,50.493,50.542,50.588,50.638,50.688,50.722,50.755,50.79,50.821,50.855,50.885,50.918,50.953,50.982,51.004,51.027,51.047,51.079,51.104,51.133,51.159,51.182,51.205,51.232,51.252,51.267,51.289,51.304,51.32,51.345,51.369,51.389,51.41,51.425,51.444,51.462,51.48,51.503,51.522,51.543,51.561,51.581,51.596,51.616,51.644,51.661,51.678,51.692,51.711,51.728,51.743,51.759,51.781,51.803,51.819,51.845,51.867,51.887,51.909,51.929,51.945,51.974,52.001,52.018,52.036,52.057,52.08,52.104,52.136,52.161,52.182,52.204,52.226,52.255,52.294,52.327,52.359,52.392,52.418,52.452,52.487,52.526,52.569,52.605,52.65,52.695,52.746,52.815,52.87,52.939,53.036,53.138,53.366,53.986
278,@TPP,49.135,49.677,49.871,50.01,50.145,50.245,50.322,50.393,50.45,50.498,50.541,50.583,50.626,50.67,50.695,50.738,50.78,50.81,50.844,50.877,50.904,50.928,50.959,50.984,51.009,51.034,51.058,51.082,51.101,51.12,51.14,51.163,51.186,51.207,51.231,51.254,51.284,51.303,51.326,51.348,51.37,51.39,51.414,51.433,51.451,51.471,51.501,51.523,51.541,51.559,51.577,51.594,51.621,51.644,51.666,51.694,51.713,51.731,51.751,51.775,51.79,51.805,51.826,51.849,51.87,51.89,51.914,51.936,51.958,51.976,51.998,52.021,52.05,52.075,52.099,52.126,52.155,52.183,52.204,52.221,52.242,52.278,52.312,52.343,52.374,52.41,52.452,52.484,52.53,52.582,52.627,52.667,52.725,52.764,52.831,52.898,52.974,53.112,53.224,53.428,54.011
279,@TPP,49.135,49.677,49.871,50.01,50.145,50.245,50.322,50.393,50.45,50.498,50.541,50.583,50.626,50.67,50.695,50.738,50.78,50.81,50.844,50.877,50.904,50.928,50.959,50.984,51.009,51.034,51.058,51.082,51.101,51.12,51.14,51.163,51.186,51.207,51.231,51.254,51.284,51.303,51.326,51.348,51.37,51.39,51.414,51.433,51.451,51.471,51.501,51.523,51.541,51.559,51.577,51.594,51.621,51.644,51.666,51.694,51.713,51.731,51.751,51.775,51.79,51.805,51.826,51.849,51.87,51.89,51.914,51.936,51.958,51.976,51.998,52.021,52.05,52.075,52.099,52.126,52.155,52.183,52.204,52.221,52.242,52.278,52.312,52.343,52.374,52.41,52.452,52.484,52.53,52.582,52.627,52.667,52.725,52.764,52.831,52.898,52.974,53.112,53.224,53.428,54.011
280,@TPP,48.957,49.574,49.835,49.993,50.091,50.172,50.249,50.325,50.378,50.429,50.469,50.512,50.55,50.583,50.616,50.657,50.694,50.729,50.764,50.786,50.822,50.854,50.875,50.906,50.938,50.964,50.991,51.027,51.051,51.079,51.103,51.12,51.141,51.158,51.185,51.207,51.232,51.255,51.282,51.301,51.323,51.354,51.379,51.399,51.422,51.442,51.464,51.481,51.499,51.52,51.535,51.556,51.574,51.594,51.616,51.638,51.658,51.682,51.702,51.729,51.752,51.776,51.795,51.815,51.836,51.857,51.882,51.902,51.934,51.961,51.991,52.018,52.039,52.059,52.086,52.113,52.137,52.162,52.185,52.209,52.239,52.27,52.296,52.325,52.359,52.404,52.437,52.477,52.515,52.561,52.616,52.657,52.707,52.759,52.827,52.894,52.957,53.069,53.241,53.472,53.893
281,@TPP,48.957,49.574,49.835,49.993,50.091,50.172,50.249,50.325,50.378,50.429,50.469,50.512,50.55,50.583,50.616,50.657,50.694,50.729,50.764,50.786,50.822,50.854,50.875,50.906,50.938,50.964,50.991,51.027,51.051,51.079,51.103,51.12,51.141,51.158,51.185,51.207,51.232,51.255,51.282,51.301,51.323,51.354,51.379,51.399,51.422,51.442,51.464,51.481,51.499,51.52,51.535,51.556,51.574,51.594,51.616,51.638,51.658,51.682,51.702,51.729,51.752,51.776,51.795,51.815,51.836,51.857,51.882,51.902,51.934,51.961,51.991,52.018,52.039,52.059,52.086,52.113,52.137,52.162,52.185,52.209,52.239,52.27,52.296,52.325,52.359,52.404,52.437,52.477,52.515,52.561,52.616,52.657,52.707,52.759,52.827,52.894,52.957,53.069,53.241,53.472,53.893
282,@TPP,48.695,49.496,49.705,49.85,49.988,50.061,50.141,50.23,50.284,50.334,50.382,50.429,50.473,50.512,50.545,50.584,50.618,50.657,50.694,50.728,50.758,50.793,50.828,50.862,50.888,50.917,50.944,50.972,50.996,51.021,51.046,51.065,51.083,51.11,51.136,51.16,51.184,51.206,51.227,51.248,51.274,51.297,51.314,51.334,51.354,51.382,51.409,51.432,51.451,51.466,51.489,51.504,51.526,51.545,51.574,51.602,51.626,51.653,51.672,51.692,51.714,51.738,51.756,51.78,51.805,51.829,51.851,51.879,51.902,51.93,51.954,51.978,51.998,52.024,52.044,52.066,52.092,52.114,52.138,52.163,52.197,52.228,52.26,52.291,52.337,52.377,52.424,52.472,52.503,52.539,52.594,52.642,52.709,52.761,52.829,52.905,52.988,53.074,53.207,53.539,53.93
283,@TPP,48.695,49.496,49.705,49.85,49.988,50.061,50.141,50.23,50.284,50.334,50.382,50.429,50.473,50.512,50.545,50.584,50.618,50.657,50.694,50.728,50.758,50.793,50.828,50.862,50.888,50.917,50.944,50.972,50.996,51.021,51.046,51.065,51.083,51.11,51.136,51.16,51.184,51.206,51.227,51.248,51.274,51.297,51.314,51.334,51.354,51.382,51.409,51.432,51.451,51.466,51.489,51.504,51.526,51.545,51.574,51.602,51.626,51.653,51.672,51.692,51.714,51.738,51.756,51.78,51.805,51.829,51.851,51.879,51.902,51.93,51.954,51.978,51.998,52.024,52.044,52.066,52.092,52.114,52.138,52.163,52.197,52.228,52.26,52.291,52.337,52.377,52.424,52.472,52.503,52.539,52.594,52.642,52.709,52.761,52.829,52.905,52.988,53.074,53.207,53.539,53.93
284,@TPP,48.923,49.344,49.615,49.776,49.891,49.983,50.081,50.162,50.233,50.281,50.32,50.369,50.4,50.451,50.494,50.534,50.568,50.609,50.636,50.674,50.71,50.755,50.783,50.81,50.833,50.856,50.884,50.909,50.931,50.949,50.976,51.006,51.02,51.039,51.064,51.093,51.11,51.13,51.161,51.187,51.213,51.232,51.271,51.297,51.321,51.341,51.364,51.383,51.407,51.435,51.458,51.482,51.505,51.537,51.556,51.577,51.6,51.626,51.643,51.666,51.687,51.713,51.732,51.754,51.784,51.811,51.835,51.856,51.882,51.909,51.928,51.953,51.978,52.003,52.031,52.057,52.079,52.107,52.137,52.171,52.2,52.225,52.267,52.3,52.329,52.367,52.407,52.445,52.485,52.529,52.58,52.617,52.673,52.735,52.829,52.905,52.986,53.097,53.221,53.407,54.021
285,@TPP,48.923,49.344,49.615,49.776,49.891,49.983,50.081,50.162,50.233,50.281,50.32,50.369,50.4,50.451,50.494,50.534,50.568,50.609,50.636,50.674,50.71,50.755,50.783,50.81,50.833,50.856,50.884,50.909,50.931,50.949,50.976,51.006,51.02,51.039,51.064,51.093,51.11,51.13,51.161,51.187,51.213,51.232,51.271,51.297,51.321,51.341,51.364,51.383,51.407,51.435,51.458,51.482,51.505,51.537,51.556,51.577,51.6,51.626,51.643,51.666,51.687,51.713,51.732,51.754,51.784,51.811,51.835,51.856,51.882,51.909,51.928,51.953,51.978,52.003,52.031,52.057,52.079,52.107,52.137,52.171,52.2,52.225,52.267,52.3,52.329,52.367,52.407,52.445,52.485,52.529,52.58,52.617,52.673,52.735,52.829,52.905,52.986,53.097,53.221,53.407,54.021
286,@TPP,48.781,49.344,49.562,49.684,49.82,49.9,49.991,50.06,50.126,50.18,50.228,50.274,50.326,50.379,50.418,50.458,50.492,50.527,50.553,50.593,50.619,50.663,50.694,50.727,50.762,50.801,50.833,50.861,50.884,50.908,50.934,50.958,50.984,51.006,51.031,51.062,51.092,51.111,51.136,51.157,51.172,51.197,51.216,51.24,51.269,51.293,51.32,51.345,51.367,51.394,51.416,51.445,51.465,51.486,51.508,51.531,51.554,51.579,51.609,51.632,51.652,51.678,51.703,51.728,51.752,51.775,51.796,51.821,51.843,51.88,51.906,51.924,51.944,51.969,52.0,52.027,52.059,52.085,52.118,52.147,52.184,52.231,52.26,52.293,52.326,52.359,52.409,52.45,52.493,52.525,52.58,52.631,52.685,52.739,52.798,52.871,52.954,53.038,53.169,53.421,54.007
287,@TPP,48.781,49.344,49.562,49.684,49.82,49.9,49.991,50.06,50.126,50.18,50.228,50.274,50.326,50.379,50.418,50.458,50.492,50.527,50.553,50.593,50.619,50.663,50.694,50.727,50.762,50.801,50.833,50.861,50.884,50.908,50.934,50.958,50.984,51.006,51.031,51.062,51.092,51.111,51.136,51.157,51.172,51.197,51.216,51.24,51.269,51.293,51.32,51.345,51.367,51.394,51.416,51.445,51.465,51.486,51.508,51.531,51.554,51.579,51.609,51.632,51.652,51.678,51.703,51.728,51.752,51.775,51.796,51.821,51.843,51.88,51.906,51.924,51.944,51.969,52.0,52.027,52.059,52.085,52.118,52.147,52.184,52.231,52.26,52.293,52.326,52.359,52.409,52.45,52.493,52.525,52.58,52.631,52.685,52.739,52.798,52.871,52.954,53.038,53.169,53.421,54.007
288,@TPP,48.859,49.298,49.541,49.642,49.751,49.852,49.944,50.004,50.076,50.127,50.189,50.243,50.287,50.336,50.375,50.424,50.454,50.492,50.532,50.56,50.594,50.629,50.663,50.698,50.727,50.763,50.79,50.816,50.842,50.864,50.894,50.92,50.952,50.978,51.008,51.029,51.056,51.073,51.1,51.123,51.145,51.172,51.199,51.222,51.24,51.258,51.285,51.31,51.335,51.359,51.382,51.407,51.43,51.455,51.477,51.502,51.523,51.544,51.563,51.584,51.622,51.641,51.664,51.688,51.707,51.732,51.756,51.78,51.804,51.831,51.862,51.889,51.917,51.942,51.97,52.006,52.029,52.057,52.085,52.112,52.145,52.187,52.219,52.267,52.301,52.343,52.379,52.411,52.45,52.494,52.541,52.584,52.643,52.692,52.756,52.837,52.927,53.033,53.172,53.441,53.946
289,@TPP,48.859,49.298,49.541,49.642,49.751,49.852,49.944,50.004,50.076,50.127,50.189,50.243,50.287,50.336,50.375,50.424,50.454,50.492,50.532,50.56,50.594,50.629,50.663,50.698,50.727,50.763,50.79,50.816,50.842,50.864,50.894,50.92,50.952,50.978,51.008,51.029,51.056,51.073,51.1,51.123,51.145,51.172,51.199,51.222,51.24,51.258,51.285,51.31,51.335,51.359,51.382,51.407,51.43,51.455,51.477,51.502,51.523,51.544,51.563,51.584,51.622,51.641,51.664,51.688,51.707,51.732,51.756,51.78,51.804,51.831,51.862,51.889,51.917,51.942,51.97,52.006,52.029,52.057,52.085,52.112,52.145,52.187,52.219,52.267,52.301,52.343,52.379,52.411,52.45,52.494,52.541,52.584,52.643,52.692,52.756,52.837,52.927,53.033,53.172,53.441,53.946
290,@TPP,48.679,49.252,49.43,49.63,49.736,49.838,49.931,49.987,50.03,50.083,50.145,50.198,50.244,50.29,50.338,50.39,50.428,50.473,50.507,50.54,50.576,50.611,50.651,50.674,50.707,50.726,50.757,50.782,50.809,50.841,50.869,50.893,50.925,50.949,50.975,51.001,51.03,51.052,51.072,51.091,51.115,51.142,51.167,51.192,51.215,51.233,51.25,51.275,51.3,51.321,51.347,51.369,51.384,51.408,51.423,51.446,51.473,51.497,51.517,51.539,51.559,51.589,51.612,51.636,51.663,51.689,51.712,51.745,51.769,51.794,51.816,51.843,51.864,51.891,51.918,51.95,51.977,52.013,52.044,52.077,52.11,52.14,52.167,52.204,52.236,52.269,52.315,52.351,52.391,52.456,52.497,52.537,52.596,52.645,52.734,52.815,52.895,53.001,53.151,53.43,53.893
291,@TPP,48.679,49.252,49.43,49.63,49.736,49.838,49.931,49.987,50.03,50.083,50.145,50.198,50.244,50.29,50.338,50.39,50.428,50.473,50.507,50.54,50.576,50.611,50.651,50.674,50.707,50.726,50.757,50.782,50.809,50.841,50.869,50.893,50.925,50.949,50.975,51.001,51.03,51.052,51.072,51.091,51.115,51.142,51.167,51.192,51.215,51.233,51.25,51.275,51.3,51.321,51.347,51.369,51.384,51.408,51.423,51.446,51.473,51.497,51.517,51.539,51.559,51.589,51.612,51.636,51.663,51.689,51.712,51.745,51.769,51.794,51.816,51.843,51.864,51.891,51.918,51.95,51.977,52.013,52.044,52.077,52.11,52.14,52.167,52.204,52.236,52.269,52.315,52.351,52.391,52.456,52.497,52.537,52.596,52.645,52.734,52.815,52.895,53.001,53.151,53.43,53.893
292,@TPP,48.62,49.244,49.41,49.581,49.717,49.817,49.898,49.955,50.018,50.082,50.137,50.193,50.247,50.275,50.314,50.361,50.404,50.439,50.472,50.506,50.538,50.566,50.592,50.622,50.65,50.681,50.716,50.739,50.77,50.801,50.829,50.859,50.882,50.908,50.935,50.959,50.985,51.014,51.04,51.061,51.077,51.098,51.121,51.149,51.175,51.196,51.215,51.244,51.265,51.29,51.311,51.341,51.368,51.395,51.416,51.438,51.458,51.478,51.499,51.514,51.533,51.56,51.58,51.6,51.628,51.651,51.676,51.698,51.717,51.738,51.766,51.785,51.818,51.844,51.874,51.901,51.926,51.958,51.986,52.012,52.043,52.076,52.112,52.147,52.188,52.218,52.252,52.297,52.338,52.39,52.448,52.507,52.569,52.636,52.699,52.755,52.829,52.956,53.121,53.313,54.005
293,@TPP,48.62,49.244,49.41,49.581,49.717,49.817,49.898,49.955,50.018,50.082,50.137,50.193,50.247,50.275,50.314,50.361,50.404,50.439,50.472,50.506,50.538,50.566,50.592,50.622,50.65,50.681,50.716,50.739,50.77,50.801,50.829,50.859,50.882,50.908,50.935,50.959,50.985,51.014,51.04,51.061,51.077,51.098,51.121,51.149,51.175,51.196,51.215,51.244,51.265,51.29,51.311,51.341,51.368,51.395,51.416,51.438,51.458,51.478,51.499,51.514,51.533,51.56,51.58,51.6,51.628,51.651,51.676,51.698,51.717,51.738,51.766,51.785,51.818,51.844,51.874,51.901,51.926,51.958,51.986,52.012,52.043,52.076,52.112,52.147,52.188,52.218,52.252,52.297,52.338,52.39,52.448,52.507,52.569,52.636,52.699,52.755,52.829,52.956,53.121,53.313,54.005
294,@TPP,48.613,49.049,49.34,49.468,49.58,49.662,49.761,49.833,49.894,49.957,50.01,50.062,50.11,50.144,50.195,50.24,50.275,50.321,50.359,50.383,50.411,50.44,50.476,50.514,50.548,50.587,50.62,50.655,50.684,50.71,50.749,50.772,50.796,50.819,50.847,50.864,50.892,50.916,50.943,50.958,50.982,51.003,51.031,51.057,51.077,51.102,51.128,51.151,51.173,51.201,51.224,51.245,51.272,51.297,51.319,51.347,51.367,51.391,51.42,51.438,51.461,51.477,51.494,51.522,51.542,51.567,51.582,51.608,51.636,51.659,51.684,51.71,51.731,51.754,51.783,51.807,51.836,51.87,51.898,51.932,51.964,51.992,52.032,52.052,52.083,52.125,52.17,52.215,52.257,52.306,52.363,52.429,52.488,52.563,52.636,52.72,52.805,52.903,53.033,53.262,53.917
295,@TPP,48.613,49.049,49.34,49.468,49.58,49.662,49.761,49.833,49.894,49.957,50.01,50.062,50.11,50.144,50.195,50.24,50.275,50.321,50.359,50.383,50.411,50.44,50.476,50.514,50.548,50.587,50.62,50.655,50.684,50.71,50.749,50.772,50.796,50.819,50.847,50.864,50.892,50.916,50.943,50.958,50.982,51.003,51.031,51.057,51.077,51.102,51.128,51.151,51.173,51.201,51.224,51.245,51.272,51.297,51.319,51.347,51.367,51.391,51.42,51.438,51.461,51.477,51.494,51.522,51.542,51.567,51.582,51.608,51.636,51.659,51.684,51.71,51.731,51.754,51.783,51.807,51.836,51.87,51.898,51.932,51.964,51.992,52.032,52.052,52.083,52.125,52.17,52.215,52.257,52.306,52.363,52.429,52.488,52.563,52.636,52.72,52.805,52.903,53.033,53.262,53.917
296,@TPP,48.388,48.901,49.184,49.343,49.465,49.549,49.637,49.706,49.771,49.828,49.891,49.951,49.996,50.041,50.094,50.147,50.18,50.217,50.255,50.293,50.334,50.37,50.394,50.429,50.464,50.488,50.516,50.547,50.579,50.618,50.654,50.68,50.704,50.729,50.757,50.787,50.812,50.829,50.853,50.874,50.888,50.919,50.94,50.961,50.983,51.001,51.027,51.061,51.086,51.105,51.13,51.147,51.164,51.184,51.204,51.225,51.244,51.276,51.296,51.317,51.343,51.363,51.38,51.401,51.422,51.446,51.476,51.501,51.527,51.554,51.584,51.605,51.64,51.667,51.695,51.718,51.747,51.78,51.812,51.841,51.877,51.904,51.945,51.976,52.006,52.038,52.084,52.126,52.168,52.219,52.262,52.31,52.373,52.44,52.525,52.624,52.727,52.824,52.988,53.156,53.863
297,@TPP,48.388,48.901,49.184,49.343,49.465,49.549,49.637,49.706,49.771,49.828,49.891,49.951,49.996,50.041,50.094,50.147,50.18,50.217,50.255,50.293,50.334,50.37,50.394,50.429,50.464,50.488,50.516,50.547,50.579,50.618,50.654,50.68,50.704,50.729,50.757,50.787,50.812,50.829,50.853,50.874,50.888,50.919,50.94,50.961,50.983,51.001,51.027,51.061,51.086,51.105,51.13,51.147,51.164,51.184,51.204,51.225,51.244,51.276,51.296,51.317,51.343,51.363,51.38,51.401,51.422,51.446,51.476,51.501,51.527,51.554,51.584,51.605,51.64,51.667,51.695,51.718,51.747,51.78,51.812,51.841,51.877,51.904,51.945,51.976,52.006,52.038,52.084,52.126,52.168,52.219,52.262,52.31,52.373,52.44,52.525,52.624,52.727,52.824,52.988,53.156,53.863
298,@TPP,48.214,48.821,49.089,49.224,49.357,49.463,49.531,49.615,49.69,49.749,49.806,49.87,49.916,49.96,50.006,50.039,50.078,50.119,50.162,50.189,50.222,50.257,50.298,50.326,50.362,50.396,50.428,50.457,50.491,50.518,50.55,50.575,50.596,50.62,50.647,50.676,50.699,50.719,50.74,50.769,50.791,50.817,50.841,50.858,50.88,50.91,50.941,50.958,50.981,51.004,51.036,51.059,51.082,51.118,51.137,51.157,51.18,51.206,51.221,51.237,51.265,51.286,51.309,51.326,51.345,51.365,51.385,51.409,51.434,51.462,51.494,51.517,51.545,51.573,51.592,51.626,51.667,51.684,51.719,51.748,51.774,51.801,51.833,51.882,51.926,51.963,52.003,52.062,52.114,52.15,52.196,52.248,52.323,52.381,52.464,52.55,52.649,52.737,52.843,53.134,53.648
299,@TPP,48.214,48.821,49.089,49.224,49.357,49.463,49.531,49.615,49.69,49.749,49.806,49.87,49.916,49.96,50.006,50.039,50.078,50.119,50.162,50.189,50.222,50.257,50.298,50.326,50.362,50.396,50.428,50.457,50.491,50.518,50.55,50.575,50.596,50.62,50.647,50.676,50.699,50.719,50.74,50.769,50.791,50.817,50.841,50.858,50.88,50.91,50.941,50.958,50.981,51.004,51.036,51.059,51.082,51.118,51.137,51.157,51.18,51.206,51.221,51.237,51.265,51.286,51.309,51.326,51.345,51.365,51.385,51.409,51.434,51.462,51.494,51.517,51.545,51.573,51.592,51.626,51.667,51.684,51.719,51.748,51.774,51.801,51.833,51.882,51.926,51.963,52.003,52.062,52.114,52.15,52.196,52.248,52.323,52.381,52.464,52.55,52.649,52.737,52.843,53.134,53.648
300,@TPP,48.24,48.749,48.975,49.149,49.254,49.387,49.474,49.54,49.604,49.662,49.729,49.77,49.829,49.877,49.915,49.961,49.999,50.036,50.079,50.109,50.133,50.166,50.195,50.228,50.264,50.295,50.322,50.35,50.378,50.415,50.452,50.481,50.508,50.531,50.561,50.587,50.607,50.63,50.651,50.68,50.701,50.731,50.749,50.766,50.785,50.808,50.832,50.853,50.873,50.898,50.924,50.946,50.968,50.992,51.01,51.036,51.059,51.08,51.098,51.124,51.139,51.166,51.186,51.211,51.235,51.261,51.279,51.304,51.329,51.352,51.382,51.406,51.445,51.471,51.493,51.525,51.555,51.578,51.613,51.647,51.691,51.721,51.762,51.797,51.829,51.874,51.909,51.957,52.009,52.064,52.121,52.17,52.221,52.284,52.352,52.418,52.525,52.653,52.784,53.079,53.615
301,@TPP,48.24,48.749,48.975,49.149,49.254,49.387,49.474,49.54,49.604,49.662,49.729,49.77,49.829,49.877,49.915,49.961,49.999,50.036,50.079,50.109,50.133,50.166,50.195,50.228,50.264,50.295,50.322,50.35,50.378,50.415,50.452,50.481,50.508,50.531,50.561,50.587,50.607,50.63,50.651,50.68,50.701,50.731,50.749,50.766,50.785,50.808,50.832,50.853,50.873,50.898,50.924,50.946,50.968,50.992,51.01,51.036,51.059,51.08,51.098,51.124,51.139,51.166,51.186,51.211,51.235,51.261,51.279,51.304,51.329,51.352,51.382,51.406,51.445,51.471,51.493,51.525,51.555,51.578,51.613,51.647,51.691,51.721,51.762,51.797,51.829,51.874,51.909,51.957,52.009,52.064,52.121,52.17,52.221,52.284,52.352,52.418,52.525,52.653,52.784,53.079,53.615
302,@TPP,48.033,48.585,48.844,49.016,49.159,49.276,49.344,49.425,49.491,49.561,49.62,49.676,49.726,49.767,49.809,49.851,49.887,49.931,49.976,50.003,50.052,50.095,50.12,50.153,50.178,50.212,50.24,50.277,50.308,50.331,50.356,50.387,50.406,50.431,50.451,50.466,50.492,50.511,50.537,50.566,50.588,50.609,50.635,50.664,50.682,50.707,50.731,50.751,50.782,50.81,50.836,50.858,50.885,50.906,50.925,50.944,50.969,50.992,51.012,51.032,51.054,51.077,51.098,51.121,51.147,51.177,51.197,51.225,51.246,51.265,51.292,51.318,51.352,51.386,51.415,51.45,51.476,51.501,51.53,51.557,51.588,51.618,51.65,51.685,51.721,51.762,51.808,51.857,51.901,51.958,52.009,52.064,52.107,52.157,52.239,52.323,52.413,52.531,52.702,52.931,53.621
303,@TPP,48.033,48.585,48.844,49.016,49.159,49.276,49.344,49.425,49.491,49.561,49.62,49.676,49.726,49.767,49.809,49.851,49.887,49.931,49.976,50.003,50.052,50.095,50.12,50.153,50.178,50.212,50.24,50.277,50.308,50.331,50.356,50.387,50.406,50.431,50.451,50.466,50.492,50.511,50.537,50.566,50.588,50.609,50.635,50.664,50.682,50.707,50.731,50.751,50.782,50.81,50.836,50.858,50.885,50.906,50.925,50.944,50.969,50.992,51.012,51.032,51.054,51.077,51.098,51.121,51.147,51.177,51.197,51.225,51.246,51.265,51.292,51.318,51.352,51.386,51.415,51.45,51.476,51.501,51.53,51.557,51.588,51.618,51.65,51.685,51.721,51.762,51.808,51.857,51.901,51.958,52.009,52.064,52.107,52.157,52.239,52.323,52.413,52.531,52.702,52.931,53.621
304,@TPP,47.861,48.554,48.809,48.992,49.097,49.228,49.339,49.42,49.498,49.569,49.621,49.676,49.727,49.778,49.808,49.848,49.899,49.942,49.978,50.011,50.05,50.079,50.115,50.141,50.18,50.217,50.249,50.272,50.304,50.331,50.354,50.382,50.408,50.439,50.469,50.489,50.515,50.533,50.559,50.582,50.613,50.648,50.675,50.703,50.724,50.75,50.772,50.804,50.821,50.843,50.875,50.895,50.918,50.937,50.953,50.977,50.995,51.017,51.044,51.064,51.09,51.115,51.138,51.162,51.184,51.213,51.241,51.27,51.294,51.318,51.344,51.375,51.396,51.419,51.443,51.473,51.509,51.546,51.581,51.615,51.64,51.687,51.725,51.758,51.795,51.833,51.87,51.912,51.955,51.997,52.038,52.092,52.138,52.21,52.276,52.381,52.503,52.64,52.774,53.022,53.739
305,@TPP,47.861,48.554,48.809,48.992,49.097,49.228,49.339,49.42,49.498,49.569,49.621,49.676,49.727,49.778,49.808,49.848,49.899,49.942,49.978,50.011,50.05,50.079,50.115,50.141,50.18,50.217,50.249,50.272,50.304,50.331,50.354,50.382,50.408,50.439,50.469,50.489,50.515,50.533,50.559,50.582,50.613,50.648,50.675,50.703,50.724,50.75,50.772,50.804,50.821,50.843,50.875,50.895,50.918,50.937,50.953,50.977,50.995,51.017,51.044,51.064,51.09,51.115,51.138,51.162,51.184,51.213,51.241,51.27,51.294,51.318,51.344,51.375,51.396,51.419,51.443,51.473,51.509,51.546,51.581,51.615,51.64,51.687,51.725,51.758,51.795,51.833,51.87,51.912,51.955,51.997,52.038,52.092,52.138,52.21,52.276,52.381,52.503,52.64,52.774,53.022,53.739
306,@TPP,47.826,48.557,48.811,48.944,49.082,49.231,49.321,49.409,49.474,49.536,49.606,49.649,49.702,49.746,49.786,49.833,49.871,49.913,49.969,50.014,50.061,50.097,50.131,50.155,50.191,50.216,50.248,50.286,50.314,50.345,50.374,50.399,50.426,50.459,50.49,50.515,50.539,50.571,50.599,50.629,50.648,50.668,50.688,50.713,50.74,50.764,50.793,50.819,50.843,50.869,50.887,50.91,50.931,50.96,50.981,51.007,51.031,51.054,51.074,51.103,51.131,51.156,51.177,51.201,51.227,51.26,51.283,51.306,51.321,51.357,51.381,51.412,51.44,51.475,51.503,51.532,51.566,51.597,51.624,51.654,51.692,51.72,51.761,51.805,51.849,51.884,51.933,51.981,52.03,52.092,52.142,52.199,52.254,52.305,52.369,52.451,52.539,52.684,52.936,53.158,53.977
307,@TPP,47.826,48.557,48.811,48.944,49.082,49.231,49.321,49.409,49.474,49.536,49.606,49.649,49.702,49.746,49.786,49.833,49.871,49.913,49.969,50.014,50.061,50.097,50.131,50.155,50.191,50.216,50.248,50.286,50.314,50.345,50.374,50.399,50.426,50.459,50.49,50.515,50.539,50.571,50.599,50.629,50.648,50.668,50.688,50.713,50.74,50.764,50.793,50.819,50.843,50.869,50.887,50.91,50.931,50.96,50.981,51.007,51.031,51.054,51.074,51.103,51.131,51.156,51.177,51.201,51.227,51.26,51.283,51.306,51.321,51.357,51.381,51.412,51.44,51.475,51.503,51.532,51.566,51.597,51.624,51.654,51.692,51.72,51.761,51.805,51.849,51.884,51.933,51.981,52.03,52.092,52.142,52.199,52.254,52.305,52.369,52.451,52.539,52.684,52.936,53.158,53.977
308,@TPP,47.605,48.457,48.79,48.955,49.084,49.218,49.312,49.409,49.486,49.563,49.612,49.652,49.725,49.767,49.811,49.85,49.882,49.926,49.963,50.013,50.043,50.087,50.118,50.142,50.178,50.225,50.259,50.283,50.319,50.349,50.384,50.407,50.439,50.464,50.486,50.523,50.547,50.573,50.602,50.623,50.652,50.682,50.71,50.738,50.764,50.792,50.815,50.839,50.863,50.892,50.913,50.939,50.958,50.988,51.006,51.029,51.049,51.08,51.117,51.141,51.162,51.195,51.22,51.247,51.267,51.297,51.326,51.357,51.389,51.411,51.439,51.476,51.5,51.528,51.558,51.588,51.613,51.64,51.672,51.701,51.747,51.787,51.826,51.864,51.9,51.933,51.982,52.03,52.075,52.129,52.179,52.236,52.302,52.357,52.43,52.528,52.654,52.788,52.936,53.207,54.004
309,@TPP,47.605,48.457,48.79,48.955,49.084,49.218,49.312,49.409,49.486,49.563,49.612,49.652,49.725,49.767,49.811,49.85,49.882,49.926,49.963,50.013,50.043,50.087,50.118,50.142,50.178,50.225,50.259,50.283,50.319,50.349,50.384,50.407,50.439,50.464,50.486,50.523,50.547,50.573,50.602,50.623,50.652,50.682,50.71,50.738,50.764,50.792,50.815,50.839,50.863,50.892,50.913,50.939,50.958,50.988,51.006,51.029,51.049,51.08,51.117,51.141,51.162,51.195,51.22,51.247,51.267,51.297,51.326,51.357,51.389,51.411,51.439,51.476,51.5,51.528,51.558,51.588,51.613,51.64,51.672,51.701,51.747,51.787,51.826,51.864,51.9,51.933,51.982,52.03,52.075,52.129,52.179,52.236,52.302,52.357,52.43,52.528,52.654,52.788,52.936,53.207,54.004
310,@TPP,47.501,48.395,48.712,48.896,49.045,49.192,49.29,49.38,49.459,49.549,49.608,49.672,49.726,49.785,49.828,49.872,49.92,49.964,50.001,50.027,50.069,50.107,50.146,50.186,50.211,50.238,50.271,50.306,50.337,50.365,50.389,50.412,50.442,50.471,50.509,50.54,50.568,50.599,50.633,50.658,50.688,50.711,50.744,50.768,50.796,50.824,50.845,50.864,50.885,50.91,50.936,50.972,50.992,51.019,51.045,51.072,51.1,51.126,51.153,51.18,51.202,51.228,51.257,51.285,51.308,51.334,51.362,51.389,51.413,51.441,51.471,51.504,51.536,51.567,51.598,51.626,51.656,51.685,51.715,51.75,51.772,51.815,51.856,51.9,51.943,51.981,52.025,52.056,52.1,52.153,52.219,52.282,52.353,52.427,52.498,52.59,52.706,52.821,53.029,53.324,54.021
311,@TPP,47.501,48.395,48.712,48.896,49.045,49.192,49.29,49.38,49.459,49.549,49.608,49.672,49.726,49.785,49.828,49.872,49.92,49.964,50.001,50.027,50.069,50.107,50.146,50.186,50.211,50.238,50.271,50.306,50.337,50.365,50.389,50.412,50.442,50.471,50.509,50.54,50.568,50.599,50.633,50.658,50.688,50.711,50.744,50.768,50.796,50.824,50.845,50.864,50.885,50.91,50.936,50.972,50.992,51.019,51.045,51.072,51.1,51.126,51.153,51.18,51.202,51.228,51.257,51.285,51.308,51.334,51.362,51.389,51.413,51.441,51.471,51.504,51.536,51.567,51.598,51.626,51.656,51.685,51.715,51.75,51.772,51.815,51.856,51.9,51.943,51.981,52.025,52.056,52.1,52.153,52.219,52.282,52.353,52.427,52.498,52.59,52.706,52.821,53.029,53.324,54.021
312,@TPP,47.525,48.418,48.743,48.941,49.074,49.196,49.306,49.391,49.466,49.553,49.626,49.677,49.723,49.77,49.827,49.873,49.921,49.987,50.023,50.059,50.089,50.126,50.162,50.191,50.235,50.267,50.308,50.33,50.359,50.394,50.428,50.453,50.482,50.513,50.539,50.562,50.593,50.622,50.644,50.683,50.709,50.73,50.756,50.777,50.808,50.83,50.856,50.878,50.901,50.93,50.958,50.989,51.022,51.047,51.075,51.103,51.132,51.152,51.177,51.197,51.224,51.259,51.285,51.31,51.335,51.354,51.382,51.406,51.443,51.475,51.5,51.524,51.554,51.576,51.612,51.643,51.675,51.707,51.736,51.765,51.799,51.83,51.871,51.918,51.956,51.998,52.049,52.101,52.15,52.209,52.274,52.329,52.4,52.486,52.573,52.677,52.791,52.892,53.064,53.314,54.125
313,@TPP,47.525,48.418,48.743,48.941,49.074,49.196,49.306,49.391,49.466,49.553,49.626,49.677,49.723,49.77,49.827,49.873,49.921,49.987,50.023,50.059,50.089,50.126,50.162,50.191,50.235,50.267,50.308,50.33,50.359,50.394,50.428,50.453,50.482,50.513,50.539,50.562,50.593,50.622,50.644,50.683,50.709,50.73,50.756,50.777,50.808,50.83,50.856,50.878,50.901,50.93,50.958,50.989,51.022,51.047,51.075,51.103,51.132,51.152,51.177,51.197,51.224,51.259,51.285,51.31,51.335,51.354,51.382,51.406,51.443,51.475,51.5,51.524,51.554,51.576,51.612,51.643,51.675,51.707,51.736,51.765,51.799,51.83,51.871,51.918,51.956,51.998,52.049,52.101,52.15,52.209,52.274,52.329,52.4,52.486,52.573,52.677,52.791,52.892,53.064,53.314,54.125
314,@TPP,47.619,48.446,48.768,48.987,49.131,49.238,49.345,49.442,49.506,49.566,49.634,49.705,49.747,49.798,49.853,49.891,49.934,49.982,50.025,50.076,50.119,50.152,50.185,50.223,50.249,50.282,50.316,50.346,50.379,50.407,50.441,50.47,50.502,50.529,50.556,50.582,50.612,50.642,50.679,50.705,50.729,50.761,50.788,50.815,50.844,50.869,50.9,50.925,50.947,50.975,51.001,51.024,51.051,51.075,51.103,51.126,51.153,51.182,51.206,51.231,51.252,51.281,51.306,51.336,51.362,51.39,51.417,51.443,51.473,51.503,51.523,51.551,51.578,51.608,51.636,51.669,51.697,51.731,51.768,51.806,51.849,51.899,51.936,51.975,52.017,52.055,52.099,52.148,52.209,52.256,52.319,52.381,52.456,52.525,52.599,52.704,52.812,52.923,53.106,53.391,54.127
315,@TPP,47.619,48.446,48.768,48.987,49.131,49.238,49.345,49.442,49.506,49.566,49.634,49.705,49.747,49.798,49.853,49.891,49.934,49.982,50.025,50.076,50.119,50.152,50.185,50.223,50.249,50.282,50.316,50.346,50.379,50.407,50.441,50.47,50.502,50.529,50.556,50.582,50.612,50.642,50.679,50.705,50.729,50.761,50.788,50.815,50.844,50.869,50.9,50.925,50.947,50.975,51.001,51.024,51.051,51.075,51.103,51.126,51.153,51.182,51.206,51.231,51.252,51.281,51.306,51.336,51.362,51.39,51.417,51.443,51.473,51.503,51.523,51.551,51.578,51.608,51.636,51.669,51.697,51.731,51.768,51.806,51.849,51.899,51.936,51.975,52.017,52.055,52.099,52.148,52.209,52.256,52.319,52.381,52.456,52.525,52.599,52.704,52.812,52.923,53.106,53.391,54.127
316,@TPP,47.678,48.489,48.78,48.977,49.12,49.244,49.341,49.433,49.517,49.577,49.65,49.706,49.775,49.825,49.88,49.923,49.966,50.008,50.045,50.086,50.128,50.16,50.209,50.251,50.284,50.313,50.342,50.376,50.402,50.432,50.459,50.49,50.522,50.56,50.59,50.617,50.647,50.669,50.693,50.714,50.754,50.78,50.799,50.822,50.844,50.88,50.908,50.937,50.962,50.994,51.017,51.05,51.073,51.109,51.141,51.167,51.191,51.217,51.239,51.262,51.284,51.308,51.336,51.374,51.397,51.423,51.451,51.481,51.506,51.528,51.556,51.581,51.611,51.639,51.672,51.702,51.735,51.768,51.815,51.843,51.891,51.929,51.96,51.993,52.041,52.086,52.146,52.189,52.235,52.285,52.343,52.402,52.468,52.536,52.639,52.724,52.824,52.945,53.139,53.42,54.177
317,@TPP,47.678,48.489,48.78,48.977,49.12,49.244,49.341,49.433,49.517,49.577,49.65,49.706,49.775,49.825,49.88,49.923,49.966,50.008,50.045,50.086,50.128,50.16,50.209,50.251,50.284,50.313,50.342,50.376,50.402,50.432,50.459,50.49,50.522,50.56,50.59,50.617,50.647,50.669,50.693,50.714,50.754,50.78,50.799,50.822,50.844,50.88,50.908,50.937,50.962,50.994,51.017,51.05,51.073,51.109,51.141,51.167,51.191,51.217,51.239,51.262,51.284,51.308,51.336,51.374,51.397,51.423,51.451,51.481,51.506,51.528,51.556,51.581,51.611,51.639,51.672,51.702,51.735,51.768,51.815,51.843,51.891,51.929,51.96,51.993,52.041,52.086,52.146,52.189,52.235,52.285,52.343,52.402,52.468,52.536,52.639,52.724,52.824,52.945,53.139,53.42,54.177
318,@TPP,47.536,48.52,48.835,49.011,49.17,49.284,49.344,49.409,49.501,49.597,49.67,49.725,49.782,49.831,49.876,49.911,49.959,50.003,50.049,50.089,50.128,50.161,50.2,50.237,50.268,50.302,50.338,50.372,50.408,50.448,50.487,50.514,50.544,50.571,50.604,50.636,50.667,50.698,50.722,50.756,50.781,50.81,50.831,50.853,50.879,50.904,50.937,50.96,50.981,51.006,51.035,51.072,51.101,51.131,51.162,51.187,51.225,51.251,51.278,51.307,51.336,51.366,51.393,51.429,51.46,51.483,51.509,51.539,51.562,51.585,51.62,51.648,51.676,51.702,51.736,51.77,51.807,51.839,51.878,51.926,51.963,52.004,52.044,52.08,52.121,52.164,52.208,52.241,52.284,52.334,52.401,52.458,52.512,52.587,52.67,52.77,52.857,52.996,53.158,53.453,54.12
319,@TPP,47.536,48.52,48.835,49.011,49.17,49.284,49.344,49.409,49.501,49.597,49.67,49.725,49.782,49.831,49.876,49.911,49.959,50.003,50.049,50.089,50.128,50.161,50.2,50.237,50.268,50.302,50.338,50.372,50.408,50.448,50.487,50.514,50.544,50.571,50.604,50.636,50.667,50.698,50.722,50.756,50.781,50.81,50.831,50.853,50.879,50.904,50.937,50.96,50.981,51.006,51.035,51.072,51.101,51.131,51.162,51.187,51.225,51.251,51.278,51.307,51.336,51.366,51.393,51.429,51.46,51.483,51.509,51.539,51.562,51.585,51.62,51.648,51.676,51.702,51.736,51.77,51.807,51.839,51.878,51.926,51.963,52.004,52.044,52.08,52.121,52.164,52.208,52.241,52.284,52.334,52.401,52.458,52.512,52.587,52.67,52.77,52.857,52.996,53.158,53.453,54.12
320,@TPP,47.863,48.488,48.835,49.031,49.173,49.285,49.359,49.448,49.522,49.608,49.676,49.729,49.798,49.848,49.903,49.948,49.999,50.042,50.078,50.123,50.165,50.195,50.229,50.263,50.298,50.329,50.359,50.386,50.429,50.457,50.497,50.53,50.561,50.591,50.62,50.658,50.689,50.717,50.75,50.787,50.821,50.845,50.87,50.894,50.927,50.948,50.971,51.007,51.033,51.052,51.078,51.097,51.13,51.158,51.187,51.211,51.234,51.264,51.29,51.318,51.342,51.376,51.408,51.44,51.469,51.494,51.527,51.568,51.594,51.634,51.655,51.69,51.722,51.751,51.778,51.803,51.835,51.868,51.911,51.949,51.992,52.029,52.058,52.098,52.142,52.185,52.226,52.279,52.319,52.377,52.421,52.495,52.56,52.623,52.697,52.797,52.908,53.055,53.256,53.496,54.076
321,@TPP,47.863,48.488,48.835,49.031,49.173,49.285,49.359,49.448,49.522,49.608,49.676,49.729,49.798,49.848,49.903,49.948,49.999,50.042,50.078,50.123,50.165,50.195,50.229,50.263,50.298,50.329,50.359,50.386,50.429,50.457,50.497,50.53,50.561,50.591,50.62,50.658,50.689,50.717,50.75,50.787,50.821,50.845,50.87,50.894,50.927,50.948,50.971,51.007,51.033,51.052,51.078,51.097,51.13,51.158,51.187,51.211,51.234,51.264,51.29,51.318,51.342,51.376,51.408,51.44,51.469,51.494,51.527,51.568,51.594,51.634,51.655,51.69,51.722,51.751,51.778,51.803,51.835,51.868,51.911,51.949,51.992,52.029,52.058,52.098,52.142,52.185,52.226,52.279,52.319,52.377,52.421,52.495,52.56,52.623,52.697,52.797,52.908,53.055,53.256,53.496,54.076
322,@TPP,47.765,48.575,48.88,49.07,49.214,49.33,49.407,49.486,49.562,49.643,49.7,49.759,49.82,49.882,49.92,49.969,50.011,50.05,50.091,50.127,50.164,50.209,50.252,50.298,50.341,50.376,50.419,50.453,50.483,50.507,50.538,50.576,50.601,50.636,50.654,50.688,50.713,50.735,50.765,50.786,50.814,50.846,50.875,50.9,50.927,50.949,50.979,51.013,51.044,51.071,51.1,51.124,51.15,51.186,51.206,51.239,51.274,51.298,51.318,51.341,51.369,51.409,51.438,51.467,51.495,51.527,51.554,51.588,51.615,51.652,51.683,51.714,51.735,51.783,51.808,51.836,51.865,51.898,51.931,51.962,51.99,52.04,52.072,52.109,52.158,52.204,52.249,52.294,52.358,52.423,52.496,52.566,52.613,52.694,52.761,52.856,52.959,53.073,53.25,53.471,54.229
323,@TPP,47.765,48.575,48.88,49.07,49.214,49.33,49.407,49.486,49.562,49.643,49.7,49.759,49.82,49.882,49.92,49.969,50.011,50.05,50.091,50.127,50.164,50.209,50.252,50.298,50.341,50.376,50.419,50.453,50.483,50.507,50.538,50.576,50.601,50.636,50.654,50.688,50.713,50.735,50.765,50.786,50.814,50.846,50.875,50.9,50.927,50.949,50.979,51.013,51.044,51.071,51.1,51.124,51.15,51.186,51.206,51.239,51.274,51.298,51.318,51.341,51.369,51.409,51.438,51.467,51.495,51.527,51.554,51.588,51.615,51.652,51.683,51.714,51.735,51.783,51.808,51.836,51.865,51.898,51.931,51.962,51.99,52.04,52.072,52.109,52.158,52.204,52.249,52.294,52.358,52.423,52.496,52.566,52.613,52.694,52.761,52.856,52.959,53.073,53.25,53.471,54.229
324,@TPP,47.762,48.597,48.96,49.16,49.302,49.376,49.459,49.561,49.622,49.678,49.755,49.823,49.877,49.957,49.998,50.037,50.068,50.105,50.144,50.178,50.224,50.258,50.287,50.319,50.357,50.386,50.418,50.452,50.485,50.518,50.561,50.593,50.625,50.658,50.686,50.714,50.746,50.779,50.81,50.841,50.871,50.896,50.918,50.944,50.977,51.007,51.041,51.067,51.09,51.112,51.136,51.159,51.193,51.217,51.244,51.279,51.303,51.332,51.358,51.385,51.407,51.427,51.452,51.473,51.501,51.532,51.562,51.595,51.623,51.657,51.689,51.719,51.75,51.795,51.835,51.865,51.896,51.937,51.964,52.0,52.042,52.072,52.119,52.157,52.201,52.244,52.286,52.336,52.38,52.429,52.486,52.553,52.628,52.703,52.781,52.862,52.992,53.124,53.316,53.584,54.188
325,@TPP,47.762,48.597,48.96,49.16,49.302,49.376,49.459,49.561,49.622,49.678,49.755,49.823,49.877,49.957,49.998,50.037,50.068,50.105,50.144,50.178,50.224,50.258,50.287,50.319,50.357,50.386,50.418,50.452,50.485,50.518,50.561,50.593,50.625,50.658,50.686,50.714,50.746,50.779,50.81,50.841,50.871,50.896,50.918,50.944,50.977,51.007,51.041,51.067,51.09,51.112,51.136,51.159,51.193,51.217,51.244,51.279,51.303,51.332,51.358,51.385,51.407,51.427,51.452,51.473,51.501,51.532,51.562,51.595,51.623,51.657,51.689,51.719,51.75,51.795,51.835,51.865,51.896,51.937,51.964,52.0,52.042,52.072,52.119,52.157,52.201,52.244,52.286,52.336,52.38,52.429,52.486,52.553,52.628,52.703,52.781,52.862,52.992,53.124,53.316,53.584,54.188
326,@TPP,47.917,48.703,48.961,49.196,49.332,49.432,49.523,49.609,49.677,49.761,49.82,49.864,49.915,49.971,50.017,50.066,50.112,50.156,50.194,50.239,50.276,50.308,50.334,50.377,50.411,50.431,50.471,50.51,50.528,50.564,50.596,50.62,50.654,50.691,50.718,50.748,50.781,50.811,50.844,50.873,50.901,50.924,50.952,50.982,51.01,51.036,51.07,51.09,51.113,51.134,51.163,51.189,51.224,51.242,51.272,51.302,51.323,51.352,51.386,51.41,51.435,51.46,51.491,51.513,51.542,51.571,51.596,51.622,51.645,51.676,51.706,51.74,51.776,51.798,51.831,51.863,51.895,51.929,51.961,51.997,52.029,52.07,52.111,52.162,52.197,52.237,52.295,52.33,52.366,52.438,52.485,52.559,52.628,52.712,52.787,52.874,52.98,53.081,53.281,53.527,54.144
327,@TPP,47.917,48.703,48.961,49.196,49.332,49.432,49.523,49.609,49.677,49.761,49.82,49.864,49.915,49.971,50.017,50.066,50.112,50.156,50.194,50.239,50.276,50.308,50.334,50.377,50.411,50.431,50.471,50.51,50.528,50.564,50.596,50.62,50.654,50.691,50.718,50.748,50.781,50.811,50.844,50.873,50.901,50.924,50.952,50.982,51.01,51.036,51.07,51.09,51.113,51.134,51.163,51.189,51.224,51.242,51.272,51.302,51.323,51.352,51.386,51.41,51.435,51.46,51.491,51.513,51.542,51.571,51.596,51.622,51.645,51.676,51.706,51.74,51.776,51.798,51.831,51.863,51.895,51.929,51.961,51.997,52.029,52.07,52.111,52.162,52.197,52.237,52.295,52.33,52.366,52.438,52.485,52.559,52.628,52.712,52.787,52.874,52.98,53.081,53.281,53.527,54.144
328,@TPP,48.14,48.817,49.086,49.227,49.397,49.51,49.59,49.67,49.747,49.826,49.873,49.921,49.971,50.026,50.07,50.101,50.146,50.19,50.227,50.26,50.292,50.327,50.362,50.393,50.43,50.471,50.503,50.539,50.569,50.6,50.633,50.663,50.695,50.723,50.755,50.789,50.814,50.843,50.875,50.905,50.93,50.953,50.98,51.004,51.023,51.048,51.076,51.108,51.126,51.161,51.189,51.214,51.251,51.278,51.303,51.333,51.358,51.379,51.399,51.428,51.453,51.483,51.511,51.541,51.566,51.588,51.611,51.634,51.658,51.691,51.721,51.756,51.784,51.812,51.839,51.866,51.907,51.943,51.985,52.022,52.059,52.093,52.134,52.173,52.221,52.26,52.294,52.341,52.403,52.461,52.51,52.562,52.622,52.699,52.784,52.882,53.003,53.13,53.229,53.497,54.166
329,@TPP,48.14,48.817,49.086,49.227,49.397,49.51,49.59,49.67,49.747,49.826,49.873,49.921,49.971,50.026,50.07,50.101,50.146,50.19,50.227,50.26,50.292,50.327,50.362,50.393,50.43,50.471,50.503,50.539,50.569,50.6,50.633,50.663,50.695,50.723,50.755,50.789,50.814,50.843,50.875,50.905,50.93,50.953,50.98,51.004,51.023,51.048,51.076,51.108,51.126,51.161,51.189,51.214,51.251,51.278,51.303,51.333,51.358,51.379,51.399,51.428,51.453,51.483,51.511,51.541,51.566,51.588,51.611,51.634,51.658,51.691,51.721,51.756,51.784,51.812,51.839,51.866,51.907,51.943,51.985,52.022,52.059,52.093,52.134,52.173,52.221,52.26,52.294,52.341,52.403,52.461,52.51,52.562,52.622,52.699,52.784,52.882,53.003,53.13,53.229,53.497,54.166
330,@TPP,48.094,48.838,49.137,49.301,49.44,49.586,49.661,49.754,49.826,49.901,49.952,49.995,50.045,50.095,50.126,50.182,50.229,50.263,50.303,50.33,50.365,50.396,50.43,50.465,50.498,50.531,50.566,50.597,50.627,50.66,50.696,50.727,50.748,50.773,50.794,50.813,50.835,50.864,50.893,50.922,50.946,50.971,50.988,51.01,51.036,51.07,51.091,51.115,51.152,51.184,51.214,51.24,51.268,51.295,51.323,51.352,51.381,51.404,51.43,51.457,51.481,51.513,51.539,51.567,51.588,51.614,51.643,51.666,51.693,51.721,51.752,51.782,51.807,51.83,51.866,51.896,51.925,51.965,51.995,52.018,52.05,52.082,52.123,52.163,52.196,52.232,52.274,52.314,52.359,52.42,52.471,52.525,52.592,52.67,52.775,52.869,52.984,53.141,53.274,53.523,54.215
331,@TPP,48.094,48.838,49.137,49.301,49.44,49.586,49.661,49.754,49.826,49.901,49.952,49.995,50.045,50.095,50.126,50.182,50.229,50.263,50.303,50.33,50.365,50.396,50.43,50.465,50.498,50.531,50.566,50.597,50.627,50.66,50.696,50.727,50.748,50.773,50.794,50.813,50.835,50.864,50.893,50.922,50.946,50.971,50.988,51.01,51.036,51.07,51.091,51.115,51.152,51.184,51.214,51.24,51.268,51.295,51.323,51.352,51.381,51.404,51.43,51.457,51.481,51.513,51.539,51.567,51.588,51.614,51.643,51.666,51.693,51.721,51.752,51.782,51.807,51.83,51.866,51.896,51.925,51.965,51.995,52.018,52.05,52.082,52.123,52.163,52.196,52.232,52.274,52.314,52.359,52.42,52.471,52.525,52.592,52.67,52.775,52.869,52.984,53.141,53.274,53.523,54.215
332,@TPP,48.02,48.924,49.229,49.392,49.53,49.65,49.734,49.802,49.854,49.906,49.963,50.01,50.062,50.119,50.161,50.19,50.232,50.285,50.336,50.375,50.412,50.445,50.478,50.51,50.544,50.572,50.603,50.632,50.665,50.698,50.727,50.756,50.787,50.811,50.833,50.864,50.89,50.916,50.939,50.972,51.006,51.036,51.066,51.089,51.118,51.136,51.163,51.187,51.212,51.239,51.266,51.294,51.315,51.34,51.361,51.378,51.394,51.418,51.457,51.479,51.5,51.517,51.541,51.563,51.591,51.617,51.645,51.668,51.699,51.729,51.756,51.781,51.81,51.841,51.862,51.881,51.914,51.943,51.987,52.016,52.043,52.071,52.117,52.154,52.199,52.234,52.279,52.326,52.372,52.429,52.486,52.545,52.599,52.665,52.756,52.836,52.948,53.098,53.227,53.49,54.093
333,@TPP,48.02,48.924,49.229,49.392,49.53,49.65,49.734,49.802,49.854,49.906,49.963,50.01,50.062,50.119,50.161,50.19,50.232,50.285,50.336,50.375,50.412,50.445,50.478,50.51,50.544,50.572,50.603,50.632,50.665,50.698,50.727,50.756,50.787,50.811,50.833,50.864,50.89,50.916,50.939,50.972,51.006,51.036,51.066,51.089,51.118,51.136,51.163,51.187,51.212,51.239,51.266,51.294,51.315,51.34,51.361,51.378,51.394,51.418,51.457,51.479,51.5,51.517,51.541,51.563,51.591,51.617,51.645,51.668,51.699,51.729,51.756,51.781,51.81,51.841,51.862,51.881,51.914,51.943,51.987,52.016,52.043,52.071,52.117,52.154,52.199,52.234,52.279,52.326,52.372,52.429,52.486,52.545,52.599,52.665,52.756,52.836,52.948,53.098,53.227,53.49,54.093
334,@TPP,48.185,49.018,49.315,49.504,49.602,49.724,49.796,49.867,49.938,49.999,50.059,50.106,50.145,50.189,50.227,50.277,50.314,50.354,50.394,50.423,50.464,50.5,50.534,50.574,50.61,50.639,50.672,50.699,50.721,50.746,50.783,50.802,50.831,50.855,50.886,50.908,50.933,50.956,50.979,51.009,51.031,51.052,51.084,51.111,51.142,51.163,51.19,51.212,51.237,51.261,51.283,51.309,51.331,51.35,51.371,51.394,51.422,51.446,51.471,51.492,51.518,51.546,51.57,51.597,51.631,51.646,51.669,51.691,51.722,51.75,51.77,51.795,51.819,51.847,51.87,51.892,51.931,51.968,52.005,52.04,52.073,52.102,52.137,52.175,52.207,52.254,52.288,52.345,52.391,52.444,52.492,52.545,52.602,52.674,52.751,52.824,52.893,53.023,53.171,53.486,54.106
335,@TPP,48.185,49.018,49.315,49.504,49.602,49.724,49.796,49.867,49.938,49.999,50.059,50.106,50.145,50.189,50.227,50.277,50.314,50.354,50.394,50.423,50.464,50.5,50.534,50.574,50.61,50.639,50.672,50.699,50.721,50.746,50.783,50.802,50.831,50.855,50.886,50.908,50.933,50.956,50.979,51.009,51.031,51.052,51.084,51.111,51.142,51.163,51.19,51.212,51.237,51.261,51.283,51.309,51.331,51.35,51.371,51.394,51.422,51.446,51.471,51.492,51.518,51.546,51.57,51.597,51.631,51.646,51.669,51.691,51.722,51.75,51.77,51.795,51.819,51.847,51.87,51.892,51.931,51.968,52.005,52.04,52.073,52.102,52.137,52.175,52.207,52.254,52.288,52.345,52.391,52.444,52.492,52.545,52.602,52.674,52.751,52.824,52.893,53.023,53.171,53.486,54.106
336,@TPP,48.083,48.991,49.296,49.436,49.549,49.638,49.75,49.827,49.89,49.944,49.997,50.059,50.125,50.171,50.223,50.263,50.305,50.34,50.376,50.409,50.449,50.485,50.509,50.541,50.568,50.596,50.62,50.643,50.674,50.71,50.739,50.767,50.79,50.818,50.85,50.881,50.906,50.933,50.952,50.979,51.003,51.029,51.058,51.081,51.106,51.128,51.148,51.168,51.198,51.219,51.244,51.268,51.291,51.322,51.342,51.366,51.386,51.406,51.428,51.452,51.475,51.505,51.525,51.548,51.577,51.596,51.618,51.651,51.681,51.706,51.727,51.763,51.788,51.813,51.848,51.873,51.908,51.939,51.977,52.011,52.049,52.097,52.139,52.178,52.221,52.258,52.306,52.348,52.39,52.434,52.476,52.518,52.57,52.623,52.694,52.758,52.866,53.001,53.162,53.425,54.128
337,@TPP,48.083,48.991,49.296,49.436,49.549,49.638,49.75,49.827,49.89,49.944,49.997,50.059,50.125,50.171,50.223,50.263,50.305,50.34,50.376,50.409,50.449,50.485,50.509,50.541,50.568,50.596,50.62,50.643,50.674,50.71,50.739,50.767,50.79,50.818,50.85,50.881,50.906,50.933,50.952,50.979,51.003,51.029,51.058,51.081,51.106,51.128,51.148,51.168,51.198,51.219,51.244,51.268,51.291,51.322,51.342,51.366,51.386,51.406,51.428,51.452,51.475,51.505,51.525,51.548,51.577,51.596,51.618,51.651,51.681,51.706,51.727,51.763,51.788,51.813,51.848,51.873,51.908,51.939,51.977,52.011,52.049,52.097,52.139,52.178,52.221,52.258,52.306,52.348,52.39,52.434,52.476,52.518,52.57,52.623,52.694,52.758,52.866,53.001,53.162,53.425,54.128
338,@TPP,48.13,48.982,49.243,49.403,49.509,49.6,49.711,49.784,49.864,49.933,49.976,50.027,50.067,50.124,50.162,50.209,50.256,50.294,50.326,50.353,50.382,50.422,50.46,50.488,50.517,50.549,50.593,50.626,50.649,50.676,50.705,50.728,50.754,50.78,50.819,50.838,50.862,50.885,50.916,50.94,50.965,50.991,51.012,51.032,51.058,51.091,51.109,51.13,51.153,51.176,51.198,51.219,51.245,51.27,51.294,51.323,51.348,51.372,51.398,51.422,51.446,51.471,51.498,51.522,51.545,51.574,51.596,51.623,51.654,51.682,51.703,51.729,51.749,51.78,51.806,51.843,51.868,51.901,51.927,51.962,52.004,52.045,52.086,52.132,52.168,52.214,52.261,52.306,52.362,52.406,52.458,52.514,52.558,52.604,52.67,52.76,52.863,53.0,53.166,53.407,53.914
339,@TPP,48.13,48.982,49.243,49.403,49.509,49.6,49.711,49.784,49.864,49.933,49.976,50.027,50.067,50.124,50.162,50.209,50.256,50.294,50.326,50.353,50.382,50.422,50.46,50.488,50.517,50.549,50.593,50.626,50.649,50.676,50.705,50.728,50.754,50.78,50.819,50.838,50.862,50.885,50.916,50.94,50.965,50.991,51.012,51.032,51.058,51.091,51.109,51.13,51.153,51.176,51.198,51.219,51.245,51.27,51.294,51.323,51.348,51.372,51.398,51.422,51.446,51.471,51.498,51.522,51.545,51.574,51.596,51.623,51.654,51.682,51.703,51.729,51.749,51.78,51.806,51.843,51.868,51.901,51.927,51.962,52.004,52.045,52.086,52.132,52.168,52.214,52.261,52.306,52.362,52.406,52.458,52.514,52.558,52.604,52.67,52.76,52.863,53.0,53.166,53.407,53.914
340,@TPP,47.989,48.848,49.2,49.4,49.524,49.616,49.686,49.743,49.8,49.856,49.919,49.988,50.044,50.084,50.136,50.181,50.229,50.264,50.304,50.336,50.372,50.402,50.44,50.463,50.489,50.524,50.553,50.579,50.608,50.64,50.663,50.684,50.712,50.742,50.766,50.795,50.815,50.843,50.871,50.904,50.93,50.952,50.973,51.002,51.033,51.057,51.081,51.108,51.133,51.157,51.19,51.207,51.227,51.249,51.277,51.297,51.315,51.342,51.363,51.386,51.405,51.431,51.457,51.482,51.508,51.535,51.565,51.596,51.618,51.648,51.672,51.696,51.73,51.76,51.782,51.812,51.846,51.881,51.915,51.953,51.986,52.015,52.051,52.085,52.131,52.176,52.216,52.265,52.31,52.349,52.403,52.452,52.509,52.571,52.657,52.727,52.836,52.953,53.134,53.367,54.069
341,@TPP,47.989,48.848,49.2,49.4,49.524,49.616,49.686,49.743,49.8,49.856,49.919,49.988,50.044,50.084,50.136,50.181,50.229,50.264,50.304,50.336,50.372,50.402,50.44,50.463,50.489,50.524,50.553,50.579,50.608,50.64,50.663,50.684,50.712,50.742,50.766,50.795,50.815,50.843,50.871,50.904,50.93,50.952,50.973,51.002,51.033,51.057,51.081,51.108,51.133,51.157,51.19,51.207,51.227,51.249,51.277,51.297,51.315,51.342,51.363,51.386,51.405,51.431,51.457,51.482,51.508,51.535,51.565,51.596,51.618,51.648,51.672,51.696,51.73,51.76,51.782,51.812,51.846,51.881,51.915,51.953,51.986,52.015,52.051,52.085,52.131,52.176,52.216,52.265,52.31,52.349,52.403,52.452,52.509,52.571,52.657,52.727,52.836,52.953,53.134,53.367,54.069
342,@TPP,48.141,48.839,49.162,49.32,49.458,49.553,49.637,49.722,49.766,49.844,49.899,49.952,50.003,50.052,50.092,50.144,50.182,50.223,50.267,50.308,50.338,50.368,50.407,50.432,50.464,50.494,50.518,50.55,50.578,50.613,50.644,50.663,50.685,50.71,50.739,50.763,50.789,50.82,50.846,50.871,50.904,50.931,50.954,50.979,51.011,51.032,51.056,51.089,51.11,51.134,51.158,51.179,51.202,51.231,51.258,51.279,51.3,51.321,51.342,51.367,51.394,51.416,51.441,51.463,51.486,51.513,51.543,51.573,51.594,51.627,51.65,51.682,51.707,51.743,51.778,51.807,51.835,51.857,51.882,51.916,51.946,51.977,52.0,52.029,52.053,52.094,52.138,52.18,52.22,52.282,52.332,52.388,52.454,52.506,52.572,52.647,52.744,52.877,53.048,53.304,53.931
343,@TPP,48.141,48.839,49.162,49.32,49.458,49.553,49.637,49.722,49.766,49.844,49.899,49.952,50.003,50.052,50.092,50.144,50.182,50.223,50.267,50.308,50.338,50.368,50.407,50.432,50.464,50.494,50.518,50.55,50.578,50.613,50.644,50.663,50.685,50.71,50.739,50.763,50.789,50.82,50.846,50.871,50.904,50.931,50.954,50.979,51.011,51.032,51.056,51.089,51.11,51.134,51.158,51.179,51.202,51.231,51.258,51.279,51.3,51.321,51.342,51.367,51.394,51.416,51.441,51.463,51.486,51.513,51.543,51.573,51.594,51.627,51.65,51.682,51.707,51.743,51.778,51.807,51.835,51.857,51.882,51.916,51.946,51.977,52.0,52.029,52.053,52.094,52.138,52.18,52.22,52.282,52.332,52.388,52.454,52.506,52.572,52.647,52.744,52.877,53.048,53.304,53.931
344,@TPP,48.047,48.868,49.148,49.333,49.463,49.542,49.631,49.7,49.775,49.819,49.883,49.953,49.996,50.039,50.084,50.125,50.167,50.214,50.256,50.29,50.323,50.352,50.387,50.426,50.458,50.478,50.503,50.531,50.554,50.577,50.602,50.633,50.662,50.69,50.71,50.737,50.76,50.79,50.817,50.84,50.867,50.895,50.914,50.94,50.966,50.99,51.011,51.034,51.06,51.082,51.109,51.129,51.154,51.181,51.205,51.227,51.255,51.267,51.291,51.312,51.332,51.353,51.382,51.407,51.439,51.46,51.492,51.518,51.552,51.583,51.607,51.635,51.655,51.68,51.71,51.739,51.769,51.799,51.832,51.861,51.895,51.932,51.966,51.999,52.045,52.08,52.129,52.165,52.211,52.25,52.289,52.348,52.407,52.469,52.556,52.631,52.731,52.869,53.048,53.251,53.867
345,@TPP,48.047,48.868,49.148,49.333,49.463,49.542,49.631,49.7,49.775,49.819,49.883,49.953,49.996,50.039,50.084,50.125,50.167,50.214,50.256,50.29,50.323,50.352,50.387,50.426,50.458,50.478,50.503,50.531,50.554,50.577,50.602,50.633,50.662,50.69,50.71,50.737,50.76,50.79,50.817,50.84,50.867,50.895,50.914,50.94,50.966,50.99,51.011,51.034,51.06,51.082,51.109,51.129,51.154,51.181,51.205,51.227,51.255,51.267,51.291,51.312,51.332,51.353,51.382,51.407,51.439,51.46,51.492,51.518,51.552,51.583,51.607,51.635,51.655,51.68,51.71,51.739,51.769,51.799,51.832,51.861,51.895,51.932,51.966,51.999,52.045,52.08,52.129,52.165,52.211,52.25,52.289,52.348,52.407,52.469,52.556,52.631,52.731,52.869,53.048,53.251,53.867
346,@TPP,48.0,48.866,49.132,49.29,49.418,49.504,49.624,49.697,49.752,49.807,49.871,49.942,49.994,50.045,50.086,50.135,50.168,50.201,50.229,50.255,50.285,50.308,50.349,50.38,50.418,50.446,50.477,50.511,50.534,50.563,50.591,50.62,50.646,50.671,50.696,50.719,50.742,50.765,50.785,50.806,50.831,50.849,50.881,50.903,50.926,50.955,50.978,50.998,51.019,51.044,51.068,51.092,51.113,51.138,51.166,51.192,51.217,51.245,51.263,51.285,51.307,51.331,51.362,51.388,51.409,51.434,51.462,51.484,51.507,51.534,51.563,51.586,51.608,51.635,51.661,51.698,51.726,51.755,51.788,51.829,51.868,51.901,51.924,51.955,51.997,52.031,52.059,52.1,52.147,52.191,52.25,52.302,52.355,52.424,52.503,52.578,52.679,52.79,52.945,53.148,53.932
347,@TPP,48.0,48.866,49.132,49.29,49.418,49.504,49.624,49.697,49.752,49.807,49.871,49.942,49.994,50.045,50.086,50.135,50.168,50.201,50.229,50.255,50.285,50.308,50.349,50.38,50.418,50.446,50.477,50.511,50.534,50.563,50.591,50.62,50.646,50.671,50.696,50.719,50.742,50.765,50.785,50.806,50.831,50.849,50.881,50.903,50.926,50.955,50.978,50.998,51.019,51.044,51.068,51.092,51.113,51.138,51.166,51.192,51.217,51.245,51.263,51.285,51.307,51.331,51.362,51.388,51.409,51.434,51.462,51.484,51.507,51.534,51.563,51.586,51.608,51.635,51.661,51.698,51.726,51.755,51.788,51.829,51.868,51.901,51.924,51.955,51.997,52.031,52.059,52.1,52.147,52.191,52.25,52.302,52.355,52.424,52.503,52.578,52.679,52.79,52.945,53.148,53.932
348,@TPP,48.166,48.949,49.208,49.343,49.47,49.543,49.614,49.695,49.756,49.811,49.87,49.922,49.982,50.019,50.068,50.111,50.145,50.187,50.219,50.253,50.29,50.321,50.35,50.375,50.402,50.432,50.455,50.477,50.511,50.539,50.564,50.59,50.613,50.638,50.656,50.68,50.709,50.733,50.764,50.78,50.803,50.83,50.85,50.88,50.906,50.922,50.949,50.972,50.997,51.023,51.047,51.074,51.09,51.114,51.131,51.148,51.167,51.186,51.206,51.229,51.255,51.28,51.31,51.331,51.36,51.381,51.397,51.42,51.452,51.489,51.515,51.542,51.567,51.591,51.619,51.642,51.671,51.701,51.733,51.762,51.792,51.825,51.865,51.895,51.943,51.975,52.007,52.048,52.1,52.154,52.201,52.256,52.299,52.354,52.433,52.523,52.608,52.747,52.903,53.086,53.935
349,@TPP,48.166,48.949,49.208,49.343,49.47,49.543,49.614,49.695,49.756,49.811,49.87,49.922,49.982,50.019,50.068,50.111,50.145,50.187,50.219,50.253,50.29,50.321,50.35,50.375,50.402,50.432,50.455,50.477,50.511,50.539,50.564,50.59,50.613,50.638,50.656,50.68,50.709,50.733,50.764,50.78,50.803,50.83,50.85,50.88,50.906,50.922,50.949,50.972,50.997,51.023,51.047,51.074,51.09,51.114,51.131,51.148,51.167,51.186,51.206,51.229,51.255,51.28,51.31,51.331,51.36,51.381,51.397,51.42,51.452,51.489,51.515,51.542,51.567,51.591,51.619,51.642,51.671,51.701,51.733,51.762,51.792,51.825,51.865,51.895,51.943,51.975,52.007,52.048,52.1,52.154,52.201,52.256,52.299,52.354,52.433,52.523,52.608,52.747,52.903,53.086,53.935
350,@TPP,48.292,49.005,49.219,49.34,49.445,49.537,49.618,49.701,49.759,49.805,49.869,49.926,49.967,50.019,50.067,50.111,50.142,50.179,50.211,50.242,50.271,50.3,50.322,50.349,50.377,50.408,50.441,50.471,50.499,50.523,50.546,50.577,50.599,50.623,50.65,50.67,50.696,50.715,50.736,50.758,50.784,50.806,50.827,50.849,50.868,50.886,50.903,50.925,50.944,50.965,50.986,51.015,51.039,51.061,51.083,51.104,51.126,51.15,51.174,51.194,51.212,51.242,51.267,51.287,51.316,51.335,51.364,51.383,51.407,51.434,51.454,51.48,51.505,51.532,51.565,51.591,51.625,51.656,51.68,51.709,51.74,51.774,51.799,51.835,51.869,51.907,51.949,51.986,52.029,52.079,52.13,52.184,52.241,52.315,52.375,52.461,52.543,52.674,52.837,53.002,53.526
351,@TPP,48.292,49.005,49.219,49.34,49.445,49.537,49.618,49.701,49.759,49.805,49.869,49.926,49.967,50.019,50.067,50.111,50.142,50.179,50.211,50.242,50.271,50.3,50.322,50.349,50.377,50.408,50.441,50.471,50.499,50.523,50.546,50.577,50.599,50.623,50.65,50.67,50.696,50.715,50.736,50.758,50.784,50.806,50.827,50.849,50.868,50.886,50.903,50.925,50.944,50.965,50.986,51.015,51.039,51.061,51.083,51.104,51.126,51.15,51.174,51.194,51.212,51.242,51.267,51.287,51.316,51.335,51.364,51.383,51.407,51.434,51.454,51.48,51.505,51.532,51.565,51.591,51.625,51.656,51.68,51.709,51.74,51.774,51.799,51.835,51.869,51.907,51.949,51.986,52.029,52.079,52.13,52.184,52.241,52.315,52.375,52.461,52.543,52.674,52.837,53.002,53.526
352,@TPP,48.391,48.89,49.208,49.375,49.497,49.604,49.678,49.734,49.789,49.848,49.902,49.953,50.005,50.053,50.103,50.143,50.185,50.228,50.264,50.291,50.313,50.34,50.371,50.408,50.434,50.464,50.491,50.519,50.545,50.583,50.611,50.635,50.663,50.686,50.713,50.731,50.749,50.767,50.792,50.813,50.835,50.862,50.881,50.905,50.927,50.954,50.972,50.987,51.01,51.027,51.048,51.073,51.089,51.107,51.127,51.146,51.167,51.189,51.215,51.239,51.258,51.28,51.299,51.316,51.336,51.354,51.385,51.427,51.448,51.483,51.511,51.539,51.557,51.575,51.608,51.633,51.662,51.683,51.714,51.751,51.784,51.812,51.846,51.885,51.917,51.956,51.998,52.042,52.084,52.138,52.188,52.246,52.296,52.353,52.42,52.497,52.593,52.72,52.881,53.132,53.67
353,@TPP,48.391,48.89,49.208,49.375,49.497,49.604,49.678,49.734,49.789,49.848,49.902,49.953,50.005,50.053,50.103,50.143,50.185,50.228,50.264,50.291,50.313,50.34,50.371,50.408,50.434,50.464,50.491,50.519,50.545,50.583,50.611,50.635,50.663,50.686,50.713,50.731,50.749,50.767,50.792,50.813,50.835,50.862,50.881,50.905,50.927,50.954,50.972,50.987,51.01,51.027,51.048,51.073,51.089,51.107,51.127,51.146,51.167,51.189,51.215,51.239,51.258,51.28,51.299,51.316,51.336,51.354,51.385,51.427,51.448,51.483,51.511,51.539,51.557,51.575,51.608,51.633,51.662,51.683,51.714,51.751,51.784,51.812,51.846,51.885,51.917,51.956,51.998,52.042,52.084,52.138,52.188,52.246,52.296,52.353,52.42,52.497,52.593,52.72,52.881,53.132,53.67
354,@TPP,48.53,49.05,49.261,49.424,49.51,49.608,49.685,49.788,49.864,49.931,49.974,50.029,50.076,50.119,50.165,50.196,50.246,50.282,50.31,50.34,50.374,50.406,50.436,50.469,50.494,50.521,50.552,50.583,50.608,50.642,50.661,50.684,50.703,50.725,50.757,50.779,50.803,50.825,50.848,50.879,50.899,50.921,50.944,50.969,50.987,51.008,51.031,51.057,51.072,51.096,51.118,51.133,51.152,51.176,51.204,51.224,51.245,51.264,51.28,51.304,51.329,51.349,51.368,51.383,51.406,51.429,51.46,51.485,51.51,51.53,51.556,51.582,51.608,51.636,51.665,51.693,51.716,51.742,51.773,51.804,51.841,51.877,51.903,51.934,51.967,52.005,52.049,52.098,52.137,52.185,52.222,52.286,52.339,52.401,52.472,52.532,52.595,52.698,52.932,53.178,53.716
355,@TPP,48.53,49.05,49.261,49.424,49.51,49.608,49.685,49.788,49.864,49.931,49.974,50.029,50.076,50.119,50.165,50.196,50.246,50.282,50.31,50.34,50.374,50.406,50.436,50.469,50.494,50.521,50.552,50.583,50.608,50.642,50.661,50.684,50.703,50.725,50.757,50.779,50.803,50.825,50.848,50.879,50.899,50.921,50.944,50.969,50.987,51.008,51.031,51.057,51.072,51.096,51.118,51.133,51.152,51.176,51.204,51.224,51.245,51.264,51.28,51.304,51.329,51.349,51.368,51.383,51.406,51.429,51.46,51.485,51.51,51.53,51.556,51.582,51.608,51.636,51.665,51.693,51.716,51.742,51.773,51.804,51.841,51.877,51.903,51.934,51.967,52.005,52.049,52.098,52.137,52.185,52.222,52.286,52.339,52.401,52.472,52.532,52.595,52.698,52.932,53.178,53.716
356,@TPP,48.318,49.091,49.341,49.49,49.597,49.693,49.761,49.831,49.888,49.942,49.991,50.046,50.098,50.152,50.19,50.232,50.275,50.323,50.364,50.394,50.428,50.453,50.483,50.511,50.538,50.572,50.593,50.625,50.649,50.667,50.699,50.729,50.752,50.779,50.801,50.827,50.85,50.873,50.894,50.915,50.938,50.963,50.982,51.003,51.025,51.05,51.068,51.09,51.112,51.137,51.158,51.179,51.198,51.221,51.248,51.269,51.287,51.314,51.336,51.36,51.385,51.407,51.423,51.443,51.465,51.485,51.504,51.54,51.569,51.586,51.605,51.634,51.659,51.688,51.713,51.745,51.772,51.796,51.834,51.86,51.887,51.918,51.948,51.98,52.028,52.065,52.097,52.133,52.176,52.214,52.25,52.296,52.367,52.421,52.489,52.543,52.632,52.748,52.902,53.147,53.814
357,@TPP,48.318,49.091,49.341,49.49,49.597,49.693,49.761,49.831,49.888,49.942,49.991,50.046,50.098,50.152,50.19,50.232,50.275,50.323,50.364,50.394,50.428,50.453,50.483,50.511,50.538,50.572,50.593,50.625,50.649,50.667,50.699,50.729,50.752,50.779,50.801,50.827,50.85,50.873,50.894,50.915,50.938,50.963,50.982,51.003,51.025,51.05,51.068,51.09,51.112,51.137,51.158,51.179,51.198,51.221,51.248,51.269,51.287,51.314,51.336,51.36,51.385,51.407,51.423,51.443,51.465,51.485,51.504,51.54,51.569,51.586,51.605,51.634,51.659,51.688,51.713,51.745,51.772,51.796,51.834,51.86,51.887,51.918,51.948,51.98,52.028,52.065,52.097,52.133,52.176,52.214,52.25,52.296,52.367,52.421,52.489,52.543,52.632,52.748,52.902,53.147,53.814
358,@TPP,48.595,49.125,49.437,49.563,49.645,49.729,49.816,49.879,49.937,49.998,50.057,50.108,50.166,50.216,50.247,50.281,50.323,50.349,50.386,50.417,50.448,50.484,50.512,50.555,50.586,50.617,50.644,50.675,50.704,50.734,50.759,50.784,50.807,50.831,50.855,50.881,50.902,50.924,50.95,50.97,50.991,51.01,51.034,51.054,51.081,51.1,51.121,51.14,51.161,51.181,51.198,51.222,51.247,51.263,51.281,51.307,51.332,51.353,51.375,51.4,51.419,51.441,51.465,51.486,51.512,51.531,51.557,51.583,51.607,51.622,51.654,51.67,51.697,51.722,51.745,51.776,51.8,51.826,51.863,51.89,51.922,51.954,51.996,52.029,52.068,52.107,52.14,52.18,52.218,52.262,52.309,52.359,52.416,52.469,52.533,52.607,52.7,52.824,52.949,53.18,53.759
359,@TPP,48.595,49.125,49.437,49.563,49.645,49.729,49.816,49.879,49.937,49.998,50.057,50.108,50.166,50.216,50.247,50.281,50.323,50.349,50.386,50.417,50.448,50.484,50.512,50.555,50.586,50.617,50.644,50.675,50.704,50.734,50.759,50.784,50.807,50.831,50.855,50.881,50.902,50.924,50.95,50.97,50.991,51.01,51.034,51.054,51.081,51.1,51.121,51.14,51.161,51.181,51.198,51.222,51.247,51.263,51.281,51.307,51.332,51.353,51.375,51.4,51.419,51.441,51.465,51.486,51.512,51.531,51.557,51.583,51.607,51.622,51.654,51.67,51.697,51.722,51.745,51.776,51.8,51.826,51.863,51.89,51.922,51.954,51.996,52.029,52.068,52.107,52.14,52.18,52.218,52.262,52.309,52.359,52.416,52.469,52.533,52.607,52.7,52.824,52.949,53.18,53.759
360,@TPP,48.654,49.253,49.514,49.626,49.73,49.833,49.916,49.997,50.074,50.147,50.186,50.24,50.28,50.321,50.35,50.384,50.414,50.454,50.493,50.528,50.553,50.582,50.61,50.635,50.657,50.682,50.716,50.735,50.763,50.785,50.808,50.829,50.853,50.876,50.895,50.919,50.943,50.962,50.985,51.002,51.03,51.053,51.074,51.097,51.118,51.138,51.166,51.186,51.21,51.24,51.26,51.282,51.305,51.322,51.345,51.366,51.385,51.402,51.425,51.447,51.472,51.489,51.518,51.541,51.553,51.573,51.598,51.619,51.639,51.66,51.682,51.699,51.724,51.748,51.774,51.808,51.839,51.879,51.904,51.924,51.95,51.975,52.0,52.03,52.062,52.104,52.143,52.176,52.219,52.266,52.316,52.384,52.446,52.518,52.577,52.641,52.714,52.814,52.927,53.121,53.756
361,@TPP,48.654,49.253,49.514,49.626,49.73,49.833,49.916,49.997,50.074,50.147,50.186,50.24,50.28,50.321,50.35,50.384,50.414,50.454,50.493,50.528,50.553,50.582,50.61,50.635,50.657,50.682,50.716,50.735,50.763,50.785,50.808,50.829,50.853,50.876,50.895,50.919,50.943,50.962,50.985,51.002,51.03,51.053,51.074,51.097,51.118,51.138,51.166,51.186,51.21,51.24,51.26,51.282,51.305,51.322,51.345,51.366,51.385,51.402,51.425,51.447,51.472,51.489,51.518,51.541,51.553,51.573,51.598,51.619,51.639,51.66,51.682,51.699,51.724,51.748,51.774,51.808,51.839,51.879,51.904,51.924,51.95,51.975,52.0,52.03,52.062,52.104,52.143,52.176,52.219,52.266,52.316,52.384,52.446,52.518,52.577,52.641,52.714,52.814,52.927,53.121,53.756
362,@TPP,48.694,49.324,49.521,49.695,49.792,49.91,49.979,50.044,50.105,50.162,50.224,50.285,50.32,50.365,50.403,50.435,50.47,50.508,50.543,50.573,50.606,50.635,50.658,50.69,50.719,50.74,50.767,50.796,50.822,50.847,50.874,50.897,50.923,50.945,50.967,50.994,51.014,51.037,51.057,51.082,51.105,51.124,51.154,51.175,51.199,51.225,51.25,51.269,51.29,51.312,51.332,51.35,51.366,51.387,51.41,51.431,51.45,51.464,51.491,51.51,51.542,51.561,51.577,51.596,51.614,51.638,51.659,51.681,51.706,51.73,51.75,51.77,51.792,51.816,51.844,51.861,51.883,51.902,51.934,51.963,51.997,52.029,52.057,52.099,52.14,52.175,52.215,52.256,52.295,52.338,52.393,52.453,52.479,52.534,52.604,52.697,52.791,52.916,53.069,53.251,54.164
363,@TPP,48.694,49.324,49.521,49.695,49.792,49.91,49.979,50.044,50.105,50.162,50.224,50.285,50.32,50.365,50.403,50.435,50.47,50.508,50.543,50.573,50.606,50.635,50.658,50.69,50.719,50.74,50.767,50.796,50.822,50.847,50.874,50.897,50.923,50.945,50.967,50.994,51.014,51.037,51.057,51.082,51.105,51.124,51.154,51.175,51.199,51.225,51.25,51.269,51.29,51.312,51.332,51.35,51.366,51.387,51.41,51.431,51.45,51.464,51.491,51.51,51.542,51.561,51.577,51.596,51.614,51.638,51.659,51.681,51.706,51.73,51.75,51.77,51.792,51.816,51.844,51.861,51.883,51.902,51.934,51.963,51.997,52.029,52.057,52.099,52.14,52.175,52.215,52.256,52.295,52.338,52.393,52.453,52.479,52.534,52.604,52.697,52.791,52.916,53.069,53.251,54.164
364,@TPP,48.609,49.449,49.653,49.796,49.918,50.017,50.076,50.131,50.189,50.248,50.3,50.362,50.406,50.444,50.478,50.506,50.552,50.583,50.619,50.647,50.67,50.697,50.721,50.746,50.777,50.801,50.826,50.857,50.883,50.908,50.928,50.954,50.978,51.001,51.026,51.046,51.071,51.097,51.12,51.145,51.169,51.194,51.216,51.238,51.255,51.277,51.303,51.32,51.345,51.365,51.391,51.407,51.427,51.454,51.478,51.497,51.514,51.529,51.549,51.568,51.589,51.608,51.631,51.653,51.679,51.707,51.734,51.758,51.776,51.791,51.808,51.833,51.865,51.891,51.911,51.934,51.958,51.987,52.012,52.037,52.068,52.103,52.13,52.166,52.198,52.225,52.259,52.312,52.355,52.4,52.448,52.494,52.543,52.606,52.67,52.737,52.842,52.935,53.13,53.403,54.084
365,@TPP,48.609,49.449,49.653,49.796,49.918,50.017,50.076,50.131,50.189,50.248,50.3,50.362,50.406,50.444,50.478,50.506,50.552,50.583,50.619,50.647,50.67,50.697,50.721,50.746,50.777,50.801,50.826,50.857,50.883,50.908,50.928,50.954,50.978,51.001,51.026,51.046,51.071,51.097,51.12,51.145,51.169,51.194,51.216,51.238,51.255,51.277,51.303,51.32,51.345,51.365,51.391,51.407,51.427,51.454,51.478,51.497,51.514,51.529,51.549,51.568,51.589,51.608,51.631,51.653,51.679,51.707,51.734,51.758,51.776,51.791,51.808,51.833,51.865,51.891,51.911,51.934,51.958,51.987,52.012,52.037,52.068,52.103,52.13,52.166,52.198,52.225,52.259,52.312,52.355,52.4,52.448,52.494,52.543,52.606,52.67,52.737,52.842,52.935,53.13,53.403,54.084
366,@TPP,48.535,49.384,49.656,49.811,49.95,50.021,50.103,50.162,50.22,50.269,50.315,50.356,50.412,50.457,50.497,50.533,50.569,50.601,50.635,50.671,50.7,50.728,50.763,50.791,50.832,50.863,50.887,50.911,50.934,50.958,50.984,51.004,51.019,51.041,51.059,51.084,51.106,51.128,51.151,51.175,51.193,51.212,51.233,51.26,51.283,51.301,51.328,51.348,51.365,51.392,51.413,51.433,51.454,51.477,51.499,51.52,51.538,51.571,51.587,51.606,51.629,51.651,51.678,51.698,51.723,51.747,51.776,51.798,51.819,51.844,51.866,51.889,51.919,51.946,51.975,52.0,52.029,52.059,52.095,52.127,52.161,52.19,52.226,52.257,52.302,52.337,52.369,52.417,52.456,52.493,52.532,52.589,52.643,52.701,52.765,52.855,52.98,53.11,53.268,53.458,54.136
367,@TPP,48.535,49.384,49.656,49.811,49.95,50.021,50.103,50.162,50.22,50.269,50.315,50.356,50.412,50.457,50.497,50.533,50.569,50.601,50.635,50.671,50.7,50.728,50.763,50.791,50.832,50.863,50.887,50.911,50.934,50.958,50.984,51.004,51.019,51.041,51.059,51.084,51.106,51.128,51.151,51.175,51.193,51.212,51.233,51.26,51.283,51.301,51.328,51.348,51.365,51.392,51.413,51.433,51.454,51.477,51.499,51.52,51.538,51.571,51.587,51.606,51.629,51.651,51.678,51.698,51.723,51.747,51.776,51.798,51.819,51.844,51.866,51.889,51.919,51.946,51.975,52.0,52.029,52.059,52.095,52.127,52.161,52.19,52.226,52.257,52.302,52.337,52.369,52.417,52.456,52.493,52.532,52.589,52.643,52.701,52.765,52.855,52.98,53.11,53.268,53.458,54.136
368,@TPP,48.427,49.358,49.629,49.792,49.923,50.034,50.11,50.179,50.231,50.29,50.363,50.399,50.44,50.479,50.521,50.551,50.581,50.616,50.651,50.684,50.716,50.745,50.785,50.81,50.839,50.867,50.897,50.924,50.945,50.971,51.003,51.03,51.049,51.076,51.097,51.121,51.145,51.17,51.198,51.22,51.239,51.264,51.289,51.308,51.328,51.354,51.374,51.395,51.418,51.438,51.456,51.479,51.501,51.519,51.548,51.566,51.59,51.613,51.634,51.659,51.682,51.707,51.733,51.756,51.778,51.803,51.83,51.851,51.873,51.9,51.923,51.961,51.995,52.017,52.047,52.081,52.113,52.135,52.174,52.214,52.238,52.272,52.302,52.344,52.377,52.407,52.444,52.499,52.541,52.59,52.634,52.692,52.766,52.835,52.903,52.977,53.073,53.211,53.355,53.574,54.26
369,@TPP,48.427,49.358,49.629,49.792,49.923,50.034,50.11,50.179,50.231,50.29,50.363,50.399,50.44,50.479,50.521,50.551,50.581,50.616,50.651,50.684,50.716,50.745,50.785,50.81,50.839,50.867,50.897,50.924,50.945,50.971,51.003,51.03,51.049,51.076,51.097,51.121,51.145,51.17,51.198,51.22,51.239,51.264,51.289,51.308,51.328,51.354,51.374,51.395,51.418,51.438,51.456,51.479,51.501,51.519,51.548,51.566,51.59,51.613,51.634,51.659,51.682,51.707,51.733,51.756,51.778,51.803,51.83,51.851,51.873,51.9,51.923,51.961,51.995,52.017,52.047,52.081,52.113,52.135,52.174,52.214,52.238,52.272,52.302,52.344,52.377,52.407,52.444,52.499,52.541,52.59,52.634,52.692,52.766,52.835,52.903,52.977,53.073,53.211,53.355,53.574,54.26
370,@TPP,48.316,49.376,49.615,49.77,49.928,50.028,50.114,50.18,50.254,50.321,50.369,50.422,50.466,50.499,50.547,50.579,50.617,50.654,50.693,50.722,50.754,50.779,50.806,50.831,50.858,50.889,50.912,50.95,50.981,51.013,51.034,51.06,51.093,51.118,51.14,51.175,51.201,51.224,51.248,51.273,51.297,51.311,51.329,51.349,51.373,51.395,51.416,51.435,51.458,51.479,51.5,51.524,51.547,51.567,51.589,51.616,51.639,51.657,51.691,51.713,51.731,51.758,51.788,51.813,51.834,51.858,51.881,51.906,51.944,51.979,51.999,52.02,52.044,52.069,52.1,52.126,52.156,52.185,52.213,52.25,52.28,52.321,52.352,52.387,52.426,52.47,52.511,52.556,52.592,52.634,52.689,52.744,52.802,52.885,52.949,53.04,53.14,53.256,53.412,53.658,54.215
371,@TPP,48.316,49.376,49.615,49.77,49.928,50.028,50.114,50.18,50.254,50.321,50.369,50.422,50.466,50.499,50.547,50.579,50.617,50.654,50.693,50.722,50.754,50.779,50.806,50.831,50.858,50.889,50.912,50.95,50.981,51.013,51.034,51.06,51.093,51.118,51.14,51.175,51.201,51.224,51.248,51.273,51.297,51.311,51.329,51.349,51.373,51.395,51.416,51.435,51.458,51.479,51.5,51.524,51.547,51.567,51.589,51.616,51.639,51.657,51.691,51.713,51.731,51.758,51.788,51.813,51.834,51.858,51.881,51.906,51.944,51.979,51.999,52.02,52.044,52.069,52.1,52.126,52.156,52.185,52.213,52.25,52.28,52.321,52.352,52.387,52.426,52.47,52.511,52.556,52.592,52.634,52.689,52.744,52.802,52.885,52.949,53.04,53.14,53.256,53.412,53.658,54.215
372,@TPP,48.676,49.363,49.657,49.847,49.96,50.059,50.141,50.222,50.275,50.327,50.376,50.438,50.477,50.522,50.563,50.604,50.648,50.687,50.725,50.759,50.787,50.826,50.856,50.883,50.907,50.935,50.964,50.997,51.027,51.058,51.084,51.113,51.136,51.165,51.187,51.214,51.24,51.264,51.284,51.309,51.332,51.35,51.375,51.397,51.417,51.436,51.46,51.478,51.497,51.523,51.551,51.581,51.615,51.634,51.659,51.684,51.714,51.735,51.758,51.779,51.797,51.822,51.844,51.864,51.885,51.911,51.943,51.968,51.998,52.022,52.048,52.072,52.105,52.131,52.159,52.182,52.212,52.249,52.281,52.309,52.345,52.387,52.419,52.454,52.49,52.518,52.548,52.6,52.634,52.686,52.738,52.797,52.861,52.921,52.996,53.087,53.179,53.296,53.42,53.652,54.526
373,@TPP,48.676,49.363,49.657,49.847,49.96,50.059,50.141,50.222,50.275,50.327,50.376,50.438,50.477,50.522,50.563,50.604,50.648,50.687,50.725,50.759,50.787,50.826,50.856,50.883,50.907,50.935,50.964,50.997,51.027,51.058,51.084,51.113,51.136,51.165,51.187,51.214,51.24,51.264,51.284,51.309,51.332,51.35,51.375,51.397,51.417,51.436,51.46,51.478,51.497,51.523,51.551,51.581,51.615,51.634,51.659,51.684,51.714,51.735,51.758,51.779,51.797,51.822,51.844,51.864,51.885,51.911,51.943,51.968,51.998,52.022,52.048,52.072,52.105,52.131,52.159,52.182,52.212,52.249,52.281,52.309,52.345,52.387,52.419,52.454,52.49,52.518,52.548,52.6,52.634,52.686,52.738,52.797,52.861,52.921,52.996,53.087,53.179,53.296,53.42,53.652,54.526
374,@TPP,48.651,49.434,49.68,49.825,49.939,50.054,50.139,50.225,50.288,50.342,50.397,50.433,50.488,50.531,50.576,50.625,50.665,50.698,50.742,50.781,50.827,50.855,50.889,50.92,50.951,50.981,51.009,51.034,51.058,51.078,51.106,51.141,51.165,51.187,51.213,51.233,51.257,51.279,51.31,51.34,51.365,51.39,51.416,51.435,51.455,51.479,51.508,51.534,51.56,51.589,51.614,51.64,51.661,51.688,51.713,51.735,51.759,51.787,51.815,51.837,51.86,51.883,51.903,51.928,51.953,51.976,52.005,52.026,52.05,52.075,52.102,52.128,52.161,52.188,52.21,52.24,52.272,52.301,52.332,52.364,52.4,52.432,52.472,52.499,52.547,52.595,52.629,52.681,52.723,52.771,52.808,52.852,52.909,52.957,53.041,53.115,53.235,53.341,53.546,53.765,54.282
375,@TPP,48.651,49.434,49.68,49.825,49.939,50.054,50.139,50.225,50.288,50.342,50.397,50.433,50.488,50.531,50.576,50.625,50.665,50.698,50.742,50.781,50.827,50.855,50.889,50.92,50.951,50.981,51.009,51.034,51.058,51.078,51.106,51.141,51.165,51.187,51.213,51.233,51.257,51.279,51.31,51.34,51.365,51.39,51.416,51.435,51.455,51.479,51.508,51.534,51.56,51.589,51.614,51.64,51.661,51.688,51.713,51.735,51.759,51.787,51.815,51.837,51.86,51.883,51.903,51.928,51.953,51.976,52.005,52.026,52.05,52.075,52.102,52.128,52.161,52.188,52.21,52.24,52.272,52.301,52.332,52.364,52.4,52.432,52.472,52.499,52.547,52.595,52.629,52.681,52.723,52.771,52.808,52.852,52.909,52.957,53.041,53.115,53.235,53.341,53.546,53.765,54.282
376,@TPP,48.695,49.375,49.674,49.843,49.969,50.085,50.19,50.285,50.362,50.418,50.467,50.523,50.574,50.616,50.653,50.695,50.742,50.78,50.816,50.848,50.879,50.902,50.935,50.965,50.999,51.029,51.057,51.089,51.115,51.135,51.164,51.186,51.21,51.237,51.258,51.285,51.305,51.331,51.354,51.382,51.412,51.439,51.466,51.488,51.515,51.542,51.567,51.589,51.616,51.642,51.667,51.688,51.704,51.728,51.752,51.776,51.809,51.831,51.856,51.883,51.916,51.941,51.966,51.985,52.01,52.027,52.051,52.082,52.107,52.126,52.157,52.18,52.21,52.237,52.267,52.296,52.318,52.352,52.384,52.414,52.449,52.471,52.5,52.535,52.568,52.616,52.653,52.691,52.729,52.781,52.828,52.88,52.961,53.01,53.066,53.155,53.274,53.451,53.597,53.828,54.348
377,@TPP,48.695,49.375,49.674,49.843,49.969,50.085,50.19,50.285,50.362,50.418,50.467,50.523,50.574,50.616,50.653,50.695,50.742,50.78,50.816,50.848,50.879,50.902,50.935,50.965,50.999,51.029,51.057,51.089,51.115,51.135,51.164,51.186,51.21,51.237,51.258,51.285,51.305,51.331,51.354,51.382,51.412,51.439,51.466,51.488,51.515,51.542,51.567,51.589,51.616,51.642,51.667,51.688,51.704,51.728,51.752,51.776,51.809,51.831,51.856,51.883,51.916,51.941,51.966,51.985,52.01,52.027,52.051,52.082,52.107,52.126,52.157,52.18,52.21,52.237,52.267,52.296,52.318,52.352,52.384,52.414,52.449,52.471,52.5,52.535,52.568,52.616,52.653,52.691,52.729,52.781,52.828,52.88,52.961,53.01,53.066,53.155,53.274,53.451,53.597,53.828,54.348
378,@TPP,48.743,49.519,49.761,49.926,50.028,50.127,50.22,50.318,50.393,50.461,50.515,50.565,50.63,50.687,50.719,50.772,50.818,50.854,50.895,50.923,50.948,50.979,51.005,51.035,51.059,51.089,51.107,51.137,51.164,51.191,51.217,51.241,51.271,51.294,51.32,51.35,51.372,51.4,51.418,51.434,51.465,51.491,51.513,51.537,51.568,51.591,51.611,51.636,51.659,51.687,51.713,51.732,51.756,51.777,51.799,51.83,51.848,51.873,51.894,51.927,51.952,51.978,51.999,52.023,52.048,52.079,52.1,52.134,52.164,52.187,52.204,52.238,52.264,52.29,52.312,52.332,52.357,52.383,52.424,52.457,52.492,52.529,52.574,52.603,52.637,52.671,52.713,52.756,52.803,52.853,52.921,52.964,53.026,53.084,53.166,53.254,53.362,53.475,53.649,53.885,54.511
379,@TPP,48.743,49.519,49.761,49.926,50.028,50.127,50.22,50.318,50.393,50.461,50.515,50.565,50.63,50.687,50.719,50.772,50.818,50.854,50.895,50.923,50.948,50.979,51.005,51.035,51.059,51.089,51.107,51.137,51.164,51.191,51.217,51.241,51.271,51.294,51.32,51.35,51.372,51.4,51.418,51.434,51.465,51.491,51.513,51.537,51.568,51.591,51.611,51.636,51.659,51.687,51.713,51.732,51.756,51.777,51.799,51.83,51.848,51.873,51.894,51.927,51.952,51.978,51.999,52.023,52.048,52.079,52.1,52.134,52.164,52.187,52.204,52.238,52.264,52.29,52.312,52.332,52.357,52.383,52.424,52.457,52.492,52.529,52.574,52.603,52.637,52.671,52.713,52.756,52.803,52.853,52.921,52.964,53.026,53.084,53.166,53.254,53.362,53.475,53.649,53.885,54.511
380,@TPP,48.905,49.56,49.837,50.009,50.135,50.219,50.3,50.365,50.447,50.507,50.567,50.631,50.684,50.723,50.76,50.8,50.836,50.879,50.919,50.95,50.986,51.013,51.055,51.079,51.108,51.14,51.169,51.2,51.233,51.265,51.289,51.32,51.349,51.38,51.399,51.416,51.442,51.466,51.487,51.515,51.535,51.557,51.581,51.608,51.642,51.663,51.686,51.705,51.724,51.748,51.771,51.796,51.82,51.843,51.867,51.884,51.91,51.933,51.963,51.982,52.005,52.026,52.05,52.071,52.1,52.123,52.146,52.165,52.188,52.212,52.232,52.264,52.291,52.312,52.335,52.369,52.4,52.426,52.463,52.489,52.527,52.572,52.61,52.648,52.682,52.733,52.77,52.819,52.853,52.904,52.973,53.024,53.073,53.128,53.196,53.283,53.388,53.505,53.701,53.986,54.667
381,@TPP,48.905,49.56,49.837,50.009,50.135,50.219,50.3,50.365,50.447,50.507,50.567,50.631,50.684,50.723,50.76,50.8,50.836,50.879,50.919,50.95,50.986,51.013,51.055,51.079,51.108,51.14,51.169,51.2,51.233,51.265,51.289,51.32,51.349,51.38,51.399,51.416,51.442,51.466,51.487,51.515,51.535,51.557,51.581,51.608,51.642,51.663,51.686,51.705,51.724,51.748,51.771,51.796,51.82,51.843,51.867,51.884,51.91,51.933,51.963,51.982,52.005,52.026,52.05,52.071,52.1,52.123,52.146,52.165,52.188,52.212,52.232,52.264,52.291,52.312,52.335,52.369,52.4,52.426,52.463,52.489,52.527,52.572,52.61,52.648,52.682,52.733,52.77,52.819,52.853,52.904,52.973,53.024,53.073,53.128,53.196,53.283,53.388,53.505,53.701,53.986,54.667
382,@TPP,48.841,49.644,49.918,50.063,50.21,50.313,50.401,50.458,50.521,50.581,50.643,50.69,50.735,50.792,50.833,50.872,50.902,50.942,50.989,51.016,51.044,51.075,51.11,51.138,51.17,51.206,51.243,51.269,51.298,51.328,51.352,51.377,51.4,51.432,51.463,51.48,51.503,51.523,51.549,51.567,51.59,51.615,51.636,51.658,51.678,51.704,51.729,51.755,51.772,51.793,51.816,51.839,51.856,51.873,51.898,51.922,51.943,51.976,52.003,52.027,52.051,52.07,52.09,52.116,52.146,52.17,52.194,52.22,52.248,52.27,52.286,52.307,52.338,52.366,52.408,52.429,52.457,52.49,52.527,52.56,52.591,52.626,52.66,52.69,52.725,52.778,52.812,52.868,52.911,52.954,52.997,53.042,53.093,53.168,53.242,53.343,53.433,53.555,53.707,54.048,54.682
383,@TPP,48.841,49.644,49.918,50.063,50.21,50.313,50.401,50.458,50.521,50.581,50.643,50.69,50.735,50.792,50.833,50.872,50.902,50.942,50.989,51.016,51.044,51.075,51.11,51.138,51.17,51.206,51.243,51.269,51.298,51.328,51.352,51.377,51.4,51.432,51.463,51.48,51.503,51.523,51.549,51.567,51.59,51.615,51.636,51.658,51.678,51.704,51.729,51.755,51.772,51.793,51.816,51.839,51.856,51.873,51.898,51.922,51.943,51.976,52.003,52.027,52.051,52.07,52.09,52.116,52.146,52.17,52.194,52.22,52.248,52.27,52.286,52.307,52.338,52.366,52.408,52.429,52.457,52.49,52.527,52.56,52.591,52.626,52.66,52.69,52.725,52.778,52.812,52.868,52.911,52.954,52.997,53.042,53.093,53.168,53.242,53.343,53.433,53.555,53.707,54.048,54.682
384,@TPP,48.921,49.792,49.986,50.124,50.259,50.382,50.476,50.55,50.615,50.66,50.727,50.776,50.827,50.866,50.892,50.933,50.968,50.993,51.031,51.073,51.105,51.134,51.166,51.191,51.218,51.259,51.288,51.315,51.352,51.384,51.409,51.435,51.457,51.485,51.507,51.532,51.553,51.58,51.599,51.622,51.648,51.669,51.688,51.712,51.731,51.751,51.774,51.793,51.812,51.835,51.861,51.88,51.908,51.933,51.958,51.988,52.008,52.03,52.047,52.066,52.092,52.118,52.142,52.166,52.184,52.213,52.237,52.268,52.299,52.321,52.351,52.367,52.39,52.415,52.445,52.481,52.508,52.535,52.569,52.601,52.635,52.665,52.703,52.738,52.77,52.813,52.847,52.878,52.928,52.98,53.034,53.089,53.147,53.215,53.275,53.362,53.458,53.587,53.759,53.996,54.625
385,@TPP,48.921,49.792,49.986,50.124,50.259,50.382,50.476,50.55,50.615,50.66,50.727,50.776,50.827,50.866,50.892,50.933,50.968,50.993,51.031,51.073,51.105,51.134,51.166,51.191,51.218,51.259,51.288,51.315,51.352,51.384,51.409,51.435,51.457,51.485,51.507,51.532,51.553,51.58,51.599,51.622,51.648,51.669,51.688,51.712,51.731,51.751,51.774,51.793,51.812,51.835,51.861,51.88,51.908,51.933,51.958,51.988,52.008,52.03,52.047,52.066,52.092,52.118,52.142,52.166,52.184,52.213,52.237,52.268,52.299,52.321,52.351,52.367,52.39,52.415,52.445,52.481,52.508,52.535,52.569,52.601,52.635,52.665,52.703,52.738,52.77,52.813,52.847,52.878,52.928,52.98,53.034,53.089,53.147,53.215,53.275,53.362,53.458,53.587,53.759,53.996,54.625
386,@TPP,49.128,49.932,50.155,50.275,50.391,50.464,50.553,50.598,50.667,50.714,50.772,50.824,50.878,50.928,50.967,51.013,51.057,51.093,51.118,51.149,51.169,51.2,51.23,51.26,51.289,51.319,51.345,51.38,51.405,51.434,51.458,51.482,51.507,51.531,51.555,51.577,51.606,51.629,51.653,51.675,51.692,51.717,51.738,51.76,51.784,51.798,51.814,51.838,51.861,51.879,51.901,51.921,51.946,51.973,51.99,52.014,52.034,52.06,52.089,52.11,52.128,52.154,52.192,52.218,52.239,52.263,52.288,52.307,52.329,52.357,52.381,52.409,52.435,52.457,52.491,52.521,52.549,52.577,52.604,52.622,52.655,52.699,52.735,52.765,52.799,52.838,52.872,52.904,52.94,52.99,53.044,53.101,53.154,53.227,53.302,53.372,53.47,53.604,53.794,54.022,54.706
387,@TPP,49.128,49.932,50.155,50.275,50.391,50.464,50.553,50.598,50.667,50.714,50.772,50.824,50.878,50.928,50.967,51.013,51.057,51.093,51.118,51.149,51.169,51.2,51.23,51.26,51.289,51.319,51.345,51.38,51.405,51.434,51.458,51.482,51.507,51.531,51.555,51.577,51.606,51.629,51.653,51.675,51.692,51.717,51.738,51.76,51.784,51.798,51.814,51.838,51.861,51.879,51.901,51.921,51.946,51.973,51.99,52.014,52.034,52.06,52.089,52.11,52.128,52.154,52.192,52.218,52.239,52.263,52.288,52.307,52.329,52.357,52.381,52.409,52.435,52.457,52.491,52.521,52.549,52.577,52.604,52.622,52.655,52.699,52.735,52.765,52.799,52.838,52.872,52.904,52.94,52.99,53.044,53.101,53.154,53.227,53.302,53.372,53.47,53.604,53.794,54.022,54.706
388,@TPP,49.264,50.008,50.222,50.405,50.495,50.597,50.682,50.731,50.785,50.823,50.86,50.9,50.942,50.978,51.022,51.058,51.096,51.13,51.164,51.193,51.221,51.251,51.278,51.314,51.349,51.376,51.405,51.431,51.453,51.478,51.499,51.526,51.552,51.58,51.597,51.618,51.643,51.663,51.686,51.703,51.728,51.746,51.766,51.795,51.817,51.844,51.862,51.885,51.907,51.927,51.949,51.962,51.98,52.006,52.027,52.051,52.074,52.097,52.124,52.148,52.177,52.199,52.223,52.245,52.266,52.293,52.312,52.334,52.362,52.39,52.411,52.431,52.456,52.483,52.51,52.54,52.562,52.589,52.618,52.648,52.676,52.71,52.745,52.773,52.807,52.845,52.886,52.93,52.97,53.035,53.095,53.147,53.199,53.246,53.345,53.413,53.49,53.624,53.803,54.001,54.624
389,@TPP,49.264,50.008,50.222,50.405,50.495,50.597,50.682,50.731,50.785,50.823,50.86,50.9,50.942,50.978,51.022,51.058,51.096,51.13,51.164,51.193,51.221,51.251,51.278,51.314,51.349,51.376,51.405,51.431,51.453,51.478,51.499,51.526,51.552,51.58,51.597,51.618,51.643,51.663,51.686,51.703,51.728,51.746,51.766,51.795,51.817,51.844,51.862,51.885,51.907,51.927,51.949,51.962,51.98,52.006,52.027,52.051,52.074,52.097,52.124,52.148,52.177,52.199,52.223,52.245,52.266,52.293,52.312,52.334,52.362,52.39,52.411,52.431,52.456,52.483,52.51,52.54,52.562,52.589,52.618,52.648,52.676,52.71,52.745,52.773,52.807,52.845,52.886,52.93,52.97,53.035,53.095,53.147,53.199,53.246,53.345,53.413,53.49,53.624,53.803,54.001,54.624
390,@TPP,49.331,50.039,50.29,50.418,50.537,50.642,50.723,50.774,50.832,50.893,50.942,50.978,51.018,51.054,51.107,51.141,51.178,51.21,51.244,51.271,51.295,51.329,51.357,51.383,51.416,51.438,51.469,51.494,51.529,51.558,51.586,51.607,51.63,51.653,51.675,51.699,51.714,51.738,51.765,51.786,51.813,51.832,51.854,51.881,51.907,51.927,51.946,51.962,51.981,52.0,52.028,52.051,52.069,52.092,52.11,52.128,52.155,52.182,52.204,52.224,52.244,52.261,52.289,52.31,52.332,52.356,52.38,52.407,52.428,52.445,52.474,52.5,52.528,52.556,52.582,52.605,52.629,52.658,52.69,52.711,52.752,52.784,52.818,52.848,52.888,52.928,52.969,53.002,53.035,53.081,53.138,53.187,53.255,53.312,53.369,53.431,53.525,53.685,53.839,54.094,54.696
391,@TPP,49.331,50.039,50.29,50.418,50.537,50.642,50.723,50.774,50.832,50.893,50.942,50.978,51.018,51.054,51.107,51.141,51.178,51.21,51.244,51.271,51.295,51.329,51.357,51.383,51.416,51.438,51.469,51.494,51.529,51.558,51.586,51.607,51.63,51.653,51.675,51.699,51.714,51.738,51.765,51.786,51.813,51.832,51.854,51.881,51.907,51.927,51.946,51.962,51.981,52.0,52.028,52.051,52.069,52.092,52.11,52.128,52.155,52.182,52.204,52.224,52.244,52.261,52.289,52.31,52.332,52.356,52.38,52.407,52.428,52.445,52.474,52.5,52.528,52.556,52.582,52.605,52.629,52.658,52.69,52.711,52.752,52.784,52.818,52.848,52.888,52.928,52.969,53.002,53.035,53.081,53.138,53.187,53.255,53.312,53.369,53.431,53.525,53.685,53.839,54.094,54.696
392,@TPP,49.401,50.196,50.368,50.495,50.589,50.683,50.772,50.831,50.895,50.951,50.996,51.039,51.087,51.138,51.181,51.214,51.252,51.28,51.313,51.347,51.373,51.404,51.433,51.457,51.482,51.515,51.547,51.568,51.596,51.622,51.648,51.671,51.699,51.728,51.749,51.771,51.786,51.811,51.841,51.862,51.885,51.906,51.924,51.948,51.972,51.992,52.014,52.035,52.057,52.08,52.099,52.119,52.141,52.157,52.18,52.202,52.231,52.25,52.276,52.3,52.319,52.335,52.352,52.373,52.401,52.42,52.44,52.462,52.49,52.524,52.547,52.57,52.593,52.617,52.646,52.674,52.705,52.726,52.749,52.776,52.818,52.849,52.884,52.916,52.944,52.98,53.028,53.066,53.098,53.143,53.182,53.226,53.29,53.345,53.417,53.504,53.595,53.705,53.842,54.111,55.08
393,@TPP,49.401,50.196,50.368,50.495,50.589,50.683,50.772,50.831,50.895,50.951,50.996,51.039,51.087,51.138,51.181,51.214,51.252,51.28,51.313,51.347,51.373,51.404,51.433,51.457,51.482,51.515,51.547,51.568,51.596,51.622,51.648,51.671,51.699,51.728,51.749,51.771,51.786,51.811,51.841,51.862,51.885,51.906,51.924,51.948,51.972,51.992,52.014,52.035,52.057,52.08,52.099,52.119,52.141,52.157,52.18,52.202,52.231,52.25,52.276,52.3,52.319,52.335,52.352,52.373,52.401,52.42,52.44,52.462,52.49,52.524,52.547,52.57,52.593,52.617,52.646,52.674,52.705,52.726,52.749,52.776,52.818,52.849,52.884,52.916,52.944,52.98,53.028,53.066,53.098,53.143,53.182,53.226,53.29,53.345,53.417,53.504,53.595,53.705,53.842,54.111,55.08
394,@TPP,49.458,50.231,50.438,50.566,50.668,50.776,50.856,50.919,50.993,51.042,51.091,51.135,51.18,51.215,51.253,51.286,51.329,51.353,51.382,51.415,51.454,51.488,51.518,51.542,51.574,51.601,51.626,51.655,51.684,51.706,51.73,51.757,51.785,51.805,51.824,51.847,51.871,51.902,51.923,51.941,51.963,51.986,52.008,52.033,52.051,52.077,52.094,52.114,52.13,52.152,52.171,52.193,52.222,52.247,52.267,52.287,52.309,52.327,52.348,52.365,52.388,52.413,52.438,52.461,52.483,52.507,52.53,52.554,52.576,52.595,52.62,52.642,52.659,52.684,52.709,52.732,52.754,52.778,52.811,52.838,52.869,52.907,52.934,52.976,53.016,53.043,53.076,53.133,53.178,53.207,53.257,53.306,53.371,53.418,53.483,53.585,53.686,53.788,53.908,54.179,54.85
395,@TPP,49.458,50.231,50.438,50.566,50.668,50.776,50.856,50.919,50.993,51.042,51.091,51.135,51.18,51.215,51.253,51.286,51.329,51.353,51.382,51.415,51.454,51.488,51.518,51.542,51.574,51.601,51.626,51.655,51.684,51.706,51.73,51.757,51.785,51.805,51.824,51.847,51.871,51.902,51.923,51.941,51.963,51.986,52.008,52.033,52.051,52.077,52.094,52.114,52.13,52.152,52.171,52.193,52.222,52.247,52.267,52.287,52.309,52.327,52.348,52.365,52.388,52.413,52.438,52.461,52.483,52.507,52.53,52.554,52.576,52.595,52.62,52.642,52.659,52.684,52.709,52.732,52.754,52.778,52.811,52.838,52.869,52.907,52.934,52.976,53.016,53.043,53.076,53.133,53.178,53.207,53.257,53.306,53.371,53.418,53.483,53.585,53.686,53.788,53.908,54.179,54.85
396,@TPP,49.666,50.212,50.476,50.61,50.724,50.812,50.88,50.94,51.002,51.046,51.103,51.158,51.199,51.235,51.27,51.3,51.34,51.379,51.419,51.457,51.485,51.516,51.544,51.574,51.597,51.627,51.654,51.671,51.694,51.723,51.744,51.769,51.796,51.82,51.84,51.866,51.889,51.91,51.928,51.952,51.974,51.999,52.026,52.047,52.066,52.095,52.115,52.14,52.162,52.183,52.204,52.223,52.249,52.274,52.298,52.324,52.346,52.366,52.389,52.412,52.435,52.458,52.481,52.505,52.534,52.553,52.573,52.591,52.616,52.643,52.672,52.694,52.714,52.74,52.777,52.803,52.831,52.858,52.894,52.922,52.949,52.981,53.017,53.05,53.084,53.117,53.171,53.216,53.261,53.31,53.347,53.392,53.44,53.513,53.575,53.645,53.752,53.884,54.026,54.293,54.96
397,@TPP,49.666,50.212,50.476,50.61,50.724,50.812,50.88,50.94,51.002,51.046,51.103,51.158,51.199,51.235,51.27,51.3,51.34,51.379,51.419,51.457,51.485,51.516,51.544,51.574,51.597,51.627,51.654,51.671,51.694,51.723,51.744,51.769,51.796,51.82,51.84,51.866,51.889,51.91,51.928,51.952,51.974,51.999,52.026,52.047,52.066,52.095,52.115,52.14,52.162,52.183,52.204,52.223,52.249,52.274,52.298,52.324,52.346,52.366,52.389,52.412,52.435,52.458,52.481,52.505,52.534,52.553,52.573,52.591,52.616,52.643,52.672,52.694,52.714,52.74,52.777,52.803,52.831,52.858,52.894,52.922,52.949,52.981,53.017,53.05,53.084,53.117,53.171,53.216,53.261,53.31,53.347,53.392,53.44,53.513,53.575,53.645,53.752,53.884,54.026,54.293,54.96
398,@TPP,49.432,50.207,50.392,50.531,50.701,50.799,50.87,50.944,51.003,51.055,51.122,51.161,51.211,51.244,51.279,51.32,51.354,51.392,51.43,51.48,51.518,51.542,51.568,51.59,51.617,51.647,51.68,51.707,51.736,51.76,51.79,51.817,51.842,51.863,51.884,51.908,51.936,51.957,51.983,52.01,52.025,52.047,52.068,52.09,52.11,52.132,52.155,52.177,52.199,52.223,52.239,52.264,52.287,52.311,52.329,52.355,52.376,52.4,52.419,52.443,52.46,52.484,52.509,52.54,52.567,52.595,52.626,52.647,52.675,52.698,52.715,52.742,52.767,52.797,52.825,52.849,52.88,52.911,52.938,52.962,53.003,53.044,53.077,53.118,53.152,53.185,53.215,53.25,53.296,53.34,53.393,53.43,53.475,53.536,53.608,53.691,53.774,53.916,54.109,54.368,55.164
399,@TPP,49.432,50.207,50.392,50.531,50.701,50.799,50.87,50.944,51.003,51.055,51.122,51.161,51.211,51.244,51.279,51.32,51.354,51.392,51.43,51.48,51.518,51.542,51.568,51.59,51.617,51.647,51.68,51.707,51.736,51.76,51.79,51.817,51.842,51.863,51.884,51.908,51.936,51.957,51.983,52.01,52.025,52.047,52.068,52.09,52.11,52.132,52.155,52.177,52.199,52.223,52.239,52.264,52.287,52.311,52.329,52.355,52.376,52.4,52.419,52.443,52.46,52.484,52.509,52.54,52.567,52.595,52.626,52.647,52.675,52.698,52.715,52.742,52.767,52.797,52.825,52.849,52.88,52.911,52.938,52.962,53.003,53.044,53.077,53.118,53.152,53.185,53.215,53.25,53.296,53.34,53.393,53.43,53.475,53.536,53.608,53.691,53.774,53.916,54.109,54.368,55.164
400,@TPP,49.669,50.229,50.465,50.622,50.728,50.84,50.933,50.99,51.044,51.102,51.153,51.19,51.223,51.266,51.303,51.335,51.364,51.41,51.444,51.485,51.532,51.564,51.597,51.627,51.651,51.683,51.707,51.734,51.767,51.796,51.827,51.855,51.884,51.907,51.935,51.957,51.98,52.0,52.021,52.043,52.06,52.081,52.099,52.117,52.141,52.162,52.188,52.215,52.232,52.256,52.279,52.298,52.318,52.338,52.357,52.377,52.397,52.422,52.438,52.469,52.491,52.511,52.536,52.562,52.587,52.614,52.638,52.671,52.697,52.721,52.744,52.775,52.803,52.834,52.862,52.89,52.912,52.943,52.982,53.009,53.042,53.074,53.098,53.131,53.164,53.196,53.235,53.278,53.313,53.354,53.415,53.475,53.535,53.612,53.69,53.773,53.856,53.98,54.143,54.402,55.183
401,@TPP,49.669,50.229,50.465,50.622,50.728,50.84,50.933,50.99,51.044,51.102,51.153,51.19,51.223,51.266,51.303,51.335,51.364,51.41,51.444,51.485,51.532,51.564,51.597,51.627,51.651,51.683,51.707,51.734,51.767,51.796,51.827,51.855,51.884,51.907,51.935,51.957,51.98,52.0,52.021,52.043,52.06,52.081,52.099,52.117,52.141,52.162,52.188,52.215,52.232,52.256,52.279,52.298,52.318,52.338,52.357,52.377,52.397,52.422,52.438,52.469,52.491,52.511,52.536,52.562,52.587,52.614,52.638,52.671,52.697,52.721,52.744,52.775,52.803,52.834,52.862,52.89,52.912,52.943,52.982,53.009,53.042,53.074,53.098,53.131,53.164,53.196,53.235,53.278,53.313,53.354,53.415,53.475,53.535,53.612,53.69,53.773,53.856,53.98,54.143,54.402,55.183
402,@TPP,49.541,50.233,50.526,50.689,50.822,50.89,50.978,51.039,51.085,51.142,51.197,51.23,51.273,51.324,51.354,51.387,51.427,51.461,51.504,51.543,51.574,51.603,51.626,51.652,51.681,51.711,51.74,51.77,51.8,51.824,51.844,51.871,51.902,51.934,51.957,51.978,52.0,52.023,52.045,52.072,52.092,52.114,52.13,52.153,52.175,52.194,52.219,52.238,52.258,52.281,52.302,52.322,52.345,52.367,52.386,52.41,52.438,52.466,52.485,52.506,52.536,52.559,52.581,52.603,52.628,52.658,52.685,52.707,52.728,52.75,52.783,52.806,52.84,52.864,52.899,52.924,52.953,52.98,53.019,53.052,53.077,53.108,53.143,53.174,53.208,53.246,53.285,53.336,53.371,53.415,53.457,53.505,53.562,53.637,53.702,53.79,53.9,54.01,54.148,54.398,55.316
403,@TPP,49.541,50.233,50.526,50.689,50.822,50.89,50.978,51.039,51.085,51.142,51.197,51.23,51.273,51.324,51.354,51.387,51.427,51.461,51.504,51.543,51.574,51.603,51.626,51.652,51.681,51.711,51.74,51.77,51.8,51.824,51.844,51.871,51.902,51.934,51.957,51.978,52.0,52.023,52.045,52.072,52.092,52.114,52.13,52.153,52.175,52.194,52.219,52.238,52.258,52.281,52.302,52.322,52.345,52.367,52.386,52.41,52.438,52.466,52.485,52.506,52.536,52.559,52.581,52.603,52.628,52.658,52.685,52.707,52.728,52.75,52.783,52.806,52.84,52.864,52.899,52.924,52.953,52.98,53.019,53.052,53.077,53.108,53.143,53.174,53.208,53.246,53.285,53.336,53.371,53.415,53.457,53.505,53.562,53.637,53.702,53.79,53.9,54.01,54.148,54.398,55.316
404,@TPP,49.612,50.331,50.534,50.698,50.826,50.923,51.004,51.081,51.14,51.179,51.232,51.274,51.306,51.345,51.379,51.414,51.441,51.482,51.515,51.547,51.586,51.628,51.662,51.693,51.718,51.744,51.772,51.801,51.827,51.856,51.883,51.919,51.942,51.964,51.988,52.012,52.035,52.06,52.081,52.108,52.131,52.152,52.174,52.196,52.215,52.245,52.268,52.3,52.316,52.334,52.358,52.385,52.407,52.428,52.452,52.475,52.498,52.525,52.549,52.572,52.599,52.617,52.637,52.656,52.682,52.7,52.728,52.754,52.781,52.809,52.833,52.858,52.879,52.902,52.928,52.955,52.983,53.007,53.035,53.075,53.111,53.142,53.178,53.213,53.251,53.29,53.326,53.359,53.41,53.45,53.5,53.554,53.61,53.663,53.738,53.837,53.93,54.069,54.214,54.475,55.342
405,@TPP,49.612,50.331,50.534,50.698,50.826,50.923,51.004,51.081,51.14,51.179,51.232,51.274,51.306,51.345,51.379,51.414,51.441,51.482,51.515,51.547,51.586,51.628,51.662,51.693,51.718,51.744,51.772,51.801,51.827,51.856,51.883,51.919,51.942,51.964,51.988,52.012,52.035,52.06,52.081,52.108,52.131,52.152,52.174,52.196,52.215,52.245,52.268,52.3,52.316,52.334,52.358,52.385,52.407,52.428,52.452,52.475,52.498,52.525,52.549,52.572,52.599,52.617,52.637,52.656,52.682,52.7,52.728,52.754,52.781,52.809,52.833,52.858,52.879,52.902,52.928,52.955,52.983,53.007,53.035,53.075,53.111,53.142,53.178,53.213,53.251,53.29,53.326,53.359,53.41,53.45,53.5,53.554,53.61,53.663,53.738,53.837,53.93,54.069,54.214,54.475,55.342
406,@TPP,49.779,50.407,50.634,50.792,50.868,50.95,51.028,51.085,51.122,51.172,51.242,51.295,51.338,51.373,51.422,51.462,51.5,51.535,51.569,51.599,51.635,51.67,51.704,51.738,51.766,51.793,51.818,51.855,51.888,51.915,51.938,51.96,51.979,52.001,52.027,52.049,52.073,52.097,52.123,52.139,52.165,52.188,52.208,52.231,52.254,52.275,52.295,52.322,52.345,52.364,52.382,52.406,52.427,52.455,52.476,52.496,52.518,52.549,52.567,52.591,52.611,52.633,52.661,52.685,52.704,52.727,52.748,52.78,52.809,52.836,52.861,52.886,52.904,52.925,52.961,52.996,53.024,53.051,53.082,53.108,53.146,53.178,53.213,53.245,53.278,53.318,53.35,53.39,53.424,53.463,53.537,53.588,53.633,53.69,53.762,53.842,53.931,54.08,54.251,54.543,55.403
407,@TPP,49.779,50.407,50.634,50.792,50.868,50.95,51.028,51.085,51.122,51.172,51.242,51.295,51.338,51.373,51.422,51.462,51.5,51.535,51.569,51.599,51.635,51.67,51.704,51.738,51.766,51.793,51.818,51.855,51.888,51.915,51.938,51.96,51.979,52.001,52.027,52.049,52.073,52.097,52.123,52.139,52.165,52.188,52.208,52.231,52.254,52.275,52.295,52.322,52.345,52.364,52.382,52.406,52.427,52.455,52.476,52.496,52.518,52.549,52.567,52.591,52.611,52.633,52.661,52.685,52.704,52.727,52.748,52.78,52.809,52.836,52.861,52.886,52.904,52.925,52.961,52.996,53.024,53.051,53.082,53.108,53.146,53.178,53.213,53.245,53.278,53.318,53.35,53.39,53.424,53.463,53.537,53.588,53.633,53.69,53.762,53.842,53.931,54.08,54.251,54.543,55.403
408,@TPP,49.637,50.458,50.663,50.821,50.94,51.006,51.067,51.134,51.187,51.248,51.297,51.347,51.393,51.418,51.455,51.488,51.529,51.561,51.603,51.642,51.671,51.7,51.736,51.763,51.793,51.825,51.843,51.875,51.909,51.931,51.951,51.982,52.002,52.03,52.06,52.084,52.108,52.13,52.16,52.182,52.199,52.22,52.239,52.262,52.291,52.308,52.33,52.352,52.373,52.4,52.423,52.443,52.472,52.493,52.518,52.539,52.559,52.583,52.611,52.633,52.656,52.685,52.705,52.729,52.749,52.772,52.8,52.826,52.849,52.88,52.902,52.924,52.946,52.977,53.002,53.031,53.064,53.092,53.125,53.15,53.181,53.213,53.239,53.278,53.309,53.347,53.381,53.424,53.46,53.507,53.555,53.615,53.668,53.716,53.784,53.881,53.968,54.086,54.265,54.606,55.185
409,@TPP,49.637,50.458,50.663,50.821,50.94,51.006,51.067,51.134,51.187,51.248,51.297,51.347,51.393,51.418,51.455,51.488,51.529,51.561,51.603,51.642,51.671,51.7,51.736,51.763,51.793,51.825,51.843,51.875,51.909,51.931,51.951,51.982,52.002,52.03,52.06,52.084,52.108,52.13,52.16,52.182,52.199,52.22,52.239,52.262,52.291,52.308,52.33,52.352,52.373,52.4,52.423,52.443,52.472,52.493,52.518,52.539,52.559,52.583,52.611,52.633,52.656,52.685,52.705,52.729,52.749,52.772,52.8,52.826,52.849,52.88,52.902,52.924,52.946,52.977,53.002,53.031,53.064,53.092,53.125,53.15,53.181,53.213,53.239,53.278,53.309,53.347,53.381,53.424,53.46,53.507,53.555,53.615,53.668,53.716,53.784,53.881,53.968,54.086,54.265,54.606,55.185
410,@TPP,49.966,50.392,50.605,50.792,50.886,50.986,51.059,51.123,51.172,51.224,51.292,51.333,51.389,51.424,51.46,51.5,51.547,51.576,51.615,51.653,51.691,51.719,51.744,51.777,51.806,51.829,51.862,51.884,51.908,51.932,51.961,51.983,52.012,52.042,52.065,52.086,52.118,52.137,52.158,52.183,52.209,52.228,52.253,52.278,52.302,52.322,52.343,52.366,52.391,52.415,52.441,52.462,52.487,52.508,52.535,52.559,52.587,52.61,52.633,52.648,52.674,52.697,52.719,52.749,52.775,52.794,52.816,52.84,52.871,52.898,52.922,52.946,52.983,53.012,53.043,53.064,53.089,53.116,53.158,53.181,53.211,53.239,53.277,53.315,53.356,53.387,53.424,53.477,53.52,53.566,53.626,53.671,53.732,53.778,53.837,53.912,54.01,54.169,54.32,54.612,55.059
411,@TPP,49.966,50.392,50.605,50.792,50.886,50.986,51.059,51.123,51.172,51.224,51.292,51.333,51.389,51.424,51.46,51.5,51.547,51.576,51.615,51.653,51.691,51.719,51.744,51.777,51.806,51.829,51.862,51.884,51.908,51.932,51.961,51.983,52.012,52.042,52.065,52.086,52.118,52.137,52.158,52.183,52.209,52.228,52.253,52.278,52.302,52.322,52.343,52.366,52.391,52.415,52.441,52.462,52.487,52.508,52.535,52.559,52.587,52.61,52.633,52.648,52.674,52.697,52.719,52.749,52.775,52.794,52.816,52.84,52.871,52.898,52.922,52.946,52.983,53.012,53.043,53.064,53.089,53.116,53.158,53.181,53.211,53.239,53.277,53.315,53.356,53.387,53.424,53.477,53.52,53.566,53.626,53.671,53.732,53.778,53.837,53.912,54.01,54.169,54.32,54.612,55.059
412,@TPP,49.857,50.368,50.578,50.76,50.875,50.968,51.053,51.116,51.18,51.235,51.286,51.337,51.374,51.422,51.458,51.497,51.537,51.582,51.612,51.649,51.68,51.721,51.75,51.777,51.8,51.827,51.854,51.88,51.909,51.934,51.966,51.992,52.02,52.048,52.073,52.098,52.119,52.149,52.178,52.203,52.225,52.251,52.269,52.29,52.313,52.34,52.363,52.392,52.42,52.438,52.46,52.492,52.506,52.528,52.554,52.579,52.606,52.626,52.651,52.672,52.701,52.727,52.754,52.773,52.797,52.822,52.85,52.88,52.903,52.929,52.961,52.99,53.012,53.038,53.063,53.101,53.127,53.159,53.186,53.206,53.247,53.274,53.314,53.349,53.386,53.419,53.454,53.487,53.528,53.562,53.606,53.653,53.713,53.788,53.874,53.957,54.074,54.191,54.335,54.615,55.171
413,@TPP,49.857,50.368,50.578,50.76,50.875,50.968,51.053,51.116,51.18,51.235,51.286,51.337,51.374,51.422,51.458,51.497,51.537,51.582,51.612,51.649,51.68,51.721,51.75,51.777,51.8,51.827,51.854,51.88,51.909,51.934,51.966,51.992,52.02,52.048,52.073,52.098,52.119,52.149,52.178,52.203,52.225,52.251,52.269,52.29,52.313,52.34,52.363,52.392,52.42,52.438,52.46,52.492,52.506,52.528,52.554,52.579,52.606,52.626,52.651,52.672,52.701,52.727,52.754,52.773,52.797,52.822,52.85,52.88,52.903,52.929,52.961,52.99,53.012,53.038,53.063,53.101,53.127,53.159,53.186,53.206,53.247,53.274,53.314,53.349,53.386,53.419,53.454,53.487,53.528,53.562,53.606,53.653,53.713,53.788,53.874,53.957,54.074,54.191,54.335,54.615,55.171
414,@TPP,49.843,50.312,50.536,50.67,50.813,50.929,51.05,51.108,51.173,51.236,51.282,51.349,51.406,51.435,51.481,51.532,51.567,51.611,51.643,51.668,51.697,51.727,51.754,51.78,51.816,51.846,51.879,51.899,51.924,51.947,51.974,52.004,52.034,52.056,52.08,52.104,52.129,52.155,52.176,52.199,52.221,52.239,52.275,52.303,52.325,52.346,52.367,52.394,52.423,52.446,52.465,52.489,52.516,52.537,52.562,52.582,52.606,52.639,52.657,52.682,52.705,52.727,52.76,52.782,52.809,52.829,52.855,52.889,52.926,52.947,52.971,53.003,53.022,53.049,53.081,53.111,53.133,53.162,53.188,53.214,53.252,53.287,53.326,53.361,53.397,53.426,53.466,53.513,53.548,53.579,53.628,53.674,53.748,53.799,53.886,53.969,54.064,54.183,54.332,54.565,55.095
415,@TPP,49.843,50.312,50.536,50.67,50.813,50.929,51.05,51.108,51.173,51.236,51.282,51.349,51.406,51.435,51.481,51.532,51.567,51.611,51.643,51.668,51.697,51.727,51.754,51.78,51.816,51.846,51.879,51.899,51.924,51.947,51.974,52.004,52.034,52.056,52.08,52.104,52.129,52.155,52.176,52.199,52.221,52.239,52.275,52.303,52.325,52.346,52.367,52.394,52.423,52.446,52.465,52.489,52.516,52.537,52.562,52.582,52.606,52.639,52.657,52.682,52.705,52.727,52.76,52.782,52.809,52.829,52.855,52.889,52.926,52.947,52.971,53.003,53.022,53.049,53.081,53.111,53.133,53.162,53.188,53.214,53.252,53.287,53.326,53.361,53.397,53.426,53.466,53.513,53.548,53.579,53.628,53.674,53.748,53.799,53.886,53.969,54.064,54.183,54.332,54.565,55.095
416,@TPP,49.76,50.325,50.606,50.718,50.845,50.953,51.041,51.116,51.172,51.231,51.29,51.348,51.39,51.431,51.469,51.51,51.549,51.588,51.623,51.667,51.706,51.74,51.778,51.805,51.829,51.866,51.892,51.919,51.949,51.971,51.996,52.026,52.055,52.081,52.105,52.129,52.148,52.172,52.186,52.212,52.237,52.259,52.275,52.298,52.33,52.351,52.374,52.4,52.423,52.45,52.47,52.492,52.511,52.535,52.561,52.584,52.612,52.637,52.662,52.681,52.708,52.731,52.763,52.787,52.811,52.839,52.87,52.899,52.918,52.947,52.968,52.989,53.017,53.043,53.084,53.12,53.151,53.18,53.209,53.241,53.275,53.302,53.333,53.372,53.407,53.441,53.476,53.514,53.561,53.618,53.665,53.722,53.778,53.831,53.88,53.963,54.084,54.199,54.338,54.551,55.174
417,@TPP,49.76,50.325,50.606,50.718,50.845,50.953,51.041,51.116,51.172,51.231,51.29,51.348,51.39,51.431,51.469,51.51,51.549,51.588,51.623,51.667,51.706,51.74,51.778,51.805,51.829,51.866,51.892,51.919,51.949,51.971,51.996,52.026,52.055,52.081,52.105,52.129,52.148,52.172,52.186,52.212,52.237,52.259,52.275,52.298,52.33,52.351,52.374,52.4,52.423,52.45,52.47,52.492,52.511,52.535,52.561,52.584,52.612,52.637,52.662,52.681,52.708,52.731,52.763,52.787,52.811,52.839,52.87,52.899,52.918,52.947,52.968,52.989,53.017,53.043,53.084,53.12,53.151,53.18,53.209,53.241,53.275,53.302,53.333,53.372,53.407,53.441,53.476,53.514,53.561,53.618,53.665,53.722,53.778,53.831,53.88,53.963,54.084,54.199,54.338,54.551,55.174
418,@TPP,49.938,50.381,50.659,50.781,50.89,50.996,51.093,51.158,51.226,51.289,51.351,51.401,51.443,51.483,51.524,51.552,51.588,51.621,51.662,51.703,51.73,51.764,51.794,51.821,51.851,51.882,51.915,51.941,51.974,52.003,52.027,52.059,52.08,52.105,52.133,52.159,52.181,52.207,52.232,52.257,52.284,52.307,52.327,52.358,52.374,52.394,52.415,52.435,52.459,52.472,52.494,52.513,52.538,52.565,52.59,52.608,52.635,52.651,52.674,52.703,52.723,52.748,52.777,52.801,52.826,52.853,52.882,52.899,52.924,52.947,52.974,53.004,53.037,53.064,53.085,53.112,53.138,53.166,53.195,53.223,53.264,53.292,53.32,53.35,53.387,53.441,53.468,53.5,53.537,53.598,53.653,53.707,53.751,53.812,53.89,53.967,54.07,54.219,54.363,54.607,55.262
419,@TPP,49.938,50.381,50.659,50.781,50.89,50.996,51.093,51.158,51.226,51.289,51.351,51.401,51.443,51.483,51.524,51.552,51.588,51.621,51.662,51.703,51.73,51.764,51.794,51.821,51.851,51.882,51.915,51.941,51.974,52.003,52.027,52.059,52.08,52.105,52.133,52.159,52.181,52.207,52.232,52.257,52.284,52.307,52.327,52.358,52.374,52.394,52.415,52.435,52.459,52.472,52.494,52.513,52.538,52.565,52.59,52.608,52.635,52.651,52.674,52.703,52.723,52.748,52.777,52.801,52.826,52.853,52.882,52.899,52.924,52.947,52.974,53.004,53.037,53.064,53.085,53.112,53.138,53.166,53.195,53.223,53.264,53.292,53.32,53.35,53.387,53.441,53.468,53.5,53.537,53.598,53.653,53.707,53.751,53.812,53.89,53.967,54.07,54.219,54.363,54.607,55.262
420,@TPP,49.799,50.482,50.739,50.895,50.99,51.085,51.16,51.208,51.265,51.321,51.37,51.413,51.46,51.493,51.539,51.582,51.618,51.655,51.686,51.715,51.749,51.778,51.816,51.843,51.871,51.902,51.931,51.956,51.984,52.008,52.029,52.051,52.072,52.096,52.12,52.141,52.168,52.186,52.212,52.236,52.261,52.286,52.315,52.343,52.362,52.386,52.409,52.431,52.455,52.481,52.499,52.523,52.546,52.568,52.589,52.606,52.623,52.645,52.669,52.69,52.712,52.738,52.76,52.791,52.815,52.84,52.859,52.891,52.911,52.94,52.967,52.992,53.016,53.036,53.066,53.105,53.133,53.156,53.183,53.213,53.248,53.282,53.317,53.363,53.404,53.445,53.495,53.545,53.58,53.614,53.654,53.7,53.751,53.818,53.874,53.969,54.058,54.203,54.325,54.527,55.272
421,@TPP,49.799,50.482,50.739,50.895,50.99,51.085,51.16,51.208,51.265,51.321,51.37,51.413,51.46,51.493,51.539,51.582,51.618,51.655,51.686,51.715,51.749,51.778,51.816,51.843,51.871,51.902,51.931,51.956,51.984,52.008,52.029,52.051,52.072,52.096,52.12,52.141,52.168,52.186,52.212,52.236,52.261,52.286,52.315,52.343,52.362,52.386,52.409,52.431,52.455,52.481,52.499,52.523,52.546,52.568,52.589,52.606,52.623,52.645,52.669,52.69,52.712,52.738,52.76,52.791,52.815,52.84,52.859,52.891,52.911,52.94,52.967,52.992,53.016,53.036,53.066,53.105,53.133,53.156,53.183,53.213,53.248,53.282,53.317,53.363,53.404,53.445,53.495,53.545,53.58,53.614,53.654,53.7,53.751,53.818,53.874,53.969,54.058,54.203,54.325,54.527,55.272
422,@TPP,49.673,50.482,50.757,50.91,51.004,51.105,51.175,51.252,51.317,51.375,51.429,51.472,51.514,51.548,51.592,51.625,51.655,51.699,51.732,51.763,51.788,51.823,51.853,51.874,51.903,51.93,51.955,51.975,52.008,52.03,52.059,52.081,52.107,52.125,52.145,52.168,52.193,52.21,52.237,52.256,52.276,52.298,52.318,52.336,52.356,52.385,52.405,52.424,52.447,52.468,52.491,52.521,52.54,52.566,52.581,52.603,52.63,52.648,52.676,52.7,52.726,52.75,52.777,52.798,52.824,52.849,52.874,52.903,52.924,52.953,52.992,53.025,53.061,53.081,53.109,53.134,53.16,53.188,53.223,53.251,53.283,53.307,53.341,53.375,53.412,53.452,53.483,53.526,53.555,53.605,53.646,53.692,53.727,53.78,53.837,53.891,54.003,54.134,54.295,54.491,55.145
423,@TPP,49.673,50.482,50.757,50.91,51.004,51.105,51.175,51.252,51.317,51.375,51.429,51.472,51.514,51.548,51.592,51.625,51.655,51.699,51.732,51.763,51.788,51.823,51.853,51.874,51.903,51.93,51.955,51.975,52.008,52.03,52.059,52.081,52.107,52.125,52.145,52.168,52.193,52.21,52.237,52.256,52.276,52.298,52.318,52.336,52.356,52.385,52.405,52.424,52.447,52.468,52.491,52.521,52.54,52.566,52.581,52.603,52.63,52.648,52.676,52.7,52.726,52.75,52.777,52.798,52.824,52.849,52.874,52.903,52.924,52.953,52.992,53.025,53.061,53.081,53.109,53.134,53.16,53.188,53.223,53.251,53.283,53.307,53.341,53.375,53.412,53.452,53.483,53.526,53.555,53.605,53.646,53.692,53.727,53.78,53.837,53.891,54.003,54.134,54.295,54.491,55.145
424,@TPP,49.672,50.528,50.786,50.936,51.047,51.146,51.217,51.289,51.348,51.403,51.451,51.489,51.536,51.57,51.611,51.643,51.685,51.711,51.742,51.773,51.8,51.839,51.866,51.887,51.916,51.94,51.964,51.989,52.015,52.048,52.07,52.093,52.122,52.141,52.167,52.192,52.215,52.238,52.266,52.285,52.306,52.326,52.347,52.38,52.398,52.423,52.45,52.472,52.497,52.518,52.539,52.56,52.586,52.61,52.626,52.649,52.666,52.688,52.709,52.736,52.759,52.779,52.795,52.82,52.837,52.862,52.88,52.904,52.929,52.949,52.973,52.995,53.02,53.064,53.091,53.115,53.138,53.16,53.192,53.221,53.257,53.293,53.329,53.358,53.401,53.43,53.472,53.511,53.561,53.609,53.64,53.688,53.742,53.801,53.876,53.953,54.026,54.132,54.263,54.453,54.908
425,@TPP,49.672,50.528,50.786,50.936,51.047,51.146,51.217,51.289,51.348,51.403,51.451,51.489,51.536,51.57,51.611,51.643,51.685,51.711,51.742,51.773,51.8,51.839,51.866,51.887,51.916,51.94,51.964,51.989,52.015,52.048,52.07,52.093,52.122,52.141,52.167,52.192,52.215,52.238,52.266,52.285,52.306,52.326,52.347,52.38,52.398,52.423,52.45,52.472,52.497,52.518,52.539,52.56,52.586,52.61,52.626,52.649,52.666,52.688,52.709,52.736,52.759,52.779,52.795,52.82,52.837,52.862,52.88,52.904,52.929,52.949,52.973,52.995,53.02,53.064,53.091,53.115,53.138,53.16,53.192,53.221,53.257,53.293,53.329,53.358,53.401,53.43,53.472,53.511,53.561,53.609,53.64,53.688,53.742,53.801,53.876,53.953,54.026,54.132,54.263,54.453,54.908
426,@TPP,49.562,50.426,50.674,50.839,50.96,51.034,51.104,51.181,51.24,51.292,51.34,51.382,51.422,51.47,51.51,51.553,51.589,51.634,51.675,51.703,51.738,51.767,51.799,51.828,51.862,51.882,51.914,51.942,51.971,52.002,52.023,52.044,52.069,52.096,52.118,52.139,52.162,52.194,52.212,52.236,52.259,52.281,52.306,52.332,52.349,52.38,52.408,52.429,52.452,52.467,52.491,52.518,52.54,52.569,52.591,52.606,52.626,52.646,52.673,52.694,52.719,52.74,52.761,52.78,52.794,52.818,52.847,52.867,52.89,52.922,52.96,52.984,53.008,53.039,53.065,53.089,53.127,53.161,53.187,53.219,53.248,53.279,53.306,53.348,53.382,53.421,53.455,53.502,53.544,53.583,53.634,53.691,53.744,53.801,53.887,53.947,54.031,54.117,54.271,54.498,55.224
427,@TPP,49.562,50.426,50.674,50.839,50.96,51.034,51.104,51.181,51.24,51.292,51.34,51.382,51.422,51.47,51.51,51.553,51.589,51.634,51.675,51.703,51.738,51.767,51.799,51.828,51.862,51.882,51.914,51.942,51.971,52.002,52.023,52.044,52.069,52.096,52.118,52.139,52.162,52.194,52.212,52.236,52.259,52.281,52.306,52.332,52.349,52.38,52.408,52.429,52.452,52.467,52.491,52.518,52.54,52.569,52.591,52.606,52.626,52.646,52.673,52.694,52.719,52.74,52.761,52.78,52.794,52.818,52.847,52.867,52.89,52.922,52.96,52.984,53.008,53.039,53.065,53.089,53.127,53.161,53.187,53.219,53.248,53.279,53.306,53.348,53.382,53.421,53.455,53.502,53.544,53.583,53.634,53.691,53.744,53.801,53.887,53.947,54.031,54.117,54.271,54.498,55.224
428,@TPP,49.456,50.249,50.562,50.698,50.851,50.928,51.012,51.074,51.166,51.214,51.252,51.299,51.343,51.396,51.452,51.489,51.524,51.571,51.612,51.639,51.674,51.711,51.745,51.773,51.806,51.837,51.862,51.891,51.917,51.95,51.983,52.015,52.043,52.066,52.089,52.109,52.134,52.15,52.17,52.191,52.226,52.245,52.266,52.291,52.31,52.331,52.349,52.373,52.399,52.426,52.448,52.471,52.495,52.522,52.546,52.571,52.599,52.629,52.655,52.682,52.7,52.728,52.758,52.782,52.806,52.828,52.852,52.877,52.903,52.925,52.955,52.986,53.003,53.024,53.055,53.089,53.115,53.142,53.178,53.207,53.241,53.275,53.302,53.338,53.377,53.407,53.462,53.521,53.556,53.597,53.649,53.702,53.758,53.822,53.871,53.956,54.059,54.163,54.303,54.537,55.148
429,@TPP,49.456,50.249,50.562,50.698,50.851,50.928,51.012,51.074,51.166,51.214,51.252,51.299,51.343,51.396,51.452,51.489,51.524,51.571,51.612,51.639,51.674,51.711,51.745,51.773,51.806,51.837,51.862,51.891,51.917,51.95,51.983,52.015,52.043,52.066,52.089,52.109,52.134,52.15,52.17,52.191,52.226,52.245,52.266,52.291,52.31,52.331,52.349,52.373,52.399,52.426,52.448,52.471,52.495,52.522,52.546,52.571,52.599,52.629,52.655,52.682,52.7,52.728,52.758,52.782,52.806,52.828,52.852,52.877,52.903,52.925,52.955,52.986,53.003,53.024,53.055,53.089,53.115,53.142,53.178,53.207,53.241,53.275,53.302,53.338,53.377,53.407,53.462,53.521,53.556,53.597,53.649,53.702,53.758,53.822,53.871,53.956,54.059,54.163,54.303,54.537,55.148
430,@TPP,49.084,50.239,50.437,50.638,50.751,50.865,50.942,51.006,51.068,51.124,51.164,51.237,51.308,51.349,51.397,51.441,51.481,51.516,51.545,51.582,51.62,51.653,51.681,51.718,51.757,51.781,51.807,51.832,51.857,51.88,51.917,51.942,51.969,51.999,52.028,52.053,52.074,52.096,52.12,52.15,52.172,52.198,52.224,52.249,52.271,52.299,52.326,52.354,52.375,52.405,52.426,52.457,52.471,52.495,52.52,52.542,52.559,52.583,52.597,52.622,52.646,52.675,52.711,52.743,52.769,52.796,52.819,52.844,52.878,52.908,52.93,52.964,52.994,53.02,53.044,53.065,53.099,53.138,53.167,53.207,53.239,53.271,53.298,53.335,53.378,53.419,53.477,53.532,53.571,53.616,53.665,53.73,53.802,53.858,53.953,54.036,54.115,54.27,54.447,54.645,55.302
431,@TPP,49.084,50.239,50.437,50.638,50.751,50.865,50.942,51.006,51.068,51.124,51.164,51.237,51.308,51.349,51.397,51.441,51.481,51.516,51.545,51.582,51.62,51.653,51.681,51.718,51.757,51.781,51.807,51.832,51.857,51.88,51.917,51.942,51.969,51.999,52.028,52.053,52.074,52.096,52.12,52.15,52.172,52.198,52.224,52.249,52.271,52.299,52.326,52.354,52.375,52.405,52.426,52.457,52.471,52.495,52.52,52.542,52.559,52.583,52.597,52.622,52.646,52.675,52.711,52.743,52.769,52.796,52.819,52.844,52.878,52.908,52.93,52.964,52.994,53.02,53.044,53.065,53.099,53.138,53.167,53.207,53.239,53.271,53.298,53.335,53.378,53.419,53.477,53.532,53.571,53.616,53.665,53.73,53.802,53.858,53.953,54.036,54.115,54.27,54.447,54.645,55.302
432,@TPP,49.309,50.133,50.365,50.54,50.701,50.793,50.896,50.983,51.042,51.095,51.153,51.209,51.254,51.291,51.335,51.369,51.405,51.453,51.486,51.518,51.551,51.59,51.623,51.66,51.69,51.721,51.761,51.796,51.829,51.855,51.883,51.906,51.929,51.957,51.984,52.014,52.043,52.071,52.092,52.121,52.149,52.175,52.199,52.22,52.24,52.26,52.285,52.311,52.333,52.357,52.378,52.404,52.431,52.456,52.48,52.502,52.526,52.551,52.58,52.605,52.637,52.66,52.686,52.715,52.745,52.773,52.801,52.823,52.853,52.88,52.927,52.963,53.001,53.025,53.058,53.089,53.118,53.156,53.18,53.209,53.24,53.279,53.315,53.369,53.409,53.448,53.487,53.539,53.583,53.627,53.686,53.749,53.81,53.887,53.973,54.078,54.192,54.301,54.472,54.754,55.378
433,@TPP,49.309,50.133,50.365,50.54,50.701,50.793,50.896,50.983,51.042,51.095,51.153,51.209,51.254,51.291,51.335,51.369,51.405,51.453,51.486,51.518,51.551,51.59,51.623,51.66,51.69,51.721,51.761,51.796,51.829,51.855,51.883,51.906,51.929,51.957,51.984,52.014,52.043,52.071,52.092,52.121,52.149,52.175,52.199,52.22,52.24,52.26,52.285,52.311,52.333,52.357,52.378,52.404,52.431,52.456,52.48,52.502,52.526,52.551,52.58,52.605,52.637,52.66,52.686,52.715,52.745,52.773,52.801,52.823,52.853,52.88,52.927,52.963,53.001,53.025,53.058,53.089,53.118,53.156,53.18,53.209,53.24,53.279,53.315,53.369,53.409,53.448,53.487,53.539,53.583,53.627,53.686,53.749,53.81,53.887,53.973,54.078,54.192,54.301,54.472,54.754,55.378
434,@TPP,49.234,49.99,50.319,50.488,50.634,50.748,50.839,50.9,50.989,51.056,51.106,51.147,51.211,51.251,51.289,51.33,51.372,51.416,51.448,51.484,51.514,51.546,51.573,51.612,51.648,51.68,51.711,51.744,51.771,51.802,51.83,51.857,51.891,51.917,51.943,51.971,52.004,52.031,52.059,52.081,52.106,52.136,52.159,52.188,52.214,52.249,52.272,52.297,52.321,52.348,52.369,52.4,52.419,52.448,52.469,52.493,52.528,52.549,52.568,52.595,52.622,52.648,52.669,52.699,52.726,52.753,52.779,52.802,52.827,52.853,52.886,52.917,52.955,52.987,53.024,53.056,53.088,53.114,53.146,53.171,53.213,53.246,53.29,53.336,53.38,53.415,53.467,53.507,53.557,53.598,53.65,53.736,53.794,53.856,53.951,54.075,54.181,54.31,54.471,54.775,55.662
435,@TPP,49.234,49.99,50.319,50.488,50.634,50.748,50.839,50.9,50.989,51.056,51.106,51.147,51.211,51.251,51.289,51.33,51.372,51.416,51.448,51.484,51.514,51.546,51.573,51.612,51.648,51.68,51.711,51.744,51.771,51.802,51.83,51.857,51.891,51.917,51.943,51.971,52.004,52.031,52.059,52.081,52.106,52.136,52.159,52.188,52.214,52.249,52.272,52.297,52.321,52.348,52.369,52.4,52.419,52.448,52.469,52.493,52.528,52.549,52.568,52.595,52.622,52.648,52.669,52.699,52.726,52.753,52.779,52.802,52.827,52.853,52.886,52.917,52.955,52.987,53.024,53.056,53.088,53.114,53.146,53.171,53.213,53.246,53.29,53.336,53.38,53.415,53.467,53.507,53.557,53.598,53.65,53.736,53.794,53.856,53.951,54.075,54.181,54.31,54.471,54.775,55.662
436,@TPP,48.824,49.883,50.22,50.364,50.51,50.622,50.734,50.821,50.91,50.966,51.038,51.085,51.137,51.179,51.234,51.27,51.31,51.355,51.389,51.431,51.473,51.512,51.563,51.595,51.62,51.647,51.672,51.701,51.729,51.761,51.801,51.836,51.861,51.889,51.917,51.951,51.975,51.998,52.029,52.056,52.082,52.118,52.146,52.166,52.185,52.21,52.241,52.269,52.298,52.328,52.353,52.374,52.398,52.426,52.452,52.475,52.499,52.532,52.558,52.587,52.613,52.641,52.675,52.703,52.724,52.757,52.793,52.815,52.835,52.867,52.894,52.926,52.953,52.981,53.014,53.037,53.071,53.101,53.138,53.173,53.203,53.253,53.284,53.312,53.356,53.393,53.457,53.518,53.564,53.617,53.682,53.767,53.819,53.889,53.985,54.087,54.21,54.347,54.518,54.783,55.463
437,@TPP,48.824,49.883,50.22,50.364,50.51,50.622,50.734,50.821,50.91,50.966,51.038,51.085,51.137,51.179,51.234,51.27,51.31,51.355,51.389,51.431,51.473,51.512,51.563,51.595,51.62,51.647,51.672,51.701,51.729,51.761,51.801,51.836,51.861,51.889,51.917,51.951,51.975,51.998,52.029,52.056,52.082,52.118,52.146,52.166,52.185,52.21,52.241,52.269,52.298,52.328,52.353,52.374,52.398,52.426,52.452,52.475,52.499,52.532,52.558,52.587,52.613,52.641,52.675,52.703,52.724,52.757,52.793,52.815,52.835,52.867,52.894,52.926,52.953,52.981,53.014,53.037,53.071,53.101,53.138,53.173,53.203,53.253,53.284,53.312,53.356,53.393,53.457,53.518,53.564,53.617,53.682,53.767,53.819,53.889,53.985,54.087,54.21,54.347,54.518,54.783,55.463
438,@TPP,48.846,49.71,49.998,50.218,50.36,50.537,50.629,50.706,50.784,50.861,50.927,50.974,51.058,51.108,51.168,51.213,51.266,51.305,51.345,51.388,51.419,51.457,51.494,51.534,51.576,51.604,51.633,51.673,51.705,51.738,51.771,51.81,51.833,51.863,51.898,51.925,51.955,51.986,52.015,52.04,52.067,52.095,52.124,52.147,52.175,52.202,52.227,52.256,52.287,52.317,52.347,52.37,52.396,52.42,52.447,52.476,52.502,52.537,52.564,52.594,52.621,52.647,52.678,52.708,52.734,52.765,52.798,52.828,52.862,52.901,52.931,52.959,52.992,53.023,53.055,53.09,53.125,53.165,53.189,53.234,53.27,53.314,53.357,53.409,53.448,53.48,53.534,53.592,53.643,53.699,53.78,53.837,53.891,53.968,54.055,54.194,54.299,54.439,54.631,54.955,55.631
439,@TPP,48.846,49.71,49.998,50.218,50.36,50.537,50.629,50.706,50.784,50.861,50.927,50.974,51.058,51.108,51.168,51.213,51.266,51.305,51.345,51.388,51.419,51.457,51.494,51.534,51.576,51.604,51.633,51.673,51.705,51.738,51.771,51.81,51.833,51.863,51.898,51.925,51.955,51.986,52.015,52.04,52.067,52.095,52.124,52.147,52.175,52.202,52.227,52.256,52.287,52.317,52.347,52.37,52.396,52.42,52.447,52.476,52.502,52.537,52.564,52.594,52.621,52.647,52.678,52.708,52.734,52.765,52.798,52.828,52.862,52.901,52.931,52.959,52.992,53.023,53.055,53.09,53.125,53.165,53.189,53.234,53.27,53.314,53.357,53.409,53.448,53.48,53.534,53.592,53.643,53.699,53.78,53.837,53.891,53.968,54.055,54.194,54.299,54.439,54.631,54.955,55.631
440,@TPP,48.687,49.572,49.92,50.139,50.344,50.458,50.569,50.636,50.7,50.758,50.84,50.917,50.994,51.039,51.101,51.148,51.212,51.258,51.294,51.337,51.382,51.436,51.471,51.511,51.549,51.581,51.618,51.66,51.69,51.727,51.757,51.785,51.822,51.859,51.891,51.921,51.951,51.981,52.012,52.037,52.064,52.097,52.129,52.155,52.177,52.201,52.229,52.263,52.288,52.317,52.342,52.37,52.395,52.429,52.459,52.486,52.511,52.537,52.564,52.594,52.627,52.654,52.686,52.713,52.752,52.783,52.817,52.848,52.878,52.919,52.944,52.98,53.011,53.043,53.079,53.117,53.156,53.195,53.237,53.287,53.32,53.368,53.416,53.458,53.495,53.555,53.593,53.646,53.71,53.773,53.835,53.893,53.988,54.089,54.183,54.268,54.393,54.543,54.7,55.071,55.917
441,@TPP,48.687,49.572,49.92,50.139,50.344,50.458,50.569,50.636,50.7,50.758,50.84,50.917,50.994,51.039,51.101,51.148,51.212,51.258,51.294,51.337,51.382,51.436,51.471,51.511,51.549,51.581,51.618,51.66,51.69,51.727,51.757,51.785,51.822,51.859,51.891,51.921,51.951,51.981,52.012,52.037,52.064,52.097,52.129,52.155,52.177,52.201,52.229,52.263,52.288,52.317,52.342,52.37,52.395,52.429,52.459,52.486,52.511,52.537,52.564,52.594,52.627,52.654,52.686,52.713,52.752,52.783,52.817,52.848,52.878,52.919,52.944,52.98,53.011,53.043,53.079,53.117,53.156,53.195,53.237,53.287,53.32,53.368,53.416,53.458,53.495,53.555,53.593,53.646,53.71,53.773,53.835,53.893,53.988,54.089,54.183,54.268,54.393,54.543,54.7,55.071,55.917
442,@TPP,48.576,49.504,49.856,50.08,50.254,50.372,50.484,50.549,50.64,50.728,50.807,50.851,50.906,50.966,51.031,51.096,51.165,51.218,51.273,51.312,51.354,51.394,51.43,51.469,51.502,51.547,51.578,51.618,51.649,51.684,51.727,51.772,51.806,51.837,51.871,51.9,51.93,51.961,51.983,52.025,52.053,52.077,52.106,52.136,52.169,52.195,52.22,52.247,52.278,52.309,52.339,52.364,52.393,52.425,52.453,52.48,52.506,52.536,52.576,52.604,52.635,52.667,52.706,52.744,52.769,52.803,52.832,52.863,52.897,52.93,52.968,52.997,53.034,53.074,53.111,53.154,53.203,53.236,53.268,53.301,53.344,53.373,53.43,53.472,53.522,53.577,53.622,53.686,53.752,53.817,53.879,53.957,54.047,54.123,54.208,54.302,54.454,54.609,54.844,55.177,56.187
443,@TPP,48.576,49.504,49.856,50.08,50.254,50.372,50.484,50.549,50.64,50.728,50.807,50.851,50.906,50.966,51.031,51.096,51.165,51.218,51.273,51.312,51.354,51.394,51.43,51.469,51.502,51.547,51.578,51.618,51.649,51.684,51.727,51.772,51.806,51.837,51.871,51.9,51.93,51.961,51.983,52.025,52.053,52.077,52.106,52.136,52.169,52.195,52.22,52.247,52.278,52.309,52.339,52.364,52.393,52.425,52.453,52.48,52.506,52.536,52.576,52.604,52.635,52.667,52.706,52.744,52.769,52.803,52.832,52.863,52.897,52.93,52.968,52.997,53.034,53.074,53.111,53.154,53.203,53.236,53.268,53.301,53.344,53.373,53.43,53.472,53.522,53.577,53.622,53.686,53.752,53.817,53.879,53.957,54.047,54.123,54.208,54.302,54.454,54.609,54.844,55.177,56.187
444,@TPP,48.604,49.447,49.742,49.946,50.137,50.235,50.368,50.486,50.571,50.651,50.713,50.796,50.876,50.936,51.005,51.057,51.107,51.154,51.207,51.254,51.293,51.347,51.392,51.449,51.5,51.538,51.571,51.601,51.636,51.675,51.706,51.733,51.758,51.788,51.82,51.857,51.883,51.913,51.936,51.965,51.996,52.023,52.05,52.084,52.119,52.148,52.178,52.209,52.241,52.273,52.303,52.326,52.36,52.387,52.428,52.456,52.491,52.525,52.559,52.589,52.618,52.651,52.686,52.718,52.759,52.803,52.833,52.878,52.916,52.954,52.988,53.024,53.076,53.117,53.152,53.178,53.215,53.256,53.289,53.329,53.375,53.432,53.475,53.52,53.566,53.623,53.679,53.742,53.811,53.881,53.95,54.032,54.104,54.195,54.291,54.438,54.555,54.668,54.951,55.368,56.393
445,@TPP,48.604,49.447,49.742,49.946,50.137,50.235,50.368,50.486,50.571,50.651,50.713,50.796,50.876,50.936,51.005,51.057,51.107,51.154,51.207,51.254,51.293,51.347,51.392,51.449,51.5,51.538,51.571,51.601,51.636,51.675,51.706,51.733,51.758,51.788,51.82,51.857,51.883,51.913,51.936,51.965,51.996,52.023,52.05,52.084,52.119,52.148,52.178,52.209,52.241,52.273,52.303,52.326,52.36,52.387,52.428,52.456,52.491,52.525,52.559,52.589,52.618,52.651,52.686,52.718,52.759,52.803,52.833,52.878,52.916,52.954,52.988,53.024,53.076,53.117,53.152,53.178,53.215,53.256,53.289,53.329,53.375,53.432,53.475,53.52,53.566,53.623,53.679,53.742,53.811,53.881,53.95,54.032,54.104,54.195,54.291,54.438,54.555,54.668,54.951,55.368,56.393
446,@TPP,47.441,48.041,48.321,48.476,48.58,48.689,48.788,48.859,48.94,49.02,49.084,49.128,49.181,49.234,49.289,49.334,49.38,49.41,49.446,49.478,49.524,49.561,49.593,49.618,49.654,49.683,49.721,49.751,49.781,49.814,49.844,49.869,49.894,49.932,49.961,49.991,50.017,50.044,50.067,50.095,50.122,50.151,50.173,50.199,50.224,50.251,50.272,50.303,50.324,50.361,50.387,50.407,50.44,50.462,50.483,50.516,50.545,50.565,50.59,50.616,50.648,50.671,50.7,50.718,50.744,50.776,50.798,50.823,50.859,50.888,50.911,50.939,50.968,50.997,51.025,51.05,51.091,51.132,51.162,51.206,51.233,51.269,51.307,51.355,51.386,51.443,51.482,51.516,51.571,51.629,51.688,51.746,51.808,51.897,51.979,52.06,52.175,52.26,52.428,52.656,53.427
447,@TPP,47.441,48.041,48.321,48.476,48.58,48.689,48.788,48.859,48.94,49.02,49.084,49.128,49.181,49.234,49.289,49.334,49.38,49.41,49.446,49.478,49.524,49.561,49.593,49.618,49.654,49.683,49.721,49.751,49.781,49.814,49.844,49.869,49.894,49.932,49.961,49.991,50.017,50.044,50.067,50.095,50.122,50.151,50.173,50.199,50.224,50.251,50.272,50.303,50.324,50.361,50.387,50.407,50.44,50.462,50.483,50.516,50.545,50.565,50.59,50.616,50.648,50.671,50.7,50.718,50.744,50.776,50.798,50.823,50.859,50.888,50.911,50.939,50.968,50.997,51.025,51.05,51.091,51.132,51.162,51.206,51.233,51.269,51.307,51.355,51.386,51.443,51.482,51.516,51.571,51.629,51.688,51.746,51.808,51.897,51.979,52.06,52.175,52.26,52.428,52.656,53.427
448,@TPP,47.508,48.138,48.422,48.646,48.748,48.841,48.903,48.977,49.034,49.091,49.151,49.198,49.25,49.284,49.33,49.389,49.429,49.461,49.501,49.542,49.577,49.608,49.64,49.685,49.72,49.747,49.773,49.801,49.824,49.851,49.88,49.901,49.929,49.957,49.99,50.007,50.034,50.055,50.083,50.11,50.129,50.158,50.182,50.204,50.229,50.252,50.275,50.299,50.331,50.353,50.387,50.411,50.433,50.457,50.486,50.509,50.533,50.562,50.582,50.6,50.622,50.644,50.667,50.686,50.713,50.741,50.766,50.798,50.825,50.855,50.883,50.915,50.944,50.964,51.0,51.033,51.068,51.092,51.121,51.157,51.184,51.231,51.268,51.302,51.34,51.376,51.427,51.459,51.501,51.552,51.605,51.653,51.712,51.774,51.842,51.925,51.998,52.136,52.347,52.598,53.345
449,@TPP,47.508,48.138,48.422,48.646,48.748,48.841,48.903,48.977,49.034,49.091,49.151,49.198,49.25,49.284,49.33,49.389,49.429,49.461,49.501,49.542,49.577,49.608,49.64,49.685,49.72,49.747,49.773,49.801,49.824,49.851,49.88,49.901,49.929,49.957,49.99,50.007,50.034,50.055,50.083,50.11,50.129,50.158,50.182,50.204,50.229,50.252,50.275,50.299,50.331,50.353,50.387,50.411,50.433,50.457,50.486,50.509,50.533,50.562,50.582,50.6,50.622,50.644,50.667,50.686,50.713,50.741,50.766,50.798,50.825,50.855,50.883,50.915,50.944,50.964,51.0,51.033,51.068,51.092,51.121,51.157,51.184,51.231,51.268,51.302,51.34,51.376,51.427,51.459,51.501,51.552,51.605,51.653,51.712,51.774,51.842,51.925,51.998,52.136,52.347,52.598,53.345
450,@TPP,47.775,48.365,48.606,48.728,48.87,48.93,48.996,49.072,49.146,49.213,49.262,49.292,49.333,49.376,49.42,49.459,49.493,49.53,49.558,49.59,49.624,49.651,49.683,49.716,49.745,49.767,49.796,49.831,49.857,49.882,49.912,49.933,49.966,49.997,50.028,50.051,50.072,50.092,50.122,50.147,50.174,50.196,50.217,50.244,50.262,50.279,50.301,50.323,50.345,50.374,50.39,50.417,50.436,50.455,50.476,50.5,50.521,50.542,50.564,50.585,50.611,50.638,50.663,50.683,50.705,50.727,50.751,50.786,50.813,50.834,50.859,50.883,50.91,50.934,50.962,50.991,51.023,51.048,51.082,51.113,51.136,51.161,51.187,51.215,51.25,51.281,51.317,51.36,51.409,51.453,51.518,51.572,51.628,51.693,51.765,51.851,51.929,52.043,52.251,52.474,53.176
451,@TPP,47.775,48.365,48.606,48.728,48.87,48.93,48.996,49.072,49.146,49.213,49.262,49.292,49.333,49.376,49.42,49.459,49.493,49.53,49.558,49.59,49.624,49.651,49.683,49.716,49.745,49.767,49.796,49.831,49.857,49.882,49.912,49.933,49.966,49.997,50.028,50.051,50.072,50.092,50.122,50.147,50.174,50.196,50.217,50.244,50.262,50.279,50.301,50.323,50.345,50.374,50.39,50.417,50.436,50.455,50.476,50.5,50.521,50.542,50.564,50.585,50.611,50.638,50.663,50.683,50.705,50.727,50.751,50.786,50.813,50.834,50.859,50.883,50.91,50.934,50.962,50.991,51.023,51.048,51.082,51.113,51.136,51.161,51.187,51.215,51.25,51.281,51.317,51.36,51.409,51.453,51.518,51.572,51.628,51.693,51.765,51.851,51.929,52.043,52.251,52.474,53.176
452,@TPP,47.995,48.539,48.746,48.881,48.967,49.054,49.111,49.173,49.233,49.29,49.333,49.364,49.4,49.446,49.483,49.527,49.547,49.59,49.615,49.659,49.686,49.717,49.748,49.773,49.79,49.819,49.846,49.873,49.897,49.921,49.945,49.971,49.996,50.022,50.044,50.063,50.087,50.106,50.133,50.16,50.181,50.204,50.225,50.248,50.272,50.295,50.31,50.333,50.354,50.37,50.39,50.41,50.428,50.446,50.468,50.491,50.514,50.528,50.551,50.566,50.587,50.606,50.626,50.649,50.668,50.69,50.715,50.74,50.771,50.792,50.815,50.838,50.863,50.888,50.915,50.937,50.956,50.975,51.003,51.033,51.063,51.091,51.118,51.156,51.189,51.215,51.256,51.298,51.334,51.376,51.421,51.459,51.5,51.564,51.62,51.705,51.787,51.905,52.06,52.299,53.039
453,@TPP,47.995,48.539,48.746,48.881,48.967,49.054,49.111,49.173,49.233,49.29,49.333,49.364,49.4,49.446,49.483,49.527,49.547,49.59,49.615,49.659,49.686,49.717,49.748,49.773,49.79,49.819,49.846,49.873,49.897,49.921,49.945,49.971,49.996,50.022,50.044,50.063,50.087,50.106,50.133,50.16,50.181,50.204,50.225,50.248,50.272,50.295,50.31,50.333,50.354,50.37,50.39,50.41,50.428,50.446,50.468,50.491,50.514,50.528,50.551,50.566,50.587,50.606,50.626,50.649,50.668,50.69,50.715,50.74,50.771,50.792,50.815,50.838,50.863,50.888,50.915,50.937,50.956,50.975,51.003,51.033,51.063,51.091,51.118,51.156,51.189,51.215,51.256,51.298,51.334,51.376,51.421,51.459,51.5,51.564,51.62,51.705,51.787,51.905,52.06,52.299,53.039
454,@TPP,48.076,48.668,48.838,48.984,49.091,49.168,49.236,49.297,49.349,49.41,49.453,49.493,49.531,49.569,49.608,49.638,49.662,49.69,49.717,49.743,49.771,49.795,49.82,49.845,49.869,49.895,49.923,49.94,49.961,49.99,50.013,50.039,50.07,50.094,50.12,50.139,50.162,50.182,50.205,50.226,50.246,50.263,50.285,50.306,50.322,50.344,50.364,50.387,50.405,50.421,50.439,50.457,50.476,50.498,50.516,50.534,50.55,50.572,50.59,50.612,50.636,50.654,50.674,50.692,50.713,50.733,50.753,50.777,50.804,50.823,50.853,50.876,50.897,50.914,50.933,50.955,50.976,51.002,51.031,51.054,51.077,51.107,51.138,51.161,51.198,51.239,51.269,51.295,51.327,51.368,51.41,51.448,51.501,51.541,51.616,51.687,51.755,51.839,51.957,52.142,52.919
455,@TPP,48.076,48.668,48.838,48.984,49.091,49.168,49.236,49.297,49.349,49.41,49.453,49.493,49.531,49.569,49.608,49.638,49.662,49.69,49.717,49.743,49.771,49.795,49.82,49.845,49.869,49.895,49.923,49.94,49.961,49.99,50.013,50.039,50.07,50.094,50.12,50.139,50.162,50.182,50.205,50.226,50.246,50.263,50.285,50.306,50.322,50.344,50.364,50.387,50.405,50.421,50.439,50.457,50.476,50.498,50.516,50.534,50.55,50.572,50.59,50.612,50.636,50.654,50.674,50.692,50.713,50.733,50.753,50.777,50.804,50.823,50.853,50.876,50.897,50.914,50.933,50.955,50.976,51.002,51.031,51.054,51.077,51.107,51.138,51.161,51.198,51.239,51.269,51.295,51.327,51.368,51.41,51.448,51.501,51.541,51.616,51.687,51.755,51.839,51.957,52.142,52.919
456,@TPP,47.925,48.614,48.798,48.924,49.025,49.103,49.177,49.258,49.331,49.374,49.424,49.453,49.489,49.537,49.571,49.612,49.645,49.683,49.709,49.739,49.762,49.79,49.83,49.848,49.875,49.896,49.925,49.95,49.976,49.998,50.022,50.038,50.062,50.085,50.102,50.125,50.143,50.166,50.192,50.21,50.233,50.251,50.276,50.296,50.316,50.333,50.351,50.372,50.393,50.42,50.44,50.459,50.478,50.497,50.518,50.538,50.56,50.582,50.599,50.618,50.643,50.666,50.688,50.711,50.728,50.746,50.762,50.786,50.806,50.831,50.847,50.87,50.9,50.925,50.95,50.978,51.008,51.04,51.076,51.101,51.123,51.157,51.181,51.213,51.239,51.272,51.304,51.331,51.359,51.401,51.432,51.469,51.529,51.587,51.653,51.713,51.788,51.868,52.006,52.266,53.196
457,@TPP,47.925,48.614,48.798,48.924,49.025,49.103,49.177,49.258,49.331,49.374,49.424,49.453,49.489,49.537,49.571,49.612,49.645,49.683,49.709,49.739,49.762,49.79,49.83,49.848,49.875,49.896,49.925,49.95,49.976,49.998,50.022,50.038,50.062,50.085,50.102,50.125,50.143,50.166,50.192,50.21,50.233,50.251,50.276,50.296,50.316,50.333,50.351,50.372,50.393,50.42,50.44,50.459,50.478,50.497,50.518,50.538,50.56,50.582,50.599,50.618,50.643,50.666,50.688,50.711,50.728,50.746,50.762,50.786,50.806,50.831,50.847,50.87,50.9,50.925,50.95,50.978,51.008,51.04,51.076,51.101,51.123,51.157,51.181,51.213,51.239,51.272,51.304,51.331,51.359,51.401,51.432,51.469,51.529,51.587,51.653,51.713,51.788,51.868,52.006,52.266,53.196
458,@TPP,48.007,48.579,48.755,48.905,48.994,49.074,49.141,49.208,49.255,49.327,49.378,49.42,49.458,49.494,49.534,49.567,49.603,49.637,49.681,49.712,49.748,49.784,49.815,49.839,49.863,49.903,49.929,49.959,49.979,50.002,50.032,50.058,50.081,50.101,50.123,50.148,50.168,50.188,50.208,50.228,50.25,50.268,50.29,50.305,50.324,50.341,50.359,50.38,50.4,50.422,50.444,50.459,50.482,50.505,50.53,50.543,50.563,50.586,50.607,50.628,50.645,50.658,50.676,50.693,50.717,50.744,50.77,50.789,50.816,50.842,50.864,50.888,50.916,50.944,50.964,50.982,51.006,51.034,51.064,51.098,51.139,51.168,51.204,51.238,51.262,51.299,51.333,51.361,51.408,51.443,51.484,51.531,51.571,51.621,51.708,51.757,51.838,51.936,52.066,52.371,53.241
459,@TPP,48.007,48.579,48.755,48.905,48.994,49.074,49.141,49.208,49.255,49.327,49.378,49.42,49.458,49.494,49.534,49.567,49.603,49.637,49.681,49.712,49.748,49.784,49.815,49.839,49.863,49.903,49.929,49.959,49.979,50.002,50.032,50.058,50.081,50.101,50.123,50.148,50.168,50.188,50.208,50.228,50.25,50.268,50.29,50.305,50.324,50.341,50.359,50.38,50.4,50.422,50.444,50.459,50.482,50.505,50.53,50.543,50.563,50.586,50.607,50.628,50.645,50.658,50.676,50.693,50.717,50.744,50.77,50.789,50.816,50.842,50.864,50.888,50.916,50.944,50.964,50.982,51.006,51.034,51.064,51.098,51.139,51.168,51.204,51.238,51.262,51.299,51.333,51.361,51.408,51.443,51.484,51.531,51.571,51.621,51.708,51.757,51.838,51.936,52.066,52.371,53.241
460,@TPP,47.873,48.502,48.692,48.85,48.968,49.043,49.129,49.192,49.257,49.312,49.38,49.441,49.481,49.522,49.564,49.6,49.627,49.663,49.699,49.731,49.765,49.796,49.817,49.838,49.858,49.878,49.905,49.92,49.948,49.971,49.992,50.012,50.038,50.066,50.085,50.109,50.135,50.167,50.191,50.209,50.228,50.247,50.272,50.298,50.316,50.348,50.367,50.385,50.405,50.423,50.441,50.463,50.489,50.506,50.53,50.549,50.569,50.593,50.616,50.634,50.662,50.688,50.708,50.736,50.756,50.778,50.801,50.819,50.839,50.856,50.881,50.904,50.926,50.95,50.979,51.005,51.024,51.046,51.077,51.119,51.138,51.169,51.194,51.227,51.255,51.287,51.326,51.362,51.41,51.446,51.488,51.532,51.61,51.683,51.755,51.829,51.91,51.981,52.095,52.341,53.692
461,@TPP,47.873,48.502,48.692,48.85,48.968,49.043,49.129,49.192,49.257,49.312,49.38,49.441,49.481,49.522,49.564,49.6,49.627,49.663,49.699,49.731,49.765,49.796,49.817,49.838,49.858,49.878,49.905,49.92,49.948,49.971,49.992,50.012,50.038,50.066,50.085,50.109,50.135,50.167,50.191,50.209,50.228,50.247,50.272,50.298,50.316,50.348,50.367,50.385,50.405,50.423,50.441,50.463,50.489,50.506,50.53,50.549,50.569,50.593,50.616,50.634,50.662,50.688,50.708,50.736,50.756,50.778,50.801,50.819,50.839,50.856,50.881,50.904,50.926,50.95,50.979,51.005,51.024,51.046,51.077,51.119,51.138,51.169,51.194,51.227,51.255,51.287,51.326,51.362,51.41,51.446,51.488,51.532,51.61,51.683,51.755,51.829,51.91,51.981,52.095,52.341,53.692
462,@TPP,47.59,48.445,48.68,48.832,48.953,49.041,49.128,49.188,49.237,49.299,49.351,49.397,49.44,49.474,49.518,49.552,49.592,49.63,49.668,49.709,49.741,49.777,49.805,49.833,49.857,49.877,49.91,49.937,49.967,49.985,50.006,50.03,50.05,50.072,50.095,50.121,50.138,50.155,50.177,50.2,50.219,50.242,50.257,50.274,50.302,50.322,50.346,50.367,50.388,50.408,50.435,50.459,50.481,50.505,50.524,50.545,50.571,50.594,50.62,50.64,50.661,50.68,50.704,50.726,50.745,50.766,50.79,50.813,50.841,50.867,50.893,50.919,50.942,50.969,50.993,51.013,51.04,51.069,51.095,51.131,51.153,51.186,51.216,51.25,51.282,51.317,51.354,51.398,51.43,51.474,51.524,51.577,51.634,51.686,51.749,51.828,51.928,52.021,52.132,52.357,53.685
463,@TPP,47.59,48.445,48.68,48.832,48.953,49.041,49.128,49.188,49.237,49.299,49.351,49.397,49.44,49.474,49.518,49.552,49.592,49.63,49.668,49.709,49.741,49.777,49.805,49.833,49.857,49.877,49.91,49.937,49.967,49.985,50.006,50.03,50.05,50.072,50.095,50.121,50.138,50.155,50.177,50.2,50.219,50.242,50.257,50.274,50.302,50.322,50.346,50.367,50.388,50.408,50.435,50.459,50.481,50.505,50.524,50.545,50.571,50.594,50.62,50.64,50.661,50.68,50.704,50.726,50.745,50.766,50.79,50.813,50.841,50.867,50.893,50.919,50.942,50.969,50.993,51.013,51.04,51.069,51.095,51.131,51.153,51.186,51.216,51.25,51.282,51.317,51.354,51.398,51.43,51.474,51.524,51.577,51.634,51.686,51.749,51.828,51.928,52.021,52.132,52.357,53.685
464,@TPP,47.566,48.41,48.632,48.794,48.892,49.028,49.111,49.206,49.251,49.306,49.359,49.4,49.439,49.474,49.516,49.558,49.598,49.626,49.664,49.689,49.723,49.759,49.794,49.818,49.843,49.866,49.904,49.928,49.95,49.972,49.995,50.025,50.051,50.07,50.091,50.112,50.138,50.16,50.18,50.2,50.221,50.251,50.271,50.295,50.312,50.332,50.355,50.378,50.402,50.421,50.44,50.462,50.485,50.501,50.522,50.542,50.562,50.585,50.613,50.636,50.652,50.677,50.695,50.722,50.746,50.767,50.792,50.812,50.836,50.86,50.886,50.913,50.941,50.964,50.996,51.034,51.061,51.092,51.119,51.145,51.169,51.197,51.221,51.249,51.289,51.317,51.362,51.406,51.453,51.489,51.533,51.576,51.626,51.682,51.784,51.85,51.935,52.032,52.179,52.388,53.447
465,@TPP,47.566,48.41,48.632,48.794,48.892,49.028,49.111,49.206,49.251,49.306,49.359,49.4,49.439,49.474,49.516,49.558,49.598,49.626,49.664,49.689,49.723,49.759,49.794,49.818,49.843,49.866,49.904,49.928,49.95,49.972,49.995,50.025,50.051,50.07,50.091,50.112,50.138,50.16,50.18,50.2,50.221,50.251,50.271,50.295,50.312,50.332,50.355,50.378,50.402,50.421,50.44,50.462,50.485,50.501,50.522,50.542,50.562,50.585,50.613,50.636,50.652,50.677,50.695,50.722,50.746,50.767,50.792,50.812,50.836,50.86,50.886,50.913,50.941,50.964,50.996,51.034,51.061,51.092,51.119,51.145,51.169,51.197,51.221,51.249,51.289,51.317,51.362,51.406,51.453,51.489,51.533,51.576,51.626,51.682,51.784,51.85,51.935,52.032,52.179,52.388,53.447
466,@TPP,47.465,48.323,48.574,48.731,48.838,48.942,49.029,49.105,49.169,49.232,49.291,49.35,49.401,49.443,49.481,49.511,49.543,49.589,49.62,49.66,49.688,49.716,49.752,49.778,49.8,49.822,49.847,49.871,49.899,49.932,49.957,49.982,50.005,50.026,50.049,50.076,50.097,50.119,50.141,50.171,50.198,50.221,50.243,50.261,50.288,50.312,50.33,50.347,50.365,50.399,50.422,50.441,50.464,50.486,50.505,50.526,50.552,50.571,50.595,50.622,50.645,50.674,50.698,50.716,50.732,50.753,50.775,50.796,50.825,50.85,50.878,50.911,50.94,50.969,50.993,51.026,51.049,51.071,51.092,51.123,51.151,51.179,51.205,51.227,51.262,51.3,51.338,51.388,51.426,51.488,51.542,51.613,51.678,51.754,51.83,51.908,51.969,52.084,52.254,52.473,53.408
467,@TPP,47.465,48.323,48.574,48.731,48.838,48.942,49.029,49.105,49.169,49.232,49.291,49.35,49.401,49.443,49.481,49.511,49.543,49.589,49.62,49.66,49.688,49.716,49.752,49.778,49.8,49.822,49.847,49.871,49.899,49.932,49.957,49.982,50.005,50.026,50.049,50.076,50.097,50.119,50.141,50.171,50.198,50.221,50.243,50.261,50.288,50.312,50.33,50.347,50.365,50.399,50.422,50.441,50.464,50.486,50.505,50.526,50.552,50.571,50.595,50.622,50.645,50.674,50.698,50.716,50.732,50.753,50.775,50.796,50.825,50.85,50.878,50.911,50.94,50.969,50.993,51.026,51.049,51.071,51.092,51.123,51.151,51.179,51.205,51.227,51.262,51.3,51.338,51.388,51.426,51.488,51.542,51.613,51.678,51.754,51.83,51.908,51.969,52.084,52.254,52.473,53.408
468,@TPP,47.625,48.238,48.558,48.719,48.833,48.938,49.0,49.07,49.133,49.187,49.235,49.278,49.326,49.373,49.419,49.459,49.502,49.53,49.564,49.603,49.636,49.665,49.69,49.723,49.757,49.786,49.81,49.839,49.865,49.896,49.922,49.945,49.979,49.999,50.024,50.053,50.073,50.092,50.117,50.136,50.157,50.18,50.202,50.228,50.245,50.266,50.291,50.316,50.341,50.361,50.38,50.398,50.421,50.451,50.476,50.501,50.536,50.555,50.581,50.603,50.622,50.643,50.663,50.694,50.72,50.749,50.778,50.807,50.831,50.857,50.881,50.905,50.934,50.957,50.988,51.011,51.039,51.065,51.095,51.121,51.161,51.192,51.221,51.26,51.306,51.346,51.395,51.445,51.483,51.533,51.587,51.622,51.697,51.754,51.821,51.918,52.021,52.13,52.311,52.527,53.591
469,@TPP,47.625,48.238,48.558,48.719,48.833,48.938,49.0,49.07,49.133,49.187,49.235,49.278,49.326,49.373,49.419,49.459,49.502,49.53,49.564,49.603,49.636,49.665,49.69,49.723,49.757,49.786,49.81,49.839,49.865,49.896,49.922,49.945,49.979,49.999,50.024,50.053,50.073,50.092,50.117,50.136,50.157,50.18,50.202,50.228,50.245,50.266,50.291,50.316,50.341,50.361,50.38,50.398,50.421,50.451,50.476,50.501,50.536,50.555,50.581,50.603,50.622,50.643,50.663,50.694,50.72,50.749,50.778,50.807,50.831,50.857,50.881,50.905,50.934,50.957,50.988,51.011,51.039,51.065,51.095,51.121,51.161,51.192,51.221,51.26,51.306,51.346,51.395,51.445,51.483,51.533,51.587,51.622,51.697,51.754,51.821,51.918,52.021,52.13,52.311,52.527,53.591
470,@TPP,47.633,48.227,48.481,48.619,48.751,48.852,48.939,49.009,49.071,49.132,49.182,49.236,49.278,49.314,49.36,49.41,49.449,49.495,49.535,49.569,49.608,49.638,49.662,49.694,49.717,49.746,49.779,49.807,49.832,49.863,49.888,49.911,49.946,49.969,49.99,50.012,50.037,50.064,50.088,50.106,50.128,50.148,50.177,50.204,50.226,50.255,50.281,50.305,50.33,50.356,50.385,50.409,50.438,50.466,50.49,50.516,50.538,50.563,50.589,50.606,50.629,50.657,50.673,50.695,50.715,50.737,50.759,50.788,50.813,50.834,50.857,50.883,50.91,50.942,50.974,51.004,51.038,51.071,51.1,51.137,51.167,51.197,51.233,51.263,51.296,51.334,51.372,51.406,51.453,51.513,51.584,51.652,51.736,51.798,51.878,51.956,52.066,52.197,52.346,52.621,53.427
471,@TPP,47.633,48.227,48.481,48.619,48.751,48.852,48.939,49.009,49.071,49.132,49.182,49.236,49.278,49.314,49.36,49.41,49.449,49.495,49.535,49.569,49.608,49.638,49.662,49.694,49.717,49.746,49.779,49.807,49.832,49.863,49.888,49.911,49.946,49.969,49.99,50.012,50.037,50.064,50.088,50.106,50.128,50.148,50.177,50.204,50.226,50.255,50.281,50.305,50.33,50.356,50.385,50.409,50.438,50.466,50.49,50.516,50.538,50.563,50.589,50.606,50.629,50.657,50.673,50.695,50.715,50.737,50.759,50.788,50.813,50.834,50.857,50.883,50.91,50.942,50.974,51.004,51.038,51.071,51.1,51.137,51.167,51.197,51.233,51.263,51.296,51.334,51.372,51.406,51.453,51.513,51.584,51.652,51.736,51.798,51.878,51.956,52.066,52.197,52.346,52.621,53.427
472,@TPP,47.493,48.1,48.367,48.55,48.673,48.792,48.88,48.948,49.018,49.084,49.144,49.214,49.248,49.288,49.338,49.37,49.417,49.452,49.489,49.52,49.549,49.582,49.611,49.644,49.679,49.711,49.735,49.765,49.793,49.827,49.853,49.879,49.9,49.933,49.956,49.979,50.001,50.025,50.053,50.08,50.104,50.126,50.153,50.176,50.193,50.218,50.242,50.27,50.292,50.324,50.351,50.375,50.401,50.423,50.453,50.474,50.494,50.513,50.534,50.557,50.583,50.606,50.64,50.664,50.69,50.715,50.742,50.774,50.792,50.833,50.865,50.89,50.918,50.946,50.973,51.006,51.032,51.056,51.085,51.12,51.158,51.197,51.236,51.279,51.32,51.356,51.403,51.459,51.506,51.558,51.62,51.66,51.724,51.792,51.89,51.974,52.105,52.225,52.446,52.648,53.314
473,@TPP,47.493,48.1,48.367,48.55,48.673,48.792,48.88,48.948,49.018,49.084,49.144,49.214,49.248,49.288,49.338,49.37,49.417,49.452,49.489,49.52,49.549,49.582,49.611,49.644,49.679,49.711,49.735,49.765,49.793,49.827,49.853,49.879,49.9,49.933,49.956,49.979,50.001,50.025,50.053,50.08,50.104,50.126,50.153,50.176,50.193,50.218,50.242,50.27,50.292,50.324,50.351,50.375,50.401,50.423,50.453,50.474,50.494,50.513,50.534,50.557,50.583,50.606,50.64,50.664,50.69,50.715,50.742,50.774,50.792,50.833,50.865,50.89,50.918,50.946,50.973,51.006,51.032,51.056,51.085,51.12,51.158,51.197,51.236,51.279,51.32,51.356,51.403,51.459,51.506,51.558,51.62,51.66,51.724,51.792,51.89,51.974,52.105,52.225,52.446,52.648,53.314
474,@TPP,47.382,48.067,48.32,48.506,48.636,48.729,48.821,48.882,48.951,49.014,49.079,49.141,49.188,49.226,49.275,49.316,49.36,49.405,49.436,49.474,49.503,49.534,49.571,49.593,49.625,49.658,49.69,49.719,49.75,49.785,49.806,49.835,49.862,49.89,49.922,49.952,49.983,50.007,50.033,50.056,50.082,50.109,50.136,50.154,50.178,50.202,50.224,50.245,50.271,50.293,50.317,50.343,50.371,50.39,50.418,50.439,50.465,50.492,50.513,50.538,50.555,50.588,50.613,50.631,50.662,50.696,50.725,50.754,50.785,50.81,50.839,50.865,50.883,50.915,50.948,50.982,51.018,51.052,51.089,51.12,51.157,51.18,51.209,51.252,51.298,51.358,51.39,51.448,51.486,51.548,51.623,51.679,51.756,51.848,51.921,52.021,52.117,52.279,52.393,52.706,53.322
475,@TPP,47.382,48.067,48.32,48.506,48.636,48.729,48.821,48.882,48.951,49.014,49.079,49.141,49.188,49.226,49.275,49.316,49.36,49.405,49.436,49.474,49.503,49.534,49.571,49.593,49.625,49.658,49.69,49.719,49.75,49.785,49.806,49.835,49.862,49.89,49.922,49.952,49.983,50.007,50.033,50.056,50.082,50.109,50.136,50.154,50.178,50.202,50.224,50.245,50.271,50.293,50.317,50.343,50.371,50.39,50.418,50.439,50.465,50.492,50.513,50.538,50.555,50.588,50.613,50.631,50.662,50.696,50.725,50.754,50.785,50.81,50.839,50.865,50.883,50.915,50.948,50.982,51.018,51.052,51.089,51.12,51.157,51.18,51.209,51.252,51.298,51.358,51.39,51.448,51.486,51.548,51.623,51.679,51.756,51.848,51.921,52.021,52.117,52.279,52.393,52.706,53.322
476,@TPP,47.306,48.008,48.309,48.454,48.567,48.686,48.761,48.824,48.9,48.961,49.019,49.073,49.124,49.163,49.214,49.273,49.312,49.357,49.4,49.443,49.475,49.515,49.545,49.581,49.614,49.66,49.683,49.712,49.738,49.761,49.79,49.816,49.844,49.866,49.89,49.918,49.946,49.971,49.995,50.016,50.037,50.064,50.084,50.106,50.129,50.162,50.188,50.212,50.236,50.257,50.28,50.306,50.334,50.357,50.392,50.413,50.439,50.469,50.497,50.523,50.547,50.57,50.598,50.63,50.65,50.678,50.7,50.732,50.763,50.791,50.824,50.855,50.889,50.928,50.958,50.997,51.025,51.06,51.093,51.136,51.168,51.193,51.227,51.261,51.305,51.349,51.384,51.434,51.482,51.535,51.582,51.633,51.705,51.773,51.867,51.95,52.093,52.29,52.453,52.687,53.362
477,@TPP,47.306,48.008,48.309,48.454,48.567,48.686,48.761,48.824,48.9,48.961,49.019,49.073,49.124,49.163,49.214,49.273,49.312,49.357,49.4,49.443,49.475,49.515,49.545,49.581,49.614,49.66,49.683,49.712,49.738,49.761,49.79,49.816,49.844,49.866,49.89,49.918,49.946,49.971,49.995,50.016,50.037,50.064,50.084,50.106,50.129,50.162,50.188,50.212,50.236,50.257,50.28,50.306,50.334,50.357,50.392,50.413,50.439,50.469,50.497,50.523,50.547,50.57,50.598,50.63,50.65,50.678,50.7,50.732,50.763,50.791,50.824,50.855,50.889,50.928,50.958,50.997,51.025,51.06,51.093,51.136,51.168,51.193,51.227,51.261,51.305,51.349,51.384,51.434,51.482,51.535,51.582,51.633,51.705,51.773,51.867,51.95,52.093,52.29,52.453,52.687,53.362
478,@TPP,47.228,48.002,48.22,48.385,48.529,48.613,48.711,48.819,48.885,48.946,49.001,49.056,49.109,49.141,49.201,49.248,49.287,49.329,49.358,49.392,49.424,49.465,49.5,49.539,49.576,49.609,49.632,49.665,49.703,49.733,49.765,49.792,49.819,49.842,49.879,49.906,49.929,49.952,49.973,50.0,50.023,50.046,50.071,50.095,50.117,50.139,50.164,50.191,50.221,50.248,50.277,50.303,50.329,50.356,50.381,50.403,50.429,50.461,50.49,50.513,50.539,50.57,50.598,50.623,50.646,50.667,50.691,50.709,50.744,50.777,50.799,50.832,50.865,50.9,50.923,50.954,50.993,51.026,51.061,51.098,51.127,51.162,51.194,51.236,51.278,51.319,51.367,51.415,51.465,51.515,51.59,51.638,51.691,51.758,51.848,51.959,52.075,52.235,52.449,52.693,53.371
479,@TPP,47.228,48.002,48.22,48.385,48.529,48.613,48.711,48.819,48.885,48.946,49.001,49.056,49.109,49.141,49.201,49.248,49.287,49.329,49.358,49.392,49.424,49.465,49.5,49.539,49.576,49.609,49.632,49.665,49.703,49.733,49.765,49.792,49.819,49.842,49.879,49.906,49.929,49.952,49.973,50.0,50.023,50.046,50.071,50.095,50.117,50.139,50.164,50.191,50.221,50.248,50.277,50.303,50.329,50.356,50.381,50.403,50.429,50.461,50.49,50.513,50.539,50.57,50.598,50.623,50.646,50.667,50.691,50.709,50.744,50.777,50.799,50.832,50.865,50.9,50.923,50.954,50.993,51.026,51.061,51.098,51.127,51.162,51.194,51.236,51.278,51.319,51.367,51.415,51.465,51.515,51.59,51.638,51.691,51.758,51.848,51.959,52.075,52.235,52.449,52.693,53.371
480,@TPP,47.229,47.934,48.25,48.385,48.489,48.58,48.662,48.757,48.827,48.887,48.944,48.985,49.033,49.089,49.141,49.187,49.237,49.274,49.325,49.355,49.395,49.433,49.471,49.497,49.526,49.557,49.598,49.625,49.648,49.69,49.719,49.747,49.782,49.806,49.835,49.866,49.897,49.921,49.95,49.977,50.001,50.025,50.052,50.083,50.113,50.138,50.164,50.184,50.209,50.234,50.265,50.29,50.317,50.344,50.366,50.39,50.415,50.442,50.473,50.5,50.519,50.55,50.579,50.609,50.634,50.657,50.685,50.711,50.74,50.765,50.801,50.829,50.858,50.891,50.916,50.949,50.978,51.005,51.039,51.071,51.116,51.141,51.181,51.214,51.265,51.31,51.361,51.403,51.443,51.494,51.556,51.61,51.681,51.766,51.851,51.947,52.041,52.201,52.37,52.702,53.228
481,@TPP,47.229,47.934,48.25,48.385,48.489,48.58,48.662,48.757,48.827,48.887,48.944,48.985,49.033,49.089,49.141,49.187,49.237,49.274,49.325,49.355,49.395,49.433,49.471,49.497,49.526,49.557,49.598,49.625,49.648,49.69,49.719,49.747,49.782,49.806,49.835,49.866,49.897,49.921,49.95,49.977,50.001,50.025,50.052,50.083,50.113,50.138,50.164,50.184,50.209,50.234,50.265,50.29,50.317,50.344,50.366,50.39,50.415,50.442,50.473,50.5,50.519,50.55,50.579,50.609,50.634,50.657,50.685,50.711,50.74,50.765,50.801,50.829,50.858,50.891,50.916,50.949,50.978,51.005,51.039,51.071,51.116,51.141,51.181,51.214,51.265,51.31,51.361,51.403,51.443,51.494,51.556,51.61,51.681,51.766,51.851,51.947,52.041,52.201,52.37,52.702,53.228
482,@TPP,47.125,47.955,48.211,48.384,48.483,48.589,48.653,48.728,48.806,48.885,48.942,49.002,49.053,49.091,49.125,49.173,49.212,49.249,49.301,49.331,49.366,49.407,49.444,49.474,49.502,49.539,49.567,49.601,49.635,49.666,49.704,49.733,49.761,49.783,49.808,49.837,49.859,49.883,49.91,49.936,49.963,49.988,50.02,50.05,50.079,50.105,50.136,50.17,50.19,50.211,50.233,50.268,50.291,50.313,50.345,50.366,50.38,50.409,50.439,50.467,50.495,50.518,50.55,50.574,50.597,50.625,50.652,50.676,50.705,50.731,50.761,50.785,50.818,50.844,50.873,50.908,50.931,50.969,51.003,51.04,51.072,51.104,51.142,51.176,51.216,51.256,51.297,51.342,51.392,51.436,51.497,51.557,51.623,51.695,51.765,51.876,52.002,52.169,52.319,52.564,53.12
483,@TPP,47.125,47.955,48.211,48.384,48.483,48.589,48.653,48.728,48.806,48.885,48.942,49.002,49.053,49.091,49.125,49.173,49.212,49.249,49.301,49.331,49.366,49.407,49.444,49.474,49.502,49.539,49.567,49.601,49.635,49.666,49.704,49.733,49.761,49.783,49.808,49.837,49.859,49.883,49.91,49.936,49.963,49.988,50.02,50.05,50.079,50.105,50.136,50.17,50.19,50.211,50.233,50.268,50.291,50.313,50.345,50.366,50.38,50.409,50.439,50.467,50.495,50.518,50.55,50.574,50.597,50.625,50.652,50.676,50.705,50.731,50.761,50.785,50.818,50.844,50.873,50.908,50.931,50.969,51.003,51.04,51.072,51.104,51.142,51.176,51.216,51.256,51.297,51.342,51.392,51.436,51.497,51.557,51.623,51.695,51.765,51.876,52.002,52.169,52.319,52.564,53.12
484,@TPP,46.943,47.893,48.224,48.371,48.491,48.598,48.675,48.74,48.798,48.872,48.919,48.976,49.027,49.074,49.124,49.168,49.208,49.25,49.281,49.318,49.354,49.383,49.416,49.454,49.494,49.522,49.567,49.6,49.625,49.647,49.675,49.707,49.733,49.757,49.793,49.82,49.838,49.868,49.892,49.923,49.955,49.975,49.996,50.025,50.045,50.071,50.095,50.12,50.147,50.175,50.204,50.228,50.256,50.287,50.311,50.338,50.361,50.388,50.41,50.438,50.461,50.485,50.517,50.54,50.559,50.593,50.617,50.639,50.669,50.69,50.716,50.751,50.787,50.82,50.857,50.888,50.914,50.95,50.976,51.005,51.047,51.079,51.116,51.154,51.189,51.232,51.276,51.319,51.356,51.402,51.454,51.515,51.572,51.63,51.711,51.821,51.898,52.046,52.231,52.563,53.233
485,@TPP,46.943,47.893,48.224,48.371,48.491,48.598,48.675,48.74,48.798,48.872,48.919,48.976,49.027,49.074,49.124,49.168,49.208,49.25,49.281,49.318,49.354,49.383,49.416,49.454,49.494,49.522,49.567,49.6,49.625,49.647,49.675,49.707,49.733,49.757,49.793,49.82,49.838,49.868,49.892,49.923,49.955,49.975,49.996,50.025,50.045,50.071,50.095,50.12,50.147,50.175,50.204,50.228,50.256,50.287,50.311,50.338,50.361,50.388,50.41,50.438,50.461,50.485,50.517,50.54,50.559,50.593,50.617,50.639,50.669,50.69,50.716,50.751,50.787,50.82,50.857,50.888,50.914,50.95,50.976,51.005,51.047,51.079,51.116,51.154,51.189,51.232,51.276,51.319,51.356,51.402,51.454,51.515,51.572,51.63,51.711,51.821,51.898,52.046,52.231,52.563,53.233
486,@TPP,47.03,47.908,48.195,48.341,48.455,48.585,48.661,48.745,48.799,48.868,48.924,48.984,49.027,49.072,49.107,49.142,49.181,49.222,49.27,49.307,49.351,49.384,49.426,49.457,49.482,49.519,49.542,49.578,49.617,49.646,49.68,49.708,49.731,49.756,49.785,49.811,49.835,49.861,49.894,49.916,49.934,49.957,49.982,49.999,50.022,50.052,50.077,50.098,50.121,50.148,50.179,50.204,50.228,50.246,50.268,50.29,50.308,50.333,50.354,50.379,50.401,50.428,50.461,50.488,50.514,50.534,50.567,50.599,50.628,50.652,50.676,50.704,50.747,50.775,50.809,50.845,50.878,50.916,50.946,50.987,51.024,51.063,51.104,51.145,51.175,51.208,51.246,51.289,51.338,51.386,51.445,51.508,51.566,51.646,51.707,51.794,51.892,52.033,52.203,52.552,53.124
487,@TPP,47.03,47.908,48.195,48.341,48.455,48.585,48.661,48.745,48.799,48.868,48.924,48.984,49.027,49.072,49.107,49.142,49.181,49.222,49.27,49.307,49.351,49.384,49.426,49.457,49.482,49.519,49.542,49.578,49.617,49.646,49.68,49.708,49.731,49.756,49.785,49.811,49.835,49.861,49.894,49.916,49.934,49.957,49.982,49.999,50.022,50.052,50.077,50.098,50.121,50.148,50.179,50.204,50.228,50.246,50.268,50.29,50.308,50.333,50.354,50.379,50.401,50.428,50.461,50.488,50.514,50.534,50.567,50.599,50.628,50.652,50.676,50.704,50.747,50.775,50.809,50.845,50.878,50.916,50.946,50.987,51.024,51.063,51.104,51.145,51.175,51.208,51.246,51.289,51.338,51.386,51.445,51.508,51.566,51.646,51.707,51.794,51.892,52.033,52.203,52.552,53.124
488,@TPP,46.881,47.865,48.188,48.362,48.441,48.531,48.639,48.706,48.768,48.821,48.874,48.929,48.994,49.048,49.102,49.128,49.171,49.216,49.263,49.297,49.325,49.364,49.421,49.456,49.488,49.519,49.552,49.578,49.606,49.641,49.682,49.719,49.74,49.774,49.81,49.836,49.863,49.892,49.921,49.954,49.978,49.997,50.022,50.049,50.072,50.093,50.12,50.142,50.168,50.186,50.214,50.239,50.261,50.287,50.309,50.331,50.358,50.385,50.408,50.443,50.472,50.495,50.519,50.548,50.577,50.608,50.634,50.662,50.688,50.72,50.752,50.784,50.809,50.836,50.865,50.897,50.933,50.961,50.993,51.026,51.067,51.112,51.148,51.183,51.226,51.279,51.317,51.358,51.404,51.468,51.512,51.579,51.635,51.702,51.776,51.888,51.966,52.135,52.322,52.587,53.41
489,@TPP,46.881,47.865,48.188,48.362,48.441,48.531,48.639,48.706,48.768,48.821,48.874,48.929,48.994,49.048,49.102,49.128,49.171,49.216,49.263,49.297,49.325,49.364,49.421,49.456,49.488,49.519,49.552,49.578,49.606,49.641,49.682,49.719,49.74,49.774,49.81,49.836,49.863,49.892,49.921,49.954,49.978,49.997,50.022,50.049,50.072,50.093,50.12,50.142,50.168,50.186,50.214,50.239,50.261,50.287,50.309,50.331,50.358,50.385,50.408,50.443,50.472,50.495,50.519,50.548,50.577,50.608,50.634,50.662,50.688,50.72,50.752,50.784,50.809,50.836,50.865,50.897,50.933,50.961,50.993,51.026,51.067,51.112,51.148,51.183,51.226,51.279,51.317,51.358,51.404,51.468,51.512,51.579,51.635,51.702,51.776,51.888,51.966,52.135,52.322,52.587,53.41
490,@TPP,46.933,47.816,48.133,48.315,48.421,48.52,48.619,48.693,48.759,48.825,48.891,48.951,49.002,49.064,49.112,49.158,49.201,49.233,49.275,49.318,49.357,49.403,49.439,49.474,49.511,49.548,49.582,49.623,49.655,49.683,49.716,49.747,49.771,49.795,49.821,49.847,49.88,49.915,49.943,49.966,49.992,50.02,50.048,50.072,50.097,50.124,50.16,50.185,50.213,50.235,50.26,50.285,50.306,50.335,50.367,50.392,50.409,50.44,50.472,50.495,50.523,50.554,50.576,50.597,50.621,50.644,50.67,50.695,50.717,50.741,50.776,50.806,50.838,50.865,50.901,50.931,50.971,50.999,51.032,51.068,51.099,51.129,51.171,51.199,51.234,51.279,51.326,51.378,51.428,51.502,51.562,51.646,51.692,51.768,51.832,51.919,52.03,52.193,52.364,52.627,53.414
491,@TPP,46.933,47.816,48.133,48.315,48.421,48.52,48.619,48.693,48.759,48.825,48.891,48.951,49.002,49.064,49.112,49.158,49.201,49.233,49.275,49.318,49.357,49.403,49.439,49.474,49.511,49.548,49.582,49.623,49.655,49.683,49.716,49.747,49.771,49.795,49.821,49.847,49.88,49.915,49.943,49.966,49.992,50.02,50.048,50.072,50.097,50.124,50.16,50.185,50.213,50.235,50.26,50.285,50.306,50.335,50.367,50.392,50.409,50.44,50.472,50.495,50.523,50.554,50.576,50.597,50.621,50.644,50.67,50.695,50.717,50.741,50.776,50.806,50.838,50.865,50.901,50.931,50.971,50.999,51.032,51.068,51.099,51.129,51.171,51.199,51.234,51.279,51.326,51.378,51.428,51.502,51.562,51.646,51.692,51.768,51.832,51.919,52.03,52.193,52.364,52.627,53.414
492,@TPP,46.956,47.9,48.071,48.295,48.429,48.515,48.625,48.702,48.785,48.844,48.907,48.958,49.016,49.071,49.126,49.173,49.215,49.25,49.289,49.328,49.367,49.403,49.443,49.478,49.513,49.553,49.584,49.62,49.653,49.694,49.72,49.755,49.79,49.828,49.851,49.876,49.898,49.927,49.956,49.992,50.02,50.048,50.076,50.103,50.132,50.16,50.18,50.221,50.243,50.265,50.292,50.318,50.341,50.373,50.397,50.42,50.442,50.473,50.491,50.514,50.539,50.562,50.582,50.606,50.63,50.66,50.689,50.711,50.733,50.758,50.794,50.827,50.854,50.883,50.908,50.942,50.985,51.016,51.045,51.084,51.12,51.159,51.196,51.246,51.293,51.339,51.378,51.433,51.499,51.556,51.607,51.664,51.725,51.806,51.914,51.999,52.099,52.234,52.465,52.791,53.625
493,@TPP,46.956,47.9,48.071,48.295,48.429,48.515,48.625,48.702,48.785,48.844,48.907,48.958,49.016,49.071,49.126,49.173,49.215,49.25,49.289,49.328,49.367,49.403,49.443,49.478,49.513,49.553,49.584,49.62,49.653,49.694,49.72,49.755,49.79,49.828,49.851,49.876,49.898,49.927,49.956,49.992,50.02,50.048,50.076,50.103,50.132,50.16,50.18,50.221,50.243,50.265,50.292,50.318,50.341,50.373,50.397,50.42,50.442,50.473,50.491,50.514,50.539,50.562,50.582,50.606,50.63,50.66,50.689,50.711,50.733,50.758,50.794,50.827,50.854,50.883,50.908,50.942,50.985,51.016,51.045,51.084,51.12,51.159,51.196,51.246,51.293,51.339,51.378,51.433,51.499,51.556,51.607,51.664,51.725,51.806,51.914,51.999,52.099,52.234,52.465,52.791,53.625
494,@TPP,46.951,47.792,48.071,48.298,48.437,48.535,48.623,48.72,48.794,48.871,48.931,48.984,49.037,49.095,49.143,49.197,49.247,49.303,49.347,49.379,49.412,49.445,49.487,49.524,49.557,49.588,49.623,49.661,49.695,49.72,49.74,49.774,49.802,49.832,49.864,49.894,49.926,49.96,49.986,50.011,50.041,50.064,50.088,50.114,50.142,50.167,50.191,50.221,50.243,50.266,50.292,50.315,50.341,50.373,50.396,50.43,50.458,50.486,50.507,50.524,50.56,50.588,50.611,50.637,50.665,50.701,50.724,50.742,50.773,50.809,50.842,50.871,50.905,50.93,50.959,50.996,51.039,51.069,51.1,51.134,51.174,51.213,51.244,51.293,51.331,51.369,51.414,51.468,51.525,51.576,51.644,51.715,51.799,51.896,51.972,52.056,52.166,52.295,52.469,52.72,53.623
495,@TPP,46.951,47.792,48.071,48.298,48.437,48.535,48.623,48.72,48.794,48.871,48.931,48.984,49.037,49.095,49.143,49.197,49.247,49.303,49.347,49.379,49.412,49.445,49.487,49.524,49.557,49.588,49.623,49.661,49.695,49.72,49.74,49.774,49.802,49.832,49.864,49.894,49.926,49.96,49.986,50.011,50.041,50.064,50.088,50.114,50.142,50.167,50.191,50.221,50.243,50.266,50.292,50.315,50.341,50.373,50.396,50.43,50.458,50.486,50.507,50.524,50.56,50.588,50.611,50.637,50.665,50.701,50.724,50.742,50.773,50.809,50.842,50.871,50.905,50.93,50.959,50.996,51.039,51.069,51.1,51.134,51.174,51.213,51.244,51.293,51.331,51.369,51.414,51.468,51.525,51.576,51.644,51.715,51.799,51.896,51.972,52.056,52.166,52.295,52.469,52.72,53.623
496,@TPP,46.917,47.864,48.141,48.322,48.451,48.534,48.668,48.754,48.829,48.886,48.935,48.993,49.059,49.103,49.161,49.222,49.254,49.287,49.327,49.363,49.403,49.441,49.481,49.524,49.559,49.59,49.624,49.655,49.687,49.719,49.751,49.785,49.823,49.855,49.884,49.908,49.939,49.968,49.995,50.021,50.043,50.076,50.102,50.136,50.16,50.185,50.206,50.23,50.254,50.286,50.311,50.333,50.358,50.387,50.416,50.44,50.47,50.493,50.524,50.548,50.568,50.594,50.62,50.647,50.678,50.703,50.724,50.753,50.783,50.812,50.843,50.875,50.91,50.952,50.986,51.029,51.06,51.106,51.139,51.176,51.215,51.252,51.287,51.331,51.368,51.41,51.478,51.53,51.589,51.652,51.711,51.765,51.825,51.9,51.977,52.078,52.204,52.341,52.508,52.824,53.706
497,@TPP,46.917,47.864,48.141,48.322,48.451,48.534,48.668,48.754,48.829,48.886,48.935,48.993,49.059,49.103,49.161,49.222,49.254,49.287,49.327,49.363,49.403,49.441,49.481,49.524,49.559,49.59,49.624,49.655,49.687,49.719,49.751,49.785,49.823,49.855,49.884,49.908,49.939,49.968,49.995,50.021,50.043,50.076,50.102,50.136,50.16,50.185,50.206,50.23,50.254,50.286,50.311,50.333,50.358,50.387,50.416,50.44,50.47,50.493,50.524,50.548,50.568,50.594,50.62,50.647,50.678,50.703,50.724,50.753,50.783,50.812,50.843,50.875,50.91,50.952,50.986,51.029,51.06,51.106,51.139,51.176,51.215,51.252,51.287,51.331,51.368,51.41,51.478,51.53,51.589,51.652,51.711,51.765,51.825,51.9,51.977,52.078,52.204,52.341,52.508,52.824,53.706
498,@TPP,46.757,47.795,48.136,48.331,48.484,48.631,48.706,48.776,48.83,48.916,48.983,49.029,49.098,49.144,49.198,49.238,49.284,49.317,49.369,49.401,49.432,49.478,49.505,49.542,49.566,49.606,49.634,49.662,49.697,49.726,49.757,49.788,49.828,49.86,49.885,49.92,49.949,49.977,50.0,50.031,50.059,50.088,50.119,50.152,50.174,50.2,50.228,50.259,50.288,50.317,50.337,50.356,50.381,50.406,50.431,50.456,50.484,50.512,50.54,50.566,50.594,50.617,50.646,50.686,50.718,50.748,50.775,50.804,50.831,50.853,50.874,50.902,50.949,50.983,51.018,51.042,51.076,51.117,51.16,51.207,51.246,51.28,51.322,51.354,51.405,51.446,51.5,51.561,51.606,51.656,51.724,51.792,51.848,51.917,52.009,52.086,52.204,52.357,52.597,52.857,53.611
499,@TPP,46.757,47.795,48.136,48.331,48.484,48.631,48.706,48.776,48.83,48.916,48.983,49.029,49.098,49.144,49.198,49.238,49.284,49.317,49.369,49.401,49.432,49.478,49.505,49.542,49.566,49.606,49.634,49.662,49.697,49.726,49.757,49.788,49.828,49.86,49.885,49.92,49.949,49.977,50.0,50.031,50.059,50.088,50.119,50.152,50.174,50.2,50.228,50.259,50.288,50.317,50.337,50.356,50.381,50.406,50.431,50.456,50.484,50.512,50.54,50.566,50.594,50.617,50.646,50.686,50.718,50.748,50.775,50.804,50.831,50.853,50.874,50.902,50.949,50.983,51.018,51.042,51.076,51.117,51.16,51.207,51.246,51.28,51.322,51.354,51.405,51.446,51.5,51.561,51.606,51.656,51.724,51.792,51.848,51.917,52.009,52.086,52.204,52.357,52.597,52.857,53.611
500,@TPP,46.964,47.877,48.191,48.391,48.547,48.643,48.743,48.841,48.905,48.965,49.012,49.065,49.108,49.177,49.221,49.261,49.319,49.365,49.397,49.439,49.479,49.508,49.541,49.574,49.609,49.643,49.681,49.715,49.746,49.784,49.814,49.842,49.869,49.901,49.929,49.953,49.977,50.007,50.033,50.064,50.102,50.125,50.152,50.186,50.208,50.229,50.258,50.283,50.313,50.332,50.36,50.395,50.416,50.441,50.472,50.494,50.526,50.545,50.568,50.596,50.624,50.648,50.674,50.709,50.736,50.76,50.796,50.829,50.858,50.896,50.93,50.955,50.984,51.015,51.045,51.078,51.109,51.154,51.191,51.232,51.275,51.315,51.355,51.404,51.448,51.49,51.536,51.59,51.643,51.695,51.741,51.792,51.87,51.954,52.052,52.182,52.304,52.424,52.625,52.891,53.627
501,@TPP,46.964,47.877,48.191,48.391,48.547,48.643,48.743,48.841,48.905,48.965,49.012,49.065,49.108,49.177,49.221,49.261,49.319,49.365,49.397,49.439,49.479,49.508,49.541,49.574,49.609,49.643,49.681,49.715,49.746,49.784,49.814,49.842,49.869,49.901,49.929,49.953,49.977,50.007,50.033,50.064,50.102,50.125,50.152,50.186,50.208,50.229,50.258,50.283,50.313,50.332,50.36,50.395,50.416,50.441,50.472,50.494,50.526,50.545,50.568,50.596,50.624,50.648,50.674,50.709,50.736,50.76,50.796,50.829,50.858,50.896,50.93,50.955,50.984,51.015,51.045,51.078,51.109,51.154,51.191,51.232,51.275,51.315,51.355,51.404,51.448,51.49,51.536,51.59,51.643,51.695,51.741,51.792,51.87,51.954,52.052,52.182,52.304,52.424,52.625,52.891,53.627
502,@TPP,46.753,47.946,48.181,48.411,48.546,48.665,48.778,48.877,48.949,48.995,49.041,49.106,49.146,49.193,49.242,49.286,49.34,49.388,49.426,49.475,49.511,49.546,49.581,49.616,49.647,49.684,49.712,49.748,49.782,49.81,49.839,49.865,49.896,49.928,49.956,49.985,50.015,50.043,50.076,50.108,50.135,50.163,50.188,50.212,50.234,50.262,50.287,50.322,50.351,50.379,50.401,50.425,50.447,50.476,50.5,50.535,50.555,50.582,50.608,50.637,50.667,50.697,50.73,50.752,50.778,50.807,50.828,50.862,50.892,50.915,50.944,50.974,51.01,51.041,51.073,51.105,51.136,51.168,51.204,51.245,51.288,51.332,51.379,51.422,51.465,51.511,51.552,51.612,51.673,51.735,51.805,51.875,51.937,52.021,52.104,52.191,52.325,52.486,52.623,52.91,53.615
503,@TPP,46.753,47.946,48.181,48.411,48.546,48.665,48.778,48.877,48.949,48.995,49.041,49.106,49.146,49.193,49.242,49.286,49.34,49.388,49.426,49.475,49.511,49.546,49.581,49.616,49.647,49.684,49.712,49.748,49.782,49.81,49.839,49.865,49.896,49.928,49.956,49.985,50.015,50.043,50.076,50.108,50.135,50.163,50.188,50.212,50.234,50.262,50.287,50.322,50.351,50.379,50.401,50.425,50.447,50.476,50.5,50.535,50.555,50.582,50.608,50.637,50.667,50.697,50.73,50.752,50.778,50.807,50.828,50.862,50.892,50.915,50.944,50.974,51.01,51.041,51.073,51.105,51.136,51.168,51.204,51.245,51.288,51.332,51.379,51.422,51.465,51.511,51.552,51.612,51.673,51.735,51.805,51.875,51.937,52.021,52.104,52.191,52.325,52.486,52.623,52.91,53.615
504,@TPP,46.758,47.887,48.252,48.496,48.613,48.749,48.831,48.908,48.968,49.034,49.081,49.132,49.192,49.232,49.297,49.341,49.391,49.429,49.472,49.512,49.545,49.582,49.626,49.654,49.689,49.722,49.754,49.8,49.829,49.847,49.88,49.911,49.939,49.965,49.995,50.022,50.052,50.074,50.099,50.122,50.149,50.188,50.215,50.237,50.264,50.292,50.317,50.351,50.385,50.415,50.443,50.467,50.49,50.522,50.551,50.574,50.603,50.629,50.653,50.673,50.702,50.727,50.75,50.77,50.8,50.83,50.857,50.879,50.907,50.937,50.968,51.006,51.035,51.062,51.082,51.113,51.142,51.172,51.21,51.254,51.295,51.33,51.376,51.423,51.475,51.53,51.576,51.631,51.686,51.737,51.79,51.852,51.91,52.002,52.1,52.221,52.338,52.484,52.673,52.932,53.878
505,@TPP,46.758,47.887,48.252,48.496,48.613,48.749,48.831,48.908,48.968,49.034,49.081,49.132,49.192,49.232,49.297,49.341,49.391,49.429,49.472,49.512,49.545,49.582,49.626,49.654,49.689,49.722,49.754,49.8,49.829,49.847,49.88,49.911,49.939,49.965,49.995,50.022,50.052,50.074,50.099,50.122,50.149,50.188,50.215,50.237,50.264,50.292,50.317,50.351,50.385,50.415,50.443,50.467,50.49,50.522,50.551,50.574,50.603,50.629,50.653,50.673,50.702,50.727,50.75,50.77,50.8,50.83,50.857,50.879,50.907,50.937,50.968,51.006,51.035,51.062,51.082,51.113,51.142,51.172,51.21,51.254,51.295,51.33,51.376,51.423,51.475,51.53,51.576,51.631,51.686,51.737,51.79,51.852,51.91,52.002,52.1,52.221,52.338,52.484,52.673,52.932,53.878
506,@TPP,46.794,47.991,48.319,48.489,48.629,48.754,48.837,48.931,49.002,49.079,49.139,49.186,49.242,49.294,49.334,49.376,49.416,49.453,49.5,49.535,49.572,49.609,49.651,49.701,49.729,49.768,49.796,49.824,49.848,49.883,49.912,49.938,49.964,49.992,50.021,50.051,50.083,50.116,50.145,50.169,50.2,50.227,50.248,50.278,50.312,50.337,50.362,50.387,50.417,50.44,50.468,50.486,50.514,50.539,50.559,50.583,50.613,50.644,50.676,50.697,50.722,50.749,50.775,50.801,50.829,50.862,50.89,50.912,50.935,50.953,50.982,51.014,51.041,51.066,51.097,51.125,51.157,51.193,51.229,51.259,51.303,51.359,51.394,51.44,51.483,51.522,51.564,51.634,51.681,51.744,51.809,51.882,51.954,52.025,52.125,52.211,52.327,52.484,52.654,52.871,53.526
507,@TPP,46.794,47.991,48.319,48.489,48.629,48.754,48.837,48.931,49.002,49.079,49.139,49.186,49.242,49.294,49.334,49.376,49.416,49.453,49.5,49.535,49.572,49.609,49.651,49.701,49.729,49.768,49.796,49.824,49.848,49.883,49.912,49.938,49.964,49.992,50.021,50.051,50.083,50.116,50.145,50.169,50.2,50.227,50.248,50.278,50.312,50.337,50.362,50.387,50.417,50.44,50.468,50.486,50.514,50.539,50.559,50.583,50.613,50.644,50.676,50.697,50.722,50.749,50.775,50.801,50.829,50.862,50.89,50.912,50.935,50.953,50.982,51.014,51.041,51.066,51.097,51.125,51.157,51.193,51.229,51.259,51.303,51.359,51.394,51.44,51.483,51.522,51.564,51.634,51.681,51.744,51.809,51.882,51.954,52.025,52.125,52.211,52.327,52.484,52.654,52.871,53.526
508,@TPP,47.023,47.971,48.291,48.509,48.67,48.802,48.909,48.974,49.058,49.117,49.178,49.24,49.283,49.331,49.382,49.437,49.473,49.513,49.546,49.587,49.63,49.675,49.707,49.735,49.767,49.796,49.825,49.846,49.877,49.909,49.939,49.972,50.008,50.033,50.057,50.1,50.124,50.148,50.169,50.194,50.213,50.238,50.265,50.287,50.319,50.349,50.377,50.402,50.424,50.45,50.481,50.505,50.533,50.556,50.585,50.61,50.634,50.663,50.686,50.713,50.739,50.76,50.788,50.814,50.842,50.871,50.899,50.937,50.962,50.991,51.023,51.06,51.093,51.126,51.155,51.185,51.212,51.242,51.283,51.315,51.349,51.392,51.427,51.468,51.523,51.571,51.624,51.673,51.725,51.786,51.854,51.925,51.98,52.06,52.145,52.229,52.338,52.49,52.687,52.975,53.54
509,@TPP,47.023,47.971,48.291,48.509,48.67,48.802,48.909,48.974,49.058,49.117,49.178,49.24,49.283,49.331,49.382,49.437,49.473,49.513,49.546,49.587,49.63,49.675,49.707,49.735,49.767,49.796,49.825,49.846,49.877,49.909,49.939,49.972,50.008,50.033,50.057,50.1,50.124,50.148,50.169,50.194,50.213,50.238,50.265,50.287,50.319,50.349,50.377,50.402,50.424,50.45,50.481,50.505,50.533,50.556,50.585,50.61,50.634,50.663,50.686,50.713,50.739,50.76,50.788,50.814,50.842,50.871,50.899,50.937,50.962,50.991,51.023,51.06,51.093,51.126,51.155,51.185,51.212,51.242,51.283,51.315,51.349,51.392,51.427,51.468,51.523,51.571,51.624,51.673,51.725,51.786,51.854,51.925,51.98,52.06,52.145,52.229,52.338,52.49,52.687,52.975,53.54
510,@TPP,47.129,48.022,48.368,48.578,48.714,48.841,48.934,49.029,49.11,49.167,49.226,49.285,49.345,49.404,49.439,49.477,49.523,49.558,49.598,49.641,49.677,49.712,49.753,49.785,49.818,49.853,49.891,49.916,49.954,49.978,50.005,50.033,50.052,50.078,50.104,50.134,50.157,50.18,50.21,50.233,50.26,50.289,50.311,50.33,50.351,50.371,50.394,50.425,50.443,50.466,50.491,50.519,50.546,50.573,50.601,50.621,50.652,50.671,50.698,50.726,50.753,50.781,50.813,50.84,50.874,50.903,50.937,50.96,50.978,51.003,51.026,51.058,51.098,51.142,51.179,51.222,51.263,51.289,51.327,51.363,51.396,51.439,51.48,51.507,51.558,51.589,51.634,51.695,51.761,51.814,51.871,51.921,51.985,52.064,52.127,52.228,52.322,52.462,52.692,53.032,53.548
511,@TPP,47.129,48.022,48.368,48.578,48.714,48.841,48.934,49.029,49.11,49.167,49.226,49.285,49.345,49.404,49.439,49.477,49.523,49.558,49.598,49.641,49.677,49.712,49.753,49.785,49.818,49.853,49.891,49.916,49.954,49.978,50.005,50.033,50.052,50.078,50.104,50.134,50.157,50.18,50.21,50.233,50.26,50.289,50.311,50.33,50.351,50.371,50.394,50.425,50.443,50.466,50.491,50.519,50.546,50.573,50.601,50.621,50.652,50.671,50.698,50.726,50.753,50.781,50.813,50.84,50.874,50.903,50.937,50.96,50.978,51.003,51.026,51.058,51.098,51.142,51.179,51.222,51.263,51.289,51.327,51.363,51.396,51.439,51.48,51.507,51.558,51.589,51.634,51.695,51.761,51.814,51.871,51.921,51.985,52.064,52.127,52.228,52.322,52.462,52.692,53.032,53.548
512,@TPP,47.116,48.092,48.426,48.593,48.721,48.851,48.951,49.033,49.121,49.211,49.275,49.34,49.396,49.452,49.498,49.536,49.567,49.616,49.66,49.684,49.719,49.754,49.795,49.828,49.877,49.917,49.944,49.973,49.999,50.025,50.055,50.088,50.112,50.137,50.157,50.183,50.21,50.236,50.259,50.28,50.3,50.326,50.351,50.378,50.402,50.422,50.443,50.47,50.493,50.519,50.539,50.567,50.599,50.627,50.646,50.673,50.704,50.733,50.757,50.784,50.805,50.823,50.847,50.867,50.895,50.928,50.956,50.982,51.011,51.048,51.083,51.113,51.139,51.172,51.198,51.231,51.265,51.297,51.335,51.372,51.409,51.438,51.479,51.514,51.547,51.59,51.632,51.675,51.727,51.787,51.859,51.925,51.991,52.103,52.163,52.263,52.364,52.499,52.695,53.027,53.698
513,@TPP,47.116,48.092,48.426,48.593,48.721,48.851,48.951,49.033,49.121,49.211,49.275,49.34,49.396,49.452,49.498,49.536,49.567,49.616,49.66,49.684,49.719,49.754,49.795,49.828,49.877,49.917,49.944,49.973,49.999,50.025,50.055,50.088,50.112,50.137,50.157,50.183,50.21,50.236,50.259,50.28,50.3,50.326,50.351,50.378,50.402,50.422,50.443,50.47,50.493,50.519,50.539,50.567,50.599,50.627,50.646,50.673,50.704,50.733,50.757,50.784,50.805,50.823,50.847,50.867,50.895,50.928,50.956,50.982,51.011,51.048,51.083,51.113,51.139,51.172,51.198,51.231,51.265,51.297,51.335,51.372,51.409,51.438,51.479,51.514,51.547,51.59,51.632,51.675,51.727,51.787,51.859,51.925,51.991,52.103,52.163,52.263,52.364,52.499,52.695,53.027,53.698
514,@TPP,47.478,48.15,48.421,48.645,48.783,48.911,49.02,49.117,49.198,49.265,49.335,49.388,49.439,49.485,49.529,49.58,49.623,49.656,49.694,49.74,49.774,49.802,49.834,49.865,49.892,49.926,49.96,49.998,50.037,50.064,50.084,50.117,50.15,50.171,50.198,50.223,50.246,50.267,50.286,50.305,50.332,50.363,50.385,50.417,50.444,50.466,50.492,50.516,50.54,50.566,50.588,50.612,50.636,50.663,50.682,50.712,50.732,50.763,50.784,50.81,50.834,50.863,50.883,50.91,50.933,50.96,50.986,51.014,51.04,51.062,51.088,51.122,51.158,51.2,51.233,51.265,51.289,51.317,51.347,51.383,51.422,51.47,51.526,51.561,51.604,51.647,51.684,51.732,51.771,51.83,51.878,51.946,52.013,52.065,52.169,52.239,52.326,52.504,52.635,53.11,53.723
515,@TPP,47.478,48.15,48.421,48.645,48.783,48.911,49.02,49.117,49.198,49.265,49.335,49.388,49.439,49.485,49.529,49.58,49.623,49.656,49.694,49.74,49.774,49.802,49.834,49.865,49.892,49.926,49.96,49.998,50.037,50.064,50.084,50.117,50.15,50.171,50.198,50.223,50.246,50.267,50.286,50.305,50.332,50.363,50.385,50.417,50.444,50.466,50.492,50.516,50.54,50.566,50.588,50.612,50.636,50.663,50.682,50.712,50.732,50.763,50.784,50.81,50.834,50.863,50.883,50.91,50.933,50.96,50.986,51.014,51.04,51.062,51.088,51.122,51.158,51.2,51.233,51.265,51.289,51.317,51.347,51.383,51.422,51.47,51.526,51.561,51.604,51.647,51.684,51.732,51.771,51.83,51.878,51.946,52.013,52.065,52.169,52.239,52.326,52.504,52.635,53.11,53.723
516,@TPP,47.732,48.275,48.589,48.738,48.871,48.999,49.108,49.195,49.28,49.351,49.405,49.461,49.505,49.561,49.606,49.644,49.682,49.712,49.741,49.782,49.818,49.852,49.88,49.918,49.956,49.982,50.009,50.035,50.067,50.094,50.124,50.147,50.171,50.197,50.225,50.254,50.282,50.309,50.336,50.359,50.383,50.409,50.434,50.451,50.472,50.496,50.519,50.541,50.564,50.584,50.609,50.636,50.656,50.68,50.699,50.719,50.741,50.768,50.799,50.824,50.846,50.873,50.901,50.929,50.95,50.973,50.997,51.019,51.044,51.07,51.096,51.123,51.158,51.188,51.218,51.251,51.284,51.326,51.359,51.389,51.429,51.462,51.491,51.52,51.568,51.605,51.658,51.7,51.757,51.813,51.876,51.934,52.009,52.093,52.151,52.221,52.338,52.475,52.683,53.004,53.586
517,@TPP,47.732,48.275,48.589,48.738,48.871,48.999,49.108,49.195,49.28,49.351,49.405,49.461,49.505,49.561,49.606,49.644,49.682,49.712,49.741,49.782,49.818,49.852,49.88,49.918,49.956,49.982,50.009,50.035,50.067,50.094,50.124,50.147,50.171,50.197,50.225,50.254,50.282,50.309,50.336,50.359,50.383,50.409,50.434,50.451,50.472,50.496,50.519,50.541,50.564,50.584,50.609,50.636,50.656,50.68,50.699,50.719,50.741,50.768,50.799,50.824,50.846,50.873,50.901,50.929,50.95,50.973,50.997,51.019,51.044,51.07,51.096,51.123,51.158,51.188,51.218,51.251,51.284,51.326,51.359,51.389,51.429,51.462,51.491,51.52,51.568,51.605,51.658,51.7,51.757,51.813,51.876,51.934,52.009,52.093,52.151,52.221,52.338,52.475,52.683,53.004,53.586
518,@TPP,47.389,48.418,48.659,48.853,48.957,49.063,49.148,49.234,49.328,49.411,49.457,49.517,49.571,49.62,49.664,49.706,49.745,49.797,49.823,49.858,49.892,49.924,49.96,49.994,50.028,50.063,50.09,50.117,50.145,50.173,50.193,50.22,50.256,50.289,50.314,50.334,50.362,50.381,50.4,50.427,50.448,50.468,50.49,50.519,50.544,50.565,50.585,50.611,50.634,50.656,50.68,50.703,50.736,50.761,50.784,50.814,50.839,50.867,50.896,50.913,50.93,50.953,50.984,51.011,51.041,51.066,51.092,51.117,51.146,51.172,51.202,51.226,51.253,51.28,51.307,51.348,51.372,51.413,51.445,51.47,51.508,51.551,51.59,51.63,51.663,51.71,51.759,51.799,51.83,51.893,51.96,52.022,52.084,52.161,52.231,52.33,52.455,52.618,52.788,53.037,53.816
519,@TPP,47.389,48.418,48.659,48.853,48.957,49.063,49.148,49.234,49.328,49.411,49.457,49.517,49.571,49.62,49.664,49.706,49.745,49.797,49.823,49.858,49.892,49.924,49.96,49.994,50.028,50.063,50.09,50.117,50.145,50.173,50.193,50.22,50.256,50.289,50.314,50.334,50.362,50.381,50.4,50.427,50.448,50.468,50.49,50.519,50.544,50.565,50.585,50.611,50.634,50.656,50.68,50.703,50.736,50.761,50.784,50.814,50.839,50.867,50.896,50.913,50.93,50.953,50.984,51.011,51.041,51.066,51.092,51.117,51.146,51.172,51.202,51.226,51.253,51.28,51.307,51.348,51.372,51.413,51.445,51.47,51.508,51.551,51.59,51.63,51.663,51.71,51.759,51.799,51.83,51.893,51.96,52.022,52.084,52.161,52.231,52.33,52.455,52.618,52.788,53.037,53.816
520,@TPP,47.634,48.468,48.715,48.912,49.017,49.139,49.247,49.323,49.392,49.477,49.529,49.577,49.631,49.673,49.723,49.765,49.8,49.851,49.886,49.921,49.953,49.991,50.019,50.058,50.099,50.13,50.169,50.202,50.232,50.266,50.291,50.312,50.336,50.358,50.381,50.4,50.423,50.457,50.481,50.51,50.526,50.552,50.573,50.597,50.619,50.636,50.659,50.688,50.714,50.736,50.762,50.791,50.814,50.839,50.872,50.896,50.921,50.949,50.969,50.996,51.021,51.045,51.069,51.093,51.112,51.143,51.172,51.203,51.236,51.263,51.294,51.322,51.357,51.382,51.401,51.434,51.458,51.495,51.526,51.567,51.598,51.643,51.681,51.733,51.772,51.814,51.854,51.903,51.953,52.004,52.056,52.104,52.175,52.23,52.308,52.436,52.541,52.687,52.823,53.114,54.06
521,@TPP,47.634,48.468,48.715,48.912,49.017,49.139,49.247,49.323,49.392,49.477,49.529,49.577,49.631,49.673,49.723,49.765,49.8,49.851,49.886,49.921,49.953,49.991,50.019,50.058,50.099,50.13,50.169,50.202,50.232,50.266,50.291,50.312,50.336,50.358,50.381,50.4,50.423,50.457,50.481,50.51,50.526,50.552,50.573,50.597,50.619,50.636,50.659,50.688,50.714,50.736,50.762,50.791,50.814,50.839,50.872,50.896,50.921,50.949,50.969,50.996,51.021,51.045,51.069,51.093,51.112,51.143,51.172,51.203,51.236,51.263,51.294,51.322,51.357,51.382,51.401,51.434,51.458,51.495,51.526,51.567,51.598,51.643,51.681,51.733,51.772,51.814,51.854,51.903,51.953,52.004,52.056,52.104,52.175,52.23,52.308,52.436,52.541,52.687,52.823,53.114,54.06
522,@TPP,47.789,48.548,48.833,49.009,49.103,49.219,49.314,49.413,49.498,49.563,49.619,49.673,49.71,49.763,49.804,49.843,49.892,49.931,49.964,49.999,50.045,50.091,50.11,50.138,50.176,50.208,50.239,50.267,50.288,50.317,50.341,50.37,50.397,50.428,50.45,50.472,50.498,50.524,50.548,50.576,50.605,50.638,50.667,50.692,50.716,50.733,50.758,50.78,50.811,50.835,50.857,50.88,50.91,50.933,50.96,50.983,51.004,51.026,51.052,51.075,51.104,51.129,51.167,51.185,51.204,51.24,51.272,51.298,51.329,51.355,51.378,51.404,51.436,51.465,51.501,51.535,51.558,51.595,51.619,51.661,51.69,51.727,51.765,51.804,51.839,51.881,51.929,51.99,52.025,52.071,52.123,52.166,52.241,52.315,52.413,52.505,52.596,52.743,52.933,53.248,54.093
523,@TPP,47.789,48.548,48.833,49.009,49.103,49.219,49.314,49.413,49.498,49.563,49.619,49.673,49.71,49.763,49.804,49.843,49.892,49.931,49.964,49.999,50.045,50.091,50.11,50.138,50.176,50.208,50.239,50.267,50.288,50.317,50.341,50.37,50.397,50.428,50.45,50.472,50.498,50.524,50.548,50.576,50.605,50.638,50.667,50.692,50.716,50.733,50.758,50.78,50.811,50.835,50.857,50.88,50.91,50.933,50.96,50.983,51.004,51.026,51.052,51.075,51.104,51.129,51.167,51.185,51.204,51.24,51.272,51.298,51.329,51.355,51.378,51.404,51.436,51.465,51.501,51.535,51.558,51.595,51.619,51.661,51.69,51.727,51.765,51.804,51.839,51.881,51.929,51.99,52.025,52.071,52.123,52.166,52.241,52.315,52.413,52.505,52.596,52.743,52.933,53.248,54.093
524,@TPP,47.939,48.627,48.917,49.103,49.221,49.353,49.441,49.514,49.564,49.626,49.684,49.736,49.795,49.85,49.898,49.947,49.975,50.01,50.047,50.08,50.115,50.149,50.183,50.219,50.248,50.284,50.312,50.337,50.366,50.397,50.415,50.447,50.47,50.499,50.527,50.552,50.573,50.605,50.628,50.656,50.686,50.707,50.735,50.758,50.784,50.806,50.829,50.85,50.875,50.898,50.922,50.953,50.978,51.009,51.03,51.052,51.078,51.097,51.125,51.153,51.18,51.204,51.226,51.254,51.285,51.321,51.345,51.369,51.396,51.413,51.439,51.479,51.506,51.544,51.567,51.596,51.622,51.658,51.684,51.721,51.762,51.805,51.844,51.882,51.925,51.973,52.018,52.062,52.114,52.158,52.2,52.258,52.338,52.4,52.475,52.567,52.67,52.8,52.997,53.318,53.937
525,@TPP,47.939,48.627,48.917,49.103,49.221,49.353,49.441,49.514,49.564,49.626,49.684,49.736,49.795,49.85,49.898,49.947,49.975,50.01,50.047,50.08,50.115,50.149,50.183,50.219,50.248,50.284,50.312,50.337,50.366,50.397,50.415,50.447,50.47,50.499,50.527,50.552,50.573,50.605,50.628,50.656,50.686,50.707,50.735,50.758,50.784,50.806,50.829,50.85,50.875,50.898,50.922,50.953,50.978,51.009,51.03,51.052,51.078,51.097,51.125,51.153,51.18,51.204,51.226,51.254,51.285,51.321,51.345,51.369,51.396,51.413,51.439,51.479,51.506,51.544,51.567,51.596,51.622,51.658,51.684,51.721,51.762,51.805,51.844,51.882,51.925,51.973,52.018,52.062,52.114,52.158,52.2,52.258,52.338,52.4,52.475,52.567,52.67,52.8,52.997,53.318,53.937
526,@TPP,48.075,48.694,49.003,49.178,49.298,49.409,49.476,49.562,49.659,49.722,49.78,49.835,49.889,49.934,49.971,50.014,50.051,50.093,50.128,50.166,50.198,50.226,50.26,50.291,50.319,50.345,50.38,50.411,50.44,50.469,50.497,50.517,50.549,50.579,50.606,50.635,50.66,50.687,50.71,50.734,50.758,50.79,50.812,50.835,50.859,50.885,50.917,50.943,50.967,50.998,51.021,51.047,51.072,51.092,51.119,51.14,51.161,51.18,51.201,51.221,51.246,51.269,51.298,51.318,51.351,51.374,51.397,51.423,51.451,51.479,51.506,51.539,51.569,51.606,51.643,51.67,51.707,51.742,51.771,51.816,51.847,51.877,51.914,51.95,51.988,52.028,52.081,52.128,52.175,52.227,52.275,52.341,52.414,52.501,52.566,52.659,52.764,52.866,53.053,53.351,53.941
527,@TPP,48.075,48.694,49.003,49.178,49.298,49.409,49.476,49.562,49.659,49.722,49.78,49.835,49.889,49.934,49.971,50.014,50.051,50.093,50.128,50.166,50.198,50.226,50.26,50.291,50.319,50.345,50.38,50.411,50.44,50.469,50.497,50.517,50.549,50.579,50.606,50.635,50.66,50.687,50.71,50.734,50.758,50.79,50.812,50.835,50.859,50.885,50.917,50.943,50.967,50.998,51.021,51.047,51.072,51.092,51.119,51.14,51.161,51.18,51.201,51.221,51.246,51.269,51.298,51.318,51.351,51.374,51.397,51.423,51.451,51.479,51.506,51.539,51.569,51.606,51.643,51.67,51.707,51.742,51.771,51.816,51.847,51.877,51.914,51.95,51.988,52.028,52.081,52.128,52.175,52.227,52.275,52.341,52.414,52.501,52.566,52.659,52.764,52.866,53.053,53.351,53.941
528,@TPP,48.004,48.765,49.059,49.206,49.355,49.487,49.595,49.687,49.753,49.829,49.888,49.934,49.986,50.034,50.067,50.1,50.131,50.164,50.205,50.235,50.266,50.301,50.334,50.376,50.407,50.435,50.48,50.502,50.525,50.55,50.579,50.614,50.64,50.667,50.695,50.723,50.748,50.777,50.797,50.821,50.847,50.881,50.906,50.938,50.96,50.981,51.003,51.033,51.055,51.083,51.108,51.132,51.152,51.174,51.198,51.223,51.249,51.275,51.298,51.323,51.345,51.368,51.393,51.42,51.446,51.473,51.493,51.517,51.545,51.575,51.61,51.631,51.653,51.684,51.714,51.746,51.776,51.808,51.84,51.876,51.909,51.942,51.984,52.019,52.061,52.1,52.143,52.184,52.24,52.3,52.338,52.383,52.457,52.528,52.617,52.681,52.803,52.931,53.097,53.38,54.01
529,@TPP,48.004,48.765,49.059,49.206,49.355,49.487,49.595,49.687,49.753,49.829,49.888,49.934,49.986,50.034,50.067,50.1,50.131,50.164,50.205,50.235,50.266,50.301,50.334,50.376,50.407,50.435,50.48,50.502,50.525,50.55,50.579,50.614,50.64,50.667,50.695,50.723,50.748,50.777,50.797,50.821,50.847,50.881,50.906,50.938,50.96,50.981,51.003,51.033,51.055,51.083,51.108,51.132,51.152,51.174,51.198,51.223,51.249,51.275,51.298,51.323,51.345,51.368,51.393,51.42,51.446,51.473,51.493,51.517,51.545,51.575,51.61,51.631,51.653,51.684,51.714,51.746,51.776,51.808,51.84,51.876,51.909,51.942,51.984,52.019,52.061,52.1,52.143,52.184,52.24,52.3,52.338,52.383,52.457,52.528,52.617,52.681,52.803,52.931,53.097,53.38,54.01
530,@TPP,48.068,48.879,49.241,49.391,49.494,49.588,49.686,49.763,49.839,49.904,49.947,50.001,50.037,50.088,50.126,50.167,50.217,50.257,50.293,50.337,50.369,50.396,50.426,50.464,50.49,50.515,50.548,50.577,50.604,50.642,50.665,50.687,50.717,50.751,50.784,50.819,50.837,50.864,50.889,50.918,50.946,50.967,50.996,51.017,51.038,51.066,51.091,51.113,51.14,51.165,51.182,51.201,51.223,51.251,51.272,51.292,51.312,51.338,51.356,51.385,51.407,51.435,51.457,51.478,51.501,51.521,51.544,51.566,51.597,51.63,51.651,51.679,51.703,51.736,51.771,51.808,51.842,51.88,51.909,51.938,51.977,52.013,52.048,52.096,52.144,52.175,52.222,52.269,52.316,52.355,52.403,52.457,52.526,52.58,52.644,52.744,52.815,52.935,53.122,53.386,53.819
531,@TPP,48.068,48.879,49.241,49.391,49.494,49.588,49.686,49.763,49.839,49.904,49.947,50.001,50.037,50.088,50.126,50.167,50.217,50.257,50.293,50.337,50.369,50.396,50.426,50.464,50.49,50.515,50.548,50.577,50.604,50.642,50.665,50.687,50.717,50.751,50.784,50.819,50.837,50.864,50.889,50.918,50.946,50.967,50.996,51.017,51.038,51.066,51.091,51.113,51.14,51.165,51.182,51.201,51.223,51.251,51.272,51.292,51.312,51.338,51.356,51.385,51.407,51.435,51.457,51.478,51.501,51.521,51.544,51.566,51.597,51.63,51.651,51.679,51.703,51.736,51.771,51.808,51.842,51.88,51.909,51.938,51.977,52.013,52.048,52.096,52.144,52.175,52.222,52.269,52.316,52.355,52.403,52.457,52.526,52.58,52.644,52.744,52.815,52.935,53.122,53.386,53.819
532,@TPP,48.278,49.067,49.329,49.476,49.603,49.704,49.792,49.843,49.899,49.975,50.04,50.087,50.142,50.197,50.236,50.282,50.313,50.348,50.387,50.426,50.458,50.487,50.514,50.546,50.574,50.601,50.627,50.656,50.696,50.723,50.75,50.784,50.809,50.827,50.85,50.872,50.899,50.917,50.944,50.97,50.995,51.017,51.046,51.07,51.096,51.118,51.149,51.169,51.192,51.223,51.246,51.268,51.289,51.311,51.335,51.363,51.386,51.409,51.438,51.468,51.496,51.521,51.541,51.57,51.59,51.613,51.637,51.659,51.686,51.716,51.743,51.762,51.796,51.828,51.856,51.89,51.92,51.947,51.978,52.007,52.041,52.074,52.113,52.149,52.179,52.213,52.256,52.313,52.344,52.39,52.429,52.472,52.519,52.58,52.673,52.744,52.849,52.984,53.126,53.343,54.113
533,@TPP,48.278,49.067,49.329,49.476,49.603,49.704,49.792,49.843,49.899,49.975,50.04,50.087,50.142,50.197,50.236,50.282,50.313,50.348,50.387,50.426,50.458,50.487,50.514,50.546,50.574,50.601,50.627,50.656,50.696,50.723,50.75,50.784,50.809,50.827,50.85,50.872,50.899,50.917,50.944,50.97,50.995,51.017,51.046,51.07,51.096,51.118,51.149,51.169,51.192,51.223,51.246,51.268,51.289,51.311,51.335,51.363,51.386,51.409,51.438,51.468,51.496,51.521,51.541,51.57,51.59,51.613,51.637,51.659,51.686,51.716,51.743,51.762,51.796,51.828,51.856,51.89,51.92,51.947,51.978,52.007,52.041,52.074,52.113,52.149,52.179,52.213,52.256,52.313,52.344,52.39,52.429,52.472,52.519,52.58,52.673,52.744,52.849,52.984,53.126,53.343,54.113
534,@TPP,48.37,49.173,49.424,49.619,49.694,49.797,49.892,49.963,50.025,50.103,50.155,50.211,50.258,50.304,50.343,50.379,50.417,50.454,50.489,50.516,50.539,50.563,50.6,50.627,50.653,50.684,50.718,50.749,50.775,50.804,50.829,50.855,50.884,50.906,50.932,50.955,50.979,51.002,51.027,51.045,51.066,51.098,51.126,51.154,51.17,51.196,51.222,51.246,51.267,51.298,51.325,51.347,51.371,51.395,51.412,51.437,51.458,51.477,51.494,51.527,51.557,51.574,51.6,51.624,51.654,51.684,51.714,51.735,51.766,51.797,51.824,51.854,51.882,51.903,51.935,51.965,51.99,52.024,52.06,52.091,52.122,52.155,52.192,52.215,52.248,52.276,52.31,52.35,52.384,52.432,52.464,52.515,52.584,52.647,52.698,52.773,52.847,52.958,53.166,53.39,54.185
535,@TPP,48.37,49.173,49.424,49.619,49.694,49.797,49.892,49.963,50.025,50.103,50.155,50.211,50.258,50.304,50.343,50.379,50.417,50.454,50.489,50.516,50.539,50.563,50.6,50.627,50.653,50.684,50.718,50.749,50.775,50.804,50.829,50.855,50.884,50.906,50.932,50.955,50.979,51.002,51.027,51.045,51.066,51.098,51.126,51.154,51.17,51.196,51.222,51.246,51.267,51.298,51.325,51.347,51.371,51.395,51.412,51.437,51.458,51.477,51.494,51.527,51.557,51.574,51.6,51.624,51.654,51.684,51.714,51.735,51.766,51.797,51.824,51.854,51.882,51.903,51.935,51.965,51.99,52.024,52.06,52.091,52.122,52.155,52.192,52.215,52.248,52.276,52.31,52.35,52.384,52.432,52.464,52.515,52.584,52.647,52.698,52.773,52.847,52.958,53.166,53.39,54.185
536,@TPP,48.801,49.359,49.575,49.721,49.824,49.931,50.036,50.104,50.154,50.2,50.263,50.308,50.359,50.404,50.437,50.485,50.518,50.548,50.579,50.613,50.641,50.672,50.703,50.734,50.761,50.795,50.827,50.858,50.884,50.91,50.934,50.96,50.985,51.013,51.042,51.062,51.086,51.11,51.135,51.153,51.172,51.197,51.22,51.238,51.257,51.283,51.306,51.331,51.351,51.369,51.389,51.412,51.438,51.46,51.485,51.511,51.533,51.559,51.582,51.609,51.628,51.651,51.677,51.693,51.714,51.738,51.764,51.789,51.812,51.833,51.864,51.89,51.912,51.937,51.965,51.998,52.025,52.053,52.076,52.105,52.136,52.17,52.204,52.242,52.273,52.313,52.351,52.392,52.445,52.472,52.52,52.57,52.631,52.692,52.763,52.841,52.932,53.069,53.236,53.518,54.111
537,@TPP,48.801,49.359,49.575,49.721,49.824,49.931,50.036,50.104,50.154,50.2,50.263,50.308,50.359,50.404,50.437,50.485,50.518,50.548,50.579,50.613,50.641,50.672,50.703,50.734,50.761,50.795,50.827,50.858,50.884,50.91,50.934,50.96,50.985,51.013,51.042,51.062,51.086,51.11,51.135,51.153,51.172,51.197,51.22,51.238,51.257,51.283,51.306,51.331,51.351,51.369,51.389,51.412,51.438,51.46,51.485,51.511,51.533,51.559,51.582,51.609,51.628,51.651,51.677,51.693,51.714,51.738,51.764,51.789,51.812,51.833,51.864,51.89,51.912,51.937,51.965,51.998,52.025,52.053,52.076,52.105,52.136,52.17,52.204,52.242,52.273,52.313,52.351,52.392,52.445,52.472,52.52,52.57,52.631,52.692,52.763,52.841,52.932,53.069,53.236,53.518,54.111
538,@TPP,48.869,49.466,49.653,49.821,49.944,50.014,50.102,50.172,50.249,50.297,50.36,50.418,50.464,50.516,50.569,50.606,50.647,50.68,50.707,50.741,50.777,50.807,50.838,50.858,50.893,50.915,50.941,50.968,50.997,51.025,51.051,51.077,51.104,51.13,51.155,51.175,51.195,51.227,51.252,51.277,51.298,51.321,51.345,51.364,51.388,51.418,51.443,51.47,51.49,51.513,51.538,51.561,51.579,51.601,51.622,51.64,51.666,51.689,51.709,51.732,51.76,51.788,51.809,51.832,51.849,51.879,51.899,51.927,51.947,51.967,51.995,52.019,52.045,52.068,52.09,52.113,52.138,52.162,52.192,52.224,52.258,52.292,52.319,52.345,52.386,52.435,52.463,52.518,52.555,52.607,52.66,52.72,52.791,52.88,52.947,53.024,53.117,53.219,53.371,53.551,54.345
539,@TPP,48.869,49.466,49.653,49.821,49.944,50.014,50.102,50.172,50.249,50.297,50.36,50.418,50.464,50.516,50.569,50.606,50.647,50.68,50.707,50.741,50.777,50.807,50.838,50.858,50.893,50.915,50.941,50.968,50.997,51.025,51.051,51.077,51.104,51.13,51.155,51.175,51.195,51.227,51.252,51.277,51.298,51.321,51.345,51.364,51.388,51.418,51.443,51.47,51.49,51.513,51.538,51.561,51.579,51.601,51.622,51.64,51.666,51.689,51.709,51.732,51.76,51.788,51.809,51.832,51.849,51.879,51.899,51.927,51.947,51.967,51.995,52.019,52.045,52.068,52.09,52.113,52.138,52.162,52.192,52.224,52.258,52.292,52.319,52.345,52.386,52.435,52.463,52.518,52.555,52.607,52.66,52.72,52.791,52.88,52.947,53.024,53.117,53.219,53.371,53.551,54.345
540,@TPP,49.112,49.643,49.806,49.936,50.057,50.138,50.232,50.304,50.367,50.422,50.47,50.533,50.579,50.624,50.669,50.71,50.755,50.797,50.828,50.864,50.895,50.925,50.957,50.984,51.015,51.046,51.075,51.101,51.131,51.155,51.178,51.206,51.226,51.246,51.272,51.31,51.341,51.362,51.383,51.4,51.42,51.443,51.465,51.481,51.508,51.533,51.552,51.578,51.605,51.632,51.653,51.678,51.696,51.716,51.741,51.766,51.783,51.809,51.827,51.85,51.875,51.899,51.919,51.942,51.968,51.985,52.009,52.032,52.064,52.082,52.109,52.13,52.149,52.176,52.2,52.232,52.26,52.291,52.322,52.355,52.389,52.417,52.451,52.492,52.523,52.558,52.612,52.652,52.693,52.737,52.789,52.833,52.903,52.971,53.057,53.154,53.227,53.317,53.482,53.682,54.473
541,@TPP,49.112,49.643,49.806,49.936,50.057,50.138,50.232,50.304,50.367,50.422,50.47,50.533,50.579,50.624,50.669,50.71,50.755,50.797,50.828,50.864,50.895,50.925,50.957,50.984,51.015,51.046,51.075,51.101,51.131,51.155,51.178,51.206,51.226,51.246,51.272,51.31,51.341,51.362,51.383,51.4,51.42,51.443,51.465,51.481,51.508,51.533,51.552,51.578,51.605,51.632,51.653,51.678,51.696,51.716,51.741,51.766,51.783,51.809,51.827,51.85,51.875,51.899,51.919,51.942,51.968,51.985,52.009,52.032,52.064,52.082,52.109,52.13,52.149,52.176,52.2,52.232,52.26,52.291,52.322,52.355,52.389,52.417,52.451,52.492,52.523,52.558,52.612,52.652,52.693,52.737,52.789,52.833,52.903,52.971,53.057,53.154,53.227,53.317,53.482,53.682,54.473
542,@TPP,49.065,49.758,49.936,50.078,50.167,50.268,50.356,50.427,50.487,50.547,50.601,50.651,50.696,50.743,50.792,50.83,50.861,50.89,50.924,50.985,51.026,51.053,51.084,51.115,51.147,51.182,51.216,51.241,51.262,51.287,51.311,51.339,51.362,51.387,51.411,51.434,51.457,51.476,51.499,51.523,51.542,51.564,51.586,51.606,51.629,51.65,51.677,51.701,51.721,51.744,51.767,51.791,51.813,51.839,51.859,51.876,51.902,51.927,51.953,51.973,51.996,52.021,52.036,52.066,52.086,52.109,52.135,52.162,52.176,52.202,52.228,52.252,52.28,52.299,52.332,52.356,52.376,52.405,52.432,52.463,52.492,52.533,52.579,52.617,52.651,52.698,52.742,52.77,52.809,52.848,52.911,52.968,53.019,53.098,53.166,53.238,53.301,53.394,53.551,53.875,54.595
543,@TPP,49.065,49.758,49.936,50.078,50.167,50.268,50.356,50.427,50.487,50.547,50.601,50.651,50.696,50.743,50.792,50.83,50.861,50.89,50.924,50.985,51.026,51.053,51.084,51.115,51.147,51.182,51.216,51.241,51.262,51.287,51.311,51.339,51.362,51.387,51.411,51.434,51.457,51.476,51.499,51.523,51.542,51.564,51.586,51.606,51.629,51.65,51.677,51.701,51.721,51.744,51.767,51.791,51.813,51.839,51.859,51.876,51.902,51.927,51.953,51.973,51.996,52.021,52.036,52.066,52.086,52.109,52.135,52.162,52.176,52.202,52.228,52.252,52.28,52.299,52.332,52.356,52.376,52.405,52.432,52.463,52.492,52.533,52.579,52.617,52.651,52.698,52.742,52.77,52.809,52.848,52.911,52.968,53.019,53.098,53.166,53.238,53.301,53.394,53.551,53.875,54.595
544,@TPP,49.363,49.857,50.1,50.226,50.321,50.41,50.494,50.571,50.638,50.699,50.742,50.793,50.828,50.866,50.914,50.96,51.005,51.035,51.063,51.088,51.127,51.173,51.203,51.232,51.263,51.289,51.32,51.348,51.38,51.411,51.444,51.474,51.499,51.521,51.539,51.569,51.593,51.614,51.634,51.655,51.684,51.701,51.72,51.737,51.76,51.786,51.806,51.825,51.845,51.866,51.888,51.908,51.929,51.945,51.972,51.995,52.015,52.04,52.055,52.077,52.103,52.127,52.146,52.171,52.19,52.205,52.238,52.263,52.29,52.316,52.346,52.378,52.399,52.422,52.447,52.476,52.503,52.531,52.565,52.589,52.609,52.636,52.663,52.705,52.747,52.789,52.828,52.862,52.907,52.954,53.0,53.045,53.125,53.179,53.262,53.354,53.445,53.556,53.709,54.014,54.771
545,@TPP,49.363,49.857,50.1,50.226,50.321,50.41,50.494,50.571,50.638,50.699,50.742,50.793,50.828,50.866,50.914,50.96,51.005,51.035,51.063,51.088,51.127,51.173,51.203,51.232,51.263,51.289,51.32,51.348,51.38,51.411,51.444,51.474,51.499,51.521,51.539,51.569,51.593,51.614,51.634,51.655,51.684,51.701,51.72,51.737,51.76,51.786,51.806,51.825,51.845,51.866,51.888,51.908,51.929,51.945,51.972,51.995,52.015,52.04,52.055,52.077,52.103,52.127,52.146,52.171,52.19,52.205,52.238,52.263,52.29,52.316,52.346,52.378,52.399,52.422,52.447,52.476,52.503,52.531,52.565,52.589,52.609,52.636,52.663,52.705,52.747,52.789,52.828,52.862,52.907,52.954,53.0,53.045,53.125,53.179,53.262,53.354,53.445,53.556,53.709,54.014,54.771
546,@TPP,49.313,50.06,50.247,50.397,50.516,50.602,50.68,50.745,50.801,50.85,50.895,50.953,51.001,51.054,51.091,51.123,51.162,51.186,51.22,51.249,51.278,51.31,51.338,51.378,51.406,51.429,51.456,51.48,51.502,51.526,51.556,51.58,51.601,51.628,51.65,51.683,51.702,51.729,51.754,51.772,51.79,51.814,51.832,51.85,51.871,51.892,51.909,51.934,51.961,51.984,52.009,52.03,52.052,52.072,52.096,52.115,52.131,52.158,52.175,52.193,52.216,52.236,52.257,52.28,52.304,52.326,52.354,52.377,52.399,52.43,52.454,52.479,52.501,52.529,52.556,52.586,52.613,52.639,52.671,52.696,52.732,52.77,52.804,52.837,52.869,52.905,52.944,52.985,53.028,53.069,53.125,53.188,53.246,53.296,53.378,53.455,53.568,53.665,53.802,54.041,54.532
547,@TPP,49.313,50.06,50.247,50.397,50.516,50.602,50.68,50.745,50.801,50.85,50.895,50.953,51.001,51.054,51.091,51.123,51.162,51.186,51.22,51.249,51.278,51.31,51.338,51.378,51.406,51.429,51.456,51.48,51.502,51.526,51.556,51.58,51.601,51.628,51.65,51.683,51.702,51.729,51.754,51.772,51.79,51.814,51.832,51.85,51.871,51.892,51.909,51.934,51.961,51.984,52.009,52.03,52.052,52.072,52.096,52.115,52.131,52.158,52.175,52.193,52.216,52.236,52.257,52.28,52.304,52.326,52.354,52.377,52.399,52.43,52.454,52.479,52.501,52.529,52.556,52.586,52.613,52.639,52.671,52.696,52.732,52.77,52.804,52.837,52.869,52.905,52.944,52.985,53.028,53.069,53.125,53.188,53.246,53.296,53.378,53.455,53.568,53.665,53.802,54.041,54.532
548,@TPP,49.423,50.027,50.222,50.385,50.512,50.597,50.666,50.745,50.807,50.859,50.918,50.957,51.005,51.033,51.071,51.111,51.142,51.186,51.211,51.242,51.282,51.314,51.352,51.379,51.411,51.441,51.469,51.496,51.523,51.549,51.573,51.592,51.613,51.642,51.662,51.691,51.711,51.739,51.761,51.784,51.8,51.818,51.839,51.864,51.887,51.91,51.929,51.947,51.965,51.986,52.005,52.022,52.044,52.064,52.08,52.106,52.132,52.16,52.177,52.205,52.23,52.26,52.283,52.304,52.331,52.354,52.377,52.404,52.427,52.449,52.472,52.495,52.52,52.553,52.577,52.605,52.637,52.671,52.699,52.736,52.766,52.795,52.84,52.873,52.909,52.945,52.981,53.031,53.069,53.125,53.167,53.2,53.256,53.339,53.406,53.482,53.592,53.727,53.859,54.074,54.816
549,@TPP,49.423,50.027,50.222,50.385,50.512,50.597,50.666,50.745,50.807,50.859,50.918,50.957,51.005,51.033,51.071,51.111,51.142,51.186,51.211,51.242,51.282,51.314,51.352,51.379,51.411,51.441,51.469,51.496,51.523,51.549,51.573,51.592,51.613,51.642,51.662,51.691,51.711,51.739,51.761,51.784,51.8,51.818,51.839,51.864,51.887,51.91,51.929,51.947,51.965,51.986,52.005,52.022,52.044,52.064,52.08,52.106,52.132,52.16,52.177,52.205,52.23,52.26,52.283,52.304,52.331,52.354,52.377,52.404,52.427,52.449,52.472,52.495,52.52,52.553,52.577,52.605,52.637,52.671,52.699,52.736,52.766,52.795,52.84,52.873,52.909,52.945,52.981,53.031,53.069,53.125,53.167,53.2,53.256,53.339,53.406,53.482,53.592,53.727,53.859,54.074,54.816
550,@TPP,49.298,49.925,50.189,50.379,50.499,50.604,50.68,50.739,50.796,50.868,50.921,50.959,51.006,51.044,51.075,51.108,51.149,51.187,51.228,51.265,51.299,51.329,51.356,51.389,51.422,51.446,51.47,51.502,51.528,51.553,51.575,51.6,51.624,51.643,51.667,51.7,51.726,51.747,51.773,51.791,51.811,51.839,51.853,51.875,51.897,51.913,51.929,51.951,51.972,51.993,52.019,52.043,52.065,52.08,52.1,52.126,52.148,52.169,52.189,52.214,52.238,52.261,52.285,52.309,52.34,52.36,52.391,52.411,52.437,52.462,52.483,52.511,52.538,52.572,52.599,52.631,52.664,52.706,52.739,52.771,52.801,52.831,52.87,52.907,52.937,52.983,53.017,53.057,53.084,53.162,53.203,53.27,53.346,53.394,53.458,53.539,53.642,53.752,53.89,54.099,54.782
551,@TPP,49.298,49.925,50.189,50.379,50.499,50.604,50.68,50.739,50.796,50.868,50.921,50.959,51.006,51.044,51.075,51.108,51.149,51.187,51.228,51.265,51.299,51.329,51.356,51.389,51.422,51.446,51.47,51.502,51.528,51.553,51.575,51.6,51.624,51.643,51.667,51.7,51.726,51.747,51.773,51.791,51.811,51.839,51.853,51.875,51.897,51.913,51.929,51.951,51.972,51.993,52.019,52.043,52.065,52.08,52.1,52.126,52.148,52.169,52.189,52.214,52.238,52.261,52.285,52.309,52.34,52.36,52.391,52.411,52.437,52.462,52.483,52.511,52.538,52.572,52.599,52.631,52.664,52.706,52.739,52.771,52.801,52.831,52.87,52.907,52.937,52.983,53.017,53.057,53.084,53.162,53.203,53.27,53.346,53.394,53.458,53.539,53.642,53.752,53.89,54.099,54.782
552,@TPP,49.17,50.023,50.282,50.387,50.513,50.61,50.701,50.752,50.81,50.857,50.902,50.963,51.017,51.067,51.118,51.15,51.189,51.217,51.248,51.288,51.317,51.346,51.38,51.409,51.438,51.462,51.491,51.517,51.538,51.558,51.58,51.603,51.625,51.647,51.672,51.698,51.723,51.745,51.768,51.787,51.812,51.832,51.851,51.87,51.893,51.915,51.935,51.958,51.979,51.999,52.027,52.049,52.075,52.097,52.112,52.14,52.158,52.186,52.216,52.234,52.255,52.276,52.301,52.32,52.344,52.37,52.409,52.436,52.461,52.491,52.518,52.544,52.572,52.602,52.64,52.666,52.694,52.726,52.766,52.791,52.817,52.848,52.877,52.913,52.954,52.984,53.029,53.067,53.114,53.158,53.192,53.257,53.322,53.392,53.479,53.551,53.671,53.775,53.952,54.156,54.789
553,@TPP,49.17,50.023,50.282,50.387,50.513,50.61,50.701,50.752,50.81,50.857,50.902,50.963,51.017,51.067,51.118,51.15,51.189,51.217,51.248,51.288,51.317,51.346,51.38,51.409,51.438,51.462,51.491,51.517,51.538,51.558,51.58,51.603,51.625,51.647,51.672,51.698,51.723,51.745,51.768,51.787,51.812,51.832,51.851,51.87,51.893,51.915,51.935,51.958,51.979,51.999,52.027,52.049,52.075,52.097,52.112,52.14,52.158,52.186,52.216,52.234,52.255,52.276,52.301,52.32,52.344,52.37,52.409,52.436,52.461,52.491,52.518,52.544,52.572,52.602,52.64,52.666,52.694,52.726,52.766,52.791,52.817,52.848,52.877,52.913,52.954,52.984,53.029,53.067,53.114,53.158,53.192,53.257,53.322,53.392,53.479,53.551,53.671,53.775,53.952,54.156,54.789
554,@TPP,49.062,49.858,50.178,50.388,50.489,50.589,50.67,50.751,50.805,50.849,50.892,50.934,50.976,51.008,51.048,51.092,51.141,51.182,51.208,51.242,51.281,51.305,51.348,51.374,51.405,51.426,51.459,51.494,51.524,51.547,51.573,51.595,51.621,51.651,51.675,51.703,51.733,51.751,51.774,51.795,51.821,51.837,51.862,51.88,51.901,51.925,51.944,51.973,52.003,52.023,52.047,52.073,52.096,52.118,52.146,52.175,52.203,52.223,52.246,52.266,52.292,52.312,52.334,52.363,52.386,52.415,52.436,52.465,52.484,52.517,52.545,52.572,52.59,52.63,52.657,52.683,52.712,52.742,52.776,52.81,52.844,52.882,52.915,52.948,52.993,53.027,53.068,53.112,53.167,53.218,53.262,53.325,53.4,53.454,53.518,53.603,53.701,53.807,53.985,54.219,54.925
555,@TPP,49.062,49.858,50.178,50.388,50.489,50.589,50.67,50.751,50.805,50.849,50.892,50.934,50.976,51.008,51.048,51.092,51.141,51.182,51.208,51.242,51.281,51.305,51.348,51.374,51.405,51.426,51.459,51.494,51.524,51.547,51.573,51.595,51.621,51.651,51.675,51.703,51.733,51.751,51.774,51.795,51.821,51.837,51.862,51.88,51.901,51.925,51.944,51.973,52.003,52.023,52.047,52.073,52.096,52.118,52.146,52.175,52.203,52.223,52.246,52.266,52.292,52.312,52.334,52.363,52.386,52.415,52.436,52.465,52.484,52.517,52.545,52.572,52.59,52.63,52.657,52.683,52.712,52.742,52.776,52.81,52.844,52.882,52.915,52.948,52.993,53.027,53.068,53.112,53.167,53.218,53.262,53.325,53.4,53.454,53.518,53.603,53.701,53.807,53.985,54.219,54.925
556,@TPP,49.064,49.849,50.139,50.289,50.413,50.522,50.607,50.693,50.752,50.804,50.874,50.921,50.967,51.007,51.051,51.092,51.141,51.178,51.206,51.24,51.266,51.299,51.326,51.356,51.389,51.416,51.439,51.468,51.5,51.524,51.548,51.583,51.606,51.635,51.654,51.679,51.707,51.736,51.762,51.78,51.814,51.84,51.86,51.885,51.911,51.94,51.962,51.987,52.018,52.036,52.057,52.078,52.104,52.127,52.149,52.177,52.207,52.232,52.259,52.278,52.298,52.318,52.34,52.362,52.392,52.417,52.448,52.475,52.5,52.531,52.565,52.596,52.614,52.644,52.668,52.706,52.742,52.778,52.814,52.845,52.875,52.903,52.94,52.982,53.018,53.055,53.102,53.131,53.167,53.212,53.285,53.352,53.421,53.493,53.575,53.661,53.743,53.882,54.041,54.335,54.981
557,@TPP,49.064,49.849,50.139,50.289,50.413,50.522,50.607,50.693,50.752,50.804,50.874,50.921,50.967,51.007,51.051,51.092,51.141,51.178,51.206,51.24,51.266,51.299,51.326,51.356,51.389,51.416,51.439,51.468,51.5,51.524,51.548,51.583,51.606,51.635,51.654,51.679,51.707,51.736,51.762,51.78,51.814,51.84,51.86,51.885,51.911,51.94,51.962,51.987,52.018,52.036,52.057,52.078,52.104,52.127,52.149,52.177,52.207,52.232,52.259,52.278,52.298,52.318,52.34,52.362,52.392,52.417,52.448,52.475,52.5,52.531,52.565,52.596,52.614,52.644,52.668,52.706,52.742,52.778,52.814,52.845,52.875,52.903,52.94,52.982,53.018,53.055,53.102,53.131,53.167,53.212,53.285,53.352,53.421,53.493,53.575,53.661,53.743,53.882,54.041,54.335,54.981
558,@TPP,48.869,49.732,50.09,50.257,50.39,50.494,50.584,50.65,50.734,50.789,50.84,50.882,50.936,50.985,51.029,51.073,51.107,51.147,51.178,51.208,51.236,51.278,51.305,51.339,51.374,51.407,51.438,51.468,51.496,51.528,51.551,51.579,51.61,51.627,51.65,51.67,51.692,51.711,51.745,51.765,51.788,51.809,51.837,51.866,51.888,51.909,51.933,51.954,51.982,52.01,52.033,52.062,52.095,52.127,52.15,52.174,52.203,52.231,52.25,52.279,52.306,52.333,52.359,52.382,52.406,52.435,52.466,52.491,52.515,52.544,52.581,52.613,52.636,52.673,52.696,52.724,52.756,52.793,52.821,52.852,52.888,52.921,52.965,53.003,53.04,53.076,53.124,53.181,53.232,53.288,53.363,53.425,53.463,53.537,53.611,53.708,53.802,53.932,54.099,54.368,55.145
559,@TPP,48.869,49.732,50.09,50.257,50.39,50.494,50.584,50.65,50.734,50.789,50.84,50.882,50.936,50.985,51.029,51.073,51.107,51.147,51.178,51.208,51.236,51.278,51.305,51.339,51.374,51.407,51.438,51.468,51.496,51.528,51.551,51.579,51.61,51.627,51.65,51.67,51.692,51.711,51.745,51.765,51.788,51.809,51.837,51.866,51.888,51.909,51.933,51.954,51.982,52.01,52.033,52.062,52.095,52.127,52.15,52.174,52.203,52.231,52.25,52.279,52.306,52.333,52.359,52.382,52.406,52.435,52.466,52.491,52.515,52.544,52.581,52.613,52.636,52.673,52.696,52.724,52.756,52.793,52.821,52.852,52.888,52.921,52.965,53.003,53.04,53.076,53.124,53.181,53.232,53.288,53.363,53.425,53.463,53.537,53.611,53.708,53.802,53.932,54.099,54.368,55.145
560,@TPP,48.784,49.805,50.066,50.227,50.364,50.482,50.564,50.638,50.702,50.772,50.827,50.876,50.931,50.971,50.995,51.039,51.095,51.138,51.171,51.206,51.231,51.271,51.308,51.34,51.368,51.394,51.419,51.445,51.47,51.503,51.532,51.555,51.576,51.608,51.636,51.668,51.699,51.725,51.744,51.771,51.791,51.812,51.84,51.87,51.901,51.925,51.952,51.977,52.01,52.032,52.056,52.081,52.107,52.136,52.154,52.179,52.203,52.227,52.255,52.281,52.314,52.348,52.382,52.415,52.436,52.458,52.488,52.509,52.551,52.576,52.604,52.629,52.662,52.683,52.709,52.733,52.76,52.797,52.823,52.856,52.892,52.935,52.984,53.017,53.069,53.112,53.155,53.193,53.259,53.313,53.372,53.434,53.491,53.556,53.632,53.705,53.829,53.947,54.16,54.44,55.215
561,@TPP,48.784,49.805,50.066,50.227,50.364,50.482,50.564,50.638,50.702,50.772,50.827,50.876,50.931,50.971,50.995,51.039,51.095,51.138,51.171,51.206,51.231,51.271,51.308,51.34,51.368,51.394,51.419,51.445,51.47,51.503,51.532,51.555,51.576,51.608,51.636,51.668,51.699,51.725,51.744,51.771,51.791,51.812,51.84,51.87,51.901,51.925,51.952,51.977,52.01,52.032,52.056,52.081,52.107,52.136,52.154,52.179,52.203,52.227,52.255,52.281,52.314,52.348,52.382,52.415,52.436,52.458,52.488,52.509,52.551,52.576,52.604,52.629,52.662,52.683,52.709,52.733,52.76,52.797,52.823,52.856,52.892,52.935,52.984,53.017,53.069,53.112,53.155,53.193,53.259,53.313,53.372,53.434,53.491,53.556,53.632,53.705,53.829,53.947,54.16,54.44,55.215
562,@TPP,48.869,49.801,50.088,50.227,50.38,50.469,50.568,50.629,50.702,50.757,50.801,50.852,50.901,50.949,50.993,51.036,51.081,51.119,51.162,51.195,51.228,51.259,51.291,51.329,51.352,51.389,51.421,51.444,51.466,51.488,51.52,51.545,51.571,51.608,51.636,51.663,51.689,51.715,51.745,51.77,51.791,51.816,51.844,51.874,51.905,51.931,51.959,51.981,52.005,52.029,52.054,52.077,52.101,52.128,52.148,52.177,52.203,52.228,52.257,52.278,52.303,52.325,52.345,52.373,52.405,52.432,52.46,52.491,52.52,52.551,52.581,52.612,52.646,52.673,52.707,52.731,52.765,52.803,52.849,52.894,52.923,52.962,53.027,53.064,53.107,53.139,53.186,53.231,53.274,53.335,53.388,53.464,53.515,53.591,53.686,53.753,53.864,53.983,54.209,54.537,55.145
563,@TPP,48.869,49.801,50.088,50.227,50.38,50.469,50.568,50.629,50.702,50.757,50.801,50.852,50.901,50.949,50.993,51.036,51.081,51.119,51.162,51.195,51.228,51.259,51.291,51.329,51.352,51.389,51.421,51.444,51.466,51.488,51.52,51.545,51.571,51.608,51.636,51.663,51.689,51.715,51.745,51.77,51.791,51.816,51.844,51.874,51.905,51.931,51.959,51.981,52.005,52.029,52.054,52.077,52.101,52.128,52.148,52.177,52.203,52.228,52.257,52.278,52.303,52.325,52.345,52.373,52.405,52.432,52.46,52.491,52.52,52.551,52.581,52.612,52.646,52.673,52.707,52.731,52.765,52.803,52.849,52.894,52.923,52.962,53.027,53.064,53.107,53.139,53.186,53.231,53.274,53.335,53.388,53.464,53.515,53.591,53.686,53.753,53.864,53.983,54.209,54.537,55.145
564,@TPP,49.066,49.803,50.041,50.221,50.356,50.452,50.525,50.613,50.665,50.727,50.795,50.841,50.883,50.927,50.972,51.021,51.066,51.103,51.15,51.175,51.208,51.241,51.274,51.308,51.346,51.374,51.407,51.437,51.467,51.505,51.53,51.548,51.583,51.609,51.643,51.669,51.69,51.719,51.747,51.775,51.797,51.829,51.859,51.882,51.911,51.933,51.96,51.985,52.014,52.047,52.065,52.089,52.109,52.135,52.163,52.189,52.216,52.243,52.266,52.288,52.313,52.345,52.375,52.403,52.429,52.457,52.481,52.505,52.539,52.571,52.607,52.634,52.669,52.707,52.74,52.773,52.812,52.837,52.869,52.908,52.951,52.985,53.022,53.062,53.101,53.141,53.175,53.234,53.284,53.345,53.405,53.463,53.529,53.598,53.678,53.778,53.905,54.074,54.224,54.493,55.057
565,@TPP,49.066,49.803,50.041,50.221,50.356,50.452,50.525,50.613,50.665,50.727,50.795,50.841,50.883,50.927,50.972,51.021,51.066,51.103,51.15,51.175,51.208,51.241,51.274,51.308,51.346,51.374,51.407,51.437,51.467,51.505,51.53,51.548,51.583,51.609,51.643,51.669,51.69,51.719,51.747,51.775,51.797,51.829,51.859,51.882,51.911,51.933,51.96,51.985,52.014,52.047,52.065,52.089,52.109,52.135,52.163,52.189,52.216,52.243,52.266,52.288,52.313,52.345,52.375,52.403,52.429,52.457,52.481,52.505,52.539,52.571,52.607,52.634,52.669,52.707,52.74,52.773,52.812,52.837,52.869,52.908,52.951,52.985,53.022,53.062,53.101,53.141,53.175,53.234,53.284,53.345,53.405,53.463,53.529,53.598,53.678,53.778,53.905,54.074,54.224,54.493,55.057
566,@TPP,48.922,49.805,50.038,50.178,50.289,50.411,50.488,50.568,50.626,50.716,50.773,50.827,50.868,50.923,50.962,51.005,51.058,51.102,51.132,51.175,51.211,51.247,51.275,51.309,51.341,51.372,51.401,51.426,51.464,51.503,51.527,51.562,51.587,51.613,51.643,51.674,51.699,51.722,51.746,51.781,51.803,51.834,51.876,51.897,51.925,51.952,51.972,51.998,52.025,52.049,52.073,52.093,52.129,52.149,52.172,52.201,52.228,52.252,52.276,52.305,52.331,52.36,52.389,52.418,52.447,52.481,52.511,52.528,52.559,52.597,52.627,52.651,52.687,52.71,52.745,52.778,52.81,52.845,52.881,52.92,52.945,52.98,53.019,53.052,53.084,53.131,53.168,53.217,53.272,53.312,53.377,53.438,53.523,53.603,53.683,53.772,53.904,54.051,54.197,54.444,55.182
567,@TPP,48.922,49.805,50.038,50.178,50.289,50.411,50.488,50.568,50.626,50.716,50.773,50.827,50.868,50.923,50.962,51.005,51.058,51.102,51.132,51.175,51.211,51.247,51.275,51.309,51.341,51.372,51.401,51.426,51.464,51.503,51.527,51.562,51.587,51.613,51.643,51.674,51.699,51.722,51.746,51.781,51.803,51.834,51.876,51.897,51.925,51.952,51.972,51.998,52.025,52.049,52.073,52.093,52.129,52.149,52.172,52.201,52.228,52.252,52.276,52.305,52.331,52.36,52.389,52.418,52.447,52.481,52.511,52.528,52.559,52.597,52.627,52.651,52.687,52.71,52.745,52.778,52.81,52.845,52.881,52.92,52.945,52.98,53.019,53.052,53.084,53.131,53.168,53.217,53.272,53.312,53.377,53.438,53.523,53.603,53.683,53.772,53.904,54.051,54.197,54.444,55.182
568,@TPP,49.06,49.769,50.103,50.245,50.36,50.455,50.516,50.585,50.657,50.712,50.757,50.814,50.876,50.919,50.965,51.006,51.057,51.103,51.139,51.183,51.211,51.246,51.279,51.308,51.347,51.383,51.416,51.446,51.469,51.492,51.519,51.553,51.586,51.612,51.638,51.667,51.689,51.728,51.758,51.779,51.81,51.841,51.866,51.893,51.915,51.939,51.976,52.003,52.028,52.058,52.091,52.121,52.14,52.171,52.202,52.223,52.247,52.271,52.296,52.319,52.344,52.368,52.395,52.422,52.445,52.481,52.509,52.537,52.563,52.597,52.617,52.65,52.682,52.709,52.75,52.783,52.821,52.846,52.882,52.918,52.955,52.991,53.027,53.063,53.102,53.157,53.196,53.236,53.292,53.335,53.392,53.468,53.538,53.623,53.7,53.779,53.912,54.016,54.167,54.438,55.117
569,@TPP,49.06,49.769,50.103,50.245,50.36,50.455,50.516,50.585,50.657,50.712,50.757,50.814,50.876,50.919,50.965,51.006,51.057,51.103,51.139,51.183,51.211,51.246,51.279,51.308,51.347,51.383,51.416,51.446,51.469,51.492,51.519,51.553,51.586,51.612,51.638,51.667,51.689,51.728,51.758,51.779,51.81,51.841,51.866,51.893,51.915,51.939,51.976,52.003,52.028,52.058,52.091,52.121,52.14,52.171,52.202,52.223,52.247,52.271,52.296,52.319,52.344,52.368,52.395,52.422,52.445,52.481,52.509,52.537,52.563,52.597,52.617,52.65,52.682,52.709,52.75,52.783,52.821,52.846,52.882,52.918,52.955,52.991,53.027,53.063,53.102,53.157,53.196,53.236,53.292,53.335,53.392,53.468,53.538,53.623,53.7,53.779,53.912,54.016,54.167,54.438,55.117
570,@TPP,49.041,49.848,50.074,50.231,50.347,50.443,50.541,50.601,50.684,50.745,50.787,50.844,50.883,50.927,50.987,51.037,51.076,51.12,51.151,51.203,51.249,51.287,51.322,51.349,51.386,51.416,51.441,51.472,51.495,51.519,51.55,51.579,51.607,51.641,51.672,51.697,51.724,51.752,51.776,51.8,51.829,51.856,51.876,51.907,51.934,51.956,51.982,52.005,52.03,52.056,52.087,52.11,52.137,52.163,52.185,52.218,52.246,52.269,52.294,52.326,52.353,52.374,52.405,52.436,52.463,52.493,52.527,52.555,52.574,52.6,52.631,52.655,52.691,52.721,52.754,52.782,52.819,52.848,52.872,52.905,52.938,52.975,53.014,53.06,53.11,53.145,53.193,53.23,53.281,53.336,53.398,53.465,53.539,53.609,53.685,53.772,53.891,54.048,54.183,54.408,55.096
571,@TPP,49.041,49.848,50.074,50.231,50.347,50.443,50.541,50.601,50.684,50.745,50.787,50.844,50.883,50.927,50.987,51.037,51.076,51.12,51.151,51.203,51.249,51.287,51.322,51.349,51.386,51.416,51.441,51.472,51.495,51.519,51.55,51.579,51.607,51.641,51.672,51.697,51.724,51.752,51.776,51.8,51.829,51.856,51.876,51.907,51.934,51.956,51.982,52.005,52.03,52.056,52.087,52.11,52.137,52.163,52.185,52.218,52.246,52.269,52.294,52.326,52.353,52.374,52.405,52.436,52.463,52.493,52.527,52.555,52.574,52.6,52.631,52.655,52.691,52.721,52.754,52.782,52.819,52.848,52.872,52.905,52.938,52.975,53.014,53.06,53.11,53.145,53.193,53.23,53.281,53.336,53.398,53.465,53.539,53.609,53.685,53.772,53.891,54.048,54.183,54.408,55.096
572,@TPP,49.063,49.843,50.055,50.243,50.356,50.452,50.53,50.605,50.7,50.749,50.808,50.852,50.905,50.958,50.998,51.043,51.092,51.132,51.168,51.204,51.256,51.291,51.327,51.361,51.396,51.423,51.447,51.48,51.512,51.545,51.566,51.59,51.609,51.641,51.665,51.69,51.727,51.751,51.78,51.808,51.83,51.847,51.868,51.888,51.928,51.96,51.98,52.002,52.028,52.054,52.077,52.109,52.138,52.159,52.193,52.222,52.243,52.268,52.293,52.315,52.345,52.373,52.406,52.44,52.472,52.5,52.522,52.547,52.566,52.596,52.622,52.647,52.675,52.703,52.725,52.754,52.803,52.832,52.863,52.895,52.927,52.973,53.023,53.057,53.102,53.155,53.194,53.239,53.295,53.34,53.407,53.478,53.56,53.633,53.716,53.798,53.909,53.995,54.145,54.417,54.955
573,@TPP,49.063,49.843,50.055,50.243,50.356,50.452,50.53,50.605,50.7,50.749,50.808,50.852,50.905,50.958,50.998,51.043,51.092,51.132,51.168,51.204,51.256,51.291,51.327,51.361,51.396,51.423,51.447,51.48,51.512,51.545,51.566,51.59,51.609,51.641,51.665,51.69,51.727,51.751,51.78,51.808,51.83,51.847,51.868,51.888,51.928,51.96,51.98,52.002,52.028,52.054,52.077,52.109,52.138,52.159,52.193,52.222,52.243,52.268,52.293,52.315,52.345,52.373,52.406,52.44,52.472,52.5,52.522,52.547,52.566,52.596,52.622,52.647,52.675,52.703,52.725,52.754,52.803,52.832,52.863,52.895,52.927,52.973,53.023,53.057,53.102,53.155,53.194,53.239,53.295,53.34,53.407,53.478,53.56,53.633,53.716,53.798,53.909,53.995,54.145,54.417,54.955
574,@TPP,49.118,49.819,50.103,50.26,50.38,50.464,50.573,50.66,50.729,50.787,50.835,50.867,50.913,50.974,51.013,51.056,51.091,51.132,51.169,51.2,51.236,51.268,51.304,51.341,51.372,51.405,51.449,51.478,51.508,51.535,51.57,51.593,51.623,51.651,51.684,51.714,51.739,51.772,51.791,51.82,51.847,51.873,51.899,51.922,51.946,51.98,52.001,52.028,52.055,52.073,52.098,52.126,52.163,52.188,52.218,52.237,52.263,52.287,52.312,52.332,52.357,52.386,52.402,52.442,52.463,52.489,52.516,52.535,52.559,52.585,52.613,52.643,52.669,52.701,52.724,52.771,52.809,52.857,52.891,52.924,52.962,52.996,53.033,53.07,53.108,53.141,53.19,53.252,53.301,53.354,53.399,53.47,53.547,53.618,53.681,53.757,53.891,53.977,54.19,54.382,54.872
575,@TPP,49.118,49.819,50.103,50.26,50.38,50.464,50.573,50.66,50.729,50.787,50.835,50.867,50.913,50.974,51.013,51.056,51.091,51.132,51.169,51.2,51.236,51.268,51.304,51.341,51.372,51.405,51.449,51.478,51.508,51.535,51.57,51.593,51.623,51.651,51.684,51.714,51.739,51.772,51.791,51.82,51.847,51.873,51.899,51.922,51.946,51.98,52.001,52.028,52.055,52.073,52.098,52.126,52.163,52.188,52.218,52.237,52.263,52.287,52.312,52.332,52.357,52.386,52.402,52.442,52.463,52.489,52.516,52.535,52.559,52.585,52.613,52.643,52.669,52.701,52.724,52.771,52.809,52.857,52.891,52.924,52.962,52.996,53.033,53.07,53.108,53.141,53.19,53.252,53.301,53.354,53.399,53.47,53.547,53.618,53.681,53.757,53.891,53.977,54.19,54.382,54.872
576,@TPP,49.106,49.853,50.084,50.29,50.432,50.525,50.639,50.703,50.761,50.805,50.872,50.924,50.958,51.001,51.037,51.084,51.127,51.17,51.208,51.239,51.265,51.296,51.328,51.363,51.403,51.43,51.457,51.485,51.527,51.557,51.583,51.613,51.636,51.654,51.673,51.704,51.737,51.767,51.797,51.817,51.856,51.885,51.905,51.929,51.956,51.979,52.009,52.034,52.061,52.098,52.123,52.149,52.174,52.196,52.217,52.243,52.274,52.298,52.324,52.351,52.379,52.4,52.422,52.453,52.476,52.499,52.527,52.548,52.572,52.604,52.637,52.664,52.686,52.718,52.753,52.787,52.824,52.852,52.885,52.918,52.954,52.99,53.018,53.055,53.095,53.138,53.177,53.221,53.268,53.326,53.377,53.434,53.495,53.588,53.672,53.767,53.881,53.986,54.158,54.397,54.999
577,@TPP,49.106,49.853,50.084,50.29,50.432,50.525,50.639,50.703,50.761,50.805,50.872,50.924,50.958,51.001,51.037,51.084,51.127,51.17,51.208,51.239,51.265,51.296,51.328,51.363,51.403,51.43,51.457,51.485,51.527,51.557,51.583,51.613,51.636,51.654,51.673,51.704,51.737,51.767,51.797,51.817,51.856,51.885,51.905,51.929,51.956,51.979,52.009,52.034,52.061,52.098,52.123,52.149,52.174,52.196,52.217,52.243,52.274,52.298,52.324,52.351,52.379,52.4,52.422,52.453,52.476,52.499,52.527,52.548,52.572,52.604,52.637,52.664,52.686,52.718,52.753,52.787,52.824,52.852,52.885,52.918,52.954,52.99,53.018,53.055,53.095,53.138,53.177,53.221,53.268,53.326,53.377,53.434,53.495,53.588,53.672,53.767,53.881,53.986,54.158,54.397,54.999
578,@TPP,49.225,49.839,50.158,50.321,50.461,50.563,50.64,50.724,50.779,50.839,50.885,50.946,50.998,51.041,51.083,51.119,51.156,51.193,51.229,51.26,51.3,51.333,51.359,51.388,51.426,51.447,51.475,51.506,51.538,51.574,51.602,51.625,51.656,51.682,51.706,51.727,51.747,51.772,51.805,51.838,51.866,51.888,51.911,51.941,51.96,51.993,52.023,52.049,52.078,52.1,52.126,52.155,52.178,52.206,52.232,52.262,52.288,52.311,52.338,52.361,52.385,52.411,52.434,52.461,52.485,52.506,52.531,52.553,52.586,52.608,52.633,52.654,52.676,52.701,52.725,52.755,52.784,52.816,52.845,52.876,52.907,52.938,52.969,53.01,53.056,53.089,53.128,53.177,53.217,53.278,53.344,53.405,53.46,53.519,53.637,53.736,53.834,53.962,54.105,54.362,55.077
579,@TPP,49.225,49.839,50.158,50.321,50.461,50.563,50.64,50.724,50.779,50.839,50.885,50.946,50.998,51.041,51.083,51.119,51.156,51.193,51.229,51.26,51.3,51.333,51.359,51.388,51.426,51.447,51.475,51.506,51.538,51.574,51.602,51.625,51.656,51.682,51.706,51.727,51.747,51.772,51.805,51.838,51.866,51.888,51.911,51.941,51.96,51.993,52.023,52.049,52.078,52.1,52.126,52.155,52.178,52.206,52.232,52.262,52.288,52.311,52.338,52.361,52.385,52.411,52.434,52.461,52.485,52.506,52.531,52.553,52.586,52.608,52.633,52.654,52.676,52.701,52.725,52.755,52.784,52.816,52.845,52.876,52.907,52.938,52.969,53.01,53.056,53.089,53.128,53.177,53.217,53.278,53.344,53.405,53.46,53.519,53.637,53.736,53.834,53.962,54.105,54.362,55.077
580,@TPP,49.305,49.896,50.149,50.37,50.502,50.594,50.696,50.771,50.831,50.878,50.93,50.988,51.028,51.088,51.138,51.186,51.222,51.264,51.3,51.333,51.365,51.399,51.437,51.471,51.509,51.541,51.568,51.595,51.625,51.647,51.671,51.697,51.722,51.748,51.774,51.801,51.827,51.855,51.876,51.904,51.928,51.957,51.979,52.002,52.033,52.058,52.083,52.104,52.13,52.162,52.19,52.215,52.239,52.262,52.285,52.311,52.333,52.356,52.384,52.409,52.431,52.456,52.487,52.511,52.541,52.574,52.605,52.636,52.658,52.681,52.704,52.733,52.76,52.786,52.82,52.851,52.883,52.916,52.948,52.979,53.01,53.05,53.084,53.13,53.177,53.212,53.247,53.289,53.334,53.382,53.428,53.49,53.561,53.63,53.705,53.79,53.889,53.998,54.168,54.435,55.149
581,@TPP,49.305,49.896,50.149,50.37,50.502,50.594,50.696,50.771,50.831,50.878,50.93,50.988,51.028,51.088,51.138,51.186,51.222,51.264,51.3,51.333,51.365,51.399,51.437,51.471,51.509,51.541,51.568,51.595,51.625,51.647,51.671,51.697,51.722,51.748,51.774,51.801,51.827,51.855,51.876,51.904,51.928,51.957,51.979,52.002,52.033,52.058,52.083,52.104,52.13,52.162,52.19,52.215,52.239,52.262,52.285,52.311,52.333,52.356,52.384,52.409,52.431,52.456,52.487,52.511,52.541,52.574,52.605,52.636,52.658,52.681,52.704,52.733,52.76,52.786,52.82,52.851,52.883,52.916,52.948,52.979,53.01,53.05,53.084,53.13,53.177,53.212,53.247,53.289,53.334,53.382,53.428,53.49,53.561,53.63,53.705,53.79,53.889,53.998,54.168,54.435,55.149
582,@TPP,49.145,50.081,50.269,50.414,50.526,50.621,50.721,50.786,50.875,50.941,50.999,51.057,51.105,51.153,51.208,51.25,51.283,51.316,51.355,51.388,51.427,51.459,51.49,51.521,51.559,51.591,51.619,51.645,51.672,51.706,51.737,51.763,51.785,51.819,51.841,51.871,51.897,51.925,51.955,51.98,52.004,52.029,52.054,52.078,52.105,52.134,52.161,52.185,52.207,52.232,52.26,52.291,52.31,52.335,52.36,52.387,52.413,52.432,52.454,52.476,52.503,52.526,52.547,52.576,52.6,52.629,52.654,52.684,52.712,52.736,52.764,52.786,52.823,52.853,52.886,52.919,52.947,52.978,53.011,53.051,53.092,53.127,53.164,53.188,53.224,53.274,53.303,53.357,53.41,53.456,53.514,53.567,53.641,53.697,53.788,53.866,53.965,54.121,54.297,54.562,55.354
583,@TPP,49.145,50.081,50.269,50.414,50.526,50.621,50.721,50.786,50.875,50.941,50.999,51.057,51.105,51.153,51.208,51.25,51.283,51.316,51.355,51.388,51.427,51.459,51.49,51.521,51.559,51.591,51.619,51.645,51.672,51.706,51.737,51.763,51.785,51.819,51.841,51.871,51.897,51.925,51.955,51.98,52.004,52.029,52.054,52.078,52.105,52.134,52.161,52.185,52.207,52.232,52.26,52.291,52.31,52.335,52.36,52.387,52.413,52.432,52.454,52.476,52.503,52.526,52.547,52.576,52.6,52.629,52.654,52.684,52.712,52.736,52.764,52.786,52.823,52.853,52.886,52.919,52.947,52.978,53.011,53.051,53.092,53.127,53.164,53.188,53.224,53.274,53.303,53.357,53.41,53.456,53.514,53.567,53.641,53.697,53.788,53.866,53.965,54.121,54.297,54.562,55.354
584,@TPP,49.403,50.087,50.305,50.443,50.564,50.677,50.774,50.853,50.93,50.992,51.06,51.102,51.163,51.2,51.233,51.28,51.321,51.349,51.4,51.431,51.466,51.514,51.54,51.574,51.606,51.647,51.684,51.708,51.741,51.766,51.801,51.824,51.867,51.896,51.92,51.95,51.975,52.0,52.033,52.062,52.086,52.109,52.151,52.171,52.198,52.222,52.246,52.269,52.298,52.329,52.35,52.371,52.391,52.411,52.427,52.448,52.469,52.499,52.524,52.547,52.568,52.596,52.623,52.651,52.681,52.71,52.735,52.76,52.791,52.817,52.841,52.87,52.905,52.929,52.968,52.996,53.032,53.063,53.094,53.129,53.163,53.205,53.232,53.261,53.295,53.349,53.397,53.442,53.489,53.542,53.593,53.637,53.683,53.745,53.854,53.956,54.066,54.189,54.347,54.712,55.58
585,@TPP,49.403,50.087,50.305,50.443,50.564,50.677,50.774,50.853,50.93,50.992,51.06,51.102,51.163,51.2,51.233,51.28,51.321,51.349,51.4,51.431,51.466,51.514,51.54,51.574,51.606,51.647,51.684,51.708,51.741,51.766,51.801,51.824,51.867,51.896,51.92,51.95,51.975,52.0,52.033,52.062,52.086,52.109,52.151,52.171,52.198,52.222,52.246,52.269,52.298,52.329,52.35,52.371,52.391,52.411,52.427,52.448,52.469,52.499,52.524,52.547,52.568,52.596,52.623,52.651,52.681,52.71,52.735,52.76,52.791,52.817,52.841,52.87,52.905,52.929,52.968,52.996,53.032,53.063,53.094,53.129,53.163,53.205,53.232,53.261,53.295,53.349,53.397,53.442,53.489,53.542,53.593,53.637,53.683,53.745,53.854,53.956,54.066,54.189,54.347,54.712,55.58
586,@TPP,49.546,50.163,50.421,50.552,50.67,50.761,50.838,50.923,50.99,51.057,51.117,51.156,51.214,51.249,51.303,51.349,51.383,51.419,51.467,51.508,51.552,51.586,51.615,51.657,51.685,51.71,51.736,51.769,51.798,51.836,51.867,51.901,51.94,51.963,51.992,52.019,52.048,52.074,52.109,52.132,52.147,52.169,52.193,52.22,52.252,52.28,52.306,52.334,52.359,52.386,52.409,52.439,52.466,52.489,52.519,52.543,52.562,52.586,52.609,52.638,52.66,52.684,52.707,52.733,52.759,52.785,52.807,52.836,52.861,52.888,52.915,52.939,52.974,53.007,53.041,53.069,53.103,53.13,53.161,53.201,53.236,53.272,53.309,53.353,53.406,53.444,53.483,53.525,53.584,53.629,53.679,53.734,53.785,53.846,53.924,54.028,54.112,54.25,54.459,54.754,55.347
587,@TPP,49.546,50.163,50.421,50.552,50.67,50.761,50.838,50.923,50.99,51.057,51.117,51.156,51.214,51.249,51.303,51.349,51.383,51.419,51.467,51.508,51.552,51.586,51.615,51.657,51.685,51.71,51.736,51.769,51.798,51.836,51.867,51.901,51.94,51.963,51.992,52.019,52.048,52.074,52.109,52.132,52.147,52.169,52.193,52.22,52.252,52.28,52.306,52.334,52.359,52.386,52.409,52.439,52.466,52.489,52.519,52.543,52.562,52.586,52.609,52.638,52.66,52.684,52.707,52.733,52.759,52.785,52.807,52.836,52.861,52.888,52.915,52.939,52.974,53.007,53.041,53.069,53.103,53.13,53.161,53.201,53.236,53.272,53.309,53.353,53.406,53.444,53.483,53.525,53.584,53.629,53.679,53.734,53.785,53.846,53.924,54.028,54.112,54.25,54.459,54.754,55.347
588,@TPP,49.542,50.279,50.479,50.632,50.735,50.832,50.921,50.997,51.073,51.15,51.217,51.269,51.307,51.348,51.387,51.44,51.479,51.511,51.549,51.58,51.61,51.646,51.678,51.713,51.748,51.779,51.815,51.85,51.888,51.915,51.942,51.968,52.0,52.026,52.055,52.085,52.11,52.141,52.161,52.19,52.22,52.255,52.28,52.299,52.324,52.347,52.369,52.389,52.417,52.441,52.468,52.488,52.511,52.535,52.561,52.587,52.61,52.632,52.656,52.691,52.711,52.735,52.765,52.793,52.823,52.849,52.878,52.906,52.941,52.971,53.001,53.03,53.059,53.098,53.131,53.166,53.202,53.224,53.258,53.29,53.329,53.356,53.389,53.426,53.476,53.523,53.572,53.617,53.671,53.708,53.764,53.816,53.875,53.945,54.022,54.109,54.202,54.343,54.515,54.761,55.362
589,@TPP,49.542,50.279,50.479,50.632,50.735,50.832,50.921,50.997,51.073,51.15,51.217,51.269,51.307,51.348,51.387,51.44,51.479,51.511,51.549,51.58,51.61,51.646,51.678,51.713,51.748,51.779,51.815,51.85,51.888,51.915,51.942,51.968,52.0,52.026,52.055,52.085,52.11,52.141,52.161,52.19,52.22,52.255,52.28,52.299,52.324,52.347,52.369,52.389,52.417,52.441,52.468,52.488,52.511,52.535,52.561,52.587,52.61,52.632,52.656,52.691,52.711,52.735,52.765,52.793,52.823,52.849,52.878,52.906,52.941,52.971,53.001,53.03,53.059,53.098,53.131,53.166,53.202,53.224,53.258,53.29,53.329,53.356,53.389,53.426,53.476,53.523,53.572,53.617,53.671,53.708,53.764,53.816,53.875,53.945,54.022,54.109,54.202,54.343,54.515,54.761,55.362
590,@TPP,49.702,50.357,50.584,50.722,50.857,50.951,51.037,51.091,51.144,51.21,51.276,51.329,51.381,51.435,51.48,51.53,51.571,51.614,51.651,51.688,51.721,51.755,51.787,51.807,51.844,51.88,51.91,51.944,51.973,52.007,52.031,52.056,52.085,52.115,52.141,52.168,52.196,52.216,52.237,52.262,52.286,52.313,52.341,52.365,52.39,52.421,52.45,52.47,52.498,52.519,52.541,52.562,52.597,52.624,52.65,52.681,52.706,52.729,52.754,52.773,52.804,52.826,52.85,52.871,52.899,52.925,52.944,52.982,53.01,53.046,53.068,53.1,53.132,53.157,53.176,53.212,53.243,53.275,53.305,53.344,53.373,53.405,53.441,53.48,53.527,53.568,53.621,53.665,53.71,53.761,53.818,53.869,53.936,54.007,54.105,54.176,54.269,54.386,54.544,54.838,55.379
591,@TPP,49.702,50.357,50.584,50.722,50.857,50.951,51.037,51.091,51.144,51.21,51.276,51.329,51.381,51.435,51.48,51.53,51.571,51.614,51.651,51.688,51.721,51.755,51.787,51.807,51.844,51.88,51.91,51.944,51.973,52.007,52.031,52.056,52.085,52.115,52.141,52.168,52.196,52.216,52.237,52.262,52.286,52.313,52.341,52.365,52.39,52.421,52.45,52.47,52.498,52.519,52.541,52.562,52.597,52.624,52.65,52.681,52.706,52.729,52.754,52.773,52.804,52.826,52.85,52.871,52.899,52.925,52.944,52.982,53.01,53.046,53.068,53.1,53.132,53.157,53.176,53.212,53.243,53.275,53.305,53.344,53.373,53.405,53.441,53.48,53.527,53.568,53.621,53.665,53.71,53.761,53.818,53.869,53.936,54.007,54.105,54.176,54.269,54.386,54.544,54.838,55.379
592,@TPP,49.74,50.498,50.673,50.819,50.911,50.99,51.1,51.161,51.237,51.302,51.37,51.408,51.46,51.503,51.554,51.605,51.644,51.684,51.726,51.758,51.795,51.829,51.878,51.903,51.939,51.964,51.992,52.023,52.052,52.074,52.106,52.123,52.147,52.177,52.203,52.234,52.257,52.285,52.312,52.333,52.35,52.37,52.389,52.421,52.459,52.486,52.511,52.537,52.559,52.588,52.616,52.635,52.662,52.692,52.718,52.746,52.766,52.788,52.814,52.84,52.86,52.889,52.917,52.947,52.974,53.002,53.034,53.06,53.091,53.118,53.14,53.169,53.192,53.215,53.25,53.28,53.316,53.358,53.395,53.426,53.458,53.495,53.53,53.56,53.601,53.647,53.691,53.74,53.789,53.832,53.879,53.928,53.989,54.046,54.124,54.205,54.289,54.408,54.614,54.865,55.492
593,@TPP,49.74,50.498,50.673,50.819,50.911,50.99,51.1,51.161,51.237,51.302,51.37,51.408,51.46,51.503,51.554,51.605,51.644,51.684,51.726,51.758,51.795,51.829,51.878,51.903,51.939,51.964,51.992,52.023,52.052,52.074,52.106,52.123,52.147,52.177,52.203,52.234,52.257,52.285,52.312,52.333,52.35,52.37,52.389,52.421,52.459,52.486,52.511,52.537,52.559,52.588,52.616,52.635,52.662,52.692,52.718,52.746,52.766,52.788,52.814,52.84,52.86,52.889,52.917,52.947,52.974,53.002,53.034,53.06,53.091,53.118,53.14,53.169,53.192,53.215,53.25,53.28,53.316,53.358,53.395,53.426,53.458,53.495,53.53,53.56,53.601,53.647,53.691,53.74,53.789,53.832,53.879,53.928,53.989,54.046,54.124,54.205,54.289,54.408,54.614,54.865,55.492
594,@TPP,49.855,50.629,50.814,50.928,51.038,51.159,51.231,51.296,51.361,51.41,51.449,51.494,51.548,51.592,51.621,51.667,51.717,51.747,51.782,51.821,51.86,51.895,51.923,51.96,51.997,52.026,52.059,52.091,52.122,52.149,52.178,52.204,52.226,52.258,52.283,52.31,52.335,52.361,52.387,52.411,52.436,52.46,52.486,52.508,52.541,52.563,52.585,52.614,52.642,52.662,52.685,52.705,52.735,52.764,52.788,52.814,52.841,52.866,52.884,52.914,52.946,52.979,52.999,53.025,53.048,53.069,53.095,53.12,53.14,53.172,53.203,53.233,53.267,53.299,53.333,53.359,53.39,53.426,53.459,53.496,53.526,53.558,53.594,53.621,53.653,53.691,53.728,53.779,53.813,53.86,53.906,53.958,54.024,54.096,54.18,54.256,54.344,54.482,54.618,54.867,55.601
595,@TPP,49.855,50.629,50.814,50.928,51.038,51.159,51.231,51.296,51.361,51.41,51.449,51.494,51.548,51.592,51.621,51.667,51.717,51.747,51.782,51.821,51.86,51.895,51.923,51.96,51.997,52.026,52.059,52.091,52.122,52.149,52.178,52.204,52.226,52.258,52.283,52.31,52.335,52.361,52.387,52.411,52.436,52.46,52.486,52.508,52.541,52.563,52.585,52.614,52.642,52.662,52.685,52.705,52.735,52.764,52.788,52.814,52.841,52.866,52.884,52.914,52.946,52.979,52.999,53.025,53.048,53.069,53.095,53.12,53.14,53.172,53.203,53.233,53.267,53.299,53.333,53.359,53.39,53.426,53.459,53.496,53.526,53.558,53.594,53.621,53.653,53.691,53.728,53.779,53.813,53.86,53.906,53.958,54.024,54.096,54.18,54.256,54.344,54.482,54.618,54.867,55.601
596,@TPP,49.696,50.446,50.741,50.89,50.968,51.072,51.169,51.241,51.301,51.354,51.424,51.478,51.522,51.569,51.608,51.639,51.681,51.719,51.767,51.812,51.847,51.874,51.909,51.936,51.97,52.0,52.035,52.069,52.093,52.122,52.15,52.182,52.214,52.236,52.262,52.286,52.312,52.338,52.372,52.401,52.433,52.454,52.476,52.505,52.527,52.551,52.576,52.603,52.633,52.66,52.679,52.7,52.727,52.75,52.771,52.793,52.822,52.848,52.874,52.904,52.932,52.968,52.996,53.023,53.048,53.078,53.104,53.127,53.155,53.178,53.206,53.246,53.28,53.312,53.333,53.362,53.4,53.436,53.472,53.509,53.542,53.58,53.619,53.649,53.683,53.725,53.767,53.806,53.855,53.915,53.964,54.008,54.051,54.121,54.18,54.272,54.387,54.495,54.623,54.835,55.735
597,@TPP,49.696,50.446,50.741,50.89,50.968,51.072,51.169,51.241,51.301,51.354,51.424,51.478,51.522,51.569,51.608,51.639,51.681,51.719,51.767,51.812,51.847,51.874,51.909,51.936,51.97,52.0,52.035,52.069,52.093,52.122,52.15,52.182,52.214,52.236,52.262,52.286,52.312,52.338,52.372,52.401,52.433,52.454,52.476,52.505,52.527,52.551,52.576,52.603,52.633,52.66,52.679,52.7,52.727,52.75,52.771,52.793,52.822,52.848,52.874,52.904,52.932,52.968,52.996,53.023,53.048,53.078,53.104,53.127,53.155,53.178,53.206,53.246,53.28,53.312,53.333,53.362,53.4,53.436,53.472,53.509,53.542,53.58,53.619,53.649,53.683,53.725,53.767,53.806,53.855,53.915,53.964,54.008,54.051,54.121,54.18,54.272,54.387,54.495,54.623,54.835,55.735
598,@TPP,49.667,50.406,50.652,50.845,50.935,51.036,51.12,51.192,51.253,51.329,51.379,51.428,51.478,51.517,51.565,51.62,51.672,51.711,51.75,51.787,51.829,51.858,51.887,51.923,51.947,51.983,52.016,52.047,52.073,52.102,52.138,52.17,52.197,52.217,52.247,52.271,52.298,52.327,52.354,52.378,52.411,52.444,52.473,52.489,52.519,52.544,52.566,52.584,52.61,52.639,52.666,52.693,52.717,52.744,52.766,52.79,52.815,52.832,52.861,52.896,52.918,52.948,52.974,53.001,53.034,53.059,53.092,53.122,53.157,53.183,53.204,53.229,53.257,53.295,53.328,53.359,53.392,53.431,53.475,53.515,53.551,53.591,53.623,53.656,53.69,53.727,53.762,53.819,53.859,53.905,53.957,54.002,54.052,54.115,54.189,54.274,54.37,54.476,54.665,54.949,55.685
599,@TPP,49.667,50.406,50.652,50.845,50.935,51.036,51.12,51.192,51.253,51.329,51.379,51.428,51.478,51.517,51.565,51.62,51.672,51.711,51.75,51.787,51.829,51.858,51.887,51.923,51.947,51.983,52.016,52.047,52.073,52.102,52.138,52.17,52.197,52.217,52.247,52.271,52.298,52.327,52.354,52.378,52.411,52.444,52.473,52.489,52.519,52.544,52.566,52.584,52.61,52.639,52.666,52.693,52.717,52.744,52.766,52.79,52.815,52.832,52.861,52.896,52.918,52.948,52.974,53.001,53.034,53.059,53.092,53.122,53.157,53.183,53.204,53.229,53.257,53.295,53.328,53.359,53.392,53.431,53.475,53.515,53.551,53.591,53.623,53.656,53.69,53.727,53.762,53.819,53.859,53.905,53.957,54.002,54.052,54.115,54.189,54.274,54.37,54.476,54.665,54.949,55.685
600,@TPP,49.761,50.347,50.637,50.795,50.89,50.972,51.073,51.149,51.228,51.3,51.364,51.422,51.483,51.533,51.58,51.611,51.66,51.706,51.748,51.795,51.83,51.86,51.892,51.927,51.96,51.998,52.024,52.051,52.075,52.099,52.13,52.158,52.183,52.204,52.237,52.268,52.303,52.329,52.349,52.37,52.391,52.415,52.45,52.474,52.498,52.53,52.559,52.581,52.609,52.635,52.67,52.691,52.719,52.752,52.781,52.8,52.827,52.849,52.87,52.903,52.925,52.957,52.983,53.007,53.036,53.063,53.088,53.11,53.144,53.172,53.199,53.23,53.268,53.294,53.323,53.352,53.388,53.411,53.447,53.478,53.516,53.55,53.584,53.616,53.654,53.691,53.733,53.778,53.818,53.866,53.93,54.005,54.06,54.131,54.199,54.297,54.378,54.467,54.653,54.932,55.672
601,@TPP,49.761,50.347,50.637,50.795,50.89,50.972,51.073,51.149,51.228,51.3,51.364,51.422,51.483,51.533,51.58,51.611,51.66,51.706,51.748,51.795,51.83,51.86,51.892,51.927,51.96,51.998,52.024,52.051,52.075,52.099,52.13,52.158,52.183,52.204,52.237,52.268,52.303,52.329,52.349,52.37,52.391,52.415,52.45,52.474,52.498,52.53,52.559,52.581,52.609,52.635,52.67,52.691,52.719,52.752,52.781,52.8,52.827,52.849,52.87,52.903,52.925,52.957,52.983,53.007,53.036,53.063,53.088,53.11,53.144,53.172,53.199,53.23,53.268,53.294,53.323,53.352,53.388,53.411,53.447,53.478,53.516,53.55,53.584,53.616,53.654,53.691,53.733,53.778,53.818,53.866,53.93,54.005,54.06,54.131,54.199,54.297,54.378,54.467,54.653,54.932,55.672
602,@TPP,49.7,50.383,50.591,50.78,50.906,51.028,51.102,51.172,51.26,51.314,51.364,51.412,51.452,51.497,51.54,51.587,51.635,51.675,51.707,51.754,51.81,51.851,51.886,51.918,51.944,51.979,52.004,52.04,52.069,52.098,52.127,52.161,52.191,52.215,52.241,52.269,52.303,52.332,52.356,52.387,52.415,52.443,52.465,52.489,52.512,52.534,52.554,52.576,52.599,52.622,52.652,52.678,52.706,52.726,52.753,52.777,52.804,52.832,52.852,52.872,52.906,52.929,52.956,52.981,53.018,53.047,53.07,53.102,53.134,53.153,53.169,53.196,53.231,53.267,53.292,53.327,53.357,53.381,53.42,53.465,53.503,53.535,53.575,53.608,53.648,53.687,53.721,53.774,53.826,53.878,53.945,53.988,54.047,54.097,54.163,54.231,54.335,54.487,54.615,54.868,55.888
603,@TPP,49.7,50.383,50.591,50.78,50.906,51.028,51.102,51.172,51.26,51.314,51.364,51.412,51.452,51.497,51.54,51.587,51.635,51.675,51.707,51.754,51.81,51.851,51.886,51.918,51.944,51.979,52.004,52.04,52.069,52.098,52.127,52.161,52.191,52.215,52.241,52.269,52.303,52.332,52.356,52.387,52.415,52.443,52.465,52.489,52.512,52.534,52.554,52.576,52.599,52.622,52.652,52.678,52.706,52.726,52.753,52.777,52.804,52.832,52.852,52.872,52.906,52.929,52.956,52.981,53.018,53.047,53.07,53.102,53.134,53.153,53.169,53.196,53.231,53.267,53.292,53.327,53.357,53.381,53.42,53.465,53.503,53.535,53.575,53.608,53.648,53.687,53.721,53.774,53.826,53.878,53.945,53.988,54.047,54.097,54.163,54.231,54.335,54.487,54.615,54.868,55.888
604,@TPP,49.86,50.424,50.65,50.81,50.939,51.049,51.121,51.177,51.246,51.313,51.358,51.434,51.478,51.517,51.558,51.606,51.647,51.701,51.731,51.769,51.805,51.842,51.868,51.9,51.935,51.964,51.997,52.027,52.061,52.09,52.124,52.159,52.188,52.214,52.245,52.272,52.3,52.326,52.347,52.37,52.39,52.417,52.445,52.469,52.491,52.522,52.543,52.567,52.594,52.619,52.642,52.663,52.688,52.725,52.751,52.772,52.793,52.81,52.837,52.862,52.89,52.927,52.952,52.988,53.01,53.034,53.068,53.094,53.121,53.154,53.186,53.209,53.239,53.264,53.291,53.313,53.342,53.382,53.417,53.442,53.488,53.519,53.551,53.58,53.631,53.671,53.708,53.763,53.802,53.848,53.892,53.953,54.005,54.086,54.156,54.241,54.34,54.446,54.574,54.865,55.974
605,@TPP,49.86,50.424,50.65,50.81,50.939,51.049,51.121,51.177,51.246,51.313,51.358,51.434,51.478,51.517,51.558,51.606,51.647,51.701,51.731,51.769,51.805,51.842,51.868,51.9,51.935,51.964,51.997,52.027,52.061,52.09,52.124,52.159,52.188,52.214,52.245,52.272,52.3,52.326,52.347,52.37,52.39,52.417,52.445,52.469,52.491,52.522,52.543,52.567,52.594,52.619,52.642,52.663,52.688,52.725,52.751,52.772,52.793,52.81,52.837,52.862,52.89,52.927,52.952,52.988,53.01,53.034,53.068,53.094,53.121,53.154,53.186,53.209,53.239,53.264,53.291,53.313,53.342,53.382,53.417,53.442,53.488,53.519,53.551,53.58,53.631,53.671,53.708,53.763,53.802,53.848,53.892,53.953,54.005,54.086,54.156,54.241,54.34,54.446,54.574,54.865,55.974
606,@TPP,49.666,50.386,50.621,50.825,50.928,51.02,51.139,51.205,51.26,51.318,51.363,51.419,51.483,51.534,51.572,51.611,51.651,51.681,51.715,51.746,51.793,51.829,51.86,51.899,51.926,51.953,51.979,52.004,52.033,52.071,52.096,52.122,52.16,52.193,52.236,52.261,52.288,52.317,52.347,52.369,52.393,52.419,52.443,52.467,52.49,52.512,52.536,52.557,52.584,52.608,52.63,52.65,52.685,52.707,52.732,52.752,52.777,52.803,52.826,52.853,52.875,52.901,52.923,52.949,52.974,52.997,53.027,53.064,53.096,53.113,53.143,53.174,53.201,53.238,53.27,53.304,53.331,53.366,53.411,53.447,53.47,53.504,53.533,53.576,53.618,53.666,53.706,53.749,53.795,53.848,53.888,53.929,53.987,54.053,54.145,54.221,54.312,54.413,54.604,54.897,55.818
607,@TPP,49.666,50.386,50.621,50.825,50.928,51.02,51.139,51.205,51.26,51.318,51.363,51.419,51.483,51.534,51.572,51.611,51.651,51.681,51.715,51.746,51.793,51.829,51.86,51.899,51.926,51.953,51.979,52.004,52.033,52.071,52.096,52.122,52.16,52.193,52.236,52.261,52.288,52.317,52.347,52.369,52.393,52.419,52.443,52.467,52.49,52.512,52.536,52.557,52.584,52.608,52.63,52.65,52.685,52.707,52.732,52.752,52.777,52.803,52.826,52.853,52.875,52.901,52.923,52.949,52.974,52.997,53.027,53.064,53.096,53.113,53.143,53.174,53.201,53.238,53.27,53.304,53.331,53.366,53.411,53.447,53.47,53.504,53.533,53.576,53.618,53.666,53.706,53.749,53.795,53.848,53.888,53.929,53.987,54.053,54.145,54.221,54.312,54.413,54.604,54.897,55.818
608,@TPP,49.668,50.481,50.636,50.842,50.973,51.073,51.156,51.23,51.3,51.363,51.442,51.48,51.52,51.562,51.604,51.64,51.679,51.716,51.747,51.784,51.818,51.851,51.881,51.909,51.932,51.974,51.997,52.027,52.057,52.075,52.103,52.133,52.168,52.189,52.208,52.246,52.272,52.291,52.323,52.348,52.381,52.409,52.428,52.453,52.469,52.487,52.508,52.542,52.569,52.599,52.627,52.652,52.676,52.697,52.714,52.734,52.753,52.781,52.802,52.828,52.852,52.873,52.9,52.923,52.955,52.984,53.015,53.044,53.07,53.09,53.125,53.148,53.188,53.217,53.252,53.281,53.311,53.338,53.372,53.408,53.438,53.467,53.501,53.539,53.575,53.609,53.654,53.706,53.76,53.814,53.85,53.908,53.968,54.033,54.115,54.203,54.284,54.42,54.594,54.85,55.709
609,@TPP,49.668,50.481,50.636,50.842,50.973,51.073,51.156,51.23,51.3,51.363,51.442,51.48,51.52,51.562,51.604,51.64,51.679,51.716,51.747,51.784,51.818,51.851,51.881,51.909,51.932,51.974,51.997,52.027,52.057,52.075,52.103,52.133,52.168,52.189,52.208,52.246,52.272,52.291,52.323,52.348,52.381,52.409,52.428,52.453,52.469,52.487,52.508,52.542,52.569,52.599,52.627,52.652,52.676,52.697,52.714,52.734,52.753,52.781,52.802,52.828,52.852,52.873,52.9,52.923,52.955,52.984,53.015,53.044,53.07,53.09,53.125,53.148,53.188,53.217,53.252,53.281,53.311,53.338,53.372,53.408,53.438,53.467,53.501,53.539,53.575,53.609,53.654,53.706,53.76,53.814,53.85,53.908,53.968,54.033,54.115,54.203,54.284,54.42,54.594,54.85,55.709
610,@TPP,49.595,50.321,50.626,50.795,50.91,51.023,51.104,51.184,51.258,51.341,51.393,51.455,51.508,51.555,51.595,51.63,51.675,51.714,51.742,51.77,51.801,51.836,51.868,51.892,51.929,51.962,51.989,52.023,52.047,52.075,52.099,52.12,52.145,52.17,52.195,52.222,52.248,52.277,52.306,52.33,52.356,52.385,52.413,52.435,52.462,52.484,52.507,52.527,52.552,52.575,52.596,52.62,52.644,52.67,52.698,52.72,52.746,52.771,52.797,52.821,52.845,52.872,52.903,52.929,52.958,52.985,53.015,53.041,53.071,53.096,53.13,53.16,53.186,53.214,53.24,53.273,53.301,53.335,53.366,53.399,53.428,53.467,53.508,53.551,53.586,53.641,53.671,53.704,53.771,53.823,53.875,53.934,53.995,54.075,54.173,54.278,54.386,54.49,54.651,54.884,55.738
611,@TPP,49.595,50.321,50.626,50.795,50.91,51.023,51.104,51.184,51.258,51.341,51.393,51.455,51.508,51.555,51.595,51.63,51.675,51.714,51.742,51.77,51.801,51.836,51.868,51.892,51.929,51.962,51.989,52.023,52.047,52.075,52.099,52.12,52.145,52.17,52.195,52.222,52.248,52.277,52.306,52.33,52.356,52.385,52.413,52.435,52.462,52.484,52.507,52.527,52.552,52.575,52.596,52.62,52.644,52.67,52.698,52.72,52.746,52.771,52.797,52.821,52.845,52.872,52.903,52.929,52.958,52.985,53.015,53.041,53.071,53.096,53.13,53.16,53.186,53.214,53.24,53.273,53.301,53.335,53.366,53.399,53.428,53.467,53.508,53.551,53.586,53.641,53.671,53.704,53.771,53.823,53.875,53.934,53.995,54.075,54.173,54.278,54.386,54.49,54.651,54.884,55.738
612,@TPP,49.397,50.287,50.57,50.757,50.876,51.012,51.096,51.162,51.232,51.313,51.362,51.406,51.451,51.504,51.542,51.587,51.634,51.682,51.719,51.746,51.782,51.814,51.846,51.876,51.91,51.947,51.966,51.992,52.028,52.058,52.081,52.114,52.139,52.162,52.191,52.217,52.242,52.27,52.297,52.322,52.343,52.375,52.404,52.422,52.443,52.466,52.492,52.522,52.548,52.569,52.586,52.611,52.644,52.672,52.697,52.723,52.75,52.781,52.807,52.83,52.853,52.885,52.913,52.943,52.963,52.996,53.017,53.047,53.069,53.098,53.123,53.153,53.185,53.221,53.245,53.274,53.305,53.341,53.376,53.401,53.433,53.469,53.505,53.546,53.578,53.623,53.662,53.704,53.758,53.822,53.886,53.937,53.989,54.06,54.133,54.246,54.335,54.441,54.616,54.887,55.615
613,@TPP,49.397,50.287,50.57,50.757,50.876,51.012,51.096,51.162,51.232,51.313,51.362,51.406,51.451,51.504,51.542,51.587,51.634,51.682,51.719,51.746,51.782,51.814,51.846,51.876,51.91,51.947,51.966,51.992,52.028,52.058,52.081,52.114,52.139,52.162,52.191,52.217,52.242,52.27,52.297,52.322,52.343,52.375,52.404,52.422,52.443,52.466,52.492,52.522,52.548,52.569,52.586,52.611,52.644,52.672,52.697,52.723,52.75,52.781,52.807,52.83,52.853,52.885,52.913,52.943,52.963,52.996,53.017,53.047,53.069,53.098,53.123,53.153,53.185,53.221,53.245,53.274,53.305,53.341,53.376,53.401,53.433,53.469,53.505,53.546,53.578,53.623,53.662,53.704,53.758,53.822,53.886,53.937,53.989,54.06,54.133,54.246,54.335,54.441,54.616,54.887,55.615
614,@TPP,49.457,50.287,50.536,50.703,50.871,50.987,51.065,51.152,51.229,51.287,51.324,51.381,51.438,51.487,51.531,51.578,51.623,51.663,51.709,51.743,51.784,51.809,51.842,51.881,51.912,51.939,51.97,51.994,52.029,52.06,52.091,52.119,52.147,52.175,52.2,52.226,52.25,52.273,52.306,52.334,52.362,52.391,52.419,52.437,52.46,52.479,52.498,52.525,52.552,52.578,52.594,52.618,52.648,52.674,52.689,52.716,52.745,52.766,52.798,52.817,52.843,52.874,52.902,52.932,52.96,52.99,53.014,53.039,53.074,53.1,53.123,53.145,53.178,53.205,53.24,53.276,53.297,53.336,53.375,53.413,53.446,53.483,53.513,53.552,53.598,53.637,53.683,53.751,53.79,53.83,53.881,53.946,54.014,54.106,54.158,54.236,54.361,54.473,54.665,55.025,55.69
615,@TPP,49.457,50.287,50.536,50.703,50.871,50.987,51.065,51.152,51.229,51.287,51.324,51.381,51.438,51.487,51.531,51.578,51.623,51.663,51.709,51.743,51.784,51.809,51.842,51.881,51.912,51.939,51.97,51.994,52.029,52.06,52.091,52.119,52.147,52.175,52.2,52.226,52.25,52.273,52.306,52.334,52.362,52.391,52.419,52.437,52.46,52.479,52.498,52.525,52.552,52.578,52.594,52.618,52.648,52.674,52.689,52.716,52.745,52.766,52.798,52.817,52.843,52.874,52.902,52.932,52.96,52.99,53.014,53.039,53.074,53.1,53.123,53.145,53.178,53.205,53.24,53.276,53.297,53.336,53.375,53.413,53.446,53.483,53.513,53.552,53.598,53.637,53.683,53.751,53.79,53.83,53.881,53.946,54.014,54.106,54.158,54.236,54.361,54.473,54.665,55.025,55.69
616,@TPP,49.398,50.238,50.485,50.703,50.887,50.971,51.062,51.147,51.225,51.29,51.338,51.384,51.431,51.474,51.511,51.541,51.585,51.626,51.67,51.713,51.74,51.779,51.817,51.85,51.884,51.917,51.944,51.976,52.004,52.037,52.071,52.096,52.129,52.156,52.186,52.213,52.236,52.255,52.273,52.305,52.335,52.356,52.378,52.398,52.428,52.449,52.479,52.504,52.532,52.552,52.579,52.609,52.629,52.655,52.676,52.707,52.732,52.759,52.788,52.812,52.835,52.861,52.887,52.921,52.951,52.978,53.013,53.038,53.062,53.089,53.123,53.164,53.195,53.235,53.259,53.29,53.316,53.339,53.367,53.399,53.436,53.468,53.506,53.543,53.586,53.638,53.674,53.708,53.77,53.817,53.87,53.926,53.998,54.079,54.156,54.235,54.312,54.444,54.667,54.959,55.741
617,@TPP,49.398,50.238,50.485,50.703,50.887,50.971,51.062,51.147,51.225,51.29,51.338,51.384,51.431,51.474,51.511,51.541,51.585,51.626,51.67,51.713,51.74,51.779,51.817,51.85,51.884,51.917,51.944,51.976,52.004,52.037,52.071,52.096,52.129,52.156,52.186,52.213,52.236,52.255,52.273,52.305,52.335,52.356,52.378,52.398,52.428,52.449,52.479,52.504,52.532,52.552,52.579,52.609,52.629,52.655,52.676,52.707,52.732,52.759,52.788,52.812,52.835,52.861,52.887,52.921,52.951,52.978,53.013,53.038,53.062,53.089,53.123,53.164,53.195,53.235,53.259,53.29,53.316,53.339,53.367,53.399,53.436,53.468,53.506,53.543,53.586,53.638,53.674,53.708,53.77,53.817,53.87,53.926,53.998,54.079,54.156,54.235,54.312,54.444,54.667,54.959,55.741
618,@TPP,49.467,50.172,50.451,50.702,50.846,50.957,51.064,51.135,51.211,51.269,51.339,51.382,51.439,51.495,51.539,51.581,51.623,51.65,51.68,51.715,51.752,51.781,51.823,51.852,51.881,51.918,51.943,51.974,52.004,52.026,52.055,52.083,52.109,52.133,52.164,52.191,52.218,52.246,52.272,52.293,52.32,52.35,52.373,52.395,52.42,52.445,52.471,52.507,52.533,52.568,52.592,52.614,52.637,52.654,52.678,52.706,52.733,52.758,52.789,52.814,52.848,52.87,52.903,52.922,52.955,52.982,53.016,53.043,53.066,53.096,53.121,53.151,53.18,53.217,53.241,53.275,53.296,53.333,53.365,53.402,53.433,53.478,53.516,53.554,53.584,53.629,53.67,53.721,53.786,53.831,53.883,53.926,53.994,54.06,54.149,54.254,54.35,54.502,54.666,54.98,55.681
619,@TPP,49.467,50.172,50.451,50.702,50.846,50.957,51.064,51.135,51.211,51.269,51.339,51.382,51.439,51.495,51.539,51.581,51.623,51.65,51.68,51.715,51.752,51.781,51.823,51.852,51.881,51.918,51.943,51.974,52.004,52.026,52.055,52.083,52.109,52.133,52.164,52.191,52.218,52.246,52.272,52.293,52.32,52.35,52.373,52.395,52.42,52.445,52.471,52.507,52.533,52.568,52.592,52.614,52.637,52.654,52.678,52.706,52.733,52.758,52.789,52.814,52.848,52.87,52.903,52.922,52.955,52.982,53.016,53.043,53.066,53.096,53.121,53.151,53.18,53.217,53.241,53.275,53.296,53.333,53.365,53.402,53.433,53.478,53.516,53.554,53.584,53.629,53.67,53.721,53.786,53.831,53.883,53.926,53.994,54.06,54.149,54.254,54.35,54.502,54.666,54.98,55.681
620,@TPP,49.445,50.127,50.508,50.685,50.854,50.948,51.054,51.112,51.194,51.265,51.327,51.381,51.437,51.476,51.517,51.564,51.607,51.639,51.669,51.702,51.746,51.775,51.814,51.849,51.88,51.91,51.94,51.969,52.001,52.035,52.063,52.093,52.12,52.152,52.171,52.2,52.222,52.249,52.268,52.294,52.317,52.345,52.364,52.392,52.415,52.445,52.482,52.503,52.525,52.548,52.575,52.6,52.626,52.656,52.685,52.71,52.74,52.76,52.786,52.814,52.838,52.868,52.894,52.925,52.955,52.979,53.004,53.03,53.055,53.078,53.109,53.137,53.17,53.205,53.24,53.276,53.297,53.326,53.36,53.391,53.425,53.458,53.508,53.542,53.579,53.623,53.676,53.722,53.777,53.832,53.88,53.942,54.017,54.076,54.161,54.3,54.417,54.552,54.691,54.939,55.575
621,@TPP,49.445,50.127,50.508,50.685,50.854,50.948,51.054,51.112,51.194,51.265,51.327,51.381,51.437,51.476,51.517,51.564,51.607,51.639,51.669,51.702,51.746,51.775,51.814,51.849,51.88,51.91,51.94,51.969,52.001,52.035,52.063,52.093,52.12,52.152,52.171,52.2,52.222,52.249,52.268,52.294,52.317,52.345,52.364,52.392,52.415,52.445,52.482,52.503,52.525,52.548,52.575,52.6,52.626,52.656,52.685,52.71,52.74,52.76,52.786,52.814,52.838,52.868,52.894,52.925,52.955,52.979,53.004,53.03,53.055,53.078,53.109,53.137,53.17,53.205,53.24,53.276,53.297,53.326,53.36,53.391,53.425,53.458,53.508,53.542,53.579,53.623,53.676,53.722,53.777,53.832,53.88,53.942,54.017,54.076,54.161,54.3,54.417,54.552,54.691,54.939,55.575
622,@TPP,49.445,50.19,50.509,50.689,50.827,50.954,51.025,51.103,51.174,51.244,51.296,51.337,51.387,51.44,51.49,51.532,51.566,51.612,51.662,51.7,51.736,51.772,51.796,51.823,51.855,51.887,51.909,51.943,51.972,51.999,52.034,52.068,52.099,52.125,52.165,52.198,52.224,52.25,52.295,52.324,52.341,52.358,52.389,52.408,52.429,52.451,52.477,52.503,52.525,52.551,52.576,52.603,52.63,52.653,52.673,52.696,52.722,52.746,52.772,52.798,52.819,52.85,52.873,52.901,52.931,52.963,52.985,53.012,53.036,53.073,53.093,53.124,53.151,53.18,53.21,53.243,53.282,53.318,53.351,53.387,53.433,53.466,53.503,53.539,53.577,53.633,53.669,53.708,53.75,53.805,53.852,53.931,53.994,54.077,54.173,54.272,54.375,54.517,54.701,54.923,55.574
623,@TPP,49.445,50.19,50.509,50.689,50.827,50.954,51.025,51.103,51.174,51.244,51.296,51.337,51.387,51.44,51.49,51.532,51.566,51.612,51.662,51.7,51.736,51.772,51.796,51.823,51.855,51.887,51.909,51.943,51.972,51.999,52.034,52.068,52.099,52.125,52.165,52.198,52.224,52.25,52.295,52.324,52.341,52.358,52.389,52.408,52.429,52.451,52.477,52.503,52.525,52.551,52.576,52.603,52.63,52.653,52.673,52.696,52.722,52.746,52.772,52.798,52.819,52.85,52.873,52.901,52.931,52.963,52.985,53.012,53.036,53.073,53.093,53.124,53.151,53.18,53.21,53.243,53.282,53.318,53.351,53.387,53.433,53.466,53.503,53.539,53.577,53.633,53.669,53.708,53.75,53.805,53.852,53.931,53.994,54.077,54.173,54.272,54.375,54.517,54.701,54.923,55.574
624,@TPP,49.448,50.178,50.516,50.665,50.796,50.908,51.006,51.092,51.161,51.23,51.293,51.339,51.384,51.418,51.478,51.525,51.57,51.608,51.649,51.692,51.727,51.767,51.794,51.83,51.863,51.89,51.925,51.955,51.984,52.015,52.041,52.073,52.105,52.131,52.161,52.193,52.218,52.244,52.277,52.3,52.321,52.341,52.362,52.386,52.406,52.434,52.459,52.481,52.512,52.547,52.582,52.605,52.622,52.644,52.672,52.697,52.728,52.751,52.776,52.797,52.82,52.847,52.87,52.897,52.925,52.949,52.981,53.009,53.043,53.067,53.097,53.128,53.155,53.185,53.22,53.253,53.278,53.31,53.348,53.386,53.423,53.471,53.498,53.531,53.567,53.611,53.658,53.694,53.748,53.791,53.854,53.913,53.977,54.058,54.162,54.249,54.349,54.476,54.637,54.959,55.531
625,@TPP,49.448,50.178,50.516,50.665,50.796,50.908,51.006,51.092,51.161,51.23,51.293,51.339,51.384,51.418,51.478,51.525,51.57,51.608,51.649,51.692,51.727,51.767,51.794,51.83,51.863,51.89,51.925,51.955,51.984,52.015,52.041,52.073,52.105,52.131,52.161,52.193,52.218,52.244,52.277,52.3,52.321,52.341,52.362,52.386,52.406,52.434,52.459,52.481,52.512,52.547,52.582,52.605,52.622,52.644,52.672,52.697,52.728,52.751,52.776,52.797,52.82,52.847,52.87,52.897,52.925,52.949,52.981,53.009,53.043,53.067,53.097,53.128,53.155,53.185,53.22,53.253,53.278,53.31,53.348,53.386,53.423,53.471,53.498,53.531,53.567,53.611,53.658,53.694,53.748,53.791,53.854,53.913,53.977,54.058,54.162,54.249,54.349,54.476,54.637,54.959,55.531
626,@TPP,49.392,50.262,50.5,50.686,50.821,50.939,51.021,51.111,51.203,51.276,51.316,51.357,51.408,51.455,51.516,51.555,51.589,51.624,51.653,51.707,51.74,51.772,51.802,51.828,51.86,51.898,51.935,51.969,52.004,52.03,52.06,52.085,52.106,52.126,52.157,52.181,52.201,52.232,52.254,52.284,52.314,52.341,52.36,52.384,52.403,52.44,52.47,52.49,52.526,52.55,52.571,52.591,52.613,52.635,52.66,52.691,52.716,52.751,52.773,52.792,52.819,52.842,52.869,52.891,52.91,52.935,52.963,52.987,53.008,53.042,53.075,53.102,53.136,53.162,53.18,53.213,53.247,53.278,53.315,53.357,53.393,53.429,53.467,53.518,53.56,53.598,53.638,53.687,53.726,53.776,53.831,53.891,53.955,54.021,54.092,54.184,54.299,54.426,54.635,54.909,55.595
627,@TPP,49.392,50.262,50.5,50.686,50.821,50.939,51.021,51.111,51.203,51.276,51.316,51.357,51.408,51.455,51.516,51.555,51.589,51.624,51.653,51.707,51.74,51.772,51.802,51.828,51.86,51.898,51.935,51.969,52.004,52.03,52.06,52.085,52.106,52.126,52.157,52.181,52.201,52.232,52.254,52.284,52.314,52.341,52.36,52.384,52.403,52.44,52.47,52.49,52.526,52.55,52.571,52.591,52.613,52.635,52.66,52.691,52.716,52.751,52.773,52.792,52.819,52.842,52.869,52.891,52.91,52.935,52.963,52.987,53.008,53.042,53.075,53.102,53.136,53.162,53.18,53.213,53.247,53.278,53.315,53.357,53.393,53.429,53.467,53.518,53.56,53.598,53.638,53.687,53.726,53.776,53.831,53.891,53.955,54.021,54.092,54.184,54.299,54.426,54.635,54.909,55.595
628,@TPP,49.528,50.253,50.496,50.764,50.876,50.98,51.046,51.12,51.179,51.238,51.283,51.344,51.385,51.429,51.48,51.53,51.576,51.621,51.668,51.716,51.74,51.78,51.819,51.852,51.88,51.908,51.941,51.975,52.007,52.033,52.06,52.093,52.119,52.145,52.172,52.202,52.227,52.248,52.279,52.308,52.337,52.358,52.383,52.414,52.437,52.458,52.482,52.505,52.526,52.549,52.57,52.589,52.615,52.64,52.657,52.678,52.705,52.735,52.753,52.781,52.817,52.845,52.873,52.896,52.915,52.944,52.979,53.008,53.028,53.056,53.084,53.11,53.135,53.165,53.189,53.208,53.239,53.267,53.299,53.332,53.367,53.4,53.427,53.467,53.517,53.562,53.594,53.645,53.684,53.721,53.788,53.838,53.9,53.98,54.075,54.149,54.245,54.373,54.609,54.904,55.401
629,@TPP,49.528,50.253,50.496,50.764,50.876,50.98,51.046,51.12,51.179,51.238,51.283,51.344,51.385,51.429,51.48,51.53,51.576,51.621,51.668,51.716,51.74,51.78,51.819,51.852,51.88,51.908,51.941,51.975,52.007,52.033,52.06,52.093,52.119,52.145,52.172,52.202,52.227,52.248,52.279,52.308,52.337,52.358,52.383,52.414,52.437,52.458,52.482,52.505,52.526,52.549,52.57,52.589,52.615,52.64,52.657,52.678,52.705,52.735,52.753,52.781,52.817,52.845,52.873,52.896,52.915,52.944,52.979,53.008,53.028,53.056,53.084,53.11,53.135,53.165,53.189,53.208,53.239,53.267,53.299,53.332,53.367,53.4,53.427,53.467,53.517,53.562,53.594,53.645,53.684,53.721,53.788,53.838,53.9,53.98,54.075,54.149,54.245,54.373,54.609,54.904,55.401
630,@TPP,49.596,50.228,50.595,50.766,50.898,50.995,51.091,51.161,51.223,51.284,51.339,51.39,51.431,51.492,51.527,51.555,51.59,51.642,51.683,51.725,51.757,51.787,51.815,51.85,51.88,51.909,51.946,51.981,52.01,52.033,52.058,52.086,52.109,52.139,52.167,52.193,52.218,52.244,52.266,52.286,52.312,52.341,52.366,52.396,52.416,52.443,52.465,52.486,52.509,52.537,52.558,52.585,52.604,52.628,52.653,52.679,52.705,52.734,52.754,52.777,52.806,52.828,52.852,52.871,52.896,52.929,52.949,52.974,52.994,53.019,53.049,53.071,53.1,53.127,53.157,53.192,53.218,53.249,53.277,53.314,53.339,53.379,53.414,53.453,53.495,53.537,53.571,53.616,53.661,53.716,53.763,53.837,53.897,53.977,54.049,54.142,54.241,54.358,54.52,54.818,55.419
631,@TPP,49.596,50.228,50.595,50.766,50.898,50.995,51.091,51.161,51.223,51.284,51.339,51.39,51.431,51.492,51.527,51.555,51.59,51.642,51.683,51.725,51.757,51.787,51.815,51.85,51.88,51.909,51.946,51.981,52.01,52.033,52.058,52.086,52.109,52.139,52.167,52.193,52.218,52.244,52.266,52.286,52.312,52.341,52.366,52.396,52.416,52.443,52.465,52.486,52.509,52.537,52.558,52.585,52.604,52.628,52.653,52.679,52.705,52.734,52.754,52.777,52.806,52.828,52.852,52.871,52.896,52.929,52.949,52.974,52.994,53.019,53.049,53.071,53.1,53.127,53.157,53.192,53.218,53.249,53.277,53.314,53.339,53.379,53.414,53.453,53.495,53.537,53.571,53.616,53.661,53.716,53.763,53.837,53.897,53.977,54.049,54.142,54.241,54.358,54.52,54.818,55.419
632,@TPP,49.535,50.276,50.579,50.731,50.878,50.97,51.088,51.156,51.239,51.292,51.345,51.398,51.447,51.491,51.536,51.58,51.615,51.656,51.693,51.734,51.765,51.797,51.831,51.865,51.892,51.919,51.947,51.974,52.001,52.035,52.058,52.078,52.111,52.138,52.165,52.199,52.231,52.255,52.284,52.314,52.343,52.367,52.385,52.41,52.434,52.451,52.477,52.503,52.526,52.548,52.571,52.593,52.617,52.64,52.656,52.68,52.706,52.728,52.756,52.78,52.803,52.826,52.85,52.874,52.901,52.93,52.949,52.972,52.993,53.027,53.053,53.075,53.099,53.129,53.165,53.196,53.226,53.253,53.28,53.314,53.342,53.369,53.401,53.442,53.479,53.523,53.565,53.604,53.655,53.7,53.749,53.8,53.88,53.959,54.054,54.117,54.195,54.328,54.489,54.757,55.305
633,@TPP,49.535,50.276,50.579,50.731,50.878,50.97,51.088,51.156,51.239,51.292,51.345,51.398,51.447,51.491,51.536,51.58,51.615,51.656,51.693,51.734,51.765,51.797,51.831,51.865,51.892,51.919,51.947,51.974,52.001,52.035,52.058,52.078,52.111,52.138,52.165,52.199,52.231,52.255,52.284,52.314,52.343,52.367,52.385,52.41,52.434,52.451,52.477,52.503,52.526,52.548,52.571,52.593,52.617,52.64,52.656,52.68,52.706,52.728,52.756,52.78,52.803,52.826,52.85,52.874,52.901,52.93,52.949,52.972,52.993,53.027,53.053,53.075,53.099,53.129,53.165,53.196,53.226,53.253,53.28,53.314,53.342,53.369,53.401,53.442,53.479,53.523,53.565,53.604,53.655,53.7,53.749,53.8,53.88,53.959,54.054,54.117,54.195,54.328,54.489,54.757,55.305
634,@TPP,49.558,50.343,50.682,50.806,50.906,51.025,51.129,51.223,51.287,51.331,51.389,51.434,51.479,51.515,51.547,51.586,51.627,51.667,51.709,51.751,51.786,51.812,51.847,51.873,51.902,51.942,51.969,51.997,52.032,52.066,52.095,52.115,52.135,52.16,52.19,52.225,52.249,52.275,52.307,52.326,52.343,52.364,52.389,52.406,52.426,52.447,52.464,52.484,52.507,52.534,52.559,52.578,52.61,52.633,52.655,52.681,52.703,52.725,52.745,52.77,52.794,52.816,52.841,52.859,52.883,52.903,52.926,52.949,52.98,53.006,53.023,53.047,53.075,53.107,53.137,53.165,53.189,53.219,53.251,53.289,53.324,53.353,53.385,53.411,53.458,53.489,53.524,53.577,53.619,53.669,53.723,53.788,53.853,53.911,53.976,54.054,54.14,54.264,54.448,54.688,55.176
635,@TPP,49.558,50.343,50.682,50.806,50.906,51.025,51.129,51.223,51.287,51.331,51.389,51.434,51.479,51.515,51.547,51.586,51.627,51.667,51.709,51.751,51.786,51.812,51.847,51.873,51.902,51.942,51.969,51.997,52.032,52.066,52.095,52.115,52.135,52.16,52.19,52.225,52.249,52.275,52.307,52.326,52.343,52.364,52.389,52.406,52.426,52.447,52.464,52.484,52.507,52.534,52.559,52.578,52.61,52.633,52.655,52.681,52.703,52.725,52.745,52.77,52.794,52.816,52.841,52.859,52.883,52.903,52.926,52.949,52.98,53.006,53.023,53.047,53.075,53.107,53.137,53.165,53.189,53.219,53.251,53.289,53.324,53.353,53.385,53.411,53.458,53.489,53.524,53.577,53.619,53.669,53.723,53.788,53.853,53.911,53.976,54.054,54.14,54.264,54.448,54.688,55.176
636,@TPP,49.452,50.356,50.673,50.806,50.94,51.053,51.171,51.245,51.314,51.361,51.41,51.461,51.505,51.561,51.603,51.653,51.686,51.723,51.75,51.784,51.812,51.846,51.874,51.904,51.937,51.97,51.998,52.025,52.053,52.082,52.104,52.143,52.166,52.188,52.217,52.234,52.263,52.291,52.311,52.33,52.351,52.38,52.4,52.431,52.46,52.484,52.507,52.527,52.552,52.577,52.602,52.624,52.651,52.671,52.706,52.732,52.752,52.781,52.805,52.829,52.855,52.868,52.892,52.915,52.937,52.961,52.985,53.014,53.041,53.061,53.087,53.112,53.135,53.159,53.192,53.228,53.262,53.294,53.329,53.362,53.396,53.428,53.463,53.504,53.542,53.576,53.613,53.656,53.689,53.737,53.78,53.84,53.921,53.998,54.069,54.128,54.202,54.337,54.495,54.733,55.275
637,@TPP,49.452,50.356,50.673,50.806,50.94,51.053,51.171,51.245,51.314,51.361,51.41,51.461,51.505,51.561,51.603,51.653,51.686,51.723,51.75,51.784,51.812,51.846,51.874,51.904,51.937,51.97,51.998,52.025,52.053,52.082,52.104,52.143,52.166,52.188,52.217,52.234,52.263,52.291,52.311,52.33,52.351,52.38,52.4,52.431,52.46,52.484,52.507,52.527,52.552,52.577,52.602,52.624,52.651,52.671,52.706,52.732,52.752,52.781,52.805,52.829,52.855,52.868,52.892,52.915,52.937,52.961,52.985,53.014,53.041,53.061,53.087,53.112,53.135,53.159,53.192,53.228,53.262,53.294,53.329,53.362,53.396,53.428,53.463,53.504,53.542,53.576,53.613,53.656,53.689,53.737,53.78,53.84,53.921,53.998,54.069,54.128,54.202,54.337,54.495,54.733,55.275
638,@TPP,49.734,50.481,50.711,50.862,51.018,51.11,51.181,51.276,51.338,51.406,51.488,51.548,51.592,51.637,51.679,51.722,51.757,51.798,51.832,51.857,51.885,51.923,51.952,51.98,52.011,52.037,52.07,52.097,52.119,52.148,52.169,52.192,52.212,52.243,52.269,52.299,52.326,52.347,52.362,52.387,52.407,52.433,52.455,52.481,52.503,52.526,52.545,52.573,52.6,52.62,52.644,52.667,52.689,52.715,52.739,52.763,52.779,52.805,52.833,52.864,52.891,52.914,52.94,52.966,52.999,53.019,53.043,53.068,53.096,53.123,53.145,53.17,53.2,53.224,53.257,53.284,53.306,53.337,53.362,53.399,53.435,53.465,53.502,53.534,53.58,53.616,53.655,53.7,53.733,53.77,53.825,53.891,53.964,54.024,54.092,54.169,54.276,54.382,54.506,54.723,55.387
639,@TPP,49.734,50.481,50.711,50.862,51.018,51.11,51.181,51.276,51.338,51.406,51.488,51.548,51.592,51.637,51.679,51.722,51.757,51.798,51.832,51.857,51.885,51.923,51.952,51.98,52.011,52.037,52.07,52.097,52.119,52.148,52.169,52.192,52.212,52.243,52.269,52.299,52.326,52.347,52.362,52.387,52.407,52.433,52.455,52.481,52.503,52.526,52.545,52.573,52.6,52.62,52.644,52.667,52.689,52.715,52.739,52.763,52.779,52.805,52.833,52.864,52.891,52.914,52.94,52.966,52.999,53.019,53.043,53.068,53.096,53.123,53.145,53.17,53.2,53.224,53.257,53.284,53.306,53.337,53.362,53.399,53.435,53.465,53.502,53.534,53.58,53.616,53.655,53.7,53.733,53.77,53.825,53.891,53.964,54.024,54.092,54.169,54.276,54.382,54.506,54.723,55.387
640,@TPP,49.655,50.324,50.602,50.808,50.94,51.029,51.112,51.198,51.263,51.338,51.394,51.465,51.51,51.556,51.592,51.632,51.669,51.706,51.738,51.786,51.818,51.848,51.876,51.907,51.938,51.968,51.996,52.026,52.061,52.087,52.11,52.131,52.152,52.18,52.2,52.224,52.245,52.275,52.3,52.326,52.348,52.371,52.398,52.424,52.446,52.471,52.496,52.518,52.539,52.561,52.585,52.611,52.636,52.659,52.682,52.703,52.724,52.745,52.774,52.803,52.831,52.86,52.89,52.915,52.944,52.979,53.003,53.035,53.06,53.086,53.109,53.139,53.163,53.189,53.219,53.245,53.27,53.301,53.342,53.371,53.399,53.426,53.459,53.51,53.543,53.591,53.647,53.683,53.733,53.803,53.856,53.918,53.981,54.043,54.124,54.192,54.306,54.43,54.535,54.741,55.51
641,@TPP,49.655,50.324,50.602,50.808,50.94,51.029,51.112,51.198,51.263,51.338,51.394,51.465,51.51,51.556,51.592,51.632,51.669,51.706,51.738,51.786,51.818,51.848,51.876,51.907,51.938,51.968,51.996,52.026,52.061,52.087,52.11,52.131,52.152,52.18,52.2,52.224,52.245,52.275,52.3,52.326,52.348,52.371,52.398,52.424,52.446,52.471,52.496,52.518,52.539,52.561,52.585,52.611,52.636,52.659,52.682,52.703,52.724,52.745,52.774,52.803,52.831,52.86,52.89,52.915,52.944,52.979,53.003,53.035,53.06,53.086,53.109,53.139,53.163,53.189,53.219,53.245,53.27,53.301,53.342,53.371,53.399,53.426,53.459,53.51,53.543,53.591,53.647,53.683,53.733,53.803,53.856,53.918,53.981,54.043,54.124,54.192,54.306,54.43,54.535,54.741,55.51
642,@TPP,49.46,50.297,50.565,50.706,50.814,50.917,51.032,51.108,51.181,51.242,51.303,51.367,51.41,51.464,51.514,51.551,51.584,51.623,51.663,51.708,51.75,51.782,51.811,51.843,51.87,51.898,51.928,51.959,52.0,52.03,52.053,52.072,52.103,52.138,52.163,52.189,52.216,52.248,52.272,52.291,52.313,52.339,52.367,52.386,52.408,52.43,52.448,52.474,52.495,52.522,52.551,52.578,52.607,52.634,52.655,52.675,52.697,52.718,52.748,52.778,52.806,52.832,52.849,52.88,52.904,52.925,52.957,52.984,53.014,53.043,53.071,53.095,53.117,53.151,53.189,53.22,53.255,53.292,53.322,53.371,53.41,53.441,53.486,53.513,53.561,53.598,53.639,53.678,53.732,53.782,53.842,53.918,53.986,54.073,54.149,54.233,54.32,54.455,54.591,54.859,55.613
643,@TPP,49.46,50.297,50.565,50.706,50.814,50.917,51.032,51.108,51.181,51.242,51.303,51.367,51.41,51.464,51.514,51.551,51.584,51.623,51.663,51.708,51.75,51.782,51.811,51.843,51.87,51.898,51.928,51.959,52.0,52.03,52.053,52.072,52.103,52.138,52.163,52.189,52.216,52.248,52.272,52.291,52.313,52.339,52.367,52.386,52.408,52.43,52.448,52.474,52.495,52.522,52.551,52.578,52.607,52.634,52.655,52.675,52.697,52.718,52.748,52.778,52.806,52.832,52.849,52.88,52.904,52.925,52.957,52.984,53.014,53.043,53.071,53.095,53.117,53.151,53.189,53.22,53.255,53.292,53.322,53.371,53.41,53.441,53.486,53.513,53.561,53.598,53.639,53.678,53.732,53.782,53.842,53.918,53.986,54.073,54.149,54.233,54.32,54.455,54.591,54.859,55.613
644,@TPP,49.397,50.19,50.523,50.687,50.797,50.877,50.977,51.055,51.108,51.168,51.216,51.278,51.334,51.405,51.459,51.505,51.545,51.589,51.625,51.669,51.694,51.725,51.757,51.782,51.81,51.849,51.871,51.893,51.921,51.95,51.975,52.008,52.04,52.067,52.093,52.123,52.156,52.187,52.21,52.236,52.261,52.287,52.31,52.332,52.361,52.392,52.415,52.441,52.465,52.486,52.512,52.533,52.558,52.585,52.606,52.633,52.657,52.682,52.71,52.736,52.77,52.797,52.825,52.858,52.893,52.914,52.935,52.957,52.989,53.014,53.045,53.077,53.101,53.132,53.162,53.195,53.225,53.251,53.291,53.331,53.364,53.393,53.446,53.505,53.54,53.586,53.635,53.681,53.73,53.796,53.85,53.906,53.973,54.042,54.11,54.192,54.318,54.445,54.631,54.9,55.593
645,@TPP,49.397,50.19,50.523,50.687,50.797,50.877,50.977,51.055,51.108,51.168,51.216,51.278,51.334,51.405,51.459,51.505,51.545,51.589,51.625,51.669,51.694,51.725,51.757,51.782,51.81,51.849,51.871,51.893,51.921,51.95,51.975,52.008,52.04,52.067,52.093,52.123,52.156,52.187,52.21,52.236,52.261,52.287,52.31,52.332,52.361,52.392,52.415,52.441,52.465,52.486,52.512,52.533,52.558,52.585,52.606,52.633,52.657,52.682,52.71,52.736,52.77,52.797,52.825,52.858,52.893,52.914,52.935,52.957,52.989,53.014,53.045,53.077,53.101,53.132,53.162,53.195,53.225,53.251,53.291,53.331,53.364,53.393,53.446,53.505,53.54,53.586,53.635,53.681,53.73,53.796,53.85,53.906,53.973,54.042,54.11,54.192,54.318,54.445,54.631,54.9,55.593
646,@TPP,49.033,50.124,50.41,50.591,50.713,50.792,50.904,50.97,51.047,51.109,51.167,51.238,51.284,51.322,51.372,51.413,51.463,51.502,51.549,51.584,51.62,51.658,51.69,51.732,51.765,51.799,51.84,51.867,51.903,51.926,51.948,51.973,52.006,52.033,52.063,52.083,52.109,52.128,52.157,52.187,52.214,52.241,52.272,52.301,52.327,52.354,52.381,52.403,52.426,52.454,52.477,52.496,52.519,52.549,52.58,52.602,52.635,52.656,52.686,52.708,52.735,52.754,52.785,52.815,52.839,52.872,52.907,52.934,52.955,52.991,53.012,53.045,53.078,53.118,53.146,53.181,53.215,53.241,53.286,53.323,53.36,53.391,53.437,53.477,53.529,53.58,53.627,53.665,53.713,53.78,53.827,53.906,53.954,54.011,54.096,54.184,54.308,54.444,54.633,54.934,55.787
647,@TPP,49.033,50.124,50.41,50.591,50.713,50.792,50.904,50.97,51.047,51.109,51.167,51.238,51.284,51.322,51.372,51.413,51.463,51.502,51.549,51.584,51.62,51.658,51.69,51.732,51.765,51.799,51.84,51.867,51.903,51.926,51.948,51.973,52.006,52.033,52.063,52.083,52.109,52.128,52.157,52.187,52.214,52.241,52.272,52.301,52.327,52.354,52.381,52.403,52.426,52.454,52.477,52.496,52.519,52.549,52.58,52.602,52.635,52.656,52.686,52.708,52.735,52.754,52.785,52.815,52.839,52.872,52.907,52.934,52.955,52.991,53.012,53.045,53.078,53.118,53.146,53.181,53.215,53.241,53.286,53.323,53.36,53.391,53.437,53.477,53.529,53.58,53.627,53.665,53.713,53.78,53.827,53.906,53.954,54.011,54.096,54.184,54.308,54.444,54.633,54.934,55.787
648,@TPP,49.193,50.054,50.303,50.467,50.59,50.699,50.814,50.896,50.949,51.035,51.121,51.178,51.234,51.278,51.334,51.379,51.41,51.45,51.484,51.523,51.561,51.595,51.629,51.664,51.701,51.735,51.765,51.798,51.828,51.866,51.895,51.93,51.957,51.987,52.006,52.032,52.058,52.098,52.133,52.164,52.185,52.208,52.244,52.265,52.29,52.318,52.344,52.368,52.393,52.421,52.441,52.465,52.493,52.522,52.546,52.562,52.588,52.616,52.645,52.669,52.702,52.734,52.775,52.812,52.84,52.868,52.897,52.919,52.943,52.971,52.996,53.033,53.059,53.094,53.122,53.15,53.184,53.22,53.256,53.297,53.334,53.379,53.416,53.45,53.5,53.544,53.584,53.637,53.684,53.739,53.799,53.858,53.946,54.02,54.102,54.202,54.315,54.472,54.652,54.899,55.634
649,@TPP,49.193,50.054,50.303,50.467,50.59,50.699,50.814,50.896,50.949,51.035,51.121,51.178,51.234,51.278,51.334,51.379,51.41,51.45,51.484,51.523,51.561,51.595,51.629,51.664,51.701,51.735,51.765,51.798,51.828,51.866,51.895,51.93,51.957,51.987,52.006,52.032,52.058,52.098,52.133,52.164,52.185,52.208,52.244,52.265,52.29,52.318,52.344,52.368,52.393,52.421,52.441,52.465,52.493,52.522,52.546,52.562,52.588,52.616,52.645,52.669,52.702,52.734,52.775,52.812,52.84,52.868,52.897,52.919,52.943,52.971,52.996,53.033,53.059,53.094,53.122,53.15,53.184,53.22,53.256,53.297,53.334,53.379,53.416,53.45,53.5,53.544,53.584,53.637,53.684,53.739,53.799,53.858,53.946,54.02,54.102,54.202,54.315,54.472,54.652,54.899,55.634
650,@TPP,49.198,49.965,50.323,50.458,50.553,50.659,50.758,50.842,50.917,50.977,51.044,51.124,51.176,51.211,51.248,51.288,51.323,51.37,51.416,51.465,51.506,51.536,51.577,51.616,51.647,51.676,51.705,51.738,51.769,51.807,51.834,51.869,51.898,51.929,51.966,51.997,52.032,52.061,52.088,52.11,52.135,52.155,52.173,52.198,52.225,52.251,52.274,52.3,52.328,52.358,52.378,52.408,52.433,52.466,52.499,52.526,52.55,52.584,52.605,52.629,52.661,52.691,52.722,52.756,52.779,52.811,52.849,52.883,52.905,52.935,52.959,52.987,53.02,53.053,53.093,53.13,53.162,53.2,53.244,53.29,53.33,53.359,53.396,53.44,53.486,53.524,53.563,53.619,53.669,53.721,53.774,53.836,53.911,53.978,54.069,54.172,54.284,54.438,54.615,54.838,55.76
651,@TPP,49.198,49.965,50.323,50.458,50.553,50.659,50.758,50.842,50.917,50.977,51.044,51.124,51.176,51.211,51.248,51.288,51.323,51.37,51.416,51.465,51.506,51.536,51.577,51.616,51.647,51.676,51.705,51.738,51.769,51.807,51.834,51.869,51.898,51.929,51.966,51.997,52.032,52.061,52.088,52.11,52.135,52.155,52.173,52.198,52.225,52.251,52.274,52.3,52.328,52.358,52.378,52.408,52.433,52.466,52.499,52.526,52.55,52.584,52.605,52.629,52.661,52.691,52.722,52.756,52.779,52.811,52.849,52.883,52.905,52.935,52.959,52.987,53.02,53.053,53.093,53.13,53.162,53.2,53.244,53.29,53.33,53.359,53.396,53.44,53.486,53.524,53.563,53.619,53.669,53.721,53.774,53.836,53.911,53.978,54.069,54.172,54.284,54.438,54.615,54.838,55.76
652,@TPP,48.989,49.947,50.183,50.347,50.484,50.588,50.69,50.795,50.867,50.936,51.014,51.074,51.133,51.187,51.22,51.252,51.301,51.348,51.384,51.434,51.473,51.514,51.549,51.591,51.617,51.642,51.665,51.7,51.73,51.755,51.791,51.826,51.852,51.884,51.911,51.937,51.965,51.996,52.022,52.058,52.085,52.11,52.133,52.16,52.191,52.217,52.24,52.265,52.291,52.31,52.34,52.365,52.395,52.419,52.444,52.473,52.502,52.529,52.553,52.581,52.613,52.648,52.687,52.713,52.745,52.775,52.796,52.829,52.869,52.894,52.923,52.947,52.992,53.031,53.064,53.103,53.132,53.164,53.192,53.235,53.273,53.305,53.339,53.388,53.439,53.494,53.549,53.598,53.646,53.696,53.752,53.81,53.876,53.958,54.025,54.123,54.246,54.425,54.607,54.915,55.803
653,@TPP,48.989,49.947,50.183,50.347,50.484,50.588,50.69,50.795,50.867,50.936,51.014,51.074,51.133,51.187,51.22,51.252,51.301,51.348,51.384,51.434,51.473,51.514,51.549,51.591,51.617,51.642,51.665,51.7,51.73,51.755,51.791,51.826,51.852,51.884,51.911,51.937,51.965,51.996,52.022,52.058,52.085,52.11,52.133,52.16,52.191,52.217,52.24,52.265,52.291,52.31,52.34,52.365,52.395,52.419,52.444,52.473,52.502,52.529,52.553,52.581,52.613,52.648,52.687,52.713,52.745,52.775,52.796,52.829,52.869,52.894,52.923,52.947,52.992,53.031,53.064,53.103,53.132,53.164,53.192,53.235,53.273,53.305,53.339,53.388,53.439,53.494,53.549,53.598,53.646,53.696,53.752,53.81,53.876,53.958,54.025,54.123,54.246,54.425,54.607,54.915,55.803
654,@TPP,48.88,49.833,50.033,50.218,50.403,50.511,50.628,50.73,50.788,50.873,50.941,50.998,51.055,51.103,51.165,51.206,51.254,51.288,51.326,51.365,51.401,51.44,51.488,51.525,51.556,51.592,51.618,51.652,51.677,51.705,51.733,51.766,51.799,51.825,51.859,51.89,51.917,51.946,51.971,52.007,52.032,52.069,52.104,52.13,52.16,52.184,52.21,52.237,52.263,52.295,52.32,52.347,52.374,52.395,52.416,52.447,52.471,52.498,52.529,52.553,52.575,52.605,52.627,52.665,52.693,52.718,52.753,52.781,52.816,52.841,52.87,52.902,52.94,52.966,52.995,53.032,53.068,53.108,53.15,53.184,53.217,53.258,53.299,53.33,53.367,53.424,53.474,53.535,53.599,53.663,53.741,53.797,53.874,53.957,54.044,54.136,54.236,54.376,54.556,54.826,55.944
655,@TPP,48.88,49.833,50.033,50.218,50.403,50.511,50.628,50.73,50.788,50.873,50.941,50.998,51.055,51.103,51.165,51.206,51.254,51.288,51.326,51.365,51.401,51.44,51.488,51.525,51.556,51.592,51.618,51.652,51.677,51.705,51.733,51.766,51.799,51.825,51.859,51.89,51.917,51.946,51.971,52.007,52.032,52.069,52.104,52.13,52.16,52.184,52.21,52.237,52.263,52.295,52.32,52.347,52.374,52.395,52.416,52.447,52.471,52.498,52.529,52.553,52.575,52.605,52.627,52.665,52.693,52.718,52.753,52.781,52.816,52.841,52.87,52.902,52.94,52.966,52.995,53.032,53.068,53.108,53.15,53.184,53.217,53.258,53.299,53.33,53.367,53.424,53.474,53.535,53.599,53.663,53.741,53.797,53.874,53.957,54.044,54.136,54.236,54.376,54.556,54.826,55.944
656,@TPP,48.843,49.726,50.049,50.214,50.36,50.496,50.628,50.723,50.785,50.858,50.911,50.958,51.01,51.047,51.107,51.152,51.192,51.24,51.283,51.325,51.362,51.4,51.44,51.472,51.508,51.549,51.578,51.614,51.649,51.678,51.705,51.731,51.766,51.806,51.832,51.853,51.888,51.912,51.941,51.964,51.989,52.016,52.039,52.064,52.09,52.116,52.146,52.174,52.197,52.218,52.248,52.275,52.299,52.321,52.349,52.375,52.408,52.438,52.465,52.5,52.536,52.566,52.603,52.632,52.66,52.694,52.722,52.753,52.782,52.809,52.835,52.869,52.892,52.925,52.973,53.01,53.047,53.08,53.119,53.164,53.201,53.241,53.281,53.321,53.363,53.41,53.451,53.513,53.569,53.622,53.682,53.755,53.828,53.917,54.012,54.102,54.208,54.347,54.576,54.92,55.754
657,@TPP,48.843,49.726,50.049,50.214,50.36,50.496,50.628,50.723,50.785,50.858,50.911,50.958,51.01,51.047,51.107,51.152,51.192,51.24,51.283,51.325,51.362,51.4,51.44,51.472,51.508,51.549,51.578,51.614,51.649,51.678,51.705,51.731,51.766,51.806,51.832,51.853,51.888,51.912,51.941,51.964,51.989,52.016,52.039,52.064,52.09,52.116,52.146,52.174,52.197,52.218,52.248,52.275,52.299,52.321,52.349,52.375,52.408,52.438,52.465,52.5,52.536,52.566,52.603,52.632,52.66,52.694,52.722,52.753,52.782,52.809,52.835,52.869,52.892,52.925,52.973,53.01,53.047,53.08,53.119,53.164,53.201,53.241,53.281,53.321,53.363,53.41,53.451,53.513,53.569,53.622,53.682,53.755,53.828,53.917,54.012,54.102,54.208,54.347,54.576,54.92,55.754
658,@TPP,48.686,49.757,50.063,50.202,50.349,50.452,50.571,50.669,50.744,50.802,50.862,50.916,50.967,51.025,51.07,51.127,51.159,51.205,51.249,51.296,51.327,51.356,51.386,51.428,51.466,51.496,51.533,51.557,51.586,51.616,51.653,51.687,51.712,51.742,51.77,51.798,51.825,51.854,51.879,51.905,51.934,51.964,51.997,52.018,52.04,52.065,52.093,52.112,52.141,52.165,52.194,52.228,52.257,52.285,52.306,52.333,52.365,52.39,52.419,52.453,52.486,52.516,52.542,52.566,52.597,52.625,52.658,52.697,52.73,52.769,52.805,52.842,52.868,52.894,52.941,52.985,53.028,53.068,53.098,53.14,53.17,53.211,53.246,53.289,53.334,53.378,53.427,53.483,53.535,53.602,53.67,53.734,53.794,53.879,53.972,54.075,54.214,54.326,54.522,54.765,55.835
659,@TPP,48.686,49.757,50.063,50.202,50.349,50.452,50.571,50.669,50.744,50.802,50.862,50.916,50.967,51.025,51.07,51.127,51.159,51.205,51.249,51.296,51.327,51.356,51.386,51.428,51.466,51.496,51.533,51.557,51.586,51.616,51.653,51.687,51.712,51.742,51.77,51.798,51.825,51.854,51.879,51.905,51.934,51.964,51.997,52.018,52.04,52.065,52.093,52.112,52.141,52.165,52.194,52.228,52.257,52.285,52.306,52.333,52.365,52.39,52.419,52.453,52.486,52.516,52.542,52.566,52.597,52.625,52.658,52.697,52.73,52.769,52.805,52.842,52.868,52.894,52.941,52.985,53.028,53.068,53.098,53.14,53.17,53.211,53.246,53.289,53.334,53.378,53.427,53.483,53.535,53.602,53.67,53.734,53.794,53.879,53.972,54.075,54.214,54.326,54.522,54.765,55.835
660,@TPP,48.724,49.621,50.036,50.208,50.327,50.412,50.512,50.626,50.696,50.758,50.807,50.865,50.921,50.969,51.015,51.057,51.104,51.151,51.187,51.227,51.276,51.324,51.361,51.396,51.436,51.473,51.502,51.529,51.555,51.581,51.609,51.647,51.669,51.698,51.72,51.745,51.774,51.796,51.824,51.851,51.887,51.913,51.945,51.973,52.001,52.029,52.058,52.086,52.115,52.142,52.174,52.203,52.237,52.266,52.292,52.322,52.348,52.373,52.397,52.426,52.451,52.477,52.505,52.535,52.559,52.59,52.619,52.659,52.691,52.731,52.758,52.783,52.84,52.872,52.904,52.939,52.978,53.011,53.044,53.082,53.122,53.172,53.224,53.268,53.305,53.366,53.414,53.473,53.529,53.578,53.661,53.72,53.779,53.856,53.935,54.026,54.146,54.275,54.49,54.732,55.482
661,@TPP,48.724,49.621,50.036,50.208,50.327,50.412,50.512,50.626,50.696,50.758,50.807,50.865,50.921,50.969,51.015,51.057,51.104,51.151,51.187,51.227,51.276,51.324,51.361,51.396,51.436,51.473,51.502,51.529,51.555,51.581,51.609,51.647,51.669,51.698,51.72,51.745,51.774,51.796,51.824,51.851,51.887,51.913,51.945,51.973,52.001,52.029,52.058,52.086,52.115,52.142,52.174,52.203,52.237,52.266,52.292,52.322,52.348,52.373,52.397,52.426,52.451,52.477,52.505,52.535,52.559,52.59,52.619,52.659,52.691,52.731,52.758,52.783,52.84,52.872,52.904,52.939,52.978,53.011,53.044,53.082,53.122,53.172,53.224,53.268,53.305,53.366,53.414,53.473,53.529,53.578,53.661,53.72,53.779,53.856,53.935,54.026,54.146,54.275,54.49,54.732,55.482
662,@TPP,48.692,49.587,49.957,50.148,50.28,50.403,50.515,50.605,50.659,50.721,50.778,50.841,50.894,50.949,50.999,51.037,51.07,51.117,51.15,51.193,51.225,51.27,51.322,51.361,51.392,51.422,51.454,51.496,51.534,51.556,51.584,51.613,51.64,51.664,51.7,51.726,51.75,51.781,51.799,51.823,51.853,51.877,51.908,51.939,51.961,51.982,52.013,52.038,52.066,52.095,52.12,52.146,52.182,52.216,52.248,52.272,52.308,52.338,52.367,52.391,52.411,52.447,52.474,52.501,52.53,52.562,52.591,52.624,52.653,52.684,52.715,52.75,52.789,52.828,52.868,52.909,52.938,52.975,53.022,53.055,53.099,53.142,53.186,53.244,53.289,53.321,53.387,53.439,53.476,53.536,53.603,53.664,53.737,53.796,53.856,53.948,54.089,54.276,54.415,54.696,55.613
663,@TPP,48.692,49.587,49.957,50.148,50.28,50.403,50.515,50.605,50.659,50.721,50.778,50.841,50.894,50.949,50.999,51.037,51.07,51.117,51.15,51.193,51.225,51.27,51.322,51.361,51.392,51.422,51.454,51.496,51.534,51.556,51.584,51.613,51.64,51.664,51.7,51.726,51.75,51.781,51.799,51.823,51.853,51.877,51.908,51.939,51.961,51.982,52.013,52.038,52.066,52.095,52.12,52.146,52.182,52.216,52.248,52.272,52.308,52.338,52.367,52.391,52.411,52.447,52.474,52.501,52.53,52.562,52.591,52.624,52.653,52.684,52.715,52.75,52.789,52.828,52.868,52.909,52.938,52.975,53.022,53.055,53.099,53.142,53.186,53.244,53.289,53.321,53.387,53.439,53.476,53.536,53.603,53.664,53.737,53.796,53.856,53.948,54.089,54.276,54.415,54.696,55.613
664,@TPP,48.789,49.567,49.881,50.06,50.227,50.353,50.45,50.527,50.623,50.673,50.732,50.789,50.844,50.902,50.964,51.007,51.05,51.083,51.117,51.164,51.2,51.233,51.281,51.318,51.356,51.385,51.418,51.448,51.477,51.512,51.537,51.568,51.6,51.639,51.666,51.7,51.721,51.742,51.768,51.792,51.819,51.848,51.875,51.899,51.921,51.949,51.98,52.017,52.044,52.072,52.102,52.122,52.147,52.176,52.202,52.234,52.259,52.29,52.317,52.346,52.372,52.403,52.433,52.456,52.492,52.528,52.551,52.586,52.616,52.657,52.68,52.708,52.746,52.784,52.821,52.842,52.877,52.907,52.935,52.978,53.017,53.062,53.104,53.147,53.204,53.255,53.299,53.353,53.419,53.464,53.508,53.567,53.628,53.716,53.809,53.909,54.046,54.196,54.347,54.674,55.509
665,@TPP,48.789,49.567,49.881,50.06,50.227,50.353,50.45,50.527,50.623,50.673,50.732,50.789,50.844,50.902,50.964,51.007,51.05,51.083,51.117,51.164,51.2,51.233,51.281,51.318,51.356,51.385,51.418,51.448,51.477,51.512,51.537,51.568,51.6,51.639,51.666,51.7,51.721,51.742,51.768,51.792,51.819,51.848,51.875,51.899,51.921,51.949,51.98,52.017,52.044,52.072,52.102,52.122,52.147,52.176,52.202,52.234,52.259,52.29,52.317,52.346,52.372,52.403,52.433,52.456,52.492,52.528,52.551,52.586,52.616,52.657,52.68,52.708,52.746,52.784,52.821,52.842,52.877,52.907,52.935,52.978,53.017,53.062,53.104,53.147,53.204,53.255,53.299,53.353,53.419,53.464,53.508,53.567,53.628,53.716,53.809,53.909,54.046,54.196,54.347,54.674,55.509
666,@TPP,48.742,49.58,49.867,50.069,50.218,50.328,50.416,50.5,50.569,50.648,50.703,50.772,50.833,50.873,50.919,50.966,51.013,51.064,51.099,51.136,51.182,51.216,51.245,51.28,51.318,51.349,51.38,51.415,51.448,51.478,51.511,51.538,51.563,51.593,51.619,51.642,51.667,51.697,51.726,51.759,51.785,51.806,51.844,51.881,51.911,51.949,51.971,51.997,52.027,52.051,52.078,52.111,52.141,52.17,52.193,52.224,52.252,52.277,52.298,52.327,52.352,52.39,52.416,52.442,52.47,52.497,52.529,52.549,52.575,52.597,52.625,52.648,52.684,52.723,52.755,52.792,52.818,52.846,52.887,52.929,52.972,53.017,53.066,53.114,53.156,53.201,53.269,53.311,53.35,53.41,53.466,53.54,53.602,53.689,53.796,53.87,54.021,54.194,54.348,54.679,55.315
667,@TPP,48.742,49.58,49.867,50.069,50.218,50.328,50.416,50.5,50.569,50.648,50.703,50.772,50.833,50.873,50.919,50.966,51.013,51.064,51.099,51.136,51.182,51.216,51.245,51.28,51.318,51.349,51.38,51.415,51.448,51.478,51.511,51.538,51.563,51.593,51.619,51.642,51.667,51.697,51.726,51.759,51.785,51.806,51.844,51.881,51.911,51.949,51.971,51.997,52.027,52.051,52.078,52.111,52.141,52.17,52.193,52.224,52.252,52.277,52.298,52.327,52.352,52.39,52.416,52.442,52.47,52.497,52.529,52.549,52.575,52.597,52.625,52.648,52.684,52.723,52.755,52.792,52.818,52.846,52.887,52.929,52.972,53.017,53.066,53.114,53.156,53.201,53.269,53.311,53.35,53.41,53.466,53.54,53.602,53.689,53.796,53.87,54.021,54.194,54.348,54.679,55.315
668,@TPP,48.41,49.556,49.871,50.076,50.208,50.341,50.418,50.491,50.557,50.615,50.679,50.744,50.79,50.836,50.882,50.917,50.967,51.009,51.04,51.076,51.105,51.149,51.179,51.222,51.252,51.286,51.312,51.343,51.388,51.425,51.456,51.487,51.519,51.544,51.579,51.609,51.639,51.672,51.71,51.742,51.77,51.797,51.82,51.843,51.87,51.898,51.935,51.961,51.987,52.018,52.042,52.071,52.097,52.118,52.149,52.17,52.196,52.219,52.242,52.276,52.308,52.327,52.352,52.376,52.405,52.431,52.462,52.486,52.517,52.544,52.568,52.601,52.647,52.679,52.717,52.75,52.787,52.826,52.864,52.897,52.93,52.976,53.015,53.056,53.101,53.164,53.205,53.246,53.304,53.376,53.438,53.516,53.592,53.671,53.751,53.825,53.953,54.09,54.251,54.513,55.217
669,@TPP,48.41,49.556,49.871,50.076,50.208,50.341,50.418,50.491,50.557,50.615,50.679,50.744,50.79,50.836,50.882,50.917,50.967,51.009,51.04,51.076,51.105,51.149,51.179,51.222,51.252,51.286,51.312,51.343,51.388,51.425,51.456,51.487,51.519,51.544,51.579,51.609,51.639,51.672,51.71,51.742,51.77,51.797,51.82,51.843,51.87,51.898,51.935,51.961,51.987,52.018,52.042,52.071,52.097,52.118,52.149,52.17,52.196,52.219,52.242,52.276,52.308,52.327,52.352,52.376,52.405,52.431,52.462,52.486,52.517,52.544,52.568,52.601,52.647,52.679,52.717,52.75,52.787,52.826,52.864,52.897,52.93,52.976,53.015,53.056,53.101,53.164,53.205,53.246,53.304,53.376,53.438,53.516,53.592,53.671,53.751,53.825,53.953,54.09,54.251,54.513,55.217
670,@TPP,48.488,49.488,49.88,50.044,50.162,50.253,50.354,50.433,50.506,50.581,50.631,50.682,50.743,50.79,50.839,50.885,50.926,50.966,51.019,51.058,51.09,51.122,51.168,51.199,51.234,51.269,51.299,51.336,51.366,51.392,51.423,51.451,51.481,51.511,51.546,51.572,51.615,51.641,51.671,51.699,51.73,51.752,51.784,51.805,51.835,51.865,51.894,51.934,51.96,51.992,52.021,52.05,52.076,52.108,52.136,52.161,52.188,52.219,52.245,52.283,52.314,52.344,52.37,52.397,52.424,52.45,52.482,52.51,52.538,52.572,52.612,52.652,52.687,52.717,52.751,52.786,52.818,52.853,52.887,52.931,52.973,53.018,53.052,53.105,53.153,53.193,53.231,53.292,53.336,53.388,53.457,53.536,53.598,53.687,53.793,53.873,54.028,54.145,54.367,54.625,55.427
671,@TPP,48.488,49.488,49.88,50.044,50.162,50.253,50.354,50.433,50.506,50.581,50.631,50.682,50.743,50.79,50.839,50.885,50.926,50.966,51.019,51.058,51.09,51.122,51.168,51.199,51.234,51.269,51.299,51.336,51.366,51.392,51.423,51.451,51.481,51.511,51.546,51.572,51.615,51.641,51.671,51.699,51.73,51.752,51.784,51.805,51.835,51.865,51.894,51.934,51.96,51.992,52.021,52.05,52.076,52.108,52.136,52.161,52.188,52.219,52.245,52.283,52.314,52.344,52.37,52.397,52.424,52.45,52.482,52.51,52.538,52.572,52.612,52.652,52.687,52.717,52.751,52.786,52.818,52.853,52.887,52.931,52.973,53.018,53.052,53.105,53.153,53.193,53.231,53.292,53.336,53.388,53.457,53.536,53.598,53.687,53.793,53.873,54.028,54.145,54.367,54.625,55.427
672,@TPP,48.401,49.475,49.758,49.973,50.116,50.247,50.343,50.417,50.486,50.538,50.6,50.672,50.727,50.78,50.848,50.898,50.947,50.987,51.016,51.047,51.089,51.114,51.148,51.185,51.216,51.255,51.287,51.323,51.355,51.394,51.426,51.465,51.502,51.524,51.564,51.585,51.612,51.647,51.677,51.702,51.732,51.763,51.796,51.825,51.863,51.893,51.918,51.945,51.974,52.003,52.026,52.053,52.084,52.119,52.148,52.176,52.198,52.227,52.259,52.295,52.325,52.356,52.389,52.413,52.445,52.477,52.502,52.532,52.562,52.593,52.627,52.665,52.711,52.739,52.771,52.802,52.84,52.873,52.913,52.961,52.994,53.033,53.067,53.106,53.16,53.211,53.262,53.326,53.391,53.457,53.501,53.563,53.643,53.724,53.819,53.921,54.046,54.179,54.396,54.702,55.547
673,@TPP,48.401,49.475,49.758,49.973,50.116,50.247,50.343,50.417,50.486,50.538,50.6,50.672,50.727,50.78,50.848,50.898,50.947,50.987,51.016,51.047,51.089,51.114,51.148,51.185,51.216,51.255,51.287,51.323,51.355,51.394,51.426,51.465,51.502,51.524,51.564,51.585,51.612,51.647,51.677,51.702,51.732,51.763,51.796,51.825,51.863,51.893,51.918,51.945,51.974,52.003,52.026,52.053,52.084,52.119,52.148,52.176,52.198,52.227,52.259,52.295,52.325,52.356,52.389,52.413,52.445,52.477,52.502,52.532,52.562,52.593,52.627,52.665,52.711,52.739,52.771,52.802,52.84,52.873,52.913,52.961,52.994,53.033,53.067,53.106,53.16,53.211,53.262,53.326,53.391,53.457,53.501,53.563,53.643,53.724,53.819,53.921,54.046,54.179,54.396,54.702,55.547
674,@TPP,48.614,49.408,49.693,49.89,50.032,50.194,50.315,50.387,50.471,50.552,50.602,50.683,50.728,50.779,50.827,50.893,50.929,50.962,50.994,51.032,51.072,51.096,51.138,51.182,51.215,51.253,51.283,51.322,51.362,51.393,51.421,51.456,51.496,51.531,51.562,51.587,51.618,51.642,51.676,51.699,51.727,51.756,51.782,51.826,51.859,51.889,51.916,51.941,51.968,51.995,52.026,52.052,52.093,52.122,52.142,52.167,52.201,52.236,52.264,52.297,52.32,52.353,52.379,52.409,52.435,52.469,52.505,52.537,52.571,52.606,52.636,52.669,52.695,52.728,52.772,52.812,52.843,52.879,52.911,52.965,53.012,53.06,53.115,53.158,53.197,53.25,53.307,53.369,53.422,53.477,53.561,53.621,53.677,53.762,53.852,53.938,54.085,54.2,54.404,54.808,55.577
675,@TPP,48.614,49.408,49.693,49.89,50.032,50.194,50.315,50.387,50.471,50.552,50.602,50.683,50.728,50.779,50.827,50.893,50.929,50.962,50.994,51.032,51.072,51.096,51.138,51.182,51.215,51.253,51.283,51.322,51.362,51.393,51.421,51.456,51.496,51.531,51.562,51.587,51.618,51.642,51.676,51.699,51.727,51.756,51.782,51.826,51.859,51.889,51.916,51.941,51.968,51.995,52.026,52.052,52.093,52.122,52.142,52.167,52.201,52.236,52.264,52.297,52.32,52.353,52.379,52.409,52.435,52.469,52.505,52.537,52.571,52.606,52.636,52.669,52.695,52.728,52.772,52.812,52.843,52.879,52.911,52.965,53.012,53.06,53.115,53.158,53.197,53.25,53.307,53.369,53.422,53.477,53.561,53.621,53.677,53.762,53.852,53.938,54.085,54.2,54.404,54.808,55.577
676,@TPP,48.591,49.385,49.675,49.849,49.995,50.108,50.214,50.3,50.383,50.491,50.571,50.634,50.68,50.733,50.784,50.84,50.876,50.936,50.978,51.007,51.052,51.094,51.14,51.183,51.219,51.254,51.284,51.316,51.35,51.389,51.416,51.448,51.476,51.524,51.555,51.574,51.603,51.627,51.666,51.695,51.729,51.763,51.79,51.821,51.847,51.879,51.912,51.941,51.962,51.992,52.014,52.042,52.071,52.106,52.143,52.173,52.208,52.234,52.265,52.292,52.322,52.354,52.381,52.417,52.446,52.483,52.514,52.541,52.572,52.598,52.625,52.657,52.689,52.724,52.759,52.801,52.848,52.888,52.936,52.974,53.019,53.055,53.101,53.169,53.221,53.273,53.331,53.403,53.463,53.523,53.568,53.624,53.702,53.772,53.863,53.966,54.1,54.27,54.504,54.816,55.539
677,@TPP,48.591,49.385,49.675,49.849,49.995,50.108,50.214,50.3,50.383,50.491,50.571,50.634,50.68,50.733,50.784,50.84,50.876,50.936,50.978,51.007,51.052,51.094,51.14,51.183,51.219,51.254,51.284,51.316,51.35,51.389,51.416,51.448,51.476,51.524,51.555,51.574,51.603,51.627,51.666,51.695,51.729,51.763,51.79,51.821,51.847,51.879,51.912,51.941,51.962,51.992,52.014,52.042,52.071,52.106,52.143,52.173,52.208,52.234,52.265,52.292,52.322,52.354,52.381,52.417,52.446,52.483,52.514,52.541,52.572,52.598,52.625,52.657,52.689,52.724,52.759,52.801,52.848,52.888,52.936,52.974,53.019,53.055,53.101,53.169,53.221,53.273,53.331,53.403,53.463,53.523,53.568,53.624,53.702,53.772,53.863,53.966,54.1,54.27,54.504,54.816,55.539
678,@TPP,48.369,49.331,49.642,49.806,49.992,50.133,50.194,50.283,50.373,50.464,50.532,50.6,50.65,50.698,50.755,50.811,50.869,50.911,50.952,50.991,51.027,51.073,51.126,51.176,51.214,51.253,51.286,51.322,51.348,51.381,51.421,51.456,51.486,51.515,51.544,51.578,51.611,51.637,51.66,51.697,51.728,51.749,51.797,51.826,51.855,51.884,51.91,51.937,51.964,51.993,52.02,52.052,52.085,52.116,52.143,52.177,52.204,52.24,52.271,52.296,52.325,52.355,52.385,52.417,52.446,52.474,52.502,52.545,52.577,52.603,52.63,52.658,52.699,52.731,52.761,52.789,52.833,52.866,52.917,52.952,53.002,53.06,53.12,53.171,53.228,53.276,53.327,53.399,53.448,53.517,53.594,53.673,53.737,53.821,53.895,53.993,54.117,54.259,54.507,54.809,55.822
679,@TPP,48.369,49.331,49.642,49.806,49.992,50.133,50.194,50.283,50.373,50.464,50.532,50.6,50.65,50.698,50.755,50.811,50.869,50.911,50.952,50.991,51.027,51.073,51.126,51.176,51.214,51.253,51.286,51.322,51.348,51.381,51.421,51.456,51.486,51.515,51.544,51.578,51.611,51.637,51.66,51.697,51.728,51.749,51.797,51.826,51.855,51.884,51.91,51.937,51.964,51.993,52.02,52.052,52.085,52.116,52.143,52.177,52.204,52.24,52.271,52.296,52.325,52.355,52.385,52.417,52.446,52.474,52.502,52.545,52.577,52.603,52.63,52.658,52.699,52.731,52.761,52.789,52.833,52.866,52.917,52.952,53.002,53.06,53.12,53.171,53.228,53.276,53.327,53.399,53.448,53.517,53.594,53.673,53.737,53.821,53.895,53.993,54.117,54.259,54.507,54.809,55.822
680,@TPP,48.613,49.308,49.535,49.813,49.968,50.075,50.162,50.26,50.35,50.42,50.498,50.573,50.628,50.682,50.742,50.793,50.836,50.871,50.922,50.963,51.015,51.057,51.095,51.145,51.186,51.231,51.257,51.306,51.337,51.386,51.414,51.447,51.498,51.529,51.567,51.599,51.626,51.656,51.687,51.711,51.743,51.774,51.799,51.833,51.857,51.886,51.924,51.959,51.979,52.004,52.031,52.075,52.098,52.124,52.149,52.177,52.208,52.238,52.262,52.285,52.312,52.348,52.386,52.416,52.449,52.485,52.511,52.549,52.583,52.626,52.665,52.696,52.726,52.757,52.797,52.839,52.88,52.918,52.96,53.001,53.048,53.097,53.145,53.182,53.236,53.286,53.333,53.398,53.458,53.526,53.598,53.668,53.743,53.803,53.91,54.02,54.138,54.29,54.538,54.877,55.734
681,@TPP,48.613,49.308,49.535,49.813,49.968,50.075,50.162,50.26,50.35,50.42,50.498,50.573,50.628,50.682,50.742,50.793,50.836,50.871,50.922,50.963,51.015,51.057,51.095,51.145,51.186,51.231,51.257,51.306,51.337,51.386,51.414,51.447,51.498,51.529,51.567,51.599,51.626,51.656,51.687,51.711,51.743,51.774,51.799,51.833,51.857,51.886,51.924,51.959,51.979,52.004,52.031,52.075,52.098,52.124,52.149,52.177,52.208,52.238,52.262,52.285,52.312,52.348,52.386,52.416,52.449,52.485,52.511,52.549,52.583,52.626,52.665,52.696,52.726,52.757,52.797,52.839,52.88,52.918,52.96,53.001,53.048,53.097,53.145,53.182,53.236,53.286,53.333,53.398,53.458,53.526,53.598,53.668,53.743,53.803,53.91,54.02,54.138,54.29,54.538,54.877,55.734
682,@TPP,48.619,49.305,49.564,49.741,49.895,50.046,50.151,50.265,50.361,50.426,50.49,50.542,50.629,50.689,50.741,50.794,50.845,50.905,50.95,50.998,51.038,51.073,51.105,51.147,51.184,51.221,51.262,51.3,51.332,51.373,51.41,51.448,51.49,51.517,51.543,51.58,51.614,51.642,51.675,51.707,51.74,51.769,51.792,51.814,51.842,51.875,51.903,51.941,51.967,51.995,52.024,52.052,52.081,52.113,52.144,52.177,52.219,52.245,52.272,52.302,52.331,52.361,52.396,52.423,52.447,52.474,52.511,52.544,52.582,52.612,52.65,52.688,52.722,52.762,52.799,52.844,52.885,52.946,52.991,53.027,53.064,53.11,53.16,53.214,53.276,53.321,53.364,53.429,53.489,53.568,53.638,53.704,53.778,53.856,53.95,54.067,54.163,54.324,54.519,54.877,55.804
683,@TPP,48.619,49.305,49.564,49.741,49.895,50.046,50.151,50.265,50.361,50.426,50.49,50.542,50.629,50.689,50.741,50.794,50.845,50.905,50.95,50.998,51.038,51.073,51.105,51.147,51.184,51.221,51.262,51.3,51.332,51.373,51.41,51.448,51.49,51.517,51.543,51.58,51.614,51.642,51.675,51.707,51.74,51.769,51.792,51.814,51.842,51.875,51.903,51.941,51.967,51.995,52.024,52.052,52.081,52.113,52.144,52.177,52.219,52.245,52.272,52.302,52.331,52.361,52.396,52.423,52.447,52.474,52.511,52.544,52.582,52.612,52.65,52.688,52.722,52.762,52.799,52.844,52.885,52.946,52.991,53.027,53.064,53.11,53.16,53.214,53.276,53.321,53.364,53.429,53.489,53.568,53.638,53.704,53.778,53.856,53.95,54.067,54.163,54.324,54.519,54.877,55.804
684,@TPP,48.42,49.207,49.575,49.823,49.975,50.109,50.213,50.277,50.332,50.405,50.462,50.531,50.582,50.637,50.699,50.769,50.822,50.867,50.926,50.961,51.013,51.076,51.12,51.163,51.204,51.251,51.29,51.325,51.357,51.389,51.418,51.45,51.487,51.52,51.548,51.583,51.608,51.631,51.661,51.686,51.714,51.735,51.761,51.793,51.825,51.855,51.887,51.912,51.942,51.968,51.996,52.03,52.059,52.097,52.133,52.162,52.188,52.218,52.251,52.282,52.318,52.357,52.387,52.412,52.444,52.477,52.509,52.561,52.594,52.621,52.659,52.694,52.731,52.766,52.799,52.848,52.879,52.918,52.956,53.0,53.04,53.089,53.152,53.196,53.244,53.3,53.347,53.403,53.485,53.555,53.611,53.692,53.784,53.862,53.97,54.074,54.217,54.375,54.554,54.88,55.704
685,@TPP,48.42,49.207,49.575,49.823,49.975,50.109,50.213,50.277,50.332,50.405,50.462,50.531,50.582,50.637,50.699,50.769,50.822,50.867,50.926,50.961,51.013,51.076,51.12,51.163,51.204,51.251,51.29,51.325,51.357,51.389,51.418,51.45,51.487,51.52,51.548,51.583,51.608,51.631,51.661,51.686,51.714,51.735,51.761,51.793,51.825,51.855,51.887,51.912,51.942,51.968,51.996,52.03,52.059,52.097,52.133,52.162,52.188,52.218,52.251,52.282,52.318,52.357,52.387,52.412,52.444,52.477,52.509,52.561,52.594,52.621,52.659,52.694,52.731,52.766,52.799,52.848,52.879,52.918,52.956,53.0,53.04,53.089,53.152,53.196,53.244,53.3,53.347,53.403,53.485,53.555,53.611,53.692,53.784,53.862,53.97,54.074,54.217,54.375,54.554,54.88,55.704
686,@TPP,48.168,49.168,49.633,49.856,49.998,50.079,50.156,50.234,50.326,50.39,50.469,50.538,50.584,50.649,50.69,50.755,50.81,50.876,50.932,51.006,51.052,51.1,51.134,51.173,51.202,51.229,51.262,51.296,51.325,51.36,51.392,51.423,51.453,51.481,51.517,51.549,51.585,51.621,51.652,51.68,51.711,51.746,51.774,51.805,51.837,51.875,51.916,51.932,51.96,51.984,52.019,52.048,52.073,52.106,52.134,52.162,52.204,52.234,52.252,52.282,52.317,52.347,52.378,52.412,52.442,52.48,52.512,52.546,52.584,52.637,52.664,52.698,52.73,52.764,52.806,52.846,52.881,52.921,52.966,53.014,53.054,53.091,53.132,53.193,53.232,53.291,53.353,53.423,53.486,53.558,53.62,53.699,53.784,53.888,53.994,54.093,54.228,54.399,54.619,54.939,55.998
687,@TPP,48.168,49.168,49.633,49.856,49.998,50.079,50.156,50.234,50.326,50.39,50.469,50.538,50.584,50.649,50.69,50.755,50.81,50.876,50.932,51.006,51.052,51.1,51.134,51.173,51.202,51.229,51.262,51.296,51.325,51.36,51.392,51.423,51.453,51.481,51.517,51.549,51.585,51.621,51.652,51.68,51.711,51.746,51.774,51.805,51.837,51.875,51.916,51.932,51.96,51.984,52.019,52.048,52.073,52.106,52.134,52.162,52.204,52.234,52.252,52.282,52.317,52.347,52.378,52.412,52.442,52.48,52.512,52.546,52.584,52.637,52.664,52.698,52.73,52.764,52.806,52.846,52.881,52.921,52.966,53.014,53.054,53.091,53.132,53.193,53.232,53.291,53.353,53.423,53.486,53.558,53.62,53.699,53.784,53.888,53.994,54.093,54.228,54.399,54.619,54.939,55.998
688,@TPP,47.99,49.271,49.62,49.826,49.945,50.045,50.151,50.251,50.323,50.418,50.473,50.547,50.61,50.676,50.727,50.785,50.831,50.883,50.93,50.972,51.01,51.05,51.091,51.134,51.172,51.209,51.237,51.279,51.309,51.352,51.382,51.415,51.441,51.478,51.509,51.546,51.583,51.607,51.635,51.669,51.711,51.738,51.774,51.802,51.828,51.857,51.89,51.924,51.957,51.985,52.021,52.047,52.073,52.103,52.129,52.168,52.203,52.241,52.274,52.306,52.334,52.358,52.39,52.418,52.444,52.476,52.519,52.555,52.592,52.627,52.658,52.704,52.732,52.768,52.806,52.839,52.876,52.926,52.97,53.01,53.057,53.103,53.134,53.19,53.246,53.291,53.34,53.396,53.456,53.537,53.626,53.699,53.772,53.87,53.971,54.093,54.216,54.38,54.605,54.888,55.841
689,@TPP,47.99,49.271,49.62,49.826,49.945,50.045,50.151,50.251,50.323,50.418,50.473,50.547,50.61,50.676,50.727,50.785,50.831,50.883,50.93,50.972,51.01,51.05,51.091,51.134,51.172,51.209,51.237,51.279,51.309,51.352,51.382,51.415,51.441,51.478,51.509,51.546,51.583,51.607,51.635,51.669,51.711,51.738,51.774,51.802,51.828,51.857,51.89,51.924,51.957,51.985,52.021,52.047,52.073,52.103,52.129,52.168,52.203,52.241,52.274,52.306,52.334,52.358,52.39,52.418,52.444,52.476,52.519,52.555,52.592,52.627,52.658,52.704,52.732,52.768,52.806,52.839,52.876,52.926,52.97,53.01,53.057,53.103,53.134,53.19,53.246,53.291,53.34,53.396,53.456,53.537,53.626,53.699,53.772,53.87,53.971,54.093,54.216,54.38,54.605,54.888,55.841
690,@TPP,48.127,49.262,49.581,49.769,49.944,50.081,50.183,50.269,50.336,50.427,50.479,50.565,50.625,50.665,50.72,50.772,50.816,50.857,50.918,50.967,51.009,51.047,51.092,51.125,51.165,51.199,51.232,51.264,51.308,51.351,51.383,51.42,51.461,51.491,51.52,51.544,51.579,51.613,51.648,51.683,51.72,51.745,51.772,51.815,51.847,51.871,51.904,51.935,51.97,52.0,52.034,52.067,52.099,52.129,52.158,52.188,52.215,52.252,52.285,52.315,52.349,52.379,52.415,52.445,52.478,52.522,52.552,52.577,52.609,52.634,52.672,52.706,52.735,52.784,52.824,52.857,52.888,52.917,52.957,53.01,53.058,53.099,53.149,53.193,53.245,53.307,53.368,53.417,53.487,53.549,53.619,53.693,53.767,53.884,53.992,54.13,54.245,54.411,54.59,54.979,56.058
691,@TPP,48.127,49.262,49.581,49.769,49.944,50.081,50.183,50.269,50.336,50.427,50.479,50.565,50.625,50.665,50.72,50.772,50.816,50.857,50.918,50.967,51.009,51.047,51.092,51.125,51.165,51.199,51.232,51.264,51.308,51.351,51.383,51.42,51.461,51.491,51.52,51.544,51.579,51.613,51.648,51.683,51.72,51.745,51.772,51.815,51.847,51.871,51.904,51.935,51.97,52.0,52.034,52.067,52.099,52.129,52.158,52.188,52.215,52.252,52.285,52.315,52.349,52.379,52.415,52.445,52.478,52.522,52.552,52.577,52.609,52.634,52.672,52.706,52.735,52.784,52.824,52.857,52.888,52.917,52.957,53.01,53.058,53.099,53.149,53.193,53.245,53.307,53.368,53.417,53.487,53.549,53.619,53.693,53.767,53.884,53.992,54.13,54.245,54.411,54.59,54.979,56.058
692,@TPP,48.189,49.268,49.591,49.817,49.934,50.076,50.195,50.269,50.351,50.419,50.508,50.574,50.626,50.691,50.752,50.806,50.857,50.898,50.96,50.998,51.029,51.06,51.099,51.129,51.172,51.216,51.25,51.279,51.319,51.36,51.398,51.438,51.486,51.518,51.545,51.582,51.616,51.64,51.674,51.701,51.73,51.764,51.796,51.824,51.86,51.89,51.918,51.949,51.984,52.013,52.04,52.064,52.089,52.114,52.142,52.167,52.198,52.233,52.263,52.291,52.328,52.36,52.393,52.434,52.483,52.518,52.549,52.584,52.619,52.65,52.698,52.732,52.768,52.802,52.838,52.875,52.914,52.952,52.997,53.025,53.067,53.111,53.153,53.209,53.251,53.308,53.355,53.424,53.475,53.537,53.605,53.669,53.765,53.855,53.947,54.059,54.184,54.361,54.623,54.914,56.181
693,@TPP,48.189,49.268,49.591,49.817,49.934,50.076,50.195,50.269,50.351,50.419,50.508,50.574,50.626,50.691,50.752,50.806,50.857,50.898,50.96,50.998,51.029,51.06,51.099,51.129,51.172,51.216,51.25,51.279,51.319,51.36,51.398,51.438,51.486,51.518,51.545,51.582,51.616,51.64,51.674,51.701,51.73,51.764,51.796,51.824,51.86,51.89,51.918,51.949,51.984,52.013,52.04,52.064,52.089,52.114,52.142,52.167,52.198,52.233,52.263,52.291,52.328,52.36,52.393,52.434,52.483,52.518,52.549,52.584,52.619,52.65,52.698,52.732,52.768,52.802,52.838,52.875,52.914,52.952,52.997,53.025,53.067,53.111,53.153,53.209,53.251,53.308,53.355,53.424,53.475,53.537,53.605,53.669,53.765,53.855,53.947,54.059,54.184,54.361,54.623,54.914,56.181
694,@TPP,48.162,49.246,49.599,49.78,49.918,50.102,50.218,50.312,50.404,50.493,50.551,50.593,50.65,50.692,50.752,50.812,50.859,50.901,50.934,50.977,51.011,51.061,51.097,51.138,51.181,51.223,51.253,51.289,51.325,51.354,51.387,51.436,51.468,51.498,51.536,51.564,51.596,51.632,51.666,51.702,51.737,51.768,51.804,51.836,51.871,51.9,51.935,51.969,51.996,52.03,52.057,52.091,52.113,52.133,52.165,52.195,52.228,52.252,52.286,52.316,52.344,52.374,52.405,52.438,52.473,52.51,52.543,52.572,52.613,52.651,52.691,52.726,52.759,52.785,52.822,52.857,52.903,52.946,53.001,53.035,53.083,53.129,53.183,53.23,53.283,53.339,53.383,53.42,53.464,53.528,53.593,53.663,53.749,53.827,53.904,54.036,54.178,54.378,54.615,54.925,56.279
695,@TPP,48.162,49.246,49.599,49.78,49.918,50.102,50.218,50.312,50.404,50.493,50.551,50.593,50.65,50.692,50.752,50.812,50.859,50.901,50.934,50.977,51.011,51.061,51.097,51.138,51.181,51.223,51.253,51.289,51.325,51.354,51.387,51.436,51.468,51.498,51.536,51.564,51.596,51.632,51.666,51.702,51.737,51.768,51.804,51.836,51.871,51.9,51.935,51.969,51.996,52.03,52.057,52.091,52.113,52.133,52.165,52.195,52.228,52.252,52.286,52.316,52.344,52.374,52.405,52.438,52.473,52.51,52.543,52.572,52.613,52.651,52.691,52.726,52.759,52.785,52.822,52.857,52.903,52.946,53.001,53.035,53.083,53.129,53.183,53.23,53.283,53.339,53.383,53.42,53.464,53.528,53.593,53.663,53.749,53.827,53.904,54.036,54.178,54.378,54.615,54.925,56.279
696,@TPP,48.343,49.292,49.553,49.78,50.004,50.132,50.226,50.324,50.405,50.475,50.539,50.612,50.658,50.713,50.766,50.8,50.848,50.891,50.936,50.972,51.018,51.062,51.097,51.133,51.19,51.234,51.27,51.304,51.335,51.357,51.387,51.422,51.455,51.499,51.533,51.576,51.615,51.645,51.682,51.712,51.742,51.774,51.802,51.839,51.868,51.901,51.926,51.959,51.984,52.009,52.04,52.066,52.09,52.115,52.152,52.19,52.213,52.244,52.28,52.314,52.349,52.373,52.412,52.443,52.478,52.514,52.548,52.584,52.617,52.663,52.689,52.718,52.757,52.804,52.84,52.864,52.9,52.951,53.004,53.038,53.086,53.127,53.171,53.206,53.267,53.322,53.389,53.434,53.483,53.522,53.597,53.659,53.733,53.795,53.903,53.985,54.177,54.393,54.614,55.018,56.111
697,@TPP,48.343,49.292,49.553,49.78,50.004,50.132,50.226,50.324,50.405,50.475,50.539,50.612,50.658,50.713,50.766,50.8,50.848,50.891,50.936,50.972,51.018,51.062,51.097,51.133,51.19,51.234,51.27,51.304,51.335,51.357,51.387,51.422,51.455,51.499,51.533,51.576,51.615,51.645,51.682,51.712,51.742,51.774,51.802,51.839,51.868,51.901,51.926,51.959,51.984,52.009,52.04,52.066,52.09,52.115,52.152,52.19,52.213,52.244,52.28,52.314,52.349,52.373,52.412,52.443,52.478,52.514,52.548,52.584,52.617,52.663,52.689,52.718,52.757,52.804,52.84,52.864,52.9,52.951,53.004,53.038,53.086,53.127,53.171,53.206,53.267,53.322,53.389,53.434,53.483,53.522,53.597,53.659,53.733,53.795,53.903,53.985,54.177,54.393,54.614,55.018,56.111
698,@TPP,48.291,49.302,49.691,49.882,50.039,50.157,50.24,50.331,50.403,50.469,50.54,50.606,50.681,50.723,50.777,50.818,50.862,50.898,50.938,50.977,51.018,51.061,51.107,51.143,51.185,51.22,51.254,51.299,51.34,51.386,51.416,51.451,51.485,51.515,51.537,51.572,51.613,51.641,51.681,51.706,51.739,51.773,51.805,51.832,51.864,51.891,51.911,51.941,51.962,51.996,52.02,52.048,52.084,52.119,52.155,52.186,52.213,52.252,52.274,52.312,52.351,52.393,52.426,52.454,52.484,52.528,52.563,52.595,52.626,52.654,52.689,52.718,52.76,52.8,52.834,52.879,52.924,52.962,52.995,53.054,53.099,53.13,53.179,53.227,53.268,53.311,53.368,53.422,53.474,53.536,53.606,53.659,53.74,53.799,53.87,53.972,54.121,54.274,54.604,54.942,55.995
699,@TPP,48.291,49.302,49.691,49.882,50.039,50.157,50.24,50.331,50.403,50.469,50.54,50.606,50.681,50.723,50.777,50.818,50.862,50.898,50.938,50.977,51.018,51.061,51.107,51.143,51.185,51.22,51.254,51.299,51.34,51.386,51.416,51.451,51.485,51.515,51.537,51.572,51.613,51.641,51.681,51.706,51.739,51.773,51.805,51.832,51.864,51.891,51.911,51.941,51.962,51.996,52.02,52.048,52.084,52.119,52.155,52.186,52.213,52.252,52.274,52.312,52.351,52.393,52.426,52.454,52.484,52.528,52.563,52.595,52.626,52.654,52.689,52.718,52.76,52.8,52.834,52.879,52.924,52.962,52.995,53.054,53.099,53.13,53.179,53.227,53.268,53.311,53.368,53.422,53.474,53.536,53.606,53.659,53.74,53.799,53.87,53.972,54.121,54.274,54.604,54.942,55.995
700,@TPP,48.46,49.303,49.609,49.821,50.0,50.108,50.248,50.337,50.414,50.499,50.57,50.631,50.688,50.751,50.796,50.865,50.899,50.944,50.997,51.029,51.07,51.128,51.174,51.208,51.232,51.258,51.298,51.339,51.358,51.393,51.422,51.449,51.483,51.517,51.557,51.585,51.619,51.641,51.679,51.714,51.741,51.771,51.799,51.841,51.866,51.893,51.922,51.956,51.993,52.016,52.042,52.074,52.1,52.121,52.152,52.176,52.203,52.254,52.294,52.335,52.362,52.388,52.412,52.438,52.465,52.506,52.531,52.571,52.604,52.637,52.671,52.7,52.737,52.767,52.811,52.841,52.874,52.915,52.959,53.004,53.042,53.081,53.134,53.177,53.218,53.277,53.333,53.37,53.437,53.498,53.551,53.621,53.709,53.784,53.868,54.015,54.157,54.324,54.539,54.845,56.029
701,@TPP,48.46,49.303,49.609,49.821,50.0,50.108,50.248,50.337,50.414,50.499,50.57,50.631,50.688,50.751,50.796,50.865,50.899,50.944,50.997,51.029,51.07,51.128,51.174,51.208,51.232,51.258,51.298,51.339,51.358,51.393,51.422,51.449,51.483,51.517,51.557,51.585,51.619,51.641,51.679,51.714,51.741,51.771,51.799,51.841,51.866,51.893,51.922,51.956,51.993,52.016,52.042,52.074,52.1,52.121,52.152,52.176,52.203,52.254,52.294,52.335,52.362,52.388,52.412,52.438,52.465,52.506,52.531,52.571,52.604,52.637,52.671,52.7,52.737,52.767,52.811,52.841,52.874,52.915,52.959,53.004,53.042,53.081,53.134,53.177,53.218,53.277,53.333,53.37,53.437,53.498,53.551,53.621,53.709,53.784,53.868,54.015,54.157,54.324,54.539,54.845,56.029
702,@TPP,48.59,49.333,49.661,49.884,50.005,50.161,50.24,50.339,50.41,50.484,50.533,50.604,50.681,50.738,50.791,50.833,50.887,50.926,50.976,51.033,51.059,51.107,51.149,51.191,51.223,51.261,51.295,51.327,51.369,51.401,51.425,51.459,51.493,51.53,51.564,51.592,51.628,51.659,51.697,51.72,51.744,51.78,51.804,51.834,51.857,51.884,51.91,51.941,51.973,51.994,52.023,52.045,52.069,52.105,52.135,52.157,52.19,52.223,52.25,52.285,52.324,52.351,52.382,52.409,52.443,52.474,52.503,52.541,52.574,52.605,52.647,52.677,52.722,52.756,52.79,52.831,52.869,52.904,52.94,52.987,53.032,53.072,53.112,53.162,53.208,53.274,53.35,53.394,53.449,53.502,53.57,53.649,53.733,53.818,53.915,54.006,54.144,54.303,54.525,54.848,55.825
703,@TPP,48.59,49.333,49.661,49.884,50.005,50.161,50.24,50.339,50.41,50.484,50.533,50.604,50.681,50.738,50.791,50.833,50.887,50.926,50.976,51.033,51.059,51.107,51.149,51.191,51.223,51.261,51.295,51.327,51.369,51.401,51.425,51.459,51.493,51.53,51.564,51.592,51.628,51.659,51.697,51.72,51.744,51.78,51.804,51.834,51.857,51.884,51.91,51.941,51.973,51.994,52.023,52.045,52.069,52.105,52.135,52.157,52.19,52.223,52.25,52.285,52.324,52.351,52.382,52.409,52.443,52.474,52.503,52.541,52.574,52.605,52.647,52.677,52.722,52.756,52.79,52.831,52.869,52.904,52.94,52.987,53.032,53.072,53.112,53.162,53.208,53.274,53.35,53.394,53.449,53.502,53.57,53.649,53.733,53.818,53.915,54.006,54.144,54.303,54.525,54.848,55.825
704,@TPP,48.471,49.456,49.746,49.92,50.087,50.185,50.272,50.37,50.433,50.514,50.573,50.627,50.687,50.741,50.802,50.84,50.886,50.938,50.976,51.02,51.073,51.107,51.138,51.174,51.216,51.261,51.302,51.335,51.369,51.402,51.436,51.469,51.506,51.54,51.575,51.61,51.645,51.68,51.707,51.738,51.771,51.803,51.831,51.867,51.892,51.921,51.953,51.978,52.01,52.031,52.064,52.093,52.124,52.154,52.181,52.205,52.228,52.258,52.29,52.313,52.347,52.374,52.4,52.432,52.46,52.492,52.528,52.559,52.591,52.631,52.657,52.699,52.735,52.765,52.797,52.833,52.872,52.902,52.933,52.974,53.009,53.055,53.108,53.155,53.189,53.249,53.309,53.365,53.418,53.491,53.563,53.638,53.727,53.816,53.928,54.034,54.151,54.302,54.498,54.858,56.056
705,@TPP,48.471,49.456,49.746,49.92,50.087,50.185,50.272,50.37,50.433,50.514,50.573,50.627,50.687,50.741,50.802,50.84,50.886,50.938,50.976,51.02,51.073,51.107,51.138,51.174,51.216,51.261,51.302,51.335,51.369,51.402,51.436,51.469,51.506,51.54,51.575,51.61,51.645,51.68,51.707,51.738,51.771,51.803,51.831,51.867,51.892,51.921,51.953,51.978,52.01,52.031,52.064,52.093,52.124,52.154,52.181,52.205,52.228,52.258,52.29,52.313,52.347,52.374,52.4,52.432,52.46,52.492,52.528,52.559,52.591,52.631,52.657,52.699,52.735,52.765,52.797,52.833,52.872,52.902,52.933,52.974,53.009,53.055,53.108,53.155,53.189,53.249,53.309,53.365,53.418,53.491,53.563,53.638,53.727,53.816,53.928,54.034,54.151,54.302,54.498,54.858,56.056
706,@TPP,48.527,49.469,49.705,49.874,50.061,50.228,50.323,50.384,50.474,50.535,50.58,50.632,50.702,50.756,50.809,50.851,50.906,50.958,51.011,51.047,51.086,51.133,51.179,51.212,51.246,51.273,51.305,51.341,51.377,51.408,51.44,51.489,51.525,51.553,51.603,51.633,51.668,51.698,51.727,51.754,51.783,51.811,51.839,51.863,51.9,51.926,51.955,51.985,52.019,52.046,52.073,52.103,52.126,52.159,52.188,52.215,52.249,52.282,52.314,52.338,52.38,52.406,52.435,52.461,52.495,52.526,52.557,52.586,52.613,52.643,52.676,52.696,52.724,52.757,52.799,52.827,52.858,52.897,52.932,52.976,53.007,53.053,53.107,53.159,53.196,53.254,53.302,53.359,53.416,53.474,53.547,53.614,53.702,53.781,53.867,53.97,54.099,54.257,54.515,54.8,56.066
707,@TPP,48.527,49.469,49.705,49.874,50.061,50.228,50.323,50.384,50.474,50.535,50.58,50.632,50.702,50.756,50.809,50.851,50.906,50.958,51.011,51.047,51.086,51.133,51.179,51.212,51.246,51.273,51.305,51.341,51.377,51.408,51.44,51.489,51.525,51.553,51.603,51.633,51.668,51.698,51.727,51.754,51.783,51.811,51.839,51.863,51.9,51.926,51.955,51.985,52.019,52.046,52.073,52.103,52.126,52.159,52.188,52.215,52.249,52.282,52.314,52.338,52.38,52.406,52.435,52.461,52.495,52.526,52.557,52.586,52.613,52.643,52.676,52.696,52.724,52.757,52.799,52.827,52.858,52.897,52.932,52.976,53.007,53.053,53.107,53.159,53.196,53.254,53.302,53.359,53.416,53.474,53.547,53.614,53.702,53.781,53.867,53.97,54.099,54.257,54.515,54.8,56.066
708,@TPP,48.467,49.551,49.807,49.977,50.091,50.187,50.301,50.4,50.516,50.596,50.657,50.703,50.765,50.805,50.857,50.892,50.936,50.985,51.026,51.057,51.106,51.148,51.188,51.225,51.265,51.294,51.332,51.362,51.401,51.44,51.482,51.514,51.559,51.586,51.624,51.658,51.684,51.707,51.735,51.774,51.807,51.83,51.857,51.888,51.916,51.951,51.973,51.999,52.026,52.05,52.081,52.117,52.146,52.178,52.208,52.233,52.26,52.292,52.324,52.353,52.379,52.408,52.433,52.459,52.48,52.516,52.543,52.574,52.604,52.63,52.661,52.695,52.722,52.752,52.789,52.83,52.859,52.899,52.937,52.986,53.02,53.058,53.107,53.151,53.201,53.262,53.313,53.36,53.422,53.486,53.548,53.604,53.686,53.789,53.867,53.971,54.077,54.211,54.478,54.848,55.849
709,@TPP,48.467,49.551,49.807,49.977,50.091,50.187,50.301,50.4,50.516,50.596,50.657,50.703,50.765,50.805,50.857,50.892,50.936,50.985,51.026,51.057,51.106,51.148,51.188,51.225,51.265,51.294,51.332,51.362,51.401,51.44,51.482,51.514,51.559,51.586,51.624,51.658,51.684,51.707,51.735,51.774,51.807,51.83,51.857,51.888,51.916,51.951,51.973,51.999,52.026,52.05,52.081,52.117,52.146,52.178,52.208,52.233,52.26,52.292,52.324,52.353,52.379,52.408,52.433,52.459,52.48,52.516,52.543,52.574,52.604,52.63,52.661,52.695,52.722,52.752,52.789,52.83,52.859,52.899,52.937,52.986,53.02,53.058,53.107,53.151,53.201,53.262,53.313,53.36,53.422,53.486,53.548,53.604,53.686,53.789,53.867,53.971,54.077,54.211,54.478,54.848,55.849
710,@TPP,48.864,49.558,49.839,50.015,50.147,50.255,50.344,50.457,50.517,50.579,50.662,50.725,50.774,50.833,50.873,50.916,50.977,51.022,51.063,51.106,51.143,51.179,51.211,51.245,51.282,51.323,51.358,51.395,51.432,51.459,51.483,51.52,51.542,51.571,51.598,51.626,51.656,51.686,51.724,51.749,51.775,51.805,51.831,51.857,51.895,51.923,51.954,51.987,52.019,52.05,52.08,52.119,52.153,52.177,52.198,52.227,52.251,52.278,52.299,52.32,52.356,52.385,52.414,52.451,52.486,52.521,52.555,52.58,52.606,52.637,52.665,52.699,52.732,52.764,52.808,52.841,52.88,52.911,52.944,52.979,53.011,53.048,53.09,53.143,53.191,53.234,53.291,53.347,53.404,53.452,53.515,53.585,53.667,53.744,53.84,53.966,54.077,54.21,54.411,54.748,55.739
711,@TPP,48.864,49.558,49.839,50.015,50.147,50.255,50.344,50.457,50.517,50.579,50.662,50.725,50.774,50.833,50.873,50.916,50.977,51.022,51.063,51.106,51.143,51.179,51.211,51.245,51.282,51.323,51.358,51.395,51.432,51.459,51.483,51.52,51.542,51.571,51.598,51.626,51.656,51.686,51.724,51.749,51.775,51.805,51.831,51.857,51.895,51.923,51.954,51.987,52.019,52.05,52.08,52.119,52.153,52.177,52.198,52.227,52.251,52.278,52.299,52.32,52.356,52.385,52.414,52.451,52.486,52.521,52.555,52.58,52.606,52.637,52.665,52.699,52.732,52.764,52.808,52.841,52.88,52.911,52.944,52.979,53.011,53.048,53.09,53.143,53.191,53.234,53.291,53.347,53.404,53.452,53.515,53.585,53.667,53.744,53.84,53.966,54.077,54.21,54.411,54.748,55.739
712,@TPP,48.88,49.545,49.852,50.052,50.183,50.293,50.382,50.454,50.545,50.625,50.669,50.732,50.8,50.866,50.921,50.962,51.011,51.055,51.093,51.125,51.169,51.204,51.231,51.268,51.309,51.342,51.377,51.409,51.437,51.482,51.515,51.548,51.584,51.605,51.637,51.673,51.697,51.73,51.764,51.79,51.815,51.836,51.874,51.904,51.929,51.957,51.98,52.002,52.024,52.043,52.065,52.088,52.119,52.143,52.177,52.218,52.249,52.275,52.3,52.322,52.354,52.388,52.419,52.446,52.476,52.506,52.533,52.568,52.6,52.633,52.665,52.708,52.728,52.761,52.788,52.822,52.861,52.895,52.933,52.968,53.017,53.054,53.096,53.145,53.193,53.229,53.291,53.339,53.387,53.451,53.5,53.564,53.625,53.699,53.797,53.872,54.007,54.146,54.375,54.742,55.626
713,@TPP,48.88,49.545,49.852,50.052,50.183,50.293,50.382,50.454,50.545,50.625,50.669,50.732,50.8,50.866,50.921,50.962,51.011,51.055,51.093,51.125,51.169,51.204,51.231,51.268,51.309,51.342,51.377,51.409,51.437,51.482,51.515,51.548,51.584,51.605,51.637,51.673,51.697,51.73,51.764,51.79,51.815,51.836,51.874,51.904,51.929,51.957,51.98,52.002,52.024,52.043,52.065,52.088,52.119,52.143,52.177,52.218,52.249,52.275,52.3,52.322,52.354,52.388,52.419,52.446,52.476,52.506,52.533,52.568,52.6,52.633,52.665,52.708,52.728,52.761,52.788,52.822,52.861,52.895,52.933,52.968,53.017,53.054,53.096,53.145,53.193,53.229,53.291,53.339,53.387,53.451,53.5,53.564,53.625,53.699,53.797,53.872,54.007,54.146,54.375,54.742,55.626
714,@TPP,48.872,49.601,49.906,50.07,50.208,50.332,50.445,50.508,50.587,50.668,50.735,50.8,50.838,50.893,50.944,50.975,51.016,51.051,51.087,51.138,51.186,51.226,51.263,51.292,51.328,51.368,51.401,51.434,51.466,51.501,51.527,51.567,51.597,51.624,51.655,51.682,51.709,51.735,51.762,51.787,51.819,51.846,51.869,51.896,51.926,51.954,51.979,52.002,52.022,52.054,52.085,52.123,52.15,52.175,52.195,52.225,52.258,52.28,52.304,52.328,52.359,52.397,52.426,52.451,52.492,52.515,52.549,52.574,52.603,52.628,52.654,52.684,52.713,52.746,52.778,52.812,52.844,52.885,52.917,52.951,52.998,53.03,53.066,53.111,53.148,53.19,53.23,53.284,53.355,53.408,53.452,53.503,53.58,53.672,53.761,53.886,53.993,54.122,54.324,54.584,55.272
715,@TPP,48.872,49.601,49.906,50.07,50.208,50.332,50.445,50.508,50.587,50.668,50.735,50.8,50.838,50.893,50.944,50.975,51.016,51.051,51.087,51.138,51.186,51.226,51.263,51.292,51.328,51.368,51.401,51.434,51.466,51.501,51.527,51.567,51.597,51.624,51.655,51.682,51.709,51.735,51.762,51.787,51.819,51.846,51.869,51.896,51.926,51.954,51.979,52.002,52.022,52.054,52.085,52.123,52.15,52.175,52.195,52.225,52.258,52.28,52.304,52.328,52.359,52.397,52.426,52.451,52.492,52.515,52.549,52.574,52.603,52.628,52.654,52.684,52.713,52.746,52.778,52.812,52.844,52.885,52.917,52.951,52.998,53.03,53.066,53.111,53.148,53.19,53.23,53.284,53.355,53.408,53.452,53.503,53.58,53.672,53.761,53.886,53.993,54.122,54.324,54.584,55.272
716,@TPP,49.003,49.676,49.914,50.132,50.291,50.412,50.488,50.572,50.653,50.714,50.774,50.826,50.881,50.908,50.959,50.998,51.047,51.11,51.147,51.187,51.224,51.259,51.29,51.333,51.372,51.404,51.431,51.453,51.481,51.507,51.54,51.564,51.596,51.629,51.659,51.686,51.708,51.738,51.765,51.791,51.815,51.837,51.861,51.888,51.923,51.948,51.984,52.009,52.032,52.06,52.091,52.119,52.141,52.172,52.2,52.235,52.265,52.286,52.309,52.333,52.352,52.379,52.407,52.435,52.454,52.483,52.515,52.543,52.572,52.607,52.642,52.671,52.695,52.734,52.759,52.799,52.828,52.864,52.89,52.926,52.966,53.015,53.059,53.094,53.118,53.145,53.187,53.256,53.305,53.36,53.418,53.486,53.557,53.63,53.72,53.802,53.881,54.004,54.153,54.484,55.335
717,@TPP,49.003,49.676,49.914,50.132,50.291,50.412,50.488,50.572,50.653,50.714,50.774,50.826,50.881,50.908,50.959,50.998,51.047,51.11,51.147,51.187,51.224,51.259,51.29,51.333,51.372,51.404,51.431,51.453,51.481,51.507,51.54,51.564,51.596,51.629,51.659,51.686,51.708,51.738,51.765,51.791,51.815,51.837,51.861,51.888,51.923,51.948,51.984,52.009,52.032,52.06,52.091,52.119,52.141,52.172,52.2,52.235,52.265,52.286,52.309,52.333,52.352,52.379,52.407,52.435,52.454,52.483,52.515,52.543,52.572,52.607,52.642,52.671,52.695,52.734,52.759,52.799,52.828,52.864,52.89,52.926,52.966,53.015,53.059,53.094,53.118,53.145,53.187,53.256,53.305,53.36,53.418,53.486,53.557,53.63,53.72,53.802,53.881,54.004,54.153,54.484,55.335
718,@TPP,49.165,49.739,50.05,50.239,50.39,50.47,50.545,50.619,50.692,50.752,50.797,50.862,50.905,50.961,51.001,51.034,51.08,51.121,51.172,51.211,51.247,51.286,51.322,51.347,51.385,51.414,51.447,51.484,51.507,51.538,51.559,51.592,51.618,51.651,51.678,51.708,51.734,51.756,51.778,51.806,51.839,51.86,51.881,51.906,51.933,51.959,51.986,52.013,52.039,52.058,52.097,52.117,52.138,52.161,52.184,52.21,52.237,52.267,52.291,52.324,52.345,52.369,52.396,52.424,52.451,52.484,52.511,52.537,52.573,52.601,52.632,52.665,52.695,52.722,52.757,52.79,52.817,52.848,52.887,52.918,52.957,52.992,53.027,53.062,53.107,53.139,53.189,53.237,53.277,53.342,53.402,53.47,53.566,53.622,53.7,53.791,53.892,54.009,54.146,54.37,55.108
719,@TPP,49.165,49.739,50.05,50.239,50.39,50.47,50.545,50.619,50.692,50.752,50.797,50.862,50.905,50.961,51.001,51.034,51.08,51.121,51.172,51.211,51.247,51.286,51.322,51.347,51.385,51.414,51.447,51.484,51.507,51.538,51.559,51.592,51.618,51.651,51.678,51.708,51.734,51.756,51.778,51.806,51.839,51.86,51.881,51.906,51.933,51.959,51.986,52.013,52.039,52.058,52.097,52.117,52.138,52.161,52.184,52.21,52.237,52.267,52.291,52.324,52.345,52.369,52.396,52.424,52.451,52.484,52.511,52.537,52.573,52.601,52.632,52.665,52.695,52.722,52.757,52.79,52.817,52.848,52.887,52.918,52.957,52.992,53.027,53.062,53.107,53.139,53.189,53.237,53.277,53.342,53.402,53.47,53.566,53.622,53.7,53.791,53.892,54.009,54.146,54.37,55.108
720,@TPP,49.122,49.847,50.125,50.313,50.449,50.529,50.619,50.708,50.758,50.811,50.864,50.904,50.955,51.008,51.046,51.083,51.12,51.153,51.201,51.248,51.285,51.317,51.35,51.38,51.417,51.439,51.469,51.498,51.529,51.558,51.589,51.609,51.635,51.659,51.689,51.721,51.742,51.772,51.795,51.818,51.839,51.865,51.887,51.913,51.937,51.961,51.987,52.009,52.039,52.073,52.103,52.122,52.151,52.186,52.213,52.236,52.261,52.288,52.313,52.336,52.366,52.397,52.43,52.459,52.484,52.508,52.533,52.558,52.593,52.61,52.641,52.667,52.699,52.721,52.753,52.779,52.803,52.827,52.851,52.882,52.928,52.96,52.998,53.034,53.072,53.106,53.147,53.194,53.242,53.293,53.353,53.414,53.473,53.542,53.626,53.713,53.819,53.937,54.102,54.341,55.179
721,@TPP,49.122,49.847,50.125,50.313,50.449,50.529,50.619,50.708,50.758,50.811,50.864,50.904,50.955,51.008,51.046,51.083,51.12,51.153,51.201,51.248,51.285,51.317,51.35,51.38,51.417,51.439,51.469,51.498,51.529,51.558,51.589,51.609,51.635,51.659,51.689,51.721,51.742,51.772,51.795,51.818,51.839,51.865,51.887,51.913,51.937,51.961,51.987,52.009,52.039,52.073,52.103,52.122,52.151,52.186,52.213,52.236,52.261,52.288,52.313,52.336,52.366,52.397,52.43,52.459,52.484,52.508,52.533,52.558,52.593,52.61,52.641,52.667,52.699,52.721,52.753,52.779,52.803,52.827,52.851,52.882,52.928,52.96,52.998,53.034,53.072,53.106,53.147,53.194,53.242,53.293,53.353,53.414,53.473,53.542,53.626,53.713,53.819,53.937,54.102,54.341,55.179
722,@TPP,49.32,49.863,50.131,50.345,50.478,50.557,50.652,50.708,50.774,50.837,50.898,50.94,50.997,51.049,51.094,51.143,51.178,51.215,51.253,51.283,51.316,51.346,51.376,51.413,51.449,51.48,51.519,51.558,51.588,51.619,51.643,51.665,51.688,51.716,51.742,51.767,51.791,51.82,51.841,51.859,51.884,51.904,51.922,51.941,51.968,51.993,52.016,52.044,52.069,52.094,52.124,52.143,52.164,52.189,52.208,52.237,52.265,52.29,52.312,52.335,52.364,52.391,52.415,52.44,52.463,52.495,52.514,52.545,52.572,52.592,52.62,52.641,52.662,52.68,52.71,52.739,52.769,52.801,52.822,52.849,52.884,52.917,52.958,52.994,53.018,53.059,53.114,53.157,53.205,53.247,53.304,53.363,53.415,53.477,53.558,53.632,53.743,53.868,54.003,54.25,54.828
723,@TPP,49.32,49.863,50.131,50.345,50.478,50.557,50.652,50.708,50.774,50.837,50.898,50.94,50.997,51.049,51.094,51.143,51.178,51.215,51.253,51.283,51.316,51.346,51.376,51.413,51.449,51.48,51.519,51.558,51.588,51.619,51.643,51.665,51.688,51.716,51.742,51.767,51.791,51.82,51.841,51.859,51.884,51.904,51.922,51.941,51.968,51.993,52.016,52.044,52.069,52.094,52.124,52.143,52.164,52.189,52.208,52.237,52.265,52.29,52.312,52.335,52.364,52.391,52.415,52.44,52.463,52.495,52.514,52.545,52.572,52.592,52.62,52.641,52.662,52.68,52.71,52.739,52.769,52.801,52.822,52.849,52.884,52.917,52.958,52.994,53.018,53.059,53.114,53.157,53.205,53.247,53.304,53.363,53.415,53.477,53.558,53.632,53.743,53.868,54.003,54.25,54.828
724,@TPP,49.315,50.001,50.266,50.448,50.545,50.619,50.728,50.81,50.861,50.909,50.956,50.999,51.06,51.106,51.15,51.19,51.22,51.258,51.289,51.332,51.367,51.398,51.431,51.454,51.487,51.515,51.543,51.574,51.602,51.628,51.658,51.68,51.704,51.735,51.764,51.782,51.804,51.828,51.849,51.874,51.901,51.928,51.952,51.973,51.992,52.01,52.034,52.059,52.074,52.105,52.135,52.159,52.18,52.206,52.233,52.254,52.278,52.297,52.314,52.335,52.355,52.377,52.4,52.433,52.458,52.481,52.509,52.532,52.554,52.577,52.595,52.618,52.645,52.672,52.7,52.729,52.758,52.788,52.812,52.844,52.875,52.907,52.935,52.965,52.999,53.035,53.07,53.115,53.156,53.185,53.243,53.297,53.357,53.4,53.483,53.547,53.659,53.767,53.906,54.114,54.685
725,@TPP,49.315,50.001,50.266,50.448,50.545,50.619,50.728,50.81,50.861,50.909,50.956,50.999,51.06,51.106,51.15,51.19,51.22,51.258,51.289,51.332,51.367,51.398,51.431,51.454,51.487,51.515,51.543,51.574,51.602,51.628,51.658,51.68,51.704,51.735,51.764,51.782,51.804,51.828,51.849,51.874,51.901,51.928,51.952,51.973,51.992,52.01,52.034,52.059,52.074,52.105,52.135,52.159,52.18,52.206,52.233,52.254,52.278,52.297,52.314,52.335,52.355,52.377,52.4,52.433,52.458,52.481,52.509,52.532,52.554,52.577,52.595,52.618,52.645,52.672,52.7,52.729,52.758,52.788,52.812,52.844,52.875,52.907,52.935,52.965,52.999,53.035,53.07,53.115,53.156,53.185,53.243,53.297,53.357,53.4,53.483,53.547,53.659,53.767,53.906,54.114,54.685
726,@TPP,49.231,50.053,50.273,50.489,50.602,50.719,50.803,50.87,50.913,50.972,51.025,51.077,51.121,51.187,51.224,51.265,51.31,51.356,51.389,51.429,51.456,51.479,51.514,51.542,51.576,51.608,51.641,51.668,51.695,51.72,51.745,51.767,51.793,51.817,51.84,51.862,51.891,51.915,51.937,51.96,51.987,52.006,52.034,52.051,52.075,52.098,52.117,52.147,52.171,52.19,52.217,52.239,52.256,52.279,52.299,52.317,52.337,52.358,52.379,52.404,52.431,52.454,52.48,52.501,52.522,52.547,52.568,52.59,52.615,52.64,52.668,52.697,52.73,52.756,52.786,52.812,52.841,52.872,52.903,52.939,52.969,52.994,53.012,53.047,53.075,53.115,53.152,53.201,53.246,53.297,53.346,53.403,53.457,53.524,53.588,53.652,53.751,53.859,54.002,54.304,54.952
727,@TPP,49.231,50.053,50.273,50.489,50.602,50.719,50.803,50.87,50.913,50.972,51.025,51.077,51.121,51.187,51.224,51.265,51.31,51.356,51.389,51.429,51.456,51.479,51.514,51.542,51.576,51.608,51.641,51.668,51.695,51.72,51.745,51.767,51.793,51.817,51.84,51.862,51.891,51.915,51.937,51.96,51.987,52.006,52.034,52.051,52.075,52.098,52.117,52.147,52.171,52.19,52.217,52.239,52.256,52.279,52.299,52.317,52.337,52.358,52.379,52.404,52.431,52.454,52.48,52.501,52.522,52.547,52.568,52.59,52.615,52.64,52.668,52.697,52.73,52.756,52.786,52.812,52.841,52.872,52.903,52.939,52.969,52.994,53.012,53.047,53.075,53.115,53.152,53.201,53.246,53.297,53.346,53.403,53.457,53.524,53.588,53.652,53.751,53.859,54.002,54.304,54.952
728,@TPP,49.474,50.063,50.339,50.566,50.664,50.775,50.859,50.912,50.975,51.045,51.097,51.142,51.193,51.247,51.293,51.333,51.38,51.424,51.469,51.514,51.549,51.578,51.602,51.63,51.653,51.682,51.707,51.735,51.758,51.783,51.802,51.836,51.855,51.884,51.916,51.934,51.953,51.977,51.999,52.029,52.063,52.085,52.112,52.139,52.165,52.201,52.22,52.24,52.258,52.284,52.309,52.332,52.355,52.38,52.401,52.422,52.445,52.471,52.491,52.511,52.539,52.557,52.574,52.597,52.621,52.651,52.674,52.694,52.72,52.74,52.762,52.787,52.811,52.845,52.87,52.892,52.92,52.952,52.981,53.007,53.039,53.065,53.092,53.136,53.171,53.21,53.249,53.293,53.349,53.397,53.443,53.494,53.55,53.628,53.697,53.785,53.872,53.979,54.157,54.405,55.118
729,@TPP,49.474,50.063,50.339,50.566,50.664,50.775,50.859,50.912,50.975,51.045,51.097,51.142,51.193,51.247,51.293,51.333,51.38,51.424,51.469,51.514,51.549,51.578,51.602,51.63,51.653,51.682,51.707,51.735,51.758,51.783,51.802,51.836,51.855,51.884,51.916,51.934,51.953,51.977,51.999,52.029,52.063,52.085,52.112,52.139,52.165,52.201,52.22,52.24,52.258,52.284,52.309,52.332,52.355,52.38,52.401,52.422,52.445,52.471,52.491,52.511,52.539,52.557,52.574,52.597,52.621,52.651,52.674,52.694,52.72,52.74,52.762,52.787,52.811,52.845,52.87,52.892,52.92,52.952,52.981,53.007,53.039,53.065,53.092,53.136,53.171,53.21,53.249,53.293,53.349,53.397,53.443,53.494,53.55,53.628,53.697,53.785,53.872,53.979,54.157,54.405,55.118
730,@TPP,49.688,50.153,50.416,50.592,50.722,50.853,50.926,50.988,51.052,51.118,51.182,51.234,51.278,51.312,51.361,51.406,51.436,51.462,51.503,51.549,51.592,51.627,51.654,51.683,51.712,51.738,51.767,51.802,51.827,51.863,51.893,51.92,51.942,51.972,51.994,52.026,52.049,52.071,52.094,52.123,52.15,52.176,52.202,52.231,52.256,52.276,52.299,52.324,52.348,52.368,52.388,52.404,52.421,52.442,52.463,52.487,52.511,52.53,52.549,52.576,52.593,52.614,52.634,52.659,52.691,52.713,52.737,52.757,52.778,52.809,52.834,52.858,52.881,52.906,52.933,52.955,52.982,53.012,53.057,53.097,53.12,53.161,53.197,53.227,53.27,53.306,53.346,53.403,53.451,53.487,53.542,53.582,53.642,53.697,53.794,53.882,54.005,54.116,54.248,54.418,55.075
731,@TPP,49.688,50.153,50.416,50.592,50.722,50.853,50.926,50.988,51.052,51.118,51.182,51.234,51.278,51.312,51.361,51.406,51.436,51.462,51.503,51.549,51.592,51.627,51.654,51.683,51.712,51.738,51.767,51.802,51.827,51.863,51.893,51.92,51.942,51.972,51.994,52.026,52.049,52.071,52.094,52.123,52.15,52.176,52.202,52.231,52.256,52.276,52.299,52.324,52.348,52.368,52.388,52.404,52.421,52.442,52.463,52.487,52.511,52.53,52.549,52.576,52.593,52.614,52.634,52.659,52.691,52.713,52.737,52.757,52.778,52.809,52.834,52.858,52.881,52.906,52.933,52.955,52.982,53.012,53.057,53.097,53.12,53.161,53.197,53.227,53.27,53.306,53.346,53.403,53.451,53.487,53.542,53.582,53.642,53.697,53.794,53.882,54.005,54.116,54.248,54.418,55.075
732,@TPP,49.422,50.079,50.36,50.498,50.654,50.755,50.836,50.911,50.98,51.031,51.09,51.15,51.21,51.259,51.306,51.339,51.38,51.421,51.46,51.497,51.53,51.573,51.604,51.64,51.672,51.694,51.728,51.761,51.783,51.816,51.847,51.867,51.899,51.934,51.961,51.991,52.012,52.034,52.061,52.086,52.11,52.136,52.163,52.194,52.219,52.249,52.28,52.303,52.321,52.344,52.364,52.392,52.418,52.441,52.466,52.494,52.523,52.545,52.57,52.589,52.61,52.631,52.652,52.68,52.699,52.727,52.746,52.776,52.799,52.821,52.857,52.881,52.916,52.947,52.973,53.009,53.041,53.068,53.098,53.126,53.161,53.199,53.241,53.273,53.307,53.345,53.375,53.44,53.501,53.556,53.595,53.649,53.704,53.766,53.848,53.943,54.028,54.164,54.319,54.74,55.386
733,@TPP,49.422,50.079,50.36,50.498,50.654,50.755,50.836,50.911,50.98,51.031,51.09,51.15,51.21,51.259,51.306,51.339,51.38,51.421,51.46,51.497,51.53,51.573,51.604,51.64,51.672,51.694,51.728,51.761,51.783,51.816,51.847,51.867,51.899,51.934,51.961,51.991,52.012,52.034,52.061,52.086,52.11,52.136,52.163,52.194,52.219,52.249,52.28,52.303,52.321,52.344,52.364,52.392,52.418,52.441,52.466,52.494,52.523,52.545,52.57,52.589,52.61,52.631,52.652,52.68,52.699,52.727,52.746,52.776,52.799,52.821,52.857,52.881,52.916,52.947,52.973,53.009,53.041,53.068,53.098,53.126,53.161,53.199,53.241,53.273,53.307,53.345,53.375,53.44,53.501,53.556,53.595,53.649,53.704,53.766,53.848,53.943,54.028,54.164,54.319,54.74,55.386
734,@TPP,49.404,49.956,50.287,50.461,50.589,50.699,50.789,50.867,50.935,51.003,51.06,51.117,51.168,51.217,51.268,51.32,51.352,51.397,51.439,51.474,51.509,51.558,51.604,51.636,51.666,51.696,51.723,51.746,51.777,51.818,51.853,51.887,51.928,51.954,51.973,51.996,52.019,52.043,52.061,52.091,52.121,52.153,52.172,52.201,52.227,52.248,52.272,52.297,52.322,52.342,52.363,52.391,52.416,52.442,52.467,52.494,52.517,52.545,52.583,52.604,52.633,52.657,52.684,52.701,52.733,52.768,52.796,52.822,52.855,52.889,52.917,52.945,52.973,53.005,53.028,53.058,53.086,53.109,53.138,53.173,53.211,53.243,53.271,53.308,53.348,53.384,53.43,53.466,53.521,53.574,53.635,53.689,53.751,53.826,53.91,53.978,54.096,54.228,54.397,54.717,55.458
735,@TPP,49.404,49.956,50.287,50.461,50.589,50.699,50.789,50.867,50.935,51.003,51.06,51.117,51.168,51.217,51.268,51.32,51.352,51.397,51.439,51.474,51.509,51.558,51.604,51.636,51.666,51.696,51.723,51.746,51.777,51.818,51.853,51.887,51.928,51.954,51.973,51.996,52.019,52.043,52.061,52.091,52.121,52.153,52.172,52.201,52.227,52.248,52.272,52.297,52.322,52.342,52.363,52.391,52.416,52.442,52.467,52.494,52.517,52.545,52.583,52.604,52.633,52.657,52.684,52.701,52.733,52.768,52.796,52.822,52.855,52.889,52.917,52.945,52.973,53.005,53.028,53.058,53.086,53.109,53.138,53.173,53.211,53.243,53.271,53.308,53.348,53.384,53.43,53.466,53.521,53.574,53.635,53.689,53.751,53.826,53.91,53.978,54.096,54.228,54.397,54.717,55.458
736,@TPP,49.141,49.913,50.172,50.421,50.553,50.671,50.742,50.811,50.879,50.959,51.01,51.076,51.132,51.183,51.226,51.268,51.311,51.362,51.406,51.443,51.491,51.542,51.576,51.611,51.644,51.676,51.71,51.746,51.775,51.803,51.838,51.865,51.898,51.921,51.944,51.97,52.003,52.033,52.057,52.087,52.111,52.133,52.162,52.191,52.218,52.244,52.271,52.299,52.327,52.349,52.374,52.408,52.43,52.458,52.478,52.502,52.529,52.555,52.584,52.613,52.639,52.663,52.691,52.718,52.75,52.78,52.807,52.836,52.874,52.9,52.929,52.962,53.0,53.024,53.059,53.08,53.114,53.156,53.186,53.222,53.251,53.281,53.327,53.36,53.4,53.443,53.488,53.53,53.571,53.62,53.675,53.737,53.8,53.868,53.975,54.066,54.207,54.322,54.524,54.862,55.74
737,@TPP,49.141,49.913,50.172,50.421,50.553,50.671,50.742,50.811,50.879,50.959,51.01,51.076,51.132,51.183,51.226,51.268,51.311,51.362,51.406,51.443,51.491,51.542,51.576,51.611,51.644,51.676,51.71,51.746,51.775,51.803,51.838,51.865,51.898,51.921,51.944,51.97,52.003,52.033,52.057,52.087,52.111,52.133,52.162,52.191,52.218,52.244,52.271,52.299,52.327,52.349,52.374,52.408,52.43,52.458,52.478,52.502,52.529,52.555,52.584,52.613,52.639,52.663,52.691,52.718,52.75,52.78,52.807,52.836,52.874,52.9,52.929,52.962,53.0,53.024,53.059,53.08,53.114,53.156,53.186,53.222,53.251,53.281,53.327,53.36,53.4,53.443,53.488,53.53,53.571,53.62,53.675,53.737,53.8,53.868,53.975,54.066,54.207,54.322,54.524,54.862,55.74
738,@TPP,48.846,49.882,50.135,50.353,50.476,50.608,50.685,50.774,50.836,50.9,50.965,51.039,51.098,51.143,51.175,51.229,51.275,51.313,51.355,51.398,51.429,51.469,51.525,51.571,51.604,51.636,51.685,51.714,51.756,51.789,51.818,51.85,51.878,51.895,51.922,51.946,51.981,52.006,52.037,52.071,52.102,52.128,52.159,52.179,52.21,52.241,52.271,52.298,52.324,52.361,52.382,52.408,52.432,52.461,52.491,52.52,52.554,52.585,52.606,52.64,52.66,52.683,52.71,52.737,52.759,52.79,52.823,52.85,52.881,52.922,52.957,52.983,53.005,53.036,53.076,53.109,53.143,53.176,53.21,53.249,53.285,53.322,53.362,53.408,53.45,53.485,53.527,53.574,53.627,53.679,53.731,53.812,53.891,53.95,54.053,54.16,54.272,54.43,54.599,54.978,55.983
739,@TPP,48.846,49.882,50.135,50.353,50.476,50.608,50.685,50.774,50.836,50.9,50.965,51.039,51.098,51.143,51.175,51.229,51.275,51.313,51.355,51.398,51.429,51.469,51.525,51.571,51.604,51.636,51.685,51.714,51.756,51.789,51.818,51.85,51.878,51.895,51.922,51.946,51.981,52.006,52.037,52.071,52.102,52.128,52.159,52.179,52.21,52.241,52.271,52.298,52.324,52.361,52.382,52.408,52.432,52.461,52.491,52.52,52.554,52.585,52.606,52.64,52.66,52.683,52.71,52.737,52.759,52.79,52.823,52.85,52.881,52.922,52.957,52.983,53.005,53.036,53.076,53.109,53.143,53.176,53.21,53.249,53.285,53.322,53.362,53.408,53.45,53.485,53.527,53.574,53.627,53.679,53.731,53.812,53.891,53.95,54.053,54.16,54.272,54.43,54.599,54.978,55.983
740,@TPP,48.598,49.833,50.129,50.314,50.495,50.595,50.693,50.779,50.839,50.894,50.954,51.012,51.059,51.122,51.165,51.208,51.264,51.302,51.343,51.379,51.419,51.455,51.497,51.534,51.561,51.593,51.629,51.661,51.702,51.734,51.772,51.808,51.844,51.873,51.909,51.936,51.971,51.995,52.031,52.06,52.093,52.128,52.155,52.179,52.22,52.253,52.28,52.302,52.338,52.361,52.383,52.427,52.455,52.484,52.51,52.533,52.561,52.594,52.623,52.649,52.68,52.708,52.734,52.765,52.797,52.83,52.858,52.892,52.929,52.962,53.001,53.029,53.065,53.087,53.109,53.134,53.161,53.197,53.23,53.264,53.306,53.339,53.369,53.415,53.464,53.518,53.559,53.609,53.659,53.726,53.803,53.863,53.945,54.035,54.102,54.199,54.365,54.521,54.737,55.016,55.718
741,@TPP,48.598,49.833,50.129,50.314,50.495,50.595,50.693,50.779,50.839,50.894,50.954,51.012,51.059,51.122,51.165,51.208,51.264,51.302,51.343,51.379,51.419,51.455,51.497,51.534,51.561,51.593,51.629,51.661,51.702,51.734,51.772,51.808,51.844,51.873,51.909,51.936,51.971,51.995,52.031,52.06,52.093,52.128,52.155,52.179,52.22,52.253,52.28,52.302,52.338,52.361,52.383,52.427,52.455,52.484,52.51,52.533,52.561,52.594,52.623,52.649,52.68,52.708,52.734,52.765,52.797,52.83,52.858,52.892,52.929,52.962,53.001,53.029,53.065,53.087,53.109,53.134,53.161,53.197,53.23,53.264,53.306,53.339,53.369,53.415,53.464,53.518,53.559,53.609,53.659,53.726,53.803,53.863,53.945,54.035,54.102,54.199,54.365,54.521,54.737,55.016,55.718
742,@TPP,48.662,49.852,50.121,50.277,50.404,50.508,50.635,50.723,50.815,50.889,50.937,50.993,51.039,51.097,51.144,51.198,51.245,51.294,51.333,51.376,51.413,51.455,51.493,51.527,51.559,51.594,51.624,51.657,51.685,51.718,51.756,51.802,51.828,51.864,51.893,51.925,51.961,51.989,52.015,52.044,52.075,52.098,52.132,52.172,52.207,52.238,52.273,52.303,52.334,52.369,52.4,52.43,52.456,52.487,52.513,52.537,52.562,52.592,52.622,52.65,52.68,52.707,52.744,52.776,52.802,52.834,52.874,52.91,52.939,52.968,52.996,53.025,53.052,53.081,53.11,53.139,53.167,53.201,53.243,53.278,53.308,53.341,53.393,53.437,53.489,53.53,53.587,53.633,53.684,53.753,53.824,53.893,53.987,54.069,54.176,54.286,54.456,54.595,54.763,55.063,55.665
743,@TPP,48.662,49.852,50.121,50.277,50.404,50.508,50.635,50.723,50.815,50.889,50.937,50.993,51.039,51.097,51.144,51.198,51.245,51.294,51.333,51.376,51.413,51.455,51.493,51.527,51.559,51.594,51.624,51.657,51.685,51.718,51.756,51.802,51.828,51.864,51.893,51.925,51.961,51.989,52.015,52.044,52.075,52.098,52.132,52.172,52.207,52.238,52.273,52.303,52.334,52.369,52.4,52.43,52.456,52.487,52.513,52.537,52.562,52.592,52.622,52.65,52.68,52.707,52.744,52.776,52.802,52.834,52.874,52.91,52.939,52.968,52.996,53.025,53.052,53.081,53.11,53.139,53.167,53.201,53.243,53.278,53.308,53.341,53.393,53.437,53.489,53.53,53.587,53.633,53.684,53.753,53.824,53.893,53.987,54.069,54.176,54.286,54.456,54.595,54.763,55.063,55.665
744,@TPP,48.357,49.763,50.067,50.268,50.433,50.524,50.609,50.701,50.772,50.848,50.916,50.984,51.03,51.081,51.134,51.191,51.239,51.274,51.317,51.364,51.406,51.442,51.477,51.52,51.559,51.603,51.636,51.668,51.705,51.745,51.781,51.816,51.853,51.883,51.911,51.95,51.98,52.009,52.034,52.063,52.091,52.111,52.144,52.179,52.213,52.239,52.272,52.302,52.33,52.352,52.379,52.411,52.44,52.47,52.512,52.549,52.579,52.606,52.644,52.672,52.7,52.74,52.768,52.79,52.822,52.858,52.889,52.916,52.955,52.989,53.026,53.058,53.089,53.12,53.154,53.191,53.226,53.27,53.313,53.346,53.38,53.42,53.452,53.496,53.55,53.598,53.653,53.703,53.772,53.815,53.864,53.929,53.982,54.073,54.181,54.317,54.421,54.628,54.777,55.087,55.787
745,@TPP,48.357,49.763,50.067,50.268,50.433,50.524,50.609,50.701,50.772,50.848,50.916,50.984,51.03,51.081,51.134,51.191,51.239,51.274,51.317,51.364,51.406,51.442,51.477,51.52,51.559,51.603,51.636,51.668,51.705,51.745,51.781,51.816,51.853,51.883,51.911,51.95,51.98,52.009,52.034,52.063,52.091,52.111,52.144,52.179,52.213,52.239,52.272,52.302,52.33,52.352,52.379,52.411,52.44,52.47,52.512,52.549,52.579,52.606,52.644,52.672,52.7,52.74,52.768,52.79,52.822,52.858,52.889,52.916,52.955,52.989,53.026,53.058,53.089,53.12,53.154,53.191,53.226,53.27,53.313,53.346,53.38,53.42,53.452,53.496,53.55,53.598,53.653,53.703,53.772,53.815,53.864,53.929,53.982,54.073,54.181,54.317,54.421,54.628,54.777,55.087,55.787
746,@TPP,48.41,49.706,50.036,50.202,50.326,50.44,50.569,50.652,50.731,50.818,50.903,50.96,51.018,51.07,51.141,51.175,51.242,51.285,51.33,51.37,51.417,51.459,51.497,51.531,51.579,51.618,51.653,51.697,51.734,51.765,51.795,51.835,51.874,51.911,51.941,51.97,51.993,52.023,52.052,52.078,52.11,52.14,52.169,52.203,52.231,52.266,52.3,52.328,52.368,52.392,52.421,52.445,52.473,52.503,52.534,52.566,52.595,52.617,52.649,52.675,52.704,52.74,52.774,52.801,52.837,52.883,52.915,52.955,52.987,53.014,53.039,53.083,53.115,53.15,53.193,53.226,53.266,53.3,53.342,53.385,53.423,53.46,53.484,53.528,53.565,53.61,53.657,53.7,53.755,53.816,53.87,53.94,54.006,54.102,54.193,54.318,54.457,54.605,54.819,55.103,55.802
747,@TPP,48.41,49.706,50.036,50.202,50.326,50.44,50.569,50.652,50.731,50.818,50.903,50.96,51.018,51.07,51.141,51.175,51.242,51.285,51.33,51.37,51.417,51.459,51.497,51.531,51.579,51.618,51.653,51.697,51.734,51.765,51.795,51.835,51.874,51.911,51.941,51.97,51.993,52.023,52.052,52.078,52.11,52.14,52.169,52.203,52.231,52.266,52.3,52.328,52.368,52.392,52.421,52.445,52.473,52.503,52.534,52.566,52.595,52.617,52.649,52.675,52.704,52.74,52.774,52.801,52.837,52.883,52.915,52.955,52.987,53.014,53.039,53.083,53.115,53.15,53.193,53.226,53.266,53.3,53.342,53.385,53.423,53.46,53.484,53.528,53.565,53.61,53.657,53.7,53.755,53.816,53.87,53.94,54.006,54.102,54.193,54.318,54.457,54.605,54.819,55.103,55.802
748,@TPP,48.536,49.63,49.968,50.196,50.365,50.446,50.557,50.623,50.731,50.819,50.872,50.937,51.006,51.056,51.111,51.173,51.214,51.254,51.296,51.355,51.404,51.462,51.506,51.544,51.584,51.634,51.66,51.686,51.721,51.763,51.797,51.823,51.857,51.884,51.913,51.948,51.973,52.008,52.043,52.067,52.102,52.145,52.183,52.225,52.255,52.283,52.315,52.335,52.376,52.409,52.441,52.468,52.5,52.532,52.557,52.593,52.617,52.65,52.682,52.709,52.732,52.757,52.79,52.822,52.859,52.889,52.915,52.948,52.985,53.014,53.055,53.085,53.118,53.149,53.192,53.226,53.264,53.295,53.338,53.363,53.397,53.44,53.494,53.538,53.59,53.646,53.701,53.754,53.816,53.884,53.946,54.013,54.077,54.174,54.263,54.35,54.482,54.661,54.857,55.13,55.759
749,@TPP,48.536,49.63,49.968,50.196,50.365,50.446,50.557,50.623,50.731,50.819,50.872,50.937,51.006,51.056,51.111,51.173,51.214,51.254,51.296,51.355,51.404,51.462,51.506,51.544,51.584,51.634,51.66,51.686,51.721,51.763,51.797,51.823,51.857,51.884,51.913,51.948,51.973,52.008,52.043,52.067,52.102,52.145,52.183,52.225,52.255,52.283,52.315,52.335,52.376,52.409,52.441,52.468,52.5,52.532,52.557,52.593,52.617,52.65,52.682,52.709,52.732,52.757,52.79,52.822,52.859,52.889,52.915,52.948,52.985,53.014,53.055,53.085,53.118,53.149,53.192,53.226,53.264,53.295,53.338,53.363,53.397,53.44,53.494,53.538,53.59,53.646,53.701,53.754,53.816,53.884,53.946,54.013,54.077,54.174,54.263,54.35,54.482,54.661,54.857,55.13,55.759
750,@TPP,48.637,49.62,49.97,50.142,50.308,50.436,50.573,50.665,50.725,50.791,50.871,50.941,50.997,51.056,51.115,51.182,51.225,51.264,51.301,51.34,51.385,51.428,51.476,51.512,51.555,51.58,51.629,51.671,51.702,51.736,51.775,51.816,51.861,51.903,51.939,51.972,52.01,52.041,52.076,52.104,52.135,52.161,52.189,52.212,52.244,52.276,52.305,52.338,52.363,52.403,52.431,52.463,52.5,52.527,52.561,52.6,52.624,52.646,52.68,52.708,52.74,52.764,52.799,52.829,52.86,52.887,52.911,52.947,52.983,53.011,53.04,53.075,53.114,53.145,53.174,53.21,53.255,53.294,53.331,53.359,53.402,53.441,53.48,53.52,53.576,53.649,53.694,53.752,53.808,53.879,53.942,54.008,54.091,54.165,54.259,54.382,54.505,54.618,54.846,55.212,55.924
751,@TPP,48.637,49.62,49.97,50.142,50.308,50.436,50.573,50.665,50.725,50.791,50.871,50.941,50.997,51.056,51.115,51.182,51.225,51.264,51.301,51.34,51.385,51.428,51.476,51.512,51.555,51.58,51.629,51.671,51.702,51.736,51.775,51.816,51.861,51.903,51.939,51.972,52.01,52.041,52.076,52.104,52.135,52.161,52.189,52.212,52.244,52.276,52.305,52.338,52.363,52.403,52.431,52.463,52.5,52.527,52.561,52.6,52.624,52.646,52.68,52.708,52.74,52.764,52.799,52.829,52.86,52.887,52.911,52.947,52.983,53.011,53.04,53.075,53.114,53.145,53.174,53.21,53.255,53.294,53.331,53.359,53.402,53.441,53.48,53.52,53.576,53.649,53.694,53.752,53.808,53.879,53.942,54.008,54.091,54.165,54.259,54.382,54.505,54.618,54.846,55.212,55.924
752,@TPP,48.676,49.597,49.862,50.09,50.283,50.401,50.512,50.609,50.693,50.784,50.858,50.923,50.983,51.054,51.119,51.167,51.213,51.258,51.305,51.35,51.396,51.447,51.481,51.525,51.564,51.601,51.639,51.667,51.703,51.74,51.776,51.814,51.849,51.88,51.911,51.948,51.989,52.017,52.055,52.093,52.127,52.163,52.191,52.216,52.243,52.278,52.31,52.338,52.363,52.39,52.425,52.453,52.482,52.531,52.574,52.606,52.639,52.675,52.7,52.722,52.748,52.781,52.817,52.846,52.87,52.903,52.937,52.97,53.003,53.027,53.058,53.091,53.13,53.169,53.213,53.249,53.29,53.329,53.382,53.421,53.466,53.505,53.542,53.598,53.638,53.68,53.74,53.787,53.845,53.903,53.964,54.038,54.109,54.189,54.279,54.407,54.54,54.704,54.927,55.28,56.095
753,@TPP,48.676,49.597,49.862,50.09,50.283,50.401,50.512,50.609,50.693,50.784,50.858,50.923,50.983,51.054,51.119,51.167,51.213,51.258,51.305,51.35,51.396,51.447,51.481,51.525,51.564,51.601,51.639,51.667,51.703,51.74,51.776,51.814,51.849,51.88,51.911,51.948,51.989,52.017,52.055,52.093,52.127,52.163,52.191,52.216,52.243,52.278,52.31,52.338,52.363,52.39,52.425,52.453,52.482,52.531,52.574,52.606,52.639,52.675,52.7,52.722,52.748,52.781,52.817,52.846,52.87,52.903,52.937,52.97,53.003,53.027,53.058,53.091,53.13,53.169,53.213,53.249,53.29,53.329,53.382,53.421,53.466,53.505,53.542,53.598,53.638,53.68,53.74,53.787,53.845,53.903,53.964,54.038,54.109,54.189,54.279,54.407,54.54,54.704,54.927,55.28,56.095
754,@TPP,48.638,49.566,49.897,50.069,50.23,50.358,50.497,50.611,50.706,50.774,50.832,50.879,50.938,50.992,51.065,51.125,51.189,51.246,51.303,51.349,51.386,51.421,51.481,51.52,51.567,51.597,51.632,51.677,51.716,51.742,51.78,51.813,51.839,51.872,51.911,51.938,51.975,52.015,52.049,52.081,52.111,52.145,52.174,52.205,52.235,52.264,52.296,52.324,52.352,52.383,52.419,52.46,52.499,52.529,52.566,52.601,52.636,52.664,52.692,52.725,52.767,52.79,52.819,52.86,52.887,52.918,52.943,52.975,53.011,53.046,53.079,53.119,53.171,53.211,53.235,53.275,53.322,53.36,53.401,53.448,53.488,53.525,53.572,53.616,53.649,53.698,53.748,53.804,53.856,53.922,53.987,54.052,54.144,54.216,54.319,54.422,54.566,54.736,54.936,55.285,56.33
755,@TPP,48.638,49.566,49.897,50.069,50.23,50.358,50.497,50.611,50.706,50.774,50.832,50.879,50.938,50.992,51.065,51.125,51.189,51.246,51.303,51.349,51.386,51.421,51.481,51.52,51.567,51.597,51.632,51.677,51.716,51.742,51.78,51.813,51.839,51.872,51.911,51.938,51.975,52.015,52.049,52.081,52.111,52.145,52.174,52.205,52.235,52.264,52.296,52.324,52.352,52.383,52.419,52.46,52.499,52.529,52.566,52.601,52.636,52.664,52.692,52.725,52.767,52.79,52.819,52.86,52.887,52.918,52.943,52.975,53.011,53.046,53.079,53.119,53.171,53.211,53.235,53.275,53.322,53.36,53.401,53.448,53.488,53.525,53.572,53.616,53.649,53.698,53.748,53.804,53.856,53.922,53.987,54.052,54.144,54.216,54.319,54.422,54.566,54.736,54.936,55.285,56.33
756,@TPP,48.443,49.506,49.836,50.005,50.231,50.372,50.501,50.583,50.662,50.742,50.821,50.897,50.952,51.003,51.053,51.121,51.185,51.239,51.298,51.35,51.4,51.447,51.48,51.525,51.557,51.597,51.646,51.684,51.734,51.77,51.8,51.833,51.863,51.902,51.933,51.964,51.991,52.029,52.056,52.084,52.121,52.154,52.18,52.207,52.243,52.282,52.32,52.349,52.375,52.409,52.444,52.478,52.51,52.531,52.569,52.605,52.635,52.673,52.703,52.734,52.767,52.797,52.834,52.865,52.898,52.924,52.957,53.001,53.035,53.081,53.108,53.143,53.179,53.206,53.265,53.304,53.344,53.387,53.423,53.465,53.508,53.544,53.597,53.638,53.678,53.733,53.785,53.831,53.89,53.949,54.025,54.086,54.157,54.257,54.363,54.462,54.593,54.744,54.972,55.27,56.269
757,@TPP,48.443,49.506,49.836,50.005,50.231,50.372,50.501,50.583,50.662,50.742,50.821,50.897,50.952,51.003,51.053,51.121,51.185,51.239,51.298,51.35,51.4,51.447,51.48,51.525,51.557,51.597,51.646,51.684,51.734,51.77,51.8,51.833,51.863,51.902,51.933,51.964,51.991,52.029,52.056,52.084,52.121,52.154,52.18,52.207,52.243,52.282,52.32,52.349,52.375,52.409,52.444,52.478,52.51,52.531,52.569,52.605,52.635,52.673,52.703,52.734,52.767,52.797,52.834,52.865,52.898,52.924,52.957,53.001,53.035,53.081,53.108,53.143,53.179,53.206,53.265,53.304,53.344,53.387,53.423,53.465,53.508,53.544,53.597,53.638,53.678,53.733,53.785,53.831,53.89,53.949,54.025,54.086,54.157,54.257,54.363,54.462,54.593,54.744,54.972,55.27,56.269
758,@TPP,48.572,49.433,49.852,50.035,50.213,50.349,50.458,50.553,50.646,50.716,50.791,50.854,50.938,51.008,51.082,51.141,51.195,51.249,51.295,51.339,51.383,51.429,51.465,51.511,51.554,51.591,51.631,51.659,51.692,51.731,51.763,51.795,51.833,51.886,51.911,51.948,51.986,52.021,52.055,52.101,52.126,52.162,52.201,52.231,52.261,52.29,52.314,52.345,52.374,52.409,52.436,52.474,52.506,52.542,52.578,52.609,52.64,52.671,52.701,52.73,52.771,52.81,52.843,52.867,52.903,52.937,52.98,53.012,53.045,53.07,53.109,53.154,53.186,53.223,53.264,53.311,53.352,53.39,53.428,53.459,53.512,53.558,53.617,53.669,53.727,53.788,53.838,53.881,53.926,53.974,54.038,54.107,54.181,54.274,54.371,54.511,54.651,54.786,55.061,55.469,56.493
759,@TPP,48.572,49.433,49.852,50.035,50.213,50.349,50.458,50.553,50.646,50.716,50.791,50.854,50.938,51.008,51.082,51.141,51.195,51.249,51.295,51.339,51.383,51.429,51.465,51.511,51.554,51.591,51.631,51.659,51.692,51.731,51.763,51.795,51.833,51.886,51.911,51.948,51.986,52.021,52.055,52.101,52.126,52.162,52.201,52.231,52.261,52.29,52.314,52.345,52.374,52.409,52.436,52.474,52.506,52.542,52.578,52.609,52.64,52.671,52.701,52.73,52.771,52.81,52.843,52.867,52.903,52.937,52.98,53.012,53.045,53.07,53.109,53.154,53.186,53.223,53.264,53.311,53.352,53.39,53.428,53.459,53.512,53.558,53.617,53.669,53.727,53.788,53.838,53.881,53.926,53.974,54.038,54.107,54.181,54.274,54.371,54.511,54.651,54.786,55.061,55.469,56.493
760,@TPP,48.348,49.44,49.813,50.007,50.173,50.332,50.455,50.577,50.66,50.726,50.792,50.869,50.963,51.035,51.096,51.151,51.207,51.255,51.299,51.344,51.394,51.429,51.476,51.516,51.558,51.599,51.638,51.67,51.704,51.751,51.782,51.81,51.85,51.886,51.929,51.972,52.006,52.044,52.071,52.106,52.13,52.154,52.183,52.215,52.243,52.275,52.313,52.342,52.376,52.415,52.447,52.471,52.504,52.541,52.569,52.599,52.635,52.666,52.714,52.749,52.785,52.817,52.853,52.884,52.917,52.95,52.988,53.022,53.066,53.106,53.137,53.181,53.221,53.263,53.297,53.327,53.365,53.412,53.446,53.486,53.526,53.569,53.616,53.675,53.736,53.789,53.833,53.878,53.963,54.028,54.084,54.169,54.25,54.342,54.431,54.52,54.659,54.793,54.99,55.455,56.37
761,@TPP,48.348,49.44,49.813,50.007,50.173,50.332,50.455,50.577,50.66,50.726,50.792,50.869,50.963,51.035,51.096,51.151,51.207,51.255,51.299,51.344,51.394,51.429,51.476,51.516,51.558,51.599,51.638,51.67,51.704,51.751,51.782,51.81,51.85,51.886,51.929,51.972,52.006,52.044,52.071,52.106,52.13,52.154,52.183,52.215,52.243,52.275,52.313,52.342,52.376,52.415,52.447,52.471,52.504,52.541,52.569,52.599,52.635,52.666,52.714,52.749,52.785,52.817,52.853,52.884,52.917,52.95,52.988,53.022,53.066,53.106,53.137,53.181,53.221,53.263,53.297,53.327,53.365,53.412,53.446,53.486,53.526,53.569,53.616,53.675,53.736,53.789,53.833,53.878,53.963,54.028,54.084,54.169,54.25,54.342,54.431,54.52,54.659,54.793,54.99,55.455,56.37
762,@TPP,48.196,49.403,49.789,50.025,50.195,50.373,50.451,50.562,50.656,50.733,50.822,50.899,50.964,51.036,51.097,51.149,51.203,51.263,51.308,51.374,51.412,51.45,51.482,51.518,51.549,51.587,51.624,51.665,51.694,51.73,51.769,51.8,51.854,51.887,51.93,51.961,51.997,52.044,52.082,52.117,52.131,52.169,52.197,52.239,52.271,52.294,52.319,52.347,52.374,52.403,52.445,52.488,52.528,52.56,52.593,52.628,52.656,52.695,52.728,52.758,52.785,52.818,52.85,52.879,52.92,52.953,52.996,53.029,53.06,53.106,53.142,53.188,53.233,53.273,53.309,53.348,53.371,53.407,53.451,53.478,53.523,53.566,53.605,53.648,53.705,53.773,53.842,53.911,53.954,54.015,54.092,54.155,54.253,54.366,54.456,54.568,54.68,54.842,55.074,55.433,56.296
763,@TPP,48.196,49.403,49.789,50.025,50.195,50.373,50.451,50.562,50.656,50.733,50.822,50.899,50.964,51.036,51.097,51.149,51.203,51.263,51.308,51.374,51.412,51.45,51.482,51.518,51.549,51.587,51.624,51.665,51.694,51.73,51.769,51.8,51.854,51.887,51.93,51.961,51.997,52.044,52.082,52.117,52.131,52.169,52.197,52.239,52.271,52.294,52.319,52.347,52.374,52.403,52.445,52.488,52.528,52.56,52.593,52.628,52.656,52.695,52.728,52.758,52.785,52.818,52.85,52.879,52.92,52.953,52.996,53.029,53.06,53.106,53.142,53.188,53.233,53.273,53.309,53.348,53.371,53.407,53.451,53.478,53.523,53.566,53.605,53.648,53.705,53.773,53.842,53.911,53.954,54.015,54.092,54.155,54.253,54.366,54.456,54.568,54.68,54.842,55.074,55.433,56.296
764,@TPP,48.478,49.398,49.744,50.074,50.23,50.353,50.494,50.574,50.669,50.731,50.803,50.877,50.929,51.0,51.068,51.131,51.189,51.23,51.274,51.316,51.377,51.415,51.466,51.515,51.551,51.584,51.631,51.672,51.718,51.757,51.792,51.825,51.856,51.899,51.932,51.972,52.009,52.046,52.081,52.113,52.149,52.181,52.21,52.245,52.276,52.3,52.328,52.36,52.389,52.417,52.462,52.499,52.53,52.566,52.593,52.627,52.657,52.693,52.725,52.752,52.792,52.826,52.855,52.892,52.932,52.96,52.993,53.024,53.074,53.104,53.143,53.18,53.215,53.261,53.309,53.364,53.4,53.443,53.481,53.517,53.556,53.602,53.652,53.691,53.751,53.805,53.86,53.918,53.986,54.039,54.116,54.21,54.296,54.383,54.478,54.591,54.72,54.881,55.093,55.452,56.297
765,@TPP,48.478,49.398,49.744,50.074,50.23,50.353,50.494,50.574,50.669,50.731,50.803,50.877,50.929,51.0,51.068,51.131,51.189,51.23,51.274,51.316,51.377,51.415,51.466,51.515,51.551,51.584,51.631,51.672,51.718,51.757,51.792,51.825,51.856,51.899,51.932,51.972,52.009,52.046,52.081,52.113,52.149,52.181,52.21,52.245,52.276,52.3,52.328,52.36,52.389,52.417,52.462,52.499,52.53,52.566,52.593,52.627,52.657,52.693,52.725,52.752,52.792,52.826,52.855,52.892,52.932,52.96,52.993,53.024,53.074,53.104,53.143,53.18,53.215,53.261,53.309,53.364,53.4,53.443,53.481,53.517,53.556,53.602,53.652,53.691,53.751,53.805,53.86,53.918,53.986,54.039,54.116,54.21,54.296,54.383,54.478,54.591,54.72,54.881,55.093,55.452,56.297
766,@TPP,48.567,49.366,49.873,50.103,50.243,50.366,50.5,50.591,50.698,50.768,50.841,50.91,50.96,51.023,51.087,51.133,51.186,51.236,51.287,51.334,51.375,51.425,51.468,51.517,51.558,51.602,51.639,51.666,51.707,51.74,51.783,51.828,51.866,51.895,51.922,51.954,51.99,52.018,52.054,52.094,52.132,52.169,52.202,52.233,52.275,52.322,52.356,52.389,52.419,52.454,52.486,52.511,52.538,52.577,52.614,52.647,52.677,52.709,52.742,52.781,52.814,52.843,52.882,52.91,52.938,52.968,53.012,53.053,53.092,53.122,53.161,53.2,53.239,53.278,53.314,53.343,53.384,53.425,53.474,53.534,53.575,53.613,53.658,53.712,53.76,53.81,53.844,53.902,53.96,54.045,54.106,54.204,54.304,54.393,54.509,54.621,54.729,54.888,55.151,55.498,56.396
767,@TPP,48.567,49.366,49.873,50.103,50.243,50.366,50.5,50.591,50.698,50.768,50.841,50.91,50.96,51.023,51.087,51.133,51.186,51.236,51.287,51.334,51.375,51.425,51.468,51.517,51.558,51.602,51.639,51.666,51.707,51.74,51.783,51.828,51.866,51.895,51.922,51.954,51.99,52.018,52.054,52.094,52.132,52.169,52.202,52.233,52.275,52.322,52.356,52.389,52.419,52.454,52.486,52.511,52.538,52.577,52.614,52.647,52.677,52.709,52.742,52.781,52.814,52.843,52.882,52.91,52.938,52.968,53.012,53.053,53.092,53.122,53.161,53.2,53.239,53.278,53.314,53.343,53.384,53.425,53.474,53.534,53.575,53.613,53.658,53.712,53.76,53.81,53.844,53.902,53.96,54.045,54.106,54.204,54.304,54.393,54.509,54.621,54.729,54.888,55.151,55.498,56.396
768,@TPP,48.462,49.442,49.877,50.124,50.262,50.398,50.498,50.59,50.684,50.762,50.833,50.922,50.987,51.042,51.095,51.142,51.189,51.247,51.29,51.331,51.365,51.413,51.456,51.503,51.549,51.589,51.637,51.681,51.726,51.758,51.803,51.837,51.865,51.901,51.934,51.976,52.009,52.047,52.076,52.109,52.143,52.188,52.221,52.263,52.297,52.329,52.355,52.382,52.409,52.438,52.493,52.524,52.559,52.592,52.626,52.661,52.693,52.724,52.757,52.798,52.826,52.872,52.902,52.938,52.974,53.013,53.046,53.08,53.117,53.152,53.189,53.222,53.258,53.298,53.331,53.373,53.405,53.441,53.492,53.54,53.583,53.643,53.683,53.728,53.778,53.838,53.886,53.93,54.01,54.089,54.153,54.215,54.31,54.428,54.547,54.64,54.765,54.908,55.148,55.424,56.54
769,@TPP,48.462,49.442,49.877,50.124,50.262,50.398,50.498,50.59,50.684,50.762,50.833,50.922,50.987,51.042,51.095,51.142,51.189,51.247,51.29,51.331,51.365,51.413,51.456,51.503,51.549,51.589,51.637,51.681,51.726,51.758,51.803,51.837,51.865,51.901,51.934,51.976,52.009,52.047,52.076,52.109,52.143,52.188,52.221,52.263,52.297,52.329,52.355,52.382,52.409,52.438,52.493,52.524,52.559,52.592,52.626,52.661,52.693,52.724,52.757,52.798,52.826,52.872,52.902,52.938,52.974,53.013,53.046,53.08,53.117,53.152,53.189,53.222,53.258,53.298,53.331,53.373,53.405,53.441,53.492,53.54,53.583,53.643,53.683,53.728,53.778,53.838,53.886,53.93,54.01,54.089,54.153,54.215,54.31,54.428,54.547,54.64,54.765,54.908,55.148,55.424,56.54
770,@TPP,48.569,49.435,49.861,50.1,50.24,50.378,50.482,50.58,50.68,50.741,50.809,50.875,50.945,51.022,51.081,51.142,51.196,51.255,51.301,51.349,51.398,51.447,51.49,51.527,51.565,51.604,51.636,51.679,51.729,51.768,51.818,51.851,51.889,51.935,51.974,52.004,52.035,52.07,52.105,52.143,52.172,52.195,52.223,52.253,52.293,52.325,52.367,52.398,52.435,52.466,52.496,52.534,52.569,52.601,52.629,52.672,52.71,52.74,52.767,52.802,52.83,52.865,52.902,52.938,52.972,53.008,53.058,53.093,53.125,53.165,53.203,53.239,53.266,53.305,53.352,53.393,53.446,53.478,53.525,53.557,53.612,53.659,53.707,53.756,53.799,53.861,53.908,53.961,54.014,54.083,54.14,54.204,54.302,54.391,54.49,54.618,54.745,54.855,55.089,55.459,56.702
771,@TPP,48.569,49.435,49.861,50.1,50.24,50.378,50.482,50.58,50.68,50.741,50.809,50.875,50.945,51.022,51.081,51.142,51.196,51.255,51.301,51.349,51.398,51.447,51.49,51.527,51.565,51.604,51.636,51.679,51.729,51.768,51.818,51.851,51.889,51.935,51.974,52.004,52.035,52.07,52.105,52.143,52.172,52.195,52.223,52.253,52.293,52.325,52.367,52.398,52.435,52.466,52.496,52.534,52.569,52.601,52.629,52.672,52.71,52.74,52.767,52.802,52.83,52.865,52.902,52.938,52.972,53.008,53.058,53.093,53.125,53.165,53.203,53.239,53.266,53.305,53.352,53.393,53.446,53.478,53.525,53.557,53.612,53.659,53.707,53.756,53.799,53.861,53.908,53.961,54.014,54.083,54.14,54.204,54.302,54.391,54.49,54.618,54.745,54.855,55.089,55.459,56.702
772,@TPP,48.55,49.498,49.818,50.075,50.225,50.397,50.514,50.606,50.697,50.771,50.849,50.902,50.967,51.036,51.099,51.146,51.213,51.264,51.307,51.367,51.411,51.465,51.512,51.546,51.581,51.612,51.655,51.694,51.739,51.779,51.815,51.845,51.882,51.92,51.971,52.005,52.038,52.076,52.109,52.141,52.171,52.217,52.247,52.28,52.31,52.349,52.383,52.423,52.453,52.484,52.518,52.551,52.589,52.62,52.648,52.674,52.71,52.744,52.771,52.813,52.845,52.881,52.911,52.95,52.989,53.013,53.039,53.072,53.115,53.153,53.193,53.241,53.272,53.308,53.338,53.381,53.422,53.466,53.508,53.553,53.595,53.636,53.696,53.764,53.808,53.871,53.931,53.993,54.028,54.115,54.178,54.258,54.333,54.404,54.511,54.644,54.776,54.943,55.165,55.443,56.401
773,@TPP,48.55,49.498,49.818,50.075,50.225,50.397,50.514,50.606,50.697,50.771,50.849,50.902,50.967,51.036,51.099,51.146,51.213,51.264,51.307,51.367,51.411,51.465,51.512,51.546,51.581,51.612,51.655,51.694,51.739,51.779,51.815,51.845,51.882,51.92,51.971,52.005,52.038,52.076,52.109,52.141,52.171,52.217,52.247,52.28,52.31,52.349,52.383,52.423,52.453,52.484,52.518,52.551,52.589,52.62,52.648,52.674,52.71,52.744,52.771,52.813,52.845,52.881,52.911,52.95,52.989,53.013,53.039,53.072,53.115,53.153,53.193,53.241,53.272,53.308,53.338,53.381,53.422,53.466,53.508,53.553,53.595,53.636,53.696,53.764,53.808,53.871,53.931,53.993,54.028,54.115,54.178,54.258,54.333,54.404,54.511,54.644,54.776,54.943,55.165,55.443,56.401
774,@TPP,48.63,49.557,49.835,50.028,50.227,50.427,50.513,50.618,50.73,50.791,50.845,50.92,50.978,51.056,51.123,51.172,51.214,51.264,51.32,51.366,51.4,51.459,51.511,51.551,51.601,51.641,51.685,51.726,51.758,51.801,51.846,51.892,51.916,51.95,51.979,52.011,52.044,52.086,52.129,52.162,52.197,52.231,52.266,52.304,52.334,52.37,52.396,52.426,52.455,52.493,52.518,52.552,52.583,52.619,52.649,52.684,52.717,52.745,52.781,52.816,52.846,52.875,52.908,52.942,52.981,53.014,53.044,53.079,53.118,53.155,53.18,53.22,53.264,53.297,53.34,53.387,53.43,53.474,53.519,53.55,53.6,53.651,53.704,53.761,53.822,53.87,53.942,53.998,54.068,54.117,54.18,54.246,54.318,54.403,54.566,54.719,54.845,54.959,55.172,55.575,56.511
775,@TPP,48.63,49.557,49.835,50.028,50.227,50.427,50.513,50.618,50.73,50.791,50.845,50.92,50.978,51.056,51.123,51.172,51.214,51.264,51.32,51.366,51.4,51.459,51.511,51.551,51.601,51.641,51.685,51.726,51.758,51.801,51.846,51.892,51.916,51.95,51.979,52.011,52.044,52.086,52.129,52.162,52.197,52.231,52.266,52.304,52.334,52.37,52.396,52.426,52.455,52.493,52.518,52.552,52.583,52.619,52.649,52.684,52.717,52.745,52.781,52.816,52.846,52.875,52.908,52.942,52.981,53.014,53.044,53.079,53.118,53.155,53.18,53.22,53.264,53.297,53.34,53.387,53.43,53.474,53.519,53.55,53.6,53.651,53.704,53.761,53.822,53.87,53.942,53.998,54.068,54.117,54.18,54.246,54.318,54.403,54.566,54.719,54.845,54.959,55.172,55.575,56.511
776,@TPP,48.594,49.485,49.839,50.091,50.3,50.379,50.48,50.563,50.647,50.728,50.82,50.896,50.971,51.058,51.127,51.19,51.24,51.292,51.33,51.383,51.424,51.465,51.504,51.556,51.6,51.644,51.686,51.713,51.751,51.786,51.819,51.862,51.9,51.936,51.973,52.011,52.047,52.076,52.117,52.172,52.215,52.251,52.274,52.308,52.341,52.386,52.422,52.449,52.479,52.506,52.533,52.573,52.597,52.618,52.66,52.695,52.734,52.767,52.792,52.826,52.851,52.883,52.91,52.952,52.98,53.016,53.044,53.072,53.108,53.145,53.177,53.207,53.25,53.29,53.33,53.375,53.434,53.478,53.528,53.562,53.61,53.667,53.711,53.75,53.804,53.861,53.919,53.995,54.053,54.128,54.191,54.272,54.361,54.432,54.518,54.614,54.78,54.981,55.242,55.658,56.525
777,@TPP,48.594,49.485,49.839,50.091,50.3,50.379,50.48,50.563,50.647,50.728,50.82,50.896,50.971,51.058,51.127,51.19,51.24,51.292,51.33,51.383,51.424,51.465,51.504,51.556,51.6,51.644,51.686,51.713,51.751,51.786,51.819,51.862,51.9,51.936,51.973,52.011,52.047,52.076,52.117,52.172,52.215,52.251,52.274,52.308,52.341,52.386,52.422,52.449,52.479,52.506,52.533,52.573,52.597,52.618,52.66,52.695,52.734,52.767,52.792,52.826,52.851,52.883,52.91,52.952,52.98,53.016,53.044,53.072,53.108,53.145,53.177,53.207,53.25,53.29,53.33,53.375,53.434,53.478,53.528,53.562,53.61,53.667,53.711,53.75,53.804,53.861,53.919,53.995,54.053,54.128,54.191,54.272,54.361,54.432,54.518,54.614,54.78,54.981,55.242,55.658,56.525
778,@TPP,48.796,49.565,49.923,50.101,50.271,50.423,50.515,50.607,50.711,50.78,50.851,50.924,50.987,51.069,51.149,51.218,51.276,51.322,51.374,51.425,51.457,51.51,51.546,51.58,51.616,51.661,51.696,51.728,51.774,51.811,51.848,51.884,51.934,51.975,52.005,52.046,52.072,52.11,52.145,52.177,52.204,52.243,52.278,52.314,52.345,52.374,52.409,52.446,52.474,52.507,52.543,52.579,52.605,52.634,52.665,52.7,52.733,52.759,52.79,52.819,52.845,52.883,52.92,52.957,52.99,53.022,53.046,53.069,53.104,53.148,53.189,53.23,53.256,53.29,53.336,53.376,53.418,53.456,53.506,53.557,53.607,53.661,53.711,53.765,53.811,53.864,53.923,53.98,54.043,54.107,54.172,54.259,54.351,54.486,54.536,54.653,54.847,55.023,55.219,55.5,56.374
779,@TPP,48.796,49.565,49.923,50.101,50.271,50.423,50.515,50.607,50.711,50.78,50.851,50.924,50.987,51.069,51.149,51.218,51.276,51.322,51.374,51.425,51.457,51.51,51.546,51.58,51.616,51.661,51.696,51.728,51.774,51.811,51.848,51.884,51.934,51.975,52.005,52.046,52.072,52.11,52.145,52.177,52.204,52.243,52.278,52.314,52.345,52.374,52.409,52.446,52.474,52.507,52.543,52.579,52.605,52.634,52.665,52.7,52.733,52.759,52.79,52.819,52.845,52.883,52.92,52.957,52.99,53.022,53.046,53.069,53.104,53.148,53.189,53.23,53.256,53.29,53.336,53.376,53.418,53.456,53.506,53.557,53.607,53.661,53.711,53.765,53.811,53.864,53.923,53.98,54.043,54.107,54.172,54.259,54.351,54.486,54.536,54.653,54.847,55.023,55.219,55.5,56.374
780,@TPP,48.796,49.495,49.853,50.077,50.296,50.409,50.513,50.655,50.733,50.833,50.904,50.99,51.042,51.111,51.166,51.226,51.269,51.33,51.374,51.408,51.476,51.521,51.564,51.611,51.651,51.693,51.732,51.772,51.813,51.843,51.878,51.915,51.953,51.979,52.015,52.049,52.091,52.123,52.159,52.19,52.226,52.268,52.304,52.341,52.373,52.407,52.436,52.464,52.494,52.522,52.55,52.578,52.607,52.644,52.673,52.701,52.742,52.778,52.813,52.843,52.876,52.906,52.931,52.968,53.0,53.032,53.057,53.088,53.119,53.158,53.183,53.226,53.261,53.305,53.338,53.372,53.409,53.46,53.508,53.557,53.611,53.66,53.702,53.756,53.827,53.89,53.936,53.998,54.067,54.135,54.193,54.262,54.338,54.418,54.545,54.667,54.828,54.998,55.197,55.511,56.395
781,@TPP,48.796,49.495,49.853,50.077,50.296,50.409,50.513,50.655,50.733,50.833,50.904,50.99,51.042,51.111,51.166,51.226,51.269,51.33,51.374,51.408,51.476,51.521,51.564,51.611,51.651,51.693,51.732,51.772,51.813,51.843,51.878,51.915,51.953,51.979,52.015,52.049,52.091,52.123,52.159,52.19,52.226,52.268,52.304,52.341,52.373,52.407,52.436,52.464,52.494,52.522,52.55,52.578,52.607,52.644,52.673,52.701,52.742,52.778,52.813,52.843,52.876,52.906,52.931,52.968,53.0,53.032,53.057,53.088,53.119,53.158,53.183,53.226,53.261,53.305,53.338,53.372,53.409,53.46,53.508,53.557,53.611,53.66,53.702,53.756,53.827,53.89,53.936,53.998,54.067,54.135,54.193,54.262,54.338,54.418,54.545,54.667,54.828,54.998,55.197,55.511,56.395
782,@TPP,48.765,49.617,49.932,50.12,50.294,50.453,50.555,50.683,50.773,50.857,50.948,51.003,51.062,51.129,51.188,51.25,51.302,51.346,51.394,51.43,51.471,51.518,51.557,51.597,51.64,51.685,51.732,51.779,51.824,51.861,51.897,51.943,51.976,52.009,52.038,52.072,52.1,52.14,52.173,52.209,52.233,52.265,52.301,52.336,52.368,52.398,52.44,52.478,52.513,52.54,52.572,52.596,52.626,52.653,52.685,52.726,52.758,52.793,52.828,52.857,52.885,52.924,52.946,52.987,53.007,53.026,53.063,53.089,53.128,53.171,53.202,53.243,53.277,53.31,53.363,53.4,53.44,53.486,53.521,53.567,53.604,53.659,53.71,53.756,53.805,53.862,53.926,53.987,54.038,54.096,54.175,54.245,54.328,54.415,54.528,54.654,54.772,54.919,55.107,55.458,56.316
783,@TPP,48.765,49.617,49.932,50.12,50.294,50.453,50.555,50.683,50.773,50.857,50.948,51.003,51.062,51.129,51.188,51.25,51.302,51.346,51.394,51.43,51.471,51.518,51.557,51.597,51.64,51.685,51.732,51.779,51.824,51.861,51.897,51.943,51.976,52.009,52.038,52.072,52.1,52.14,52.173,52.209,52.233,52.265,52.301,52.336,52.368,52.398,52.44,52.478,52.513,52.54,52.572,52.596,52.626,52.653,52.685,52.726,52.758,52.793,52.828,52.857,52.885,52.924,52.946,52.987,53.007,53.026,53.063,53.089,53.128,53.171,53.202,53.243,53.277,53.31,53.363,53.4,53.44,53.486,53.521,53.567,53.604,53.659,53.71,53.756,53.805,53.862,53.926,53.987,54.038,54.096,54.175,54.245,54.328,54.415,54.528,54.654,54.772,54.919,55.107,55.458,56.316
784,@TPP,48.608,49.601,49.974,50.178,50.345,50.511,50.62,50.719,50.799,50.884,50.953,51.041,51.11,51.159,51.214,51.268,51.316,51.352,51.401,51.462,51.513,51.557,51.596,51.634,51.673,51.71,51.75,51.789,51.824,51.863,51.904,51.938,51.975,52.014,52.052,52.079,52.107,52.141,52.179,52.215,52.248,52.283,52.32,52.358,52.39,52.419,52.45,52.487,52.515,52.548,52.583,52.617,52.637,52.665,52.695,52.726,52.755,52.784,52.813,52.85,52.882,52.916,52.942,52.972,53.003,53.037,53.075,53.11,53.144,53.176,53.217,53.259,53.303,53.349,53.374,53.411,53.46,53.503,53.539,53.588,53.626,53.681,53.729,53.772,53.814,53.857,53.898,53.958,54.034,54.091,54.184,54.253,54.324,54.423,54.505,54.618,54.744,54.916,55.073,55.445,56.428
785,@TPP,48.608,49.601,49.974,50.178,50.345,50.511,50.62,50.719,50.799,50.884,50.953,51.041,51.11,51.159,51.214,51.268,51.316,51.352,51.401,51.462,51.513,51.557,51.596,51.634,51.673,51.71,51.75,51.789,51.824,51.863,51.904,51.938,51.975,52.014,52.052,52.079,52.107,52.141,52.179,52.215,52.248,52.283,52.32,52.358,52.39,52.419,52.45,52.487,52.515,52.548,52.583,52.617,52.637,52.665,52.695,52.726,52.755,52.784,52.813,52.85,52.882,52.916,52.942,52.972,53.003,53.037,53.075,53.11,53.144,53.176,53.217,53.259,53.303,53.349,53.374,53.411,53.46,53.503,53.539,53.588,53.626,53.681,53.729,53.772,53.814,53.857,53.898,53.958,54.034,54.091,54.184,54.253,54.324,54.423,54.505,54.618,54.744,54.916,55.073,55.445,56.428
786,@TPP,48.73,49.595,50.009,50.183,50.34,50.461,50.596,50.702,50.8,50.881,50.953,51.029,51.093,51.153,51.204,51.263,51.318,51.386,51.446,51.497,51.537,51.573,51.623,51.669,51.705,51.731,51.774,51.809,51.843,51.887,51.929,51.969,52.007,52.044,52.084,52.119,52.154,52.188,52.219,52.253,52.279,52.304,52.331,52.375,52.406,52.442,52.474,52.499,52.53,52.551,52.577,52.604,52.637,52.664,52.694,52.719,52.748,52.785,52.817,52.846,52.883,52.911,52.951,52.974,53.005,53.042,53.076,53.115,53.147,53.18,53.211,53.245,53.277,53.317,53.362,53.402,53.443,53.48,53.529,53.575,53.621,53.657,53.695,53.737,53.782,53.838,53.884,53.943,54.007,54.053,54.128,54.188,54.29,54.378,54.473,54.588,54.711,54.847,55.119,55.454,56.389
787,@TPP,48.73,49.595,50.009,50.183,50.34,50.461,50.596,50.702,50.8,50.881,50.953,51.029,51.093,51.153,51.204,51.263,51.318,51.386,51.446,51.497,51.537,51.573,51.623,51.669,51.705,51.731,51.774,51.809,51.843,51.887,51.929,51.969,52.007,52.044,52.084,52.119,52.154,52.188,52.219,52.253,52.279,52.304,52.331,52.375,52.406,52.442,52.474,52.499,52.53,52.551,52.577,52.604,52.637,52.664,52.694,52.719,52.748,52.785,52.817,52.846,52.883,52.911,52.951,52.974,53.005,53.042,53.076,53.115,53.147,53.18,53.211,53.245,53.277,53.317,53.362,53.402,53.443,53.48,53.529,53.575,53.621,53.657,53.695,53.737,53.782,53.838,53.884,53.943,54.007,54.053,54.128,54.188,54.29,54.378,54.473,54.588,54.711,54.847,55.119,55.454,56.389
788,@TPP,48.803,49.744,50.088,50.271,50.429,50.53,50.65,50.729,50.834,50.943,51.024,51.092,51.168,51.221,51.262,51.308,51.351,51.402,51.469,51.509,51.546,51.587,51.623,51.659,51.696,51.744,51.786,51.824,51.859,51.897,51.932,51.963,52.007,52.046,52.087,52.119,52.157,52.187,52.212,52.243,52.271,52.313,52.351,52.38,52.415,52.445,52.47,52.497,52.521,52.552,52.588,52.612,52.645,52.675,52.698,52.733,52.76,52.782,52.805,52.832,52.869,52.909,52.945,52.973,53.003,53.037,53.074,53.11,53.144,53.169,53.207,53.239,53.272,53.31,53.356,53.393,53.447,53.492,53.53,53.566,53.611,53.65,53.703,53.757,53.804,53.86,53.908,53.964,54.021,54.09,54.152,54.232,54.287,54.362,54.44,54.547,54.667,54.857,55.065,55.327,56.508
789,@TPP,48.803,49.744,50.088,50.271,50.429,50.53,50.65,50.729,50.834,50.943,51.024,51.092,51.168,51.221,51.262,51.308,51.351,51.402,51.469,51.509,51.546,51.587,51.623,51.659,51.696,51.744,51.786,51.824,51.859,51.897,51.932,51.963,52.007,52.046,52.087,52.119,52.157,52.187,52.212,52.243,52.271,52.313,52.351,52.38,52.415,52.445,52.47,52.497,52.521,52.552,52.588,52.612,52.645,52.675,52.698,52.733,52.76,52.782,52.805,52.832,52.869,52.909,52.945,52.973,53.003,53.037,53.074,53.11,53.144,53.169,53.207,53.239,53.272,53.31,53.356,53.393,53.447,53.492,53.53,53.566,53.611,53.65,53.703,53.757,53.804,53.86,53.908,53.964,54.021,54.09,54.152,54.232,54.287,54.362,54.44,54.547,54.667,54.857,55.065,55.327,56.508
790,@TPP,49.012,49.806,50.059,50.309,50.43,50.591,50.69,50.79,50.882,50.972,51.042,51.124,51.189,51.235,51.295,51.351,51.397,51.435,51.497,51.538,51.573,51.629,51.679,51.722,51.761,51.792,51.829,51.856,51.896,51.931,51.966,52.003,52.043,52.07,52.104,52.139,52.179,52.206,52.241,52.263,52.293,52.327,52.358,52.387,52.419,52.445,52.475,52.506,52.543,52.566,52.587,52.619,52.647,52.683,52.719,52.746,52.774,52.807,52.839,52.868,52.893,52.924,52.964,52.992,53.03,53.064,53.09,53.118,53.147,53.18,53.218,53.249,53.28,53.309,53.352,53.387,53.424,53.472,53.508,53.542,53.581,53.629,53.672,53.73,53.798,53.853,53.911,53.971,54.029,54.086,54.136,54.19,54.269,54.352,54.456,54.568,54.685,54.796,55.017,55.333,56.405
791,@TPP,49.012,49.806,50.059,50.309,50.43,50.591,50.69,50.79,50.882,50.972,51.042,51.124,51.189,51.235,51.295,51.351,51.397,51.435,51.497,51.538,51.573,51.629,51.679,51.722,51.761,51.792,51.829,51.856,51.896,51.931,51.966,52.003,52.043,52.07,52.104,52.139,52.179,52.206,52.241,52.263,52.293,52.327,52.358,52.387,52.419,52.445,52.475,52.506,52.543,52.566,52.587,52.619,52.647,52.683,52.719,52.746,52.774,52.807,52.839,52.868,52.893,52.924,52.964,52.992,53.03,53.064,53.09,53.118,53.147,53.18,53.218,53.249,53.28,53.309,53.352,53.387,53.424,53.472,53.508,53.542,53.581,53.629,53.672,53.73,53.798,53.853,53.911,53.971,54.029,54.086,54.136,54.19,54.269,54.352,54.456,54.568,54.685,54.796,55.017,55.333,56.405
792,@TPP,48.918,49.848,50.189,50.378,50.5,50.608,50.733,50.839,50.923,51.007,51.074,51.14,51.197,51.249,51.292,51.34,51.389,51.437,51.491,51.535,51.579,51.631,51.688,51.736,51.769,51.805,51.848,51.884,51.917,51.953,51.988,52.029,52.064,52.086,52.106,52.14,52.17,52.198,52.225,52.262,52.301,52.325,52.355,52.386,52.412,52.456,52.477,52.506,52.528,52.554,52.575,52.616,52.642,52.672,52.703,52.727,52.745,52.781,52.818,52.849,52.879,52.911,52.939,52.976,53.012,53.041,53.068,53.113,53.139,53.179,53.213,53.263,53.292,53.335,53.366,53.405,53.444,53.487,53.514,53.554,53.597,53.638,53.692,53.739,53.799,53.852,53.908,53.959,54.017,54.074,54.124,54.195,54.276,54.344,54.43,54.502,54.616,54.777,54.987,55.282,56.105
793,@TPP,48.918,49.848,50.189,50.378,50.5,50.608,50.733,50.839,50.923,51.007,51.074,51.14,51.197,51.249,51.292,51.34,51.389,51.437,51.491,51.535,51.579,51.631,51.688,51.736,51.769,51.805,51.848,51.884,51.917,51.953,51.988,52.029,52.064,52.086,52.106,52.14,52.17,52.198,52.225,52.262,52.301,52.325,52.355,52.386,52.412,52.456,52.477,52.506,52.528,52.554,52.575,52.616,52.642,52.672,52.703,52.727,52.745,52.781,52.818,52.849,52.879,52.911,52.939,52.976,53.012,53.041,53.068,53.113,53.139,53.179,53.213,53.263,53.292,53.335,53.366,53.405,53.444,53.487,53.514,53.554,53.597,53.638,53.692,53.739,53.799,53.852,53.908,53.959,54.017,54.074,54.124,54.195,54.276,54.344,54.43,54.502,54.616,54.777,54.987,55.282,56.105
794,@TPP,49.062,49.955,50.247,50.419,50.552,50.657,50.773,50.854,50.928,51.019,51.09,51.15,51.204,51.269,51.321,51.377,51.428,51.496,51.543,51.581,51.614,51.651,51.688,51.729,51.767,51.798,51.834,51.867,51.905,51.942,51.987,52.027,52.063,52.097,52.128,52.156,52.188,52.222,52.249,52.283,52.307,52.344,52.383,52.407,52.431,52.454,52.48,52.507,52.538,52.566,52.593,52.62,52.648,52.676,52.705,52.735,52.768,52.799,52.826,52.853,52.879,52.904,52.934,52.967,52.995,53.031,53.06,53.094,53.122,53.146,53.177,53.21,53.25,53.292,53.332,53.37,53.418,53.454,53.496,53.541,53.599,53.645,53.681,53.72,53.757,53.794,53.854,53.911,53.959,54.031,54.094,54.169,54.237,54.306,54.377,54.475,54.583,54.719,54.963,55.316,56.052
795,@TPP,49.062,49.955,50.247,50.419,50.552,50.657,50.773,50.854,50.928,51.019,51.09,51.15,51.204,51.269,51.321,51.377,51.428,51.496,51.543,51.581,51.614,51.651,51.688,51.729,51.767,51.798,51.834,51.867,51.905,51.942,51.987,52.027,52.063,52.097,52.128,52.156,52.188,52.222,52.249,52.283,52.307,52.344,52.383,52.407,52.431,52.454,52.48,52.507,52.538,52.566,52.593,52.62,52.648,52.676,52.705,52.735,52.768,52.799,52.826,52.853,52.879,52.904,52.934,52.967,52.995,53.031,53.06,53.094,53.122,53.146,53.177,53.21,53.25,53.292,53.332,53.37,53.418,53.454,53.496,53.541,53.599,53.645,53.681,53.72,53.757,53.794,53.854,53.911,53.959,54.031,54.094,54.169,54.237,54.306,54.377,54.475,54.583,54.719,54.963,55.316,56.052
796,@TPP,49.185,50.015,50.305,50.472,50.602,50.71,50.82,50.907,50.98,51.036,51.108,51.179,51.245,51.296,51.348,51.394,51.44,51.504,51.545,51.591,51.633,51.685,51.722,51.776,51.811,51.845,51.886,51.917,51.949,51.981,52.013,52.043,52.074,52.105,52.141,52.171,52.2,52.225,52.252,52.286,52.32,52.343,52.366,52.395,52.421,52.453,52.479,52.498,52.52,52.545,52.571,52.601,52.632,52.664,52.69,52.716,52.746,52.783,52.811,52.849,52.875,52.906,52.934,52.957,52.985,53.019,53.053,53.084,53.12,53.167,53.206,53.238,53.277,53.309,53.343,53.377,53.425,53.469,53.52,53.55,53.583,53.624,53.658,53.708,53.745,53.785,53.832,53.884,53.93,53.988,54.053,54.117,54.183,54.259,54.354,54.464,54.603,54.692,54.937,55.254,56.008
797,@TPP,49.185,50.015,50.305,50.472,50.602,50.71,50.82,50.907,50.98,51.036,51.108,51.179,51.245,51.296,51.348,51.394,51.44,51.504,51.545,51.591,51.633,51.685,51.722,51.776,51.811,51.845,51.886,51.917,51.949,51.981,52.013,52.043,52.074,52.105,52.141,52.171,52.2,52.225,52.252,52.286,52.32,52.343,52.366,52.395,52.421,52.453,52.479,52.498,52.52,52.545,52.571,52.601,52.632,52.664,52.69,52.716,52.746,52.783,52.811,52.849,52.875,52.906,52.934,52.957,52.985,53.019,53.053,53.084,53.12,53.167,53.206,53.238,53.277,53.309,53.343,53.377,53.425,53.469,53.52,53.55,53.583,53.624,53.658,53.708,53.745,53.785,53.832,53.884,53.93,53.988,54.053,54.117,54.183,54.259,54.354,54.464,54.603,54.692,54.937,55.254,56.008
798,@TPP,49.168,49.964,50.345,50.541,50.695,50.802,50.908,50.975,51.043,51.12,51.185,51.239,51.302,51.36,51.421,51.467,51.517,51.573,51.611,51.658,51.699,51.735,51.774,51.809,51.851,51.887,51.917,51.942,51.975,52.012,52.044,52.071,52.1,52.135,52.155,52.184,52.202,52.225,52.255,52.28,52.313,52.347,52.366,52.39,52.427,52.459,52.49,52.514,52.54,52.571,52.6,52.627,52.655,52.679,52.708,52.731,52.757,52.788,52.824,52.849,52.881,52.905,52.937,52.968,52.996,53.032,53.066,53.101,53.133,53.16,53.186,53.227,53.255,53.293,53.332,53.379,53.41,53.44,53.488,53.523,53.558,53.597,53.634,53.678,53.723,53.78,53.829,53.867,53.922,53.968,54.014,54.088,54.184,54.253,54.319,54.405,54.579,54.714,54.877,55.119,55.778
799,@TPP,49.168,49.964,50.345,50.541,50.695,50.802,50.908,50.975,51.043,51.12,51.185,51.239,51.302,51.36,51.421,51.467,51.517,51.573,51.611,51.658,51.699,51.735,51.774,51.809,51.851,51.887,51.917,51.942,51.975,52.012,52.044,52.071,52.1,52.135,52.155,52.184,52.202,52.225,52.255,52.28,52.313,52.347,52.366,52.39,52.427,52.459,52.49,52.514,52.54,52.571,52.6,52.627,52.655,52.679,52.708,52.731,52.757,52.788,52.824,52.849,52.881,52.905,52.937,52.968,52.996,53.032,53.066,53.101,53.133,53.16,53.186,53.227,53.255,53.293,53.332,53.379,53.41,53.44,53.488,53.523,53.558,53.597,53.634,53.678,53.723,53.78,53.829,53.867,53.922,53.968,54.014,54.088,54.184,54.253,54.319,54.405,54.579,54.714,54.877,55.119,55.778
800,@TPP,49.359,50.134,50.424,50.651,50.732,50.841,50.95,51.024,51.115,51.173,51.237,51.301,51.363,51.411,51.474,51.528,51.568,51.628,51.659,51.706,51.751,51.78,51.819,51.853,51.884,51.921,51.953,51.984,52.006,52.043,52.069,52.097,52.127,52.158,52.187,52.213,52.242,52.265,52.299,52.325,52.36,52.383,52.408,52.431,52.457,52.488,52.518,52.547,52.57,52.59,52.613,52.642,52.661,52.682,52.712,52.734,52.762,52.787,52.818,52.845,52.87,52.902,52.927,52.954,52.988,53.016,53.047,53.079,53.108,53.141,53.176,53.218,53.248,53.279,53.312,53.345,53.377,53.414,53.446,53.492,53.522,53.555,53.588,53.632,53.678,53.738,53.785,53.843,53.899,53.974,54.047,54.09,54.149,54.226,54.307,54.43,54.558,54.681,54.836,55.151,55.734
801,@TPP,49.359,50.134,50.424,50.651,50.732,50.841,50.95,51.024,51.115,51.173,51.237,51.301,51.363,51.411,51.474,51.528,51.568,51.628,51.659,51.706,51.751,51.78,51.819,51.853,51.884,51.921,51.953,51.984,52.006,52.043,52.069,52.097,52.127,52.158,52.187,52.213,52.242,52.265,52.299,52.325,52.36,52.383,52.408,52.431,52.457,52.488,52.518,52.547,52.57,52.59,52.613,52.642,52.661,52.682,52.712,52.734,52.762,52.787,52.818,52.845,52.87,52.902,52.927,52.954,52.988,53.016,53.047,53.079,53.108,53.141,53.176,53.218,53.248,53.279,53.312,53.345,53.377,53.414,53.446,53.492,53.522,53.555,53.588,53.632,53.678,53.738,53.785,53.843,53.899,53.974,54.047,54.09,54.149,54.226,54.307,54.43,54.558,54.681,54.836,55.151,55.734
802,@TPP,49.445,50.191,50.464,50.633,50.795,50.92,51.038,51.125,51.216,51.289,51.349,51.399,51.457,51.495,51.54,51.576,51.616,51.657,51.693,51.736,51.767,51.805,51.839,51.874,51.906,51.934,51.965,52.0,52.033,52.056,52.083,52.117,52.149,52.178,52.207,52.246,52.271,52.302,52.328,52.361,52.384,52.407,52.431,52.461,52.484,52.508,52.536,52.562,52.588,52.612,52.64,52.662,52.686,52.715,52.743,52.767,52.797,52.823,52.843,52.864,52.896,52.919,52.94,52.966,52.991,53.018,53.052,53.076,53.104,53.129,53.171,53.201,53.237,53.274,53.303,53.338,53.372,53.401,53.431,53.465,53.512,53.55,53.597,53.633,53.666,53.7,53.75,53.804,53.847,53.889,53.954,54.033,54.104,54.183,54.257,54.37,54.479,54.628,54.804,55.091,55.666
803,@TPP,49.445,50.191,50.464,50.633,50.795,50.92,51.038,51.125,51.216,51.289,51.349,51.399,51.457,51.495,51.54,51.576,51.616,51.657,51.693,51.736,51.767,51.805,51.839,51.874,51.906,51.934,51.965,52.0,52.033,52.056,52.083,52.117,52.149,52.178,52.207,52.246,52.271,52.302,52.328,52.361,52.384,52.407,52.431,52.461,52.484,52.508,52.536,52.562,52.588,52.612,52.64,52.662,52.686,52.715,52.743,52.767,52.797,52.823,52.843,52.864,52.896,52.919,52.94,52.966,52.991,53.018,53.052,53.076,53.104,53.129,53.171,53.201,53.237,53.274,53.303,53.338,53.372,53.401,53.431,53.465,53.512,53.55,53.597,53.633,53.666,53.7,53.75,53.804,53.847,53.889,53.954,54.033,54.104,54.183,54.257,54.37,54.479,54.628,54.804,55.091,55.666
804,@TPP,49.306,50.095,50.427,50.61,50.766,50.917,51.02,51.108,51.176,51.252,51.318,51.387,51.438,51.483,51.52,51.553,51.597,51.645,51.683,51.722,51.764,51.799,51.838,51.868,51.901,51.93,51.962,51.993,52.027,52.052,52.084,52.12,52.14,52.169,52.204,52.228,52.258,52.287,52.31,52.333,52.366,52.395,52.427,52.453,52.468,52.511,52.532,52.561,52.583,52.606,52.624,52.651,52.68,52.706,52.725,52.748,52.777,52.811,52.838,52.865,52.892,52.922,52.952,52.984,53.005,53.026,53.059,53.08,53.108,53.138,53.168,53.196,53.233,53.272,53.307,53.341,53.375,53.41,53.446,53.475,53.509,53.546,53.588,53.635,53.678,53.713,53.757,53.812,53.862,53.916,53.985,54.037,54.105,54.204,54.286,54.386,54.48,54.601,54.76,55.069,55.864
805,@TPP,49.306,50.095,50.427,50.61,50.766,50.917,51.02,51.108,51.176,51.252,51.318,51.387,51.438,51.483,51.52,51.553,51.597,51.645,51.683,51.722,51.764,51.799,51.838,51.868,51.901,51.93,51.962,51.993,52.027,52.052,52.084,52.12,52.14,52.169,52.204,52.228,52.258,52.287,52.31,52.333,52.366,52.395,52.427,52.453,52.468,52.511,52.532,52.561,52.583,52.606,52.624,52.651,52.68,52.706,52.725,52.748,52.777,52.811,52.838,52.865,52.892,52.922,52.952,52.984,53.005,53.026,53.059,53.08,53.108,53.138,53.168,53.196,53.233,53.272,53.307,53.341,53.375,53.41,53.446,53.475,53.509,53.546,53.588,53.635,53.678,53.713,53.757,53.812,53.862,53.916,53.985,54.037,54.105,54.204,54.286,54.386,54.48,54.601,54.76,55.069,55.864
806,@TPP,49.259,50.117,50.42,50.632,50.747,50.88,50.969,51.064,51.15,51.238,51.323,51.368,51.421,51.459,51.501,51.542,51.584,51.629,51.674,51.715,51.749,51.793,51.831,51.867,51.902,51.936,51.964,51.989,52.019,52.045,52.071,52.103,52.136,52.157,52.183,52.219,52.25,52.277,52.307,52.333,52.357,52.379,52.409,52.44,52.471,52.496,52.521,52.542,52.567,52.588,52.614,52.641,52.66,52.684,52.711,52.739,52.762,52.789,52.819,52.846,52.875,52.907,52.933,52.955,52.978,53.008,53.04,53.083,53.113,53.147,53.18,53.218,53.244,53.268,53.292,53.332,53.363,53.392,53.424,53.47,53.499,53.536,53.566,53.605,53.643,53.693,53.728,53.773,53.832,53.886,53.961,54.019,54.095,54.171,54.242,54.353,54.464,54.609,54.799,55.099,55.876
807,@TPP,49.259,50.117,50.42,50.632,50.747,50.88,50.969,51.064,51.15,51.238,51.323,51.368,51.421,51.459,51.501,51.542,51.584,51.629,51.674,51.715,51.749,51.793,51.831,51.867,51.902,51.936,51.964,51.989,52.019,52.045,52.071,52.103,52.136,52.157,52.183,52.219,52.25,52.277,52.307,52.333,52.357,52.379,52.409,52.44,52.471,52.496,52.521,52.542,52.567,52.588,52.614,52.641,52.66,52.684,52.711,52.739,52.762,52.789,52.819,52.846,52.875,52.907,52.933,52.955,52.978,53.008,53.04,53.083,53.113,53.147,53.18,53.218,53.244,53.268,53.292,53.332,53.363,53.392,53.424,53.47,53.499,53.536,53.566,53.605,53.643,53.693,53.728,53.773,53.832,53.886,53.961,54.019,54.095,54.171,54.242,54.353,54.464,54.609,54.799,55.099,55.876
808,@TPP,49.358,50.19,50.428,50.621,50.808,50.9,50.996,51.087,51.171,51.243,51.303,51.345,51.407,51.446,51.497,51.544,51.594,51.639,51.688,51.727,51.759,51.794,51.834,51.871,51.903,51.937,51.975,52.007,52.035,52.063,52.091,52.118,52.153,52.178,52.21,52.237,52.259,52.284,52.304,52.334,52.357,52.378,52.403,52.428,52.457,52.482,52.512,52.54,52.564,52.593,52.617,52.643,52.668,52.703,52.722,52.755,52.774,52.801,52.834,52.863,52.887,52.909,52.938,52.969,52.997,53.028,53.054,53.085,53.114,53.138,53.16,53.19,53.218,53.248,53.281,53.309,53.343,53.377,53.41,53.45,53.487,53.537,53.574,53.615,53.659,53.702,53.755,53.812,53.867,53.918,53.967,54.026,54.077,54.147,54.219,54.325,54.434,54.575,54.806,55.029,55.88
809,@TPP,49.358,50.19,50.428,50.621,50.808,50.9,50.996,51.087,51.171,51.243,51.303,51.345,51.407,51.446,51.497,51.544,51.594,51.639,51.688,51.727,51.759,51.794,51.834,51.871,51.903,51.937,51.975,52.007,52.035,52.063,52.091,52.118,52.153,52.178,52.21,52.237,52.259,52.284,52.304,52.334,52.357,52.378,52.403,52.428,52.457,52.482,52.512,52.54,52.564,52.593,52.617,52.643,52.668,52.703,52.722,52.755,52.774,52.801,52.834,52.863,52.887,52.909,52.938,52.969,52.997,53.028,53.054,53.085,53.114,53.138,53.16,53.19,53.218,53.248,53.281,53.309,53.343,53.377,53.41,53.45,53.487,53.537,53.574,53.615,53.659,53.702,53.755,53.812,53.867,53.918,53.967,54.026,54.077,54.147,54.219,54.325,54.434,54.575,54.806,55.029,55.88
810,@TPP,49.421,50.209,50.44,50.632,50.775,50.891,50.995,51.104,51.186,51.239,51.299,51.357,51.404,51.446,51.49,51.55,51.603,51.643,51.673,51.715,51.742,51.786,51.824,51.86,51.898,51.933,51.967,51.997,52.025,52.057,52.081,52.112,52.138,52.166,52.189,52.223,52.245,52.275,52.293,52.315,52.34,52.371,52.394,52.417,52.442,52.469,52.5,52.531,52.56,52.582,52.612,52.633,52.659,52.688,52.715,52.745,52.771,52.803,52.829,52.858,52.889,52.913,52.936,52.964,52.996,53.021,53.053,53.08,53.112,53.144,53.169,53.198,53.229,53.258,53.283,53.317,53.355,53.394,53.426,53.462,53.493,53.532,53.563,53.604,53.645,53.687,53.738,53.774,53.835,53.889,53.932,53.996,54.081,54.168,54.268,54.336,54.427,54.535,54.69,55.024,55.862
811,@TPP,49.421,50.209,50.44,50.632,50.775,50.891,50.995,51.104,51.186,51.239,51.299,51.357,51.404,51.446,51.49,51.55,51.603,51.643,51.673,51.715,51.742,51.786,51.824,51.86,51.898,51.933,51.967,51.997,52.025,52.057,52.081,52.112,52.138,52.166,52.189,52.223,52.245,52.275,52.293,52.315,52.34,52.371,52.394,52.417,52.442,52.469,52.5,52.531,52.56,52.582,52.612,52.633,52.659,52.688,52.715,52.745,52.771,52.803,52.829,52.858,52.889,52.913,52.936,52.964,52.996,53.021,53.053,53.08,53.112,53.144,53.169,53.198,53.229,53.258,53.283,53.317,53.355,53.394,53.426,53.462,53.493,53.532,53.563,53.604,53.645,53.687,53.738,53.774,53.835,53.889,53.932,53.996,54.081,54.168,54.268,54.336,54.427,54.535,54.69,55.024,55.862
812,@TPP,49.577,50.253,50.516,50.672,50.777,50.896,51.004,51.087,51.153,51.241,51.296,51.353,51.405,51.467,51.517,51.549,51.6,51.643,51.68,51.715,51.746,51.793,51.827,51.863,51.884,51.914,51.94,51.982,52.018,52.057,52.082,52.107,52.14,52.169,52.193,52.215,52.239,52.272,52.297,52.322,52.345,52.367,52.393,52.419,52.443,52.471,52.491,52.519,52.547,52.575,52.606,52.633,52.662,52.69,52.722,52.745,52.767,52.794,52.823,52.848,52.872,52.899,52.922,52.964,52.997,53.027,53.052,53.08,53.12,53.153,53.181,53.212,53.238,53.275,53.298,53.327,53.356,53.394,53.43,53.469,53.514,53.557,53.598,53.634,53.671,53.711,53.75,53.791,53.84,53.883,53.954,54.011,54.07,54.132,54.22,54.325,54.413,54.572,54.738,55.005,55.777
813,@TPP,49.577,50.253,50.516,50.672,50.777,50.896,51.004,51.087,51.153,51.241,51.296,51.353,51.405,51.467,51.517,51.549,51.6,51.643,51.68,51.715,51.746,51.793,51.827,51.863,51.884,51.914,51.94,51.982,52.018,52.057,52.082,52.107,52.14,52.169,52.193,52.215,52.239,52.272,52.297,52.322,52.345,52.367,52.393,52.419,52.443,52.471,52.491,52.519,52.547,52.575,52.606,52.633,52.662,52.69,52.722,52.745,52.767,52.794,52.823,52.848,52.872,52.899,52.922,52.964,52.997,53.027,53.052,53.08,53.12,53.153,53.181,53.212,53.238,53.275,53.298,53.327,53.356,53.394,53.43,53.469,53.514,53.557,53.598,53.634,53.671,53.711,53.75,53.791,53.84,53.883,53.954,54.011,54.07,54.132,54.22,54.325,54.413,54.572,54.738,55.005,55.777
814,@TPP,49.499,50.282,50.468,50.619,50.782,50.885,50.991,51.078,51.167,51.236,51.306,51.36,51.396,51.451,51.501,51.547,51.588,51.631,51.67,51.704,51.744,51.777,51.807,51.841,51.882,51.908,51.944,51.976,52.013,52.042,52.076,52.1,52.126,52.163,52.185,52.214,52.236,52.263,52.289,52.32,52.344,52.374,52.41,52.435,52.456,52.479,52.507,52.529,52.557,52.585,52.616,52.643,52.664,52.686,52.725,52.751,52.778,52.803,52.833,52.862,52.89,52.911,52.936,52.96,52.985,53.013,53.043,53.084,53.108,53.142,53.164,53.197,53.226,53.259,53.286,53.318,53.355,53.382,53.426,53.457,53.489,53.529,53.575,53.611,53.641,53.672,53.72,53.769,53.807,53.862,53.912,53.96,54.024,54.076,54.159,54.277,54.376,54.509,54.698,54.993,55.839
815,@TPP,49.499,50.282,50.468,50.619,50.782,50.885,50.991,51.078,51.167,51.236,51.306,51.36,51.396,51.451,51.501,51.547,51.588,51.631,51.67,51.704,51.744,51.777,51.807,51.841,51.882,51.908,51.944,51.976,52.013,52.042,52.076,52.1,52.126,52.163,52.185,52.214,52.236,52.263,52.289,52.32,52.344,52.374,52.41,52.435,52.456,52.479,52.507,52.529,52.557,52.585,52.616,52.643,52.664,52.686,52.725,52.751,52.778,52.803,52.833,52.862,52.89,52.911,52.936,52.96,52.985,53.013,53.043,53.084,53.108,53.142,53.164,53.197,53.226,53.259,53.286,53.318,53.355,53.382,53.426,53.457,53.489,53.529,53.575,53.611,53.641,53.672,53.72,53.769,53.807,53.862,53.912,53.96,54.024,54.076,54.159,54.277,54.376,54.509,54.698,54.993,55.839
816,@TPP,49.406,50.254,50.504,50.716,50.837,50.936,51.026,51.109,51.19,51.248,51.297,51.341,51.382,51.448,51.493,51.555,51.6,51.642,51.68,51.719,51.748,51.783,51.815,51.838,51.876,51.904,51.937,51.979,52.011,52.052,52.08,52.103,52.131,52.162,52.189,52.212,52.238,52.261,52.289,52.314,52.337,52.37,52.401,52.425,52.446,52.469,52.496,52.526,52.549,52.576,52.6,52.624,52.648,52.674,52.703,52.733,52.76,52.788,52.816,52.841,52.862,52.887,52.921,52.943,52.971,52.998,53.02,53.054,53.087,53.11,53.13,53.162,53.197,53.223,53.259,53.277,53.305,53.345,53.38,53.422,53.452,53.495,53.528,53.572,53.61,53.637,53.683,53.727,53.781,53.842,53.881,53.949,54.009,54.077,54.132,54.217,54.32,54.472,54.646,54.963,55.749
817,@TPP,49.406,50.254,50.504,50.716,50.837,50.936,51.026,51.109,51.19,51.248,51.297,51.341,51.382,51.448,51.493,51.555,51.6,51.642,51.68,51.719,51.748,51.783,51.815,51.838,51.876,51.904,51.937,51.979,52.011,52.052,52.08,52.103,52.131,52.162,52.189,52.212,52.238,52.261,52.289,52.314,52.337,52.37,52.401,52.425,52.446,52.469,52.496,52.526,52.549,52.576,52.6,52.624,52.648,52.674,52.703,52.733,52.76,52.788,52.816,52.841,52.862,52.887,52.921,52.943,52.971,52.998,53.02,53.054,53.087,53.11,53.13,53.162,53.197,53.223,53.259,53.277,53.305,53.345,53.38,53.422,53.452,53.495,53.528,53.572,53.61,53.637,53.683,53.727,53.781,53.842,53.881,53.949,54.009,54.077,54.132,54.217,54.32,54.472,54.646,54.963,55.749
818,@TPP,49.654,50.297,50.546,50.709,50.838,50.957,51.053,51.127,51.204,51.275,51.334,51.392,51.439,51.477,51.526,51.576,51.621,51.666,51.707,51.734,51.771,51.804,51.83,51.868,51.904,51.936,51.964,51.994,52.024,52.062,52.089,52.119,52.148,52.177,52.198,52.221,52.245,52.274,52.298,52.324,52.354,52.372,52.396,52.42,52.457,52.486,52.508,52.532,52.563,52.581,52.601,52.622,52.653,52.679,52.714,52.734,52.757,52.785,52.812,52.839,52.859,52.891,52.923,52.952,52.98,53.004,53.026,53.048,53.071,53.09,53.122,53.145,53.173,53.209,53.242,53.266,53.301,53.339,53.37,53.405,53.436,53.469,53.511,53.549,53.59,53.621,53.664,53.703,53.753,53.807,53.869,53.913,53.978,54.04,54.104,54.183,54.283,54.421,54.585,54.878,55.49
819,@TPP,49.654,50.297,50.546,50.709,50.838,50.957,51.053,51.127,51.204,51.275,51.334,51.392,51.439,51.477,51.526,51.576,51.621,51.666,51.707,51.734,51.771,51.804,51.83,51.868,51.904,51.936,51.964,51.994,52.024,52.062,52.089,52.119,52.148,52.177,52.198,52.221,52.245,52.274,52.298,52.324,52.354,52.372,52.396,52.42,52.457,52.486,52.508,52.532,52.563,52.581,52.601,52.622,52.653,52.679,52.714,52.734,52.757,52.785,52.812,52.839,52.859,52.891,52.923,52.952,52.98,53.004,53.026,53.048,53.071,53.09,53.122,53.145,53.173,53.209,53.242,53.266,53.301,53.339,53.37,53.405,53.436,53.469,53.511,53.549,53.59,53.621,53.664,53.703,53.753,53.807,53.869,53.913,53.978,54.04,54.104,54.183,54.283,54.421,54.585,54.878,55.49
820,@TPP,49.74,50.346,50.564,50.727,50.851,50.948,51.051,51.134,51.219,51.276,51.331,51.393,51.441,51.488,51.559,51.608,51.635,51.681,51.72,51.755,51.781,51.816,51.853,51.89,51.915,51.948,51.971,52.014,52.05,52.072,52.103,52.132,52.163,52.188,52.216,52.244,52.267,52.295,52.316,52.336,52.355,52.385,52.409,52.433,52.46,52.485,52.504,52.532,52.556,52.582,52.608,52.633,52.655,52.684,52.708,52.732,52.755,52.774,52.801,52.825,52.847,52.876,52.9,52.93,52.959,52.984,53.005,53.027,53.054,53.078,53.107,53.133,53.163,53.191,53.216,53.25,53.283,53.312,53.339,53.361,53.394,53.43,53.475,53.508,53.549,53.594,53.629,53.679,53.715,53.758,53.81,53.858,53.907,53.982,54.058,54.141,54.244,54.398,54.551,54.741,55.653
821,@TPP,49.74,50.346,50.564,50.727,50.851,50.948,51.051,51.134,51.219,51.276,51.331,51.393,51.441,51.488,51.559,51.608,51.635,51.681,51.72,51.755,51.781,51.816,51.853,51.89,51.915,51.948,51.971,52.014,52.05,52.072,52.103,52.132,52.163,52.188,52.216,52.244,52.267,52.295,52.316,52.336,52.355,52.385,52.409,52.433,52.46,52.485,52.504,52.532,52.556,52.582,52.608,52.633,52.655,52.684,52.708,52.732,52.755,52.774,52.801,52.825,52.847,52.876,52.9,52.93,52.959,52.984,53.005,53.027,53.054,53.078,53.107,53.133,53.163,53.191,53.216,53.25,53.283,53.312,53.339,53.361,53.394,53.43,53.475,53.508,53.549,53.594,53.629,53.679,53.715,53.758,53.81,53.858,53.907,53.982,54.058,54.141,54.244,54.398,54.551,54.741,55.653
822,@TPP,49.747,50.184,50.487,50.681,50.818,50.911,51.006,51.099,51.183,51.238,51.307,51.354,51.403,51.452,51.499,51.547,51.585,51.63,51.66,51.698,51.737,51.773,51.813,51.852,51.879,51.903,51.927,51.957,51.991,52.016,52.041,52.069,52.098,52.118,52.145,52.169,52.193,52.212,52.242,52.27,52.301,52.332,52.364,52.39,52.408,52.438,52.469,52.496,52.517,52.541,52.575,52.598,52.623,52.647,52.667,52.693,52.721,52.742,52.771,52.796,52.82,52.843,52.875,52.906,52.934,52.962,52.987,53.012,53.033,53.055,53.084,53.118,53.145,53.165,53.19,53.231,53.268,53.3,53.332,53.365,53.403,53.432,53.465,53.503,53.539,53.574,53.622,53.679,53.73,53.782,53.833,53.888,53.956,54.014,54.086,54.165,54.264,54.372,54.544,54.75,55.882
823,@TPP,49.747,50.184,50.487,50.681,50.818,50.911,51.006,51.099,51.183,51.238,51.307,51.354,51.403,51.452,51.499,51.547,51.585,51.63,51.66,51.698,51.737,51.773,51.813,51.852,51.879,51.903,51.927,51.957,51.991,52.016,52.041,52.069,52.098,52.118,52.145,52.169,52.193,52.212,52.242,52.27,52.301,52.332,52.364,52.39,52.408,52.438,52.469,52.496,52.517,52.541,52.575,52.598,52.623,52.647,52.667,52.693,52.721,52.742,52.771,52.796,52.82,52.843,52.875,52.906,52.934,52.962,52.987,53.012,53.033,53.055,53.084,53.118,53.145,53.165,53.19,53.231,53.268,53.3,53.332,53.365,53.403,53.432,53.465,53.503,53.539,53.574,53.622,53.679,53.73,53.782,53.833,53.888,53.956,54.014,54.086,54.165,54.264,54.372,54.544,54.75,55.882
824,@TPP,49.747,50.246,50.465,50.633,50.767,50.86,50.948,51.04,51.124,51.195,51.245,51.298,51.349,51.408,51.456,51.501,51.549,51.588,51.638,51.676,51.703,51.742,51.778,51.81,51.843,51.872,51.906,51.94,51.963,51.99,52.013,52.041,52.077,52.1,52.127,52.154,52.182,52.205,52.228,52.256,52.277,52.304,52.331,52.354,52.38,52.405,52.427,52.458,52.484,52.514,52.537,52.565,52.582,52.606,52.635,52.659,52.685,52.713,52.738,52.762,52.787,52.817,52.852,52.876,52.905,52.927,52.951,52.972,53.008,53.042,53.069,53.102,53.131,53.152,53.182,53.208,53.239,53.271,53.321,53.35,53.379,53.408,53.443,53.471,53.514,53.559,53.604,53.642,53.691,53.745,53.807,53.861,53.919,53.995,54.074,54.182,54.291,54.426,54.598,54.895,55.978
825,@TPP,49.747,50.246,50.465,50.633,50.767,50.86,50.948,51.04,51.124,51.195,51.245,51.298,51.349,51.408,51.456,51.501,51.549,51.588,51.638,51.676,51.703,51.742,51.778,51.81,51.843,51.872,51.906,51.94,51.963,51.99,52.013,52.041,52.077,52.1,52.127,52.154,52.182,52.205,52.228,52.256,52.277,52.304,52.331,52.354,52.38,52.405,52.427,52.458,52.484,52.514,52.537,52.565,52.582,52.606,52.635,52.659,52.685,52.713,52.738,52.762,52.787,52.817,52.852,52.876,52.905,52.927,52.951,52.972,53.008,53.042,53.069,53.102,53.131,53.152,53.182,53.208,53.239,53.271,53.321,53.35,53.379,53.408,53.443,53.471,53.514,53.559,53.604,53.642,53.691,53.745,53.807,53.861,53.919,53.995,54.074,54.182,54.291,54.426,54.598,54.895,55.978
826,@TPP,49.358,50.143,50.413,50.601,50.744,50.838,50.94,51.009,51.096,51.161,51.22,51.267,51.312,51.361,51.404,51.44,51.491,51.545,51.589,51.621,51.654,51.683,51.723,51.758,51.799,51.831,51.86,51.892,51.919,51.945,51.97,51.992,52.022,52.05,52.083,52.116,52.14,52.17,52.2,52.22,52.254,52.28,52.305,52.329,52.358,52.384,52.409,52.433,52.467,52.491,52.512,52.538,52.561,52.599,52.62,52.646,52.672,52.698,52.72,52.74,52.769,52.793,52.815,52.838,52.867,52.892,52.921,52.95,52.974,53.002,53.027,53.058,53.094,53.127,53.155,53.176,53.21,53.246,53.285,53.318,53.36,53.4,53.433,53.479,53.517,53.57,53.606,53.651,53.69,53.735,53.805,53.863,53.915,53.984,54.078,54.196,54.291,54.442,54.626,54.934,55.928
827,@TPP,49.358,50.143,50.413,50.601,50.744,50.838,50.94,51.009,51.096,51.161,51.22,51.267,51.312,51.361,51.404,51.44,51.491,51.545,51.589,51.621,51.654,51.683,51.723,51.758,51.799,51.831,51.86,51.892,51.919,51.945,51.97,51.992,52.022,52.05,52.083,52.116,52.14,52.17,52.2,52.22,52.254,52.28,52.305,52.329,52.358,52.384,52.409,52.433,52.467,52.491,52.512,52.538,52.561,52.599,52.62,52.646,52.672,52.698,52.72,52.74,52.769,52.793,52.815,52.838,52.867,52.892,52.921,52.95,52.974,53.002,53.027,53.058,53.094,53.127,53.155,53.176,53.21,53.246,53.285,53.318,53.36,53.4,53.433,53.479,53.517,53.57,53.606,53.651,53.69,53.735,53.805,53.863,53.915,53.984,54.078,54.196,54.291,54.442,54.626,54.934,55.928
828,@TPP,49.357,50.108,50.4,50.571,50.709,50.792,50.883,50.964,51.038,51.101,51.144,51.19,51.243,51.305,51.368,51.418,51.448,51.494,51.532,51.562,51.592,51.627,51.664,51.702,51.727,51.763,51.802,51.835,51.874,51.907,51.939,51.967,52.003,52.034,52.057,52.085,52.116,52.138,52.157,52.187,52.213,52.235,52.263,52.284,52.306,52.331,52.359,52.38,52.407,52.427,52.452,52.486,52.519,52.554,52.584,52.605,52.628,52.663,52.691,52.714,52.74,52.772,52.804,52.83,52.847,52.879,52.908,52.939,52.965,52.995,53.021,53.06,53.09,53.126,53.16,53.187,53.212,53.241,53.282,53.315,53.358,53.396,53.423,53.461,53.49,53.539,53.589,53.628,53.674,53.727,53.789,53.841,53.908,53.984,54.062,54.168,54.295,54.469,54.624,54.947,55.86
829,@TPP,49.357,50.108,50.4,50.571,50.709,50.792,50.883,50.964,51.038,51.101,51.144,51.19,51.243,51.305,51.368,51.418,51.448,51.494,51.532,51.562,51.592,51.627,51.664,51.702,51.727,51.763,51.802,51.835,51.874,51.907,51.939,51.967,52.003,52.034,52.057,52.085,52.116,52.138,52.157,52.187,52.213,52.235,52.263,52.284,52.306,52.331,52.359,52.38,52.407,52.427,52.452,52.486,52.519,52.554,52.584,52.605,52.628,52.663,52.691,52.714,52.74,52.772,52.804,52.83,52.847,52.879,52.908,52.939,52.965,52.995,53.021,53.06,53.09,53.126,53.16,53.187,53.212,53.241,53.282,53.315,53.358,53.396,53.423,53.461,53.49,53.539,53.589,53.628,53.674,53.727,53.789,53.841,53.908,53.984,54.062,54.168,54.295,54.469,54.624,54.947,55.86
830,@TPP,49.237,50.024,50.35,50.528,50.621,50.748,50.834,50.924,51.009,51.084,51.14,51.194,51.236,51.29,51.331,51.37,51.408,51.449,51.499,51.531,51.557,51.592,51.631,51.678,51.706,51.739,51.764,51.802,51.832,51.872,51.904,51.931,51.958,51.984,52.01,52.043,52.078,52.099,52.122,52.152,52.185,52.208,52.235,52.269,52.293,52.319,52.345,52.364,52.391,52.414,52.443,52.473,52.499,52.524,52.546,52.58,52.602,52.621,52.652,52.678,52.701,52.745,52.766,52.788,52.815,52.856,52.896,52.918,52.942,52.973,53.004,53.031,53.06,53.097,53.133,53.162,53.197,53.242,53.271,53.302,53.334,53.363,53.397,53.433,53.478,53.533,53.561,53.619,53.667,53.711,53.769,53.835,53.902,53.988,54.08,54.174,54.281,54.398,54.581,54.928,55.625
831,@TPP,49.237,50.024,50.35,50.528,50.621,50.748,50.834,50.924,51.009,51.084,51.14,51.194,51.236,51.29,51.331,51.37,51.408,51.449,51.499,51.531,51.557,51.592,51.631,51.678,51.706,51.739,51.764,51.802,51.832,51.872,51.904,51.931,51.958,51.984,52.01,52.043,52.078,52.099,52.122,52.152,52.185,52.208,52.235,52.269,52.293,52.319,52.345,52.364,52.391,52.414,52.443,52.473,52.499,52.524,52.546,52.58,52.602,52.621,52.652,52.678,52.701,52.745,52.766,52.788,52.815,52.856,52.896,52.918,52.942,52.973,53.004,53.031,53.06,53.097,53.133,53.162,53.197,53.242,53.271,53.302,53.334,53.363,53.397,53.433,53.478,53.533,53.561,53.619,53.667,53.711,53.769,53.835,53.902,53.988,54.08,54.174,54.281,54.398,54.581,54.928,55.625
832,@TPP,49.27,50.026,50.316,50.461,50.612,50.701,50.807,50.878,50.97,51.06,51.129,51.176,51.231,51.269,51.318,51.367,51.409,51.443,51.473,51.509,51.55,51.587,51.623,51.667,51.701,51.728,51.763,51.79,51.813,51.844,51.877,51.912,51.938,51.963,51.99,52.023,52.057,52.08,52.099,52.128,52.152,52.182,52.202,52.23,52.258,52.287,52.313,52.337,52.368,52.394,52.42,52.45,52.474,52.495,52.517,52.54,52.568,52.593,52.615,52.64,52.67,52.703,52.733,52.758,52.789,52.815,52.845,52.868,52.898,52.936,52.964,52.998,53.03,53.059,53.096,53.126,53.157,53.192,53.225,53.274,53.308,53.342,53.378,53.422,53.455,53.502,53.551,53.597,53.649,53.717,53.771,53.822,53.876,53.948,54.035,54.176,54.309,54.395,54.557,54.916,55.709
833,@TPP,49.27,50.026,50.316,50.461,50.612,50.701,50.807,50.878,50.97,51.06,51.129,51.176,51.231,51.269,51.318,51.367,51.409,51.443,51.473,51.509,51.55,51.587,51.623,51.667,51.701,51.728,51.763,51.79,51.813,51.844,51.877,51.912,51.938,51.963,51.99,52.023,52.057,52.08,52.099,52.128,52.152,52.182,52.202,52.23,52.258,52.287,52.313,52.337,52.368,52.394,52.42,52.45,52.474,52.495,52.517,52.54,52.568,52.593,52.615,52.64,52.67,52.703,52.733,52.758,52.789,52.815,52.845,52.868,52.898,52.936,52.964,52.998,53.03,53.059,53.096,53.126,53.157,53.192,53.225,53.274,53.308,53.342,53.378,53.422,53.455,53.502,53.551,53.597,53.649,53.717,53.771,53.822,53.876,53.948,54.035,54.176,54.309,54.395,54.557,54.916,55.709
834,@TPP,49.249,49.975,50.242,50.449,50.572,50.702,50.796,50.875,50.937,50.987,51.068,51.13,51.177,51.228,51.287,51.321,51.367,51.406,51.453,51.485,51.518,51.555,51.596,51.642,51.665,51.693,51.728,51.756,51.787,51.814,51.84,51.871,51.907,51.935,51.969,51.993,52.015,52.042,52.07,52.096,52.121,52.149,52.172,52.2,52.232,52.255,52.28,52.303,52.325,52.347,52.373,52.402,52.424,52.449,52.476,52.502,52.53,52.561,52.594,52.617,52.642,52.665,52.691,52.716,52.746,52.771,52.804,52.841,52.871,52.906,52.945,52.974,53.006,53.038,53.074,53.105,53.142,53.19,53.225,53.262,53.295,53.333,53.368,53.404,53.439,53.493,53.541,53.604,53.658,53.72,53.772,53.83,53.885,53.961,54.024,54.111,54.257,54.383,54.548,54.893,55.74
835,@TPP,49.249,49.975,50.242,50.449,50.572,50.702,50.796,50.875,50.937,50.987,51.068,51.13,51.177,51.228,51.287,51.321,51.367,51.406,51.453,51.485,51.518,51.555,51.596,51.642,51.665,51.693,51.728,51.756,51.787,51.814,51.84,51.871,51.907,51.935,51.969,51.993,52.015,52.042,52.07,52.096,52.121,52.149,52.172,52.2,52.232,52.255,52.28,52.303,52.325,52.347,52.373,52.402,52.424,52.449,52.476,52.502,52.53,52.561,52.594,52.617,52.642,52.665,52.691,52.716,52.746,52.771,52.804,52.841,52.871,52.906,52.945,52.974,53.006,53.038,53.074,53.105,53.142,53.19,53.225,53.262,53.295,53.333,53.368,53.404,53.439,53.493,53.541,53.604,53.658,53.72,53.772,53.83,53.885,53.961,54.024,54.111,54.257,54.383,54.548,54.893,55.74
836,@TPP,49.15,49.844,50.232,50.441,50.568,50.651,50.754,50.839,50.938,50.995,51.063,51.124,51.182,51.229,51.261,51.308,51.341,51.381,51.417,51.446,51.486,51.524,51.555,51.593,51.626,51.655,51.691,51.721,51.761,51.796,51.82,51.845,51.874,51.901,51.925,51.958,51.985,52.011,52.03,52.057,52.084,52.111,52.138,52.17,52.19,52.212,52.235,52.265,52.293,52.316,52.339,52.359,52.382,52.405,52.435,52.463,52.49,52.52,52.551,52.576,52.595,52.625,52.651,52.679,52.714,52.74,52.772,52.809,52.839,52.866,52.898,52.937,52.969,53.01,53.04,53.074,53.113,53.154,53.18,53.222,53.272,53.31,53.346,53.388,53.436,53.479,53.534,53.573,53.637,53.683,53.72,53.771,53.858,53.938,54.004,54.087,54.19,54.325,54.503,54.857,55.938
837,@TPP,49.15,49.844,50.232,50.441,50.568,50.651,50.754,50.839,50.938,50.995,51.063,51.124,51.182,51.229,51.261,51.308,51.341,51.381,51.417,51.446,51.486,51.524,51.555,51.593,51.626,51.655,51.691,51.721,51.761,51.796,51.82,51.845,51.874,51.901,51.925,51.958,51.985,52.011,52.03,52.057,52.084,52.111,52.138,52.17,52.19,52.212,52.235,52.265,52.293,52.316,52.339,52.359,52.382,52.405,52.435,52.463,52.49,52.52,52.551,52.576,52.595,52.625,52.651,52.679,52.714,52.74,52.772,52.809,52.839,52.866,52.898,52.937,52.969,53.01,53.04,53.074,53.113,53.154,53.18,53.222,53.272,53.31,53.346,53.388,53.436,53.479,53.534,53.573,53.637,53.683,53.72,53.771,53.858,53.938,54.004,54.087,54.19,54.325,54.503,54.857,55.938
838,@TPP,49.062,49.88,50.212,50.379,50.56,50.659,50.746,50.817,50.899,50.971,51.049,51.101,51.148,51.198,51.241,51.283,51.335,51.376,51.413,51.447,51.479,51.509,51.531,51.561,51.601,51.63,51.664,51.705,51.733,51.757,51.784,51.814,51.844,51.873,51.901,51.924,51.95,51.973,51.997,52.024,52.063,52.088,52.115,52.136,52.16,52.179,52.203,52.23,52.252,52.274,52.302,52.332,52.359,52.381,52.41,52.435,52.46,52.486,52.515,52.547,52.572,52.596,52.626,52.65,52.674,52.702,52.73,52.758,52.791,52.822,52.85,52.892,52.916,52.949,52.98,53.013,53.058,53.091,53.123,53.162,53.203,53.25,53.291,53.326,53.364,53.411,53.456,53.502,53.549,53.601,53.664,53.722,53.795,53.861,53.933,54.034,54.129,54.303,54.502,54.759,55.882
839,@TPP,49.062,49.88,50.212,50.379,50.56,50.659,50.746,50.817,50.899,50.971,51.049,51.101,51.148,51.198,51.241,51.283,51.335,51.376,51.413,51.447,51.479,51.509,51.531,51.561,51.601,51.63,51.664,51.705,51.733,51.757,51.784,51.814,51.844,51.873,51.901,51.924,51.95,51.973,51.997,52.024,52.063,52.088,52.115,52.136,52.16,52.179,52.203,52.23,52.252,52.274,52.302,52.332,52.359,52.381,52.41,52.435,52.46,52.486,52.515,52.547,52.572,52.596,52.626,52.65,52.674,52.702,52.73,52.758,52.791,52.822,52.85,52.892,52.916,52.949,52.98,53.013,53.058,53.091,53.123,53.162,53.203,53.25,53.291,53.326,53.364,53.411,53.456,53.502,53.549,53.601,53.664,53.722,53.795,53.861,53.933,54.034,54.129,54.303,54.502,54.759,55.882
840,@TPP,48.939,49.936,50.162,50.376,50.532,50.631,50.713,50.783,50.86,50.936,51.013,51.071,51.129,51.182,51.22,51.261,51.289,51.34,51.376,51.422,51.457,51.486,51.519,51.539,51.585,51.621,51.648,51.685,51.715,51.751,51.782,51.808,51.833,51.86,51.886,51.911,51.94,51.967,51.993,52.025,52.049,52.081,52.108,52.143,52.172,52.197,52.225,52.247,52.276,52.299,52.329,52.35,52.377,52.405,52.427,52.452,52.481,52.508,52.533,52.559,52.592,52.614,52.645,52.67,52.717,52.743,52.774,52.802,52.838,52.869,52.898,52.934,52.957,52.988,53.019,53.054,53.101,53.142,53.164,53.208,53.246,53.28,53.316,53.365,53.408,53.453,53.503,53.551,53.603,53.658,53.717,53.778,53.845,53.918,54.02,54.112,54.227,54.333,54.52,54.797,55.941
841,@TPP,48.939,49.936,50.162,50.376,50.532,50.631,50.713,50.783,50.86,50.936,51.013,51.071,51.129,51.182,51.22,51.261,51.289,51.34,51.376,51.422,51.457,51.486,51.519,51.539,51.585,51.621,51.648,51.685,51.715,51.751,51.782,51.808,51.833,51.86,51.886,51.911,51.94,51.967,51.993,52.025,52.049,52.081,52.108,52.143,52.172,52.197,52.225,52.247,52.276,52.299,52.329,52.35,52.377,52.405,52.427,52.452,52.481,52.508,52.533,52.559,52.592,52.614,52.645,52.67,52.717,52.743,52.774,52.802,52.838,52.869,52.898,52.934,52.957,52.988,53.019,53.054,53.101,53.142,53.164,53.208,53.246,53.28,53.316,53.365,53.408,53.453,53.503,53.551,53.603,53.658,53.717,53.778,53.845,53.918,54.02,54.112,54.227,54.333,54.52,54.797,55.941
842,@TPP,49.081,49.897,50.105,50.322,50.46,50.566,50.697,50.777,50.846,50.921,50.972,51.029,51.089,51.149,51.199,51.232,51.27,51.316,51.359,51.385,51.427,51.463,51.501,51.538,51.577,51.607,51.628,51.676,51.712,51.743,51.77,51.791,51.822,51.856,51.882,51.914,51.947,51.975,52.011,52.038,52.071,52.108,52.131,52.163,52.191,52.221,52.248,52.273,52.296,52.317,52.348,52.376,52.402,52.424,52.444,52.481,52.507,52.531,52.551,52.582,52.612,52.641,52.665,52.698,52.72,52.756,52.784,52.817,52.846,52.873,52.898,52.925,52.971,53.005,53.039,53.072,53.105,53.142,53.179,53.222,53.267,53.307,53.347,53.404,53.461,53.506,53.563,53.615,53.663,53.705,53.759,53.837,53.913,53.988,54.068,54.154,54.271,54.457,54.689,54.916,56.207
843,@TPP,49.081,49.897,50.105,50.322,50.46,50.566,50.697,50.777,50.846,50.921,50.972,51.029,51.089,51.149,51.199,51.232,51.27,51.316,51.359,51.385,51.427,51.463,51.501,51.538,51.577,51.607,51.628,51.676,51.712,51.743,51.77,51.791,51.822,51.856,51.882,51.914,51.947,51.975,52.011,52.038,52.071,52.108,52.131,52.163,52.191,52.221,52.248,52.273,52.296,52.317,52.348,52.376,52.402,52.424,52.444,52.481,52.507,52.531,52.551,52.582,52.612,52.641,52.665,52.698,52.72,52.756,52.784,52.817,52.846,52.873,52.898,52.925,52.971,53.005,53.039,53.072,53.105,53.142,53.179,53.222,53.267,53.307,53.347,53.404,53.461,53.506,53.563,53.615,53.663,53.705,53.759,53.837,53.913,53.988,54.068,54.154,54.271,54.457,54.689,54.916,56.207
844,@TPP,48.883,49.798,50.115,50.29,50.488,50.6,50.68,50.746,50.821,50.882,50.934,50.994,51.038,51.096,51.135,51.183,51.238,51.286,51.325,51.36,51.392,51.435,51.475,51.519,51.557,51.598,51.637,51.676,51.712,51.75,51.792,51.819,51.848,51.872,51.904,51.936,51.971,52.005,52.03,52.053,52.083,52.109,52.138,52.161,52.193,52.217,52.243,52.267,52.299,52.328,52.356,52.378,52.402,52.432,52.46,52.487,52.511,52.545,52.575,52.597,52.63,52.662,52.692,52.73,52.759,52.781,52.812,52.839,52.873,52.907,52.934,52.964,52.994,53.02,53.055,53.091,53.122,53.158,53.204,53.236,53.28,53.333,53.386,53.427,53.472,53.519,53.574,53.627,53.674,53.755,53.822,53.884,53.945,54.032,54.119,54.249,54.341,54.468,54.628,55.072,55.997
845,@TPP,48.883,49.798,50.115,50.29,50.488,50.6,50.68,50.746,50.821,50.882,50.934,50.994,51.038,51.096,51.135,51.183,51.238,51.286,51.325,51.36,51.392,51.435,51.475,51.519,51.557,51.598,51.637,51.676,51.712,51.75,51.792,51.819,51.848,51.872,51.904,51.936,51.971,52.005,52.03,52.053,52.083,52.109,52.138,52.161,52.193,52.217,52.243,52.267,52.299,52.328,52.356,52.378,52.402,52.432,52.46,52.487,52.511,52.545,52.575,52.597,52.63,52.662,52.692,52.73,52.759,52.781,52.812,52.839,52.873,52.907,52.934,52.964,52.994,53.02,53.055,53.091,53.122,53.158,53.204,53.236,53.28,53.333,53.386,53.427,53.472,53.519,53.574,53.627,53.674,53.755,53.822,53.884,53.945,54.032,54.119,54.249,54.341,54.468,54.628,55.072,55.997
846,@TPP,49.06,49.78,50.152,50.325,50.463,50.571,50.655,50.72,50.774,50.842,50.922,50.976,51.046,51.09,51.141,51.191,51.239,51.289,51.335,51.373,51.405,51.452,51.493,51.534,51.567,51.603,51.639,51.675,51.712,51.744,51.782,51.824,51.858,51.888,51.916,51.946,51.973,52.0,52.034,52.069,52.097,52.128,52.149,52.18,52.213,52.246,52.272,52.294,52.309,52.34,52.371,52.4,52.436,52.469,52.494,52.514,52.542,52.571,52.6,52.626,52.66,52.689,52.718,52.75,52.782,52.811,52.839,52.875,52.9,52.931,52.958,52.996,53.022,53.06,53.09,53.122,53.167,53.194,53.228,53.262,53.303,53.336,53.365,53.409,53.454,53.501,53.547,53.616,53.688,53.743,53.807,53.884,53.949,54.03,54.124,54.231,54.326,54.461,54.674,55.053,56.18
847,@TPP,49.06,49.78,50.152,50.325,50.463,50.571,50.655,50.72,50.774,50.842,50.922,50.976,51.046,51.09,51.141,51.191,51.239,51.289,51.335,51.373,51.405,51.452,51.493,51.534,51.567,51.603,51.639,51.675,51.712,51.744,51.782,51.824,51.858,51.888,51.916,51.946,51.973,52.0,52.034,52.069,52.097,52.128,52.149,52.18,52.213,52.246,52.272,52.294,52.309,52.34,52.371,52.4,52.436,52.469,52.494,52.514,52.542,52.571,52.6,52.626,52.66,52.689,52.718,52.75,52.782,52.811,52.839,52.875,52.9,52.931,52.958,52.996,53.022,53.06,53.09,53.122,53.167,53.194,53.228,53.262,53.303,53.336,53.365,53.409,53.454,53.501,53.547,53.616,53.688,53.743,53.807,53.884,53.949,54.03,54.124,54.231,54.326,54.461,54.674,55.053,56.18
848,@TPP,49.069,49.808,50.117,50.31,50.465,50.59,50.66,50.74,50.81,50.868,50.919,50.981,51.054,51.108,51.158,51.198,51.251,51.297,51.334,51.379,51.425,51.46,51.502,51.557,51.596,51.632,51.661,51.7,51.731,51.759,51.789,51.82,51.855,51.886,51.916,51.945,51.971,52.003,52.04,52.076,52.114,52.149,52.177,52.208,52.238,52.264,52.288,52.315,52.341,52.36,52.386,52.415,52.443,52.465,52.494,52.522,52.552,52.591,52.619,52.645,52.677,52.704,52.729,52.763,52.795,52.819,52.85,52.886,52.913,52.943,52.979,53.01,53.047,53.077,53.111,53.154,53.179,53.22,53.252,53.281,53.325,53.371,53.414,53.467,53.513,53.558,53.606,53.648,53.705,53.755,53.839,53.924,54.005,54.07,54.155,54.268,54.426,54.524,54.729,55.168,56.034
849,@TPP,49.069,49.808,50.117,50.31,50.465,50.59,50.66,50.74,50.81,50.868,50.919,50.981,51.054,51.108,51.158,51.198,51.251,51.297,51.334,51.379,51.425,51.46,51.502,51.557,51.596,51.632,51.661,51.7,51.731,51.759,51.789,51.82,51.855,51.886,51.916,51.945,51.971,52.003,52.04,52.076,52.114,52.149,52.177,52.208,52.238,52.264,52.288,52.315,52.341,52.36,52.386,52.415,52.443,52.465,52.494,52.522,52.552,52.591,52.619,52.645,52.677,52.704,52.729,52.763,52.795,52.819,52.85,52.886,52.913,52.943,52.979,53.01,53.047,53.077,53.111,53.154,53.179,53.22,53.252,53.281,53.325,53.371,53.414,53.467,53.513,53.558,53.606,53.648,53.705,53.755,53.839,53.924,54.005,54.07,54.155,54.268,54.426,54.524,54.729,55.168,56.034
850,@TPP,48.899,49.787,50.092,50.277,50.428,50.555,50.639,50.736,50.806,50.885,50.943,51.002,51.052,51.108,51.159,51.214,51.264,51.3,51.341,51.389,51.418,51.461,51.502,51.538,51.595,51.632,51.671,51.698,51.745,51.781,51.821,51.853,51.885,51.921,51.951,51.975,52.0,52.036,52.065,52.092,52.12,52.145,52.173,52.206,52.237,52.264,52.288,52.315,52.344,52.372,52.396,52.423,52.46,52.485,52.508,52.534,52.564,52.594,52.621,52.643,52.673,52.701,52.73,52.753,52.784,52.811,52.855,52.886,52.92,52.957,52.986,53.008,53.045,53.085,53.116,53.157,53.197,53.231,53.265,53.303,53.351,53.381,53.432,53.477,53.528,53.568,53.623,53.659,53.715,53.798,53.855,53.95,54.027,54.097,54.188,54.278,54.391,54.524,54.776,55.078,55.958
851,@TPP,48.899,49.787,50.092,50.277,50.428,50.555,50.639,50.736,50.806,50.885,50.943,51.002,51.052,51.108,51.159,51.214,51.264,51.3,51.341,51.389,51.418,51.461,51.502,51.538,51.595,51.632,51.671,51.698,51.745,51.781,51.821,51.853,51.885,51.921,51.951,51.975,52.0,52.036,52.065,52.092,52.12,52.145,52.173,52.206,52.237,52.264,52.288,52.315,52.344,52.372,52.396,52.423,52.46,52.485,52.508,52.534,52.564,52.594,52.621,52.643,52.673,52.701,52.73,52.753,52.784,52.811,52.855,52.886,52.92,52.957,52.986,53.008,53.045,53.085,53.116,53.157,53.197,53.231,53.265,53.303,53.351,53.381,53.432,53.477,53.528,53.568,53.623,53.659,53.715,53.798,53.855,53.95,54.027,54.097,54.188,54.278,54.391,54.524,54.776,55.078,55.958
852,@TPP,48.851,49.835,50.099,50.288,50.456,50.529,50.619,50.715,50.804,50.869,50.952,51.002,51.062,51.107,51.144,51.19,51.235,51.306,51.353,51.392,51.439,51.48,51.523,51.564,51.602,51.656,51.696,51.73,51.763,51.804,51.845,51.877,51.918,51.949,51.974,52.005,52.047,52.087,52.111,52.139,52.164,52.189,52.215,52.249,52.271,52.3,52.335,52.369,52.394,52.417,52.443,52.466,52.495,52.522,52.546,52.574,52.593,52.619,52.641,52.668,52.698,52.722,52.75,52.784,52.813,52.848,52.881,52.919,52.955,52.986,53.006,53.043,53.072,53.113,53.146,53.192,53.232,53.265,53.302,53.345,53.4,53.437,53.47,53.516,53.554,53.591,53.631,53.674,53.728,53.813,53.878,53.937,54.021,54.104,54.189,54.316,54.437,54.591,54.799,55.067,56.142
853,@TPP,48.851,49.835,50.099,50.288,50.456,50.529,50.619,50.715,50.804,50.869,50.952,51.002,51.062,51.107,51.144,51.19,51.235,51.306,51.353,51.392,51.439,51.48,51.523,51.564,51.602,51.656,51.696,51.73,51.763,51.804,51.845,51.877,51.918,51.949,51.974,52.005,52.047,52.087,52.111,52.139,52.164,52.189,52.215,52.249,52.271,52.3,52.335,52.369,52.394,52.417,52.443,52.466,52.495,52.522,52.546,52.574,52.593,52.619,52.641,52.668,52.698,52.722,52.75,52.784,52.813,52.848,52.881,52.919,52.955,52.986,53.006,53.043,53.072,53.113,53.146,53.192,53.232,53.265,53.302,53.345,53.4,53.437,53.47,53.516,53.554,53.591,53.631,53.674,53.728,53.813,53.878,53.937,54.021,54.104,54.189,54.316,54.437,54.591,54.799,55.067,56.142
854,@TPP,48.823,49.819,50.128,50.302,50.428,50.579,50.672,50.757,50.834,50.896,50.958,51.008,51.059,51.126,51.176,51.22,51.255,51.301,51.354,51.393,51.44,51.478,51.521,51.575,51.609,51.648,51.694,51.738,51.769,51.816,51.847,51.877,51.915,51.949,51.983,52.02,52.062,52.093,52.117,52.142,52.179,52.207,52.223,52.253,52.277,52.298,52.322,52.356,52.378,52.406,52.435,52.463,52.487,52.513,52.547,52.582,52.605,52.637,52.673,52.702,52.728,52.761,52.79,52.82,52.851,52.88,52.911,52.948,52.981,53.017,53.042,53.068,53.101,53.138,53.178,53.206,53.237,53.269,53.317,53.351,53.403,53.442,53.477,53.525,53.556,53.606,53.664,53.714,53.757,53.814,53.873,53.938,54.02,54.111,54.173,54.305,54.451,54.604,54.829,55.212,56.103
855,@TPP,48.823,49.819,50.128,50.302,50.428,50.579,50.672,50.757,50.834,50.896,50.958,51.008,51.059,51.126,51.176,51.22,51.255,51.301,51.354,51.393,51.44,51.478,51.521,51.575,51.609,51.648,51.694,51.738,51.769,51.816,51.847,51.877,51.915,51.949,51.983,52.02,52.062,52.093,52.117,52.142,52.179,52.207,52.223,52.253,52.277,52.298,52.322,52.356,52.378,52.406,52.435,52.463,52.487,52.513,52.547,52.582,52.605,52.637,52.673,52.702,52.728,52.761,52.79,52.82,52.851,52.88,52.911,52.948,52.981,53.017,53.042,53.068,53.101,53.138,53.178,53.206,53.237,53.269,53.317,53.351,53.403,53.442,53.477,53.525,53.556,53.606,53.664,53.714,53.757,53.814,53.873,53.938,54.02,54.111,54.173,54.305,54.451,54.604,54.829,55.212,56.103
856,@TPP,48.998,49.796,50.096,50.291,50.463,50.585,50.66,50.738,50.799,50.877,50.949,51.008,51.079,51.132,51.19,51.244,51.29,51.332,51.388,51.437,51.482,51.523,51.562,51.598,51.644,51.689,51.731,51.763,51.796,51.825,51.855,51.897,51.937,51.97,52.005,52.033,52.063,52.095,52.116,52.149,52.172,52.203,52.233,52.272,52.291,52.326,52.356,52.383,52.41,52.43,52.458,52.495,52.525,52.553,52.574,52.606,52.633,52.659,52.685,52.717,52.755,52.784,52.807,52.842,52.875,52.908,52.938,52.966,52.993,53.021,53.05,53.084,53.118,53.15,53.194,53.228,53.257,53.286,53.32,53.373,53.404,53.445,53.489,53.528,53.566,53.614,53.652,53.713,53.771,53.834,53.889,53.966,54.033,54.128,54.239,54.313,54.435,54.613,54.866,55.253,56.094
857,@TPP,48.998,49.796,50.096,50.291,50.463,50.585,50.66,50.738,50.799,50.877,50.949,51.008,51.079,51.132,51.19,51.244,51.29,51.332,51.388,51.437,51.482,51.523,51.562,51.598,51.644,51.689,51.731,51.763,51.796,51.825,51.855,51.897,51.937,51.97,52.005,52.033,52.063,52.095,52.116,52.149,52.172,52.203,52.233,52.272,52.291,52.326,52.356,52.383,52.41,52.43,52.458,52.495,52.525,52.553,52.574,52.606,52.633,52.659,52.685,52.717,52.755,52.784,52.807,52.842,52.875,52.908,52.938,52.966,52.993,53.021,53.05,53.084,53.118,53.15,53.194,53.228,53.257,53.286,53.32,53.373,53.404,53.445,53.489,53.528,53.566,53.614,53.652,53.713,53.771,53.834,53.889,53.966,54.033,54.128,54.239,54.313,54.435,54.613,54.866,55.253,56.094
858,@TPP,48.911,49.72,50.053,50.313,50.44,50.564,50.674,50.757,50.82,50.902,50.963,51.034,51.09,51.148,51.194,51.27,51.32,51.366,51.409,51.449,51.511,51.552,51.594,51.631,51.664,51.695,51.735,51.764,51.809,51.842,51.876,51.906,51.94,51.976,52.007,52.035,52.068,52.098,52.12,52.147,52.179,52.218,52.247,52.276,52.3,52.324,52.352,52.38,52.413,52.435,52.469,52.507,52.538,52.57,52.594,52.635,52.67,52.695,52.72,52.749,52.776,52.81,52.838,52.874,52.901,52.934,52.96,52.988,53.012,53.043,53.073,53.114,53.153,53.178,53.209,53.246,53.289,53.328,53.36,53.393,53.432,53.465,53.503,53.548,53.591,53.638,53.699,53.746,53.8,53.854,53.92,53.99,54.057,54.137,54.222,54.335,54.472,54.625,54.814,55.261,55.996
859,@TPP,48.911,49.72,50.053,50.313,50.44,50.564,50.674,50.757,50.82,50.902,50.963,51.034,51.09,51.148,51.194,51.27,51.32,51.366,51.409,51.449,51.511,51.552,51.594,51.631,51.664,51.695,51.735,51.764,51.809,51.842,51.876,51.906,51.94,51.976,52.007,52.035,52.068,52.098,52.12,52.147,52.179,52.218,52.247,52.276,52.3,52.324,52.352,52.38,52.413,52.435,52.469,52.507,52.538,52.57,52.594,52.635,52.67,52.695,52.72,52.749,52.776,52.81,52.838,52.874,52.901,52.934,52.96,52.988,53.012,53.043,53.073,53.114,53.153,53.178,53.209,53.246,53.289,53.328,53.36,53.393,53.432,53.465,53.503,53.548,53.591,53.638,53.699,53.746,53.8,53.854,53.92,53.99,54.057,54.137,54.222,54.335,54.472,54.625,54.814,55.261,55.996
860,@TPP,49.026,49.768,50.043,50.327,50.469,50.59,50.684,50.772,50.839,50.905,50.971,51.033,51.079,51.132,51.193,51.246,51.291,51.337,51.399,51.451,51.492,51.533,51.588,51.633,51.662,51.712,51.742,51.777,51.809,51.839,51.873,51.904,51.937,51.976,52.004,52.036,52.064,52.088,52.12,52.156,52.187,52.211,52.236,52.271,52.311,52.349,52.383,52.42,52.445,52.47,52.507,52.536,52.566,52.593,52.622,52.643,52.679,52.71,52.747,52.777,52.801,52.831,52.86,52.883,52.914,52.941,52.964,52.992,53.021,53.05,53.082,53.12,53.15,53.198,53.235,53.271,53.32,53.356,53.387,53.425,53.459,53.491,53.535,53.578,53.635,53.679,53.722,53.778,53.824,53.857,53.916,53.996,54.061,54.161,54.262,54.372,54.475,54.663,54.855,55.313,56.108
861,@TPP,49.026,49.768,50.043,50.327,50.469,50.59,50.684,50.772,50.839,50.905,50.971,51.033,51.079,51.132,51.193,51.246,51.291,51.337,51.399,51.451,51.492,51.533,51.588,51.633,51.662,51.712,51.742,51.777,51.809,51.839,51.873,51.904,51.937,51.976,52.004,52.036,52.064,52.088,52.12,52.156,52.187,52.211,52.236,52.271,52.311,52.349,52.383,52.42,52.445,52.47,52.507,52.536,52.566,52.593,52.622,52.643,52.679,52.71,52.747,52.777,52.801,52.831,52.86,52.883,52.914,52.941,52.964,52.992,53.021,53.05,53.082,53.12,53.15,53.198,53.235,53.271,53.32,53.356,53.387,53.425,53.459,53.491,53.535,53.578,53.635,53.679,53.722,53.778,53.824,53.857,53.916,53.996,54.061,54.161,54.262,54.372,54.475,54.663,54.855,55.313,56.108
862,@TPP,48.901,49.819,50.137,50.329,50.472,50.564,50.659,50.777,50.846,50.912,50.992,51.043,51.099,51.159,51.21,51.279,51.339,51.377,51.421,51.473,51.52,51.572,51.609,51.637,51.684,51.719,51.749,51.779,51.818,51.851,51.88,51.922,51.963,51.995,52.03,52.061,52.09,52.125,52.155,52.179,52.209,52.231,52.27,52.3,52.337,52.364,52.394,52.422,52.444,52.471,52.503,52.53,52.555,52.59,52.618,52.649,52.676,52.7,52.726,52.758,52.791,52.816,52.847,52.881,52.913,52.945,52.978,53.002,53.035,53.065,53.095,53.128,53.167,53.198,53.23,53.269,53.305,53.349,53.386,53.433,53.467,53.502,53.535,53.595,53.643,53.693,53.738,53.781,53.824,53.877,53.944,54.016,54.107,54.184,54.289,54.398,54.525,54.653,54.927,55.265,56.007
863,@TPP,48.901,49.819,50.137,50.329,50.472,50.564,50.659,50.777,50.846,50.912,50.992,51.043,51.099,51.159,51.21,51.279,51.339,51.377,51.421,51.473,51.52,51.572,51.609,51.637,51.684,51.719,51.749,51.779,51.818,51.851,51.88,51.922,51.963,51.995,52.03,52.061,52.09,52.125,52.155,52.179,52.209,52.231,52.27,52.3,52.337,52.364,52.394,52.422,52.444,52.471,52.503,52.53,52.555,52.59,52.618,52.649,52.676,52.7,52.726,52.758,52.791,52.816,52.847,52.881,52.913,52.945,52.978,53.002,53.035,53.065,53.095,53.128,53.167,53.198,53.23,53.269,53.305,53.349,53.386,53.433,53.467,53.502,53.535,53.595,53.643,53.693,53.738,53.781,53.824,53.877,53.944,54.016,54.107,54.184,54.289,54.398,54.525,54.653,54.927,55.265,56.007
864,@TPP,48.7,49.793,50.159,50.348,50.516,50.65,50.731,50.805,50.872,50.93,51.005,51.088,51.152,51.202,51.251,51.302,51.349,51.421,51.466,51.496,51.56,51.591,51.642,51.667,51.711,51.766,51.796,51.83,51.865,51.901,51.935,51.962,51.989,52.029,52.069,52.098,52.131,52.161,52.199,52.229,52.256,52.283,52.307,52.335,52.369,52.395,52.424,52.446,52.471,52.5,52.53,52.557,52.59,52.615,52.646,52.669,52.692,52.722,52.76,52.782,52.812,52.841,52.869,52.895,52.92,52.949,52.99,53.01,53.046,53.084,53.128,53.158,53.194,53.23,53.259,53.305,53.329,53.37,53.415,53.453,53.486,53.522,53.568,53.604,53.653,53.698,53.751,53.805,53.865,53.924,53.973,54.06,54.141,54.209,54.288,54.41,54.519,54.683,54.915,55.161,55.988
865,@TPP,48.7,49.793,50.159,50.348,50.516,50.65,50.731,50.805,50.872,50.93,51.005,51.088,51.152,51.202,51.251,51.302,51.349,51.421,51.466,51.496,51.56,51.591,51.642,51.667,51.711,51.766,51.796,51.83,51.865,51.901,51.935,51.962,51.989,52.029,52.069,52.098,52.131,52.161,52.199,52.229,52.256,52.283,52.307,52.335,52.369,52.395,52.424,52.446,52.471,52.5,52.53,52.557,52.59,52.615,52.646,52.669,52.692,52.722,52.76,52.782,52.812,52.841,52.869,52.895,52.92,52.949,52.99,53.01,53.046,53.084,53.128,53.158,53.194,53.23,53.259,53.305,53.329,53.37,53.415,53.453,53.486,53.522,53.568,53.604,53.653,53.698,53.751,53.805,53.865,53.924,53.973,54.06,54.141,54.209,54.288,54.41,54.519,54.683,54.915,55.161,55.988
866,@TPP,48.981,49.876,50.169,50.396,50.548,50.653,50.734,50.815,50.9,50.964,51.062,51.122,51.19,51.255,51.311,51.371,51.42,51.461,51.501,51.542,51.58,51.633,51.674,51.711,51.738,51.772,51.818,51.854,51.884,51.912,51.943,51.974,52.004,52.039,52.077,52.112,52.146,52.169,52.2,52.232,52.259,52.286,52.317,52.347,52.372,52.396,52.421,52.456,52.486,52.509,52.535,52.567,52.59,52.61,52.634,52.668,52.697,52.731,52.76,52.789,52.82,52.85,52.878,52.901,52.923,52.956,52.989,53.021,53.046,53.074,53.109,53.154,53.191,53.236,53.253,53.288,53.317,53.347,53.395,53.442,53.481,53.517,53.55,53.584,53.637,53.677,53.732,53.776,53.834,53.898,53.96,54.017,54.111,54.208,54.299,54.416,54.543,54.734,54.898,55.233,55.908
867,@TPP,48.981,49.876,50.169,50.396,50.548,50.653,50.734,50.815,50.9,50.964,51.062,51.122,51.19,51.255,51.311,51.371,51.42,51.461,51.501,51.542,51.58,51.633,51.674,51.711,51.738,51.772,51.818,51.854,51.884,51.912,51.943,51.974,52.004,52.039,52.077,52.112,52.146,52.169,52.2,52.232,52.259,52.286,52.317,52.347,52.372,52.396,52.421,52.456,52.486,52.509,52.535,52.567,52.59,52.61,52.634,52.668,52.697,52.731,52.76,52.789,52.82,52.85,52.878,52.901,52.923,52.956,52.989,53.021,53.046,53.074,53.109,53.154,53.191,53.236,53.253,53.288,53.317,53.347,53.395,53.442,53.481,53.517,53.55,53.584,53.637,53.677,53.732,53.776,53.834,53.898,53.96,54.017,54.111,54.208,54.299,54.416,54.543,54.734,54.898,55.233,55.908
868,@TPP,48.819,49.86,50.237,50.463,50.583,50.661,50.764,50.868,50.96,51.025,51.101,51.162,51.225,51.274,51.334,51.38,51.422,51.473,51.519,51.559,51.588,51.62,51.66,51.694,51.735,51.78,51.816,51.855,51.892,51.926,51.956,51.998,52.028,52.053,52.085,52.111,52.145,52.175,52.211,52.236,52.268,52.298,52.332,52.358,52.38,52.415,52.445,52.482,52.511,52.538,52.557,52.583,52.609,52.636,52.657,52.688,52.717,52.757,52.791,52.811,52.84,52.871,52.893,52.922,52.953,52.98,53.012,53.048,53.073,53.107,53.146,53.175,53.197,53.223,53.258,53.288,53.319,53.353,53.38,53.417,53.46,53.506,53.555,53.593,53.634,53.682,53.727,53.766,53.831,53.883,53.943,53.994,54.081,54.186,54.281,54.416,54.521,54.674,54.916,55.317,56.035
869,@TPP,48.819,49.86,50.237,50.463,50.583,50.661,50.764,50.868,50.96,51.025,51.101,51.162,51.225,51.274,51.334,51.38,51.422,51.473,51.519,51.559,51.588,51.62,51.66,51.694,51.735,51.78,51.816,51.855,51.892,51.926,51.956,51.998,52.028,52.053,52.085,52.111,52.145,52.175,52.211,52.236,52.268,52.298,52.332,52.358,52.38,52.415,52.445,52.482,52.511,52.538,52.557,52.583,52.609,52.636,52.657,52.688,52.717,52.757,52.791,52.811,52.84,52.871,52.893,52.922,52.953,52.98,53.012,53.048,53.073,53.107,53.146,53.175,53.197,53.223,53.258,53.288,53.319,53.353,53.38,53.417,53.46,53.506,53.555,53.593,53.634,53.682,53.727,53.766,53.831,53.883,53.943,53.994,54.081,54.186,54.281,54.416,54.521,54.674,54.916,55.317,56.035
870,@TPP,48.896,49.923,50.248,50.425,50.592,50.726,50.809,50.876,50.968,51.052,51.123,51.181,51.244,51.295,51.334,51.365,51.421,51.465,51.498,51.547,51.584,51.637,51.686,51.719,51.754,51.78,51.812,51.841,51.877,51.912,51.935,51.97,52.007,52.044,52.071,52.107,52.143,52.171,52.199,52.227,52.257,52.289,52.328,52.354,52.388,52.416,52.442,52.473,52.512,52.543,52.57,52.594,52.622,52.653,52.681,52.71,52.735,52.761,52.781,52.816,52.85,52.871,52.893,52.919,52.942,52.974,53.012,53.038,53.061,53.089,53.111,53.141,53.172,53.213,53.243,53.283,53.311,53.351,53.39,53.425,53.464,53.494,53.544,53.585,53.627,53.662,53.71,53.776,53.829,53.886,53.946,54.021,54.108,54.209,54.307,54.409,54.527,54.704,54.873,55.192,56.067
871,@TPP,48.896,49.923,50.248,50.425,50.592,50.726,50.809,50.876,50.968,51.052,51.123,51.181,51.244,51.295,51.334,51.365,51.421,51.465,51.498,51.547,51.584,51.637,51.686,51.719,51.754,51.78,51.812,51.841,51.877,51.912,51.935,51.97,52.007,52.044,52.071,52.107,52.143,52.171,52.199,52.227,52.257,52.289,52.328,52.354,52.388,52.416,52.442,52.473,52.512,52.543,52.57,52.594,52.622,52.653,52.681,52.71,52.735,52.761,52.781,52.816,52.85,52.871,52.893,52.919,52.942,52.974,53.012,53.038,53.061,53.089,53.111,53.141,53.172,53.213,53.243,53.283,53.311,53.351,53.39,53.425,53.464,53.494,53.544,53.585,53.627,53.662,53.71,53.776,53.829,53.886,53.946,54.021,54.108,54.209,54.307,54.409,54.527,54.704,54.873,55.192,56.067
872,@TPP,49.118,49.988,50.347,50.505,50.666,50.777,50.878,50.942,51.039,51.102,51.175,51.217,51.286,51.323,51.365,51.399,51.444,51.489,51.543,51.584,51.63,51.664,51.695,51.736,51.77,51.804,51.837,51.868,51.898,51.926,51.956,51.995,52.03,52.063,52.09,52.138,52.174,52.207,52.226,52.249,52.282,52.309,52.335,52.364,52.392,52.433,52.461,52.491,52.513,52.54,52.574,52.599,52.631,52.654,52.681,52.704,52.733,52.76,52.79,52.822,52.85,52.878,52.897,52.922,52.955,52.985,53.018,53.053,53.078,53.109,53.131,53.159,53.187,53.217,53.254,53.286,53.315,53.344,53.39,53.427,53.469,53.503,53.536,53.573,53.605,53.649,53.71,53.752,53.816,53.882,53.96,54.027,54.119,54.208,54.298,54.393,54.493,54.655,54.793,55.123,55.985
873,@TPP,49.118,49.988,50.347,50.505,50.666,50.777,50.878,50.942,51.039,51.102,51.175,51.217,51.286,51.323,51.365,51.399,51.444,51.489,51.543,51.584,51.63,51.664,51.695,51.736,51.77,51.804,51.837,51.868,51.898,51.926,51.956,51.995,52.03,52.063,52.09,52.138,52.174,52.207,52.226,52.249,52.282,52.309,52.335,52.364,52.392,52.433,52.461,52.491,52.513,52.54,52.574,52.599,52.631,52.654,52.681,52.704,52.733,52.76,52.79,52.822,52.85,52.878,52.897,52.922,52.955,52.985,53.018,53.053,53.078,53.109,53.131,53.159,53.187,53.217,53.254,53.286,53.315,53.344,53.39,53.427,53.469,53.503,53.536,53.573,53.605,53.649,53.71,53.752,53.816,53.882,53.96,54.027,54.119,54.208,54.298,54.393,54.493,54.655,54.793,55.123,55.985
874,@TPP,49.04,50.079,50.341,50.548,50.704,50.839,50.928,51.01,51.08,51.137,51.198,51.248,51.293,51.35,51.389,51.44,51.478,51.529,51.571,51.6,51.641,51.678,51.721,51.761,51.797,51.83,51.872,51.901,51.935,51.97,52.011,52.043,52.081,52.111,52.135,52.159,52.185,52.216,52.237,52.265,52.293,52.316,52.352,52.375,52.399,52.423,52.444,52.474,52.497,52.52,52.552,52.582,52.609,52.638,52.662,52.687,52.709,52.737,52.772,52.794,52.821,52.847,52.877,52.907,52.939,52.968,52.996,53.021,53.053,53.089,53.123,53.157,53.198,53.229,53.264,53.292,53.325,53.362,53.399,53.428,53.474,53.515,53.573,53.611,53.648,53.69,53.749,53.799,53.856,53.917,53.987,54.032,54.095,54.19,54.268,54.351,54.454,54.592,54.766,55.073,55.801
875,@TPP,49.04,50.079,50.341,50.548,50.704,50.839,50.928,51.01,51.08,51.137,51.198,51.248,51.293,51.35,51.389,51.44,51.478,51.529,51.571,51.6,51.641,51.678,51.721,51.761,51.797,51.83,51.872,51.901,51.935,51.97,52.011,52.043,52.081,52.111,52.135,52.159,52.185,52.216,52.237,52.265,52.293,52.316,52.352,52.375,52.399,52.423,52.444,52.474,52.497,52.52,52.552,52.582,52.609,52.638,52.662,52.687,52.709,52.737,52.772,52.794,52.821,52.847,52.877,52.907,52.939,52.968,52.996,53.021,53.053,53.089,53.123,53.157,53.198,53.229,53.264,53.292,53.325,53.362,53.399,53.428,53.474,53.515,53.573,53.611,53.648,53.69,53.749,53.799,53.856,53.917,53.987,54.032,54.095,54.19,54.268,54.351,54.454,54.592,54.766,55.073,55.801
876,@TPP,49.247,50.167,50.45,50.601,50.747,50.856,50.939,51.008,51.095,51.179,51.235,51.3,51.351,51.408,51.461,51.503,51.553,51.595,51.643,51.68,51.719,51.764,51.806,51.841,51.876,51.904,51.941,51.976,52.003,52.036,52.07,52.099,52.131,52.156,52.182,52.214,52.234,52.252,52.276,52.301,52.328,52.362,52.387,52.414,52.437,52.453,52.475,52.504,52.528,52.553,52.581,52.603,52.629,52.65,52.674,52.695,52.722,52.744,52.776,52.799,52.823,52.852,52.885,52.914,52.953,52.988,53.015,53.038,53.072,53.111,53.144,53.171,53.2,53.242,53.281,53.312,53.34,53.377,53.408,53.441,53.47,53.511,53.558,53.603,53.645,53.684,53.728,53.773,53.825,53.878,53.927,53.994,54.087,54.169,54.241,54.317,54.406,54.566,54.786,55.018,55.719
877,@TPP,49.247,50.167,50.45,50.601,50.747,50.856,50.939,51.008,51.095,51.179,51.235,51.3,51.351,51.408,51.461,51.503,51.553,51.595,51.643,51.68,51.719,51.764,51.806,51.841,51.876,51.904,51.941,51.976,52.003,52.036,52.07,52.099,52.131,52.156,52.182,52.214,52.234,52.252,52.276,52.301,52.328,52.362,52.387,52.414,52.437,52.453,52.475,52.504,52.528,52.553,52.581,52.603,52.629,52.65,52.674,52.695,52.722,52.744,52.776,52.799,52.823,52.852,52.885,52.914,52.953,52.988,53.015,53.038,53.072,53.111,53.144,53.171,53.2,53.242,53.281,53.312,53.34,53.377,53.408,53.441,53.47,53.511,53.558,53.603,53.645,53.684,53.728,53.773,53.825,53.878,53.927,53.994,54.087,54.169,54.241,54.317,54.406,54.566,54.786,55.018,55.719
878,@TPP,49.466,50.163,50.463,50.656,50.764,50.904,50.991,51.084,51.161,51.24,51.298,51.363,51.414,51.461,51.51,51.553,51.59,51.636,51.681,51.71,51.749,51.782,51.82,51.85,51.887,51.919,51.952,51.988,52.021,52.049,52.074,52.098,52.126,52.154,52.183,52.206,52.232,52.253,52.282,52.307,52.33,52.358,52.385,52.411,52.437,52.468,52.496,52.521,52.546,52.571,52.597,52.625,52.645,52.664,52.685,52.712,52.738,52.762,52.783,52.806,52.83,52.858,52.881,52.903,52.933,52.965,52.992,53.031,53.064,53.095,53.127,53.166,53.201,53.232,53.265,53.312,53.353,53.387,53.421,53.451,53.496,53.533,53.57,53.612,53.645,53.691,53.734,53.795,53.843,53.885,53.925,54.002,54.078,54.158,54.234,54.331,54.429,54.549,54.68,55.025,56.018
879,@TPP,49.466,50.163,50.463,50.656,50.764,50.904,50.991,51.084,51.161,51.24,51.298,51.363,51.414,51.461,51.51,51.553,51.59,51.636,51.681,51.71,51.749,51.782,51.82,51.85,51.887,51.919,51.952,51.988,52.021,52.049,52.074,52.098,52.126,52.154,52.183,52.206,52.232,52.253,52.282,52.307,52.33,52.358,52.385,52.411,52.437,52.468,52.496,52.521,52.546,52.571,52.597,52.625,52.645,52.664,52.685,52.712,52.738,52.762,52.783,52.806,52.83,52.858,52.881,52.903,52.933,52.965,52.992,53.031,53.064,53.095,53.127,53.166,53.201,53.232,53.265,53.312,53.353,53.387,53.421,53.451,53.496,53.533,53.57,53.612,53.645,53.691,53.734,53.795,53.843,53.885,53.925,54.002,54.078,54.158,54.234,54.331,54.429,54.549,54.68,55.025,56.018
880,@TPP,49.503,50.315,50.543,50.683,50.809,50.97,51.076,51.166,51.23,51.32,51.374,51.414,51.465,51.516,51.568,51.604,51.644,51.677,51.718,51.752,51.786,51.817,51.841,51.878,51.912,51.945,51.969,52.004,52.031,52.062,52.089,52.125,52.156,52.181,52.204,52.223,52.245,52.274,52.303,52.326,52.357,52.384,52.408,52.438,52.461,52.479,52.501,52.53,52.554,52.576,52.601,52.628,52.65,52.675,52.708,52.735,52.759,52.792,52.822,52.845,52.864,52.896,52.926,52.946,52.969,53.0,53.026,53.057,53.086,53.118,53.138,53.171,53.204,53.239,53.267,53.297,53.329,53.362,53.397,53.428,53.462,53.501,53.542,53.592,53.635,53.68,53.727,53.76,53.814,53.869,53.932,53.984,54.044,54.121,54.202,54.317,54.408,54.537,54.721,55.01,56.098
881,@TPP,49.503,50.315,50.543,50.683,50.809,50.97,51.076,51.166,51.23,51.32,51.374,51.414,51.465,51.516,51.568,51.604,51.644,51.677,51.718,51.752,51.786,51.817,51.841,51.878,51.912,51.945,51.969,52.004,52.031,52.062,52.089,52.125,52.156,52.181,52.204,52.223,52.245,52.274,52.303,52.326,52.357,52.384,52.408,52.438,52.461,52.479,52.501,52.53,52.554,52.576,52.601,52.628,52.65,52.675,52.708,52.735,52.759,52.792,52.822,52.845,52.864,52.896,52.926,52.946,52.969,53.0,53.026,53.057,53.086,53.118,53.138,53.171,53.204,53.239,53.267,53.297,53.329,53.362,53.397,53.428,53.462,53.501,53.542,53.592,53.635,53.68,53.727,53.76,53.814,53.869,53.932,53.984,54.044,54.121,54.202,54.317,54.408,54.537,54.721,55.01,56.098
882,@TPP,49.251,50.235,50.477,50.705,50.848,50.936,51.017,51.102,51.175,51.261,51.331,51.379,51.437,51.488,51.53,51.569,51.624,51.659,51.697,51.74,51.772,51.817,51.845,51.876,51.905,51.932,51.957,51.988,52.017,52.048,52.072,52.095,52.122,52.154,52.187,52.213,52.24,52.268,52.291,52.32,52.346,52.368,52.397,52.421,52.444,52.469,52.498,52.524,52.553,52.587,52.616,52.642,52.669,52.69,52.713,52.74,52.76,52.787,52.816,52.84,52.864,52.886,52.907,52.937,52.967,53.001,53.031,53.05,53.074,53.103,53.132,53.16,53.184,53.228,53.261,53.286,53.319,53.354,53.395,53.427,53.466,53.502,53.548,53.589,53.629,53.674,53.729,53.79,53.838,53.895,53.947,54.008,54.061,54.131,54.213,54.329,54.445,54.562,54.742,55.058,55.79
883,@TPP,49.251,50.235,50.477,50.705,50.848,50.936,51.017,51.102,51.175,51.261,51.331,51.379,51.437,51.488,51.53,51.569,51.624,51.659,51.697,51.74,51.772,51.817,51.845,51.876,51.905,51.932,51.957,51.988,52.017,52.048,52.072,52.095,52.122,52.154,52.187,52.213,52.24,52.268,52.291,52.32,52.346,52.368,52.397,52.421,52.444,52.469,52.498,52.524,52.553,52.587,52.616,52.642,52.669,52.69,52.713,52.74,52.76,52.787,52.816,52.84,52.864,52.886,52.907,52.937,52.967,53.001,53.031,53.05,53.074,53.103,53.132,53.16,53.184,53.228,53.261,53.286,53.319,53.354,53.395,53.427,53.466,53.502,53.548,53.589,53.629,53.674,53.729,53.79,53.838,53.895,53.947,54.008,54.061,54.131,54.213,54.329,54.445,54.562,54.742,55.058,55.79
884,@TPP,49.598,50.224,50.495,50.648,50.857,50.965,51.065,51.131,51.199,51.273,51.334,51.373,51.422,51.463,51.517,51.558,51.615,51.641,51.673,51.713,51.747,51.785,51.824,51.858,51.892,51.929,51.949,51.989,52.022,52.052,52.079,52.105,52.131,52.157,52.178,52.199,52.229,52.257,52.283,52.31,52.333,52.357,52.385,52.41,52.437,52.462,52.478,52.508,52.537,52.559,52.591,52.616,52.638,52.665,52.692,52.713,52.739,52.766,52.801,52.821,52.845,52.867,52.892,52.916,52.942,52.968,52.99,53.021,53.058,53.089,53.12,53.145,53.179,53.215,53.25,53.282,53.312,53.362,53.385,53.41,53.452,53.497,53.543,53.581,53.622,53.671,53.709,53.764,53.815,53.888,53.926,53.99,54.052,54.123,54.198,54.317,54.46,54.549,54.698,54.986,55.959
885,@TPP,49.598,50.224,50.495,50.648,50.857,50.965,51.065,51.131,51.199,51.273,51.334,51.373,51.422,51.463,51.517,51.558,51.615,51.641,51.673,51.713,51.747,51.785,51.824,51.858,51.892,51.929,51.949,51.989,52.022,52.052,52.079,52.105,52.131,52.157,52.178,52.199,52.229,52.257,52.283,52.31,52.333,52.357,52.385,52.41,52.437,52.462,52.478,52.508,52.537,52.559,52.591,52.616,52.638,52.665,52.692,52.713,52.739,52.766,52.801,52.821,52.845,52.867,52.892,52.916,52.942,52.968,52.99,53.021,53.058,53.089,53.12,53.145,53.179,53.215,53.25,53.282,53.312,53.362,53.385,53.41,53.452,53.497,53.543,53.581,53.622,53.671,53.709,53.764,53.815,53.888,53.926,53.99,54.052,54.123,54.198,54.317,54.46,54.549,54.698,54.986,55.959
886,@TPP,49.409,50.238,50.524,50.713,50.873,50.959,51.036,51.101,51.195,51.252,51.299,51.354,51.409,51.467,51.522,51.573,51.609,51.647,51.678,51.717,51.748,51.786,51.823,51.856,51.893,51.924,51.952,51.971,52.001,52.029,52.051,52.081,52.109,52.137,52.167,52.192,52.218,52.243,52.274,52.297,52.319,52.346,52.37,52.393,52.418,52.437,52.464,52.492,52.519,52.543,52.576,52.6,52.625,52.646,52.67,52.691,52.714,52.742,52.761,52.785,52.814,52.842,52.869,52.901,52.938,52.964,52.993,53.021,53.046,53.083,53.11,53.139,53.161,53.195,53.226,53.259,53.297,53.328,53.358,53.391,53.431,53.475,53.5,53.534,53.576,53.618,53.66,53.724,53.779,53.841,53.898,53.964,54.041,54.115,54.202,54.299,54.391,54.54,54.685,55.007,56.076
887,@TPP,49.409,50.238,50.524,50.713,50.873,50.959,51.036,51.101,51.195,51.252,51.299,51.354,51.409,51.467,51.522,51.573,51.609,51.647,51.678,51.717,51.748,51.786,51.823,51.856,51.893,51.924,51.952,51.971,52.001,52.029,52.051,52.081,52.109,52.137,52.167,52.192,52.218,52.243,52.274,52.297,52.319,52.346,52.37,52.393,52.418,52.437,52.464,52.492,52.519,52.543,52.576,52.6,52.625,52.646,52.67,52.691,52.714,52.742,52.761,52.785,52.814,52.842,52.869,52.901,52.938,52.964,52.993,53.021,53.046,53.083,53.11,53.139,53.161,53.195,53.226,53.259,53.297,53.328,53.358,53.391,53.431,53.475,53.5,53.534,53.576,53.618,53.66,53.724,53.779,53.841,53.898,53.964,54.041,54.115,54.202,54.299,54.391,54.54,54.685,55.007,56.076
888,@TPP,49.316,50.164,50.499,50.673,50.831,50.936,51.015,51.116,51.186,51.27,51.321,51.377,51.441,51.481,51.532,51.565,51.611,51.652,51.683,51.715,51.748,51.784,51.81,51.849,51.88,51.909,51.933,51.968,51.996,52.03,52.064,52.085,52.108,52.137,52.162,52.186,52.203,52.228,52.251,52.279,52.302,52.333,52.357,52.389,52.405,52.426,52.454,52.473,52.494,52.518,52.544,52.575,52.598,52.627,52.656,52.68,52.709,52.738,52.759,52.784,52.814,52.845,52.874,52.9,52.928,52.957,52.982,53.008,53.033,53.068,53.094,53.123,53.155,53.182,53.212,53.241,53.272,53.303,53.331,53.379,53.421,53.449,53.501,53.535,53.564,53.604,53.65,53.695,53.755,53.808,53.858,53.925,53.981,54.047,54.12,54.237,54.353,54.501,54.692,55.026,55.944
889,@TPP,49.316,50.164,50.499,50.673,50.831,50.936,51.015,51.116,51.186,51.27,51.321,51.377,51.441,51.481,51.532,51.565,51.611,51.652,51.683,51.715,51.748,51.784,51.81,51.849,51.88,51.909,51.933,51.968,51.996,52.03,52.064,52.085,52.108,52.137,52.162,52.186,52.203,52.228,52.251,52.279,52.302,52.333,52.357,52.389,52.405,52.426,52.454,52.473,52.494,52.518,52.544,52.575,52.598,52.627,52.656,52.68,52.709,52.738,52.759,52.784,52.814,52.845,52.874,52.9,52.928,52.957,52.982,53.008,53.033,53.068,53.094,53.123,53.155,53.182,53.212,53.241,53.272,53.303,53.331,53.379,53.421,53.449,53.501,53.535,53.564,53.604,53.65,53.695,53.755,53.808,53.858,53.925,53.981,54.047,54.12,54.237,54.353,54.501,54.692,55.026,55.944
890,@TPP,49.409,50.3,50.548,50.695,50.848,50.919,51.02,51.114,51.173,51.24,51.304,51.38,51.418,51.465,51.511,51.557,51.585,51.621,51.662,51.716,51.76,51.793,51.823,51.856,51.882,51.916,51.949,51.982,52.006,52.031,52.06,52.081,52.106,52.126,52.155,52.176,52.198,52.221,52.248,52.27,52.293,52.329,52.353,52.379,52.405,52.432,52.453,52.483,52.518,52.541,52.562,52.585,52.609,52.638,52.661,52.683,52.711,52.736,52.759,52.782,52.8,52.826,52.856,52.884,52.914,52.94,52.968,52.99,53.018,53.045,53.075,53.105,53.132,53.16,53.198,53.228,53.26,53.298,53.322,53.356,53.384,53.419,53.45,53.495,53.536,53.584,53.626,53.668,53.721,53.774,53.826,53.863,53.929,54.009,54.099,54.173,54.279,54.416,54.615,54.928,55.94
891,@TPP,49.409,50.3,50.548,50.695,50.848,50.919,51.02,51.114,51.173,51.24,51.304,51.38,51.418,51.465,51.511,51.557,51.585,51.621,51.662,51.716,51.76,51.793,51.823,51.856,51.882,51.916,51.949,51.982,52.006,52.031,52.06,52.081,52.106,52.126,52.155,52.176,52.198,52.221,52.248,52.27,52.293,52.329,52.353,52.379,52.405,52.432,52.453,52.483,52.518,52.541,52.562,52.585,52.609,52.638,52.661,52.683,52.711,52.736,52.759,52.782,52.8,52.826,52.856,52.884,52.914,52.94,52.968,52.99,53.018,53.045,53.075,53.105,53.132,53.16,53.198,53.228,53.26,53.298,53.322,53.356,53.384,53.419,53.45,53.495,53.536,53.584,53.626,53.668,53.721,53.774,53.826,53.863,53.929,54.009,54.099,54.173,54.279,54.416,54.615,54.928,55.94
892,@TPP,49.326,50.299,50.555,50.695,50.86,50.944,51.052,51.134,51.217,51.272,51.324,51.38,51.443,51.476,51.523,51.562,51.615,51.646,51.68,51.704,51.733,51.773,51.804,51.834,51.863,51.897,51.928,51.952,51.983,52.008,52.039,52.069,52.097,52.119,52.143,52.176,52.2,52.226,52.253,52.277,52.302,52.325,52.354,52.38,52.405,52.428,52.462,52.491,52.51,52.534,52.558,52.579,52.602,52.629,52.654,52.687,52.708,52.729,52.754,52.781,52.802,52.827,52.851,52.873,52.898,52.923,52.956,52.981,53.017,53.049,53.074,53.109,53.128,53.159,53.186,53.212,53.247,53.279,53.304,53.335,53.36,53.404,53.444,53.486,53.52,53.556,53.605,53.655,53.712,53.762,53.824,53.877,53.944,54.002,54.086,54.169,54.256,54.403,54.607,54.86,55.832
893,@TPP,49.326,50.299,50.555,50.695,50.86,50.944,51.052,51.134,51.217,51.272,51.324,51.38,51.443,51.476,51.523,51.562,51.615,51.646,51.68,51.704,51.733,51.773,51.804,51.834,51.863,51.897,51.928,51.952,51.983,52.008,52.039,52.069,52.097,52.119,52.143,52.176,52.2,52.226,52.253,52.277,52.302,52.325,52.354,52.38,52.405,52.428,52.462,52.491,52.51,52.534,52.558,52.579,52.602,52.629,52.654,52.687,52.708,52.729,52.754,52.781,52.802,52.827,52.851,52.873,52.898,52.923,52.956,52.981,53.017,53.049,53.074,53.109,53.128,53.159,53.186,53.212,53.247,53.279,53.304,53.335,53.36,53.404,53.444,53.486,53.52,53.556,53.605,53.655,53.712,53.762,53.824,53.877,53.944,54.002,54.086,54.169,54.256,54.403,54.607,54.86,55.832
894,@TPP,49.597,50.288,50.569,50.757,50.868,50.969,51.054,51.143,51.204,51.25,51.332,51.396,51.437,51.501,51.553,51.589,51.63,51.662,51.704,51.741,51.767,51.8,51.827,51.854,51.886,51.915,51.946,51.968,51.998,52.032,52.058,52.087,52.108,52.138,52.165,52.19,52.22,52.242,52.266,52.294,52.313,52.338,52.36,52.388,52.41,52.434,52.461,52.478,52.51,52.536,52.562,52.583,52.612,52.632,52.652,52.681,52.707,52.729,52.751,52.782,52.798,52.823,52.855,52.877,52.9,52.925,52.95,52.974,52.993,53.011,53.044,53.068,53.1,53.127,53.16,53.192,53.217,53.252,53.286,53.321,53.36,53.397,53.424,53.466,53.511,53.556,53.595,53.636,53.671,53.744,53.797,53.841,53.913,53.982,54.051,54.117,54.21,54.34,54.537,54.78,55.465
895,@TPP,49.597,50.288,50.569,50.757,50.868,50.969,51.054,51.143,51.204,51.25,51.332,51.396,51.437,51.501,51.553,51.589,51.63,51.662,51.704,51.741,51.767,51.8,51.827,51.854,51.886,51.915,51.946,51.968,51.998,52.032,52.058,52.087,52.108,52.138,52.165,52.19,52.22,52.242,52.266,52.294,52.313,52.338,52.36,52.388,52.41,52.434,52.461,52.478,52.51,52.536,52.562,52.583,52.612,52.632,52.652,52.681,52.707,52.729,52.751,52.782,52.798,52.823,52.855,52.877,52.9,52.925,52.95,52.974,52.993,53.011,53.044,53.068,53.1,53.127,53.16,53.192,53.217,53.252,53.286,53.321,53.36,53.397,53.424,53.466,53.511,53.556,53.595,53.636,53.671,53.744,53.797,53.841,53.913,53.982,54.051,54.117,54.21,54.34,54.537,54.78,55.465
896,@TPP,49.64,50.396,50.635,50.777,50.929,51.028,51.105,51.171,51.249,51.311,51.361,51.413,51.459,51.506,51.548,51.586,51.627,51.669,51.706,51.745,51.776,51.804,51.837,51.871,51.899,51.923,51.957,51.99,52.015,52.038,52.065,52.09,52.116,52.144,52.167,52.188,52.216,52.24,52.268,52.289,52.308,52.329,52.349,52.374,52.4,52.426,52.453,52.477,52.499,52.524,52.551,52.577,52.597,52.614,52.644,52.67,52.697,52.725,52.748,52.772,52.804,52.824,52.847,52.869,52.894,52.915,52.943,52.97,52.994,53.017,53.048,53.068,53.097,53.124,53.146,53.175,53.201,53.228,53.271,53.302,53.331,53.364,53.396,53.431,53.465,53.507,53.552,53.599,53.647,53.697,53.744,53.798,53.862,53.936,54.009,54.132,54.218,54.334,54.471,54.759,55.39
897,@TPP,49.64,50.396,50.635,50.777,50.929,51.028,51.105,51.171,51.249,51.311,51.361,51.413,51.459,51.506,51.548,51.586,51.627,51.669,51.706,51.745,51.776,51.804,51.837,51.871,51.899,51.923,51.957,51.99,52.015,52.038,52.065,52.09,52.116,52.144,52.167,52.188,52.216,52.24,52.268,52.289,52.308,52.329,52.349,52.374,52.4,52.426,52.453,52.477,52.499,52.524,52.551,52.577,52.597,52.614,52.644,52.67,52.697,52.725,52.748,52.772,52.804,52.824,52.847,52.869,52.894,52.915,52.943,52.97,52.994,53.017,53.048,53.068,53.097,53.124,53.146,53.175,53.201,53.228,53.271,53.302,53.331,53.364,53.396,53.431,53.465,53.507,53.552,53.599,53.647,53.697,53.744,53.798,53.862,53.936,54.009,54.132,54.218,54.334,54.471,54.759,55.39
898,@TPP,49.509,50.518,50.769,50.897,51.007,51.083,51.16,51.238,51.302,51.362,51.419,51.45,51.487,51.525,51.565,51.603,51.64,51.678,51.706,51.725,51.759,51.798,51.822,51.853,51.884,51.913,51.941,51.966,51.994,52.019,52.054,52.08,52.114,52.144,52.171,52.199,52.223,52.259,52.282,52.3,52.324,52.347,52.374,52.396,52.423,52.444,52.469,52.493,52.514,52.536,52.559,52.576,52.604,52.624,52.648,52.67,52.697,52.722,52.747,52.763,52.781,52.816,52.841,52.864,52.883,52.906,52.927,52.944,52.967,52.995,53.017,53.048,53.074,53.106,53.138,53.161,53.188,53.212,53.235,53.265,53.295,53.323,53.35,53.381,53.425,53.462,53.504,53.556,53.594,53.631,53.669,53.737,53.798,53.861,53.938,54.01,54.124,54.242,54.405,54.654,55.174
899,@TPP,49.509,50.518,50.769,50.897,51.007,51.083,51.16,51.238,51.302,51.362,51.419,51.45,51.487,51.525,51.565,51.603,51.64,51.678,51.706,51.725,51.759,51.798,51.822,51.853,51.884,51.913,51.941,51.966,51.994,52.019,52.054,52.08,52.114,52.144,52.171,52.199,52.223,52.259,52.282,52.3,52.324,52.347,52.374,52.396,52.423,52.444,52.469,52.493,52.514,52.536,52.559,52.576,52.604,52.624,52.648,52.67,52.697,52.722,52.747,52.763,52.781,52.816,52.841,52.864,52.883,52.906,52.927,52.944,52.967,52.995,53.017,53.048,53.074,53.106,53.138,53.161,53.188,53.212,53.235,53.265,53.295,53.323,53.35,53.381,53.425,53.462,53.504,53.556,53.594,53.631,53.669,53.737,53.798,53.861,53.938,54.01,54.124,54.242,54.405,54.654,55.174
900,@TPP,49.827,50.557,50.825,50.946,51.036,51.127,51.205,51.261,51.341,51.384,51.439,51.49,51.547,51.583,51.617,51.639,51.67,51.71,51.745,51.775,51.805,51.835,51.861,51.891,51.914,51.941,51.974,51.999,52.024,52.051,52.079,52.104,52.131,52.158,52.18,52.202,52.226,52.252,52.273,52.304,52.329,52.357,52.378,52.396,52.412,52.439,52.469,52.488,52.509,52.529,52.553,52.572,52.601,52.622,52.647,52.664,52.688,52.704,52.727,52.751,52.775,52.796,52.814,52.826,52.86,52.879,52.902,52.924,52.945,52.966,52.992,53.014,53.041,53.068,53.095,53.122,53.154,53.182,53.207,53.228,53.261,53.297,53.329,53.362,53.403,53.435,53.469,53.518,53.556,53.604,53.653,53.711,53.762,53.821,53.875,53.939,54.023,54.144,54.338,54.579,55.202
901,@TPP,49.827,50.557,50.825,50.946,51.036,51.127,51.205,51.261,51.341,51.384,51.439,51.49,51.547,51.583,51.617,51.639,51.67,51.71,51.745,51.775,51.805,51.835,51.861,51.891,51.914,51.941,51.974,51.999,52.024,52.051,52.079,52.104,52.131,52.158,52.18,52.202,52.226,52.252,52.273,52.304,52.329,52.357,52.378,52.396,52.412,52.439,52.469,52.488,52.509,52.529,52.553,52.572,52.601,52.622,52.647,52.664,52.688,52.704,52.727,52.751,52.775,52.796,52.814,52.826,52.86,52.879,52.902,52.924,52.945,52.966,52.992,53.014,53.041,53.068,53.095,53.122,53.154,53.182,53.207,53.228,53.261,53.297,53.329,53.362,53.403,53.435,53.469,53.518,53.556,53.604,53.653,53.711,53.762,53.821,53.875,53.939,54.023,54.144,54.338,54.579,55.202
902,@TPP,49.996,50.65,50.866,50.995,51.101,51.176,51.251,51.325,51.398,51.447,51.483,51.526,51.575,51.598,51.635,51.671,51.709,51.738,51.77,51.805,51.835,51.861,51.883,51.913,51.94,51.965,51.986,52.016,52.048,52.073,52.098,52.126,52.152,52.176,52.206,52.232,52.258,52.294,52.322,52.341,52.363,52.385,52.406,52.426,52.442,52.463,52.488,52.513,52.533,52.557,52.575,52.6,52.62,52.636,52.662,52.685,52.707,52.726,52.749,52.772,52.802,52.823,52.844,52.872,52.9,52.926,52.948,52.967,52.991,53.008,53.031,53.054,53.075,53.103,53.134,53.161,53.188,53.22,53.251,53.287,53.321,53.35,53.387,53.414,53.454,53.491,53.532,53.58,53.612,53.658,53.695,53.746,53.809,53.856,53.918,53.996,54.107,54.214,54.355,54.597,55.382
903,@TPP,49.996,50.65,50.866,50.995,51.101,51.176,51.251,51.325,51.398,51.447,51.483,51.526,51.575,51.598,51.635,51.671,51.709,51.738,51.77,51.805,51.835,51.861,51.883,51.913,51.94,51.965,51.986,52.016,52.048,52.073,52.098,52.126,52.152,52.176,52.206,52.232,52.258,52.294,52.322,52.341,52.363,52.385,52.406,52.426,52.442,52.463,52.488,52.513,52.533,52.557,52.575,52.6,52.62,52.636,52.662,52.685,52.707,52.726,52.749,52.772,52.802,52.823,52.844,52.872,52.9,52.926,52.948,52.967,52.991,53.008,53.031,53.054,53.075,53.103,53.134,53.161,53.188,53.22,53.251,53.287,53.321,53.35,53.387,53.414,53.454,53.491,53.532,53.58,53.612,53.658,53.695,53.746,53.809,53.856,53.918,53.996,54.107,54.214,54.355,54.597,55.382
904,@TPP,49.907,50.593,50.884,50.997,51.117,51.203,51.279,51.358,51.421,51.472,51.521,51.58,51.612,51.65,51.693,51.722,51.75,51.782,51.814,51.854,51.881,51.913,51.94,51.973,52.005,52.038,52.058,52.085,52.108,52.139,52.16,52.186,52.207,52.229,52.25,52.274,52.3,52.33,52.35,52.37,52.387,52.405,52.435,52.465,52.489,52.509,52.535,52.553,52.573,52.599,52.621,52.647,52.668,52.686,52.707,52.735,52.761,52.786,52.807,52.831,52.853,52.873,52.893,52.911,52.937,52.964,52.992,53.017,53.045,53.062,53.089,53.117,53.138,53.168,53.191,53.214,53.238,53.263,53.293,53.318,53.349,53.387,53.42,53.457,53.491,53.529,53.573,53.628,53.663,53.694,53.743,53.784,53.857,53.916,53.985,54.057,54.136,54.23,54.344,54.596,55.427
905,@TPP,49.907,50.593,50.884,50.997,51.117,51.203,51.279,51.358,51.421,51.472,51.521,51.58,51.612,51.65,51.693,51.722,51.75,51.782,51.814,51.854,51.881,51.913,51.94,51.973,52.005,52.038,52.058,52.085,52.108,52.139,52.16,52.186,52.207,52.229,52.25,52.274,52.3,52.33,52.35,52.37,52.387,52.405,52.435,52.465,52.489,52.509,52.535,52.553,52.573,52.599,52.621,52.647,52.668,52.686,52.707,52.735,52.761,52.786,52.807,52.831,52.853,52.873,52.893,52.911,52.937,52.964,52.992,53.017,53.045,53.062,53.089,53.117,53.138,53.168,53.191,53.214,53.238,53.263,53.293,53.318,53.349,53.387,53.42,53.457,53.491,53.529,53.573,53.628,53.663,53.694,53.743,53.784,53.857,53.916,53.985,54.057,54.136,54.23,54.344,54.596,55.427
906,@TPP,49.817,50.613,50.9,51.043,51.148,51.266,51.339,51.416,51.486,51.544,51.59,51.631,51.682,51.706,51.747,51.772,51.798,51.83,51.863,51.901,51.932,51.963,51.992,52.021,52.051,52.079,52.103,52.127,52.148,52.173,52.194,52.215,52.24,52.265,52.304,52.333,52.357,52.378,52.398,52.418,52.441,52.462,52.482,52.505,52.528,52.55,52.57,52.591,52.611,52.636,52.656,52.673,52.704,52.723,52.744,52.768,52.784,52.807,52.832,52.856,52.883,52.909,52.93,52.952,52.977,52.999,53.025,53.047,53.071,53.098,53.116,53.143,53.172,53.198,53.226,53.248,53.273,53.3,53.323,53.353,53.378,53.4,53.436,53.465,53.5,53.544,53.584,53.627,53.664,53.712,53.778,53.825,53.878,53.952,54.018,54.106,54.208,54.301,54.435,54.612,55.378
907,@TPP,49.817,50.613,50.9,51.043,51.148,51.266,51.339,51.416,51.486,51.544,51.59,51.631,51.682,51.706,51.747,51.772,51.798,51.83,51.863,51.901,51.932,51.963,51.992,52.021,52.051,52.079,52.103,52.127,52.148,52.173,52.194,52.215,52.24,52.265,52.304,52.333,52.357,52.378,52.398,52.418,52.441,52.462,52.482,52.505,52.528,52.55,52.57,52.591,52.611,52.636,52.656,52.673,52.704,52.723,52.744,52.768,52.784,52.807,52.832,52.856,52.883,52.909,52.93,52.952,52.977,52.999,53.025,53.047,53.071,53.098,53.116,53.143,53.172,53.198,53.226,53.248,53.273,53.3,53.323,53.353,53.378,53.4,53.436,53.465,53.5,53.544,53.584,53.627,53.664,53.712,53.778,53.825,53.878,53.952,54.018,54.106,54.208,54.301,54.435,54.612,55.378
908,@TPP,50.081,50.706,50.936,51.1,51.25,51.326,51.398,51.472,51.542,51.596,51.636,51.683,51.743,51.776,51.81,51.849,51.879,51.921,51.949,51.979,52.009,52.04,52.076,52.102,52.126,52.152,52.173,52.203,52.227,52.262,52.282,52.305,52.324,52.34,52.366,52.396,52.419,52.441,52.459,52.479,52.501,52.522,52.537,52.566,52.589,52.609,52.627,52.643,52.661,52.679,52.701,52.718,52.734,52.753,52.777,52.797,52.818,52.847,52.867,52.889,52.909,52.933,52.954,52.974,52.992,53.015,53.037,53.059,53.083,53.116,53.139,53.164,53.191,53.211,53.238,53.265,53.29,53.322,53.343,53.378,53.407,53.449,53.482,53.516,53.554,53.583,53.626,53.667,53.716,53.752,53.799,53.845,53.898,53.963,54.022,54.085,54.18,54.289,54.412,54.605,55.282
909,@TPP,50.081,50.706,50.936,51.1,51.25,51.326,51.398,51.472,51.542,51.596,51.636,51.683,51.743,51.776,51.81,51.849,51.879,51.921,51.949,51.979,52.009,52.04,52.076,52.102,52.126,52.152,52.173,52.203,52.227,52.262,52.282,52.305,52.324,52.34,52.366,52.396,52.419,52.441,52.459,52.479,52.501,52.522,52.537,52.566,52.589,52.609,52.627,52.643,52.661,52.679,52.701,52.718,52.734,52.753,52.777,52.797,52.818,52.847,52.867,52.889,52.909,52.933,52.954,52.974,52.992,53.015,53.037,53.059,53.083,53.116,53.139,53.164,53.191,53.211,53.238,53.265,53.29,53.322,53.343,53.378,53.407,53.449,53.482,53.516,53.554,53.583,53.626,53.667,53.716,53.752,53.799,53.845,53.898,53.963,54.022,54.085,54.18,54.289,54.412,54.605,55.282
910,@TPP,50.232,50.861,51.099,51.212,51.325,51.401,51.518,51.575,51.622,51.654,51.703,51.759,51.816,51.856,51.899,51.933,51.967,51.997,52.019,52.047,52.076,52.107,52.133,52.169,52.19,52.213,52.232,52.252,52.284,52.306,52.33,52.358,52.379,52.402,52.43,52.448,52.471,52.491,52.518,52.537,52.556,52.575,52.593,52.613,52.634,52.648,52.662,52.68,52.702,52.724,52.741,52.755,52.775,52.792,52.808,52.829,52.853,52.873,52.895,52.925,52.941,52.961,52.98,53.002,53.026,53.045,53.063,53.088,53.108,53.132,53.157,53.174,53.198,53.227,53.254,53.275,53.302,53.336,53.372,53.405,53.439,53.459,53.493,53.521,53.555,53.587,53.621,53.655,53.695,53.742,53.785,53.825,53.87,53.941,54.009,54.095,54.162,54.288,54.436,54.644,55.23
911,@TPP,50.232,50.861,51.099,51.212,51.325,51.401,51.518,51.575,51.622,51.654,51.703,51.759,51.816,51.856,51.899,51.933,51.967,51.997,52.019,52.047,52.076,52.107,52.133,52.169,52.19,52.213,52.232,52.252,52.284,52.306,52.33,52.358,52.379,52.402,52.43,52.448,52.471,52.491,52.518,52.537,52.556,52.575,52.593,52.613,52.634,52.648,52.662,52.68,52.702,52.724,52.741,52.755,52.775,52.792,52.808,52.829,52.853,52.873,52.895,52.925,52.941,52.961,52.98,53.002,53.026,53.045,53.063,53.088,53.108,53.132,53.157,53.174,53.198,53.227,53.254,53.275,53.302,53.336,53.372,53.405,53.439,53.459,53.493,53.521,53.555,53.587,53.621,53.655,53.695,53.742,53.785,53.825,53.87,53.941,54.009,54.095,54.162,54.288,54.436,54.644,55.23
912,@TPP,50.369,50.961,51.193,51.311,51.419,51.499,51.574,51.614,51.677,51.745,51.793,51.84,51.879,51.921,51.948,51.983,52.017,52.049,52.084,52.114,52.137,52.165,52.19,52.216,52.249,52.267,52.293,52.322,52.345,52.381,52.405,52.432,52.449,52.465,52.492,52.523,52.541,52.563,52.584,52.602,52.623,52.637,52.654,52.676,52.695,52.72,52.734,52.752,52.765,52.781,52.798,52.818,52.842,52.859,52.876,52.892,52.909,52.93,52.946,52.968,52.986,53.007,53.03,53.054,53.07,53.092,53.109,53.125,53.149,53.169,53.195,53.22,53.249,53.275,53.29,53.316,53.347,53.375,53.402,53.423,53.456,53.492,53.524,53.552,53.584,53.615,53.657,53.697,53.727,53.766,53.812,53.856,53.897,53.942,54.022,54.102,54.171,54.273,54.396,54.664,55.258
913,@TPP,50.369,50.961,51.193,51.311,51.419,51.499,51.574,51.614,51.677,51.745,51.793,51.84,51.879,51.921,51.948,51.983,52.017,52.049,52.084,52.114,52.137,52.165,52.19,52.216,52.249,52.267,52.293,52.322,52.345,52.381,52.405,52.432,52.449,52.465,52.492,52.523,52.541,52.563,52.584,52.602,52.623,52.637,52.654,52.676,52.695,52.72,52.734,52.752,52.765,52.781,52.798,52.818,52.842,52.859,52.876,52.892,52.909,52.93,52.946,52.968,52.986,53.007,53.03,53.054,53.07,53.092,53.109,53.125,53.149,53.169,53.195,53.22,53.249,53.275,53.29,53.316,53.347,53.375,53.402,53.423,53.456,53.492,53.524,53.552,53.584,53.615,53.657,53.697,53.727,53.766,53.812,53.856,53.897,53.942,54.022,54.102,54.171,54.273,54.396,54.664,55.258
914,@TPP,50.305,50.856,51.061,51.173,51.27,51.366,51.455,51.534,51.608,51.687,51.746,51.788,51.829,51.875,51.908,51.937,51.971,52.005,52.039,52.076,52.108,52.136,52.162,52.182,52.207,52.24,52.263,52.288,52.309,52.324,52.345,52.365,52.39,52.423,52.446,52.462,52.488,52.514,52.541,52.556,52.578,52.594,52.619,52.639,52.655,52.679,52.696,52.718,52.743,52.765,52.782,52.809,52.83,52.85,52.869,52.886,52.913,52.931,52.952,52.977,53.001,53.017,53.037,53.061,53.081,53.1,53.124,53.145,53.166,53.187,53.212,53.232,53.257,53.284,53.308,53.332,53.357,53.383,53.41,53.444,53.479,53.506,53.538,53.563,53.598,53.635,53.667,53.697,53.743,53.784,53.822,53.87,53.932,53.993,54.069,54.146,54.225,54.315,54.449,54.718,55.379
915,@TPP,50.305,50.856,51.061,51.173,51.27,51.366,51.455,51.534,51.608,51.687,51.746,51.788,51.829,51.875,51.908,51.937,51.971,52.005,52.039,52.076,52.108,52.136,52.162,52.182,52.207,52.24,52.263,52.288,52.309,52.324,52.345,52.365,52.39,52.423,52.446,52.462,52.488,52.514,52.541,52.556,52.578,52.594,52.619,52.639,52.655,52.679,52.696,52.718,52.743,52.765,52.782,52.809,52.83,52.85,52.869,52.886,52.913,52.931,52.952,52.977,53.001,53.017,53.037,53.061,53.081,53.1,53.124,53.145,53.166,53.187,53.212,53.232,53.257,53.284,53.308,53.332,53.357,53.383,53.41,53.444,53.479,53.506,53.538,53.563,53.598,53.635,53.667,53.697,53.743,53.784,53.822,53.87,53.932,53.993,54.069,54.146,54.225,54.315,54.449,54.718,55.379
916,@TPP,50.156,50.8,50.978,51.174,51.265,51.34,51.433,51.499,51.55,51.607,51.651,51.71,51.752,51.784,51.828,51.875,51.902,51.938,51.974,52.013,52.052,52.089,52.116,52.145,52.168,52.19,52.22,52.249,52.278,52.299,52.327,52.345,52.373,52.4,52.424,52.446,52.465,52.486,52.51,52.531,52.559,52.573,52.593,52.619,52.646,52.67,52.691,52.71,52.736,52.751,52.77,52.792,52.819,52.844,52.867,52.881,52.909,52.934,52.958,52.982,53.002,53.029,53.053,53.069,53.09,53.11,53.129,53.15,53.177,53.199,53.22,53.244,53.27,53.295,53.323,53.353,53.378,53.411,53.441,53.463,53.49,53.521,53.553,53.586,53.628,53.648,53.684,53.725,53.773,53.818,53.858,53.907,53.972,54.036,54.086,54.147,54.225,54.349,54.502,54.8,55.455
917,@TPP,50.156,50.8,50.978,51.174,51.265,51.34,51.433,51.499,51.55,51.607,51.651,51.71,51.752,51.784,51.828,51.875,51.902,51.938,51.974,52.013,52.052,52.089,52.116,52.145,52.168,52.19,52.22,52.249,52.278,52.299,52.327,52.345,52.373,52.4,52.424,52.446,52.465,52.486,52.51,52.531,52.559,52.573,52.593,52.619,52.646,52.67,52.691,52.71,52.736,52.751,52.77,52.792,52.819,52.844,52.867,52.881,52.909,52.934,52.958,52.982,53.002,53.029,53.053,53.069,53.09,53.11,53.129,53.15,53.177,53.199,53.22,53.244,53.27,53.295,53.323,53.353,53.378,53.411,53.441,53.463,53.49,53.521,53.553,53.586,53.628,53.648,53.684,53.725,53.773,53.818,53.858,53.907,53.972,54.036,54.086,54.147,54.225,54.349,54.502,54.8,55.455
918,@TPP,50.008,50.667,50.856,51.062,51.167,51.273,51.379,51.45,51.504,51.558,51.61,51.662,51.721,51.767,51.802,51.834,51.884,51.909,51.938,51.973,52.006,52.04,52.068,52.096,52.129,52.156,52.188,52.214,52.237,52.262,52.292,52.316,52.346,52.371,52.396,52.419,52.443,52.47,52.493,52.518,52.544,52.567,52.586,52.606,52.63,52.658,52.678,52.697,52.716,52.742,52.761,52.781,52.806,52.827,52.855,52.878,52.902,52.924,52.945,52.973,52.999,53.024,53.045,53.068,53.092,53.114,53.14,53.165,53.187,53.213,53.239,53.261,53.283,53.313,53.336,53.367,53.396,53.424,53.444,53.486,53.519,53.546,53.581,53.608,53.634,53.676,53.72,53.751,53.802,53.844,53.897,53.946,54.003,54.069,54.142,54.235,54.33,54.449,54.608,54.919,55.661
919,@TPP,50.008,50.667,50.856,51.062,51.167,51.273,51.379,51.45,51.504,51.558,51.61,51.662,51.721,51.767,51.802,51.834,51.884,51.909,51.938,51.973,52.006,52.04,52.068,52.096,52.129,52.156,52.188,52.214,52.237,52.262,52.292,52.316,52.346,52.371,52.396,52.419,52.443,52.47,52.493,52.518,52.544,52.567,52.586,52.606,52.63,52.658,52.678,52.697,52.716,52.742,52.761,52.781,52.806,52.827,52.855,52.878,52.902,52.924,52.945,52.973,52.999,53.024,53.045,53.068,53.092,53.114,53.14,53.165,53.187,53.213,53.239,53.261,53.283,53.313,53.336,53.367,53.396,53.424,53.444,53.486,53.519,53.546,53.581,53.608,53.634,53.676,53.72,53.751,53.802,53.844,53.897,53.946,54.003,54.069,54.142,54.235,54.33,54.449,54.608,54.919,55.661
920,@TPP,49.827,50.471,50.759,50.96,51.064,51.208,51.307,51.391,51.443,51.495,51.541,51.587,51.643,51.693,51.737,51.786,51.831,51.882,51.926,51.962,51.998,52.028,52.054,52.093,52.121,52.148,52.175,52.202,52.227,52.248,52.279,52.298,52.327,52.356,52.383,52.408,52.432,52.456,52.48,52.502,52.527,52.551,52.572,52.589,52.615,52.643,52.667,52.698,52.717,52.735,52.764,52.784,52.807,52.83,52.845,52.863,52.881,52.909,52.935,52.956,52.984,53.014,53.037,53.058,53.084,53.111,53.135,53.163,53.194,53.218,53.245,53.27,53.296,53.325,53.352,53.374,53.4,53.431,53.46,53.49,53.522,53.555,53.589,53.616,53.648,53.683,53.717,53.763,53.82,53.872,53.912,53.953,54.015,54.095,54.161,54.26,54.392,54.517,54.64,54.964,55.756
921,@TPP,49.827,50.471,50.759,50.96,51.064,51.208,51.307,51.391,51.443,51.495,51.541,51.587,51.643,51.693,51.737,51.786,51.831,51.882,51.926,51.962,51.998,52.028,52.054,52.093,52.121,52.148,52.175,52.202,52.227,52.248,52.279,52.298,52.327,52.356,52.383,52.408,52.432,52.456,52.48,52.502,52.527,52.551,52.572,52.589,52.615,52.643,52.667,52.698,52.717,52.735,52.764,52.784,52.807,52.83,52.845,52.863,52.881,52.909,52.935,52.956,52.984,53.014,53.037,53.058,53.084,53.111,53.135,53.163,53.194,53.218,53.245,53.27,53.296,53.325,53.352,53.374,53.4,53.431,53.46,53.49,53.522,53.555,53.589,53.616,53.648,53.683,53.717,53.763,53.82,53.872,53.912,53.953,54.015,54.095,54.161,54.26,54.392,54.517,54.64,54.964,55.756
922,@TPP,49.701,50.374,50.643,50.888,51.042,51.139,51.229,51.333,51.393,51.463,51.52,51.571,51.625,51.667,51.717,51.75,51.785,51.826,51.855,51.895,51.932,51.966,52.003,52.038,52.076,52.104,52.139,52.176,52.205,52.231,52.258,52.285,52.308,52.329,52.354,52.386,52.407,52.431,52.449,52.475,52.501,52.526,52.552,52.574,52.597,52.624,52.647,52.673,52.691,52.714,52.735,52.756,52.783,52.808,52.833,52.863,52.889,52.908,52.932,52.956,52.982,53.011,53.032,53.051,53.075,53.104,53.136,53.162,53.188,53.216,53.243,53.265,53.294,53.318,53.348,53.372,53.398,53.431,53.456,53.487,53.514,53.546,53.577,53.623,53.667,53.713,53.758,53.799,53.844,53.892,53.924,53.983,54.043,54.111,54.177,54.259,54.39,54.511,54.73,54.996,55.825
923,@TPP,49.701,50.374,50.643,50.888,51.042,51.139,51.229,51.333,51.393,51.463,51.52,51.571,51.625,51.667,51.717,51.75,51.785,51.826,51.855,51.895,51.932,51.966,52.003,52.038,52.076,52.104,52.139,52.176,52.205,52.231,52.258,52.285,52.308,52.329,52.354,52.386,52.407,52.431,52.449,52.475,52.501,52.526,52.552,52.574,52.597,52.624,52.647,52.673,52.691,52.714,52.735,52.756,52.783,52.808,52.833,52.863,52.889,52.908,52.932,52.956,52.982,53.011,53.032,53.051,53.075,53.104,53.136,53.162,53.188,53.216,53.243,53.265,53.294,53.318,53.348,53.372,53.398,53.431,53.456,53.487,53.514,53.546,53.577,53.623,53.667,53.713,53.758,53.799,53.844,53.892,53.924,53.983,54.043,54.111,54.177,54.259,54.39,54.511,54.73,54.996,55.825
924,@TPP,49.453,50.305,50.605,50.828,50.989,51.081,51.175,51.273,51.345,51.422,51.49,51.54,51.612,51.644,51.686,51.725,51.766,51.808,51.838,51.881,51.918,51.956,51.989,52.017,52.057,52.09,52.122,52.15,52.181,52.207,52.236,52.262,52.287,52.311,52.34,52.365,52.397,52.419,52.437,52.464,52.489,52.515,52.536,52.561,52.582,52.606,52.634,52.661,52.678,52.701,52.726,52.75,52.777,52.805,52.822,52.853,52.875,52.902,52.926,52.954,52.976,53.0,53.025,53.044,53.072,53.096,53.124,53.147,53.171,53.198,53.223,53.257,53.288,53.313,53.34,53.366,53.398,53.436,53.473,53.501,53.534,53.558,53.587,53.619,53.653,53.688,53.731,53.771,53.831,53.893,53.95,54.01,54.074,54.134,54.206,54.306,54.394,54.565,54.742,55.01,55.814
925,@TPP,49.453,50.305,50.605,50.828,50.989,51.081,51.175,51.273,51.345,51.422,51.49,51.54,51.612,51.644,51.686,51.725,51.766,51.808,51.838,51.881,51.918,51.956,51.989,52.017,52.057,52.09,52.122,52.15,52.181,52.207,52.236,52.262,52.287,52.311,52.34,52.365,52.397,52.419,52.437,52.464,52.489,52.515,52.536,52.561,52.582,52.606,52.634,52.661,52.678,52.701,52.726,52.75,52.777,52.805,52.822,52.853,52.875,52.902,52.926,52.954,52.976,53.0,53.025,53.044,53.072,53.096,53.124,53.147,53.171,53.198,53.223,53.257,53.288,53.313,53.34,53.366,53.398,53.436,53.473,53.501,53.534,53.558,53.587,53.619,53.653,53.688,53.731,53.771,53.831,53.893,53.95,54.01,54.074,54.134,54.206,54.306,54.394,54.565,54.742,55.01,55.814
926,@TPP,49.66,50.307,50.592,50.795,50.922,51.032,51.156,51.263,51.326,51.378,51.443,51.498,51.558,51.61,51.651,51.704,51.741,51.791,51.822,51.854,51.884,51.922,51.962,52.004,52.042,52.065,52.101,52.126,52.158,52.18,52.209,52.244,52.269,52.295,52.322,52.343,52.373,52.402,52.433,52.46,52.479,52.509,52.535,52.556,52.585,52.614,52.637,52.659,52.676,52.697,52.725,52.748,52.779,52.8,52.829,52.853,52.875,52.896,52.918,52.942,52.973,52.993,53.022,53.043,53.072,53.099,53.133,53.156,53.18,53.215,53.24,53.267,53.285,53.312,53.343,53.373,53.404,53.427,53.459,53.492,53.533,53.57,53.604,53.643,53.688,53.728,53.767,53.81,53.861,53.903,53.945,54.018,54.106,54.162,54.234,54.308,54.389,54.514,54.721,54.983,55.731
927,@TPP,49.66,50.307,50.592,50.795,50.922,51.032,51.156,51.263,51.326,51.378,51.443,51.498,51.558,51.61,51.651,51.704,51.741,51.791,51.822,51.854,51.884,51.922,51.962,52.004,52.042,52.065,52.101,52.126,52.158,52.18,52.209,52.244,52.269,52.295,52.322,52.343,52.373,52.402,52.433,52.46,52.479,52.509,52.535,52.556,52.585,52.614,52.637,52.659,52.676,52.697,52.725,52.748,52.779,52.8,52.829,52.853,52.875,52.896,52.918,52.942,52.973,52.993,53.022,53.043,53.072,53.099,53.133,53.156,53.18,53.215,53.24,53.267,53.285,53.312,53.343,53.373,53.404,53.427,53.459,53.492,53.533,53.57,53.604,53.643,53.688,53.728,53.767,53.81,53.861,53.903,53.945,54.018,54.106,54.162,54.234,54.308,54.389,54.514,54.721,54.983,55.731
928,@TPP,49.59,50.314,50.572,50.777,50.937,51.042,51.123,51.23,51.318,51.395,51.451,51.507,51.546,51.6,51.641,51.694,51.733,51.768,51.807,51.84,51.87,51.908,51.942,51.967,51.998,52.027,52.054,52.085,52.114,52.144,52.176,52.211,52.238,52.262,52.286,52.314,52.339,52.369,52.4,52.431,52.453,52.471,52.494,52.522,52.542,52.573,52.594,52.616,52.639,52.668,52.692,52.715,52.737,52.764,52.788,52.817,52.849,52.876,52.896,52.922,52.954,52.981,53.005,53.029,53.057,53.083,53.111,53.141,53.168,53.196,53.222,53.249,53.277,53.306,53.333,53.363,53.39,53.422,53.454,53.48,53.523,53.55,53.588,53.615,53.654,53.699,53.746,53.787,53.822,53.875,53.929,53.983,54.043,54.105,54.181,54.34,54.41,54.514,54.734,55.02,55.679
929,@TPP,49.59,50.314,50.572,50.777,50.937,51.042,51.123,51.23,51.318,51.395,51.451,51.507,51.546,51.6,51.641,51.694,51.733,51.768,51.807,51.84,51.87,51.908,51.942,51.967,51.998,52.027,52.054,52.085,52.114,52.144,52.176,52.211,52.238,52.262,52.286,52.314,52.339,52.369,52.4,52.431,52.453,52.471,52.494,52.522,52.542,52.573,52.594,52.616,52.639,52.668,52.692,52.715,52.737,52.764,52.788,52.817,52.849,52.876,52.896,52.922,52.954,52.981,53.005,53.029,53.057,53.083,53.111,53.141,53.168,53.196,53.222,53.249,53.277,53.306,53.333,53.363,53.39,53.422,53.454,53.48,53.523,53.55,53.588,53.615,53.654,53.699,53.746,53.787,53.822,53.875,53.929,53.983,54.043,54.105,54.181,54.34,54.41,54.514,54.734,55.02,55.679
930,@TPP,49.606,50.293,50.593,50.779,50.941,51.058,51.147,51.25,51.302,51.359,51.432,51.491,51.538,51.595,51.637,51.669,51.71,51.739,51.785,51.82,51.853,51.887,51.923,51.955,51.983,52.011,52.039,52.071,52.106,52.132,52.163,52.188,52.225,52.252,52.282,52.314,52.342,52.369,52.39,52.41,52.428,52.451,52.472,52.498,52.525,52.555,52.578,52.6,52.624,52.652,52.682,52.712,52.731,52.752,52.782,52.802,52.829,52.851,52.878,52.903,52.926,52.954,52.989,53.014,53.042,53.075,53.102,53.128,53.154,53.177,53.196,53.22,53.244,53.273,53.3,53.33,53.36,53.39,53.429,53.455,53.49,53.535,53.592,53.625,53.665,53.692,53.736,53.784,53.834,53.884,53.949,54.003,54.078,54.131,54.241,54.316,54.44,54.572,54.725,55.074,55.758
931,@TPP,49.606,50.293,50.593,50.779,50.941,51.058,51.147,51.25,51.302,51.359,51.432,51.491,51.538,51.595,51.637,51.669,51.71,51.739,51.785,51.82,51.853,51.887,51.923,51.955,51.983,52.011,52.039,52.071,52.106,52.132,52.163,52.188,52.225,52.252,52.282,52.314,52.342,52.369,52.39,52.41,52.428,52.451,52.472,52.498,52.525,52.555,52.578,52.6,52.624,52.652,52.682,52.712,52.731,52.752,52.782,52.802,52.829,52.851,52.878,52.903,52.926,52.954,52.989,53.014,53.042,53.075,53.102,53.128,53.154,53.177,53.196,53.22,53.244,53.273,53.3,53.33,53.36,53.39,53.429,53.455,53.49,53.535,53.592,53.625,53.665,53.692,53.736,53.784,53.834,53.884,53.949,54.003,54.078,54.131,54.241,54.316,54.44,54.572,54.725,55.074,55.758
932,@TPP,49.572,50.339,50.608,50.773,50.905,51.019,51.107,51.216,51.275,51.34,51.405,51.465,51.513,51.56,51.615,51.664,51.704,51.744,51.774,51.808,51.848,51.882,51.916,51.939,51.964,51.998,52.03,52.055,52.083,52.115,52.139,52.166,52.199,52.224,52.261,52.291,52.317,52.337,52.37,52.394,52.411,52.444,52.466,52.496,52.519,52.546,52.573,52.593,52.621,52.644,52.665,52.687,52.71,52.735,52.757,52.779,52.807,52.831,52.85,52.881,52.916,52.943,52.963,52.992,53.019,53.051,53.083,53.113,53.137,53.169,53.201,53.236,53.258,53.287,53.312,53.343,53.376,53.4,53.437,53.473,53.505,53.534,53.569,53.62,53.665,53.717,53.754,53.791,53.832,53.884,53.925,53.987,54.085,54.16,54.226,54.322,54.446,54.565,54.735,54.997,55.865
933,@TPP,49.572,50.339,50.608,50.773,50.905,51.019,51.107,51.216,51.275,51.34,51.405,51.465,51.513,51.56,51.615,51.664,51.704,51.744,51.774,51.808,51.848,51.882,51.916,51.939,51.964,51.998,52.03,52.055,52.083,52.115,52.139,52.166,52.199,52.224,52.261,52.291,52.317,52.337,52.37,52.394,52.411,52.444,52.466,52.496,52.519,52.546,52.573,52.593,52.621,52.644,52.665,52.687,52.71,52.735,52.757,52.779,52.807,52.831,52.85,52.881,52.916,52.943,52.963,52.992,53.019,53.051,53.083,53.113,53.137,53.169,53.201,53.236,53.258,53.287,53.312,53.343,53.376,53.4,53.437,53.473,53.505,53.534,53.569,53.62,53.665,53.717,53.754,53.791,53.832,53.884,53.925,53.987,54.085,54.16,54.226,54.322,54.446,54.565,54.735,54.997,55.865
934,@TPP,49.587,50.353,50.544,50.776,50.915,51.039,51.112,51.177,51.259,51.329,51.39,51.444,51.503,51.56,51.6,51.647,51.686,51.728,51.777,51.813,51.85,51.892,51.933,51.961,51.987,52.016,52.047,52.075,52.105,52.134,52.156,52.181,52.202,52.222,52.254,52.281,52.312,52.339,52.36,52.386,52.416,52.44,52.469,52.498,52.531,52.561,52.581,52.6,52.626,52.647,52.669,52.695,52.721,52.737,52.759,52.78,52.798,52.818,52.843,52.868,52.89,52.924,52.95,52.977,53.003,53.03,53.055,53.092,53.114,53.141,53.168,53.196,53.233,53.267,53.295,53.331,53.361,53.398,53.423,53.46,53.496,53.536,53.579,53.623,53.665,53.709,53.757,53.804,53.844,53.893,53.941,53.997,54.062,54.127,54.2,54.277,54.379,54.531,54.725,54.961,55.853
935,@TPP,49.587,50.353,50.544,50.776,50.915,51.039,51.112,51.177,51.259,51.329,51.39,51.444,51.503,51.56,51.6,51.647,51.686,51.728,51.777,51.813,51.85,51.892,51.933,51.961,51.987,52.016,52.047,52.075,52.105,52.134,52.156,52.181,52.202,52.222,52.254,52.281,52.312,52.339,52.36,52.386,52.416,52.44,52.469,52.498,52.531,52.561,52.581,52.6,52.626,52.647,52.669,52.695,52.721,52.737,52.759,52.78,52.798,52.818,52.843,52.868,52.89,52.924,52.95,52.977,53.003,53.03,53.055,53.092,53.114,53.141,53.168,53.196,53.233,53.267,53.295,53.331,53.361,53.398,53.423,53.46,53.496,53.536,53.579,53.623,53.665,53.709,53.757,53.804,53.844,53.893,53.941,53.997,54.062,54.127,54.2,54.277,54.379,54.531,54.725,54.961,55.853
936,@TPP,49.599,50.369,50.628,50.792,50.938,51.043,51.118,51.202,51.27,51.336,51.4,51.452,51.511,51.561,51.602,51.646,51.684,51.724,51.758,51.792,51.822,51.861,51.893,51.928,51.952,51.979,52.011,52.041,52.079,52.106,52.135,52.156,52.182,52.204,52.227,52.251,52.273,52.3,52.323,52.348,52.374,52.4,52.422,52.45,52.486,52.513,52.533,52.557,52.58,52.609,52.635,52.667,52.691,52.711,52.739,52.761,52.794,52.825,52.855,52.876,52.903,52.933,52.96,52.987,53.009,53.027,53.053,53.083,53.113,53.141,53.168,53.194,53.222,53.25,53.276,53.302,53.344,53.387,53.42,53.449,53.48,53.525,53.553,53.586,53.627,53.672,53.716,53.763,53.809,53.881,53.923,53.971,54.04,54.099,54.162,54.251,54.361,54.471,54.647,54.884,55.801
937,@TPP,49.599,50.369,50.628,50.792,50.938,51.043,51.118,51.202,51.27,51.336,51.4,51.452,51.511,51.561,51.602,51.646,51.684,51.724,51.758,51.792,51.822,51.861,51.893,51.928,51.952,51.979,52.011,52.041,52.079,52.106,52.135,52.156,52.182,52.204,52.227,52.251,52.273,52.3,52.323,52.348,52.374,52.4,52.422,52.45,52.486,52.513,52.533,52.557,52.58,52.609,52.635,52.667,52.691,52.711,52.739,52.761,52.794,52.825,52.855,52.876,52.903,52.933,52.96,52.987,53.009,53.027,53.053,53.083,53.113,53.141,53.168,53.194,53.222,53.25,53.276,53.302,53.344,53.387,53.42,53.449,53.48,53.525,53.553,53.586,53.627,53.672,53.716,53.763,53.809,53.881,53.923,53.971,54.04,54.099,54.162,54.251,54.361,54.471,54.647,54.884,55.801
938,@TPP,49.531,50.305,50.602,50.779,50.913,51.031,51.143,51.212,51.269,51.339,51.387,51.44,51.502,51.551,51.592,51.639,51.678,51.713,51.743,51.781,51.807,51.844,51.877,51.916,51.944,51.969,51.996,52.026,52.053,52.087,52.122,52.152,52.177,52.201,52.228,52.25,52.278,52.306,52.329,52.351,52.379,52.4,52.424,52.454,52.476,52.499,52.524,52.545,52.571,52.597,52.623,52.646,52.67,52.69,52.711,52.741,52.77,52.791,52.818,52.84,52.865,52.889,52.92,52.948,52.969,52.991,53.02,53.044,53.079,53.099,53.127,53.157,53.183,53.21,53.238,53.27,53.302,53.33,53.37,53.396,53.425,53.464,53.505,53.538,53.579,53.618,53.677,53.715,53.767,53.806,53.859,53.915,53.992,54.067,54.145,54.226,54.324,54.447,54.622,54.917,55.509
939,@TPP,49.531,50.305,50.602,50.779,50.913,51.031,51.143,51.212,51.269,51.339,51.387,51.44,51.502,51.551,51.592,51.639,51.678,51.713,51.743,51.781,51.807,51.844,51.877,51.916,51.944,51.969,51.996,52.026,52.053,52.087,52.122,52.152,52.177,52.201,52.228,52.25,52.278,52.306,52.329,52.351,52.379,52.4,52.424,52.454,52.476,52.499,52.524,52.545,52.571,52.597,52.623,52.646,52.67,52.69,52.711,52.741,52.77,52.791,52.818,52.84,52.865,52.889,52.92,52.948,52.969,52.991,53.02,53.044,53.079,53.099,53.127,53.157,53.183,53.21,53.238,53.27,53.302,53.33,53.37,53.396,53.425,53.464,53.505,53.538,53.579,53.618,53.677,53.715,53.767,53.806,53.859,53.915,53.992,54.067,54.145,54.226,54.324,54.447,54.622,54.917,55.509
940,@TPP,49.742,50.355,50.628,50.813,50.95,51.035,51.121,51.188,51.259,51.327,51.383,51.445,51.49,51.54,51.588,51.632,51.667,51.705,51.75,51.784,51.82,51.852,51.885,51.914,51.952,51.979,52.006,52.041,52.067,52.09,52.11,52.141,52.168,52.192,52.218,52.247,52.268,52.292,52.313,52.337,52.359,52.389,52.422,52.454,52.48,52.498,52.528,52.547,52.575,52.594,52.617,52.636,52.659,52.682,52.704,52.725,52.745,52.772,52.8,52.829,52.85,52.873,52.898,52.917,52.946,52.971,52.993,53.02,53.043,53.069,53.098,53.136,53.167,53.191,53.215,53.248,53.274,53.312,53.348,53.377,53.414,53.443,53.48,53.52,53.55,53.587,53.624,53.671,53.713,53.76,53.815,53.862,53.932,54.014,54.088,54.195,54.267,54.404,54.537,54.76,55.454
941,@TPP,49.742,50.355,50.628,50.813,50.95,51.035,51.121,51.188,51.259,51.327,51.383,51.445,51.49,51.54,51.588,51.632,51.667,51.705,51.75,51.784,51.82,51.852,51.885,51.914,51.952,51.979,52.006,52.041,52.067,52.09,52.11,52.141,52.168,52.192,52.218,52.247,52.268,52.292,52.313,52.337,52.359,52.389,52.422,52.454,52.48,52.498,52.528,52.547,52.575,52.594,52.617,52.636,52.659,52.682,52.704,52.725,52.745,52.772,52.8,52.829,52.85,52.873,52.898,52.917,52.946,52.971,52.993,53.02,53.043,53.069,53.098,53.136,53.167,53.191,53.215,53.248,53.274,53.312,53.348,53.377,53.414,53.443,53.48,53.52,53.55,53.587,53.624,53.671,53.713,53.76,53.815,53.862,53.932,54.014,54.088,54.195,54.267,54.404,54.537,54.76,55.454
942,@TPP,49.889,50.368,50.668,50.823,51.005,51.078,51.179,51.237,51.31,51.376,51.422,51.462,51.51,51.56,51.602,51.646,51.693,51.726,51.761,51.794,51.822,51.85,51.884,51.918,51.95,51.985,52.009,52.035,52.066,52.091,52.112,52.141,52.161,52.185,52.215,52.236,52.258,52.283,52.31,52.332,52.355,52.384,52.406,52.421,52.445,52.47,52.489,52.521,52.544,52.569,52.595,52.621,52.644,52.669,52.694,52.714,52.736,52.761,52.785,52.805,52.83,52.849,52.874,52.898,52.922,52.948,52.974,53.001,53.027,53.051,53.082,53.11,53.128,53.156,53.183,53.21,53.243,53.278,53.31,53.34,53.375,53.409,53.441,53.484,53.516,53.546,53.584,53.638,53.681,53.722,53.775,53.831,53.872,53.938,54.016,54.09,54.195,54.332,54.487,54.703,55.192
943,@TPP,49.889,50.368,50.668,50.823,51.005,51.078,51.179,51.237,51.31,51.376,51.422,51.462,51.51,51.56,51.602,51.646,51.693,51.726,51.761,51.794,51.822,51.85,51.884,51.918,51.95,51.985,52.009,52.035,52.066,52.091,52.112,52.141,52.161,52.185,52.215,52.236,52.258,52.283,52.31,52.332,52.355,52.384,52.406,52.421,52.445,52.47,52.489,52.521,52.544,52.569,52.595,52.621,52.644,52.669,52.694,52.714,52.736,52.761,52.785,52.805,52.83,52.849,52.874,52.898,52.922,52.948,52.974,53.001,53.027,53.051,53.082,53.11,53.128,53.156,53.183,53.21,53.243,53.278,53.31,53.34,53.375,53.409,53.441,53.484,53.516,53.546,53.584,53.638,53.681,53.722,53.775,53.831,53.872,53.938,54.016,54.09,54.195,54.332,54.487,54.703,55.192
944,@TPP,49.791,50.381,50.621,50.826,50.956,51.044,51.153,51.238,51.29,51.355,51.402,51.458,51.499,51.544,51.592,51.638,51.683,51.715,51.747,51.78,51.808,51.839,51.863,51.903,51.935,51.969,52.0,52.03,52.06,52.084,52.112,52.143,52.159,52.182,52.201,52.216,52.239,52.273,52.295,52.317,52.335,52.369,52.391,52.415,52.441,52.464,52.487,52.514,52.534,52.56,52.577,52.603,52.623,52.645,52.677,52.702,52.724,52.748,52.769,52.793,52.819,52.842,52.865,52.889,52.925,52.954,52.982,53.007,53.025,53.053,53.077,53.105,53.131,53.162,53.197,53.225,53.251,53.276,53.309,53.335,53.366,53.397,53.444,53.478,53.518,53.557,53.6,53.643,53.686,53.736,53.768,53.827,53.894,53.957,54.028,54.116,54.233,54.352,54.498,54.675,55.379
945,@TPP,49.791,50.381,50.621,50.826,50.956,51.044,51.153,51.238,51.29,51.355,51.402,51.458,51.499,51.544,51.592,51.638,51.683,51.715,51.747,51.78,51.808,51.839,51.863,51.903,51.935,51.969,52.0,52.03,52.06,52.084,52.112,52.143,52.159,52.182,52.201,52.216,52.239,52.273,52.295,52.317,52.335,52.369,52.391,52.415,52.441,52.464,52.487,52.514,52.534,52.56,52.577,52.603,52.623,52.645,52.677,52.702,52.724,52.748,52.769,52.793,52.819,52.842,52.865,52.889,52.925,52.954,52.982,53.007,53.025,53.053,53.077,53.105,53.131,53.162,53.197,53.225,53.251,53.276,53.309,53.335,53.366,53.397,53.444,53.478,53.518,53.557,53.6,53.643,53.686,53.736,53.768,53.827,53.894,53.957,54.028,54.116,54.233,54.352,54.498,54.675,55.379
946,@TPP,49.608,50.283,50.647,50.806,50.94,51.035,51.113,51.197,51.282,51.345,51.408,51.458,51.506,51.552,51.596,51.626,51.67,51.711,51.76,51.792,51.832,51.876,51.898,51.924,51.953,51.976,52.006,52.026,52.052,52.083,52.101,52.123,52.148,52.171,52.199,52.223,52.241,52.259,52.28,52.305,52.33,52.362,52.389,52.409,52.43,52.456,52.484,52.505,52.525,52.552,52.575,52.593,52.617,52.637,52.662,52.69,52.718,52.739,52.763,52.787,52.81,52.834,52.858,52.885,52.906,52.933,52.958,52.984,53.013,53.04,53.071,53.096,53.117,53.148,53.179,53.205,53.234,53.265,53.293,53.327,53.358,53.386,53.419,53.448,53.482,53.521,53.572,53.625,53.669,53.708,53.752,53.796,53.862,53.904,53.995,54.082,54.166,54.282,54.488,54.732,55.575
947,@TPP,49.608,50.283,50.647,50.806,50.94,51.035,51.113,51.197,51.282,51.345,51.408,51.458,51.506,51.552,51.596,51.626,51.67,51.711,51.76,51.792,51.832,51.876,51.898,51.924,51.953,51.976,52.006,52.026,52.052,52.083,52.101,52.123,52.148,52.171,52.199,52.223,52.241,52.259,52.28,52.305,52.33,52.362,52.389,52.409,52.43,52.456,52.484,52.505,52.525,52.552,52.575,52.593,52.617,52.637,52.662,52.69,52.718,52.739,52.763,52.787,52.81,52.834,52.858,52.885,52.906,52.933,52.958,52.984,53.013,53.04,53.071,53.096,53.117,53.148,53.179,53.205,53.234,53.265,53.293,53.327,53.358,53.386,53.419,53.448,53.482,53.521,53.572,53.625,53.669,53.708,53.752,53.796,53.862,53.904,53.995,54.082,54.166,54.282,54.488,54.732,55.575
948,@TPP,49.787,50.32,50.592,50.745,50.886,50.992,51.105,51.195,51.254,51.327,51.38,51.435,51.491,51.539,51.579,51.614,51.65,51.692,51.73,51.759,51.787,51.823,51.861,51.896,51.917,51.948,51.97,52.002,52.027,52.058,52.083,52.107,52.132,52.154,52.18,52.199,52.225,52.25,52.274,52.297,52.32,52.346,52.371,52.395,52.415,52.439,52.472,52.498,52.522,52.546,52.573,52.595,52.614,52.638,52.658,52.688,52.71,52.734,52.755,52.779,52.802,52.826,52.851,52.873,52.898,52.925,52.952,52.981,53.006,53.026,53.055,53.079,53.099,53.13,53.163,53.192,53.23,53.266,53.293,53.312,53.338,53.37,53.405,53.439,53.474,53.511,53.554,53.594,53.644,53.708,53.755,53.803,53.849,53.903,53.976,54.035,54.147,54.259,54.365,54.63,55.454
949,@TPP,49.787,50.32,50.592,50.745,50.886,50.992,51.105,51.195,51.254,51.327,51.38,51.435,51.491,51.539,51.579,51.614,51.65,51.692,51.73,51.759,51.787,51.823,51.861,51.896,51.917,51.948,51.97,52.002,52.027,52.058,52.083,52.107,52.132,52.154,52.18,52.199,52.225,52.25,52.274,52.297,52.32,52.346,52.371,52.395,52.415,52.439,52.472,52.498,52.522,52.546,52.573,52.595,52.614,52.638,52.658,52.688,52.71,52.734,52.755,52.779,52.802,52.826,52.851,52.873,52.898,52.925,52.952,52.981,53.006,53.026,53.055,53.079,53.099,53.13,53.163,53.192,53.23,53.266,53.293,53.312,53.338,53.37,53.405,53.439,53.474,53.511,53.554,53.594,53.644,53.708,53.755,53.803,53.849,53.903,53.976,54.035,54.147,54.259,54.365,54.63,55.454
950,@TPP,49.726,50.425,50.613,50.775,50.895,51.01,51.1,51.196,51.264,51.331,51.397,51.438,51.477,51.539,51.571,51.605,51.641,51.684,51.708,51.74,51.779,51.818,51.839,51.877,51.906,51.938,51.967,51.986,52.019,52.043,52.062,52.084,52.109,52.135,52.165,52.193,52.219,52.244,52.259,52.289,52.311,52.338,52.359,52.386,52.405,52.427,52.454,52.474,52.496,52.52,52.542,52.56,52.59,52.612,52.635,52.66,52.684,52.705,52.731,52.755,52.778,52.799,52.82,52.843,52.862,52.884,52.908,52.943,52.974,52.997,53.03,53.055,53.08,53.106,53.136,53.164,53.196,53.239,53.27,53.299,53.327,53.354,53.393,53.424,53.457,53.492,53.526,53.583,53.617,53.658,53.711,53.755,53.82,53.873,53.948,54.021,54.095,54.217,54.385,54.606,55.502
951,@TPP,49.726,50.425,50.613,50.775,50.895,51.01,51.1,51.196,51.264,51.331,51.397,51.438,51.477,51.539,51.571,51.605,51.641,51.684,51.708,51.74,51.779,51.818,51.839,51.877,51.906,51.938,51.967,51.986,52.019,52.043,52.062,52.084,52.109,52.135,52.165,52.193,52.219,52.244,52.259,52.289,52.311,52.338,52.359,52.386,52.405,52.427,52.454,52.474,52.496,52.52,52.542,52.56,52.59,52.612,52.635,52.66,52.684,52.705,52.731,52.755,52.778,52.799,52.82,52.843,52.862,52.884,52.908,52.943,52.974,52.997,53.03,53.055,53.08,53.106,53.136,53.164,53.196,53.239,53.27,53.299,53.327,53.354,53.393,53.424,53.457,53.492,53.526,53.583,53.617,53.658,53.711,53.755,53.82,53.873,53.948,54.021,54.095,54.217,54.385,54.606,55.502
952,@TPP,49.754,50.394,50.619,50.781,50.891,51.007,51.09,51.186,51.268,51.313,51.364,51.415,51.46,51.508,51.546,51.584,51.626,51.667,51.696,51.729,51.761,51.794,51.827,51.855,51.884,51.912,51.939,51.971,52.004,52.031,52.048,52.076,52.1,52.123,52.154,52.182,52.202,52.23,52.258,52.279,52.304,52.328,52.351,52.369,52.392,52.418,52.44,52.468,52.496,52.519,52.549,52.567,52.589,52.613,52.638,52.654,52.673,52.693,52.713,52.74,52.758,52.788,52.815,52.839,52.857,52.878,52.907,52.928,52.95,52.982,53.011,53.032,53.057,53.075,53.106,53.13,53.157,53.185,53.216,53.241,53.271,53.304,53.337,53.387,53.424,53.462,53.488,53.523,53.577,53.62,53.676,53.726,53.799,53.868,53.92,53.997,54.069,54.197,54.327,54.601,55.476
953,@TPP,49.754,50.394,50.619,50.781,50.891,51.007,51.09,51.186,51.268,51.313,51.364,51.415,51.46,51.508,51.546,51.584,51.626,51.667,51.696,51.729,51.761,51.794,51.827,51.855,51.884,51.912,51.939,51.971,52.004,52.031,52.048,52.076,52.1,52.123,52.154,52.182,52.202,52.23,52.258,52.279,52.304,52.328,52.351,52.369,52.392,52.418,52.44,52.468,52.496,52.519,52.549,52.567,52.589,52.613,52.638,52.654,52.673,52.693,52.713,52.74,52.758,52.788,52.815,52.839,52.857,52.878,52.907,52.928,52.95,52.982,53.011,53.032,53.057,53.075,53.106,53.13,53.157,53.185,53.216,53.241,53.271,53.304,53.337,53.387,53.424,53.462,53.488,53.523,53.577,53.62,53.676,53.726,53.799,53.868,53.92,53.997,54.069,54.197,54.327,54.601,55.476
954,@TPP,49.728,50.429,50.693,50.829,50.941,51.033,51.136,51.196,51.259,51.313,51.365,51.423,51.47,51.523,51.565,51.595,51.632,51.676,51.708,51.741,51.77,51.798,51.826,51.852,51.877,51.909,51.941,51.967,51.991,52.017,52.048,52.065,52.087,52.119,52.143,52.168,52.19,52.219,52.237,52.26,52.285,52.306,52.327,52.344,52.372,52.396,52.424,52.449,52.47,52.492,52.51,52.532,52.557,52.577,52.599,52.624,52.642,52.662,52.68,52.704,52.727,52.749,52.774,52.794,52.818,52.852,52.876,52.901,52.927,52.955,52.981,53.009,53.037,53.063,53.089,53.111,53.138,53.164,53.193,53.218,53.247,53.291,53.325,53.351,53.384,53.416,53.451,53.491,53.533,53.573,53.621,53.689,53.75,53.824,53.897,53.992,54.098,54.194,54.339,54.59,55.23
955,@TPP,49.728,50.429,50.693,50.829,50.941,51.033,51.136,51.196,51.259,51.313,51.365,51.423,51.47,51.523,51.565,51.595,51.632,51.676,51.708,51.741,51.77,51.798,51.826,51.852,51.877,51.909,51.941,51.967,51.991,52.017,52.048,52.065,52.087,52.119,52.143,52.168,52.19,52.219,52.237,52.26,52.285,52.306,52.327,52.344,52.372,52.396,52.424,52.449,52.47,52.492,52.51,52.532,52.557,52.577,52.599,52.624,52.642,52.662,52.68,52.704,52.727,52.749,52.774,52.794,52.818,52.852,52.876,52.901,52.927,52.955,52.981,53.009,53.037,53.063,53.089,53.111,53.138,53.164,53.193,53.218,53.247,53.291,53.325,53.351,53.384,53.416,53.451,53.491,53.533,53.573,53.621,53.689,53.75,53.824,53.897,53.992,54.098,54.194,54.339,54.59,55.23
956,@TPP,49.79,50.474,50.725,50.861,50.944,51.029,51.116,51.204,51.29,51.348,51.389,51.451,51.501,51.54,51.57,51.619,51.649,51.686,51.729,51.77,51.798,51.823,51.849,51.886,51.914,51.938,51.963,51.991,52.019,52.041,52.061,52.085,52.105,52.126,52.15,52.172,52.196,52.212,52.237,52.26,52.278,52.294,52.322,52.343,52.359,52.381,52.401,52.426,52.447,52.467,52.486,52.506,52.527,52.555,52.579,52.602,52.626,52.643,52.662,52.68,52.7,52.723,52.744,52.767,52.788,52.807,52.829,52.857,52.889,52.914,52.938,52.965,52.99,53.017,53.049,53.08,53.101,53.121,53.151,53.177,53.212,53.257,53.291,53.33,53.376,53.404,53.435,53.483,53.516,53.567,53.61,53.654,53.711,53.786,53.875,53.955,54.053,54.184,54.313,54.502,55.302
957,@TPP,49.79,50.474,50.725,50.861,50.944,51.029,51.116,51.204,51.29,51.348,51.389,51.451,51.501,51.54,51.57,51.619,51.649,51.686,51.729,51.77,51.798,51.823,51.849,51.886,51.914,51.938,51.963,51.991,52.019,52.041,52.061,52.085,52.105,52.126,52.15,52.172,52.196,52.212,52.237,52.26,52.278,52.294,52.322,52.343,52.359,52.381,52.401,52.426,52.447,52.467,52.486,52.506,52.527,52.555,52.579,52.602,52.626,52.643,52.662,52.68,52.7,52.723,52.744,52.767,52.788,52.807,52.829,52.857,52.889,52.914,52.938,52.965,52.99,53.017,53.049,53.08,53.101,53.121,53.151,53.177,53.212,53.257,53.291,53.33,53.376,53.404,53.435,53.483,53.516,53.567,53.61,53.654,53.711,53.786,53.875,53.955,54.053,54.184,54.313,54.502,55.302
958,@TPP,49.727,50.457,50.702,50.818,50.908,51.045,51.118,51.181,51.255,51.31,51.362,51.413,51.471,51.516,51.559,51.591,51.629,51.663,51.698,51.73,51.765,51.796,51.823,51.85,51.882,51.904,51.927,51.951,51.979,52.007,52.031,52.046,52.068,52.088,52.107,52.136,52.161,52.183,52.204,52.227,52.252,52.27,52.292,52.307,52.324,52.347,52.378,52.394,52.414,52.436,52.466,52.489,52.511,52.537,52.559,52.585,52.604,52.623,52.644,52.664,52.691,52.713,52.74,52.771,52.796,52.814,52.837,52.862,52.896,52.923,52.943,52.966,52.99,53.01,53.038,53.059,53.083,53.11,53.14,53.168,53.202,53.234,53.268,53.302,53.342,53.375,53.413,53.455,53.512,53.555,53.606,53.655,53.715,53.775,53.847,53.941,54.004,54.132,54.299,54.542,55.107
959,@TPP,49.727,50.457,50.702,50.818,50.908,51.045,51.118,51.181,51.255,51.31,51.362,51.413,51.471,51.516,51.559,51.591,51.629,51.663,51.698,51.73,51.765,51.796,51.823,51.85,51.882,51.904,51.927,51.951,51.979,52.007,52.031,52.046,52.068,52.088,52.107,52.136,52.161,52.183,52.204,52.227,52.252,52.27,52.292,52.307,52.324,52.347,52.378,52.394,52.414,52.436,52.466,52.489,52.511,52.537,52.559,52.585,52.604,52.623,52.644,52.664,52.691,52.713,52.74,52.771,52.796,52.814,52.837,52.862,52.896,52.923,52.943,52.966,52.99,53.01,53.038,53.059,53.083,53.11,53.14,53.168,53.202,53.234,53.268,53.302,53.342,53.375,53.413,53.455,53.512,53.555,53.606,53.655,53.715,53.775,53.847,53.941,54.004,54.132,54.299,54.542,55.107
960,@TPP,49.853,50.458,50.708,50.858,50.956,51.028,51.115,51.193,51.248,51.309,51.362,51.395,51.443,51.483,51.512,51.544,51.589,51.624,51.661,51.692,51.72,51.754,51.784,51.816,51.84,51.863,51.888,51.917,51.939,51.97,51.994,52.018,52.049,52.073,52.096,52.116,52.139,52.164,52.188,52.209,52.225,52.245,52.273,52.292,52.311,52.336,52.361,52.379,52.402,52.424,52.446,52.467,52.488,52.514,52.53,52.556,52.579,52.595,52.621,52.642,52.671,52.698,52.722,52.75,52.769,52.787,52.807,52.83,52.855,52.885,52.906,52.936,52.958,52.987,53.011,53.036,53.064,53.095,53.124,53.154,53.185,53.212,53.242,53.274,53.306,53.341,53.378,53.423,53.466,53.506,53.57,53.628,53.675,53.734,53.818,53.888,54.005,54.094,54.282,54.51,54.98
961,@TPP,49.853,50.458,50.708,50.858,50.956,51.028,51.115,51.193,51.248,51.309,51.362,51.395,51.443,51.483,51.512,51.544,51.589,51.624,51.661,51.692,51.72,51.754,51.784,51.816,51.84,51.863,51.888,51.917,51.939,51.97,51.994,52.018,52.049,52.073,52.096,52.116,52.139,52.164,52.188,52.209,52.225,52.245,52.273,52.292,52.311,52.336,52.361,52.379,52.402,52.424,52.446,52.467,52.488,52.514,52.53,52.556,52.579,52.595,52.621,52.642,52.671,52.698,52.722,52.75,52.769,52.787,52.807,52.83,52.855,52.885,52.906,52.936,52.958,52.987,53.011,53.036,53.064,53.095,53.124,53.154,53.185,53.212,53.242,53.274,53.306,53.341,53.378,53.423,53.466,53.506,53.57,53.628,53.675,53.734,53.818,53.888,54.005,54.094,54.282,54.51,54.98
962,@TPP,49.837,50.4,50.636,50.787,50.903,51.015,51.096,51.147,51.199,51.248,51.303,51.361,51.395,51.441,51.488,51.531,51.576,51.616,51.649,51.675,51.699,51.732,51.762,51.791,51.816,51.844,51.87,51.903,51.927,51.949,51.98,52.004,52.037,52.059,52.081,52.105,52.128,52.148,52.179,52.198,52.216,52.236,52.257,52.28,52.296,52.319,52.339,52.362,52.381,52.408,52.434,52.455,52.474,52.496,52.521,52.534,52.562,52.582,52.605,52.621,52.644,52.669,52.696,52.722,52.742,52.767,52.794,52.82,52.852,52.873,52.898,52.923,52.951,52.976,53.007,53.034,53.056,53.083,53.109,53.135,53.159,53.191,53.232,53.259,53.289,53.332,53.372,53.428,53.46,53.501,53.551,53.609,53.652,53.729,53.806,53.885,53.971,54.074,54.195,54.457,55.127
963,@TPP,49.837,50.4,50.636,50.787,50.903,51.015,51.096,51.147,51.199,51.248,51.303,51.361,51.395,51.441,51.488,51.531,51.576,51.616,51.649,51.675,51.699,51.732,51.762,51.791,51.816,51.844,51.87,51.903,51.927,51.949,51.98,52.004,52.037,52.059,52.081,52.105,52.128,52.148,52.179,52.198,52.216,52.236,52.257,52.28,52.296,52.319,52.339,52.362,52.381,52.408,52.434,52.455,52.474,52.496,52.521,52.534,52.562,52.582,52.605,52.621,52.644,52.669,52.696,52.722,52.742,52.767,52.794,52.82,52.852,52.873,52.898,52.923,52.951,52.976,53.007,53.034,53.056,53.083,53.109,53.135,53.159,53.191,53.232,53.259,53.289,53.332,53.372,53.428,53.46,53.501,53.551,53.609,53.652,53.729,53.806,53.885,53.971,54.074,54.195,54.457,55.127
964,@TPP,49.639,50.428,50.628,50.783,50.891,50.979,51.073,51.132,51.218,51.276,51.317,51.359,51.389,51.422,51.461,51.493,51.525,51.573,51.609,51.646,51.674,51.714,51.743,51.771,51.805,51.834,51.855,51.88,51.898,51.924,51.949,51.976,52.007,52.03,52.051,52.078,52.099,52.12,52.152,52.17,52.188,52.209,52.234,52.26,52.277,52.3,52.319,52.339,52.359,52.378,52.402,52.427,52.447,52.465,52.485,52.503,52.524,52.541,52.57,52.591,52.612,52.631,52.652,52.676,52.703,52.729,52.756,52.782,52.814,52.832,52.856,52.882,52.91,52.941,52.962,52.987,53.016,53.04,53.072,53.105,53.14,53.177,53.206,53.241,53.283,53.316,53.347,53.388,53.422,53.468,53.538,53.592,53.649,53.709,53.787,53.863,53.947,54.019,54.119,54.314,54.9
965,@TPP,49.639,50.428,50.628,50.783,50.891,50.979,51.073,51.132,51.218,51.276,51.317,51.359,51.389,51.422,51.461,51.493,51.525,51.573,51.609,51.646,51.674,51.714,51.743,51.771,51.805,51.834,51.855,51.88,51.898,51.924,51.949,51.976,52.007,52.03,52.051,52.078,52.099,52.12,52.152,52.17,52.188,52.209,52.234,52.26,52.277,52.3,52.319,52.339,52.359,52.378,52.402,52.427,52.447,52.465,52.485,52.503,52.524,52.541,52.57,52.591,52.612,52.631,52.652,52.676,52.703,52.729,52.756,52.782,52.814,52.832,52.856,52.882,52.91,52.941,52.962,52.987,53.016,53.04,53.072,53.105,53.14,53.177,53.206,53.241,53.283,53.316,53.347,53.388,53.422,53.468,53.538,53.592,53.649,53.709,53.787,53.863,53.947,54.019,54.119,54.314,54.9
966,@TPP,49.734,50.432,50.664,50.827,50.918,51.005,51.062,51.123,51.169,51.223,51.288,51.34,51.39,51.436,51.49,51.519,51.554,51.586,51.608,51.638,51.678,51.708,51.739,51.764,51.788,51.814,51.835,51.863,51.892,51.916,51.946,51.972,51.996,52.018,52.038,52.059,52.083,52.102,52.129,52.149,52.171,52.189,52.212,52.234,52.257,52.279,52.298,52.314,52.34,52.365,52.383,52.408,52.427,52.449,52.471,52.492,52.513,52.534,52.553,52.57,52.596,52.616,52.634,52.659,52.678,52.698,52.719,52.748,52.777,52.797,52.825,52.847,52.879,52.901,52.924,52.947,52.972,52.997,53.035,53.068,53.088,53.131,53.174,53.203,53.241,53.283,53.318,53.354,53.393,53.446,53.484,53.539,53.607,53.651,53.707,53.778,53.874,54.005,54.123,54.357,54.87
967,@TPP,49.734,50.432,50.664,50.827,50.918,51.005,51.062,51.123,51.169,51.223,51.288,51.34,51.39,51.436,51.49,51.519,51.554,51.586,51.608,51.638,51.678,51.708,51.739,51.764,51.788,51.814,51.835,51.863,51.892,51.916,51.946,51.972,51.996,52.018,52.038,52.059,52.083,52.102,52.129,52.149,52.171,52.189,52.212,52.234,52.257,52.279,52.298,52.314,52.34,52.365,52.383,52.408,52.427,52.449,52.471,52.492,52.513,52.534,52.553,52.57,52.596,52.616,52.634,52.659,52.678,52.698,52.719,52.748,52.777,52.797,52.825,52.847,52.879,52.901,52.924,52.947,52.972,52.997,53.035,53.068,53.088,53.131,53.174,53.203,53.241,53.283,53.318,53.354,53.393,53.446,53.484,53.539,53.607,53.651,53.707,53.778,53.874,54.005,54.123,54.357,54.87
968,@TPP,49.72,50.447,50.672,50.792,50.891,50.984,51.046,51.113,51.181,51.24,51.288,51.339,51.402,51.458,51.494,51.524,51.548,51.583,51.615,51.646,51.676,51.711,51.746,51.776,51.798,51.83,51.86,51.886,51.907,51.922,51.949,51.976,51.997,52.014,52.031,52.051,52.079,52.095,52.117,52.133,52.15,52.176,52.193,52.22,52.236,52.254,52.276,52.298,52.318,52.338,52.355,52.378,52.397,52.423,52.442,52.46,52.48,52.507,52.53,52.547,52.568,52.594,52.617,52.645,52.671,52.697,52.714,52.738,52.756,52.774,52.791,52.821,52.847,52.875,52.899,52.924,52.944,52.969,52.996,53.031,53.058,53.086,53.12,53.167,53.205,53.24,53.293,53.333,53.386,53.42,53.457,53.513,53.551,53.629,53.672,53.748,53.845,53.933,54.075,54.325,54.783
969,@TPP,49.72,50.447,50.672,50.792,50.891,50.984,51.046,51.113,51.181,51.24,51.288,51.339,51.402,51.458,51.494,51.524,51.548,51.583,51.615,51.646,51.676,51.711,51.746,51.776,51.798,51.83,51.86,51.886,51.907,51.922,51.949,51.976,51.997,52.014,52.031,52.051,52.079,52.095,52.117,52.133,52.15,52.176,52.193,52.22,52.236,52.254,52.276,52.298,52.318,52.338,52.355,52.378,52.397,52.423,52.442,52.46,52.48,52.507,52.53,52.547,52.568,52.594,52.617,52.645,52.671,52.697,52.714,52.738,52.756,52.774,52.791,52.821,52.847,52.875,52.899,52.924,52.944,52.969,52.996,53.031,53.058,53.086,53.12,53.167,53.205,53.24,53.293,53.333,53.386,53.42,53.457,53.513,53.551,53.629,53.672,53.748,53.845,53.933,54.075,54.325,54.783
970,@TPP,49.48,50.286,50.563,50.677,50.788,50.866,50.961,51.032,51.09,51.143,51.195,51.242,51.276,51.327,51.371,51.409,51.459,51.494,51.533,51.572,51.604,51.626,51.66,51.685,51.712,51.741,51.765,51.792,51.817,51.844,51.868,51.889,51.914,51.938,51.966,51.991,52.011,52.028,52.052,52.072,52.092,52.105,52.123,52.145,52.171,52.191,52.221,52.246,52.265,52.281,52.3,52.323,52.342,52.364,52.389,52.407,52.426,52.447,52.47,52.492,52.514,52.533,52.559,52.58,52.601,52.624,52.644,52.664,52.697,52.721,52.747,52.774,52.802,52.828,52.855,52.892,52.922,52.949,52.975,53.011,53.043,53.063,53.095,53.134,53.172,53.199,53.24,53.3,53.337,53.383,53.431,53.5,53.54,53.608,53.671,53.753,53.832,53.933,54.063,54.302,54.937
971,@TPP,49.48,50.286,50.563,50.677,50.788,50.866,50.961,51.032,51.09,51.143,51.195,51.242,51.276,51.327,51.371,51.409,51.459,51.494,51.533,51.572,51.604,51.626,51.66,51.685,51.712,51.741,51.765,51.792,51.817,51.844,51.868,51.889,51.914,51.938,51.966,51.991,52.011,52.028,52.052,52.072,52.092,52.105,52.123,52.145,52.171,52.191,52.221,52.246,52.265,52.281,52.3,52.323,52.342,52.364,52.389,52.407,52.426,52.447,52.47,52.492,52.514,52.533,52.559,52.58,52.601,52.624,52.644,52.664,52.697,52.721,52.747,52.774,52.802,52.828,52.855,52.892,52.922,52.949,52.975,53.011,53.043,53.063,53.095,53.134,53.172,53.199,53.24,53.3,53.337,53.383,53.431,53.5,53.54,53.608,53.671,53.753,53.832,53.933,54.063,54.302,54.937
972,@TPP,49.442,50.225,50.409,50.582,50.698,50.772,50.838,50.912,50.984,51.07,51.13,51.175,51.225,51.282,51.317,51.354,51.4,51.439,51.473,51.503,51.534,51.562,51.586,51.616,51.642,51.673,51.702,51.72,51.747,51.776,51.801,51.824,51.849,51.869,51.9,51.927,51.947,51.971,51.994,52.012,52.032,52.049,52.07,52.087,52.108,52.126,52.155,52.175,52.194,52.22,52.238,52.255,52.28,52.304,52.329,52.349,52.372,52.398,52.419,52.439,52.462,52.488,52.51,52.527,52.551,52.574,52.591,52.618,52.645,52.668,52.691,52.717,52.746,52.77,52.805,52.836,52.865,52.889,52.921,52.958,52.988,53.02,53.053,53.093,53.12,53.157,53.195,53.234,53.279,53.321,53.373,53.418,53.477,53.535,53.602,53.68,53.797,53.892,54.059,54.29,54.991
973,@TPP,49.442,50.225,50.409,50.582,50.698,50.772,50.838,50.912,50.984,51.07,51.13,51.175,51.225,51.282,51.317,51.354,51.4,51.439,51.473,51.503,51.534,51.562,51.586,51.616,51.642,51.673,51.702,51.72,51.747,51.776,51.801,51.824,51.849,51.869,51.9,51.927,51.947,51.971,51.994,52.012,52.032,52.049,52.07,52.087,52.108,52.126,52.155,52.175,52.194,52.22,52.238,52.255,52.28,52.304,52.329,52.349,52.372,52.398,52.419,52.439,52.462,52.488,52.51,52.527,52.551,52.574,52.591,52.618,52.645,52.668,52.691,52.717,52.746,52.77,52.805,52.836,52.865,52.889,52.921,52.958,52.988,53.02,53.053,53.093,53.12,53.157,53.195,53.234,53.279,53.321,53.373,53.418,53.477,53.535,53.602,53.68,53.797,53.892,54.059,54.29,54.991
974,@TPP,49.055,49.985,50.257,50.42,50.6,50.696,50.782,50.865,50.947,50.999,51.074,51.14,51.19,51.233,51.265,51.31,51.358,51.401,51.425,51.469,51.5,51.541,51.589,51.627,51.658,51.689,51.728,51.76,51.792,51.824,51.858,51.886,51.91,51.936,51.969,52.003,52.03,52.056,52.079,52.109,52.136,52.164,52.184,52.211,52.231,52.257,52.283,52.314,52.336,52.361,52.383,52.408,52.435,52.466,52.492,52.521,52.546,52.564,52.586,52.609,52.633,52.659,52.681,52.709,52.739,52.768,52.793,52.823,52.851,52.885,52.911,52.939,52.968,53.006,53.038,53.07,53.101,53.137,53.171,53.202,53.237,53.273,53.305,53.334,53.374,53.415,53.455,53.507,53.567,53.612,53.674,53.736,53.805,53.875,53.957,54.054,54.171,54.372,54.592,54.783,55.449
975,@TPP,49.055,49.985,50.257,50.42,50.6,50.696,50.782,50.865,50.947,50.999,51.074,51.14,51.19,51.233,51.265,51.31,51.358,51.401,51.425,51.469,51.5,51.541,51.589,51.627,51.658,51.689,51.728,51.76,51.792,51.824,51.858,51.886,51.91,51.936,51.969,52.003,52.03,52.056,52.079,52.109,52.136,52.164,52.184,52.211,52.231,52.257,52.283,52.314,52.336,52.361,52.383,52.408,52.435,52.466,52.492,52.521,52.546,52.564,52.586,52.609,52.633,52.659,52.681,52.709,52.739,52.768,52.793,52.823,52.851,52.885,52.911,52.939,52.968,53.006,53.038,53.07,53.101,53.137,53.171,53.202,53.237,53.273,53.305,53.334,53.374,53.415,53.455,53.507,53.567,53.612,53.674,53.736,53.805,53.875,53.957,54.054,54.171,54.372,54.592,54.783,55.449
976,@TPP,49.027,49.871,50.287,50.427,50.604,50.687,50.78,50.87,50.951,51.012,51.088,51.17,51.224,51.265,51.313,51.371,51.423,51.466,51.509,51.546,51.589,51.627,51.662,51.693,51.728,51.767,51.796,51.829,51.863,51.888,51.922,51.947,51.979,52.01,52.041,52.069,52.102,52.136,52.168,52.197,52.221,52.247,52.276,52.316,52.346,52.384,52.415,52.444,52.477,52.502,52.529,52.55,52.579,52.602,52.63,52.655,52.684,52.716,52.742,52.768,52.803,52.834,52.861,52.894,52.921,52.949,52.982,53.011,53.041,53.071,53.101,53.134,53.164,53.196,53.234,53.277,53.302,53.334,53.368,53.399,53.432,53.469,53.521,53.555,53.611,53.657,53.707,53.74,53.777,53.842,53.895,53.972,54.054,54.15,54.242,54.341,54.424,54.539,54.729,55.074,56.01
977,@TPP,49.027,49.871,50.287,50.427,50.604,50.687,50.78,50.87,50.951,51.012,51.088,51.17,51.224,51.265,51.313,51.371,51.423,51.466,51.509,51.546,51.589,51.627,51.662,51.693,51.728,51.767,51.796,51.829,51.863,51.888,51.922,51.947,51.979,52.01,52.041,52.069,52.102,52.136,52.168,52.197,52.221,52.247,52.276,52.316,52.346,52.384,52.415,52.444,52.477,52.502,52.529,52.55,52.579,52.602,52.63,52.655,52.684,52.716,52.742,52.768,52.803,52.834,52.861,52.894,52.921,52.949,52.982,53.011,53.041,53.071,53.101,53.134,53.164,53.196,53.234,53.277,53.302,53.334,53.368,53.399,53.432,53.469,53.521,53.555,53.611,53.657,53.707,53.74,53.777,53.842,53.895,53.972,54.054,54.15,54.242,54.341,54.424,54.539,54.729,55.074,56.01
978,@TPP,48.93,49.8,50.151,50.35,50.522,50.66,50.762,50.876,50.955,51.061,51.142,51.219,51.283,51.345,51.386,51.422,51.471,51.519,51.55,51.603,51.647,51.685,51.736,51.772,51.813,51.846,51.878,51.912,51.952,51.976,52.009,52.044,52.08,52.12,52.158,52.192,52.222,52.244,52.274,52.308,52.339,52.37,52.392,52.433,52.457,52.475,52.507,52.537,52.573,52.604,52.634,52.665,52.691,52.721,52.753,52.786,52.813,52.846,52.879,52.914,52.939,52.964,52.997,53.028,53.058,53.096,53.139,53.173,53.204,53.244,53.276,53.314,53.344,53.364,53.4,53.434,53.468,53.501,53.525,53.563,53.598,53.638,53.672,53.718,53.769,53.817,53.88,53.939,53.993,54.048,54.124,54.209,54.278,54.354,54.456,54.574,54.676,54.851,55.037,55.482,56.53
979,@TPP,48.93,49.8,50.151,50.35,50.522,50.66,50.762,50.876,50.955,51.061,51.142,51.219,51.283,51.345,51.386,51.422,51.471,51.519,51.55,51.603,51.647,51.685,51.736,51.772,51.813,51.846,51.878,51.912,51.952,51.976,52.009,52.044,52.08,52.12,52.158,52.192,52.222,52.244,52.274,52.308,52.339,52.37,52.392,52.433,52.457,52.475,52.507,52.537,52.573,52.604,52.634,52.665,52.691,52.721,52.753,52.786,52.813,52.846,52.879,52.914,52.939,52.964,52.997,53.028,53.058,53.096,53.139,53.173,53.204,53.244,53.276,53.314,53.344,53.364,53.4,53.434,53.468,53.501,53.525,53.563,53.598,53.638,53.672,53.718,53.769,53.817,53.88,53.939,53.993,54.048,54.124,54.209,54.278,54.354,54.456,54.574,54.676,54.851,55.037,55.482,56.53
980,@TPP,48.951,49.907,50.24,50.453,50.624,50.76,50.887,50.993,51.095,51.155,51.23,51.291,51.348,51.405,51.468,51.521,51.565,51.608,51.653,51.703,51.738,51.776,51.816,51.851,51.896,51.934,51.97,52.01,52.048,52.089,52.123,52.154,52.186,52.211,52.239,52.266,52.297,52.325,52.363,52.401,52.445,52.474,52.507,52.537,52.564,52.593,52.632,52.665,52.701,52.73,52.762,52.796,52.826,52.851,52.876,52.907,52.938,52.968,52.999,53.024,53.05,53.084,53.117,53.153,53.176,53.208,53.239,53.274,53.312,53.351,53.385,53.41,53.44,53.486,53.524,53.559,53.598,53.64,53.69,53.724,53.767,53.806,53.845,53.892,53.947,54.009,54.051,54.099,54.157,54.22,54.277,54.349,54.425,54.517,54.625,54.73,54.855,55.011,55.223,55.542,56.731
981,@TPP,48.951,49.907,50.24,50.453,50.624,50.76,50.887,50.993,51.095,51.155,51.23,51.291,51.348,51.405,51.468,51.521,51.565,51.608,51.653,51.703,51.738,51.776,51.816,51.851,51.896,51.934,51.97,52.01,52.048,52.089,52.123,52.154,52.186,52.211,52.239,52.266,52.297,52.325,52.363,52.401,52.445,52.474,52.507,52.537,52.564,52.593,52.632,52.665,52.701,52.73,52.762,52.796,52.826,52.851,52.876,52.907,52.938,52.968,52.999,53.024,53.05,53.084,53.117,53.153,53.176,53.208,53.239,53.274,53.312,53.351,53.385,53.41,53.44,53.486,53.524,53.559,53.598,53.64,53.69,53.724,53.767,53.806,53.845,53.892,53.947,54.009,54.051,54.099,54.157,54.22,54.277,54.349,54.425,54.517,54.625,54.73,54.855,55.011,55.223,55.542,56.731
982,@TPP,49.208,49.923,50.31,50.53,50.743,50.873,50.968,51.112,51.204,51.266,51.331,51.389,51.457,51.522,51.573,51.618,51.667,51.71,51.755,51.808,51.857,51.894,51.928,51.966,52.014,52.057,52.092,52.131,52.179,52.207,52.238,52.266,52.298,52.335,52.366,52.403,52.428,52.467,52.504,52.532,52.566,52.591,52.624,52.652,52.678,52.712,52.744,52.772,52.807,52.83,52.863,52.896,52.928,52.966,53.004,53.038,53.074,53.11,53.141,53.183,53.22,53.247,53.276,53.308,53.346,53.377,53.407,53.443,53.472,53.502,53.528,53.565,53.604,53.64,53.671,53.706,53.748,53.784,53.823,53.861,53.912,53.953,54.002,54.039,54.088,54.143,54.209,54.282,54.346,54.416,54.478,54.546,54.654,54.72,54.791,54.877,55.013,55.197,55.411,55.786,56.829
983,@TPP,49.208,49.923,50.31,50.53,50.743,50.873,50.968,51.112,51.204,51.266,51.331,51.389,51.457,51.522,51.573,51.618,51.667,51.71,51.755,51.808,51.857,51.894,51.928,51.966,52.014,52.057,52.092,52.131,52.179,52.207,52.238,52.266,52.298,52.335,52.366,52.403,52.428,52.467,52.504,52.532,52.566,52.591,52.624,52.652,52.678,52.712,52.744,52.772,52.807,52.83,52.863,52.896,52.928,52.966,53.004,53.038,53.074,53.11,53.141,53.183,53.22,53.247,53.276,53.308,53.346,53.377,53.407,53.443,53.472,53.502,53.528,53.565,53.604,53.64,53.671,53.706,53.748,53.784,53.823,53.861,53.912,53.953,54.002,54.039,54.088,54.143,54.209,54.282,54.346,54.416,54.478,54.546,54.654,54.72,54.791,54.877,55.013,55.197,55.411,55.786,56.829
984,@TPP,49.278,50.117,50.509,50.75,50.865,50.98,51.077,51.162,51.239,51.312,51.383,51.455,51.516,51.565,51.633,51.679,51.735,51.796,51.847,51.898,51.948,52.009,52.059,52.112,52.159,52.202,52.239,52.27,52.302,52.335,52.372,52.405,52.439,52.472,52.496,52.533,52.561,52.587,52.616,52.656,52.681,52.708,52.741,52.78,52.816,52.846,52.87,52.899,52.928,52.961,52.991,53.034,53.062,53.092,53.117,53.145,53.176,53.206,53.236,53.273,53.307,53.341,53.382,53.418,53.446,53.48,53.522,53.548,53.582,53.616,53.648,53.692,53.734,53.775,53.815,53.865,53.903,53.937,53.982,54.023,54.074,54.108,54.16,54.21,54.265,54.314,54.37,54.43,54.482,54.533,54.584,54.651,54.738,54.838,54.909,55.016,55.133,55.305,55.508,55.886,56.982
985,@TPP,49.278,50.117,50.509,50.75,50.865,50.98,51.077,51.162,51.239,51.312,51.383,51.455,51.516,51.565,51.633,51.679,51.735,51.796,51.847,51.898,51.948,52.009,52.059,52.112,52.159,52.202,52.239,52.27,52.302,52.335,52.372,52.405,52.439,52.472,52.496,52.533,52.561,52.587,52.616,52.656,52.681,52.708,52.741,52.78,52.816,52.846,52.87,52.899,52.928,52.961,52.991,53.034,53.062,53.092,53.117,53.145,53.176,53.206,53.236,53.273,53.307,53.341,53.382,53.418,53.446,53.48,53.522,53.548,53.582,53.616,53.648,53.692,53.734,53.775,53.815,53.865,53.903,53.937,53.982,54.023,54.074,54.108,54.16,54.21,54.265,54.314,54.37,54.43,54.482,54.533,54.584,54.651,54.738,54.838,54.909,55.016,55.133,55.305,55.508,55.886,56.982
986,@TPP,49.323,50.245,50.568,50.786,50.97,51.121,51.222,51.314,51.402,51.484,51.549,51.596,51.652,51.722,51.785,51.843,51.898,51.951,52.011,52.064,52.095,52.137,52.175,52.225,52.261,52.308,52.341,52.382,52.424,52.463,52.498,52.519,52.559,52.587,52.621,52.657,52.691,52.721,52.752,52.776,52.814,52.837,52.87,52.895,52.925,52.964,52.996,53.016,53.052,53.078,53.11,53.142,53.179,53.207,53.236,53.269,53.299,53.332,53.359,53.398,53.435,53.464,53.494,53.531,53.561,53.594,53.628,53.665,53.693,53.724,53.76,53.801,53.835,53.873,53.922,53.96,54.026,54.066,54.1,54.136,54.178,54.227,54.265,54.3,54.347,54.39,54.433,54.496,54.536,54.615,54.683,54.763,54.825,54.916,55.015,55.158,55.269,55.478,55.67,56.029,57.225
987,@TPP,49.323,50.245,50.568,50.786,50.97,51.121,51.222,51.314,51.402,51.484,51.549,51.596,51.652,51.722,51.785,51.843,51.898,51.951,52.011,52.064,52.095,52.137,52.175,52.225,52.261,52.308,52.341,52.382,52.424,52.463,52.498,52.519,52.559,52.587,52.621,52.657,52.691,52.721,52.752,52.776,52.814,52.837,52.87,52.895,52.925,52.964,52.996,53.016,53.052,53.078,53.11,53.142,53.179,53.207,53.236,53.269,53.299,53.332,53.359,53.398,53.435,53.464,53.494,53.531,53.561,53.594,53.628,53.665,53.693,53.724,53.76,53.801,53.835,53.873,53.922,53.96,54.026,54.066,54.1,54.136,54.178,54.227,54.265,54.3,54.347,54.39,54.433,54.496,54.536,54.615,54.683,54.763,54.825,54.916,55.015,55.158,55.269,55.478,55.67,56.029,57.225
988,@TPP,49.653,50.416,50.758,51.0,51.148,51.28,51.37,51.466,51.552,51.628,51.693,51.763,51.82,51.882,51.938,51.994,52.043,52.081,52.142,52.186,52.235,52.282,52.325,52.369,52.405,52.446,52.487,52.519,52.562,52.59,52.633,52.673,52.707,52.733,52.765,52.794,52.824,52.857,52.891,52.923,52.959,52.993,53.028,53.062,53.092,53.12,53.138,53.162,53.186,53.221,53.249,53.281,53.303,53.336,53.37,53.401,53.43,53.454,53.479,53.519,53.548,53.572,53.6,53.641,53.675,53.715,53.744,53.779,53.81,53.838,53.871,53.916,53.952,53.986,54.026,54.056,54.093,54.131,54.17,54.213,54.248,54.299,54.342,54.397,54.436,54.48,54.536,54.584,54.633,54.694,54.757,54.82,54.895,54.989,55.082,55.191,55.298,55.473,55.701,56.142,57.164
989,@TPP,49.653,50.416,50.758,51.0,51.148,51.28,51.37,51.466,51.552,51.628,51.693,51.763,51.82,51.882,51.938,51.994,52.043,52.081,52.142,52.186,52.235,52.282,52.325,52.369,52.405,52.446,52.487,52.519,52.562,52.59,52.633,52.673,52.707,52.733,52.765,52.794,52.824,52.857,52.891,52.923,52.959,52.993,53.028,53.062,53.092,53.12,53.138,53.162,53.186,53.221,53.249,53.281,53.303,53.336,53.37,53.401,53.43,53.454,53.479,53.519,53.548,53.572,53.6,53.641,53.675,53.715,53.744,53.779,53.81,53.838,53.871,53.916,53.952,53.986,54.026,54.056,54.093,54.131,54.17,54.213,54.248,54.299,54.342,54.397,54.436,54.48,54.536,54.584,54.633,54.694,54.757,54.82,54.895,54.989,55.082,55.191,55.298,55.473,55.701,56.142,57.164
990,@TPP,49.973,50.706,51.042,51.263,51.399,51.525,51.652,51.738,51.796,51.882,51.926,52.011,52.059,52.121,52.171,52.214,52.251,52.287,52.319,52.371,52.405,52.442,52.484,52.516,52.56,52.588,52.624,52.662,52.696,52.734,52.761,52.79,52.818,52.846,52.877,52.911,52.936,52.962,52.988,53.014,53.045,53.073,53.102,53.13,53.163,53.194,53.222,53.251,53.276,53.306,53.333,53.357,53.393,53.425,53.455,53.485,53.52,53.549,53.577,53.607,53.635,53.662,53.691,53.735,53.77,53.799,53.832,53.865,53.889,53.922,53.96,53.985,54.015,54.061,54.1,54.127,54.155,54.189,54.224,54.265,54.311,54.36,54.402,54.442,54.496,54.528,54.583,54.646,54.687,54.731,54.785,54.839,54.919,55.003,55.097,55.177,55.364,55.499,55.769,56.174,56.751
991,@TPP,49.973,50.706,51.042,51.263,51.399,51.525,51.652,51.738,51.796,51.882,51.926,52.011,52.059,52.121,52.171,52.214,52.251,52.287,52.319,52.371,52.405,52.442,52.484,52.516,52.56,52.588,52.624,52.662,52.696,52.734,52.761,52.79,52.818,52.846,52.877,52.911,52.936,52.962,52.988,53.014,53.045,53.073,53.102,53.13,53.163,53.194,53.222,53.251,53.276,53.306,53.333,53.357,53.393,53.425,53.455,53.485,53.52,53.549,53.577,53.607,53.635,53.662,53.691,53.735,53.77,53.799,53.832,53.865,53.889,53.922,53.96,53.985,54.015,54.061,54.1,54.127,54.155,54.189,54.224,54.265,54.311,54.36,54.402,54.442,54.496,54.528,54.583,54.646,54.687,54.731,54.785,54.839,54.919,55.003,55.097,55.177,55.364,55.499,55.769,56.174,56.751
992,@TPP,50.017,50.763,51.025,51.253,51.402,51.518,51.619,51.71,51.795,51.872,51.935,52.01,52.063,52.109,52.165,52.223,52.278,52.324,52.366,52.399,52.439,52.482,52.525,52.557,52.59,52.63,52.665,52.718,52.749,52.786,52.82,52.855,52.887,52.917,52.948,52.983,53.013,53.04,53.075,53.115,53.143,53.173,53.2,53.229,53.266,53.297,53.332,53.364,53.395,53.433,53.466,53.49,53.526,53.556,53.588,53.615,53.642,53.672,53.703,53.728,53.76,53.787,53.814,53.853,53.877,53.906,53.945,53.989,54.018,54.055,54.091,54.128,54.159,54.199,54.231,54.263,54.306,54.345,54.375,54.422,54.463,54.505,54.553,54.607,54.645,54.699,54.739,54.787,54.832,54.891,54.954,55.015,55.105,55.186,55.283,55.377,55.56,55.72,55.942,56.201,56.922
993,@TPP,50.017,50.763,51.025,51.253,51.402,51.518,51.619,51.71,51.795,51.872,51.935,52.01,52.063,52.109,52.165,52.223,52.278,52.324,52.366,52.399,52.439,52.482,52.525,52.557,52.59,52.63,52.665,52.718,52.749,52.786,52.82,52.855,52.887,52.917,52.948,52.983,53.013,53.04,53.075,53.115,53.143,53.173,53.2,53.229,53.266,53.297,53.332,53.364,53.395,53.433,53.466,53.49,53.526,53.556,53.588,53.615,53.642,53.672,53.703,53.728,53.76,53.787,53.814,53.853,53.877,53.906,53.945,53.989,54.018,54.055,54.091,54.128,54.159,54.199,54.231,54.263,54.306,54.345,54.375,54.422,54.463,54.505,54.553,54.607,54.645,54.699,54.739,54.787,54.832,54.891,54.954,55.015,55.105,55.186,55.283,55.377,55.56,55.72,55.942,56.201,56.922
994,@TPP,49.867,50.806,51.032,51.22,51.436,51.601,51.715,51.814,51.873,51.924,51.984,52.073,52.133,52.181,52.241,52.289,52.355,52.401,52.451,52.5,52.549,52.591,52.632,52.672,52.706,52.731,52.776,52.806,52.834,52.876,52.905,52.938,52.98,53.016,53.052,53.078,53.107,53.141,53.178,53.21,53.247,53.285,53.307,53.339,53.373,53.413,53.443,53.472,53.494,53.521,53.55,53.577,53.612,53.638,53.674,53.711,53.75,53.777,53.802,53.827,53.862,53.892,53.935,53.973,54.011,54.041,54.068,54.095,54.132,54.17,54.199,54.231,54.26,54.293,54.331,54.367,54.401,54.452,54.492,54.527,54.567,54.616,54.652,54.711,54.772,54.805,54.846,54.91,54.949,55.011,55.069,55.138,55.245,55.326,55.437,55.529,55.634,55.833,56.035,56.434,57.141
995,@TPP,49.867,50.806,51.032,51.22,51.436,51.601,51.715,51.814,51.873,51.924,51.984,52.073,52.133,52.181,52.241,52.289,52.355,52.401,52.451,52.5,52.549,52.591,52.632,52.672,52.706,52.731,52.776,52.806,52.834,52.876,52.905,52.938,52.98,53.016,53.052,53.078,53.107,53.141,53.178,53.21,53.247,53.285,53.307,53.339,53.373,53.413,53.443,53.472,53.494,53.521,53.55,53.577,53.612,53.638,53.674,53.711,53.75,53.777,53.802,53.827,53.862,53.892,53.935,53.973,54.011,54.041,54.068,54.095,54.132,54.17,54.199,54.231,54.26,54.293,54.331,54.367,54.401,54.452,54.492,54.527,54.567,54.616,54.652,54.711,54.772,54.805,54.846,54.91,54.949,55.011,55.069,55.138,55.245,55.326,55.437,55.529,55.634,55.833,56.035,56.434,57.141
996,@TPP,49.968,50.847,51.234,51.433,51.576,51.675,51.774,51.908,51.975,52.047,52.097,52.159,52.225,52.278,52.328,52.376,52.411,52.464,52.513,52.554,52.598,52.65,52.693,52.73,52.77,52.808,52.841,52.881,52.924,52.964,53.007,53.032,53.062,53.098,53.142,53.178,53.211,53.24,53.275,53.31,53.333,53.362,53.397,53.428,53.454,53.481,53.515,53.543,53.573,53.604,53.631,53.661,53.703,53.732,53.76,53.798,53.838,53.865,53.895,53.929,53.975,54.007,54.038,54.079,54.101,54.13,54.165,54.197,54.23,54.27,54.294,54.322,54.363,54.395,54.432,54.476,54.509,54.548,54.587,54.622,54.658,54.69,54.732,54.766,54.807,54.86,54.911,54.965,55.034,55.087,55.171,55.247,55.346,55.424,55.525,55.629,55.743,55.916,56.111,56.52,57.183
997,@TPP,49.968,50.847,51.234,51.433,51.576,51.675,51.774,51.908,51.975,52.047,52.097,52.159,52.225,52.278,52.328,52.376,52.411,52.464,52.513,52.554,52.598,52.65,52.693,52.73,52.77,52.808,52.841,52.881,52.924,52.964,53.007,53.032,53.062,53.098,53.142,53.178,53.211,53.24,53.275,53.31,53.333,53.362,53.397,53.428,53.454,53.481,53.515,53.543,53.573,53.604,53.631,53.661,53.703,53.732,53.76,53.798,53.838,53.865,53.895,53.929,53.975,54.007,54.038,54.079,54.101,54.13,54.165,54.197,54.23,54.27,54.294,54.322,54.363,54.395,54.432,54.476,54.509,54.548,54.587,54.622,54.658,54.69,54.732,54.766,54.807,54.86,54.911,54.965,55.034,55.087,55.171,55.247,55.346,55.424,55.525,55.629,55.743,55.916,56.111,56.52,57.183
998,@TPP,50.29,51.059,51.353,51.583,51.728,51.843,51.943,52.05,52.134,52.2,52.272,52.32,52.376,52.439,52.483,52.544,52.587,52.627,52.667,52.706,52.745,52.782,52.817,52.854,52.894,52.919,52.956,53.004,53.039,53.081,53.112,53.139,53.174,53.208,53.239,53.276,53.31,53.352,53.378,53.408,53.446,53.469,53.495,53.531,53.559,53.586,53.61,53.643,53.681,53.714,53.75,53.778,53.801,53.838,53.862,53.888,53.912,53.941,53.966,53.996,54.032,54.062,54.082,54.112,54.146,54.18,54.214,54.243,54.283,54.319,54.357,54.392,54.426,54.463,54.497,54.529,54.57,54.605,54.636,54.675,54.715,54.755,54.79,54.833,54.889,54.927,54.986,55.027,55.081,55.134,55.197,55.273,55.365,55.496,55.596,55.711,55.834,55.97,56.218,56.488,57.264
999,@TPP,50.29,51.059,51.353,51.583,51.728,51.843,51.943,52.05,52.134,52.2,52.272,52.32,52.376,52.439,52.483,52.544,52.587,52.627,52.667,52.706,52.745,52.782,52.817,52.854,52.894,52.919,52.956,53.004,53.039,53.081,53.112,53.139,53.174,53.208,53.239,53.276,53.31,53.352,53.378,53.408,53.446,53.469,53.495,53.531,53.559,53.586,53.61,53.643,53.681,53.714,53.75,53.778,53.801,53.838,53.862,53.888,53.912,53.941,53.966,53.996,54.032,54.062,54.082,54.112,54.146,54.18,54.214,54.243,54.283,54.319,54.357,54.392,54.426,54.463,54.497,54.529,54.57,54.605,54.636,54.675,54.715,54.755,54.79,54.833,54.889,54.927,54.986,55.027,55.081,55.134,55.197,55.273,55.365,55.496,55.596,55.711,55.834,55.97,56.218,56.488,57.264
1000,@TPP,50.441,51.261,51.552,51.751,51.876,51.977,52.105,52.186,52.257,52.339,52.404,52.462,52.527,52.572,52.633,52.679,52.733,52.777,52.816,52.858,52.908,52.946,52.985,53.02,53.062,53.097,53.133,53.168,53.2,53.229,53.263,53.293,53.336,53.365,53.391,53.421,53.45,53.478,53.512,53.537,53.563,53.593,53.621,53.657,53.684,53.712,53.741,53.761,53.787,53.816,53.841,53.876,53.9,53.926,53.948,53.962,53.993,54.018,54.041,54.063,54.088,54.118,54.146,54.172,54.202,54.233,54.271,54.313,54.341,54.373,54.404,54.443,54.474,54.509,54.551,54.586,54.62,54.656,54.689,54.726,54.77,54.815,54.854,54.908,54.959,55.012,55.055,55.112,55.175,55.248,55.308,55.378,55.456,55.544,55.615,55.705,55.802,55.948,56.069,56.353,57.381
1001,@TPP,50.441,51.261,51.552,51.751,51.876,51.977,52.105,52.186,52.257,52.339,52.404,52.462,52.527,52.572,52.633,52.679,52.733,52.777,52.816,52.858,52.908,52.946,52.985,53.02,53.062,53.097,53.133,53.168,53.2,53.229,53.263,53.293,53.336,53.365,53.391,53.421,53.45,53.478,53.512,53.537,53.563,53.593,53.621,53.657,53.684,53.712,53.741,53.761,53.787,53.816,53.841,53.876,53.9,53.926,53.948,53.962,53.993,54.018,54.041,54.063,54.088,54.118,54.146,54.172,54.202,54.233,54.271,54.313,54.341,54.373,54.404,54.443,54.474,54.509,54.551,54.586,54.62,54.656,54.689,54.726,54.77,54.815,54.854,54.908,54.959,55.012,55.055,55.112,55.175,55.248,55.308,55.378,55.456,55.544,55.615,55.705,55.802,55.948,56.069,56.353,57.381
1002,@TPP,50.26,50.941,51.228,51.476,51.678,51.808,51.941,52.02,52.101,52.18,52.25,52.335,52.402,52.461,52.52,52.567,52.611,52.659,52.698,52.756,52.807,52.851,52.911,52.943,52.987,53.029,53.073,53.114,53.162,53.204,53.231,53.265,53.298,53.333,53.359,53.387,53.413,53.453,53.481,53.522,53.554,53.582,53.617,53.642,53.678,53.708,53.738,53.763,53.798,53.827,53.855,53.888,53.918,53.945,53.977,54.004,54.038,54.072,54.106,54.138,54.171,54.205,54.247,54.272,54.306,54.336,54.367,54.395,54.432,54.472,54.508,54.543,54.573,54.621,54.667,54.7,54.746,54.781,54.821,54.866,54.902,54.939,54.978,55.036,55.093,55.143,55.205,55.271,55.341,55.405,55.483,55.55,55.62,55.694,55.778,55.906,56.071,56.267,56.464,56.899,57.901
1003,@TPP,50.26,50.941,51.228,51.476,51.678,51.808,51.941,52.02,52.101,52.18,52.25,52.335,52.402,52.461,52.52,52.567,52.611,52.659,52.698,52.756,52.807,52.851,52.911,52.943,52.987,53.029,53.073,53.114,53.162,53.204,53.231,53.265,53.298,53.333,53.359,53.387,53.413,53.453,53.481,53.522,53.554,53.582,53.617,53.642,53.678,53.708,53.738,53.763,53.798,53.827,53.855,53.888,53.918,53.945,53.977,54.004,54.038,54.072,54.106,54.138,54.171,54.205,54.247,54.272,54.306,54.336,54.367,54.395,54.432,54.472,54.508,54.543,54.573,54.621,54.667,54.7,54.746,54.781,54.821,54.866,54.902,54.939,54.978,55.036,55.093,55.143,55.205,55.271,55.341,55.405,55.483,55.55,55.62,55.694,55.778,55.906,56.071,56.267,56.464,56.899,57.901
1004,@TPP,49.831,50.957,51.315,51.565,51.713,51.877,51.968,52.053,52.139,52.198,52.272,52.344,52.409,52.467,52.53,52.592,52.64,52.695,52.741,52.777,52.822,52.859,52.904,52.953,52.994,53.039,53.094,53.129,53.179,53.21,53.245,53.285,53.328,53.359,53.401,53.441,53.469,53.495,53.523,53.56,53.596,53.63,53.66,53.689,53.722,53.745,53.78,53.811,53.841,53.864,53.891,53.92,53.948,53.978,54.007,54.041,54.07,54.096,54.125,54.155,54.185,54.221,54.251,54.296,54.333,54.368,54.408,54.438,54.475,54.515,54.553,54.59,54.626,54.663,54.704,54.746,54.78,54.827,54.871,54.92,54.963,55.029,55.089,55.132,55.197,55.249,55.293,55.349,55.404,55.46,55.543,55.616,55.69,55.773,55.89,55.986,56.108,56.259,56.518,56.923,57.917
1005,@TPP,49.831,50.957,51.315,51.565,51.713,51.877,51.968,52.053,52.139,52.198,52.272,52.344,52.409,52.467,52.53,52.592,52.64,52.695,52.741,52.777,52.822,52.859,52.904,52.953,52.994,53.039,53.094,53.129,53.179,53.21,53.245,53.285,53.328,53.359,53.401,53.441,53.469,53.495,53.523,53.56,53.596,53.63,53.66,53.689,53.722,53.745,53.78,53.811,53.841,53.864,53.891,53.92,53.948,53.978,54.007,54.041,54.07,54.096,54.125,54.155,54.185,54.221,54.251,54.296,54.333,54.368,54.408,54.438,54.475,54.515,54.553,54.59,54.626,54.663,54.704,54.746,54.78,54.827,54.871,54.92,54.963,55.029,55.089,55.132,55.197,55.249,55.293,55.349,55.404,55.46,55.543,55.616,55.69,55.773,55.89,55.986,56.108,56.259,56.518,56.923,57.917
1006,@TPP,50.212,51.268,51.56,51.806,51.981,52.07,52.159,52.246,52.321,52.386,52.465,52.521,52.576,52.626,52.694,52.742,52.782,52.827,52.87,52.913,52.962,52.998,53.028,53.06,53.091,53.132,53.162,53.205,53.24,53.27,53.313,53.347,53.378,53.405,53.439,53.481,53.504,53.534,53.559,53.595,53.623,53.66,53.694,53.726,53.756,53.79,53.817,53.848,53.879,53.909,53.931,53.962,53.992,54.023,54.045,54.066,54.102,54.129,54.17,54.198,54.237,54.271,54.307,54.331,54.37,54.398,54.439,54.473,54.509,54.542,54.572,54.607,54.634,54.669,54.69,54.735,54.78,54.811,54.854,54.884,54.933,54.971,55.018,55.056,55.103,55.147,55.207,55.26,55.309,55.373,55.441,55.519,55.592,55.685,55.753,55.889,55.998,56.172,56.37,56.66,57.698
1007,@TPP,50.212,51.268,51.56,51.806,51.981,52.07,52.159,52.246,52.321,52.386,52.465,52.521,52.576,52.626,52.694,52.742,52.782,52.827,52.87,52.913,52.962,52.998,53.028,53.06,53.091,53.132,53.162,53.205,53.24,53.27,53.313,53.347,53.378,53.405,53.439,53.481,53.504,53.534,53.559,53.595,53.623,53.66,53.694,53.726,53.756,53.79,53.817,53.848,53.879,53.909,53.931,53.962,53.992,54.023,54.045,54.066,54.102,54.129,54.17,54.198,54.237,54.271,54.307,54.331,54.37,54.398,54.439,54.473,54.509,54.542,54.572,54.607,54.634,54.669,54.69,54.735,54.78,54.811,54.854,54.884,54.933,54.971,55.018,55.056,55.103,55.147,55.207,55.26,55.309,55.373,55.441,55.519,55.592,55.685,55.753,55.889,55.998,56.172,56.37,56.66,57.698
1008,@TPP,49.886,50.923,51.275,51.494,51.594,51.732,51.812,51.888,51.977,52.066,52.135,52.223,52.282,52.348,52.414,52.478,52.525,52.567,52.609,52.647,52.695,52.748,52.796,52.832,52.866,52.905,52.939,52.974,53.008,53.04,53.078,53.104,53.15,53.19,53.231,53.262,53.293,53.32,53.355,53.383,53.415,53.448,53.48,53.504,53.533,53.563,53.598,53.633,53.661,53.689,53.721,53.759,53.789,53.827,53.856,53.884,53.914,53.942,53.969,53.997,54.031,54.061,54.101,54.145,54.175,54.211,54.245,54.278,54.305,54.343,54.37,54.414,54.467,54.512,54.556,54.594,54.633,54.682,54.722,54.773,54.825,54.865,54.902,54.97,55.03,55.074,55.138,55.196,55.244,55.297,55.369,55.44,55.511,55.598,55.702,55.819,55.963,56.12,56.404,56.729,57.673
1009,@TPP,49.886,50.923,51.275,51.494,51.594,51.732,51.812,51.888,51.977,52.066,52.135,52.223,52.282,52.348,52.414,52.478,52.525,52.567,52.609,52.647,52.695,52.748,52.796,52.832,52.866,52.905,52.939,52.974,53.008,53.04,53.078,53.104,53.15,53.19,53.231,53.262,53.293,53.32,53.355,53.383,53.415,53.448,53.48,53.504,53.533,53.563,53.598,53.633,53.661,53.689,53.721,53.759,53.789,53.827,53.856,53.884,53.914,53.942,53.969,53.997,54.031,54.061,54.101,54.145,54.175,54.211,54.245,54.278,54.305,54.343,54.37,54.414,54.467,54.512,54.556,54.594,54.633,54.682,54.722,54.773,54.825,54.865,54.902,54.97,55.03,55.074,55.138,55.196,55.244,55.297,55.369,55.44,55.511,55.598,55.702,55.819,55.963,56.12,56.404,56.729,57.673
1010,@TPP,49.737,50.837,51.204,51.427,51.577,51.691,51.789,51.88,51.968,52.05,52.105,52.152,52.214,52.259,52.327,52.367,52.41,52.452,52.489,52.533,52.578,52.614,52.657,52.704,52.738,52.78,52.829,52.861,52.899,52.941,52.962,53.002,53.04,53.083,53.112,53.16,53.188,53.216,53.242,53.273,53.297,53.322,53.358,53.379,53.417,53.448,53.484,53.509,53.541,53.568,53.595,53.627,53.654,53.685,53.709,53.736,53.763,53.795,53.822,53.854,53.878,53.917,53.941,53.97,53.999,54.028,54.059,54.099,54.124,54.161,54.188,54.222,54.263,54.305,54.339,54.377,54.428,54.474,54.51,54.547,54.579,54.621,54.665,54.717,54.767,54.813,54.86,54.943,55.013,55.076,55.147,55.213,55.282,55.345,55.437,55.524,55.653,55.828,56.04,56.441,57.116
1011,@TPP,49.737,50.837,51.204,51.427,51.577,51.691,51.789,51.88,51.968,52.05,52.105,52.152,52.214,52.259,52.327,52.367,52.41,52.452,52.489,52.533,52.578,52.614,52.657,52.704,52.738,52.78,52.829,52.861,52.899,52.941,52.962,53.002,53.04,53.083,53.112,53.16,53.188,53.216,53.242,53.273,53.297,53.322,53.358,53.379,53.417,53.448,53.484,53.509,53.541,53.568,53.595,53.627,53.654,53.685,53.709,53.736,53.763,53.795,53.822,53.854,53.878,53.917,53.941,53.97,53.999,54.028,54.059,54.099,54.124,54.161,54.188,54.222,54.263,54.305,54.339,54.377,54.428,54.474,54.51,54.547,54.579,54.621,54.665,54.717,54.767,54.813,54.86,54.943,55.013,55.076,55.147,55.213,55.282,55.345,55.437,55.524,55.653,55.828,56.04,56.441,57.116
1012,@TPP,50.351,51.122,51.409,51.576,51.693,51.792,51.881,51.969,52.061,52.116,52.174,52.231,52.272,52.32,52.369,52.419,52.462,52.491,52.526,52.561,52.594,52.633,52.662,52.691,52.726,52.757,52.785,52.819,52.85,52.881,52.904,52.926,52.951,52.981,53.005,53.046,53.07,53.095,53.126,53.147,53.172,53.199,53.219,53.243,53.271,53.292,53.31,53.331,53.354,53.378,53.415,53.445,53.468,53.485,53.509,53.537,53.565,53.591,53.611,53.635,53.662,53.687,53.713,53.738,53.76,53.786,53.808,53.838,53.86,53.886,53.911,53.938,53.964,54.0,54.036,54.08,54.11,54.147,54.186,54.219,54.255,54.288,54.345,54.39,54.421,54.456,54.485,54.528,54.566,54.617,54.683,54.733,54.803,54.874,54.947,55.044,55.177,55.317,55.492,55.764,56.544
1013,@TPP,50.351,51.122,51.409,51.576,51.693,51.792,51.881,51.969,52.061,52.116,52.174,52.231,52.272,52.32,52.369,52.419,52.462,52.491,52.526,52.561,52.594,52.633,52.662,52.691,52.726,52.757,52.785,52.819,52.85,52.881,52.904,52.926,52.951,52.981,53.005,53.046,53.07,53.095,53.126,53.147,53.172,53.199,53.219,53.243,53.271,53.292,53.31,53.331,53.354,53.378,53.415,53.445,53.468,53.485,53.509,53.537,53.565,53.591,53.611,53.635,53.662,53.687,53.713,53.738,53.76,53.786,53.808,53.838,53.86,53.886,53.911,53.938,53.964,54.0,54.036,54.08,54.11,54.147,54.186,54.219,54.255,54.288,54.345,54.39,54.421,54.456,54.485,54.528,54.566,54.617,54.683,54.733,54.803,54.874,54.947,55.044,55.177,55.317,55.492,55.764,56.544
