Start date day,Month,Year
16,11,2013
Day,Party,0%,1%,2%,3%,4%,5%,6%,7%,8%,9%,10%,11%,12%,13%,14%,15%,16%,17%,18%,19%,20%,21%,22%,23%,24%,25%,26%,27%,28%,29%,30%,31%,32%,33%,34%,35%,36%,37%,38%,39%,40%,41%,42%,43%,44%,45%,46%,47%,48%,49%,50%,51%,52%,53%,54%,55%,56%,57%,58%,59%,60%,61%,62%,63%,64%,65%,66%,67%,68%,69%,70%,71%,72%,73%,74%,75%,76%,77%,78%,79%,80%,81%,82%,83%,84%,85%,86%,87%,88%,89%,90%,91%,92%,93%,94%,95%,96%,97%,98%,99%,100%
0,@TPP,42.557,44.296,44.789,45.091,45.389,45.589,45.727,45.871,45.982,46.126,46.248,46.33,46.43,46.495,46.58,46.669,46.762,46.832,46.893,46.957,47.023,47.103,47.177,47.255,47.319,47.372,47.43,47.502,47.557,47.609,47.654,47.684,47.72,47.771,47.808,47.858,47.906,47.964,47.995,48.058,48.103,48.161,48.213,48.252,48.307,48.356,48.403,48.459,48.491,48.553,48.59,48.633,48.68,48.721,48.762,48.794,48.833,48.867,48.901,48.948,48.996,49.042,49.079,49.123,49.173,49.213,49.269,49.313,49.359,49.422,49.497,49.547,49.587,49.636,49.687,49.747,49.794,49.84,49.902,49.965,50.032,50.087,50.158,50.219,50.268,50.361,50.436,50.523,50.6,50.658,50.743,50.842,50.974,51.099,51.224,51.4,51.516,51.692,52.053,52.564,53.704
1,@TPP,42.557,44.296,44.789,45.091,45.389,45.589,45.727,45.871,45.982,46.126,46.248,46.33,46.43,46.495,46.58,46.669,46.762,46.832,46.893,46.957,47.023,47.103,47.177,47.255,47.319,47.372,47.43,47.502,47.557,47.609,47.654,47.684,47.72,47.771,47.808,47.858,47.906,47.964,47.995,48.058,48.103,48.161,48.213,48.252,48.307,48.356,48.403,48.459,48.491,48.553,48.59,48.633,48.68,48.721,48.762,48.794,48.833,48.867,48.901,48.948,48.996,49.042,49.079,49.123,49.173,49.213,49.269,49.313,49.359,49.422,49.497,49.547,49.587,49.636,49.687,49.747,49.794,49.84,49.902,49.965,50.032,50.087,50.158,50.219,50.268,50.361,50.436,50.523,50.6,50.658,50.743,50.842,50.974,51.099,51.224,51.4,51.516,51.692,52.053,52.564,53.704
2,@TPP,42.741,44.292,44.818,45.14,45.318,45.551,45.7,45.818,45.976,46.074,46.228,46.302,46.371,46.48,46.564,46.648,46.734,46.804,46.888,46.929,46.989,47.05,47.133,47.2,47.266,47.337,47.395,47.453,47.517,47.576,47.626,47.676,47.733,47.771,47.827,47.876,47.914,47.95,47.993,48.032,48.099,48.137,48.185,48.227,48.262,48.304,48.378,48.412,48.458,48.509,48.564,48.599,48.629,48.665,48.71,48.755,48.794,48.836,48.887,48.945,48.99,49.043,49.086,49.135,49.181,49.214,49.265,49.322,49.368,49.41,49.453,49.496,49.539,49.592,49.652,49.721,49.766,49.818,49.867,49.931,50.004,50.063,50.145,50.214,50.284,50.353,50.413,50.517,50.59,50.683,50.751,50.867,50.993,51.098,51.248,51.391,51.567,51.803,52.066,52.539,53.888
3,@TPP,42.741,44.292,44.818,45.14,45.318,45.551,45.7,45.818,45.976,46.074,46.228,46.302,46.371,46.48,46.564,46.648,46.734,46.804,46.888,46.929,46.989,47.05,47.133,47.2,47.266,47.337,47.395,47.453,47.517,47.576,47.626,47.676,47.733,47.771,47.827,47.876,47.914,47.95,47.993,48.032,48.099,48.137,48.185,48.227,48.262,48.304,48.378,48.412,48.458,48.509,48.564,48.599,48.629,48.665,48.71,48.755,48.794,48.836,48.887,48.945,48.99,49.043,49.086,49.135,49.181,49.214,49.265,49.322,49.368,49.41,49.453,49.496,49.539,49.592,49.652,49.721,49.766,49.818,49.867,49.931,50.004,50.063,50.145,50.214,50.284,50.353,50.413,50.517,50.59,50.683,50.751,50.867,50.993,51.098,51.248,51.391,51.567,51.803,52.066,52.539,53.888
4,@TPP,42.322,44.243,44.734,45.043,45.278,45.442,45.672,45.777,45.899,46.031,46.156,46.231,46.341,46.414,46.512,46.617,46.701,46.766,46.847,46.919,47.003,47.078,47.136,47.186,47.224,47.274,47.331,47.392,47.463,47.531,47.572,47.634,47.67,47.729,47.79,47.837,47.88,47.92,47.991,48.035,48.08,48.132,48.19,48.229,48.26,48.305,48.359,48.397,48.444,48.485,48.536,48.577,48.639,48.674,48.72,48.767,48.821,48.871,48.913,48.943,48.994,49.039,49.078,49.133,49.171,49.219,49.263,49.318,49.384,49.44,49.492,49.551,49.601,49.647,49.689,49.738,49.796,49.846,49.889,49.952,50.006,50.078,50.144,50.206,50.273,50.341,50.427,50.518,50.609,50.688,50.818,50.894,51.028,51.132,51.302,51.425,51.621,51.809,52.188,52.526,54.027
5,@TPP,42.322,44.243,44.734,45.043,45.278,45.442,45.672,45.777,45.899,46.031,46.156,46.231,46.341,46.414,46.512,46.617,46.701,46.766,46.847,46.919,47.003,47.078,47.136,47.186,47.224,47.274,47.331,47.392,47.463,47.531,47.572,47.634,47.67,47.729,47.79,47.837,47.88,47.92,47.991,48.035,48.08,48.132,48.19,48.229,48.26,48.305,48.359,48.397,48.444,48.485,48.536,48.577,48.639,48.674,48.72,48.767,48.821,48.871,48.913,48.943,48.994,49.039,49.078,49.133,49.171,49.219,49.263,49.318,49.384,49.44,49.492,49.551,49.601,49.647,49.689,49.738,49.796,49.846,49.889,49.952,50.006,50.078,50.144,50.206,50.273,50.341,50.427,50.518,50.609,50.688,50.818,50.894,51.028,51.132,51.302,51.425,51.621,51.809,52.188,52.526,54.027
6,@TPP,42.23,44.096,44.695,45.002,45.209,45.404,45.609,45.763,45.883,46.02,46.119,46.213,46.296,46.382,46.467,46.541,46.625,46.698,46.77,46.827,46.906,46.966,47.036,47.121,47.186,47.247,47.313,47.357,47.434,47.505,47.547,47.601,47.647,47.693,47.744,47.796,47.869,47.903,47.951,48.005,48.059,48.107,48.158,48.215,48.259,48.303,48.342,48.38,48.427,48.466,48.513,48.555,48.603,48.64,48.683,48.726,48.782,48.817,48.862,48.902,48.953,49.011,49.066,49.129,49.168,49.214,49.263,49.304,49.345,49.403,49.457,49.522,49.581,49.636,49.678,49.737,49.791,49.863,49.911,49.987,50.023,50.099,50.172,50.227,50.307,50.376,50.435,50.503,50.617,50.723,50.825,50.911,51.02,51.108,51.273,51.403,51.619,51.871,52.091,52.655,53.915
7,@TPP,42.23,44.096,44.695,45.002,45.209,45.404,45.609,45.763,45.883,46.02,46.119,46.213,46.296,46.382,46.467,46.541,46.625,46.698,46.77,46.827,46.906,46.966,47.036,47.121,47.186,47.247,47.313,47.357,47.434,47.505,47.547,47.601,47.647,47.693,47.744,47.796,47.869,47.903,47.951,48.005,48.059,48.107,48.158,48.215,48.259,48.303,48.342,48.38,48.427,48.466,48.513,48.555,48.603,48.64,48.683,48.726,48.782,48.817,48.862,48.902,48.953,49.011,49.066,49.129,49.168,49.214,49.263,49.304,49.345,49.403,49.457,49.522,49.581,49.636,49.678,49.737,49.791,49.863,49.911,49.987,50.023,50.099,50.172,50.227,50.307,50.376,50.435,50.503,50.617,50.723,50.825,50.911,51.02,51.108,51.273,51.403,51.619,51.871,52.091,52.655,53.915
8,@TPP,42.015,44.145,44.643,44.894,45.193,45.386,45.58,45.751,45.896,45.978,46.095,46.191,46.256,46.33,46.42,46.52,46.603,46.665,46.75,46.81,46.873,46.961,47.014,47.109,47.168,47.241,47.291,47.364,47.428,47.491,47.554,47.594,47.644,47.707,47.752,47.786,47.836,47.908,47.957,47.997,48.034,48.085,48.139,48.183,48.223,48.258,48.316,48.367,48.416,48.454,48.505,48.545,48.599,48.64,48.68,48.727,48.763,48.811,48.878,48.919,48.975,49.037,49.08,49.126,49.173,49.224,49.273,49.325,49.368,49.425,49.478,49.533,49.591,49.636,49.685,49.749,49.8,49.849,49.9,50.006,50.066,50.135,50.207,50.267,50.34,50.412,50.47,50.537,50.619,50.714,50.792,50.892,51.012,51.14,51.295,51.475,51.638,51.864,52.103,52.691,53.954
9,@TPP,42.015,44.145,44.643,44.894,45.193,45.386,45.58,45.751,45.896,45.978,46.095,46.191,46.256,46.33,46.42,46.52,46.603,46.665,46.75,46.81,46.873,46.961,47.014,47.109,47.168,47.241,47.291,47.364,47.428,47.491,47.554,47.594,47.644,47.707,47.752,47.786,47.836,47.908,47.957,47.997,48.034,48.085,48.139,48.183,48.223,48.258,48.316,48.367,48.416,48.454,48.505,48.545,48.599,48.64,48.68,48.727,48.763,48.811,48.878,48.919,48.975,49.037,49.08,49.126,49.173,49.224,49.273,49.325,49.368,49.425,49.478,49.533,49.591,49.636,49.685,49.749,49.8,49.849,49.9,50.006,50.066,50.135,50.207,50.267,50.34,50.412,50.47,50.537,50.619,50.714,50.792,50.892,51.012,51.14,51.295,51.475,51.638,51.864,52.103,52.691,53.954
10,@TPP,42.226,44.167,44.598,44.857,45.126,45.308,45.527,45.684,45.834,45.945,46.072,46.18,46.286,46.362,46.459,46.554,46.637,46.709,46.757,46.838,46.908,46.959,47.008,47.079,47.148,47.215,47.292,47.352,47.406,47.477,47.54,47.574,47.63,47.679,47.733,47.783,47.832,47.88,47.938,47.987,48.043,48.089,48.12,48.167,48.222,48.264,48.301,48.347,48.386,48.432,48.477,48.525,48.583,48.627,48.664,48.699,48.744,48.79,48.834,48.881,48.95,49.005,49.06,49.115,49.162,49.221,49.28,49.332,49.376,49.431,49.47,49.528,49.591,49.668,49.72,49.777,49.825,49.882,49.943,50.004,50.077,50.117,50.192,50.263,50.348,50.411,50.506,50.548,50.631,50.71,50.8,50.905,51.016,51.138,51.274,51.468,51.639,51.887,52.25,52.675,53.887
11,@TPP,42.226,44.167,44.598,44.857,45.126,45.308,45.527,45.684,45.834,45.945,46.072,46.18,46.286,46.362,46.459,46.554,46.637,46.709,46.757,46.838,46.908,46.959,47.008,47.079,47.148,47.215,47.292,47.352,47.406,47.477,47.54,47.574,47.63,47.679,47.733,47.783,47.832,47.88,47.938,47.987,48.043,48.089,48.12,48.167,48.222,48.264,48.301,48.347,48.386,48.432,48.477,48.525,48.583,48.627,48.664,48.699,48.744,48.79,48.834,48.881,48.95,49.005,49.06,49.115,49.162,49.221,49.28,49.332,49.376,49.431,49.47,49.528,49.591,49.668,49.72,49.777,49.825,49.882,49.943,50.004,50.077,50.117,50.192,50.263,50.348,50.411,50.506,50.548,50.631,50.71,50.8,50.905,51.016,51.138,51.274,51.468,51.639,51.887,52.25,52.675,53.887
12,@TPP,41.819,44.206,44.608,44.872,45.12,45.331,45.499,45.682,45.791,45.915,46.026,46.16,46.287,46.398,46.482,46.553,46.625,46.688,46.758,46.818,46.892,46.949,47.007,47.069,47.131,47.184,47.249,47.301,47.37,47.419,47.476,47.529,47.58,47.646,47.718,47.767,47.814,47.877,47.934,47.988,48.032,48.073,48.119,48.16,48.196,48.243,48.297,48.338,48.382,48.444,48.48,48.527,48.569,48.616,48.66,48.719,48.765,48.826,48.87,48.93,48.971,49.031,49.08,49.115,49.162,49.208,49.258,49.31,49.352,49.396,49.449,49.516,49.572,49.618,49.677,49.726,49.789,49.85,49.919,49.982,50.057,50.114,50.199,50.252,50.294,50.398,50.478,50.551,50.623,50.7,50.797,50.879,50.993,51.138,51.305,51.542,51.716,51.85,52.331,52.757,53.988
13,@TPP,41.819,44.206,44.608,44.872,45.12,45.331,45.499,45.682,45.791,45.915,46.026,46.16,46.287,46.398,46.482,46.553,46.625,46.688,46.758,46.818,46.892,46.949,47.007,47.069,47.131,47.184,47.249,47.301,47.37,47.419,47.476,47.529,47.58,47.646,47.718,47.767,47.814,47.877,47.934,47.988,48.032,48.073,48.119,48.16,48.196,48.243,48.297,48.338,48.382,48.444,48.48,48.527,48.569,48.616,48.66,48.719,48.765,48.826,48.87,48.93,48.971,49.031,49.08,49.115,49.162,49.208,49.258,49.31,49.352,49.396,49.449,49.516,49.572,49.618,49.677,49.726,49.789,49.85,49.919,49.982,50.057,50.114,50.199,50.252,50.294,50.398,50.478,50.551,50.623,50.7,50.797,50.879,50.993,51.138,51.305,51.542,51.716,51.85,52.331,52.757,53.988
14,@TPP,42.051,44.068,44.577,44.803,45.058,45.301,45.538,45.69,45.803,45.918,46.029,46.122,46.264,46.35,46.432,46.498,46.566,46.631,46.72,46.797,46.868,46.923,46.992,47.044,47.1,47.153,47.209,47.285,47.359,47.394,47.445,47.521,47.579,47.649,47.712,47.762,47.806,47.854,47.9,47.966,48.014,48.057,48.093,48.149,48.2,48.253,48.294,48.335,48.368,48.409,48.454,48.498,48.549,48.6,48.668,48.715,48.772,48.821,48.858,48.896,48.947,48.986,49.039,49.08,49.149,49.197,49.24,49.277,49.327,49.375,49.422,49.461,49.53,49.614,49.657,49.721,49.768,49.821,49.884,49.929,49.987,50.08,50.139,50.203,50.285,50.367,50.456,50.535,50.628,50.737,50.816,50.917,51.042,51.181,51.329,51.489,51.67,51.887,52.236,52.808,54.24
15,@TPP,42.051,44.068,44.577,44.803,45.058,45.301,45.538,45.69,45.803,45.918,46.029,46.122,46.264,46.35,46.432,46.498,46.566,46.631,46.72,46.797,46.868,46.923,46.992,47.044,47.1,47.153,47.209,47.285,47.359,47.394,47.445,47.521,47.579,47.649,47.712,47.762,47.806,47.854,47.9,47.966,48.014,48.057,48.093,48.149,48.2,48.253,48.294,48.335,48.368,48.409,48.454,48.498,48.549,48.6,48.668,48.715,48.772,48.821,48.858,48.896,48.947,48.986,49.039,49.08,49.149,49.197,49.24,49.277,49.327,49.375,49.422,49.461,49.53,49.614,49.657,49.721,49.768,49.821,49.884,49.929,49.987,50.08,50.139,50.203,50.285,50.367,50.456,50.535,50.628,50.737,50.816,50.917,51.042,51.181,51.329,51.489,51.67,51.887,52.236,52.808,54.24
16,@TPP,42.09,44.039,44.523,44.796,45.055,45.246,45.405,45.57,45.767,45.894,46.028,46.12,46.241,46.316,46.415,46.503,46.589,46.66,46.727,46.789,46.838,46.903,46.957,47.033,47.101,47.166,47.228,47.276,47.323,47.389,47.441,47.501,47.56,47.619,47.676,47.731,47.786,47.831,47.883,47.935,47.989,48.043,48.095,48.145,48.2,48.245,48.287,48.333,48.387,48.426,48.479,48.529,48.575,48.618,48.656,48.71,48.758,48.818,48.869,48.912,48.95,49.001,49.047,49.103,49.159,49.215,49.253,49.283,49.325,49.367,49.428,49.481,49.532,49.587,49.643,49.691,49.748,49.791,49.859,49.943,49.997,50.053,50.109,50.186,50.264,50.357,50.465,50.561,50.627,50.714,50.809,50.926,51.039,51.171,51.332,51.487,51.626,51.805,52.289,53.043,54.158
17,@TPP,42.09,44.039,44.523,44.796,45.055,45.246,45.405,45.57,45.767,45.894,46.028,46.12,46.241,46.316,46.415,46.503,46.589,46.66,46.727,46.789,46.838,46.903,46.957,47.033,47.101,47.166,47.228,47.276,47.323,47.389,47.441,47.501,47.56,47.619,47.676,47.731,47.786,47.831,47.883,47.935,47.989,48.043,48.095,48.145,48.2,48.245,48.287,48.333,48.387,48.426,48.479,48.529,48.575,48.618,48.656,48.71,48.758,48.818,48.869,48.912,48.95,49.001,49.047,49.103,49.159,49.215,49.253,49.283,49.325,49.367,49.428,49.481,49.532,49.587,49.643,49.691,49.748,49.791,49.859,49.943,49.997,50.053,50.109,50.186,50.264,50.357,50.465,50.561,50.627,50.714,50.809,50.926,51.039,51.171,51.332,51.487,51.626,51.805,52.289,53.043,54.158
18,@TPP,41.994,43.888,44.46,44.86,45.034,45.2,45.435,45.626,45.733,45.854,45.966,46.064,46.16,46.256,46.341,46.436,46.488,46.584,46.689,46.76,46.817,46.893,46.958,47.029,47.098,47.169,47.208,47.27,47.326,47.367,47.439,47.503,47.557,47.605,47.656,47.711,47.764,47.808,47.847,47.902,47.949,47.99,48.049,48.127,48.161,48.223,48.287,48.329,48.378,48.423,48.473,48.509,48.556,48.594,48.628,48.683,48.729,48.787,48.834,48.869,48.923,48.965,49.012,49.064,49.11,49.172,49.225,49.281,49.315,49.363,49.417,49.484,49.525,49.569,49.636,49.687,49.744,49.798,49.851,49.925,50.004,50.067,50.135,50.203,50.258,50.358,50.443,50.514,50.586,50.705,50.842,50.953,51.069,51.204,51.339,51.453,51.62,51.908,52.183,52.93,54.349
19,@TPP,41.994,43.888,44.46,44.86,45.034,45.2,45.435,45.626,45.733,45.854,45.966,46.064,46.16,46.256,46.341,46.436,46.488,46.584,46.689,46.76,46.817,46.893,46.958,47.029,47.098,47.169,47.208,47.27,47.326,47.367,47.439,47.503,47.557,47.605,47.656,47.711,47.764,47.808,47.847,47.902,47.949,47.99,48.049,48.127,48.161,48.223,48.287,48.329,48.378,48.423,48.473,48.509,48.556,48.594,48.628,48.683,48.729,48.787,48.834,48.869,48.923,48.965,49.012,49.064,49.11,49.172,49.225,49.281,49.315,49.363,49.417,49.484,49.525,49.569,49.636,49.687,49.744,49.798,49.851,49.925,50.004,50.067,50.135,50.203,50.258,50.358,50.443,50.514,50.586,50.705,50.842,50.953,51.069,51.204,51.339,51.453,51.62,51.908,52.183,52.93,54.349
20,@TPP,41.765,43.874,44.387,44.768,45.014,45.23,45.376,45.566,45.677,45.811,45.929,46.042,46.119,46.222,46.314,46.419,46.473,46.551,46.62,46.725,46.795,46.859,46.929,47.001,47.072,47.138,47.19,47.248,47.319,47.369,47.417,47.475,47.524,47.572,47.64,47.691,47.731,47.777,47.838,47.894,47.944,48.006,48.049,48.1,48.151,48.219,48.262,48.315,48.354,48.401,48.456,48.502,48.543,48.605,48.64,48.67,48.729,48.774,48.83,48.876,48.923,48.967,49.013,49.058,49.104,49.141,49.203,49.243,49.309,49.365,49.417,49.476,49.529,49.594,49.664,49.716,49.771,49.83,49.876,49.932,50.008,50.08,50.151,50.217,50.272,50.329,50.43,50.52,50.638,50.74,50.856,50.982,51.075,51.21,51.345,51.486,51.684,51.969,52.26,52.842,54.061
21,@TPP,41.765,43.874,44.387,44.768,45.014,45.23,45.376,45.566,45.677,45.811,45.929,46.042,46.119,46.222,46.314,46.419,46.473,46.551,46.62,46.725,46.795,46.859,46.929,47.001,47.072,47.138,47.19,47.248,47.319,47.369,47.417,47.475,47.524,47.572,47.64,47.691,47.731,47.777,47.838,47.894,47.944,48.006,48.049,48.1,48.151,48.219,48.262,48.315,48.354,48.401,48.456,48.502,48.543,48.605,48.64,48.67,48.729,48.774,48.83,48.876,48.923,48.967,49.013,49.058,49.104,49.141,49.203,49.243,49.309,49.365,49.417,49.476,49.529,49.594,49.664,49.716,49.771,49.83,49.876,49.932,50.008,50.08,50.151,50.217,50.272,50.329,50.43,50.52,50.638,50.74,50.856,50.982,51.075,51.21,51.345,51.486,51.684,51.969,52.26,52.842,54.061
22,@TPP,41.441,43.696,44.334,44.604,45.025,45.211,45.339,45.49,45.625,45.757,45.899,45.998,46.089,46.187,46.259,46.38,46.436,46.512,46.609,46.694,46.764,46.845,46.923,46.988,47.065,47.116,47.165,47.221,47.277,47.347,47.406,47.466,47.521,47.57,47.629,47.681,47.727,47.786,47.827,47.876,47.931,47.971,48.005,48.056,48.103,48.158,48.202,48.253,48.307,48.363,48.426,48.47,48.514,48.575,48.617,48.664,48.729,48.775,48.823,48.85,48.892,48.935,48.997,49.042,49.113,49.158,49.217,49.269,49.323,49.386,49.435,49.496,49.543,49.6,49.644,49.689,49.765,49.827,49.895,49.956,50.032,50.106,50.173,50.262,50.328,50.405,50.497,50.582,50.689,50.786,50.893,50.996,51.079,51.174,51.345,51.511,51.704,51.901,52.259,52.893,54.059
23,@TPP,41.441,43.696,44.334,44.604,45.025,45.211,45.339,45.49,45.625,45.757,45.899,45.998,46.089,46.187,46.259,46.38,46.436,46.512,46.609,46.694,46.764,46.845,46.923,46.988,47.065,47.116,47.165,47.221,47.277,47.347,47.406,47.466,47.521,47.57,47.629,47.681,47.727,47.786,47.827,47.876,47.931,47.971,48.005,48.056,48.103,48.158,48.202,48.253,48.307,48.363,48.426,48.47,48.514,48.575,48.617,48.664,48.729,48.775,48.823,48.85,48.892,48.935,48.997,49.042,49.113,49.158,49.217,49.269,49.323,49.386,49.435,49.496,49.543,49.6,49.644,49.689,49.765,49.827,49.895,49.956,50.032,50.106,50.173,50.262,50.328,50.405,50.497,50.582,50.689,50.786,50.893,50.996,51.079,51.174,51.345,51.511,51.704,51.901,52.259,52.893,54.059
24,@TPP,41.79,43.771,44.287,44.725,44.974,45.183,45.349,45.497,45.589,45.724,45.831,45.97,46.069,46.142,46.237,46.339,46.412,46.494,46.574,46.653,46.743,46.822,46.892,46.975,47.028,47.092,47.143,47.206,47.273,47.336,47.384,47.437,47.498,47.549,47.614,47.681,47.721,47.761,47.794,47.858,47.912,47.959,48.005,48.069,48.119,48.165,48.208,48.265,48.32,48.363,48.426,48.47,48.514,48.576,48.621,48.689,48.739,48.778,48.813,48.856,48.903,48.955,49.01,49.059,49.131,49.182,49.212,49.269,49.331,49.407,49.456,49.515,49.558,49.606,49.649,49.714,49.763,49.823,49.889,49.942,50.016,50.083,50.161,50.233,50.307,50.388,50.477,50.564,50.677,50.793,50.872,50.991,51.139,51.294,51.403,51.552,51.753,51.947,52.322,52.802,54.092
25,@TPP,41.79,43.771,44.287,44.725,44.974,45.183,45.349,45.497,45.589,45.724,45.831,45.97,46.069,46.142,46.237,46.339,46.412,46.494,46.574,46.653,46.743,46.822,46.892,46.975,47.028,47.092,47.143,47.206,47.273,47.336,47.384,47.437,47.498,47.549,47.614,47.681,47.721,47.761,47.794,47.858,47.912,47.959,48.005,48.069,48.119,48.165,48.208,48.265,48.32,48.363,48.426,48.47,48.514,48.576,48.621,48.689,48.739,48.778,48.813,48.856,48.903,48.955,49.01,49.059,49.131,49.182,49.212,49.269,49.331,49.407,49.456,49.515,49.558,49.606,49.649,49.714,49.763,49.823,49.889,49.942,50.016,50.083,50.161,50.233,50.307,50.388,50.477,50.564,50.677,50.793,50.872,50.991,51.139,51.294,51.403,51.552,51.753,51.947,52.322,52.802,54.092
26,@TPP,41.729,43.755,44.319,44.688,44.924,45.155,45.343,45.468,45.629,45.722,45.857,45.963,46.03,46.144,46.247,46.352,46.427,46.533,46.604,46.683,46.756,46.807,46.885,46.947,47.013,47.077,47.126,47.204,47.257,47.305,47.362,47.419,47.5,47.547,47.592,47.653,47.708,47.766,47.812,47.875,47.922,47.97,48.018,48.062,48.112,48.156,48.213,48.258,48.293,48.333,48.4,48.467,48.515,48.59,48.636,48.68,48.715,48.757,48.797,48.87,48.915,48.967,49.03,49.086,49.124,49.163,49.223,49.272,49.33,49.389,49.427,49.465,49.503,49.563,49.629,49.676,49.719,49.793,49.868,49.914,49.999,50.058,50.128,50.202,50.291,50.37,50.452,50.527,50.636,50.744,50.851,50.961,51.078,51.202,51.408,51.552,51.814,52.017,52.356,52.884,54.331
27,@TPP,41.729,43.755,44.319,44.688,44.924,45.155,45.343,45.468,45.629,45.722,45.857,45.963,46.03,46.144,46.247,46.352,46.427,46.533,46.604,46.683,46.756,46.807,46.885,46.947,47.013,47.077,47.126,47.204,47.257,47.305,47.362,47.419,47.5,47.547,47.592,47.653,47.708,47.766,47.812,47.875,47.922,47.97,48.018,48.062,48.112,48.156,48.213,48.258,48.293,48.333,48.4,48.467,48.515,48.59,48.636,48.68,48.715,48.757,48.797,48.87,48.915,48.967,49.03,49.086,49.124,49.163,49.223,49.272,49.33,49.389,49.427,49.465,49.503,49.563,49.629,49.676,49.719,49.793,49.868,49.914,49.999,50.058,50.128,50.202,50.291,50.37,50.452,50.527,50.636,50.744,50.851,50.961,51.078,51.202,51.408,51.552,51.814,52.017,52.356,52.884,54.331
28,@TPP,41.877,43.578,44.247,44.573,44.938,45.105,45.29,45.473,45.612,45.741,45.83,45.942,46.034,46.147,46.224,46.333,46.423,46.498,46.563,46.637,46.718,46.792,46.872,46.938,46.997,47.078,47.141,47.201,47.274,47.319,47.364,47.417,47.476,47.524,47.571,47.618,47.669,47.736,47.784,47.842,47.908,47.98,48.038,48.094,48.158,48.2,48.252,48.298,48.357,48.396,48.442,48.492,48.536,48.582,48.622,48.664,48.713,48.768,48.818,48.871,48.923,48.965,49.017,49.063,49.108,49.142,49.197,49.257,49.302,49.345,49.393,49.446,49.5,49.553,49.603,49.662,49.724,49.785,49.878,49.939,50.009,50.066,50.147,50.202,50.29,50.362,50.452,50.557,50.653,50.728,50.819,50.951,51.056,51.173,51.328,51.526,51.812,52.152,52.461,52.884,53.936
29,@TPP,41.877,43.578,44.247,44.573,44.938,45.105,45.29,45.473,45.612,45.741,45.83,45.942,46.034,46.147,46.224,46.333,46.423,46.498,46.563,46.637,46.718,46.792,46.872,46.938,46.997,47.078,47.141,47.201,47.274,47.319,47.364,47.417,47.476,47.524,47.571,47.618,47.669,47.736,47.784,47.842,47.908,47.98,48.038,48.094,48.158,48.2,48.252,48.298,48.357,48.396,48.442,48.492,48.536,48.582,48.622,48.664,48.713,48.768,48.818,48.871,48.923,48.965,49.017,49.063,49.108,49.142,49.197,49.257,49.302,49.345,49.393,49.446,49.5,49.553,49.603,49.662,49.724,49.785,49.878,49.939,50.009,50.066,50.147,50.202,50.29,50.362,50.452,50.557,50.653,50.728,50.819,50.951,51.056,51.173,51.328,51.526,51.812,52.152,52.461,52.884,53.936
30,@TPP,41.695,43.513,44.246,44.645,44.86,45.087,45.297,45.45,45.555,45.69,45.83,45.932,46.035,46.136,46.254,46.329,46.434,46.492,46.551,46.627,46.708,46.772,46.838,46.889,46.964,47.018,47.076,47.148,47.223,47.283,47.325,47.397,47.459,47.523,47.575,47.613,47.659,47.727,47.781,47.846,47.898,47.948,47.995,48.043,48.104,48.153,48.201,48.26,48.305,48.355,48.403,48.461,48.517,48.57,48.604,48.657,48.704,48.756,48.797,48.844,48.878,48.918,48.951,49.005,49.053,49.101,49.165,49.213,49.293,49.34,49.384,49.437,49.483,49.532,49.594,49.665,49.717,49.771,49.865,49.926,49.985,50.079,50.161,50.237,50.305,50.4,50.483,50.563,50.615,50.695,50.813,50.921,51.065,51.192,51.323,51.562,51.853,52.194,52.52,52.991,54.038
31,@TPP,41.695,43.513,44.246,44.645,44.86,45.087,45.297,45.45,45.555,45.69,45.83,45.932,46.035,46.136,46.254,46.329,46.434,46.492,46.551,46.627,46.708,46.772,46.838,46.889,46.964,47.018,47.076,47.148,47.223,47.283,47.325,47.397,47.459,47.523,47.575,47.613,47.659,47.727,47.781,47.846,47.898,47.948,47.995,48.043,48.104,48.153,48.201,48.26,48.305,48.355,48.403,48.461,48.517,48.57,48.604,48.657,48.704,48.756,48.797,48.844,48.878,48.918,48.951,49.005,49.053,49.101,49.165,49.213,49.293,49.34,49.384,49.437,49.483,49.532,49.594,49.665,49.717,49.771,49.865,49.926,49.985,50.079,50.161,50.237,50.305,50.4,50.483,50.563,50.615,50.695,50.813,50.921,51.065,51.192,51.323,51.562,51.853,52.194,52.52,52.991,54.038
32,@TPP,41.404,43.696,44.22,44.578,44.812,45.05,45.27,45.409,45.581,45.724,45.82,45.92,46.04,46.135,46.205,46.286,46.37,46.465,46.531,46.599,46.661,46.726,46.807,46.887,46.938,46.997,47.064,47.129,47.194,47.253,47.308,47.381,47.436,47.471,47.535,47.574,47.635,47.7,47.762,47.841,47.889,47.936,47.98,48.025,48.093,48.139,48.183,48.226,48.281,48.32,48.364,48.422,48.47,48.512,48.56,48.627,48.67,48.709,48.75,48.808,48.861,48.909,48.97,49.02,49.076,49.126,49.185,49.222,49.272,49.316,49.362,49.417,49.489,49.549,49.605,49.683,49.732,49.808,49.875,49.947,50.012,50.081,50.132,50.202,50.296,50.397,50.492,50.602,50.669,50.786,50.866,50.965,51.108,51.255,51.475,51.623,51.837,52.122,52.549,52.992,54.09
33,@TPP,41.404,43.696,44.22,44.578,44.812,45.05,45.27,45.409,45.581,45.724,45.82,45.92,46.04,46.135,46.205,46.286,46.37,46.465,46.531,46.599,46.661,46.726,46.807,46.887,46.938,46.997,47.064,47.129,47.194,47.253,47.308,47.381,47.436,47.471,47.535,47.574,47.635,47.7,47.762,47.841,47.889,47.936,47.98,48.025,48.093,48.139,48.183,48.226,48.281,48.32,48.364,48.422,48.47,48.512,48.56,48.627,48.67,48.709,48.75,48.808,48.861,48.909,48.97,49.02,49.076,49.126,49.185,49.222,49.272,49.316,49.362,49.417,49.489,49.549,49.605,49.683,49.732,49.808,49.875,49.947,50.012,50.081,50.132,50.202,50.296,50.397,50.492,50.602,50.669,50.786,50.866,50.965,51.108,51.255,51.475,51.623,51.837,52.122,52.549,52.992,54.09
34,@TPP,41.526,43.646,44.228,44.572,44.79,45.045,45.255,45.37,45.585,45.676,45.806,45.903,45.995,46.099,46.213,46.29,46.36,46.448,46.543,46.606,46.663,46.726,46.813,46.87,46.936,46.989,47.053,47.11,47.172,47.224,47.297,47.361,47.432,47.474,47.538,47.593,47.637,47.69,47.726,47.771,47.833,47.89,47.945,47.995,48.054,48.109,48.151,48.206,48.242,48.306,48.365,48.404,48.459,48.504,48.544,48.6,48.666,48.715,48.761,48.808,48.849,48.897,48.949,49.006,49.07,49.102,49.158,49.211,49.257,49.308,49.362,49.423,49.488,49.56,49.617,49.682,49.742,49.791,49.877,49.932,49.985,50.053,50.131,50.214,50.292,50.389,50.48,50.583,50.675,50.762,50.866,50.968,51.119,51.265,51.436,51.676,51.865,52.104,52.536,52.963,54.174
35,@TPP,41.526,43.646,44.228,44.572,44.79,45.045,45.255,45.37,45.585,45.676,45.806,45.903,45.995,46.099,46.213,46.29,46.36,46.448,46.543,46.606,46.663,46.726,46.813,46.87,46.936,46.989,47.053,47.11,47.172,47.224,47.297,47.361,47.432,47.474,47.538,47.593,47.637,47.69,47.726,47.771,47.833,47.89,47.945,47.995,48.054,48.109,48.151,48.206,48.242,48.306,48.365,48.404,48.459,48.504,48.544,48.6,48.666,48.715,48.761,48.808,48.849,48.897,48.949,49.006,49.07,49.102,49.158,49.211,49.257,49.308,49.362,49.423,49.488,49.56,49.617,49.682,49.742,49.791,49.877,49.932,49.985,50.053,50.131,50.214,50.292,50.389,50.48,50.583,50.675,50.762,50.866,50.968,51.119,51.265,51.436,51.676,51.865,52.104,52.536,52.963,54.174
36,@TPP,41.279,43.559,44.193,44.522,44.804,45.015,45.219,45.343,45.494,45.634,45.746,45.848,45.946,46.061,46.131,46.227,46.301,46.397,46.482,46.582,46.637,46.698,46.761,46.816,46.891,46.925,46.999,47.076,47.119,47.2,47.255,47.33,47.397,47.462,47.504,47.547,47.603,47.647,47.699,47.764,47.823,47.892,47.955,47.991,48.038,48.096,48.151,48.205,48.251,48.311,48.351,48.413,48.474,48.529,48.591,48.632,48.675,48.716,48.767,48.818,48.866,48.924,48.972,49.017,49.052,49.105,49.174,49.222,49.27,49.341,49.401,49.466,49.514,49.573,49.617,49.672,49.729,49.798,49.891,49.952,50.027,50.079,50.156,50.233,50.303,50.368,50.447,50.535,50.619,50.72,50.823,50.977,51.142,51.298,51.411,51.61,51.796,52.156,52.536,52.994,54.466
37,@TPP,41.279,43.559,44.193,44.522,44.804,45.015,45.219,45.343,45.494,45.634,45.746,45.848,45.946,46.061,46.131,46.227,46.301,46.397,46.482,46.582,46.637,46.698,46.761,46.816,46.891,46.925,46.999,47.076,47.119,47.2,47.255,47.33,47.397,47.462,47.504,47.547,47.603,47.647,47.699,47.764,47.823,47.892,47.955,47.991,48.038,48.096,48.151,48.205,48.251,48.311,48.351,48.413,48.474,48.529,48.591,48.632,48.675,48.716,48.767,48.818,48.866,48.924,48.972,49.017,49.052,49.105,49.174,49.222,49.27,49.341,49.401,49.466,49.514,49.573,49.617,49.672,49.729,49.798,49.891,49.952,50.027,50.079,50.156,50.233,50.303,50.368,50.447,50.535,50.619,50.72,50.823,50.977,51.142,51.298,51.411,51.61,51.796,52.156,52.536,52.994,54.466
38,@TPP,41.526,43.447,44.075,44.497,44.758,44.916,45.071,45.227,45.415,45.559,45.714,45.85,45.958,46.051,46.127,46.204,46.29,46.396,46.509,46.57,46.627,46.692,46.75,46.83,46.884,46.923,46.992,47.041,47.111,47.169,47.23,47.291,47.366,47.408,47.456,47.506,47.567,47.624,47.7,47.757,47.817,47.867,47.92,47.978,48.03,48.092,48.157,48.201,48.253,48.312,48.356,48.42,48.455,48.523,48.563,48.609,48.657,48.705,48.744,48.806,48.857,48.91,48.959,49.025,49.078,49.124,49.192,49.235,49.311,49.36,49.395,49.459,49.504,49.545,49.601,49.674,49.757,49.815,49.873,49.93,50.002,50.085,50.171,50.275,50.363,50.444,50.543,50.63,50.72,50.831,50.911,50.992,51.15,51.269,51.438,51.686,51.824,52.114,52.442,53.119,54.45
39,@TPP,41.526,43.447,44.075,44.497,44.758,44.916,45.071,45.227,45.415,45.559,45.714,45.85,45.958,46.051,46.127,46.204,46.29,46.396,46.509,46.57,46.627,46.692,46.75,46.83,46.884,46.923,46.992,47.041,47.111,47.169,47.23,47.291,47.366,47.408,47.456,47.506,47.567,47.624,47.7,47.757,47.817,47.867,47.92,47.978,48.03,48.092,48.157,48.201,48.253,48.312,48.356,48.42,48.455,48.523,48.563,48.609,48.657,48.705,48.744,48.806,48.857,48.91,48.959,49.025,49.078,49.124,49.192,49.235,49.311,49.36,49.395,49.459,49.504,49.545,49.601,49.674,49.757,49.815,49.873,49.93,50.002,50.085,50.171,50.275,50.363,50.444,50.543,50.63,50.72,50.831,50.911,50.992,51.15,51.269,51.438,51.686,51.824,52.114,52.442,53.119,54.45
40,@TPP,41.568,43.432,44.129,44.487,44.729,44.909,45.047,45.184,45.363,45.528,45.722,45.874,45.964,46.047,46.133,46.237,46.322,46.386,46.466,46.529,46.605,46.688,46.752,46.831,46.88,46.939,46.996,47.061,47.118,47.194,47.248,47.295,47.361,47.406,47.44,47.486,47.547,47.621,47.685,47.742,47.801,47.865,47.931,48.011,48.066,48.137,48.188,48.233,48.277,48.316,48.378,48.429,48.497,48.551,48.605,48.649,48.692,48.733,48.777,48.826,48.875,48.916,48.964,49.0,49.044,49.095,49.147,49.201,49.264,49.322,49.398,49.465,49.528,49.578,49.633,49.704,49.759,49.818,49.889,49.966,50.037,50.122,50.189,50.27,50.349,50.442,50.51,50.603,50.723,50.833,50.911,51.016,51.139,51.26,51.417,51.64,51.875,52.094,52.502,53.079,54.598
41,@TPP,41.568,43.432,44.129,44.487,44.729,44.909,45.047,45.184,45.363,45.528,45.722,45.874,45.964,46.047,46.133,46.237,46.322,46.386,46.466,46.529,46.605,46.688,46.752,46.831,46.88,46.939,46.996,47.061,47.118,47.194,47.248,47.295,47.361,47.406,47.44,47.486,47.547,47.621,47.685,47.742,47.801,47.865,47.931,48.011,48.066,48.137,48.188,48.233,48.277,48.316,48.378,48.429,48.497,48.551,48.605,48.649,48.692,48.733,48.777,48.826,48.875,48.916,48.964,49.0,49.044,49.095,49.147,49.201,49.264,49.322,49.398,49.465,49.528,49.578,49.633,49.704,49.759,49.818,49.889,49.966,50.037,50.122,50.189,50.27,50.349,50.442,50.51,50.603,50.723,50.833,50.911,51.016,51.139,51.26,51.417,51.64,51.875,52.094,52.502,53.079,54.598
42,@TPP,41.539,43.512,44.031,44.407,44.642,44.821,45.018,45.192,45.395,45.58,45.722,45.835,45.907,46.01,46.124,46.242,46.324,46.408,46.47,46.562,46.635,46.691,46.766,46.824,46.878,46.934,46.989,47.061,47.111,47.173,47.233,47.298,47.366,47.41,47.475,47.521,47.595,47.658,47.716,47.766,47.825,47.885,47.966,48.037,48.094,48.147,48.195,48.244,48.285,48.329,48.367,48.416,48.454,48.5,48.547,48.599,48.657,48.704,48.748,48.809,48.858,48.886,48.937,48.997,49.045,49.092,49.153,49.198,49.247,49.294,49.368,49.438,49.51,49.555,49.638,49.686,49.762,49.83,49.896,49.993,50.077,50.141,50.212,50.295,50.381,50.466,50.523,50.61,50.713,50.843,50.919,51.055,51.22,51.323,51.496,51.7,51.969,52.219,52.589,53.102,54.41
43,@TPP,41.539,43.512,44.031,44.407,44.642,44.821,45.018,45.192,45.395,45.58,45.722,45.835,45.907,46.01,46.124,46.242,46.324,46.408,46.47,46.562,46.635,46.691,46.766,46.824,46.878,46.934,46.989,47.061,47.111,47.173,47.233,47.298,47.366,47.41,47.475,47.521,47.595,47.658,47.716,47.766,47.825,47.885,47.966,48.037,48.094,48.147,48.195,48.244,48.285,48.329,48.367,48.416,48.454,48.5,48.547,48.599,48.657,48.704,48.748,48.809,48.858,48.886,48.937,48.997,49.045,49.092,49.153,49.198,49.247,49.294,49.368,49.438,49.51,49.555,49.638,49.686,49.762,49.83,49.896,49.993,50.077,50.141,50.212,50.295,50.381,50.466,50.523,50.61,50.713,50.843,50.919,51.055,51.22,51.323,51.496,51.7,51.969,52.219,52.589,53.102,54.41
44,@TPP,41.614,43.628,44.021,44.313,44.609,44.871,45.056,45.211,45.377,45.516,45.712,45.84,45.939,46.05,46.157,46.242,46.295,46.378,46.44,46.513,46.6,46.679,46.73,46.794,46.878,46.938,47.013,47.066,47.114,47.169,47.219,47.268,47.319,47.38,47.445,47.497,47.554,47.62,47.69,47.752,47.826,47.895,47.932,47.984,48.05,48.107,48.165,48.22,48.276,48.316,48.373,48.422,48.469,48.513,48.554,48.598,48.638,48.692,48.753,48.799,48.846,48.895,48.931,48.985,49.034,49.105,49.159,49.227,49.272,49.316,49.376,49.421,49.477,49.559,49.628,49.677,49.734,49.811,49.882,49.94,50.021,50.124,50.213,50.311,50.381,50.449,50.556,50.625,50.72,50.845,50.957,51.063,51.166,51.327,51.524,51.764,51.978,52.2,52.513,53.092,54.597
45,@TPP,41.614,43.628,44.021,44.313,44.609,44.871,45.056,45.211,45.377,45.516,45.712,45.84,45.939,46.05,46.157,46.242,46.295,46.378,46.44,46.513,46.6,46.679,46.73,46.794,46.878,46.938,47.013,47.066,47.114,47.169,47.219,47.268,47.319,47.38,47.445,47.497,47.554,47.62,47.69,47.752,47.826,47.895,47.932,47.984,48.05,48.107,48.165,48.22,48.276,48.316,48.373,48.422,48.469,48.513,48.554,48.598,48.638,48.692,48.753,48.799,48.846,48.895,48.931,48.985,49.034,49.105,49.159,49.227,49.272,49.316,49.376,49.421,49.477,49.559,49.628,49.677,49.734,49.811,49.882,49.94,50.021,50.124,50.213,50.311,50.381,50.449,50.556,50.625,50.72,50.845,50.957,51.063,51.166,51.327,51.524,51.764,51.978,52.2,52.513,53.092,54.597
46,@TPP,41.248,43.588,43.997,44.331,44.622,44.872,45.098,45.301,45.463,45.582,45.729,45.848,45.964,46.019,46.109,46.202,46.293,46.384,46.471,46.565,46.643,46.707,46.769,46.829,46.89,46.956,47.017,47.076,47.131,47.176,47.238,47.282,47.326,47.376,47.438,47.496,47.548,47.602,47.669,47.747,47.801,47.877,47.938,48.005,48.057,48.106,48.165,48.215,48.263,48.318,48.366,48.409,48.467,48.52,48.568,48.609,48.646,48.687,48.742,48.799,48.843,48.878,48.934,48.99,49.063,49.119,49.162,49.209,49.275,49.334,49.384,49.452,49.515,49.568,49.636,49.71,49.767,49.818,49.9,49.991,50.053,50.134,50.191,50.267,50.358,50.44,50.545,50.642,50.727,50.837,50.975,51.109,51.234,51.4,51.591,51.765,51.971,52.245,52.628,53.141,54.789
47,@TPP,41.248,43.588,43.997,44.331,44.622,44.872,45.098,45.301,45.463,45.582,45.729,45.848,45.964,46.019,46.109,46.202,46.293,46.384,46.471,46.565,46.643,46.707,46.769,46.829,46.89,46.956,47.017,47.076,47.131,47.176,47.238,47.282,47.326,47.376,47.438,47.496,47.548,47.602,47.669,47.747,47.801,47.877,47.938,48.005,48.057,48.106,48.165,48.215,48.263,48.318,48.366,48.409,48.467,48.52,48.568,48.609,48.646,48.687,48.742,48.799,48.843,48.878,48.934,48.99,49.063,49.119,49.162,49.209,49.275,49.334,49.384,49.452,49.515,49.568,49.636,49.71,49.767,49.818,49.9,49.991,50.053,50.134,50.191,50.267,50.358,50.44,50.545,50.642,50.727,50.837,50.975,51.109,51.234,51.4,51.591,51.765,51.971,52.245,52.628,53.141,54.789
48,@TPP,41.433,43.485,44.063,44.37,44.609,44.861,45.116,45.304,45.442,45.569,45.707,45.799,45.876,45.978,46.113,46.195,46.278,46.357,46.442,46.512,46.584,46.66,46.745,46.8,46.847,46.917,46.981,47.061,47.13,47.187,47.246,47.314,47.364,47.426,47.482,47.547,47.612,47.649,47.7,47.749,47.804,47.859,47.915,47.979,48.043,48.113,48.171,48.221,48.27,48.309,48.369,48.419,48.456,48.507,48.555,48.601,48.659,48.708,48.765,48.825,48.883,48.924,48.952,48.99,49.028,49.07,49.129,49.192,49.24,49.3,49.364,49.427,49.502,49.565,49.609,49.661,49.736,49.804,49.898,49.981,50.043,50.134,50.211,50.278,50.35,50.424,50.517,50.593,50.719,50.817,50.943,51.116,51.297,51.435,51.592,51.703,51.991,52.22,52.597,53.159,54.639
49,@TPP,41.433,43.485,44.063,44.37,44.609,44.861,45.116,45.304,45.442,45.569,45.707,45.799,45.876,45.978,46.113,46.195,46.278,46.357,46.442,46.512,46.584,46.66,46.745,46.8,46.847,46.917,46.981,47.061,47.13,47.187,47.246,47.314,47.364,47.426,47.482,47.547,47.612,47.649,47.7,47.749,47.804,47.859,47.915,47.979,48.043,48.113,48.171,48.221,48.27,48.309,48.369,48.419,48.456,48.507,48.555,48.601,48.659,48.708,48.765,48.825,48.883,48.924,48.952,48.99,49.028,49.07,49.129,49.192,49.24,49.3,49.364,49.427,49.502,49.565,49.609,49.661,49.736,49.804,49.898,49.981,50.043,50.134,50.211,50.278,50.35,50.424,50.517,50.593,50.719,50.817,50.943,51.116,51.297,51.435,51.592,51.703,51.991,52.22,52.597,53.159,54.639
50,@TPP,41.448,43.43,43.951,44.28,44.657,44.919,45.04,45.224,45.412,45.537,45.645,45.762,45.879,45.984,46.069,46.152,46.253,46.341,46.412,46.502,46.568,46.635,46.734,46.794,46.869,46.936,46.985,47.047,47.116,47.17,47.236,47.286,47.351,47.41,47.468,47.529,47.594,47.652,47.703,47.749,47.804,47.871,47.925,47.991,48.046,48.092,48.14,48.201,48.248,48.291,48.353,48.409,48.476,48.514,48.562,48.613,48.663,48.713,48.753,48.802,48.843,48.884,48.939,48.985,49.036,49.092,49.16,49.209,49.26,49.298,49.355,49.423,49.489,49.561,49.625,49.692,49.779,49.839,49.895,49.943,50.017,50.099,50.174,50.285,50.352,50.431,50.583,50.689,50.756,50.873,51.008,51.117,51.267,51.366,51.585,51.781,51.985,52.196,52.622,53.185,54.866
51,@TPP,41.448,43.43,43.951,44.28,44.657,44.919,45.04,45.224,45.412,45.537,45.645,45.762,45.879,45.984,46.069,46.152,46.253,46.341,46.412,46.502,46.568,46.635,46.734,46.794,46.869,46.936,46.985,47.047,47.116,47.17,47.236,47.286,47.351,47.41,47.468,47.529,47.594,47.652,47.703,47.749,47.804,47.871,47.925,47.991,48.046,48.092,48.14,48.201,48.248,48.291,48.353,48.409,48.476,48.514,48.562,48.613,48.663,48.713,48.753,48.802,48.843,48.884,48.939,48.985,49.036,49.092,49.16,49.209,49.26,49.298,49.355,49.423,49.489,49.561,49.625,49.692,49.779,49.839,49.895,49.943,50.017,50.099,50.174,50.285,50.352,50.431,50.583,50.689,50.756,50.873,51.008,51.117,51.267,51.366,51.585,51.781,51.985,52.196,52.622,53.185,54.866
52,@TPP,41.654,43.454,43.889,44.313,44.663,44.879,45.059,45.222,45.369,45.474,45.598,45.686,45.825,45.9,46.009,46.118,46.253,46.329,46.395,46.474,46.546,46.627,46.68,46.77,46.84,46.901,46.964,47.035,47.095,47.168,47.237,47.302,47.362,47.429,47.494,47.541,47.591,47.643,47.702,47.77,47.82,47.865,47.932,47.988,48.036,48.098,48.151,48.213,48.274,48.309,48.383,48.421,48.462,48.511,48.557,48.614,48.657,48.708,48.756,48.792,48.838,48.886,48.941,48.98,49.027,49.094,49.137,49.184,49.229,49.301,49.364,49.415,49.498,49.569,49.638,49.689,49.751,49.821,49.903,49.967,50.052,50.115,50.196,50.266,50.35,50.429,50.537,50.652,50.746,50.88,50.99,51.105,51.286,51.403,51.548,51.785,52.046,52.275,52.649,53.189,54.968
53,@TPP,41.654,43.454,43.889,44.313,44.663,44.879,45.059,45.222,45.369,45.474,45.598,45.686,45.825,45.9,46.009,46.118,46.253,46.329,46.395,46.474,46.546,46.627,46.68,46.77,46.84,46.901,46.964,47.035,47.095,47.168,47.237,47.302,47.362,47.429,47.494,47.541,47.591,47.643,47.702,47.77,47.82,47.865,47.932,47.988,48.036,48.098,48.151,48.213,48.274,48.309,48.383,48.421,48.462,48.511,48.557,48.614,48.657,48.708,48.756,48.792,48.838,48.886,48.941,48.98,49.027,49.094,49.137,49.184,49.229,49.301,49.364,49.415,49.498,49.569,49.638,49.689,49.751,49.821,49.903,49.967,50.052,50.115,50.196,50.266,50.35,50.429,50.537,50.652,50.746,50.88,50.99,51.105,51.286,51.403,51.548,51.785,52.046,52.275,52.649,53.189,54.968
54,@TPP,41.72,43.486,43.94,44.328,44.642,44.893,45.065,45.212,45.356,45.471,45.572,45.69,45.791,45.917,46.051,46.131,46.241,46.302,46.412,46.495,46.576,46.656,46.744,46.826,46.883,46.951,47.02,47.068,47.112,47.183,47.24,47.292,47.347,47.397,47.445,47.504,47.569,47.63,47.711,47.783,47.831,47.882,47.935,47.998,48.038,48.086,48.135,48.197,48.236,48.3,48.352,48.396,48.446,48.489,48.53,48.59,48.644,48.702,48.745,48.799,48.846,48.902,48.933,48.987,49.042,49.098,49.159,49.208,49.249,49.327,49.384,49.418,49.478,49.529,49.593,49.67,49.75,49.853,49.915,49.985,50.046,50.124,50.206,50.304,50.395,50.489,50.577,50.65,50.753,50.903,51.016,51.156,51.272,51.401,51.604,51.795,51.992,52.259,52.624,53.276,55.142
55,@TPP,41.72,43.486,43.94,44.328,44.642,44.893,45.065,45.212,45.356,45.471,45.572,45.69,45.791,45.917,46.051,46.131,46.241,46.302,46.412,46.495,46.576,46.656,46.744,46.826,46.883,46.951,47.02,47.068,47.112,47.183,47.24,47.292,47.347,47.397,47.445,47.504,47.569,47.63,47.711,47.783,47.831,47.882,47.935,47.998,48.038,48.086,48.135,48.197,48.236,48.3,48.352,48.396,48.446,48.489,48.53,48.59,48.644,48.702,48.745,48.799,48.846,48.902,48.933,48.987,49.042,49.098,49.159,49.208,49.249,49.327,49.384,49.418,49.478,49.529,49.593,49.67,49.75,49.853,49.915,49.985,50.046,50.124,50.206,50.304,50.395,50.489,50.577,50.65,50.753,50.903,51.016,51.156,51.272,51.401,51.604,51.795,51.992,52.259,52.624,53.276,55.142
56,@TPP,41.224,43.237,43.887,44.332,44.646,44.859,45.016,45.21,45.33,45.448,45.592,45.7,45.79,45.906,45.996,46.109,46.214,46.302,46.412,46.503,46.581,46.644,46.705,46.794,46.855,46.915,46.974,47.052,47.113,47.183,47.231,47.291,47.351,47.41,47.465,47.525,47.589,47.643,47.698,47.769,47.841,47.901,47.944,47.996,48.043,48.094,48.149,48.197,48.256,48.301,48.352,48.39,48.437,48.493,48.536,48.586,48.644,48.696,48.748,48.798,48.84,48.888,48.944,48.989,49.027,49.107,49.167,49.216,49.279,49.327,49.39,49.445,49.504,49.561,49.631,49.681,49.745,49.828,49.927,49.998,50.068,50.138,50.209,50.291,50.369,50.476,50.579,50.685,50.82,50.914,51.015,51.159,51.304,51.436,51.587,51.825,52.035,52.234,52.625,53.254,55.008
57,@TPP,41.224,43.237,43.887,44.332,44.646,44.859,45.016,45.21,45.33,45.448,45.592,45.7,45.79,45.906,45.996,46.109,46.214,46.302,46.412,46.503,46.581,46.644,46.705,46.794,46.855,46.915,46.974,47.052,47.113,47.183,47.231,47.291,47.351,47.41,47.465,47.525,47.589,47.643,47.698,47.769,47.841,47.901,47.944,47.996,48.043,48.094,48.149,48.197,48.256,48.301,48.352,48.39,48.437,48.493,48.536,48.586,48.644,48.696,48.748,48.798,48.84,48.888,48.944,48.989,49.027,49.107,49.167,49.216,49.279,49.327,49.39,49.445,49.504,49.561,49.631,49.681,49.745,49.828,49.927,49.998,50.068,50.138,50.209,50.291,50.369,50.476,50.579,50.685,50.82,50.914,51.015,51.159,51.304,51.436,51.587,51.825,52.035,52.234,52.625,53.254,55.008
58,@TPP,41.377,43.312,43.862,44.239,44.607,44.823,44.991,45.162,45.333,45.448,45.55,45.704,45.823,45.911,46.039,46.121,46.216,46.291,46.392,46.481,46.536,46.615,46.7,46.764,46.857,46.93,47.004,47.101,47.159,47.208,47.26,47.309,47.362,47.404,47.455,47.519,47.577,47.629,47.683,47.729,47.776,47.844,47.897,47.946,48.005,48.056,48.101,48.149,48.191,48.235,48.296,48.354,48.42,48.469,48.519,48.574,48.624,48.686,48.737,48.796,48.84,48.886,48.928,48.974,49.025,49.088,49.155,49.215,49.265,49.333,49.413,49.47,49.543,49.609,49.673,49.719,49.78,49.876,49.956,50.021,50.093,50.159,50.215,50.289,50.368,50.46,50.573,50.677,50.786,50.876,51.001,51.108,51.246,51.39,51.6,51.754,51.998,52.221,52.658,53.269,54.925
59,@TPP,41.377,43.312,43.862,44.239,44.607,44.823,44.991,45.162,45.333,45.448,45.55,45.704,45.823,45.911,46.039,46.121,46.216,46.291,46.392,46.481,46.536,46.615,46.7,46.764,46.857,46.93,47.004,47.101,47.159,47.208,47.26,47.309,47.362,47.404,47.455,47.519,47.577,47.629,47.683,47.729,47.776,47.844,47.897,47.946,48.005,48.056,48.101,48.149,48.191,48.235,48.296,48.354,48.42,48.469,48.519,48.574,48.624,48.686,48.737,48.796,48.84,48.886,48.928,48.974,49.025,49.088,49.155,49.215,49.265,49.333,49.413,49.47,49.543,49.609,49.673,49.719,49.78,49.876,49.956,50.021,50.093,50.159,50.215,50.289,50.368,50.46,50.573,50.677,50.786,50.876,51.001,51.108,51.246,51.39,51.6,51.754,51.998,52.221,52.658,53.269,54.925
60,@TPP,41.351,43.362,43.904,44.288,44.558,44.748,44.959,45.111,45.288,45.453,45.545,45.663,45.765,45.869,46.001,46.104,46.175,46.247,46.36,46.434,46.525,46.592,46.689,46.768,46.839,46.913,46.996,47.063,47.108,47.194,47.249,47.295,47.361,47.413,47.459,47.516,47.576,47.622,47.691,47.742,47.801,47.858,47.922,47.97,48.014,48.063,48.11,48.176,48.22,48.278,48.315,48.358,48.397,48.441,48.49,48.549,48.608,48.658,48.709,48.768,48.816,48.876,48.939,48.989,49.038,49.086,49.152,49.206,49.262,49.327,49.39,49.447,49.522,49.59,49.646,49.726,49.803,49.887,49.943,50.007,50.077,50.175,50.261,50.348,50.425,50.519,50.615,50.692,50.79,50.872,50.975,51.122,51.249,51.387,51.563,51.806,51.974,52.243,52.555,53.296,54.822
61,@TPP,41.351,43.362,43.904,44.288,44.558,44.748,44.959,45.111,45.288,45.453,45.545,45.663,45.765,45.869,46.001,46.104,46.175,46.247,46.36,46.434,46.525,46.592,46.689,46.768,46.839,46.913,46.996,47.063,47.108,47.194,47.249,47.295,47.361,47.413,47.459,47.516,47.576,47.622,47.691,47.742,47.801,47.858,47.922,47.97,48.014,48.063,48.11,48.176,48.22,48.278,48.315,48.358,48.397,48.441,48.49,48.549,48.608,48.658,48.709,48.768,48.816,48.876,48.939,48.989,49.038,49.086,49.152,49.206,49.262,49.327,49.39,49.447,49.522,49.59,49.646,49.726,49.803,49.887,49.943,50.007,50.077,50.175,50.261,50.348,50.425,50.519,50.615,50.692,50.79,50.872,50.975,51.122,51.249,51.387,51.563,51.806,51.974,52.243,52.555,53.296,54.822
62,@TPP,41.147,43.416,43.902,44.256,44.54,44.766,44.979,45.142,45.274,45.395,45.517,45.637,45.786,45.883,45.992,46.103,46.175,46.267,46.365,46.442,46.525,46.589,46.665,46.746,46.836,46.894,46.98,47.056,47.128,47.192,47.257,47.316,47.387,47.436,47.495,47.548,47.593,47.64,47.682,47.729,47.789,47.83,47.898,47.952,48.018,48.071,48.115,48.169,48.205,48.261,48.309,48.352,48.402,48.448,48.508,48.563,48.604,48.651,48.697,48.745,48.795,48.867,48.917,48.976,49.02,49.073,49.144,49.205,49.256,49.312,49.357,49.425,49.493,49.574,49.669,49.755,49.83,49.901,49.967,50.045,50.121,50.187,50.258,50.339,50.429,50.503,50.602,50.706,50.806,50.902,51.017,51.145,51.242,51.383,51.568,51.787,51.944,52.228,52.615,53.185,54.605
63,@TPP,41.147,43.416,43.902,44.256,44.54,44.766,44.979,45.142,45.274,45.395,45.517,45.637,45.786,45.883,45.992,46.103,46.175,46.267,46.365,46.442,46.525,46.589,46.665,46.746,46.836,46.894,46.98,47.056,47.128,47.192,47.257,47.316,47.387,47.436,47.495,47.548,47.593,47.64,47.682,47.729,47.789,47.83,47.898,47.952,48.018,48.071,48.115,48.169,48.205,48.261,48.309,48.352,48.402,48.448,48.508,48.563,48.604,48.651,48.697,48.745,48.795,48.867,48.917,48.976,49.02,49.073,49.144,49.205,49.256,49.312,49.357,49.425,49.493,49.574,49.669,49.755,49.83,49.901,49.967,50.045,50.121,50.187,50.258,50.339,50.429,50.503,50.602,50.706,50.806,50.902,51.017,51.145,51.242,51.383,51.568,51.787,51.944,52.228,52.615,53.185,54.605
64,@TPP,41.263,43.502,43.952,44.261,44.529,44.807,44.967,45.106,45.252,45.382,45.565,45.672,45.774,45.86,45.97,46.089,46.179,46.294,46.368,46.464,46.526,46.59,46.67,46.755,46.835,46.902,46.976,47.049,47.127,47.189,47.254,47.344,47.392,47.464,47.513,47.577,47.63,47.686,47.731,47.779,47.833,47.879,47.93,47.964,48.018,48.075,48.105,48.165,48.216,48.274,48.309,48.356,48.406,48.459,48.514,48.555,48.609,48.657,48.71,48.76,48.821,48.874,48.916,48.96,49.012,49.069,49.12,49.185,49.267,49.32,49.382,49.448,49.503,49.552,49.639,49.712,49.795,49.869,49.943,50.019,50.113,50.193,50.276,50.348,50.413,50.503,50.604,50.707,50.774,50.888,51.037,51.134,51.29,51.444,51.623,51.754,51.954,52.2,52.641,53.219,54.872
65,@TPP,41.263,43.502,43.952,44.261,44.529,44.807,44.967,45.106,45.252,45.382,45.565,45.672,45.774,45.86,45.97,46.089,46.179,46.294,46.368,46.464,46.526,46.59,46.67,46.755,46.835,46.902,46.976,47.049,47.127,47.189,47.254,47.344,47.392,47.464,47.513,47.577,47.63,47.686,47.731,47.779,47.833,47.879,47.93,47.964,48.018,48.075,48.105,48.165,48.216,48.274,48.309,48.356,48.406,48.459,48.514,48.555,48.609,48.657,48.71,48.76,48.821,48.874,48.916,48.96,49.012,49.069,49.12,49.185,49.267,49.32,49.382,49.448,49.503,49.552,49.639,49.712,49.795,49.869,49.943,50.019,50.113,50.193,50.276,50.348,50.413,50.503,50.604,50.707,50.774,50.888,51.037,51.134,51.29,51.444,51.623,51.754,51.954,52.2,52.641,53.219,54.872
66,@TPP,41.304,43.401,43.92,44.254,44.562,44.769,44.952,45.127,45.249,45.391,45.526,45.66,45.778,45.864,46.012,46.102,46.191,46.261,46.366,46.461,46.535,46.59,46.679,46.759,46.822,46.89,46.963,47.042,47.133,47.183,47.238,47.298,47.352,47.425,47.503,47.543,47.605,47.676,47.729,47.77,47.824,47.867,47.919,47.975,48.022,48.057,48.109,48.15,48.194,48.278,48.336,48.393,48.439,48.485,48.534,48.579,48.63,48.684,48.742,48.792,48.849,48.888,48.927,48.969,49.016,49.079,49.124,49.193,49.258,49.314,49.386,49.438,49.5,49.569,49.622,49.674,49.751,49.841,49.905,49.997,50.097,50.189,50.266,50.326,50.41,50.496,50.607,50.706,50.794,50.908,51.02,51.115,51.264,51.418,51.61,51.812,51.97,52.284,52.671,53.164,54.61
67,@TPP,41.304,43.401,43.92,44.254,44.562,44.769,44.952,45.127,45.249,45.391,45.526,45.66,45.778,45.864,46.012,46.102,46.191,46.261,46.366,46.461,46.535,46.59,46.679,46.759,46.822,46.89,46.963,47.042,47.133,47.183,47.238,47.298,47.352,47.425,47.503,47.543,47.605,47.676,47.729,47.77,47.824,47.867,47.919,47.975,48.022,48.057,48.109,48.15,48.194,48.278,48.336,48.393,48.439,48.485,48.534,48.579,48.63,48.684,48.742,48.792,48.849,48.888,48.927,48.969,49.016,49.079,49.124,49.193,49.258,49.314,49.386,49.438,49.5,49.569,49.622,49.674,49.751,49.841,49.905,49.997,50.097,50.189,50.266,50.326,50.41,50.496,50.607,50.706,50.794,50.908,51.02,51.115,51.264,51.418,51.61,51.812,51.97,52.284,52.671,53.164,54.61
68,@TPP,40.811,43.316,43.865,44.278,44.506,44.793,44.969,45.109,45.264,45.416,45.51,45.66,45.766,45.868,45.995,46.122,46.225,46.323,46.392,46.474,46.55,46.628,46.692,46.76,46.822,46.884,46.952,47.032,47.093,47.177,47.236,47.291,47.361,47.432,47.503,47.562,47.617,47.666,47.723,47.761,47.805,47.864,47.908,47.955,48.013,48.063,48.116,48.168,48.224,48.255,48.314,48.369,48.421,48.476,48.517,48.573,48.615,48.687,48.742,48.783,48.829,48.876,48.927,49.001,49.063,49.108,49.161,49.215,49.273,49.334,49.369,49.422,49.497,49.577,49.646,49.735,49.79,49.838,49.918,49.992,50.076,50.159,50.225,50.301,50.422,50.516,50.618,50.705,50.84,50.938,51.034,51.134,51.318,51.472,51.599,51.793,51.998,52.296,52.796,53.265,54.537
69,@TPP,40.811,43.316,43.865,44.278,44.506,44.793,44.969,45.109,45.264,45.416,45.51,45.66,45.766,45.868,45.995,46.122,46.225,46.323,46.392,46.474,46.55,46.628,46.692,46.76,46.822,46.884,46.952,47.032,47.093,47.177,47.236,47.291,47.361,47.432,47.503,47.562,47.617,47.666,47.723,47.761,47.805,47.864,47.908,47.955,48.013,48.063,48.116,48.168,48.224,48.255,48.314,48.369,48.421,48.476,48.517,48.573,48.615,48.687,48.742,48.783,48.829,48.876,48.927,49.001,49.063,49.108,49.161,49.215,49.273,49.334,49.369,49.422,49.497,49.577,49.646,49.735,49.79,49.838,49.918,49.992,50.076,50.159,50.225,50.301,50.422,50.516,50.618,50.705,50.84,50.938,51.034,51.134,51.318,51.472,51.599,51.793,51.998,52.296,52.796,53.265,54.537
70,@TPP,40.861,43.221,43.895,44.308,44.607,44.792,44.969,45.136,45.25,45.394,45.55,45.659,45.773,45.899,46.003,46.11,46.199,46.269,46.365,46.457,46.516,46.603,46.675,46.763,46.838,46.918,46.97,47.048,47.097,47.168,47.24,47.312,47.362,47.409,47.462,47.515,47.569,47.617,47.674,47.725,47.791,47.852,47.893,47.953,47.995,48.034,48.094,48.153,48.204,48.254,48.296,48.352,48.398,48.444,48.495,48.537,48.574,48.631,48.685,48.741,48.787,48.845,48.899,48.976,49.04,49.092,49.164,49.217,49.268,49.33,49.387,49.434,49.509,49.573,49.634,49.706,49.79,49.871,49.95,50.029,50.128,50.215,50.275,50.346,50.454,50.533,50.635,50.751,50.856,51.02,51.097,51.216,51.315,51.446,51.629,51.841,52.071,52.37,52.68,53.202,54.809
71,@TPP,40.861,43.221,43.895,44.308,44.607,44.792,44.969,45.136,45.25,45.394,45.55,45.659,45.773,45.899,46.003,46.11,46.199,46.269,46.365,46.457,46.516,46.603,46.675,46.763,46.838,46.918,46.97,47.048,47.097,47.168,47.24,47.312,47.362,47.409,47.462,47.515,47.569,47.617,47.674,47.725,47.791,47.852,47.893,47.953,47.995,48.034,48.094,48.153,48.204,48.254,48.296,48.352,48.398,48.444,48.495,48.537,48.574,48.631,48.685,48.741,48.787,48.845,48.899,48.976,49.04,49.092,49.164,49.217,49.268,49.33,49.387,49.434,49.509,49.573,49.634,49.706,49.79,49.871,49.95,50.029,50.128,50.215,50.275,50.346,50.454,50.533,50.635,50.751,50.856,51.02,51.097,51.216,51.315,51.446,51.629,51.841,52.071,52.37,52.68,53.202,54.809
72,@TPP,41.067,43.198,43.841,44.301,44.578,44.768,44.99,45.158,45.318,45.465,45.57,45.693,45.786,45.898,45.983,46.072,46.168,46.271,46.342,46.422,46.534,46.602,46.652,46.743,46.815,46.874,46.943,47.002,47.077,47.154,47.237,47.293,47.337,47.388,47.451,47.493,47.541,47.578,47.64,47.715,47.769,47.814,47.878,47.934,48.0,48.04,48.09,48.138,48.197,48.248,48.294,48.337,48.393,48.437,48.484,48.523,48.584,48.633,48.689,48.736,48.804,48.866,48.915,48.979,49.033,49.093,49.159,49.204,49.255,49.31,49.386,49.47,49.551,49.597,49.644,49.708,49.785,49.857,49.915,49.984,50.079,50.154,50.228,50.336,50.444,50.561,50.652,50.763,50.865,51.015,51.133,51.219,51.353,51.495,51.681,51.829,52.019,52.282,52.582,53.121,54.727
73,@TPP,41.067,43.198,43.841,44.301,44.578,44.768,44.99,45.158,45.318,45.465,45.57,45.693,45.786,45.898,45.983,46.072,46.168,46.271,46.342,46.422,46.534,46.602,46.652,46.743,46.815,46.874,46.943,47.002,47.077,47.154,47.237,47.293,47.337,47.388,47.451,47.493,47.541,47.578,47.64,47.715,47.769,47.814,47.878,47.934,48.0,48.04,48.09,48.138,48.197,48.248,48.294,48.337,48.393,48.437,48.484,48.523,48.584,48.633,48.689,48.736,48.804,48.866,48.915,48.979,49.033,49.093,49.159,49.204,49.255,49.31,49.386,49.47,49.551,49.597,49.644,49.708,49.785,49.857,49.915,49.984,50.079,50.154,50.228,50.336,50.444,50.561,50.652,50.763,50.865,51.015,51.133,51.219,51.353,51.495,51.681,51.829,52.019,52.282,52.582,53.121,54.727
74,@TPP,41.053,43.27,43.805,44.23,44.578,44.815,44.992,45.164,45.316,45.486,45.578,45.689,45.815,45.899,45.991,46.08,46.179,46.249,46.36,46.447,46.516,46.598,46.663,46.754,46.808,46.872,46.931,46.997,47.059,47.109,47.166,47.238,47.293,47.351,47.408,47.465,47.521,47.589,47.646,47.691,47.749,47.808,47.863,47.898,47.97,48.035,48.077,48.129,48.175,48.223,48.28,48.328,48.387,48.438,48.465,48.543,48.576,48.62,48.692,48.744,48.815,48.849,48.911,48.963,49.005,49.08,49.146,49.216,49.27,49.329,49.409,49.472,49.528,49.612,49.683,49.745,49.78,49.847,49.934,50.004,50.077,50.166,50.231,50.347,50.452,50.563,50.658,50.757,50.858,50.99,51.112,51.269,51.415,51.564,51.72,51.857,52.022,52.341,52.648,53.213,54.903
75,@TPP,41.053,43.27,43.805,44.23,44.578,44.815,44.992,45.164,45.316,45.486,45.578,45.689,45.815,45.899,45.991,46.08,46.179,46.249,46.36,46.447,46.516,46.598,46.663,46.754,46.808,46.872,46.931,46.997,47.059,47.109,47.166,47.238,47.293,47.351,47.408,47.465,47.521,47.589,47.646,47.691,47.749,47.808,47.863,47.898,47.97,48.035,48.077,48.129,48.175,48.223,48.28,48.328,48.387,48.438,48.465,48.543,48.576,48.62,48.692,48.744,48.815,48.849,48.911,48.963,49.005,49.08,49.146,49.216,49.27,49.329,49.409,49.472,49.528,49.612,49.683,49.745,49.78,49.847,49.934,50.004,50.077,50.166,50.231,50.347,50.452,50.563,50.658,50.757,50.858,50.99,51.112,51.269,51.415,51.564,51.72,51.857,52.022,52.341,52.648,53.213,54.903
76,@TPP,40.859,43.352,43.809,44.203,44.48,44.831,45.015,45.192,45.314,45.437,45.571,45.677,45.797,45.888,45.965,46.072,46.162,46.301,46.387,46.449,46.524,46.592,46.685,46.753,46.819,46.902,46.961,47.028,47.073,47.147,47.204,47.263,47.32,47.376,47.433,47.483,47.523,47.583,47.632,47.692,47.732,47.788,47.832,47.869,47.943,48.002,48.063,48.133,48.188,48.258,48.315,48.369,48.414,48.462,48.515,48.558,48.614,48.666,48.726,48.772,48.823,48.876,48.913,48.956,49.039,49.089,49.131,49.185,49.257,49.318,49.382,49.438,49.477,49.55,49.624,49.691,49.763,49.861,49.921,50.006,50.089,50.162,50.266,50.384,50.483,50.553,50.653,50.75,50.847,50.981,51.096,51.211,51.364,51.515,51.644,51.796,52.047,52.329,52.622,53.182,54.842
77,@TPP,40.859,43.352,43.809,44.203,44.48,44.831,45.015,45.192,45.314,45.437,45.571,45.677,45.797,45.888,45.965,46.072,46.162,46.301,46.387,46.449,46.524,46.592,46.685,46.753,46.819,46.902,46.961,47.028,47.073,47.147,47.204,47.263,47.32,47.376,47.433,47.483,47.523,47.583,47.632,47.692,47.732,47.788,47.832,47.869,47.943,48.002,48.063,48.133,48.188,48.258,48.315,48.369,48.414,48.462,48.515,48.558,48.614,48.666,48.726,48.772,48.823,48.876,48.913,48.956,49.039,49.089,49.131,49.185,49.257,49.318,49.382,49.438,49.477,49.55,49.624,49.691,49.763,49.861,49.921,50.006,50.089,50.162,50.266,50.384,50.483,50.553,50.653,50.75,50.847,50.981,51.096,51.211,51.364,51.515,51.644,51.796,52.047,52.329,52.622,53.182,54.842
78,@TPP,40.869,43.331,43.768,44.095,44.487,44.772,45.008,45.181,45.322,45.473,45.571,45.708,45.835,45.9,46.023,46.12,46.22,46.313,46.378,46.443,46.546,46.657,46.705,46.781,46.832,46.887,46.979,47.053,47.117,47.162,47.205,47.266,47.326,47.372,47.412,47.473,47.535,47.584,47.636,47.682,47.74,47.797,47.851,47.902,47.965,48.025,48.072,48.109,48.158,48.21,48.26,48.31,48.378,48.445,48.503,48.561,48.61,48.654,48.723,48.779,48.843,48.897,48.95,48.989,49.049,49.094,49.151,49.22,49.279,49.33,49.393,49.458,49.498,49.563,49.617,49.693,49.771,49.854,49.949,50.015,50.11,50.187,50.279,50.376,50.485,50.579,50.663,50.736,50.861,50.974,51.07,51.209,51.362,51.519,51.673,51.824,51.979,52.243,52.643,53.25,54.896
79,@TPP,40.869,43.331,43.768,44.095,44.487,44.772,45.008,45.181,45.322,45.473,45.571,45.708,45.835,45.9,46.023,46.12,46.22,46.313,46.378,46.443,46.546,46.657,46.705,46.781,46.832,46.887,46.979,47.053,47.117,47.162,47.205,47.266,47.326,47.372,47.412,47.473,47.535,47.584,47.636,47.682,47.74,47.797,47.851,47.902,47.965,48.025,48.072,48.109,48.158,48.21,48.26,48.31,48.378,48.445,48.503,48.561,48.61,48.654,48.723,48.779,48.843,48.897,48.95,48.989,49.049,49.094,49.151,49.22,49.279,49.33,49.393,49.458,49.498,49.563,49.617,49.693,49.771,49.854,49.949,50.015,50.11,50.187,50.279,50.376,50.485,50.579,50.663,50.736,50.861,50.974,51.07,51.209,51.362,51.519,51.673,51.824,51.979,52.243,52.643,53.25,54.896
80,@TPP,41.048,43.215,43.772,44.223,44.544,44.743,44.965,45.174,45.309,45.48,45.623,45.701,45.81,45.927,46.044,46.125,46.209,46.294,46.369,46.472,46.548,46.633,46.694,46.765,46.833,46.916,46.979,47.064,47.122,47.177,47.231,47.287,47.337,47.39,47.439,47.499,47.549,47.595,47.645,47.7,47.749,47.785,47.846,47.91,47.959,48.018,48.058,48.096,48.151,48.202,48.268,48.327,48.377,48.428,48.487,48.548,48.609,48.65,48.711,48.757,48.813,48.896,48.967,49.011,49.054,49.102,49.166,49.202,49.274,49.333,49.387,49.456,49.52,49.593,49.639,49.698,49.784,49.861,49.938,50.007,50.073,50.175,50.254,50.338,50.422,50.519,50.589,50.683,50.789,50.9,51.024,51.159,51.324,51.51,51.627,51.781,52.034,52.27,52.557,53.234,54.629
81,@TPP,41.048,43.215,43.772,44.223,44.544,44.743,44.965,45.174,45.309,45.48,45.623,45.701,45.81,45.927,46.044,46.125,46.209,46.294,46.369,46.472,46.548,46.633,46.694,46.765,46.833,46.916,46.979,47.064,47.122,47.177,47.231,47.287,47.337,47.39,47.439,47.499,47.549,47.595,47.645,47.7,47.749,47.785,47.846,47.91,47.959,48.018,48.058,48.096,48.151,48.202,48.268,48.327,48.377,48.428,48.487,48.548,48.609,48.65,48.711,48.757,48.813,48.896,48.967,49.011,49.054,49.102,49.166,49.202,49.274,49.333,49.387,49.456,49.52,49.593,49.639,49.698,49.784,49.861,49.938,50.007,50.073,50.175,50.254,50.338,50.422,50.519,50.589,50.683,50.789,50.9,51.024,51.159,51.324,51.51,51.627,51.781,52.034,52.27,52.557,53.234,54.629
82,@TPP,41.049,43.314,43.725,44.247,44.513,44.707,44.968,45.143,45.332,45.447,45.59,45.711,45.825,45.917,45.982,46.068,46.183,46.276,46.342,46.425,46.517,46.612,46.724,46.8,46.882,46.924,46.982,47.038,47.088,47.143,47.197,47.241,47.313,47.377,47.423,47.493,47.565,47.613,47.659,47.719,47.753,47.808,47.848,47.898,47.947,47.997,48.046,48.09,48.15,48.182,48.258,48.311,48.36,48.42,48.471,48.535,48.588,48.644,48.699,48.755,48.805,48.849,48.924,48.979,49.022,49.072,49.122,49.174,49.245,49.297,49.35,49.414,49.489,49.565,49.635,49.709,49.795,49.86,49.935,50.03,50.119,50.19,50.277,50.378,50.444,50.537,50.629,50.716,50.825,50.925,51.036,51.155,51.295,51.447,51.627,51.807,51.98,52.215,52.563,53.169,54.69
83,@TPP,41.049,43.314,43.725,44.247,44.513,44.707,44.968,45.143,45.332,45.447,45.59,45.711,45.825,45.917,45.982,46.068,46.183,46.276,46.342,46.425,46.517,46.612,46.724,46.8,46.882,46.924,46.982,47.038,47.088,47.143,47.197,47.241,47.313,47.377,47.423,47.493,47.565,47.613,47.659,47.719,47.753,47.808,47.848,47.898,47.947,47.997,48.046,48.09,48.15,48.182,48.258,48.311,48.36,48.42,48.471,48.535,48.588,48.644,48.699,48.755,48.805,48.849,48.924,48.979,49.022,49.072,49.122,49.174,49.245,49.297,49.35,49.414,49.489,49.565,49.635,49.709,49.795,49.86,49.935,50.03,50.119,50.19,50.277,50.378,50.444,50.537,50.629,50.716,50.825,50.925,51.036,51.155,51.295,51.447,51.627,51.807,51.98,52.215,52.563,53.169,54.69
84,@TPP,40.967,43.338,43.859,44.221,44.572,44.793,44.961,45.21,45.328,45.454,45.565,45.674,45.792,45.894,45.978,46.052,46.17,46.266,46.366,46.456,46.526,46.6,46.674,46.753,46.825,46.89,46.952,47.024,47.087,47.145,47.212,47.262,47.314,47.364,47.442,47.515,47.567,47.611,47.647,47.691,47.742,47.803,47.863,47.92,47.972,48.016,48.065,48.106,48.161,48.206,48.253,48.32,48.367,48.41,48.455,48.509,48.572,48.646,48.693,48.745,48.798,48.859,48.915,48.968,49.021,49.08,49.144,49.203,49.25,49.301,49.367,49.428,49.483,49.545,49.612,49.69,49.787,49.844,49.931,49.995,50.076,50.171,50.239,50.329,50.419,50.5,50.596,50.717,50.821,50.916,51.042,51.124,51.267,51.421,51.557,51.782,51.992,52.249,52.54,53.038,54.53
85,@TPP,40.967,43.338,43.859,44.221,44.572,44.793,44.961,45.21,45.328,45.454,45.565,45.674,45.792,45.894,45.978,46.052,46.17,46.266,46.366,46.456,46.526,46.6,46.674,46.753,46.825,46.89,46.952,47.024,47.087,47.145,47.212,47.262,47.314,47.364,47.442,47.515,47.567,47.611,47.647,47.691,47.742,47.803,47.863,47.92,47.972,48.016,48.065,48.106,48.161,48.206,48.253,48.32,48.367,48.41,48.455,48.509,48.572,48.646,48.693,48.745,48.798,48.859,48.915,48.968,49.021,49.08,49.144,49.203,49.25,49.301,49.367,49.428,49.483,49.545,49.612,49.69,49.787,49.844,49.931,49.995,50.076,50.171,50.239,50.329,50.419,50.5,50.596,50.717,50.821,50.916,51.042,51.124,51.267,51.421,51.557,51.782,51.992,52.249,52.54,53.038,54.53
86,@TPP,41.034,43.345,43.856,44.289,44.555,44.744,44.98,45.172,45.346,45.449,45.56,45.692,45.801,45.901,45.977,46.076,46.157,46.287,46.377,46.452,46.544,46.609,46.674,46.744,46.814,46.878,46.954,47.027,47.084,47.14,47.202,47.267,47.32,47.38,47.441,47.511,47.567,47.629,47.665,47.707,47.758,47.816,47.866,47.907,47.966,48.01,48.067,48.119,48.162,48.214,48.26,48.315,48.4,48.463,48.511,48.548,48.591,48.629,48.672,48.738,48.801,48.856,48.908,48.961,49.032,49.079,49.139,49.18,49.234,49.304,49.369,49.422,49.484,49.559,49.613,49.691,49.753,49.832,49.917,50.002,50.092,50.152,50.242,50.307,50.384,50.472,50.574,50.696,50.777,50.86,50.997,51.186,51.32,51.438,51.616,51.807,51.977,52.16,52.524,53.053,54.745
87,@TPP,41.034,43.345,43.856,44.289,44.555,44.744,44.98,45.172,45.346,45.449,45.56,45.692,45.801,45.901,45.977,46.076,46.157,46.287,46.377,46.452,46.544,46.609,46.674,46.744,46.814,46.878,46.954,47.027,47.084,47.14,47.202,47.267,47.32,47.38,47.441,47.511,47.567,47.629,47.665,47.707,47.758,47.816,47.866,47.907,47.966,48.01,48.067,48.119,48.162,48.214,48.26,48.315,48.4,48.463,48.511,48.548,48.591,48.629,48.672,48.738,48.801,48.856,48.908,48.961,49.032,49.079,49.139,49.18,49.234,49.304,49.369,49.422,49.484,49.559,49.613,49.691,49.753,49.832,49.917,50.002,50.092,50.152,50.242,50.307,50.384,50.472,50.574,50.696,50.777,50.86,50.997,51.186,51.32,51.438,51.616,51.807,51.977,52.16,52.524,53.053,54.745
88,@TPP,41.073,43.25,43.877,44.207,44.571,44.832,45.008,45.173,45.319,45.453,45.58,45.685,45.799,45.902,45.986,46.097,46.193,46.298,46.378,46.48,46.547,46.615,46.674,46.745,46.809,46.875,46.943,47.001,47.065,47.135,47.217,47.274,47.343,47.388,47.423,47.469,47.524,47.571,47.64,47.696,47.753,47.825,47.875,47.923,47.969,48.039,48.091,48.148,48.209,48.26,48.303,48.345,48.408,48.459,48.512,48.562,48.626,48.679,48.73,48.781,48.833,48.888,48.942,49.002,49.048,49.101,49.165,49.213,49.273,49.337,49.406,49.484,49.537,49.585,49.664,49.748,49.815,49.886,49.94,50.028,50.088,50.158,50.246,50.315,50.418,50.483,50.587,50.674,50.803,50.92,51.037,51.15,51.259,51.397,51.565,51.747,51.886,52.194,52.533,53.051,54.692
89,@TPP,41.073,43.25,43.877,44.207,44.571,44.832,45.008,45.173,45.319,45.453,45.58,45.685,45.799,45.902,45.986,46.097,46.193,46.298,46.378,46.48,46.547,46.615,46.674,46.745,46.809,46.875,46.943,47.001,47.065,47.135,47.217,47.274,47.343,47.388,47.423,47.469,47.524,47.571,47.64,47.696,47.753,47.825,47.875,47.923,47.969,48.039,48.091,48.148,48.209,48.26,48.303,48.345,48.408,48.459,48.512,48.562,48.626,48.679,48.73,48.781,48.833,48.888,48.942,49.002,49.048,49.101,49.165,49.213,49.273,49.337,49.406,49.484,49.537,49.585,49.664,49.748,49.815,49.886,49.94,50.028,50.088,50.158,50.246,50.315,50.418,50.483,50.587,50.674,50.803,50.92,51.037,51.15,51.259,51.397,51.565,51.747,51.886,52.194,52.533,53.051,54.692
90,@TPP,41.02,43.346,43.861,44.331,44.602,44.778,44.935,45.116,45.26,45.424,45.566,45.667,45.792,45.9,45.998,46.124,46.251,46.342,46.408,46.471,46.532,46.608,46.689,46.755,46.818,46.873,46.94,47.003,47.078,47.126,47.166,47.219,47.318,47.392,47.446,47.513,47.552,47.598,47.667,47.717,47.77,47.822,47.865,47.905,47.96,48.016,48.059,48.133,48.196,48.236,48.296,48.343,48.396,48.467,48.517,48.575,48.644,48.718,48.771,48.81,48.863,48.9,48.951,49.018,49.078,49.127,49.18,49.231,49.29,49.34,49.409,49.449,49.513,49.586,49.664,49.731,49.813,49.87,49.942,50.019,50.087,50.172,50.236,50.313,50.383,50.491,50.574,50.674,50.785,50.932,51.051,51.162,51.285,51.41,51.585,51.739,51.912,52.212,52.648,53.194,54.734
91,@TPP,41.02,43.346,43.861,44.331,44.602,44.778,44.935,45.116,45.26,45.424,45.566,45.667,45.792,45.9,45.998,46.124,46.251,46.342,46.408,46.471,46.532,46.608,46.689,46.755,46.818,46.873,46.94,47.003,47.078,47.126,47.166,47.219,47.318,47.392,47.446,47.513,47.552,47.598,47.667,47.717,47.77,47.822,47.865,47.905,47.96,48.016,48.059,48.133,48.196,48.236,48.296,48.343,48.396,48.467,48.517,48.575,48.644,48.718,48.771,48.81,48.863,48.9,48.951,49.018,49.078,49.127,49.18,49.231,49.29,49.34,49.409,49.449,49.513,49.586,49.664,49.731,49.813,49.87,49.942,50.019,50.087,50.172,50.236,50.313,50.383,50.491,50.574,50.674,50.785,50.932,51.051,51.162,51.285,51.41,51.585,51.739,51.912,52.212,52.648,53.194,54.734
92,@TPP,40.703,43.311,43.877,44.279,44.505,44.766,44.936,45.108,45.301,45.438,45.574,45.695,45.804,45.908,46.007,46.113,46.191,46.287,46.38,46.456,46.513,46.588,46.649,46.723,46.8,46.869,46.965,47.03,47.107,47.162,47.222,47.287,47.346,47.405,47.454,47.517,47.554,47.613,47.66,47.719,47.77,47.839,47.893,47.946,47.996,48.046,48.108,48.181,48.222,48.265,48.32,48.379,48.42,48.49,48.548,48.6,48.652,48.718,48.782,48.837,48.879,48.924,48.964,49.021,49.055,49.121,49.163,49.227,49.268,49.334,49.417,49.472,49.545,49.613,49.689,49.758,49.824,49.908,49.971,50.044,50.124,50.177,50.238,50.35,50.417,50.51,50.593,50.666,50.759,50.854,50.981,51.126,51.269,51.408,51.552,51.735,51.95,52.204,52.631,53.144,54.632
93,@TPP,40.703,43.311,43.877,44.279,44.505,44.766,44.936,45.108,45.301,45.438,45.574,45.695,45.804,45.908,46.007,46.113,46.191,46.287,46.38,46.456,46.513,46.588,46.649,46.723,46.8,46.869,46.965,47.03,47.107,47.162,47.222,47.287,47.346,47.405,47.454,47.517,47.554,47.613,47.66,47.719,47.77,47.839,47.893,47.946,47.996,48.046,48.108,48.181,48.222,48.265,48.32,48.379,48.42,48.49,48.548,48.6,48.652,48.718,48.782,48.837,48.879,48.924,48.964,49.021,49.055,49.121,49.163,49.227,49.268,49.334,49.417,49.472,49.545,49.613,49.689,49.758,49.824,49.908,49.971,50.044,50.124,50.177,50.238,50.35,50.417,50.51,50.593,50.666,50.759,50.854,50.981,51.126,51.269,51.408,51.552,51.735,51.95,52.204,52.631,53.144,54.632
94,@TPP,40.503,43.308,44.017,44.391,44.632,44.855,45.026,45.135,45.31,45.443,45.588,45.721,45.817,45.919,46.026,46.12,46.187,46.257,46.376,46.472,46.562,46.624,46.696,46.758,46.826,46.883,46.97,47.035,47.097,47.157,47.22,47.272,47.335,47.389,47.451,47.506,47.55,47.605,47.663,47.715,47.768,47.832,47.899,47.962,48.0,48.04,48.1,48.141,48.204,48.262,48.31,48.368,48.412,48.486,48.551,48.595,48.666,48.71,48.756,48.798,48.84,48.893,48.935,49.01,49.069,49.129,49.184,49.229,49.315,49.381,49.442,49.493,49.562,49.654,49.701,49.766,49.832,49.889,49.992,50.068,50.148,50.208,50.283,50.345,50.416,50.511,50.614,50.726,50.835,50.926,51.036,51.128,51.247,51.386,51.521,51.714,51.965,52.155,52.667,53.134,54.436
95,@TPP,40.503,43.308,44.017,44.391,44.632,44.855,45.026,45.135,45.31,45.443,45.588,45.721,45.817,45.919,46.026,46.12,46.187,46.257,46.376,46.472,46.562,46.624,46.696,46.758,46.826,46.883,46.97,47.035,47.097,47.157,47.22,47.272,47.335,47.389,47.451,47.506,47.55,47.605,47.663,47.715,47.768,47.832,47.899,47.962,48.0,48.04,48.1,48.141,48.204,48.262,48.31,48.368,48.412,48.486,48.551,48.595,48.666,48.71,48.756,48.798,48.84,48.893,48.935,49.01,49.069,49.129,49.184,49.229,49.315,49.381,49.442,49.493,49.562,49.654,49.701,49.766,49.832,49.889,49.992,50.068,50.148,50.208,50.283,50.345,50.416,50.511,50.614,50.726,50.835,50.926,51.036,51.128,51.247,51.386,51.521,51.714,51.965,52.155,52.667,53.134,54.436
96,@TPP,40.846,43.37,43.967,44.363,44.654,44.835,45.028,45.199,45.31,45.432,45.573,45.692,45.785,45.858,46.004,46.105,46.231,46.309,46.403,46.482,46.553,46.626,46.703,46.755,46.809,46.875,46.955,47.037,47.106,47.154,47.22,47.295,47.347,47.412,47.467,47.513,47.578,47.628,47.676,47.746,47.804,47.846,47.887,47.942,48.004,48.064,48.107,48.159,48.203,48.253,48.303,48.366,48.428,48.48,48.542,48.601,48.651,48.71,48.747,48.8,48.834,48.888,48.944,49.012,49.072,49.117,49.207,49.257,49.33,49.394,49.444,49.517,49.572,49.641,49.699,49.785,49.862,49.916,50.011,50.074,50.151,50.213,50.294,50.358,50.435,50.534,50.633,50.726,50.82,50.906,51.006,51.174,51.304,51.416,51.546,51.706,51.96,52.269,52.595,53.105,54.521
97,@TPP,40.846,43.37,43.967,44.363,44.654,44.835,45.028,45.199,45.31,45.432,45.573,45.692,45.785,45.858,46.004,46.105,46.231,46.309,46.403,46.482,46.553,46.626,46.703,46.755,46.809,46.875,46.955,47.037,47.106,47.154,47.22,47.295,47.347,47.412,47.467,47.513,47.578,47.628,47.676,47.746,47.804,47.846,47.887,47.942,48.004,48.064,48.107,48.159,48.203,48.253,48.303,48.366,48.428,48.48,48.542,48.601,48.651,48.71,48.747,48.8,48.834,48.888,48.944,49.012,49.072,49.117,49.207,49.257,49.33,49.394,49.444,49.517,49.572,49.641,49.699,49.785,49.862,49.916,50.011,50.074,50.151,50.213,50.294,50.358,50.435,50.534,50.633,50.726,50.82,50.906,51.006,51.174,51.304,51.416,51.546,51.706,51.96,52.269,52.595,53.105,54.521
98,@TPP,40.757,43.421,43.912,44.351,44.673,44.885,45.05,45.179,45.308,45.435,45.569,45.675,45.808,45.907,45.998,46.091,46.206,46.309,46.383,46.47,46.523,46.6,46.67,46.76,46.849,46.909,46.948,47.01,47.076,47.143,47.209,47.272,47.33,47.39,47.457,47.509,47.563,47.618,47.675,47.738,47.803,47.836,47.892,47.951,47.993,48.023,48.077,48.124,48.191,48.23,48.289,48.349,48.4,48.46,48.51,48.576,48.65,48.696,48.754,48.814,48.87,48.914,48.982,49.045,49.103,49.158,49.241,49.296,49.356,49.395,49.454,49.515,49.588,49.641,49.707,49.788,49.855,49.927,50.03,50.119,50.186,50.279,50.329,50.407,50.505,50.591,50.677,50.756,50.852,50.944,51.058,51.183,51.285,51.43,51.531,51.775,51.996,52.287,52.616,53.123,54.491
99,@TPP,40.757,43.421,43.912,44.351,44.673,44.885,45.05,45.179,45.308,45.435,45.569,45.675,45.808,45.907,45.998,46.091,46.206,46.309,46.383,46.47,46.523,46.6,46.67,46.76,46.849,46.909,46.948,47.01,47.076,47.143,47.209,47.272,47.33,47.39,47.457,47.509,47.563,47.618,47.675,47.738,47.803,47.836,47.892,47.951,47.993,48.023,48.077,48.124,48.191,48.23,48.289,48.349,48.4,48.46,48.51,48.576,48.65,48.696,48.754,48.814,48.87,48.914,48.982,49.045,49.103,49.158,49.241,49.296,49.356,49.395,49.454,49.515,49.588,49.641,49.707,49.788,49.855,49.927,50.03,50.119,50.186,50.279,50.329,50.407,50.505,50.591,50.677,50.756,50.852,50.944,51.058,51.183,51.285,51.43,51.531,51.775,51.996,52.287,52.616,53.123,54.491
100,@TPP,40.887,43.398,43.99,44.387,44.661,44.909,45.085,45.218,45.325,45.468,45.561,45.687,45.831,45.952,46.037,46.105,46.208,46.272,46.358,46.456,46.54,46.618,46.675,46.741,46.845,46.906,46.967,47.03,47.088,47.168,47.209,47.256,47.33,47.398,47.479,47.547,47.592,47.64,47.706,47.758,47.809,47.856,47.916,47.984,48.04,48.094,48.138,48.18,48.243,48.298,48.348,48.39,48.439,48.489,48.545,48.593,48.648,48.709,48.749,48.807,48.874,48.921,48.977,49.056,49.112,49.172,49.218,49.264,49.323,49.38,49.444,49.503,49.575,49.665,49.737,49.792,49.867,49.942,49.999,50.068,50.159,50.234,50.306,50.4,50.47,50.556,50.639,50.738,50.816,50.925,51.044,51.177,51.301,51.404,51.543,51.75,51.976,52.219,52.604,53.064,54.498
101,@TPP,40.887,43.398,43.99,44.387,44.661,44.909,45.085,45.218,45.325,45.468,45.561,45.687,45.831,45.952,46.037,46.105,46.208,46.272,46.358,46.456,46.54,46.618,46.675,46.741,46.845,46.906,46.967,47.03,47.088,47.168,47.209,47.256,47.33,47.398,47.479,47.547,47.592,47.64,47.706,47.758,47.809,47.856,47.916,47.984,48.04,48.094,48.138,48.18,48.243,48.298,48.348,48.39,48.439,48.489,48.545,48.593,48.648,48.709,48.749,48.807,48.874,48.921,48.977,49.056,49.112,49.172,49.218,49.264,49.323,49.38,49.444,49.503,49.575,49.665,49.737,49.792,49.867,49.942,49.999,50.068,50.159,50.234,50.306,50.4,50.47,50.556,50.639,50.738,50.816,50.925,51.044,51.177,51.301,51.404,51.543,51.75,51.976,52.219,52.604,53.064,54.498
102,@TPP,41.089,43.394,44.084,44.424,44.67,44.891,45.019,45.199,45.338,45.469,45.572,45.702,45.805,45.922,46.041,46.14,46.273,46.347,46.434,46.524,46.622,46.673,46.736,46.788,46.853,46.903,46.965,47.021,47.075,47.146,47.221,47.275,47.336,47.394,47.446,47.497,47.544,47.61,47.685,47.75,47.793,47.862,47.914,47.975,48.018,48.082,48.139,48.192,48.241,48.302,48.341,48.404,48.452,48.505,48.556,48.632,48.664,48.724,48.761,48.822,48.881,48.936,48.985,49.04,49.109,49.161,49.232,49.282,49.34,49.387,49.434,49.5,49.565,49.626,49.704,49.768,49.862,49.922,50.011,50.078,50.164,50.227,50.298,50.37,50.469,50.532,50.619,50.697,50.761,50.885,51.019,51.139,51.261,51.447,51.577,51.754,51.962,52.185,52.553,53.138,54.465
103,@TPP,41.089,43.394,44.084,44.424,44.67,44.891,45.019,45.199,45.338,45.469,45.572,45.702,45.805,45.922,46.041,46.14,46.273,46.347,46.434,46.524,46.622,46.673,46.736,46.788,46.853,46.903,46.965,47.021,47.075,47.146,47.221,47.275,47.336,47.394,47.446,47.497,47.544,47.61,47.685,47.75,47.793,47.862,47.914,47.975,48.018,48.082,48.139,48.192,48.241,48.302,48.341,48.404,48.452,48.505,48.556,48.632,48.664,48.724,48.761,48.822,48.881,48.936,48.985,49.04,49.109,49.161,49.232,49.282,49.34,49.387,49.434,49.5,49.565,49.626,49.704,49.768,49.862,49.922,50.011,50.078,50.164,50.227,50.298,50.37,50.469,50.532,50.619,50.697,50.761,50.885,51.019,51.139,51.261,51.447,51.577,51.754,51.962,52.185,52.553,53.138,54.465
104,@TPP,41.381,43.486,43.941,44.356,44.633,44.879,45.061,45.249,45.459,45.566,45.69,45.775,45.878,45.995,46.102,46.198,46.273,46.367,46.462,46.551,46.623,46.716,46.777,46.828,46.893,46.944,47.006,47.054,47.14,47.206,47.257,47.301,47.349,47.405,47.458,47.513,47.59,47.651,47.728,47.766,47.824,47.881,47.954,47.996,48.036,48.086,48.144,48.204,48.271,48.323,48.382,48.446,48.496,48.551,48.592,48.633,48.692,48.745,48.814,48.874,48.908,48.961,49.023,49.059,49.101,49.158,49.206,49.252,49.298,49.371,49.454,49.534,49.589,49.651,49.721,49.793,49.847,49.929,49.997,50.052,50.133,50.207,50.271,50.344,50.415,50.494,50.562,50.639,50.742,50.84,50.974,51.095,51.208,51.357,51.535,51.666,51.899,52.14,52.544,53.064,54.236
105,@TPP,41.381,43.486,43.941,44.356,44.633,44.879,45.061,45.249,45.459,45.566,45.69,45.775,45.878,45.995,46.102,46.198,46.273,46.367,46.462,46.551,46.623,46.716,46.777,46.828,46.893,46.944,47.006,47.054,47.14,47.206,47.257,47.301,47.349,47.405,47.458,47.513,47.59,47.651,47.728,47.766,47.824,47.881,47.954,47.996,48.036,48.086,48.144,48.204,48.271,48.323,48.382,48.446,48.496,48.551,48.592,48.633,48.692,48.745,48.814,48.874,48.908,48.961,49.023,49.059,49.101,49.158,49.206,49.252,49.298,49.371,49.454,49.534,49.589,49.651,49.721,49.793,49.847,49.929,49.997,50.052,50.133,50.207,50.271,50.344,50.415,50.494,50.562,50.639,50.742,50.84,50.974,51.095,51.208,51.357,51.535,51.666,51.899,52.14,52.544,53.064,54.236
106,@TPP,41.302,43.387,43.982,44.363,44.681,44.885,45.093,45.289,45.457,45.629,45.77,45.864,45.961,46.028,46.137,46.217,46.298,46.363,46.45,46.531,46.605,46.696,46.768,46.858,46.921,46.996,47.067,47.101,47.156,47.205,47.249,47.3,47.357,47.414,47.473,47.515,47.585,47.632,47.684,47.759,47.809,47.897,47.955,48.005,48.07,48.131,48.173,48.227,48.282,48.323,48.373,48.412,48.461,48.513,48.583,48.635,48.696,48.746,48.811,48.86,48.909,48.967,49.006,49.048,49.116,49.184,49.241,49.308,49.373,49.422,49.492,49.543,49.603,49.668,49.722,49.787,49.84,49.907,49.968,50.04,50.108,50.178,50.239,50.313,50.401,50.513,50.584,50.666,50.775,50.88,50.969,51.08,51.205,51.361,51.53,51.686,51.935,52.151,52.455,52.989,54.326
107,@TPP,41.302,43.387,43.982,44.363,44.681,44.885,45.093,45.289,45.457,45.629,45.77,45.864,45.961,46.028,46.137,46.217,46.298,46.363,46.45,46.531,46.605,46.696,46.768,46.858,46.921,46.996,47.067,47.101,47.156,47.205,47.249,47.3,47.357,47.414,47.473,47.515,47.585,47.632,47.684,47.759,47.809,47.897,47.955,48.005,48.07,48.131,48.173,48.227,48.282,48.323,48.373,48.412,48.461,48.513,48.583,48.635,48.696,48.746,48.811,48.86,48.909,48.967,49.006,49.048,49.116,49.184,49.241,49.308,49.373,49.422,49.492,49.543,49.603,49.668,49.722,49.787,49.84,49.907,49.968,50.04,50.108,50.178,50.239,50.313,50.401,50.513,50.584,50.666,50.775,50.88,50.969,51.08,51.205,51.361,51.53,51.686,51.935,52.151,52.455,52.989,54.326
108,@TPP,41.445,43.412,44.011,44.453,44.717,44.959,45.151,45.33,45.457,45.589,45.757,45.895,45.985,46.067,46.161,46.242,46.325,46.395,46.46,46.538,46.634,46.695,46.779,46.852,46.903,46.962,47.043,47.086,47.146,47.216,47.28,47.327,47.373,47.412,47.47,47.547,47.608,47.666,47.717,47.769,47.813,47.89,47.952,48.026,48.068,48.127,48.168,48.218,48.261,48.308,48.37,48.427,48.495,48.555,48.601,48.643,48.69,48.734,48.8,48.88,48.922,48.981,49.031,49.074,49.122,49.175,49.223,49.266,49.308,49.374,49.446,49.499,49.566,49.629,49.693,49.76,49.843,49.899,49.97,50.054,50.12,50.177,50.257,50.316,50.388,50.491,50.561,50.659,50.75,50.859,50.977,51.105,51.223,51.347,51.567,51.713,51.928,52.183,52.473,52.954,54.539
109,@TPP,41.445,43.412,44.011,44.453,44.717,44.959,45.151,45.33,45.457,45.589,45.757,45.895,45.985,46.067,46.161,46.242,46.325,46.395,46.46,46.538,46.634,46.695,46.779,46.852,46.903,46.962,47.043,47.086,47.146,47.216,47.28,47.327,47.373,47.412,47.47,47.547,47.608,47.666,47.717,47.769,47.813,47.89,47.952,48.026,48.068,48.127,48.168,48.218,48.261,48.308,48.37,48.427,48.495,48.555,48.601,48.643,48.69,48.734,48.8,48.88,48.922,48.981,49.031,49.074,49.122,49.175,49.223,49.266,49.308,49.374,49.446,49.499,49.566,49.629,49.693,49.76,49.843,49.899,49.97,50.054,50.12,50.177,50.257,50.316,50.388,50.491,50.561,50.659,50.75,50.859,50.977,51.105,51.223,51.347,51.567,51.713,51.928,52.183,52.473,52.954,54.539
110,@TPP,41.588,43.339,44.13,44.476,44.702,44.933,45.189,45.349,45.512,45.642,45.771,45.854,45.985,46.103,46.172,46.28,46.347,46.411,46.487,46.563,46.634,46.709,46.78,46.859,46.926,46.965,47.039,47.11,47.162,47.207,47.264,47.317,47.369,47.444,47.516,47.576,47.631,47.685,47.735,47.78,47.84,47.894,47.94,47.99,48.043,48.093,48.142,48.198,48.248,48.309,48.354,48.423,48.486,48.54,48.592,48.626,48.68,48.735,48.798,48.859,48.925,48.983,49.039,49.097,49.157,49.197,49.239,49.295,49.367,49.434,49.479,49.527,49.583,49.649,49.691,49.754,49.82,49.91,49.995,50.047,50.114,50.19,50.26,50.321,50.424,50.5,50.59,50.684,50.778,50.856,50.945,51.073,51.208,51.35,51.501,51.687,51.925,52.138,52.445,52.954,54.784
111,@TPP,41.588,43.339,44.13,44.476,44.702,44.933,45.189,45.349,45.512,45.642,45.771,45.854,45.985,46.103,46.172,46.28,46.347,46.411,46.487,46.563,46.634,46.709,46.78,46.859,46.926,46.965,47.039,47.11,47.162,47.207,47.264,47.317,47.369,47.444,47.516,47.576,47.631,47.685,47.735,47.78,47.84,47.894,47.94,47.99,48.043,48.093,48.142,48.198,48.248,48.309,48.354,48.423,48.486,48.54,48.592,48.626,48.68,48.735,48.798,48.859,48.925,48.983,49.039,49.097,49.157,49.197,49.239,49.295,49.367,49.434,49.479,49.527,49.583,49.649,49.691,49.754,49.82,49.91,49.995,50.047,50.114,50.19,50.26,50.321,50.424,50.5,50.59,50.684,50.778,50.856,50.945,51.073,51.208,51.35,51.501,51.687,51.925,52.138,52.445,52.954,54.784
112,@TPP,41.461,43.427,44.018,44.458,44.783,44.987,45.178,45.369,45.514,45.645,45.747,45.842,45.959,46.064,46.138,46.227,46.343,46.421,46.504,46.601,46.667,46.722,46.8,46.856,46.916,46.97,47.022,47.083,47.154,47.222,47.291,47.347,47.416,47.468,47.524,47.581,47.636,47.706,47.748,47.814,47.862,47.924,47.98,48.025,48.072,48.124,48.171,48.237,48.291,48.335,48.388,48.442,48.493,48.533,48.571,48.642,48.687,48.734,48.794,48.837,48.899,48.968,49.028,49.07,49.129,49.192,49.251,49.298,49.359,49.424,49.504,49.554,49.594,49.651,49.719,49.785,49.866,49.929,49.986,50.085,50.163,50.216,50.284,50.364,50.43,50.503,50.579,50.687,50.783,50.905,51.005,51.084,51.204,51.335,51.472,51.643,51.804,52.064,52.465,52.832,54.618
113,@TPP,41.461,43.427,44.018,44.458,44.783,44.987,45.178,45.369,45.514,45.645,45.747,45.842,45.959,46.064,46.138,46.227,46.343,46.421,46.504,46.601,46.667,46.722,46.8,46.856,46.916,46.97,47.022,47.083,47.154,47.222,47.291,47.347,47.416,47.468,47.524,47.581,47.636,47.706,47.748,47.814,47.862,47.924,47.98,48.025,48.072,48.124,48.171,48.237,48.291,48.335,48.388,48.442,48.493,48.533,48.571,48.642,48.687,48.734,48.794,48.837,48.899,48.968,49.028,49.07,49.129,49.192,49.251,49.298,49.359,49.424,49.504,49.554,49.594,49.651,49.719,49.785,49.866,49.929,49.986,50.085,50.163,50.216,50.284,50.364,50.43,50.503,50.579,50.687,50.783,50.905,51.005,51.084,51.204,51.335,51.472,51.643,51.804,52.064,52.465,52.832,54.618
114,@TPP,41.36,43.448,44.015,44.443,44.758,44.962,45.221,45.359,45.492,45.643,45.794,45.913,46.021,46.112,46.22,46.304,46.368,46.458,46.502,46.575,46.65,46.727,46.796,46.863,46.932,46.993,47.054,47.115,47.172,47.23,47.292,47.345,47.387,47.452,47.529,47.576,47.633,47.687,47.753,47.811,47.879,47.928,47.979,48.013,48.064,48.105,48.186,48.237,48.27,48.323,48.377,48.435,48.483,48.52,48.577,48.622,48.689,48.745,48.79,48.834,48.878,48.928,48.983,49.053,49.106,49.17,49.235,49.293,49.343,49.414,49.473,49.544,49.602,49.669,49.726,49.795,49.862,49.903,49.964,50.045,50.119,50.199,50.277,50.349,50.416,50.504,50.593,50.676,50.762,50.866,50.934,51.046,51.163,51.281,51.479,51.693,51.881,52.084,52.379,52.916,54.189
115,@TPP,41.36,43.448,44.015,44.443,44.758,44.962,45.221,45.359,45.492,45.643,45.794,45.913,46.021,46.112,46.22,46.304,46.368,46.458,46.502,46.575,46.65,46.727,46.796,46.863,46.932,46.993,47.054,47.115,47.172,47.23,47.292,47.345,47.387,47.452,47.529,47.576,47.633,47.687,47.753,47.811,47.879,47.928,47.979,48.013,48.064,48.105,48.186,48.237,48.27,48.323,48.377,48.435,48.483,48.52,48.577,48.622,48.689,48.745,48.79,48.834,48.878,48.928,48.983,49.053,49.106,49.17,49.235,49.293,49.343,49.414,49.473,49.544,49.602,49.669,49.726,49.795,49.862,49.903,49.964,50.045,50.119,50.199,50.277,50.349,50.416,50.504,50.593,50.676,50.762,50.866,50.934,51.046,51.163,51.281,51.479,51.693,51.881,52.084,52.379,52.916,54.189
116,@TPP,41.472,43.477,44.123,44.473,44.823,45.056,45.18,45.333,45.522,45.654,45.769,45.891,45.99,46.105,46.219,46.326,46.39,46.482,46.543,46.588,46.659,46.736,46.826,46.913,46.974,47.043,47.086,47.132,47.188,47.256,47.309,47.365,47.42,47.478,47.542,47.579,47.645,47.704,47.77,47.823,47.868,47.904,47.975,48.019,48.075,48.12,48.198,48.25,48.301,48.329,48.377,48.429,48.477,48.512,48.554,48.608,48.671,48.71,48.763,48.83,48.879,48.938,49.005,49.069,49.135,49.198,49.266,49.329,49.367,49.425,49.484,49.534,49.599,49.653,49.715,49.79,49.862,49.938,50.007,50.058,50.107,50.184,50.261,50.324,50.406,50.491,50.593,50.702,50.777,50.848,50.969,51.063,51.194,51.289,51.473,51.682,51.938,52.099,52.46,52.964,54.009
117,@TPP,41.472,43.477,44.123,44.473,44.823,45.056,45.18,45.333,45.522,45.654,45.769,45.891,45.99,46.105,46.219,46.326,46.39,46.482,46.543,46.588,46.659,46.736,46.826,46.913,46.974,47.043,47.086,47.132,47.188,47.256,47.309,47.365,47.42,47.478,47.542,47.579,47.645,47.704,47.77,47.823,47.868,47.904,47.975,48.019,48.075,48.12,48.198,48.25,48.301,48.329,48.377,48.429,48.477,48.512,48.554,48.608,48.671,48.71,48.763,48.83,48.879,48.938,49.005,49.069,49.135,49.198,49.266,49.329,49.367,49.425,49.484,49.534,49.599,49.653,49.715,49.79,49.862,49.938,50.007,50.058,50.107,50.184,50.261,50.324,50.406,50.491,50.593,50.702,50.777,50.848,50.969,51.063,51.194,51.289,51.473,51.682,51.938,52.099,52.46,52.964,54.009
118,@TPP,41.24,43.388,44.034,44.453,44.838,45.03,45.225,45.341,45.507,45.648,45.768,45.873,46.024,46.132,46.26,46.354,46.456,46.511,46.581,46.63,46.697,46.748,46.818,46.91,46.967,47.032,47.08,47.145,47.188,47.246,47.314,47.382,47.422,47.469,47.518,47.566,47.617,47.665,47.73,47.791,47.862,47.917,47.955,48.008,48.059,48.113,48.173,48.216,48.28,48.326,48.377,48.441,48.489,48.537,48.588,48.625,48.667,48.711,48.761,48.827,48.889,48.954,49.015,49.067,49.113,49.172,49.232,49.298,49.362,49.421,49.472,49.537,49.599,49.669,49.756,49.803,49.856,49.919,49.981,50.048,50.112,50.187,50.282,50.356,50.449,50.536,50.603,50.689,50.749,50.819,50.919,51.04,51.162,51.334,51.508,51.719,51.914,52.18,52.457,52.885,54.172
119,@TPP,41.24,43.388,44.034,44.453,44.838,45.03,45.225,45.341,45.507,45.648,45.768,45.873,46.024,46.132,46.26,46.354,46.456,46.511,46.581,46.63,46.697,46.748,46.818,46.91,46.967,47.032,47.08,47.145,47.188,47.246,47.314,47.382,47.422,47.469,47.518,47.566,47.617,47.665,47.73,47.791,47.862,47.917,47.955,48.008,48.059,48.113,48.173,48.216,48.28,48.326,48.377,48.441,48.489,48.537,48.588,48.625,48.667,48.711,48.761,48.827,48.889,48.954,49.015,49.067,49.113,49.172,49.232,49.298,49.362,49.421,49.472,49.537,49.599,49.669,49.756,49.803,49.856,49.919,49.981,50.048,50.112,50.187,50.282,50.356,50.449,50.536,50.603,50.689,50.749,50.819,50.919,51.04,51.162,51.334,51.508,51.719,51.914,52.18,52.457,52.885,54.172
120,@TPP,41.679,43.481,44.145,44.587,44.858,45.073,45.229,45.394,45.526,45.636,45.81,45.932,46.016,46.138,46.226,46.317,46.418,46.485,46.552,46.626,46.701,46.773,46.85,46.908,46.952,47.027,47.087,47.154,47.212,47.269,47.324,47.376,47.433,47.486,47.548,47.608,47.66,47.721,47.779,47.83,47.889,47.941,47.986,48.032,48.083,48.135,48.196,48.267,48.312,48.39,48.443,48.479,48.517,48.563,48.604,48.672,48.726,48.764,48.813,48.85,48.915,48.966,49.033,49.118,49.161,49.198,49.245,49.292,49.349,49.406,49.455,49.519,49.58,49.637,49.707,49.764,49.823,49.895,49.992,50.046,50.108,50.182,50.237,50.325,50.404,50.502,50.58,50.681,50.778,50.85,50.922,51.022,51.175,51.319,51.488,51.684,51.878,52.101,52.495,52.951,54.23
121,@TPP,41.679,43.481,44.145,44.587,44.858,45.073,45.229,45.394,45.526,45.636,45.81,45.932,46.016,46.138,46.226,46.317,46.418,46.485,46.552,46.626,46.701,46.773,46.85,46.908,46.952,47.027,47.087,47.154,47.212,47.269,47.324,47.376,47.433,47.486,47.548,47.608,47.66,47.721,47.779,47.83,47.889,47.941,47.986,48.032,48.083,48.135,48.196,48.267,48.312,48.39,48.443,48.479,48.517,48.563,48.604,48.672,48.726,48.764,48.813,48.85,48.915,48.966,49.033,49.118,49.161,49.198,49.245,49.292,49.349,49.406,49.455,49.519,49.58,49.637,49.707,49.764,49.823,49.895,49.992,50.046,50.108,50.182,50.237,50.325,50.404,50.502,50.58,50.681,50.778,50.85,50.922,51.022,51.175,51.319,51.488,51.684,51.878,52.101,52.495,52.951,54.23
122,@TPP,41.566,43.55,44.27,44.647,44.923,45.134,45.292,45.387,45.525,45.664,45.781,45.869,46.02,46.151,46.218,46.283,46.385,46.479,46.564,46.633,46.686,46.756,46.854,46.938,46.982,47.048,47.128,47.174,47.237,47.296,47.348,47.409,47.468,47.52,47.561,47.605,47.666,47.725,47.773,47.827,47.891,47.95,47.984,48.046,48.096,48.145,48.193,48.257,48.304,48.343,48.4,48.46,48.506,48.554,48.585,48.64,48.691,48.748,48.793,48.85,48.892,48.956,49.005,49.065,49.117,49.161,49.223,49.286,49.361,49.444,49.494,49.546,49.616,49.683,49.719,49.779,49.85,49.92,49.987,50.058,50.123,50.186,50.251,50.334,50.425,50.515,50.604,50.685,50.773,50.865,50.977,51.05,51.168,51.305,51.504,51.668,51.895,52.179,52.496,52.926,54.176
123,@TPP,41.566,43.55,44.27,44.647,44.923,45.134,45.292,45.387,45.525,45.664,45.781,45.869,46.02,46.151,46.218,46.283,46.385,46.479,46.564,46.633,46.686,46.756,46.854,46.938,46.982,47.048,47.128,47.174,47.237,47.296,47.348,47.409,47.468,47.52,47.561,47.605,47.666,47.725,47.773,47.827,47.891,47.95,47.984,48.046,48.096,48.145,48.193,48.257,48.304,48.343,48.4,48.46,48.506,48.554,48.585,48.64,48.691,48.748,48.793,48.85,48.892,48.956,49.005,49.065,49.117,49.161,49.223,49.286,49.361,49.444,49.494,49.546,49.616,49.683,49.719,49.779,49.85,49.92,49.987,50.058,50.123,50.186,50.251,50.334,50.425,50.515,50.604,50.685,50.773,50.865,50.977,51.05,51.168,51.305,51.504,51.668,51.895,52.179,52.496,52.926,54.176
124,@TPP,41.517,43.612,44.25,44.671,44.919,45.137,45.279,45.445,45.6,45.724,45.834,45.933,46.039,46.129,46.217,46.299,46.406,46.491,46.587,46.638,46.72,46.792,46.878,46.952,47.019,47.087,47.135,47.193,47.246,47.325,47.381,47.438,47.488,47.537,47.588,47.644,47.684,47.742,47.804,47.855,47.927,47.98,48.023,48.061,48.112,48.154,48.209,48.26,48.314,48.362,48.397,48.444,48.48,48.539,48.577,48.633,48.695,48.727,48.791,48.843,48.904,48.964,49.01,49.088,49.126,49.19,49.25,49.303,49.369,49.434,49.494,49.56,49.612,49.674,49.753,49.815,49.862,49.905,49.974,50.044,50.117,50.196,50.274,50.334,50.42,50.473,50.568,50.661,50.738,50.855,50.963,51.058,51.188,51.335,51.5,51.665,51.894,52.134,52.431,53.093,54.725
125,@TPP,41.517,43.612,44.25,44.671,44.919,45.137,45.279,45.445,45.6,45.724,45.834,45.933,46.039,46.129,46.217,46.299,46.406,46.491,46.587,46.638,46.72,46.792,46.878,46.952,47.019,47.087,47.135,47.193,47.246,47.325,47.381,47.438,47.488,47.537,47.588,47.644,47.684,47.742,47.804,47.855,47.927,47.98,48.023,48.061,48.112,48.154,48.209,48.26,48.314,48.362,48.397,48.444,48.48,48.539,48.577,48.633,48.695,48.727,48.791,48.843,48.904,48.964,49.01,49.088,49.126,49.19,49.25,49.303,49.369,49.434,49.494,49.56,49.612,49.674,49.753,49.815,49.862,49.905,49.974,50.044,50.117,50.196,50.274,50.334,50.42,50.473,50.568,50.661,50.738,50.855,50.963,51.058,51.188,51.335,51.5,51.665,51.894,52.134,52.431,53.093,54.725
126,@TPP,41.451,43.76,44.321,44.689,44.947,45.151,45.327,45.447,45.582,45.72,45.871,45.978,46.08,46.154,46.249,46.312,46.423,46.504,46.597,46.667,46.745,46.82,46.886,46.966,47.016,47.093,47.163,47.218,47.285,47.349,47.406,47.478,47.534,47.577,47.619,47.672,47.723,47.766,47.81,47.865,47.928,47.978,48.034,48.093,48.131,48.175,48.215,48.261,48.304,48.346,48.392,48.446,48.493,48.54,48.607,48.666,48.711,48.761,48.817,48.862,48.916,48.971,49.041,49.091,49.152,49.204,49.253,49.318,49.379,49.44,49.504,49.559,49.593,49.657,49.72,49.795,49.867,49.919,49.981,50.06,50.12,50.19,50.248,50.328,50.41,50.465,50.535,50.62,50.721,50.852,50.927,51.048,51.216,51.321,51.518,51.646,51.777,52.118,52.408,52.986,54.62
127,@TPP,41.451,43.76,44.321,44.689,44.947,45.151,45.327,45.447,45.582,45.72,45.871,45.978,46.08,46.154,46.249,46.312,46.423,46.504,46.597,46.667,46.745,46.82,46.886,46.966,47.016,47.093,47.163,47.218,47.285,47.349,47.406,47.478,47.534,47.577,47.619,47.672,47.723,47.766,47.81,47.865,47.928,47.978,48.034,48.093,48.131,48.175,48.215,48.261,48.304,48.346,48.392,48.446,48.493,48.54,48.607,48.666,48.711,48.761,48.817,48.862,48.916,48.971,49.041,49.091,49.152,49.204,49.253,49.318,49.379,49.44,49.504,49.559,49.593,49.657,49.72,49.795,49.867,49.919,49.981,50.06,50.12,50.19,50.248,50.328,50.41,50.465,50.535,50.62,50.721,50.852,50.927,51.048,51.216,51.321,51.518,51.646,51.777,52.118,52.408,52.986,54.62
128,@TPP,41.562,43.643,44.4,44.676,44.917,45.138,45.323,45.479,45.641,45.757,45.872,45.994,46.077,46.16,46.244,46.344,46.428,46.539,46.596,46.68,46.767,46.825,46.906,46.984,47.059,47.125,47.195,47.263,47.321,47.358,47.403,47.453,47.51,47.581,47.628,47.691,47.734,47.787,47.846,47.908,47.952,48.006,48.052,48.095,48.135,48.175,48.235,48.27,48.303,48.36,48.405,48.441,48.486,48.53,48.595,48.652,48.701,48.745,48.786,48.851,48.901,48.971,49.033,49.085,49.145,49.208,49.257,49.311,49.37,49.422,49.478,49.524,49.58,49.648,49.703,49.766,49.816,49.869,49.945,50.023,50.084,50.158,50.238,50.316,50.398,50.463,50.544,50.609,50.725,50.821,50.92,51.033,51.167,51.315,51.458,51.636,51.81,52.068,52.508,52.994,54.488
129,@TPP,41.562,43.643,44.4,44.676,44.917,45.138,45.323,45.479,45.641,45.757,45.872,45.994,46.077,46.16,46.244,46.344,46.428,46.539,46.596,46.68,46.767,46.825,46.906,46.984,47.059,47.125,47.195,47.263,47.321,47.358,47.403,47.453,47.51,47.581,47.628,47.691,47.734,47.787,47.846,47.908,47.952,48.006,48.052,48.095,48.135,48.175,48.235,48.27,48.303,48.36,48.405,48.441,48.486,48.53,48.595,48.652,48.701,48.745,48.786,48.851,48.901,48.971,49.033,49.085,49.145,49.208,49.257,49.311,49.37,49.422,49.478,49.524,49.58,49.648,49.703,49.766,49.816,49.869,49.945,50.023,50.084,50.158,50.238,50.316,50.398,50.463,50.544,50.609,50.725,50.821,50.92,51.033,51.167,51.315,51.458,51.636,51.81,52.068,52.508,52.994,54.488
130,@TPP,41.539,43.804,44.417,44.761,45.002,45.143,45.325,45.499,45.659,45.786,45.9,46.034,46.121,46.232,46.32,46.402,46.487,46.557,46.618,46.696,46.779,46.85,46.915,46.966,47.057,47.125,47.201,47.273,47.335,47.378,47.425,47.478,47.532,47.584,47.657,47.717,47.748,47.806,47.861,47.904,47.944,47.989,48.037,48.08,48.136,48.185,48.232,48.293,48.331,48.382,48.44,48.478,48.52,48.592,48.638,48.679,48.716,48.765,48.821,48.866,48.904,48.965,49.025,49.075,49.136,49.203,49.258,49.307,49.354,49.416,49.479,49.546,49.611,49.686,49.732,49.785,49.839,49.891,49.963,50.031,50.095,50.155,50.217,50.267,50.355,50.441,50.525,50.616,50.681,50.825,50.927,51.057,51.153,51.286,51.387,51.603,51.84,52.114,52.423,52.891,54.22
131,@TPP,41.539,43.804,44.417,44.761,45.002,45.143,45.325,45.499,45.659,45.786,45.9,46.034,46.121,46.232,46.32,46.402,46.487,46.557,46.618,46.696,46.779,46.85,46.915,46.966,47.057,47.125,47.201,47.273,47.335,47.378,47.425,47.478,47.532,47.584,47.657,47.717,47.748,47.806,47.861,47.904,47.944,47.989,48.037,48.08,48.136,48.185,48.232,48.293,48.331,48.382,48.44,48.478,48.52,48.592,48.638,48.679,48.716,48.765,48.821,48.866,48.904,48.965,49.025,49.075,49.136,49.203,49.258,49.307,49.354,49.416,49.479,49.546,49.611,49.686,49.732,49.785,49.839,49.891,49.963,50.031,50.095,50.155,50.217,50.267,50.355,50.441,50.525,50.616,50.681,50.825,50.927,51.057,51.153,51.286,51.387,51.603,51.84,52.114,52.423,52.891,54.22
132,@TPP,41.606,43.8,44.413,44.785,45.108,45.266,45.403,45.553,45.646,45.78,45.921,46.045,46.135,46.228,46.301,46.385,46.456,46.562,46.64,46.718,46.792,46.882,46.946,47.016,47.073,47.161,47.209,47.265,47.307,47.382,47.461,47.498,47.55,47.614,47.657,47.702,47.748,47.797,47.849,47.915,47.955,48.009,48.052,48.105,48.165,48.216,48.254,48.32,48.363,48.401,48.451,48.499,48.554,48.604,48.645,48.694,48.745,48.809,48.863,48.901,48.947,48.981,49.019,49.065,49.118,49.166,49.219,49.287,49.355,49.42,49.476,49.531,49.584,49.646,49.711,49.77,49.833,49.888,49.963,50.039,50.099,50.177,50.261,50.322,50.397,50.477,50.596,50.687,50.776,50.866,50.958,51.053,51.179,51.28,51.432,51.602,51.822,52.08,52.363,52.805,54.465
133,@TPP,41.606,43.8,44.413,44.785,45.108,45.266,45.403,45.553,45.646,45.78,45.921,46.045,46.135,46.228,46.301,46.385,46.456,46.562,46.64,46.718,46.792,46.882,46.946,47.016,47.073,47.161,47.209,47.265,47.307,47.382,47.461,47.498,47.55,47.614,47.657,47.702,47.748,47.797,47.849,47.915,47.955,48.009,48.052,48.105,48.165,48.216,48.254,48.32,48.363,48.401,48.451,48.499,48.554,48.604,48.645,48.694,48.745,48.809,48.863,48.901,48.947,48.981,49.019,49.065,49.118,49.166,49.219,49.287,49.355,49.42,49.476,49.531,49.584,49.646,49.711,49.77,49.833,49.888,49.963,50.039,50.099,50.177,50.261,50.322,50.397,50.477,50.596,50.687,50.776,50.866,50.958,51.053,51.179,51.28,51.432,51.602,51.822,52.08,52.363,52.805,54.465
134,@TPP,41.687,43.96,44.446,44.834,45.114,45.289,45.467,45.548,45.672,45.785,45.89,46.005,46.11,46.198,46.316,46.424,46.509,46.6,46.685,46.752,46.821,46.887,46.954,47.009,47.068,47.156,47.239,47.304,47.346,47.407,47.458,47.506,47.571,47.621,47.669,47.718,47.776,47.824,47.863,47.914,47.962,48.011,48.069,48.13,48.178,48.234,48.286,48.346,48.392,48.44,48.484,48.527,48.591,48.636,48.681,48.735,48.787,48.84,48.888,48.926,48.976,49.022,49.074,49.119,49.166,49.214,49.271,49.307,49.371,49.416,49.48,49.528,49.596,49.657,49.702,49.754,49.828,49.903,49.978,50.039,50.097,50.188,50.25,50.337,50.415,50.5,50.573,50.665,50.753,50.842,50.918,51.038,51.16,51.263,51.393,51.543,51.822,52.054,52.356,52.852,54.3
135,@TPP,41.687,43.96,44.446,44.834,45.114,45.289,45.467,45.548,45.672,45.785,45.89,46.005,46.11,46.198,46.316,46.424,46.509,46.6,46.685,46.752,46.821,46.887,46.954,47.009,47.068,47.156,47.239,47.304,47.346,47.407,47.458,47.506,47.571,47.621,47.669,47.718,47.776,47.824,47.863,47.914,47.962,48.011,48.069,48.13,48.178,48.234,48.286,48.346,48.392,48.44,48.484,48.527,48.591,48.636,48.681,48.735,48.787,48.84,48.888,48.926,48.976,49.022,49.074,49.119,49.166,49.214,49.271,49.307,49.371,49.416,49.48,49.528,49.596,49.657,49.702,49.754,49.828,49.903,49.978,50.039,50.097,50.188,50.25,50.337,50.415,50.5,50.573,50.665,50.753,50.842,50.918,51.038,51.16,51.263,51.393,51.543,51.822,52.054,52.356,52.852,54.3
136,@TPP,41.787,43.982,44.485,44.83,45.094,45.291,45.433,45.599,45.777,45.903,45.999,46.085,46.161,46.24,46.341,46.424,46.51,46.606,46.689,46.772,46.843,46.898,46.961,47.02,47.083,47.131,47.179,47.239,47.304,47.376,47.436,47.487,47.556,47.621,47.674,47.721,47.776,47.82,47.893,47.943,47.992,48.044,48.087,48.133,48.183,48.23,48.275,48.331,48.384,48.435,48.48,48.529,48.578,48.649,48.707,48.752,48.799,48.848,48.894,48.953,48.995,49.031,49.063,49.114,49.167,49.214,49.271,49.321,49.372,49.44,49.5,49.57,49.613,49.675,49.732,49.768,49.842,49.906,49.964,50.048,50.103,50.186,50.248,50.32,50.395,50.481,50.564,50.653,50.722,50.789,50.873,51.032,51.145,51.239,51.354,51.513,51.802,52.027,52.39,52.784,54.229
137,@TPP,41.787,43.982,44.485,44.83,45.094,45.291,45.433,45.599,45.777,45.903,45.999,46.085,46.161,46.24,46.341,46.424,46.51,46.606,46.689,46.772,46.843,46.898,46.961,47.02,47.083,47.131,47.179,47.239,47.304,47.376,47.436,47.487,47.556,47.621,47.674,47.721,47.776,47.82,47.893,47.943,47.992,48.044,48.087,48.133,48.183,48.23,48.275,48.331,48.384,48.435,48.48,48.529,48.578,48.649,48.707,48.752,48.799,48.848,48.894,48.953,48.995,49.031,49.063,49.114,49.167,49.214,49.271,49.321,49.372,49.44,49.5,49.57,49.613,49.675,49.732,49.768,49.842,49.906,49.964,50.048,50.103,50.186,50.248,50.32,50.395,50.481,50.564,50.653,50.722,50.789,50.873,51.032,51.145,51.239,51.354,51.513,51.802,52.027,52.39,52.784,54.229
138,@TPP,41.98,43.967,44.522,44.848,45.139,45.324,45.509,45.613,45.775,45.877,45.98,46.066,46.18,46.259,46.355,46.474,46.568,46.648,46.72,46.78,46.837,46.902,46.97,47.041,47.093,47.151,47.214,47.276,47.328,47.386,47.444,47.515,47.584,47.637,47.677,47.722,47.773,47.828,47.877,47.96,48.008,48.051,48.092,48.153,48.207,48.244,48.301,48.347,48.394,48.437,48.477,48.529,48.571,48.627,48.685,48.725,48.769,48.818,48.851,48.902,48.953,49.017,49.076,49.136,49.192,49.264,49.308,49.354,49.414,49.464,49.525,49.566,49.611,49.662,49.726,49.797,49.858,49.932,49.993,50.049,50.098,50.164,50.231,50.314,50.389,50.47,50.521,50.601,50.699,50.783,50.891,50.991,51.119,51.243,51.361,51.532,51.732,52.008,52.347,52.736,54.04
139,@TPP,41.98,43.967,44.522,44.848,45.139,45.324,45.509,45.613,45.775,45.877,45.98,46.066,46.18,46.259,46.355,46.474,46.568,46.648,46.72,46.78,46.837,46.902,46.97,47.041,47.093,47.151,47.214,47.276,47.328,47.386,47.444,47.515,47.584,47.637,47.677,47.722,47.773,47.828,47.877,47.96,48.008,48.051,48.092,48.153,48.207,48.244,48.301,48.347,48.394,48.437,48.477,48.529,48.571,48.627,48.685,48.725,48.769,48.818,48.851,48.902,48.953,49.017,49.076,49.136,49.192,49.264,49.308,49.354,49.414,49.464,49.525,49.566,49.611,49.662,49.726,49.797,49.858,49.932,49.993,50.049,50.098,50.164,50.231,50.314,50.389,50.47,50.521,50.601,50.699,50.783,50.891,50.991,51.119,51.243,51.361,51.532,51.732,52.008,52.347,52.736,54.04
140,@TPP,41.947,44.106,44.613,44.925,45.154,45.3,45.484,45.631,45.756,45.887,46.012,46.12,46.232,46.306,46.379,46.484,46.571,46.637,46.705,46.778,46.845,46.906,46.987,47.05,47.111,47.192,47.25,47.299,47.355,47.404,47.458,47.529,47.582,47.63,47.683,47.733,47.791,47.848,47.896,47.97,48.009,48.062,48.114,48.163,48.201,48.252,48.295,48.35,48.392,48.436,48.48,48.522,48.569,48.612,48.666,48.716,48.765,48.808,48.869,48.911,48.96,49.017,49.058,49.104,49.167,49.223,49.276,49.317,49.368,49.42,49.477,49.522,49.581,49.623,49.684,49.748,49.809,49.869,49.931,49.994,50.073,50.123,50.198,50.296,50.365,50.444,50.512,50.576,50.651,50.751,50.832,50.944,51.061,51.181,51.339,51.463,51.642,51.912,52.342,52.735,53.973
141,@TPP,41.947,44.106,44.613,44.925,45.154,45.3,45.484,45.631,45.756,45.887,46.012,46.12,46.232,46.306,46.379,46.484,46.571,46.637,46.705,46.778,46.845,46.906,46.987,47.05,47.111,47.192,47.25,47.299,47.355,47.404,47.458,47.529,47.582,47.63,47.683,47.733,47.791,47.848,47.896,47.97,48.009,48.062,48.114,48.163,48.201,48.252,48.295,48.35,48.392,48.436,48.48,48.522,48.569,48.612,48.666,48.716,48.765,48.808,48.869,48.911,48.96,49.017,49.058,49.104,49.167,49.223,49.276,49.317,49.368,49.42,49.477,49.522,49.581,49.623,49.684,49.748,49.809,49.869,49.931,49.994,50.073,50.123,50.198,50.296,50.365,50.444,50.512,50.576,50.651,50.751,50.832,50.944,51.061,51.181,51.339,51.463,51.642,51.912,52.342,52.735,53.973
142,@TPP,42.206,44.128,44.629,44.938,45.173,45.346,45.477,45.664,45.811,45.916,45.997,46.095,46.227,46.308,46.398,46.472,46.58,46.645,46.727,46.8,46.864,46.933,46.996,47.066,47.121,47.177,47.232,47.278,47.332,47.394,47.449,47.506,47.573,47.614,47.691,47.744,47.797,47.846,47.899,47.951,47.984,48.05,48.094,48.152,48.189,48.242,48.281,48.312,48.371,48.43,48.46,48.512,48.567,48.616,48.651,48.709,48.76,48.801,48.842,48.889,48.947,48.993,49.04,49.097,49.148,49.207,49.25,49.297,49.346,49.409,49.452,49.507,49.57,49.634,49.686,49.742,49.79,49.851,49.912,49.961,50.049,50.141,50.217,50.273,50.329,50.402,50.495,50.578,50.685,50.752,50.831,50.94,51.053,51.2,51.335,51.482,51.727,51.89,52.27,52.602,54.04
143,@TPP,42.206,44.128,44.629,44.938,45.173,45.346,45.477,45.664,45.811,45.916,45.997,46.095,46.227,46.308,46.398,46.472,46.58,46.645,46.727,46.8,46.864,46.933,46.996,47.066,47.121,47.177,47.232,47.278,47.332,47.394,47.449,47.506,47.573,47.614,47.691,47.744,47.797,47.846,47.899,47.951,47.984,48.05,48.094,48.152,48.189,48.242,48.281,48.312,48.371,48.43,48.46,48.512,48.567,48.616,48.651,48.709,48.76,48.801,48.842,48.889,48.947,48.993,49.04,49.097,49.148,49.207,49.25,49.297,49.346,49.409,49.452,49.507,49.57,49.634,49.686,49.742,49.79,49.851,49.912,49.961,50.049,50.141,50.217,50.273,50.329,50.402,50.495,50.578,50.685,50.752,50.831,50.94,51.053,51.2,51.335,51.482,51.727,51.89,52.27,52.602,54.04
144,@TPP,42.07,44.208,44.668,45.009,45.193,45.391,45.551,45.721,45.816,45.94,46.048,46.137,46.217,46.316,46.398,46.485,46.571,46.654,46.725,46.803,46.854,46.941,46.995,47.061,47.125,47.208,47.263,47.324,47.374,47.426,47.473,47.532,47.574,47.63,47.692,47.748,47.797,47.839,47.894,47.949,48.016,48.077,48.124,48.166,48.222,48.255,48.292,48.344,48.39,48.441,48.485,48.531,48.58,48.631,48.684,48.722,48.756,48.802,48.842,48.888,48.946,48.993,49.027,49.077,49.134,49.175,49.23,49.282,49.34,49.389,49.438,49.506,49.569,49.604,49.661,49.722,49.782,49.842,49.894,49.979,50.051,50.105,50.191,50.268,50.336,50.405,50.483,50.541,50.648,50.734,50.85,50.942,51.053,51.196,51.289,51.465,51.657,51.919,52.16,52.657,53.899
145,@TPP,42.07,44.208,44.668,45.009,45.193,45.391,45.551,45.721,45.816,45.94,46.048,46.137,46.217,46.316,46.398,46.485,46.571,46.654,46.725,46.803,46.854,46.941,46.995,47.061,47.125,47.208,47.263,47.324,47.374,47.426,47.473,47.532,47.574,47.63,47.692,47.748,47.797,47.839,47.894,47.949,48.016,48.077,48.124,48.166,48.222,48.255,48.292,48.344,48.39,48.441,48.485,48.531,48.58,48.631,48.684,48.722,48.756,48.802,48.842,48.888,48.946,48.993,49.027,49.077,49.134,49.175,49.23,49.282,49.34,49.389,49.438,49.506,49.569,49.604,49.661,49.722,49.782,49.842,49.894,49.979,50.051,50.105,50.191,50.268,50.336,50.405,50.483,50.541,50.648,50.734,50.85,50.942,51.053,51.196,51.289,51.465,51.657,51.919,52.16,52.657,53.899
146,@TPP,42.184,44.314,44.735,45.055,45.223,45.369,45.505,45.711,45.81,45.92,46.029,46.138,46.242,46.358,46.434,46.512,46.603,46.708,46.78,46.859,46.91,46.994,47.053,47.106,47.151,47.192,47.258,47.311,47.398,47.462,47.525,47.592,47.662,47.697,47.74,47.794,47.843,47.902,47.947,47.997,48.035,48.078,48.122,48.165,48.204,48.258,48.304,48.344,48.383,48.435,48.477,48.52,48.562,48.613,48.664,48.709,48.778,48.83,48.875,48.915,48.957,49.008,49.06,49.097,49.147,49.198,49.252,49.299,49.355,49.401,49.46,49.525,49.577,49.631,49.691,49.748,49.803,49.849,49.913,49.979,50.049,50.121,50.194,50.269,50.338,50.418,50.511,50.569,50.639,50.742,50.828,50.956,51.076,51.181,51.298,51.424,51.631,51.838,52.166,52.677,53.983
147,@TPP,42.184,44.314,44.735,45.055,45.223,45.369,45.505,45.711,45.81,45.92,46.029,46.138,46.242,46.358,46.434,46.512,46.603,46.708,46.78,46.859,46.91,46.994,47.053,47.106,47.151,47.192,47.258,47.311,47.398,47.462,47.525,47.592,47.662,47.697,47.74,47.794,47.843,47.902,47.947,47.997,48.035,48.078,48.122,48.165,48.204,48.258,48.304,48.344,48.383,48.435,48.477,48.52,48.562,48.613,48.664,48.709,48.778,48.83,48.875,48.915,48.957,49.008,49.06,49.097,49.147,49.198,49.252,49.299,49.355,49.401,49.46,49.525,49.577,49.631,49.691,49.748,49.803,49.849,49.913,49.979,50.049,50.121,50.194,50.269,50.338,50.418,50.511,50.569,50.639,50.742,50.828,50.956,51.076,51.181,51.298,51.424,51.631,51.838,52.166,52.677,53.983
148,@TPP,42.514,44.306,44.759,45.118,45.307,45.458,45.606,45.724,45.841,45.982,46.082,46.17,46.273,46.374,46.461,46.521,46.607,46.684,46.762,46.836,46.912,46.978,47.046,47.114,47.165,47.226,47.31,47.382,47.444,47.489,47.539,47.584,47.648,47.692,47.739,47.786,47.858,47.897,47.933,47.978,48.029,48.067,48.109,48.149,48.206,48.254,48.299,48.34,48.388,48.441,48.488,48.535,48.573,48.619,48.662,48.709,48.758,48.795,48.848,48.905,48.953,48.993,49.041,49.083,49.15,49.204,49.255,49.31,49.372,49.407,49.463,49.503,49.552,49.622,49.67,49.718,49.762,49.827,49.899,49.975,50.036,50.114,50.172,50.234,50.316,50.424,50.504,50.584,50.674,50.739,50.864,50.96,51.041,51.178,51.309,51.434,51.617,51.8,52.119,52.705,53.941
149,@TPP,42.514,44.306,44.759,45.118,45.307,45.458,45.606,45.724,45.841,45.982,46.082,46.17,46.273,46.374,46.461,46.521,46.607,46.684,46.762,46.836,46.912,46.978,47.046,47.114,47.165,47.226,47.31,47.382,47.444,47.489,47.539,47.584,47.648,47.692,47.739,47.786,47.858,47.897,47.933,47.978,48.029,48.067,48.109,48.149,48.206,48.254,48.299,48.34,48.388,48.441,48.488,48.535,48.573,48.619,48.662,48.709,48.758,48.795,48.848,48.905,48.953,48.993,49.041,49.083,49.15,49.204,49.255,49.31,49.372,49.407,49.463,49.503,49.552,49.622,49.67,49.718,49.762,49.827,49.899,49.975,50.036,50.114,50.172,50.234,50.316,50.424,50.504,50.584,50.674,50.739,50.864,50.96,51.041,51.178,51.309,51.434,51.617,51.8,52.119,52.705,53.941
150,@TPP,42.561,44.297,44.802,45.063,45.336,45.517,45.636,45.785,45.919,46.022,46.139,46.236,46.319,46.411,46.492,46.563,46.654,46.729,46.79,46.876,46.952,47.023,47.075,47.145,47.206,47.256,47.323,47.366,47.44,47.481,47.542,47.592,47.646,47.685,47.739,47.792,47.843,47.89,47.94,47.99,48.027,48.065,48.106,48.161,48.214,48.258,48.296,48.356,48.4,48.435,48.48,48.518,48.571,48.624,48.675,48.742,48.793,48.837,48.891,48.926,48.966,49.003,49.048,49.102,49.177,49.23,49.281,49.328,49.389,49.428,49.471,49.52,49.589,49.65,49.688,49.726,49.788,49.852,49.917,50.007,50.071,50.148,50.231,50.291,50.36,50.431,50.496,50.577,50.649,50.728,50.815,50.921,51.034,51.194,51.316,51.444,51.597,51.819,52.143,52.553,53.839
151,@TPP,42.561,44.297,44.802,45.063,45.336,45.517,45.636,45.785,45.919,46.022,46.139,46.236,46.319,46.411,46.492,46.563,46.654,46.729,46.79,46.876,46.952,47.023,47.075,47.145,47.206,47.256,47.323,47.366,47.44,47.481,47.542,47.592,47.646,47.685,47.739,47.792,47.843,47.89,47.94,47.99,48.027,48.065,48.106,48.161,48.214,48.258,48.296,48.356,48.4,48.435,48.48,48.518,48.571,48.624,48.675,48.742,48.793,48.837,48.891,48.926,48.966,49.003,49.048,49.102,49.177,49.23,49.281,49.328,49.389,49.428,49.471,49.52,49.589,49.65,49.688,49.726,49.788,49.852,49.917,50.007,50.071,50.148,50.231,50.291,50.36,50.431,50.496,50.577,50.649,50.728,50.815,50.921,51.034,51.194,51.316,51.444,51.597,51.819,52.143,52.553,53.839
152,@TPP,42.384,44.342,44.848,45.061,45.323,45.568,45.73,45.85,45.974,46.085,46.163,46.261,46.352,46.438,46.511,46.581,46.681,46.763,46.845,46.904,46.963,47.012,47.071,47.137,47.204,47.26,47.317,47.36,47.422,47.478,47.525,47.588,47.649,47.685,47.739,47.794,47.843,47.902,47.954,47.988,48.036,48.083,48.124,48.173,48.202,48.238,48.292,48.34,48.379,48.442,48.483,48.519,48.586,48.627,48.684,48.725,48.772,48.823,48.886,48.938,48.98,49.022,49.064,49.123,49.17,49.218,49.278,49.326,49.389,49.436,49.492,49.554,49.606,49.657,49.707,49.748,49.807,49.855,49.926,49.988,50.052,50.114,50.191,50.279,50.341,50.407,50.473,50.562,50.645,50.705,50.81,50.905,51.014,51.149,51.275,51.402,51.594,51.816,52.144,52.57,53.853
153,@TPP,42.384,44.342,44.848,45.061,45.323,45.568,45.73,45.85,45.974,46.085,46.163,46.261,46.352,46.438,46.511,46.581,46.681,46.763,46.845,46.904,46.963,47.012,47.071,47.137,47.204,47.26,47.317,47.36,47.422,47.478,47.525,47.588,47.649,47.685,47.739,47.794,47.843,47.902,47.954,47.988,48.036,48.083,48.124,48.173,48.202,48.238,48.292,48.34,48.379,48.442,48.483,48.519,48.586,48.627,48.684,48.725,48.772,48.823,48.886,48.938,48.98,49.022,49.064,49.123,49.17,49.218,49.278,49.326,49.389,49.436,49.492,49.554,49.606,49.657,49.707,49.748,49.807,49.855,49.926,49.988,50.052,50.114,50.191,50.279,50.341,50.407,50.473,50.562,50.645,50.705,50.81,50.905,51.014,51.149,51.275,51.402,51.594,51.816,52.144,52.57,53.853
154,@TPP,42.417,44.443,44.917,45.199,45.416,45.591,45.741,45.864,45.949,46.066,46.179,46.285,46.36,46.458,46.534,46.627,46.696,46.786,46.849,46.924,46.993,47.06,47.125,47.181,47.239,47.296,47.362,47.435,47.471,47.524,47.585,47.628,47.685,47.733,47.791,47.859,47.911,47.954,47.996,48.047,48.095,48.132,48.161,48.212,48.245,48.288,48.328,48.376,48.418,48.472,48.519,48.552,48.604,48.64,48.696,48.752,48.789,48.844,48.906,48.946,48.991,49.049,49.097,49.145,49.194,49.24,49.279,49.33,49.362,49.438,49.48,49.532,49.583,49.624,49.68,49.732,49.794,49.844,49.905,49.979,50.03,50.081,50.179,50.237,50.302,50.369,50.449,50.53,50.593,50.674,50.773,50.856,50.948,51.072,51.25,51.383,51.587,51.771,52.046,52.552,53.6
155,@TPP,42.417,44.443,44.917,45.199,45.416,45.591,45.741,45.864,45.949,46.066,46.179,46.285,46.36,46.458,46.534,46.627,46.696,46.786,46.849,46.924,46.993,47.06,47.125,47.181,47.239,47.296,47.362,47.435,47.471,47.524,47.585,47.628,47.685,47.733,47.791,47.859,47.911,47.954,47.996,48.047,48.095,48.132,48.161,48.212,48.245,48.288,48.328,48.376,48.418,48.472,48.519,48.552,48.604,48.64,48.696,48.752,48.789,48.844,48.906,48.946,48.991,49.049,49.097,49.145,49.194,49.24,49.279,49.33,49.362,49.438,49.48,49.532,49.583,49.624,49.68,49.732,49.794,49.844,49.905,49.979,50.03,50.081,50.179,50.237,50.302,50.369,50.449,50.53,50.593,50.674,50.773,50.856,50.948,51.072,51.25,51.383,51.587,51.771,52.046,52.552,53.6
156,@TPP,42.448,44.505,44.961,45.23,45.445,45.602,45.801,45.973,46.071,46.164,46.231,46.321,46.39,46.487,46.579,46.653,46.721,46.808,46.889,46.977,47.054,47.122,47.176,47.22,47.285,47.337,47.386,47.456,47.513,47.547,47.614,47.683,47.712,47.762,47.804,47.849,47.89,47.939,47.972,48.031,48.065,48.127,48.179,48.228,48.276,48.316,48.362,48.411,48.465,48.508,48.54,48.586,48.619,48.657,48.695,48.741,48.797,48.854,48.898,48.954,48.992,49.035,49.075,49.121,49.174,49.232,49.277,49.322,49.394,49.437,49.481,49.519,49.578,49.648,49.692,49.735,49.782,49.864,49.911,49.984,50.033,50.096,50.147,50.217,50.285,50.343,50.435,50.507,50.573,50.656,50.764,50.863,50.967,51.128,51.289,51.432,51.602,51.795,52.146,52.518,53.725
157,@TPP,42.448,44.505,44.961,45.23,45.445,45.602,45.801,45.973,46.071,46.164,46.231,46.321,46.39,46.487,46.579,46.653,46.721,46.808,46.889,46.977,47.054,47.122,47.176,47.22,47.285,47.337,47.386,47.456,47.513,47.547,47.614,47.683,47.712,47.762,47.804,47.849,47.89,47.939,47.972,48.031,48.065,48.127,48.179,48.228,48.276,48.316,48.362,48.411,48.465,48.508,48.54,48.586,48.619,48.657,48.695,48.741,48.797,48.854,48.898,48.954,48.992,49.035,49.075,49.121,49.174,49.232,49.277,49.322,49.394,49.437,49.481,49.519,49.578,49.648,49.692,49.735,49.782,49.864,49.911,49.984,50.033,50.096,50.147,50.217,50.285,50.343,50.435,50.507,50.573,50.656,50.764,50.863,50.967,51.128,51.289,51.432,51.602,51.795,52.146,52.518,53.725
158,@TPP,42.447,44.506,44.991,45.281,45.51,45.705,45.849,45.979,46.121,46.248,46.328,46.4,46.503,46.573,46.631,46.731,46.787,46.841,46.923,46.978,47.055,47.13,47.189,47.244,47.314,47.364,47.428,47.482,47.527,47.586,47.636,47.682,47.741,47.791,47.845,47.892,47.93,47.962,48.01,48.041,48.091,48.139,48.177,48.205,48.273,48.313,48.351,48.403,48.454,48.493,48.541,48.576,48.625,48.672,48.713,48.759,48.805,48.838,48.888,48.937,48.988,49.024,49.075,49.124,49.17,49.214,49.262,49.321,49.37,49.403,49.449,49.49,49.548,49.615,49.663,49.721,49.783,49.824,49.885,49.939,50.009,50.085,50.135,50.225,50.304,50.373,50.459,50.539,50.592,50.658,50.764,50.851,50.968,51.103,51.235,51.398,51.533,51.784,52.062,52.436,53.735
159,@TPP,42.447,44.506,44.991,45.281,45.51,45.705,45.849,45.979,46.121,46.248,46.328,46.4,46.503,46.573,46.631,46.731,46.787,46.841,46.923,46.978,47.055,47.13,47.189,47.244,47.314,47.364,47.428,47.482,47.527,47.586,47.636,47.682,47.741,47.791,47.845,47.892,47.93,47.962,48.01,48.041,48.091,48.139,48.177,48.205,48.273,48.313,48.351,48.403,48.454,48.493,48.541,48.576,48.625,48.672,48.713,48.759,48.805,48.838,48.888,48.937,48.988,49.024,49.075,49.124,49.17,49.214,49.262,49.321,49.37,49.403,49.449,49.49,49.548,49.615,49.663,49.721,49.783,49.824,49.885,49.939,50.009,50.085,50.135,50.225,50.304,50.373,50.459,50.539,50.592,50.658,50.764,50.851,50.968,51.103,51.235,51.398,51.533,51.784,52.062,52.436,53.735
160,@TPP,42.576,44.566,45.054,45.33,45.511,45.754,45.901,46.015,46.153,46.243,46.336,46.425,46.492,46.572,46.648,46.732,46.813,46.872,46.938,46.995,47.089,47.153,47.204,47.269,47.317,47.372,47.431,47.492,47.533,47.593,47.646,47.696,47.754,47.804,47.868,47.912,47.96,48.016,48.053,48.086,48.114,48.156,48.205,48.24,48.28,48.32,48.349,48.401,48.453,48.501,48.533,48.589,48.623,48.673,48.712,48.778,48.812,48.856,48.911,48.952,48.991,49.041,49.079,49.116,49.176,49.215,49.269,49.343,49.394,49.442,49.478,49.517,49.58,49.631,49.695,49.752,49.799,49.847,49.904,49.971,50.025,50.072,50.149,50.211,50.276,50.347,50.4,50.47,50.569,50.683,50.767,50.878,50.982,51.095,51.195,51.357,51.497,51.689,51.959,52.344,53.579
161,@TPP,42.576,44.566,45.054,45.33,45.511,45.754,45.901,46.015,46.153,46.243,46.336,46.425,46.492,46.572,46.648,46.732,46.813,46.872,46.938,46.995,47.089,47.153,47.204,47.269,47.317,47.372,47.431,47.492,47.533,47.593,47.646,47.696,47.754,47.804,47.868,47.912,47.96,48.016,48.053,48.086,48.114,48.156,48.205,48.24,48.28,48.32,48.349,48.401,48.453,48.501,48.533,48.589,48.623,48.673,48.712,48.778,48.812,48.856,48.911,48.952,48.991,49.041,49.079,49.116,49.176,49.215,49.269,49.343,49.394,49.442,49.478,49.517,49.58,49.631,49.695,49.752,49.799,49.847,49.904,49.971,50.025,50.072,50.149,50.211,50.276,50.347,50.4,50.47,50.569,50.683,50.767,50.878,50.982,51.095,51.195,51.357,51.497,51.689,51.959,52.344,53.579
162,@TPP,42.453,44.725,45.108,45.341,45.559,45.794,45.934,46.086,46.201,46.308,46.372,46.453,46.547,46.644,46.729,46.767,46.833,46.887,46.974,47.041,47.102,47.171,47.242,47.324,47.376,47.424,47.487,47.552,47.6,47.645,47.695,47.728,47.792,47.84,47.892,47.941,47.977,48.022,48.067,48.112,48.143,48.173,48.218,48.259,48.297,48.348,48.388,48.43,48.468,48.507,48.55,48.589,48.626,48.67,48.725,48.766,48.814,48.868,48.911,48.963,49.018,49.073,49.116,49.157,49.19,49.25,49.296,49.327,49.387,49.427,49.485,49.522,49.562,49.63,49.678,49.74,49.794,49.852,49.912,49.958,50.017,50.098,50.167,50.213,50.273,50.345,50.418,50.485,50.544,50.636,50.71,50.8,50.891,51.019,51.145,51.316,51.519,51.729,51.958,52.382,53.697
163,@TPP,42.453,44.725,45.108,45.341,45.559,45.794,45.934,46.086,46.201,46.308,46.372,46.453,46.547,46.644,46.729,46.767,46.833,46.887,46.974,47.041,47.102,47.171,47.242,47.324,47.376,47.424,47.487,47.552,47.6,47.645,47.695,47.728,47.792,47.84,47.892,47.941,47.977,48.022,48.067,48.112,48.143,48.173,48.218,48.259,48.297,48.348,48.388,48.43,48.468,48.507,48.55,48.589,48.626,48.67,48.725,48.766,48.814,48.868,48.911,48.963,49.018,49.073,49.116,49.157,49.19,49.25,49.296,49.327,49.387,49.427,49.485,49.522,49.562,49.63,49.678,49.74,49.794,49.852,49.912,49.958,50.017,50.098,50.167,50.213,50.273,50.345,50.418,50.485,50.544,50.636,50.71,50.8,50.891,51.019,51.145,51.316,51.519,51.729,51.958,52.382,53.697
164,@TPP,42.8,44.8,45.229,45.483,45.697,45.848,45.991,46.101,46.228,46.33,46.402,46.493,46.561,46.644,46.711,46.784,46.868,46.917,46.988,47.067,47.167,47.228,47.286,47.345,47.386,47.425,47.477,47.543,47.592,47.631,47.679,47.735,47.792,47.836,47.893,47.931,47.979,48.014,48.044,48.092,48.134,48.181,48.24,48.285,48.321,48.361,48.406,48.456,48.495,48.528,48.58,48.632,48.673,48.716,48.755,48.791,48.83,48.871,48.916,48.971,49.016,49.052,49.11,49.159,49.207,49.242,49.296,49.347,49.398,49.431,49.477,49.529,49.592,49.645,49.683,49.727,49.768,49.829,49.884,49.942,50.013,50.085,50.142,50.205,50.256,50.337,50.402,50.473,50.545,50.653,50.714,50.781,50.894,50.983,51.101,51.248,51.438,51.67,51.976,52.478,53.596
165,@TPP,42.8,44.8,45.229,45.483,45.697,45.848,45.991,46.101,46.228,46.33,46.402,46.493,46.561,46.644,46.711,46.784,46.868,46.917,46.988,47.067,47.167,47.228,47.286,47.345,47.386,47.425,47.477,47.543,47.592,47.631,47.679,47.735,47.792,47.836,47.893,47.931,47.979,48.014,48.044,48.092,48.134,48.181,48.24,48.285,48.321,48.361,48.406,48.456,48.495,48.528,48.58,48.632,48.673,48.716,48.755,48.791,48.83,48.871,48.916,48.971,49.016,49.052,49.11,49.159,49.207,49.242,49.296,49.347,49.398,49.431,49.477,49.529,49.592,49.645,49.683,49.727,49.768,49.829,49.884,49.942,50.013,50.085,50.142,50.205,50.256,50.337,50.402,50.473,50.545,50.653,50.714,50.781,50.894,50.983,51.101,51.248,51.438,51.67,51.976,52.478,53.596
166,@TPP,42.906,44.898,45.276,45.596,45.739,45.897,46.043,46.148,46.252,46.377,46.446,46.534,46.587,46.638,46.719,46.791,46.858,46.949,47.019,47.083,47.158,47.214,47.274,47.341,47.392,47.441,47.493,47.566,47.615,47.676,47.73,47.778,47.822,47.858,47.908,47.963,48.006,48.056,48.097,48.131,48.161,48.185,48.222,48.268,48.317,48.358,48.393,48.441,48.489,48.531,48.576,48.626,48.67,48.717,48.749,48.792,48.835,48.872,48.911,48.956,49.01,49.068,49.102,49.135,49.169,49.224,49.271,49.324,49.367,49.417,49.464,49.518,49.577,49.65,49.688,49.746,49.796,49.833,49.899,49.968,50.028,50.089,50.134,50.179,50.247,50.323,50.39,50.475,50.557,50.632,50.722,50.807,50.893,51.002,51.09,51.251,51.412,51.656,51.953,52.455,53.331
167,@TPP,42.906,44.898,45.276,45.596,45.739,45.897,46.043,46.148,46.252,46.377,46.446,46.534,46.587,46.638,46.719,46.791,46.858,46.949,47.019,47.083,47.158,47.214,47.274,47.341,47.392,47.441,47.493,47.566,47.615,47.676,47.73,47.778,47.822,47.858,47.908,47.963,48.006,48.056,48.097,48.131,48.161,48.185,48.222,48.268,48.317,48.358,48.393,48.441,48.489,48.531,48.576,48.626,48.67,48.717,48.749,48.792,48.835,48.872,48.911,48.956,49.01,49.068,49.102,49.135,49.169,49.224,49.271,49.324,49.367,49.417,49.464,49.518,49.577,49.65,49.688,49.746,49.796,49.833,49.899,49.968,50.028,50.089,50.134,50.179,50.247,50.323,50.39,50.475,50.557,50.632,50.722,50.807,50.893,51.002,51.09,51.251,51.412,51.656,51.953,52.455,53.331
168,@TPP,43.351,44.864,45.295,45.603,45.829,45.968,46.082,46.178,46.26,46.39,46.484,46.569,46.634,46.726,46.778,46.862,46.928,46.977,47.044,47.11,47.169,47.222,47.284,47.354,47.415,47.462,47.522,47.562,47.61,47.659,47.705,47.753,47.794,47.836,47.903,47.963,48.004,48.055,48.105,48.153,48.205,48.236,48.276,48.332,48.364,48.396,48.438,48.473,48.514,48.561,48.6,48.648,48.685,48.73,48.769,48.809,48.864,48.91,48.956,48.998,49.036,49.062,49.105,49.155,49.194,49.24,49.278,49.321,49.355,49.407,49.471,49.535,49.588,49.631,49.683,49.729,49.785,49.829,49.886,49.942,49.997,50.033,50.093,50.174,50.241,50.306,50.378,50.468,50.557,50.63,50.716,50.797,50.873,50.971,51.097,51.244,51.396,51.652,51.944,52.377,53.487
169,@TPP,43.351,44.864,45.295,45.603,45.829,45.968,46.082,46.178,46.26,46.39,46.484,46.569,46.634,46.726,46.778,46.862,46.928,46.977,47.044,47.11,47.169,47.222,47.284,47.354,47.415,47.462,47.522,47.562,47.61,47.659,47.705,47.753,47.794,47.836,47.903,47.963,48.004,48.055,48.105,48.153,48.205,48.236,48.276,48.332,48.364,48.396,48.438,48.473,48.514,48.561,48.6,48.648,48.685,48.73,48.769,48.809,48.864,48.91,48.956,48.998,49.036,49.062,49.105,49.155,49.194,49.24,49.278,49.321,49.355,49.407,49.471,49.535,49.588,49.631,49.683,49.729,49.785,49.829,49.886,49.942,49.997,50.033,50.093,50.174,50.241,50.306,50.378,50.468,50.557,50.63,50.716,50.797,50.873,50.971,51.097,51.244,51.396,51.652,51.944,52.377,53.487
170,@TPP,43.588,44.914,45.323,45.638,45.796,45.912,46.075,46.231,46.322,46.394,46.501,46.576,46.647,46.726,46.813,46.878,46.946,47.007,47.095,47.147,47.214,47.291,47.349,47.424,47.478,47.538,47.582,47.628,47.676,47.724,47.775,47.804,47.846,47.887,47.931,47.98,48.027,48.07,48.097,48.139,48.187,48.219,48.267,48.303,48.353,48.402,48.447,48.487,48.529,48.568,48.605,48.647,48.69,48.731,48.778,48.815,48.863,48.92,48.962,49.005,49.046,49.081,49.11,49.161,49.193,49.245,49.286,49.344,49.395,49.439,49.498,49.528,49.596,49.65,49.687,49.767,49.814,49.863,49.908,49.95,50.003,50.069,50.12,50.166,50.239,50.294,50.365,50.448,50.525,50.632,50.707,50.784,50.857,51.003,51.103,51.232,51.399,51.62,51.867,52.247,53.275
171,@TPP,43.588,44.914,45.323,45.638,45.796,45.912,46.075,46.231,46.322,46.394,46.501,46.576,46.647,46.726,46.813,46.878,46.946,47.007,47.095,47.147,47.214,47.291,47.349,47.424,47.478,47.538,47.582,47.628,47.676,47.724,47.775,47.804,47.846,47.887,47.931,47.98,48.027,48.07,48.097,48.139,48.187,48.219,48.267,48.303,48.353,48.402,48.447,48.487,48.529,48.568,48.605,48.647,48.69,48.731,48.778,48.815,48.863,48.92,48.962,49.005,49.046,49.081,49.11,49.161,49.193,49.245,49.286,49.344,49.395,49.439,49.498,49.528,49.596,49.65,49.687,49.767,49.814,49.863,49.908,49.95,50.003,50.069,50.12,50.166,50.239,50.294,50.365,50.448,50.525,50.632,50.707,50.784,50.857,51.003,51.103,51.232,51.399,51.62,51.867,52.247,53.275
172,@TPP,43.484,45.074,45.464,45.675,45.85,46.011,46.145,46.237,46.364,46.449,46.539,46.593,46.676,46.762,46.835,46.926,46.996,47.066,47.136,47.194,47.241,47.316,47.374,47.428,47.479,47.53,47.573,47.615,47.672,47.726,47.766,47.841,47.87,47.904,47.937,47.983,48.023,48.061,48.099,48.139,48.179,48.211,48.268,48.316,48.372,48.417,48.456,48.492,48.539,48.578,48.627,48.661,48.696,48.741,48.788,48.836,48.88,48.927,48.96,48.995,49.036,49.083,49.12,49.157,49.202,49.232,49.278,49.338,49.391,49.43,49.482,49.535,49.582,49.634,49.686,49.738,49.8,49.847,49.897,49.941,50.008,50.07,50.122,50.176,50.233,50.322,50.391,50.458,50.532,50.642,50.717,50.795,50.891,51.001,51.096,51.193,51.376,51.557,51.86,52.281,53.336
173,@TPP,43.484,45.074,45.464,45.675,45.85,46.011,46.145,46.237,46.364,46.449,46.539,46.593,46.676,46.762,46.835,46.926,46.996,47.066,47.136,47.194,47.241,47.316,47.374,47.428,47.479,47.53,47.573,47.615,47.672,47.726,47.766,47.841,47.87,47.904,47.937,47.983,48.023,48.061,48.099,48.139,48.179,48.211,48.268,48.316,48.372,48.417,48.456,48.492,48.539,48.578,48.627,48.661,48.696,48.741,48.788,48.836,48.88,48.927,48.96,48.995,49.036,49.083,49.12,49.157,49.202,49.232,49.278,49.338,49.391,49.43,49.482,49.535,49.582,49.634,49.686,49.738,49.8,49.847,49.897,49.941,50.008,50.07,50.122,50.176,50.233,50.322,50.391,50.458,50.532,50.642,50.717,50.795,50.891,51.001,51.096,51.193,51.376,51.557,51.86,52.281,53.336
174,@TPP,43.588,44.989,45.488,45.709,45.912,46.072,46.2,46.302,46.397,46.486,46.589,46.68,46.766,46.834,46.903,46.968,47.03,47.12,47.187,47.253,47.31,47.359,47.418,47.45,47.501,47.553,47.604,47.642,47.675,47.726,47.753,47.808,47.858,47.919,47.959,47.993,48.034,48.078,48.125,48.183,48.226,48.26,48.301,48.336,48.374,48.419,48.483,48.521,48.562,48.599,48.639,48.682,48.72,48.761,48.804,48.858,48.89,48.93,48.979,49.009,49.043,49.078,49.12,49.16,49.189,49.232,49.266,49.33,49.373,49.422,49.473,49.529,49.578,49.619,49.678,49.723,49.791,49.831,49.886,49.939,50.002,50.076,50.124,50.184,50.262,50.324,50.393,50.446,50.537,50.609,50.701,50.784,50.871,50.999,51.129,51.239,51.371,51.561,51.822,52.193,53.373
175,@TPP,43.588,44.989,45.488,45.709,45.912,46.072,46.2,46.302,46.397,46.486,46.589,46.68,46.766,46.834,46.903,46.968,47.03,47.12,47.187,47.253,47.31,47.359,47.418,47.45,47.501,47.553,47.604,47.642,47.675,47.726,47.753,47.808,47.858,47.919,47.959,47.993,48.034,48.078,48.125,48.183,48.226,48.26,48.301,48.336,48.374,48.419,48.483,48.521,48.562,48.599,48.639,48.682,48.72,48.761,48.804,48.858,48.89,48.93,48.979,49.009,49.043,49.078,49.12,49.16,49.189,49.232,49.266,49.33,49.373,49.422,49.473,49.529,49.578,49.619,49.678,49.723,49.791,49.831,49.886,49.939,50.002,50.076,50.124,50.184,50.262,50.324,50.393,50.446,50.537,50.609,50.701,50.784,50.871,50.999,51.129,51.239,51.371,51.561,51.822,52.193,53.373
176,@TPP,43.857,45.052,45.496,45.708,45.904,46.073,46.229,46.331,46.457,46.573,46.653,46.732,46.785,46.867,46.92,46.985,47.059,47.117,47.181,47.231,47.293,47.348,47.398,47.46,47.51,47.571,47.634,47.677,47.724,47.769,47.822,47.87,47.913,47.954,48.006,48.044,48.076,48.118,48.153,48.197,48.243,48.286,48.331,48.382,48.425,48.458,48.502,48.544,48.589,48.627,48.659,48.696,48.736,48.773,48.817,48.854,48.88,48.931,48.978,49.009,49.045,49.075,49.113,49.142,49.193,49.234,49.282,49.323,49.392,49.428,49.472,49.516,49.566,49.609,49.66,49.715,49.757,49.816,49.863,49.91,49.961,50.029,50.09,50.154,50.21,50.289,50.37,50.434,50.509,50.572,50.66,50.777,50.87,50.981,51.094,51.246,51.406,51.562,51.79,52.186,53.483
177,@TPP,43.857,45.052,45.496,45.708,45.904,46.073,46.229,46.331,46.457,46.573,46.653,46.732,46.785,46.867,46.92,46.985,47.059,47.117,47.181,47.231,47.293,47.348,47.398,47.46,47.51,47.571,47.634,47.677,47.724,47.769,47.822,47.87,47.913,47.954,48.006,48.044,48.076,48.118,48.153,48.197,48.243,48.286,48.331,48.382,48.425,48.458,48.502,48.544,48.589,48.627,48.659,48.696,48.736,48.773,48.817,48.854,48.88,48.931,48.978,49.009,49.045,49.075,49.113,49.142,49.193,49.234,49.282,49.323,49.392,49.428,49.472,49.516,49.566,49.609,49.66,49.715,49.757,49.816,49.863,49.91,49.961,50.029,50.09,50.154,50.21,50.289,50.37,50.434,50.509,50.572,50.66,50.777,50.87,50.981,51.094,51.246,51.406,51.562,51.79,52.186,53.483
178,@TPP,43.834,45.12,45.547,45.801,45.979,46.134,46.302,46.4,46.496,46.586,46.686,46.757,46.82,46.899,46.962,47.046,47.112,47.175,47.231,47.303,47.359,47.4,47.46,47.512,47.571,47.614,47.655,47.705,47.75,47.796,47.844,47.879,47.933,47.979,48.029,48.063,48.1,48.153,48.19,48.225,48.258,48.297,48.343,48.376,48.429,48.472,48.524,48.56,48.592,48.63,48.678,48.722,48.751,48.786,48.821,48.866,48.901,48.939,48.986,49.009,49.04,49.085,49.14,49.168,49.2,49.237,49.288,49.327,49.371,49.42,49.472,49.516,49.566,49.622,49.671,49.711,49.767,49.826,49.864,49.918,49.963,50.01,50.092,50.139,50.21,50.265,50.341,50.426,50.494,50.56,50.619,50.734,50.821,50.923,51.038,51.211,51.391,51.587,51.827,52.219,53.409
179,@TPP,43.834,45.12,45.547,45.801,45.979,46.134,46.302,46.4,46.496,46.586,46.686,46.757,46.82,46.899,46.962,47.046,47.112,47.175,47.231,47.303,47.359,47.4,47.46,47.512,47.571,47.614,47.655,47.705,47.75,47.796,47.844,47.879,47.933,47.979,48.029,48.063,48.1,48.153,48.19,48.225,48.258,48.297,48.343,48.376,48.429,48.472,48.524,48.56,48.592,48.63,48.678,48.722,48.751,48.786,48.821,48.866,48.901,48.939,48.986,49.009,49.04,49.085,49.14,49.168,49.2,49.237,49.288,49.327,49.371,49.42,49.472,49.516,49.566,49.622,49.671,49.711,49.767,49.826,49.864,49.918,49.963,50.01,50.092,50.139,50.21,50.265,50.341,50.426,50.494,50.56,50.619,50.734,50.821,50.923,51.038,51.211,51.391,51.587,51.827,52.219,53.409
180,@TPP,44.104,45.164,45.606,45.867,46.066,46.228,46.362,46.481,46.58,46.675,46.755,46.821,46.89,46.956,47.033,47.083,47.145,47.212,47.273,47.332,47.397,47.437,47.494,47.548,47.601,47.652,47.707,47.745,47.802,47.847,47.883,47.938,47.975,48.01,48.049,48.074,48.12,48.169,48.205,48.238,48.294,48.339,48.37,48.417,48.464,48.498,48.534,48.564,48.597,48.638,48.67,48.697,48.741,48.773,48.803,48.848,48.888,48.933,48.967,49.01,49.058,49.092,49.13,49.162,49.192,49.237,49.286,49.324,49.37,49.416,49.453,49.506,49.554,49.628,49.658,49.692,49.746,49.805,49.853,49.907,49.946,50.005,50.085,50.146,50.211,50.277,50.336,50.411,50.488,50.556,50.651,50.741,50.828,50.914,51.024,51.173,51.334,51.51,51.775,52.144,53.298
181,@TPP,44.104,45.164,45.606,45.867,46.066,46.228,46.362,46.481,46.58,46.675,46.755,46.821,46.89,46.956,47.033,47.083,47.145,47.212,47.273,47.332,47.397,47.437,47.494,47.548,47.601,47.652,47.707,47.745,47.802,47.847,47.883,47.938,47.975,48.01,48.049,48.074,48.12,48.169,48.205,48.238,48.294,48.339,48.37,48.417,48.464,48.498,48.534,48.564,48.597,48.638,48.67,48.697,48.741,48.773,48.803,48.848,48.888,48.933,48.967,49.01,49.058,49.092,49.13,49.162,49.192,49.237,49.286,49.324,49.37,49.416,49.453,49.506,49.554,49.628,49.658,49.692,49.746,49.805,49.853,49.907,49.946,50.005,50.085,50.146,50.211,50.277,50.336,50.411,50.488,50.556,50.651,50.741,50.828,50.914,51.024,51.173,51.334,51.51,51.775,52.144,53.298
182,@TPP,44.295,45.045,45.519,45.742,46.019,46.198,46.375,46.462,46.563,46.64,46.742,46.815,46.859,46.955,47.018,47.072,47.145,47.189,47.251,47.32,47.375,47.434,47.491,47.546,47.592,47.641,47.691,47.726,47.766,47.812,47.866,47.908,47.943,47.987,48.027,48.084,48.119,48.16,48.206,48.246,48.289,48.324,48.36,48.4,48.443,48.475,48.513,48.548,48.577,48.616,48.651,48.682,48.721,48.759,48.822,48.869,48.913,48.949,48.977,49.013,49.045,49.092,49.127,49.165,49.22,49.267,49.317,49.366,49.413,49.447,49.496,49.538,49.586,49.645,49.676,49.714,49.772,49.819,49.866,49.911,49.961,50.013,50.068,50.141,50.199,50.269,50.335,50.424,50.487,50.603,50.674,50.78,50.845,50.975,51.073,51.203,51.387,51.613,51.894,52.257,53.007
183,@TPP,44.295,45.045,45.519,45.742,46.019,46.198,46.375,46.462,46.563,46.64,46.742,46.815,46.859,46.955,47.018,47.072,47.145,47.189,47.251,47.32,47.375,47.434,47.491,47.546,47.592,47.641,47.691,47.726,47.766,47.812,47.866,47.908,47.943,47.987,48.027,48.084,48.119,48.16,48.206,48.246,48.289,48.324,48.36,48.4,48.443,48.475,48.513,48.548,48.577,48.616,48.651,48.682,48.721,48.759,48.822,48.869,48.913,48.949,48.977,49.013,49.045,49.092,49.127,49.165,49.22,49.267,49.317,49.366,49.413,49.447,49.496,49.538,49.586,49.645,49.676,49.714,49.772,49.819,49.866,49.911,49.961,50.013,50.068,50.141,50.199,50.269,50.335,50.424,50.487,50.603,50.674,50.78,50.845,50.975,51.073,51.203,51.387,51.613,51.894,52.257,53.007
184,@TPP,44.241,45.017,45.433,45.762,45.992,46.124,46.227,46.39,46.518,46.608,46.713,46.789,46.854,46.938,47.022,47.09,47.149,47.213,47.245,47.292,47.346,47.409,47.459,47.51,47.57,47.608,47.656,47.708,47.768,47.822,47.885,47.923,47.964,47.999,48.036,48.079,48.121,48.162,48.193,48.231,48.277,48.303,48.334,48.38,48.419,48.45,48.498,48.541,48.577,48.626,48.671,48.71,48.745,48.783,48.82,48.853,48.901,48.94,48.971,49.014,49.051,49.108,49.146,49.202,49.252,49.287,49.339,49.38,49.416,49.471,49.515,49.584,49.637,49.68,49.714,49.771,49.821,49.859,49.907,49.943,49.993,50.068,50.13,50.187,50.244,50.293,50.335,50.413,50.476,50.545,50.63,50.735,50.828,50.974,51.113,51.321,51.505,51.738,52.037,52.421,53.428
185,@TPP,44.241,45.017,45.433,45.762,45.992,46.124,46.227,46.39,46.518,46.608,46.713,46.789,46.854,46.938,47.022,47.09,47.149,47.213,47.245,47.292,47.346,47.409,47.459,47.51,47.57,47.608,47.656,47.708,47.768,47.822,47.885,47.923,47.964,47.999,48.036,48.079,48.121,48.162,48.193,48.231,48.277,48.303,48.334,48.38,48.419,48.45,48.498,48.541,48.577,48.626,48.671,48.71,48.745,48.783,48.82,48.853,48.901,48.94,48.971,49.014,49.051,49.108,49.146,49.202,49.252,49.287,49.339,49.38,49.416,49.471,49.515,49.584,49.637,49.68,49.714,49.771,49.821,49.859,49.907,49.943,49.993,50.068,50.13,50.187,50.244,50.293,50.335,50.413,50.476,50.545,50.63,50.735,50.828,50.974,51.113,51.321,51.505,51.738,52.037,52.421,53.428
186,@TPP,44.13,45.114,45.452,45.71,45.928,46.087,46.23,46.357,46.481,46.565,46.69,46.761,46.85,46.921,47.001,47.053,47.102,47.176,47.238,47.293,47.343,47.403,47.456,47.508,47.552,47.612,47.667,47.709,47.759,47.813,47.855,47.902,47.946,47.992,48.035,48.068,48.113,48.171,48.212,48.247,48.297,48.337,48.378,48.416,48.452,48.491,48.527,48.568,48.603,48.642,48.679,48.704,48.74,48.771,48.819,48.856,48.907,48.943,48.975,49.015,49.057,49.102,49.142,49.189,49.234,49.291,49.319,49.379,49.424,49.482,49.542,49.585,49.639,49.678,49.714,49.772,49.822,49.867,49.927,49.969,50.011,50.065,50.13,50.179,50.251,50.315,50.366,50.429,50.508,50.576,50.649,50.747,50.903,51.034,51.169,51.304,51.489,51.735,51.994,52.458,53.717
187,@TPP,44.13,45.114,45.452,45.71,45.928,46.087,46.23,46.357,46.481,46.565,46.69,46.761,46.85,46.921,47.001,47.053,47.102,47.176,47.238,47.293,47.343,47.403,47.456,47.508,47.552,47.612,47.667,47.709,47.759,47.813,47.855,47.902,47.946,47.992,48.035,48.068,48.113,48.171,48.212,48.247,48.297,48.337,48.378,48.416,48.452,48.491,48.527,48.568,48.603,48.642,48.679,48.704,48.74,48.771,48.819,48.856,48.907,48.943,48.975,49.015,49.057,49.102,49.142,49.189,49.234,49.291,49.319,49.379,49.424,49.482,49.542,49.585,49.639,49.678,49.714,49.772,49.822,49.867,49.927,49.969,50.011,50.065,50.13,50.179,50.251,50.315,50.366,50.429,50.508,50.576,50.649,50.747,50.903,51.034,51.169,51.304,51.489,51.735,51.994,52.458,53.717
188,@TPP,43.798,45.066,45.485,45.726,45.981,46.129,46.227,46.387,46.521,46.597,46.681,46.791,46.872,46.936,47.005,47.064,47.133,47.184,47.234,47.297,47.364,47.408,47.451,47.522,47.565,47.615,47.665,47.719,47.771,47.816,47.877,47.922,47.959,48.003,48.036,48.063,48.106,48.145,48.199,48.238,48.29,48.325,48.366,48.4,48.442,48.483,48.53,48.575,48.623,48.656,48.689,48.735,48.767,48.807,48.849,48.882,48.922,48.957,48.989,49.049,49.094,49.122,49.151,49.2,49.237,49.291,49.337,49.368,49.408,49.458,49.487,49.524,49.568,49.624,49.663,49.735,49.805,49.881,49.927,49.981,50.049,50.106,50.178,50.247,50.306,50.368,50.432,50.493,50.559,50.646,50.754,50.85,50.924,51.042,51.183,51.356,51.53,51.745,52.014,52.415,53.742
189,@TPP,43.798,45.066,45.485,45.726,45.981,46.129,46.227,46.387,46.521,46.597,46.681,46.791,46.872,46.936,47.005,47.064,47.133,47.184,47.234,47.297,47.364,47.408,47.451,47.522,47.565,47.615,47.665,47.719,47.771,47.816,47.877,47.922,47.959,48.003,48.036,48.063,48.106,48.145,48.199,48.238,48.29,48.325,48.366,48.4,48.442,48.483,48.53,48.575,48.623,48.656,48.689,48.735,48.767,48.807,48.849,48.882,48.922,48.957,48.989,49.049,49.094,49.122,49.151,49.2,49.237,49.291,49.337,49.368,49.408,49.458,49.487,49.524,49.568,49.624,49.663,49.735,49.805,49.881,49.927,49.981,50.049,50.106,50.178,50.247,50.306,50.368,50.432,50.493,50.559,50.646,50.754,50.85,50.924,51.042,51.183,51.356,51.53,51.745,52.014,52.415,53.742
190,@TPP,43.736,44.986,45.463,45.755,45.947,46.088,46.213,46.353,46.43,46.539,46.656,46.753,46.825,46.893,46.983,47.048,47.114,47.196,47.277,47.318,47.369,47.43,47.487,47.524,47.568,47.615,47.669,47.72,47.763,47.808,47.852,47.912,47.949,47.983,48.03,48.076,48.124,48.175,48.21,48.246,48.285,48.333,48.374,48.397,48.426,48.477,48.515,48.543,48.585,48.627,48.665,48.702,48.74,48.781,48.836,48.885,48.919,48.959,48.99,49.037,49.09,49.131,49.184,49.222,49.27,49.309,49.336,49.372,49.428,49.472,49.502,49.549,49.618,49.657,49.697,49.765,49.809,49.857,49.916,49.987,50.04,50.105,50.164,50.224,50.306,50.363,50.451,50.523,50.611,50.694,50.777,50.848,50.968,51.116,51.224,51.38,51.523,51.844,52.092,52.409,53.632
191,@TPP,43.736,44.986,45.463,45.755,45.947,46.088,46.213,46.353,46.43,46.539,46.656,46.753,46.825,46.893,46.983,47.048,47.114,47.196,47.277,47.318,47.369,47.43,47.487,47.524,47.568,47.615,47.669,47.72,47.763,47.808,47.852,47.912,47.949,47.983,48.03,48.076,48.124,48.175,48.21,48.246,48.285,48.333,48.374,48.397,48.426,48.477,48.515,48.543,48.585,48.627,48.665,48.702,48.74,48.781,48.836,48.885,48.919,48.959,48.99,49.037,49.09,49.131,49.184,49.222,49.27,49.309,49.336,49.372,49.428,49.472,49.502,49.549,49.618,49.657,49.697,49.765,49.809,49.857,49.916,49.987,50.04,50.105,50.164,50.224,50.306,50.363,50.451,50.523,50.611,50.694,50.777,50.848,50.968,51.116,51.224,51.38,51.523,51.844,52.092,52.409,53.632
192,@TPP,43.867,45.019,45.42,45.646,45.905,46.063,46.182,46.293,46.398,46.518,46.612,46.7,46.77,46.887,46.963,47.055,47.127,47.207,47.282,47.334,47.376,47.43,47.476,47.543,47.599,47.637,47.678,47.724,47.766,47.813,47.86,47.911,47.962,48.008,48.043,48.086,48.137,48.173,48.221,48.247,48.28,48.322,48.366,48.409,48.44,48.492,48.536,48.57,48.601,48.637,48.669,48.701,48.731,48.77,48.805,48.848,48.886,48.934,48.996,49.036,49.076,49.12,49.171,49.206,49.241,49.293,49.327,49.37,49.415,49.479,49.516,49.564,49.615,49.685,49.731,49.784,49.831,49.875,49.94,50.005,50.061,50.129,50.187,50.24,50.299,50.373,50.451,50.547,50.603,50.687,50.803,50.904,51.003,51.091,51.215,51.364,51.517,51.793,52.075,52.509,53.585
193,@TPP,43.867,45.019,45.42,45.646,45.905,46.063,46.182,46.293,46.398,46.518,46.612,46.7,46.77,46.887,46.963,47.055,47.127,47.207,47.282,47.334,47.376,47.43,47.476,47.543,47.599,47.637,47.678,47.724,47.766,47.813,47.86,47.911,47.962,48.008,48.043,48.086,48.137,48.173,48.221,48.247,48.28,48.322,48.366,48.409,48.44,48.492,48.536,48.57,48.601,48.637,48.669,48.701,48.731,48.77,48.805,48.848,48.886,48.934,48.996,49.036,49.076,49.12,49.171,49.206,49.241,49.293,49.327,49.37,49.415,49.479,49.516,49.564,49.615,49.685,49.731,49.784,49.831,49.875,49.94,50.005,50.061,50.129,50.187,50.24,50.299,50.373,50.451,50.547,50.603,50.687,50.803,50.904,51.003,51.091,51.215,51.364,51.517,51.793,52.075,52.509,53.585
194,@TPP,44.024,44.951,45.45,45.697,45.839,46.019,46.145,46.298,46.421,46.527,46.615,46.708,46.803,46.863,46.968,47.037,47.098,47.159,47.226,47.307,47.363,47.411,47.482,47.535,47.6,47.645,47.684,47.736,47.767,47.815,47.874,47.92,47.958,47.992,48.05,48.079,48.126,48.15,48.198,48.247,48.285,48.33,48.371,48.404,48.43,48.471,48.519,48.56,48.587,48.624,48.662,48.69,48.73,48.769,48.814,48.848,48.907,48.969,49.01,49.062,49.117,49.149,49.191,49.229,49.276,49.317,49.371,49.42,49.458,49.51,49.548,49.593,49.644,49.689,49.738,49.797,49.845,49.89,49.953,50.023,50.08,50.125,50.216,50.28,50.336,50.387,50.471,50.562,50.654,50.743,50.83,50.912,51.003,51.092,51.24,51.361,51.588,51.844,52.125,52.594,53.695
195,@TPP,44.024,44.951,45.45,45.697,45.839,46.019,46.145,46.298,46.421,46.527,46.615,46.708,46.803,46.863,46.968,47.037,47.098,47.159,47.226,47.307,47.363,47.411,47.482,47.535,47.6,47.645,47.684,47.736,47.767,47.815,47.874,47.92,47.958,47.992,48.05,48.079,48.126,48.15,48.198,48.247,48.285,48.33,48.371,48.404,48.43,48.471,48.519,48.56,48.587,48.624,48.662,48.69,48.73,48.769,48.814,48.848,48.907,48.969,49.01,49.062,49.117,49.149,49.191,49.229,49.276,49.317,49.371,49.42,49.458,49.51,49.548,49.593,49.644,49.689,49.738,49.797,49.845,49.89,49.953,50.023,50.08,50.125,50.216,50.28,50.336,50.387,50.471,50.562,50.654,50.743,50.83,50.912,51.003,51.092,51.24,51.361,51.588,51.844,52.125,52.594,53.695
196,@TPP,43.748,44.899,45.48,45.701,45.863,46.012,46.165,46.283,46.388,46.532,46.627,46.709,46.802,46.891,46.975,47.048,47.136,47.199,47.237,47.286,47.332,47.375,47.431,47.475,47.521,47.577,47.619,47.688,47.739,47.801,47.868,47.911,47.964,48.008,48.064,48.102,48.142,48.183,48.213,48.258,48.291,48.32,48.357,48.397,48.436,48.471,48.52,48.56,48.598,48.635,48.661,48.707,48.739,48.794,48.838,48.886,48.935,48.963,48.995,49.048,49.092,49.132,49.175,49.222,49.269,49.306,49.351,49.397,49.452,49.499,49.567,49.623,49.681,49.721,49.771,49.827,49.879,49.94,50.001,50.064,50.131,50.191,50.26,50.344,50.42,50.477,50.543,50.602,50.68,50.753,50.829,50.918,51.038,51.138,51.276,51.405,51.622,51.789,52.155,52.525,53.597
197,@TPP,43.748,44.899,45.48,45.701,45.863,46.012,46.165,46.283,46.388,46.532,46.627,46.709,46.802,46.891,46.975,47.048,47.136,47.199,47.237,47.286,47.332,47.375,47.431,47.475,47.521,47.577,47.619,47.688,47.739,47.801,47.868,47.911,47.964,48.008,48.064,48.102,48.142,48.183,48.213,48.258,48.291,48.32,48.357,48.397,48.436,48.471,48.52,48.56,48.598,48.635,48.661,48.707,48.739,48.794,48.838,48.886,48.935,48.963,48.995,49.048,49.092,49.132,49.175,49.222,49.269,49.306,49.351,49.397,49.452,49.499,49.567,49.623,49.681,49.721,49.771,49.827,49.879,49.94,50.001,50.064,50.131,50.191,50.26,50.344,50.42,50.477,50.543,50.602,50.68,50.753,50.829,50.918,51.038,51.138,51.276,51.405,51.622,51.789,52.155,52.525,53.597
198,@TPP,43.729,44.945,45.461,45.644,45.808,45.99,46.159,46.247,46.346,46.481,46.592,46.703,46.817,46.907,46.994,47.058,47.111,47.164,47.235,47.305,47.361,47.414,47.486,47.536,47.592,47.638,47.689,47.734,47.783,47.82,47.87,47.916,47.957,48.013,48.049,48.103,48.151,48.203,48.231,48.267,48.315,48.359,48.392,48.429,48.46,48.502,48.541,48.571,48.611,48.648,48.682,48.719,48.753,48.791,48.84,48.881,48.921,48.97,49.01,49.052,49.094,49.139,49.203,49.256,49.295,49.329,49.361,49.402,49.454,49.483,49.534,49.586,49.664,49.71,49.753,49.801,49.859,49.911,49.975,50.051,50.117,50.176,50.252,50.325,50.402,50.477,50.583,50.641,50.728,50.799,50.869,50.948,51.062,51.168,51.309,51.455,51.606,51.79,52.11,52.582,53.698
199,@TPP,43.729,44.945,45.461,45.644,45.808,45.99,46.159,46.247,46.346,46.481,46.592,46.703,46.817,46.907,46.994,47.058,47.111,47.164,47.235,47.305,47.361,47.414,47.486,47.536,47.592,47.638,47.689,47.734,47.783,47.82,47.87,47.916,47.957,48.013,48.049,48.103,48.151,48.203,48.231,48.267,48.315,48.359,48.392,48.429,48.46,48.502,48.541,48.571,48.611,48.648,48.682,48.719,48.753,48.791,48.84,48.881,48.921,48.97,49.01,49.052,49.094,49.139,49.203,49.256,49.295,49.329,49.361,49.402,49.454,49.483,49.534,49.586,49.664,49.71,49.753,49.801,49.859,49.911,49.975,50.051,50.117,50.176,50.252,50.325,50.402,50.477,50.583,50.641,50.728,50.799,50.869,50.948,51.062,51.168,51.309,51.455,51.606,51.79,52.11,52.582,53.698
200,@TPP,43.484,44.999,45.328,45.618,45.864,45.992,46.145,46.247,46.378,46.481,46.576,46.668,46.797,46.882,46.977,47.062,47.134,47.198,47.262,47.316,47.365,47.409,47.459,47.504,47.562,47.606,47.653,47.707,47.756,47.807,47.842,47.884,47.933,47.987,48.032,48.08,48.124,48.165,48.217,48.243,48.291,48.339,48.381,48.426,48.467,48.496,48.528,48.573,48.62,48.67,48.709,48.746,48.795,48.826,48.862,48.911,48.956,49.0,49.044,49.087,49.12,49.162,49.204,49.242,49.296,49.333,49.371,49.419,49.476,49.523,49.575,49.617,49.676,49.726,49.788,49.843,49.882,49.936,50.003,50.067,50.143,50.229,50.313,50.36,50.425,50.495,50.552,50.643,50.739,50.815,50.928,51.014,51.098,51.21,51.296,51.473,51.613,51.816,52.112,52.603,54.155
201,@TPP,43.484,44.999,45.328,45.618,45.864,45.992,46.145,46.247,46.378,46.481,46.576,46.668,46.797,46.882,46.977,47.062,47.134,47.198,47.262,47.316,47.365,47.409,47.459,47.504,47.562,47.606,47.653,47.707,47.756,47.807,47.842,47.884,47.933,47.987,48.032,48.08,48.124,48.165,48.217,48.243,48.291,48.339,48.381,48.426,48.467,48.496,48.528,48.573,48.62,48.67,48.709,48.746,48.795,48.826,48.862,48.911,48.956,49.0,49.044,49.087,49.12,49.162,49.204,49.242,49.296,49.333,49.371,49.419,49.476,49.523,49.575,49.617,49.676,49.726,49.788,49.843,49.882,49.936,50.003,50.067,50.143,50.229,50.313,50.36,50.425,50.495,50.552,50.643,50.739,50.815,50.928,51.014,51.098,51.21,51.296,51.473,51.613,51.816,52.112,52.603,54.155
202,@TPP,43.45,44.965,45.357,45.703,45.852,46.008,46.151,46.277,46.384,46.509,46.619,46.707,46.784,46.868,46.952,47.011,47.098,47.174,47.23,47.291,47.355,47.437,47.488,47.539,47.588,47.629,47.682,47.721,47.777,47.823,47.858,47.905,47.954,47.992,48.039,48.08,48.131,48.183,48.221,48.259,48.298,48.338,48.372,48.405,48.449,48.494,48.531,48.577,48.616,48.652,48.692,48.726,48.764,48.812,48.876,48.911,48.949,48.986,49.027,49.07,49.127,49.17,49.209,49.251,49.296,49.341,49.394,49.438,49.488,49.53,49.579,49.629,49.69,49.742,49.786,49.84,49.894,49.951,49.993,50.058,50.113,50.162,50.227,50.313,50.399,50.5,50.566,50.644,50.759,50.829,50.93,51.03,51.103,51.218,51.34,51.493,51.682,51.838,52.197,52.64,54.019
203,@TPP,43.45,44.965,45.357,45.703,45.852,46.008,46.151,46.277,46.384,46.509,46.619,46.707,46.784,46.868,46.952,47.011,47.098,47.174,47.23,47.291,47.355,47.437,47.488,47.539,47.588,47.629,47.682,47.721,47.777,47.823,47.858,47.905,47.954,47.992,48.039,48.08,48.131,48.183,48.221,48.259,48.298,48.338,48.372,48.405,48.449,48.494,48.531,48.577,48.616,48.652,48.692,48.726,48.764,48.812,48.876,48.911,48.949,48.986,49.027,49.07,49.127,49.17,49.209,49.251,49.296,49.341,49.394,49.438,49.488,49.53,49.579,49.629,49.69,49.742,49.786,49.84,49.894,49.951,49.993,50.058,50.113,50.162,50.227,50.313,50.399,50.5,50.566,50.644,50.759,50.829,50.93,51.03,51.103,51.218,51.34,51.493,51.682,51.838,52.197,52.64,54.019
204,@TPP,43.316,44.984,45.374,45.647,45.846,46.035,46.138,46.263,46.404,46.501,46.621,46.721,46.811,46.892,46.957,47.032,47.101,47.176,47.238,47.305,47.361,47.403,47.456,47.504,47.558,47.605,47.653,47.704,47.757,47.794,47.84,47.891,47.94,47.99,48.035,48.072,48.12,48.16,48.194,48.232,48.281,48.329,48.376,48.414,48.453,48.496,48.535,48.584,48.622,48.667,48.708,48.743,48.785,48.825,48.86,48.913,48.951,48.988,49.039,49.099,49.139,49.173,49.226,49.275,49.318,49.357,49.412,49.446,49.49,49.532,49.578,49.643,49.684,49.731,49.774,49.811,49.868,49.935,50.004,50.069,50.137,50.202,50.252,50.346,50.42,50.51,50.588,50.651,50.725,50.827,50.909,51.002,51.136,51.271,51.394,51.557,51.684,51.871,52.202,52.668,54.009
205,@TPP,43.316,44.984,45.374,45.647,45.846,46.035,46.138,46.263,46.404,46.501,46.621,46.721,46.811,46.892,46.957,47.032,47.101,47.176,47.238,47.305,47.361,47.403,47.456,47.504,47.558,47.605,47.653,47.704,47.757,47.794,47.84,47.891,47.94,47.99,48.035,48.072,48.12,48.16,48.194,48.232,48.281,48.329,48.376,48.414,48.453,48.496,48.535,48.584,48.622,48.667,48.708,48.743,48.785,48.825,48.86,48.913,48.951,48.988,49.039,49.099,49.139,49.173,49.226,49.275,49.318,49.357,49.412,49.446,49.49,49.532,49.578,49.643,49.684,49.731,49.774,49.811,49.868,49.935,50.004,50.069,50.137,50.202,50.252,50.346,50.42,50.51,50.588,50.651,50.725,50.827,50.909,51.002,51.136,51.271,51.394,51.557,51.684,51.871,52.202,52.668,54.009
206,@TPP,43.557,44.949,45.322,45.584,45.789,45.985,46.122,46.221,46.334,46.487,46.59,46.724,46.805,46.887,46.963,47.048,47.116,47.163,47.224,47.274,47.334,47.393,47.456,47.523,47.576,47.639,47.695,47.731,47.785,47.829,47.875,47.911,47.958,48.002,48.035,48.072,48.132,48.172,48.203,48.237,48.281,48.321,48.36,48.408,48.454,48.503,48.55,48.598,48.644,48.689,48.724,48.766,48.815,48.852,48.899,48.957,48.993,49.032,49.081,49.119,49.17,49.219,49.259,49.29,49.339,49.382,49.423,49.455,49.5,49.547,49.589,49.63,49.68,49.731,49.786,49.827,49.879,49.951,50.016,50.078,50.137,50.207,50.258,50.334,50.423,50.497,50.557,50.637,50.718,50.799,50.903,51.043,51.145,51.271,51.39,51.571,51.709,51.896,52.104,52.676,53.837
207,@TPP,43.557,44.949,45.322,45.584,45.789,45.985,46.122,46.221,46.334,46.487,46.59,46.724,46.805,46.887,46.963,47.048,47.116,47.163,47.224,47.274,47.334,47.393,47.456,47.523,47.576,47.639,47.695,47.731,47.785,47.829,47.875,47.911,47.958,48.002,48.035,48.072,48.132,48.172,48.203,48.237,48.281,48.321,48.36,48.408,48.454,48.503,48.55,48.598,48.644,48.689,48.724,48.766,48.815,48.852,48.899,48.957,48.993,49.032,49.081,49.119,49.17,49.219,49.259,49.29,49.339,49.382,49.423,49.455,49.5,49.547,49.589,49.63,49.68,49.731,49.786,49.827,49.879,49.951,50.016,50.078,50.137,50.207,50.258,50.334,50.423,50.497,50.557,50.637,50.718,50.799,50.903,51.043,51.145,51.271,51.39,51.571,51.709,51.896,52.104,52.676,53.837
208,@TPP,43.26,44.944,45.314,45.609,45.783,45.952,46.132,46.244,46.385,46.493,46.575,46.699,46.79,46.89,46.974,47.071,47.127,47.167,47.228,47.282,47.351,47.396,47.47,47.535,47.574,47.625,47.674,47.71,47.754,47.802,47.859,47.905,47.959,48.007,48.054,48.082,48.123,48.171,48.217,48.253,48.284,48.336,48.373,48.414,48.481,48.543,48.584,48.622,48.67,48.726,48.77,48.807,48.844,48.886,48.929,48.973,49.006,49.037,49.085,49.128,49.172,49.229,49.267,49.313,49.355,49.397,49.44,49.48,49.538,49.581,49.622,49.667,49.715,49.771,49.839,49.878,49.925,49.958,50.01,50.086,50.158,50.218,50.268,50.338,50.4,50.48,50.56,50.651,50.74,50.807,50.932,51.051,51.186,51.28,51.401,51.54,51.771,52.032,52.225,52.726,54.236
209,@TPP,43.26,44.944,45.314,45.609,45.783,45.952,46.132,46.244,46.385,46.493,46.575,46.699,46.79,46.89,46.974,47.071,47.127,47.167,47.228,47.282,47.351,47.396,47.47,47.535,47.574,47.625,47.674,47.71,47.754,47.802,47.859,47.905,47.959,48.007,48.054,48.082,48.123,48.171,48.217,48.253,48.284,48.336,48.373,48.414,48.481,48.543,48.584,48.622,48.67,48.726,48.77,48.807,48.844,48.886,48.929,48.973,49.006,49.037,49.085,49.128,49.172,49.229,49.267,49.313,49.355,49.397,49.44,49.48,49.538,49.581,49.622,49.667,49.715,49.771,49.839,49.878,49.925,49.958,50.01,50.086,50.158,50.218,50.268,50.338,50.4,50.48,50.56,50.651,50.74,50.807,50.932,51.051,51.186,51.28,51.401,51.54,51.771,52.032,52.225,52.726,54.236
210,@TPP,43.368,44.947,45.381,45.645,45.831,45.976,46.141,46.319,46.426,46.53,46.646,46.709,46.772,46.895,46.967,47.032,47.092,47.157,47.24,47.294,47.361,47.429,47.481,47.53,47.568,47.613,47.664,47.718,47.765,47.809,47.857,47.897,47.943,47.987,48.034,48.084,48.133,48.187,48.235,48.269,48.309,48.352,48.387,48.435,48.483,48.524,48.568,48.614,48.656,48.692,48.737,48.774,48.809,48.863,48.91,48.946,48.997,49.043,49.084,49.128,49.168,49.213,49.253,49.296,49.341,49.382,49.431,49.472,49.506,49.553,49.608,49.666,49.714,49.763,49.791,49.848,49.899,49.947,50.006,50.051,50.113,50.161,50.252,50.321,50.406,50.496,50.561,50.633,50.721,50.829,50.932,51.023,51.151,51.257,51.391,51.551,51.722,51.994,52.277,52.73,54.187
211,@TPP,43.368,44.947,45.381,45.645,45.831,45.976,46.141,46.319,46.426,46.53,46.646,46.709,46.772,46.895,46.967,47.032,47.092,47.157,47.24,47.294,47.361,47.429,47.481,47.53,47.568,47.613,47.664,47.718,47.765,47.809,47.857,47.897,47.943,47.987,48.034,48.084,48.133,48.187,48.235,48.269,48.309,48.352,48.387,48.435,48.483,48.524,48.568,48.614,48.656,48.692,48.737,48.774,48.809,48.863,48.91,48.946,48.997,49.043,49.084,49.128,49.168,49.213,49.253,49.296,49.341,49.382,49.431,49.472,49.506,49.553,49.608,49.666,49.714,49.763,49.791,49.848,49.899,49.947,50.006,50.051,50.113,50.161,50.252,50.321,50.406,50.496,50.561,50.633,50.721,50.829,50.932,51.023,51.151,51.257,51.391,51.551,51.722,51.994,52.277,52.73,54.187
212,@TPP,43.487,44.936,45.333,45.654,45.905,46.081,46.187,46.296,46.425,46.509,46.616,46.737,46.821,46.894,46.965,47.032,47.086,47.146,47.224,47.279,47.343,47.398,47.458,47.513,47.561,47.623,47.677,47.73,47.767,47.811,47.856,47.908,47.957,47.988,48.045,48.091,48.136,48.173,48.229,48.274,48.314,48.369,48.41,48.449,48.506,48.538,48.578,48.62,48.656,48.697,48.741,48.785,48.835,48.874,48.914,48.964,49.007,49.044,49.086,49.132,49.169,49.219,49.275,49.319,49.362,49.387,49.431,49.471,49.52,49.574,49.612,49.654,49.692,49.736,49.784,49.856,49.917,49.963,50.019,50.072,50.144,50.212,50.274,50.363,50.427,50.491,50.567,50.665,50.734,50.795,50.881,51.017,51.128,51.217,51.376,51.589,51.796,52.047,52.308,52.685,54.597
213,@TPP,43.487,44.936,45.333,45.654,45.905,46.081,46.187,46.296,46.425,46.509,46.616,46.737,46.821,46.894,46.965,47.032,47.086,47.146,47.224,47.279,47.343,47.398,47.458,47.513,47.561,47.623,47.677,47.73,47.767,47.811,47.856,47.908,47.957,47.988,48.045,48.091,48.136,48.173,48.229,48.274,48.314,48.369,48.41,48.449,48.506,48.538,48.578,48.62,48.656,48.697,48.741,48.785,48.835,48.874,48.914,48.964,49.007,49.044,49.086,49.132,49.169,49.219,49.275,49.319,49.362,49.387,49.431,49.471,49.52,49.574,49.612,49.654,49.692,49.736,49.784,49.856,49.917,49.963,50.019,50.072,50.144,50.212,50.274,50.363,50.427,50.491,50.567,50.665,50.734,50.795,50.881,51.017,51.128,51.217,51.376,51.589,51.796,52.047,52.308,52.685,54.597
214,@TPP,43.195,44.903,45.312,45.619,45.83,46.027,46.182,46.338,46.411,46.535,46.623,46.691,46.775,46.86,46.951,47.016,47.063,47.123,47.201,47.273,47.344,47.412,47.48,47.538,47.592,47.649,47.686,47.739,47.791,47.824,47.866,47.907,47.947,47.987,48.048,48.09,48.136,48.176,48.225,48.266,48.302,48.345,48.384,48.422,48.477,48.524,48.571,48.613,48.649,48.692,48.736,48.776,48.812,48.858,48.904,48.946,48.984,49.042,49.089,49.142,49.19,49.225,49.275,49.32,49.374,49.422,49.459,49.505,49.549,49.587,49.627,49.665,49.723,49.767,49.815,49.872,49.948,50.001,50.052,50.11,50.152,50.209,50.272,50.327,50.426,50.482,50.572,50.656,50.77,50.855,50.921,51.03,51.154,51.262,51.428,51.626,51.822,52.03,52.366,52.838,54.715
215,@TPP,43.195,44.903,45.312,45.619,45.83,46.027,46.182,46.338,46.411,46.535,46.623,46.691,46.775,46.86,46.951,47.016,47.063,47.123,47.201,47.273,47.344,47.412,47.48,47.538,47.592,47.649,47.686,47.739,47.791,47.824,47.866,47.907,47.947,47.987,48.048,48.09,48.136,48.176,48.225,48.266,48.302,48.345,48.384,48.422,48.477,48.524,48.571,48.613,48.649,48.692,48.736,48.776,48.812,48.858,48.904,48.946,48.984,49.042,49.089,49.142,49.19,49.225,49.275,49.32,49.374,49.422,49.459,49.505,49.549,49.587,49.627,49.665,49.723,49.767,49.815,49.872,49.948,50.001,50.052,50.11,50.152,50.209,50.272,50.327,50.426,50.482,50.572,50.656,50.77,50.855,50.921,51.03,51.154,51.262,51.428,51.626,51.822,52.03,52.366,52.838,54.715
216,@TPP,43.311,44.882,45.337,45.683,45.876,46.033,46.18,46.318,46.452,46.547,46.645,46.754,46.844,46.91,46.97,47.044,47.101,47.154,47.204,47.266,47.325,47.375,47.469,47.515,47.584,47.64,47.7,47.753,47.788,47.825,47.861,47.925,47.972,48.007,48.055,48.092,48.142,48.178,48.214,48.257,48.3,48.338,48.367,48.417,48.479,48.524,48.562,48.612,48.658,48.699,48.742,48.778,48.824,48.871,48.913,48.951,48.995,49.035,49.089,49.134,49.174,49.239,49.283,49.329,49.377,49.427,49.487,49.527,49.57,49.62,49.662,49.708,49.76,49.816,49.862,49.911,49.958,50.016,50.067,50.127,50.191,50.234,50.311,50.378,50.445,50.517,50.581,50.67,50.757,50.843,50.951,51.017,51.152,51.268,51.418,51.632,51.814,52.031,52.419,52.88,54.635
217,@TPP,43.311,44.882,45.337,45.683,45.876,46.033,46.18,46.318,46.452,46.547,46.645,46.754,46.844,46.91,46.97,47.044,47.101,47.154,47.204,47.266,47.325,47.375,47.469,47.515,47.584,47.64,47.7,47.753,47.788,47.825,47.861,47.925,47.972,48.007,48.055,48.092,48.142,48.178,48.214,48.257,48.3,48.338,48.367,48.417,48.479,48.524,48.562,48.612,48.658,48.699,48.742,48.778,48.824,48.871,48.913,48.951,48.995,49.035,49.089,49.134,49.174,49.239,49.283,49.329,49.377,49.427,49.487,49.527,49.57,49.62,49.662,49.708,49.76,49.816,49.862,49.911,49.958,50.016,50.067,50.127,50.191,50.234,50.311,50.378,50.445,50.517,50.581,50.67,50.757,50.843,50.951,51.017,51.152,51.268,51.418,51.632,51.814,52.031,52.419,52.88,54.635
218,@TPP,43.028,44.977,45.413,45.703,45.881,46.081,46.264,46.367,46.469,46.568,46.665,46.751,46.83,46.921,46.975,47.037,47.102,47.172,47.243,47.299,47.347,47.394,47.467,47.517,47.584,47.635,47.685,47.737,47.787,47.845,47.884,47.93,47.973,48.01,48.069,48.104,48.14,48.179,48.226,48.277,48.321,48.367,48.405,48.449,48.484,48.525,48.578,48.632,48.672,48.706,48.757,48.809,48.852,48.886,48.94,48.977,49.023,49.059,49.106,49.152,49.191,49.235,49.274,49.31,49.354,49.399,49.459,49.533,49.582,49.629,49.671,49.714,49.779,49.835,49.895,49.956,50.007,50.046,50.103,50.155,50.228,50.285,50.339,50.404,50.485,50.535,50.591,50.678,50.764,50.859,50.957,51.089,51.229,51.324,51.494,51.662,51.855,52.087,52.409,52.823,54.893
219,@TPP,43.028,44.977,45.413,45.703,45.881,46.081,46.264,46.367,46.469,46.568,46.665,46.751,46.83,46.921,46.975,47.037,47.102,47.172,47.243,47.299,47.347,47.394,47.467,47.517,47.584,47.635,47.685,47.737,47.787,47.845,47.884,47.93,47.973,48.01,48.069,48.104,48.14,48.179,48.226,48.277,48.321,48.367,48.405,48.449,48.484,48.525,48.578,48.632,48.672,48.706,48.757,48.809,48.852,48.886,48.94,48.977,49.023,49.059,49.106,49.152,49.191,49.235,49.274,49.31,49.354,49.399,49.459,49.533,49.582,49.629,49.671,49.714,49.779,49.835,49.895,49.956,50.007,50.046,50.103,50.155,50.228,50.285,50.339,50.404,50.485,50.535,50.591,50.678,50.764,50.859,50.957,51.089,51.229,51.324,51.494,51.662,51.855,52.087,52.409,52.823,54.893
220,@TPP,43.197,44.956,45.39,45.677,45.884,46.088,46.217,46.364,46.459,46.581,46.677,46.753,46.831,46.906,46.986,47.053,47.123,47.178,47.241,47.286,47.356,47.427,47.493,47.532,47.59,47.649,47.704,47.757,47.818,47.865,47.926,47.971,48.02,48.06,48.107,48.152,48.19,48.23,48.272,48.313,48.34,48.381,48.418,48.457,48.492,48.54,48.582,48.632,48.661,48.702,48.755,48.809,48.844,48.897,48.939,48.975,49.022,49.074,49.123,49.161,49.199,49.236,49.286,49.326,49.364,49.418,49.462,49.518,49.564,49.616,49.668,49.741,49.787,49.842,49.888,49.94,50.02,50.089,50.131,50.196,50.254,50.303,50.38,50.435,50.506,50.576,50.635,50.691,50.749,50.845,50.939,51.057,51.201,51.314,51.476,51.64,51.865,52.11,52.441,52.87,54.694
221,@TPP,43.197,44.956,45.39,45.677,45.884,46.088,46.217,46.364,46.459,46.581,46.677,46.753,46.831,46.906,46.986,47.053,47.123,47.178,47.241,47.286,47.356,47.427,47.493,47.532,47.59,47.649,47.704,47.757,47.818,47.865,47.926,47.971,48.02,48.06,48.107,48.152,48.19,48.23,48.272,48.313,48.34,48.381,48.418,48.457,48.492,48.54,48.582,48.632,48.661,48.702,48.755,48.809,48.844,48.897,48.939,48.975,49.022,49.074,49.123,49.161,49.199,49.236,49.286,49.326,49.364,49.418,49.462,49.518,49.564,49.616,49.668,49.741,49.787,49.842,49.888,49.94,50.02,50.089,50.131,50.196,50.254,50.303,50.38,50.435,50.506,50.576,50.635,50.691,50.749,50.845,50.939,51.057,51.201,51.314,51.476,51.64,51.865,52.11,52.441,52.87,54.694
222,@TPP,43.159,44.978,45.401,45.696,45.889,46.067,46.234,46.348,46.471,46.568,46.694,46.801,46.896,46.961,46.998,47.088,47.154,47.214,47.274,47.339,47.397,47.458,47.515,47.565,47.608,47.674,47.734,47.784,47.834,47.897,47.948,47.988,48.035,48.083,48.11,48.138,48.183,48.224,48.275,48.309,48.342,48.388,48.42,48.463,48.516,48.551,48.588,48.639,48.686,48.724,48.764,48.797,48.84,48.873,48.908,48.949,49.022,49.078,49.131,49.199,49.252,49.296,49.337,49.386,49.424,49.489,49.538,49.579,49.64,49.683,49.735,49.794,49.839,49.89,49.94,50.003,50.041,50.086,50.157,50.195,50.243,50.312,50.364,50.418,50.486,50.572,50.658,50.728,50.825,50.918,51.017,51.131,51.252,51.365,51.512,51.682,51.844,52.137,52.451,52.869,54.55
223,@TPP,43.159,44.978,45.401,45.696,45.889,46.067,46.234,46.348,46.471,46.568,46.694,46.801,46.896,46.961,46.998,47.088,47.154,47.214,47.274,47.339,47.397,47.458,47.515,47.565,47.608,47.674,47.734,47.784,47.834,47.897,47.948,47.988,48.035,48.083,48.11,48.138,48.183,48.224,48.275,48.309,48.342,48.388,48.42,48.463,48.516,48.551,48.588,48.639,48.686,48.724,48.764,48.797,48.84,48.873,48.908,48.949,49.022,49.078,49.131,49.199,49.252,49.296,49.337,49.386,49.424,49.489,49.538,49.579,49.64,49.683,49.735,49.794,49.839,49.89,49.94,50.003,50.041,50.086,50.157,50.195,50.243,50.312,50.364,50.418,50.486,50.572,50.658,50.728,50.825,50.918,51.017,51.131,51.252,51.365,51.512,51.682,51.844,52.137,52.451,52.869,54.55
224,@TPP,43.476,45.028,45.387,45.687,45.904,46.08,46.227,46.373,46.486,46.605,46.711,46.772,46.877,46.945,47.045,47.112,47.174,47.228,47.277,47.327,47.385,47.445,47.517,47.56,47.622,47.661,47.725,47.779,47.824,47.879,47.919,47.97,48.028,48.064,48.115,48.165,48.22,48.256,48.294,48.338,48.388,48.434,48.485,48.525,48.585,48.621,48.657,48.691,48.732,48.771,48.82,48.872,48.921,48.959,48.987,49.028,49.065,49.11,49.16,49.209,49.25,49.286,49.334,49.367,49.406,49.458,49.514,49.558,49.618,49.663,49.721,49.771,49.835,49.887,49.925,49.983,50.028,50.078,50.12,50.17,50.234,50.326,50.407,50.479,50.547,50.621,50.667,50.747,50.834,50.902,50.989,51.131,51.223,51.336,51.534,51.697,51.884,52.116,52.466,52.885,53.973
225,@TPP,43.476,45.028,45.387,45.687,45.904,46.08,46.227,46.373,46.486,46.605,46.711,46.772,46.877,46.945,47.045,47.112,47.174,47.228,47.277,47.327,47.385,47.445,47.517,47.56,47.622,47.661,47.725,47.779,47.824,47.879,47.919,47.97,48.028,48.064,48.115,48.165,48.22,48.256,48.294,48.338,48.388,48.434,48.485,48.525,48.585,48.621,48.657,48.691,48.732,48.771,48.82,48.872,48.921,48.959,48.987,49.028,49.065,49.11,49.16,49.209,49.25,49.286,49.334,49.367,49.406,49.458,49.514,49.558,49.618,49.663,49.721,49.771,49.835,49.887,49.925,49.983,50.028,50.078,50.12,50.17,50.234,50.326,50.407,50.479,50.547,50.621,50.667,50.747,50.834,50.902,50.989,51.131,51.223,51.336,51.534,51.697,51.884,52.116,52.466,52.885,53.973
226,@TPP,43.539,44.994,45.436,45.746,45.903,46.073,46.249,46.355,46.499,46.584,46.661,46.726,46.795,46.855,46.928,47.017,47.095,47.167,47.24,47.282,47.351,47.427,47.486,47.535,47.598,47.666,47.712,47.762,47.829,47.887,47.926,47.974,48.018,48.064,48.122,48.185,48.231,48.278,48.317,48.356,48.398,48.449,48.493,48.523,48.562,48.596,48.626,48.669,48.719,48.754,48.807,48.857,48.912,48.957,49.008,49.04,49.107,49.155,49.197,49.236,49.285,49.32,49.357,49.389,49.444,49.49,49.526,49.575,49.612,49.664,49.705,49.773,49.826,49.87,49.921,49.97,50.018,50.067,50.127,50.191,50.257,50.32,50.387,50.443,50.528,50.622,50.714,50.786,50.876,50.952,51.032,51.123,51.209,51.35,51.49,51.658,51.902,52.102,52.468,53.101,54.007
227,@TPP,43.539,44.994,45.436,45.746,45.903,46.073,46.249,46.355,46.499,46.584,46.661,46.726,46.795,46.855,46.928,47.017,47.095,47.167,47.24,47.282,47.351,47.427,47.486,47.535,47.598,47.666,47.712,47.762,47.829,47.887,47.926,47.974,48.018,48.064,48.122,48.185,48.231,48.278,48.317,48.356,48.398,48.449,48.493,48.523,48.562,48.596,48.626,48.669,48.719,48.754,48.807,48.857,48.912,48.957,49.008,49.04,49.107,49.155,49.197,49.236,49.285,49.32,49.357,49.389,49.444,49.49,49.526,49.575,49.612,49.664,49.705,49.773,49.826,49.87,49.921,49.97,50.018,50.067,50.127,50.191,50.257,50.32,50.387,50.443,50.528,50.622,50.714,50.786,50.876,50.952,51.032,51.123,51.209,51.35,51.49,51.658,51.902,52.102,52.468,53.101,54.007
228,@TPP,43.53,44.9,45.383,45.61,45.896,46.077,46.25,46.355,46.462,46.576,46.673,46.766,46.829,46.9,47.001,47.063,47.144,47.228,47.285,47.367,47.438,47.514,47.559,47.62,47.662,47.702,47.747,47.788,47.835,47.892,47.949,48.006,48.047,48.096,48.139,48.188,48.213,48.247,48.301,48.346,48.406,48.442,48.491,48.535,48.572,48.616,48.666,48.717,48.756,48.798,48.841,48.869,48.915,48.965,49.006,49.057,49.104,49.145,49.188,49.219,49.26,49.305,49.349,49.407,49.451,49.491,49.525,49.586,49.634,49.681,49.733,49.771,49.81,49.874,49.921,49.982,50.044,50.097,50.142,50.198,50.259,50.34,50.406,50.488,50.561,50.624,50.71,50.787,50.854,50.942,51.024,51.12,51.253,51.401,51.531,51.691,51.89,52.127,52.496,53.058,53.946
229,@TPP,43.53,44.9,45.383,45.61,45.896,46.077,46.25,46.355,46.462,46.576,46.673,46.766,46.829,46.9,47.001,47.063,47.144,47.228,47.285,47.367,47.438,47.514,47.559,47.62,47.662,47.702,47.747,47.788,47.835,47.892,47.949,48.006,48.047,48.096,48.139,48.188,48.213,48.247,48.301,48.346,48.406,48.442,48.491,48.535,48.572,48.616,48.666,48.717,48.756,48.798,48.841,48.869,48.915,48.965,49.006,49.057,49.104,49.145,49.188,49.219,49.26,49.305,49.349,49.407,49.451,49.491,49.525,49.586,49.634,49.681,49.733,49.771,49.81,49.874,49.921,49.982,50.044,50.097,50.142,50.198,50.259,50.34,50.406,50.488,50.561,50.624,50.71,50.787,50.854,50.942,51.024,51.12,51.253,51.401,51.531,51.691,51.89,52.127,52.496,53.058,53.946
230,@TPP,43.604,44.837,45.28,45.642,45.837,46.018,46.158,46.327,46.477,46.6,46.698,46.791,46.887,46.955,47.034,47.095,47.165,47.239,47.318,47.373,47.449,47.509,47.565,47.606,47.658,47.714,47.758,47.814,47.862,47.904,47.951,47.998,48.059,48.104,48.147,48.188,48.231,48.281,48.325,48.371,48.421,48.463,48.504,48.566,48.601,48.651,48.689,48.724,48.757,48.798,48.84,48.877,48.912,48.958,49.006,49.037,49.089,49.124,49.168,49.22,49.26,49.304,49.337,49.383,49.434,49.478,49.534,49.594,49.627,49.669,49.71,49.764,49.817,49.889,49.947,50.001,50.051,50.097,50.149,50.21,50.259,50.32,50.388,50.477,50.554,50.627,50.714,50.795,50.868,50.949,51.066,51.162,51.261,51.388,51.522,51.71,51.913,52.151,52.521,52.986,53.884
231,@TPP,43.604,44.837,45.28,45.642,45.837,46.018,46.158,46.327,46.477,46.6,46.698,46.791,46.887,46.955,47.034,47.095,47.165,47.239,47.318,47.373,47.449,47.509,47.565,47.606,47.658,47.714,47.758,47.814,47.862,47.904,47.951,47.998,48.059,48.104,48.147,48.188,48.231,48.281,48.325,48.371,48.421,48.463,48.504,48.566,48.601,48.651,48.689,48.724,48.757,48.798,48.84,48.877,48.912,48.958,49.006,49.037,49.089,49.124,49.168,49.22,49.26,49.304,49.337,49.383,49.434,49.478,49.534,49.594,49.627,49.669,49.71,49.764,49.817,49.889,49.947,50.001,50.051,50.097,50.149,50.21,50.259,50.32,50.388,50.477,50.554,50.627,50.714,50.795,50.868,50.949,51.066,51.162,51.261,51.388,51.522,51.71,51.913,52.151,52.521,52.986,53.884
232,@TPP,43.867,44.988,45.371,45.659,45.845,46.06,46.254,46.403,46.508,46.656,46.768,46.838,46.901,46.949,47.03,47.113,47.183,47.254,47.319,47.374,47.436,47.519,47.577,47.621,47.689,47.745,47.798,47.841,47.889,47.938,47.988,48.039,48.085,48.138,48.181,48.227,48.264,48.293,48.348,48.389,48.431,48.47,48.519,48.558,48.606,48.646,48.696,48.741,48.787,48.816,48.847,48.901,48.943,48.985,49.026,49.067,49.11,49.144,49.2,49.236,49.285,49.325,49.35,49.395,49.451,49.49,49.522,49.58,49.624,49.666,49.706,49.762,49.811,49.856,49.915,49.968,50.016,50.055,50.107,50.162,50.215,50.301,50.364,50.432,50.504,50.622,50.702,50.8,50.875,50.972,51.076,51.184,51.244,51.379,51.523,51.668,51.842,52.119,52.436,52.962,53.982
233,@TPP,43.867,44.988,45.371,45.659,45.845,46.06,46.254,46.403,46.508,46.656,46.768,46.838,46.901,46.949,47.03,47.113,47.183,47.254,47.319,47.374,47.436,47.519,47.577,47.621,47.689,47.745,47.798,47.841,47.889,47.938,47.988,48.039,48.085,48.138,48.181,48.227,48.264,48.293,48.348,48.389,48.431,48.47,48.519,48.558,48.606,48.646,48.696,48.741,48.787,48.816,48.847,48.901,48.943,48.985,49.026,49.067,49.11,49.144,49.2,49.236,49.285,49.325,49.35,49.395,49.451,49.49,49.522,49.58,49.624,49.666,49.706,49.762,49.811,49.856,49.915,49.968,50.016,50.055,50.107,50.162,50.215,50.301,50.364,50.432,50.504,50.622,50.702,50.8,50.875,50.972,51.076,51.184,51.244,51.379,51.523,51.668,51.842,52.119,52.436,52.962,53.982
234,@TPP,44.049,44.948,45.444,45.698,45.892,46.105,46.279,46.41,46.506,46.59,46.716,46.817,46.897,46.989,47.065,47.14,47.215,47.297,47.376,47.422,47.466,47.513,47.554,47.61,47.664,47.732,47.768,47.844,47.893,47.933,47.991,48.05,48.098,48.164,48.2,48.256,48.295,48.337,48.374,48.417,48.459,48.509,48.541,48.585,48.622,48.658,48.705,48.745,48.786,48.83,48.891,48.922,48.964,49.0,49.047,49.107,49.147,49.186,49.224,49.281,49.324,49.36,49.394,49.439,49.472,49.509,49.551,49.601,49.649,49.68,49.714,49.756,49.799,49.847,49.897,49.945,50.004,50.073,50.13,50.195,50.247,50.317,50.388,50.439,50.508,50.58,50.679,50.788,50.86,50.934,51.089,51.17,51.254,51.355,51.485,51.658,51.856,52.171,52.513,52.91,53.908
235,@TPP,44.049,44.948,45.444,45.698,45.892,46.105,46.279,46.41,46.506,46.59,46.716,46.817,46.897,46.989,47.065,47.14,47.215,47.297,47.376,47.422,47.466,47.513,47.554,47.61,47.664,47.732,47.768,47.844,47.893,47.933,47.991,48.05,48.098,48.164,48.2,48.256,48.295,48.337,48.374,48.417,48.459,48.509,48.541,48.585,48.622,48.658,48.705,48.745,48.786,48.83,48.891,48.922,48.964,49.0,49.047,49.107,49.147,49.186,49.224,49.281,49.324,49.36,49.394,49.439,49.472,49.509,49.551,49.601,49.649,49.68,49.714,49.756,49.799,49.847,49.897,49.945,50.004,50.073,50.13,50.195,50.247,50.317,50.388,50.439,50.508,50.58,50.679,50.788,50.86,50.934,51.089,51.17,51.254,51.355,51.485,51.658,51.856,52.171,52.513,52.91,53.908
236,@TPP,43.924,44.965,45.383,45.712,45.924,46.151,46.313,46.481,46.574,46.644,46.767,46.858,46.949,47.026,47.086,47.168,47.239,47.329,47.38,47.441,47.491,47.557,47.59,47.656,47.692,47.764,47.827,47.883,47.924,47.967,48.013,48.061,48.119,48.172,48.211,48.252,48.306,48.348,48.381,48.428,48.466,48.512,48.561,48.603,48.658,48.696,48.744,48.784,48.821,48.856,48.893,48.936,48.976,49.027,49.074,49.118,49.165,49.204,49.265,49.301,49.356,49.393,49.431,49.483,49.521,49.556,49.593,49.637,49.68,49.712,49.751,49.792,49.832,49.875,49.925,49.98,50.036,50.086,50.147,50.203,50.251,50.304,50.379,50.452,50.51,50.61,50.673,50.722,50.798,50.903,51.011,51.126,51.236,51.356,51.458,51.617,51.849,52.195,52.506,53.075,53.971
237,@TPP,43.924,44.965,45.383,45.712,45.924,46.151,46.313,46.481,46.574,46.644,46.767,46.858,46.949,47.026,47.086,47.168,47.239,47.329,47.38,47.441,47.491,47.557,47.59,47.656,47.692,47.764,47.827,47.883,47.924,47.967,48.013,48.061,48.119,48.172,48.211,48.252,48.306,48.348,48.381,48.428,48.466,48.512,48.561,48.603,48.658,48.696,48.744,48.784,48.821,48.856,48.893,48.936,48.976,49.027,49.074,49.118,49.165,49.204,49.265,49.301,49.356,49.393,49.431,49.483,49.521,49.556,49.593,49.637,49.68,49.712,49.751,49.792,49.832,49.875,49.925,49.98,50.036,50.086,50.147,50.203,50.251,50.304,50.379,50.452,50.51,50.61,50.673,50.722,50.798,50.903,51.011,51.126,51.236,51.356,51.458,51.617,51.849,52.195,52.506,53.075,53.971
238,@TPP,44.056,45.063,45.478,45.732,46.047,46.175,46.361,46.514,46.598,46.733,46.814,46.87,46.935,47.009,47.074,47.141,47.212,47.262,47.357,47.397,47.462,47.539,47.595,47.634,47.687,47.75,47.809,47.864,47.921,47.987,48.034,48.079,48.129,48.181,48.238,48.274,48.318,48.359,48.411,48.442,48.479,48.528,48.584,48.628,48.668,48.709,48.759,48.794,48.834,48.871,48.921,48.954,49.0,49.051,49.086,49.134,49.175,49.213,49.253,49.284,49.321,49.363,49.412,49.461,49.505,49.554,49.594,49.637,49.675,49.721,49.76,49.801,49.86,49.917,49.962,50.005,50.056,50.107,50.147,50.199,50.265,50.307,50.373,50.431,50.478,50.553,50.633,50.7,50.771,50.88,50.985,51.068,51.21,51.337,51.481,51.683,51.927,52.238,52.527,53.017,53.938
239,@TPP,44.056,45.063,45.478,45.732,46.047,46.175,46.361,46.514,46.598,46.733,46.814,46.87,46.935,47.009,47.074,47.141,47.212,47.262,47.357,47.397,47.462,47.539,47.595,47.634,47.687,47.75,47.809,47.864,47.921,47.987,48.034,48.079,48.129,48.181,48.238,48.274,48.318,48.359,48.411,48.442,48.479,48.528,48.584,48.628,48.668,48.709,48.759,48.794,48.834,48.871,48.921,48.954,49.0,49.051,49.086,49.134,49.175,49.213,49.253,49.284,49.321,49.363,49.412,49.461,49.505,49.554,49.594,49.637,49.675,49.721,49.76,49.801,49.86,49.917,49.962,50.005,50.056,50.107,50.147,50.199,50.265,50.307,50.373,50.431,50.478,50.553,50.633,50.7,50.771,50.88,50.985,51.068,51.21,51.337,51.481,51.683,51.927,52.238,52.527,53.017,53.938
240,@TPP,43.805,45.1,45.502,45.787,46.065,46.221,46.367,46.487,46.603,46.708,46.809,46.894,46.971,47.042,47.094,47.168,47.227,47.282,47.347,47.423,47.48,47.563,47.61,47.668,47.734,47.779,47.819,47.865,47.911,47.956,48.017,48.062,48.107,48.151,48.201,48.24,48.308,48.359,48.406,48.454,48.496,48.535,48.59,48.651,48.683,48.717,48.77,48.812,48.848,48.887,48.93,48.963,49.006,49.048,49.082,49.13,49.165,49.209,49.247,49.289,49.317,49.355,49.403,49.451,49.506,49.541,49.59,49.637,49.689,49.734,49.78,49.814,49.849,49.892,49.941,50.005,50.062,50.119,50.159,50.219,50.27,50.333,50.375,50.436,50.504,50.566,50.648,50.716,50.789,50.844,50.956,51.064,51.17,51.317,51.514,51.733,51.879,52.155,52.465,52.994,53.884
241,@TPP,43.805,45.1,45.502,45.787,46.065,46.221,46.367,46.487,46.603,46.708,46.809,46.894,46.971,47.042,47.094,47.168,47.227,47.282,47.347,47.423,47.48,47.563,47.61,47.668,47.734,47.779,47.819,47.865,47.911,47.956,48.017,48.062,48.107,48.151,48.201,48.24,48.308,48.359,48.406,48.454,48.496,48.535,48.59,48.651,48.683,48.717,48.77,48.812,48.848,48.887,48.93,48.963,49.006,49.048,49.082,49.13,49.165,49.209,49.247,49.289,49.317,49.355,49.403,49.451,49.506,49.541,49.59,49.637,49.689,49.734,49.78,49.814,49.849,49.892,49.941,50.005,50.062,50.119,50.159,50.219,50.27,50.333,50.375,50.436,50.504,50.566,50.648,50.716,50.789,50.844,50.956,51.064,51.17,51.317,51.514,51.733,51.879,52.155,52.465,52.994,53.884
242,@TPP,43.506,45.177,45.6,45.868,46.109,46.283,46.437,46.538,46.626,46.724,46.806,46.877,46.963,47.041,47.13,47.197,47.239,47.303,47.379,47.433,47.487,47.553,47.613,47.679,47.723,47.784,47.836,47.879,47.944,47.997,48.058,48.105,48.161,48.214,48.258,48.303,48.348,48.387,48.428,48.467,48.505,48.553,48.614,48.655,48.711,48.747,48.784,48.822,48.861,48.893,48.943,48.98,49.02,49.07,49.108,49.155,49.202,49.229,49.272,49.313,49.355,49.387,49.436,49.47,49.52,49.559,49.601,49.639,49.683,49.726,49.783,49.827,49.872,49.923,49.987,50.027,50.077,50.141,50.183,50.242,50.315,50.356,50.415,50.48,50.522,50.574,50.642,50.699,50.798,50.897,50.983,51.082,51.178,51.323,51.486,51.677,51.888,52.119,52.434,52.987,53.974
243,@TPP,43.506,45.177,45.6,45.868,46.109,46.283,46.437,46.538,46.626,46.724,46.806,46.877,46.963,47.041,47.13,47.197,47.239,47.303,47.379,47.433,47.487,47.553,47.613,47.679,47.723,47.784,47.836,47.879,47.944,47.997,48.058,48.105,48.161,48.214,48.258,48.303,48.348,48.387,48.428,48.467,48.505,48.553,48.614,48.655,48.711,48.747,48.784,48.822,48.861,48.893,48.943,48.98,49.02,49.07,49.108,49.155,49.202,49.229,49.272,49.313,49.355,49.387,49.436,49.47,49.52,49.559,49.601,49.639,49.683,49.726,49.783,49.827,49.872,49.923,49.987,50.027,50.077,50.141,50.183,50.242,50.315,50.356,50.415,50.48,50.522,50.574,50.642,50.699,50.798,50.897,50.983,51.082,51.178,51.323,51.486,51.677,51.888,52.119,52.434,52.987,53.974
244,@TPP,43.935,45.189,45.672,45.949,46.176,46.327,46.46,46.583,46.653,46.737,46.818,46.907,47.003,47.078,47.155,47.232,47.295,47.369,47.41,47.458,47.529,47.6,47.641,47.704,47.754,47.805,47.858,47.903,47.953,48.009,48.057,48.111,48.165,48.208,48.242,48.286,48.34,48.378,48.423,48.472,48.525,48.584,48.623,48.677,48.729,48.771,48.809,48.85,48.89,48.943,48.982,49.023,49.065,49.101,49.143,49.187,49.219,49.255,49.292,49.314,49.368,49.418,49.465,49.504,49.538,49.575,49.611,49.664,49.697,49.744,49.788,49.828,49.867,49.924,49.971,50.031,50.084,50.137,50.2,50.228,50.297,50.358,50.426,50.467,50.534,50.593,50.651,50.733,50.816,50.904,51.011,51.122,51.23,51.349,51.474,51.66,51.833,52.087,52.476,53.015,54.193
245,@TPP,43.935,45.189,45.672,45.949,46.176,46.327,46.46,46.583,46.653,46.737,46.818,46.907,47.003,47.078,47.155,47.232,47.295,47.369,47.41,47.458,47.529,47.6,47.641,47.704,47.754,47.805,47.858,47.903,47.953,48.009,48.057,48.111,48.165,48.208,48.242,48.286,48.34,48.378,48.423,48.472,48.525,48.584,48.623,48.677,48.729,48.771,48.809,48.85,48.89,48.943,48.982,49.023,49.065,49.101,49.143,49.187,49.219,49.255,49.292,49.314,49.368,49.418,49.465,49.504,49.538,49.575,49.611,49.664,49.697,49.744,49.788,49.828,49.867,49.924,49.971,50.031,50.084,50.137,50.2,50.228,50.297,50.358,50.426,50.467,50.534,50.593,50.651,50.733,50.816,50.904,51.011,51.122,51.23,51.349,51.474,51.66,51.833,52.087,52.476,53.015,54.193
246,@TPP,44.194,45.384,45.685,46.01,46.203,46.354,46.535,46.621,46.708,46.8,46.877,46.948,47.033,47.1,47.177,47.255,47.308,47.355,47.426,47.5,47.561,47.617,47.674,47.705,47.749,47.821,47.879,47.93,47.964,48.003,48.059,48.095,48.138,48.178,48.223,48.262,48.303,48.359,48.422,48.471,48.525,48.57,48.627,48.673,48.737,48.784,48.825,48.867,48.913,48.945,48.984,49.021,49.059,49.092,49.148,49.195,49.234,49.265,49.309,49.354,49.389,49.434,49.471,49.514,49.551,49.597,49.64,49.675,49.709,49.755,49.791,49.842,49.897,49.938,49.994,50.032,50.075,50.127,50.187,50.235,50.294,50.335,50.387,50.456,50.525,50.609,50.664,50.733,50.813,50.887,50.966,51.083,51.211,51.322,51.458,51.628,51.818,52.141,52.394,52.853,54.185
247,@TPP,44.194,45.384,45.685,46.01,46.203,46.354,46.535,46.621,46.708,46.8,46.877,46.948,47.033,47.1,47.177,47.255,47.308,47.355,47.426,47.5,47.561,47.617,47.674,47.705,47.749,47.821,47.879,47.93,47.964,48.003,48.059,48.095,48.138,48.178,48.223,48.262,48.303,48.359,48.422,48.471,48.525,48.57,48.627,48.673,48.737,48.784,48.825,48.867,48.913,48.945,48.984,49.021,49.059,49.092,49.148,49.195,49.234,49.265,49.309,49.354,49.389,49.434,49.471,49.514,49.551,49.597,49.64,49.675,49.709,49.755,49.791,49.842,49.897,49.938,49.994,50.032,50.075,50.127,50.187,50.235,50.294,50.335,50.387,50.456,50.525,50.609,50.664,50.733,50.813,50.887,50.966,51.083,51.211,51.322,51.458,51.628,51.818,52.141,52.394,52.853,54.185
248,@TPP,44.352,45.314,45.607,45.952,46.217,46.379,46.531,46.652,46.751,46.844,46.933,46.987,47.048,47.144,47.222,47.282,47.362,47.423,47.473,47.524,47.58,47.637,47.68,47.73,47.794,47.842,47.897,47.939,47.991,48.028,48.074,48.117,48.165,48.208,48.256,48.305,48.344,48.395,48.452,48.488,48.529,48.586,48.63,48.669,48.704,48.761,48.805,48.845,48.895,48.951,48.977,49.013,49.063,49.102,49.137,49.178,49.213,49.258,49.297,49.353,49.391,49.437,49.472,49.52,49.561,49.6,49.636,49.67,49.704,49.742,49.785,49.834,49.878,49.914,49.984,50.031,50.092,50.146,50.194,50.251,50.317,50.373,50.432,50.484,50.545,50.595,50.662,50.724,50.789,50.875,50.959,51.071,51.172,51.285,51.463,51.641,51.947,52.146,52.434,52.861,54.127
249,@TPP,44.352,45.314,45.607,45.952,46.217,46.379,46.531,46.652,46.751,46.844,46.933,46.987,47.048,47.144,47.222,47.282,47.362,47.423,47.473,47.524,47.58,47.637,47.68,47.73,47.794,47.842,47.897,47.939,47.991,48.028,48.074,48.117,48.165,48.208,48.256,48.305,48.344,48.395,48.452,48.488,48.529,48.586,48.63,48.669,48.704,48.761,48.805,48.845,48.895,48.951,48.977,49.013,49.063,49.102,49.137,49.178,49.213,49.258,49.297,49.353,49.391,49.437,49.472,49.52,49.561,49.6,49.636,49.67,49.704,49.742,49.785,49.834,49.878,49.914,49.984,50.031,50.092,50.146,50.194,50.251,50.317,50.373,50.432,50.484,50.545,50.595,50.662,50.724,50.789,50.875,50.959,51.071,51.172,51.285,51.463,51.641,51.947,52.146,52.434,52.861,54.127
250,@TPP,44.365,45.343,45.741,46.045,46.219,46.42,46.569,46.691,46.795,46.892,46.952,47.04,47.114,47.189,47.25,47.327,47.387,47.45,47.496,47.558,47.619,47.672,47.723,47.786,47.829,47.881,47.924,47.975,48.023,48.069,48.113,48.151,48.2,48.245,48.275,48.326,48.38,48.419,48.46,48.506,48.558,48.598,48.627,48.663,48.703,48.742,48.788,48.824,48.86,48.893,48.931,48.977,49.021,49.062,49.101,49.145,49.203,49.254,49.286,49.317,49.355,49.403,49.446,49.477,49.537,49.57,49.61,49.659,49.697,49.754,49.794,49.835,49.866,49.92,49.972,50.023,50.069,50.112,50.163,50.216,50.285,50.361,50.403,50.474,50.559,50.614,50.676,50.735,50.813,50.911,50.992,51.11,51.227,51.35,51.463,51.621,51.773,52.072,52.472,52.865,54.248
251,@TPP,44.365,45.343,45.741,46.045,46.219,46.42,46.569,46.691,46.795,46.892,46.952,47.04,47.114,47.189,47.25,47.327,47.387,47.45,47.496,47.558,47.619,47.672,47.723,47.786,47.829,47.881,47.924,47.975,48.023,48.069,48.113,48.151,48.2,48.245,48.275,48.326,48.38,48.419,48.46,48.506,48.558,48.598,48.627,48.663,48.703,48.742,48.788,48.824,48.86,48.893,48.931,48.977,49.021,49.062,49.101,49.145,49.203,49.254,49.286,49.317,49.355,49.403,49.446,49.477,49.537,49.57,49.61,49.659,49.697,49.754,49.794,49.835,49.866,49.92,49.972,50.023,50.069,50.112,50.163,50.216,50.285,50.361,50.403,50.474,50.559,50.614,50.676,50.735,50.813,50.911,50.992,51.11,51.227,51.35,51.463,51.621,51.773,52.072,52.472,52.865,54.248
252,@TPP,44.394,45.372,45.805,46.112,46.268,46.426,46.565,46.711,46.802,46.906,47.003,47.077,47.164,47.238,47.302,47.382,47.442,47.502,47.561,47.617,47.679,47.733,47.787,47.828,47.871,47.919,47.966,48.012,48.06,48.111,48.152,48.181,48.228,48.265,48.303,48.338,48.392,48.435,48.484,48.523,48.564,48.601,48.626,48.665,48.71,48.739,48.784,48.822,48.86,48.904,48.945,48.98,49.027,49.067,49.104,49.153,49.214,49.258,49.292,49.336,49.379,49.41,49.449,49.493,49.538,49.592,49.629,49.682,49.736,49.779,49.829,49.873,49.922,49.966,50.007,50.051,50.095,50.137,50.177,50.244,50.299,50.348,50.403,50.483,50.537,50.614,50.669,50.745,50.837,50.93,51.022,51.093,51.197,51.342,51.472,51.588,51.774,52.065,52.36,52.913,54.149
253,@TPP,44.394,45.372,45.805,46.112,46.268,46.426,46.565,46.711,46.802,46.906,47.003,47.077,47.164,47.238,47.302,47.382,47.442,47.502,47.561,47.617,47.679,47.733,47.787,47.828,47.871,47.919,47.966,48.012,48.06,48.111,48.152,48.181,48.228,48.265,48.303,48.338,48.392,48.435,48.484,48.523,48.564,48.601,48.626,48.665,48.71,48.739,48.784,48.822,48.86,48.904,48.945,48.98,49.027,49.067,49.104,49.153,49.214,49.258,49.292,49.336,49.379,49.41,49.449,49.493,49.538,49.592,49.629,49.682,49.736,49.779,49.829,49.873,49.922,49.966,50.007,50.051,50.095,50.137,50.177,50.244,50.299,50.348,50.403,50.483,50.537,50.614,50.669,50.745,50.837,50.93,51.022,51.093,51.197,51.342,51.472,51.588,51.774,52.065,52.36,52.913,54.149
254,@TPP,44.498,45.341,45.917,46.118,46.35,46.498,46.636,46.751,46.847,46.969,47.052,47.115,47.182,47.261,47.312,47.375,47.444,47.513,47.561,47.605,47.656,47.705,47.75,47.797,47.856,47.913,47.953,48.009,48.057,48.099,48.149,48.183,48.22,48.272,48.313,48.355,48.394,48.432,48.461,48.512,48.558,48.596,48.619,48.661,48.694,48.743,48.784,48.82,48.857,48.907,48.946,48.983,49.022,49.076,49.126,49.167,49.207,49.246,49.288,49.32,49.356,49.392,49.447,49.485,49.514,49.555,49.612,49.668,49.715,49.767,49.822,49.874,49.921,49.966,50.02,50.052,50.105,50.164,50.199,50.246,50.285,50.335,50.397,50.461,50.537,50.588,50.669,50.753,50.837,50.908,51.039,51.124,51.221,51.32,51.404,51.562,51.762,51.986,52.372,52.861,54.07
255,@TPP,44.498,45.341,45.917,46.118,46.35,46.498,46.636,46.751,46.847,46.969,47.052,47.115,47.182,47.261,47.312,47.375,47.444,47.513,47.561,47.605,47.656,47.705,47.75,47.797,47.856,47.913,47.953,48.009,48.057,48.099,48.149,48.183,48.22,48.272,48.313,48.355,48.394,48.432,48.461,48.512,48.558,48.596,48.619,48.661,48.694,48.743,48.784,48.82,48.857,48.907,48.946,48.983,49.022,49.076,49.126,49.167,49.207,49.246,49.288,49.32,49.356,49.392,49.447,49.485,49.514,49.555,49.612,49.668,49.715,49.767,49.822,49.874,49.921,49.966,50.02,50.052,50.105,50.164,50.199,50.246,50.285,50.335,50.397,50.461,50.537,50.588,50.669,50.753,50.837,50.908,51.039,51.124,51.221,51.32,51.404,51.562,51.762,51.986,52.372,52.861,54.07
256,@TPP,44.61,45.473,45.829,46.167,46.393,46.572,46.703,46.789,46.882,46.975,47.036,47.112,47.171,47.246,47.332,47.402,47.451,47.538,47.583,47.645,47.693,47.738,47.787,47.847,47.898,47.939,47.979,48.02,48.059,48.1,48.156,48.2,48.248,48.295,48.328,48.362,48.405,48.439,48.482,48.519,48.555,48.599,48.643,48.677,48.723,48.773,48.807,48.849,48.889,48.921,48.968,48.997,49.041,49.09,49.127,49.165,49.204,49.249,49.282,49.34,49.39,49.439,49.473,49.517,49.557,49.589,49.639,49.691,49.735,49.763,49.798,49.838,49.9,49.941,49.995,50.039,50.101,50.166,50.217,50.277,50.329,50.383,50.434,50.476,50.538,50.598,50.65,50.725,50.808,50.898,50.974,51.057,51.176,51.277,51.392,51.587,51.783,52.005,52.283,52.723,54.124
257,@TPP,44.61,45.473,45.829,46.167,46.393,46.572,46.703,46.789,46.882,46.975,47.036,47.112,47.171,47.246,47.332,47.402,47.451,47.538,47.583,47.645,47.693,47.738,47.787,47.847,47.898,47.939,47.979,48.02,48.059,48.1,48.156,48.2,48.248,48.295,48.328,48.362,48.405,48.439,48.482,48.519,48.555,48.599,48.643,48.677,48.723,48.773,48.807,48.849,48.889,48.921,48.968,48.997,49.041,49.09,49.127,49.165,49.204,49.249,49.282,49.34,49.39,49.439,49.473,49.517,49.557,49.589,49.639,49.691,49.735,49.763,49.798,49.838,49.9,49.941,49.995,50.039,50.101,50.166,50.217,50.277,50.329,50.383,50.434,50.476,50.538,50.598,50.65,50.725,50.808,50.898,50.974,51.057,51.176,51.277,51.392,51.587,51.783,52.005,52.283,52.723,54.124
258,@TPP,44.566,45.467,45.859,46.193,46.397,46.571,46.726,46.88,46.952,47.041,47.1,47.176,47.249,47.302,47.356,47.425,47.488,47.555,47.621,47.674,47.715,47.76,47.825,47.876,47.922,47.958,48.003,48.055,48.097,48.147,48.193,48.231,48.27,48.311,48.343,48.378,48.423,48.466,48.508,48.562,48.616,48.665,48.713,48.743,48.784,48.821,48.853,48.888,48.934,48.97,49.003,49.046,49.081,49.118,49.166,49.198,49.229,49.281,49.308,49.35,49.414,49.457,49.498,49.541,49.572,49.603,49.653,49.685,49.729,49.763,49.8,49.843,49.886,49.933,49.989,50.054,50.103,50.145,50.187,50.246,50.328,50.363,50.423,50.477,50.545,50.633,50.701,50.751,50.816,50.891,50.961,51.038,51.167,51.301,51.451,51.614,51.814,51.956,52.216,52.764,54.183
259,@TPP,44.566,45.467,45.859,46.193,46.397,46.571,46.726,46.88,46.952,47.041,47.1,47.176,47.249,47.302,47.356,47.425,47.488,47.555,47.621,47.674,47.715,47.76,47.825,47.876,47.922,47.958,48.003,48.055,48.097,48.147,48.193,48.231,48.27,48.311,48.343,48.378,48.423,48.466,48.508,48.562,48.616,48.665,48.713,48.743,48.784,48.821,48.853,48.888,48.934,48.97,49.003,49.046,49.081,49.118,49.166,49.198,49.229,49.281,49.308,49.35,49.414,49.457,49.498,49.541,49.572,49.603,49.653,49.685,49.729,49.763,49.8,49.843,49.886,49.933,49.989,50.054,50.103,50.145,50.187,50.246,50.328,50.363,50.423,50.477,50.545,50.633,50.701,50.751,50.816,50.891,50.961,51.038,51.167,51.301,51.451,51.614,51.814,51.956,52.216,52.764,54.183
260,@TPP,44.399,45.556,45.882,46.159,46.453,46.598,46.704,46.837,46.952,47.052,47.126,47.208,47.27,47.326,47.371,47.423,47.483,47.545,47.617,47.67,47.728,47.77,47.811,47.879,47.928,47.972,48.021,48.055,48.097,48.142,48.193,48.241,48.275,48.315,48.362,48.406,48.455,48.492,48.538,48.563,48.601,48.633,48.682,48.717,48.756,48.804,48.843,48.888,48.93,48.973,49.009,49.058,49.101,49.139,49.179,49.213,49.249,49.292,49.328,49.366,49.401,49.435,49.471,49.514,49.555,49.604,49.642,49.688,49.735,49.771,49.817,49.878,49.916,49.953,49.998,50.04,50.076,50.128,50.184,50.234,50.289,50.36,50.416,50.48,50.52,50.577,50.662,50.75,50.823,50.906,50.97,51.045,51.176,51.287,51.407,51.587,51.756,51.949,52.222,52.66,54.326
261,@TPP,44.399,45.556,45.882,46.159,46.453,46.598,46.704,46.837,46.952,47.052,47.126,47.208,47.27,47.326,47.371,47.423,47.483,47.545,47.617,47.67,47.728,47.77,47.811,47.879,47.928,47.972,48.021,48.055,48.097,48.142,48.193,48.241,48.275,48.315,48.362,48.406,48.455,48.492,48.538,48.563,48.601,48.633,48.682,48.717,48.756,48.804,48.843,48.888,48.93,48.973,49.009,49.058,49.101,49.139,49.179,49.213,49.249,49.292,49.328,49.366,49.401,49.435,49.471,49.514,49.555,49.604,49.642,49.688,49.735,49.771,49.817,49.878,49.916,49.953,49.998,50.04,50.076,50.128,50.184,50.234,50.289,50.36,50.416,50.48,50.52,50.577,50.662,50.75,50.823,50.906,50.97,51.045,51.176,51.287,51.407,51.587,51.756,51.949,52.222,52.66,54.326
262,@TPP,44.259,45.534,45.93,46.29,46.493,46.651,46.749,46.883,46.974,47.074,47.144,47.23,47.306,47.369,47.417,47.468,47.543,47.608,47.67,47.712,47.764,47.821,47.862,47.906,47.957,47.986,48.045,48.101,48.154,48.189,48.228,48.276,48.312,48.357,48.399,48.436,48.469,48.513,48.56,48.592,48.638,48.668,48.704,48.736,48.78,48.827,48.865,48.898,48.938,48.974,49.029,49.067,49.107,49.141,49.187,49.223,49.262,49.3,49.35,49.387,49.433,49.477,49.508,49.555,49.591,49.631,49.677,49.72,49.754,49.79,49.836,49.87,49.921,49.948,50.008,50.054,50.107,50.154,50.204,50.257,50.307,50.37,50.417,50.462,50.51,50.567,50.638,50.721,50.817,50.891,50.975,51.075,51.194,51.292,51.421,51.52,51.665,51.937,52.233,52.581,54.325
263,@TPP,44.259,45.534,45.93,46.29,46.493,46.651,46.749,46.883,46.974,47.074,47.144,47.23,47.306,47.369,47.417,47.468,47.543,47.608,47.67,47.712,47.764,47.821,47.862,47.906,47.957,47.986,48.045,48.101,48.154,48.189,48.228,48.276,48.312,48.357,48.399,48.436,48.469,48.513,48.56,48.592,48.638,48.668,48.704,48.736,48.78,48.827,48.865,48.898,48.938,48.974,49.029,49.067,49.107,49.141,49.187,49.223,49.262,49.3,49.35,49.387,49.433,49.477,49.508,49.555,49.591,49.631,49.677,49.72,49.754,49.79,49.836,49.87,49.921,49.948,50.008,50.054,50.107,50.154,50.204,50.257,50.307,50.37,50.417,50.462,50.51,50.567,50.638,50.721,50.817,50.891,50.975,51.075,51.194,51.292,51.421,51.52,51.665,51.937,52.233,52.581,54.325
264,@TPP,44.324,45.554,45.941,46.244,46.458,46.644,46.8,46.948,47.053,47.122,47.178,47.245,47.34,47.386,47.443,47.515,47.583,47.633,47.682,47.749,47.793,47.854,47.9,47.943,47.992,48.038,48.071,48.105,48.144,48.198,48.239,48.282,48.345,48.381,48.417,48.459,48.489,48.525,48.585,48.62,48.656,48.696,48.732,48.773,48.816,48.849,48.89,48.925,48.952,48.992,49.029,49.065,49.104,49.134,49.171,49.218,49.264,49.307,49.355,49.397,49.433,49.469,49.504,49.543,49.584,49.627,49.673,49.711,49.755,49.787,49.827,49.872,49.917,49.954,49.994,50.047,50.095,50.134,50.195,50.255,50.325,50.381,50.433,50.483,50.53,50.581,50.66,50.717,50.79,50.873,50.963,51.027,51.147,51.259,51.384,51.542,51.664,51.87,52.123,52.64,53.896
265,@TPP,44.324,45.554,45.941,46.244,46.458,46.644,46.8,46.948,47.053,47.122,47.178,47.245,47.34,47.386,47.443,47.515,47.583,47.633,47.682,47.749,47.793,47.854,47.9,47.943,47.992,48.038,48.071,48.105,48.144,48.198,48.239,48.282,48.345,48.381,48.417,48.459,48.489,48.525,48.585,48.62,48.656,48.696,48.732,48.773,48.816,48.849,48.89,48.925,48.952,48.992,49.029,49.065,49.104,49.134,49.171,49.218,49.264,49.307,49.355,49.397,49.433,49.469,49.504,49.543,49.584,49.627,49.673,49.711,49.755,49.787,49.827,49.872,49.917,49.954,49.994,50.047,50.095,50.134,50.195,50.255,50.325,50.381,50.433,50.483,50.53,50.581,50.66,50.717,50.79,50.873,50.963,51.027,51.147,51.259,51.384,51.542,51.664,51.87,52.123,52.64,53.896
266,@TPP,44.643,45.602,46.035,46.294,46.474,46.642,46.862,46.953,47.059,47.148,47.223,47.285,47.363,47.421,47.469,47.527,47.587,47.649,47.704,47.747,47.797,47.858,47.898,47.941,47.987,48.044,48.089,48.133,48.165,48.215,48.258,48.288,48.327,48.376,48.428,48.471,48.513,48.548,48.584,48.623,48.664,48.709,48.762,48.798,48.834,48.859,48.894,48.927,48.961,48.994,49.031,49.078,49.123,49.16,49.203,49.241,49.283,49.311,49.357,49.386,49.426,49.466,49.51,49.542,49.586,49.626,49.668,49.706,49.741,49.79,49.835,49.879,49.924,49.969,49.997,50.038,50.099,50.149,50.199,50.259,50.298,50.357,50.416,50.479,50.523,50.578,50.645,50.717,50.791,50.884,50.95,51.033,51.156,51.255,51.382,51.509,51.658,51.82,52.123,52.577,53.661
267,@TPP,44.643,45.602,46.035,46.294,46.474,46.642,46.862,46.953,47.059,47.148,47.223,47.285,47.363,47.421,47.469,47.527,47.587,47.649,47.704,47.747,47.797,47.858,47.898,47.941,47.987,48.044,48.089,48.133,48.165,48.215,48.258,48.288,48.327,48.376,48.428,48.471,48.513,48.548,48.584,48.623,48.664,48.709,48.762,48.798,48.834,48.859,48.894,48.927,48.961,48.994,49.031,49.078,49.123,49.16,49.203,49.241,49.283,49.311,49.357,49.386,49.426,49.466,49.51,49.542,49.586,49.626,49.668,49.706,49.741,49.79,49.835,49.879,49.924,49.969,49.997,50.038,50.099,50.149,50.199,50.259,50.298,50.357,50.416,50.479,50.523,50.578,50.645,50.717,50.791,50.884,50.95,51.033,51.156,51.255,51.382,51.509,51.658,51.82,52.123,52.577,53.661
268,@TPP,44.637,45.849,46.166,46.373,46.558,46.721,46.84,46.994,47.078,47.182,47.262,47.345,47.415,47.47,47.541,47.595,47.637,47.692,47.738,47.792,47.835,47.879,47.916,47.968,48.002,48.049,48.102,48.142,48.192,48.23,48.275,48.314,48.351,48.385,48.428,48.464,48.495,48.553,48.599,48.642,48.674,48.712,48.758,48.8,48.847,48.888,48.925,48.964,49.01,49.043,49.072,49.107,49.132,49.179,49.223,49.26,49.307,49.335,49.369,49.415,49.455,49.491,49.532,49.564,49.595,49.63,49.672,49.724,49.756,49.794,49.834,49.88,49.923,49.962,50.024,50.057,50.103,50.147,50.192,50.235,50.291,50.353,50.416,50.475,50.533,50.601,50.666,50.733,50.835,50.906,50.967,51.028,51.121,51.22,51.322,51.478,51.652,51.86,52.092,52.535,53.357
269,@TPP,44.637,45.849,46.166,46.373,46.558,46.721,46.84,46.994,47.078,47.182,47.262,47.345,47.415,47.47,47.541,47.595,47.637,47.692,47.738,47.792,47.835,47.879,47.916,47.968,48.002,48.049,48.102,48.142,48.192,48.23,48.275,48.314,48.351,48.385,48.428,48.464,48.495,48.553,48.599,48.642,48.674,48.712,48.758,48.8,48.847,48.888,48.925,48.964,49.01,49.043,49.072,49.107,49.132,49.179,49.223,49.26,49.307,49.335,49.369,49.415,49.455,49.491,49.532,49.564,49.595,49.63,49.672,49.724,49.756,49.794,49.834,49.88,49.923,49.962,50.024,50.057,50.103,50.147,50.192,50.235,50.291,50.353,50.416,50.475,50.533,50.601,50.666,50.733,50.835,50.906,50.967,51.028,51.121,51.22,51.322,51.478,51.652,51.86,52.092,52.535,53.357
270,@TPP,44.827,45.785,46.166,46.461,46.65,46.788,46.905,47.029,47.143,47.255,47.346,47.413,47.485,47.54,47.59,47.653,47.706,47.755,47.793,47.841,47.89,47.94,47.98,48.026,48.074,48.125,48.165,48.207,48.254,48.289,48.334,48.377,48.422,48.453,48.488,48.519,48.547,48.576,48.602,48.648,48.68,48.723,48.773,48.818,48.847,48.884,48.917,48.954,48.998,49.049,49.086,49.135,49.163,49.19,49.22,49.249,49.279,49.315,49.351,49.413,49.448,49.49,49.52,49.547,49.582,49.617,49.671,49.719,49.76,49.8,49.833,49.878,49.928,49.964,50.011,50.046,50.098,50.145,50.199,50.256,50.311,50.364,50.404,50.453,50.514,50.608,50.682,50.743,50.818,50.882,50.97,51.027,51.108,51.198,51.283,51.396,51.556,51.767,52.02,52.455,53.119
271,@TPP,44.827,45.785,46.166,46.461,46.65,46.788,46.905,47.029,47.143,47.255,47.346,47.413,47.485,47.54,47.59,47.653,47.706,47.755,47.793,47.841,47.89,47.94,47.98,48.026,48.074,48.125,48.165,48.207,48.254,48.289,48.334,48.377,48.422,48.453,48.488,48.519,48.547,48.576,48.602,48.648,48.68,48.723,48.773,48.818,48.847,48.884,48.917,48.954,48.998,49.049,49.086,49.135,49.163,49.19,49.22,49.249,49.279,49.315,49.351,49.413,49.448,49.49,49.52,49.547,49.582,49.617,49.671,49.719,49.76,49.8,49.833,49.878,49.928,49.964,50.011,50.046,50.098,50.145,50.199,50.256,50.311,50.364,50.404,50.453,50.514,50.608,50.682,50.743,50.818,50.882,50.97,51.027,51.108,51.198,51.283,51.396,51.556,51.767,52.02,52.455,53.119
272,@TPP,44.948,45.986,46.377,46.552,46.718,46.872,46.971,47.081,47.179,47.289,47.369,47.447,47.499,47.555,47.641,47.702,47.757,47.804,47.856,47.897,47.937,47.981,48.014,48.071,48.112,48.158,48.203,48.239,48.293,48.341,48.385,48.429,48.468,48.505,48.537,48.57,48.605,48.647,48.677,48.717,48.749,48.785,48.821,48.853,48.896,48.93,48.979,49.016,49.046,49.073,49.098,49.134,49.168,49.198,49.23,49.263,49.307,49.339,49.374,49.406,49.438,49.472,49.505,49.546,49.597,49.643,49.674,49.721,49.758,49.794,49.833,49.893,49.947,49.989,50.027,50.062,50.108,50.163,50.192,50.24,50.279,50.332,50.405,50.456,50.506,50.555,50.618,50.691,50.781,50.855,50.953,51.032,51.101,51.181,51.285,51.386,51.493,51.675,51.997,52.357,53.289
273,@TPP,44.948,45.986,46.377,46.552,46.718,46.872,46.971,47.081,47.179,47.289,47.369,47.447,47.499,47.555,47.641,47.702,47.757,47.804,47.856,47.897,47.937,47.981,48.014,48.071,48.112,48.158,48.203,48.239,48.293,48.341,48.385,48.429,48.468,48.505,48.537,48.57,48.605,48.647,48.677,48.717,48.749,48.785,48.821,48.853,48.896,48.93,48.979,49.016,49.046,49.073,49.098,49.134,49.168,49.198,49.23,49.263,49.307,49.339,49.374,49.406,49.438,49.472,49.505,49.546,49.597,49.643,49.674,49.721,49.758,49.794,49.833,49.893,49.947,49.989,50.027,50.062,50.108,50.163,50.192,50.24,50.279,50.332,50.405,50.456,50.506,50.555,50.618,50.691,50.781,50.855,50.953,51.032,51.101,51.181,51.285,51.386,51.493,51.675,51.997,52.357,53.289
274,@TPP,45.063,45.96,46.262,46.474,46.651,46.763,46.912,47.057,47.153,47.254,47.349,47.409,47.488,47.551,47.608,47.668,47.725,47.788,47.835,47.892,47.931,47.978,48.028,48.074,48.126,48.175,48.207,48.242,48.28,48.321,48.372,48.407,48.441,48.473,48.515,48.558,48.593,48.64,48.672,48.712,48.751,48.788,48.826,48.862,48.894,48.927,48.962,48.998,49.036,49.067,49.103,49.131,49.167,49.201,49.227,49.259,49.292,49.323,49.358,49.4,49.442,49.471,49.506,49.544,49.577,49.63,49.666,49.699,49.73,49.772,49.821,49.877,49.909,49.971,50.013,50.063,50.098,50.133,50.172,50.235,50.284,50.354,50.417,50.476,50.536,50.607,50.668,50.72,50.804,50.863,50.933,51.01,51.087,51.203,51.31,51.426,51.573,51.736,51.96,52.493,53.437
275,@TPP,45.063,45.96,46.262,46.474,46.651,46.763,46.912,47.057,47.153,47.254,47.349,47.409,47.488,47.551,47.608,47.668,47.725,47.788,47.835,47.892,47.931,47.978,48.028,48.074,48.126,48.175,48.207,48.242,48.28,48.321,48.372,48.407,48.441,48.473,48.515,48.558,48.593,48.64,48.672,48.712,48.751,48.788,48.826,48.862,48.894,48.927,48.962,48.998,49.036,49.067,49.103,49.131,49.167,49.201,49.227,49.259,49.292,49.323,49.358,49.4,49.442,49.471,49.506,49.544,49.577,49.63,49.666,49.699,49.73,49.772,49.821,49.877,49.909,49.971,50.013,50.063,50.098,50.133,50.172,50.235,50.284,50.354,50.417,50.476,50.536,50.607,50.668,50.72,50.804,50.863,50.933,51.01,51.087,51.203,51.31,51.426,51.573,51.736,51.96,52.493,53.437
276,@TPP,44.802,45.963,46.252,46.517,46.646,46.803,46.924,47.036,47.122,47.262,47.334,47.41,47.476,47.532,47.589,47.642,47.708,47.773,47.825,47.886,47.93,47.971,48.013,48.063,48.106,48.15,48.191,48.236,48.282,48.32,48.357,48.394,48.429,48.474,48.516,48.554,48.594,48.627,48.663,48.709,48.747,48.778,48.82,48.849,48.88,48.917,48.95,48.984,49.017,49.053,49.085,49.123,49.165,49.196,49.231,49.265,49.304,49.331,49.367,49.396,49.442,49.479,49.513,49.549,49.587,49.629,49.665,49.695,49.731,49.775,49.813,49.853,49.899,49.944,49.999,50.041,50.087,50.134,50.176,50.213,50.259,50.321,50.375,50.421,50.475,50.531,50.601,50.684,50.76,50.859,50.943,51.048,51.134,51.219,51.31,51.44,51.554,51.688,51.939,52.434,53.39
277,@TPP,44.802,45.963,46.252,46.517,46.646,46.803,46.924,47.036,47.122,47.262,47.334,47.41,47.476,47.532,47.589,47.642,47.708,47.773,47.825,47.886,47.93,47.971,48.013,48.063,48.106,48.15,48.191,48.236,48.282,48.32,48.357,48.394,48.429,48.474,48.516,48.554,48.594,48.627,48.663,48.709,48.747,48.778,48.82,48.849,48.88,48.917,48.95,48.984,49.017,49.053,49.085,49.123,49.165,49.196,49.231,49.265,49.304,49.331,49.367,49.396,49.442,49.479,49.513,49.549,49.587,49.629,49.665,49.695,49.731,49.775,49.813,49.853,49.899,49.944,49.999,50.041,50.087,50.134,50.176,50.213,50.259,50.321,50.375,50.421,50.475,50.531,50.601,50.684,50.76,50.859,50.943,51.048,51.134,51.219,51.31,51.44,51.554,51.688,51.939,52.434,53.39
278,@TPP,44.563,45.886,46.271,46.476,46.681,46.867,46.983,47.083,47.169,47.26,47.324,47.411,47.47,47.549,47.608,47.661,47.728,47.766,47.81,47.851,47.895,47.935,47.98,48.03,48.081,48.13,48.18,48.219,48.255,48.287,48.329,48.377,48.414,48.439,48.476,48.511,48.548,48.588,48.625,48.663,48.701,48.729,48.768,48.814,48.852,48.888,48.923,48.957,48.997,49.023,49.064,49.096,49.129,49.155,49.191,49.231,49.275,49.313,49.364,49.398,49.429,49.46,49.493,49.528,49.553,49.588,49.614,49.659,49.706,49.748,49.798,49.853,49.889,49.939,49.983,50.023,50.06,50.108,50.141,50.194,50.25,50.294,50.35,50.406,50.468,50.533,50.618,50.687,50.78,50.846,50.921,51.008,51.082,51.206,51.298,51.44,51.619,51.761,51.896,52.459,53.368
279,@TPP,44.563,45.886,46.271,46.476,46.681,46.867,46.983,47.083,47.169,47.26,47.324,47.411,47.47,47.549,47.608,47.661,47.728,47.766,47.81,47.851,47.895,47.935,47.98,48.03,48.081,48.13,48.18,48.219,48.255,48.287,48.329,48.377,48.414,48.439,48.476,48.511,48.548,48.588,48.625,48.663,48.701,48.729,48.768,48.814,48.852,48.888,48.923,48.957,48.997,49.023,49.064,49.096,49.129,49.155,49.191,49.231,49.275,49.313,49.364,49.398,49.429,49.46,49.493,49.528,49.553,49.588,49.614,49.659,49.706,49.748,49.798,49.853,49.889,49.939,49.983,50.023,50.06,50.108,50.141,50.194,50.25,50.294,50.35,50.406,50.468,50.533,50.618,50.687,50.78,50.846,50.921,51.008,51.082,51.206,51.298,51.44,51.619,51.761,51.896,52.459,53.368
280,@TPP,44.16,45.741,46.293,46.5,46.663,46.816,46.937,47.062,47.154,47.251,47.349,47.44,47.488,47.545,47.599,47.643,47.686,47.74,47.798,47.84,47.879,47.922,47.949,47.994,48.04,48.082,48.115,48.174,48.221,48.277,48.308,48.343,48.384,48.43,48.462,48.498,48.536,48.56,48.604,48.638,48.671,48.709,48.759,48.796,48.829,48.87,48.909,48.941,48.977,49.013,49.046,49.073,49.113,49.151,49.195,49.232,49.27,49.313,49.351,49.391,49.42,49.459,49.497,49.534,49.569,49.601,49.635,49.668,49.702,49.739,49.774,49.809,49.857,49.896,49.935,49.98,50.026,50.086,50.128,50.194,50.237,50.279,50.337,50.396,50.472,50.538,50.609,50.674,50.735,50.802,50.869,50.972,51.074,51.197,51.324,51.449,51.598,51.772,51.983,52.33,53.26
281,@TPP,44.16,45.741,46.293,46.5,46.663,46.816,46.937,47.062,47.154,47.251,47.349,47.44,47.488,47.545,47.599,47.643,47.686,47.74,47.798,47.84,47.879,47.922,47.949,47.994,48.04,48.082,48.115,48.174,48.221,48.277,48.308,48.343,48.384,48.43,48.462,48.498,48.536,48.56,48.604,48.638,48.671,48.709,48.759,48.796,48.829,48.87,48.909,48.941,48.977,49.013,49.046,49.073,49.113,49.151,49.195,49.232,49.27,49.313,49.351,49.391,49.42,49.459,49.497,49.534,49.569,49.601,49.635,49.668,49.702,49.739,49.774,49.809,49.857,49.896,49.935,49.98,50.026,50.086,50.128,50.194,50.237,50.279,50.337,50.396,50.472,50.538,50.609,50.674,50.735,50.802,50.869,50.972,51.074,51.197,51.324,51.449,51.598,51.772,51.983,52.33,53.26
282,@TPP,44.446,45.79,46.195,46.484,46.691,46.843,46.961,47.086,47.175,47.262,47.343,47.403,47.467,47.542,47.608,47.663,47.714,47.768,47.801,47.855,47.899,47.942,47.988,48.033,48.089,48.12,48.156,48.191,48.233,48.277,48.318,48.349,48.381,48.429,48.459,48.49,48.524,48.556,48.588,48.612,48.642,48.684,48.717,48.75,48.795,48.843,48.881,48.919,48.967,49.016,49.052,49.084,49.113,49.148,49.184,49.23,49.256,49.301,49.325,49.364,49.412,49.443,49.478,49.526,49.562,49.602,49.63,49.672,49.7,49.733,49.777,49.827,49.872,49.911,49.951,50.006,50.058,50.09,50.133,50.191,50.238,50.271,50.32,50.36,50.431,50.502,50.591,50.667,50.755,50.837,50.919,51.004,51.087,51.174,51.299,51.428,51.544,51.726,51.934,52.37,53.371
283,@TPP,44.446,45.79,46.195,46.484,46.691,46.843,46.961,47.086,47.175,47.262,47.343,47.403,47.467,47.542,47.608,47.663,47.714,47.768,47.801,47.855,47.899,47.942,47.988,48.033,48.089,48.12,48.156,48.191,48.233,48.277,48.318,48.349,48.381,48.429,48.459,48.49,48.524,48.556,48.588,48.612,48.642,48.684,48.717,48.75,48.795,48.843,48.881,48.919,48.967,49.016,49.052,49.084,49.113,49.148,49.184,49.23,49.256,49.301,49.325,49.364,49.412,49.443,49.478,49.526,49.562,49.602,49.63,49.672,49.7,49.733,49.777,49.827,49.872,49.911,49.951,50.006,50.058,50.09,50.133,50.191,50.238,50.271,50.32,50.36,50.431,50.502,50.591,50.667,50.755,50.837,50.919,51.004,51.087,51.174,51.299,51.428,51.544,51.726,51.934,52.37,53.371
284,@TPP,44.402,45.75,46.238,46.498,46.651,46.824,46.947,47.066,47.146,47.226,47.319,47.396,47.462,47.538,47.58,47.639,47.718,47.753,47.799,47.853,47.908,47.961,48.005,48.057,48.098,48.139,48.174,48.199,48.233,48.272,48.308,48.348,48.385,48.42,48.458,48.496,48.532,48.564,48.594,48.629,48.668,48.699,48.752,48.795,48.827,48.861,48.894,48.923,48.957,48.983,49.017,49.052,49.088,49.131,49.168,49.201,49.241,49.274,49.31,49.354,49.401,49.438,49.476,49.52,49.562,49.591,49.639,49.687,49.726,49.768,49.81,49.848,49.892,49.934,49.981,50.015,50.045,50.105,50.147,50.198,50.248,50.302,50.362,50.425,50.485,50.558,50.615,50.668,50.72,50.797,50.904,50.974,51.052,51.17,51.296,51.41,51.56,51.735,51.953,52.215,53.177
285,@TPP,44.402,45.75,46.238,46.498,46.651,46.824,46.947,47.066,47.146,47.226,47.319,47.396,47.462,47.538,47.58,47.639,47.718,47.753,47.799,47.853,47.908,47.961,48.005,48.057,48.098,48.139,48.174,48.199,48.233,48.272,48.308,48.348,48.385,48.42,48.458,48.496,48.532,48.564,48.594,48.629,48.668,48.699,48.752,48.795,48.827,48.861,48.894,48.923,48.957,48.983,49.017,49.052,49.088,49.131,49.168,49.201,49.241,49.274,49.31,49.354,49.401,49.438,49.476,49.52,49.562,49.591,49.639,49.687,49.726,49.768,49.81,49.848,49.892,49.934,49.981,50.015,50.045,50.105,50.147,50.198,50.248,50.302,50.362,50.425,50.485,50.558,50.615,50.668,50.72,50.797,50.904,50.974,51.052,51.17,51.296,51.41,51.56,51.735,51.953,52.215,53.177
286,@TPP,44.502,45.832,46.251,46.5,46.66,46.809,46.915,47.012,47.12,47.205,47.316,47.362,47.434,47.511,47.57,47.631,47.682,47.724,47.79,47.845,47.891,47.944,47.993,48.036,48.072,48.108,48.14,48.189,48.231,48.279,48.321,48.357,48.404,48.439,48.462,48.495,48.533,48.566,48.615,48.66,48.696,48.727,48.754,48.787,48.819,48.845,48.878,48.91,48.95,48.983,49.031,49.073,49.112,49.145,49.176,49.209,49.243,49.288,49.326,49.358,49.389,49.429,49.462,49.508,49.543,49.59,49.628,49.672,49.707,49.744,49.783,49.822,49.852,49.892,49.938,49.986,50.032,50.069,50.125,50.171,50.216,50.272,50.334,50.4,50.464,50.532,50.606,50.657,50.712,50.782,50.865,50.936,51.048,51.159,51.248,51.389,51.562,51.732,51.908,52.339,53.357
287,@TPP,44.502,45.832,46.251,46.5,46.66,46.809,46.915,47.012,47.12,47.205,47.316,47.362,47.434,47.511,47.57,47.631,47.682,47.724,47.79,47.845,47.891,47.944,47.993,48.036,48.072,48.108,48.14,48.189,48.231,48.279,48.321,48.357,48.404,48.439,48.462,48.495,48.533,48.566,48.615,48.66,48.696,48.727,48.754,48.787,48.819,48.845,48.878,48.91,48.95,48.983,49.031,49.073,49.112,49.145,49.176,49.209,49.243,49.288,49.326,49.358,49.389,49.429,49.462,49.508,49.543,49.59,49.628,49.672,49.707,49.744,49.783,49.822,49.852,49.892,49.938,49.986,50.032,50.069,50.125,50.171,50.216,50.272,50.334,50.4,50.464,50.532,50.606,50.657,50.712,50.782,50.865,50.936,51.048,51.159,51.248,51.389,51.562,51.732,51.908,52.339,53.357
288,@TPP,44.824,45.811,46.182,46.484,46.645,46.789,46.927,47.066,47.141,47.204,47.292,47.377,47.437,47.516,47.59,47.632,47.677,47.734,47.773,47.831,47.883,47.932,47.974,48.023,48.074,48.124,48.158,48.2,48.236,48.277,48.316,48.346,48.373,48.408,48.45,48.489,48.535,48.571,48.612,48.637,48.659,48.697,48.728,48.771,48.815,48.845,48.882,48.908,48.934,48.977,49.006,49.048,49.083,49.124,49.158,49.187,49.231,49.282,49.315,49.348,49.395,49.431,49.463,49.511,49.547,49.585,49.628,49.654,49.689,49.735,49.78,49.824,49.863,49.903,49.939,49.986,50.033,50.076,50.118,50.17,50.23,50.295,50.347,50.387,50.459,50.513,50.575,50.629,50.703,50.789,50.847,50.932,51.03,51.119,51.238,51.366,51.497,51.676,51.835,52.222,53.495
289,@TPP,44.824,45.811,46.182,46.484,46.645,46.789,46.927,47.066,47.141,47.204,47.292,47.377,47.437,47.516,47.59,47.632,47.677,47.734,47.773,47.831,47.883,47.932,47.974,48.023,48.074,48.124,48.158,48.2,48.236,48.277,48.316,48.346,48.373,48.408,48.45,48.489,48.535,48.571,48.612,48.637,48.659,48.697,48.728,48.771,48.815,48.845,48.882,48.908,48.934,48.977,49.006,49.048,49.083,49.124,49.158,49.187,49.231,49.282,49.315,49.348,49.395,49.431,49.463,49.511,49.547,49.585,49.628,49.654,49.689,49.735,49.78,49.824,49.863,49.903,49.939,49.986,50.033,50.076,50.118,50.17,50.23,50.295,50.347,50.387,50.459,50.513,50.575,50.629,50.703,50.789,50.847,50.932,51.03,51.119,51.238,51.366,51.497,51.676,51.835,52.222,53.495
290,@TPP,44.592,45.813,46.236,46.454,46.587,46.764,46.918,47.042,47.13,47.197,47.283,47.366,47.455,47.498,47.552,47.613,47.678,47.732,47.776,47.835,47.885,47.932,47.991,48.035,48.077,48.111,48.155,48.194,48.233,48.28,48.319,48.359,48.405,48.442,48.472,48.504,48.529,48.574,48.608,48.638,48.672,48.721,48.755,48.792,48.83,48.868,48.902,48.941,48.972,49.0,49.041,49.066,49.102,49.132,49.161,49.198,49.244,49.275,49.32,49.352,49.386,49.429,49.461,49.503,49.542,49.592,49.622,49.663,49.693,49.739,49.777,49.816,49.857,49.893,49.924,49.979,50.025,50.074,50.131,50.168,50.235,50.283,50.341,50.387,50.44,50.495,50.567,50.635,50.712,50.778,50.847,50.909,50.99,51.062,51.191,51.311,51.466,51.67,51.905,52.311,53.677
291,@TPP,44.592,45.813,46.236,46.454,46.587,46.764,46.918,47.042,47.13,47.197,47.283,47.366,47.455,47.498,47.552,47.613,47.678,47.732,47.776,47.835,47.885,47.932,47.991,48.035,48.077,48.111,48.155,48.194,48.233,48.28,48.319,48.359,48.405,48.442,48.472,48.504,48.529,48.574,48.608,48.638,48.672,48.721,48.755,48.792,48.83,48.868,48.902,48.941,48.972,49.0,49.041,49.066,49.102,49.132,49.161,49.198,49.244,49.275,49.32,49.352,49.386,49.429,49.461,49.503,49.542,49.592,49.622,49.663,49.693,49.739,49.777,49.816,49.857,49.893,49.924,49.979,50.025,50.074,50.131,50.168,50.235,50.283,50.341,50.387,50.44,50.495,50.567,50.635,50.712,50.778,50.847,50.909,50.99,51.062,51.191,51.311,51.466,51.67,51.905,52.311,53.677
292,@TPP,44.586,45.846,46.289,46.51,46.622,46.759,46.921,47.031,47.149,47.216,47.291,47.351,47.423,47.492,47.537,47.59,47.646,47.714,47.778,47.837,47.882,47.922,47.978,48.011,48.06,48.108,48.156,48.203,48.242,48.289,48.334,48.374,48.408,48.444,48.483,48.53,48.55,48.585,48.62,48.654,48.691,48.724,48.758,48.789,48.833,48.86,48.889,48.922,48.954,48.987,49.012,49.052,49.085,49.13,49.168,49.207,49.23,49.278,49.32,49.347,49.391,49.419,49.456,49.491,49.533,49.57,49.608,49.643,49.682,49.72,49.766,49.803,49.849,49.884,49.916,49.945,49.994,50.055,50.115,50.158,50.212,50.27,50.336,50.398,50.453,50.526,50.578,50.635,50.69,50.752,50.848,50.938,51.039,51.116,51.225,51.357,51.487,51.673,51.935,52.315,53.411
293,@TPP,44.586,45.846,46.289,46.51,46.622,46.759,46.921,47.031,47.149,47.216,47.291,47.351,47.423,47.492,47.537,47.59,47.646,47.714,47.778,47.837,47.882,47.922,47.978,48.011,48.06,48.108,48.156,48.203,48.242,48.289,48.334,48.374,48.408,48.444,48.483,48.53,48.55,48.585,48.62,48.654,48.691,48.724,48.758,48.789,48.833,48.86,48.889,48.922,48.954,48.987,49.012,49.052,49.085,49.13,49.168,49.207,49.23,49.278,49.32,49.347,49.391,49.419,49.456,49.491,49.533,49.57,49.608,49.643,49.682,49.72,49.766,49.803,49.849,49.884,49.916,49.945,49.994,50.055,50.115,50.158,50.212,50.27,50.336,50.398,50.453,50.526,50.578,50.635,50.69,50.752,50.848,50.938,51.039,51.116,51.225,51.357,51.487,51.673,51.935,52.315,53.411
294,@TPP,44.663,45.965,46.315,46.52,46.653,46.758,46.898,47.016,47.101,47.196,47.282,47.363,47.439,47.506,47.565,47.634,47.673,47.728,47.773,47.827,47.875,47.926,47.975,48.025,48.067,48.117,48.151,48.194,48.244,48.278,48.307,48.344,48.391,48.431,48.463,48.502,48.538,48.582,48.617,48.653,48.69,48.728,48.752,48.782,48.814,48.847,48.876,48.909,48.942,48.976,49.01,49.042,49.076,49.117,49.163,49.198,49.234,49.268,49.308,49.345,49.374,49.416,49.45,49.498,49.534,49.574,49.607,49.65,49.674,49.716,49.742,49.789,49.817,49.864,49.9,49.934,49.978,50.032,50.093,50.144,50.214,50.272,50.332,50.402,50.472,50.539,50.606,50.661,50.729,50.788,50.88,50.939,51.017,51.097,51.198,51.294,51.418,51.604,51.83,52.286,53.086
295,@TPP,44.663,45.965,46.315,46.52,46.653,46.758,46.898,47.016,47.101,47.196,47.282,47.363,47.439,47.506,47.565,47.634,47.673,47.728,47.773,47.827,47.875,47.926,47.975,48.025,48.067,48.117,48.151,48.194,48.244,48.278,48.307,48.344,48.391,48.431,48.463,48.502,48.538,48.582,48.617,48.653,48.69,48.728,48.752,48.782,48.814,48.847,48.876,48.909,48.942,48.976,49.01,49.042,49.076,49.117,49.163,49.198,49.234,49.268,49.308,49.345,49.374,49.416,49.45,49.498,49.534,49.574,49.607,49.65,49.674,49.716,49.742,49.789,49.817,49.864,49.9,49.934,49.978,50.032,50.093,50.144,50.214,50.272,50.332,50.402,50.472,50.539,50.606,50.661,50.729,50.788,50.88,50.939,51.017,51.097,51.198,51.294,51.418,51.604,51.83,52.286,53.086
296,@TPP,44.657,45.972,46.378,46.553,46.716,46.864,46.938,47.033,47.131,47.214,47.287,47.36,47.428,47.498,47.554,47.605,47.66,47.718,47.766,47.824,47.879,47.926,47.966,48.005,48.037,48.081,48.126,48.168,48.208,48.251,48.289,48.332,48.373,48.408,48.446,48.492,48.523,48.555,48.596,48.622,48.662,48.702,48.73,48.766,48.804,48.846,48.874,48.911,48.946,48.984,49.036,49.071,49.114,49.15,49.185,49.213,49.248,49.284,49.32,49.354,49.399,49.433,49.475,49.508,49.551,49.578,49.601,49.628,49.666,49.713,49.752,49.788,49.827,49.855,49.894,49.933,49.995,50.055,50.099,50.16,50.211,50.25,50.292,50.348,50.408,50.475,50.537,50.614,50.681,50.77,50.844,50.943,51.007,51.088,51.176,51.28,51.403,51.589,51.874,52.253,53.291
297,@TPP,44.657,45.972,46.378,46.553,46.716,46.864,46.938,47.033,47.131,47.214,47.287,47.36,47.428,47.498,47.554,47.605,47.66,47.718,47.766,47.824,47.879,47.926,47.966,48.005,48.037,48.081,48.126,48.168,48.208,48.251,48.289,48.332,48.373,48.408,48.446,48.492,48.523,48.555,48.596,48.622,48.662,48.702,48.73,48.766,48.804,48.846,48.874,48.911,48.946,48.984,49.036,49.071,49.114,49.15,49.185,49.213,49.248,49.284,49.32,49.354,49.399,49.433,49.475,49.508,49.551,49.578,49.601,49.628,49.666,49.713,49.752,49.788,49.827,49.855,49.894,49.933,49.995,50.055,50.099,50.16,50.211,50.25,50.292,50.348,50.408,50.475,50.537,50.614,50.681,50.77,50.844,50.943,51.007,51.088,51.176,51.28,51.403,51.589,51.874,52.253,53.291
298,@TPP,44.925,45.887,46.218,46.57,46.767,46.888,46.981,47.076,47.172,47.237,47.32,47.393,47.446,47.522,47.578,47.635,47.685,47.741,47.779,47.838,47.897,47.94,47.984,48.04,48.071,48.107,48.142,48.188,48.236,48.273,48.303,48.342,48.389,48.427,48.465,48.507,48.533,48.568,48.608,48.647,48.678,48.709,48.748,48.781,48.817,48.841,48.881,48.914,48.949,48.984,49.039,49.069,49.109,49.147,49.185,49.22,49.248,49.28,49.321,49.357,49.39,49.426,49.458,49.498,49.527,49.58,49.615,49.647,49.687,49.719,49.755,49.798,49.839,49.875,49.904,49.954,50.005,50.052,50.096,50.133,50.181,50.234,50.278,50.33,50.389,50.454,50.513,50.599,50.682,50.729,50.79,50.887,50.965,51.031,51.138,51.263,51.406,51.602,51.889,52.221,53.108
299,@TPP,44.925,45.887,46.218,46.57,46.767,46.888,46.981,47.076,47.172,47.237,47.32,47.393,47.446,47.522,47.578,47.635,47.685,47.741,47.779,47.838,47.897,47.94,47.984,48.04,48.071,48.107,48.142,48.188,48.236,48.273,48.303,48.342,48.389,48.427,48.465,48.507,48.533,48.568,48.608,48.647,48.678,48.709,48.748,48.781,48.817,48.841,48.881,48.914,48.949,48.984,49.039,49.069,49.109,49.147,49.185,49.22,49.248,49.28,49.321,49.357,49.39,49.426,49.458,49.498,49.527,49.58,49.615,49.647,49.687,49.719,49.755,49.798,49.839,49.875,49.904,49.954,50.005,50.052,50.096,50.133,50.181,50.234,50.278,50.33,50.389,50.454,50.513,50.599,50.682,50.729,50.79,50.887,50.965,51.031,51.138,51.263,51.406,51.602,51.889,52.221,53.108
300,@TPP,44.93,45.885,46.26,46.572,46.706,46.826,46.952,47.029,47.125,47.226,47.311,47.398,47.479,47.536,47.591,47.639,47.69,47.746,47.801,47.846,47.893,47.931,47.974,48.012,48.056,48.104,48.149,48.187,48.225,48.264,48.305,48.348,48.384,48.437,48.49,48.523,48.546,48.583,48.621,48.649,48.677,48.716,48.761,48.786,48.818,48.85,48.871,48.904,48.931,48.968,48.997,49.04,49.08,49.125,49.17,49.204,49.254,49.291,49.322,49.357,49.4,49.436,49.471,49.513,49.543,49.587,49.615,49.645,49.686,49.728,49.756,49.787,49.819,49.85,49.882,49.914,49.967,50.037,50.089,50.131,50.171,50.232,50.27,50.313,50.384,50.431,50.488,50.544,50.601,50.68,50.745,50.834,50.915,51.004,51.146,51.292,51.448,51.554,51.778,52.138,53.032
301,@TPP,44.93,45.885,46.26,46.572,46.706,46.826,46.952,47.029,47.125,47.226,47.311,47.398,47.479,47.536,47.591,47.639,47.69,47.746,47.801,47.846,47.893,47.931,47.974,48.012,48.056,48.104,48.149,48.187,48.225,48.264,48.305,48.348,48.384,48.437,48.49,48.523,48.546,48.583,48.621,48.649,48.677,48.716,48.761,48.786,48.818,48.85,48.871,48.904,48.931,48.968,48.997,49.04,49.08,49.125,49.17,49.204,49.254,49.291,49.322,49.357,49.4,49.436,49.471,49.513,49.543,49.587,49.615,49.645,49.686,49.728,49.756,49.787,49.819,49.85,49.882,49.914,49.967,50.037,50.089,50.131,50.171,50.232,50.27,50.313,50.384,50.431,50.488,50.544,50.601,50.68,50.745,50.834,50.915,51.004,51.146,51.292,51.448,51.554,51.778,52.138,53.032
302,@TPP,44.931,45.968,46.354,46.571,46.716,46.856,46.973,47.063,47.137,47.236,47.319,47.406,47.474,47.53,47.58,47.644,47.684,47.736,47.781,47.836,47.896,47.938,47.977,48.011,48.047,48.093,48.143,48.194,48.232,48.263,48.298,48.339,48.38,48.414,48.45,48.503,48.547,48.58,48.619,48.652,48.679,48.718,48.751,48.781,48.808,48.84,48.868,48.907,48.96,48.992,49.023,49.055,49.094,49.135,49.158,49.204,49.239,49.275,49.306,49.35,49.378,49.404,49.442,49.476,49.521,49.56,49.597,49.637,49.672,49.705,49.739,49.798,49.829,49.873,49.908,49.943,49.998,50.031,50.086,50.12,50.167,50.2,50.249,50.296,50.373,50.422,50.484,50.554,50.615,50.683,50.743,50.831,50.904,50.976,51.094,51.212,51.395,51.579,51.765,52.145,53.064
303,@TPP,44.931,45.968,46.354,46.571,46.716,46.856,46.973,47.063,47.137,47.236,47.319,47.406,47.474,47.53,47.58,47.644,47.684,47.736,47.781,47.836,47.896,47.938,47.977,48.011,48.047,48.093,48.143,48.194,48.232,48.263,48.298,48.339,48.38,48.414,48.45,48.503,48.547,48.58,48.619,48.652,48.679,48.718,48.751,48.781,48.808,48.84,48.868,48.907,48.96,48.992,49.023,49.055,49.094,49.135,49.158,49.204,49.239,49.275,49.306,49.35,49.378,49.404,49.442,49.476,49.521,49.56,49.597,49.637,49.672,49.705,49.739,49.798,49.829,49.873,49.908,49.943,49.998,50.031,50.086,50.12,50.167,50.2,50.249,50.296,50.373,50.422,50.484,50.554,50.615,50.683,50.743,50.831,50.904,50.976,51.094,51.212,51.395,51.579,51.765,52.145,53.064
304,@TPP,44.966,45.925,46.319,46.558,46.724,46.878,47.001,47.11,47.182,47.271,47.33,47.408,47.474,47.522,47.603,47.652,47.691,47.74,47.784,47.847,47.892,47.946,47.985,48.016,48.057,48.1,48.151,48.192,48.24,48.278,48.311,48.362,48.392,48.422,48.465,48.511,48.548,48.588,48.624,48.652,48.689,48.726,48.762,48.793,48.83,48.867,48.905,48.939,48.977,49.007,49.044,49.082,49.108,49.141,49.168,49.203,49.234,49.265,49.304,49.338,49.378,49.412,49.44,49.463,49.491,49.529,49.571,49.611,49.648,49.688,49.722,49.754,49.789,49.825,49.861,49.905,49.952,49.993,50.029,50.084,50.14,50.185,50.224,50.275,50.34,50.391,50.455,50.512,50.586,50.656,50.735,50.83,50.919,51.0,51.107,51.227,51.333,51.501,51.731,52.074,52.869
305,@TPP,44.966,45.925,46.319,46.558,46.724,46.878,47.001,47.11,47.182,47.271,47.33,47.408,47.474,47.522,47.603,47.652,47.691,47.74,47.784,47.847,47.892,47.946,47.985,48.016,48.057,48.1,48.151,48.192,48.24,48.278,48.311,48.362,48.392,48.422,48.465,48.511,48.548,48.588,48.624,48.652,48.689,48.726,48.762,48.793,48.83,48.867,48.905,48.939,48.977,49.007,49.044,49.082,49.108,49.141,49.168,49.203,49.234,49.265,49.304,49.338,49.378,49.412,49.44,49.463,49.491,49.529,49.571,49.611,49.648,49.688,49.722,49.754,49.789,49.825,49.861,49.905,49.952,49.993,50.029,50.084,50.14,50.185,50.224,50.275,50.34,50.391,50.455,50.512,50.586,50.656,50.735,50.83,50.919,51.0,51.107,51.227,51.333,51.501,51.731,52.074,52.869
306,@TPP,44.951,45.91,46.288,46.619,46.767,46.887,47.011,47.1,47.183,47.254,47.347,47.428,47.496,47.543,47.597,47.655,47.705,47.758,47.807,47.866,47.929,47.983,48.032,48.064,48.103,48.15,48.177,48.224,48.255,48.29,48.335,48.388,48.42,48.454,48.49,48.526,48.551,48.591,48.629,48.661,48.702,48.735,48.766,48.792,48.819,48.859,48.89,48.928,48.958,48.989,49.02,49.051,49.084,49.12,49.148,49.179,49.216,49.253,49.283,49.312,49.352,49.393,49.425,49.463,49.497,49.526,49.556,49.584,49.613,49.651,49.694,49.731,49.76,49.802,49.853,49.895,49.931,49.985,50.031,50.088,50.138,50.18,50.231,50.288,50.347,50.39,50.441,50.485,50.559,50.633,50.706,50.788,50.869,50.956,51.052,51.172,51.3,51.44,51.683,52.021,52.941
307,@TPP,44.951,45.91,46.288,46.619,46.767,46.887,47.011,47.1,47.183,47.254,47.347,47.428,47.496,47.543,47.597,47.655,47.705,47.758,47.807,47.866,47.929,47.983,48.032,48.064,48.103,48.15,48.177,48.224,48.255,48.29,48.335,48.388,48.42,48.454,48.49,48.526,48.551,48.591,48.629,48.661,48.702,48.735,48.766,48.792,48.819,48.859,48.89,48.928,48.958,48.989,49.02,49.051,49.084,49.12,49.148,49.179,49.216,49.253,49.283,49.312,49.352,49.393,49.425,49.463,49.497,49.526,49.556,49.584,49.613,49.651,49.694,49.731,49.76,49.802,49.853,49.895,49.931,49.985,50.031,50.088,50.138,50.18,50.231,50.288,50.347,50.39,50.441,50.485,50.559,50.633,50.706,50.788,50.869,50.956,51.052,51.172,51.3,51.44,51.683,52.021,52.941
308,@TPP,44.967,45.993,46.435,46.616,46.759,46.867,47.008,47.111,47.211,47.3,47.385,47.468,47.52,47.586,47.623,47.705,47.755,47.796,47.851,47.894,47.94,47.982,48.026,48.079,48.122,48.172,48.218,48.251,48.293,48.327,48.364,48.402,48.443,48.483,48.515,48.552,48.57,48.593,48.632,48.659,48.696,48.733,48.766,48.799,48.833,48.856,48.881,48.918,48.949,48.978,49.017,49.044,49.078,49.11,49.137,49.177,49.209,49.242,49.274,49.302,49.34,49.37,49.397,49.432,49.469,49.507,49.54,49.572,49.599,49.629,49.654,49.7,49.754,49.793,49.832,49.869,49.913,49.958,50.032,50.077,50.126,50.162,50.206,50.261,50.303,50.372,50.419,50.472,50.55,50.629,50.676,50.762,50.856,50.937,51.032,51.153,51.252,51.387,51.596,51.953,52.883
309,@TPP,44.967,45.993,46.435,46.616,46.759,46.867,47.008,47.111,47.211,47.3,47.385,47.468,47.52,47.586,47.623,47.705,47.755,47.796,47.851,47.894,47.94,47.982,48.026,48.079,48.122,48.172,48.218,48.251,48.293,48.327,48.364,48.402,48.443,48.483,48.515,48.552,48.57,48.593,48.632,48.659,48.696,48.733,48.766,48.799,48.833,48.856,48.881,48.918,48.949,48.978,49.017,49.044,49.078,49.11,49.137,49.177,49.209,49.242,49.274,49.302,49.34,49.37,49.397,49.432,49.469,49.507,49.54,49.572,49.599,49.629,49.654,49.7,49.754,49.793,49.832,49.869,49.913,49.958,50.032,50.077,50.126,50.162,50.206,50.261,50.303,50.372,50.419,50.472,50.55,50.629,50.676,50.762,50.856,50.937,51.032,51.153,51.252,51.387,51.596,51.953,52.883
310,@TPP,45.015,46.065,46.344,46.572,46.713,46.889,47.025,47.136,47.236,47.31,47.39,47.464,47.529,47.58,47.644,47.712,47.765,47.824,47.868,47.921,47.966,48.014,48.058,48.117,48.145,48.176,48.217,48.249,48.281,48.315,48.356,48.381,48.422,48.452,48.504,48.537,48.567,48.599,48.621,48.663,48.696,48.735,48.766,48.801,48.831,48.857,48.883,48.913,48.941,48.973,49.014,49.044,49.075,49.113,49.141,49.175,49.21,49.241,49.279,49.307,49.345,49.377,49.415,49.445,49.478,49.509,49.549,49.58,49.613,49.641,49.675,49.715,49.748,49.778,49.82,49.852,49.901,49.954,49.989,50.018,50.055,50.103,50.152,50.192,50.253,50.317,50.377,50.422,50.494,50.583,50.676,50.734,50.842,50.927,51.051,51.2,51.297,51.457,51.614,51.983,52.826
311,@TPP,45.015,46.065,46.344,46.572,46.713,46.889,47.025,47.136,47.236,47.31,47.39,47.464,47.529,47.58,47.644,47.712,47.765,47.824,47.868,47.921,47.966,48.014,48.058,48.117,48.145,48.176,48.217,48.249,48.281,48.315,48.356,48.381,48.422,48.452,48.504,48.537,48.567,48.599,48.621,48.663,48.696,48.735,48.766,48.801,48.831,48.857,48.883,48.913,48.941,48.973,49.014,49.044,49.075,49.113,49.141,49.175,49.21,49.241,49.279,49.307,49.345,49.377,49.415,49.445,49.478,49.509,49.549,49.58,49.613,49.641,49.675,49.715,49.748,49.778,49.82,49.852,49.901,49.954,49.989,50.018,50.055,50.103,50.152,50.192,50.253,50.317,50.377,50.422,50.494,50.583,50.676,50.734,50.842,50.927,51.051,51.2,51.297,51.457,51.614,51.983,52.826
312,@TPP,45.171,46.057,46.399,46.633,46.804,46.939,47.075,47.16,47.221,47.294,47.383,47.441,47.517,47.603,47.672,47.727,47.784,47.823,47.88,47.928,47.981,48.028,48.072,48.105,48.144,48.179,48.216,48.255,48.292,48.328,48.36,48.387,48.417,48.461,48.492,48.538,48.572,48.605,48.639,48.668,48.694,48.721,48.749,48.785,48.809,48.846,48.877,48.905,48.935,48.961,48.986,49.018,49.053,49.078,49.113,49.151,49.179,49.209,49.241,49.274,49.304,49.342,49.374,49.403,49.448,49.489,49.523,49.555,49.581,49.609,49.657,49.679,49.716,49.757,49.807,49.845,49.89,49.925,49.956,49.998,50.036,50.062,50.109,50.154,50.206,50.276,50.324,50.371,50.431,50.516,50.589,50.689,50.78,50.86,50.967,51.108,51.248,51.385,51.574,51.951,52.793
313,@TPP,45.171,46.057,46.399,46.633,46.804,46.939,47.075,47.16,47.221,47.294,47.383,47.441,47.517,47.603,47.672,47.727,47.784,47.823,47.88,47.928,47.981,48.028,48.072,48.105,48.144,48.179,48.216,48.255,48.292,48.328,48.36,48.387,48.417,48.461,48.492,48.538,48.572,48.605,48.639,48.668,48.694,48.721,48.749,48.785,48.809,48.846,48.877,48.905,48.935,48.961,48.986,49.018,49.053,49.078,49.113,49.151,49.179,49.209,49.241,49.274,49.304,49.342,49.374,49.403,49.448,49.489,49.523,49.555,49.581,49.609,49.657,49.679,49.716,49.757,49.807,49.845,49.89,49.925,49.956,49.998,50.036,50.062,50.109,50.154,50.206,50.276,50.324,50.371,50.431,50.516,50.589,50.689,50.78,50.86,50.967,51.108,51.248,51.385,51.574,51.951,52.793
314,@TPP,45.362,46.151,46.489,46.672,46.861,46.977,47.091,47.182,47.277,47.351,47.416,47.492,47.548,47.615,47.658,47.731,47.799,47.85,47.891,47.923,47.969,48.021,48.05,48.085,48.138,48.187,48.219,48.259,48.296,48.33,48.364,48.395,48.424,48.467,48.501,48.529,48.568,48.599,48.637,48.67,48.714,48.74,48.771,48.805,48.836,48.861,48.882,48.913,48.939,48.974,49.0,49.028,49.059,49.085,49.13,49.158,49.186,49.211,49.248,49.275,49.305,49.346,49.371,49.405,49.44,49.466,49.497,49.52,49.548,49.581,49.612,49.645,49.693,49.726,49.768,49.815,49.854,49.894,49.933,49.965,50.015,50.057,50.091,50.15,50.195,50.237,50.288,50.339,50.396,50.463,50.525,50.598,50.691,50.795,50.89,51.032,51.198,51.364,51.545,51.865,52.603
315,@TPP,45.362,46.151,46.489,46.672,46.861,46.977,47.091,47.182,47.277,47.351,47.416,47.492,47.548,47.615,47.658,47.731,47.799,47.85,47.891,47.923,47.969,48.021,48.05,48.085,48.138,48.187,48.219,48.259,48.296,48.33,48.364,48.395,48.424,48.467,48.501,48.529,48.568,48.599,48.637,48.67,48.714,48.74,48.771,48.805,48.836,48.861,48.882,48.913,48.939,48.974,49.0,49.028,49.059,49.085,49.13,49.158,49.186,49.211,49.248,49.275,49.305,49.346,49.371,49.405,49.44,49.466,49.497,49.52,49.548,49.581,49.612,49.645,49.693,49.726,49.768,49.815,49.854,49.894,49.933,49.965,50.015,50.057,50.091,50.15,50.195,50.237,50.288,50.339,50.396,50.463,50.525,50.598,50.691,50.795,50.89,51.032,51.198,51.364,51.545,51.865,52.603
316,@TPP,45.427,46.192,46.541,46.765,46.906,47.003,47.147,47.257,47.32,47.389,47.462,47.512,47.569,47.615,47.676,47.733,47.814,47.877,47.917,47.965,48.01,48.074,48.106,48.156,48.196,48.226,48.264,48.296,48.34,48.374,48.402,48.439,48.469,48.503,48.539,48.566,48.594,48.632,48.669,48.702,48.733,48.754,48.786,48.809,48.838,48.872,48.895,48.927,48.951,48.976,49.003,49.039,49.062,49.085,49.113,49.144,49.177,49.199,49.223,49.254,49.285,49.329,49.352,49.396,49.42,49.444,49.479,49.509,49.533,49.565,49.597,49.641,49.681,49.708,49.742,49.786,49.818,49.856,49.886,49.921,49.972,50.017,50.049,50.085,50.134,50.194,50.238,50.307,50.367,50.428,50.492,50.559,50.633,50.731,50.846,50.993,51.09,51.274,51.494,51.804,52.415
317,@TPP,45.427,46.192,46.541,46.765,46.906,47.003,47.147,47.257,47.32,47.389,47.462,47.512,47.569,47.615,47.676,47.733,47.814,47.877,47.917,47.965,48.01,48.074,48.106,48.156,48.196,48.226,48.264,48.296,48.34,48.374,48.402,48.439,48.469,48.503,48.539,48.566,48.594,48.632,48.669,48.702,48.733,48.754,48.786,48.809,48.838,48.872,48.895,48.927,48.951,48.976,49.003,49.039,49.062,49.085,49.113,49.144,49.177,49.199,49.223,49.254,49.285,49.329,49.352,49.396,49.42,49.444,49.479,49.509,49.533,49.565,49.597,49.641,49.681,49.708,49.742,49.786,49.818,49.856,49.886,49.921,49.972,50.017,50.049,50.085,50.134,50.194,50.238,50.307,50.367,50.428,50.492,50.559,50.633,50.731,50.846,50.993,51.09,51.274,51.494,51.804,52.415
318,@TPP,45.219,46.089,46.511,46.721,46.893,47.049,47.172,47.256,47.319,47.405,47.469,47.529,47.609,47.678,47.719,47.775,47.816,47.878,47.921,47.973,48.034,48.082,48.117,48.154,48.192,48.231,48.272,48.312,48.342,48.384,48.413,48.449,48.497,48.531,48.563,48.595,48.626,48.655,48.68,48.706,48.731,48.766,48.788,48.825,48.858,48.889,48.915,48.958,48.984,49.014,49.042,49.069,49.105,49.135,49.153,49.179,49.203,49.227,49.256,49.286,49.322,49.35,49.379,49.405,49.432,49.471,49.51,49.546,49.576,49.611,49.642,49.678,49.713,49.741,49.771,49.807,49.842,49.892,49.927,49.983,50.018,50.048,50.091,50.138,50.178,50.235,50.296,50.35,50.418,50.466,50.521,50.606,50.678,50.756,50.862,51.007,51.146,51.351,51.569,51.858,52.328
319,@TPP,45.219,46.089,46.511,46.721,46.893,47.049,47.172,47.256,47.319,47.405,47.469,47.529,47.609,47.678,47.719,47.775,47.816,47.878,47.921,47.973,48.034,48.082,48.117,48.154,48.192,48.231,48.272,48.312,48.342,48.384,48.413,48.449,48.497,48.531,48.563,48.595,48.626,48.655,48.68,48.706,48.731,48.766,48.788,48.825,48.858,48.889,48.915,48.958,48.984,49.014,49.042,49.069,49.105,49.135,49.153,49.179,49.203,49.227,49.256,49.286,49.322,49.35,49.379,49.405,49.432,49.471,49.51,49.546,49.576,49.611,49.642,49.678,49.713,49.741,49.771,49.807,49.842,49.892,49.927,49.983,50.018,50.048,50.091,50.138,50.178,50.235,50.296,50.35,50.418,50.466,50.521,50.606,50.678,50.756,50.862,51.007,51.146,51.351,51.569,51.858,52.328
320,@TPP,45.259,46.251,46.542,46.773,46.943,47.064,47.153,47.241,47.334,47.426,47.482,47.548,47.626,47.689,47.753,47.802,47.847,47.891,47.941,47.999,48.05,48.106,48.146,48.193,48.233,48.269,48.302,48.338,48.38,48.422,48.453,48.48,48.52,48.562,48.596,48.627,48.656,48.687,48.719,48.758,48.794,48.819,48.848,48.885,48.911,48.935,48.967,48.989,49.018,49.043,49.078,49.109,49.135,49.167,49.183,49.214,49.239,49.269,49.297,49.33,49.362,49.39,49.421,49.451,49.482,49.512,49.542,49.569,49.596,49.622,49.657,49.689,49.734,49.774,49.803,49.843,49.888,49.924,49.958,50.003,50.054,50.105,50.15,50.2,50.236,50.29,50.347,50.402,50.453,50.511,50.572,50.652,50.745,50.852,50.942,51.089,51.228,51.404,51.628,51.943,52.488
321,@TPP,45.259,46.251,46.542,46.773,46.943,47.064,47.153,47.241,47.334,47.426,47.482,47.548,47.626,47.689,47.753,47.802,47.847,47.891,47.941,47.999,48.05,48.106,48.146,48.193,48.233,48.269,48.302,48.338,48.38,48.422,48.453,48.48,48.52,48.562,48.596,48.627,48.656,48.687,48.719,48.758,48.794,48.819,48.848,48.885,48.911,48.935,48.967,48.989,49.018,49.043,49.078,49.109,49.135,49.167,49.183,49.214,49.239,49.269,49.297,49.33,49.362,49.39,49.421,49.451,49.482,49.512,49.542,49.569,49.596,49.622,49.657,49.689,49.734,49.774,49.803,49.843,49.888,49.924,49.958,50.003,50.054,50.105,50.15,50.2,50.236,50.29,50.347,50.402,50.453,50.511,50.572,50.652,50.745,50.852,50.942,51.089,51.228,51.404,51.628,51.943,52.488
322,@TPP,45.162,46.255,46.697,46.896,47.039,47.144,47.206,47.297,47.398,47.484,47.549,47.602,47.654,47.703,47.77,47.821,47.893,47.933,47.976,48.015,48.067,48.124,48.166,48.197,48.245,48.292,48.334,48.37,48.411,48.437,48.48,48.514,48.556,48.581,48.621,48.653,48.687,48.714,48.752,48.779,48.808,48.838,48.87,48.906,48.933,48.962,48.988,49.019,49.045,49.075,49.105,49.143,49.178,49.199,49.224,49.252,49.292,49.32,49.344,49.363,49.382,49.413,49.45,49.477,49.502,49.532,49.556,49.593,49.629,49.658,49.691,49.726,49.758,49.804,49.85,49.888,49.915,49.952,50.003,50.033,50.063,50.094,50.135,50.179,50.215,50.285,50.369,50.421,50.479,50.555,50.622,50.694,50.783,50.882,50.96,51.098,51.218,51.378,51.618,51.882,52.678
323,@TPP,45.162,46.255,46.697,46.896,47.039,47.144,47.206,47.297,47.398,47.484,47.549,47.602,47.654,47.703,47.77,47.821,47.893,47.933,47.976,48.015,48.067,48.124,48.166,48.197,48.245,48.292,48.334,48.37,48.411,48.437,48.48,48.514,48.556,48.581,48.621,48.653,48.687,48.714,48.752,48.779,48.808,48.838,48.87,48.906,48.933,48.962,48.988,49.019,49.045,49.075,49.105,49.143,49.178,49.199,49.224,49.252,49.292,49.32,49.344,49.363,49.382,49.413,49.45,49.477,49.502,49.532,49.556,49.593,49.629,49.658,49.691,49.726,49.758,49.804,49.85,49.888,49.915,49.952,50.003,50.033,50.063,50.094,50.135,50.179,50.215,50.285,50.369,50.421,50.479,50.555,50.622,50.694,50.783,50.882,50.96,51.098,51.218,51.378,51.618,51.882,52.678
324,@TPP,45.076,46.324,46.704,46.916,47.049,47.17,47.285,47.374,47.463,47.547,47.603,47.656,47.716,47.769,47.844,47.901,47.943,47.982,48.027,48.08,48.114,48.153,48.192,48.231,48.276,48.309,48.356,48.403,48.442,48.478,48.511,48.544,48.582,48.619,48.652,48.695,48.724,48.766,48.801,48.843,48.871,48.899,48.935,48.965,48.991,49.015,49.041,49.067,49.092,49.117,49.144,49.162,49.198,49.226,49.253,49.279,49.31,49.34,49.364,49.394,49.416,49.443,49.477,49.498,49.535,49.559,49.594,49.623,49.666,49.699,49.722,49.749,49.789,49.817,49.846,49.885,49.935,49.96,49.992,50.029,50.072,50.126,50.174,50.228,50.277,50.333,50.388,50.428,50.498,50.556,50.615,50.729,50.793,50.907,51.017,51.104,51.251,51.43,51.607,51.928,52.68
325,@TPP,45.076,46.324,46.704,46.916,47.049,47.17,47.285,47.374,47.463,47.547,47.603,47.656,47.716,47.769,47.844,47.901,47.943,47.982,48.027,48.08,48.114,48.153,48.192,48.231,48.276,48.309,48.356,48.403,48.442,48.478,48.511,48.544,48.582,48.619,48.652,48.695,48.724,48.766,48.801,48.843,48.871,48.899,48.935,48.965,48.991,49.015,49.041,49.067,49.092,49.117,49.144,49.162,49.198,49.226,49.253,49.279,49.31,49.34,49.364,49.394,49.416,49.443,49.477,49.498,49.535,49.559,49.594,49.623,49.666,49.699,49.722,49.749,49.789,49.817,49.846,49.885,49.935,49.96,49.992,50.029,50.072,50.126,50.174,50.228,50.277,50.333,50.388,50.428,50.498,50.556,50.615,50.729,50.793,50.907,51.017,51.104,51.251,51.43,51.607,51.928,52.68
326,@TPP,45.424,46.384,46.669,46.873,47.053,47.209,47.303,47.401,47.478,47.539,47.625,47.696,47.756,47.814,47.859,47.898,47.947,47.987,48.046,48.09,48.136,48.183,48.222,48.257,48.292,48.333,48.369,48.407,48.457,48.505,48.537,48.56,48.587,48.621,48.654,48.693,48.722,48.762,48.8,48.824,48.866,48.898,48.939,48.969,48.994,49.022,49.043,49.072,49.1,49.125,49.161,49.185,49.209,49.234,49.255,49.29,49.326,49.357,49.378,49.403,49.43,49.458,49.494,49.532,49.561,49.594,49.625,49.658,49.691,49.716,49.745,49.78,49.817,49.849,49.876,49.916,49.951,49.989,50.014,50.058,50.11,50.157,50.196,50.239,50.291,50.33,50.386,50.447,50.533,50.588,50.659,50.755,50.831,50.91,51.027,51.145,51.285,51.458,51.683,52.041,52.708
327,@TPP,45.424,46.384,46.669,46.873,47.053,47.209,47.303,47.401,47.478,47.539,47.625,47.696,47.756,47.814,47.859,47.898,47.947,47.987,48.046,48.09,48.136,48.183,48.222,48.257,48.292,48.333,48.369,48.407,48.457,48.505,48.537,48.56,48.587,48.621,48.654,48.693,48.722,48.762,48.8,48.824,48.866,48.898,48.939,48.969,48.994,49.022,49.043,49.072,49.1,49.125,49.161,49.185,49.209,49.234,49.255,49.29,49.326,49.357,49.378,49.403,49.43,49.458,49.494,49.532,49.561,49.594,49.625,49.658,49.691,49.716,49.745,49.78,49.817,49.849,49.876,49.916,49.951,49.989,50.014,50.058,50.11,50.157,50.196,50.239,50.291,50.33,50.386,50.447,50.533,50.588,50.659,50.755,50.831,50.91,51.027,51.145,51.285,51.458,51.683,52.041,52.708
328,@TPP,45.494,46.355,46.737,46.924,47.076,47.207,47.362,47.442,47.521,47.578,47.649,47.713,47.775,47.813,47.875,47.931,47.984,48.024,48.085,48.142,48.193,48.232,48.27,48.313,48.357,48.389,48.417,48.449,48.492,48.523,48.559,48.604,48.638,48.661,48.688,48.72,48.753,48.78,48.804,48.834,48.87,48.9,48.927,48.958,48.994,49.022,49.052,49.087,49.115,49.14,49.162,49.193,49.235,49.275,49.297,49.326,49.353,49.394,49.429,49.452,49.475,49.503,49.532,49.566,49.604,49.635,49.668,49.688,49.712,49.743,49.779,49.812,49.836,49.873,49.908,49.956,49.988,50.022,50.061,50.099,50.134,50.176,50.222,50.256,50.307,50.357,50.421,50.494,50.56,50.605,50.673,50.747,50.84,50.935,51.046,51.145,51.302,51.447,51.667,52.036,53.048
329,@TPP,45.494,46.355,46.737,46.924,47.076,47.207,47.362,47.442,47.521,47.578,47.649,47.713,47.775,47.813,47.875,47.931,47.984,48.024,48.085,48.142,48.193,48.232,48.27,48.313,48.357,48.389,48.417,48.449,48.492,48.523,48.559,48.604,48.638,48.661,48.688,48.72,48.753,48.78,48.804,48.834,48.87,48.9,48.927,48.958,48.994,49.022,49.052,49.087,49.115,49.14,49.162,49.193,49.235,49.275,49.297,49.326,49.353,49.394,49.429,49.452,49.475,49.503,49.532,49.566,49.604,49.635,49.668,49.688,49.712,49.743,49.779,49.812,49.836,49.873,49.908,49.956,49.988,50.022,50.061,50.099,50.134,50.176,50.222,50.256,50.307,50.357,50.421,50.494,50.56,50.605,50.673,50.747,50.84,50.935,51.046,51.145,51.302,51.447,51.667,52.036,53.048
330,@TPP,45.313,46.476,46.782,46.967,47.116,47.25,47.358,47.458,47.526,47.612,47.677,47.732,47.811,47.889,47.949,47.987,48.037,48.089,48.141,48.177,48.224,48.26,48.296,48.326,48.359,48.402,48.442,48.469,48.5,48.532,48.57,48.609,48.64,48.671,48.699,48.726,48.757,48.793,48.834,48.87,48.902,48.938,48.969,48.991,49.023,49.059,49.093,49.128,49.151,49.18,49.211,49.248,49.275,49.307,49.324,49.354,49.388,49.406,49.431,49.464,49.496,49.528,49.562,49.597,49.633,49.667,49.696,49.722,49.764,49.788,49.82,49.848,49.885,49.916,49.946,49.982,50.009,50.05,50.086,50.124,50.185,50.225,50.257,50.305,50.354,50.426,50.471,50.535,50.59,50.664,50.743,50.805,50.881,50.959,51.067,51.15,51.245,51.455,51.675,51.991,52.815
331,@TPP,45.313,46.476,46.782,46.967,47.116,47.25,47.358,47.458,47.526,47.612,47.677,47.732,47.811,47.889,47.949,47.987,48.037,48.089,48.141,48.177,48.224,48.26,48.296,48.326,48.359,48.402,48.442,48.469,48.5,48.532,48.57,48.609,48.64,48.671,48.699,48.726,48.757,48.793,48.834,48.87,48.902,48.938,48.969,48.991,49.023,49.059,49.093,49.128,49.151,49.18,49.211,49.248,49.275,49.307,49.324,49.354,49.388,49.406,49.431,49.464,49.496,49.528,49.562,49.597,49.633,49.667,49.696,49.722,49.764,49.788,49.82,49.848,49.885,49.916,49.946,49.982,50.009,50.05,50.086,50.124,50.185,50.225,50.257,50.305,50.354,50.426,50.471,50.535,50.59,50.664,50.743,50.805,50.881,50.959,51.067,51.15,51.245,51.455,51.675,51.991,52.815
332,@TPP,45.699,46.595,46.875,47.033,47.17,47.27,47.393,47.508,47.604,47.672,47.736,47.81,47.857,47.9,47.961,48.01,48.056,48.1,48.133,48.164,48.21,48.266,48.303,48.355,48.388,48.429,48.466,48.492,48.533,48.569,48.614,48.647,48.677,48.713,48.744,48.777,48.817,48.852,48.878,48.906,48.948,48.983,49.023,49.05,49.086,49.115,49.141,49.169,49.208,49.232,49.261,49.296,49.323,49.351,49.381,49.413,49.439,49.466,49.492,49.527,49.556,49.583,49.612,49.643,49.676,49.703,49.741,49.767,49.798,49.827,49.858,49.889,49.928,49.967,49.996,50.022,50.066,50.102,50.141,50.194,50.231,50.268,50.301,50.332,50.398,50.461,50.515,50.571,50.639,50.7,50.789,50.842,50.938,51.019,51.11,51.182,51.322,51.47,51.706,52.035,53.022
333,@TPP,45.699,46.595,46.875,47.033,47.17,47.27,47.393,47.508,47.604,47.672,47.736,47.81,47.857,47.9,47.961,48.01,48.056,48.1,48.133,48.164,48.21,48.266,48.303,48.355,48.388,48.429,48.466,48.492,48.533,48.569,48.614,48.647,48.677,48.713,48.744,48.777,48.817,48.852,48.878,48.906,48.948,48.983,49.023,49.05,49.086,49.115,49.141,49.169,49.208,49.232,49.261,49.296,49.323,49.351,49.381,49.413,49.439,49.466,49.492,49.527,49.556,49.583,49.612,49.643,49.676,49.703,49.741,49.767,49.798,49.827,49.858,49.889,49.928,49.967,49.996,50.022,50.066,50.102,50.141,50.194,50.231,50.268,50.301,50.332,50.398,50.461,50.515,50.571,50.639,50.7,50.789,50.842,50.938,51.019,51.11,51.182,51.322,51.47,51.706,52.035,53.022
334,@TPP,45.628,46.701,46.902,47.11,47.235,47.408,47.476,47.589,47.673,47.744,47.802,47.851,47.899,47.959,48.006,48.053,48.104,48.169,48.22,48.261,48.294,48.329,48.365,48.399,48.436,48.47,48.514,48.554,48.575,48.605,48.63,48.668,48.704,48.736,48.787,48.821,48.85,48.885,48.916,48.941,48.973,49.012,49.04,49.078,49.113,49.141,49.179,49.213,49.247,49.269,49.306,49.328,49.361,49.39,49.415,49.451,49.472,49.499,49.527,49.554,49.577,49.607,49.639,49.674,49.708,49.742,49.781,49.819,49.843,49.874,49.905,49.933,49.967,50.007,50.043,50.068,50.104,50.134,50.176,50.213,50.277,50.308,50.359,50.412,50.46,50.512,50.56,50.604,50.648,50.708,50.782,50.842,50.939,50.998,51.14,51.236,51.353,51.494,51.78,52.191,52.969
335,@TPP,45.628,46.701,46.902,47.11,47.235,47.408,47.476,47.589,47.673,47.744,47.802,47.851,47.899,47.959,48.006,48.053,48.104,48.169,48.22,48.261,48.294,48.329,48.365,48.399,48.436,48.47,48.514,48.554,48.575,48.605,48.63,48.668,48.704,48.736,48.787,48.821,48.85,48.885,48.916,48.941,48.973,49.012,49.04,49.078,49.113,49.141,49.179,49.213,49.247,49.269,49.306,49.328,49.361,49.39,49.415,49.451,49.472,49.499,49.527,49.554,49.577,49.607,49.639,49.674,49.708,49.742,49.781,49.819,49.843,49.874,49.905,49.933,49.967,50.007,50.043,50.068,50.104,50.134,50.176,50.213,50.277,50.308,50.359,50.412,50.46,50.512,50.56,50.604,50.648,50.708,50.782,50.842,50.939,50.998,51.14,51.236,51.353,51.494,51.78,52.191,52.969
336,@TPP,45.81,46.663,46.99,47.211,47.354,47.458,47.532,47.624,47.721,47.776,47.867,47.932,47.963,48.025,48.088,48.131,48.181,48.231,48.279,48.323,48.365,48.404,48.433,48.469,48.501,48.532,48.557,48.599,48.633,48.658,48.712,48.751,48.783,48.811,48.842,48.875,48.906,48.929,48.952,48.983,49.025,49.055,49.079,49.104,49.139,49.166,49.192,49.22,49.247,49.275,49.311,49.34,49.369,49.401,49.421,49.46,49.484,49.518,49.554,49.581,49.613,49.64,49.676,49.71,49.753,49.781,49.814,49.841,49.875,49.901,49.934,49.973,50.005,50.047,50.084,50.117,50.152,50.184,50.226,50.262,50.298,50.345,50.396,50.442,50.494,50.549,50.583,50.652,50.72,50.784,50.847,50.926,51.011,51.061,51.17,51.246,51.346,51.507,51.731,52.171,52.978
337,@TPP,45.81,46.663,46.99,47.211,47.354,47.458,47.532,47.624,47.721,47.776,47.867,47.932,47.963,48.025,48.088,48.131,48.181,48.231,48.279,48.323,48.365,48.404,48.433,48.469,48.501,48.532,48.557,48.599,48.633,48.658,48.712,48.751,48.783,48.811,48.842,48.875,48.906,48.929,48.952,48.983,49.025,49.055,49.079,49.104,49.139,49.166,49.192,49.22,49.247,49.275,49.311,49.34,49.369,49.401,49.421,49.46,49.484,49.518,49.554,49.581,49.613,49.64,49.676,49.71,49.753,49.781,49.814,49.841,49.875,49.901,49.934,49.973,50.005,50.047,50.084,50.117,50.152,50.184,50.226,50.262,50.298,50.345,50.396,50.442,50.494,50.549,50.583,50.652,50.72,50.784,50.847,50.926,51.011,51.061,51.17,51.246,51.346,51.507,51.731,52.171,52.978
338,@TPP,46.058,46.77,47.087,47.221,47.409,47.535,47.658,47.712,47.8,47.873,47.931,47.99,48.04,48.094,48.124,48.168,48.209,48.25,48.289,48.334,48.372,48.414,48.447,48.485,48.514,48.559,48.601,48.64,48.678,48.718,48.754,48.78,48.804,48.835,48.865,48.895,48.934,48.969,49.011,49.038,49.068,49.097,49.121,49.144,49.173,49.206,49.231,49.251,49.276,49.305,49.335,49.36,49.391,49.428,49.464,49.492,49.523,49.555,49.584,49.621,49.658,49.687,49.714,49.741,49.761,49.791,49.82,49.85,49.888,49.929,49.963,50.004,50.028,50.063,50.093,50.129,50.169,50.219,50.263,50.301,50.353,50.397,50.447,50.503,50.545,50.608,50.654,50.697,50.749,50.801,50.882,50.935,51.025,51.123,51.191,51.278,51.397,51.578,51.75,52.119,53.213
339,@TPP,46.058,46.77,47.087,47.221,47.409,47.535,47.658,47.712,47.8,47.873,47.931,47.99,48.04,48.094,48.124,48.168,48.209,48.25,48.289,48.334,48.372,48.414,48.447,48.485,48.514,48.559,48.601,48.64,48.678,48.718,48.754,48.78,48.804,48.835,48.865,48.895,48.934,48.969,49.011,49.038,49.068,49.097,49.121,49.144,49.173,49.206,49.231,49.251,49.276,49.305,49.335,49.36,49.391,49.428,49.464,49.492,49.523,49.555,49.584,49.621,49.658,49.687,49.714,49.741,49.761,49.791,49.82,49.85,49.888,49.929,49.963,50.004,50.028,50.063,50.093,50.129,50.169,50.219,50.263,50.301,50.353,50.397,50.447,50.503,50.545,50.608,50.654,50.697,50.749,50.801,50.882,50.935,51.025,51.123,51.191,51.278,51.397,51.578,51.75,52.119,53.213
340,@TPP,46.188,46.77,47.156,47.311,47.476,47.58,47.675,47.756,47.843,47.908,47.964,48.001,48.055,48.109,48.152,48.197,48.257,48.304,48.351,48.385,48.436,48.48,48.51,48.539,48.582,48.628,48.662,48.696,48.719,48.752,48.775,48.823,48.858,48.876,48.902,48.937,48.964,49.002,49.036,49.085,49.117,49.137,49.169,49.196,49.221,49.251,49.291,49.316,49.34,49.362,49.391,49.42,49.458,49.482,49.508,49.548,49.581,49.602,49.633,49.661,49.684,49.71,49.735,49.769,49.798,49.838,49.867,49.889,49.922,49.966,49.999,50.031,50.068,50.108,50.148,50.196,50.227,50.275,50.306,50.337,50.378,50.432,50.482,50.518,50.564,50.611,50.656,50.72,50.765,50.819,50.885,50.955,51.029,51.096,51.211,51.312,51.424,51.59,51.754,52.149,53.186
341,@TPP,46.188,46.77,47.156,47.311,47.476,47.58,47.675,47.756,47.843,47.908,47.964,48.001,48.055,48.109,48.152,48.197,48.257,48.304,48.351,48.385,48.436,48.48,48.51,48.539,48.582,48.628,48.662,48.696,48.719,48.752,48.775,48.823,48.858,48.876,48.902,48.937,48.964,49.002,49.036,49.085,49.117,49.137,49.169,49.196,49.221,49.251,49.291,49.316,49.34,49.362,49.391,49.42,49.458,49.482,49.508,49.548,49.581,49.602,49.633,49.661,49.684,49.71,49.735,49.769,49.798,49.838,49.867,49.889,49.922,49.966,49.999,50.031,50.068,50.108,50.148,50.196,50.227,50.275,50.306,50.337,50.378,50.432,50.482,50.518,50.564,50.611,50.656,50.72,50.765,50.819,50.885,50.955,51.029,51.096,51.211,51.312,51.424,51.59,51.754,52.149,53.186
342,@TPP,46.317,46.803,47.201,47.402,47.523,47.615,47.698,47.799,47.89,47.946,48.023,48.082,48.135,48.17,48.218,48.256,48.304,48.351,48.394,48.44,48.482,48.522,48.556,48.589,48.628,48.66,48.695,48.733,48.767,48.806,48.841,48.871,48.911,48.934,48.964,48.988,49.024,49.047,49.075,49.103,49.121,49.148,49.167,49.201,49.237,49.268,49.304,49.327,49.355,49.381,49.411,49.436,49.477,49.503,49.532,49.557,49.581,49.618,49.637,49.664,49.692,49.723,49.755,49.795,49.83,49.85,49.885,49.915,49.952,50.0,50.023,50.05,50.089,50.126,50.163,50.192,50.241,50.284,50.326,50.371,50.416,50.47,50.501,50.551,50.594,50.642,50.702,50.761,50.81,50.865,50.919,50.974,51.029,51.1,51.223,51.348,51.492,51.656,51.816,52.092,53.14
343,@TPP,46.317,46.803,47.201,47.402,47.523,47.615,47.698,47.799,47.89,47.946,48.023,48.082,48.135,48.17,48.218,48.256,48.304,48.351,48.394,48.44,48.482,48.522,48.556,48.589,48.628,48.66,48.695,48.733,48.767,48.806,48.841,48.871,48.911,48.934,48.964,48.988,49.024,49.047,49.075,49.103,49.121,49.148,49.167,49.201,49.237,49.268,49.304,49.327,49.355,49.381,49.411,49.436,49.477,49.503,49.532,49.557,49.581,49.618,49.637,49.664,49.692,49.723,49.755,49.795,49.83,49.85,49.885,49.915,49.952,50.0,50.023,50.05,50.089,50.126,50.163,50.192,50.241,50.284,50.326,50.371,50.416,50.47,50.501,50.551,50.594,50.642,50.702,50.761,50.81,50.865,50.919,50.974,51.029,51.1,51.223,51.348,51.492,51.656,51.816,52.092,53.14
344,@TPP,46.444,46.966,47.234,47.452,47.608,47.74,47.83,47.899,47.969,48.032,48.093,48.146,48.204,48.253,48.296,48.347,48.384,48.422,48.462,48.499,48.542,48.581,48.62,48.651,48.696,48.73,48.762,48.8,48.831,48.875,48.903,48.929,48.963,48.986,49.014,49.045,49.07,49.098,49.128,49.154,49.182,49.21,49.236,49.261,49.299,49.33,49.359,49.385,49.409,49.435,49.458,49.481,49.509,49.529,49.551,49.576,49.612,49.644,49.679,49.723,49.751,49.778,49.804,49.825,49.851,49.882,49.917,49.947,49.977,50.014,50.046,50.073,50.1,50.139,50.17,50.209,50.255,50.305,50.351,50.396,50.45,50.488,50.52,50.566,50.616,50.655,50.697,50.746,50.8,50.857,50.919,50.972,51.054,51.143,51.233,51.317,51.429,51.572,51.729,52.012,52.759
345,@TPP,46.444,46.966,47.234,47.452,47.608,47.74,47.83,47.899,47.969,48.032,48.093,48.146,48.204,48.253,48.296,48.347,48.384,48.422,48.462,48.499,48.542,48.581,48.62,48.651,48.696,48.73,48.762,48.8,48.831,48.875,48.903,48.929,48.963,48.986,49.014,49.045,49.07,49.098,49.128,49.154,49.182,49.21,49.236,49.261,49.299,49.33,49.359,49.385,49.409,49.435,49.458,49.481,49.509,49.529,49.551,49.576,49.612,49.644,49.679,49.723,49.751,49.778,49.804,49.825,49.851,49.882,49.917,49.947,49.977,50.014,50.046,50.073,50.1,50.139,50.17,50.209,50.255,50.305,50.351,50.396,50.45,50.488,50.52,50.566,50.616,50.655,50.697,50.746,50.8,50.857,50.919,50.972,51.054,51.143,51.233,51.317,51.429,51.572,51.729,52.012,52.759
346,@TPP,46.374,46.948,47.333,47.552,47.691,47.796,47.872,47.931,47.99,48.055,48.119,48.177,48.239,48.289,48.34,48.387,48.438,48.465,48.493,48.539,48.576,48.616,48.651,48.69,48.728,48.759,48.785,48.817,48.856,48.891,48.926,48.966,48.994,49.029,49.061,49.099,49.125,49.158,49.192,49.225,49.259,49.28,49.304,49.329,49.362,49.382,49.413,49.441,49.466,49.489,49.52,49.553,49.583,49.609,49.635,49.67,49.696,49.729,49.746,49.777,49.813,49.848,49.877,49.909,49.936,49.959,49.984,50.023,50.051,50.084,50.133,50.164,50.193,50.231,50.268,50.313,50.351,50.396,50.433,50.476,50.507,50.545,50.581,50.643,50.679,50.723,50.78,50.821,50.889,50.942,51.006,51.082,51.186,51.265,51.337,51.427,51.53,51.644,51.863,52.084,52.938
347,@TPP,46.374,46.948,47.333,47.552,47.691,47.796,47.872,47.931,47.99,48.055,48.119,48.177,48.239,48.289,48.34,48.387,48.438,48.465,48.493,48.539,48.576,48.616,48.651,48.69,48.728,48.759,48.785,48.817,48.856,48.891,48.926,48.966,48.994,49.029,49.061,49.099,49.125,49.158,49.192,49.225,49.259,49.28,49.304,49.329,49.362,49.382,49.413,49.441,49.466,49.489,49.52,49.553,49.583,49.609,49.635,49.67,49.696,49.729,49.746,49.777,49.813,49.848,49.877,49.909,49.936,49.959,49.984,50.023,50.051,50.084,50.133,50.164,50.193,50.231,50.268,50.313,50.351,50.396,50.433,50.476,50.507,50.545,50.581,50.643,50.679,50.723,50.78,50.821,50.889,50.942,51.006,51.082,51.186,51.265,51.337,51.427,51.53,51.644,51.863,52.084,52.938
348,@TPP,46.448,47.135,47.352,47.523,47.662,47.805,47.892,47.962,48.03,48.099,48.165,48.232,48.308,48.357,48.401,48.451,48.474,48.519,48.571,48.617,48.648,48.693,48.722,48.753,48.784,48.82,48.858,48.892,48.92,48.95,48.98,49.005,49.031,49.064,49.094,49.133,49.168,49.19,49.215,49.242,49.272,49.3,49.33,49.355,49.376,49.413,49.442,49.467,49.489,49.512,49.551,49.586,49.621,49.656,49.689,49.709,49.733,49.763,49.788,49.811,49.847,49.878,49.905,49.944,49.974,50.003,50.035,50.069,50.104,50.143,50.172,50.203,50.233,50.263,50.305,50.334,50.385,50.417,50.462,50.501,50.549,50.601,50.636,50.693,50.733,50.775,50.838,50.906,50.949,51.025,51.088,51.143,51.223,51.295,51.376,51.467,51.613,51.734,51.899,52.245,52.935
349,@TPP,46.448,47.135,47.352,47.523,47.662,47.805,47.892,47.962,48.03,48.099,48.165,48.232,48.308,48.357,48.401,48.451,48.474,48.519,48.571,48.617,48.648,48.693,48.722,48.753,48.784,48.82,48.858,48.892,48.92,48.95,48.98,49.005,49.031,49.064,49.094,49.133,49.168,49.19,49.215,49.242,49.272,49.3,49.33,49.355,49.376,49.413,49.442,49.467,49.489,49.512,49.551,49.586,49.621,49.656,49.689,49.709,49.733,49.763,49.788,49.811,49.847,49.878,49.905,49.944,49.974,50.003,50.035,50.069,50.104,50.143,50.172,50.203,50.233,50.263,50.305,50.334,50.385,50.417,50.462,50.501,50.549,50.601,50.636,50.693,50.733,50.775,50.838,50.906,50.949,51.025,51.088,51.143,51.223,51.295,51.376,51.467,51.613,51.734,51.899,52.245,52.935
350,@TPP,46.613,47.057,47.311,47.531,47.686,47.808,47.915,48.013,48.109,48.173,48.248,48.304,48.356,48.405,48.447,48.494,48.547,48.585,48.619,48.656,48.692,48.722,48.741,48.78,48.818,48.848,48.892,48.918,48.955,48.987,49.022,49.045,49.074,49.108,49.135,49.166,49.195,49.226,49.263,49.292,49.32,49.346,49.385,49.412,49.441,49.464,49.49,49.516,49.549,49.582,49.617,49.635,49.659,49.685,49.707,49.735,49.766,49.788,49.817,49.847,49.884,49.915,49.952,49.976,50.011,50.047,50.08,50.117,50.152,50.202,50.229,50.264,50.287,50.322,50.358,50.385,50.437,50.472,50.514,50.549,50.587,50.626,50.664,50.71,50.767,50.813,50.845,50.92,50.986,51.044,51.108,51.166,51.25,51.349,51.41,51.531,51.647,51.798,52.011,52.288,52.909
351,@TPP,46.613,47.057,47.311,47.531,47.686,47.808,47.915,48.013,48.109,48.173,48.248,48.304,48.356,48.405,48.447,48.494,48.547,48.585,48.619,48.656,48.692,48.722,48.741,48.78,48.818,48.848,48.892,48.918,48.955,48.987,49.022,49.045,49.074,49.108,49.135,49.166,49.195,49.226,49.263,49.292,49.32,49.346,49.385,49.412,49.441,49.464,49.49,49.516,49.549,49.582,49.617,49.635,49.659,49.685,49.707,49.735,49.766,49.788,49.817,49.847,49.884,49.915,49.952,49.976,50.011,50.047,50.08,50.117,50.152,50.202,50.229,50.264,50.287,50.322,50.358,50.385,50.437,50.472,50.514,50.549,50.587,50.626,50.664,50.71,50.767,50.813,50.845,50.92,50.986,51.044,51.108,51.166,51.25,51.349,51.41,51.531,51.647,51.798,52.011,52.288,52.909
352,@TPP,46.346,47.117,47.386,47.596,47.737,47.852,47.937,48.029,48.124,48.21,48.284,48.349,48.399,48.447,48.503,48.538,48.568,48.608,48.657,48.691,48.736,48.778,48.817,48.859,48.897,48.926,48.964,48.989,49.027,49.053,49.09,49.126,49.155,49.178,49.213,49.246,49.273,49.307,49.331,49.365,49.396,49.421,49.444,49.469,49.505,49.524,49.557,49.578,49.601,49.629,49.65,49.669,49.692,49.73,49.755,49.789,49.809,49.843,49.863,49.896,49.928,49.959,49.998,50.025,50.055,50.094,50.118,50.147,50.184,50.225,50.258,50.308,50.343,50.378,50.404,50.437,50.467,50.51,50.557,50.595,50.637,50.684,50.723,50.761,50.807,50.847,50.896,50.945,50.99,51.051,51.108,51.196,51.285,51.364,51.483,51.618,51.715,51.841,52.021,52.386,53.108
353,@TPP,46.346,47.117,47.386,47.596,47.737,47.852,47.937,48.029,48.124,48.21,48.284,48.349,48.399,48.447,48.503,48.538,48.568,48.608,48.657,48.691,48.736,48.778,48.817,48.859,48.897,48.926,48.964,48.989,49.027,49.053,49.09,49.126,49.155,49.178,49.213,49.246,49.273,49.307,49.331,49.365,49.396,49.421,49.444,49.469,49.505,49.524,49.557,49.578,49.601,49.629,49.65,49.669,49.692,49.73,49.755,49.789,49.809,49.843,49.863,49.896,49.928,49.959,49.998,50.025,50.055,50.094,50.118,50.147,50.184,50.225,50.258,50.308,50.343,50.378,50.404,50.437,50.467,50.51,50.557,50.595,50.637,50.684,50.723,50.761,50.807,50.847,50.896,50.945,50.99,51.051,51.108,51.196,51.285,51.364,51.483,51.618,51.715,51.841,52.021,52.386,53.108
354,@TPP,46.537,47.133,47.494,47.69,47.787,47.875,47.97,48.065,48.127,48.221,48.294,48.375,48.428,48.486,48.544,48.59,48.654,48.69,48.741,48.781,48.816,48.842,48.879,48.908,48.943,48.978,49.005,49.048,49.079,49.116,49.157,49.187,49.221,49.254,49.288,49.311,49.337,49.377,49.398,49.421,49.451,49.48,49.505,49.538,49.565,49.59,49.607,49.639,49.67,49.695,49.72,49.74,49.771,49.794,49.82,49.851,49.876,49.903,49.944,49.967,49.991,50.019,50.048,50.081,50.12,50.144,50.184,50.215,50.253,50.275,50.303,50.327,50.354,50.389,50.435,50.48,50.508,50.546,50.595,50.627,50.67,50.703,50.739,50.812,50.845,50.899,50.94,50.997,51.054,51.118,51.203,51.275,51.359,51.443,51.537,51.608,51.728,51.864,52.052,52.323,53.159
355,@TPP,46.537,47.133,47.494,47.69,47.787,47.875,47.97,48.065,48.127,48.221,48.294,48.375,48.428,48.486,48.544,48.59,48.654,48.69,48.741,48.781,48.816,48.842,48.879,48.908,48.943,48.978,49.005,49.048,49.079,49.116,49.157,49.187,49.221,49.254,49.288,49.311,49.337,49.377,49.398,49.421,49.451,49.48,49.505,49.538,49.565,49.59,49.607,49.639,49.67,49.695,49.72,49.74,49.771,49.794,49.82,49.851,49.876,49.903,49.944,49.967,49.991,50.019,50.048,50.081,50.12,50.144,50.184,50.215,50.253,50.275,50.303,50.327,50.354,50.389,50.435,50.48,50.508,50.546,50.595,50.627,50.67,50.703,50.739,50.812,50.845,50.899,50.94,50.997,51.054,51.118,51.203,51.275,51.359,51.443,51.537,51.608,51.728,51.864,52.052,52.323,53.159
356,@TPP,46.491,47.285,47.525,47.7,47.824,47.921,48.016,48.11,48.191,48.273,48.352,48.4,48.438,48.479,48.536,48.587,48.646,48.708,48.75,48.793,48.838,48.879,48.916,48.953,48.987,49.033,49.074,49.112,49.14,49.166,49.206,49.232,49.259,49.291,49.327,49.362,49.387,49.419,49.444,49.478,49.5,49.527,49.554,49.583,49.612,49.637,49.67,49.698,49.725,49.751,49.782,49.814,49.849,49.87,49.901,49.924,49.948,49.976,50.011,50.036,50.058,50.088,50.116,50.15,50.178,50.213,50.241,50.274,50.311,50.343,50.377,50.406,50.438,50.472,50.497,50.527,50.568,50.607,50.647,50.69,50.718,50.766,50.811,50.847,50.888,50.938,51.002,51.058,51.113,51.171,51.24,51.319,51.404,51.464,51.576,51.667,51.77,51.911,52.085,52.399,53.481
357,@TPP,46.491,47.285,47.525,47.7,47.824,47.921,48.016,48.11,48.191,48.273,48.352,48.4,48.438,48.479,48.536,48.587,48.646,48.708,48.75,48.793,48.838,48.879,48.916,48.953,48.987,49.033,49.074,49.112,49.14,49.166,49.206,49.232,49.259,49.291,49.327,49.362,49.387,49.419,49.444,49.478,49.5,49.527,49.554,49.583,49.612,49.637,49.67,49.698,49.725,49.751,49.782,49.814,49.849,49.87,49.901,49.924,49.948,49.976,50.011,50.036,50.058,50.088,50.116,50.15,50.178,50.213,50.241,50.274,50.311,50.343,50.377,50.406,50.438,50.472,50.497,50.527,50.568,50.607,50.647,50.69,50.718,50.766,50.811,50.847,50.888,50.938,51.002,51.058,51.113,51.171,51.24,51.319,51.404,51.464,51.576,51.667,51.77,51.911,52.085,52.399,53.481
358,@TPP,46.61,47.36,47.611,47.81,47.938,48.051,48.108,48.176,48.252,48.309,48.369,48.437,48.507,48.568,48.617,48.663,48.709,48.755,48.785,48.834,48.873,48.908,48.957,49.002,49.038,49.085,49.116,49.144,49.174,49.219,49.254,49.295,49.315,49.346,49.369,49.408,49.441,49.463,49.497,49.531,49.562,49.581,49.609,49.633,49.657,49.69,49.719,49.747,49.775,49.81,49.839,49.863,49.894,49.924,49.953,49.98,50.014,50.045,50.075,50.11,50.127,50.145,50.172,50.204,50.233,50.257,50.305,50.33,50.365,50.396,50.422,50.455,50.485,50.516,50.545,50.58,50.612,50.648,50.678,50.716,50.75,50.795,50.83,50.866,50.917,50.978,51.022,51.097,51.157,51.222,51.268,51.336,51.408,51.471,51.565,51.686,51.781,51.958,52.144,52.437,53.682
359,@TPP,46.61,47.36,47.611,47.81,47.938,48.051,48.108,48.176,48.252,48.309,48.369,48.437,48.507,48.568,48.617,48.663,48.709,48.755,48.785,48.834,48.873,48.908,48.957,49.002,49.038,49.085,49.116,49.144,49.174,49.219,49.254,49.295,49.315,49.346,49.369,49.408,49.441,49.463,49.497,49.531,49.562,49.581,49.609,49.633,49.657,49.69,49.719,49.747,49.775,49.81,49.839,49.863,49.894,49.924,49.953,49.98,50.014,50.045,50.075,50.11,50.127,50.145,50.172,50.204,50.233,50.257,50.305,50.33,50.365,50.396,50.422,50.455,50.485,50.516,50.545,50.58,50.612,50.648,50.678,50.716,50.75,50.795,50.83,50.866,50.917,50.978,51.022,51.097,51.157,51.222,51.268,51.336,51.408,51.471,51.565,51.686,51.781,51.958,52.144,52.437,53.682
360,@TPP,46.745,47.451,47.696,47.86,47.999,48.104,48.191,48.273,48.344,48.409,48.477,48.53,48.594,48.638,48.682,48.727,48.777,48.826,48.874,48.917,48.965,49.009,49.047,49.088,49.115,49.145,49.174,49.207,49.231,49.269,49.297,49.333,49.362,49.39,49.416,49.445,49.471,49.501,49.53,49.571,49.595,49.632,49.666,49.69,49.719,49.747,49.776,49.808,49.835,49.864,49.897,49.925,49.946,49.974,50.005,50.036,50.072,50.095,50.118,50.148,50.168,50.198,50.22,50.247,50.275,50.308,50.343,50.378,50.407,50.437,50.472,50.493,50.525,50.55,50.581,50.621,50.65,50.675,50.713,50.76,50.805,50.843,50.884,50.919,50.958,51.016,51.067,51.106,51.164,51.222,51.277,51.349,51.417,51.496,51.61,51.705,51.846,51.979,52.198,52.48,53.332
361,@TPP,46.745,47.451,47.696,47.86,47.999,48.104,48.191,48.273,48.344,48.409,48.477,48.53,48.594,48.638,48.682,48.727,48.777,48.826,48.874,48.917,48.965,49.009,49.047,49.088,49.115,49.145,49.174,49.207,49.231,49.269,49.297,49.333,49.362,49.39,49.416,49.445,49.471,49.501,49.53,49.571,49.595,49.632,49.666,49.69,49.719,49.747,49.776,49.808,49.835,49.864,49.897,49.925,49.946,49.974,50.005,50.036,50.072,50.095,50.118,50.148,50.168,50.198,50.22,50.247,50.275,50.308,50.343,50.378,50.407,50.437,50.472,50.493,50.525,50.55,50.581,50.621,50.65,50.675,50.713,50.76,50.805,50.843,50.884,50.919,50.958,51.016,51.067,51.106,51.164,51.222,51.277,51.349,51.417,51.496,51.61,51.705,51.846,51.979,52.198,52.48,53.332
362,@TPP,46.662,47.534,47.781,47.962,48.072,48.205,48.313,48.39,48.446,48.503,48.561,48.615,48.654,48.703,48.737,48.785,48.835,48.882,48.927,48.966,48.992,49.028,49.053,49.085,49.127,49.157,49.204,49.232,49.278,49.307,49.339,49.377,49.401,49.429,49.469,49.493,49.526,49.558,49.595,49.62,49.646,49.673,49.701,49.735,49.767,49.797,49.83,49.85,49.887,49.916,49.941,49.965,49.989,50.024,50.053,50.086,50.115,50.144,50.168,50.198,50.23,50.256,50.278,50.308,50.329,50.368,50.394,50.433,50.462,50.499,50.53,50.559,50.584,50.606,50.643,50.669,50.701,50.731,50.758,50.792,50.829,50.867,50.906,50.95,50.991,51.018,51.069,51.108,51.157,51.2,51.258,51.329,51.39,51.483,51.576,51.697,51.818,51.943,52.171,52.557,53.253
363,@TPP,46.662,47.534,47.781,47.962,48.072,48.205,48.313,48.39,48.446,48.503,48.561,48.615,48.654,48.703,48.737,48.785,48.835,48.882,48.927,48.966,48.992,49.028,49.053,49.085,49.127,49.157,49.204,49.232,49.278,49.307,49.339,49.377,49.401,49.429,49.469,49.493,49.526,49.558,49.595,49.62,49.646,49.673,49.701,49.735,49.767,49.797,49.83,49.85,49.887,49.916,49.941,49.965,49.989,50.024,50.053,50.086,50.115,50.144,50.168,50.198,50.23,50.256,50.278,50.308,50.329,50.368,50.394,50.433,50.462,50.499,50.53,50.559,50.584,50.606,50.643,50.669,50.701,50.731,50.758,50.792,50.829,50.867,50.906,50.95,50.991,51.018,51.069,51.108,51.157,51.2,51.258,51.329,51.39,51.483,51.576,51.697,51.818,51.943,52.171,52.557,53.253
364,@TPP,46.641,47.576,47.87,48.072,48.204,48.287,48.37,48.435,48.504,48.577,48.641,48.695,48.729,48.777,48.824,48.876,48.924,48.962,49.015,49.049,49.093,49.131,49.168,49.196,49.225,49.261,49.29,49.328,49.372,49.399,49.422,49.453,49.478,49.502,49.517,49.551,49.593,49.617,49.633,49.661,49.683,49.715,49.751,49.785,49.812,49.843,49.861,49.897,49.933,49.957,49.976,49.998,50.025,50.048,50.076,50.107,50.134,50.175,50.2,50.234,50.258,50.29,50.322,50.357,50.392,50.419,50.439,50.47,50.491,50.515,50.549,50.58,50.61,50.633,50.678,50.706,50.736,50.77,50.803,50.837,50.867,50.896,50.948,50.986,51.024,51.067,51.108,51.175,51.207,51.274,51.316,51.376,51.428,51.513,51.6,51.681,51.81,51.978,52.189,52.48,53.341
365,@TPP,46.641,47.576,47.87,48.072,48.204,48.287,48.37,48.435,48.504,48.577,48.641,48.695,48.729,48.777,48.824,48.876,48.924,48.962,49.015,49.049,49.093,49.131,49.168,49.196,49.225,49.261,49.29,49.328,49.372,49.399,49.422,49.453,49.478,49.502,49.517,49.551,49.593,49.617,49.633,49.661,49.683,49.715,49.751,49.785,49.812,49.843,49.861,49.897,49.933,49.957,49.976,49.998,50.025,50.048,50.076,50.107,50.134,50.175,50.2,50.234,50.258,50.29,50.322,50.357,50.392,50.419,50.439,50.47,50.491,50.515,50.549,50.58,50.61,50.633,50.678,50.706,50.736,50.77,50.803,50.837,50.867,50.896,50.948,50.986,51.024,51.067,51.108,51.175,51.207,51.274,51.316,51.376,51.428,51.513,51.6,51.681,51.81,51.978,52.189,52.48,53.341
366,@TPP,46.42,47.597,47.885,48.03,48.169,48.307,48.414,48.488,48.552,48.595,48.657,48.714,48.748,48.789,48.832,48.902,48.946,48.999,49.041,49.089,49.134,49.164,49.194,49.236,49.264,49.289,49.321,49.352,49.383,49.41,49.433,49.461,49.493,49.518,49.545,49.576,49.605,49.635,49.663,49.697,49.73,49.753,49.774,49.803,49.828,49.863,49.893,49.923,49.956,49.989,50.029,50.055,50.073,50.103,50.132,50.15,50.176,50.205,50.231,50.263,50.292,50.323,50.345,50.377,50.408,50.437,50.464,50.486,50.52,50.551,50.587,50.625,50.657,50.693,50.724,50.749,50.78,50.822,50.864,50.904,50.939,50.973,51.003,51.039,51.084,51.125,51.172,51.22,51.255,51.31,51.371,51.433,51.502,51.576,51.644,51.772,51.864,51.988,52.202,52.541,53.317
367,@TPP,46.42,47.597,47.885,48.03,48.169,48.307,48.414,48.488,48.552,48.595,48.657,48.714,48.748,48.789,48.832,48.902,48.946,48.999,49.041,49.089,49.134,49.164,49.194,49.236,49.264,49.289,49.321,49.352,49.383,49.41,49.433,49.461,49.493,49.518,49.545,49.576,49.605,49.635,49.663,49.697,49.73,49.753,49.774,49.803,49.828,49.863,49.893,49.923,49.956,49.989,50.029,50.055,50.073,50.103,50.132,50.15,50.176,50.205,50.231,50.263,50.292,50.323,50.345,50.377,50.408,50.437,50.464,50.486,50.52,50.551,50.587,50.625,50.657,50.693,50.724,50.749,50.78,50.822,50.864,50.904,50.939,50.973,51.003,51.039,51.084,51.125,51.172,51.22,51.255,51.31,51.371,51.433,51.502,51.576,51.644,51.772,51.864,51.988,52.202,52.541,53.317
368,@TPP,46.358,47.633,47.891,48.083,48.173,48.308,48.383,48.463,48.542,48.614,48.665,48.717,48.771,48.826,48.873,48.926,48.961,49.014,49.06,49.094,49.138,49.162,49.197,49.228,49.264,49.306,49.35,49.377,49.406,49.444,49.47,49.497,49.527,49.552,49.586,49.611,49.653,49.683,49.712,49.737,49.764,49.791,49.82,49.857,49.889,49.921,49.941,49.96,49.988,50.016,50.04,50.075,50.101,50.128,50.161,50.182,50.212,50.239,50.264,50.29,50.309,50.339,50.37,50.393,50.423,50.453,50.483,50.526,50.555,50.589,50.616,50.652,50.695,50.725,50.752,50.785,50.837,50.865,50.89,50.931,50.965,50.999,51.04,51.088,51.128,51.179,51.219,51.277,51.322,51.365,51.429,51.487,51.575,51.661,51.737,51.831,51.948,52.073,52.279,52.585,53.338
369,@TPP,46.358,47.633,47.891,48.083,48.173,48.308,48.383,48.463,48.542,48.614,48.665,48.717,48.771,48.826,48.873,48.926,48.961,49.014,49.06,49.094,49.138,49.162,49.197,49.228,49.264,49.306,49.35,49.377,49.406,49.444,49.47,49.497,49.527,49.552,49.586,49.611,49.653,49.683,49.712,49.737,49.764,49.791,49.82,49.857,49.889,49.921,49.941,49.96,49.988,50.016,50.04,50.075,50.101,50.128,50.161,50.182,50.212,50.239,50.264,50.29,50.309,50.339,50.37,50.393,50.423,50.453,50.483,50.526,50.555,50.589,50.616,50.652,50.695,50.725,50.752,50.785,50.837,50.865,50.89,50.931,50.965,50.999,51.04,51.088,51.128,51.179,51.219,51.277,51.322,51.365,51.429,51.487,51.575,51.661,51.737,51.831,51.948,52.073,52.279,52.585,53.338
370,@TPP,46.521,47.65,47.925,48.116,48.28,48.361,48.46,48.525,48.564,48.637,48.706,48.762,48.816,48.875,48.922,48.994,49.024,49.066,49.101,49.138,49.168,49.199,49.246,49.279,49.318,49.36,49.388,49.429,49.463,49.488,49.515,49.552,49.576,49.601,49.634,49.662,49.689,49.714,49.744,49.775,49.814,49.838,49.867,49.893,49.92,49.954,49.98,50.005,50.041,50.069,50.09,50.115,50.136,50.166,50.194,50.228,50.25,50.279,50.311,50.339,50.37,50.399,50.422,50.448,50.473,50.51,50.54,50.575,50.613,50.648,50.681,50.707,50.752,50.782,50.806,50.833,50.875,50.915,50.958,50.993,51.028,51.072,51.126,51.172,51.217,51.274,51.312,51.35,51.389,51.436,51.489,51.532,51.597,51.678,51.781,51.872,51.989,52.097,52.29,52.616,53.411
371,@TPP,46.521,47.65,47.925,48.116,48.28,48.361,48.46,48.525,48.564,48.637,48.706,48.762,48.816,48.875,48.922,48.994,49.024,49.066,49.101,49.138,49.168,49.199,49.246,49.279,49.318,49.36,49.388,49.429,49.463,49.488,49.515,49.552,49.576,49.601,49.634,49.662,49.689,49.714,49.744,49.775,49.814,49.838,49.867,49.893,49.92,49.954,49.98,50.005,50.041,50.069,50.09,50.115,50.136,50.166,50.194,50.228,50.25,50.279,50.311,50.339,50.37,50.399,50.422,50.448,50.473,50.51,50.54,50.575,50.613,50.648,50.681,50.707,50.752,50.782,50.806,50.833,50.875,50.915,50.958,50.993,51.028,51.072,51.126,51.172,51.217,51.274,51.312,51.35,51.389,51.436,51.489,51.532,51.597,51.678,51.781,51.872,51.989,52.097,52.29,52.616,53.411
372,@TPP,46.558,47.632,47.955,48.189,48.286,48.393,48.481,48.572,48.655,48.705,48.774,48.827,48.872,48.93,48.97,49.01,49.065,49.113,49.168,49.223,49.25,49.286,49.31,49.337,49.368,49.399,49.432,49.46,49.495,49.525,49.553,49.58,49.61,49.642,49.67,49.703,49.745,49.767,49.805,49.824,49.859,49.88,49.907,49.93,49.954,49.98,50.012,50.04,50.072,50.102,50.125,50.153,50.183,50.216,50.248,50.276,50.306,50.323,50.351,50.393,50.425,50.454,50.486,50.522,50.553,50.58,50.601,50.631,50.667,50.697,50.728,50.759,50.791,50.822,50.846,50.885,50.916,50.953,50.982,51.026,51.067,51.111,51.15,51.178,51.221,51.262,51.3,51.336,51.387,51.427,51.476,51.544,51.598,51.695,51.796,51.909,52.022,52.162,52.373,52.695,53.427
373,@TPP,46.558,47.632,47.955,48.189,48.286,48.393,48.481,48.572,48.655,48.705,48.774,48.827,48.872,48.93,48.97,49.01,49.065,49.113,49.168,49.223,49.25,49.286,49.31,49.337,49.368,49.399,49.432,49.46,49.495,49.525,49.553,49.58,49.61,49.642,49.67,49.703,49.745,49.767,49.805,49.824,49.859,49.88,49.907,49.93,49.954,49.98,50.012,50.04,50.072,50.102,50.125,50.153,50.183,50.216,50.248,50.276,50.306,50.323,50.351,50.393,50.425,50.454,50.486,50.522,50.553,50.58,50.601,50.631,50.667,50.697,50.728,50.759,50.791,50.822,50.846,50.885,50.916,50.953,50.982,51.026,51.067,51.111,51.15,51.178,51.221,51.262,51.3,51.336,51.387,51.427,51.476,51.544,51.598,51.695,51.796,51.909,52.022,52.162,52.373,52.695,53.427
374,@TPP,46.367,47.616,47.903,48.156,48.312,48.422,48.513,48.591,48.665,48.73,48.802,48.862,48.911,48.951,49.005,49.05,49.087,49.126,49.174,49.216,49.248,49.288,49.327,49.358,49.395,49.423,49.456,49.493,49.527,49.559,49.586,49.613,49.644,49.68,49.704,49.734,49.756,49.781,49.812,49.847,49.869,49.9,49.931,49.959,49.986,50.014,50.034,50.068,50.104,50.135,50.16,50.192,50.225,50.264,50.294,50.327,50.375,50.398,50.426,50.449,50.481,50.521,50.557,50.586,50.617,50.638,50.662,50.685,50.706,50.734,50.76,50.783,50.819,50.846,50.881,50.909,50.947,50.986,51.023,51.05,51.091,51.123,51.16,51.196,51.233,51.278,51.323,51.394,51.449,51.505,51.555,51.624,51.718,51.797,51.869,51.967,52.085,52.234,52.487,52.874,53.602
375,@TPP,46.367,47.616,47.903,48.156,48.312,48.422,48.513,48.591,48.665,48.73,48.802,48.862,48.911,48.951,49.005,49.05,49.087,49.126,49.174,49.216,49.248,49.288,49.327,49.358,49.395,49.423,49.456,49.493,49.527,49.559,49.586,49.613,49.644,49.68,49.704,49.734,49.756,49.781,49.812,49.847,49.869,49.9,49.931,49.959,49.986,50.014,50.034,50.068,50.104,50.135,50.16,50.192,50.225,50.264,50.294,50.327,50.375,50.398,50.426,50.449,50.481,50.521,50.557,50.586,50.617,50.638,50.662,50.685,50.706,50.734,50.76,50.783,50.819,50.846,50.881,50.909,50.947,50.986,51.023,51.05,51.091,51.123,51.16,51.196,51.233,51.278,51.323,51.394,51.449,51.505,51.555,51.624,51.718,51.797,51.869,51.967,52.085,52.234,52.487,52.874,53.602
376,@TPP,46.478,47.565,47.887,48.079,48.277,48.389,48.458,48.53,48.629,48.701,48.789,48.831,48.879,48.931,48.987,49.014,49.056,49.101,49.145,49.195,49.236,49.271,49.317,49.359,49.406,49.434,49.475,49.516,49.54,49.571,49.597,49.627,49.662,49.695,49.724,49.766,49.797,49.826,49.85,49.878,49.92,49.942,49.975,50.009,50.035,50.067,50.095,50.118,50.143,50.176,50.203,50.224,50.253,50.274,50.299,50.322,50.36,50.403,50.437,50.464,50.494,50.521,50.547,50.576,50.615,50.644,50.671,50.701,50.742,50.782,50.803,50.828,50.857,50.895,50.934,50.964,50.992,51.03,51.052,51.087,51.137,51.178,51.231,51.29,51.335,51.398,51.456,51.488,51.531,51.585,51.634,51.715,51.785,51.882,51.991,52.092,52.207,52.38,52.591,52.94,53.809
377,@TPP,46.478,47.565,47.887,48.079,48.277,48.389,48.458,48.53,48.629,48.701,48.789,48.831,48.879,48.931,48.987,49.014,49.056,49.101,49.145,49.195,49.236,49.271,49.317,49.359,49.406,49.434,49.475,49.516,49.54,49.571,49.597,49.627,49.662,49.695,49.724,49.766,49.797,49.826,49.85,49.878,49.92,49.942,49.975,50.009,50.035,50.067,50.095,50.118,50.143,50.176,50.203,50.224,50.253,50.274,50.299,50.322,50.36,50.403,50.437,50.464,50.494,50.521,50.547,50.576,50.615,50.644,50.671,50.701,50.742,50.782,50.803,50.828,50.857,50.895,50.934,50.964,50.992,51.03,51.052,51.087,51.137,51.178,51.231,51.29,51.335,51.398,51.456,51.488,51.531,51.585,51.634,51.715,51.785,51.882,51.991,52.092,52.207,52.38,52.591,52.94,53.809
378,@TPP,46.211,47.505,47.827,48.08,48.241,48.354,48.46,48.559,48.628,48.7,48.753,48.81,48.868,48.924,48.985,49.052,49.092,49.14,49.199,49.239,49.286,49.327,49.37,49.422,49.472,49.507,49.539,49.567,49.599,49.629,49.648,49.678,49.714,49.748,49.784,49.805,49.841,49.87,49.891,49.924,49.958,49.993,50.013,50.036,50.069,50.096,50.123,50.151,50.184,50.21,50.249,50.275,50.308,50.339,50.371,50.394,50.427,50.45,50.48,50.511,50.54,50.566,50.606,50.641,50.673,50.705,50.734,50.763,50.786,50.823,50.854,50.888,50.916,50.942,50.978,51.014,51.051,51.087,51.125,51.185,51.219,51.254,51.294,51.338,51.393,51.436,51.493,51.541,51.592,51.64,51.704,51.764,51.851,51.927,52.024,52.117,52.277,52.424,52.618,52.99,53.872
379,@TPP,46.211,47.505,47.827,48.08,48.241,48.354,48.46,48.559,48.628,48.7,48.753,48.81,48.868,48.924,48.985,49.052,49.092,49.14,49.199,49.239,49.286,49.327,49.37,49.422,49.472,49.507,49.539,49.567,49.599,49.629,49.648,49.678,49.714,49.748,49.784,49.805,49.841,49.87,49.891,49.924,49.958,49.993,50.013,50.036,50.069,50.096,50.123,50.151,50.184,50.21,50.249,50.275,50.308,50.339,50.371,50.394,50.427,50.45,50.48,50.511,50.54,50.566,50.606,50.641,50.673,50.705,50.734,50.763,50.786,50.823,50.854,50.888,50.916,50.942,50.978,51.014,51.051,51.087,51.125,51.185,51.219,51.254,51.294,51.338,51.393,51.436,51.493,51.541,51.592,51.64,51.704,51.764,51.851,51.927,52.024,52.117,52.277,52.424,52.618,52.99,53.872
380,@TPP,46.568,47.496,47.833,47.997,48.156,48.315,48.433,48.53,48.619,48.701,48.762,48.83,48.886,48.93,48.995,49.059,49.105,49.154,49.196,49.246,49.282,49.326,49.369,49.411,49.454,49.495,49.532,49.572,49.606,49.639,49.673,49.703,49.747,49.776,49.814,49.85,49.879,49.908,49.945,49.979,49.998,50.022,50.059,50.086,50.113,50.145,50.173,50.21,50.248,50.279,50.317,50.338,50.371,50.413,50.438,50.464,50.487,50.511,50.536,50.563,50.594,50.62,50.654,50.68,50.709,50.736,50.77,50.804,50.828,50.865,50.896,50.929,50.966,51.0,51.037,51.071,51.109,51.14,51.18,51.22,51.263,51.32,51.352,51.399,51.44,51.499,51.55,51.61,51.665,51.732,51.798,51.861,51.929,52.019,52.112,52.21,52.343,52.528,52.81,53.125,53.809
381,@TPP,46.568,47.496,47.833,47.997,48.156,48.315,48.433,48.53,48.619,48.701,48.762,48.83,48.886,48.93,48.995,49.059,49.105,49.154,49.196,49.246,49.282,49.326,49.369,49.411,49.454,49.495,49.532,49.572,49.606,49.639,49.673,49.703,49.747,49.776,49.814,49.85,49.879,49.908,49.945,49.979,49.998,50.022,50.059,50.086,50.113,50.145,50.173,50.21,50.248,50.279,50.317,50.338,50.371,50.413,50.438,50.464,50.487,50.511,50.536,50.563,50.594,50.62,50.654,50.68,50.709,50.736,50.77,50.804,50.828,50.865,50.896,50.929,50.966,51.0,51.037,51.071,51.109,51.14,51.18,51.22,51.263,51.32,51.352,51.399,51.44,51.499,51.55,51.61,51.665,51.732,51.798,51.861,51.929,52.019,52.112,52.21,52.343,52.528,52.81,53.125,53.809
382,@TPP,46.417,47.46,47.797,48.052,48.178,48.349,48.448,48.548,48.608,48.693,48.753,48.825,48.9,48.948,48.993,49.056,49.11,49.152,49.192,49.25,49.289,49.331,49.38,49.413,49.451,49.499,49.538,49.568,49.605,49.653,49.688,49.715,49.758,49.802,49.845,49.888,49.919,49.949,49.986,50.013,50.042,50.071,50.101,50.129,50.153,50.179,50.204,50.243,50.276,50.3,50.325,50.356,50.384,50.415,50.449,50.475,50.501,50.531,50.557,50.586,50.617,50.654,50.693,50.724,50.751,50.789,50.813,50.846,50.886,50.923,50.955,50.992,51.021,51.056,51.087,51.124,51.167,51.198,51.234,51.275,51.328,51.379,51.418,51.466,51.509,51.564,51.621,51.661,51.71,51.772,51.826,51.896,51.958,52.034,52.142,52.254,52.379,52.534,52.762,53.089,53.737
383,@TPP,46.417,47.46,47.797,48.052,48.178,48.349,48.448,48.548,48.608,48.693,48.753,48.825,48.9,48.948,48.993,49.056,49.11,49.152,49.192,49.25,49.289,49.331,49.38,49.413,49.451,49.499,49.538,49.568,49.605,49.653,49.688,49.715,49.758,49.802,49.845,49.888,49.919,49.949,49.986,50.013,50.042,50.071,50.101,50.129,50.153,50.179,50.204,50.243,50.276,50.3,50.325,50.356,50.384,50.415,50.449,50.475,50.501,50.531,50.557,50.586,50.617,50.654,50.693,50.724,50.751,50.789,50.813,50.846,50.886,50.923,50.955,50.992,51.021,51.056,51.087,51.124,51.167,51.198,51.234,51.275,51.328,51.379,51.418,51.466,51.509,51.564,51.621,51.661,51.71,51.772,51.826,51.896,51.958,52.034,52.142,52.254,52.379,52.534,52.762,53.089,53.737
384,@TPP,46.617,47.504,47.834,48.051,48.207,48.342,48.448,48.552,48.631,48.715,48.782,48.853,48.91,48.977,49.034,49.079,49.133,49.173,49.238,49.29,49.34,49.385,49.424,49.459,49.491,49.529,49.566,49.601,49.649,49.697,49.728,49.758,49.806,49.847,49.888,49.934,49.965,49.993,50.021,50.043,50.075,50.11,50.141,50.179,50.21,50.246,50.279,50.305,50.343,50.366,50.398,50.431,50.449,50.474,50.503,50.524,50.551,50.588,50.62,50.653,50.686,50.719,50.745,50.776,50.82,50.861,50.891,50.919,50.954,50.993,51.011,51.044,51.079,51.121,51.153,51.181,51.224,51.268,51.306,51.338,51.392,51.424,51.467,51.505,51.555,51.598,51.65,51.707,51.791,51.88,51.932,51.986,52.065,52.161,52.204,52.325,52.467,52.621,52.78,53.175,53.937
385,@TPP,46.617,47.504,47.834,48.051,48.207,48.342,48.448,48.552,48.631,48.715,48.782,48.853,48.91,48.977,49.034,49.079,49.133,49.173,49.238,49.29,49.34,49.385,49.424,49.459,49.491,49.529,49.566,49.601,49.649,49.697,49.728,49.758,49.806,49.847,49.888,49.934,49.965,49.993,50.021,50.043,50.075,50.11,50.141,50.179,50.21,50.246,50.279,50.305,50.343,50.366,50.398,50.431,50.449,50.474,50.503,50.524,50.551,50.588,50.62,50.653,50.686,50.719,50.745,50.776,50.82,50.861,50.891,50.919,50.954,50.993,51.011,51.044,51.079,51.121,51.153,51.181,51.224,51.268,51.306,51.338,51.392,51.424,51.467,51.505,51.555,51.598,51.65,51.707,51.791,51.88,51.932,51.986,52.065,52.161,52.204,52.325,52.467,52.621,52.78,53.175,53.937
386,@TPP,46.688,47.475,47.85,48.081,48.25,48.384,48.512,48.597,48.666,48.748,48.831,48.9,48.972,49.027,49.086,49.134,49.17,49.201,49.254,49.302,49.352,49.388,49.43,49.486,49.528,49.572,49.598,49.638,49.672,49.718,49.761,49.789,49.823,49.861,49.892,49.933,49.963,50.01,50.042,50.08,50.11,50.139,50.164,50.193,50.22,50.252,50.287,50.31,50.345,50.379,50.411,50.442,50.47,50.511,50.543,50.58,50.608,50.642,50.674,50.7,50.728,50.763,50.794,50.827,50.855,50.889,50.925,50.961,50.988,51.021,51.05,51.093,51.119,51.157,51.204,51.238,51.282,51.317,51.349,51.392,51.428,51.467,51.509,51.554,51.601,51.652,51.699,51.737,51.789,51.851,51.925,52.0,52.077,52.147,52.262,52.404,52.563,52.703,52.926,53.128,53.859
387,@TPP,46.688,47.475,47.85,48.081,48.25,48.384,48.512,48.597,48.666,48.748,48.831,48.9,48.972,49.027,49.086,49.134,49.17,49.201,49.254,49.302,49.352,49.388,49.43,49.486,49.528,49.572,49.598,49.638,49.672,49.718,49.761,49.789,49.823,49.861,49.892,49.933,49.963,50.01,50.042,50.08,50.11,50.139,50.164,50.193,50.22,50.252,50.287,50.31,50.345,50.379,50.411,50.442,50.47,50.511,50.543,50.58,50.608,50.642,50.674,50.7,50.728,50.763,50.794,50.827,50.855,50.889,50.925,50.961,50.988,51.021,51.05,51.093,51.119,51.157,51.204,51.238,51.282,51.317,51.349,51.392,51.428,51.467,51.509,51.554,51.601,51.652,51.699,51.737,51.789,51.851,51.925,52.0,52.077,52.147,52.262,52.404,52.563,52.703,52.926,53.128,53.859
388,@TPP,46.781,47.599,47.865,48.106,48.29,48.385,48.461,48.583,48.68,48.797,48.855,48.921,49.002,49.07,49.119,49.183,49.224,49.27,49.322,49.362,49.398,49.447,49.496,49.529,49.568,49.619,49.669,49.698,49.73,49.764,49.799,49.831,49.858,49.892,49.921,49.947,49.986,50.023,50.057,50.09,50.125,50.165,50.194,50.226,50.267,50.304,50.333,50.372,50.399,50.433,50.463,50.495,50.522,50.552,50.585,50.608,50.634,50.673,50.703,50.743,50.774,50.802,50.841,50.884,50.919,50.954,50.976,51.008,51.046,51.086,51.115,51.15,51.181,51.215,51.246,51.27,51.32,51.37,51.404,51.449,51.488,51.529,51.562,51.602,51.661,51.711,51.766,51.835,51.887,51.945,51.992,52.083,52.166,52.256,52.335,52.447,52.574,52.751,52.933,53.307,54.07
389,@TPP,46.781,47.599,47.865,48.106,48.29,48.385,48.461,48.583,48.68,48.797,48.855,48.921,49.002,49.07,49.119,49.183,49.224,49.27,49.322,49.362,49.398,49.447,49.496,49.529,49.568,49.619,49.669,49.698,49.73,49.764,49.799,49.831,49.858,49.892,49.921,49.947,49.986,50.023,50.057,50.09,50.125,50.165,50.194,50.226,50.267,50.304,50.333,50.372,50.399,50.433,50.463,50.495,50.522,50.552,50.585,50.608,50.634,50.673,50.703,50.743,50.774,50.802,50.841,50.884,50.919,50.954,50.976,51.008,51.046,51.086,51.115,51.15,51.181,51.215,51.246,51.27,51.32,51.37,51.404,51.449,51.488,51.529,51.562,51.602,51.661,51.711,51.766,51.835,51.887,51.945,51.992,52.083,52.166,52.256,52.335,52.447,52.574,52.751,52.933,53.307,54.07
390,@TPP,46.87,47.667,47.898,48.135,48.278,48.42,48.523,48.607,48.69,48.797,48.874,48.936,48.989,49.066,49.131,49.175,49.231,49.29,49.344,49.398,49.439,49.464,49.515,49.573,49.61,49.661,49.706,49.732,49.765,49.803,49.839,49.874,49.902,49.939,49.983,50.011,50.044,50.079,50.112,50.139,50.166,50.199,50.233,50.266,50.294,50.326,50.364,50.395,50.417,50.444,50.476,50.507,50.546,50.585,50.604,50.64,50.669,50.702,50.742,50.771,50.816,50.856,50.888,50.917,50.948,50.982,51.021,51.048,51.072,51.11,51.145,51.176,51.21,51.237,51.272,51.308,51.348,51.402,51.447,51.492,51.534,51.569,51.628,51.68,51.72,51.779,51.834,51.883,51.937,52.017,52.069,52.147,52.255,52.348,52.45,52.574,52.672,52.832,52.992,53.488,53.974
391,@TPP,46.87,47.667,47.898,48.135,48.278,48.42,48.523,48.607,48.69,48.797,48.874,48.936,48.989,49.066,49.131,49.175,49.231,49.29,49.344,49.398,49.439,49.464,49.515,49.573,49.61,49.661,49.706,49.732,49.765,49.803,49.839,49.874,49.902,49.939,49.983,50.011,50.044,50.079,50.112,50.139,50.166,50.199,50.233,50.266,50.294,50.326,50.364,50.395,50.417,50.444,50.476,50.507,50.546,50.585,50.604,50.64,50.669,50.702,50.742,50.771,50.816,50.856,50.888,50.917,50.948,50.982,51.021,51.048,51.072,51.11,51.145,51.176,51.21,51.237,51.272,51.308,51.348,51.402,51.447,51.492,51.534,51.569,51.628,51.68,51.72,51.779,51.834,51.883,51.937,52.017,52.069,52.147,52.255,52.348,52.45,52.574,52.672,52.832,52.992,53.488,53.974
392,@TPP,46.55,47.681,47.985,48.159,48.326,48.462,48.572,48.681,48.771,48.836,48.916,48.983,49.042,49.102,49.165,49.206,49.271,49.325,49.389,49.429,49.469,49.501,49.557,49.593,49.634,49.68,49.726,49.765,49.806,49.837,49.879,49.909,49.936,49.967,50.006,50.036,50.069,50.12,50.151,50.185,50.21,50.242,50.273,50.304,50.348,50.381,50.415,50.444,50.473,50.504,50.523,50.556,50.598,50.623,50.652,50.684,50.71,50.745,50.784,50.819,50.853,50.88,50.91,50.939,50.967,50.995,51.03,51.067,51.108,51.143,51.185,51.229,51.266,51.3,51.343,51.389,51.424,51.473,51.506,51.558,51.601,51.636,51.683,51.727,51.781,51.833,51.906,51.971,52.035,52.094,52.155,52.234,52.305,52.386,52.477,52.62,52.8,52.936,53.183,53.418,54.313
393,@TPP,46.55,47.681,47.985,48.159,48.326,48.462,48.572,48.681,48.771,48.836,48.916,48.983,49.042,49.102,49.165,49.206,49.271,49.325,49.389,49.429,49.469,49.501,49.557,49.593,49.634,49.68,49.726,49.765,49.806,49.837,49.879,49.909,49.936,49.967,50.006,50.036,50.069,50.12,50.151,50.185,50.21,50.242,50.273,50.304,50.348,50.381,50.415,50.444,50.473,50.504,50.523,50.556,50.598,50.623,50.652,50.684,50.71,50.745,50.784,50.819,50.853,50.88,50.91,50.939,50.967,50.995,51.03,51.067,51.108,51.143,51.185,51.229,51.266,51.3,51.343,51.389,51.424,51.473,51.506,51.558,51.601,51.636,51.683,51.727,51.781,51.833,51.906,51.971,52.035,52.094,52.155,52.234,52.305,52.386,52.477,52.62,52.8,52.936,53.183,53.418,54.313
394,@TPP,46.59,47.642,47.924,48.158,48.341,48.461,48.594,48.688,48.764,48.845,48.933,49.006,49.078,49.143,49.209,49.24,49.287,49.337,49.384,49.421,49.463,49.516,49.562,49.611,49.648,49.695,49.737,49.781,49.816,49.853,49.892,49.928,49.957,49.991,50.034,50.083,50.113,50.152,50.189,50.228,50.253,50.275,50.307,50.338,50.368,50.408,50.441,50.47,50.487,50.517,50.547,50.595,50.625,50.653,50.686,50.732,50.767,50.794,50.827,50.852,50.887,50.92,50.973,51.005,51.03,51.068,51.099,51.122,51.168,51.191,51.225,51.257,51.293,51.345,51.399,51.441,51.476,51.502,51.55,51.59,51.629,51.692,51.725,51.788,51.854,51.901,51.967,52.018,52.078,52.146,52.222,52.287,52.378,52.491,52.579,52.694,52.839,53.024,53.245,53.545,54.355
395,@TPP,46.59,47.642,47.924,48.158,48.341,48.461,48.594,48.688,48.764,48.845,48.933,49.006,49.078,49.143,49.209,49.24,49.287,49.337,49.384,49.421,49.463,49.516,49.562,49.611,49.648,49.695,49.737,49.781,49.816,49.853,49.892,49.928,49.957,49.991,50.034,50.083,50.113,50.152,50.189,50.228,50.253,50.275,50.307,50.338,50.368,50.408,50.441,50.47,50.487,50.517,50.547,50.595,50.625,50.653,50.686,50.732,50.767,50.794,50.827,50.852,50.887,50.92,50.973,51.005,51.03,51.068,51.099,51.122,51.168,51.191,51.225,51.257,51.293,51.345,51.399,51.441,51.476,51.502,51.55,51.59,51.629,51.692,51.725,51.788,51.854,51.901,51.967,52.018,52.078,52.146,52.222,52.287,52.378,52.491,52.579,52.694,52.839,53.024,53.245,53.545,54.355
396,@TPP,46.377,47.655,48.067,48.225,48.397,48.512,48.626,48.708,48.824,48.896,48.991,49.056,49.135,49.178,49.221,49.27,49.313,49.372,49.429,49.467,49.515,49.572,49.615,49.662,49.7,49.735,49.772,49.812,49.838,49.889,49.922,49.956,50.002,50.042,50.068,50.095,50.131,50.167,50.195,50.228,50.258,50.295,50.351,50.375,50.403,50.425,50.458,50.49,50.523,50.551,50.583,50.613,50.649,50.686,50.721,50.754,50.784,50.822,50.851,50.885,50.915,50.951,50.984,51.019,51.061,51.086,51.125,51.166,51.201,51.233,51.27,51.311,51.349,51.378,51.416,51.456,51.488,51.529,51.583,51.636,51.675,51.72,51.763,51.829,51.887,51.942,52.007,52.06,52.123,52.188,52.258,52.332,52.419,52.517,52.634,52.723,52.868,53.026,53.26,53.632,54.348
397,@TPP,46.377,47.655,48.067,48.225,48.397,48.512,48.626,48.708,48.824,48.896,48.991,49.056,49.135,49.178,49.221,49.27,49.313,49.372,49.429,49.467,49.515,49.572,49.615,49.662,49.7,49.735,49.772,49.812,49.838,49.889,49.922,49.956,50.002,50.042,50.068,50.095,50.131,50.167,50.195,50.228,50.258,50.295,50.351,50.375,50.403,50.425,50.458,50.49,50.523,50.551,50.583,50.613,50.649,50.686,50.721,50.754,50.784,50.822,50.851,50.885,50.915,50.951,50.984,51.019,51.061,51.086,51.125,51.166,51.201,51.233,51.27,51.311,51.349,51.378,51.416,51.456,51.488,51.529,51.583,51.636,51.675,51.72,51.763,51.829,51.887,51.942,52.007,52.06,52.123,52.188,52.258,52.332,52.419,52.517,52.634,52.723,52.868,53.026,53.26,53.632,54.348
398,@TPP,46.496,47.685,48.028,48.283,48.461,48.596,48.687,48.783,48.841,48.943,49.008,49.069,49.151,49.212,49.265,49.317,49.367,49.42,49.463,49.516,49.557,49.601,49.645,49.695,49.732,49.761,49.801,49.848,49.883,49.912,49.954,49.989,50.028,50.06,50.1,50.133,50.153,50.19,50.213,50.24,50.278,50.311,50.342,50.371,50.406,50.453,50.49,50.524,50.572,50.6,50.622,50.651,50.678,50.706,50.74,50.772,50.811,50.843,50.888,50.916,50.948,50.984,51.025,51.06,51.095,51.116,51.152,51.193,51.241,51.274,51.303,51.342,51.382,51.413,51.454,51.491,51.53,51.585,51.614,51.655,51.713,51.766,51.815,51.862,51.923,51.973,52.034,52.095,52.158,52.238,52.3,52.358,52.429,52.516,52.633,52.772,52.883,53.056,53.252,53.7,54.459
399,@TPP,46.496,47.685,48.028,48.283,48.461,48.596,48.687,48.783,48.841,48.943,49.008,49.069,49.151,49.212,49.265,49.317,49.367,49.42,49.463,49.516,49.557,49.601,49.645,49.695,49.732,49.761,49.801,49.848,49.883,49.912,49.954,49.989,50.028,50.06,50.1,50.133,50.153,50.19,50.213,50.24,50.278,50.311,50.342,50.371,50.406,50.453,50.49,50.524,50.572,50.6,50.622,50.651,50.678,50.706,50.74,50.772,50.811,50.843,50.888,50.916,50.948,50.984,51.025,51.06,51.095,51.116,51.152,51.193,51.241,51.274,51.303,51.342,51.382,51.413,51.454,51.491,51.53,51.585,51.614,51.655,51.713,51.766,51.815,51.862,51.923,51.973,52.034,52.095,52.158,52.238,52.3,52.358,52.429,52.516,52.633,52.772,52.883,53.056,53.252,53.7,54.459
400,@TPP,46.695,47.708,48.063,48.303,48.465,48.59,48.68,48.795,48.914,48.989,49.066,49.137,49.214,49.27,49.323,49.375,49.417,49.461,49.515,49.551,49.593,49.638,49.688,49.716,49.77,49.802,49.838,49.862,49.894,49.931,49.966,49.999,50.037,50.079,50.109,50.144,50.178,50.21,50.236,50.267,50.292,50.327,50.361,50.398,50.426,50.465,50.501,50.539,50.575,50.616,50.651,50.68,50.711,50.747,50.781,50.815,50.851,50.879,50.914,50.947,50.98,51.016,51.05,51.083,51.112,51.141,51.184,51.209,51.253,51.296,51.345,51.383,51.425,51.458,51.506,51.543,51.58,51.618,51.667,51.725,51.774,51.817,51.872,51.923,51.982,52.029,52.084,52.133,52.189,52.261,52.311,52.401,52.474,52.597,52.678,52.79,52.895,53.064,53.412,53.695,54.583
401,@TPP,46.695,47.708,48.063,48.303,48.465,48.59,48.68,48.795,48.914,48.989,49.066,49.137,49.214,49.27,49.323,49.375,49.417,49.461,49.515,49.551,49.593,49.638,49.688,49.716,49.77,49.802,49.838,49.862,49.894,49.931,49.966,49.999,50.037,50.079,50.109,50.144,50.178,50.21,50.236,50.267,50.292,50.327,50.361,50.398,50.426,50.465,50.501,50.539,50.575,50.616,50.651,50.68,50.711,50.747,50.781,50.815,50.851,50.879,50.914,50.947,50.98,51.016,51.05,51.083,51.112,51.141,51.184,51.209,51.253,51.296,51.345,51.383,51.425,51.458,51.506,51.543,51.58,51.618,51.667,51.725,51.774,51.817,51.872,51.923,51.982,52.029,52.084,52.133,52.189,52.261,52.311,52.401,52.474,52.597,52.678,52.79,52.895,53.064,53.412,53.695,54.583
402,@TPP,46.604,47.795,48.129,48.362,48.494,48.662,48.767,48.858,48.951,49.016,49.095,49.176,49.235,49.291,49.35,49.41,49.442,49.494,49.541,49.585,49.632,49.666,49.703,49.722,49.763,49.814,49.85,49.889,49.93,49.965,50.012,50.052,50.086,50.114,50.145,50.192,50.228,50.266,50.306,50.341,50.374,50.404,50.438,50.46,50.492,50.509,50.54,50.573,50.6,50.632,50.67,50.697,50.734,50.764,50.79,50.822,50.858,50.895,50.94,50.966,51.004,51.05,51.088,51.118,51.169,51.205,51.244,51.275,51.309,51.347,51.395,51.432,51.473,51.508,51.553,51.594,51.63,51.668,51.714,51.747,51.796,51.837,51.906,51.949,51.996,52.064,52.11,52.17,52.238,52.301,52.361,52.421,52.533,52.607,52.688,52.785,52.931,53.083,53.339,53.7,54.653
403,@TPP,46.604,47.795,48.129,48.362,48.494,48.662,48.767,48.858,48.951,49.016,49.095,49.176,49.235,49.291,49.35,49.41,49.442,49.494,49.541,49.585,49.632,49.666,49.703,49.722,49.763,49.814,49.85,49.889,49.93,49.965,50.012,50.052,50.086,50.114,50.145,50.192,50.228,50.266,50.306,50.341,50.374,50.404,50.438,50.46,50.492,50.509,50.54,50.573,50.6,50.632,50.67,50.697,50.734,50.764,50.79,50.822,50.858,50.895,50.94,50.966,51.004,51.05,51.088,51.118,51.169,51.205,51.244,51.275,51.309,51.347,51.395,51.432,51.473,51.508,51.553,51.594,51.63,51.668,51.714,51.747,51.796,51.837,51.906,51.949,51.996,52.064,52.11,52.17,52.238,52.301,52.361,52.421,52.533,52.607,52.688,52.785,52.931,53.083,53.339,53.7,54.653
404,@TPP,47.104,47.806,48.185,48.374,48.502,48.666,48.797,48.886,48.974,49.044,49.119,49.194,49.269,49.328,49.388,49.429,49.48,49.533,49.574,49.617,49.654,49.688,49.722,49.755,49.794,49.833,49.87,49.9,49.931,49.964,50.015,50.056,50.094,50.133,50.173,50.214,50.26,50.296,50.336,50.362,50.389,50.414,50.446,50.487,50.523,50.559,50.59,50.641,50.674,50.728,50.76,50.791,50.825,50.852,50.88,50.908,50.938,50.972,51.01,51.041,51.083,51.117,51.157,51.181,51.213,51.241,51.267,51.311,51.353,51.386,51.417,51.456,51.484,51.514,51.554,51.594,51.633,51.684,51.735,51.781,51.832,51.878,51.931,51.98,52.03,52.084,52.136,52.21,52.264,52.31,52.366,52.429,52.506,52.586,52.696,52.821,52.974,53.095,53.332,53.73,54.823
405,@TPP,47.104,47.806,48.185,48.374,48.502,48.666,48.797,48.886,48.974,49.044,49.119,49.194,49.269,49.328,49.388,49.429,49.48,49.533,49.574,49.617,49.654,49.688,49.722,49.755,49.794,49.833,49.87,49.9,49.931,49.964,50.015,50.056,50.094,50.133,50.173,50.214,50.26,50.296,50.336,50.362,50.389,50.414,50.446,50.487,50.523,50.559,50.59,50.641,50.674,50.728,50.76,50.791,50.825,50.852,50.88,50.908,50.938,50.972,51.01,51.041,51.083,51.117,51.157,51.181,51.213,51.241,51.267,51.311,51.353,51.386,51.417,51.456,51.484,51.514,51.554,51.594,51.633,51.684,51.735,51.781,51.832,51.878,51.931,51.98,52.03,52.084,52.136,52.21,52.264,52.31,52.366,52.429,52.506,52.586,52.696,52.821,52.974,53.095,53.332,53.73,54.823
406,@TPP,47.175,47.893,48.283,48.421,48.579,48.686,48.81,48.932,49.01,49.087,49.162,49.237,49.299,49.354,49.404,49.462,49.508,49.569,49.609,49.649,49.707,49.745,49.799,49.836,49.873,49.902,49.935,49.961,50.003,50.041,50.069,50.113,50.145,50.168,50.208,50.24,50.284,50.317,50.348,50.372,50.413,50.449,50.492,50.517,50.552,50.588,50.634,50.665,50.705,50.739,50.773,50.803,50.835,50.873,50.898,50.933,50.956,50.99,51.028,51.064,51.099,51.137,51.176,51.209,51.242,51.278,51.31,51.342,51.376,51.417,51.454,51.486,51.517,51.553,51.596,51.633,51.683,51.724,51.77,51.824,51.877,51.915,51.956,51.998,52.034,52.084,52.145,52.211,52.282,52.346,52.421,52.495,52.592,52.669,52.792,52.885,53.007,53.171,53.364,53.697,54.482
407,@TPP,47.175,47.893,48.283,48.421,48.579,48.686,48.81,48.932,49.01,49.087,49.162,49.237,49.299,49.354,49.404,49.462,49.508,49.569,49.609,49.649,49.707,49.745,49.799,49.836,49.873,49.902,49.935,49.961,50.003,50.041,50.069,50.113,50.145,50.168,50.208,50.24,50.284,50.317,50.348,50.372,50.413,50.449,50.492,50.517,50.552,50.588,50.634,50.665,50.705,50.739,50.773,50.803,50.835,50.873,50.898,50.933,50.956,50.99,51.028,51.064,51.099,51.137,51.176,51.209,51.242,51.278,51.31,51.342,51.376,51.417,51.454,51.486,51.517,51.553,51.596,51.633,51.683,51.724,51.77,51.824,51.877,51.915,51.956,51.998,52.034,52.084,52.145,52.211,52.282,52.346,52.421,52.495,52.592,52.669,52.792,52.885,53.007,53.171,53.364,53.697,54.482
408,@TPP,47.028,48.003,48.301,48.486,48.657,48.764,48.874,48.984,49.076,49.145,49.201,49.263,49.336,49.4,49.444,49.502,49.546,49.599,49.641,49.676,49.732,49.767,49.815,49.863,49.906,49.945,49.985,50.015,50.052,50.087,50.127,50.158,50.193,50.219,50.248,50.287,50.334,50.363,50.394,50.417,50.465,50.499,50.529,50.564,50.599,50.629,50.664,50.694,50.719,50.758,50.802,50.837,50.878,50.916,50.955,50.976,51.009,51.048,51.083,51.112,51.146,51.188,51.221,51.248,51.275,51.304,51.335,51.364,51.398,51.441,51.484,51.519,51.557,51.596,51.625,51.666,51.697,51.741,51.786,51.839,51.886,51.933,51.97,52.023,52.073,52.162,52.215,52.29,52.358,52.423,52.485,52.544,52.611,52.711,52.797,52.903,53.01,53.183,53.355,53.774,54.585
409,@TPP,47.028,48.003,48.301,48.486,48.657,48.764,48.874,48.984,49.076,49.145,49.201,49.263,49.336,49.4,49.444,49.502,49.546,49.599,49.641,49.676,49.732,49.767,49.815,49.863,49.906,49.945,49.985,50.015,50.052,50.087,50.127,50.158,50.193,50.219,50.248,50.287,50.334,50.363,50.394,50.417,50.465,50.499,50.529,50.564,50.599,50.629,50.664,50.694,50.719,50.758,50.802,50.837,50.878,50.916,50.955,50.976,51.009,51.048,51.083,51.112,51.146,51.188,51.221,51.248,51.275,51.304,51.335,51.364,51.398,51.441,51.484,51.519,51.557,51.596,51.625,51.666,51.697,51.741,51.786,51.839,51.886,51.933,51.97,52.023,52.073,52.162,52.215,52.29,52.358,52.423,52.485,52.544,52.611,52.711,52.797,52.903,53.01,53.183,53.355,53.774,54.585
410,@TPP,46.918,48.025,48.395,48.553,48.709,48.83,48.944,49.031,49.12,49.19,49.254,49.313,49.375,49.443,49.494,49.54,49.591,49.639,49.68,49.721,49.765,49.819,49.856,49.896,49.942,49.971,50.011,50.045,50.079,50.12,50.155,50.195,50.236,50.264,50.301,50.348,50.383,50.41,50.454,50.484,50.506,50.539,50.577,50.609,50.645,50.68,50.715,50.755,50.786,50.819,50.849,50.877,50.919,50.943,50.98,51.01,51.042,51.069,51.1,51.133,51.156,51.181,51.217,51.265,51.299,51.326,51.369,51.397,51.438,51.473,51.516,51.548,51.592,51.628,51.664,51.716,51.769,51.794,51.839,51.885,51.931,51.972,52.018,52.058,52.094,52.163,52.212,52.276,52.332,52.388,52.51,52.575,52.636,52.714,52.791,52.915,53.103,53.245,53.475,53.853,54.818
411,@TPP,46.918,48.025,48.395,48.553,48.709,48.83,48.944,49.031,49.12,49.19,49.254,49.313,49.375,49.443,49.494,49.54,49.591,49.639,49.68,49.721,49.765,49.819,49.856,49.896,49.942,49.971,50.011,50.045,50.079,50.12,50.155,50.195,50.236,50.264,50.301,50.348,50.383,50.41,50.454,50.484,50.506,50.539,50.577,50.609,50.645,50.68,50.715,50.755,50.786,50.819,50.849,50.877,50.919,50.943,50.98,51.01,51.042,51.069,51.1,51.133,51.156,51.181,51.217,51.265,51.299,51.326,51.369,51.397,51.438,51.473,51.516,51.548,51.592,51.628,51.664,51.716,51.769,51.794,51.839,51.885,51.931,51.972,52.018,52.058,52.094,52.163,52.212,52.276,52.332,52.388,52.51,52.575,52.636,52.714,52.791,52.915,53.103,53.245,53.475,53.853,54.818
412,@TPP,47.053,48.019,48.342,48.565,48.722,48.843,48.968,49.063,49.144,49.235,49.292,49.372,49.431,49.513,49.566,49.615,49.658,49.698,49.73,49.772,49.813,49.857,49.894,49.944,49.984,50.022,50.05,50.097,50.136,50.177,50.212,50.254,50.294,50.321,50.356,50.386,50.419,50.454,50.493,50.532,50.569,50.596,50.638,50.671,50.713,50.743,50.77,50.8,50.834,50.861,50.889,50.929,50.96,50.987,51.016,51.049,51.082,51.12,51.149,51.188,51.227,51.256,51.285,51.316,51.345,51.382,51.411,51.439,51.471,51.514,51.543,51.578,51.616,51.647,51.697,51.729,51.778,51.815,51.848,51.896,51.937,51.982,52.037,52.086,52.147,52.193,52.258,52.318,52.388,52.462,52.53,52.587,52.666,52.759,52.874,52.945,53.077,53.275,53.537,53.853,54.773
413,@TPP,47.053,48.019,48.342,48.565,48.722,48.843,48.968,49.063,49.144,49.235,49.292,49.372,49.431,49.513,49.566,49.615,49.658,49.698,49.73,49.772,49.813,49.857,49.894,49.944,49.984,50.022,50.05,50.097,50.136,50.177,50.212,50.254,50.294,50.321,50.356,50.386,50.419,50.454,50.493,50.532,50.569,50.596,50.638,50.671,50.713,50.743,50.77,50.8,50.834,50.861,50.889,50.929,50.96,50.987,51.016,51.049,51.082,51.12,51.149,51.188,51.227,51.256,51.285,51.316,51.345,51.382,51.411,51.439,51.471,51.514,51.543,51.578,51.616,51.647,51.697,51.729,51.778,51.815,51.848,51.896,51.937,51.982,52.037,52.086,52.147,52.193,52.258,52.318,52.388,52.462,52.53,52.587,52.666,52.759,52.874,52.945,53.077,53.275,53.537,53.853,54.773
414,@TPP,47.228,48.145,48.422,48.663,48.835,48.954,49.057,49.128,49.231,49.297,49.341,49.396,49.458,49.528,49.594,49.649,49.686,49.726,49.778,49.838,49.872,49.918,49.954,50.001,50.04,50.083,50.109,50.149,50.186,50.225,50.259,50.293,50.336,50.368,50.415,50.457,50.485,50.516,50.548,50.576,50.599,50.629,50.657,50.687,50.727,50.764,50.789,50.812,50.848,50.882,50.923,50.952,50.985,51.022,51.044,51.077,51.11,51.142,51.174,51.209,51.241,51.267,51.306,51.333,51.368,51.392,51.421,51.461,51.513,51.549,51.584,51.617,51.656,51.695,51.737,51.778,51.819,51.86,51.897,51.947,51.998,52.051,52.098,52.14,52.198,52.247,52.302,52.37,52.425,52.496,52.567,52.607,52.697,52.77,52.898,53.046,53.202,53.386,53.555,53.891,55.214
415,@TPP,47.228,48.145,48.422,48.663,48.835,48.954,49.057,49.128,49.231,49.297,49.341,49.396,49.458,49.528,49.594,49.649,49.686,49.726,49.778,49.838,49.872,49.918,49.954,50.001,50.04,50.083,50.109,50.149,50.186,50.225,50.259,50.293,50.336,50.368,50.415,50.457,50.485,50.516,50.548,50.576,50.599,50.629,50.657,50.687,50.727,50.764,50.789,50.812,50.848,50.882,50.923,50.952,50.985,51.022,51.044,51.077,51.11,51.142,51.174,51.209,51.241,51.267,51.306,51.333,51.368,51.392,51.421,51.461,51.513,51.549,51.584,51.617,51.656,51.695,51.737,51.778,51.819,51.86,51.897,51.947,51.998,52.051,52.098,52.14,52.198,52.247,52.302,52.37,52.425,52.496,52.567,52.607,52.697,52.77,52.898,53.046,53.202,53.386,53.555,53.891,55.214
416,@TPP,47.578,48.207,48.535,48.761,48.912,48.991,49.07,49.154,49.233,49.309,49.374,49.439,49.503,49.565,49.622,49.673,49.736,49.782,49.832,49.867,49.911,49.955,50.0,50.041,50.1,50.147,50.183,50.231,50.262,50.296,50.324,50.376,50.408,50.437,50.476,50.507,50.533,50.563,50.598,50.629,50.656,50.683,50.715,50.749,50.777,50.806,50.837,50.867,50.904,50.942,50.979,51.001,51.021,51.043,51.071,51.104,51.14,51.176,51.203,51.236,51.269,51.308,51.337,51.371,51.398,51.432,51.463,51.492,51.535,51.57,51.607,51.65,51.68,51.72,51.754,51.8,51.85,51.879,51.927,51.972,52.012,52.067,52.12,52.162,52.214,52.259,52.346,52.413,52.471,52.526,52.611,52.676,52.746,52.84,52.946,53.096,53.22,53.366,53.567,53.85,55.408
417,@TPP,47.578,48.207,48.535,48.761,48.912,48.991,49.07,49.154,49.233,49.309,49.374,49.439,49.503,49.565,49.622,49.673,49.736,49.782,49.832,49.867,49.911,49.955,50.0,50.041,50.1,50.147,50.183,50.231,50.262,50.296,50.324,50.376,50.408,50.437,50.476,50.507,50.533,50.563,50.598,50.629,50.656,50.683,50.715,50.749,50.777,50.806,50.837,50.867,50.904,50.942,50.979,51.001,51.021,51.043,51.071,51.104,51.14,51.176,51.203,51.236,51.269,51.308,51.337,51.371,51.398,51.432,51.463,51.492,51.535,51.57,51.607,51.65,51.68,51.72,51.754,51.8,51.85,51.879,51.927,51.972,52.012,52.067,52.12,52.162,52.214,52.259,52.346,52.413,52.471,52.526,52.611,52.676,52.746,52.84,52.946,53.096,53.22,53.366,53.567,53.85,55.408
418,@TPP,47.448,48.22,48.603,48.827,48.949,49.055,49.171,49.241,49.285,49.363,49.447,49.513,49.572,49.633,49.689,49.735,49.794,49.86,49.903,49.956,50.002,50.028,50.079,50.117,50.159,50.2,50.236,50.27,50.305,50.338,50.366,50.4,50.453,50.485,50.523,50.565,50.608,50.633,50.658,50.698,50.726,50.754,50.778,50.804,50.829,50.864,50.896,50.93,50.955,50.974,51.01,51.043,51.082,51.117,51.145,51.177,51.209,51.232,51.276,51.309,51.339,51.373,51.405,51.445,51.48,51.515,51.544,51.577,51.606,51.643,51.678,51.704,51.738,51.783,51.818,51.848,51.877,51.916,51.957,51.986,52.028,52.072,52.133,52.173,52.234,52.281,52.345,52.395,52.461,52.551,52.609,52.683,52.763,52.853,52.955,53.051,53.174,53.331,53.541,53.886,55.491
419,@TPP,47.448,48.22,48.603,48.827,48.949,49.055,49.171,49.241,49.285,49.363,49.447,49.513,49.572,49.633,49.689,49.735,49.794,49.86,49.903,49.956,50.002,50.028,50.079,50.117,50.159,50.2,50.236,50.27,50.305,50.338,50.366,50.4,50.453,50.485,50.523,50.565,50.608,50.633,50.658,50.698,50.726,50.754,50.778,50.804,50.829,50.864,50.896,50.93,50.955,50.974,51.01,51.043,51.082,51.117,51.145,51.177,51.209,51.232,51.276,51.309,51.339,51.373,51.405,51.445,51.48,51.515,51.544,51.577,51.606,51.643,51.678,51.704,51.738,51.783,51.818,51.848,51.877,51.916,51.957,51.986,52.028,52.072,52.133,52.173,52.234,52.281,52.345,52.395,52.461,52.551,52.609,52.683,52.763,52.853,52.955,53.051,53.174,53.331,53.541,53.886,55.491
420,@TPP,47.362,48.363,48.668,48.816,48.969,49.107,49.203,49.312,49.39,49.472,49.548,49.616,49.682,49.747,49.797,49.843,49.892,49.932,49.963,49.993,50.043,50.082,50.125,50.172,50.217,50.254,50.287,50.331,50.373,50.408,50.453,50.48,50.511,50.553,50.579,50.612,50.642,50.671,50.699,50.729,50.768,50.793,50.833,50.86,50.892,50.928,50.951,50.983,51.008,51.036,51.069,51.1,51.129,51.158,51.187,51.212,51.241,51.276,51.308,51.329,51.369,51.403,51.432,51.469,51.506,51.535,51.564,51.59,51.634,51.665,51.715,51.74,51.774,51.807,51.838,51.892,51.924,51.958,52.0,52.04,52.068,52.108,52.148,52.204,52.258,52.323,52.38,52.43,52.499,52.541,52.617,52.704,52.813,52.917,53.014,53.115,53.264,53.384,53.617,53.884,55.32
421,@TPP,47.362,48.363,48.668,48.816,48.969,49.107,49.203,49.312,49.39,49.472,49.548,49.616,49.682,49.747,49.797,49.843,49.892,49.932,49.963,49.993,50.043,50.082,50.125,50.172,50.217,50.254,50.287,50.331,50.373,50.408,50.453,50.48,50.511,50.553,50.579,50.612,50.642,50.671,50.699,50.729,50.768,50.793,50.833,50.86,50.892,50.928,50.951,50.983,51.008,51.036,51.069,51.1,51.129,51.158,51.187,51.212,51.241,51.276,51.308,51.329,51.369,51.403,51.432,51.469,51.506,51.535,51.564,51.59,51.634,51.665,51.715,51.74,51.774,51.807,51.838,51.892,51.924,51.958,52.0,52.04,52.068,52.108,52.148,52.204,52.258,52.323,52.38,52.43,52.499,52.541,52.617,52.704,52.813,52.917,53.014,53.115,53.264,53.384,53.617,53.884,55.32
422,@TPP,47.239,48.432,48.709,48.893,49.022,49.151,49.275,49.367,49.454,49.529,49.596,49.657,49.729,49.789,49.847,49.888,49.92,49.964,50.009,50.052,50.103,50.152,50.189,50.23,50.278,50.314,50.355,50.39,50.428,50.462,50.496,50.541,50.574,50.607,50.653,50.681,50.711,50.739,50.762,50.802,50.831,50.865,50.89,50.926,50.946,50.982,51.009,51.031,51.051,51.073,51.106,51.135,51.166,51.207,51.232,51.276,51.306,51.336,51.368,51.398,51.427,51.456,51.479,51.509,51.541,51.567,51.595,51.633,51.66,51.691,51.719,51.742,51.78,51.818,51.86,51.894,51.934,51.972,52.016,52.049,52.091,52.149,52.203,52.249,52.304,52.375,52.455,52.505,52.551,52.597,52.656,52.719,52.79,52.893,53.004,53.133,53.252,53.414,53.644,53.924,55.257
423,@TPP,47.239,48.432,48.709,48.893,49.022,49.151,49.275,49.367,49.454,49.529,49.596,49.657,49.729,49.789,49.847,49.888,49.92,49.964,50.009,50.052,50.103,50.152,50.189,50.23,50.278,50.314,50.355,50.39,50.428,50.462,50.496,50.541,50.574,50.607,50.653,50.681,50.711,50.739,50.762,50.802,50.831,50.865,50.89,50.926,50.946,50.982,51.009,51.031,51.051,51.073,51.106,51.135,51.166,51.207,51.232,51.276,51.306,51.336,51.368,51.398,51.427,51.456,51.479,51.509,51.541,51.567,51.595,51.633,51.66,51.691,51.719,51.742,51.78,51.818,51.86,51.894,51.934,51.972,52.016,52.049,52.091,52.149,52.203,52.249,52.304,52.375,52.455,52.505,52.551,52.597,52.656,52.719,52.79,52.893,53.004,53.133,53.252,53.414,53.644,53.924,55.257
424,@TPP,47.485,48.471,48.802,49.024,49.175,49.272,49.363,49.461,49.53,49.596,49.67,49.743,49.807,49.859,49.907,49.961,50.0,50.04,50.078,50.13,50.169,50.209,50.267,50.303,50.335,50.358,50.407,50.439,50.474,50.516,50.563,50.599,50.631,50.654,50.686,50.713,50.743,50.769,50.802,50.827,50.854,50.89,50.906,50.932,50.958,50.99,51.025,51.052,51.089,51.112,51.137,51.168,51.199,51.23,51.259,51.286,51.324,51.341,51.367,51.393,51.419,51.448,51.47,51.502,51.53,51.563,51.594,51.627,51.667,51.703,51.741,51.778,51.816,51.856,51.897,51.94,51.974,52.011,52.049,52.09,52.134,52.183,52.232,52.277,52.33,52.382,52.435,52.491,52.544,52.595,52.654,52.75,52.804,52.875,53.004,53.088,53.205,53.422,53.568,53.893,55.236
425,@TPP,47.485,48.471,48.802,49.024,49.175,49.272,49.363,49.461,49.53,49.596,49.67,49.743,49.807,49.859,49.907,49.961,50.0,50.04,50.078,50.13,50.169,50.209,50.267,50.303,50.335,50.358,50.407,50.439,50.474,50.516,50.563,50.599,50.631,50.654,50.686,50.713,50.743,50.769,50.802,50.827,50.854,50.89,50.906,50.932,50.958,50.99,51.025,51.052,51.089,51.112,51.137,51.168,51.199,51.23,51.259,51.286,51.324,51.341,51.367,51.393,51.419,51.448,51.47,51.502,51.53,51.563,51.594,51.627,51.667,51.703,51.741,51.778,51.816,51.856,51.897,51.94,51.974,52.011,52.049,52.09,52.134,52.183,52.232,52.277,52.33,52.382,52.435,52.491,52.544,52.595,52.654,52.75,52.804,52.875,53.004,53.088,53.205,53.422,53.568,53.893,55.236
426,@TPP,47.531,48.495,48.834,49.09,49.228,49.33,49.443,49.542,49.629,49.718,49.773,49.837,49.878,49.935,49.989,50.045,50.1,50.139,50.183,50.213,50.254,50.288,50.33,50.369,50.405,50.439,50.472,50.506,50.543,50.574,50.618,50.655,50.689,50.71,50.734,50.765,50.791,50.826,50.859,50.883,50.919,50.942,50.966,50.987,51.013,51.045,51.065,51.089,51.114,51.144,51.176,51.207,51.24,51.267,51.297,51.329,51.359,51.387,51.414,51.453,51.482,51.51,51.534,51.57,51.597,51.619,51.654,51.683,51.712,51.744,51.774,51.81,51.841,51.872,51.907,51.944,51.977,52.025,52.066,52.107,52.137,52.178,52.216,52.267,52.316,52.374,52.433,52.492,52.539,52.587,52.666,52.729,52.83,52.889,52.987,53.102,53.219,53.352,53.557,53.788,55.133
427,@TPP,47.531,48.495,48.834,49.09,49.228,49.33,49.443,49.542,49.629,49.718,49.773,49.837,49.878,49.935,49.989,50.045,50.1,50.139,50.183,50.213,50.254,50.288,50.33,50.369,50.405,50.439,50.472,50.506,50.543,50.574,50.618,50.655,50.689,50.71,50.734,50.765,50.791,50.826,50.859,50.883,50.919,50.942,50.966,50.987,51.013,51.045,51.065,51.089,51.114,51.144,51.176,51.207,51.24,51.267,51.297,51.329,51.359,51.387,51.414,51.453,51.482,51.51,51.534,51.57,51.597,51.619,51.654,51.683,51.712,51.744,51.774,51.81,51.841,51.872,51.907,51.944,51.977,52.025,52.066,52.107,52.137,52.178,52.216,52.267,52.316,52.374,52.433,52.492,52.539,52.587,52.666,52.729,52.83,52.889,52.987,53.102,53.219,53.352,53.557,53.788,55.133
428,@TPP,47.266,48.593,48.869,49.036,49.236,49.358,49.461,49.537,49.599,49.691,49.748,49.826,49.883,49.95,49.996,50.046,50.095,50.136,50.165,50.211,50.246,50.304,50.338,50.371,50.406,50.437,50.463,50.504,50.546,50.582,50.609,50.639,50.664,50.699,50.735,50.764,50.794,50.82,50.849,50.874,50.909,50.938,50.967,50.996,51.023,51.048,51.079,51.097,51.122,51.147,51.179,51.208,51.242,51.27,51.3,51.326,51.354,51.378,51.398,51.432,51.461,51.496,51.531,51.563,51.596,51.631,51.662,51.697,51.732,51.762,51.802,51.84,51.873,51.898,51.943,51.977,52.003,52.056,52.114,52.145,52.196,52.231,52.273,52.31,52.35,52.4,52.444,52.497,52.565,52.615,52.69,52.761,52.83,52.916,53.008,53.134,53.241,53.352,53.58,53.908,55.109
429,@TPP,47.266,48.593,48.869,49.036,49.236,49.358,49.461,49.537,49.599,49.691,49.748,49.826,49.883,49.95,49.996,50.046,50.095,50.136,50.165,50.211,50.246,50.304,50.338,50.371,50.406,50.437,50.463,50.504,50.546,50.582,50.609,50.639,50.664,50.699,50.735,50.764,50.794,50.82,50.849,50.874,50.909,50.938,50.967,50.996,51.023,51.048,51.079,51.097,51.122,51.147,51.179,51.208,51.242,51.27,51.3,51.326,51.354,51.378,51.398,51.432,51.461,51.496,51.531,51.563,51.596,51.631,51.662,51.697,51.732,51.762,51.802,51.84,51.873,51.898,51.943,51.977,52.003,52.056,52.114,52.145,52.196,52.231,52.273,52.31,52.35,52.4,52.444,52.497,52.565,52.615,52.69,52.761,52.83,52.916,53.008,53.134,53.241,53.352,53.58,53.908,55.109
430,@TPP,47.045,48.603,48.949,49.135,49.254,49.348,49.47,49.556,49.63,49.693,49.759,49.813,49.872,49.944,50.0,50.057,50.105,50.148,50.186,50.222,50.262,50.302,50.329,50.375,50.399,50.426,50.476,50.505,50.548,50.571,50.603,50.64,50.667,50.706,50.742,50.767,50.793,50.822,50.845,50.883,50.918,50.942,50.974,51.004,51.031,51.068,51.096,51.127,51.15,51.18,51.21,51.24,51.271,51.294,51.328,51.357,51.38,51.41,51.444,51.472,51.499,51.527,51.555,51.589,51.609,51.643,51.676,51.714,51.742,51.776,51.8,51.836,51.878,51.911,51.957,51.991,52.026,52.069,52.106,52.14,52.198,52.237,52.277,52.339,52.401,52.449,52.494,52.545,52.594,52.641,52.729,52.8,52.884,52.971,53.074,53.156,53.27,53.433,53.572,53.907,55.155
431,@TPP,47.045,48.603,48.949,49.135,49.254,49.348,49.47,49.556,49.63,49.693,49.759,49.813,49.872,49.944,50.0,50.057,50.105,50.148,50.186,50.222,50.262,50.302,50.329,50.375,50.399,50.426,50.476,50.505,50.548,50.571,50.603,50.64,50.667,50.706,50.742,50.767,50.793,50.822,50.845,50.883,50.918,50.942,50.974,51.004,51.031,51.068,51.096,51.127,51.15,51.18,51.21,51.24,51.271,51.294,51.328,51.357,51.38,51.41,51.444,51.472,51.499,51.527,51.555,51.589,51.609,51.643,51.676,51.714,51.742,51.776,51.8,51.836,51.878,51.911,51.957,51.991,52.026,52.069,52.106,52.14,52.198,52.237,52.277,52.339,52.401,52.449,52.494,52.545,52.594,52.641,52.729,52.8,52.884,52.971,53.074,53.156,53.27,53.433,53.572,53.907,55.155
432,@TPP,46.802,48.62,48.901,49.111,49.216,49.347,49.453,49.553,49.64,49.707,49.782,49.847,49.908,49.963,50.026,50.069,50.12,50.162,50.211,50.262,50.292,50.333,50.374,50.416,50.441,50.465,50.509,50.543,50.572,50.598,50.634,50.672,50.7,50.731,50.763,50.796,50.826,50.85,50.875,50.899,50.932,50.953,50.984,51.016,51.044,51.071,51.096,51.117,51.143,51.18,51.212,51.246,51.271,51.296,51.327,51.361,51.379,51.405,51.434,51.47,51.502,51.543,51.579,51.624,51.65,51.674,51.701,51.729,51.767,51.8,51.833,51.873,51.909,51.956,51.982,52.019,52.065,52.104,52.144,52.19,52.226,52.264,52.31,52.355,52.405,52.45,52.489,52.541,52.598,52.651,52.725,52.802,52.869,52.92,53.016,53.149,53.296,53.415,53.577,53.893,55.285
433,@TPP,46.802,48.62,48.901,49.111,49.216,49.347,49.453,49.553,49.64,49.707,49.782,49.847,49.908,49.963,50.026,50.069,50.12,50.162,50.211,50.262,50.292,50.333,50.374,50.416,50.441,50.465,50.509,50.543,50.572,50.598,50.634,50.672,50.7,50.731,50.763,50.796,50.826,50.85,50.875,50.899,50.932,50.953,50.984,51.016,51.044,51.071,51.096,51.117,51.143,51.18,51.212,51.246,51.271,51.296,51.327,51.361,51.379,51.405,51.434,51.47,51.502,51.543,51.579,51.624,51.65,51.674,51.701,51.729,51.767,51.8,51.833,51.873,51.909,51.956,51.982,52.019,52.065,52.104,52.144,52.19,52.226,52.264,52.31,52.355,52.405,52.45,52.489,52.541,52.598,52.651,52.725,52.802,52.869,52.92,53.016,53.149,53.296,53.415,53.577,53.893,55.285
434,@TPP,46.644,48.598,48.911,49.108,49.292,49.398,49.493,49.571,49.668,49.727,49.784,49.863,49.926,49.989,50.044,50.078,50.118,50.169,50.228,50.263,50.31,50.355,50.383,50.43,50.465,50.491,50.533,50.569,50.605,50.635,50.656,50.689,50.725,50.749,50.783,50.809,50.83,50.859,50.895,50.927,50.957,50.985,51.017,51.044,51.077,51.107,51.137,51.166,51.198,51.222,51.244,51.267,51.302,51.331,51.36,51.388,51.417,51.442,51.473,51.516,51.535,51.563,51.591,51.623,51.651,51.687,51.721,51.759,51.783,51.816,51.855,51.894,51.933,51.968,52.0,52.028,52.062,52.1,52.14,52.184,52.228,52.269,52.307,52.354,52.403,52.481,52.532,52.594,52.643,52.687,52.749,52.817,52.902,52.991,53.064,53.161,53.286,53.411,53.619,53.96,55.204
435,@TPP,46.644,48.598,48.911,49.108,49.292,49.398,49.493,49.571,49.668,49.727,49.784,49.863,49.926,49.989,50.044,50.078,50.118,50.169,50.228,50.263,50.31,50.355,50.383,50.43,50.465,50.491,50.533,50.569,50.605,50.635,50.656,50.689,50.725,50.749,50.783,50.809,50.83,50.859,50.895,50.927,50.957,50.985,51.017,51.044,51.077,51.107,51.137,51.166,51.198,51.222,51.244,51.267,51.302,51.331,51.36,51.388,51.417,51.442,51.473,51.516,51.535,51.563,51.591,51.623,51.651,51.687,51.721,51.759,51.783,51.816,51.855,51.894,51.933,51.968,52.0,52.028,52.062,52.1,52.14,52.184,52.228,52.269,52.307,52.354,52.403,52.481,52.532,52.594,52.643,52.687,52.749,52.817,52.902,52.991,53.064,53.161,53.286,53.411,53.619,53.96,55.204
436,@TPP,46.828,48.586,48.925,49.123,49.304,49.433,49.52,49.602,49.674,49.747,49.828,49.902,49.958,50.009,50.062,50.108,50.16,50.211,50.255,50.288,50.322,50.36,50.388,50.424,50.456,50.495,50.518,50.553,50.584,50.623,50.66,50.694,50.736,50.769,50.795,50.827,50.863,50.893,50.927,50.953,50.982,51.009,51.038,51.066,51.09,51.113,51.148,51.174,51.202,51.234,51.259,51.285,51.314,51.344,51.381,51.405,51.433,51.458,51.483,51.518,51.544,51.576,51.606,51.635,51.67,51.701,51.741,51.772,51.806,51.841,51.88,51.92,51.944,51.982,52.013,52.047,52.091,52.119,52.162,52.196,52.234,52.281,52.318,52.349,52.405,52.442,52.494,52.539,52.599,52.666,52.708,52.801,52.88,52.96,53.058,53.181,53.311,53.44,53.679,54.004,55.107
437,@TPP,46.828,48.586,48.925,49.123,49.304,49.433,49.52,49.602,49.674,49.747,49.828,49.902,49.958,50.009,50.062,50.108,50.16,50.211,50.255,50.288,50.322,50.36,50.388,50.424,50.456,50.495,50.518,50.553,50.584,50.623,50.66,50.694,50.736,50.769,50.795,50.827,50.863,50.893,50.927,50.953,50.982,51.009,51.038,51.066,51.09,51.113,51.148,51.174,51.202,51.234,51.259,51.285,51.314,51.344,51.381,51.405,51.433,51.458,51.483,51.518,51.544,51.576,51.606,51.635,51.67,51.701,51.741,51.772,51.806,51.841,51.88,51.92,51.944,51.982,52.013,52.047,52.091,52.119,52.162,52.196,52.234,52.281,52.318,52.349,52.405,52.442,52.494,52.539,52.599,52.666,52.708,52.801,52.88,52.96,53.058,53.181,53.311,53.44,53.679,54.004,55.107
438,@TPP,46.592,48.642,48.93,49.125,49.274,49.415,49.523,49.599,49.672,49.742,49.816,49.903,49.958,50.015,50.063,50.113,50.164,50.228,50.274,50.308,50.352,50.394,50.435,50.472,50.524,50.551,50.589,50.62,50.647,50.675,50.709,50.748,50.771,50.803,50.836,50.869,50.894,50.926,50.959,50.986,51.016,51.04,51.072,51.098,51.124,51.146,51.172,51.191,51.221,51.246,51.281,51.309,51.344,51.365,51.396,51.435,51.456,51.481,51.517,51.541,51.57,51.601,51.648,51.689,51.731,51.753,51.78,51.818,51.847,51.877,51.899,51.929,51.963,51.991,52.021,52.058,52.098,52.132,52.163,52.201,52.235,52.287,52.341,52.392,52.445,52.475,52.513,52.561,52.617,52.696,52.765,52.84,52.936,53.013,53.117,53.248,53.346,53.513,53.704,54.009,54.799
439,@TPP,46.592,48.642,48.93,49.125,49.274,49.415,49.523,49.599,49.672,49.742,49.816,49.903,49.958,50.015,50.063,50.113,50.164,50.228,50.274,50.308,50.352,50.394,50.435,50.472,50.524,50.551,50.589,50.62,50.647,50.675,50.709,50.748,50.771,50.803,50.836,50.869,50.894,50.926,50.959,50.986,51.016,51.04,51.072,51.098,51.124,51.146,51.172,51.191,51.221,51.246,51.281,51.309,51.344,51.365,51.396,51.435,51.456,51.481,51.517,51.541,51.57,51.601,51.648,51.689,51.731,51.753,51.78,51.818,51.847,51.877,51.899,51.929,51.963,51.991,52.021,52.058,52.098,52.132,52.163,52.201,52.235,52.287,52.341,52.392,52.445,52.475,52.513,52.561,52.617,52.696,52.765,52.84,52.936,53.013,53.117,53.248,53.346,53.513,53.704,54.009,54.799
440,@TPP,46.772,48.639,48.901,49.095,49.232,49.399,49.538,49.615,49.714,49.793,49.878,49.925,49.982,50.061,50.109,50.143,50.21,50.26,50.289,50.341,50.371,50.414,50.46,50.497,50.527,50.566,50.612,50.638,50.666,50.692,50.73,50.76,50.797,50.82,50.852,50.878,50.905,50.925,50.953,50.979,51.015,51.049,51.073,51.108,51.134,51.163,51.184,51.207,51.238,51.273,51.299,51.333,51.365,51.39,51.425,51.459,51.491,51.521,51.549,51.584,51.601,51.644,51.67,51.698,51.731,51.752,51.774,51.797,51.829,51.864,51.897,51.934,51.964,51.997,52.025,52.052,52.09,52.122,52.171,52.211,52.262,52.313,52.347,52.39,52.429,52.492,52.533,52.591,52.643,52.69,52.768,52.845,52.912,53.015,53.127,53.258,53.359,53.507,53.719,53.957,54.682
441,@TPP,46.772,48.639,48.901,49.095,49.232,49.399,49.538,49.615,49.714,49.793,49.878,49.925,49.982,50.061,50.109,50.143,50.21,50.26,50.289,50.341,50.371,50.414,50.46,50.497,50.527,50.566,50.612,50.638,50.666,50.692,50.73,50.76,50.797,50.82,50.852,50.878,50.905,50.925,50.953,50.979,51.015,51.049,51.073,51.108,51.134,51.163,51.184,51.207,51.238,51.273,51.299,51.333,51.365,51.39,51.425,51.459,51.491,51.521,51.549,51.584,51.601,51.644,51.67,51.698,51.731,51.752,51.774,51.797,51.829,51.864,51.897,51.934,51.964,51.997,52.025,52.052,52.09,52.122,52.171,52.211,52.262,52.313,52.347,52.39,52.429,52.492,52.533,52.591,52.643,52.69,52.768,52.845,52.912,53.015,53.127,53.258,53.359,53.507,53.719,53.957,54.682
442,@TPP,46.664,48.672,49.034,49.225,49.349,49.448,49.543,49.656,49.733,49.813,49.903,49.976,50.041,50.099,50.143,50.196,50.243,50.293,50.332,50.386,50.42,50.451,50.484,50.531,50.561,50.586,50.62,50.658,50.692,50.729,50.762,50.79,50.821,50.851,50.872,50.901,50.929,50.959,50.985,51.015,51.048,51.073,51.105,51.132,51.168,51.196,51.231,51.261,51.287,51.324,51.354,51.37,51.394,51.415,51.444,51.478,51.509,51.533,51.559,51.588,51.609,51.644,51.675,51.711,51.744,51.774,51.81,51.834,51.86,51.884,51.924,51.957,51.983,52.017,52.047,52.079,52.117,52.168,52.216,52.243,52.289,52.336,52.383,52.416,52.459,52.499,52.54,52.601,52.647,52.708,52.798,52.862,52.944,53.031,53.11,53.204,53.348,53.481,53.688,54.013,54.725
443,@TPP,46.664,48.672,49.034,49.225,49.349,49.448,49.543,49.656,49.733,49.813,49.903,49.976,50.041,50.099,50.143,50.196,50.243,50.293,50.332,50.386,50.42,50.451,50.484,50.531,50.561,50.586,50.62,50.658,50.692,50.729,50.762,50.79,50.821,50.851,50.872,50.901,50.929,50.959,50.985,51.015,51.048,51.073,51.105,51.132,51.168,51.196,51.231,51.261,51.287,51.324,51.354,51.37,51.394,51.415,51.444,51.478,51.509,51.533,51.559,51.588,51.609,51.644,51.675,51.711,51.744,51.774,51.81,51.834,51.86,51.884,51.924,51.957,51.983,52.017,52.047,52.079,52.117,52.168,52.216,52.243,52.289,52.336,52.383,52.416,52.459,52.499,52.54,52.601,52.647,52.708,52.798,52.862,52.944,53.031,53.11,53.204,53.348,53.481,53.688,54.013,54.725
444,@TPP,47.156,48.696,49.0,49.23,49.407,49.534,49.628,49.73,49.799,49.883,49.96,50.021,50.059,50.118,50.171,50.21,50.252,50.3,50.349,50.387,50.426,50.462,50.499,50.543,50.589,50.627,50.656,50.69,50.716,50.754,50.785,50.817,50.841,50.867,50.893,50.924,50.958,50.989,51.022,51.047,51.073,51.097,51.13,51.156,51.177,51.199,51.229,51.252,51.279,51.304,51.341,51.37,51.403,51.428,51.455,51.483,51.514,51.547,51.59,51.613,51.647,51.673,51.707,51.738,51.766,51.797,51.822,51.847,51.881,51.915,51.946,51.986,52.018,52.051,52.086,52.119,52.162,52.197,52.229,52.28,52.317,52.353,52.402,52.444,52.495,52.537,52.583,52.618,52.665,52.724,52.795,52.866,52.937,53.065,53.183,53.272,53.405,53.528,53.758,53.973,54.708
445,@TPP,47.156,48.696,49.0,49.23,49.407,49.534,49.628,49.73,49.799,49.883,49.96,50.021,50.059,50.118,50.171,50.21,50.252,50.3,50.349,50.387,50.426,50.462,50.499,50.543,50.589,50.627,50.656,50.69,50.716,50.754,50.785,50.817,50.841,50.867,50.893,50.924,50.958,50.989,51.022,51.047,51.073,51.097,51.13,51.156,51.177,51.199,51.229,51.252,51.279,51.304,51.341,51.37,51.403,51.428,51.455,51.483,51.514,51.547,51.59,51.613,51.647,51.673,51.707,51.738,51.766,51.797,51.822,51.847,51.881,51.915,51.946,51.986,52.018,52.051,52.086,52.119,52.162,52.197,52.229,52.28,52.317,52.353,52.402,52.444,52.495,52.537,52.583,52.618,52.665,52.724,52.795,52.866,52.937,53.065,53.183,53.272,53.405,53.528,53.758,53.973,54.708
446,@TPP,47.282,48.731,49.031,49.254,49.407,49.545,49.674,49.761,49.863,49.924,49.999,50.063,50.135,50.174,50.229,50.27,50.303,50.338,50.375,50.419,50.457,50.478,50.518,50.564,50.607,50.645,50.677,50.704,50.733,50.77,50.8,50.832,50.858,50.895,50.928,50.95,50.979,51.014,51.034,51.062,51.101,51.125,51.149,51.175,51.208,51.23,51.261,51.29,51.313,51.335,51.36,51.398,51.423,51.448,51.485,51.514,51.545,51.577,51.601,51.632,51.661,51.688,51.718,51.744,51.78,51.805,51.828,51.867,51.9,51.927,51.965,51.998,52.038,52.076,52.105,52.142,52.185,52.213,52.25,52.288,52.321,52.361,52.395,52.44,52.49,52.539,52.6,52.64,52.687,52.751,52.814,52.877,52.968,53.034,53.116,53.219,53.367,53.523,53.747,53.954,54.661
447,@TPP,47.282,48.731,49.031,49.254,49.407,49.545,49.674,49.761,49.863,49.924,49.999,50.063,50.135,50.174,50.229,50.27,50.303,50.338,50.375,50.419,50.457,50.478,50.518,50.564,50.607,50.645,50.677,50.704,50.733,50.77,50.8,50.832,50.858,50.895,50.928,50.95,50.979,51.014,51.034,51.062,51.101,51.125,51.149,51.175,51.208,51.23,51.261,51.29,51.313,51.335,51.36,51.398,51.423,51.448,51.485,51.514,51.545,51.577,51.601,51.632,51.661,51.688,51.718,51.744,51.78,51.805,51.828,51.867,51.9,51.927,51.965,51.998,52.038,52.076,52.105,52.142,52.185,52.213,52.25,52.288,52.321,52.361,52.395,52.44,52.49,52.539,52.6,52.64,52.687,52.751,52.814,52.877,52.968,53.034,53.116,53.219,53.367,53.523,53.747,53.954,54.661
448,@TPP,47.786,48.77,49.092,49.317,49.477,49.623,49.718,49.804,49.911,49.974,50.042,50.12,50.174,50.227,50.277,50.318,50.344,50.387,50.429,50.469,50.501,50.533,50.571,50.608,50.64,50.669,50.694,50.728,50.775,50.801,50.837,50.865,50.893,50.909,50.933,50.978,51.003,51.035,51.062,51.086,51.121,51.152,51.172,51.202,51.234,51.252,51.274,51.311,51.347,51.377,51.399,51.426,51.448,51.472,51.497,51.52,51.55,51.58,51.603,51.634,51.649,51.673,51.696,51.722,51.757,51.78,51.821,51.856,51.889,51.911,51.94,51.976,52.01,52.04,52.078,52.125,52.17,52.204,52.245,52.284,52.325,52.357,52.399,52.441,52.471,52.524,52.585,52.628,52.693,52.734,52.808,52.875,52.958,53.08,53.165,53.257,53.361,53.533,53.702,53.962,54.693
449,@TPP,47.786,48.77,49.092,49.317,49.477,49.623,49.718,49.804,49.911,49.974,50.042,50.12,50.174,50.227,50.277,50.318,50.344,50.387,50.429,50.469,50.501,50.533,50.571,50.608,50.64,50.669,50.694,50.728,50.775,50.801,50.837,50.865,50.893,50.909,50.933,50.978,51.003,51.035,51.062,51.086,51.121,51.152,51.172,51.202,51.234,51.252,51.274,51.311,51.347,51.377,51.399,51.426,51.448,51.472,51.497,51.52,51.55,51.58,51.603,51.634,51.649,51.673,51.696,51.722,51.757,51.78,51.821,51.856,51.889,51.911,51.94,51.976,52.01,52.04,52.078,52.125,52.17,52.204,52.245,52.284,52.325,52.357,52.399,52.441,52.471,52.524,52.585,52.628,52.693,52.734,52.808,52.875,52.958,53.08,53.165,53.257,53.361,53.533,53.702,53.962,54.693
450,@TPP,47.677,48.79,49.073,49.382,49.569,49.665,49.748,49.847,49.905,49.974,50.038,50.101,50.171,50.215,50.264,50.294,50.356,50.391,50.434,50.484,50.529,50.57,50.605,50.65,50.679,50.711,50.739,50.766,50.793,50.827,50.855,50.889,50.918,50.947,50.979,51.003,51.026,51.058,51.078,51.113,51.14,51.16,51.199,51.219,51.24,51.274,51.3,51.321,51.35,51.377,51.397,51.415,51.438,51.467,51.499,51.535,51.565,51.586,51.612,51.639,51.667,51.695,51.722,51.746,51.776,51.804,51.835,51.864,51.898,51.935,51.963,51.997,52.033,52.077,52.11,52.144,52.183,52.22,52.259,52.285,52.32,52.361,52.404,52.445,52.494,52.546,52.59,52.641,52.698,52.749,52.801,52.874,52.955,53.07,53.19,53.277,53.4,53.502,53.684,53.915,54.602
451,@TPP,47.677,48.79,49.073,49.382,49.569,49.665,49.748,49.847,49.905,49.974,50.038,50.101,50.171,50.215,50.264,50.294,50.356,50.391,50.434,50.484,50.529,50.57,50.605,50.65,50.679,50.711,50.739,50.766,50.793,50.827,50.855,50.889,50.918,50.947,50.979,51.003,51.026,51.058,51.078,51.113,51.14,51.16,51.199,51.219,51.24,51.274,51.3,51.321,51.35,51.377,51.397,51.415,51.438,51.467,51.499,51.535,51.565,51.586,51.612,51.639,51.667,51.695,51.722,51.746,51.776,51.804,51.835,51.864,51.898,51.935,51.963,51.997,52.033,52.077,52.11,52.144,52.183,52.22,52.259,52.285,52.32,52.361,52.404,52.445,52.494,52.546,52.59,52.641,52.698,52.749,52.801,52.874,52.955,53.07,53.19,53.277,53.4,53.502,53.684,53.915,54.602
452,@TPP,48.15,48.808,49.227,49.42,49.564,49.673,49.775,49.863,49.938,50.034,50.094,50.149,50.208,50.252,50.297,50.352,50.403,50.46,50.494,50.535,50.588,50.622,50.649,50.68,50.712,50.743,50.769,50.795,50.823,50.85,50.879,50.916,50.941,50.96,50.987,51.019,51.046,51.068,51.097,51.137,51.161,51.192,51.22,51.252,51.279,51.308,51.331,51.359,51.386,51.406,51.437,51.455,51.482,51.506,51.532,51.559,51.585,51.615,51.648,51.689,51.713,51.75,51.775,51.803,51.83,51.852,51.874,51.9,51.931,51.955,51.982,52.009,52.037,52.075,52.105,52.137,52.175,52.213,52.247,52.288,52.323,52.355,52.397,52.447,52.499,52.553,52.616,52.667,52.725,52.796,52.849,52.9,52.968,53.042,53.154,53.254,53.352,53.486,53.652,53.921,54.786
453,@TPP,48.15,48.808,49.227,49.42,49.564,49.673,49.775,49.863,49.938,50.034,50.094,50.149,50.208,50.252,50.297,50.352,50.403,50.46,50.494,50.535,50.588,50.622,50.649,50.68,50.712,50.743,50.769,50.795,50.823,50.85,50.879,50.916,50.941,50.96,50.987,51.019,51.046,51.068,51.097,51.137,51.161,51.192,51.22,51.252,51.279,51.308,51.331,51.359,51.386,51.406,51.437,51.455,51.482,51.506,51.532,51.559,51.585,51.615,51.648,51.689,51.713,51.75,51.775,51.803,51.83,51.852,51.874,51.9,51.931,51.955,51.982,52.009,52.037,52.075,52.105,52.137,52.175,52.213,52.247,52.288,52.323,52.355,52.397,52.447,52.499,52.553,52.616,52.667,52.725,52.796,52.849,52.9,52.968,53.042,53.154,53.254,53.352,53.486,53.652,53.921,54.786
454,@TPP,48.279,48.987,49.349,49.525,49.634,49.747,49.864,49.946,50.016,50.083,50.147,50.214,50.28,50.322,50.357,50.402,50.446,50.473,50.515,50.55,50.595,50.622,50.663,50.703,50.741,50.773,50.808,50.834,50.859,50.891,50.919,50.95,50.979,51.012,51.042,51.063,51.092,51.118,51.147,51.175,51.202,51.226,51.258,51.284,51.307,51.344,51.376,51.406,51.425,51.448,51.469,51.491,51.522,51.538,51.576,51.603,51.628,51.656,51.681,51.704,51.731,51.764,51.788,51.821,51.85,51.878,51.906,51.935,51.955,51.978,52.014,52.042,52.071,52.1,52.136,52.166,52.207,52.233,52.266,52.294,52.33,52.373,52.425,52.46,52.514,52.557,52.596,52.649,52.701,52.757,52.805,52.875,52.954,53.037,53.117,53.237,53.336,53.478,53.619,53.875,54.711
455,@TPP,48.279,48.987,49.349,49.525,49.634,49.747,49.864,49.946,50.016,50.083,50.147,50.214,50.28,50.322,50.357,50.402,50.446,50.473,50.515,50.55,50.595,50.622,50.663,50.703,50.741,50.773,50.808,50.834,50.859,50.891,50.919,50.95,50.979,51.012,51.042,51.063,51.092,51.118,51.147,51.175,51.202,51.226,51.258,51.284,51.307,51.344,51.376,51.406,51.425,51.448,51.469,51.491,51.522,51.538,51.576,51.603,51.628,51.656,51.681,51.704,51.731,51.764,51.788,51.821,51.85,51.878,51.906,51.935,51.955,51.978,52.014,52.042,52.071,52.1,52.136,52.166,52.207,52.233,52.266,52.294,52.33,52.373,52.425,52.46,52.514,52.557,52.596,52.649,52.701,52.757,52.805,52.875,52.954,53.037,53.117,53.237,53.336,53.478,53.619,53.875,54.711
456,@TPP,48.297,49.122,49.448,49.631,49.73,49.847,49.916,49.993,50.078,50.143,50.206,50.259,50.32,50.377,50.431,50.468,50.512,50.541,50.576,50.613,50.639,50.671,50.698,50.74,50.773,50.797,50.826,50.859,50.891,50.916,50.945,50.981,51.015,51.043,51.064,51.077,51.104,51.132,51.161,51.182,51.21,51.238,51.267,51.298,51.324,51.349,51.376,51.411,51.434,51.457,51.476,51.503,51.531,51.556,51.579,51.601,51.625,51.65,51.688,51.712,51.741,51.77,51.788,51.809,51.842,51.869,51.899,51.924,51.954,51.974,52.003,52.031,52.064,52.094,52.134,52.162,52.205,52.235,52.264,52.304,52.335,52.361,52.404,52.452,52.497,52.538,52.581,52.633,52.695,52.76,52.82,52.887,52.936,52.987,53.056,53.152,53.298,53.423,53.585,53.82,54.762
457,@TPP,48.297,49.122,49.448,49.631,49.73,49.847,49.916,49.993,50.078,50.143,50.206,50.259,50.32,50.377,50.431,50.468,50.512,50.541,50.576,50.613,50.639,50.671,50.698,50.74,50.773,50.797,50.826,50.859,50.891,50.916,50.945,50.981,51.015,51.043,51.064,51.077,51.104,51.132,51.161,51.182,51.21,51.238,51.267,51.298,51.324,51.349,51.376,51.411,51.434,51.457,51.476,51.503,51.531,51.556,51.579,51.601,51.625,51.65,51.688,51.712,51.741,51.77,51.788,51.809,51.842,51.869,51.899,51.924,51.954,51.974,52.003,52.031,52.064,52.094,52.134,52.162,52.205,52.235,52.264,52.304,52.335,52.361,52.404,52.452,52.497,52.538,52.581,52.633,52.695,52.76,52.82,52.887,52.936,52.987,53.056,53.152,53.298,53.423,53.585,53.82,54.762
458,@TPP,48.34,49.018,49.395,49.531,49.658,49.763,49.85,49.945,50.054,50.121,50.174,50.235,50.276,50.305,50.347,50.404,50.453,50.503,50.537,50.588,50.616,50.653,50.689,50.73,50.759,50.791,50.828,50.864,50.89,50.917,50.946,50.97,50.991,51.02,51.048,51.071,51.099,51.137,51.162,51.19,51.209,51.246,51.269,51.297,51.318,51.341,51.365,51.388,51.414,51.441,51.465,51.486,51.514,51.536,51.572,51.592,51.62,51.647,51.67,51.69,51.726,51.744,51.772,51.804,51.842,51.869,51.895,51.922,51.955,51.975,52.01,52.045,52.08,52.118,52.151,52.194,52.224,52.25,52.288,52.322,52.359,52.401,52.44,52.478,52.517,52.564,52.614,52.659,52.713,52.769,52.825,52.891,52.955,53.024,53.129,53.222,53.314,53.452,53.649,53.908,54.612
459,@TPP,48.34,49.018,49.395,49.531,49.658,49.763,49.85,49.945,50.054,50.121,50.174,50.235,50.276,50.305,50.347,50.404,50.453,50.503,50.537,50.588,50.616,50.653,50.689,50.73,50.759,50.791,50.828,50.864,50.89,50.917,50.946,50.97,50.991,51.02,51.048,51.071,51.099,51.137,51.162,51.19,51.209,51.246,51.269,51.297,51.318,51.341,51.365,51.388,51.414,51.441,51.465,51.486,51.514,51.536,51.572,51.592,51.62,51.647,51.67,51.69,51.726,51.744,51.772,51.804,51.842,51.869,51.895,51.922,51.955,51.975,52.01,52.045,52.08,52.118,52.151,52.194,52.224,52.25,52.288,52.322,52.359,52.401,52.44,52.478,52.517,52.564,52.614,52.659,52.713,52.769,52.825,52.891,52.955,53.024,53.129,53.222,53.314,53.452,53.649,53.908,54.612
460,@TPP,48.237,49.036,49.309,49.493,49.606,49.749,49.853,49.957,50.031,50.101,50.151,50.21,50.262,50.305,50.35,50.391,50.43,50.47,50.524,50.561,50.6,50.629,50.655,50.698,50.731,50.775,50.813,50.847,50.872,50.895,50.921,50.95,50.983,51.012,51.034,51.059,51.081,51.106,51.133,51.157,51.184,51.213,51.245,51.271,51.293,51.321,51.344,51.377,51.399,51.424,51.453,51.481,51.512,51.533,51.558,51.583,51.603,51.634,51.667,51.697,51.723,51.746,51.778,51.805,51.835,51.861,51.89,51.92,51.946,51.974,52.012,52.034,52.07,52.102,52.146,52.183,52.223,52.261,52.304,52.352,52.373,52.411,52.456,52.51,52.556,52.622,52.686,52.738,52.781,52.83,52.886,52.959,53.018,53.098,53.171,53.281,53.389,53.486,53.729,53.999,54.985
461,@TPP,48.237,49.036,49.309,49.493,49.606,49.749,49.853,49.957,50.031,50.101,50.151,50.21,50.262,50.305,50.35,50.391,50.43,50.47,50.524,50.561,50.6,50.629,50.655,50.698,50.731,50.775,50.813,50.847,50.872,50.895,50.921,50.95,50.983,51.012,51.034,51.059,51.081,51.106,51.133,51.157,51.184,51.213,51.245,51.271,51.293,51.321,51.344,51.377,51.399,51.424,51.453,51.481,51.512,51.533,51.558,51.583,51.603,51.634,51.667,51.697,51.723,51.746,51.778,51.805,51.835,51.861,51.89,51.92,51.946,51.974,52.012,52.034,52.07,52.102,52.146,52.183,52.223,52.261,52.304,52.352,52.373,52.411,52.456,52.51,52.556,52.622,52.686,52.738,52.781,52.83,52.886,52.959,53.018,53.098,53.171,53.281,53.389,53.486,53.729,53.999,54.985
462,@TPP,48.029,48.982,49.244,49.47,49.594,49.744,49.854,49.951,50.024,50.074,50.132,50.182,50.233,50.271,50.316,50.371,50.419,50.46,50.506,50.54,50.575,50.608,50.642,50.677,50.711,50.747,50.78,50.807,50.832,50.867,50.892,50.924,50.951,50.977,51.01,51.043,51.062,51.1,51.127,51.154,51.191,51.216,51.239,51.262,51.29,51.326,51.353,51.382,51.42,51.449,51.478,51.498,51.527,51.563,51.598,51.63,51.655,51.677,51.705,51.73,51.762,51.785,51.819,51.851,51.881,51.906,51.935,51.965,51.993,52.019,52.047,52.072,52.101,52.139,52.167,52.205,52.239,52.282,52.319,52.352,52.393,52.422,52.477,52.51,52.552,52.603,52.644,52.7,52.742,52.79,52.86,52.923,52.987,53.059,53.147,53.241,53.414,53.595,53.778,54.097,55.002
463,@TPP,48.029,48.982,49.244,49.47,49.594,49.744,49.854,49.951,50.024,50.074,50.132,50.182,50.233,50.271,50.316,50.371,50.419,50.46,50.506,50.54,50.575,50.608,50.642,50.677,50.711,50.747,50.78,50.807,50.832,50.867,50.892,50.924,50.951,50.977,51.01,51.043,51.062,51.1,51.127,51.154,51.191,51.216,51.239,51.262,51.29,51.326,51.353,51.382,51.42,51.449,51.478,51.498,51.527,51.563,51.598,51.63,51.655,51.677,51.705,51.73,51.762,51.785,51.819,51.851,51.881,51.906,51.935,51.965,51.993,52.019,52.047,52.072,52.101,52.139,52.167,52.205,52.239,52.282,52.319,52.352,52.393,52.422,52.477,52.51,52.552,52.603,52.644,52.7,52.742,52.79,52.86,52.923,52.987,53.059,53.147,53.241,53.414,53.595,53.778,54.097,55.002
464,@TPP,48.067,48.985,49.24,49.428,49.607,49.735,49.815,49.9,49.983,50.033,50.087,50.151,50.209,50.265,50.315,50.362,50.409,50.447,50.489,50.536,50.574,50.622,50.654,50.685,50.733,50.762,50.785,50.829,50.865,50.892,50.922,50.954,50.977,51.007,51.034,51.07,51.103,51.128,51.159,51.187,51.208,51.235,51.259,51.297,51.317,51.343,51.365,51.393,51.42,51.451,51.481,51.505,51.535,51.556,51.577,51.601,51.625,51.659,51.686,51.721,51.745,51.779,51.812,51.842,51.864,51.89,51.914,51.952,51.993,52.025,52.057,52.084,52.115,52.15,52.178,52.218,52.256,52.295,52.324,52.355,52.389,52.427,52.473,52.521,52.565,52.597,52.647,52.695,52.758,52.823,52.901,52.975,53.048,53.142,53.238,53.34,53.465,53.577,53.805,54.119,55.017
465,@TPP,48.067,48.985,49.24,49.428,49.607,49.735,49.815,49.9,49.983,50.033,50.087,50.151,50.209,50.265,50.315,50.362,50.409,50.447,50.489,50.536,50.574,50.622,50.654,50.685,50.733,50.762,50.785,50.829,50.865,50.892,50.922,50.954,50.977,51.007,51.034,51.07,51.103,51.128,51.159,51.187,51.208,51.235,51.259,51.297,51.317,51.343,51.365,51.393,51.42,51.451,51.481,51.505,51.535,51.556,51.577,51.601,51.625,51.659,51.686,51.721,51.745,51.779,51.812,51.842,51.864,51.89,51.914,51.952,51.993,52.025,52.057,52.084,52.115,52.15,52.178,52.218,52.256,52.295,52.324,52.355,52.389,52.427,52.473,52.521,52.565,52.597,52.647,52.695,52.758,52.823,52.901,52.975,53.048,53.142,53.238,53.34,53.465,53.577,53.805,54.119,55.017
466,@TPP,48.224,48.997,49.327,49.461,49.604,49.712,49.802,49.888,49.965,50.029,50.108,50.164,50.21,50.263,50.306,50.351,50.421,50.453,50.506,50.551,50.587,50.616,50.641,50.679,50.709,50.747,50.784,50.829,50.858,50.89,50.93,50.955,50.981,51.018,51.043,51.078,51.102,51.135,51.165,51.197,51.217,51.244,51.27,51.292,51.321,51.344,51.368,51.399,51.43,51.451,51.47,51.499,51.529,51.556,51.586,51.623,51.653,51.68,51.708,51.741,51.764,51.794,51.823,51.847,51.875,51.904,51.943,51.968,51.995,52.02,52.059,52.099,52.128,52.152,52.186,52.22,52.257,52.291,52.329,52.378,52.414,52.454,52.496,52.537,52.58,52.618,52.67,52.728,52.771,52.84,52.911,52.989,53.062,53.174,53.268,53.367,53.46,53.601,53.872,54.214,55.029
467,@TPP,48.224,48.997,49.327,49.461,49.604,49.712,49.802,49.888,49.965,50.029,50.108,50.164,50.21,50.263,50.306,50.351,50.421,50.453,50.506,50.551,50.587,50.616,50.641,50.679,50.709,50.747,50.784,50.829,50.858,50.89,50.93,50.955,50.981,51.018,51.043,51.078,51.102,51.135,51.165,51.197,51.217,51.244,51.27,51.292,51.321,51.344,51.368,51.399,51.43,51.451,51.47,51.499,51.529,51.556,51.586,51.623,51.653,51.68,51.708,51.741,51.764,51.794,51.823,51.847,51.875,51.904,51.943,51.968,51.995,52.02,52.059,52.099,52.128,52.152,52.186,52.22,52.257,52.291,52.329,52.378,52.414,52.454,52.496,52.537,52.58,52.618,52.67,52.728,52.771,52.84,52.911,52.989,53.062,53.174,53.268,53.367,53.46,53.601,53.872,54.214,55.029
468,@TPP,48.276,48.961,49.253,49.41,49.579,49.66,49.786,49.876,49.958,50.011,50.079,50.163,50.214,50.25,50.301,50.355,50.407,50.47,50.502,50.544,50.587,50.621,50.669,50.692,50.721,50.767,50.796,50.829,50.863,50.9,50.919,50.946,50.976,51.008,51.043,51.071,51.097,51.13,51.155,51.179,51.213,51.247,51.284,51.305,51.33,51.365,51.388,51.412,51.446,51.477,51.507,51.534,51.56,51.588,51.609,51.64,51.66,51.691,51.716,51.734,51.763,51.793,51.826,51.858,51.884,51.91,51.941,51.972,52.003,52.03,52.07,52.104,52.14,52.162,52.186,52.213,52.247,52.287,52.328,52.368,52.409,52.454,52.497,52.533,52.576,52.606,52.67,52.726,52.769,52.855,52.925,52.983,53.105,53.173,53.26,53.346,53.485,53.62,53.82,54.111,55.188
469,@TPP,48.276,48.961,49.253,49.41,49.579,49.66,49.786,49.876,49.958,50.011,50.079,50.163,50.214,50.25,50.301,50.355,50.407,50.47,50.502,50.544,50.587,50.621,50.669,50.692,50.721,50.767,50.796,50.829,50.863,50.9,50.919,50.946,50.976,51.008,51.043,51.071,51.097,51.13,51.155,51.179,51.213,51.247,51.284,51.305,51.33,51.365,51.388,51.412,51.446,51.477,51.507,51.534,51.56,51.588,51.609,51.64,51.66,51.691,51.716,51.734,51.763,51.793,51.826,51.858,51.884,51.91,51.941,51.972,52.003,52.03,52.07,52.104,52.14,52.162,52.186,52.213,52.247,52.287,52.328,52.368,52.409,52.454,52.497,52.533,52.576,52.606,52.67,52.726,52.769,52.855,52.925,52.983,53.105,53.173,53.26,53.346,53.485,53.62,53.82,54.111,55.188
470,@TPP,48.098,48.884,49.199,49.422,49.544,49.67,49.779,49.885,49.963,50.021,50.091,50.163,50.205,50.254,50.306,50.352,50.413,50.453,50.493,50.529,50.57,50.614,50.64,50.675,50.713,50.753,50.797,50.832,50.858,50.884,50.909,50.937,50.971,50.995,51.028,51.059,51.088,51.118,51.149,51.178,51.209,51.231,51.258,51.284,51.319,51.35,51.381,51.407,51.444,51.479,51.5,51.525,51.56,51.587,51.618,51.643,51.662,51.682,51.709,51.729,51.756,51.78,51.806,51.828,51.866,51.893,51.922,51.947,51.975,52.01,52.037,52.068,52.097,52.135,52.173,52.203,52.241,52.29,52.328,52.369,52.418,52.447,52.493,52.528,52.586,52.634,52.687,52.729,52.77,52.854,52.917,52.984,53.057,53.133,53.21,53.319,53.432,53.555,53.755,54.104,55.451
471,@TPP,48.098,48.884,49.199,49.422,49.544,49.67,49.779,49.885,49.963,50.021,50.091,50.163,50.205,50.254,50.306,50.352,50.413,50.453,50.493,50.529,50.57,50.614,50.64,50.675,50.713,50.753,50.797,50.832,50.858,50.884,50.909,50.937,50.971,50.995,51.028,51.059,51.088,51.118,51.149,51.178,51.209,51.231,51.258,51.284,51.319,51.35,51.381,51.407,51.444,51.479,51.5,51.525,51.56,51.587,51.618,51.643,51.662,51.682,51.709,51.729,51.756,51.78,51.806,51.828,51.866,51.893,51.922,51.947,51.975,52.01,52.037,52.068,52.097,52.135,52.173,52.203,52.241,52.29,52.328,52.369,52.418,52.447,52.493,52.528,52.586,52.634,52.687,52.729,52.77,52.854,52.917,52.984,53.057,53.133,53.21,53.319,53.432,53.555,53.755,54.104,55.451
472,@TPP,48.038,48.935,49.265,49.476,49.604,49.701,49.817,49.899,49.971,50.021,50.077,50.134,50.205,50.271,50.32,50.372,50.427,50.471,50.511,50.548,50.592,50.616,50.651,50.681,50.706,50.744,50.774,50.809,50.848,50.88,50.907,50.935,50.964,50.995,51.025,51.053,51.082,51.115,51.149,51.183,51.209,51.254,51.286,51.311,51.338,51.363,51.387,51.41,51.452,51.48,51.499,51.522,51.547,51.573,51.603,51.632,51.661,51.682,51.709,51.739,51.769,51.792,51.818,51.843,51.869,51.903,51.925,51.951,51.984,52.015,52.042,52.079,52.111,52.144,52.17,52.202,52.232,52.269,52.299,52.338,52.386,52.454,52.488,52.541,52.59,52.628,52.679,52.725,52.798,52.849,52.919,52.982,53.067,53.134,53.208,53.29,53.398,53.51,53.721,54.125,55.198
473,@TPP,48.038,48.935,49.265,49.476,49.604,49.701,49.817,49.899,49.971,50.021,50.077,50.134,50.205,50.271,50.32,50.372,50.427,50.471,50.511,50.548,50.592,50.616,50.651,50.681,50.706,50.744,50.774,50.809,50.848,50.88,50.907,50.935,50.964,50.995,51.025,51.053,51.082,51.115,51.149,51.183,51.209,51.254,51.286,51.311,51.338,51.363,51.387,51.41,51.452,51.48,51.499,51.522,51.547,51.573,51.603,51.632,51.661,51.682,51.709,51.739,51.769,51.792,51.818,51.843,51.869,51.903,51.925,51.951,51.984,52.015,52.042,52.079,52.111,52.144,52.17,52.202,52.232,52.269,52.299,52.338,52.386,52.454,52.488,52.541,52.59,52.628,52.679,52.725,52.798,52.849,52.919,52.982,53.067,53.134,53.208,53.29,53.398,53.51,53.721,54.125,55.198
474,@TPP,48.325,48.988,49.284,49.479,49.58,49.697,49.78,49.874,49.967,50.023,50.079,50.141,50.202,50.25,50.312,50.358,50.396,50.447,50.493,50.526,50.569,50.595,50.616,50.652,50.684,50.736,50.77,50.798,50.834,50.863,50.898,50.94,50.965,50.998,51.021,51.043,51.073,51.114,51.148,51.172,51.193,51.23,51.259,51.296,51.318,51.34,51.373,51.413,51.455,51.478,51.494,51.52,51.542,51.575,51.613,51.644,51.667,51.693,51.723,51.753,51.783,51.804,51.821,51.85,51.884,51.926,51.956,51.987,52.017,52.041,52.08,52.109,52.138,52.173,52.196,52.226,52.258,52.293,52.327,52.374,52.411,52.446,52.495,52.54,52.584,52.619,52.672,52.72,52.784,52.866,52.935,52.998,53.068,53.173,53.258,53.337,53.438,53.53,53.713,54.129,55.208
475,@TPP,48.325,48.988,49.284,49.479,49.58,49.697,49.78,49.874,49.967,50.023,50.079,50.141,50.202,50.25,50.312,50.358,50.396,50.447,50.493,50.526,50.569,50.595,50.616,50.652,50.684,50.736,50.77,50.798,50.834,50.863,50.898,50.94,50.965,50.998,51.021,51.043,51.073,51.114,51.148,51.172,51.193,51.23,51.259,51.296,51.318,51.34,51.373,51.413,51.455,51.478,51.494,51.52,51.542,51.575,51.613,51.644,51.667,51.693,51.723,51.753,51.783,51.804,51.821,51.85,51.884,51.926,51.956,51.987,52.017,52.041,52.08,52.109,52.138,52.173,52.196,52.226,52.258,52.293,52.327,52.374,52.411,52.446,52.495,52.54,52.584,52.619,52.672,52.72,52.784,52.866,52.935,52.998,53.068,53.173,53.258,53.337,53.438,53.53,53.713,54.129,55.208
476,@TPP,48.288,48.991,49.254,49.459,49.616,49.762,49.871,49.938,50.025,50.079,50.142,50.198,50.256,50.314,50.36,50.401,50.432,50.474,50.519,50.552,50.597,50.634,50.667,50.698,50.727,50.76,50.786,50.808,50.835,50.871,50.909,50.939,50.967,51.007,51.035,51.072,51.101,51.139,51.17,51.193,51.222,51.246,51.271,51.304,51.332,51.365,51.387,51.408,51.44,51.46,51.491,51.52,51.546,51.581,51.607,51.634,51.665,51.699,51.724,51.754,51.781,51.814,51.836,51.867,51.891,51.929,51.959,51.989,52.019,52.051,52.085,52.116,52.141,52.166,52.202,52.246,52.287,52.326,52.365,52.393,52.427,52.454,52.478,52.548,52.603,52.646,52.703,52.74,52.796,52.865,52.95,53.014,53.079,53.144,53.216,53.305,53.411,53.534,53.715,54.023,54.981
477,@TPP,48.288,48.991,49.254,49.459,49.616,49.762,49.871,49.938,50.025,50.079,50.142,50.198,50.256,50.314,50.36,50.401,50.432,50.474,50.519,50.552,50.597,50.634,50.667,50.698,50.727,50.76,50.786,50.808,50.835,50.871,50.909,50.939,50.967,51.007,51.035,51.072,51.101,51.139,51.17,51.193,51.222,51.246,51.271,51.304,51.332,51.365,51.387,51.408,51.44,51.46,51.491,51.52,51.546,51.581,51.607,51.634,51.665,51.699,51.724,51.754,51.781,51.814,51.836,51.867,51.891,51.929,51.959,51.989,52.019,52.051,52.085,52.116,52.141,52.166,52.202,52.246,52.287,52.326,52.365,52.393,52.427,52.454,52.478,52.548,52.603,52.646,52.703,52.74,52.796,52.865,52.95,53.014,53.079,53.144,53.216,53.305,53.411,53.534,53.715,54.023,54.981
478,@TPP,48.329,49.039,49.372,49.521,49.647,49.777,49.861,49.931,50.018,50.076,50.133,50.215,50.285,50.327,50.368,50.397,50.436,50.483,50.525,50.565,50.598,50.632,50.67,50.703,50.74,50.777,50.813,50.847,50.882,50.918,50.947,50.987,51.014,51.04,51.072,51.096,51.122,51.153,51.182,51.216,51.238,51.266,51.297,51.327,51.351,51.377,51.399,51.427,51.452,51.48,51.502,51.521,51.554,51.585,51.617,51.649,51.669,51.693,51.722,51.754,51.786,51.822,51.847,51.873,51.893,51.919,51.941,51.971,51.995,52.019,52.054,52.09,52.13,52.168,52.211,52.252,52.277,52.322,52.36,52.393,52.441,52.479,52.515,52.556,52.609,52.656,52.703,52.763,52.825,52.902,52.963,53.031,53.091,53.159,53.219,53.348,53.43,53.549,53.765,54.144,54.859
479,@TPP,48.329,49.039,49.372,49.521,49.647,49.777,49.861,49.931,50.018,50.076,50.133,50.215,50.285,50.327,50.368,50.397,50.436,50.483,50.525,50.565,50.598,50.632,50.67,50.703,50.74,50.777,50.813,50.847,50.882,50.918,50.947,50.987,51.014,51.04,51.072,51.096,51.122,51.153,51.182,51.216,51.238,51.266,51.297,51.327,51.351,51.377,51.399,51.427,51.452,51.48,51.502,51.521,51.554,51.585,51.617,51.649,51.669,51.693,51.722,51.754,51.786,51.822,51.847,51.873,51.893,51.919,51.941,51.971,51.995,52.019,52.054,52.09,52.13,52.168,52.211,52.252,52.277,52.322,52.36,52.393,52.441,52.479,52.515,52.556,52.609,52.656,52.703,52.763,52.825,52.902,52.963,53.031,53.091,53.159,53.219,53.348,53.43,53.549,53.765,54.144,54.859
480,@TPP,48.552,49.126,49.408,49.58,49.681,49.774,49.869,49.951,50.0,50.075,50.154,50.21,50.264,50.318,50.38,50.415,50.462,50.494,50.531,50.58,50.615,50.651,50.687,50.731,50.764,50.802,50.829,50.859,50.895,50.928,50.951,50.973,51.003,51.031,51.06,51.088,51.109,51.14,51.166,51.188,51.216,51.242,51.267,51.312,51.331,51.368,51.398,51.431,51.452,51.481,51.51,51.538,51.555,51.575,51.602,51.62,51.645,51.674,51.706,51.734,51.759,51.79,51.822,51.844,51.867,51.89,51.92,51.946,51.98,52.003,52.043,52.075,52.11,52.143,52.177,52.208,52.247,52.286,52.332,52.366,52.409,52.452,52.503,52.565,52.628,52.675,52.721,52.765,52.814,52.855,52.901,52.951,53.012,53.108,53.206,53.3,53.42,53.558,53.733,54.053,54.978
481,@TPP,48.552,49.126,49.408,49.58,49.681,49.774,49.869,49.951,50.0,50.075,50.154,50.21,50.264,50.318,50.38,50.415,50.462,50.494,50.531,50.58,50.615,50.651,50.687,50.731,50.764,50.802,50.829,50.859,50.895,50.928,50.951,50.973,51.003,51.031,51.06,51.088,51.109,51.14,51.166,51.188,51.216,51.242,51.267,51.312,51.331,51.368,51.398,51.431,51.452,51.481,51.51,51.538,51.555,51.575,51.602,51.62,51.645,51.674,51.706,51.734,51.759,51.79,51.822,51.844,51.867,51.89,51.92,51.946,51.98,52.003,52.043,52.075,52.11,52.143,52.177,52.208,52.247,52.286,52.332,52.366,52.409,52.452,52.503,52.565,52.628,52.675,52.721,52.765,52.814,52.855,52.901,52.951,53.012,53.108,53.206,53.3,53.42,53.558,53.733,54.053,54.978
482,@TPP,48.419,49.189,49.41,49.588,49.698,49.809,49.891,49.961,50.025,50.068,50.131,50.198,50.265,50.311,50.361,50.407,50.451,50.483,50.516,50.547,50.583,50.613,50.655,50.692,50.73,50.764,50.793,50.831,50.865,50.895,50.93,50.955,50.99,51.021,51.05,51.076,51.113,51.149,51.173,51.215,51.249,51.281,51.304,51.333,51.356,51.388,51.414,51.446,51.469,51.501,51.53,51.555,51.573,51.596,51.616,51.643,51.67,51.696,51.725,51.748,51.779,51.811,51.84,51.872,51.908,51.927,51.958,51.982,52.0,52.026,52.059,52.1,52.134,52.165,52.191,52.224,52.261,52.289,52.322,52.347,52.39,52.444,52.482,52.528,52.582,52.621,52.674,52.735,52.799,52.859,52.911,52.967,53.023,53.092,53.161,53.279,53.38,53.501,53.676,54.104,54.982
483,@TPP,48.419,49.189,49.41,49.588,49.698,49.809,49.891,49.961,50.025,50.068,50.131,50.198,50.265,50.311,50.361,50.407,50.451,50.483,50.516,50.547,50.583,50.613,50.655,50.692,50.73,50.764,50.793,50.831,50.865,50.895,50.93,50.955,50.99,51.021,51.05,51.076,51.113,51.149,51.173,51.215,51.249,51.281,51.304,51.333,51.356,51.388,51.414,51.446,51.469,51.501,51.53,51.555,51.573,51.596,51.616,51.643,51.67,51.696,51.725,51.748,51.779,51.811,51.84,51.872,51.908,51.927,51.958,51.982,52.0,52.026,52.059,52.1,52.134,52.165,52.191,52.224,52.261,52.289,52.322,52.347,52.39,52.444,52.482,52.528,52.582,52.621,52.674,52.735,52.799,52.859,52.911,52.967,53.023,53.092,53.161,53.279,53.38,53.501,53.676,54.104,54.982
484,@TPP,48.512,49.054,49.313,49.497,49.621,49.71,49.799,49.897,49.965,50.044,50.116,50.158,50.227,50.284,50.323,50.368,50.404,50.45,50.505,50.539,50.568,50.606,50.632,50.662,50.688,50.732,50.76,50.792,50.825,50.859,50.888,50.922,50.96,50.992,51.014,51.044,51.075,51.106,51.144,51.175,51.205,51.241,51.278,51.308,51.342,51.362,51.385,51.412,51.45,51.484,51.516,51.553,51.573,51.602,51.629,51.661,51.688,51.709,51.738,51.763,51.792,51.832,51.857,51.884,51.909,51.936,51.967,51.993,52.026,52.062,52.089,52.118,52.149,52.188,52.215,52.25,52.281,52.324,52.352,52.385,52.413,52.45,52.479,52.534,52.578,52.606,52.661,52.7,52.757,52.814,52.862,52.924,53.011,53.075,53.157,53.23,53.376,53.531,53.715,54.141,55.012
485,@TPP,48.512,49.054,49.313,49.497,49.621,49.71,49.799,49.897,49.965,50.044,50.116,50.158,50.227,50.284,50.323,50.368,50.404,50.45,50.505,50.539,50.568,50.606,50.632,50.662,50.688,50.732,50.76,50.792,50.825,50.859,50.888,50.922,50.96,50.992,51.014,51.044,51.075,51.106,51.144,51.175,51.205,51.241,51.278,51.308,51.342,51.362,51.385,51.412,51.45,51.484,51.516,51.553,51.573,51.602,51.629,51.661,51.688,51.709,51.738,51.763,51.792,51.832,51.857,51.884,51.909,51.936,51.967,51.993,52.026,52.062,52.089,52.118,52.149,52.188,52.215,52.25,52.281,52.324,52.352,52.385,52.413,52.45,52.479,52.534,52.578,52.606,52.661,52.7,52.757,52.814,52.862,52.924,53.011,53.075,53.157,53.23,53.376,53.531,53.715,54.141,55.012
486,@TPP,48.23,49.063,49.339,49.494,49.58,49.679,49.766,49.843,49.911,49.987,50.041,50.109,50.171,50.218,50.268,50.308,50.35,50.393,50.442,50.488,50.542,50.58,50.613,50.65,50.69,50.712,50.75,50.78,50.809,50.827,50.863,50.893,50.921,50.956,50.986,51.02,51.061,51.092,51.131,51.162,51.184,51.206,51.24,51.276,51.305,51.334,51.359,51.385,51.411,51.448,51.49,51.524,51.55,51.575,51.601,51.63,51.666,51.696,51.724,51.753,51.781,51.806,51.833,51.866,51.901,51.937,51.968,52.003,52.03,52.056,52.089,52.118,52.151,52.184,52.218,52.24,52.286,52.322,52.354,52.384,52.431,52.467,52.5,52.552,52.595,52.632,52.691,52.748,52.813,52.872,52.931,53.004,53.065,53.149,53.223,53.324,53.454,53.62,53.878,54.141,55.238
487,@TPP,48.23,49.063,49.339,49.494,49.58,49.679,49.766,49.843,49.911,49.987,50.041,50.109,50.171,50.218,50.268,50.308,50.35,50.393,50.442,50.488,50.542,50.58,50.613,50.65,50.69,50.712,50.75,50.78,50.809,50.827,50.863,50.893,50.921,50.956,50.986,51.02,51.061,51.092,51.131,51.162,51.184,51.206,51.24,51.276,51.305,51.334,51.359,51.385,51.411,51.448,51.49,51.524,51.55,51.575,51.601,51.63,51.666,51.696,51.724,51.753,51.781,51.806,51.833,51.866,51.901,51.937,51.968,52.003,52.03,52.056,52.089,52.118,52.151,52.184,52.218,52.24,52.286,52.322,52.354,52.384,52.431,52.467,52.5,52.552,52.595,52.632,52.691,52.748,52.813,52.872,52.931,53.004,53.065,53.149,53.223,53.324,53.454,53.62,53.878,54.141,55.238
488,@TPP,48.155,48.978,49.291,49.439,49.545,49.643,49.725,49.813,49.901,49.955,50.029,50.082,50.132,50.193,50.243,50.284,50.326,50.363,50.406,50.452,50.49,50.528,50.563,50.59,50.628,50.662,50.689,50.729,50.767,50.809,50.844,50.875,50.924,50.955,50.985,51.02,51.05,51.075,51.114,51.142,51.176,51.198,51.229,51.26,51.28,51.301,51.336,51.373,51.404,51.433,51.473,51.518,51.539,51.567,51.598,51.627,51.663,51.692,51.715,51.753,51.78,51.817,51.843,51.873,51.904,51.934,51.97,52.0,52.034,52.069,52.102,52.138,52.17,52.207,52.245,52.274,52.305,52.338,52.36,52.399,52.434,52.476,52.527,52.567,52.607,52.661,52.713,52.761,52.807,52.877,52.969,53.029,53.099,53.192,53.254,53.343,53.437,53.603,53.757,54.117,55.429
489,@TPP,48.155,48.978,49.291,49.439,49.545,49.643,49.725,49.813,49.901,49.955,50.029,50.082,50.132,50.193,50.243,50.284,50.326,50.363,50.406,50.452,50.49,50.528,50.563,50.59,50.628,50.662,50.689,50.729,50.767,50.809,50.844,50.875,50.924,50.955,50.985,51.02,51.05,51.075,51.114,51.142,51.176,51.198,51.229,51.26,51.28,51.301,51.336,51.373,51.404,51.433,51.473,51.518,51.539,51.567,51.598,51.627,51.663,51.692,51.715,51.753,51.78,51.817,51.843,51.873,51.904,51.934,51.97,52.0,52.034,52.069,52.102,52.138,52.17,52.207,52.245,52.274,52.305,52.338,52.36,52.399,52.434,52.476,52.527,52.567,52.607,52.661,52.713,52.761,52.807,52.877,52.969,53.029,53.099,53.192,53.254,53.343,53.437,53.603,53.757,54.117,55.429
490,@TPP,48.233,48.937,49.211,49.411,49.526,49.648,49.748,49.818,49.858,49.923,49.97,50.036,50.113,50.181,50.227,50.284,50.331,50.386,50.424,50.452,50.489,50.519,50.548,50.585,50.623,50.669,50.71,50.742,50.772,50.802,50.845,50.875,50.905,50.936,50.972,50.998,51.027,51.058,51.079,51.114,51.139,51.174,51.202,51.233,51.263,51.289,51.319,51.353,51.38,51.417,51.457,51.485,51.532,51.56,51.606,51.629,51.655,51.68,51.711,51.745,51.774,51.799,51.827,51.854,51.88,51.916,51.945,51.983,52.014,52.044,52.082,52.112,52.144,52.173,52.21,52.244,52.278,52.32,52.363,52.39,52.428,52.46,52.51,52.553,52.613,52.657,52.713,52.784,52.835,52.89,52.937,53.002,53.061,53.167,53.281,53.392,53.495,53.599,53.764,54.14,55.326
491,@TPP,48.233,48.937,49.211,49.411,49.526,49.648,49.748,49.818,49.858,49.923,49.97,50.036,50.113,50.181,50.227,50.284,50.331,50.386,50.424,50.452,50.489,50.519,50.548,50.585,50.623,50.669,50.71,50.742,50.772,50.802,50.845,50.875,50.905,50.936,50.972,50.998,51.027,51.058,51.079,51.114,51.139,51.174,51.202,51.233,51.263,51.289,51.319,51.353,51.38,51.417,51.457,51.485,51.532,51.56,51.606,51.629,51.655,51.68,51.711,51.745,51.774,51.799,51.827,51.854,51.88,51.916,51.945,51.983,52.014,52.044,52.082,52.112,52.144,52.173,52.21,52.244,52.278,52.32,52.363,52.39,52.428,52.46,52.51,52.553,52.613,52.657,52.713,52.784,52.835,52.89,52.937,53.002,53.061,53.167,53.281,53.392,53.495,53.599,53.764,54.14,55.326
492,@TPP,48.4,48.864,49.185,49.382,49.481,49.576,49.645,49.749,49.838,49.9,49.98,50.045,50.1,50.165,50.222,50.262,50.315,50.364,50.404,50.442,50.481,50.524,50.561,50.586,50.613,50.652,50.685,50.727,50.772,50.796,50.83,50.869,50.902,50.933,50.955,50.977,51.003,51.036,51.069,51.102,51.126,51.164,51.194,51.228,51.254,51.294,51.319,51.348,51.381,51.414,51.443,51.477,51.508,51.542,51.571,51.605,51.638,51.669,51.703,51.742,51.774,51.802,51.827,51.856,51.896,51.934,51.965,51.99,52.029,52.053,52.094,52.13,52.164,52.198,52.235,52.275,52.309,52.349,52.383,52.42,52.459,52.498,52.556,52.609,52.652,52.699,52.745,52.795,52.849,52.905,52.965,53.037,53.121,53.206,53.3,53.403,53.492,53.632,53.848,54.136,55.267
493,@TPP,48.4,48.864,49.185,49.382,49.481,49.576,49.645,49.749,49.838,49.9,49.98,50.045,50.1,50.165,50.222,50.262,50.315,50.364,50.404,50.442,50.481,50.524,50.561,50.586,50.613,50.652,50.685,50.727,50.772,50.796,50.83,50.869,50.902,50.933,50.955,50.977,51.003,51.036,51.069,51.102,51.126,51.164,51.194,51.228,51.254,51.294,51.319,51.348,51.381,51.414,51.443,51.477,51.508,51.542,51.571,51.605,51.638,51.669,51.703,51.742,51.774,51.802,51.827,51.856,51.896,51.934,51.965,51.99,52.029,52.053,52.094,52.13,52.164,52.198,52.235,52.275,52.309,52.349,52.383,52.42,52.459,52.498,52.556,52.609,52.652,52.699,52.745,52.795,52.849,52.905,52.965,53.037,53.121,53.206,53.3,53.403,53.492,53.632,53.848,54.136,55.267
494,@TPP,48.193,48.852,49.159,49.286,49.433,49.566,49.691,49.775,49.85,49.939,49.998,50.057,50.106,50.167,50.207,50.254,50.294,50.334,50.386,50.423,50.462,50.497,50.535,50.574,50.619,50.647,50.693,50.734,50.771,50.805,50.841,50.865,50.896,50.916,50.941,50.979,51.013,51.044,51.074,51.103,51.137,51.164,51.206,51.247,51.274,51.306,51.341,51.379,51.405,51.442,51.462,51.489,51.521,51.559,51.599,51.627,51.655,51.679,51.716,51.745,51.775,51.812,51.838,51.865,51.891,51.927,51.959,51.986,52.018,52.043,52.077,52.102,52.127,52.178,52.218,52.25,52.286,52.321,52.374,52.418,52.468,52.534,52.593,52.653,52.7,52.751,52.795,52.836,52.885,52.953,53.005,53.069,53.119,53.199,53.308,53.393,53.535,53.662,53.938,54.235,55.624
495,@TPP,48.193,48.852,49.159,49.286,49.433,49.566,49.691,49.775,49.85,49.939,49.998,50.057,50.106,50.167,50.207,50.254,50.294,50.334,50.386,50.423,50.462,50.497,50.535,50.574,50.619,50.647,50.693,50.734,50.771,50.805,50.841,50.865,50.896,50.916,50.941,50.979,51.013,51.044,51.074,51.103,51.137,51.164,51.206,51.247,51.274,51.306,51.341,51.379,51.405,51.442,51.462,51.489,51.521,51.559,51.599,51.627,51.655,51.679,51.716,51.745,51.775,51.812,51.838,51.865,51.891,51.927,51.959,51.986,52.018,52.043,52.077,52.102,52.127,52.178,52.218,52.25,52.286,52.321,52.374,52.418,52.468,52.534,52.593,52.653,52.7,52.751,52.795,52.836,52.885,52.953,53.005,53.069,53.119,53.199,53.308,53.393,53.535,53.662,53.938,54.235,55.624
496,@TPP,48.18,48.794,49.035,49.28,49.451,49.564,49.651,49.739,49.837,49.915,49.973,50.035,50.091,50.147,50.196,50.245,50.282,50.309,50.365,50.401,50.452,50.499,50.541,50.575,50.61,50.65,50.685,50.719,50.747,50.793,50.832,50.87,50.906,50.941,50.973,51.008,51.037,51.071,51.106,51.128,51.155,51.184,51.208,51.232,51.265,51.289,51.318,51.345,51.377,51.402,51.429,51.465,51.493,51.527,51.556,51.586,51.61,51.645,51.679,51.712,51.735,51.767,51.797,51.843,51.876,51.905,51.932,51.958,51.994,52.03,52.063,52.101,52.134,52.173,52.21,52.246,52.284,52.32,52.358,52.417,52.457,52.505,52.549,52.615,52.661,52.7,52.755,52.804,52.867,52.911,52.955,53.046,53.143,53.22,53.308,53.442,53.562,53.736,53.899,54.223,55.432
497,@TPP,48.18,48.794,49.035,49.28,49.451,49.564,49.651,49.739,49.837,49.915,49.973,50.035,50.091,50.147,50.196,50.245,50.282,50.309,50.365,50.401,50.452,50.499,50.541,50.575,50.61,50.65,50.685,50.719,50.747,50.793,50.832,50.87,50.906,50.941,50.973,51.008,51.037,51.071,51.106,51.128,51.155,51.184,51.208,51.232,51.265,51.289,51.318,51.345,51.377,51.402,51.429,51.465,51.493,51.527,51.556,51.586,51.61,51.645,51.679,51.712,51.735,51.767,51.797,51.843,51.876,51.905,51.932,51.958,51.994,52.03,52.063,52.101,52.134,52.173,52.21,52.246,52.284,52.32,52.358,52.417,52.457,52.505,52.549,52.615,52.661,52.7,52.755,52.804,52.867,52.911,52.955,53.046,53.143,53.22,53.308,53.442,53.562,53.736,53.899,54.223,55.432
498,@TPP,47.892,48.825,49.112,49.266,49.408,49.47,49.591,49.69,49.804,49.877,49.937,49.995,50.052,50.118,50.164,50.21,50.255,50.291,50.347,50.413,50.452,50.5,50.544,50.574,50.615,50.654,50.703,50.735,50.763,50.806,50.84,50.869,50.903,50.933,50.97,50.99,51.027,51.06,51.095,51.125,51.156,51.178,51.201,51.24,51.268,51.295,51.326,51.356,51.383,51.42,51.447,51.469,51.515,51.55,51.582,51.608,51.628,51.653,51.681,51.707,51.748,51.782,51.816,51.841,51.868,51.904,51.939,51.968,52.005,52.043,52.085,52.122,52.156,52.187,52.229,52.255,52.273,52.312,52.345,52.384,52.426,52.473,52.511,52.576,52.628,52.68,52.736,52.774,52.843,52.904,52.976,53.051,53.134,53.209,53.317,53.4,53.548,53.721,53.93,54.253,55.446
499,@TPP,47.892,48.825,49.112,49.266,49.408,49.47,49.591,49.69,49.804,49.877,49.937,49.995,50.052,50.118,50.164,50.21,50.255,50.291,50.347,50.413,50.452,50.5,50.544,50.574,50.615,50.654,50.703,50.735,50.763,50.806,50.84,50.869,50.903,50.933,50.97,50.99,51.027,51.06,51.095,51.125,51.156,51.178,51.201,51.24,51.268,51.295,51.326,51.356,51.383,51.42,51.447,51.469,51.515,51.55,51.582,51.608,51.628,51.653,51.681,51.707,51.748,51.782,51.816,51.841,51.868,51.904,51.939,51.968,52.005,52.043,52.085,52.122,52.156,52.187,52.229,52.255,52.273,52.312,52.345,52.384,52.426,52.473,52.511,52.576,52.628,52.68,52.736,52.774,52.843,52.904,52.976,53.051,53.134,53.209,53.317,53.4,53.548,53.721,53.93,54.253,55.446
500,@TPP,48.025,48.893,49.147,49.301,49.433,49.549,49.663,49.737,49.813,49.881,49.948,50.012,50.074,50.146,50.188,50.23,50.277,50.328,50.373,50.407,50.462,50.507,50.545,50.587,50.625,50.656,50.687,50.721,50.772,50.813,50.868,50.887,50.924,50.953,50.979,51.009,51.045,51.08,51.123,51.153,51.179,51.201,51.238,51.259,51.283,51.309,51.331,51.354,51.389,51.414,51.448,51.47,51.492,51.522,51.553,51.588,51.619,51.652,51.682,51.708,51.739,51.765,51.8,51.827,51.861,51.892,51.914,51.951,51.984,52.019,52.049,52.085,52.116,52.151,52.191,52.218,52.259,52.295,52.334,52.391,52.437,52.481,52.53,52.583,52.617,52.673,52.734,52.78,52.836,52.905,52.959,53.024,53.108,53.185,53.313,53.421,53.569,53.72,53.95,54.242,55.385
501,@TPP,48.025,48.893,49.147,49.301,49.433,49.549,49.663,49.737,49.813,49.881,49.948,50.012,50.074,50.146,50.188,50.23,50.277,50.328,50.373,50.407,50.462,50.507,50.545,50.587,50.625,50.656,50.687,50.721,50.772,50.813,50.868,50.887,50.924,50.953,50.979,51.009,51.045,51.08,51.123,51.153,51.179,51.201,51.238,51.259,51.283,51.309,51.331,51.354,51.389,51.414,51.448,51.47,51.492,51.522,51.553,51.588,51.619,51.652,51.682,51.708,51.739,51.765,51.8,51.827,51.861,51.892,51.914,51.951,51.984,52.019,52.049,52.085,52.116,52.151,52.191,52.218,52.259,52.295,52.334,52.391,52.437,52.481,52.53,52.583,52.617,52.673,52.734,52.78,52.836,52.905,52.959,53.024,53.108,53.185,53.313,53.421,53.569,53.72,53.95,54.242,55.385
502,@TPP,48.136,48.849,49.108,49.339,49.462,49.554,49.629,49.703,49.757,49.847,49.941,50.004,50.044,50.109,50.157,50.22,50.276,50.318,50.357,50.408,50.458,50.5,50.553,50.596,50.641,50.668,50.71,50.742,50.778,50.808,50.827,50.863,50.895,50.926,50.968,50.995,51.023,51.045,51.074,51.101,51.124,51.153,51.185,51.222,51.254,51.287,51.311,51.331,51.365,51.387,51.42,51.454,51.484,51.514,51.549,51.567,51.604,51.626,51.661,51.692,51.715,51.74,51.759,51.804,51.835,51.876,51.91,51.941,51.982,52.016,52.041,52.079,52.106,52.137,52.163,52.219,52.261,52.301,52.351,52.386,52.451,52.493,52.525,52.56,52.618,52.673,52.725,52.785,52.844,52.921,52.994,53.029,53.096,53.198,53.28,53.352,53.496,53.65,53.891,54.2,55.51
503,@TPP,48.136,48.849,49.108,49.339,49.462,49.554,49.629,49.703,49.757,49.847,49.941,50.004,50.044,50.109,50.157,50.22,50.276,50.318,50.357,50.408,50.458,50.5,50.553,50.596,50.641,50.668,50.71,50.742,50.778,50.808,50.827,50.863,50.895,50.926,50.968,50.995,51.023,51.045,51.074,51.101,51.124,51.153,51.185,51.222,51.254,51.287,51.311,51.331,51.365,51.387,51.42,51.454,51.484,51.514,51.549,51.567,51.604,51.626,51.661,51.692,51.715,51.74,51.759,51.804,51.835,51.876,51.91,51.941,51.982,52.016,52.041,52.079,52.106,52.137,52.163,52.219,52.261,52.301,52.351,52.386,52.451,52.493,52.525,52.56,52.618,52.673,52.725,52.785,52.844,52.921,52.994,53.029,53.096,53.198,53.28,53.352,53.496,53.65,53.891,54.2,55.51
504,@TPP,48.22,48.855,49.1,49.316,49.439,49.586,49.677,49.774,49.846,49.908,49.965,50.014,50.07,50.103,50.173,50.226,50.28,50.33,50.378,50.433,50.479,50.516,50.564,50.6,50.641,50.684,50.716,50.741,50.781,50.809,50.85,50.874,50.913,50.938,50.971,51.003,51.028,51.053,51.074,51.106,51.123,51.151,51.177,51.201,51.237,51.272,51.302,51.328,51.356,51.385,51.417,51.446,51.474,51.508,51.529,51.564,51.598,51.636,51.662,51.693,51.722,51.748,51.778,51.81,51.846,51.886,51.909,51.942,51.971,51.999,52.026,52.062,52.104,52.139,52.187,52.215,52.254,52.291,52.335,52.372,52.408,52.44,52.486,52.538,52.611,52.668,52.698,52.755,52.804,52.858,52.928,53.024,53.098,53.181,53.292,53.408,53.513,53.639,53.833,54.217,55.415
505,@TPP,48.22,48.855,49.1,49.316,49.439,49.586,49.677,49.774,49.846,49.908,49.965,50.014,50.07,50.103,50.173,50.226,50.28,50.33,50.378,50.433,50.479,50.516,50.564,50.6,50.641,50.684,50.716,50.741,50.781,50.809,50.85,50.874,50.913,50.938,50.971,51.003,51.028,51.053,51.074,51.106,51.123,51.151,51.177,51.201,51.237,51.272,51.302,51.328,51.356,51.385,51.417,51.446,51.474,51.508,51.529,51.564,51.598,51.636,51.662,51.693,51.722,51.748,51.778,51.81,51.846,51.886,51.909,51.942,51.971,51.999,52.026,52.062,52.104,52.139,52.187,52.215,52.254,52.291,52.335,52.372,52.408,52.44,52.486,52.538,52.611,52.668,52.698,52.755,52.804,52.858,52.928,53.024,53.098,53.181,53.292,53.408,53.513,53.639,53.833,54.217,55.415
506,@TPP,48.305,48.874,49.159,49.343,49.466,49.612,49.682,49.785,49.86,49.932,50.002,50.065,50.115,50.157,50.217,50.269,50.318,50.377,50.415,50.448,50.475,50.507,50.542,50.584,50.626,50.656,50.687,50.719,50.749,50.789,50.818,50.849,50.882,50.916,50.954,50.996,51.028,51.059,51.086,51.118,51.145,51.17,51.199,51.229,51.252,51.286,51.309,51.336,51.366,51.393,51.418,51.447,51.467,51.509,51.537,51.576,51.61,51.638,51.671,51.695,51.726,51.759,51.799,51.828,51.856,51.896,51.922,51.96,51.989,52.017,52.05,52.078,52.123,52.155,52.193,52.228,52.265,52.309,52.335,52.374,52.408,52.453,52.498,52.555,52.599,52.644,52.694,52.74,52.795,52.856,52.901,52.986,53.048,53.153,53.232,53.362,53.478,53.651,53.873,54.148,55.047
507,@TPP,48.305,48.874,49.159,49.343,49.466,49.612,49.682,49.785,49.86,49.932,50.002,50.065,50.115,50.157,50.217,50.269,50.318,50.377,50.415,50.448,50.475,50.507,50.542,50.584,50.626,50.656,50.687,50.719,50.749,50.789,50.818,50.849,50.882,50.916,50.954,50.996,51.028,51.059,51.086,51.118,51.145,51.17,51.199,51.229,51.252,51.286,51.309,51.336,51.366,51.393,51.418,51.447,51.467,51.509,51.537,51.576,51.61,51.638,51.671,51.695,51.726,51.759,51.799,51.828,51.856,51.896,51.922,51.96,51.989,52.017,52.05,52.078,52.123,52.155,52.193,52.228,52.265,52.309,52.335,52.374,52.408,52.453,52.498,52.555,52.599,52.644,52.694,52.74,52.795,52.856,52.901,52.986,53.048,53.153,53.232,53.362,53.478,53.651,53.873,54.148,55.047
508,@TPP,48.287,48.95,49.227,49.4,49.489,49.612,49.706,49.808,49.859,49.924,49.987,50.051,50.099,50.152,50.198,50.25,50.298,50.342,50.389,50.426,50.468,50.501,50.536,50.569,50.598,50.642,50.678,50.71,50.742,50.776,50.806,50.849,50.88,50.918,50.949,50.979,51.023,51.051,51.083,51.118,51.147,51.184,51.205,51.242,51.271,51.299,51.329,51.354,51.378,51.408,51.446,51.476,51.5,51.533,51.563,51.594,51.616,51.653,51.683,51.718,51.748,51.782,51.81,51.839,51.868,51.901,51.929,51.96,52.0,52.033,52.059,52.091,52.117,52.162,52.2,52.239,52.279,52.309,52.35,52.386,52.426,52.461,52.514,52.549,52.597,52.648,52.687,52.732,52.783,52.848,52.921,53.004,53.086,53.182,53.264,53.346,53.48,53.632,53.813,54.135,55.298
509,@TPP,48.287,48.95,49.227,49.4,49.489,49.612,49.706,49.808,49.859,49.924,49.987,50.051,50.099,50.152,50.198,50.25,50.298,50.342,50.389,50.426,50.468,50.501,50.536,50.569,50.598,50.642,50.678,50.71,50.742,50.776,50.806,50.849,50.88,50.918,50.949,50.979,51.023,51.051,51.083,51.118,51.147,51.184,51.205,51.242,51.271,51.299,51.329,51.354,51.378,51.408,51.446,51.476,51.5,51.533,51.563,51.594,51.616,51.653,51.683,51.718,51.748,51.782,51.81,51.839,51.868,51.901,51.929,51.96,52.0,52.033,52.059,52.091,52.117,52.162,52.2,52.239,52.279,52.309,52.35,52.386,52.426,52.461,52.514,52.549,52.597,52.648,52.687,52.732,52.783,52.848,52.921,53.004,53.086,53.182,53.264,53.346,53.48,53.632,53.813,54.135,55.298
510,@TPP,48.385,48.929,49.174,49.371,49.481,49.61,49.704,49.768,49.862,49.941,49.996,50.056,50.113,50.154,50.217,50.262,50.317,50.359,50.4,50.443,50.491,50.53,50.567,50.603,50.644,50.669,50.699,50.73,50.773,50.8,50.843,50.875,50.903,50.933,50.976,51.008,51.043,51.068,51.1,51.126,51.157,51.196,51.218,51.254,51.287,51.316,51.347,51.372,51.4,51.427,51.464,51.495,51.521,51.552,51.58,51.609,51.646,51.676,51.713,51.744,51.78,51.811,51.835,51.852,51.882,51.907,51.942,51.973,52.001,52.026,52.061,52.098,52.135,52.178,52.205,52.236,52.275,52.308,52.337,52.373,52.419,52.461,52.502,52.552,52.59,52.633,52.683,52.745,52.808,52.868,52.928,52.973,53.056,53.178,53.276,53.36,53.467,53.605,53.771,54.081,55.115
511,@TPP,48.385,48.929,49.174,49.371,49.481,49.61,49.704,49.768,49.862,49.941,49.996,50.056,50.113,50.154,50.217,50.262,50.317,50.359,50.4,50.443,50.491,50.53,50.567,50.603,50.644,50.669,50.699,50.73,50.773,50.8,50.843,50.875,50.903,50.933,50.976,51.008,51.043,51.068,51.1,51.126,51.157,51.196,51.218,51.254,51.287,51.316,51.347,51.372,51.4,51.427,51.464,51.495,51.521,51.552,51.58,51.609,51.646,51.676,51.713,51.744,51.78,51.811,51.835,51.852,51.882,51.907,51.942,51.973,52.001,52.026,52.061,52.098,52.135,52.178,52.205,52.236,52.275,52.308,52.337,52.373,52.419,52.461,52.502,52.552,52.59,52.633,52.683,52.745,52.808,52.868,52.928,52.973,53.056,53.178,53.276,53.36,53.467,53.605,53.771,54.081,55.115
512,@TPP,48.309,48.895,49.195,49.397,49.547,49.654,49.735,49.827,49.892,49.957,50.028,50.093,50.143,50.193,50.255,50.296,50.342,50.394,50.428,50.469,50.503,50.55,50.588,50.629,50.659,50.699,50.733,50.768,50.806,50.833,50.858,50.888,50.921,50.952,50.993,51.019,51.047,51.077,51.109,51.134,51.161,51.194,51.23,51.26,51.287,51.321,51.353,51.377,51.408,51.431,51.468,51.504,51.538,51.571,51.594,51.626,51.654,51.691,51.725,51.752,51.779,51.802,51.835,51.864,51.892,51.921,51.955,51.983,52.008,52.043,52.067,52.092,52.12,52.149,52.186,52.22,52.251,52.287,52.341,52.367,52.407,52.433,52.483,52.53,52.57,52.614,52.673,52.713,52.774,52.84,52.906,52.973,53.037,53.119,53.215,53.34,53.461,53.578,53.715,54.014,54.692
513,@TPP,48.309,48.895,49.195,49.397,49.547,49.654,49.735,49.827,49.892,49.957,50.028,50.093,50.143,50.193,50.255,50.296,50.342,50.394,50.428,50.469,50.503,50.55,50.588,50.629,50.659,50.699,50.733,50.768,50.806,50.833,50.858,50.888,50.921,50.952,50.993,51.019,51.047,51.077,51.109,51.134,51.161,51.194,51.23,51.26,51.287,51.321,51.353,51.377,51.408,51.431,51.468,51.504,51.538,51.571,51.594,51.626,51.654,51.691,51.725,51.752,51.779,51.802,51.835,51.864,51.892,51.921,51.955,51.983,52.008,52.043,52.067,52.092,52.12,52.149,52.186,52.22,52.251,52.287,52.341,52.367,52.407,52.433,52.483,52.53,52.57,52.614,52.673,52.713,52.774,52.84,52.906,52.973,53.037,53.119,53.215,53.34,53.461,53.578,53.715,54.014,54.692
514,@TPP,48.095,48.891,49.192,49.391,49.535,49.646,49.714,49.808,49.86,49.944,49.992,50.035,50.105,50.157,50.219,50.27,50.322,50.362,50.406,50.451,50.498,50.537,50.565,50.6,50.646,50.685,50.726,50.751,50.797,50.827,50.859,50.894,50.92,50.951,50.982,51.015,51.039,51.068,51.091,51.12,51.15,51.181,51.213,51.25,51.276,51.301,51.334,51.36,51.387,51.412,51.444,51.478,51.509,51.539,51.575,51.609,51.642,51.674,51.697,51.723,51.75,51.785,51.812,51.849,51.878,51.906,51.936,51.968,51.998,52.036,52.069,52.1,52.134,52.162,52.198,52.231,52.262,52.297,52.331,52.365,52.41,52.437,52.489,52.526,52.559,52.61,52.675,52.721,52.769,52.833,52.879,52.955,53.06,53.152,53.234,53.391,53.523,53.64,53.79,54.02,54.796
515,@TPP,48.095,48.891,49.192,49.391,49.535,49.646,49.714,49.808,49.86,49.944,49.992,50.035,50.105,50.157,50.219,50.27,50.322,50.362,50.406,50.451,50.498,50.537,50.565,50.6,50.646,50.685,50.726,50.751,50.797,50.827,50.859,50.894,50.92,50.951,50.982,51.015,51.039,51.068,51.091,51.12,51.15,51.181,51.213,51.25,51.276,51.301,51.334,51.36,51.387,51.412,51.444,51.478,51.509,51.539,51.575,51.609,51.642,51.674,51.697,51.723,51.75,51.785,51.812,51.849,51.878,51.906,51.936,51.968,51.998,52.036,52.069,52.1,52.134,52.162,52.198,52.231,52.262,52.297,52.331,52.365,52.41,52.437,52.489,52.526,52.559,52.61,52.675,52.721,52.769,52.833,52.879,52.955,53.06,53.152,53.234,53.391,53.523,53.64,53.79,54.02,54.796
516,@TPP,48.152,48.887,49.1,49.321,49.51,49.606,49.732,49.808,49.874,49.946,49.988,50.05,50.105,50.162,50.205,50.266,50.311,50.35,50.397,50.445,50.497,50.539,50.575,50.612,50.651,50.68,50.701,50.731,50.766,50.801,50.835,50.873,50.902,50.927,50.958,50.989,51.014,51.044,51.072,51.105,51.135,51.167,51.19,51.221,51.257,51.277,51.303,51.332,51.361,51.387,51.417,51.456,51.48,51.511,51.536,51.57,51.607,51.633,51.669,51.7,51.734,51.771,51.797,51.833,51.861,51.884,51.916,51.944,51.973,52.007,52.031,52.063,52.088,52.119,52.156,52.2,52.234,52.261,52.297,52.34,52.383,52.439,52.494,52.542,52.596,52.655,52.706,52.751,52.809,52.877,52.947,52.993,53.073,53.158,53.275,53.397,53.526,53.627,53.76,53.987,54.765
517,@TPP,48.152,48.887,49.1,49.321,49.51,49.606,49.732,49.808,49.874,49.946,49.988,50.05,50.105,50.162,50.205,50.266,50.311,50.35,50.397,50.445,50.497,50.539,50.575,50.612,50.651,50.68,50.701,50.731,50.766,50.801,50.835,50.873,50.902,50.927,50.958,50.989,51.014,51.044,51.072,51.105,51.135,51.167,51.19,51.221,51.257,51.277,51.303,51.332,51.361,51.387,51.417,51.456,51.48,51.511,51.536,51.57,51.607,51.633,51.669,51.7,51.734,51.771,51.797,51.833,51.861,51.884,51.916,51.944,51.973,52.007,52.031,52.063,52.088,52.119,52.156,52.2,52.234,52.261,52.297,52.34,52.383,52.439,52.494,52.542,52.596,52.655,52.706,52.751,52.809,52.877,52.947,52.993,53.073,53.158,53.275,53.397,53.526,53.627,53.76,53.987,54.765
518,@TPP,48.219,48.856,49.147,49.347,49.461,49.573,49.654,49.732,49.828,49.895,49.96,50.012,50.064,50.112,50.17,50.218,50.267,50.309,50.36,50.408,50.46,50.498,50.53,50.572,50.611,50.655,50.681,50.725,50.772,50.8,50.836,50.86,50.889,50.925,50.962,50.992,51.02,51.048,51.073,51.099,51.124,51.154,51.179,51.213,51.242,51.265,51.288,51.312,51.339,51.366,51.396,51.422,51.458,51.496,51.524,51.542,51.58,51.618,51.639,51.663,51.69,51.724,51.752,51.786,51.823,51.86,51.889,51.921,51.955,51.988,52.011,52.047,52.084,52.113,52.149,52.195,52.231,52.275,52.31,52.361,52.395,52.431,52.476,52.533,52.6,52.667,52.724,52.768,52.821,52.868,52.949,53.018,53.095,53.186,53.266,53.372,53.486,53.606,53.726,54.074,54.845
519,@TPP,48.219,48.856,49.147,49.347,49.461,49.573,49.654,49.732,49.828,49.895,49.96,50.012,50.064,50.112,50.17,50.218,50.267,50.309,50.36,50.408,50.46,50.498,50.53,50.572,50.611,50.655,50.681,50.725,50.772,50.8,50.836,50.86,50.889,50.925,50.962,50.992,51.02,51.048,51.073,51.099,51.124,51.154,51.179,51.213,51.242,51.265,51.288,51.312,51.339,51.366,51.396,51.422,51.458,51.496,51.524,51.542,51.58,51.618,51.639,51.663,51.69,51.724,51.752,51.786,51.823,51.86,51.889,51.921,51.955,51.988,52.011,52.047,52.084,52.113,52.149,52.195,52.231,52.275,52.31,52.361,52.395,52.431,52.476,52.533,52.6,52.667,52.724,52.768,52.821,52.868,52.949,53.018,53.095,53.186,53.266,53.372,53.486,53.606,53.726,54.074,54.845
520,@TPP,48.224,48.756,49.119,49.31,49.456,49.55,49.645,49.727,49.803,49.852,49.921,49.98,50.014,50.07,50.136,50.206,50.252,50.3,50.333,50.37,50.413,50.458,50.497,50.539,50.588,50.627,50.656,50.691,50.723,50.762,50.8,50.831,50.861,50.895,50.923,50.958,50.993,51.018,51.045,51.072,51.111,51.138,51.174,51.209,51.237,51.262,51.285,51.311,51.333,51.362,51.393,51.427,51.453,51.48,51.515,51.549,51.578,51.615,51.648,51.675,51.71,51.737,51.762,51.791,51.827,51.853,51.884,51.91,51.95,51.99,52.03,52.06,52.091,52.125,52.17,52.214,52.245,52.287,52.322,52.358,52.393,52.433,52.474,52.516,52.573,52.616,52.686,52.745,52.812,52.897,52.953,53.014,53.085,53.176,53.258,53.337,53.469,53.607,53.776,54.072,54.929
521,@TPP,48.224,48.756,49.119,49.31,49.456,49.55,49.645,49.727,49.803,49.852,49.921,49.98,50.014,50.07,50.136,50.206,50.252,50.3,50.333,50.37,50.413,50.458,50.497,50.539,50.588,50.627,50.656,50.691,50.723,50.762,50.8,50.831,50.861,50.895,50.923,50.958,50.993,51.018,51.045,51.072,51.111,51.138,51.174,51.209,51.237,51.262,51.285,51.311,51.333,51.362,51.393,51.427,51.453,51.48,51.515,51.549,51.578,51.615,51.648,51.675,51.71,51.737,51.762,51.791,51.827,51.853,51.884,51.91,51.95,51.99,52.03,52.06,52.091,52.125,52.17,52.214,52.245,52.287,52.322,52.358,52.393,52.433,52.474,52.516,52.573,52.616,52.686,52.745,52.812,52.897,52.953,53.014,53.085,53.176,53.258,53.337,53.469,53.607,53.776,54.072,54.929
522,@TPP,48.039,48.679,49.018,49.245,49.378,49.532,49.668,49.746,49.814,49.865,49.937,49.988,50.05,50.093,50.146,50.2,50.254,50.299,50.344,50.395,50.444,50.483,50.522,50.551,50.59,50.618,50.649,50.679,50.716,50.745,50.777,50.812,50.853,50.892,50.926,50.963,50.997,51.031,51.068,51.104,51.129,51.158,51.184,51.202,51.233,51.277,51.308,51.335,51.362,51.392,51.414,51.442,51.468,51.49,51.516,51.539,51.567,51.593,51.625,51.654,51.701,51.725,51.753,51.776,51.81,51.846,51.883,51.914,51.947,51.978,52.015,52.044,52.076,52.118,52.156,52.182,52.222,52.257,52.298,52.338,52.384,52.431,52.489,52.542,52.579,52.639,52.69,52.748,52.796,52.848,52.919,52.994,53.07,53.143,53.27,53.366,53.493,53.626,53.896,54.168,55.124
523,@TPP,48.039,48.679,49.018,49.245,49.378,49.532,49.668,49.746,49.814,49.865,49.937,49.988,50.05,50.093,50.146,50.2,50.254,50.299,50.344,50.395,50.444,50.483,50.522,50.551,50.59,50.618,50.649,50.679,50.716,50.745,50.777,50.812,50.853,50.892,50.926,50.963,50.997,51.031,51.068,51.104,51.129,51.158,51.184,51.202,51.233,51.277,51.308,51.335,51.362,51.392,51.414,51.442,51.468,51.49,51.516,51.539,51.567,51.593,51.625,51.654,51.701,51.725,51.753,51.776,51.81,51.846,51.883,51.914,51.947,51.978,52.015,52.044,52.076,52.118,52.156,52.182,52.222,52.257,52.298,52.338,52.384,52.431,52.489,52.542,52.579,52.639,52.69,52.748,52.796,52.848,52.919,52.994,53.07,53.143,53.27,53.366,53.493,53.626,53.896,54.168,55.124
524,@TPP,47.81,48.69,48.967,49.172,49.304,49.479,49.608,49.691,49.75,49.834,49.91,49.988,50.028,50.079,50.139,50.184,50.232,50.279,50.339,50.388,50.429,50.471,50.509,50.538,50.574,50.611,50.647,50.682,50.707,50.745,50.777,50.799,50.826,50.858,50.886,50.93,50.95,50.976,51.015,51.049,51.073,51.105,51.139,51.184,51.212,51.25,51.278,51.307,51.325,51.351,51.379,51.406,51.436,51.463,51.49,51.521,51.549,51.586,51.619,51.654,51.692,51.725,51.765,51.806,51.842,51.87,51.907,51.931,51.953,51.981,52.017,52.057,52.091,52.13,52.178,52.216,52.258,52.296,52.331,52.362,52.401,52.43,52.484,52.53,52.576,52.62,52.684,52.732,52.785,52.841,52.882,52.975,53.074,53.16,53.238,53.4,53.541,53.666,53.865,54.246,55.373
525,@TPP,47.81,48.69,48.967,49.172,49.304,49.479,49.608,49.691,49.75,49.834,49.91,49.988,50.028,50.079,50.139,50.184,50.232,50.279,50.339,50.388,50.429,50.471,50.509,50.538,50.574,50.611,50.647,50.682,50.707,50.745,50.777,50.799,50.826,50.858,50.886,50.93,50.95,50.976,51.015,51.049,51.073,51.105,51.139,51.184,51.212,51.25,51.278,51.307,51.325,51.351,51.379,51.406,51.436,51.463,51.49,51.521,51.549,51.586,51.619,51.654,51.692,51.725,51.765,51.806,51.842,51.87,51.907,51.931,51.953,51.981,52.017,52.057,52.091,52.13,52.178,52.216,52.258,52.296,52.331,52.362,52.401,52.43,52.484,52.53,52.576,52.62,52.684,52.732,52.785,52.841,52.882,52.975,53.074,53.16,53.238,53.4,53.541,53.666,53.865,54.246,55.373
526,@TPP,47.543,48.676,48.975,49.197,49.372,49.471,49.57,49.65,49.724,49.805,49.869,49.95,50.012,50.076,50.143,50.188,50.232,50.269,50.317,50.347,50.407,50.431,50.464,50.507,50.544,50.584,50.621,50.661,50.69,50.718,50.75,50.787,50.818,50.85,50.877,50.914,50.943,50.964,50.994,51.026,51.053,51.09,51.127,51.161,51.187,51.218,51.24,51.271,51.307,51.336,51.372,51.404,51.433,51.461,51.493,51.517,51.549,51.576,51.61,51.64,51.68,51.708,51.74,51.771,51.8,51.839,51.863,51.892,51.926,51.97,52.013,52.057,52.092,52.125,52.157,52.194,52.23,52.257,52.3,52.35,52.39,52.429,52.47,52.529,52.575,52.609,52.668,52.732,52.768,52.831,52.9,53.004,53.095,53.183,53.295,53.395,53.501,53.632,53.828,54.209,55.11
527,@TPP,47.543,48.676,48.975,49.197,49.372,49.471,49.57,49.65,49.724,49.805,49.869,49.95,50.012,50.076,50.143,50.188,50.232,50.269,50.317,50.347,50.407,50.431,50.464,50.507,50.544,50.584,50.621,50.661,50.69,50.718,50.75,50.787,50.818,50.85,50.877,50.914,50.943,50.964,50.994,51.026,51.053,51.09,51.127,51.161,51.187,51.218,51.24,51.271,51.307,51.336,51.372,51.404,51.433,51.461,51.493,51.517,51.549,51.576,51.61,51.64,51.68,51.708,51.74,51.771,51.8,51.839,51.863,51.892,51.926,51.97,52.013,52.057,52.092,52.125,52.157,52.194,52.23,52.257,52.3,52.35,52.39,52.429,52.47,52.529,52.575,52.609,52.668,52.732,52.768,52.831,52.9,53.004,53.095,53.183,53.295,53.395,53.501,53.632,53.828,54.209,55.11
528,@TPP,47.461,48.741,48.969,49.212,49.35,49.432,49.555,49.645,49.727,49.802,49.855,49.926,49.997,50.033,50.094,50.14,50.195,50.232,50.291,50.332,50.378,50.419,50.462,50.493,50.531,50.563,50.598,50.639,50.671,50.709,50.748,50.782,50.812,50.849,50.873,50.901,50.924,50.952,50.976,51.007,51.038,51.069,51.094,51.117,51.148,51.183,51.219,51.251,51.281,51.303,51.33,51.37,51.393,51.431,51.464,51.495,51.52,51.562,51.588,51.609,51.636,51.682,51.72,51.747,51.788,51.812,51.845,51.873,51.917,51.947,51.977,52.015,52.036,52.07,52.108,52.158,52.185,52.229,52.263,52.31,52.34,52.379,52.432,52.484,52.542,52.583,52.649,52.71,52.774,52.837,52.919,52.999,53.093,53.166,53.259,53.352,53.498,53.627,53.868,54.214,55.342
529,@TPP,47.461,48.741,48.969,49.212,49.35,49.432,49.555,49.645,49.727,49.802,49.855,49.926,49.997,50.033,50.094,50.14,50.195,50.232,50.291,50.332,50.378,50.419,50.462,50.493,50.531,50.563,50.598,50.639,50.671,50.709,50.748,50.782,50.812,50.849,50.873,50.901,50.924,50.952,50.976,51.007,51.038,51.069,51.094,51.117,51.148,51.183,51.219,51.251,51.281,51.303,51.33,51.37,51.393,51.431,51.464,51.495,51.52,51.562,51.588,51.609,51.636,51.682,51.72,51.747,51.788,51.812,51.845,51.873,51.917,51.947,51.977,52.015,52.036,52.07,52.108,52.158,52.185,52.229,52.263,52.31,52.34,52.379,52.432,52.484,52.542,52.583,52.649,52.71,52.774,52.837,52.919,52.999,53.093,53.166,53.259,53.352,53.498,53.627,53.868,54.214,55.342
530,@TPP,47.403,48.638,48.984,49.234,49.362,49.456,49.555,49.629,49.705,49.795,49.866,49.941,49.993,50.047,50.093,50.136,50.187,50.229,50.276,50.316,50.344,50.395,50.427,50.467,50.501,50.545,50.579,50.613,50.646,50.692,50.725,50.76,50.799,50.826,50.855,50.886,50.911,50.949,50.973,51.008,51.036,51.068,51.098,51.128,51.157,51.189,51.218,51.249,51.275,51.305,51.336,51.366,51.392,51.421,51.452,51.483,51.513,51.548,51.576,51.599,51.634,51.673,51.7,51.736,51.774,51.805,51.826,51.853,51.891,51.932,51.961,52.009,52.036,52.079,52.116,52.15,52.198,52.229,52.272,52.304,52.359,52.405,52.45,52.49,52.543,52.613,52.665,52.718,52.773,52.84,52.908,52.967,53.053,53.131,53.238,53.358,53.492,53.631,53.757,54.181,55.092
531,@TPP,47.403,48.638,48.984,49.234,49.362,49.456,49.555,49.629,49.705,49.795,49.866,49.941,49.993,50.047,50.093,50.136,50.187,50.229,50.276,50.316,50.344,50.395,50.427,50.467,50.501,50.545,50.579,50.613,50.646,50.692,50.725,50.76,50.799,50.826,50.855,50.886,50.911,50.949,50.973,51.008,51.036,51.068,51.098,51.128,51.157,51.189,51.218,51.249,51.275,51.305,51.336,51.366,51.392,51.421,51.452,51.483,51.513,51.548,51.576,51.599,51.634,51.673,51.7,51.736,51.774,51.805,51.826,51.853,51.891,51.932,51.961,52.009,52.036,52.079,52.116,52.15,52.198,52.229,52.272,52.304,52.359,52.405,52.45,52.49,52.543,52.613,52.665,52.718,52.773,52.84,52.908,52.967,53.053,53.131,53.238,53.358,53.492,53.631,53.757,54.181,55.092
532,@TPP,47.623,48.609,48.943,49.182,49.352,49.497,49.608,49.704,49.765,49.815,49.874,49.933,49.985,50.032,50.095,50.139,50.188,50.237,50.269,50.318,50.358,50.398,50.436,50.478,50.509,50.547,50.576,50.609,50.642,50.676,50.707,50.732,50.765,50.797,50.827,50.854,50.894,50.937,50.961,50.991,51.021,51.057,51.087,51.113,51.143,51.176,51.213,51.244,51.281,51.312,51.339,51.373,51.402,51.43,51.458,51.493,51.522,51.551,51.584,51.609,51.635,51.662,51.691,51.717,51.753,51.786,51.816,51.853,51.875,51.906,51.94,51.973,52.014,52.051,52.094,52.133,52.169,52.203,52.248,52.296,52.341,52.38,52.444,52.482,52.525,52.579,52.621,52.666,52.726,52.789,52.85,52.92,53.004,53.081,53.178,53.271,53.375,53.54,53.743,54.112,54.977
533,@TPP,47.623,48.609,48.943,49.182,49.352,49.497,49.608,49.704,49.765,49.815,49.874,49.933,49.985,50.032,50.095,50.139,50.188,50.237,50.269,50.318,50.358,50.398,50.436,50.478,50.509,50.547,50.576,50.609,50.642,50.676,50.707,50.732,50.765,50.797,50.827,50.854,50.894,50.937,50.961,50.991,51.021,51.057,51.087,51.113,51.143,51.176,51.213,51.244,51.281,51.312,51.339,51.373,51.402,51.43,51.458,51.493,51.522,51.551,51.584,51.609,51.635,51.662,51.691,51.717,51.753,51.786,51.816,51.853,51.875,51.906,51.94,51.973,52.014,52.051,52.094,52.133,52.169,52.203,52.248,52.296,52.341,52.38,52.444,52.482,52.525,52.579,52.621,52.666,52.726,52.789,52.85,52.92,53.004,53.081,53.178,53.271,53.375,53.54,53.743,54.112,54.977
534,@TPP,47.801,48.583,49.074,49.203,49.382,49.478,49.58,49.642,49.72,49.787,49.836,49.898,49.976,50.024,50.083,50.132,50.201,50.232,50.278,50.324,50.355,50.393,50.428,50.467,50.493,50.53,50.57,50.6,50.643,50.686,50.715,50.751,50.786,50.819,50.852,50.875,50.906,50.943,50.981,51.014,51.042,51.075,51.097,51.132,51.155,51.182,51.21,51.238,51.264,51.295,51.318,51.35,51.38,51.405,51.438,51.462,51.496,51.529,51.557,51.586,51.625,51.652,51.684,51.72,51.75,51.781,51.809,51.834,51.871,51.916,51.95,51.983,52.014,52.052,52.089,52.119,52.155,52.197,52.235,52.281,52.325,52.373,52.416,52.456,52.511,52.553,52.608,52.671,52.736,52.798,52.85,52.927,52.996,53.061,53.159,53.277,53.348,53.506,53.727,53.954,55.275
535,@TPP,47.801,48.583,49.074,49.203,49.382,49.478,49.58,49.642,49.72,49.787,49.836,49.898,49.976,50.024,50.083,50.132,50.201,50.232,50.278,50.324,50.355,50.393,50.428,50.467,50.493,50.53,50.57,50.6,50.643,50.686,50.715,50.751,50.786,50.819,50.852,50.875,50.906,50.943,50.981,51.014,51.042,51.075,51.097,51.132,51.155,51.182,51.21,51.238,51.264,51.295,51.318,51.35,51.38,51.405,51.438,51.462,51.496,51.529,51.557,51.586,51.625,51.652,51.684,51.72,51.75,51.781,51.809,51.834,51.871,51.916,51.95,51.983,52.014,52.052,52.089,52.119,52.155,52.197,52.235,52.281,52.325,52.373,52.416,52.456,52.511,52.553,52.608,52.671,52.736,52.798,52.85,52.927,52.996,53.061,53.159,53.277,53.348,53.506,53.727,53.954,55.275
536,@TPP,47.582,48.655,48.952,49.241,49.385,49.517,49.594,49.678,49.752,49.806,49.858,49.925,49.985,50.02,50.067,50.141,50.183,50.227,50.27,50.317,50.368,50.412,50.457,50.495,50.525,50.557,50.587,50.622,50.653,50.68,50.713,50.734,50.762,50.793,50.82,50.851,50.895,50.922,50.953,50.981,51.011,51.046,51.071,51.097,51.123,51.154,51.197,51.231,51.255,51.281,51.308,51.337,51.366,51.394,51.425,51.457,51.48,51.526,51.55,51.575,51.609,51.632,51.659,51.695,51.725,51.752,51.782,51.819,51.85,51.877,51.918,51.953,51.988,52.015,52.048,52.076,52.125,52.165,52.216,52.262,52.302,52.353,52.394,52.449,52.497,52.552,52.598,52.636,52.689,52.738,52.809,52.876,52.951,53.025,53.106,53.215,53.324,53.479,53.672,53.935,55.158
537,@TPP,47.582,48.655,48.952,49.241,49.385,49.517,49.594,49.678,49.752,49.806,49.858,49.925,49.985,50.02,50.067,50.141,50.183,50.227,50.27,50.317,50.368,50.412,50.457,50.495,50.525,50.557,50.587,50.622,50.653,50.68,50.713,50.734,50.762,50.793,50.82,50.851,50.895,50.922,50.953,50.981,51.011,51.046,51.071,51.097,51.123,51.154,51.197,51.231,51.255,51.281,51.308,51.337,51.366,51.394,51.425,51.457,51.48,51.526,51.55,51.575,51.609,51.632,51.659,51.695,51.725,51.752,51.782,51.819,51.85,51.877,51.918,51.953,51.988,52.015,52.048,52.076,52.125,52.165,52.216,52.262,52.302,52.353,52.394,52.449,52.497,52.552,52.598,52.636,52.689,52.738,52.809,52.876,52.951,53.025,53.106,53.215,53.324,53.479,53.672,53.935,55.158
538,@TPP,47.669,48.664,49.063,49.243,49.372,49.491,49.581,49.672,49.738,49.819,49.882,49.935,49.979,50.022,50.08,50.147,50.184,50.245,50.288,50.324,50.354,50.394,50.439,50.484,50.522,50.553,50.584,50.617,50.643,50.684,50.708,50.736,50.764,50.784,50.814,50.848,50.878,50.91,50.935,50.96,50.997,51.028,51.064,51.095,51.125,51.156,51.184,51.211,51.248,51.266,51.292,51.32,51.358,51.384,51.425,51.452,51.477,51.503,51.537,51.57,51.603,51.634,51.665,51.699,51.73,51.754,51.789,51.827,51.859,51.882,51.913,51.948,51.983,52.014,52.047,52.077,52.115,52.158,52.206,52.248,52.295,52.33,52.382,52.424,52.474,52.521,52.574,52.619,52.68,52.734,52.784,52.859,52.958,53.045,53.095,53.197,53.281,53.42,53.644,53.911,55.324
539,@TPP,47.669,48.664,49.063,49.243,49.372,49.491,49.581,49.672,49.738,49.819,49.882,49.935,49.979,50.022,50.08,50.147,50.184,50.245,50.288,50.324,50.354,50.394,50.439,50.484,50.522,50.553,50.584,50.617,50.643,50.684,50.708,50.736,50.764,50.784,50.814,50.848,50.878,50.91,50.935,50.96,50.997,51.028,51.064,51.095,51.125,51.156,51.184,51.211,51.248,51.266,51.292,51.32,51.358,51.384,51.425,51.452,51.477,51.503,51.537,51.57,51.603,51.634,51.665,51.699,51.73,51.754,51.789,51.827,51.859,51.882,51.913,51.948,51.983,52.014,52.047,52.077,52.115,52.158,52.206,52.248,52.295,52.33,52.382,52.424,52.474,52.521,52.574,52.619,52.68,52.734,52.784,52.859,52.958,53.045,53.095,53.197,53.281,53.42,53.644,53.911,55.324
540,@TPP,47.821,48.685,49.008,49.24,49.379,49.529,49.603,49.685,49.759,49.807,49.872,49.938,50.005,50.045,50.099,50.14,50.186,50.226,50.267,50.303,50.338,50.376,50.429,50.468,50.508,50.552,50.578,50.614,50.64,50.676,50.709,50.739,50.766,50.798,50.837,50.868,50.894,50.926,50.952,50.982,51.004,51.029,51.051,51.077,51.111,51.137,51.165,51.199,51.224,51.252,51.283,51.312,51.342,51.369,51.395,51.422,51.455,51.487,51.525,51.555,51.589,51.617,51.644,51.674,51.702,51.74,51.769,51.8,51.829,51.88,51.915,51.942,51.974,52.022,52.06,52.096,52.124,52.159,52.194,52.236,52.263,52.3,52.344,52.376,52.433,52.488,52.558,52.611,52.661,52.714,52.772,52.827,52.9,52.979,53.084,53.189,53.275,53.393,53.608,53.837,55.117
541,@TPP,47.821,48.685,49.008,49.24,49.379,49.529,49.603,49.685,49.759,49.807,49.872,49.938,50.005,50.045,50.099,50.14,50.186,50.226,50.267,50.303,50.338,50.376,50.429,50.468,50.508,50.552,50.578,50.614,50.64,50.676,50.709,50.739,50.766,50.798,50.837,50.868,50.894,50.926,50.952,50.982,51.004,51.029,51.051,51.077,51.111,51.137,51.165,51.199,51.224,51.252,51.283,51.312,51.342,51.369,51.395,51.422,51.455,51.487,51.525,51.555,51.589,51.617,51.644,51.674,51.702,51.74,51.769,51.8,51.829,51.88,51.915,51.942,51.974,52.022,52.06,52.096,52.124,52.159,52.194,52.236,52.263,52.3,52.344,52.376,52.433,52.488,52.558,52.611,52.661,52.714,52.772,52.827,52.9,52.979,53.084,53.189,53.275,53.393,53.608,53.837,55.117
542,@TPP,47.669,48.677,49.032,49.263,49.408,49.517,49.607,49.678,49.745,49.822,49.898,49.96,50.02,50.086,50.129,50.168,50.222,50.271,50.306,50.349,50.381,50.424,50.453,50.486,50.526,50.557,50.588,50.617,50.658,50.695,50.726,50.755,50.782,50.814,50.855,50.891,50.909,50.942,50.965,51.001,51.022,51.05,51.074,51.111,51.148,51.176,51.201,51.228,51.254,51.293,51.324,51.348,51.374,51.404,51.429,51.454,51.477,51.507,51.542,51.575,51.608,51.633,51.662,51.689,51.722,51.744,51.767,51.794,51.824,51.859,51.895,51.922,51.946,51.972,52.007,52.04,52.079,52.12,52.159,52.203,52.247,52.289,52.331,52.365,52.41,52.448,52.495,52.542,52.593,52.649,52.718,52.793,52.866,52.946,53.06,53.159,53.286,53.397,53.598,53.872,54.911
543,@TPP,47.669,48.677,49.032,49.263,49.408,49.517,49.607,49.678,49.745,49.822,49.898,49.96,50.02,50.086,50.129,50.168,50.222,50.271,50.306,50.349,50.381,50.424,50.453,50.486,50.526,50.557,50.588,50.617,50.658,50.695,50.726,50.755,50.782,50.814,50.855,50.891,50.909,50.942,50.965,51.001,51.022,51.05,51.074,51.111,51.148,51.176,51.201,51.228,51.254,51.293,51.324,51.348,51.374,51.404,51.429,51.454,51.477,51.507,51.542,51.575,51.608,51.633,51.662,51.689,51.722,51.744,51.767,51.794,51.824,51.859,51.895,51.922,51.946,51.972,52.007,52.04,52.079,52.12,52.159,52.203,52.247,52.289,52.331,52.365,52.41,52.448,52.495,52.542,52.593,52.649,52.718,52.793,52.866,52.946,53.06,53.159,53.286,53.397,53.598,53.872,54.911
544,@TPP,47.63,48.791,49.103,49.276,49.404,49.493,49.574,49.659,49.77,49.846,49.904,49.974,50.036,50.088,50.151,50.213,50.242,50.273,50.32,50.36,50.39,50.422,50.451,50.485,50.518,50.543,50.577,50.605,50.648,50.692,50.72,50.754,50.784,50.811,50.843,50.868,50.906,50.938,50.965,50.994,51.028,51.059,51.087,51.117,51.143,51.168,51.196,51.226,51.256,51.295,51.321,51.347,51.377,51.408,51.432,51.458,51.486,51.505,51.528,51.551,51.589,51.613,51.648,51.665,51.692,51.714,51.745,51.772,51.801,51.827,51.863,51.893,51.924,51.963,51.992,52.017,52.053,52.086,52.118,52.153,52.194,52.228,52.257,52.299,52.349,52.394,52.437,52.49,52.538,52.6,52.666,52.748,52.818,52.904,52.997,53.073,53.224,53.379,53.576,53.869,55.024
545,@TPP,47.63,48.791,49.103,49.276,49.404,49.493,49.574,49.659,49.77,49.846,49.904,49.974,50.036,50.088,50.151,50.213,50.242,50.273,50.32,50.36,50.39,50.422,50.451,50.485,50.518,50.543,50.577,50.605,50.648,50.692,50.72,50.754,50.784,50.811,50.843,50.868,50.906,50.938,50.965,50.994,51.028,51.059,51.087,51.117,51.143,51.168,51.196,51.226,51.256,51.295,51.321,51.347,51.377,51.408,51.432,51.458,51.486,51.505,51.528,51.551,51.589,51.613,51.648,51.665,51.692,51.714,51.745,51.772,51.801,51.827,51.863,51.893,51.924,51.963,51.992,52.017,52.053,52.086,52.118,52.153,52.194,52.228,52.257,52.299,52.349,52.394,52.437,52.49,52.538,52.6,52.666,52.748,52.818,52.904,52.997,53.073,53.224,53.379,53.576,53.869,55.024
546,@TPP,48.188,48.792,49.121,49.301,49.461,49.542,49.615,49.698,49.802,49.882,49.932,49.993,50.049,50.113,50.162,50.21,50.249,50.291,50.333,50.358,50.389,50.428,50.467,50.492,50.523,50.558,50.599,50.622,50.662,50.697,50.733,50.772,50.791,50.819,50.845,50.874,50.9,50.931,50.96,50.988,51.007,51.032,51.062,51.094,51.121,51.158,51.196,51.216,51.245,51.268,51.304,51.337,51.367,51.395,51.423,51.447,51.481,51.509,51.537,51.564,51.584,51.608,51.643,51.672,51.699,51.717,51.749,51.762,51.793,51.821,51.855,51.878,51.905,51.936,51.972,52.003,52.029,52.053,52.082,52.137,52.167,52.206,52.237,52.278,52.335,52.384,52.426,52.471,52.521,52.573,52.636,52.694,52.747,52.823,52.907,53.012,53.096,53.243,53.45,53.692,54.832
547,@TPP,48.188,48.792,49.121,49.301,49.461,49.542,49.615,49.698,49.802,49.882,49.932,49.993,50.049,50.113,50.162,50.21,50.249,50.291,50.333,50.358,50.389,50.428,50.467,50.492,50.523,50.558,50.599,50.622,50.662,50.697,50.733,50.772,50.791,50.819,50.845,50.874,50.9,50.931,50.96,50.988,51.007,51.032,51.062,51.094,51.121,51.158,51.196,51.216,51.245,51.268,51.304,51.337,51.367,51.395,51.423,51.447,51.481,51.509,51.537,51.564,51.584,51.608,51.643,51.672,51.699,51.717,51.749,51.762,51.793,51.821,51.855,51.878,51.905,51.936,51.972,52.003,52.029,52.053,52.082,52.137,52.167,52.206,52.237,52.278,52.335,52.384,52.426,52.471,52.521,52.573,52.636,52.694,52.747,52.823,52.907,53.012,53.096,53.243,53.45,53.692,54.832
548,@TPP,47.83,48.837,49.108,49.279,49.434,49.555,49.645,49.725,49.817,49.89,49.955,50.018,50.064,50.114,50.158,50.198,50.25,50.284,50.327,50.378,50.411,50.444,50.486,50.529,50.565,50.596,50.625,50.657,50.684,50.714,50.747,50.785,50.813,50.843,50.875,50.905,50.935,50.962,50.99,51.015,51.041,51.061,51.088,51.113,51.133,51.164,51.189,51.217,51.248,51.263,51.287,51.307,51.337,51.364,51.388,51.418,51.448,51.468,51.502,51.535,51.563,51.592,51.616,51.639,51.673,51.707,51.732,51.757,51.781,51.814,51.843,51.875,51.903,51.931,51.967,51.996,52.031,52.073,52.116,52.155,52.192,52.231,52.26,52.296,52.332,52.382,52.414,52.447,52.522,52.574,52.643,52.693,52.756,52.81,52.906,52.979,53.084,53.222,53.445,53.698,54.617
549,@TPP,47.83,48.837,49.108,49.279,49.434,49.555,49.645,49.725,49.817,49.89,49.955,50.018,50.064,50.114,50.158,50.198,50.25,50.284,50.327,50.378,50.411,50.444,50.486,50.529,50.565,50.596,50.625,50.657,50.684,50.714,50.747,50.785,50.813,50.843,50.875,50.905,50.935,50.962,50.99,51.015,51.041,51.061,51.088,51.113,51.133,51.164,51.189,51.217,51.248,51.263,51.287,51.307,51.337,51.364,51.388,51.418,51.448,51.468,51.502,51.535,51.563,51.592,51.616,51.639,51.673,51.707,51.732,51.757,51.781,51.814,51.843,51.875,51.903,51.931,51.967,51.996,52.031,52.073,52.116,52.155,52.192,52.231,52.26,52.296,52.332,52.382,52.414,52.447,52.522,52.574,52.643,52.693,52.756,52.81,52.906,52.979,53.084,53.222,53.445,53.698,54.617
550,@TPP,47.745,48.795,49.045,49.238,49.373,49.484,49.595,49.714,49.798,49.89,49.962,50.02,50.074,50.142,50.192,50.238,50.298,50.337,50.387,50.428,50.461,50.489,50.516,50.557,50.585,50.615,50.64,50.665,50.697,50.727,50.764,50.8,50.836,50.863,50.891,50.92,50.939,50.966,50.993,51.02,51.046,51.081,51.106,51.134,51.166,51.19,51.211,51.234,51.255,51.288,51.311,51.341,51.366,51.399,51.425,51.447,51.467,51.499,51.52,51.544,51.567,51.591,51.623,51.647,51.667,51.694,51.715,51.753,51.774,51.804,51.829,51.872,51.899,51.929,51.961,51.987,52.026,52.057,52.098,52.13,52.165,52.197,52.236,52.278,52.313,52.352,52.396,52.437,52.484,52.557,52.614,52.686,52.73,52.817,52.895,52.998,53.111,53.239,53.44,53.775,54.48
551,@TPP,47.745,48.795,49.045,49.238,49.373,49.484,49.595,49.714,49.798,49.89,49.962,50.02,50.074,50.142,50.192,50.238,50.298,50.337,50.387,50.428,50.461,50.489,50.516,50.557,50.585,50.615,50.64,50.665,50.697,50.727,50.764,50.8,50.836,50.863,50.891,50.92,50.939,50.966,50.993,51.02,51.046,51.081,51.106,51.134,51.166,51.19,51.211,51.234,51.255,51.288,51.311,51.341,51.366,51.399,51.425,51.447,51.467,51.499,51.52,51.544,51.567,51.591,51.623,51.647,51.667,51.694,51.715,51.753,51.774,51.804,51.829,51.872,51.899,51.929,51.961,51.987,52.026,52.057,52.098,52.13,52.165,52.197,52.236,52.278,52.313,52.352,52.396,52.437,52.484,52.557,52.614,52.686,52.73,52.817,52.895,52.998,53.111,53.239,53.44,53.775,54.48
552,@TPP,47.71,48.763,49.037,49.242,49.401,49.526,49.628,49.738,49.82,49.897,49.965,50.02,50.065,50.125,50.176,50.225,50.273,50.323,50.358,50.409,50.443,50.48,50.515,50.553,50.592,50.63,50.661,50.69,50.716,50.743,50.764,50.799,50.827,50.854,50.878,50.905,50.934,50.96,50.988,51.02,51.051,51.082,51.114,51.134,51.164,51.189,51.211,51.234,51.255,51.284,51.311,51.337,51.36,51.381,51.408,51.433,51.453,51.477,51.505,51.534,51.567,51.592,51.623,51.649,51.678,51.709,51.734,51.76,51.787,51.808,51.827,51.852,51.891,51.927,51.953,51.985,52.019,52.047,52.089,52.124,52.159,52.193,52.234,52.27,52.306,52.345,52.402,52.455,52.513,52.565,52.638,52.692,52.772,52.857,52.954,53.041,53.15,53.277,53.449,53.835,54.525
553,@TPP,47.71,48.763,49.037,49.242,49.401,49.526,49.628,49.738,49.82,49.897,49.965,50.02,50.065,50.125,50.176,50.225,50.273,50.323,50.358,50.409,50.443,50.48,50.515,50.553,50.592,50.63,50.661,50.69,50.716,50.743,50.764,50.799,50.827,50.854,50.878,50.905,50.934,50.96,50.988,51.02,51.051,51.082,51.114,51.134,51.164,51.189,51.211,51.234,51.255,51.284,51.311,51.337,51.36,51.381,51.408,51.433,51.453,51.477,51.505,51.534,51.567,51.592,51.623,51.649,51.678,51.709,51.734,51.76,51.787,51.808,51.827,51.852,51.891,51.927,51.953,51.985,52.019,52.047,52.089,52.124,52.159,52.193,52.234,52.27,52.306,52.345,52.402,52.455,52.513,52.565,52.638,52.692,52.772,52.857,52.954,53.041,53.15,53.277,53.449,53.835,54.525
554,@TPP,47.61,48.579,48.916,49.142,49.323,49.459,49.56,49.65,49.749,49.821,49.885,49.944,50.005,50.058,50.102,50.149,50.192,50.23,50.299,50.337,50.387,50.417,50.448,50.479,50.513,50.558,50.583,50.612,50.644,50.669,50.703,50.738,50.776,50.805,50.833,50.86,50.899,50.933,50.954,50.971,51.004,51.026,51.049,51.069,51.09,51.119,51.152,51.181,51.207,51.236,51.259,51.281,51.304,51.335,51.359,51.388,51.413,51.442,51.464,51.494,51.521,51.544,51.566,51.597,51.629,51.655,51.681,51.711,51.744,51.78,51.812,51.836,51.869,51.907,51.947,51.983,52.019,52.05,52.081,52.112,52.146,52.19,52.221,52.258,52.324,52.382,52.418,52.483,52.524,52.598,52.644,52.726,52.772,52.852,52.928,53.039,53.139,53.287,53.441,53.729,54.609
555,@TPP,47.61,48.579,48.916,49.142,49.323,49.459,49.56,49.65,49.749,49.821,49.885,49.944,50.005,50.058,50.102,50.149,50.192,50.23,50.299,50.337,50.387,50.417,50.448,50.479,50.513,50.558,50.583,50.612,50.644,50.669,50.703,50.738,50.776,50.805,50.833,50.86,50.899,50.933,50.954,50.971,51.004,51.026,51.049,51.069,51.09,51.119,51.152,51.181,51.207,51.236,51.259,51.281,51.304,51.335,51.359,51.388,51.413,51.442,51.464,51.494,51.521,51.544,51.566,51.597,51.629,51.655,51.681,51.711,51.744,51.78,51.812,51.836,51.869,51.907,51.947,51.983,52.019,52.05,52.081,52.112,52.146,52.19,52.221,52.258,52.324,52.382,52.418,52.483,52.524,52.598,52.644,52.726,52.772,52.852,52.928,53.039,53.139,53.287,53.441,53.729,54.609
556,@TPP,47.722,48.571,48.86,49.073,49.252,49.395,49.482,49.578,49.658,49.743,49.803,49.878,49.942,49.984,50.042,50.111,50.162,50.206,50.242,50.272,50.309,50.341,50.363,50.395,50.435,50.463,50.495,50.52,50.553,50.578,50.615,50.65,50.685,50.715,50.739,50.773,50.794,50.829,50.859,50.894,50.926,50.951,50.976,50.997,51.023,51.047,51.073,51.101,51.132,51.157,51.175,51.205,51.223,51.254,51.293,51.318,51.349,51.384,51.415,51.438,51.463,51.487,51.521,51.556,51.586,51.619,51.651,51.682,51.718,51.754,51.789,51.823,51.852,51.888,51.916,51.951,51.985,52.021,52.052,52.078,52.112,52.146,52.193,52.261,52.304,52.348,52.402,52.43,52.48,52.539,52.616,52.68,52.758,52.846,52.983,53.092,53.171,53.275,53.438,53.742,54.765
557,@TPP,47.722,48.571,48.86,49.073,49.252,49.395,49.482,49.578,49.658,49.743,49.803,49.878,49.942,49.984,50.042,50.111,50.162,50.206,50.242,50.272,50.309,50.341,50.363,50.395,50.435,50.463,50.495,50.52,50.553,50.578,50.615,50.65,50.685,50.715,50.739,50.773,50.794,50.829,50.859,50.894,50.926,50.951,50.976,50.997,51.023,51.047,51.073,51.101,51.132,51.157,51.175,51.205,51.223,51.254,51.293,51.318,51.349,51.384,51.415,51.438,51.463,51.487,51.521,51.556,51.586,51.619,51.651,51.682,51.718,51.754,51.789,51.823,51.852,51.888,51.916,51.951,51.985,52.021,52.052,52.078,52.112,52.146,52.193,52.261,52.304,52.348,52.402,52.43,52.48,52.539,52.616,52.68,52.758,52.846,52.983,53.092,53.171,53.275,53.438,53.742,54.765
558,@TPP,47.698,48.593,48.884,49.048,49.193,49.316,49.435,49.535,49.627,49.7,49.769,49.826,49.877,49.92,49.966,50.0,50.052,50.098,50.147,50.205,50.253,50.293,50.331,50.358,50.397,50.428,50.466,50.503,50.541,50.574,50.6,50.628,50.655,50.679,50.708,50.734,50.756,50.773,50.811,50.845,50.866,50.896,50.924,50.95,50.965,50.991,51.015,51.04,51.064,51.09,51.122,51.159,51.189,51.214,51.241,51.269,51.301,51.334,51.359,51.384,51.412,51.44,51.471,51.504,51.537,51.573,51.606,51.647,51.676,51.707,51.74,51.771,51.807,51.847,51.878,51.925,51.96,51.988,52.021,52.049,52.087,52.119,52.168,52.204,52.263,52.322,52.366,52.411,52.469,52.547,52.621,52.684,52.739,52.824,52.94,53.044,53.131,53.266,53.413,53.765,54.765
559,@TPP,47.698,48.593,48.884,49.048,49.193,49.316,49.435,49.535,49.627,49.7,49.769,49.826,49.877,49.92,49.966,50.0,50.052,50.098,50.147,50.205,50.253,50.293,50.331,50.358,50.397,50.428,50.466,50.503,50.541,50.574,50.6,50.628,50.655,50.679,50.708,50.734,50.756,50.773,50.811,50.845,50.866,50.896,50.924,50.95,50.965,50.991,51.015,51.04,51.064,51.09,51.122,51.159,51.189,51.214,51.241,51.269,51.301,51.334,51.359,51.384,51.412,51.44,51.471,51.504,51.537,51.573,51.606,51.647,51.676,51.707,51.74,51.771,51.807,51.847,51.878,51.925,51.96,51.988,52.021,52.049,52.087,52.119,52.168,52.204,52.263,52.322,52.366,52.411,52.469,52.547,52.621,52.684,52.739,52.824,52.94,53.044,53.131,53.266,53.413,53.765,54.765
560,@TPP,47.647,48.481,48.781,48.994,49.172,49.276,49.394,49.477,49.55,49.619,49.687,49.752,49.807,49.865,49.92,49.975,50.029,50.072,50.106,50.139,50.178,50.216,50.252,50.291,50.337,50.369,50.404,50.432,50.46,50.489,50.524,50.551,50.577,50.602,50.633,50.663,50.69,50.727,50.753,50.782,50.803,50.827,50.858,50.884,50.917,50.951,50.985,51.021,51.051,51.075,51.103,51.129,51.163,51.188,51.212,51.233,51.26,51.291,51.318,51.344,51.375,51.402,51.431,51.457,51.497,51.526,51.562,51.583,51.609,51.635,51.663,51.704,51.741,51.786,51.818,51.863,51.901,51.941,51.978,52.024,52.072,52.11,52.16,52.205,52.26,52.307,52.373,52.428,52.492,52.536,52.587,52.646,52.717,52.788,52.888,52.974,53.109,53.267,53.459,53.791,54.706
561,@TPP,47.647,48.481,48.781,48.994,49.172,49.276,49.394,49.477,49.55,49.619,49.687,49.752,49.807,49.865,49.92,49.975,50.029,50.072,50.106,50.139,50.178,50.216,50.252,50.291,50.337,50.369,50.404,50.432,50.46,50.489,50.524,50.551,50.577,50.602,50.633,50.663,50.69,50.727,50.753,50.782,50.803,50.827,50.858,50.884,50.917,50.951,50.985,51.021,51.051,51.075,51.103,51.129,51.163,51.188,51.212,51.233,51.26,51.291,51.318,51.344,51.375,51.402,51.431,51.457,51.497,51.526,51.562,51.583,51.609,51.635,51.663,51.704,51.741,51.786,51.818,51.863,51.901,51.941,51.978,52.024,52.072,52.11,52.16,52.205,52.26,52.307,52.373,52.428,52.492,52.536,52.587,52.646,52.717,52.788,52.888,52.974,53.109,53.267,53.459,53.791,54.706
562,@TPP,47.276,48.466,48.774,48.949,49.078,49.2,49.302,49.376,49.456,49.526,49.58,49.642,49.705,49.767,49.822,49.873,49.937,49.991,50.035,50.079,50.118,50.166,50.195,50.232,50.273,50.31,50.344,50.375,50.408,50.441,50.475,50.501,50.535,50.575,50.598,50.627,50.654,50.677,50.704,50.739,50.765,50.788,50.816,50.838,50.864,50.89,50.916,50.947,50.981,51.005,51.047,51.07,51.097,51.125,51.151,51.185,51.226,51.251,51.284,51.314,51.338,51.365,51.39,51.411,51.447,51.471,51.51,51.537,51.573,51.602,51.632,51.668,51.709,51.751,51.792,51.823,51.859,51.896,51.929,51.97,52.018,52.064,52.116,52.154,52.201,52.258,52.3,52.346,52.407,52.465,52.524,52.589,52.672,52.748,52.825,52.94,53.056,53.226,53.405,53.805,54.604
563,@TPP,47.276,48.466,48.774,48.949,49.078,49.2,49.302,49.376,49.456,49.526,49.58,49.642,49.705,49.767,49.822,49.873,49.937,49.991,50.035,50.079,50.118,50.166,50.195,50.232,50.273,50.31,50.344,50.375,50.408,50.441,50.475,50.501,50.535,50.575,50.598,50.627,50.654,50.677,50.704,50.739,50.765,50.788,50.816,50.838,50.864,50.89,50.916,50.947,50.981,51.005,51.047,51.07,51.097,51.125,51.151,51.185,51.226,51.251,51.284,51.314,51.338,51.365,51.39,51.411,51.447,51.471,51.51,51.537,51.573,51.602,51.632,51.668,51.709,51.751,51.792,51.823,51.859,51.896,51.929,51.97,52.018,52.064,52.116,52.154,52.201,52.258,52.3,52.346,52.407,52.465,52.524,52.589,52.672,52.748,52.825,52.94,53.056,53.226,53.405,53.805,54.604
564,@TPP,47.311,48.301,48.677,48.902,49.026,49.152,49.254,49.335,49.405,49.486,49.549,49.603,49.65,49.709,49.778,49.828,49.875,49.912,49.951,50.008,50.065,50.101,50.139,50.165,50.219,50.254,50.284,50.312,50.358,50.398,50.427,50.474,50.514,50.545,50.57,50.596,50.631,50.657,50.686,50.718,50.74,50.764,50.804,50.827,50.86,50.886,50.911,50.943,50.963,50.991,51.021,51.044,51.073,51.097,51.117,51.146,51.171,51.208,51.242,51.271,51.298,51.326,51.355,51.378,51.405,51.436,51.466,51.496,51.535,51.578,51.603,51.652,51.675,51.709,51.736,51.774,51.809,51.845,51.887,51.919,51.954,52.002,52.051,52.095,52.154,52.208,52.257,52.306,52.363,52.42,52.473,52.537,52.608,52.703,52.811,52.882,52.98,53.134,53.353,53.779,54.888
565,@TPP,47.311,48.301,48.677,48.902,49.026,49.152,49.254,49.335,49.405,49.486,49.549,49.603,49.65,49.709,49.778,49.828,49.875,49.912,49.951,50.008,50.065,50.101,50.139,50.165,50.219,50.254,50.284,50.312,50.358,50.398,50.427,50.474,50.514,50.545,50.57,50.596,50.631,50.657,50.686,50.718,50.74,50.764,50.804,50.827,50.86,50.886,50.911,50.943,50.963,50.991,51.021,51.044,51.073,51.097,51.117,51.146,51.171,51.208,51.242,51.271,51.298,51.326,51.355,51.378,51.405,51.436,51.466,51.496,51.535,51.578,51.603,51.652,51.675,51.709,51.736,51.774,51.809,51.845,51.887,51.919,51.954,52.002,52.051,52.095,52.154,52.208,52.257,52.306,52.363,52.42,52.473,52.537,52.608,52.703,52.811,52.882,52.98,53.134,53.353,53.779,54.888
566,@TPP,47.133,48.284,48.569,48.799,48.976,49.05,49.171,49.261,49.348,49.42,49.499,49.562,49.637,49.685,49.746,49.797,49.849,49.9,49.94,49.979,50.013,50.04,50.086,50.118,50.164,50.191,50.23,50.265,50.302,50.336,50.379,50.407,50.447,50.471,50.5,50.533,50.555,50.589,50.627,50.657,50.682,50.722,50.746,50.771,50.801,50.829,50.859,50.898,50.929,50.957,50.982,51.019,51.045,51.068,51.089,51.111,51.137,51.169,51.193,51.232,51.264,51.286,51.32,51.342,51.376,51.4,51.438,51.478,51.51,51.54,51.574,51.613,51.645,51.68,51.706,51.732,51.769,51.809,51.842,51.883,51.927,51.958,51.995,52.037,52.081,52.138,52.186,52.246,52.291,52.377,52.432,52.479,52.544,52.629,52.739,52.839,52.96,53.172,53.357,53.781,54.944
567,@TPP,47.133,48.284,48.569,48.799,48.976,49.05,49.171,49.261,49.348,49.42,49.499,49.562,49.637,49.685,49.746,49.797,49.849,49.9,49.94,49.979,50.013,50.04,50.086,50.118,50.164,50.191,50.23,50.265,50.302,50.336,50.379,50.407,50.447,50.471,50.5,50.533,50.555,50.589,50.627,50.657,50.682,50.722,50.746,50.771,50.801,50.829,50.859,50.898,50.929,50.957,50.982,51.019,51.045,51.068,51.089,51.111,51.137,51.169,51.193,51.232,51.264,51.286,51.32,51.342,51.376,51.4,51.438,51.478,51.51,51.54,51.574,51.613,51.645,51.68,51.706,51.732,51.769,51.809,51.842,51.883,51.927,51.958,51.995,52.037,52.081,52.138,52.186,52.246,52.291,52.377,52.432,52.479,52.544,52.629,52.739,52.839,52.96,53.172,53.357,53.781,54.944
568,@TPP,47.183,48.23,48.628,48.802,48.939,49.045,49.124,49.23,49.322,49.377,49.43,49.51,49.563,49.622,49.688,49.728,49.777,49.812,49.866,49.909,49.961,50.006,50.033,50.061,50.1,50.139,50.175,50.206,50.239,50.269,50.306,50.334,50.376,50.409,50.437,50.463,50.496,50.526,50.56,50.593,50.629,50.668,50.702,50.725,50.756,50.779,50.81,50.835,50.863,50.894,50.925,50.949,50.982,51.008,51.033,51.064,51.1,51.123,51.159,51.19,51.217,51.241,51.263,51.29,51.319,51.343,51.371,51.406,51.44,51.472,51.501,51.536,51.571,51.61,51.65,51.692,51.722,51.754,51.783,51.813,51.85,51.896,51.948,51.991,52.031,52.072,52.13,52.177,52.22,52.291,52.352,52.429,52.497,52.597,52.692,52.799,52.973,53.122,53.294,53.662,54.769
569,@TPP,47.183,48.23,48.628,48.802,48.939,49.045,49.124,49.23,49.322,49.377,49.43,49.51,49.563,49.622,49.688,49.728,49.777,49.812,49.866,49.909,49.961,50.006,50.033,50.061,50.1,50.139,50.175,50.206,50.239,50.269,50.306,50.334,50.376,50.409,50.437,50.463,50.496,50.526,50.56,50.593,50.629,50.668,50.702,50.725,50.756,50.779,50.81,50.835,50.863,50.894,50.925,50.949,50.982,51.008,51.033,51.064,51.1,51.123,51.159,51.19,51.217,51.241,51.263,51.29,51.319,51.343,51.371,51.406,51.44,51.472,51.501,51.536,51.571,51.61,51.65,51.692,51.722,51.754,51.783,51.813,51.85,51.896,51.948,51.991,52.031,52.072,52.13,52.177,52.22,52.291,52.352,52.429,52.497,52.597,52.692,52.799,52.973,53.122,53.294,53.662,54.769
570,@TPP,47.208,48.148,48.495,48.695,48.869,49.01,49.107,49.198,49.279,49.348,49.409,49.471,49.526,49.571,49.619,49.657,49.708,49.745,49.795,49.831,49.876,49.91,49.96,49.987,50.027,50.087,50.117,50.152,50.193,50.226,50.274,50.302,50.329,50.367,50.399,50.437,50.471,50.508,50.54,50.567,50.592,50.623,50.646,50.672,50.702,50.73,50.753,50.781,50.813,50.844,50.879,50.905,50.929,50.965,51.001,51.026,51.053,51.077,51.106,51.136,51.163,51.195,51.224,51.262,51.288,51.322,51.355,51.385,51.415,51.445,51.483,51.52,51.552,51.582,51.606,51.636,51.671,51.7,51.734,51.759,51.801,51.839,51.891,51.936,51.992,52.035,52.081,52.129,52.174,52.23,52.325,52.382,52.493,52.561,52.646,52.751,52.88,53.052,53.271,53.474,54.812
571,@TPP,47.208,48.148,48.495,48.695,48.869,49.01,49.107,49.198,49.279,49.348,49.409,49.471,49.526,49.571,49.619,49.657,49.708,49.745,49.795,49.831,49.876,49.91,49.96,49.987,50.027,50.087,50.117,50.152,50.193,50.226,50.274,50.302,50.329,50.367,50.399,50.437,50.471,50.508,50.54,50.567,50.592,50.623,50.646,50.672,50.702,50.73,50.753,50.781,50.813,50.844,50.879,50.905,50.929,50.965,51.001,51.026,51.053,51.077,51.106,51.136,51.163,51.195,51.224,51.262,51.288,51.322,51.355,51.385,51.415,51.445,51.483,51.52,51.552,51.582,51.606,51.636,51.671,51.7,51.734,51.759,51.801,51.839,51.891,51.936,51.992,52.035,52.081,52.129,52.174,52.23,52.325,52.382,52.493,52.561,52.646,52.751,52.88,53.052,53.271,53.474,54.812
572,@TPP,47.234,48.175,48.478,48.655,48.796,48.953,49.052,49.129,49.197,49.272,49.342,49.413,49.481,49.543,49.592,49.642,49.689,49.742,49.787,49.827,49.869,49.914,49.949,49.985,50.018,50.057,50.092,50.118,50.157,50.188,50.224,50.261,50.29,50.334,50.364,50.393,50.419,50.449,50.48,50.513,50.542,50.573,50.609,50.64,50.666,50.694,50.722,50.739,50.762,50.787,50.818,50.848,50.877,50.904,50.939,50.963,50.998,51.026,51.059,51.085,51.115,51.142,51.174,51.195,51.223,51.252,51.282,51.314,51.344,51.38,51.41,51.438,51.467,51.511,51.55,51.58,51.621,51.657,51.693,51.737,51.772,51.801,51.85,51.893,51.94,51.991,52.041,52.091,52.136,52.221,52.303,52.362,52.441,52.53,52.633,52.746,52.885,53.049,53.244,53.537,54.671
573,@TPP,47.234,48.175,48.478,48.655,48.796,48.953,49.052,49.129,49.197,49.272,49.342,49.413,49.481,49.543,49.592,49.642,49.689,49.742,49.787,49.827,49.869,49.914,49.949,49.985,50.018,50.057,50.092,50.118,50.157,50.188,50.224,50.261,50.29,50.334,50.364,50.393,50.419,50.449,50.48,50.513,50.542,50.573,50.609,50.64,50.666,50.694,50.722,50.739,50.762,50.787,50.818,50.848,50.877,50.904,50.939,50.963,50.998,51.026,51.059,51.085,51.115,51.142,51.174,51.195,51.223,51.252,51.282,51.314,51.344,51.38,51.41,51.438,51.467,51.511,51.55,51.58,51.621,51.657,51.693,51.737,51.772,51.801,51.85,51.893,51.94,51.991,52.041,52.091,52.136,52.221,52.303,52.362,52.441,52.53,52.633,52.746,52.885,53.049,53.244,53.537,54.671
574,@TPP,46.949,48.127,48.392,48.629,48.752,48.867,48.993,49.101,49.159,49.248,49.323,49.379,49.433,49.498,49.543,49.587,49.631,49.669,49.703,49.738,49.777,49.822,49.868,49.913,49.949,50.001,50.044,50.085,50.111,50.142,50.177,50.204,50.234,50.255,50.288,50.329,50.36,50.391,50.426,50.454,50.483,50.512,50.553,50.588,50.62,50.645,50.669,50.693,50.733,50.762,50.794,50.822,50.843,50.877,50.896,50.918,50.945,50.972,51.001,51.026,51.05,51.07,51.095,51.119,51.146,51.176,51.201,51.238,51.265,51.302,51.34,51.382,51.424,51.452,51.485,51.521,51.56,51.595,51.631,51.663,51.698,51.729,51.779,51.826,51.88,51.941,51.99,52.045,52.106,52.164,52.225,52.298,52.377,52.462,52.543,52.662,52.778,52.945,53.114,53.411,54.575
575,@TPP,46.949,48.127,48.392,48.629,48.752,48.867,48.993,49.101,49.159,49.248,49.323,49.379,49.433,49.498,49.543,49.587,49.631,49.669,49.703,49.738,49.777,49.822,49.868,49.913,49.949,50.001,50.044,50.085,50.111,50.142,50.177,50.204,50.234,50.255,50.288,50.329,50.36,50.391,50.426,50.454,50.483,50.512,50.553,50.588,50.62,50.645,50.669,50.693,50.733,50.762,50.794,50.822,50.843,50.877,50.896,50.918,50.945,50.972,51.001,51.026,51.05,51.07,51.095,51.119,51.146,51.176,51.201,51.238,51.265,51.302,51.34,51.382,51.424,51.452,51.485,51.521,51.56,51.595,51.631,51.663,51.698,51.729,51.779,51.826,51.88,51.941,51.99,52.045,52.106,52.164,52.225,52.298,52.377,52.462,52.543,52.662,52.778,52.945,53.114,53.411,54.575
576,@TPP,47.096,47.986,48.396,48.607,48.724,48.855,48.969,49.061,49.137,49.21,49.278,49.346,49.399,49.456,49.497,49.545,49.585,49.632,49.669,49.712,49.753,49.786,49.808,49.85,49.899,49.939,49.986,50.031,50.067,50.088,50.121,50.157,50.183,50.212,50.249,50.278,50.301,50.335,50.368,50.394,50.434,50.456,50.484,50.514,50.55,50.578,50.594,50.617,50.645,50.666,50.686,50.714,50.759,50.794,50.827,50.854,50.879,50.904,50.93,50.971,50.999,51.038,51.069,51.099,51.128,51.154,51.18,51.219,51.241,51.272,51.298,51.332,51.362,51.392,51.422,51.458,51.502,51.54,51.577,51.613,51.647,51.696,51.751,51.793,51.849,51.903,51.95,52.008,52.063,52.121,52.183,52.234,52.327,52.411,52.515,52.615,52.711,52.874,53.101,53.473,54.401
577,@TPP,47.096,47.986,48.396,48.607,48.724,48.855,48.969,49.061,49.137,49.21,49.278,49.346,49.399,49.456,49.497,49.545,49.585,49.632,49.669,49.712,49.753,49.786,49.808,49.85,49.899,49.939,49.986,50.031,50.067,50.088,50.121,50.157,50.183,50.212,50.249,50.278,50.301,50.335,50.368,50.394,50.434,50.456,50.484,50.514,50.55,50.578,50.594,50.617,50.645,50.666,50.686,50.714,50.759,50.794,50.827,50.854,50.879,50.904,50.93,50.971,50.999,51.038,51.069,51.099,51.128,51.154,51.18,51.219,51.241,51.272,51.298,51.332,51.362,51.392,51.422,51.458,51.502,51.54,51.577,51.613,51.647,51.696,51.751,51.793,51.849,51.903,51.95,52.008,52.063,52.121,52.183,52.234,52.327,52.411,52.515,52.615,52.711,52.874,53.101,53.473,54.401
578,@TPP,47.066,47.926,48.386,48.612,48.75,48.882,48.974,49.037,49.118,49.178,49.225,49.277,49.337,49.395,49.445,49.505,49.554,49.594,49.628,49.669,49.696,49.75,49.79,49.82,49.868,49.909,49.942,49.968,50.0,50.039,50.075,50.105,50.132,50.159,50.19,50.215,50.249,50.286,50.317,50.352,50.38,50.405,50.439,50.468,50.497,50.523,50.553,50.575,50.611,50.635,50.666,50.685,50.709,50.745,50.768,50.793,50.817,50.853,50.876,50.91,50.936,50.974,51.007,51.034,51.061,51.095,51.124,51.161,51.193,51.222,51.254,51.291,51.323,51.352,51.392,51.428,51.463,51.496,51.544,51.575,51.632,51.668,51.704,51.735,51.779,51.826,51.892,51.953,52.008,52.055,52.117,52.186,52.254,52.34,52.451,52.566,52.692,52.871,53.028,53.471,54.351
579,@TPP,47.066,47.926,48.386,48.612,48.75,48.882,48.974,49.037,49.118,49.178,49.225,49.277,49.337,49.395,49.445,49.505,49.554,49.594,49.628,49.669,49.696,49.75,49.79,49.82,49.868,49.909,49.942,49.968,50.0,50.039,50.075,50.105,50.132,50.159,50.19,50.215,50.249,50.286,50.317,50.352,50.38,50.405,50.439,50.468,50.497,50.523,50.553,50.575,50.611,50.635,50.666,50.685,50.709,50.745,50.768,50.793,50.817,50.853,50.876,50.91,50.936,50.974,51.007,51.034,51.061,51.095,51.124,51.161,51.193,51.222,51.254,51.291,51.323,51.352,51.392,51.428,51.463,51.496,51.544,51.575,51.632,51.668,51.704,51.735,51.779,51.826,51.892,51.953,52.008,52.055,52.117,52.186,52.254,52.34,52.451,52.566,52.692,52.871,53.028,53.471,54.351
580,@TPP,46.792,47.959,48.345,48.536,48.68,48.8,48.892,48.977,49.056,49.105,49.162,49.221,49.274,49.334,49.391,49.431,49.48,49.52,49.571,49.61,49.65,49.693,49.747,49.793,49.824,49.862,49.9,49.934,49.971,50.006,50.04,50.079,50.107,50.137,50.17,50.197,50.225,50.257,50.29,50.313,50.335,50.364,50.396,50.427,50.46,50.487,50.513,50.55,50.583,50.61,50.649,50.68,50.707,50.732,50.756,50.785,50.805,50.829,50.855,50.887,50.913,50.94,50.971,51.004,51.027,51.051,51.078,51.11,51.139,51.162,51.187,51.228,51.257,51.294,51.324,51.365,51.402,51.439,51.486,51.529,51.576,51.615,51.667,51.713,51.765,51.815,51.87,51.92,51.958,52.005,52.069,52.137,52.21,52.291,52.406,52.513,52.612,52.759,52.972,53.292,54.277
581,@TPP,46.792,47.959,48.345,48.536,48.68,48.8,48.892,48.977,49.056,49.105,49.162,49.221,49.274,49.334,49.391,49.431,49.48,49.52,49.571,49.61,49.65,49.693,49.747,49.793,49.824,49.862,49.9,49.934,49.971,50.006,50.04,50.079,50.107,50.137,50.17,50.197,50.225,50.257,50.29,50.313,50.335,50.364,50.396,50.427,50.46,50.487,50.513,50.55,50.583,50.61,50.649,50.68,50.707,50.732,50.756,50.785,50.805,50.829,50.855,50.887,50.913,50.94,50.971,51.004,51.027,51.051,51.078,51.11,51.139,51.162,51.187,51.228,51.257,51.294,51.324,51.365,51.402,51.439,51.486,51.529,51.576,51.615,51.667,51.713,51.765,51.815,51.87,51.92,51.958,52.005,52.069,52.137,52.21,52.291,52.406,52.513,52.612,52.759,52.972,53.292,54.277
582,@TPP,46.864,47.963,48.285,48.45,48.632,48.768,48.851,48.947,49.035,49.107,49.168,49.228,49.282,49.334,49.395,49.442,49.491,49.525,49.58,49.62,49.658,49.698,49.731,49.776,49.818,49.853,49.896,49.93,49.978,50.011,50.039,50.069,50.093,50.12,50.158,50.196,50.228,50.255,50.284,50.311,50.342,50.368,50.404,50.431,50.462,50.496,50.534,50.559,50.589,50.621,50.643,50.674,50.712,50.734,50.755,50.785,50.812,50.843,50.877,50.903,50.929,50.959,50.992,51.022,51.054,51.088,51.132,51.176,51.196,51.222,51.25,51.271,51.321,51.364,51.405,51.434,51.464,51.5,51.538,51.579,51.626,51.665,51.717,51.759,51.803,51.85,51.905,51.957,52.001,52.062,52.119,52.174,52.249,52.34,52.433,52.516,52.654,52.835,53.06,53.31,54.417
583,@TPP,46.864,47.963,48.285,48.45,48.632,48.768,48.851,48.947,49.035,49.107,49.168,49.228,49.282,49.334,49.395,49.442,49.491,49.525,49.58,49.62,49.658,49.698,49.731,49.776,49.818,49.853,49.896,49.93,49.978,50.011,50.039,50.069,50.093,50.12,50.158,50.196,50.228,50.255,50.284,50.311,50.342,50.368,50.404,50.431,50.462,50.496,50.534,50.559,50.589,50.621,50.643,50.674,50.712,50.734,50.755,50.785,50.812,50.843,50.877,50.903,50.929,50.959,50.992,51.022,51.054,51.088,51.132,51.176,51.196,51.222,51.25,51.271,51.321,51.364,51.405,51.434,51.464,51.5,51.538,51.579,51.626,51.665,51.717,51.759,51.803,51.85,51.905,51.957,52.001,52.062,52.119,52.174,52.249,52.34,52.433,52.516,52.654,52.835,53.06,53.31,54.417
584,@TPP,46.78,47.995,48.313,48.487,48.639,48.779,48.884,48.962,49.054,49.126,49.189,49.247,49.292,49.351,49.395,49.451,49.491,49.519,49.566,49.617,49.667,49.7,49.738,49.801,49.841,49.872,49.904,49.936,49.974,50.013,50.057,50.09,50.122,50.144,50.164,50.203,50.234,50.262,50.301,50.334,50.363,50.398,50.436,50.465,50.498,50.529,50.563,50.597,50.636,50.664,50.69,50.717,50.749,50.782,50.81,50.839,50.87,50.897,50.915,50.957,50.989,51.016,51.04,51.062,51.098,51.121,51.147,51.193,51.227,51.261,51.297,51.335,51.371,51.412,51.455,51.489,51.53,51.569,51.607,51.648,51.683,51.729,51.769,51.804,51.859,51.905,51.968,52.014,52.065,52.133,52.196,52.298,52.371,52.48,52.569,52.643,52.759,52.924,53.126,53.478,54.735
585,@TPP,46.78,47.995,48.313,48.487,48.639,48.779,48.884,48.962,49.054,49.126,49.189,49.247,49.292,49.351,49.395,49.451,49.491,49.519,49.566,49.617,49.667,49.7,49.738,49.801,49.841,49.872,49.904,49.936,49.974,50.013,50.057,50.09,50.122,50.144,50.164,50.203,50.234,50.262,50.301,50.334,50.363,50.398,50.436,50.465,50.498,50.529,50.563,50.597,50.636,50.664,50.69,50.717,50.749,50.782,50.81,50.839,50.87,50.897,50.915,50.957,50.989,51.016,51.04,51.062,51.098,51.121,51.147,51.193,51.227,51.261,51.297,51.335,51.371,51.412,51.455,51.489,51.53,51.569,51.607,51.648,51.683,51.729,51.769,51.804,51.859,51.905,51.968,52.014,52.065,52.133,52.196,52.298,52.371,52.48,52.569,52.643,52.759,52.924,53.126,53.478,54.735
586,@TPP,46.778,47.953,48.226,48.463,48.603,48.727,48.829,48.902,48.994,49.09,49.192,49.264,49.331,49.38,49.44,49.49,49.528,49.571,49.603,49.657,49.704,49.751,49.782,49.824,49.868,49.906,49.935,49.974,50.009,50.05,50.082,50.116,50.146,50.172,50.214,50.245,50.274,50.295,50.319,50.346,50.378,50.408,50.447,50.472,50.505,50.539,50.571,50.591,50.628,50.657,50.695,50.719,50.746,50.784,50.813,50.851,50.88,50.908,50.938,50.974,51.007,51.045,51.08,51.109,51.138,51.177,51.211,51.246,51.289,51.329,51.361,51.388,51.427,51.465,51.503,51.539,51.571,51.603,51.65,51.695,51.733,51.77,51.812,51.853,51.903,51.961,52.033,52.09,52.154,52.205,52.266,52.336,52.403,52.5,52.603,52.726,52.854,53.055,53.219,53.576,54.699
587,@TPP,46.778,47.953,48.226,48.463,48.603,48.727,48.829,48.902,48.994,49.09,49.192,49.264,49.331,49.38,49.44,49.49,49.528,49.571,49.603,49.657,49.704,49.751,49.782,49.824,49.868,49.906,49.935,49.974,50.009,50.05,50.082,50.116,50.146,50.172,50.214,50.245,50.274,50.295,50.319,50.346,50.378,50.408,50.447,50.472,50.505,50.539,50.571,50.591,50.628,50.657,50.695,50.719,50.746,50.784,50.813,50.851,50.88,50.908,50.938,50.974,51.007,51.045,51.08,51.109,51.138,51.177,51.211,51.246,51.289,51.329,51.361,51.388,51.427,51.465,51.503,51.539,51.571,51.603,51.65,51.695,51.733,51.77,51.812,51.853,51.903,51.961,52.033,52.09,52.154,52.205,52.266,52.336,52.403,52.5,52.603,52.726,52.854,53.055,53.219,53.576,54.699
588,@TPP,46.993,47.943,48.256,48.414,48.584,48.691,48.784,48.876,48.974,49.104,49.166,49.255,49.324,49.388,49.445,49.483,49.534,49.581,49.63,49.672,49.713,49.778,49.83,49.87,49.904,49.935,49.976,50.016,50.049,50.085,50.112,50.144,50.184,50.213,50.243,50.267,50.303,50.334,50.376,50.404,50.433,50.463,50.488,50.523,50.561,50.593,50.62,50.648,50.674,50.702,50.737,50.76,50.78,50.822,50.852,50.885,50.921,50.954,50.991,51.019,51.054,51.094,51.136,51.167,51.199,51.22,51.249,51.282,51.316,51.35,51.39,51.439,51.472,51.507,51.544,51.591,51.63,51.67,51.701,51.752,51.798,51.843,51.875,51.906,51.971,52.035,52.082,52.137,52.213,52.276,52.345,52.454,52.505,52.576,52.672,52.75,52.857,53.045,53.257,53.542,54.806
589,@TPP,46.993,47.943,48.256,48.414,48.584,48.691,48.784,48.876,48.974,49.104,49.166,49.255,49.324,49.388,49.445,49.483,49.534,49.581,49.63,49.672,49.713,49.778,49.83,49.87,49.904,49.935,49.976,50.016,50.049,50.085,50.112,50.144,50.184,50.213,50.243,50.267,50.303,50.334,50.376,50.404,50.433,50.463,50.488,50.523,50.561,50.593,50.62,50.648,50.674,50.702,50.737,50.76,50.78,50.822,50.852,50.885,50.921,50.954,50.991,51.019,51.054,51.094,51.136,51.167,51.199,51.22,51.249,51.282,51.316,51.35,51.39,51.439,51.472,51.507,51.544,51.591,51.63,51.67,51.701,51.752,51.798,51.843,51.875,51.906,51.971,52.035,52.082,52.137,52.213,52.276,52.345,52.454,52.505,52.576,52.672,52.75,52.857,53.045,53.257,53.542,54.806
590,@TPP,46.677,47.955,48.245,48.462,48.594,48.743,48.878,48.981,49.036,49.106,49.183,49.26,49.345,49.404,49.447,49.519,49.565,49.611,49.659,49.704,49.756,49.804,49.839,49.876,49.917,49.946,49.984,50.017,50.059,50.097,50.138,50.174,50.202,50.236,50.274,50.308,50.346,50.376,50.405,50.433,50.46,50.483,50.515,50.547,50.579,50.609,50.643,50.678,50.707,50.734,50.762,50.809,50.836,50.869,50.899,50.928,50.954,50.988,51.014,51.047,51.079,51.109,51.14,51.175,51.207,51.244,51.283,51.318,51.345,51.379,51.412,51.439,51.477,51.519,51.549,51.582,51.633,51.675,51.718,51.751,51.797,51.844,51.908,51.963,52.022,52.085,52.141,52.2,52.256,52.322,52.387,52.442,52.557,52.613,52.685,52.801,52.916,53.075,53.276,53.724,54.997
591,@TPP,46.677,47.955,48.245,48.462,48.594,48.743,48.878,48.981,49.036,49.106,49.183,49.26,49.345,49.404,49.447,49.519,49.565,49.611,49.659,49.704,49.756,49.804,49.839,49.876,49.917,49.946,49.984,50.017,50.059,50.097,50.138,50.174,50.202,50.236,50.274,50.308,50.346,50.376,50.405,50.433,50.46,50.483,50.515,50.547,50.579,50.609,50.643,50.678,50.707,50.734,50.762,50.809,50.836,50.869,50.899,50.928,50.954,50.988,51.014,51.047,51.079,51.109,51.14,51.175,51.207,51.244,51.283,51.318,51.345,51.379,51.412,51.439,51.477,51.519,51.549,51.582,51.633,51.675,51.718,51.751,51.797,51.844,51.908,51.963,52.022,52.085,52.141,52.2,52.256,52.322,52.387,52.442,52.557,52.613,52.685,52.801,52.916,53.075,53.276,53.724,54.997
592,@TPP,46.991,47.959,48.233,48.442,48.631,48.754,48.851,48.96,49.063,49.142,49.209,49.271,49.339,49.416,49.478,49.536,49.579,49.629,49.663,49.716,49.774,49.809,49.852,49.898,49.926,49.966,50.0,50.027,50.069,50.106,50.143,50.171,50.204,50.237,50.281,50.314,50.342,50.376,50.415,50.451,50.487,50.523,50.551,50.585,50.619,50.648,50.673,50.704,50.738,50.784,50.817,50.847,50.878,50.921,50.942,50.971,51.001,51.026,51.059,51.082,51.107,51.136,51.168,51.203,51.233,51.263,51.299,51.329,51.36,51.401,51.441,51.477,51.514,51.564,51.602,51.636,51.684,51.726,51.759,51.814,51.864,51.905,51.939,51.983,52.047,52.086,52.135,52.206,52.265,52.344,52.427,52.487,52.573,52.664,52.79,52.878,53.047,53.159,53.375,53.726,55.128
593,@TPP,46.991,47.959,48.233,48.442,48.631,48.754,48.851,48.96,49.063,49.142,49.209,49.271,49.339,49.416,49.478,49.536,49.579,49.629,49.663,49.716,49.774,49.809,49.852,49.898,49.926,49.966,50.0,50.027,50.069,50.106,50.143,50.171,50.204,50.237,50.281,50.314,50.342,50.376,50.415,50.451,50.487,50.523,50.551,50.585,50.619,50.648,50.673,50.704,50.738,50.784,50.817,50.847,50.878,50.921,50.942,50.971,51.001,51.026,51.059,51.082,51.107,51.136,51.168,51.203,51.233,51.263,51.299,51.329,51.36,51.401,51.441,51.477,51.514,51.564,51.602,51.636,51.684,51.726,51.759,51.814,51.864,51.905,51.939,51.983,52.047,52.086,52.135,52.206,52.265,52.344,52.427,52.487,52.573,52.664,52.79,52.878,53.047,53.159,53.375,53.726,55.128
594,@TPP,46.885,47.939,48.251,48.43,48.609,48.743,48.843,48.953,49.043,49.132,49.192,49.263,49.325,49.377,49.436,49.483,49.546,49.604,49.647,49.693,49.742,49.801,49.857,49.9,49.939,49.983,50.022,50.06,50.097,50.145,50.186,50.217,50.254,50.286,50.318,50.347,50.38,50.41,50.447,50.481,50.515,50.547,50.576,50.608,50.636,50.68,50.717,50.754,50.782,50.812,50.841,50.881,50.903,50.938,50.965,51.001,51.031,51.06,51.084,51.109,51.146,51.182,51.208,51.249,51.279,51.304,51.348,51.377,51.409,51.445,51.483,51.526,51.563,51.608,51.638,51.674,51.705,51.748,51.787,51.836,51.883,51.94,51.986,52.032,52.077,52.144,52.195,52.259,52.33,52.392,52.473,52.549,52.637,52.751,52.842,52.91,53.094,53.226,53.451,53.776,55.09
595,@TPP,46.885,47.939,48.251,48.43,48.609,48.743,48.843,48.953,49.043,49.132,49.192,49.263,49.325,49.377,49.436,49.483,49.546,49.604,49.647,49.693,49.742,49.801,49.857,49.9,49.939,49.983,50.022,50.06,50.097,50.145,50.186,50.217,50.254,50.286,50.318,50.347,50.38,50.41,50.447,50.481,50.515,50.547,50.576,50.608,50.636,50.68,50.717,50.754,50.782,50.812,50.841,50.881,50.903,50.938,50.965,51.001,51.031,51.06,51.084,51.109,51.146,51.182,51.208,51.249,51.279,51.304,51.348,51.377,51.409,51.445,51.483,51.526,51.563,51.608,51.638,51.674,51.705,51.748,51.787,51.836,51.883,51.94,51.986,52.032,52.077,52.144,52.195,52.259,52.33,52.392,52.473,52.549,52.637,52.751,52.842,52.91,53.094,53.226,53.451,53.776,55.09
596,@TPP,46.709,47.975,48.214,48.505,48.655,48.76,48.857,48.953,49.057,49.139,49.221,49.304,49.341,49.374,49.446,49.502,49.548,49.594,49.651,49.7,49.75,49.806,49.866,49.922,49.957,49.991,50.028,50.075,50.116,50.16,50.197,50.23,50.268,50.306,50.343,50.376,50.411,50.443,50.477,50.511,50.544,50.573,50.609,50.633,50.664,50.695,50.724,50.756,50.79,50.815,50.853,50.884,50.922,50.955,51.003,51.03,51.054,51.094,51.124,51.16,51.187,51.229,51.258,51.294,51.32,51.38,51.414,51.441,51.471,51.489,51.524,51.555,51.591,51.623,51.652,51.694,51.736,51.789,51.834,51.872,51.928,51.986,52.046,52.1,52.147,52.212,52.266,52.326,52.373,52.423,52.522,52.592,52.686,52.783,52.918,53.018,53.165,53.35,53.477,53.822,54.983
597,@TPP,46.709,47.975,48.214,48.505,48.655,48.76,48.857,48.953,49.057,49.139,49.221,49.304,49.341,49.374,49.446,49.502,49.548,49.594,49.651,49.7,49.75,49.806,49.866,49.922,49.957,49.991,50.028,50.075,50.116,50.16,50.197,50.23,50.268,50.306,50.343,50.376,50.411,50.443,50.477,50.511,50.544,50.573,50.609,50.633,50.664,50.695,50.724,50.756,50.79,50.815,50.853,50.884,50.922,50.955,51.003,51.03,51.054,51.094,51.124,51.16,51.187,51.229,51.258,51.294,51.32,51.38,51.414,51.441,51.471,51.489,51.524,51.555,51.591,51.623,51.652,51.694,51.736,51.789,51.834,51.872,51.928,51.986,52.046,52.1,52.147,52.212,52.266,52.326,52.373,52.423,52.522,52.592,52.686,52.783,52.918,53.018,53.165,53.35,53.477,53.822,54.983
598,@TPP,46.708,47.956,48.253,48.53,48.646,48.783,48.901,48.991,49.07,49.14,49.227,49.284,49.341,49.397,49.462,49.522,49.574,49.629,49.674,49.727,49.77,49.834,49.874,49.919,49.967,50.012,50.062,50.094,50.133,50.179,50.207,50.251,50.286,50.326,50.353,50.377,50.406,50.439,50.48,50.518,50.55,50.586,50.619,50.654,50.686,50.715,50.743,50.778,50.812,50.846,50.887,50.915,50.962,50.997,51.038,51.064,51.097,51.124,51.154,51.185,51.217,51.259,51.286,51.328,51.348,51.39,51.437,51.475,51.504,51.544,51.57,51.609,51.639,51.687,51.713,51.741,51.788,51.834,51.874,51.925,51.979,52.043,52.08,52.131,52.192,52.238,52.3,52.359,52.422,52.48,52.558,52.642,52.718,52.819,52.912,53.053,53.206,53.366,53.615,53.934,54.987
599,@TPP,46.708,47.956,48.253,48.53,48.646,48.783,48.901,48.991,49.07,49.14,49.227,49.284,49.341,49.397,49.462,49.522,49.574,49.629,49.674,49.727,49.77,49.834,49.874,49.919,49.967,50.012,50.062,50.094,50.133,50.179,50.207,50.251,50.286,50.326,50.353,50.377,50.406,50.439,50.48,50.518,50.55,50.586,50.619,50.654,50.686,50.715,50.743,50.778,50.812,50.846,50.887,50.915,50.962,50.997,51.038,51.064,51.097,51.124,51.154,51.185,51.217,51.259,51.286,51.328,51.348,51.39,51.437,51.475,51.504,51.544,51.57,51.609,51.639,51.687,51.713,51.741,51.788,51.834,51.874,51.925,51.979,52.043,52.08,52.131,52.192,52.238,52.3,52.359,52.422,52.48,52.558,52.642,52.718,52.819,52.912,53.053,53.206,53.366,53.615,53.934,54.987
600,@TPP,46.717,47.972,48.269,48.471,48.612,48.743,48.905,49.02,49.117,49.191,49.245,49.302,49.374,49.436,49.483,49.537,49.577,49.625,49.684,49.723,49.767,49.821,49.871,49.926,49.963,50.012,50.058,50.104,50.136,50.181,50.222,50.263,50.293,50.323,50.358,50.407,50.436,50.471,50.5,50.532,50.571,50.6,50.639,50.686,50.714,50.755,50.785,50.812,50.847,50.884,50.916,50.952,50.986,51.011,51.049,51.077,51.106,51.15,51.182,51.21,51.25,51.278,51.318,51.357,51.387,51.425,51.456,51.496,51.541,51.576,51.626,51.659,51.701,51.758,51.791,51.827,51.876,51.912,51.943,52.0,52.043,52.088,52.134,52.193,52.24,52.302,52.367,52.437,52.5,52.567,52.644,52.712,52.775,52.844,52.959,53.079,53.221,53.402,53.637,53.986,55.477
601,@TPP,46.717,47.972,48.269,48.471,48.612,48.743,48.905,49.02,49.117,49.191,49.245,49.302,49.374,49.436,49.483,49.537,49.577,49.625,49.684,49.723,49.767,49.821,49.871,49.926,49.963,50.012,50.058,50.104,50.136,50.181,50.222,50.263,50.293,50.323,50.358,50.407,50.436,50.471,50.5,50.532,50.571,50.6,50.639,50.686,50.714,50.755,50.785,50.812,50.847,50.884,50.916,50.952,50.986,51.011,51.049,51.077,51.106,51.15,51.182,51.21,51.25,51.278,51.318,51.357,51.387,51.425,51.456,51.496,51.541,51.576,51.626,51.659,51.701,51.758,51.791,51.827,51.876,51.912,51.943,52.0,52.043,52.088,52.134,52.193,52.24,52.302,52.367,52.437,52.5,52.567,52.644,52.712,52.775,52.844,52.959,53.079,53.221,53.402,53.637,53.986,55.477
602,@TPP,46.956,47.918,48.355,48.552,48.729,48.854,48.948,49.027,49.113,49.2,49.277,49.337,49.399,49.452,49.515,49.582,49.629,49.664,49.726,49.768,49.81,49.857,49.913,49.966,50.018,50.066,50.103,50.139,50.167,50.207,50.247,50.281,50.333,50.367,50.397,50.432,50.463,50.499,50.531,50.568,50.612,50.641,50.679,50.704,50.74,50.764,50.794,50.823,50.85,50.882,50.918,50.954,50.986,51.021,51.055,51.096,51.127,51.161,51.195,51.233,51.261,51.294,51.317,51.352,51.401,51.43,51.465,51.504,51.539,51.587,51.62,51.653,51.7,51.749,51.794,51.847,51.883,51.916,51.961,51.995,52.036,52.078,52.138,52.191,52.234,52.298,52.345,52.416,52.503,52.574,52.632,52.703,52.813,52.901,52.999,53.125,53.222,53.425,53.641,54.011,55.474
603,@TPP,46.956,47.918,48.355,48.552,48.729,48.854,48.948,49.027,49.113,49.2,49.277,49.337,49.399,49.452,49.515,49.582,49.629,49.664,49.726,49.768,49.81,49.857,49.913,49.966,50.018,50.066,50.103,50.139,50.167,50.207,50.247,50.281,50.333,50.367,50.397,50.432,50.463,50.499,50.531,50.568,50.612,50.641,50.679,50.704,50.74,50.764,50.794,50.823,50.85,50.882,50.918,50.954,50.986,51.021,51.055,51.096,51.127,51.161,51.195,51.233,51.261,51.294,51.317,51.352,51.401,51.43,51.465,51.504,51.539,51.587,51.62,51.653,51.7,51.749,51.794,51.847,51.883,51.916,51.961,51.995,52.036,52.078,52.138,52.191,52.234,52.298,52.345,52.416,52.503,52.574,52.632,52.703,52.813,52.901,52.999,53.125,53.222,53.425,53.641,54.011,55.474
604,@TPP,46.855,47.899,48.376,48.64,48.769,48.9,48.99,49.072,49.15,49.218,49.297,49.357,49.416,49.497,49.555,49.62,49.672,49.734,49.792,49.836,49.882,49.938,49.978,50.01,50.047,50.096,50.138,50.174,50.227,50.271,50.302,50.331,50.363,50.394,50.434,50.459,50.497,50.537,50.578,50.612,50.643,50.667,50.695,50.729,50.754,50.782,50.811,50.846,50.872,50.899,50.943,50.964,51.006,51.044,51.075,51.098,51.132,51.182,51.207,51.242,51.283,51.314,51.346,51.381,51.408,51.442,51.47,51.512,51.551,51.591,51.646,51.691,51.743,51.789,51.819,51.863,51.912,51.956,51.987,52.044,52.087,52.133,52.188,52.24,52.301,52.358,52.407,52.458,52.53,52.606,52.657,52.748,52.825,52.932,53.029,53.16,53.285,53.483,53.714,54.154,55.456
605,@TPP,46.855,47.899,48.376,48.64,48.769,48.9,48.99,49.072,49.15,49.218,49.297,49.357,49.416,49.497,49.555,49.62,49.672,49.734,49.792,49.836,49.882,49.938,49.978,50.01,50.047,50.096,50.138,50.174,50.227,50.271,50.302,50.331,50.363,50.394,50.434,50.459,50.497,50.537,50.578,50.612,50.643,50.667,50.695,50.729,50.754,50.782,50.811,50.846,50.872,50.899,50.943,50.964,51.006,51.044,51.075,51.098,51.132,51.182,51.207,51.242,51.283,51.314,51.346,51.381,51.408,51.442,51.47,51.512,51.551,51.591,51.646,51.691,51.743,51.789,51.819,51.863,51.912,51.956,51.987,52.044,52.087,52.133,52.188,52.24,52.301,52.358,52.407,52.458,52.53,52.606,52.657,52.748,52.825,52.932,53.029,53.16,53.285,53.483,53.714,54.154,55.456
606,@TPP,47.185,48.009,48.462,48.665,48.816,48.932,49.021,49.081,49.164,49.243,49.328,49.388,49.457,49.526,49.572,49.622,49.681,49.735,49.802,49.844,49.908,49.957,50.003,50.048,50.101,50.138,50.18,50.214,50.245,50.282,50.323,50.371,50.403,50.435,50.465,50.492,50.528,50.558,50.587,50.626,50.652,50.682,50.724,50.752,50.79,50.829,50.855,50.88,50.914,50.951,50.99,51.02,51.046,51.082,51.115,51.143,51.168,51.202,51.243,51.281,51.316,51.355,51.387,51.414,51.453,51.493,51.521,51.561,51.596,51.628,51.67,51.707,51.749,51.79,51.827,51.883,51.925,51.973,52.016,52.067,52.113,52.162,52.229,52.283,52.33,52.383,52.447,52.515,52.563,52.648,52.707,52.779,52.91,53.01,53.093,53.207,53.373,53.535,53.827,54.177,55.387
607,@TPP,47.185,48.009,48.462,48.665,48.816,48.932,49.021,49.081,49.164,49.243,49.328,49.388,49.457,49.526,49.572,49.622,49.681,49.735,49.802,49.844,49.908,49.957,50.003,50.048,50.101,50.138,50.18,50.214,50.245,50.282,50.323,50.371,50.403,50.435,50.465,50.492,50.528,50.558,50.587,50.626,50.652,50.682,50.724,50.752,50.79,50.829,50.855,50.88,50.914,50.951,50.99,51.02,51.046,51.082,51.115,51.143,51.168,51.202,51.243,51.281,51.316,51.355,51.387,51.414,51.453,51.493,51.521,51.561,51.596,51.628,51.67,51.707,51.749,51.79,51.827,51.883,51.925,51.973,52.016,52.067,52.113,52.162,52.229,52.283,52.33,52.383,52.447,52.515,52.563,52.648,52.707,52.779,52.91,53.01,53.093,53.207,53.373,53.535,53.827,54.177,55.387
608,@TPP,47.541,48.154,48.487,48.697,48.803,48.901,49.01,49.09,49.186,49.293,49.386,49.467,49.538,49.585,49.653,49.711,49.772,49.832,49.873,49.917,49.953,49.999,50.032,50.067,50.102,50.151,50.192,50.231,50.266,50.297,50.326,50.355,50.396,50.434,50.47,50.503,50.544,50.584,50.616,50.65,50.673,50.702,50.731,50.777,50.818,50.854,50.889,50.924,50.954,50.987,51.026,51.062,51.084,51.115,51.141,51.168,51.187,51.23,51.264,51.299,51.323,51.362,51.409,51.438,51.479,51.515,51.535,51.576,51.616,51.662,51.707,51.764,51.797,51.836,51.887,51.918,51.957,51.989,52.049,52.095,52.164,52.219,52.265,52.307,52.368,52.412,52.467,52.535,52.6,52.675,52.743,52.821,52.926,53.008,53.101,53.23,53.418,53.615,53.8,54.139,55.312
609,@TPP,47.541,48.154,48.487,48.697,48.803,48.901,49.01,49.09,49.186,49.293,49.386,49.467,49.538,49.585,49.653,49.711,49.772,49.832,49.873,49.917,49.953,49.999,50.032,50.067,50.102,50.151,50.192,50.231,50.266,50.297,50.326,50.355,50.396,50.434,50.47,50.503,50.544,50.584,50.616,50.65,50.673,50.702,50.731,50.777,50.818,50.854,50.889,50.924,50.954,50.987,51.026,51.062,51.084,51.115,51.141,51.168,51.187,51.23,51.264,51.299,51.323,51.362,51.409,51.438,51.479,51.515,51.535,51.576,51.616,51.662,51.707,51.764,51.797,51.836,51.887,51.918,51.957,51.989,52.049,52.095,52.164,52.219,52.265,52.307,52.368,52.412,52.467,52.535,52.6,52.675,52.743,52.821,52.926,53.008,53.101,53.23,53.418,53.615,53.8,54.139,55.312
610,@TPP,47.388,48.208,48.547,48.739,48.901,49.017,49.128,49.236,49.319,49.404,49.47,49.537,49.594,49.661,49.725,49.778,49.834,49.882,49.919,49.95,49.987,50.031,50.077,50.117,50.153,50.188,50.23,50.256,50.289,50.319,50.358,50.389,50.416,50.455,50.49,50.527,50.571,50.617,50.655,50.694,50.726,50.761,50.792,50.827,50.861,50.882,50.921,50.955,50.984,51.019,51.044,51.082,51.109,51.144,51.177,51.209,51.25,51.279,51.32,51.354,51.379,51.419,51.449,51.484,51.52,51.541,51.573,51.609,51.651,51.691,51.728,51.765,51.806,51.84,51.878,51.931,51.984,52.042,52.093,52.142,52.198,52.249,52.298,52.357,52.417,52.457,52.506,52.557,52.627,52.682,52.751,52.818,52.898,52.996,53.101,53.236,53.404,53.595,53.836,54.174,55.2
611,@TPP,47.388,48.208,48.547,48.739,48.901,49.017,49.128,49.236,49.319,49.404,49.47,49.537,49.594,49.661,49.725,49.778,49.834,49.882,49.919,49.95,49.987,50.031,50.077,50.117,50.153,50.188,50.23,50.256,50.289,50.319,50.358,50.389,50.416,50.455,50.49,50.527,50.571,50.617,50.655,50.694,50.726,50.761,50.792,50.827,50.861,50.882,50.921,50.955,50.984,51.019,51.044,51.082,51.109,51.144,51.177,51.209,51.25,51.279,51.32,51.354,51.379,51.419,51.449,51.484,51.52,51.541,51.573,51.609,51.651,51.691,51.728,51.765,51.806,51.84,51.878,51.931,51.984,52.042,52.093,52.142,52.198,52.249,52.298,52.357,52.417,52.457,52.506,52.557,52.627,52.682,52.751,52.818,52.898,52.996,53.101,53.236,53.404,53.595,53.836,54.174,55.2
612,@TPP,47.299,48.283,48.673,48.864,49.016,49.134,49.195,49.264,49.364,49.443,49.515,49.571,49.634,49.695,49.752,49.819,49.865,49.909,49.954,49.993,50.033,50.069,50.128,50.168,50.204,50.242,50.277,50.311,50.344,50.372,50.412,50.444,50.481,50.514,50.549,50.584,50.614,50.644,50.68,50.735,50.765,50.806,50.833,50.869,50.89,50.92,50.949,50.977,51.007,51.042,51.073,51.1,51.131,51.158,51.189,51.22,51.251,51.281,51.328,51.364,51.395,51.426,51.473,51.51,51.542,51.567,51.603,51.633,51.671,51.71,51.752,51.791,51.816,51.859,51.903,51.935,51.993,52.049,52.095,52.146,52.216,52.257,52.293,52.344,52.405,52.446,52.518,52.576,52.634,52.709,52.789,52.863,52.965,53.048,53.152,53.281,53.435,53.588,53.785,54.159,55.39
613,@TPP,47.299,48.283,48.673,48.864,49.016,49.134,49.195,49.264,49.364,49.443,49.515,49.571,49.634,49.695,49.752,49.819,49.865,49.909,49.954,49.993,50.033,50.069,50.128,50.168,50.204,50.242,50.277,50.311,50.344,50.372,50.412,50.444,50.481,50.514,50.549,50.584,50.614,50.644,50.68,50.735,50.765,50.806,50.833,50.869,50.89,50.92,50.949,50.977,51.007,51.042,51.073,51.1,51.131,51.158,51.189,51.22,51.251,51.281,51.328,51.364,51.395,51.426,51.473,51.51,51.542,51.567,51.603,51.633,51.671,51.71,51.752,51.791,51.816,51.859,51.903,51.935,51.993,52.049,52.095,52.146,52.216,52.257,52.293,52.344,52.405,52.446,52.518,52.576,52.634,52.709,52.789,52.863,52.965,53.048,53.152,53.281,53.435,53.588,53.785,54.159,55.39
614,@TPP,47.518,48.351,48.69,48.925,49.04,49.147,49.235,49.349,49.432,49.52,49.583,49.65,49.713,49.757,49.826,49.871,49.926,49.971,50.018,50.058,50.119,50.154,50.189,50.223,50.268,50.312,50.351,50.389,50.416,50.453,50.484,50.508,50.547,50.58,50.619,50.649,50.676,50.704,50.732,50.768,50.806,50.844,50.877,50.911,50.94,50.972,50.998,51.039,51.082,51.109,51.13,51.161,51.19,51.22,51.257,51.288,51.317,51.348,51.385,51.417,51.454,51.491,51.537,51.565,51.599,51.623,51.657,51.69,51.716,51.758,51.796,51.867,51.894,51.928,51.972,52.005,52.044,52.086,52.125,52.177,52.219,52.261,52.305,52.355,52.418,52.468,52.515,52.552,52.62,52.69,52.757,52.831,52.928,53.029,53.128,53.258,53.4,53.583,53.786,54.15,55.289
615,@TPP,47.518,48.351,48.69,48.925,49.04,49.147,49.235,49.349,49.432,49.52,49.583,49.65,49.713,49.757,49.826,49.871,49.926,49.971,50.018,50.058,50.119,50.154,50.189,50.223,50.268,50.312,50.351,50.389,50.416,50.453,50.484,50.508,50.547,50.58,50.619,50.649,50.676,50.704,50.732,50.768,50.806,50.844,50.877,50.911,50.94,50.972,50.998,51.039,51.082,51.109,51.13,51.161,51.19,51.22,51.257,51.288,51.317,51.348,51.385,51.417,51.454,51.491,51.537,51.565,51.599,51.623,51.657,51.69,51.716,51.758,51.796,51.867,51.894,51.928,51.972,52.005,52.044,52.086,52.125,52.177,52.219,52.261,52.305,52.355,52.418,52.468,52.515,52.552,52.62,52.69,52.757,52.831,52.928,53.029,53.128,53.258,53.4,53.583,53.786,54.15,55.289
616,@TPP,47.589,48.449,48.714,48.891,49.047,49.145,49.231,49.321,49.403,49.498,49.589,49.649,49.721,49.79,49.853,49.918,49.964,50.005,50.043,50.082,50.14,50.19,50.225,50.274,50.319,50.361,50.392,50.428,50.461,50.494,50.528,50.56,50.591,50.633,50.663,50.687,50.731,50.769,50.806,50.837,50.866,50.899,50.926,50.956,50.988,51.018,51.051,51.082,51.117,51.144,51.169,51.197,51.223,51.258,51.285,51.319,51.359,51.403,51.435,51.468,51.503,51.538,51.563,51.587,51.63,51.665,51.695,51.721,51.751,51.787,51.818,51.852,51.888,51.933,51.982,52.019,52.056,52.097,52.145,52.185,52.225,52.268,52.312,52.375,52.415,52.454,52.524,52.585,52.639,52.697,52.782,52.853,52.921,53.029,53.149,53.27,53.437,53.634,53.853,54.109,55.251
617,@TPP,47.589,48.449,48.714,48.891,49.047,49.145,49.231,49.321,49.403,49.498,49.589,49.649,49.721,49.79,49.853,49.918,49.964,50.005,50.043,50.082,50.14,50.19,50.225,50.274,50.319,50.361,50.392,50.428,50.461,50.494,50.528,50.56,50.591,50.633,50.663,50.687,50.731,50.769,50.806,50.837,50.866,50.899,50.926,50.956,50.988,51.018,51.051,51.082,51.117,51.144,51.169,51.197,51.223,51.258,51.285,51.319,51.359,51.403,51.435,51.468,51.503,51.538,51.563,51.587,51.63,51.665,51.695,51.721,51.751,51.787,51.818,51.852,51.888,51.933,51.982,52.019,52.056,52.097,52.145,52.185,52.225,52.268,52.312,52.375,52.415,52.454,52.524,52.585,52.639,52.697,52.782,52.853,52.921,53.029,53.149,53.27,53.437,53.634,53.853,54.109,55.251
618,@TPP,47.731,48.531,48.8,48.943,49.089,49.222,49.306,49.414,49.512,49.585,49.638,49.697,49.776,49.855,49.916,49.977,50.025,50.067,50.113,50.157,50.204,50.245,50.285,50.326,50.367,50.418,50.456,50.494,50.532,50.557,50.586,50.614,50.649,50.677,50.721,50.758,50.793,50.829,50.856,50.885,50.906,50.942,50.967,51.005,51.021,51.051,51.069,51.1,51.131,51.164,51.193,51.224,51.255,51.293,51.325,51.348,51.379,51.414,51.447,51.482,51.503,51.541,51.568,51.608,51.634,51.666,51.705,51.729,51.768,51.805,51.837,51.874,51.917,51.965,52.009,52.047,52.088,52.13,52.175,52.218,52.259,52.292,52.344,52.378,52.444,52.494,52.541,52.603,52.687,52.755,52.828,52.898,52.981,53.09,53.19,53.305,53.455,53.661,53.845,54.319,54.845
619,@TPP,47.731,48.531,48.8,48.943,49.089,49.222,49.306,49.414,49.512,49.585,49.638,49.697,49.776,49.855,49.916,49.977,50.025,50.067,50.113,50.157,50.204,50.245,50.285,50.326,50.367,50.418,50.456,50.494,50.532,50.557,50.586,50.614,50.649,50.677,50.721,50.758,50.793,50.829,50.856,50.885,50.906,50.942,50.967,51.005,51.021,51.051,51.069,51.1,51.131,51.164,51.193,51.224,51.255,51.293,51.325,51.348,51.379,51.414,51.447,51.482,51.503,51.541,51.568,51.608,51.634,51.666,51.705,51.729,51.768,51.805,51.837,51.874,51.917,51.965,52.009,52.047,52.088,52.13,52.175,52.218,52.259,52.292,52.344,52.378,52.444,52.494,52.541,52.603,52.687,52.755,52.828,52.898,52.981,53.09,53.19,53.305,53.455,53.661,53.845,54.319,54.845
620,@TPP,47.763,48.506,48.806,49.008,49.143,49.279,49.414,49.502,49.57,49.639,49.718,49.789,49.849,49.913,49.969,50.014,50.072,50.119,50.156,50.199,50.251,50.293,50.331,50.366,50.412,50.444,50.479,50.516,50.557,50.592,50.63,50.661,50.69,50.728,50.759,50.796,50.828,50.859,50.892,50.935,50.963,50.994,51.021,51.054,51.087,51.11,51.135,51.158,51.182,51.209,51.235,51.262,51.284,51.321,51.352,51.384,51.409,51.433,51.465,51.485,51.521,51.546,51.572,51.61,51.648,51.684,51.73,51.77,51.805,51.838,51.863,51.895,51.935,51.97,52.006,52.041,52.076,52.116,52.152,52.196,52.234,52.29,52.349,52.395,52.449,52.515,52.558,52.612,52.677,52.743,52.811,52.899,52.992,53.092,53.191,53.315,53.442,53.574,53.846,54.119,54.908
621,@TPP,47.763,48.506,48.806,49.008,49.143,49.279,49.414,49.502,49.57,49.639,49.718,49.789,49.849,49.913,49.969,50.014,50.072,50.119,50.156,50.199,50.251,50.293,50.331,50.366,50.412,50.444,50.479,50.516,50.557,50.592,50.63,50.661,50.69,50.728,50.759,50.796,50.828,50.859,50.892,50.935,50.963,50.994,51.021,51.054,51.087,51.11,51.135,51.158,51.182,51.209,51.235,51.262,51.284,51.321,51.352,51.384,51.409,51.433,51.465,51.485,51.521,51.546,51.572,51.61,51.648,51.684,51.73,51.77,51.805,51.838,51.863,51.895,51.935,51.97,52.006,52.041,52.076,52.116,52.152,52.196,52.234,52.29,52.349,52.395,52.449,52.515,52.558,52.612,52.677,52.743,52.811,52.899,52.992,53.092,53.191,53.315,53.442,53.574,53.846,54.119,54.908
622,@TPP,47.856,48.609,48.86,49.028,49.206,49.327,49.48,49.566,49.648,49.717,49.769,49.848,49.917,49.975,50.02,50.061,50.109,50.153,50.207,50.242,50.292,50.328,50.367,50.412,50.451,50.495,50.527,50.562,50.596,50.63,50.669,50.698,50.739,50.766,50.802,50.839,50.865,50.898,50.929,50.954,50.984,51.017,51.038,51.064,51.096,51.134,51.165,51.192,51.216,51.235,51.274,51.302,51.339,51.367,51.393,51.429,51.462,51.487,51.519,51.553,51.574,51.598,51.63,51.66,51.691,51.72,51.748,51.786,51.822,51.857,51.9,51.937,51.969,52.001,52.032,52.066,52.116,52.151,52.18,52.212,52.243,52.293,52.337,52.382,52.436,52.494,52.55,52.598,52.672,52.741,52.817,52.902,52.965,53.075,53.176,53.309,53.446,53.579,53.815,54.105,55.03
623,@TPP,47.856,48.609,48.86,49.028,49.206,49.327,49.48,49.566,49.648,49.717,49.769,49.848,49.917,49.975,50.02,50.061,50.109,50.153,50.207,50.242,50.292,50.328,50.367,50.412,50.451,50.495,50.527,50.562,50.596,50.63,50.669,50.698,50.739,50.766,50.802,50.839,50.865,50.898,50.929,50.954,50.984,51.017,51.038,51.064,51.096,51.134,51.165,51.192,51.216,51.235,51.274,51.302,51.339,51.367,51.393,51.429,51.462,51.487,51.519,51.553,51.574,51.598,51.63,51.66,51.691,51.72,51.748,51.786,51.822,51.857,51.9,51.937,51.969,52.001,52.032,52.066,52.116,52.151,52.18,52.212,52.243,52.293,52.337,52.382,52.436,52.494,52.55,52.598,52.672,52.741,52.817,52.902,52.965,53.075,53.176,53.309,53.446,53.579,53.815,54.105,55.03
624,@TPP,47.618,48.493,48.752,48.953,49.149,49.321,49.458,49.529,49.599,49.675,49.732,49.803,49.863,49.93,49.98,50.029,50.077,50.136,50.202,50.238,50.274,50.324,50.357,50.399,50.436,50.472,50.518,50.551,50.571,50.605,50.632,50.666,50.694,50.725,50.753,50.785,50.822,50.851,50.878,50.923,50.958,50.989,51.019,51.05,51.082,51.105,51.14,51.18,51.201,51.233,51.269,51.3,51.333,51.369,51.41,51.438,51.459,51.481,51.513,51.547,51.575,51.601,51.639,51.674,51.704,51.736,51.762,51.803,51.834,51.865,51.902,51.94,51.977,52.006,52.039,52.08,52.114,52.166,52.212,52.262,52.296,52.341,52.398,52.466,52.504,52.553,52.595,52.649,52.72,52.801,52.867,52.943,53.008,53.088,53.178,53.285,53.42,53.623,53.912,54.235,55.173
625,@TPP,47.618,48.493,48.752,48.953,49.149,49.321,49.458,49.529,49.599,49.675,49.732,49.803,49.863,49.93,49.98,50.029,50.077,50.136,50.202,50.238,50.274,50.324,50.357,50.399,50.436,50.472,50.518,50.551,50.571,50.605,50.632,50.666,50.694,50.725,50.753,50.785,50.822,50.851,50.878,50.923,50.958,50.989,51.019,51.05,51.082,51.105,51.14,51.18,51.201,51.233,51.269,51.3,51.333,51.369,51.41,51.438,51.459,51.481,51.513,51.547,51.575,51.601,51.639,51.674,51.704,51.736,51.762,51.803,51.834,51.865,51.902,51.94,51.977,52.006,52.039,52.08,52.114,52.166,52.212,52.262,52.296,52.341,52.398,52.466,52.504,52.553,52.595,52.649,52.72,52.801,52.867,52.943,53.008,53.088,53.178,53.285,53.42,53.623,53.912,54.235,55.173
626,@TPP,47.629,48.364,48.807,49.032,49.184,49.295,49.43,49.532,49.597,49.685,49.764,49.837,49.883,49.929,49.968,50.041,50.09,50.142,50.189,50.236,50.276,50.312,50.36,50.388,50.431,50.461,50.504,50.535,50.575,50.609,50.645,50.682,50.717,50.75,50.786,50.815,50.847,50.875,50.907,50.942,50.977,51.007,51.04,51.061,51.086,51.103,51.136,51.165,51.197,51.231,51.254,51.282,51.307,51.332,51.359,51.397,51.434,51.463,51.485,51.519,51.561,51.589,51.617,51.648,51.682,51.72,51.759,51.803,51.839,51.887,51.916,51.966,52.004,52.043,52.077,52.129,52.164,52.204,52.238,52.281,52.317,52.364,52.407,52.452,52.498,52.57,52.637,52.704,52.765,52.82,52.882,52.956,53.029,53.127,53.207,53.337,53.485,53.667,53.922,54.152,55.05
627,@TPP,47.629,48.364,48.807,49.032,49.184,49.295,49.43,49.532,49.597,49.685,49.764,49.837,49.883,49.929,49.968,50.041,50.09,50.142,50.189,50.236,50.276,50.312,50.36,50.388,50.431,50.461,50.504,50.535,50.575,50.609,50.645,50.682,50.717,50.75,50.786,50.815,50.847,50.875,50.907,50.942,50.977,51.007,51.04,51.061,51.086,51.103,51.136,51.165,51.197,51.231,51.254,51.282,51.307,51.332,51.359,51.397,51.434,51.463,51.485,51.519,51.561,51.589,51.617,51.648,51.682,51.72,51.759,51.803,51.839,51.887,51.916,51.966,52.004,52.043,52.077,52.129,52.164,52.204,52.238,52.281,52.317,52.364,52.407,52.452,52.498,52.57,52.637,52.704,52.765,52.82,52.882,52.956,53.029,53.127,53.207,53.337,53.485,53.667,53.922,54.152,55.05
628,@TPP,47.529,48.311,48.796,48.996,49.142,49.312,49.409,49.518,49.602,49.663,49.722,49.798,49.857,49.91,49.947,49.983,50.051,50.112,50.17,50.224,50.267,50.305,50.351,50.384,50.425,50.472,50.512,50.543,50.586,50.635,50.662,50.696,50.729,50.76,50.795,50.824,50.849,50.885,50.903,50.931,50.959,50.994,51.024,51.06,51.087,51.112,51.135,51.163,51.191,51.22,51.244,51.279,51.309,51.342,51.376,51.405,51.438,51.459,51.493,51.528,51.562,51.592,51.621,51.654,51.687,51.723,51.761,51.792,51.834,51.868,51.905,51.945,52.0,52.037,52.081,52.123,52.162,52.193,52.24,52.287,52.329,52.361,52.408,52.447,52.496,52.557,52.597,52.649,52.708,52.748,52.838,52.915,53.01,53.135,53.255,53.37,53.523,53.697,53.943,54.268,55.041
629,@TPP,47.529,48.311,48.796,48.996,49.142,49.312,49.409,49.518,49.602,49.663,49.722,49.798,49.857,49.91,49.947,49.983,50.051,50.112,50.17,50.224,50.267,50.305,50.351,50.384,50.425,50.472,50.512,50.543,50.586,50.635,50.662,50.696,50.729,50.76,50.795,50.824,50.849,50.885,50.903,50.931,50.959,50.994,51.024,51.06,51.087,51.112,51.135,51.163,51.191,51.22,51.244,51.279,51.309,51.342,51.376,51.405,51.438,51.459,51.493,51.528,51.562,51.592,51.621,51.654,51.687,51.723,51.761,51.792,51.834,51.868,51.905,51.945,52.0,52.037,52.081,52.123,52.162,52.193,52.24,52.287,52.329,52.361,52.408,52.447,52.496,52.557,52.597,52.649,52.708,52.748,52.838,52.915,53.01,53.135,53.255,53.37,53.523,53.697,53.943,54.268,55.041
630,@TPP,47.221,48.344,48.749,48.908,49.145,49.281,49.391,49.464,49.553,49.634,49.719,49.791,49.849,49.919,49.969,50.015,50.056,50.112,50.156,50.198,50.255,50.306,50.357,50.389,50.425,50.45,50.479,50.508,50.543,50.581,50.611,50.646,50.679,50.723,50.752,50.79,50.82,50.851,50.889,50.917,50.95,50.98,51.009,51.029,51.069,51.095,51.134,51.159,51.189,51.227,51.258,51.29,51.32,51.336,51.375,51.404,51.432,51.466,51.492,51.522,51.557,51.596,51.623,51.657,51.694,51.717,51.752,51.798,51.833,51.878,51.904,51.938,51.986,52.022,52.054,52.091,52.145,52.195,52.238,52.277,52.337,52.39,52.447,52.49,52.533,52.594,52.63,52.687,52.742,52.801,52.882,52.931,53.019,53.107,53.204,53.352,53.487,53.708,53.94,54.251,55.055
631,@TPP,47.221,48.344,48.749,48.908,49.145,49.281,49.391,49.464,49.553,49.634,49.719,49.791,49.849,49.919,49.969,50.015,50.056,50.112,50.156,50.198,50.255,50.306,50.357,50.389,50.425,50.45,50.479,50.508,50.543,50.581,50.611,50.646,50.679,50.723,50.752,50.79,50.82,50.851,50.889,50.917,50.95,50.98,51.009,51.029,51.069,51.095,51.134,51.159,51.189,51.227,51.258,51.29,51.32,51.336,51.375,51.404,51.432,51.466,51.492,51.522,51.557,51.596,51.623,51.657,51.694,51.717,51.752,51.798,51.833,51.878,51.904,51.938,51.986,52.022,52.054,52.091,52.145,52.195,52.238,52.277,52.337,52.39,52.447,52.49,52.533,52.594,52.63,52.687,52.742,52.801,52.882,52.931,53.019,53.107,53.204,53.352,53.487,53.708,53.94,54.251,55.055
632,@TPP,47.449,48.285,48.759,48.942,49.123,49.241,49.356,49.472,49.559,49.662,49.727,49.795,49.848,49.916,49.964,50.013,50.054,50.109,50.161,50.2,50.239,50.283,50.314,50.36,50.393,50.434,50.488,50.519,50.556,50.586,50.62,50.66,50.694,50.721,50.75,50.779,50.809,50.839,50.868,50.91,50.942,50.976,51.005,51.036,51.061,51.09,51.124,51.156,51.18,51.203,51.232,51.258,51.289,51.321,51.345,51.394,51.427,51.465,51.508,51.537,51.571,51.605,51.639,51.671,51.709,51.739,51.772,51.804,51.844,51.875,51.907,51.946,51.985,52.027,52.068,52.11,52.15,52.186,52.229,52.261,52.31,52.349,52.408,52.456,52.511,52.565,52.611,52.664,52.742,52.802,52.883,52.947,53.035,53.113,53.231,53.345,53.498,53.648,53.853,54.242,55.264
633,@TPP,47.449,48.285,48.759,48.942,49.123,49.241,49.356,49.472,49.559,49.662,49.727,49.795,49.848,49.916,49.964,50.013,50.054,50.109,50.161,50.2,50.239,50.283,50.314,50.36,50.393,50.434,50.488,50.519,50.556,50.586,50.62,50.66,50.694,50.721,50.75,50.779,50.809,50.839,50.868,50.91,50.942,50.976,51.005,51.036,51.061,51.09,51.124,51.156,51.18,51.203,51.232,51.258,51.289,51.321,51.345,51.394,51.427,51.465,51.508,51.537,51.571,51.605,51.639,51.671,51.709,51.739,51.772,51.804,51.844,51.875,51.907,51.946,51.985,52.027,52.068,52.11,52.15,52.186,52.229,52.261,52.31,52.349,52.408,52.456,52.511,52.565,52.611,52.664,52.742,52.802,52.883,52.947,53.035,53.113,53.231,53.345,53.498,53.648,53.853,54.242,55.264
634,@TPP,47.334,48.315,48.73,48.974,49.135,49.28,49.379,49.461,49.553,49.631,49.724,49.797,49.858,49.91,49.982,50.031,50.085,50.13,50.17,50.211,50.243,50.285,50.321,50.359,50.396,50.441,50.475,50.509,50.546,50.579,50.609,50.643,50.674,50.713,50.755,50.785,50.815,50.851,50.886,50.915,50.948,50.973,51.012,51.053,51.083,51.103,51.127,51.164,51.189,51.215,51.251,51.282,51.306,51.346,51.38,51.406,51.44,51.468,51.508,51.529,51.547,51.582,51.614,51.653,51.696,51.738,51.764,51.802,51.83,51.865,51.906,51.943,51.975,52.02,52.071,52.107,52.145,52.191,52.232,52.276,52.316,52.356,52.403,52.447,52.497,52.555,52.607,52.66,52.739,52.814,52.891,52.962,53.052,53.135,53.218,53.306,53.433,53.644,53.895,54.289,55.473
635,@TPP,47.334,48.315,48.73,48.974,49.135,49.28,49.379,49.461,49.553,49.631,49.724,49.797,49.858,49.91,49.982,50.031,50.085,50.13,50.17,50.211,50.243,50.285,50.321,50.359,50.396,50.441,50.475,50.509,50.546,50.579,50.609,50.643,50.674,50.713,50.755,50.785,50.815,50.851,50.886,50.915,50.948,50.973,51.012,51.053,51.083,51.103,51.127,51.164,51.189,51.215,51.251,51.282,51.306,51.346,51.38,51.406,51.44,51.468,51.508,51.529,51.547,51.582,51.614,51.653,51.696,51.738,51.764,51.802,51.83,51.865,51.906,51.943,51.975,52.02,52.071,52.107,52.145,52.191,52.232,52.276,52.316,52.356,52.403,52.447,52.497,52.555,52.607,52.66,52.739,52.814,52.891,52.962,53.052,53.135,53.218,53.306,53.433,53.644,53.895,54.289,55.473
636,@TPP,47.521,48.412,48.75,48.957,49.139,49.269,49.365,49.463,49.542,49.612,49.727,49.789,49.843,49.889,49.943,50.006,50.051,50.094,50.146,50.181,50.244,50.294,50.332,50.386,50.425,50.462,50.5,50.529,50.564,50.594,50.629,50.664,50.696,50.724,50.747,50.779,50.814,50.845,50.879,50.911,50.937,50.971,51.005,51.043,51.071,51.101,51.13,51.154,51.185,51.213,51.248,51.278,51.309,51.337,51.367,51.397,51.433,51.467,51.496,51.531,51.56,51.597,51.634,51.658,51.69,51.724,51.754,51.792,51.82,51.843,51.889,51.943,51.976,52.008,52.038,52.075,52.11,52.165,52.211,52.25,52.297,52.354,52.398,52.445,52.51,52.574,52.625,52.688,52.746,52.802,52.885,52.961,53.058,53.147,53.274,53.395,53.493,53.677,53.875,54.295,55.439
637,@TPP,47.521,48.412,48.75,48.957,49.139,49.269,49.365,49.463,49.542,49.612,49.727,49.789,49.843,49.889,49.943,50.006,50.051,50.094,50.146,50.181,50.244,50.294,50.332,50.386,50.425,50.462,50.5,50.529,50.564,50.594,50.629,50.664,50.696,50.724,50.747,50.779,50.814,50.845,50.879,50.911,50.937,50.971,51.005,51.043,51.071,51.101,51.13,51.154,51.185,51.213,51.248,51.278,51.309,51.337,51.367,51.397,51.433,51.467,51.496,51.531,51.56,51.597,51.634,51.658,51.69,51.724,51.754,51.792,51.82,51.843,51.889,51.943,51.976,52.008,52.038,52.075,52.11,52.165,52.211,52.25,52.297,52.354,52.398,52.445,52.51,52.574,52.625,52.688,52.746,52.802,52.885,52.961,53.058,53.147,53.274,53.395,53.493,53.677,53.875,54.295,55.439
638,@TPP,47.329,48.455,48.763,48.928,49.102,49.242,49.351,49.453,49.56,49.671,49.749,49.804,49.884,49.92,49.97,50.016,50.064,50.114,50.165,50.206,50.249,50.299,50.337,50.391,50.419,50.463,50.495,50.525,50.546,50.582,50.614,50.641,50.685,50.715,50.744,50.772,50.802,50.838,50.867,50.89,50.931,50.961,50.997,51.034,51.064,51.088,51.117,51.153,51.186,51.21,51.24,51.274,51.315,51.343,51.387,51.415,51.442,51.471,51.511,51.541,51.569,51.605,51.641,51.681,51.71,51.739,51.764,51.792,51.82,51.865,51.911,51.954,51.977,52.019,52.051,52.086,52.141,52.182,52.222,52.262,52.301,52.334,52.377,52.427,52.472,52.514,52.573,52.638,52.715,52.767,52.839,52.914,53.02,53.122,53.232,53.339,53.491,53.642,53.892,54.285,55.571
639,@TPP,47.329,48.455,48.763,48.928,49.102,49.242,49.351,49.453,49.56,49.671,49.749,49.804,49.884,49.92,49.97,50.016,50.064,50.114,50.165,50.206,50.249,50.299,50.337,50.391,50.419,50.463,50.495,50.525,50.546,50.582,50.614,50.641,50.685,50.715,50.744,50.772,50.802,50.838,50.867,50.89,50.931,50.961,50.997,51.034,51.064,51.088,51.117,51.153,51.186,51.21,51.24,51.274,51.315,51.343,51.387,51.415,51.442,51.471,51.511,51.541,51.569,51.605,51.641,51.681,51.71,51.739,51.764,51.792,51.82,51.865,51.911,51.954,51.977,52.019,52.051,52.086,52.141,52.182,52.222,52.262,52.301,52.334,52.377,52.427,52.472,52.514,52.573,52.638,52.715,52.767,52.839,52.914,53.02,53.122,53.232,53.339,53.491,53.642,53.892,54.285,55.571
640,@TPP,47.515,48.411,48.731,48.936,49.131,49.248,49.354,49.477,49.559,49.647,49.735,49.815,49.871,49.936,49.974,50.037,50.079,50.144,50.187,50.236,50.28,50.318,50.347,50.386,50.422,50.452,50.483,50.513,50.539,50.567,50.602,50.633,50.671,50.698,50.733,50.771,50.811,50.832,50.859,50.889,50.911,50.947,50.975,51.011,51.048,51.076,51.106,51.132,51.172,51.208,51.23,51.262,51.288,51.321,51.352,51.403,51.424,51.461,51.491,51.513,51.546,51.586,51.606,51.635,51.666,51.706,51.747,51.795,51.829,51.855,51.892,51.919,51.948,51.974,52.016,52.053,52.09,52.138,52.176,52.218,52.264,52.312,52.376,52.429,52.486,52.532,52.577,52.633,52.707,52.769,52.83,52.915,52.989,53.103,53.196,53.313,53.463,53.644,53.967,54.285,55.259
641,@TPP,47.515,48.411,48.731,48.936,49.131,49.248,49.354,49.477,49.559,49.647,49.735,49.815,49.871,49.936,49.974,50.037,50.079,50.144,50.187,50.236,50.28,50.318,50.347,50.386,50.422,50.452,50.483,50.513,50.539,50.567,50.602,50.633,50.671,50.698,50.733,50.771,50.811,50.832,50.859,50.889,50.911,50.947,50.975,51.011,51.048,51.076,51.106,51.132,51.172,51.208,51.23,51.262,51.288,51.321,51.352,51.403,51.424,51.461,51.491,51.513,51.546,51.586,51.606,51.635,51.666,51.706,51.747,51.795,51.829,51.855,51.892,51.919,51.948,51.974,52.016,52.053,52.09,52.138,52.176,52.218,52.264,52.312,52.376,52.429,52.486,52.532,52.577,52.633,52.707,52.769,52.83,52.915,52.989,53.103,53.196,53.313,53.463,53.644,53.967,54.285,55.259
642,@TPP,47.548,48.4,48.71,48.939,49.137,49.273,49.362,49.482,49.588,49.658,49.713,49.785,49.879,49.95,49.997,50.034,50.087,50.135,50.183,50.228,50.269,50.312,50.348,50.383,50.414,50.447,50.477,50.507,50.541,50.586,50.613,50.637,50.675,50.71,50.754,50.781,50.81,50.837,50.861,50.893,50.922,50.957,50.98,51.007,51.042,51.074,51.108,51.14,51.168,51.195,51.228,51.259,51.294,51.326,51.355,51.394,51.428,51.452,51.484,51.527,51.558,51.588,51.623,51.655,51.692,51.714,51.742,51.771,51.802,51.833,51.868,51.902,51.937,51.979,52.016,52.071,52.104,52.136,52.181,52.219,52.258,52.298,52.333,52.39,52.444,52.51,52.554,52.596,52.672,52.723,52.789,52.858,52.937,53.038,53.172,53.32,53.486,53.644,53.953,54.3,55.044
643,@TPP,47.548,48.4,48.71,48.939,49.137,49.273,49.362,49.482,49.588,49.658,49.713,49.785,49.879,49.95,49.997,50.034,50.087,50.135,50.183,50.228,50.269,50.312,50.348,50.383,50.414,50.447,50.477,50.507,50.541,50.586,50.613,50.637,50.675,50.71,50.754,50.781,50.81,50.837,50.861,50.893,50.922,50.957,50.98,51.007,51.042,51.074,51.108,51.14,51.168,51.195,51.228,51.259,51.294,51.326,51.355,51.394,51.428,51.452,51.484,51.527,51.558,51.588,51.623,51.655,51.692,51.714,51.742,51.771,51.802,51.833,51.868,51.902,51.937,51.979,52.016,52.071,52.104,52.136,52.181,52.219,52.258,52.298,52.333,52.39,52.444,52.51,52.554,52.596,52.672,52.723,52.789,52.858,52.937,53.038,53.172,53.32,53.486,53.644,53.953,54.3,55.044
644,@TPP,47.402,48.474,48.742,48.964,49.167,49.327,49.447,49.549,49.632,49.683,49.759,49.817,49.868,49.932,49.987,50.032,50.078,50.123,50.174,50.211,50.253,50.301,50.347,50.383,50.43,50.473,50.497,50.526,50.566,50.602,50.632,50.666,50.697,50.729,50.763,50.796,50.837,50.865,50.89,50.918,50.96,50.983,51.016,51.04,51.065,51.093,51.13,51.169,51.199,51.228,51.256,51.284,51.308,51.335,51.361,51.386,51.42,51.446,51.469,51.495,51.536,51.566,51.597,51.636,51.662,51.691,51.719,51.758,51.792,51.823,51.855,51.887,51.917,51.956,51.991,52.027,52.076,52.112,52.146,52.186,52.235,52.278,52.313,52.358,52.422,52.47,52.525,52.565,52.614,52.684,52.759,52.851,52.92,53.011,53.116,53.306,53.428,53.574,53.86,54.229,55.173
645,@TPP,47.402,48.474,48.742,48.964,49.167,49.327,49.447,49.549,49.632,49.683,49.759,49.817,49.868,49.932,49.987,50.032,50.078,50.123,50.174,50.211,50.253,50.301,50.347,50.383,50.43,50.473,50.497,50.526,50.566,50.602,50.632,50.666,50.697,50.729,50.763,50.796,50.837,50.865,50.89,50.918,50.96,50.983,51.016,51.04,51.065,51.093,51.13,51.169,51.199,51.228,51.256,51.284,51.308,51.335,51.361,51.386,51.42,51.446,51.469,51.495,51.536,51.566,51.597,51.636,51.662,51.691,51.719,51.758,51.792,51.823,51.855,51.887,51.917,51.956,51.991,52.027,52.076,52.112,52.146,52.186,52.235,52.278,52.313,52.358,52.422,52.47,52.525,52.565,52.614,52.684,52.759,52.851,52.92,53.011,53.116,53.306,53.428,53.574,53.86,54.229,55.173
646,@TPP,47.377,48.508,48.839,49.035,49.169,49.299,49.43,49.499,49.62,49.707,49.753,49.809,49.861,49.915,49.969,50.002,50.045,50.11,50.151,50.201,50.242,50.286,50.326,50.392,50.43,50.457,50.502,50.536,50.566,50.599,50.63,50.666,50.696,50.73,50.753,50.788,50.819,50.851,50.879,50.911,50.939,50.971,51.001,51.025,51.061,51.095,51.127,51.155,51.186,51.216,51.243,51.268,51.299,51.332,51.375,51.398,51.42,51.446,51.469,51.497,51.528,51.552,51.581,51.607,51.635,51.663,51.697,51.73,51.749,51.789,51.819,51.852,51.885,51.917,51.95,51.983,52.034,52.074,52.109,52.149,52.192,52.249,52.296,52.354,52.402,52.439,52.513,52.566,52.608,52.708,52.76,52.829,52.943,53.033,53.125,53.275,53.419,53.598,53.837,54.265,55.208
647,@TPP,47.377,48.508,48.839,49.035,49.169,49.299,49.43,49.499,49.62,49.707,49.753,49.809,49.861,49.915,49.969,50.002,50.045,50.11,50.151,50.201,50.242,50.286,50.326,50.392,50.43,50.457,50.502,50.536,50.566,50.599,50.63,50.666,50.696,50.73,50.753,50.788,50.819,50.851,50.879,50.911,50.939,50.971,51.001,51.025,51.061,51.095,51.127,51.155,51.186,51.216,51.243,51.268,51.299,51.332,51.375,51.398,51.42,51.446,51.469,51.497,51.528,51.552,51.581,51.607,51.635,51.663,51.697,51.73,51.749,51.789,51.819,51.852,51.885,51.917,51.95,51.983,52.034,52.074,52.109,52.149,52.192,52.249,52.296,52.354,52.402,52.439,52.513,52.566,52.608,52.708,52.76,52.829,52.943,53.033,53.125,53.275,53.419,53.598,53.837,54.265,55.208
648,@TPP,47.334,48.476,48.78,49.052,49.165,49.263,49.414,49.507,49.593,49.7,49.779,49.829,49.881,49.938,49.998,50.038,50.08,50.134,50.171,50.219,50.256,50.295,50.343,50.38,50.411,50.447,50.497,50.534,50.567,50.602,50.637,50.666,50.693,50.723,50.761,50.792,50.815,50.843,50.879,50.912,50.94,50.959,50.99,51.019,51.045,51.07,51.104,51.122,51.15,51.191,51.221,51.248,51.262,51.296,51.322,51.362,51.385,51.421,51.442,51.465,51.498,51.526,51.554,51.574,51.599,51.63,51.667,51.698,51.739,51.774,51.806,51.831,51.867,51.901,51.941,51.973,52.01,52.042,52.08,52.124,52.18,52.233,52.269,52.317,52.375,52.438,52.48,52.528,52.592,52.662,52.722,52.816,52.914,52.999,53.097,53.212,53.363,53.517,53.748,54.178,55.088
649,@TPP,47.334,48.476,48.78,49.052,49.165,49.263,49.414,49.507,49.593,49.7,49.779,49.829,49.881,49.938,49.998,50.038,50.08,50.134,50.171,50.219,50.256,50.295,50.343,50.38,50.411,50.447,50.497,50.534,50.567,50.602,50.637,50.666,50.693,50.723,50.761,50.792,50.815,50.843,50.879,50.912,50.94,50.959,50.99,51.019,51.045,51.07,51.104,51.122,51.15,51.191,51.221,51.248,51.262,51.296,51.322,51.362,51.385,51.421,51.442,51.465,51.498,51.526,51.554,51.574,51.599,51.63,51.667,51.698,51.739,51.774,51.806,51.831,51.867,51.901,51.941,51.973,52.01,52.042,52.08,52.124,52.18,52.233,52.269,52.317,52.375,52.438,52.48,52.528,52.592,52.662,52.722,52.816,52.914,52.999,53.097,53.212,53.363,53.517,53.748,54.178,55.088
650,@TPP,47.216,48.594,48.87,49.015,49.176,49.325,49.451,49.544,49.648,49.727,49.795,49.865,49.914,49.959,50.003,50.057,50.101,50.16,50.205,50.235,50.271,50.315,50.356,50.392,50.433,50.458,50.491,50.532,50.561,50.59,50.624,50.652,50.686,50.712,50.741,50.774,50.815,50.854,50.88,50.91,50.94,50.969,50.994,51.016,51.044,51.066,51.091,51.116,51.146,51.173,51.205,51.24,51.263,51.291,51.319,51.343,51.371,51.402,51.432,51.458,51.489,51.521,51.551,51.578,51.604,51.633,51.666,51.693,51.726,51.753,51.789,51.82,51.859,51.908,51.939,51.984,52.021,52.059,52.11,52.139,52.191,52.227,52.279,52.319,52.358,52.403,52.458,52.5,52.572,52.619,52.717,52.799,52.897,53.013,53.111,53.225,53.328,53.475,53.782,54.106,55.092
651,@TPP,47.216,48.594,48.87,49.015,49.176,49.325,49.451,49.544,49.648,49.727,49.795,49.865,49.914,49.959,50.003,50.057,50.101,50.16,50.205,50.235,50.271,50.315,50.356,50.392,50.433,50.458,50.491,50.532,50.561,50.59,50.624,50.652,50.686,50.712,50.741,50.774,50.815,50.854,50.88,50.91,50.94,50.969,50.994,51.016,51.044,51.066,51.091,51.116,51.146,51.173,51.205,51.24,51.263,51.291,51.319,51.343,51.371,51.402,51.432,51.458,51.489,51.521,51.551,51.578,51.604,51.633,51.666,51.693,51.726,51.753,51.789,51.82,51.859,51.908,51.939,51.984,52.021,52.059,52.11,52.139,52.191,52.227,52.279,52.319,52.358,52.403,52.458,52.5,52.572,52.619,52.717,52.799,52.897,53.013,53.111,53.225,53.328,53.475,53.782,54.106,55.092
652,@TPP,47.501,48.503,48.855,49.172,49.263,49.353,49.457,49.538,49.636,49.731,49.801,49.854,49.919,49.989,50.033,50.073,50.119,50.154,50.222,50.26,50.303,50.345,50.384,50.41,50.445,50.476,50.512,50.548,50.574,50.604,50.641,50.675,50.703,50.719,50.74,50.765,50.788,50.82,50.848,50.886,50.931,50.966,51.001,51.03,51.053,51.076,51.111,51.134,51.165,51.188,51.215,51.237,51.27,51.294,51.32,51.35,51.376,51.41,51.437,51.465,51.494,51.523,51.555,51.585,51.607,51.628,51.664,51.692,51.74,51.777,51.803,51.836,51.87,51.909,51.947,51.981,52.012,52.042,52.09,52.117,52.159,52.206,52.246,52.285,52.318,52.374,52.454,52.529,52.59,52.637,52.708,52.786,52.855,52.942,53.048,53.152,53.29,53.475,53.657,53.957,55.166
653,@TPP,47.501,48.503,48.855,49.172,49.263,49.353,49.457,49.538,49.636,49.731,49.801,49.854,49.919,49.989,50.033,50.073,50.119,50.154,50.222,50.26,50.303,50.345,50.384,50.41,50.445,50.476,50.512,50.548,50.574,50.604,50.641,50.675,50.703,50.719,50.74,50.765,50.788,50.82,50.848,50.886,50.931,50.966,51.001,51.03,51.053,51.076,51.111,51.134,51.165,51.188,51.215,51.237,51.27,51.294,51.32,51.35,51.376,51.41,51.437,51.465,51.494,51.523,51.555,51.585,51.607,51.628,51.664,51.692,51.74,51.777,51.803,51.836,51.87,51.909,51.947,51.981,52.012,52.042,52.09,52.117,52.159,52.206,52.246,52.285,52.318,52.374,52.454,52.529,52.59,52.637,52.708,52.786,52.855,52.942,53.048,53.152,53.29,53.475,53.657,53.957,55.166
654,@TPP,47.436,48.473,48.722,49.034,49.162,49.287,49.398,49.498,49.561,49.661,49.722,49.781,49.846,49.89,49.951,50.02,50.068,50.107,50.16,50.198,50.235,50.272,50.322,50.371,50.414,50.44,50.476,50.506,50.532,50.579,50.616,50.647,50.678,50.707,50.742,50.767,50.798,50.825,50.853,50.893,50.909,50.94,50.963,50.994,51.029,51.059,51.085,51.11,51.137,51.17,51.203,51.23,51.259,51.285,51.312,51.343,51.379,51.411,51.428,51.454,51.484,51.512,51.54,51.562,51.601,51.631,51.666,51.693,51.717,51.742,51.766,51.799,51.834,51.874,51.913,51.955,52.001,52.042,52.085,52.127,52.169,52.212,52.273,52.337,52.379,52.419,52.487,52.543,52.595,52.663,52.721,52.793,52.866,52.943,53.044,53.138,53.293,53.496,53.711,54.05,55.139
655,@TPP,47.436,48.473,48.722,49.034,49.162,49.287,49.398,49.498,49.561,49.661,49.722,49.781,49.846,49.89,49.951,50.02,50.068,50.107,50.16,50.198,50.235,50.272,50.322,50.371,50.414,50.44,50.476,50.506,50.532,50.579,50.616,50.647,50.678,50.707,50.742,50.767,50.798,50.825,50.853,50.893,50.909,50.94,50.963,50.994,51.029,51.059,51.085,51.11,51.137,51.17,51.203,51.23,51.259,51.285,51.312,51.343,51.379,51.411,51.428,51.454,51.484,51.512,51.54,51.562,51.601,51.631,51.666,51.693,51.717,51.742,51.766,51.799,51.834,51.874,51.913,51.955,52.001,52.042,52.085,52.127,52.169,52.212,52.273,52.337,52.379,52.419,52.487,52.543,52.595,52.663,52.721,52.793,52.866,52.943,53.044,53.138,53.293,53.496,53.711,54.05,55.139
656,@TPP,47.557,48.352,48.683,48.879,49.09,49.19,49.318,49.415,49.494,49.571,49.648,49.726,49.784,49.852,49.914,49.965,49.994,50.057,50.107,50.143,50.187,50.236,50.276,50.311,50.349,50.391,50.429,50.454,50.502,50.536,50.566,50.597,50.634,50.667,50.705,50.738,50.758,50.784,50.804,50.832,50.871,50.9,50.933,50.955,50.994,51.021,51.053,51.088,51.11,51.13,51.157,51.19,51.223,51.25,51.274,51.294,51.321,51.348,51.37,51.396,51.419,51.453,51.486,51.518,51.545,51.579,51.609,51.651,51.685,51.719,51.758,51.795,51.836,51.867,51.908,51.954,51.988,52.027,52.07,52.118,52.164,52.221,52.256,52.296,52.341,52.399,52.462,52.527,52.585,52.651,52.704,52.761,52.831,52.957,53.076,53.168,53.343,53.53,53.74,54.063,55.039
657,@TPP,47.557,48.352,48.683,48.879,49.09,49.19,49.318,49.415,49.494,49.571,49.648,49.726,49.784,49.852,49.914,49.965,49.994,50.057,50.107,50.143,50.187,50.236,50.276,50.311,50.349,50.391,50.429,50.454,50.502,50.536,50.566,50.597,50.634,50.667,50.705,50.738,50.758,50.784,50.804,50.832,50.871,50.9,50.933,50.955,50.994,51.021,51.053,51.088,51.11,51.13,51.157,51.19,51.223,51.25,51.274,51.294,51.321,51.348,51.37,51.396,51.419,51.453,51.486,51.518,51.545,51.579,51.609,51.651,51.685,51.719,51.758,51.795,51.836,51.867,51.908,51.954,51.988,52.027,52.07,52.118,52.164,52.221,52.256,52.296,52.341,52.399,52.462,52.527,52.585,52.651,52.704,52.761,52.831,52.957,53.076,53.168,53.343,53.53,53.74,54.063,55.039
658,@TPP,47.61,48.257,48.588,48.805,48.976,49.145,49.274,49.372,49.464,49.541,49.642,49.71,49.756,49.81,49.88,49.935,49.986,50.032,50.07,50.106,50.134,50.19,50.225,50.257,50.291,50.333,50.365,50.4,50.44,50.474,50.508,50.531,50.56,50.598,50.629,50.667,50.692,50.73,50.768,50.801,50.833,50.862,50.893,50.931,50.953,50.983,51.014,51.047,51.073,51.102,51.129,51.158,51.184,51.212,51.231,51.267,51.294,51.324,51.354,51.386,51.411,51.45,51.487,51.513,51.542,51.567,51.599,51.629,51.663,51.696,51.736,51.771,51.818,51.851,51.897,51.93,51.963,51.996,52.044,52.099,52.133,52.182,52.226,52.266,52.317,52.372,52.429,52.482,52.552,52.618,52.696,52.777,52.862,52.974,53.077,53.207,53.342,53.482,53.696,54.048,55.325
659,@TPP,47.61,48.257,48.588,48.805,48.976,49.145,49.274,49.372,49.464,49.541,49.642,49.71,49.756,49.81,49.88,49.935,49.986,50.032,50.07,50.106,50.134,50.19,50.225,50.257,50.291,50.333,50.365,50.4,50.44,50.474,50.508,50.531,50.56,50.598,50.629,50.667,50.692,50.73,50.768,50.801,50.833,50.862,50.893,50.931,50.953,50.983,51.014,51.047,51.073,51.102,51.129,51.158,51.184,51.212,51.231,51.267,51.294,51.324,51.354,51.386,51.411,51.45,51.487,51.513,51.542,51.567,51.599,51.629,51.663,51.696,51.736,51.771,51.818,51.851,51.897,51.93,51.963,51.996,52.044,52.099,52.133,52.182,52.226,52.266,52.317,52.372,52.429,52.482,52.552,52.618,52.696,52.777,52.862,52.974,53.077,53.207,53.342,53.482,53.696,54.048,55.325
660,@TPP,47.571,48.14,48.533,48.72,48.876,49.093,49.232,49.342,49.437,49.516,49.585,49.665,49.713,49.785,49.846,49.891,49.936,49.988,50.039,50.086,50.128,50.159,50.196,50.242,50.282,50.318,50.354,50.383,50.416,50.463,50.507,50.543,50.575,50.601,50.637,50.664,50.693,50.718,50.745,50.769,50.794,50.829,50.87,50.903,50.935,50.963,50.985,51.012,51.047,51.072,51.108,51.141,51.163,51.197,51.227,51.264,51.285,51.318,51.352,51.383,51.411,51.435,51.463,51.5,51.533,51.569,51.604,51.634,51.666,51.692,51.721,51.755,51.791,51.826,51.861,51.907,51.943,51.986,52.019,52.06,52.103,52.146,52.204,52.248,52.302,52.376,52.436,52.518,52.59,52.661,52.726,52.808,52.887,52.985,53.064,53.175,53.295,53.475,53.686,53.968,55.139
661,@TPP,47.571,48.14,48.533,48.72,48.876,49.093,49.232,49.342,49.437,49.516,49.585,49.665,49.713,49.785,49.846,49.891,49.936,49.988,50.039,50.086,50.128,50.159,50.196,50.242,50.282,50.318,50.354,50.383,50.416,50.463,50.507,50.543,50.575,50.601,50.637,50.664,50.693,50.718,50.745,50.769,50.794,50.829,50.87,50.903,50.935,50.963,50.985,51.012,51.047,51.072,51.108,51.141,51.163,51.197,51.227,51.264,51.285,51.318,51.352,51.383,51.411,51.435,51.463,51.5,51.533,51.569,51.604,51.634,51.666,51.692,51.721,51.755,51.791,51.826,51.861,51.907,51.943,51.986,52.019,52.06,52.103,52.146,52.204,52.248,52.302,52.376,52.436,52.518,52.59,52.661,52.726,52.808,52.887,52.985,53.064,53.175,53.295,53.475,53.686,53.968,55.139
662,@TPP,47.472,48.162,48.503,48.67,48.86,49.017,49.144,49.245,49.336,49.434,49.506,49.605,49.679,49.755,49.814,49.883,49.924,49.967,50.016,50.052,50.089,50.131,50.159,50.202,50.235,50.275,50.31,50.34,50.391,50.437,50.461,50.496,50.527,50.571,50.602,50.645,50.672,50.709,50.734,50.762,50.795,50.822,50.851,50.882,50.906,50.929,50.95,50.978,51.002,51.027,51.056,51.083,51.118,51.151,51.175,51.206,51.243,51.271,51.302,51.34,51.368,51.401,51.43,51.471,51.5,51.547,51.571,51.602,51.637,51.673,51.707,51.741,51.78,51.815,51.845,51.876,51.909,51.945,51.996,52.047,52.086,52.128,52.182,52.234,52.295,52.356,52.424,52.481,52.549,52.631,52.71,52.774,52.876,52.981,53.042,53.176,53.313,53.469,53.705,54.09,55.353
663,@TPP,47.472,48.162,48.503,48.67,48.86,49.017,49.144,49.245,49.336,49.434,49.506,49.605,49.679,49.755,49.814,49.883,49.924,49.967,50.016,50.052,50.089,50.131,50.159,50.202,50.235,50.275,50.31,50.34,50.391,50.437,50.461,50.496,50.527,50.571,50.602,50.645,50.672,50.709,50.734,50.762,50.795,50.822,50.851,50.882,50.906,50.929,50.95,50.978,51.002,51.027,51.056,51.083,51.118,51.151,51.175,51.206,51.243,51.271,51.302,51.34,51.368,51.401,51.43,51.471,51.5,51.547,51.571,51.602,51.637,51.673,51.707,51.741,51.78,51.815,51.845,51.876,51.909,51.945,51.996,52.047,52.086,52.128,52.182,52.234,52.295,52.356,52.424,52.481,52.549,52.631,52.71,52.774,52.876,52.981,53.042,53.176,53.313,53.469,53.705,54.09,55.353
664,@TPP,46.995,48.164,48.434,48.615,48.829,48.989,49.118,49.218,49.312,49.42,49.494,49.562,49.626,49.682,49.757,49.813,49.878,49.922,49.978,50.012,50.057,50.102,50.134,50.183,50.221,50.257,50.296,50.344,50.38,50.414,50.449,50.482,50.518,50.55,50.592,50.626,50.654,50.68,50.71,50.734,50.759,50.791,50.813,50.837,50.864,50.894,50.922,50.957,50.988,51.013,51.039,51.066,51.103,51.121,51.158,51.196,51.228,51.255,51.279,51.316,51.359,51.381,51.417,51.453,51.49,51.516,51.553,51.587,51.623,51.656,51.686,51.719,51.759,51.802,51.84,51.868,51.907,51.947,51.994,52.04,52.086,52.138,52.18,52.226,52.281,52.331,52.392,52.503,52.564,52.629,52.722,52.797,52.881,52.974,53.06,53.148,53.26,53.407,53.631,54.007,55.352
665,@TPP,46.995,48.164,48.434,48.615,48.829,48.989,49.118,49.218,49.312,49.42,49.494,49.562,49.626,49.682,49.757,49.813,49.878,49.922,49.978,50.012,50.057,50.102,50.134,50.183,50.221,50.257,50.296,50.344,50.38,50.414,50.449,50.482,50.518,50.55,50.592,50.626,50.654,50.68,50.71,50.734,50.759,50.791,50.813,50.837,50.864,50.894,50.922,50.957,50.988,51.013,51.039,51.066,51.103,51.121,51.158,51.196,51.228,51.255,51.279,51.316,51.359,51.381,51.417,51.453,51.49,51.516,51.553,51.587,51.623,51.656,51.686,51.719,51.759,51.802,51.84,51.868,51.907,51.947,51.994,52.04,52.086,52.138,52.18,52.226,52.281,52.331,52.392,52.503,52.564,52.629,52.722,52.797,52.881,52.974,53.06,53.148,53.26,53.407,53.631,54.007,55.352
666,@TPP,46.906,48.138,48.412,48.686,48.816,48.921,49.033,49.184,49.283,49.373,49.443,49.524,49.568,49.637,49.702,49.761,49.822,49.89,49.94,49.998,50.036,50.066,50.112,50.141,50.185,50.22,50.263,50.297,50.338,50.371,50.399,50.437,50.473,50.508,50.544,50.575,50.612,50.644,50.679,50.703,50.736,50.76,50.786,50.806,50.832,50.866,50.891,50.916,50.948,50.978,51.015,51.047,51.074,51.109,51.148,51.179,51.207,51.235,51.274,51.306,51.35,51.378,51.408,51.456,51.49,51.52,51.556,51.588,51.616,51.656,51.69,51.72,51.766,51.802,51.845,51.877,51.911,51.945,51.989,52.039,52.082,52.121,52.17,52.23,52.286,52.356,52.411,52.471,52.521,52.601,52.662,52.741,52.82,52.886,53.0,53.121,53.284,53.464,53.663,54.072,55.645
667,@TPP,46.906,48.138,48.412,48.686,48.816,48.921,49.033,49.184,49.283,49.373,49.443,49.524,49.568,49.637,49.702,49.761,49.822,49.89,49.94,49.998,50.036,50.066,50.112,50.141,50.185,50.22,50.263,50.297,50.338,50.371,50.399,50.437,50.473,50.508,50.544,50.575,50.612,50.644,50.679,50.703,50.736,50.76,50.786,50.806,50.832,50.866,50.891,50.916,50.948,50.978,51.015,51.047,51.074,51.109,51.148,51.179,51.207,51.235,51.274,51.306,51.35,51.378,51.408,51.456,51.49,51.52,51.556,51.588,51.616,51.656,51.69,51.72,51.766,51.802,51.845,51.877,51.911,51.945,51.989,52.039,52.082,52.121,52.17,52.23,52.286,52.356,52.411,52.471,52.521,52.601,52.662,52.741,52.82,52.886,53.0,53.121,53.284,53.464,53.663,54.072,55.645
668,@TPP,46.926,48.19,48.45,48.675,48.817,48.915,49.047,49.156,49.243,49.319,49.407,49.483,49.538,49.605,49.675,49.73,49.766,49.815,49.864,49.913,49.96,50.007,50.046,50.096,50.136,50.176,50.217,50.252,50.296,50.327,50.364,50.391,50.424,50.452,50.487,50.517,50.548,50.577,50.619,50.648,50.681,50.711,50.741,50.774,50.809,50.844,50.878,50.912,50.946,50.976,51.002,51.039,51.059,51.089,51.12,51.146,51.18,51.224,51.254,51.29,51.324,51.345,51.374,51.404,51.435,51.467,51.498,51.543,51.578,51.621,51.655,51.682,51.725,51.764,51.796,51.835,51.886,51.926,51.963,52.011,52.074,52.112,52.164,52.21,52.266,52.307,52.377,52.442,52.513,52.557,52.641,52.723,52.799,52.876,52.972,53.123,53.246,53.395,53.579,54.064,55.497
669,@TPP,46.926,48.19,48.45,48.675,48.817,48.915,49.047,49.156,49.243,49.319,49.407,49.483,49.538,49.605,49.675,49.73,49.766,49.815,49.864,49.913,49.96,50.007,50.046,50.096,50.136,50.176,50.217,50.252,50.296,50.327,50.364,50.391,50.424,50.452,50.487,50.517,50.548,50.577,50.619,50.648,50.681,50.711,50.741,50.774,50.809,50.844,50.878,50.912,50.946,50.976,51.002,51.039,51.059,51.089,51.12,51.146,51.18,51.224,51.254,51.29,51.324,51.345,51.374,51.404,51.435,51.467,51.498,51.543,51.578,51.621,51.655,51.682,51.725,51.764,51.796,51.835,51.886,51.926,51.963,52.011,52.074,52.112,52.164,52.21,52.266,52.307,52.377,52.442,52.513,52.557,52.641,52.723,52.799,52.876,52.972,53.123,53.246,53.395,53.579,54.064,55.497
670,@TPP,46.846,48.016,48.368,48.58,48.787,48.914,49.02,49.079,49.159,49.235,49.332,49.411,49.476,49.556,49.631,49.708,49.758,49.825,49.886,49.927,49.988,50.036,50.076,50.12,50.145,50.172,50.218,50.248,50.279,50.315,50.346,50.38,50.408,50.428,50.469,50.512,50.543,50.573,50.608,50.64,50.673,50.709,50.744,50.774,50.802,50.835,50.863,50.887,50.926,50.954,50.98,51.015,51.037,51.076,51.108,51.143,51.174,51.221,51.253,51.285,51.311,51.35,51.383,51.422,51.458,51.485,51.509,51.542,51.572,51.61,51.648,51.675,51.708,51.751,51.798,51.833,51.881,51.911,51.957,52.015,52.067,52.107,52.142,52.192,52.25,52.318,52.368,52.425,52.485,52.543,52.609,52.681,52.758,52.818,52.929,53.058,53.218,53.365,53.499,53.89,55.684
671,@TPP,46.846,48.016,48.368,48.58,48.787,48.914,49.02,49.079,49.159,49.235,49.332,49.411,49.476,49.556,49.631,49.708,49.758,49.825,49.886,49.927,49.988,50.036,50.076,50.12,50.145,50.172,50.218,50.248,50.279,50.315,50.346,50.38,50.408,50.428,50.469,50.512,50.543,50.573,50.608,50.64,50.673,50.709,50.744,50.774,50.802,50.835,50.863,50.887,50.926,50.954,50.98,51.015,51.037,51.076,51.108,51.143,51.174,51.221,51.253,51.285,51.311,51.35,51.383,51.422,51.458,51.485,51.509,51.542,51.572,51.61,51.648,51.675,51.708,51.751,51.798,51.833,51.881,51.911,51.957,52.015,52.067,52.107,52.142,52.192,52.25,52.318,52.368,52.425,52.485,52.543,52.609,52.681,52.758,52.818,52.929,53.058,53.218,53.365,53.499,53.89,55.684
672,@TPP,46.638,48.034,48.345,48.608,48.738,48.904,48.986,49.103,49.195,49.297,49.374,49.429,49.508,49.57,49.622,49.688,49.738,49.774,49.817,49.883,49.932,49.968,50.003,50.051,50.086,50.125,50.153,50.19,50.238,50.277,50.317,50.352,50.38,50.415,50.45,50.494,50.534,50.554,50.585,50.622,50.653,50.679,50.72,50.76,50.791,50.823,50.86,50.887,50.915,50.95,50.971,51.011,51.037,51.072,51.104,51.137,51.17,51.202,51.237,51.262,51.305,51.333,51.36,51.391,51.429,51.461,51.498,51.533,51.565,51.605,51.637,51.669,51.704,51.733,51.775,51.816,51.854,51.885,51.923,51.973,52.019,52.072,52.118,52.168,52.213,52.263,52.316,52.377,52.435,52.492,52.562,52.624,52.695,52.796,52.902,53.008,53.142,53.266,53.539,53.885,55.524
673,@TPP,46.638,48.034,48.345,48.608,48.738,48.904,48.986,49.103,49.195,49.297,49.374,49.429,49.508,49.57,49.622,49.688,49.738,49.774,49.817,49.883,49.932,49.968,50.003,50.051,50.086,50.125,50.153,50.19,50.238,50.277,50.317,50.352,50.38,50.415,50.45,50.494,50.534,50.554,50.585,50.622,50.653,50.679,50.72,50.76,50.791,50.823,50.86,50.887,50.915,50.95,50.971,51.011,51.037,51.072,51.104,51.137,51.17,51.202,51.237,51.262,51.305,51.333,51.36,51.391,51.429,51.461,51.498,51.533,51.565,51.605,51.637,51.669,51.704,51.733,51.775,51.816,51.854,51.885,51.923,51.973,52.019,52.072,52.118,52.168,52.213,52.263,52.316,52.377,52.435,52.492,52.562,52.624,52.695,52.796,52.902,53.008,53.142,53.266,53.539,53.885,55.524
674,@TPP,46.493,48.045,48.456,48.586,48.727,48.836,48.966,49.091,49.186,49.252,49.323,49.413,49.475,49.55,49.61,49.658,49.705,49.756,49.816,49.86,49.898,49.947,49.997,50.038,50.08,50.122,50.163,50.206,50.248,50.288,50.321,50.357,50.383,50.406,50.446,50.483,50.517,50.553,50.58,50.604,50.633,50.666,50.708,50.733,50.771,50.813,50.841,50.872,50.904,50.933,50.967,51.001,51.03,51.063,51.099,51.134,51.167,51.198,51.236,51.275,51.311,51.346,51.388,51.42,51.446,51.469,51.498,51.533,51.557,51.581,51.62,51.652,51.678,51.719,51.755,51.798,51.842,51.872,51.908,51.956,51.987,52.02,52.062,52.116,52.183,52.222,52.265,52.328,52.409,52.454,52.519,52.608,52.702,52.779,52.897,53.026,53.16,53.332,53.554,53.911,55.204
675,@TPP,46.493,48.045,48.456,48.586,48.727,48.836,48.966,49.091,49.186,49.252,49.323,49.413,49.475,49.55,49.61,49.658,49.705,49.756,49.816,49.86,49.898,49.947,49.997,50.038,50.08,50.122,50.163,50.206,50.248,50.288,50.321,50.357,50.383,50.406,50.446,50.483,50.517,50.553,50.58,50.604,50.633,50.666,50.708,50.733,50.771,50.813,50.841,50.872,50.904,50.933,50.967,51.001,51.03,51.063,51.099,51.134,51.167,51.198,51.236,51.275,51.311,51.346,51.388,51.42,51.446,51.469,51.498,51.533,51.557,51.581,51.62,51.652,51.678,51.719,51.755,51.798,51.842,51.872,51.908,51.956,51.987,52.02,52.062,52.116,52.183,52.222,52.265,52.328,52.409,52.454,52.519,52.608,52.702,52.779,52.897,53.026,53.16,53.332,53.554,53.911,55.204
676,@TPP,46.656,47.951,48.367,48.632,48.742,48.873,48.985,49.099,49.178,49.248,49.321,49.387,49.433,49.501,49.573,49.64,49.691,49.754,49.788,49.847,49.891,49.934,49.968,50.019,50.062,50.101,50.145,50.176,50.213,50.254,50.287,50.313,50.346,50.374,50.405,50.441,50.478,50.523,50.548,50.578,50.607,50.639,50.668,50.7,50.739,50.779,50.803,50.838,50.87,50.903,50.937,50.971,51.007,51.044,51.075,51.104,51.136,51.165,51.199,51.231,51.267,51.295,51.317,51.347,51.385,51.423,51.458,51.482,51.527,51.567,51.597,51.637,51.67,51.709,51.745,51.779,51.804,51.835,51.866,51.914,51.959,52.002,52.056,52.11,52.149,52.212,52.265,52.322,52.372,52.416,52.473,52.556,52.634,52.702,52.794,52.916,53.083,53.248,53.467,53.959,55.201
677,@TPP,46.656,47.951,48.367,48.632,48.742,48.873,48.985,49.099,49.178,49.248,49.321,49.387,49.433,49.501,49.573,49.64,49.691,49.754,49.788,49.847,49.891,49.934,49.968,50.019,50.062,50.101,50.145,50.176,50.213,50.254,50.287,50.313,50.346,50.374,50.405,50.441,50.478,50.523,50.548,50.578,50.607,50.639,50.668,50.7,50.739,50.779,50.803,50.838,50.87,50.903,50.937,50.971,51.007,51.044,51.075,51.104,51.136,51.165,51.199,51.231,51.267,51.295,51.317,51.347,51.385,51.423,51.458,51.482,51.527,51.567,51.597,51.637,51.67,51.709,51.745,51.779,51.804,51.835,51.866,51.914,51.959,52.002,52.056,52.11,52.149,52.212,52.265,52.322,52.372,52.416,52.473,52.556,52.634,52.702,52.794,52.916,53.083,53.248,53.467,53.959,55.201
678,@TPP,46.699,47.889,48.344,48.561,48.722,48.867,48.966,49.058,49.143,49.231,49.333,49.41,49.468,49.519,49.57,49.62,49.669,49.729,49.776,49.818,49.866,49.917,49.964,50.002,50.044,50.084,50.153,50.191,50.23,50.252,50.292,50.318,50.348,50.379,50.415,50.444,50.473,50.504,50.531,50.568,50.603,50.639,50.662,50.685,50.715,50.747,50.778,50.809,50.847,50.897,50.921,50.955,50.991,51.025,51.06,51.088,51.118,51.157,51.18,51.214,51.248,51.282,51.321,51.348,51.389,51.416,51.444,51.477,51.519,51.551,51.585,51.626,51.657,51.681,51.718,51.75,51.788,51.833,51.876,51.918,51.964,52.005,52.051,52.098,52.148,52.191,52.246,52.301,52.375,52.437,52.485,52.553,52.639,52.713,52.788,52.934,53.072,53.203,53.415,53.845,54.992
679,@TPP,46.699,47.889,48.344,48.561,48.722,48.867,48.966,49.058,49.143,49.231,49.333,49.41,49.468,49.519,49.57,49.62,49.669,49.729,49.776,49.818,49.866,49.917,49.964,50.002,50.044,50.084,50.153,50.191,50.23,50.252,50.292,50.318,50.348,50.379,50.415,50.444,50.473,50.504,50.531,50.568,50.603,50.639,50.662,50.685,50.715,50.747,50.778,50.809,50.847,50.897,50.921,50.955,50.991,51.025,51.06,51.088,51.118,51.157,51.18,51.214,51.248,51.282,51.321,51.348,51.389,51.416,51.444,51.477,51.519,51.551,51.585,51.626,51.657,51.681,51.718,51.75,51.788,51.833,51.876,51.918,51.964,52.005,52.051,52.098,52.148,52.191,52.246,52.301,52.375,52.437,52.485,52.553,52.639,52.713,52.788,52.934,53.072,53.203,53.415,53.845,54.992
680,@TPP,46.687,47.888,48.27,48.547,48.706,48.828,48.953,49.017,49.135,49.212,49.299,49.358,49.419,49.486,49.541,49.593,49.648,49.707,49.761,49.827,49.869,49.909,49.945,49.994,50.044,50.078,50.112,50.141,50.18,50.22,50.26,50.308,50.343,50.373,50.403,50.439,50.477,50.506,50.538,50.573,50.613,50.634,50.664,50.697,50.722,50.756,50.781,50.81,50.853,50.877,50.918,50.944,50.972,51.003,51.05,51.082,51.111,51.136,51.166,51.195,51.219,51.245,51.285,51.318,51.351,51.373,51.402,51.425,51.448,51.481,51.518,51.559,51.591,51.628,51.67,51.706,51.745,51.795,51.853,51.9,51.951,52.01,52.055,52.092,52.157,52.207,52.262,52.308,52.366,52.423,52.478,52.534,52.601,52.667,52.78,52.875,53.001,53.229,53.461,53.813,54.795
681,@TPP,46.687,47.888,48.27,48.547,48.706,48.828,48.953,49.017,49.135,49.212,49.299,49.358,49.419,49.486,49.541,49.593,49.648,49.707,49.761,49.827,49.869,49.909,49.945,49.994,50.044,50.078,50.112,50.141,50.18,50.22,50.26,50.308,50.343,50.373,50.403,50.439,50.477,50.506,50.538,50.573,50.613,50.634,50.664,50.697,50.722,50.756,50.781,50.81,50.853,50.877,50.918,50.944,50.972,51.003,51.05,51.082,51.111,51.136,51.166,51.195,51.219,51.245,51.285,51.318,51.351,51.373,51.402,51.425,51.448,51.481,51.518,51.559,51.591,51.628,51.67,51.706,51.745,51.795,51.853,51.9,51.951,52.01,52.055,52.092,52.157,52.207,52.262,52.308,52.366,52.423,52.478,52.534,52.601,52.667,52.78,52.875,53.001,53.229,53.461,53.813,54.795
682,@TPP,46.949,47.99,48.244,48.472,48.67,48.774,48.947,49.068,49.175,49.247,49.299,49.38,49.446,49.502,49.568,49.622,49.671,49.72,49.768,49.808,49.86,49.91,49.948,49.987,50.027,50.076,50.109,50.147,50.182,50.214,50.257,50.299,50.327,50.36,50.407,50.443,50.463,50.494,50.526,50.557,50.593,50.619,50.642,50.668,50.694,50.723,50.751,50.783,50.815,50.846,50.871,50.893,50.92,50.957,50.997,51.024,51.055,51.085,51.116,51.15,51.185,51.217,51.252,51.292,51.318,51.353,51.381,51.408,51.442,51.471,51.505,51.539,51.575,51.612,51.662,51.698,51.735,51.776,51.822,51.874,51.916,51.954,51.991,52.035,52.089,52.172,52.217,52.263,52.313,52.372,52.465,52.524,52.602,52.692,52.776,52.876,52.991,53.162,53.455,53.855,54.555
683,@TPP,46.949,47.99,48.244,48.472,48.67,48.774,48.947,49.068,49.175,49.247,49.299,49.38,49.446,49.502,49.568,49.622,49.671,49.72,49.768,49.808,49.86,49.91,49.948,49.987,50.027,50.076,50.109,50.147,50.182,50.214,50.257,50.299,50.327,50.36,50.407,50.443,50.463,50.494,50.526,50.557,50.593,50.619,50.642,50.668,50.694,50.723,50.751,50.783,50.815,50.846,50.871,50.893,50.92,50.957,50.997,51.024,51.055,51.085,51.116,51.15,51.185,51.217,51.252,51.292,51.318,51.353,51.381,51.408,51.442,51.471,51.505,51.539,51.575,51.612,51.662,51.698,51.735,51.776,51.822,51.874,51.916,51.954,51.991,52.035,52.089,52.172,52.217,52.263,52.313,52.372,52.465,52.524,52.602,52.692,52.776,52.876,52.991,53.162,53.455,53.855,54.555
684,@TPP,46.865,47.933,48.262,48.481,48.623,48.75,48.884,49.009,49.117,49.223,49.289,49.357,49.433,49.495,49.534,49.596,49.639,49.709,49.758,49.806,49.851,49.894,49.929,49.981,50.024,50.055,50.088,50.121,50.168,50.203,50.241,50.278,50.318,50.348,50.374,50.412,50.451,50.485,50.505,50.535,50.57,50.608,50.643,50.671,50.699,50.724,50.752,50.783,50.816,50.84,50.873,50.893,50.918,50.955,50.99,51.026,51.07,51.092,51.126,51.152,51.174,51.207,51.227,51.255,51.291,51.318,51.347,51.379,51.423,51.449,51.476,51.497,51.527,51.573,51.604,51.646,51.687,51.725,51.762,51.798,51.83,51.873,51.923,51.971,52.026,52.081,52.148,52.205,52.287,52.334,52.415,52.491,52.583,52.695,52.779,52.899,53.027,53.139,53.351,53.749,54.486
685,@TPP,46.865,47.933,48.262,48.481,48.623,48.75,48.884,49.009,49.117,49.223,49.289,49.357,49.433,49.495,49.534,49.596,49.639,49.709,49.758,49.806,49.851,49.894,49.929,49.981,50.024,50.055,50.088,50.121,50.168,50.203,50.241,50.278,50.318,50.348,50.374,50.412,50.451,50.485,50.505,50.535,50.57,50.608,50.643,50.671,50.699,50.724,50.752,50.783,50.816,50.84,50.873,50.893,50.918,50.955,50.99,51.026,51.07,51.092,51.126,51.152,51.174,51.207,51.227,51.255,51.291,51.318,51.347,51.379,51.423,51.449,51.476,51.497,51.527,51.573,51.604,51.646,51.687,51.725,51.762,51.798,51.83,51.873,51.923,51.971,52.026,52.081,52.148,52.205,52.287,52.334,52.415,52.491,52.583,52.695,52.779,52.899,53.027,53.139,53.351,53.749,54.486
686,@TPP,47.086,47.901,48.257,48.547,48.712,48.814,48.915,49.02,49.135,49.226,49.301,49.366,49.428,49.487,49.538,49.576,49.645,49.709,49.752,49.786,49.826,49.872,49.913,49.962,50.013,50.049,50.071,50.121,50.164,50.194,50.226,50.271,50.311,50.344,50.378,50.402,50.434,50.464,50.495,50.527,50.558,50.59,50.616,50.646,50.679,50.711,50.743,50.775,50.797,50.827,50.856,50.884,50.909,50.93,50.951,50.985,51.015,51.048,51.077,51.111,51.143,51.172,51.198,51.235,51.272,51.305,51.341,51.366,51.394,51.423,51.454,51.486,51.523,51.563,51.588,51.632,51.669,51.699,51.733,51.784,51.83,51.866,51.905,51.956,51.999,52.049,52.094,52.16,52.209,52.265,52.333,52.405,52.492,52.603,52.692,52.818,52.92,53.104,53.282,53.663,54.35
687,@TPP,47.086,47.901,48.257,48.547,48.712,48.814,48.915,49.02,49.135,49.226,49.301,49.366,49.428,49.487,49.538,49.576,49.645,49.709,49.752,49.786,49.826,49.872,49.913,49.962,50.013,50.049,50.071,50.121,50.164,50.194,50.226,50.271,50.311,50.344,50.378,50.402,50.434,50.464,50.495,50.527,50.558,50.59,50.616,50.646,50.679,50.711,50.743,50.775,50.797,50.827,50.856,50.884,50.909,50.93,50.951,50.985,51.015,51.048,51.077,51.111,51.143,51.172,51.198,51.235,51.272,51.305,51.341,51.366,51.394,51.423,51.454,51.486,51.523,51.563,51.588,51.632,51.669,51.699,51.733,51.784,51.83,51.866,51.905,51.956,51.999,52.049,52.094,52.16,52.209,52.265,52.333,52.405,52.492,52.603,52.692,52.818,52.92,53.104,53.282,53.663,54.35
688,@TPP,46.981,47.863,48.362,48.59,48.746,48.889,49.016,49.107,49.187,49.236,49.31,49.368,49.435,49.499,49.567,49.615,49.655,49.714,49.767,49.798,49.844,49.877,49.912,49.964,50.011,50.053,50.091,50.12,50.156,50.204,50.234,50.278,50.308,50.339,50.377,50.407,50.436,50.462,50.484,50.514,50.54,50.572,50.597,50.623,50.645,50.681,50.708,50.731,50.754,50.785,50.816,50.846,50.867,50.892,50.927,50.953,50.983,51.021,51.048,51.07,51.095,51.124,51.158,51.194,51.219,51.247,51.283,51.317,51.36,51.381,51.426,51.46,51.505,51.536,51.574,51.601,51.634,51.674,51.714,51.763,51.805,51.857,51.886,51.931,51.996,52.035,52.077,52.131,52.198,52.256,52.318,52.391,52.473,52.549,52.663,52.783,52.917,53.043,53.272,53.578,54.367
689,@TPP,46.981,47.863,48.362,48.59,48.746,48.889,49.016,49.107,49.187,49.236,49.31,49.368,49.435,49.499,49.567,49.615,49.655,49.714,49.767,49.798,49.844,49.877,49.912,49.964,50.011,50.053,50.091,50.12,50.156,50.204,50.234,50.278,50.308,50.339,50.377,50.407,50.436,50.462,50.484,50.514,50.54,50.572,50.597,50.623,50.645,50.681,50.708,50.731,50.754,50.785,50.816,50.846,50.867,50.892,50.927,50.953,50.983,51.021,51.048,51.07,51.095,51.124,51.158,51.194,51.219,51.247,51.283,51.317,51.36,51.381,51.426,51.46,51.505,51.536,51.574,51.601,51.634,51.674,51.714,51.763,51.805,51.857,51.886,51.931,51.996,52.035,52.077,52.131,52.198,52.256,52.318,52.391,52.473,52.549,52.663,52.783,52.917,53.043,53.272,53.578,54.367
690,@TPP,47.056,47.95,48.372,48.593,48.757,48.879,48.961,49.072,49.142,49.242,49.327,49.387,49.438,49.506,49.568,49.61,49.643,49.699,49.739,49.788,49.84,49.88,49.933,49.974,50.01,50.043,50.092,50.122,50.162,50.192,50.224,50.268,50.299,50.328,50.358,50.395,50.428,50.461,50.487,50.515,50.544,50.565,50.599,50.63,50.659,50.686,50.709,50.737,50.764,50.79,50.818,50.838,50.866,50.888,50.911,50.939,50.968,50.998,51.028,51.052,51.074,51.104,51.136,51.163,51.205,51.235,51.27,51.305,51.332,51.374,51.416,51.449,51.484,51.512,51.548,51.579,51.611,51.652,51.684,51.734,51.79,51.837,51.886,51.917,51.958,52.006,52.048,52.1,52.163,52.232,52.285,52.357,52.423,52.508,52.588,52.71,52.841,52.955,53.196,53.575,54.36
691,@TPP,47.056,47.95,48.372,48.593,48.757,48.879,48.961,49.072,49.142,49.242,49.327,49.387,49.438,49.506,49.568,49.61,49.643,49.699,49.739,49.788,49.84,49.88,49.933,49.974,50.01,50.043,50.092,50.122,50.162,50.192,50.224,50.268,50.299,50.328,50.358,50.395,50.428,50.461,50.487,50.515,50.544,50.565,50.599,50.63,50.659,50.686,50.709,50.737,50.764,50.79,50.818,50.838,50.866,50.888,50.911,50.939,50.968,50.998,51.028,51.052,51.074,51.104,51.136,51.163,51.205,51.235,51.27,51.305,51.332,51.374,51.416,51.449,51.484,51.512,51.548,51.579,51.611,51.652,51.684,51.734,51.79,51.837,51.886,51.917,51.958,52.006,52.048,52.1,52.163,52.232,52.285,52.357,52.423,52.508,52.588,52.71,52.841,52.955,53.196,53.575,54.36
692,@TPP,47.133,48.047,48.391,48.554,48.724,48.879,49.0,49.108,49.171,49.244,49.315,49.387,49.438,49.49,49.566,49.608,49.668,49.718,49.765,49.804,49.855,49.897,49.924,49.965,50.003,50.047,50.079,50.12,50.164,50.2,50.237,50.267,50.296,50.331,50.37,50.403,50.432,50.459,50.488,50.508,50.528,50.556,50.578,50.604,50.627,50.654,50.68,50.704,50.742,50.763,50.788,50.82,50.846,50.868,50.89,50.915,50.943,50.978,51.005,51.026,51.055,51.08,51.119,51.147,51.173,51.2,51.226,51.26,51.286,51.311,51.337,51.363,51.396,51.427,51.463,51.507,51.541,51.584,51.62,51.657,51.694,51.744,51.791,51.83,51.87,51.914,51.98,52.04,52.119,52.189,52.259,52.317,52.373,52.428,52.529,52.621,52.745,52.896,53.13,53.474,54.529
693,@TPP,47.133,48.047,48.391,48.554,48.724,48.879,49.0,49.108,49.171,49.244,49.315,49.387,49.438,49.49,49.566,49.608,49.668,49.718,49.765,49.804,49.855,49.897,49.924,49.965,50.003,50.047,50.079,50.12,50.164,50.2,50.237,50.267,50.296,50.331,50.37,50.403,50.432,50.459,50.488,50.508,50.528,50.556,50.578,50.604,50.627,50.654,50.68,50.704,50.742,50.763,50.788,50.82,50.846,50.868,50.89,50.915,50.943,50.978,51.005,51.026,51.055,51.08,51.119,51.147,51.173,51.2,51.226,51.26,51.286,51.311,51.337,51.363,51.396,51.427,51.463,51.507,51.541,51.584,51.62,51.657,51.694,51.744,51.791,51.83,51.87,51.914,51.98,52.04,52.119,52.189,52.259,52.317,52.373,52.428,52.529,52.621,52.745,52.896,53.13,53.474,54.529
694,@TPP,47.102,48.231,48.449,48.625,48.828,48.923,49.018,49.133,49.195,49.271,49.346,49.404,49.466,49.518,49.58,49.62,49.656,49.702,49.741,49.788,49.827,49.88,49.917,49.954,50.001,50.041,50.075,50.112,50.143,50.176,50.208,50.232,50.264,50.292,50.333,50.371,50.396,50.425,50.455,50.479,50.509,50.539,50.559,50.589,50.616,50.651,50.674,50.71,50.733,50.762,50.796,50.816,50.846,50.873,50.892,50.908,50.933,50.969,50.998,51.025,51.045,51.067,51.093,51.116,51.14,51.167,51.203,51.228,51.25,51.281,51.311,51.345,51.379,51.41,51.449,51.48,51.517,51.555,51.599,51.646,51.678,51.729,51.771,51.811,51.855,51.903,51.946,51.993,52.06,52.125,52.165,52.235,52.3,52.395,52.504,52.622,52.73,52.836,53.053,53.406,54.203
695,@TPP,47.102,48.231,48.449,48.625,48.828,48.923,49.018,49.133,49.195,49.271,49.346,49.404,49.466,49.518,49.58,49.62,49.656,49.702,49.741,49.788,49.827,49.88,49.917,49.954,50.001,50.041,50.075,50.112,50.143,50.176,50.208,50.232,50.264,50.292,50.333,50.371,50.396,50.425,50.455,50.479,50.509,50.539,50.559,50.589,50.616,50.651,50.674,50.71,50.733,50.762,50.796,50.816,50.846,50.873,50.892,50.908,50.933,50.969,50.998,51.025,51.045,51.067,51.093,51.116,51.14,51.167,51.203,51.228,51.25,51.281,51.311,51.345,51.379,51.41,51.449,51.48,51.517,51.555,51.599,51.646,51.678,51.729,51.771,51.811,51.855,51.903,51.946,51.993,52.06,52.125,52.165,52.235,52.3,52.395,52.504,52.622,52.73,52.836,53.053,53.406,54.203
696,@TPP,47.242,48.15,48.465,48.69,48.786,48.875,48.963,49.071,49.149,49.263,49.329,49.394,49.446,49.495,49.549,49.618,49.672,49.722,49.767,49.828,49.87,49.908,49.956,49.99,50.018,50.049,50.08,50.111,50.146,50.182,50.217,50.254,50.293,50.327,50.364,50.39,50.411,50.436,50.463,50.492,50.519,50.548,50.577,50.601,50.628,50.658,50.678,50.703,50.731,50.757,50.778,50.806,50.836,50.87,50.901,50.927,50.957,50.983,51.008,51.033,51.058,51.084,51.126,51.154,51.188,51.219,51.251,51.274,51.3,51.334,51.362,51.392,51.419,51.447,51.484,51.518,51.549,51.587,51.629,51.67,51.702,51.73,51.781,51.815,51.86,51.925,51.985,52.039,52.098,52.164,52.218,52.274,52.363,52.445,52.514,52.604,52.712,52.813,53.049,53.441,54.138
697,@TPP,47.242,48.15,48.465,48.69,48.786,48.875,48.963,49.071,49.149,49.263,49.329,49.394,49.446,49.495,49.549,49.618,49.672,49.722,49.767,49.828,49.87,49.908,49.956,49.99,50.018,50.049,50.08,50.111,50.146,50.182,50.217,50.254,50.293,50.327,50.364,50.39,50.411,50.436,50.463,50.492,50.519,50.548,50.577,50.601,50.628,50.658,50.678,50.703,50.731,50.757,50.778,50.806,50.836,50.87,50.901,50.927,50.957,50.983,51.008,51.033,51.058,51.084,51.126,51.154,51.188,51.219,51.251,51.274,51.3,51.334,51.362,51.392,51.419,51.447,51.484,51.518,51.549,51.587,51.629,51.67,51.702,51.73,51.781,51.815,51.86,51.925,51.985,52.039,52.098,52.164,52.218,52.274,52.363,52.445,52.514,52.604,52.712,52.813,53.049,53.441,54.138
698,@TPP,47.365,48.174,48.474,48.718,48.838,48.941,49.01,49.069,49.152,49.232,49.286,49.369,49.438,49.487,49.554,49.605,49.665,49.718,49.764,49.811,49.861,49.9,49.941,49.982,50.018,50.06,50.096,50.132,50.171,50.198,50.228,50.271,50.295,50.329,50.356,50.383,50.41,50.441,50.471,50.499,50.533,50.562,50.59,50.618,50.646,50.667,50.695,50.724,50.746,50.78,50.802,50.828,50.85,50.884,50.914,50.948,50.971,50.997,51.013,51.036,51.059,51.086,51.114,51.145,51.183,51.21,51.249,51.286,51.32,51.361,51.389,51.42,51.457,51.482,51.514,51.548,51.581,51.612,51.651,51.688,51.723,51.771,51.808,51.846,51.879,51.926,51.979,52.025,52.084,52.134,52.202,52.269,52.359,52.453,52.564,52.652,52.776,52.914,53.086,53.471,54.375
699,@TPP,47.365,48.174,48.474,48.718,48.838,48.941,49.01,49.069,49.152,49.232,49.286,49.369,49.438,49.487,49.554,49.605,49.665,49.718,49.764,49.811,49.861,49.9,49.941,49.982,50.018,50.06,50.096,50.132,50.171,50.198,50.228,50.271,50.295,50.329,50.356,50.383,50.41,50.441,50.471,50.499,50.533,50.562,50.59,50.618,50.646,50.667,50.695,50.724,50.746,50.78,50.802,50.828,50.85,50.884,50.914,50.948,50.971,50.997,51.013,51.036,51.059,51.086,51.114,51.145,51.183,51.21,51.249,51.286,51.32,51.361,51.389,51.42,51.457,51.482,51.514,51.548,51.581,51.612,51.651,51.688,51.723,51.771,51.808,51.846,51.879,51.926,51.979,52.025,52.084,52.134,52.202,52.269,52.359,52.453,52.564,52.652,52.776,52.914,53.086,53.471,54.375
700,@TPP,47.183,48.111,48.48,48.695,48.818,48.917,49.016,49.115,49.194,49.263,49.319,49.385,49.43,49.484,49.544,49.596,49.635,49.671,49.733,49.777,49.82,49.873,49.926,49.958,49.996,50.033,50.068,50.106,50.14,50.179,50.21,50.244,50.281,50.31,50.34,50.371,50.404,50.435,50.466,50.491,50.518,50.546,50.58,50.606,50.641,50.668,50.701,50.729,50.766,50.799,50.822,50.852,50.876,50.898,50.927,50.952,50.983,51.011,51.04,51.074,51.096,51.128,51.152,51.18,51.208,51.239,51.27,51.308,51.346,51.378,51.415,51.448,51.478,51.513,51.547,51.572,51.604,51.647,51.682,51.706,51.737,51.777,51.825,51.862,51.911,51.961,51.994,52.041,52.098,52.151,52.2,52.287,52.359,52.455,52.565,52.721,52.843,52.973,53.152,53.478,54.263
701,@TPP,47.183,48.111,48.48,48.695,48.818,48.917,49.016,49.115,49.194,49.263,49.319,49.385,49.43,49.484,49.544,49.596,49.635,49.671,49.733,49.777,49.82,49.873,49.926,49.958,49.996,50.033,50.068,50.106,50.14,50.179,50.21,50.244,50.281,50.31,50.34,50.371,50.404,50.435,50.466,50.491,50.518,50.546,50.58,50.606,50.641,50.668,50.701,50.729,50.766,50.799,50.822,50.852,50.876,50.898,50.927,50.952,50.983,51.011,51.04,51.074,51.096,51.128,51.152,51.18,51.208,51.239,51.27,51.308,51.346,51.378,51.415,51.448,51.478,51.513,51.547,51.572,51.604,51.647,51.682,51.706,51.737,51.777,51.825,51.862,51.911,51.961,51.994,52.041,52.098,52.151,52.2,52.287,52.359,52.455,52.565,52.721,52.843,52.973,53.152,53.478,54.263
702,@TPP,47.041,48.109,48.406,48.605,48.759,48.874,48.99,49.084,49.171,49.252,49.328,49.388,49.451,49.522,49.568,49.604,49.667,49.715,49.775,49.807,49.855,49.893,49.928,49.965,50.001,50.045,50.077,50.116,50.152,50.185,50.231,50.257,50.289,50.324,50.351,50.389,50.426,50.456,50.483,50.517,50.542,50.572,50.596,50.623,50.646,50.676,50.719,50.756,50.791,50.818,50.847,50.879,50.913,50.939,50.968,50.996,51.026,51.049,51.076,51.107,51.134,51.163,51.193,51.223,51.251,51.284,51.32,51.356,51.375,51.403,51.425,51.447,51.486,51.511,51.551,51.577,51.611,51.646,51.666,51.706,51.751,51.798,51.834,51.872,51.915,51.967,52.007,52.064,52.119,52.186,52.242,52.306,52.387,52.491,52.621,52.717,52.854,53.001,53.232,53.628,54.063
703,@TPP,47.041,48.109,48.406,48.605,48.759,48.874,48.99,49.084,49.171,49.252,49.328,49.388,49.451,49.522,49.568,49.604,49.667,49.715,49.775,49.807,49.855,49.893,49.928,49.965,50.001,50.045,50.077,50.116,50.152,50.185,50.231,50.257,50.289,50.324,50.351,50.389,50.426,50.456,50.483,50.517,50.542,50.572,50.596,50.623,50.646,50.676,50.719,50.756,50.791,50.818,50.847,50.879,50.913,50.939,50.968,50.996,51.026,51.049,51.076,51.107,51.134,51.163,51.193,51.223,51.251,51.284,51.32,51.356,51.375,51.403,51.425,51.447,51.486,51.511,51.551,51.577,51.611,51.646,51.666,51.706,51.751,51.798,51.834,51.872,51.915,51.967,52.007,52.064,52.119,52.186,52.242,52.306,52.387,52.491,52.621,52.717,52.854,53.001,53.232,53.628,54.063
704,@TPP,46.949,48.169,48.468,48.663,48.775,48.894,48.994,49.111,49.22,49.292,49.351,49.425,49.482,49.529,49.582,49.642,49.696,49.749,49.803,49.844,49.882,49.914,49.951,49.986,50.019,50.068,50.105,50.136,50.165,50.213,50.246,50.279,50.305,50.341,50.379,50.413,50.449,50.473,50.502,50.537,50.562,50.587,50.618,50.648,50.676,50.701,50.733,50.757,50.787,50.809,50.837,50.864,50.894,50.916,50.953,50.978,51.01,51.038,51.08,51.106,51.14,51.163,51.194,51.219,51.245,51.271,51.301,51.327,51.351,51.382,51.425,51.464,51.493,51.519,51.548,51.576,51.603,51.641,51.698,51.728,51.764,51.807,51.857,51.9,51.937,51.987,52.032,52.078,52.141,52.184,52.255,52.344,52.404,52.478,52.59,52.687,52.834,53.02,53.198,53.593,54.362
705,@TPP,46.949,48.169,48.468,48.663,48.775,48.894,48.994,49.111,49.22,49.292,49.351,49.425,49.482,49.529,49.582,49.642,49.696,49.749,49.803,49.844,49.882,49.914,49.951,49.986,50.019,50.068,50.105,50.136,50.165,50.213,50.246,50.279,50.305,50.341,50.379,50.413,50.449,50.473,50.502,50.537,50.562,50.587,50.618,50.648,50.676,50.701,50.733,50.757,50.787,50.809,50.837,50.864,50.894,50.916,50.953,50.978,51.01,51.038,51.08,51.106,51.14,51.163,51.194,51.219,51.245,51.271,51.301,51.327,51.351,51.382,51.425,51.464,51.493,51.519,51.548,51.576,51.603,51.641,51.698,51.728,51.764,51.807,51.857,51.9,51.937,51.987,52.032,52.078,52.141,52.184,52.255,52.344,52.404,52.478,52.59,52.687,52.834,53.02,53.198,53.593,54.362
706,@TPP,46.953,48.17,48.525,48.735,48.87,48.962,49.071,49.201,49.271,49.321,49.378,49.436,49.503,49.555,49.592,49.637,49.69,49.733,49.791,49.839,49.871,49.916,49.953,49.999,50.04,50.069,50.115,50.154,50.191,50.229,50.265,50.298,50.34,50.374,50.407,50.444,50.475,50.505,50.533,50.566,50.589,50.618,50.64,50.669,50.698,50.723,50.749,50.781,50.811,50.839,50.862,50.889,50.909,50.943,50.967,50.999,51.028,51.055,51.075,51.109,51.14,51.169,51.197,51.226,51.26,51.29,51.316,51.342,51.372,51.397,51.435,51.454,51.476,51.512,51.535,51.567,51.6,51.638,51.674,51.707,51.742,51.786,51.829,51.869,51.923,51.968,52.018,52.069,52.125,52.186,52.277,52.351,52.402,52.477,52.584,52.689,52.862,53.049,53.28,53.566,54.357
707,@TPP,46.953,48.17,48.525,48.735,48.87,48.962,49.071,49.201,49.271,49.321,49.378,49.436,49.503,49.555,49.592,49.637,49.69,49.733,49.791,49.839,49.871,49.916,49.953,49.999,50.04,50.069,50.115,50.154,50.191,50.229,50.265,50.298,50.34,50.374,50.407,50.444,50.475,50.505,50.533,50.566,50.589,50.618,50.64,50.669,50.698,50.723,50.749,50.781,50.811,50.839,50.862,50.889,50.909,50.943,50.967,50.999,51.028,51.055,51.075,51.109,51.14,51.169,51.197,51.226,51.26,51.29,51.316,51.342,51.372,51.397,51.435,51.454,51.476,51.512,51.535,51.567,51.6,51.638,51.674,51.707,51.742,51.786,51.829,51.869,51.923,51.968,52.018,52.069,52.125,52.186,52.277,52.351,52.402,52.477,52.584,52.689,52.862,53.049,53.28,53.566,54.357
708,@TPP,47.242,48.265,48.577,48.727,48.91,49.018,49.097,49.188,49.264,49.333,49.395,49.462,49.506,49.576,49.63,49.679,49.729,49.775,49.833,49.871,49.918,49.961,49.991,50.036,50.065,50.098,50.14,50.177,50.211,50.242,50.273,50.311,50.347,50.377,50.406,50.43,50.467,50.489,50.519,50.558,50.59,50.611,50.633,50.658,50.69,50.709,50.742,50.766,50.788,50.804,50.83,50.861,50.903,50.929,50.953,50.983,51.006,51.034,51.066,51.09,51.118,51.147,51.178,51.212,51.235,51.271,51.296,51.326,51.363,51.407,51.444,51.471,51.497,51.528,51.558,51.587,51.617,51.647,51.674,51.713,51.748,51.784,51.821,51.869,51.93,51.982,52.027,52.078,52.139,52.212,52.274,52.375,52.445,52.505,52.577,52.721,52.817,52.993,53.195,53.549,54.387
709,@TPP,47.242,48.265,48.577,48.727,48.91,49.018,49.097,49.188,49.264,49.333,49.395,49.462,49.506,49.576,49.63,49.679,49.729,49.775,49.833,49.871,49.918,49.961,49.991,50.036,50.065,50.098,50.14,50.177,50.211,50.242,50.273,50.311,50.347,50.377,50.406,50.43,50.467,50.489,50.519,50.558,50.59,50.611,50.633,50.658,50.69,50.709,50.742,50.766,50.788,50.804,50.83,50.861,50.903,50.929,50.953,50.983,51.006,51.034,51.066,51.09,51.118,51.147,51.178,51.212,51.235,51.271,51.296,51.326,51.363,51.407,51.444,51.471,51.497,51.528,51.558,51.587,51.617,51.647,51.674,51.713,51.748,51.784,51.821,51.869,51.93,51.982,52.027,52.078,52.139,52.212,52.274,52.375,52.445,52.505,52.577,52.721,52.817,52.993,53.195,53.549,54.387
710,@TPP,47.312,48.278,48.579,48.754,48.857,49.012,49.112,49.221,49.293,49.344,49.433,49.501,49.558,49.608,49.663,49.714,49.761,49.805,49.859,49.899,49.947,49.987,50.021,50.062,50.091,50.115,50.175,50.205,50.238,50.268,50.298,50.322,50.357,50.39,50.417,50.438,50.469,50.497,50.529,50.552,50.573,50.602,50.627,50.661,50.688,50.714,50.74,50.758,50.786,50.813,50.84,50.883,50.909,50.937,50.961,50.994,51.022,51.049,51.07,51.108,51.134,51.161,51.196,51.22,51.253,51.284,51.317,51.355,51.384,51.414,51.436,51.474,51.506,51.545,51.597,51.626,51.657,51.682,51.733,51.762,51.8,51.838,51.884,51.919,51.963,52.011,52.047,52.085,52.136,52.196,52.251,52.315,52.386,52.472,52.581,52.691,52.861,53.014,53.18,53.586,54.485
711,@TPP,47.312,48.278,48.579,48.754,48.857,49.012,49.112,49.221,49.293,49.344,49.433,49.501,49.558,49.608,49.663,49.714,49.761,49.805,49.859,49.899,49.947,49.987,50.021,50.062,50.091,50.115,50.175,50.205,50.238,50.268,50.298,50.322,50.357,50.39,50.417,50.438,50.469,50.497,50.529,50.552,50.573,50.602,50.627,50.661,50.688,50.714,50.74,50.758,50.786,50.813,50.84,50.883,50.909,50.937,50.961,50.994,51.022,51.049,51.07,51.108,51.134,51.161,51.196,51.22,51.253,51.284,51.317,51.355,51.384,51.414,51.436,51.474,51.506,51.545,51.597,51.626,51.657,51.682,51.733,51.762,51.8,51.838,51.884,51.919,51.963,52.011,52.047,52.085,52.136,52.196,52.251,52.315,52.386,52.472,52.581,52.691,52.861,53.014,53.18,53.586,54.485
712,@TPP,47.144,48.233,48.628,48.797,48.968,49.052,49.16,49.249,49.354,49.412,49.485,49.536,49.596,49.654,49.713,49.758,49.811,49.861,49.897,49.937,49.973,50.017,50.042,50.07,50.098,50.134,50.159,50.195,50.23,50.268,50.298,50.326,50.36,50.381,50.42,50.447,50.473,50.51,50.538,50.566,50.591,50.627,50.645,50.677,50.712,50.742,50.773,50.799,50.824,50.85,50.88,50.908,50.935,50.971,51.01,51.038,51.059,51.082,51.109,51.141,51.165,51.192,51.235,51.261,51.29,51.316,51.338,51.377,51.414,51.446,51.476,51.508,51.543,51.586,51.616,51.652,51.682,51.716,51.742,51.78,51.824,51.856,51.893,51.949,51.985,52.016,52.063,52.122,52.178,52.253,52.307,52.382,52.453,52.515,52.605,52.692,52.807,52.941,53.124,53.554,54.418
713,@TPP,47.144,48.233,48.628,48.797,48.968,49.052,49.16,49.249,49.354,49.412,49.485,49.536,49.596,49.654,49.713,49.758,49.811,49.861,49.897,49.937,49.973,50.017,50.042,50.07,50.098,50.134,50.159,50.195,50.23,50.268,50.298,50.326,50.36,50.381,50.42,50.447,50.473,50.51,50.538,50.566,50.591,50.627,50.645,50.677,50.712,50.742,50.773,50.799,50.824,50.85,50.88,50.908,50.935,50.971,51.01,51.038,51.059,51.082,51.109,51.141,51.165,51.192,51.235,51.261,51.29,51.316,51.338,51.377,51.414,51.446,51.476,51.508,51.543,51.586,51.616,51.652,51.682,51.716,51.742,51.78,51.824,51.856,51.893,51.949,51.985,52.016,52.063,52.122,52.178,52.253,52.307,52.382,52.453,52.515,52.605,52.692,52.807,52.941,53.124,53.554,54.418
714,@TPP,47.392,48.344,48.699,48.843,48.981,49.076,49.176,49.304,49.402,49.472,49.542,49.591,49.641,49.702,49.743,49.791,49.83,49.88,49.914,49.949,49.98,50.013,50.047,50.091,50.135,50.161,50.214,50.254,50.283,50.316,50.349,50.378,50.408,50.429,50.462,50.487,50.51,50.534,50.552,50.583,50.604,50.63,50.675,50.701,50.725,50.76,50.788,50.82,50.849,50.872,50.889,50.921,50.946,50.975,51.005,51.036,51.06,51.093,51.119,51.146,51.176,51.206,51.241,51.274,51.3,51.329,51.361,51.39,51.423,51.471,51.5,51.536,51.568,51.598,51.633,51.674,51.7,51.732,51.762,51.795,51.85,51.894,51.928,51.964,52.007,52.037,52.089,52.122,52.172,52.235,52.303,52.371,52.428,52.504,52.62,52.717,52.811,53.002,53.18,53.434,54.358
715,@TPP,47.392,48.344,48.699,48.843,48.981,49.076,49.176,49.304,49.402,49.472,49.542,49.591,49.641,49.702,49.743,49.791,49.83,49.88,49.914,49.949,49.98,50.013,50.047,50.091,50.135,50.161,50.214,50.254,50.283,50.316,50.349,50.378,50.408,50.429,50.462,50.487,50.51,50.534,50.552,50.583,50.604,50.63,50.675,50.701,50.725,50.76,50.788,50.82,50.849,50.872,50.889,50.921,50.946,50.975,51.005,51.036,51.06,51.093,51.119,51.146,51.176,51.206,51.241,51.274,51.3,51.329,51.361,51.39,51.423,51.471,51.5,51.536,51.568,51.598,51.633,51.674,51.7,51.732,51.762,51.795,51.85,51.894,51.928,51.964,52.007,52.037,52.089,52.122,52.172,52.235,52.303,52.371,52.428,52.504,52.62,52.717,52.811,53.002,53.18,53.434,54.358
716,@TPP,47.512,48.384,48.736,48.891,49.046,49.154,49.266,49.369,49.457,49.519,49.573,49.63,49.68,49.746,49.788,49.843,49.881,49.91,49.952,49.987,50.021,50.052,50.082,50.112,50.143,50.178,50.216,50.248,50.269,50.294,50.324,50.359,50.387,50.419,50.448,50.479,50.508,50.534,50.562,50.584,50.604,50.646,50.674,50.699,50.741,50.765,50.795,50.826,50.848,50.882,50.905,50.938,50.973,50.999,51.016,51.033,51.059,51.09,51.124,51.156,51.19,51.215,51.241,51.271,51.313,51.352,51.383,51.416,51.449,51.487,51.525,51.557,51.589,51.615,51.65,51.689,51.724,51.758,51.793,51.826,51.86,51.901,51.936,51.971,52.013,52.053,52.11,52.167,52.205,52.268,52.326,52.381,52.446,52.542,52.63,52.717,52.822,52.979,53.143,53.417,54.371
717,@TPP,47.512,48.384,48.736,48.891,49.046,49.154,49.266,49.369,49.457,49.519,49.573,49.63,49.68,49.746,49.788,49.843,49.881,49.91,49.952,49.987,50.021,50.052,50.082,50.112,50.143,50.178,50.216,50.248,50.269,50.294,50.324,50.359,50.387,50.419,50.448,50.479,50.508,50.534,50.562,50.584,50.604,50.646,50.674,50.699,50.741,50.765,50.795,50.826,50.848,50.882,50.905,50.938,50.973,50.999,51.016,51.033,51.059,51.09,51.124,51.156,51.19,51.215,51.241,51.271,51.313,51.352,51.383,51.416,51.449,51.487,51.525,51.557,51.589,51.615,51.65,51.689,51.724,51.758,51.793,51.826,51.86,51.901,51.936,51.971,52.013,52.053,52.11,52.167,52.205,52.268,52.326,52.381,52.446,52.542,52.63,52.717,52.822,52.979,53.143,53.417,54.371
718,@TPP,47.491,48.412,48.755,48.958,49.14,49.249,49.358,49.431,49.515,49.585,49.644,49.696,49.754,49.805,49.843,49.882,49.928,49.967,50.002,50.036,50.071,50.105,50.134,50.17,50.208,50.24,50.272,50.303,50.331,50.369,50.398,50.431,50.461,50.489,50.51,50.538,50.564,50.594,50.624,50.647,50.67,50.697,50.721,50.756,50.776,50.802,50.834,50.862,50.881,50.909,50.933,50.958,50.989,51.017,51.052,51.073,51.097,51.127,51.157,51.186,51.221,51.251,51.281,51.308,51.348,51.384,51.406,51.427,51.447,51.48,51.503,51.536,51.57,51.603,51.63,51.66,51.684,51.719,51.754,51.789,51.83,51.862,51.903,51.927,51.972,52.021,52.075,52.124,52.192,52.257,52.31,52.373,52.46,52.532,52.641,52.734,52.855,52.992,53.178,53.503,54.334
719,@TPP,47.491,48.412,48.755,48.958,49.14,49.249,49.358,49.431,49.515,49.585,49.644,49.696,49.754,49.805,49.843,49.882,49.928,49.967,50.002,50.036,50.071,50.105,50.134,50.17,50.208,50.24,50.272,50.303,50.331,50.369,50.398,50.431,50.461,50.489,50.51,50.538,50.564,50.594,50.624,50.647,50.67,50.697,50.721,50.756,50.776,50.802,50.834,50.862,50.881,50.909,50.933,50.958,50.989,51.017,51.052,51.073,51.097,51.127,51.157,51.186,51.221,51.251,51.281,51.308,51.348,51.384,51.406,51.427,51.447,51.48,51.503,51.536,51.57,51.603,51.63,51.66,51.684,51.719,51.754,51.789,51.83,51.862,51.903,51.927,51.972,52.021,52.075,52.124,52.192,52.257,52.31,52.373,52.46,52.532,52.641,52.734,52.855,52.992,53.178,53.503,54.334
720,@TPP,47.541,48.424,48.827,49.034,49.17,49.296,49.41,49.492,49.564,49.633,49.702,49.768,49.81,49.84,49.876,49.923,49.955,49.996,50.031,50.08,50.117,50.15,50.189,50.222,50.251,50.282,50.328,50.36,50.387,50.414,50.448,50.474,50.505,50.535,50.555,50.576,50.6,50.626,50.651,50.682,50.719,50.745,50.769,50.793,50.824,50.852,50.87,50.904,50.929,50.954,50.98,51.008,51.033,51.058,51.078,51.109,51.14,51.168,51.195,51.222,51.25,51.277,51.308,51.33,51.359,51.38,51.401,51.434,51.459,51.496,51.524,51.557,51.583,51.607,51.638,51.676,51.706,51.735,51.769,51.819,51.863,51.894,51.934,51.975,52.023,52.066,52.122,52.174,52.248,52.293,52.355,52.421,52.48,52.55,52.621,52.754,52.871,52.991,53.143,53.359,54.336
721,@TPP,47.541,48.424,48.827,49.034,49.17,49.296,49.41,49.492,49.564,49.633,49.702,49.768,49.81,49.84,49.876,49.923,49.955,49.996,50.031,50.08,50.117,50.15,50.189,50.222,50.251,50.282,50.328,50.36,50.387,50.414,50.448,50.474,50.505,50.535,50.555,50.576,50.6,50.626,50.651,50.682,50.719,50.745,50.769,50.793,50.824,50.852,50.87,50.904,50.929,50.954,50.98,51.008,51.033,51.058,51.078,51.109,51.14,51.168,51.195,51.222,51.25,51.277,51.308,51.33,51.359,51.38,51.401,51.434,51.459,51.496,51.524,51.557,51.583,51.607,51.638,51.676,51.706,51.735,51.769,51.819,51.863,51.894,51.934,51.975,52.023,52.066,52.122,52.174,52.248,52.293,52.355,52.421,52.48,52.55,52.621,52.754,52.871,52.991,53.143,53.359,54.336
722,@TPP,47.723,48.561,48.975,49.111,49.26,49.373,49.457,49.572,49.621,49.672,49.728,49.777,49.834,49.89,49.943,49.973,50.008,50.052,50.096,50.127,50.16,50.194,50.215,50.25,50.283,50.318,50.358,50.398,50.429,50.461,50.493,50.526,50.554,50.573,50.593,50.613,50.635,50.662,50.687,50.714,50.748,50.774,50.794,50.816,50.849,50.873,50.901,50.926,50.949,50.975,50.997,51.019,51.047,51.078,51.104,51.13,51.156,51.182,51.201,51.223,51.248,51.276,51.311,51.335,51.364,51.394,51.419,51.452,51.484,51.514,51.548,51.577,51.604,51.633,51.659,51.69,51.722,51.757,51.795,51.833,51.868,51.914,51.948,51.99,52.025,52.057,52.096,52.143,52.191,52.238,52.295,52.362,52.437,52.515,52.603,52.7,52.814,52.939,53.098,53.368,54.14
723,@TPP,47.723,48.561,48.975,49.111,49.26,49.373,49.457,49.572,49.621,49.672,49.728,49.777,49.834,49.89,49.943,49.973,50.008,50.052,50.096,50.127,50.16,50.194,50.215,50.25,50.283,50.318,50.358,50.398,50.429,50.461,50.493,50.526,50.554,50.573,50.593,50.613,50.635,50.662,50.687,50.714,50.748,50.774,50.794,50.816,50.849,50.873,50.901,50.926,50.949,50.975,50.997,51.019,51.047,51.078,51.104,51.13,51.156,51.182,51.201,51.223,51.248,51.276,51.311,51.335,51.364,51.394,51.419,51.452,51.484,51.514,51.548,51.577,51.604,51.633,51.659,51.69,51.722,51.757,51.795,51.833,51.868,51.914,51.948,51.99,52.025,52.057,52.096,52.143,52.191,52.238,52.295,52.362,52.437,52.515,52.603,52.7,52.814,52.939,53.098,53.368,54.14
724,@TPP,48.037,48.699,48.929,49.185,49.334,49.412,49.505,49.59,49.686,49.74,49.796,49.844,49.898,49.939,49.982,50.027,50.073,50.112,50.139,50.167,50.188,50.219,50.247,50.271,50.302,50.332,50.367,50.39,50.424,50.453,50.476,50.517,50.547,50.578,50.609,50.633,50.656,50.679,50.713,50.743,50.77,50.798,50.825,50.853,50.876,50.899,50.929,50.963,50.984,51.016,51.039,51.057,51.078,51.1,51.124,51.145,51.174,51.204,51.228,51.252,51.279,51.305,51.328,51.355,51.383,51.407,51.433,51.456,51.487,51.518,51.548,51.584,51.615,51.642,51.666,51.697,51.73,51.757,51.793,51.839,51.874,51.912,51.947,51.979,52.034,52.08,52.106,52.153,52.203,52.248,52.29,52.35,52.411,52.476,52.544,52.645,52.775,52.884,53.096,53.42,54.161
725,@TPP,48.037,48.699,48.929,49.185,49.334,49.412,49.505,49.59,49.686,49.74,49.796,49.844,49.898,49.939,49.982,50.027,50.073,50.112,50.139,50.167,50.188,50.219,50.247,50.271,50.302,50.332,50.367,50.39,50.424,50.453,50.476,50.517,50.547,50.578,50.609,50.633,50.656,50.679,50.713,50.743,50.77,50.798,50.825,50.853,50.876,50.899,50.929,50.963,50.984,51.016,51.039,51.057,51.078,51.1,51.124,51.145,51.174,51.204,51.228,51.252,51.279,51.305,51.328,51.355,51.383,51.407,51.433,51.456,51.487,51.518,51.548,51.584,51.615,51.642,51.666,51.697,51.73,51.757,51.793,51.839,51.874,51.912,51.947,51.979,52.034,52.08,52.106,52.153,52.203,52.248,52.29,52.35,52.411,52.476,52.544,52.645,52.775,52.884,53.096,53.42,54.161
726,@TPP,47.946,48.75,49.109,49.256,49.381,49.468,49.578,49.642,49.711,49.779,49.827,49.876,49.916,49.973,50.011,50.047,50.087,50.122,50.16,50.188,50.217,50.244,50.286,50.321,50.349,50.392,50.426,50.45,50.478,50.515,50.543,50.573,50.594,50.616,50.635,50.66,50.696,50.719,50.744,50.773,50.791,50.818,50.838,50.862,50.891,50.91,50.933,50.961,50.991,51.015,51.038,51.058,51.082,51.101,51.126,51.147,51.176,51.209,51.231,51.258,51.285,51.317,51.336,51.355,51.382,51.411,51.437,51.462,51.489,51.511,51.539,51.563,51.586,51.615,51.647,51.68,51.709,51.748,51.779,51.814,51.846,51.878,51.904,51.936,51.989,52.026,52.069,52.119,52.174,52.224,52.297,52.361,52.44,52.511,52.58,52.671,52.755,52.88,53.026,53.439,54.149
727,@TPP,47.946,48.75,49.109,49.256,49.381,49.468,49.578,49.642,49.711,49.779,49.827,49.876,49.916,49.973,50.011,50.047,50.087,50.122,50.16,50.188,50.217,50.244,50.286,50.321,50.349,50.392,50.426,50.45,50.478,50.515,50.543,50.573,50.594,50.616,50.635,50.66,50.696,50.719,50.744,50.773,50.791,50.818,50.838,50.862,50.891,50.91,50.933,50.961,50.991,51.015,51.038,51.058,51.082,51.101,51.126,51.147,51.176,51.209,51.231,51.258,51.285,51.317,51.336,51.355,51.382,51.411,51.437,51.462,51.489,51.511,51.539,51.563,51.586,51.615,51.647,51.68,51.709,51.748,51.779,51.814,51.846,51.878,51.904,51.936,51.989,52.026,52.069,52.119,52.174,52.224,52.297,52.361,52.44,52.511,52.58,52.671,52.755,52.88,53.026,53.439,54.149
728,@TPP,48.0,48.931,49.205,49.392,49.512,49.631,49.717,49.753,49.8,49.872,49.942,49.982,50.024,50.059,50.103,50.134,50.174,50.212,50.251,50.28,50.309,50.344,50.371,50.394,50.42,50.448,50.477,50.501,50.526,50.555,50.59,50.61,50.637,50.667,50.691,50.714,50.739,50.764,50.787,50.805,50.834,50.855,50.872,50.894,50.916,50.941,50.97,51.001,51.023,51.047,51.071,51.09,51.115,51.138,51.156,51.175,51.197,51.216,51.248,51.273,51.302,51.332,51.352,51.371,51.4,51.428,51.447,51.465,51.491,51.518,51.55,51.568,51.592,51.615,51.63,51.662,51.7,51.733,51.759,51.797,51.825,51.849,51.883,51.932,51.963,51.996,52.059,52.103,52.156,52.192,52.246,52.303,52.351,52.437,52.535,52.624,52.758,52.878,53.036,53.27,54.07
729,@TPP,48.0,48.931,49.205,49.392,49.512,49.631,49.717,49.753,49.8,49.872,49.942,49.982,50.024,50.059,50.103,50.134,50.174,50.212,50.251,50.28,50.309,50.344,50.371,50.394,50.42,50.448,50.477,50.501,50.526,50.555,50.59,50.61,50.637,50.667,50.691,50.714,50.739,50.764,50.787,50.805,50.834,50.855,50.872,50.894,50.916,50.941,50.97,51.001,51.023,51.047,51.071,51.09,51.115,51.138,51.156,51.175,51.197,51.216,51.248,51.273,51.302,51.332,51.352,51.371,51.4,51.428,51.447,51.465,51.491,51.518,51.55,51.568,51.592,51.615,51.63,51.662,51.7,51.733,51.759,51.797,51.825,51.849,51.883,51.932,51.963,51.996,52.059,52.103,52.156,52.192,52.246,52.303,52.351,52.437,52.535,52.624,52.758,52.878,53.036,53.27,54.07
730,@TPP,48.311,48.937,49.24,49.402,49.555,49.638,49.712,49.804,49.856,49.921,49.963,50.011,50.05,50.103,50.142,50.181,50.217,50.243,50.279,50.311,50.342,50.377,50.419,50.455,50.482,50.508,50.542,50.57,50.594,50.613,50.641,50.676,50.696,50.721,50.746,50.771,50.791,50.819,50.84,50.864,50.892,50.914,50.941,50.963,50.986,51.002,51.025,51.048,51.075,51.098,51.123,51.147,51.169,51.193,51.21,51.234,51.259,51.283,51.303,51.333,51.353,51.378,51.4,51.424,51.451,51.472,51.493,51.512,51.539,51.565,51.599,51.622,51.645,51.68,51.7,51.731,51.758,51.797,51.825,51.856,51.888,51.919,51.953,51.997,52.037,52.077,52.105,52.156,52.204,52.251,52.3,52.342,52.401,52.461,52.547,52.63,52.749,52.882,53.046,53.273,54.161
731,@TPP,48.311,48.937,49.24,49.402,49.555,49.638,49.712,49.804,49.856,49.921,49.963,50.011,50.05,50.103,50.142,50.181,50.217,50.243,50.279,50.311,50.342,50.377,50.419,50.455,50.482,50.508,50.542,50.57,50.594,50.613,50.641,50.676,50.696,50.721,50.746,50.771,50.791,50.819,50.84,50.864,50.892,50.914,50.941,50.963,50.986,51.002,51.025,51.048,51.075,51.098,51.123,51.147,51.169,51.193,51.21,51.234,51.259,51.283,51.303,51.333,51.353,51.378,51.4,51.424,51.451,51.472,51.493,51.512,51.539,51.565,51.599,51.622,51.645,51.68,51.7,51.731,51.758,51.797,51.825,51.856,51.888,51.919,51.953,51.997,52.037,52.077,52.105,52.156,52.204,52.251,52.3,52.342,52.401,52.461,52.547,52.63,52.749,52.882,53.046,53.273,54.161
732,@TPP,48.249,48.861,49.148,49.33,49.447,49.532,49.614,49.682,49.752,49.822,49.871,49.933,49.981,50.033,50.074,50.122,50.154,50.19,50.239,50.277,50.301,50.333,50.371,50.405,50.444,50.473,50.504,50.532,50.556,50.585,50.624,50.647,50.672,50.692,50.714,50.75,50.778,50.796,50.815,50.838,50.872,50.887,50.907,50.932,50.964,50.988,51.021,51.052,51.07,51.094,51.116,51.142,51.159,51.187,51.212,51.238,51.258,51.277,51.303,51.327,51.347,51.381,51.401,51.42,51.444,51.461,51.487,51.509,51.544,51.576,51.602,51.635,51.662,51.689,51.708,51.739,51.764,51.794,51.827,51.859,51.893,51.921,51.953,51.986,52.029,52.074,52.138,52.184,52.23,52.291,52.336,52.398,52.442,52.527,52.629,52.711,52.802,52.922,53.083,53.366,54.033
733,@TPP,48.249,48.861,49.148,49.33,49.447,49.532,49.614,49.682,49.752,49.822,49.871,49.933,49.981,50.033,50.074,50.122,50.154,50.19,50.239,50.277,50.301,50.333,50.371,50.405,50.444,50.473,50.504,50.532,50.556,50.585,50.624,50.647,50.672,50.692,50.714,50.75,50.778,50.796,50.815,50.838,50.872,50.887,50.907,50.932,50.964,50.988,51.021,51.052,51.07,51.094,51.116,51.142,51.159,51.187,51.212,51.238,51.258,51.277,51.303,51.327,51.347,51.381,51.401,51.42,51.444,51.461,51.487,51.509,51.544,51.576,51.602,51.635,51.662,51.689,51.708,51.739,51.764,51.794,51.827,51.859,51.893,51.921,51.953,51.986,52.029,52.074,52.138,52.184,52.23,52.291,52.336,52.398,52.442,52.527,52.629,52.711,52.802,52.922,53.083,53.366,54.033
734,@TPP,48.203,48.781,49.08,49.239,49.392,49.5,49.592,49.662,49.714,49.777,49.841,49.888,49.935,49.997,50.03,50.082,50.135,50.17,50.218,50.248,50.276,50.317,50.358,50.396,50.42,50.447,50.473,50.501,50.531,50.561,50.592,50.619,50.645,50.673,50.701,50.724,50.746,50.767,50.786,50.815,50.839,50.862,50.889,50.923,50.952,50.977,51.001,51.024,51.049,51.067,51.093,51.117,51.141,51.165,51.194,51.222,51.244,51.262,51.285,51.314,51.343,51.374,51.399,51.424,51.448,51.476,51.503,51.531,51.553,51.582,51.61,51.633,51.666,51.694,51.722,51.752,51.779,51.805,51.837,51.862,51.897,51.937,51.973,52.008,52.051,52.097,52.136,52.172,52.223,52.286,52.34,52.415,52.492,52.555,52.631,52.733,52.825,52.961,53.105,53.378,53.943
735,@TPP,48.203,48.781,49.08,49.239,49.392,49.5,49.592,49.662,49.714,49.777,49.841,49.888,49.935,49.997,50.03,50.082,50.135,50.17,50.218,50.248,50.276,50.317,50.358,50.396,50.42,50.447,50.473,50.501,50.531,50.561,50.592,50.619,50.645,50.673,50.701,50.724,50.746,50.767,50.786,50.815,50.839,50.862,50.889,50.923,50.952,50.977,51.001,51.024,51.049,51.067,51.093,51.117,51.141,51.165,51.194,51.222,51.244,51.262,51.285,51.314,51.343,51.374,51.399,51.424,51.448,51.476,51.503,51.531,51.553,51.582,51.61,51.633,51.666,51.694,51.722,51.752,51.779,51.805,51.837,51.862,51.897,51.937,51.973,52.008,52.051,52.097,52.136,52.172,52.223,52.286,52.34,52.415,52.492,52.555,52.631,52.733,52.825,52.961,53.105,53.378,53.943
736,@TPP,48.099,48.722,49.036,49.204,49.35,49.447,49.544,49.612,49.665,49.719,49.803,49.854,49.911,49.966,50.006,50.051,50.096,50.134,50.173,50.213,50.254,50.289,50.324,50.36,50.39,50.426,50.459,50.483,50.513,50.537,50.565,50.592,50.624,50.647,50.677,50.702,50.734,50.758,50.785,50.807,50.825,50.844,50.882,50.909,50.942,50.97,51.0,51.016,51.04,51.067,51.089,51.121,51.141,51.169,51.2,51.216,51.235,51.256,51.289,51.312,51.337,51.362,51.383,51.405,51.433,51.463,51.493,51.519,51.547,51.575,51.608,51.643,51.667,51.701,51.737,51.769,51.794,51.818,51.859,51.888,51.917,51.956,51.987,52.025,52.077,52.124,52.164,52.217,52.259,52.324,52.385,52.443,52.503,52.552,52.648,52.743,52.883,52.996,53.207,53.43,54.145
737,@TPP,48.099,48.722,49.036,49.204,49.35,49.447,49.544,49.612,49.665,49.719,49.803,49.854,49.911,49.966,50.006,50.051,50.096,50.134,50.173,50.213,50.254,50.289,50.324,50.36,50.39,50.426,50.459,50.483,50.513,50.537,50.565,50.592,50.624,50.647,50.677,50.702,50.734,50.758,50.785,50.807,50.825,50.844,50.882,50.909,50.942,50.97,51.0,51.016,51.04,51.067,51.089,51.121,51.141,51.169,51.2,51.216,51.235,51.256,51.289,51.312,51.337,51.362,51.383,51.405,51.433,51.463,51.493,51.519,51.547,51.575,51.608,51.643,51.667,51.701,51.737,51.769,51.794,51.818,51.859,51.888,51.917,51.956,51.987,52.025,52.077,52.124,52.164,52.217,52.259,52.324,52.385,52.443,52.503,52.552,52.648,52.743,52.883,52.996,53.207,53.43,54.145
738,@TPP,48.257,48.71,49.003,49.158,49.284,49.374,49.468,49.548,49.622,49.701,49.763,49.822,49.891,49.94,49.99,50.017,50.057,50.102,50.138,50.184,50.216,50.259,50.286,50.326,50.354,50.383,50.416,50.447,50.475,50.502,50.531,50.557,50.584,50.613,50.641,50.677,50.7,50.724,50.753,50.79,50.819,50.848,50.869,50.886,50.906,50.93,50.952,50.977,51.005,51.038,51.067,51.091,51.121,51.146,51.175,51.196,51.221,51.242,51.267,51.297,51.324,51.349,51.37,51.397,51.419,51.442,51.476,51.509,51.536,51.573,51.6,51.635,51.666,51.696,51.721,51.757,51.794,51.826,51.865,51.91,51.946,51.982,52.021,52.049,52.095,52.124,52.164,52.208,52.257,52.307,52.346,52.429,52.488,52.556,52.673,52.78,52.876,53.012,53.26,53.465,54.196
739,@TPP,48.257,48.71,49.003,49.158,49.284,49.374,49.468,49.548,49.622,49.701,49.763,49.822,49.891,49.94,49.99,50.017,50.057,50.102,50.138,50.184,50.216,50.259,50.286,50.326,50.354,50.383,50.416,50.447,50.475,50.502,50.531,50.557,50.584,50.613,50.641,50.677,50.7,50.724,50.753,50.79,50.819,50.848,50.869,50.886,50.906,50.93,50.952,50.977,51.005,51.038,51.067,51.091,51.121,51.146,51.175,51.196,51.221,51.242,51.267,51.297,51.324,51.349,51.37,51.397,51.419,51.442,51.476,51.509,51.536,51.573,51.6,51.635,51.666,51.696,51.721,51.757,51.794,51.826,51.865,51.91,51.946,51.982,52.021,52.049,52.095,52.124,52.164,52.208,52.257,52.307,52.346,52.429,52.488,52.556,52.673,52.78,52.876,53.012,53.26,53.465,54.196
740,@TPP,47.995,48.663,48.94,49.121,49.26,49.384,49.449,49.532,49.604,49.665,49.732,49.792,49.853,49.9,49.963,50.015,50.053,50.079,50.112,50.158,50.203,50.245,50.287,50.309,50.342,50.369,50.4,50.447,50.475,50.505,50.528,50.554,50.593,50.624,50.656,50.68,50.706,50.726,50.751,50.781,50.809,50.839,50.865,50.9,50.926,50.95,50.97,50.983,51.008,51.023,51.056,51.082,51.11,51.133,51.166,51.189,51.211,51.246,51.266,51.289,51.32,51.348,51.366,51.397,51.43,51.459,51.487,51.511,51.54,51.573,51.599,51.631,51.659,51.688,51.714,51.743,51.779,51.805,51.842,51.884,51.924,51.973,52.008,52.059,52.093,52.141,52.18,52.221,52.27,52.321,52.398,52.449,52.504,52.574,52.679,52.768,52.893,53.054,53.231,53.478,54.404
741,@TPP,47.995,48.663,48.94,49.121,49.26,49.384,49.449,49.532,49.604,49.665,49.732,49.792,49.853,49.9,49.963,50.015,50.053,50.079,50.112,50.158,50.203,50.245,50.287,50.309,50.342,50.369,50.4,50.447,50.475,50.505,50.528,50.554,50.593,50.624,50.656,50.68,50.706,50.726,50.751,50.781,50.809,50.839,50.865,50.9,50.926,50.95,50.97,50.983,51.008,51.023,51.056,51.082,51.11,51.133,51.166,51.189,51.211,51.246,51.266,51.289,51.32,51.348,51.366,51.397,51.43,51.459,51.487,51.511,51.54,51.573,51.599,51.631,51.659,51.688,51.714,51.743,51.779,51.805,51.842,51.884,51.924,51.973,52.008,52.059,52.093,52.141,52.18,52.221,52.27,52.321,52.398,52.449,52.504,52.574,52.679,52.768,52.893,53.054,53.231,53.478,54.404
742,@TPP,47.946,48.688,48.881,49.1,49.248,49.384,49.486,49.57,49.653,49.704,49.77,49.82,49.869,49.919,49.958,49.991,50.029,50.064,50.103,50.155,50.186,50.227,50.261,50.295,50.322,50.356,50.393,50.417,50.447,50.487,50.514,50.542,50.583,50.62,50.635,50.658,50.688,50.722,50.748,50.771,50.802,50.834,50.856,50.884,50.91,50.931,50.957,50.987,51.01,51.038,51.069,51.103,51.133,51.156,51.182,51.207,51.231,51.258,51.278,51.305,51.336,51.372,51.396,51.42,51.443,51.471,51.502,51.529,51.563,51.591,51.619,51.653,51.676,51.706,51.735,51.768,51.796,51.827,51.855,51.887,51.934,51.976,52.016,52.058,52.105,52.141,52.187,52.232,52.282,52.339,52.407,52.468,52.535,52.589,52.674,52.775,52.889,53.022,53.229,53.473,54.23
743,@TPP,47.946,48.688,48.881,49.1,49.248,49.384,49.486,49.57,49.653,49.704,49.77,49.82,49.869,49.919,49.958,49.991,50.029,50.064,50.103,50.155,50.186,50.227,50.261,50.295,50.322,50.356,50.393,50.417,50.447,50.487,50.514,50.542,50.583,50.62,50.635,50.658,50.688,50.722,50.748,50.771,50.802,50.834,50.856,50.884,50.91,50.931,50.957,50.987,51.01,51.038,51.069,51.103,51.133,51.156,51.182,51.207,51.231,51.258,51.278,51.305,51.336,51.372,51.396,51.42,51.443,51.471,51.502,51.529,51.563,51.591,51.619,51.653,51.676,51.706,51.735,51.768,51.796,51.827,51.855,51.887,51.934,51.976,52.016,52.058,52.105,52.141,52.187,52.232,52.282,52.339,52.407,52.468,52.535,52.589,52.674,52.775,52.889,53.022,53.229,53.473,54.23
744,@TPP,47.937,48.685,48.99,49.105,49.25,49.349,49.463,49.56,49.623,49.689,49.735,49.802,49.864,49.893,49.939,49.976,50.02,50.057,50.095,50.151,50.185,50.221,50.257,50.294,50.338,50.373,50.407,50.436,50.464,50.489,50.517,50.55,50.59,50.621,50.653,50.679,50.71,50.733,50.761,50.783,50.811,50.832,50.853,50.878,50.9,50.928,50.953,50.983,51.017,51.047,51.079,51.108,51.133,51.16,51.182,51.203,51.239,51.264,51.294,51.317,51.345,51.365,51.403,51.42,51.449,51.483,51.509,51.533,51.558,51.588,51.618,51.65,51.686,51.716,51.748,51.78,51.801,51.832,51.86,51.891,51.927,51.965,52.016,52.039,52.086,52.143,52.183,52.238,52.279,52.323,52.387,52.437,52.485,52.563,52.675,52.751,52.864,52.983,53.154,53.421,54.132
745,@TPP,47.937,48.685,48.99,49.105,49.25,49.349,49.463,49.56,49.623,49.689,49.735,49.802,49.864,49.893,49.939,49.976,50.02,50.057,50.095,50.151,50.185,50.221,50.257,50.294,50.338,50.373,50.407,50.436,50.464,50.489,50.517,50.55,50.59,50.621,50.653,50.679,50.71,50.733,50.761,50.783,50.811,50.832,50.853,50.878,50.9,50.928,50.953,50.983,51.017,51.047,51.079,51.108,51.133,51.16,51.182,51.203,51.239,51.264,51.294,51.317,51.345,51.365,51.403,51.42,51.449,51.483,51.509,51.533,51.558,51.588,51.618,51.65,51.686,51.716,51.748,51.78,51.801,51.832,51.86,51.891,51.927,51.965,52.016,52.039,52.086,52.143,52.183,52.238,52.279,52.323,52.387,52.437,52.485,52.563,52.675,52.751,52.864,52.983,53.154,53.421,54.132
746,@TPP,47.829,48.709,48.967,49.147,49.281,49.381,49.486,49.564,49.628,49.697,49.765,49.809,49.863,49.907,49.955,49.991,50.03,50.072,50.122,50.154,50.192,50.228,50.258,50.291,50.332,50.36,50.393,50.424,50.46,50.483,50.514,50.547,50.583,50.609,50.645,50.672,50.696,50.723,50.752,50.778,50.794,50.825,50.857,50.89,50.915,50.937,50.965,50.99,51.019,51.044,51.069,51.109,51.146,51.17,51.196,51.219,51.239,51.261,51.296,51.326,51.353,51.378,51.396,51.422,51.45,51.471,51.498,51.52,51.56,51.58,51.61,51.644,51.673,51.703,51.738,51.776,51.815,51.844,51.872,51.915,51.947,51.972,52.012,52.043,52.084,52.127,52.163,52.205,52.24,52.317,52.385,52.442,52.497,52.565,52.651,52.759,52.856,52.985,53.152,53.501,54.163
747,@TPP,47.829,48.709,48.967,49.147,49.281,49.381,49.486,49.564,49.628,49.697,49.765,49.809,49.863,49.907,49.955,49.991,50.03,50.072,50.122,50.154,50.192,50.228,50.258,50.291,50.332,50.36,50.393,50.424,50.46,50.483,50.514,50.547,50.583,50.609,50.645,50.672,50.696,50.723,50.752,50.778,50.794,50.825,50.857,50.89,50.915,50.937,50.965,50.99,51.019,51.044,51.069,51.109,51.146,51.17,51.196,51.219,51.239,51.261,51.296,51.326,51.353,51.378,51.396,51.422,51.45,51.471,51.498,51.52,51.56,51.58,51.61,51.644,51.673,51.703,51.738,51.776,51.815,51.844,51.872,51.915,51.947,51.972,52.012,52.043,52.084,52.127,52.163,52.205,52.24,52.317,52.385,52.442,52.497,52.565,52.651,52.759,52.856,52.985,53.152,53.501,54.163
748,@TPP,47.531,48.737,48.946,49.139,49.278,49.368,49.466,49.555,49.616,49.677,49.735,49.784,49.836,49.901,49.936,49.997,50.04,50.074,50.108,50.149,50.182,50.227,50.261,50.303,50.34,50.369,50.417,50.441,50.467,50.492,50.534,50.562,50.585,50.616,50.646,50.677,50.71,50.734,50.76,50.791,50.816,50.841,50.867,50.895,50.918,50.944,50.961,50.984,51.01,51.042,51.071,51.1,51.127,51.15,51.174,51.197,51.23,51.248,51.273,51.299,51.326,51.355,51.38,51.407,51.434,51.457,51.488,51.52,51.543,51.568,51.593,51.624,51.644,51.673,51.716,51.741,51.773,51.806,51.833,51.866,51.903,51.95,51.99,52.023,52.073,52.117,52.148,52.2,52.235,52.315,52.377,52.435,52.486,52.566,52.669,52.769,52.899,53.075,53.226,53.439,54.32
749,@TPP,47.531,48.737,48.946,49.139,49.278,49.368,49.466,49.555,49.616,49.677,49.735,49.784,49.836,49.901,49.936,49.997,50.04,50.074,50.108,50.149,50.182,50.227,50.261,50.303,50.34,50.369,50.417,50.441,50.467,50.492,50.534,50.562,50.585,50.616,50.646,50.677,50.71,50.734,50.76,50.791,50.816,50.841,50.867,50.895,50.918,50.944,50.961,50.984,51.01,51.042,51.071,51.1,51.127,51.15,51.174,51.197,51.23,51.248,51.273,51.299,51.326,51.355,51.38,51.407,51.434,51.457,51.488,51.52,51.543,51.568,51.593,51.624,51.644,51.673,51.716,51.741,51.773,51.806,51.833,51.866,51.903,51.95,51.99,52.023,52.073,52.117,52.148,52.2,52.235,52.315,52.377,52.435,52.486,52.566,52.669,52.769,52.899,53.075,53.226,53.439,54.32
750,@TPP,47.363,48.583,48.866,49.041,49.155,49.283,49.397,49.472,49.556,49.615,49.664,49.725,49.77,49.819,49.87,49.916,49.954,50.006,50.038,50.08,50.112,50.141,50.186,50.218,50.26,50.302,50.332,50.365,50.399,50.425,50.448,50.472,50.506,50.531,50.565,50.592,50.622,50.644,50.68,50.718,50.749,50.784,50.805,50.829,50.851,50.879,50.91,50.933,50.961,50.99,51.018,51.046,51.069,51.091,51.123,51.146,51.168,51.188,51.216,51.243,51.265,51.286,51.313,51.338,51.366,51.403,51.446,51.468,51.502,51.534,51.559,51.594,51.619,51.65,51.68,51.719,51.754,51.777,51.813,51.843,51.88,51.918,51.971,52.008,52.048,52.1,52.14,52.195,52.238,52.292,52.364,52.43,52.522,52.612,52.707,52.783,52.898,53.022,53.238,53.506,54.205
751,@TPP,47.363,48.583,48.866,49.041,49.155,49.283,49.397,49.472,49.556,49.615,49.664,49.725,49.77,49.819,49.87,49.916,49.954,50.006,50.038,50.08,50.112,50.141,50.186,50.218,50.26,50.302,50.332,50.365,50.399,50.425,50.448,50.472,50.506,50.531,50.565,50.592,50.622,50.644,50.68,50.718,50.749,50.784,50.805,50.829,50.851,50.879,50.91,50.933,50.961,50.99,51.018,51.046,51.069,51.091,51.123,51.146,51.168,51.188,51.216,51.243,51.265,51.286,51.313,51.338,51.366,51.403,51.446,51.468,51.502,51.534,51.559,51.594,51.619,51.65,51.68,51.719,51.754,51.777,51.813,51.843,51.88,51.918,51.971,52.008,52.048,52.1,52.14,52.195,52.238,52.292,52.364,52.43,52.522,52.612,52.707,52.783,52.898,53.022,53.238,53.506,54.205
752,@TPP,47.427,48.324,48.727,48.936,49.086,49.174,49.259,49.367,49.458,49.521,49.573,49.66,49.719,49.762,49.808,49.846,49.895,49.928,49.97,50.008,50.04,50.065,50.107,50.143,50.173,50.2,50.237,50.271,50.31,50.341,50.371,50.409,50.443,50.477,50.508,50.533,50.559,50.604,50.641,50.666,50.689,50.709,50.742,50.764,50.789,50.815,50.836,50.864,50.885,50.922,50.953,50.97,51.0,51.032,51.06,51.089,51.119,51.145,51.18,51.212,51.24,51.266,51.299,51.335,51.365,51.395,51.428,51.456,51.478,51.508,51.545,51.565,51.598,51.62,51.658,51.695,51.733,51.763,51.787,51.821,51.868,51.904,51.957,52.002,52.04,52.095,52.127,52.168,52.234,52.299,52.36,52.428,52.51,52.586,52.691,52.782,52.897,53.048,53.218,53.579,54.335
753,@TPP,47.427,48.324,48.727,48.936,49.086,49.174,49.259,49.367,49.458,49.521,49.573,49.66,49.719,49.762,49.808,49.846,49.895,49.928,49.97,50.008,50.04,50.065,50.107,50.143,50.173,50.2,50.237,50.271,50.31,50.341,50.371,50.409,50.443,50.477,50.508,50.533,50.559,50.604,50.641,50.666,50.689,50.709,50.742,50.764,50.789,50.815,50.836,50.864,50.885,50.922,50.953,50.97,51.0,51.032,51.06,51.089,51.119,51.145,51.18,51.212,51.24,51.266,51.299,51.335,51.365,51.395,51.428,51.456,51.478,51.508,51.545,51.565,51.598,51.62,51.658,51.695,51.733,51.763,51.787,51.821,51.868,51.904,51.957,52.002,52.04,52.095,52.127,52.168,52.234,52.299,52.36,52.428,52.51,52.586,52.691,52.782,52.897,53.048,53.218,53.579,54.335
754,@TPP,47.399,48.42,48.707,48.84,48.981,49.059,49.158,49.253,49.32,49.397,49.461,49.54,49.593,49.646,49.705,49.757,49.81,49.839,49.875,49.928,49.961,49.996,50.04,50.075,50.112,50.147,50.182,50.221,50.257,50.292,50.331,50.357,50.391,50.424,50.45,50.472,50.508,50.537,50.564,50.591,50.625,50.657,50.688,50.718,50.747,50.776,50.796,50.826,50.855,50.879,50.9,50.93,50.952,50.98,51.005,51.026,51.056,51.084,51.109,51.141,51.167,51.196,51.223,51.256,51.293,51.329,51.366,51.399,51.427,51.46,51.49,51.525,51.569,51.604,51.638,51.669,51.704,51.738,51.778,51.812,51.854,51.893,51.927,51.963,52.014,52.048,52.092,52.143,52.213,52.277,52.346,52.462,52.556,52.651,52.737,52.821,52.917,53.052,53.287,53.535,54.303
755,@TPP,47.399,48.42,48.707,48.84,48.981,49.059,49.158,49.253,49.32,49.397,49.461,49.54,49.593,49.646,49.705,49.757,49.81,49.839,49.875,49.928,49.961,49.996,50.04,50.075,50.112,50.147,50.182,50.221,50.257,50.292,50.331,50.357,50.391,50.424,50.45,50.472,50.508,50.537,50.564,50.591,50.625,50.657,50.688,50.718,50.747,50.776,50.796,50.826,50.855,50.879,50.9,50.93,50.952,50.98,51.005,51.026,51.056,51.084,51.109,51.141,51.167,51.196,51.223,51.256,51.293,51.329,51.366,51.399,51.427,51.46,51.49,51.525,51.569,51.604,51.638,51.669,51.704,51.738,51.778,51.812,51.854,51.893,51.927,51.963,52.014,52.048,52.092,52.143,52.213,52.277,52.346,52.462,52.556,52.651,52.737,52.821,52.917,53.052,53.287,53.535,54.303
756,@TPP,47.344,48.272,48.61,48.745,48.891,48.99,49.079,49.167,49.237,49.318,49.374,49.431,49.497,49.559,49.599,49.639,49.714,49.754,49.813,49.845,49.895,49.931,49.971,49.998,50.039,50.073,50.124,50.165,50.208,50.242,50.274,50.316,50.342,50.378,50.403,50.427,50.453,50.478,50.507,50.537,50.563,50.594,50.625,50.649,50.676,50.7,50.73,50.755,50.778,50.811,50.831,50.858,50.896,50.93,50.954,50.989,51.018,51.051,51.088,51.126,51.155,51.184,51.219,51.241,51.271,51.308,51.337,51.367,51.395,51.42,51.448,51.478,51.509,51.546,51.577,51.609,51.649,51.698,51.734,51.787,51.828,51.867,51.925,51.971,52.04,52.095,52.14,52.202,52.268,52.342,52.407,52.475,52.577,52.659,52.739,52.832,52.99,53.138,53.273,53.495,54.342
757,@TPP,47.344,48.272,48.61,48.745,48.891,48.99,49.079,49.167,49.237,49.318,49.374,49.431,49.497,49.559,49.599,49.639,49.714,49.754,49.813,49.845,49.895,49.931,49.971,49.998,50.039,50.073,50.124,50.165,50.208,50.242,50.274,50.316,50.342,50.378,50.403,50.427,50.453,50.478,50.507,50.537,50.563,50.594,50.625,50.649,50.676,50.7,50.73,50.755,50.778,50.811,50.831,50.858,50.896,50.93,50.954,50.989,51.018,51.051,51.088,51.126,51.155,51.184,51.219,51.241,51.271,51.308,51.337,51.367,51.395,51.42,51.448,51.478,51.509,51.546,51.577,51.609,51.649,51.698,51.734,51.787,51.828,51.867,51.925,51.971,52.04,52.095,52.14,52.202,52.268,52.342,52.407,52.475,52.577,52.659,52.739,52.832,52.99,53.138,53.273,53.495,54.342
758,@TPP,47.221,48.174,48.455,48.639,48.775,48.878,48.986,49.089,49.165,49.245,49.305,49.374,49.436,49.51,49.564,49.606,49.653,49.696,49.741,49.777,49.811,49.855,49.904,49.943,49.98,50.018,50.058,50.101,50.136,50.169,50.209,50.237,50.268,50.294,50.318,50.346,50.381,50.411,50.444,50.472,50.5,50.538,50.563,50.605,50.639,50.66,50.682,50.711,50.736,50.762,50.79,50.817,50.849,50.882,50.91,50.945,50.976,51.002,51.037,51.065,51.096,51.133,51.17,51.205,51.243,51.28,51.306,51.328,51.361,51.395,51.432,51.46,51.502,51.536,51.579,51.606,51.64,51.684,51.718,51.752,51.801,51.86,51.913,51.953,51.993,52.053,52.093,52.134,52.188,52.253,52.34,52.431,52.51,52.581,52.694,52.829,52.913,53.067,53.243,53.499,54.141
759,@TPP,47.221,48.174,48.455,48.639,48.775,48.878,48.986,49.089,49.165,49.245,49.305,49.374,49.436,49.51,49.564,49.606,49.653,49.696,49.741,49.777,49.811,49.855,49.904,49.943,49.98,50.018,50.058,50.101,50.136,50.169,50.209,50.237,50.268,50.294,50.318,50.346,50.381,50.411,50.444,50.472,50.5,50.538,50.563,50.605,50.639,50.66,50.682,50.711,50.736,50.762,50.79,50.817,50.849,50.882,50.91,50.945,50.976,51.002,51.037,51.065,51.096,51.133,51.17,51.205,51.243,51.28,51.306,51.328,51.361,51.395,51.432,51.46,51.502,51.536,51.579,51.606,51.64,51.684,51.718,51.752,51.801,51.86,51.913,51.953,51.993,52.053,52.093,52.134,52.188,52.253,52.34,52.431,52.51,52.581,52.694,52.829,52.913,53.067,53.243,53.499,54.141
760,@TPP,46.878,48.058,48.339,48.58,48.73,48.845,48.966,49.069,49.146,49.211,49.283,49.33,49.377,49.435,49.491,49.536,49.568,49.618,49.675,49.718,49.766,49.81,49.85,49.888,49.929,49.964,49.997,50.04,50.086,50.115,50.153,50.183,50.21,50.239,50.276,50.306,50.338,50.364,50.406,50.449,50.476,50.502,50.529,50.554,50.581,50.61,50.633,50.664,50.696,50.721,50.75,50.789,50.826,50.859,50.881,50.917,50.948,50.986,51.01,51.037,51.061,51.093,51.119,51.151,51.188,51.22,51.28,51.307,51.337,51.361,51.399,51.435,51.466,51.503,51.537,51.57,51.608,51.638,51.676,51.717,51.747,51.794,51.844,51.905,51.97,52.015,52.054,52.111,52.147,52.21,52.291,52.348,52.429,52.529,52.674,52.767,52.892,53.051,53.229,53.549,54.36
761,@TPP,46.878,48.058,48.339,48.58,48.73,48.845,48.966,49.069,49.146,49.211,49.283,49.33,49.377,49.435,49.491,49.536,49.568,49.618,49.675,49.718,49.766,49.81,49.85,49.888,49.929,49.964,49.997,50.04,50.086,50.115,50.153,50.183,50.21,50.239,50.276,50.306,50.338,50.364,50.406,50.449,50.476,50.502,50.529,50.554,50.581,50.61,50.633,50.664,50.696,50.721,50.75,50.789,50.826,50.859,50.881,50.917,50.948,50.986,51.01,51.037,51.061,51.093,51.119,51.151,51.188,51.22,51.28,51.307,51.337,51.361,51.399,51.435,51.466,51.503,51.537,51.57,51.608,51.638,51.676,51.717,51.747,51.794,51.844,51.905,51.97,52.015,52.054,52.111,52.147,52.21,52.291,52.348,52.429,52.529,52.674,52.767,52.892,53.051,53.229,53.549,54.36
762,@TPP,46.933,47.876,48.2,48.44,48.585,48.724,48.82,48.971,49.062,49.136,49.196,49.259,49.317,49.364,49.41,49.453,49.494,49.559,49.611,49.662,49.717,49.755,49.803,49.84,49.872,49.913,49.943,49.99,50.017,50.051,50.08,50.109,50.156,50.184,50.208,50.225,50.258,50.288,50.317,50.35,50.38,50.414,50.446,50.477,50.514,50.546,50.575,50.614,50.641,50.671,50.699,50.73,50.752,50.786,50.824,50.857,50.881,50.908,50.946,50.978,51.007,51.032,51.066,51.099,51.141,51.182,51.215,51.246,51.276,51.305,51.34,51.379,51.411,51.443,51.49,51.531,51.567,51.615,51.659,51.689,51.721,51.766,51.822,51.872,51.921,51.967,52.024,52.084,52.146,52.206,52.265,52.328,52.413,52.549,52.644,52.749,52.884,53.034,53.288,53.621,54.408
763,@TPP,46.933,47.876,48.2,48.44,48.585,48.724,48.82,48.971,49.062,49.136,49.196,49.259,49.317,49.364,49.41,49.453,49.494,49.559,49.611,49.662,49.717,49.755,49.803,49.84,49.872,49.913,49.943,49.99,50.017,50.051,50.08,50.109,50.156,50.184,50.208,50.225,50.258,50.288,50.317,50.35,50.38,50.414,50.446,50.477,50.514,50.546,50.575,50.614,50.641,50.671,50.699,50.73,50.752,50.786,50.824,50.857,50.881,50.908,50.946,50.978,51.007,51.032,51.066,51.099,51.141,51.182,51.215,51.246,51.276,51.305,51.34,51.379,51.411,51.443,51.49,51.531,51.567,51.615,51.659,51.689,51.721,51.766,51.822,51.872,51.921,51.967,52.024,52.084,52.146,52.206,52.265,52.328,52.413,52.549,52.644,52.749,52.884,53.034,53.288,53.621,54.408
764,@TPP,46.944,47.812,48.153,48.389,48.532,48.674,48.752,48.894,48.986,49.069,49.128,49.175,49.237,49.33,49.371,49.413,49.469,49.514,49.557,49.6,49.636,49.69,49.73,49.773,49.805,49.84,49.874,49.916,49.949,49.984,50.013,50.039,50.068,50.1,50.132,50.168,50.193,50.234,50.269,50.297,50.336,50.371,50.408,50.435,50.462,50.487,50.534,50.573,50.606,50.63,50.667,50.692,50.72,50.754,50.79,50.811,50.84,50.868,50.896,50.93,50.958,50.989,51.021,51.058,51.087,51.118,51.144,51.174,51.205,51.253,51.291,51.326,51.366,51.412,51.445,51.484,51.526,51.566,51.611,51.652,51.689,51.726,51.777,51.834,51.873,51.923,51.976,52.035,52.095,52.172,52.245,52.3,52.374,52.471,52.546,52.681,52.808,53.007,53.237,53.578,54.36
765,@TPP,46.944,47.812,48.153,48.389,48.532,48.674,48.752,48.894,48.986,49.069,49.128,49.175,49.237,49.33,49.371,49.413,49.469,49.514,49.557,49.6,49.636,49.69,49.73,49.773,49.805,49.84,49.874,49.916,49.949,49.984,50.013,50.039,50.068,50.1,50.132,50.168,50.193,50.234,50.269,50.297,50.336,50.371,50.408,50.435,50.462,50.487,50.534,50.573,50.606,50.63,50.667,50.692,50.72,50.754,50.79,50.811,50.84,50.868,50.896,50.93,50.958,50.989,51.021,51.058,51.087,51.118,51.144,51.174,51.205,51.253,51.291,51.326,51.366,51.412,51.445,51.484,51.526,51.566,51.611,51.652,51.689,51.726,51.777,51.834,51.873,51.923,51.976,52.035,52.095,52.172,52.245,52.3,52.374,52.471,52.546,52.681,52.808,53.007,53.237,53.578,54.36
766,@TPP,46.826,47.785,48.102,48.325,48.477,48.599,48.698,48.816,48.919,48.986,49.057,49.098,49.16,49.22,49.267,49.315,49.372,49.426,49.465,49.507,49.549,49.598,49.635,49.677,49.724,49.779,49.81,49.846,49.881,49.919,49.954,49.979,50.022,50.061,50.1,50.123,50.159,50.191,50.229,50.261,50.29,50.325,50.353,50.376,50.406,50.435,50.465,50.497,50.526,50.567,50.591,50.638,50.668,50.699,50.73,50.764,50.795,50.819,50.853,50.905,50.939,50.972,51.007,51.034,51.062,51.093,51.122,51.16,51.192,51.229,51.258,51.309,51.345,51.372,51.414,51.454,51.48,51.52,51.567,51.614,51.654,51.704,51.74,51.78,51.839,51.892,51.939,51.998,52.05,52.121,52.185,52.272,52.346,52.429,52.53,52.658,52.76,52.925,53.25,53.562,54.298
767,@TPP,46.826,47.785,48.102,48.325,48.477,48.599,48.698,48.816,48.919,48.986,49.057,49.098,49.16,49.22,49.267,49.315,49.372,49.426,49.465,49.507,49.549,49.598,49.635,49.677,49.724,49.779,49.81,49.846,49.881,49.919,49.954,49.979,50.022,50.061,50.1,50.123,50.159,50.191,50.229,50.261,50.29,50.325,50.353,50.376,50.406,50.435,50.465,50.497,50.526,50.567,50.591,50.638,50.668,50.699,50.73,50.764,50.795,50.819,50.853,50.905,50.939,50.972,51.007,51.034,51.062,51.093,51.122,51.16,51.192,51.229,51.258,51.309,51.345,51.372,51.414,51.454,51.48,51.52,51.567,51.614,51.654,51.704,51.74,51.78,51.839,51.892,51.939,51.998,52.05,52.121,52.185,52.272,52.346,52.429,52.53,52.658,52.76,52.925,53.25,53.562,54.298
768,@TPP,46.719,47.79,48.03,48.22,48.365,48.476,48.627,48.727,48.819,48.894,48.996,49.05,49.11,49.157,49.219,49.264,49.315,49.363,49.409,49.442,49.481,49.543,49.583,49.616,49.659,49.683,49.732,49.775,49.816,49.86,49.906,49.946,49.98,50.014,50.05,50.083,50.113,50.148,50.181,50.214,50.255,50.284,50.313,50.339,50.373,50.405,50.429,50.469,50.505,50.534,50.565,50.598,50.637,50.668,50.696,50.727,50.756,50.78,50.803,50.841,50.88,50.914,50.946,50.981,51.023,51.056,51.083,51.135,51.168,51.203,51.234,51.27,51.308,51.34,51.374,51.425,51.465,51.512,51.558,51.59,51.624,51.672,51.699,51.742,51.781,51.829,51.884,51.932,52.007,52.079,52.148,52.214,52.309,52.392,52.483,52.591,52.742,52.889,53.136,53.538,54.363
769,@TPP,46.719,47.79,48.03,48.22,48.365,48.476,48.627,48.727,48.819,48.894,48.996,49.05,49.11,49.157,49.219,49.264,49.315,49.363,49.409,49.442,49.481,49.543,49.583,49.616,49.659,49.683,49.732,49.775,49.816,49.86,49.906,49.946,49.98,50.014,50.05,50.083,50.113,50.148,50.181,50.214,50.255,50.284,50.313,50.339,50.373,50.405,50.429,50.469,50.505,50.534,50.565,50.598,50.637,50.668,50.696,50.727,50.756,50.78,50.803,50.841,50.88,50.914,50.946,50.981,51.023,51.056,51.083,51.135,51.168,51.203,51.234,51.27,51.308,51.34,51.374,51.425,51.465,51.512,51.558,51.59,51.624,51.672,51.699,51.742,51.781,51.829,51.884,51.932,52.007,52.079,52.148,52.214,52.309,52.392,52.483,52.591,52.742,52.889,53.136,53.538,54.363
770,@TPP,46.673,47.707,47.951,48.193,48.321,48.423,48.525,48.61,48.718,48.801,48.88,48.95,49.013,49.075,49.126,49.174,49.222,49.264,49.319,49.372,49.423,49.474,49.517,49.574,49.609,49.644,49.674,49.707,49.75,49.787,49.821,49.859,49.89,49.926,49.972,50.013,50.053,50.108,50.139,50.178,50.204,50.237,50.274,50.303,50.329,50.365,50.398,50.417,50.454,50.482,50.518,50.547,50.575,50.615,50.654,50.683,50.714,50.738,50.768,50.8,50.837,50.866,50.891,50.926,50.954,50.981,51.015,51.047,51.088,51.128,51.158,51.204,51.234,51.268,51.314,51.349,51.398,51.443,51.489,51.531,51.575,51.645,51.698,51.739,51.781,51.83,51.885,51.933,51.987,52.055,52.135,52.215,52.297,52.392,52.475,52.607,52.762,52.905,53.103,53.443,54.391
771,@TPP,46.673,47.707,47.951,48.193,48.321,48.423,48.525,48.61,48.718,48.801,48.88,48.95,49.013,49.075,49.126,49.174,49.222,49.264,49.319,49.372,49.423,49.474,49.517,49.574,49.609,49.644,49.674,49.707,49.75,49.787,49.821,49.859,49.89,49.926,49.972,50.013,50.053,50.108,50.139,50.178,50.204,50.237,50.274,50.303,50.329,50.365,50.398,50.417,50.454,50.482,50.518,50.547,50.575,50.615,50.654,50.683,50.714,50.738,50.768,50.8,50.837,50.866,50.891,50.926,50.954,50.981,51.015,51.047,51.088,51.128,51.158,51.204,51.234,51.268,51.314,51.349,51.398,51.443,51.489,51.531,51.575,51.645,51.698,51.739,51.781,51.83,51.885,51.933,51.987,52.055,52.135,52.215,52.297,52.392,52.475,52.607,52.762,52.905,53.103,53.443,54.391
772,@TPP,46.908,47.65,47.888,48.079,48.237,48.371,48.494,48.595,48.652,48.711,48.794,48.855,48.922,48.976,49.034,49.089,49.147,49.243,49.301,49.357,49.407,49.439,49.48,49.518,49.561,49.593,49.632,49.679,49.715,49.764,49.802,49.827,49.854,49.884,49.913,49.944,49.977,50.018,50.049,50.086,50.12,50.158,50.202,50.229,50.268,50.305,50.326,50.354,50.386,50.419,50.449,50.486,50.527,50.545,50.58,50.613,50.645,50.674,50.703,50.724,50.761,50.785,50.827,50.87,50.916,50.938,50.979,51.009,51.044,51.081,51.113,51.166,51.193,51.236,51.279,51.321,51.357,51.399,51.436,51.485,51.531,51.589,51.643,51.682,51.724,51.761,51.825,51.888,51.949,52.01,52.083,52.143,52.226,52.331,52.409,52.536,52.689,52.912,53.142,53.454,54.419
773,@TPP,46.908,47.65,47.888,48.079,48.237,48.371,48.494,48.595,48.652,48.711,48.794,48.855,48.922,48.976,49.034,49.089,49.147,49.243,49.301,49.357,49.407,49.439,49.48,49.518,49.561,49.593,49.632,49.679,49.715,49.764,49.802,49.827,49.854,49.884,49.913,49.944,49.977,50.018,50.049,50.086,50.12,50.158,50.202,50.229,50.268,50.305,50.326,50.354,50.386,50.419,50.449,50.486,50.527,50.545,50.58,50.613,50.645,50.674,50.703,50.724,50.761,50.785,50.827,50.87,50.916,50.938,50.979,51.009,51.044,51.081,51.113,51.166,51.193,51.236,51.279,51.321,51.357,51.399,51.436,51.485,51.531,51.589,51.643,51.682,51.724,51.761,51.825,51.888,51.949,52.01,52.083,52.143,52.226,52.331,52.409,52.536,52.689,52.912,53.142,53.454,54.419
774,@TPP,46.757,47.527,47.772,47.995,48.193,48.32,48.423,48.501,48.597,48.679,48.763,48.839,48.892,48.94,49.005,49.061,49.113,49.17,49.212,49.273,49.31,49.357,49.411,49.448,49.491,49.535,49.567,49.606,49.64,49.693,49.729,49.76,49.804,49.838,49.869,49.899,49.942,49.98,50.017,50.049,50.091,50.114,50.136,50.177,50.213,50.25,50.283,50.302,50.338,50.37,50.4,50.423,50.451,50.486,50.521,50.56,50.583,50.616,50.648,50.678,50.709,50.739,50.772,50.822,50.863,50.91,50.945,50.976,51.024,51.064,51.095,51.133,51.168,51.201,51.239,51.279,51.315,51.36,51.394,51.443,51.507,51.543,51.587,51.629,51.673,51.728,51.763,51.825,51.886,51.949,52.055,52.116,52.204,52.262,52.372,52.484,52.659,52.835,53.095,53.427,54.202
775,@TPP,46.757,47.527,47.772,47.995,48.193,48.32,48.423,48.501,48.597,48.679,48.763,48.839,48.892,48.94,49.005,49.061,49.113,49.17,49.212,49.273,49.31,49.357,49.411,49.448,49.491,49.535,49.567,49.606,49.64,49.693,49.729,49.76,49.804,49.838,49.869,49.899,49.942,49.98,50.017,50.049,50.091,50.114,50.136,50.177,50.213,50.25,50.283,50.302,50.338,50.37,50.4,50.423,50.451,50.486,50.521,50.56,50.583,50.616,50.648,50.678,50.709,50.739,50.772,50.822,50.863,50.91,50.945,50.976,51.024,51.064,51.095,51.133,51.168,51.201,51.239,51.279,51.315,51.36,51.394,51.443,51.507,51.543,51.587,51.629,51.673,51.728,51.763,51.825,51.886,51.949,52.055,52.116,52.204,52.262,52.372,52.484,52.659,52.835,53.095,53.427,54.202
776,@TPP,46.679,47.423,47.73,47.98,48.114,48.236,48.364,48.446,48.535,48.651,48.714,48.775,48.836,48.89,48.949,48.999,49.057,49.113,49.173,49.223,49.276,49.316,49.364,49.404,49.445,49.477,49.514,49.545,49.583,49.613,49.658,49.691,49.725,49.756,49.782,49.812,49.843,49.874,49.919,49.97,50.013,50.052,50.086,50.114,50.142,50.175,50.208,50.235,50.26,50.299,50.34,50.367,50.403,50.433,50.465,50.516,50.542,50.592,50.63,50.666,50.698,50.734,50.785,50.815,50.845,50.886,50.916,50.95,50.979,51.013,51.051,51.106,51.14,51.175,51.213,51.238,51.281,51.319,51.356,51.39,51.431,51.472,51.514,51.555,51.604,51.683,51.738,51.81,51.874,51.924,51.994,52.078,52.168,52.245,52.333,52.46,52.587,52.749,52.992,53.4,54.001
777,@TPP,46.679,47.423,47.73,47.98,48.114,48.236,48.364,48.446,48.535,48.651,48.714,48.775,48.836,48.89,48.949,48.999,49.057,49.113,49.173,49.223,49.276,49.316,49.364,49.404,49.445,49.477,49.514,49.545,49.583,49.613,49.658,49.691,49.725,49.756,49.782,49.812,49.843,49.874,49.919,49.97,50.013,50.052,50.086,50.114,50.142,50.175,50.208,50.235,50.26,50.299,50.34,50.367,50.403,50.433,50.465,50.516,50.542,50.592,50.63,50.666,50.698,50.734,50.785,50.815,50.845,50.886,50.916,50.95,50.979,51.013,51.051,51.106,51.14,51.175,51.213,51.238,51.281,51.319,51.356,51.39,51.431,51.472,51.514,51.555,51.604,51.683,51.738,51.81,51.874,51.924,51.994,52.078,52.168,52.245,52.333,52.46,52.587,52.749,52.992,53.4,54.001
778,@TPP,46.784,47.327,47.721,47.901,48.017,48.17,48.286,48.363,48.478,48.575,48.688,48.751,48.824,48.869,48.908,48.969,49.017,49.065,49.104,49.161,49.207,49.241,49.277,49.33,49.375,49.407,49.459,49.499,49.534,49.571,49.61,49.648,49.686,49.724,49.759,49.808,49.84,49.877,49.907,49.932,49.97,50.002,50.032,50.067,50.094,50.129,50.16,50.194,50.227,50.258,50.297,50.325,50.355,50.384,50.435,50.47,50.503,50.547,50.572,50.615,50.649,50.676,50.719,50.753,50.778,50.82,50.856,50.882,50.922,50.957,50.998,51.022,51.064,51.103,51.145,51.169,51.193,51.226,51.269,51.312,51.356,51.417,51.462,51.518,51.567,51.636,51.691,51.749,51.809,51.874,51.962,52.061,52.14,52.202,52.283,52.383,52.497,52.69,52.994,53.324,53.951
779,@TPP,46.784,47.327,47.721,47.901,48.017,48.17,48.286,48.363,48.478,48.575,48.688,48.751,48.824,48.869,48.908,48.969,49.017,49.065,49.104,49.161,49.207,49.241,49.277,49.33,49.375,49.407,49.459,49.499,49.534,49.571,49.61,49.648,49.686,49.724,49.759,49.808,49.84,49.877,49.907,49.932,49.97,50.002,50.032,50.067,50.094,50.129,50.16,50.194,50.227,50.258,50.297,50.325,50.355,50.384,50.435,50.47,50.503,50.547,50.572,50.615,50.649,50.676,50.719,50.753,50.778,50.82,50.856,50.882,50.922,50.957,50.998,51.022,51.064,51.103,51.145,51.169,51.193,51.226,51.269,51.312,51.356,51.417,51.462,51.518,51.567,51.636,51.691,51.749,51.809,51.874,51.962,52.061,52.14,52.202,52.283,52.383,52.497,52.69,52.994,53.324,53.951
780,@TPP,46.383,47.382,47.632,47.868,48.025,48.182,48.267,48.366,48.459,48.539,48.622,48.685,48.744,48.805,48.859,48.914,48.954,49.011,49.047,49.102,49.143,49.171,49.225,49.279,49.318,49.359,49.396,49.442,49.476,49.515,49.55,49.58,49.626,49.653,49.708,49.754,49.783,49.819,49.853,49.889,49.926,49.953,49.992,50.018,50.059,50.087,50.123,50.159,50.195,50.234,50.273,50.311,50.338,50.383,50.408,50.446,50.491,50.526,50.548,50.574,50.603,50.636,50.67,50.703,50.741,50.78,50.8,50.823,50.861,50.897,50.936,50.973,51.005,51.04,51.076,51.106,51.14,51.18,51.221,51.283,51.332,51.376,51.418,51.479,51.535,51.578,51.637,51.689,51.758,51.828,51.914,51.978,52.055,52.164,52.298,52.436,52.536,52.671,52.932,53.247,53.933
781,@TPP,46.383,47.382,47.632,47.868,48.025,48.182,48.267,48.366,48.459,48.539,48.622,48.685,48.744,48.805,48.859,48.914,48.954,49.011,49.047,49.102,49.143,49.171,49.225,49.279,49.318,49.359,49.396,49.442,49.476,49.515,49.55,49.58,49.626,49.653,49.708,49.754,49.783,49.819,49.853,49.889,49.926,49.953,49.992,50.018,50.059,50.087,50.123,50.159,50.195,50.234,50.273,50.311,50.338,50.383,50.408,50.446,50.491,50.526,50.548,50.574,50.603,50.636,50.67,50.703,50.741,50.78,50.8,50.823,50.861,50.897,50.936,50.973,51.005,51.04,51.076,51.106,51.14,51.18,51.221,51.283,51.332,51.376,51.418,51.479,51.535,51.578,51.637,51.689,51.758,51.828,51.914,51.978,52.055,52.164,52.298,52.436,52.536,52.671,52.932,53.247,53.933
782,@TPP,46.591,47.386,47.611,47.799,47.936,48.101,48.227,48.332,48.415,48.487,48.563,48.617,48.671,48.725,48.777,48.86,48.902,48.966,49.014,49.074,49.136,49.184,49.226,49.252,49.287,49.337,49.387,49.418,49.465,49.508,49.542,49.576,49.615,49.638,49.679,49.712,49.744,49.775,49.812,49.85,49.881,49.914,49.944,49.972,50.009,50.039,50.076,50.111,50.141,50.176,50.212,50.258,50.292,50.322,50.357,50.394,50.44,50.47,50.494,50.519,50.545,50.576,50.607,50.631,50.663,50.692,50.727,50.759,50.802,50.843,50.872,50.895,50.927,50.972,51.013,51.078,51.112,51.154,51.194,51.242,51.287,51.332,51.374,51.43,51.482,51.536,51.575,51.622,51.684,51.758,51.829,51.906,52.001,52.113,52.213,52.297,52.459,52.656,52.841,53.197,53.814
783,@TPP,46.591,47.386,47.611,47.799,47.936,48.101,48.227,48.332,48.415,48.487,48.563,48.617,48.671,48.725,48.777,48.86,48.902,48.966,49.014,49.074,49.136,49.184,49.226,49.252,49.287,49.337,49.387,49.418,49.465,49.508,49.542,49.576,49.615,49.638,49.679,49.712,49.744,49.775,49.812,49.85,49.881,49.914,49.944,49.972,50.009,50.039,50.076,50.111,50.141,50.176,50.212,50.258,50.292,50.322,50.357,50.394,50.44,50.47,50.494,50.519,50.545,50.576,50.607,50.631,50.663,50.692,50.727,50.759,50.802,50.843,50.872,50.895,50.927,50.972,51.013,51.078,51.112,51.154,51.194,51.242,51.287,51.332,51.374,51.43,51.482,51.536,51.575,51.622,51.684,51.758,51.829,51.906,52.001,52.113,52.213,52.297,52.459,52.656,52.841,53.197,53.814
784,@TPP,46.556,47.32,47.571,47.788,47.908,48.037,48.144,48.243,48.338,48.438,48.517,48.58,48.646,48.713,48.77,48.818,48.875,48.936,48.989,49.064,49.106,49.151,49.176,49.215,49.262,49.296,49.334,49.384,49.413,49.453,49.484,49.527,49.566,49.602,49.632,49.661,49.685,49.725,49.76,49.793,49.836,49.863,49.899,49.931,49.966,49.994,50.027,50.059,50.09,50.122,50.151,50.191,50.227,50.266,50.295,50.327,50.352,50.382,50.4,50.442,50.471,50.498,50.533,50.577,50.612,50.642,50.676,50.716,50.746,50.778,50.812,50.848,50.886,50.922,50.957,50.99,51.037,51.079,51.139,51.179,51.228,51.268,51.324,51.369,51.412,51.469,51.523,51.567,51.627,51.696,51.762,51.845,51.957,52.042,52.122,52.262,52.372,52.539,52.785,53.109,53.945
785,@TPP,46.556,47.32,47.571,47.788,47.908,48.037,48.144,48.243,48.338,48.438,48.517,48.58,48.646,48.713,48.77,48.818,48.875,48.936,48.989,49.064,49.106,49.151,49.176,49.215,49.262,49.296,49.334,49.384,49.413,49.453,49.484,49.527,49.566,49.602,49.632,49.661,49.685,49.725,49.76,49.793,49.836,49.863,49.899,49.931,49.966,49.994,50.027,50.059,50.09,50.122,50.151,50.191,50.227,50.266,50.295,50.327,50.352,50.382,50.4,50.442,50.471,50.498,50.533,50.577,50.612,50.642,50.676,50.716,50.746,50.778,50.812,50.848,50.886,50.922,50.957,50.99,51.037,51.079,51.139,51.179,51.228,51.268,51.324,51.369,51.412,51.469,51.523,51.567,51.627,51.696,51.762,51.845,51.957,52.042,52.122,52.262,52.372,52.539,52.785,53.109,53.945
786,@TPP,46.306,47.195,47.551,47.721,47.896,48.024,48.116,48.236,48.31,48.361,48.472,48.536,48.604,48.675,48.739,48.783,48.828,48.892,48.952,48.999,49.047,49.101,49.139,49.18,49.223,49.271,49.307,49.343,49.376,49.418,49.463,49.501,49.534,49.576,49.617,49.649,49.682,49.716,49.755,49.781,49.815,49.851,49.879,49.915,49.936,49.961,49.995,50.022,50.055,50.085,50.119,50.146,50.179,50.211,50.243,50.263,50.29,50.313,50.348,50.388,50.422,50.457,50.503,50.528,50.563,50.591,50.629,50.658,50.695,50.729,50.765,50.814,50.854,50.887,50.925,50.957,51.005,51.037,51.07,51.13,51.184,51.228,51.284,51.347,51.386,51.445,51.496,51.542,51.607,51.666,51.728,51.813,51.905,51.97,52.059,52.214,52.339,52.479,52.697,53.048,53.905
787,@TPP,46.306,47.195,47.551,47.721,47.896,48.024,48.116,48.236,48.31,48.361,48.472,48.536,48.604,48.675,48.739,48.783,48.828,48.892,48.952,48.999,49.047,49.101,49.139,49.18,49.223,49.271,49.307,49.343,49.376,49.418,49.463,49.501,49.534,49.576,49.617,49.649,49.682,49.716,49.755,49.781,49.815,49.851,49.879,49.915,49.936,49.961,49.995,50.022,50.055,50.085,50.119,50.146,50.179,50.211,50.243,50.263,50.29,50.313,50.348,50.388,50.422,50.457,50.503,50.528,50.563,50.591,50.629,50.658,50.695,50.729,50.765,50.814,50.854,50.887,50.925,50.957,51.005,51.037,51.07,51.13,51.184,51.228,51.284,51.347,51.386,51.445,51.496,51.542,51.607,51.666,51.728,51.813,51.905,51.97,52.059,52.214,52.339,52.479,52.697,53.048,53.905
788,@TPP,46.423,47.138,47.49,47.703,47.837,47.971,48.073,48.162,48.289,48.354,48.432,48.517,48.57,48.619,48.677,48.732,48.797,48.847,48.902,48.965,49.022,49.056,49.104,49.135,49.177,49.221,49.259,49.302,49.341,49.387,49.422,49.452,49.51,49.542,49.563,49.598,49.626,49.658,49.69,49.721,49.746,49.771,49.803,49.832,49.858,49.889,49.918,49.951,49.982,50.017,50.048,50.084,50.104,50.142,50.174,50.204,50.227,50.258,50.292,50.33,50.37,50.401,50.433,50.46,50.49,50.532,50.565,50.595,50.623,50.677,50.706,50.728,50.772,50.808,50.848,50.895,50.936,50.967,51.015,51.059,51.11,51.158,51.205,51.271,51.317,51.368,51.426,51.488,51.552,51.617,51.682,51.748,51.833,51.9,52.016,52.173,52.266,52.43,52.631,52.931,54.231
789,@TPP,46.423,47.138,47.49,47.703,47.837,47.971,48.073,48.162,48.289,48.354,48.432,48.517,48.57,48.619,48.677,48.732,48.797,48.847,48.902,48.965,49.022,49.056,49.104,49.135,49.177,49.221,49.259,49.302,49.341,49.387,49.422,49.452,49.51,49.542,49.563,49.598,49.626,49.658,49.69,49.721,49.746,49.771,49.803,49.832,49.858,49.889,49.918,49.951,49.982,50.017,50.048,50.084,50.104,50.142,50.174,50.204,50.227,50.258,50.292,50.33,50.37,50.401,50.433,50.46,50.49,50.532,50.565,50.595,50.623,50.677,50.706,50.728,50.772,50.808,50.848,50.895,50.936,50.967,51.015,51.059,51.11,51.158,51.205,51.271,51.317,51.368,51.426,51.488,51.552,51.617,51.682,51.748,51.833,51.9,52.016,52.173,52.266,52.43,52.631,52.931,54.231
790,@TPP,46.355,47.139,47.457,47.662,47.835,47.949,48.082,48.174,48.259,48.322,48.401,48.468,48.551,48.621,48.686,48.737,48.785,48.844,48.882,48.921,48.955,48.999,49.066,49.111,49.153,49.2,49.227,49.27,49.299,49.345,49.373,49.402,49.432,49.463,49.492,49.527,49.558,49.584,49.62,49.654,49.687,49.716,49.751,49.783,49.812,49.839,49.868,49.895,49.923,49.953,49.982,50.011,50.048,50.075,50.105,50.14,50.175,50.2,50.243,50.267,50.308,50.345,50.383,50.408,50.434,50.474,50.514,50.544,50.574,50.604,50.631,50.68,50.711,50.739,50.787,50.834,50.869,50.92,50.964,51.016,51.054,51.089,51.139,51.172,51.224,51.269,51.328,51.399,51.469,51.552,51.62,51.669,51.742,51.838,51.935,52.064,52.202,52.347,52.584,52.901,54.19
791,@TPP,46.355,47.139,47.457,47.662,47.835,47.949,48.082,48.174,48.259,48.322,48.401,48.468,48.551,48.621,48.686,48.737,48.785,48.844,48.882,48.921,48.955,48.999,49.066,49.111,49.153,49.2,49.227,49.27,49.299,49.345,49.373,49.402,49.432,49.463,49.492,49.527,49.558,49.584,49.62,49.654,49.687,49.716,49.751,49.783,49.812,49.839,49.868,49.895,49.923,49.953,49.982,50.011,50.048,50.075,50.105,50.14,50.175,50.2,50.243,50.267,50.308,50.345,50.383,50.408,50.434,50.474,50.514,50.544,50.574,50.604,50.631,50.68,50.711,50.739,50.787,50.834,50.869,50.92,50.964,51.016,51.054,51.089,51.139,51.172,51.224,51.269,51.328,51.399,51.469,51.552,51.62,51.669,51.742,51.838,51.935,52.064,52.202,52.347,52.584,52.901,54.19
792,@TPP,46.403,47.099,47.458,47.65,47.784,47.918,48.024,48.12,48.19,48.274,48.338,48.416,48.479,48.558,48.61,48.669,48.726,48.785,48.843,48.897,48.942,48.988,49.028,49.066,49.112,49.141,49.173,49.213,49.253,49.287,49.323,49.35,49.379,49.419,49.453,49.478,49.516,49.559,49.592,49.619,49.659,49.682,49.712,49.734,49.762,49.795,49.822,49.849,49.878,49.93,49.963,49.995,50.025,50.052,50.08,50.108,50.14,50.181,50.214,50.247,50.273,50.298,50.337,50.372,50.407,50.443,50.478,50.506,50.536,50.563,50.606,50.65,50.687,50.732,50.768,50.81,50.85,50.892,50.933,50.975,51.023,51.057,51.091,51.136,51.186,51.227,51.273,51.327,51.382,51.445,51.528,51.616,51.705,51.806,51.899,52.011,52.139,52.305,52.502,52.903,53.911
793,@TPP,46.403,47.099,47.458,47.65,47.784,47.918,48.024,48.12,48.19,48.274,48.338,48.416,48.479,48.558,48.61,48.669,48.726,48.785,48.843,48.897,48.942,48.988,49.028,49.066,49.112,49.141,49.173,49.213,49.253,49.287,49.323,49.35,49.379,49.419,49.453,49.478,49.516,49.559,49.592,49.619,49.659,49.682,49.712,49.734,49.762,49.795,49.822,49.849,49.878,49.93,49.963,49.995,50.025,50.052,50.08,50.108,50.14,50.181,50.214,50.247,50.273,50.298,50.337,50.372,50.407,50.443,50.478,50.506,50.536,50.563,50.606,50.65,50.687,50.732,50.768,50.81,50.85,50.892,50.933,50.975,51.023,51.057,51.091,51.136,51.186,51.227,51.273,51.327,51.382,51.445,51.528,51.616,51.705,51.806,51.899,52.011,52.139,52.305,52.502,52.903,53.911
794,@TPP,46.357,47.058,47.414,47.634,47.782,47.889,47.994,48.1,48.197,48.309,48.365,48.426,48.482,48.557,48.605,48.65,48.705,48.755,48.809,48.843,48.9,48.931,48.969,49.016,49.054,49.085,49.119,49.161,49.205,49.235,49.265,49.305,49.343,49.376,49.407,49.441,49.476,49.506,49.544,49.574,49.621,49.648,49.682,49.712,49.734,49.759,49.784,49.812,49.849,49.879,49.909,49.935,49.967,50.005,50.036,50.062,50.097,50.131,50.16,50.19,50.217,50.248,50.274,50.31,50.339,50.373,50.402,50.434,50.468,50.505,50.535,50.561,50.607,50.645,50.676,50.711,50.739,50.777,50.819,50.853,50.908,50.942,50.984,51.046,51.111,51.167,51.221,51.272,51.348,51.416,51.476,51.518,51.568,51.685,51.82,51.939,52.031,52.187,52.411,52.798,53.949
795,@TPP,46.357,47.058,47.414,47.634,47.782,47.889,47.994,48.1,48.197,48.309,48.365,48.426,48.482,48.557,48.605,48.65,48.705,48.755,48.809,48.843,48.9,48.931,48.969,49.016,49.054,49.085,49.119,49.161,49.205,49.235,49.265,49.305,49.343,49.376,49.407,49.441,49.476,49.506,49.544,49.574,49.621,49.648,49.682,49.712,49.734,49.759,49.784,49.812,49.849,49.879,49.909,49.935,49.967,50.005,50.036,50.062,50.097,50.131,50.16,50.19,50.217,50.248,50.274,50.31,50.339,50.373,50.402,50.434,50.468,50.505,50.535,50.561,50.607,50.645,50.676,50.711,50.739,50.777,50.819,50.853,50.908,50.942,50.984,51.046,51.111,51.167,51.221,51.272,51.348,51.416,51.476,51.518,51.568,51.685,51.82,51.939,52.031,52.187,52.411,52.798,53.949
796,@TPP,46.247,47.104,47.445,47.665,47.799,47.916,48.019,48.106,48.182,48.255,48.333,48.395,48.452,48.511,48.571,48.613,48.655,48.706,48.754,48.8,48.852,48.885,48.936,48.963,49.007,49.039,49.071,49.114,49.157,49.192,49.23,49.267,49.317,49.353,49.375,49.42,49.453,49.475,49.508,49.529,49.572,49.603,49.638,49.671,49.702,49.728,49.757,49.789,49.824,49.856,49.881,49.91,49.938,49.964,49.993,50.033,50.058,50.098,50.124,50.15,50.181,50.206,50.239,50.271,50.31,50.343,50.373,50.41,50.444,50.481,50.517,50.551,50.591,50.621,50.65,50.682,50.73,50.758,50.787,50.813,50.857,50.897,50.942,50.995,51.042,51.088,51.128,51.193,51.254,51.326,51.391,51.446,51.528,51.619,51.709,51.815,51.909,52.096,52.376,52.808,53.845
797,@TPP,46.247,47.104,47.445,47.665,47.799,47.916,48.019,48.106,48.182,48.255,48.333,48.395,48.452,48.511,48.571,48.613,48.655,48.706,48.754,48.8,48.852,48.885,48.936,48.963,49.007,49.039,49.071,49.114,49.157,49.192,49.23,49.267,49.317,49.353,49.375,49.42,49.453,49.475,49.508,49.529,49.572,49.603,49.638,49.671,49.702,49.728,49.757,49.789,49.824,49.856,49.881,49.91,49.938,49.964,49.993,50.033,50.058,50.098,50.124,50.15,50.181,50.206,50.239,50.271,50.31,50.343,50.373,50.41,50.444,50.481,50.517,50.551,50.591,50.621,50.65,50.682,50.73,50.758,50.787,50.813,50.857,50.897,50.942,50.995,51.042,51.088,51.128,51.193,51.254,51.326,51.391,51.446,51.528,51.619,51.709,51.815,51.909,52.096,52.376,52.808,53.845
798,@TPP,46.319,47.142,47.383,47.593,47.739,47.891,47.968,48.045,48.134,48.206,48.284,48.349,48.416,48.486,48.536,48.588,48.628,48.678,48.718,48.774,48.814,48.856,48.89,48.931,48.98,49.032,49.067,49.105,49.144,49.179,49.214,49.251,49.279,49.303,49.344,49.369,49.398,49.43,49.463,49.493,49.524,49.549,49.581,49.603,49.641,49.666,49.704,49.736,49.76,49.798,49.825,49.857,49.886,49.911,49.935,49.965,50.001,50.039,50.06,50.088,50.117,50.149,50.18,50.21,50.233,50.274,50.311,50.356,50.385,50.41,50.443,50.476,50.504,50.542,50.573,50.61,50.649,50.693,50.74,50.776,50.822,50.853,50.891,50.924,50.967,51.016,51.067,51.124,51.193,51.261,51.322,51.391,51.46,51.545,51.659,51.77,51.921,52.083,52.291,52.644,53.568
799,@TPP,46.319,47.142,47.383,47.593,47.739,47.891,47.968,48.045,48.134,48.206,48.284,48.349,48.416,48.486,48.536,48.588,48.628,48.678,48.718,48.774,48.814,48.856,48.89,48.931,48.98,49.032,49.067,49.105,49.144,49.179,49.214,49.251,49.279,49.303,49.344,49.369,49.398,49.43,49.463,49.493,49.524,49.549,49.581,49.603,49.641,49.666,49.704,49.736,49.76,49.798,49.825,49.857,49.886,49.911,49.935,49.965,50.001,50.039,50.06,50.088,50.117,50.149,50.18,50.21,50.233,50.274,50.311,50.356,50.385,50.41,50.443,50.476,50.504,50.542,50.573,50.61,50.649,50.693,50.74,50.776,50.822,50.853,50.891,50.924,50.967,51.016,51.067,51.124,51.193,51.261,51.322,51.391,51.46,51.545,51.659,51.77,51.921,52.083,52.291,52.644,53.568
800,@TPP,46.457,47.012,47.351,47.556,47.739,47.867,47.972,48.088,48.166,48.232,48.309,48.374,48.447,48.505,48.54,48.612,48.654,48.704,48.751,48.793,48.831,48.863,48.901,48.945,48.98,49.01,49.055,49.09,49.118,49.147,49.178,49.216,49.253,49.287,49.314,49.337,49.366,49.394,49.424,49.446,49.475,49.503,49.529,49.562,49.584,49.603,49.637,49.665,49.697,49.722,49.756,49.785,49.818,49.847,49.869,49.903,49.929,49.968,49.996,50.032,50.065,50.095,50.121,50.147,50.171,50.198,50.224,50.258,50.294,50.327,50.354,50.401,50.441,50.49,50.53,50.565,50.613,50.642,50.682,50.721,50.759,50.787,50.823,50.868,50.918,50.959,51.0,51.062,51.116,51.178,51.248,51.351,51.458,51.549,51.643,51.74,51.854,51.957,52.151,52.433,53.136
801,@TPP,46.457,47.012,47.351,47.556,47.739,47.867,47.972,48.088,48.166,48.232,48.309,48.374,48.447,48.505,48.54,48.612,48.654,48.704,48.751,48.793,48.831,48.863,48.901,48.945,48.98,49.01,49.055,49.09,49.118,49.147,49.178,49.216,49.253,49.287,49.314,49.337,49.366,49.394,49.424,49.446,49.475,49.503,49.529,49.562,49.584,49.603,49.637,49.665,49.697,49.722,49.756,49.785,49.818,49.847,49.869,49.903,49.929,49.968,49.996,50.032,50.065,50.095,50.121,50.147,50.171,50.198,50.224,50.258,50.294,50.327,50.354,50.401,50.441,50.49,50.53,50.565,50.613,50.642,50.682,50.721,50.759,50.787,50.823,50.868,50.918,50.959,51.0,51.062,51.116,51.178,51.248,51.351,51.458,51.549,51.643,51.74,51.854,51.957,52.151,52.433,53.136
802,@TPP,46.408,47.089,47.398,47.574,47.719,47.871,48.0,48.092,48.166,48.226,48.293,48.367,48.423,48.488,48.54,48.588,48.633,48.672,48.719,48.761,48.8,48.837,48.874,48.926,48.955,48.995,49.041,49.072,49.109,49.151,49.191,49.231,49.26,49.291,49.314,49.339,49.366,49.39,49.417,49.444,49.465,49.49,49.531,49.56,49.588,49.608,49.63,49.652,49.68,49.708,49.74,49.769,49.8,49.83,49.853,49.879,49.907,49.932,49.961,49.987,50.032,50.065,50.088,50.118,50.146,50.177,50.207,50.234,50.258,50.284,50.312,50.338,50.373,50.4,50.429,50.46,50.506,50.546,50.594,50.631,50.675,50.711,50.755,50.793,50.847,50.892,50.938,50.989,51.045,51.103,51.16,51.235,51.305,51.413,51.524,51.633,51.798,51.91,52.09,52.34,52.831
803,@TPP,46.408,47.089,47.398,47.574,47.719,47.871,48.0,48.092,48.166,48.226,48.293,48.367,48.423,48.488,48.54,48.588,48.633,48.672,48.719,48.761,48.8,48.837,48.874,48.926,48.955,48.995,49.041,49.072,49.109,49.151,49.191,49.231,49.26,49.291,49.314,49.339,49.366,49.39,49.417,49.444,49.465,49.49,49.531,49.56,49.588,49.608,49.63,49.652,49.68,49.708,49.74,49.769,49.8,49.83,49.853,49.879,49.907,49.932,49.961,49.987,50.032,50.065,50.088,50.118,50.146,50.177,50.207,50.234,50.258,50.284,50.312,50.338,50.373,50.4,50.429,50.46,50.506,50.546,50.594,50.631,50.675,50.711,50.755,50.793,50.847,50.892,50.938,50.989,51.045,51.103,51.16,51.235,51.305,51.413,51.524,51.633,51.798,51.91,52.09,52.34,52.831
804,@TPP,46.389,47.127,47.393,47.596,47.737,47.917,48.02,48.092,48.164,48.229,48.284,48.34,48.398,48.444,48.5,48.559,48.615,48.655,48.695,48.731,48.76,48.817,48.861,48.894,48.935,48.975,49.011,49.044,49.077,49.104,49.13,49.163,49.2,49.228,49.26,49.295,49.32,49.351,49.375,49.4,49.421,49.456,49.487,49.517,49.545,49.572,49.599,49.62,49.643,49.677,49.707,49.745,49.781,49.803,49.834,49.871,49.895,49.915,49.947,49.971,49.994,50.032,50.058,50.089,50.117,50.147,50.179,50.207,50.227,50.251,50.278,50.306,50.341,50.366,50.406,50.442,50.471,50.499,50.543,50.589,50.623,50.643,50.68,50.725,50.776,50.831,50.866,50.921,50.981,51.036,51.097,51.156,51.234,51.306,51.414,51.514,51.644,51.769,51.98,52.264,52.774
805,@TPP,46.389,47.127,47.393,47.596,47.737,47.917,48.02,48.092,48.164,48.229,48.284,48.34,48.398,48.444,48.5,48.559,48.615,48.655,48.695,48.731,48.76,48.817,48.861,48.894,48.935,48.975,49.011,49.044,49.077,49.104,49.13,49.163,49.2,49.228,49.26,49.295,49.32,49.351,49.375,49.4,49.421,49.456,49.487,49.517,49.545,49.572,49.599,49.62,49.643,49.677,49.707,49.745,49.781,49.803,49.834,49.871,49.895,49.915,49.947,49.971,49.994,50.032,50.058,50.089,50.117,50.147,50.179,50.207,50.227,50.251,50.278,50.306,50.341,50.366,50.406,50.442,50.471,50.499,50.543,50.589,50.623,50.643,50.68,50.725,50.776,50.831,50.866,50.921,50.981,51.036,51.097,51.156,51.234,51.306,51.414,51.514,51.644,51.769,51.98,52.264,52.774
806,@TPP,46.523,47.183,47.472,47.673,47.807,47.927,48.002,48.089,48.16,48.227,48.295,48.357,48.405,48.459,48.514,48.569,48.613,48.659,48.7,48.733,48.771,48.807,48.854,48.88,48.927,48.959,48.997,49.021,49.055,49.082,49.111,49.14,49.178,49.208,49.239,49.272,49.293,49.32,49.343,49.369,49.398,49.423,49.459,49.498,49.544,49.564,49.59,49.627,49.657,49.679,49.705,49.734,49.762,49.793,49.813,49.837,49.867,49.89,49.912,49.936,49.969,49.994,50.015,50.039,50.069,50.094,50.123,50.148,50.171,50.206,50.231,50.261,50.283,50.306,50.341,50.374,50.401,50.433,50.472,50.51,50.542,50.575,50.621,50.65,50.691,50.742,50.784,50.84,50.881,50.924,51.005,51.074,51.14,51.218,51.306,51.369,51.474,51.639,51.841,52.071,52.689
807,@TPP,46.523,47.183,47.472,47.673,47.807,47.927,48.002,48.089,48.16,48.227,48.295,48.357,48.405,48.459,48.514,48.569,48.613,48.659,48.7,48.733,48.771,48.807,48.854,48.88,48.927,48.959,48.997,49.021,49.055,49.082,49.111,49.14,49.178,49.208,49.239,49.272,49.293,49.32,49.343,49.369,49.398,49.423,49.459,49.498,49.544,49.564,49.59,49.627,49.657,49.679,49.705,49.734,49.762,49.793,49.813,49.837,49.867,49.89,49.912,49.936,49.969,49.994,50.015,50.039,50.069,50.094,50.123,50.148,50.171,50.206,50.231,50.261,50.283,50.306,50.341,50.374,50.401,50.433,50.472,50.51,50.542,50.575,50.621,50.65,50.691,50.742,50.784,50.84,50.881,50.924,51.005,51.074,51.14,51.218,51.306,51.369,51.474,51.639,51.841,52.071,52.689
808,@TPP,46.494,47.25,47.547,47.721,47.853,47.963,48.048,48.128,48.217,48.304,48.363,48.42,48.464,48.512,48.572,48.613,48.65,48.696,48.739,48.796,48.833,48.869,48.904,48.95,48.988,49.017,49.061,49.087,49.119,49.157,49.189,49.23,49.252,49.288,49.321,49.35,49.38,49.406,49.435,49.469,49.491,49.51,49.536,49.561,49.592,49.617,49.643,49.665,49.691,49.715,49.749,49.779,49.799,49.828,49.853,49.886,49.919,49.958,49.985,50.006,50.031,50.054,50.082,50.115,50.145,50.178,50.197,50.228,50.26,50.291,50.322,50.347,50.371,50.399,50.427,50.457,50.49,50.521,50.57,50.604,50.65,50.687,50.717,50.748,50.79,50.825,50.864,50.916,50.965,51.029,51.081,51.137,51.19,51.259,51.333,51.413,51.521,51.672,51.842,52.065,52.893
809,@TPP,46.494,47.25,47.547,47.721,47.853,47.963,48.048,48.128,48.217,48.304,48.363,48.42,48.464,48.512,48.572,48.613,48.65,48.696,48.739,48.796,48.833,48.869,48.904,48.95,48.988,49.017,49.061,49.087,49.119,49.157,49.189,49.23,49.252,49.288,49.321,49.35,49.38,49.406,49.435,49.469,49.491,49.51,49.536,49.561,49.592,49.617,49.643,49.665,49.691,49.715,49.749,49.779,49.799,49.828,49.853,49.886,49.919,49.958,49.985,50.006,50.031,50.054,50.082,50.115,50.145,50.178,50.197,50.228,50.26,50.291,50.322,50.347,50.371,50.399,50.427,50.457,50.49,50.521,50.57,50.604,50.65,50.687,50.717,50.748,50.79,50.825,50.864,50.916,50.965,51.029,51.081,51.137,51.19,51.259,51.333,51.413,51.521,51.672,51.842,52.065,52.893
810,@TPP,46.442,47.312,47.598,47.788,47.945,48.077,48.154,48.233,48.309,48.369,48.428,48.483,48.532,48.616,48.658,48.718,48.755,48.8,48.843,48.882,48.916,48.952,48.992,49.027,49.05,49.088,49.12,49.163,49.209,49.237,49.26,49.28,49.314,49.353,49.385,49.411,49.44,49.465,49.5,49.532,49.562,49.591,49.617,49.636,49.659,49.682,49.707,49.73,49.765,49.794,49.83,49.857,49.888,49.913,49.935,49.959,49.986,50.014,50.036,50.061,50.092,50.111,50.134,50.158,50.19,50.226,50.255,50.281,50.309,50.339,50.369,50.398,50.428,50.461,50.489,50.516,50.549,50.585,50.611,50.651,50.684,50.715,50.759,50.789,50.825,50.877,50.932,50.987,51.035,51.079,51.153,51.192,51.263,51.314,51.395,51.475,51.55,51.678,51.868,52.086,52.73
811,@TPP,46.442,47.312,47.598,47.788,47.945,48.077,48.154,48.233,48.309,48.369,48.428,48.483,48.532,48.616,48.658,48.718,48.755,48.8,48.843,48.882,48.916,48.952,48.992,49.027,49.05,49.088,49.12,49.163,49.209,49.237,49.26,49.28,49.314,49.353,49.385,49.411,49.44,49.465,49.5,49.532,49.562,49.591,49.617,49.636,49.659,49.682,49.707,49.73,49.765,49.794,49.83,49.857,49.888,49.913,49.935,49.959,49.986,50.014,50.036,50.061,50.092,50.111,50.134,50.158,50.19,50.226,50.255,50.281,50.309,50.339,50.369,50.398,50.428,50.461,50.489,50.516,50.549,50.585,50.611,50.651,50.684,50.715,50.759,50.789,50.825,50.877,50.932,50.987,51.035,51.079,51.153,51.192,51.263,51.314,51.395,51.475,51.55,51.678,51.868,52.086,52.73
812,@TPP,46.647,47.418,47.697,47.916,48.009,48.131,48.241,48.328,48.38,48.458,48.514,48.574,48.62,48.662,48.711,48.759,48.802,48.832,48.879,48.922,48.969,49.004,49.044,49.088,49.121,49.166,49.195,49.229,49.262,49.295,49.333,49.358,49.399,49.428,49.452,49.478,49.508,49.536,49.566,49.591,49.621,49.652,49.675,49.699,49.72,49.752,49.789,49.814,49.837,49.856,49.886,49.905,49.936,49.963,49.986,50.017,50.057,50.073,50.101,50.125,50.151,50.179,50.2,50.235,50.265,50.296,50.318,50.346,50.371,50.396,50.423,50.458,50.502,50.531,50.562,50.592,50.628,50.653,50.684,50.715,50.749,50.781,50.823,50.86,50.903,50.941,51.002,51.045,51.088,51.134,51.192,51.264,51.33,51.393,51.472,51.534,51.649,51.754,51.97,52.19,52.859
813,@TPP,46.647,47.418,47.697,47.916,48.009,48.131,48.241,48.328,48.38,48.458,48.514,48.574,48.62,48.662,48.711,48.759,48.802,48.832,48.879,48.922,48.969,49.004,49.044,49.088,49.121,49.166,49.195,49.229,49.262,49.295,49.333,49.358,49.399,49.428,49.452,49.478,49.508,49.536,49.566,49.591,49.621,49.652,49.675,49.699,49.72,49.752,49.789,49.814,49.837,49.856,49.886,49.905,49.936,49.963,49.986,50.017,50.057,50.073,50.101,50.125,50.151,50.179,50.2,50.235,50.265,50.296,50.318,50.346,50.371,50.396,50.423,50.458,50.502,50.531,50.562,50.592,50.628,50.653,50.684,50.715,50.749,50.781,50.823,50.86,50.903,50.941,51.002,51.045,51.088,51.134,51.192,51.264,51.33,51.393,51.472,51.534,51.649,51.754,51.97,52.19,52.859
814,@TPP,46.665,47.514,47.792,47.943,48.126,48.209,48.304,48.385,48.478,48.53,48.589,48.641,48.699,48.751,48.804,48.845,48.875,48.923,48.95,49.002,49.033,49.075,49.101,49.128,49.183,49.221,49.26,49.293,49.323,49.356,49.379,49.416,49.446,49.47,49.495,49.528,49.568,49.591,49.611,49.648,49.673,49.704,49.732,49.758,49.788,49.808,49.835,49.859,49.885,49.91,49.943,49.968,49.993,50.023,50.052,50.076,50.103,50.125,50.145,50.168,50.2,50.227,50.25,50.275,50.291,50.321,50.352,50.382,50.411,50.44,50.475,50.511,50.54,50.573,50.603,50.638,50.665,50.71,50.734,50.765,50.825,50.857,50.918,50.945,50.987,51.024,51.065,51.111,51.169,51.229,51.26,51.317,51.405,51.477,51.54,51.622,51.777,51.894,52.066,52.265,53.036
815,@TPP,46.665,47.514,47.792,47.943,48.126,48.209,48.304,48.385,48.478,48.53,48.589,48.641,48.699,48.751,48.804,48.845,48.875,48.923,48.95,49.002,49.033,49.075,49.101,49.128,49.183,49.221,49.26,49.293,49.323,49.356,49.379,49.416,49.446,49.47,49.495,49.528,49.568,49.591,49.611,49.648,49.673,49.704,49.732,49.758,49.788,49.808,49.835,49.859,49.885,49.91,49.943,49.968,49.993,50.023,50.052,50.076,50.103,50.125,50.145,50.168,50.2,50.227,50.25,50.275,50.291,50.321,50.352,50.382,50.411,50.44,50.475,50.511,50.54,50.573,50.603,50.638,50.665,50.71,50.734,50.765,50.825,50.857,50.918,50.945,50.987,51.024,51.065,51.111,51.169,51.229,51.26,51.317,51.405,51.477,51.54,51.622,51.777,51.894,52.066,52.265,53.036
816,@TPP,46.717,47.654,47.935,48.064,48.167,48.259,48.347,48.433,48.521,48.588,48.642,48.703,48.77,48.817,48.861,48.921,48.965,49.02,49.062,49.104,49.144,49.174,49.217,49.267,49.294,49.327,49.356,49.383,49.403,49.433,49.468,49.498,49.526,49.546,49.573,49.603,49.633,49.651,49.68,49.71,49.742,49.768,49.788,49.82,49.848,49.87,49.891,49.916,49.944,49.961,49.983,50.013,50.036,50.068,50.09,50.115,50.137,50.165,50.201,50.231,50.254,50.277,50.308,50.336,50.366,50.399,50.434,50.459,50.487,50.516,50.548,50.578,50.603,50.64,50.669,50.696,50.732,50.763,50.805,50.845,50.879,50.921,50.965,51.017,51.055,51.089,51.129,51.17,51.224,51.309,51.357,51.399,51.489,51.541,51.622,51.692,51.821,51.944,52.118,52.397,53.037
817,@TPP,46.717,47.654,47.935,48.064,48.167,48.259,48.347,48.433,48.521,48.588,48.642,48.703,48.77,48.817,48.861,48.921,48.965,49.02,49.062,49.104,49.144,49.174,49.217,49.267,49.294,49.327,49.356,49.383,49.403,49.433,49.468,49.498,49.526,49.546,49.573,49.603,49.633,49.651,49.68,49.71,49.742,49.768,49.788,49.82,49.848,49.87,49.891,49.916,49.944,49.961,49.983,50.013,50.036,50.068,50.09,50.115,50.137,50.165,50.201,50.231,50.254,50.277,50.308,50.336,50.366,50.399,50.434,50.459,50.487,50.516,50.548,50.578,50.603,50.64,50.669,50.696,50.732,50.763,50.805,50.845,50.879,50.921,50.965,51.017,51.055,51.089,51.129,51.17,51.224,51.309,51.357,51.399,51.489,51.541,51.622,51.692,51.821,51.944,52.118,52.397,53.037
818,@TPP,46.95,47.762,48.027,48.135,48.261,48.384,48.477,48.549,48.634,48.69,48.748,48.805,48.861,48.903,48.965,49.002,49.044,49.084,49.125,49.161,49.203,49.243,49.268,49.295,49.326,49.368,49.402,49.44,49.463,49.494,49.528,49.564,49.591,49.628,49.65,49.68,49.707,49.731,49.762,49.792,49.821,49.854,49.874,49.901,49.922,49.953,49.98,50.004,50.038,50.061,50.077,50.099,50.124,50.146,50.178,50.202,50.226,50.249,50.276,50.301,50.325,50.351,50.377,50.404,50.432,50.464,50.496,50.516,50.55,50.579,50.623,50.648,50.68,50.712,50.751,50.784,50.823,50.855,50.887,50.923,50.957,50.999,51.034,51.072,51.118,51.143,51.186,51.228,51.273,51.334,51.384,51.43,51.506,51.6,51.683,51.766,51.895,52.07,52.215,52.449,53.156
819,@TPP,46.95,47.762,48.027,48.135,48.261,48.384,48.477,48.549,48.634,48.69,48.748,48.805,48.861,48.903,48.965,49.002,49.044,49.084,49.125,49.161,49.203,49.243,49.268,49.295,49.326,49.368,49.402,49.44,49.463,49.494,49.528,49.564,49.591,49.628,49.65,49.68,49.707,49.731,49.762,49.792,49.821,49.854,49.874,49.901,49.922,49.953,49.98,50.004,50.038,50.061,50.077,50.099,50.124,50.146,50.178,50.202,50.226,50.249,50.276,50.301,50.325,50.351,50.377,50.404,50.432,50.464,50.496,50.516,50.55,50.579,50.623,50.648,50.68,50.712,50.751,50.784,50.823,50.855,50.887,50.923,50.957,50.999,51.034,51.072,51.118,51.143,51.186,51.228,51.273,51.334,51.384,51.43,51.506,51.6,51.683,51.766,51.895,52.07,52.215,52.449,53.156
820,@TPP,46.991,47.828,48.091,48.269,48.376,48.482,48.568,48.672,48.74,48.815,48.869,48.916,48.977,49.027,49.077,49.116,49.142,49.191,49.237,49.265,49.305,49.344,49.382,49.419,49.444,49.469,49.512,49.539,49.583,49.617,49.655,49.672,49.7,49.73,49.754,49.778,49.805,49.833,49.864,49.891,49.904,49.927,49.952,49.973,50.0,50.022,50.047,50.074,50.099,50.129,50.149,50.176,50.194,50.226,50.25,50.276,50.306,50.33,50.354,50.376,50.404,50.424,50.453,50.481,50.515,50.546,50.575,50.598,50.623,50.651,50.679,50.716,50.734,50.759,50.787,50.823,50.859,50.893,50.924,50.95,50.989,51.03,51.091,51.13,51.183,51.235,51.272,51.316,51.363,51.412,51.464,51.534,51.601,51.655,51.723,51.798,51.901,52.017,52.216,52.55,53.227
821,@TPP,46.991,47.828,48.091,48.269,48.376,48.482,48.568,48.672,48.74,48.815,48.869,48.916,48.977,49.027,49.077,49.116,49.142,49.191,49.237,49.265,49.305,49.344,49.382,49.419,49.444,49.469,49.512,49.539,49.583,49.617,49.655,49.672,49.7,49.73,49.754,49.778,49.805,49.833,49.864,49.891,49.904,49.927,49.952,49.973,50.0,50.022,50.047,50.074,50.099,50.129,50.149,50.176,50.194,50.226,50.25,50.276,50.306,50.33,50.354,50.376,50.404,50.424,50.453,50.481,50.515,50.546,50.575,50.598,50.623,50.651,50.679,50.716,50.734,50.759,50.787,50.823,50.859,50.893,50.924,50.95,50.989,51.03,51.091,51.13,51.183,51.235,51.272,51.316,51.363,51.412,51.464,51.534,51.601,51.655,51.723,51.798,51.901,52.017,52.216,52.55,53.227
822,@TPP,47.057,47.865,48.17,48.343,48.506,48.618,48.697,48.766,48.832,48.907,48.983,49.04,49.077,49.131,49.159,49.205,49.239,49.284,49.321,49.355,49.39,49.419,49.447,49.489,49.522,49.551,49.583,49.611,49.639,49.656,49.685,49.713,49.74,49.759,49.801,49.832,49.866,49.888,49.916,49.939,49.963,49.99,50.017,50.041,50.059,50.086,50.109,50.138,50.171,50.191,50.211,50.241,50.264,50.287,50.324,50.346,50.369,50.394,50.425,50.451,50.468,50.488,50.53,50.551,50.57,50.597,50.617,50.644,50.668,50.693,50.715,50.746,50.783,50.809,50.84,50.87,50.903,50.936,50.967,50.987,51.027,51.065,51.108,51.147,51.186,51.227,51.273,51.322,51.383,51.438,51.481,51.532,51.593,51.67,51.746,51.835,51.938,52.081,52.234,52.573,53.245
823,@TPP,47.057,47.865,48.17,48.343,48.506,48.618,48.697,48.766,48.832,48.907,48.983,49.04,49.077,49.131,49.159,49.205,49.239,49.284,49.321,49.355,49.39,49.419,49.447,49.489,49.522,49.551,49.583,49.611,49.639,49.656,49.685,49.713,49.74,49.759,49.801,49.832,49.866,49.888,49.916,49.939,49.963,49.99,50.017,50.041,50.059,50.086,50.109,50.138,50.171,50.191,50.211,50.241,50.264,50.287,50.324,50.346,50.369,50.394,50.425,50.451,50.468,50.488,50.53,50.551,50.57,50.597,50.617,50.644,50.668,50.693,50.715,50.746,50.783,50.809,50.84,50.87,50.903,50.936,50.967,50.987,51.027,51.065,51.108,51.147,51.186,51.227,51.273,51.322,51.383,51.438,51.481,51.532,51.593,51.67,51.746,51.835,51.938,52.081,52.234,52.573,53.245
824,@TPP,46.958,47.946,48.223,48.385,48.552,48.644,48.739,48.847,48.924,48.977,49.036,49.067,49.13,49.181,49.223,49.276,49.303,49.341,49.386,49.433,49.466,49.496,49.521,49.557,49.584,49.618,49.646,49.674,49.712,49.741,49.768,49.794,49.828,49.862,49.892,49.919,49.943,49.972,49.997,50.023,50.049,50.079,50.116,50.137,50.164,50.195,50.222,50.247,50.271,50.296,50.327,50.352,50.377,50.406,50.437,50.457,50.477,50.498,50.523,50.548,50.563,50.583,50.603,50.639,50.661,50.688,50.713,50.735,50.765,50.8,50.822,50.839,50.866,50.89,50.931,50.961,50.996,51.028,51.077,51.113,51.149,51.183,51.205,51.246,51.293,51.332,51.402,51.474,51.517,51.585,51.644,51.692,51.735,51.816,51.911,51.962,52.085,52.189,52.374,52.72,53.505
825,@TPP,46.958,47.946,48.223,48.385,48.552,48.644,48.739,48.847,48.924,48.977,49.036,49.067,49.13,49.181,49.223,49.276,49.303,49.341,49.386,49.433,49.466,49.496,49.521,49.557,49.584,49.618,49.646,49.674,49.712,49.741,49.768,49.794,49.828,49.862,49.892,49.919,49.943,49.972,49.997,50.023,50.049,50.079,50.116,50.137,50.164,50.195,50.222,50.247,50.271,50.296,50.327,50.352,50.377,50.406,50.437,50.457,50.477,50.498,50.523,50.548,50.563,50.583,50.603,50.639,50.661,50.688,50.713,50.735,50.765,50.8,50.822,50.839,50.866,50.89,50.931,50.961,50.996,51.028,51.077,51.113,51.149,51.183,51.205,51.246,51.293,51.332,51.402,51.474,51.517,51.585,51.644,51.692,51.735,51.816,51.911,51.962,52.085,52.189,52.374,52.72,53.505
826,@TPP,47.327,48.035,48.275,48.464,48.602,48.717,48.827,48.893,48.975,49.031,49.094,49.152,49.199,49.233,49.281,49.324,49.368,49.409,49.457,49.498,49.523,49.563,49.596,49.639,49.677,49.705,49.74,49.778,49.813,49.842,49.876,49.909,49.941,49.965,50.0,50.042,50.064,50.089,50.113,50.138,50.168,50.191,50.213,50.24,50.268,50.295,50.317,50.335,50.363,50.387,50.409,50.433,50.466,50.489,50.512,50.544,50.56,50.584,50.61,50.642,50.667,50.696,50.732,50.761,50.787,50.813,50.842,50.871,50.895,50.919,50.947,50.979,51.013,51.041,51.075,51.113,51.146,51.188,51.225,51.245,51.286,51.323,51.36,51.41,51.446,51.493,51.53,51.576,51.621,51.676,51.735,51.807,51.878,51.96,52.025,52.115,52.244,52.364,52.566,52.807,53.649
827,@TPP,47.327,48.035,48.275,48.464,48.602,48.717,48.827,48.893,48.975,49.031,49.094,49.152,49.199,49.233,49.281,49.324,49.368,49.409,49.457,49.498,49.523,49.563,49.596,49.639,49.677,49.705,49.74,49.778,49.813,49.842,49.876,49.909,49.941,49.965,50.0,50.042,50.064,50.089,50.113,50.138,50.168,50.191,50.213,50.24,50.268,50.295,50.317,50.335,50.363,50.387,50.409,50.433,50.466,50.489,50.512,50.544,50.56,50.584,50.61,50.642,50.667,50.696,50.732,50.761,50.787,50.813,50.842,50.871,50.895,50.919,50.947,50.979,51.013,51.041,51.075,51.113,51.146,51.188,51.225,51.245,51.286,51.323,51.36,51.41,51.446,51.493,51.53,51.576,51.621,51.676,51.735,51.807,51.878,51.96,52.025,52.115,52.244,52.364,52.566,52.807,53.649
828,@TPP,47.283,47.971,48.383,48.587,48.719,48.825,48.902,48.965,49.033,49.098,49.153,49.22,49.29,49.329,49.379,49.429,49.469,49.506,49.552,49.579,49.613,49.673,49.707,49.737,49.768,49.806,49.845,49.877,49.926,49.953,49.984,50.015,50.046,50.072,50.105,50.124,50.158,50.185,50.217,50.244,50.267,50.294,50.323,50.347,50.38,50.4,50.426,50.451,50.472,50.493,50.517,50.541,50.564,50.593,50.618,50.637,50.672,50.704,50.738,50.767,50.792,50.816,50.845,50.874,50.896,50.92,50.948,50.969,50.996,51.025,51.055,51.077,51.11,51.139,51.166,51.199,51.235,51.267,51.293,51.328,51.366,51.397,51.454,51.499,51.546,51.594,51.654,51.696,51.746,51.807,51.888,51.935,51.977,52.032,52.13,52.258,52.366,52.519,52.661,52.92,53.707
829,@TPP,47.283,47.971,48.383,48.587,48.719,48.825,48.902,48.965,49.033,49.098,49.153,49.22,49.29,49.329,49.379,49.429,49.469,49.506,49.552,49.579,49.613,49.673,49.707,49.737,49.768,49.806,49.845,49.877,49.926,49.953,49.984,50.015,50.046,50.072,50.105,50.124,50.158,50.185,50.217,50.244,50.267,50.294,50.323,50.347,50.38,50.4,50.426,50.451,50.472,50.493,50.517,50.541,50.564,50.593,50.618,50.637,50.672,50.704,50.738,50.767,50.792,50.816,50.845,50.874,50.896,50.92,50.948,50.969,50.996,51.025,51.055,51.077,51.11,51.139,51.166,51.199,51.235,51.267,51.293,51.328,51.366,51.397,51.454,51.499,51.546,51.594,51.654,51.696,51.746,51.807,51.888,51.935,51.977,52.032,52.13,52.258,52.366,52.519,52.661,52.92,53.707
830,@TPP,47.107,48.073,48.45,48.628,48.774,48.875,48.963,49.05,49.15,49.214,49.271,49.316,49.373,49.439,49.478,49.531,49.568,49.609,49.651,49.694,49.738,49.785,49.832,49.883,49.919,49.955,49.981,50.015,50.045,50.072,50.103,50.136,50.164,50.185,50.214,50.237,50.259,50.288,50.31,50.333,50.358,50.402,50.428,50.462,50.485,50.519,50.542,50.574,50.605,50.627,50.652,50.672,50.685,50.712,50.734,50.759,50.788,50.816,50.84,50.861,50.888,50.911,50.94,50.962,50.985,51.018,51.057,51.086,51.126,51.164,51.188,51.214,51.233,51.267,51.303,51.344,51.378,51.41,51.44,51.476,51.51,51.534,51.584,51.629,51.67,51.721,51.765,51.811,51.872,51.916,51.971,52.048,52.097,52.176,52.259,52.355,52.473,52.628,52.8,53.011,53.831
831,@TPP,47.107,48.073,48.45,48.628,48.774,48.875,48.963,49.05,49.15,49.214,49.271,49.316,49.373,49.439,49.478,49.531,49.568,49.609,49.651,49.694,49.738,49.785,49.832,49.883,49.919,49.955,49.981,50.015,50.045,50.072,50.103,50.136,50.164,50.185,50.214,50.237,50.259,50.288,50.31,50.333,50.358,50.402,50.428,50.462,50.485,50.519,50.542,50.574,50.605,50.627,50.652,50.672,50.685,50.712,50.734,50.759,50.788,50.816,50.84,50.861,50.888,50.911,50.94,50.962,50.985,51.018,51.057,51.086,51.126,51.164,51.188,51.214,51.233,51.267,51.303,51.344,51.378,51.41,51.44,51.476,51.51,51.534,51.584,51.629,51.67,51.721,51.765,51.811,51.872,51.916,51.971,52.048,52.097,52.176,52.259,52.355,52.473,52.628,52.8,53.011,53.831
832,@TPP,47.2,48.264,48.548,48.691,48.793,48.959,49.063,49.168,49.251,49.313,49.38,49.443,49.503,49.55,49.59,49.635,49.683,49.727,49.778,49.817,49.856,49.896,49.93,49.967,49.996,50.023,50.069,50.105,50.131,50.16,50.193,50.216,50.25,50.284,50.307,50.336,50.361,50.396,50.42,50.448,50.475,50.499,50.529,50.557,50.581,50.613,50.644,50.669,50.704,50.727,50.752,50.782,50.806,50.832,50.859,50.877,50.902,50.915,50.944,50.962,50.995,51.018,51.045,51.074,51.105,51.13,51.165,51.189,51.22,51.255,51.278,51.303,51.337,51.369,51.4,51.438,51.48,51.523,51.559,51.599,51.637,51.682,51.715,51.747,51.795,51.835,51.864,51.92,51.979,52.054,52.111,52.151,52.203,52.281,52.356,52.44,52.532,52.722,52.952,53.232,53.805
833,@TPP,47.2,48.264,48.548,48.691,48.793,48.959,49.063,49.168,49.251,49.313,49.38,49.443,49.503,49.55,49.59,49.635,49.683,49.727,49.778,49.817,49.856,49.896,49.93,49.967,49.996,50.023,50.069,50.105,50.131,50.16,50.193,50.216,50.25,50.284,50.307,50.336,50.361,50.396,50.42,50.448,50.475,50.499,50.529,50.557,50.581,50.613,50.644,50.669,50.704,50.727,50.752,50.782,50.806,50.832,50.859,50.877,50.902,50.915,50.944,50.962,50.995,51.018,51.045,51.074,51.105,51.13,51.165,51.189,51.22,51.255,51.278,51.303,51.337,51.369,51.4,51.438,51.48,51.523,51.559,51.599,51.637,51.682,51.715,51.747,51.795,51.835,51.864,51.92,51.979,52.054,52.111,52.151,52.203,52.281,52.356,52.44,52.532,52.722,52.952,53.232,53.805
834,@TPP,47.292,48.331,48.589,48.875,49.001,49.116,49.204,49.305,49.387,49.443,49.499,49.561,49.634,49.685,49.725,49.77,49.808,49.842,49.888,49.936,49.977,50.016,50.048,50.083,50.124,50.159,50.185,50.214,50.246,50.278,50.31,50.337,50.363,50.399,50.435,50.463,50.49,50.523,50.55,50.563,50.598,50.632,50.659,50.687,50.709,50.743,50.765,50.79,50.823,50.856,50.876,50.902,50.923,50.946,50.979,51.007,51.036,51.062,51.087,51.116,51.146,51.185,51.215,51.234,51.265,51.301,51.333,51.369,51.391,51.415,51.447,51.472,51.506,51.544,51.567,51.594,51.623,51.656,51.691,51.719,51.757,51.798,51.838,51.881,51.914,51.965,52.01,52.04,52.078,52.135,52.197,52.255,52.343,52.417,52.492,52.591,52.693,52.838,53.021,53.262,54.11
835,@TPP,47.292,48.331,48.589,48.875,49.001,49.116,49.204,49.305,49.387,49.443,49.499,49.561,49.634,49.685,49.725,49.77,49.808,49.842,49.888,49.936,49.977,50.016,50.048,50.083,50.124,50.159,50.185,50.214,50.246,50.278,50.31,50.337,50.363,50.399,50.435,50.463,50.49,50.523,50.55,50.563,50.598,50.632,50.659,50.687,50.709,50.743,50.765,50.79,50.823,50.856,50.876,50.902,50.923,50.946,50.979,51.007,51.036,51.062,51.087,51.116,51.146,51.185,51.215,51.234,51.265,51.301,51.333,51.369,51.391,51.415,51.447,51.472,51.506,51.544,51.567,51.594,51.623,51.656,51.691,51.719,51.757,51.798,51.838,51.881,51.914,51.965,52.01,52.04,52.078,52.135,52.197,52.255,52.343,52.417,52.492,52.591,52.693,52.838,53.021,53.262,54.11
836,@TPP,47.305,48.414,48.747,49.029,49.154,49.253,49.331,49.377,49.475,49.555,49.621,49.687,49.743,49.768,49.824,49.87,49.918,49.957,50.003,50.032,50.071,50.092,50.148,50.189,50.217,50.241,50.278,50.321,50.348,50.385,50.423,50.448,50.478,50.505,50.537,50.574,50.609,50.63,50.662,50.692,50.728,50.756,50.787,50.812,50.839,50.857,50.885,50.91,50.936,50.956,50.986,51.016,51.039,51.067,51.089,51.112,51.138,51.161,51.187,51.215,51.238,51.264,51.293,51.332,51.364,51.393,51.42,51.454,51.48,51.515,51.541,51.576,51.602,51.634,51.665,51.688,51.731,51.767,51.794,51.828,51.876,51.907,51.947,51.984,52.031,52.075,52.116,52.167,52.225,52.271,52.318,52.379,52.449,52.511,52.6,52.677,52.8,52.955,53.154,53.481,54.297
837,@TPP,47.305,48.414,48.747,49.029,49.154,49.253,49.331,49.377,49.475,49.555,49.621,49.687,49.743,49.768,49.824,49.87,49.918,49.957,50.003,50.032,50.071,50.092,50.148,50.189,50.217,50.241,50.278,50.321,50.348,50.385,50.423,50.448,50.478,50.505,50.537,50.574,50.609,50.63,50.662,50.692,50.728,50.756,50.787,50.812,50.839,50.857,50.885,50.91,50.936,50.956,50.986,51.016,51.039,51.067,51.089,51.112,51.138,51.161,51.187,51.215,51.238,51.264,51.293,51.332,51.364,51.393,51.42,51.454,51.48,51.515,51.541,51.576,51.602,51.634,51.665,51.688,51.731,51.767,51.794,51.828,51.876,51.907,51.947,51.984,52.031,52.075,52.116,52.167,52.225,52.271,52.318,52.379,52.449,52.511,52.6,52.677,52.8,52.955,53.154,53.481,54.297
838,@TPP,47.786,48.52,48.887,49.104,49.228,49.373,49.459,49.521,49.579,49.648,49.707,49.772,49.836,49.888,49.946,49.987,50.035,50.077,50.11,50.146,50.189,50.236,50.28,50.308,50.355,50.382,50.418,50.449,50.485,50.518,50.548,50.568,50.603,50.626,50.657,50.68,50.706,50.734,50.768,50.791,50.812,50.835,50.865,50.891,50.918,50.95,50.978,51.013,51.034,51.062,51.088,51.112,51.137,51.161,51.189,51.211,51.231,51.256,51.281,51.311,51.34,51.375,51.4,51.424,51.456,51.487,51.518,51.542,51.568,51.599,51.629,51.667,51.706,51.736,51.784,51.815,51.846,51.878,51.909,51.945,51.97,52.014,52.045,52.086,52.134,52.178,52.217,52.27,52.33,52.377,52.437,52.487,52.545,52.607,52.701,52.791,52.895,53.048,53.218,53.544,54.487
839,@TPP,47.786,48.52,48.887,49.104,49.228,49.373,49.459,49.521,49.579,49.648,49.707,49.772,49.836,49.888,49.946,49.987,50.035,50.077,50.11,50.146,50.189,50.236,50.28,50.308,50.355,50.382,50.418,50.449,50.485,50.518,50.548,50.568,50.603,50.626,50.657,50.68,50.706,50.734,50.768,50.791,50.812,50.835,50.865,50.891,50.918,50.95,50.978,51.013,51.034,51.062,51.088,51.112,51.137,51.161,51.189,51.211,51.231,51.256,51.281,51.311,51.34,51.375,51.4,51.424,51.456,51.487,51.518,51.542,51.568,51.599,51.629,51.667,51.706,51.736,51.784,51.815,51.846,51.878,51.909,51.945,51.97,52.014,52.045,52.086,52.134,52.178,52.217,52.27,52.33,52.377,52.437,52.487,52.545,52.607,52.701,52.791,52.895,53.048,53.218,53.544,54.487
840,@TPP,47.607,48.706,49.057,49.251,49.372,49.482,49.586,49.663,49.721,49.767,49.839,49.907,49.988,50.035,50.069,50.099,50.142,50.182,50.225,50.269,50.304,50.336,50.372,50.398,50.436,50.473,50.502,50.554,50.583,50.609,50.644,50.684,50.717,50.753,50.783,50.805,50.828,50.857,50.886,50.913,50.937,50.96,50.986,51.01,51.03,51.059,51.085,51.112,51.134,51.157,51.184,51.211,51.235,51.261,51.296,51.328,51.355,51.383,51.404,51.428,51.452,51.477,51.5,51.528,51.558,51.59,51.616,51.652,51.689,51.716,51.748,51.78,51.813,51.845,51.88,51.911,51.945,51.985,52.025,52.069,52.101,52.144,52.17,52.201,52.239,52.29,52.353,52.403,52.463,52.506,52.55,52.618,52.676,52.732,52.832,52.908,53.011,53.137,53.371,53.735,54.413
841,@TPP,47.607,48.706,49.057,49.251,49.372,49.482,49.586,49.663,49.721,49.767,49.839,49.907,49.988,50.035,50.069,50.099,50.142,50.182,50.225,50.269,50.304,50.336,50.372,50.398,50.436,50.473,50.502,50.554,50.583,50.609,50.644,50.684,50.717,50.753,50.783,50.805,50.828,50.857,50.886,50.913,50.937,50.96,50.986,51.01,51.03,51.059,51.085,51.112,51.134,51.157,51.184,51.211,51.235,51.261,51.296,51.328,51.355,51.383,51.404,51.428,51.452,51.477,51.5,51.528,51.558,51.59,51.616,51.652,51.689,51.716,51.748,51.78,51.813,51.845,51.88,51.911,51.945,51.985,52.025,52.069,52.101,52.144,52.17,52.201,52.239,52.29,52.353,52.403,52.463,52.506,52.55,52.618,52.676,52.732,52.832,52.908,53.011,53.137,53.371,53.735,54.413
842,@TPP,47.775,48.832,49.158,49.339,49.459,49.583,49.715,49.776,49.836,49.905,49.951,50.014,50.069,50.111,50.167,50.215,50.26,50.304,50.34,50.376,50.421,50.462,50.491,50.522,50.56,50.597,50.624,50.652,50.687,50.725,50.752,50.787,50.812,50.846,50.871,50.903,50.925,50.953,50.978,51.006,51.046,51.079,51.104,51.131,51.157,51.184,51.206,51.231,51.262,51.277,51.298,51.316,51.345,51.377,51.396,51.424,51.45,51.474,51.501,51.523,51.551,51.583,51.6,51.621,51.648,51.673,51.701,51.739,51.789,51.827,51.855,51.89,51.932,51.966,51.995,52.027,52.062,52.103,52.131,52.169,52.209,52.257,52.295,52.355,52.393,52.453,52.502,52.54,52.591,52.651,52.708,52.757,52.817,52.933,52.999,53.082,53.157,53.282,53.392,53.742,54.633
843,@TPP,47.775,48.832,49.158,49.339,49.459,49.583,49.715,49.776,49.836,49.905,49.951,50.014,50.069,50.111,50.167,50.215,50.26,50.304,50.34,50.376,50.421,50.462,50.491,50.522,50.56,50.597,50.624,50.652,50.687,50.725,50.752,50.787,50.812,50.846,50.871,50.903,50.925,50.953,50.978,51.006,51.046,51.079,51.104,51.131,51.157,51.184,51.206,51.231,51.262,51.277,51.298,51.316,51.345,51.377,51.396,51.424,51.45,51.474,51.501,51.523,51.551,51.583,51.6,51.621,51.648,51.673,51.701,51.739,51.789,51.827,51.855,51.89,51.932,51.966,51.995,52.027,52.062,52.103,52.131,52.169,52.209,52.257,52.295,52.355,52.393,52.453,52.502,52.54,52.591,52.651,52.708,52.757,52.817,52.933,52.999,53.082,53.157,53.282,53.392,53.742,54.633
844,@TPP,47.911,48.996,49.324,49.513,49.627,49.731,49.819,49.902,49.979,50.076,50.118,50.166,50.211,50.279,50.322,50.353,50.403,50.438,50.476,50.515,50.547,50.587,50.632,50.664,50.692,50.73,50.768,50.795,50.826,50.858,50.883,50.91,50.944,50.969,51.003,51.034,51.058,51.086,51.114,51.138,51.161,51.193,51.223,51.242,51.268,51.294,51.316,51.336,51.358,51.387,51.411,51.439,51.472,51.497,51.522,51.545,51.566,51.588,51.61,51.639,51.664,51.699,51.73,51.755,51.783,51.81,51.852,51.875,51.903,51.932,51.963,51.991,52.024,52.063,52.091,52.13,52.159,52.191,52.229,52.265,52.311,52.355,52.394,52.443,52.489,52.531,52.578,52.635,52.698,52.758,52.825,52.882,52.929,52.986,53.049,53.153,53.274,53.409,53.567,53.886,54.723
845,@TPP,47.911,48.996,49.324,49.513,49.627,49.731,49.819,49.902,49.979,50.076,50.118,50.166,50.211,50.279,50.322,50.353,50.403,50.438,50.476,50.515,50.547,50.587,50.632,50.664,50.692,50.73,50.768,50.795,50.826,50.858,50.883,50.91,50.944,50.969,51.003,51.034,51.058,51.086,51.114,51.138,51.161,51.193,51.223,51.242,51.268,51.294,51.316,51.336,51.358,51.387,51.411,51.439,51.472,51.497,51.522,51.545,51.566,51.588,51.61,51.639,51.664,51.699,51.73,51.755,51.783,51.81,51.852,51.875,51.903,51.932,51.963,51.991,52.024,52.063,52.091,52.13,52.159,52.191,52.229,52.265,52.311,52.355,52.394,52.443,52.489,52.531,52.578,52.635,52.698,52.758,52.825,52.882,52.929,52.986,53.049,53.153,53.274,53.409,53.567,53.886,54.723
846,@TPP,48.157,49.101,49.434,49.592,49.72,49.851,49.943,50.059,50.132,50.19,50.24,50.288,50.336,50.375,50.428,50.469,50.512,50.555,50.596,50.641,50.681,50.705,50.739,50.767,50.793,50.825,50.854,50.891,50.931,50.97,51.004,51.035,51.063,51.087,51.122,51.143,51.167,51.206,51.228,51.251,51.274,51.301,51.334,51.361,51.388,51.421,51.448,51.475,51.495,51.51,51.535,51.568,51.592,51.622,51.643,51.669,51.696,51.722,51.751,51.781,51.808,51.826,51.848,51.876,51.912,51.937,51.962,51.983,52.015,52.05,52.084,52.12,52.144,52.179,52.201,52.235,52.26,52.288,52.319,52.353,52.392,52.436,52.475,52.521,52.553,52.61,52.661,52.708,52.763,52.818,52.889,52.957,53.023,53.091,53.2,53.282,53.413,53.544,53.738,54.012,55.02
847,@TPP,48.157,49.101,49.434,49.592,49.72,49.851,49.943,50.059,50.132,50.19,50.24,50.288,50.336,50.375,50.428,50.469,50.512,50.555,50.596,50.641,50.681,50.705,50.739,50.767,50.793,50.825,50.854,50.891,50.931,50.97,51.004,51.035,51.063,51.087,51.122,51.143,51.167,51.206,51.228,51.251,51.274,51.301,51.334,51.361,51.388,51.421,51.448,51.475,51.495,51.51,51.535,51.568,51.592,51.622,51.643,51.669,51.696,51.722,51.751,51.781,51.808,51.826,51.848,51.876,51.912,51.937,51.962,51.983,52.015,52.05,52.084,52.12,52.144,52.179,52.201,52.235,52.26,52.288,52.319,52.353,52.392,52.436,52.475,52.521,52.553,52.61,52.661,52.708,52.763,52.818,52.889,52.957,53.023,53.091,53.2,53.282,53.413,53.544,53.738,54.012,55.02
848,@TPP,48.31,49.354,49.591,49.793,49.872,49.995,50.084,50.171,50.216,50.301,50.375,50.435,50.478,50.526,50.575,50.614,50.65,50.683,50.716,50.75,50.789,50.826,50.858,50.902,50.932,50.966,51.013,51.045,51.086,51.11,51.139,51.167,51.194,51.216,51.241,51.271,51.305,51.325,51.352,51.373,51.397,51.411,51.438,51.47,51.492,51.514,51.549,51.576,51.603,51.633,51.662,51.676,51.699,51.726,51.749,51.785,51.815,51.832,51.866,51.893,51.914,51.944,51.968,52.002,52.021,52.046,52.068,52.094,52.123,52.159,52.181,52.203,52.233,52.269,52.293,52.32,52.347,52.387,52.412,52.459,52.488,52.521,52.559,52.596,52.64,52.675,52.749,52.793,52.844,52.89,52.963,53.022,53.07,53.142,53.223,53.317,53.439,53.584,53.785,54.033,54.827
849,@TPP,48.31,49.354,49.591,49.793,49.872,49.995,50.084,50.171,50.216,50.301,50.375,50.435,50.478,50.526,50.575,50.614,50.65,50.683,50.716,50.75,50.789,50.826,50.858,50.902,50.932,50.966,51.013,51.045,51.086,51.11,51.139,51.167,51.194,51.216,51.241,51.271,51.305,51.325,51.352,51.373,51.397,51.411,51.438,51.47,51.492,51.514,51.549,51.576,51.603,51.633,51.662,51.676,51.699,51.726,51.749,51.785,51.815,51.832,51.866,51.893,51.914,51.944,51.968,52.002,52.021,52.046,52.068,52.094,52.123,52.159,52.181,52.203,52.233,52.269,52.293,52.32,52.347,52.387,52.412,52.459,52.488,52.521,52.559,52.596,52.64,52.675,52.749,52.793,52.844,52.89,52.963,53.022,53.07,53.142,53.223,53.317,53.439,53.584,53.785,54.033,54.827
850,@TPP,48.596,49.494,49.773,49.958,50.084,50.196,50.278,50.358,50.429,50.48,50.536,50.579,50.639,50.685,50.722,50.765,50.813,50.857,50.895,50.931,50.969,51.003,51.042,51.077,51.105,51.132,51.154,51.185,51.212,51.241,51.263,51.291,51.315,51.335,51.361,51.383,51.42,51.455,51.487,51.511,51.529,51.553,51.575,51.601,51.625,51.646,51.671,51.694,51.721,51.742,51.767,51.793,51.814,51.837,51.853,51.884,51.909,51.938,51.973,52.003,52.017,52.039,52.062,52.084,52.101,52.117,52.147,52.178,52.198,52.231,52.257,52.282,52.32,52.349,52.382,52.413,52.445,52.483,52.528,52.559,52.607,52.636,52.671,52.73,52.781,52.807,52.854,52.901,52.953,52.996,53.045,53.1,53.153,53.224,53.314,53.384,53.535,53.633,53.793,54.022,54.733
851,@TPP,48.596,49.494,49.773,49.958,50.084,50.196,50.278,50.358,50.429,50.48,50.536,50.579,50.639,50.685,50.722,50.765,50.813,50.857,50.895,50.931,50.969,51.003,51.042,51.077,51.105,51.132,51.154,51.185,51.212,51.241,51.263,51.291,51.315,51.335,51.361,51.383,51.42,51.455,51.487,51.511,51.529,51.553,51.575,51.601,51.625,51.646,51.671,51.694,51.721,51.742,51.767,51.793,51.814,51.837,51.853,51.884,51.909,51.938,51.973,52.003,52.017,52.039,52.062,52.084,52.101,52.117,52.147,52.178,52.198,52.231,52.257,52.282,52.32,52.349,52.382,52.413,52.445,52.483,52.528,52.559,52.607,52.636,52.671,52.73,52.781,52.807,52.854,52.901,52.953,52.996,53.045,53.1,53.153,53.224,53.314,53.384,53.535,53.633,53.793,54.022,54.733
852,@TPP,48.959,49.695,49.905,50.124,50.278,50.345,50.45,50.52,50.578,50.635,50.679,50.74,50.784,50.839,50.866,50.903,50.946,50.986,51.01,51.049,51.082,51.112,51.147,51.18,51.212,51.238,51.267,51.294,51.315,51.336,51.367,51.395,51.421,51.449,51.474,51.494,51.52,51.564,51.6,51.623,51.644,51.664,51.697,51.721,51.745,51.766,51.793,51.818,51.841,51.869,51.888,51.914,51.937,51.966,51.989,52.02,52.04,52.058,52.082,52.115,52.144,52.171,52.196,52.215,52.239,52.264,52.294,52.312,52.347,52.367,52.394,52.432,52.45,52.483,52.522,52.564,52.592,52.615,52.636,52.664,52.7,52.734,52.766,52.802,52.845,52.897,52.929,52.974,53.025,53.082,53.113,53.181,53.233,53.284,53.357,53.441,53.551,53.677,53.845,54.117,54.77
853,@TPP,48.959,49.695,49.905,50.124,50.278,50.345,50.45,50.52,50.578,50.635,50.679,50.74,50.784,50.839,50.866,50.903,50.946,50.986,51.01,51.049,51.082,51.112,51.147,51.18,51.212,51.238,51.267,51.294,51.315,51.336,51.367,51.395,51.421,51.449,51.474,51.494,51.52,51.564,51.6,51.623,51.644,51.664,51.697,51.721,51.745,51.766,51.793,51.818,51.841,51.869,51.888,51.914,51.937,51.966,51.989,52.02,52.04,52.058,52.082,52.115,52.144,52.171,52.196,52.215,52.239,52.264,52.294,52.312,52.347,52.367,52.394,52.432,52.45,52.483,52.522,52.564,52.592,52.615,52.636,52.664,52.7,52.734,52.766,52.802,52.845,52.897,52.929,52.974,53.025,53.082,53.113,53.181,53.233,53.284,53.357,53.441,53.551,53.677,53.845,54.117,54.77
854,@TPP,49.02,49.729,49.993,50.16,50.312,50.402,50.486,50.567,50.641,50.694,50.754,50.796,50.843,50.886,50.944,51.001,51.031,51.066,51.098,51.14,51.171,51.199,51.234,51.261,51.287,51.313,51.346,51.371,51.398,51.422,51.454,51.48,51.503,51.523,51.539,51.56,51.585,51.618,51.644,51.668,51.691,51.718,51.738,51.763,51.792,51.819,51.842,51.862,51.889,51.921,51.938,51.962,51.989,52.012,52.039,52.066,52.09,52.112,52.131,52.159,52.181,52.207,52.232,52.256,52.278,52.314,52.342,52.363,52.388,52.438,52.468,52.49,52.522,52.548,52.579,52.6,52.627,52.661,52.693,52.726,52.762,52.794,52.838,52.877,52.908,52.946,52.984,53.037,53.094,53.13,53.184,53.23,53.265,53.325,53.39,53.501,53.627,53.767,53.881,54.125,54.869
855,@TPP,49.02,49.729,49.993,50.16,50.312,50.402,50.486,50.567,50.641,50.694,50.754,50.796,50.843,50.886,50.944,51.001,51.031,51.066,51.098,51.14,51.171,51.199,51.234,51.261,51.287,51.313,51.346,51.371,51.398,51.422,51.454,51.48,51.503,51.523,51.539,51.56,51.585,51.618,51.644,51.668,51.691,51.718,51.738,51.763,51.792,51.819,51.842,51.862,51.889,51.921,51.938,51.962,51.989,52.012,52.039,52.066,52.09,52.112,52.131,52.159,52.181,52.207,52.232,52.256,52.278,52.314,52.342,52.363,52.388,52.438,52.468,52.49,52.522,52.548,52.579,52.6,52.627,52.661,52.693,52.726,52.762,52.794,52.838,52.877,52.908,52.946,52.984,53.037,53.094,53.13,53.184,53.23,53.265,53.325,53.39,53.501,53.627,53.767,53.881,54.125,54.869
856,@TPP,49.33,49.81,50.103,50.276,50.372,50.473,50.556,50.63,50.699,50.765,50.81,50.861,50.897,50.94,50.986,51.025,51.076,51.111,51.144,51.184,51.216,51.246,51.279,51.314,51.338,51.367,51.393,51.422,51.458,51.482,51.514,51.534,51.567,51.594,51.617,51.639,51.661,51.692,51.711,51.739,51.76,51.781,51.799,51.824,51.847,51.872,51.897,51.923,51.946,51.968,51.992,52.013,52.039,52.073,52.095,52.121,52.143,52.178,52.211,52.231,52.251,52.278,52.299,52.332,52.352,52.379,52.398,52.424,52.45,52.474,52.494,52.521,52.547,52.579,52.607,52.635,52.666,52.699,52.728,52.763,52.791,52.839,52.875,52.917,52.948,52.993,53.028,53.072,53.117,53.17,53.219,53.267,53.317,53.397,53.486,53.556,53.652,53.797,53.952,54.105,54.856
857,@TPP,49.33,49.81,50.103,50.276,50.372,50.473,50.556,50.63,50.699,50.765,50.81,50.861,50.897,50.94,50.986,51.025,51.076,51.111,51.144,51.184,51.216,51.246,51.279,51.314,51.338,51.367,51.393,51.422,51.458,51.482,51.514,51.534,51.567,51.594,51.617,51.639,51.661,51.692,51.711,51.739,51.76,51.781,51.799,51.824,51.847,51.872,51.897,51.923,51.946,51.968,51.992,52.013,52.039,52.073,52.095,52.121,52.143,52.178,52.211,52.231,52.251,52.278,52.299,52.332,52.352,52.379,52.398,52.424,52.45,52.474,52.494,52.521,52.547,52.579,52.607,52.635,52.666,52.699,52.728,52.763,52.791,52.839,52.875,52.917,52.948,52.993,53.028,53.072,53.117,53.17,53.219,53.267,53.317,53.397,53.486,53.556,53.652,53.797,53.952,54.105,54.856
858,@TPP,49.373,49.936,50.164,50.316,50.462,50.572,50.63,50.699,50.76,50.837,50.873,50.919,50.963,51.001,51.051,51.086,51.121,51.153,51.181,51.219,51.249,51.276,51.316,51.347,51.372,51.398,51.434,51.465,51.489,51.511,51.539,51.578,51.607,51.632,51.656,51.685,51.71,51.729,51.748,51.778,51.803,51.828,51.858,51.884,51.908,51.939,51.961,51.984,52.009,52.028,52.047,52.068,52.092,52.112,52.13,52.154,52.17,52.197,52.221,52.247,52.274,52.297,52.335,52.362,52.384,52.406,52.436,52.457,52.487,52.514,52.541,52.571,52.596,52.628,52.655,52.676,52.704,52.733,52.77,52.801,52.847,52.888,52.933,52.974,53.006,53.047,53.09,53.13,53.173,53.216,53.27,53.32,53.369,53.436,53.488,53.538,53.62,53.751,53.948,54.196,54.86
859,@TPP,49.373,49.936,50.164,50.316,50.462,50.572,50.63,50.699,50.76,50.837,50.873,50.919,50.963,51.001,51.051,51.086,51.121,51.153,51.181,51.219,51.249,51.276,51.316,51.347,51.372,51.398,51.434,51.465,51.489,51.511,51.539,51.578,51.607,51.632,51.656,51.685,51.71,51.729,51.748,51.778,51.803,51.828,51.858,51.884,51.908,51.939,51.961,51.984,52.009,52.028,52.047,52.068,52.092,52.112,52.13,52.154,52.17,52.197,52.221,52.247,52.274,52.297,52.335,52.362,52.384,52.406,52.436,52.457,52.487,52.514,52.541,52.571,52.596,52.628,52.655,52.676,52.704,52.733,52.77,52.801,52.847,52.888,52.933,52.974,53.006,53.047,53.09,53.13,53.173,53.216,53.27,53.32,53.369,53.436,53.488,53.538,53.62,53.751,53.948,54.196,54.86
860,@TPP,49.409,50.087,50.273,50.433,50.536,50.624,50.694,50.756,50.824,50.881,50.93,50.966,51.012,51.066,51.119,51.155,51.189,51.236,51.272,51.307,51.34,51.37,51.391,51.422,51.452,51.472,51.505,51.53,51.557,51.586,51.61,51.632,51.662,51.684,51.708,51.73,51.764,51.786,51.814,51.841,51.869,51.895,51.919,51.939,51.962,51.984,51.999,52.028,52.058,52.083,52.108,52.13,52.15,52.177,52.207,52.226,52.249,52.273,52.294,52.314,52.343,52.369,52.391,52.418,52.453,52.473,52.497,52.523,52.544,52.573,52.598,52.627,52.661,52.68,52.71,52.741,52.781,52.806,52.838,52.87,52.907,52.944,52.976,53.005,53.045,53.085,53.125,53.169,53.221,53.264,53.312,53.356,53.398,53.453,53.509,53.576,53.689,53.815,53.939,54.241,54.873
861,@TPP,49.409,50.087,50.273,50.433,50.536,50.624,50.694,50.756,50.824,50.881,50.93,50.966,51.012,51.066,51.119,51.155,51.189,51.236,51.272,51.307,51.34,51.37,51.391,51.422,51.452,51.472,51.505,51.53,51.557,51.586,51.61,51.632,51.662,51.684,51.708,51.73,51.764,51.786,51.814,51.841,51.869,51.895,51.919,51.939,51.962,51.984,51.999,52.028,52.058,52.083,52.108,52.13,52.15,52.177,52.207,52.226,52.249,52.273,52.294,52.314,52.343,52.369,52.391,52.418,52.453,52.473,52.497,52.523,52.544,52.573,52.598,52.627,52.661,52.68,52.71,52.741,52.781,52.806,52.838,52.87,52.907,52.944,52.976,53.005,53.045,53.085,53.125,53.169,53.221,53.264,53.312,53.356,53.398,53.453,53.509,53.576,53.689,53.815,53.939,54.241,54.873
862,@TPP,49.625,50.119,50.328,50.444,50.539,50.615,50.696,50.769,50.816,50.865,50.913,50.967,51.009,51.057,51.106,51.156,51.181,51.21,51.254,51.29,51.315,51.349,51.39,51.419,51.451,51.477,51.497,51.52,51.544,51.578,51.598,51.628,51.658,51.678,51.702,51.721,51.749,51.775,51.798,51.821,51.85,51.881,51.912,51.941,51.963,51.982,52.001,52.023,52.052,52.074,52.099,52.123,52.153,52.176,52.205,52.232,52.252,52.276,52.301,52.336,52.361,52.386,52.405,52.428,52.454,52.481,52.509,52.533,52.556,52.58,52.606,52.635,52.664,52.687,52.719,52.741,52.771,52.806,52.831,52.861,52.891,52.925,52.975,53.014,53.058,53.113,53.153,53.187,53.224,53.275,53.345,53.386,53.454,53.51,53.592,53.659,53.736,53.846,54.006,54.303,54.931
863,@TPP,49.625,50.119,50.328,50.444,50.539,50.615,50.696,50.769,50.816,50.865,50.913,50.967,51.009,51.057,51.106,51.156,51.181,51.21,51.254,51.29,51.315,51.349,51.39,51.419,51.451,51.477,51.497,51.52,51.544,51.578,51.598,51.628,51.658,51.678,51.702,51.721,51.749,51.775,51.798,51.821,51.85,51.881,51.912,51.941,51.963,51.982,52.001,52.023,52.052,52.074,52.099,52.123,52.153,52.176,52.205,52.232,52.252,52.276,52.301,52.336,52.361,52.386,52.405,52.428,52.454,52.481,52.509,52.533,52.556,52.58,52.606,52.635,52.664,52.687,52.719,52.741,52.771,52.806,52.831,52.861,52.891,52.925,52.975,53.014,53.058,53.113,53.153,53.187,53.224,53.275,53.345,53.386,53.454,53.51,53.592,53.659,53.736,53.846,54.006,54.303,54.931
864,@TPP,49.462,50.006,50.268,50.409,50.524,50.602,50.673,50.729,50.789,50.854,50.909,50.946,50.991,51.023,51.063,51.094,51.14,51.181,51.216,51.262,51.308,51.344,51.371,51.398,51.429,51.45,51.483,51.516,51.549,51.581,51.611,51.634,51.656,51.678,51.699,51.725,51.754,51.777,51.803,51.826,51.85,51.871,51.898,51.917,51.948,51.971,51.998,52.017,52.048,52.066,52.088,52.117,52.148,52.169,52.2,52.216,52.244,52.272,52.304,52.333,52.357,52.38,52.402,52.426,52.446,52.466,52.487,52.512,52.539,52.571,52.61,52.632,52.656,52.677,52.713,52.743,52.787,52.815,52.848,52.878,52.904,52.939,52.978,53.02,53.057,53.101,53.148,53.191,53.237,53.285,53.334,53.38,53.441,53.506,53.572,53.667,53.76,53.904,54.035,54.344,55.249
865,@TPP,49.462,50.006,50.268,50.409,50.524,50.602,50.673,50.729,50.789,50.854,50.909,50.946,50.991,51.023,51.063,51.094,51.14,51.181,51.216,51.262,51.308,51.344,51.371,51.398,51.429,51.45,51.483,51.516,51.549,51.581,51.611,51.634,51.656,51.678,51.699,51.725,51.754,51.777,51.803,51.826,51.85,51.871,51.898,51.917,51.948,51.971,51.998,52.017,52.048,52.066,52.088,52.117,52.148,52.169,52.2,52.216,52.244,52.272,52.304,52.333,52.357,52.38,52.402,52.426,52.446,52.466,52.487,52.512,52.539,52.571,52.61,52.632,52.656,52.677,52.713,52.743,52.787,52.815,52.848,52.878,52.904,52.939,52.978,53.02,53.057,53.101,53.148,53.191,53.237,53.285,53.334,53.38,53.441,53.506,53.572,53.667,53.76,53.904,54.035,54.344,55.249
866,@TPP,49.548,50.071,50.277,50.431,50.534,50.622,50.713,50.766,50.834,50.882,50.922,50.977,51.008,51.06,51.098,51.14,51.175,51.211,51.246,51.277,51.303,51.332,51.362,51.393,51.417,51.455,51.491,51.525,51.554,51.578,51.602,51.63,51.662,51.689,51.716,51.737,51.763,51.786,51.814,51.835,51.861,51.883,51.904,51.925,51.951,51.979,52.001,52.024,52.05,52.072,52.094,52.12,52.141,52.167,52.196,52.222,52.253,52.278,52.297,52.327,52.348,52.38,52.402,52.418,52.451,52.474,52.509,52.535,52.565,52.593,52.613,52.644,52.68,52.704,52.731,52.761,52.791,52.829,52.866,52.898,52.937,52.971,53.008,53.037,53.074,53.119,53.155,53.187,53.234,53.269,53.331,53.383,53.457,53.525,53.616,53.72,53.809,53.917,54.149,54.434,55.039
867,@TPP,49.548,50.071,50.277,50.431,50.534,50.622,50.713,50.766,50.834,50.882,50.922,50.977,51.008,51.06,51.098,51.14,51.175,51.211,51.246,51.277,51.303,51.332,51.362,51.393,51.417,51.455,51.491,51.525,51.554,51.578,51.602,51.63,51.662,51.689,51.716,51.737,51.763,51.786,51.814,51.835,51.861,51.883,51.904,51.925,51.951,51.979,52.001,52.024,52.05,52.072,52.094,52.12,52.141,52.167,52.196,52.222,52.253,52.278,52.297,52.327,52.348,52.38,52.402,52.418,52.451,52.474,52.509,52.535,52.565,52.593,52.613,52.644,52.68,52.704,52.731,52.761,52.791,52.829,52.866,52.898,52.937,52.971,53.008,53.037,53.074,53.119,53.155,53.187,53.234,53.269,53.331,53.383,53.457,53.525,53.616,53.72,53.809,53.917,54.149,54.434,55.039
868,@TPP,49.49,49.976,50.26,50.43,50.557,50.654,50.725,50.796,50.845,50.901,50.957,51.012,51.052,51.088,51.126,51.162,51.201,51.233,51.268,51.301,51.334,51.364,51.401,51.433,51.462,51.478,51.5,51.52,51.563,51.592,51.619,51.653,51.685,51.712,51.735,51.768,51.789,51.811,51.834,51.855,51.872,51.903,51.927,51.951,51.973,51.994,52.017,52.038,52.065,52.096,52.119,52.14,52.162,52.188,52.214,52.236,52.257,52.282,52.307,52.329,52.355,52.382,52.407,52.433,52.452,52.479,52.505,52.536,52.567,52.592,52.623,52.649,52.673,52.711,52.743,52.772,52.793,52.82,52.861,52.895,52.931,52.971,53.001,53.033,53.074,53.108,53.137,53.198,53.245,53.283,53.331,53.395,53.47,53.532,53.595,53.718,53.819,53.963,54.162,54.423,55.155
869,@TPP,49.49,49.976,50.26,50.43,50.557,50.654,50.725,50.796,50.845,50.901,50.957,51.012,51.052,51.088,51.126,51.162,51.201,51.233,51.268,51.301,51.334,51.364,51.401,51.433,51.462,51.478,51.5,51.52,51.563,51.592,51.619,51.653,51.685,51.712,51.735,51.768,51.789,51.811,51.834,51.855,51.872,51.903,51.927,51.951,51.973,51.994,52.017,52.038,52.065,52.096,52.119,52.14,52.162,52.188,52.214,52.236,52.257,52.282,52.307,52.329,52.355,52.382,52.407,52.433,52.452,52.479,52.505,52.536,52.567,52.592,52.623,52.649,52.673,52.711,52.743,52.772,52.793,52.82,52.861,52.895,52.931,52.971,53.001,53.033,53.074,53.108,53.137,53.198,53.245,53.283,53.331,53.395,53.47,53.532,53.595,53.718,53.819,53.963,54.162,54.423,55.155
870,@TPP,49.556,50.086,50.308,50.456,50.561,50.646,50.732,50.784,50.842,50.904,50.947,51.012,51.066,51.096,51.123,51.157,51.191,51.232,51.263,51.3,51.338,51.372,51.401,51.436,51.472,51.502,51.537,51.569,51.594,51.626,51.659,51.678,51.709,51.73,51.753,51.773,51.8,51.819,51.843,51.866,51.888,51.911,51.935,51.96,51.995,52.017,52.038,52.061,52.088,52.113,52.136,52.163,52.189,52.209,52.233,52.256,52.276,52.302,52.318,52.346,52.377,52.4,52.424,52.457,52.484,52.514,52.544,52.565,52.594,52.619,52.642,52.664,52.692,52.721,52.747,52.776,52.803,52.845,52.876,52.906,52.937,52.974,53.01,53.047,53.098,53.138,53.166,53.225,53.266,53.32,53.377,53.428,53.493,53.558,53.634,53.734,53.819,53.969,54.13,54.401,55.114
871,@TPP,49.556,50.086,50.308,50.456,50.561,50.646,50.732,50.784,50.842,50.904,50.947,51.012,51.066,51.096,51.123,51.157,51.191,51.232,51.263,51.3,51.338,51.372,51.401,51.436,51.472,51.502,51.537,51.569,51.594,51.626,51.659,51.678,51.709,51.73,51.753,51.773,51.8,51.819,51.843,51.866,51.888,51.911,51.935,51.96,51.995,52.017,52.038,52.061,52.088,52.113,52.136,52.163,52.189,52.209,52.233,52.256,52.276,52.302,52.318,52.346,52.377,52.4,52.424,52.457,52.484,52.514,52.544,52.565,52.594,52.619,52.642,52.664,52.692,52.721,52.747,52.776,52.803,52.845,52.876,52.906,52.937,52.974,53.01,53.047,53.098,53.138,53.166,53.225,53.266,53.32,53.377,53.428,53.493,53.558,53.634,53.734,53.819,53.969,54.13,54.401,55.114
872,@TPP,49.448,50.073,50.316,50.445,50.537,50.639,50.728,50.77,50.832,50.897,50.945,50.982,51.035,51.084,51.131,51.175,51.219,51.269,51.31,51.344,51.372,51.406,51.436,51.465,51.499,51.517,51.55,51.574,51.599,51.624,51.662,51.696,51.722,51.75,51.773,51.802,51.826,51.849,51.877,51.906,51.927,51.959,51.982,51.998,52.019,52.041,52.067,52.09,52.115,52.146,52.173,52.203,52.228,52.247,52.268,52.295,52.313,52.335,52.354,52.371,52.39,52.418,52.441,52.469,52.489,52.514,52.539,52.56,52.589,52.611,52.644,52.676,52.707,52.741,52.765,52.805,52.837,52.869,52.896,52.938,52.973,52.997,53.028,53.065,53.107,53.15,53.195,53.231,53.282,53.311,53.361,53.408,53.461,53.527,53.622,53.713,53.832,53.917,54.081,54.424,55.097
873,@TPP,49.448,50.073,50.316,50.445,50.537,50.639,50.728,50.77,50.832,50.897,50.945,50.982,51.035,51.084,51.131,51.175,51.219,51.269,51.31,51.344,51.372,51.406,51.436,51.465,51.499,51.517,51.55,51.574,51.599,51.624,51.662,51.696,51.722,51.75,51.773,51.802,51.826,51.849,51.877,51.906,51.927,51.959,51.982,51.998,52.019,52.041,52.067,52.09,52.115,52.146,52.173,52.203,52.228,52.247,52.268,52.295,52.313,52.335,52.354,52.371,52.39,52.418,52.441,52.469,52.489,52.514,52.539,52.56,52.589,52.611,52.644,52.676,52.707,52.741,52.765,52.805,52.837,52.869,52.896,52.938,52.973,52.997,53.028,53.065,53.107,53.15,53.195,53.231,53.282,53.311,53.361,53.408,53.461,53.527,53.622,53.713,53.832,53.917,54.081,54.424,55.097
874,@TPP,49.451,50.068,50.298,50.425,50.559,50.655,50.738,50.812,50.866,50.916,50.968,51.029,51.078,51.124,51.177,51.21,51.244,51.275,51.321,51.366,51.396,51.432,51.465,51.496,51.523,51.549,51.572,51.6,51.636,51.665,51.695,51.721,51.746,51.764,51.787,51.814,51.832,51.857,51.875,51.903,51.93,51.95,51.976,51.998,52.019,52.047,52.069,52.093,52.112,52.135,52.161,52.184,52.208,52.238,52.261,52.28,52.308,52.33,52.355,52.379,52.4,52.422,52.442,52.468,52.497,52.517,52.542,52.568,52.593,52.628,52.662,52.683,52.709,52.74,52.78,52.818,52.849,52.882,52.914,52.94,52.972,52.994,53.03,53.074,53.116,53.149,53.205,53.244,53.283,53.312,53.354,53.415,53.467,53.53,53.599,53.677,53.788,53.931,54.097,54.427,55.088
875,@TPP,49.451,50.068,50.298,50.425,50.559,50.655,50.738,50.812,50.866,50.916,50.968,51.029,51.078,51.124,51.177,51.21,51.244,51.275,51.321,51.366,51.396,51.432,51.465,51.496,51.523,51.549,51.572,51.6,51.636,51.665,51.695,51.721,51.746,51.764,51.787,51.814,51.832,51.857,51.875,51.903,51.93,51.95,51.976,51.998,52.019,52.047,52.069,52.093,52.112,52.135,52.161,52.184,52.208,52.238,52.261,52.28,52.308,52.33,52.355,52.379,52.4,52.422,52.442,52.468,52.497,52.517,52.542,52.568,52.593,52.628,52.662,52.683,52.709,52.74,52.78,52.818,52.849,52.882,52.914,52.94,52.972,52.994,53.03,53.074,53.116,53.149,53.205,53.244,53.283,53.312,53.354,53.415,53.467,53.53,53.599,53.677,53.788,53.931,54.097,54.427,55.088
876,@TPP,49.461,50.116,50.391,50.51,50.612,50.691,50.757,50.837,50.905,50.977,51.044,51.092,51.13,51.155,51.207,51.243,51.266,51.294,51.328,51.361,51.401,51.428,51.46,51.493,51.523,51.549,51.572,51.606,51.637,51.67,51.695,51.721,51.75,51.776,51.802,51.833,51.862,51.887,51.905,51.93,51.965,51.985,52.004,52.026,52.048,52.071,52.099,52.126,52.144,52.158,52.183,52.207,52.227,52.253,52.276,52.307,52.332,52.352,52.375,52.402,52.436,52.453,52.47,52.497,52.512,52.538,52.562,52.586,52.614,52.636,52.663,52.683,52.714,52.74,52.769,52.801,52.832,52.876,52.903,52.937,52.964,52.992,53.021,53.051,53.088,53.118,53.152,53.195,53.252,53.296,53.337,53.382,53.45,53.5,53.561,53.648,53.808,53.931,54.072,54.293,54.734
877,@TPP,49.461,50.116,50.391,50.51,50.612,50.691,50.757,50.837,50.905,50.977,51.044,51.092,51.13,51.155,51.207,51.243,51.266,51.294,51.328,51.361,51.401,51.428,51.46,51.493,51.523,51.549,51.572,51.606,51.637,51.67,51.695,51.721,51.75,51.776,51.802,51.833,51.862,51.887,51.905,51.93,51.965,51.985,52.004,52.026,52.048,52.071,52.099,52.126,52.144,52.158,52.183,52.207,52.227,52.253,52.276,52.307,52.332,52.352,52.375,52.402,52.436,52.453,52.47,52.497,52.512,52.538,52.562,52.586,52.614,52.636,52.663,52.683,52.714,52.74,52.769,52.801,52.832,52.876,52.903,52.937,52.964,52.992,53.021,53.051,53.088,53.118,53.152,53.195,53.252,53.296,53.337,53.382,53.45,53.5,53.561,53.648,53.808,53.931,54.072,54.293,54.734
878,@TPP,49.604,50.095,50.347,50.542,50.671,50.732,50.805,50.871,50.919,50.961,51.017,51.074,51.124,51.158,51.197,51.237,51.27,51.299,51.337,51.368,51.411,51.434,51.472,51.506,51.537,51.573,51.596,51.618,51.652,51.683,51.701,51.751,51.776,51.795,51.82,51.847,51.879,51.901,51.928,51.946,51.976,52.001,52.025,52.043,52.073,52.098,52.119,52.143,52.166,52.189,52.208,52.224,52.243,52.265,52.292,52.318,52.34,52.36,52.38,52.402,52.416,52.439,52.468,52.494,52.517,52.538,52.568,52.59,52.613,52.635,52.659,52.686,52.714,52.739,52.758,52.786,52.811,52.844,52.874,52.899,52.926,52.963,53.001,53.033,53.069,53.117,53.153,53.204,53.261,53.313,53.365,53.422,53.478,53.548,53.624,53.702,53.777,53.896,54.027,54.218,54.691
879,@TPP,49.604,50.095,50.347,50.542,50.671,50.732,50.805,50.871,50.919,50.961,51.017,51.074,51.124,51.158,51.197,51.237,51.27,51.299,51.337,51.368,51.411,51.434,51.472,51.506,51.537,51.573,51.596,51.618,51.652,51.683,51.701,51.751,51.776,51.795,51.82,51.847,51.879,51.901,51.928,51.946,51.976,52.001,52.025,52.043,52.073,52.098,52.119,52.143,52.166,52.189,52.208,52.224,52.243,52.265,52.292,52.318,52.34,52.36,52.38,52.402,52.416,52.439,52.468,52.494,52.517,52.538,52.568,52.59,52.613,52.635,52.659,52.686,52.714,52.739,52.758,52.786,52.811,52.844,52.874,52.899,52.926,52.963,53.001,53.033,53.069,53.117,53.153,53.204,53.261,53.313,53.365,53.422,53.478,53.548,53.624,53.702,53.777,53.896,54.027,54.218,54.691
880,@TPP,49.723,50.177,50.441,50.591,50.701,50.781,50.859,50.939,50.99,51.032,51.084,51.12,51.162,51.198,51.233,51.267,51.308,51.353,51.394,51.424,51.461,51.497,51.539,51.568,51.591,51.617,51.643,51.668,51.694,51.715,51.738,51.773,51.804,51.834,51.858,51.879,51.911,51.933,51.957,51.982,52.011,52.029,52.049,52.074,52.098,52.117,52.134,52.155,52.178,52.194,52.216,52.242,52.271,52.298,52.319,52.339,52.365,52.391,52.416,52.435,52.454,52.477,52.502,52.525,52.55,52.575,52.602,52.624,52.641,52.663,52.692,52.727,52.753,52.787,52.811,52.836,52.857,52.877,52.908,52.943,52.975,53.018,53.046,53.089,53.127,53.172,53.213,53.256,53.302,53.353,53.409,53.461,53.526,53.583,53.639,53.722,53.805,53.908,54.1,54.322,54.856
881,@TPP,49.723,50.177,50.441,50.591,50.701,50.781,50.859,50.939,50.99,51.032,51.084,51.12,51.162,51.198,51.233,51.267,51.308,51.353,51.394,51.424,51.461,51.497,51.539,51.568,51.591,51.617,51.643,51.668,51.694,51.715,51.738,51.773,51.804,51.834,51.858,51.879,51.911,51.933,51.957,51.982,52.011,52.029,52.049,52.074,52.098,52.117,52.134,52.155,52.178,52.194,52.216,52.242,52.271,52.298,52.319,52.339,52.365,52.391,52.416,52.435,52.454,52.477,52.502,52.525,52.55,52.575,52.602,52.624,52.641,52.663,52.692,52.727,52.753,52.787,52.811,52.836,52.857,52.877,52.908,52.943,52.975,53.018,53.046,53.089,53.127,53.172,53.213,53.256,53.302,53.353,53.409,53.461,53.526,53.583,53.639,53.722,53.805,53.908,54.1,54.322,54.856
882,@TPP,49.551,50.281,50.468,50.591,50.699,50.775,50.867,50.96,51.017,51.065,51.118,51.171,51.206,51.243,51.278,51.309,51.344,51.374,51.411,51.436,51.473,51.506,51.545,51.583,51.61,51.643,51.671,51.699,51.727,51.751,51.775,51.809,51.838,51.866,51.89,51.915,51.938,51.958,51.984,52.014,52.032,52.053,52.075,52.098,52.127,52.152,52.172,52.195,52.223,52.243,52.265,52.28,52.299,52.328,52.35,52.373,52.394,52.409,52.436,52.459,52.489,52.513,52.541,52.564,52.587,52.608,52.633,52.668,52.699,52.722,52.739,52.767,52.787,52.815,52.842,52.871,52.895,52.919,52.951,52.979,53.014,53.046,53.079,53.124,53.156,53.192,53.23,53.264,53.306,53.355,53.414,53.466,53.52,53.584,53.665,53.772,53.848,53.961,54.119,54.41,54.945
883,@TPP,49.551,50.281,50.468,50.591,50.699,50.775,50.867,50.96,51.017,51.065,51.118,51.171,51.206,51.243,51.278,51.309,51.344,51.374,51.411,51.436,51.473,51.506,51.545,51.583,51.61,51.643,51.671,51.699,51.727,51.751,51.775,51.809,51.838,51.866,51.89,51.915,51.938,51.958,51.984,52.014,52.032,52.053,52.075,52.098,52.127,52.152,52.172,52.195,52.223,52.243,52.265,52.28,52.299,52.328,52.35,52.373,52.394,52.409,52.436,52.459,52.489,52.513,52.541,52.564,52.587,52.608,52.633,52.668,52.699,52.722,52.739,52.767,52.787,52.815,52.842,52.871,52.895,52.919,52.951,52.979,53.014,53.046,53.079,53.124,53.156,53.192,53.23,53.264,53.306,53.355,53.414,53.466,53.52,53.584,53.665,53.772,53.848,53.961,54.119,54.41,54.945
884,@TPP,49.341,50.12,50.316,50.463,50.585,50.674,50.779,50.843,50.898,50.961,51.019,51.072,51.117,51.162,51.21,51.254,51.305,51.33,51.369,51.399,51.435,51.469,51.499,51.528,51.563,51.607,51.635,51.662,51.684,51.723,51.749,51.776,51.805,51.832,51.859,51.892,51.915,51.937,51.965,51.986,52.008,52.032,52.05,52.065,52.091,52.114,52.134,52.165,52.187,52.214,52.228,52.25,52.278,52.299,52.32,52.343,52.364,52.389,52.411,52.439,52.465,52.487,52.516,52.537,52.563,52.582,52.604,52.631,52.658,52.686,52.714,52.735,52.768,52.8,52.822,52.845,52.872,52.909,52.94,52.971,53.004,53.037,53.072,53.094,53.126,53.156,53.195,53.259,53.289,53.34,53.388,53.453,53.523,53.577,53.652,53.745,53.831,53.955,54.135,54.403,55.042
885,@TPP,49.341,50.12,50.316,50.463,50.585,50.674,50.779,50.843,50.898,50.961,51.019,51.072,51.117,51.162,51.21,51.254,51.305,51.33,51.369,51.399,51.435,51.469,51.499,51.528,51.563,51.607,51.635,51.662,51.684,51.723,51.749,51.776,51.805,51.832,51.859,51.892,51.915,51.937,51.965,51.986,52.008,52.032,52.05,52.065,52.091,52.114,52.134,52.165,52.187,52.214,52.228,52.25,52.278,52.299,52.32,52.343,52.364,52.389,52.411,52.439,52.465,52.487,52.516,52.537,52.563,52.582,52.604,52.631,52.658,52.686,52.714,52.735,52.768,52.8,52.822,52.845,52.872,52.909,52.94,52.971,53.004,53.037,53.072,53.094,53.126,53.156,53.195,53.259,53.289,53.34,53.388,53.453,53.523,53.577,53.652,53.745,53.831,53.955,54.135,54.403,55.042
886,@TPP,49.339,49.992,50.176,50.426,50.555,50.614,50.692,50.77,50.828,50.901,50.955,51.014,51.053,51.108,51.161,51.19,51.234,51.279,51.317,51.352,51.386,51.427,51.471,51.509,51.538,51.566,51.59,51.622,51.647,51.672,51.697,51.723,51.754,51.776,51.8,51.834,51.873,51.901,51.926,51.948,51.973,51.997,52.018,52.04,52.06,52.094,52.118,52.143,52.164,52.192,52.216,52.243,52.263,52.279,52.299,52.318,52.341,52.37,52.391,52.406,52.429,52.455,52.484,52.505,52.527,52.555,52.59,52.612,52.644,52.671,52.705,52.73,52.75,52.771,52.8,52.825,52.855,52.886,52.915,52.945,52.974,53.006,53.033,53.071,53.107,53.14,53.18,53.216,53.266,53.356,53.417,53.48,53.543,53.616,53.687,53.759,53.854,54.009,54.173,54.372,54.842
887,@TPP,49.339,49.992,50.176,50.426,50.555,50.614,50.692,50.77,50.828,50.901,50.955,51.014,51.053,51.108,51.161,51.19,51.234,51.279,51.317,51.352,51.386,51.427,51.471,51.509,51.538,51.566,51.59,51.622,51.647,51.672,51.697,51.723,51.754,51.776,51.8,51.834,51.873,51.901,51.926,51.948,51.973,51.997,52.018,52.04,52.06,52.094,52.118,52.143,52.164,52.192,52.216,52.243,52.263,52.279,52.299,52.318,52.341,52.37,52.391,52.406,52.429,52.455,52.484,52.505,52.527,52.555,52.59,52.612,52.644,52.671,52.705,52.73,52.75,52.771,52.8,52.825,52.855,52.886,52.915,52.945,52.974,53.006,53.033,53.071,53.107,53.14,53.18,53.216,53.266,53.356,53.417,53.48,53.543,53.616,53.687,53.759,53.854,54.009,54.173,54.372,54.842
888,@TPP,49.216,49.866,50.146,50.317,50.457,50.531,50.623,50.688,50.766,50.829,50.891,50.951,51.019,51.072,51.127,51.159,51.185,51.241,51.278,51.305,51.329,51.376,51.412,51.464,51.492,51.52,51.547,51.567,51.595,51.619,51.646,51.672,51.704,51.735,51.767,51.792,51.822,51.846,51.88,51.906,51.932,51.951,51.974,52.0,52.025,52.051,52.075,52.092,52.113,52.139,52.163,52.187,52.215,52.24,52.264,52.294,52.311,52.336,52.362,52.385,52.405,52.431,52.456,52.484,52.508,52.535,52.555,52.576,52.606,52.638,52.664,52.692,52.72,52.751,52.786,52.829,52.869,52.889,52.918,52.945,52.977,53.007,53.056,53.088,53.136,53.163,53.222,53.26,53.31,53.355,53.401,53.469,53.532,53.634,53.753,53.827,53.938,54.042,54.164,54.394,54.873
889,@TPP,49.216,49.866,50.146,50.317,50.457,50.531,50.623,50.688,50.766,50.829,50.891,50.951,51.019,51.072,51.127,51.159,51.185,51.241,51.278,51.305,51.329,51.376,51.412,51.464,51.492,51.52,51.547,51.567,51.595,51.619,51.646,51.672,51.704,51.735,51.767,51.792,51.822,51.846,51.88,51.906,51.932,51.951,51.974,52.0,52.025,52.051,52.075,52.092,52.113,52.139,52.163,52.187,52.215,52.24,52.264,52.294,52.311,52.336,52.362,52.385,52.405,52.431,52.456,52.484,52.508,52.535,52.555,52.576,52.606,52.638,52.664,52.692,52.72,52.751,52.786,52.829,52.869,52.889,52.918,52.945,52.977,53.007,53.056,53.088,53.136,53.163,53.222,53.26,53.31,53.355,53.401,53.469,53.532,53.634,53.753,53.827,53.938,54.042,54.164,54.394,54.873
890,@TPP,49.165,49.788,50.066,50.233,50.365,50.473,50.542,50.631,50.711,50.783,50.855,50.903,50.965,51.01,51.056,51.109,51.151,51.183,51.219,51.248,51.302,51.346,51.378,51.407,51.435,51.461,51.48,51.509,51.547,51.576,51.604,51.625,51.651,51.685,51.719,51.746,51.784,51.811,51.831,51.853,51.882,51.905,51.925,51.949,51.967,51.988,52.02,52.036,52.067,52.095,52.118,52.145,52.173,52.198,52.227,52.251,52.284,52.312,52.331,52.351,52.376,52.405,52.434,52.466,52.487,52.507,52.538,52.567,52.597,52.619,52.653,52.675,52.707,52.741,52.778,52.802,52.831,52.87,52.905,52.943,52.973,53.007,53.039,53.081,53.122,53.152,53.196,53.247,53.296,53.338,53.39,53.453,53.517,53.603,53.679,53.772,53.907,54.018,54.182,54.489,55.007
891,@TPP,49.165,49.788,50.066,50.233,50.365,50.473,50.542,50.631,50.711,50.783,50.855,50.903,50.965,51.01,51.056,51.109,51.151,51.183,51.219,51.248,51.302,51.346,51.378,51.407,51.435,51.461,51.48,51.509,51.547,51.576,51.604,51.625,51.651,51.685,51.719,51.746,51.784,51.811,51.831,51.853,51.882,51.905,51.925,51.949,51.967,51.988,52.02,52.036,52.067,52.095,52.118,52.145,52.173,52.198,52.227,52.251,52.284,52.312,52.331,52.351,52.376,52.405,52.434,52.466,52.487,52.507,52.538,52.567,52.597,52.619,52.653,52.675,52.707,52.741,52.778,52.802,52.831,52.87,52.905,52.943,52.973,53.007,53.039,53.081,53.122,53.152,53.196,53.247,53.296,53.338,53.39,53.453,53.517,53.603,53.679,53.772,53.907,54.018,54.182,54.489,55.007
892,@TPP,49.006,49.761,50.021,50.146,50.309,50.421,50.5,50.601,50.686,50.779,50.843,50.887,50.934,50.968,51.006,51.058,51.113,51.143,51.174,51.216,51.266,51.292,51.311,51.348,51.38,51.417,51.443,51.473,51.498,51.522,51.548,51.581,51.619,51.646,51.678,51.706,51.745,51.768,51.788,51.814,51.841,51.862,51.895,51.918,51.937,51.968,51.989,52.011,52.046,52.072,52.096,52.117,52.148,52.174,52.199,52.224,52.245,52.265,52.297,52.327,52.354,52.381,52.413,52.435,52.465,52.49,52.513,52.541,52.572,52.599,52.635,52.665,52.706,52.724,52.758,52.781,52.815,52.836,52.861,52.895,52.95,52.988,53.026,53.069,53.107,53.156,53.197,53.237,53.293,53.341,53.392,53.442,53.52,53.613,53.693,53.781,53.911,54.025,54.19,54.428,55.008
893,@TPP,49.006,49.761,50.021,50.146,50.309,50.421,50.5,50.601,50.686,50.779,50.843,50.887,50.934,50.968,51.006,51.058,51.113,51.143,51.174,51.216,51.266,51.292,51.311,51.348,51.38,51.417,51.443,51.473,51.498,51.522,51.548,51.581,51.619,51.646,51.678,51.706,51.745,51.768,51.788,51.814,51.841,51.862,51.895,51.918,51.937,51.968,51.989,52.011,52.046,52.072,52.096,52.117,52.148,52.174,52.199,52.224,52.245,52.265,52.297,52.327,52.354,52.381,52.413,52.435,52.465,52.49,52.513,52.541,52.572,52.599,52.635,52.665,52.706,52.724,52.758,52.781,52.815,52.836,52.861,52.895,52.95,52.988,53.026,53.069,53.107,53.156,53.197,53.237,53.293,53.341,53.392,53.442,53.52,53.613,53.693,53.781,53.911,54.025,54.19,54.428,55.008
894,@TPP,49.071,49.659,49.923,50.122,50.28,50.379,50.47,50.551,50.618,50.675,50.74,50.786,50.832,50.88,50.949,50.997,51.036,51.077,51.124,51.16,51.204,51.242,51.28,51.31,51.341,51.37,51.414,51.444,51.483,51.503,51.536,51.562,51.588,51.621,51.647,51.678,51.701,51.724,51.754,51.777,51.807,51.828,51.851,51.878,51.907,51.931,51.952,51.974,52.002,52.026,52.052,52.075,52.1,52.125,52.159,52.176,52.21,52.235,52.268,52.293,52.317,52.339,52.36,52.384,52.411,52.44,52.468,52.493,52.521,52.551,52.593,52.629,52.658,52.688,52.718,52.751,52.786,52.824,52.863,52.889,52.92,52.968,53.0,53.039,53.075,53.111,53.15,53.213,53.267,53.333,53.377,53.433,53.503,53.564,53.627,53.71,53.822,54.027,54.22,54.504,55.252
895,@TPP,49.071,49.659,49.923,50.122,50.28,50.379,50.47,50.551,50.618,50.675,50.74,50.786,50.832,50.88,50.949,50.997,51.036,51.077,51.124,51.16,51.204,51.242,51.28,51.31,51.341,51.37,51.414,51.444,51.483,51.503,51.536,51.562,51.588,51.621,51.647,51.678,51.701,51.724,51.754,51.777,51.807,51.828,51.851,51.878,51.907,51.931,51.952,51.974,52.002,52.026,52.052,52.075,52.1,52.125,52.159,52.176,52.21,52.235,52.268,52.293,52.317,52.339,52.36,52.384,52.411,52.44,52.468,52.493,52.521,52.551,52.593,52.629,52.658,52.688,52.718,52.751,52.786,52.824,52.863,52.889,52.92,52.968,53.0,53.039,53.075,53.111,53.15,53.213,53.267,53.333,53.377,53.433,53.503,53.564,53.627,53.71,53.822,54.027,54.22,54.504,55.252
896,@TPP,49.009,49.596,49.855,50.085,50.196,50.329,50.41,50.503,50.579,50.636,50.686,50.741,50.798,50.845,50.902,50.952,51.0,51.049,51.093,51.127,51.165,51.204,51.23,51.265,51.305,51.354,51.398,51.432,51.454,51.488,51.52,51.536,51.568,51.593,51.619,51.64,51.672,51.695,51.717,51.749,51.779,51.806,51.838,51.865,51.895,51.915,51.936,51.957,51.984,52.013,52.037,52.059,52.098,52.121,52.146,52.166,52.197,52.224,52.25,52.282,52.312,52.333,52.352,52.375,52.403,52.429,52.46,52.486,52.508,52.53,52.555,52.585,52.62,52.657,52.689,52.716,52.747,52.779,52.827,52.865,52.905,52.934,52.98,53.011,53.069,53.111,53.154,53.194,53.236,53.28,53.338,53.399,53.475,53.565,53.635,53.711,53.814,53.927,54.143,54.389,55.304
897,@TPP,49.009,49.596,49.855,50.085,50.196,50.329,50.41,50.503,50.579,50.636,50.686,50.741,50.798,50.845,50.902,50.952,51.0,51.049,51.093,51.127,51.165,51.204,51.23,51.265,51.305,51.354,51.398,51.432,51.454,51.488,51.52,51.536,51.568,51.593,51.619,51.64,51.672,51.695,51.717,51.749,51.779,51.806,51.838,51.865,51.895,51.915,51.936,51.957,51.984,52.013,52.037,52.059,52.098,52.121,52.146,52.166,52.197,52.224,52.25,52.282,52.312,52.333,52.352,52.375,52.403,52.429,52.46,52.486,52.508,52.53,52.555,52.585,52.62,52.657,52.689,52.716,52.747,52.779,52.827,52.865,52.905,52.934,52.98,53.011,53.069,53.111,53.154,53.194,53.236,53.28,53.338,53.399,53.475,53.565,53.635,53.711,53.814,53.927,54.143,54.389,55.304
898,@TPP,48.96,49.597,49.888,50.022,50.161,50.299,50.388,50.488,50.555,50.634,50.701,50.759,50.81,50.865,50.903,50.932,50.994,51.033,51.071,51.119,51.162,51.194,51.224,51.258,51.288,51.32,51.356,51.39,51.411,51.439,51.463,51.491,51.52,51.55,51.578,51.608,51.637,51.677,51.698,51.732,51.764,51.796,51.819,51.841,51.869,51.895,51.92,51.95,51.975,52.008,52.026,52.048,52.066,52.092,52.111,52.135,52.158,52.185,52.22,52.245,52.274,52.301,52.328,52.347,52.38,52.401,52.434,52.455,52.484,52.515,52.543,52.578,52.614,52.635,52.67,52.704,52.731,52.756,52.789,52.826,52.847,52.878,52.923,52.963,53.003,53.045,53.098,53.143,53.203,53.271,53.338,53.414,53.483,53.566,53.633,53.726,53.831,53.938,54.148,54.343,55.17
899,@TPP,48.96,49.597,49.888,50.022,50.161,50.299,50.388,50.488,50.555,50.634,50.701,50.759,50.81,50.865,50.903,50.932,50.994,51.033,51.071,51.119,51.162,51.194,51.224,51.258,51.288,51.32,51.356,51.39,51.411,51.439,51.463,51.491,51.52,51.55,51.578,51.608,51.637,51.677,51.698,51.732,51.764,51.796,51.819,51.841,51.869,51.895,51.92,51.95,51.975,52.008,52.026,52.048,52.066,52.092,52.111,52.135,52.158,52.185,52.22,52.245,52.274,52.301,52.328,52.347,52.38,52.401,52.434,52.455,52.484,52.515,52.543,52.578,52.614,52.635,52.67,52.704,52.731,52.756,52.789,52.826,52.847,52.878,52.923,52.963,53.003,53.045,53.098,53.143,53.203,53.271,53.338,53.414,53.483,53.566,53.633,53.726,53.831,53.938,54.148,54.343,55.17
900,@TPP,48.735,49.521,49.77,50.008,50.148,50.31,50.385,50.461,50.548,50.612,50.675,50.733,50.77,50.814,50.851,50.897,50.935,50.985,51.033,51.055,51.087,51.12,51.164,51.194,51.229,51.268,51.308,51.337,51.367,51.391,51.421,51.448,51.469,51.513,51.535,51.564,51.603,51.632,51.657,51.683,51.704,51.732,51.76,51.791,51.821,51.851,51.875,51.9,51.924,51.953,51.974,52.001,52.025,52.053,52.079,52.106,52.131,52.154,52.176,52.201,52.231,52.254,52.289,52.324,52.347,52.371,52.401,52.431,52.457,52.48,52.515,52.545,52.584,52.613,52.642,52.674,52.717,52.752,52.781,52.812,52.838,52.877,52.924,52.949,52.983,53.031,53.072,53.139,53.193,53.234,53.283,53.334,53.388,53.465,53.553,53.675,53.811,53.975,54.152,54.385,55.079
901,@TPP,48.735,49.521,49.77,50.008,50.148,50.31,50.385,50.461,50.548,50.612,50.675,50.733,50.77,50.814,50.851,50.897,50.935,50.985,51.033,51.055,51.087,51.12,51.164,51.194,51.229,51.268,51.308,51.337,51.367,51.391,51.421,51.448,51.469,51.513,51.535,51.564,51.603,51.632,51.657,51.683,51.704,51.732,51.76,51.791,51.821,51.851,51.875,51.9,51.924,51.953,51.974,52.001,52.025,52.053,52.079,52.106,52.131,52.154,52.176,52.201,52.231,52.254,52.289,52.324,52.347,52.371,52.401,52.431,52.457,52.48,52.515,52.545,52.584,52.613,52.642,52.674,52.717,52.752,52.781,52.812,52.838,52.877,52.924,52.949,52.983,53.031,53.072,53.139,53.193,53.234,53.283,53.334,53.388,53.465,53.553,53.675,53.811,53.975,54.152,54.385,55.079
902,@TPP,48.985,49.516,49.833,49.994,50.154,50.236,50.316,50.417,50.481,50.555,50.608,50.693,50.749,50.786,50.822,50.869,50.915,50.946,50.976,51.013,51.049,51.082,51.11,51.145,51.185,51.225,51.264,51.297,51.331,51.352,51.384,51.409,51.439,51.469,51.491,51.526,51.566,51.589,51.609,51.636,51.664,51.689,51.711,51.755,51.782,51.81,51.832,51.862,51.887,51.915,51.94,51.97,51.996,52.018,52.045,52.066,52.099,52.122,52.152,52.182,52.211,52.232,52.262,52.29,52.308,52.336,52.373,52.397,52.429,52.463,52.494,52.531,52.554,52.581,52.619,52.661,52.683,52.715,52.74,52.78,52.822,52.87,52.92,52.946,53.001,53.042,53.076,53.109,53.173,53.248,53.296,53.348,53.388,53.486,53.544,53.602,53.716,53.896,54.119,54.348,55.137
903,@TPP,48.985,49.516,49.833,49.994,50.154,50.236,50.316,50.417,50.481,50.555,50.608,50.693,50.749,50.786,50.822,50.869,50.915,50.946,50.976,51.013,51.049,51.082,51.11,51.145,51.185,51.225,51.264,51.297,51.331,51.352,51.384,51.409,51.439,51.469,51.491,51.526,51.566,51.589,51.609,51.636,51.664,51.689,51.711,51.755,51.782,51.81,51.832,51.862,51.887,51.915,51.94,51.97,51.996,52.018,52.045,52.066,52.099,52.122,52.152,52.182,52.211,52.232,52.262,52.29,52.308,52.336,52.373,52.397,52.429,52.463,52.494,52.531,52.554,52.581,52.619,52.661,52.683,52.715,52.74,52.78,52.822,52.87,52.92,52.946,53.001,53.042,53.076,53.109,53.173,53.248,53.296,53.348,53.388,53.486,53.544,53.602,53.716,53.896,54.119,54.348,55.137
904,@TPP,48.634,49.471,49.8,49.972,50.118,50.234,50.311,50.386,50.46,50.522,50.564,50.614,50.67,50.713,50.767,50.804,50.846,50.891,50.948,50.988,51.025,51.056,51.096,51.132,51.162,51.194,51.226,51.249,51.279,51.3,51.326,51.348,51.377,51.404,51.436,51.459,51.485,51.51,51.537,51.575,51.603,51.636,51.666,51.692,51.732,51.763,51.794,51.816,51.837,51.87,51.896,51.917,51.94,51.965,51.993,52.032,52.061,52.09,52.119,52.145,52.175,52.201,52.232,52.256,52.277,52.295,52.322,52.348,52.378,52.402,52.428,52.45,52.5,52.533,52.562,52.6,52.638,52.672,52.711,52.739,52.776,52.821,52.862,52.894,52.942,52.988,53.03,53.078,53.144,53.21,53.257,53.337,53.391,53.462,53.556,53.655,53.74,53.854,54.031,54.336,54.978
905,@TPP,48.634,49.471,49.8,49.972,50.118,50.234,50.311,50.386,50.46,50.522,50.564,50.614,50.67,50.713,50.767,50.804,50.846,50.891,50.948,50.988,51.025,51.056,51.096,51.132,51.162,51.194,51.226,51.249,51.279,51.3,51.326,51.348,51.377,51.404,51.436,51.459,51.485,51.51,51.537,51.575,51.603,51.636,51.666,51.692,51.732,51.763,51.794,51.816,51.837,51.87,51.896,51.917,51.94,51.965,51.993,52.032,52.061,52.09,52.119,52.145,52.175,52.201,52.232,52.256,52.277,52.295,52.322,52.348,52.378,52.402,52.428,52.45,52.5,52.533,52.562,52.6,52.638,52.672,52.711,52.739,52.776,52.821,52.862,52.894,52.942,52.988,53.03,53.078,53.144,53.21,53.257,53.337,53.391,53.462,53.556,53.655,53.74,53.854,54.031,54.336,54.978
906,@TPP,48.856,49.499,49.762,49.944,50.091,50.194,50.287,50.356,50.415,50.472,50.529,50.59,50.633,50.684,50.736,50.793,50.836,50.881,50.919,50.965,51.011,51.039,51.065,51.101,51.133,51.161,51.197,51.231,51.257,51.277,51.309,51.338,51.366,51.399,51.42,51.445,51.471,51.497,51.518,51.545,51.572,51.595,51.626,51.651,51.685,51.709,51.739,51.766,51.788,51.822,51.853,51.882,51.905,51.934,51.962,51.99,52.027,52.063,52.079,52.111,52.139,52.167,52.202,52.229,52.26,52.281,52.31,52.334,52.356,52.387,52.411,52.446,52.467,52.49,52.52,52.543,52.575,52.609,52.639,52.671,52.707,52.74,52.787,52.829,52.867,52.925,52.978,53.021,53.077,53.136,53.191,53.264,53.323,53.398,53.514,53.622,53.717,53.889,53.984,54.253,54.902
907,@TPP,48.856,49.499,49.762,49.944,50.091,50.194,50.287,50.356,50.415,50.472,50.529,50.59,50.633,50.684,50.736,50.793,50.836,50.881,50.919,50.965,51.011,51.039,51.065,51.101,51.133,51.161,51.197,51.231,51.257,51.277,51.309,51.338,51.366,51.399,51.42,51.445,51.471,51.497,51.518,51.545,51.572,51.595,51.626,51.651,51.685,51.709,51.739,51.766,51.788,51.822,51.853,51.882,51.905,51.934,51.962,51.99,52.027,52.063,52.079,52.111,52.139,52.167,52.202,52.229,52.26,52.281,52.31,52.334,52.356,52.387,52.411,52.446,52.467,52.49,52.52,52.543,52.575,52.609,52.639,52.671,52.707,52.74,52.787,52.829,52.867,52.925,52.978,53.021,53.077,53.136,53.191,53.264,53.323,53.398,53.514,53.622,53.717,53.889,53.984,54.253,54.902
908,@TPP,48.809,49.538,49.765,49.946,50.089,50.212,50.292,50.381,50.442,50.496,50.546,50.591,50.653,50.698,50.732,50.781,50.818,50.851,50.89,50.928,50.976,51.011,51.046,51.079,51.117,51.144,51.172,51.196,51.223,51.251,51.284,51.321,51.348,51.378,51.406,51.434,51.471,51.495,51.519,51.541,51.562,51.592,51.61,51.634,51.661,51.688,51.712,51.739,51.767,51.795,51.822,51.844,51.87,51.903,51.928,51.954,51.979,52.005,52.03,52.048,52.071,52.102,52.134,52.16,52.193,52.216,52.241,52.27,52.304,52.334,52.374,52.41,52.443,52.461,52.495,52.527,52.559,52.603,52.626,52.657,52.695,52.732,52.778,52.818,52.868,52.912,52.966,53.012,53.052,53.098,53.158,53.214,53.28,53.35,53.431,53.52,53.636,53.77,53.944,54.222,54.802
909,@TPP,48.809,49.538,49.765,49.946,50.089,50.212,50.292,50.381,50.442,50.496,50.546,50.591,50.653,50.698,50.732,50.781,50.818,50.851,50.89,50.928,50.976,51.011,51.046,51.079,51.117,51.144,51.172,51.196,51.223,51.251,51.284,51.321,51.348,51.378,51.406,51.434,51.471,51.495,51.519,51.541,51.562,51.592,51.61,51.634,51.661,51.688,51.712,51.739,51.767,51.795,51.822,51.844,51.87,51.903,51.928,51.954,51.979,52.005,52.03,52.048,52.071,52.102,52.134,52.16,52.193,52.216,52.241,52.27,52.304,52.334,52.374,52.41,52.443,52.461,52.495,52.527,52.559,52.603,52.626,52.657,52.695,52.732,52.778,52.818,52.868,52.912,52.966,53.012,53.052,53.098,53.158,53.214,53.28,53.35,53.431,53.52,53.636,53.77,53.944,54.222,54.802
910,@TPP,48.893,49.509,49.73,49.927,50.057,50.155,50.245,50.329,50.404,50.49,50.544,50.598,50.639,50.685,50.735,50.775,50.814,50.861,50.887,50.926,50.967,50.993,51.031,51.063,51.092,51.119,51.152,51.178,51.207,51.226,51.257,51.286,51.322,51.347,51.371,51.4,51.434,51.461,51.485,51.509,51.533,51.561,51.587,51.619,51.644,51.665,51.69,51.717,51.735,51.759,51.792,51.815,51.839,51.872,51.895,51.921,51.941,51.969,51.989,52.016,52.045,52.069,52.095,52.124,52.15,52.175,52.2,52.227,52.251,52.284,52.316,52.356,52.386,52.422,52.444,52.473,52.496,52.531,52.57,52.611,52.649,52.681,52.731,52.781,52.825,52.871,52.916,52.952,53.011,53.051,53.095,53.171,53.209,53.274,53.351,53.468,53.568,53.685,53.822,54.063,54.831
911,@TPP,48.893,49.509,49.73,49.927,50.057,50.155,50.245,50.329,50.404,50.49,50.544,50.598,50.639,50.685,50.735,50.775,50.814,50.861,50.887,50.926,50.967,50.993,51.031,51.063,51.092,51.119,51.152,51.178,51.207,51.226,51.257,51.286,51.322,51.347,51.371,51.4,51.434,51.461,51.485,51.509,51.533,51.561,51.587,51.619,51.644,51.665,51.69,51.717,51.735,51.759,51.792,51.815,51.839,51.872,51.895,51.921,51.941,51.969,51.989,52.016,52.045,52.069,52.095,52.124,52.15,52.175,52.2,52.227,52.251,52.284,52.316,52.356,52.386,52.422,52.444,52.473,52.496,52.531,52.57,52.611,52.649,52.681,52.731,52.781,52.825,52.871,52.916,52.952,53.011,53.051,53.095,53.171,53.209,53.274,53.351,53.468,53.568,53.685,53.822,54.063,54.831
912,@TPP,48.678,49.497,49.755,49.938,50.093,50.181,50.274,50.349,50.42,50.479,50.537,50.585,50.641,50.684,50.727,50.776,50.803,50.852,50.89,50.92,50.952,50.994,51.025,51.061,51.089,51.11,51.14,51.17,51.192,51.222,51.246,51.276,51.298,51.332,51.356,51.39,51.415,51.441,51.463,51.485,51.511,51.535,51.552,51.575,51.596,51.617,51.643,51.668,51.697,51.722,51.756,51.78,51.802,51.83,51.852,51.875,51.894,51.92,51.945,51.972,51.997,52.024,52.056,52.085,52.112,52.144,52.177,52.204,52.243,52.268,52.3,52.329,52.356,52.395,52.428,52.457,52.489,52.522,52.552,52.577,52.61,52.646,52.684,52.734,52.76,52.811,52.843,52.903,52.951,52.999,53.043,53.094,53.146,53.21,53.309,53.38,53.464,53.59,53.741,54.071,54.836
913,@TPP,48.678,49.497,49.755,49.938,50.093,50.181,50.274,50.349,50.42,50.479,50.537,50.585,50.641,50.684,50.727,50.776,50.803,50.852,50.89,50.92,50.952,50.994,51.025,51.061,51.089,51.11,51.14,51.17,51.192,51.222,51.246,51.276,51.298,51.332,51.356,51.39,51.415,51.441,51.463,51.485,51.511,51.535,51.552,51.575,51.596,51.617,51.643,51.668,51.697,51.722,51.756,51.78,51.802,51.83,51.852,51.875,51.894,51.92,51.945,51.972,51.997,52.024,52.056,52.085,52.112,52.144,52.177,52.204,52.243,52.268,52.3,52.329,52.356,52.395,52.428,52.457,52.489,52.522,52.552,52.577,52.61,52.646,52.684,52.734,52.76,52.811,52.843,52.903,52.951,52.999,53.043,53.094,53.146,53.21,53.309,53.38,53.464,53.59,53.741,54.071,54.836
914,@TPP,48.54,49.405,49.67,49.834,49.931,50.056,50.167,50.228,50.309,50.383,50.437,50.498,50.541,50.597,50.643,50.683,50.719,50.755,50.805,50.847,50.875,50.921,50.957,50.985,51.024,51.05,51.081,51.122,51.144,51.178,51.207,51.23,51.251,51.27,51.293,51.321,51.35,51.378,51.403,51.421,51.451,51.472,51.49,51.523,51.55,51.57,51.592,51.614,51.649,51.671,51.705,51.733,51.751,51.779,51.806,51.83,51.861,51.887,51.911,51.945,51.97,51.988,52.013,52.054,52.085,52.114,52.149,52.18,52.205,52.238,52.262,52.298,52.326,52.357,52.384,52.413,52.439,52.478,52.518,52.557,52.589,52.629,52.662,52.702,52.73,52.777,52.827,52.881,52.935,52.982,53.051,53.128,53.195,53.245,53.304,53.404,53.506,53.634,53.84,54.084,54.908
915,@TPP,48.54,49.405,49.67,49.834,49.931,50.056,50.167,50.228,50.309,50.383,50.437,50.498,50.541,50.597,50.643,50.683,50.719,50.755,50.805,50.847,50.875,50.921,50.957,50.985,51.024,51.05,51.081,51.122,51.144,51.178,51.207,51.23,51.251,51.27,51.293,51.321,51.35,51.378,51.403,51.421,51.451,51.472,51.49,51.523,51.55,51.57,51.592,51.614,51.649,51.671,51.705,51.733,51.751,51.779,51.806,51.83,51.861,51.887,51.911,51.945,51.97,51.988,52.013,52.054,52.085,52.114,52.149,52.18,52.205,52.238,52.262,52.298,52.326,52.357,52.384,52.413,52.439,52.478,52.518,52.557,52.589,52.629,52.662,52.702,52.73,52.777,52.827,52.881,52.935,52.982,53.051,53.128,53.195,53.245,53.304,53.404,53.506,53.634,53.84,54.084,54.908
916,@TPP,48.627,49.31,49.613,49.794,49.913,50.008,50.105,50.175,50.236,50.303,50.348,50.418,50.472,50.517,50.568,50.603,50.659,50.694,50.734,50.767,50.804,50.836,50.865,50.902,50.927,50.964,51.0,51.03,51.055,51.081,51.111,51.139,51.168,51.191,51.215,51.254,51.284,51.318,51.347,51.37,51.393,51.417,51.453,51.481,51.514,51.545,51.566,51.589,51.614,51.644,51.667,51.701,51.726,51.75,51.775,51.805,51.833,51.863,51.887,51.913,51.941,51.973,52.01,52.04,52.065,52.094,52.129,52.166,52.19,52.215,52.241,52.265,52.291,52.322,52.354,52.38,52.403,52.437,52.466,52.505,52.536,52.566,52.612,52.664,52.701,52.744,52.784,52.835,52.881,52.954,53.009,53.088,53.148,53.228,53.292,53.37,53.489,53.658,53.815,54.09,55.04
917,@TPP,48.627,49.31,49.613,49.794,49.913,50.008,50.105,50.175,50.236,50.303,50.348,50.418,50.472,50.517,50.568,50.603,50.659,50.694,50.734,50.767,50.804,50.836,50.865,50.902,50.927,50.964,51.0,51.03,51.055,51.081,51.111,51.139,51.168,51.191,51.215,51.254,51.284,51.318,51.347,51.37,51.393,51.417,51.453,51.481,51.514,51.545,51.566,51.589,51.614,51.644,51.667,51.701,51.726,51.75,51.775,51.805,51.833,51.863,51.887,51.913,51.941,51.973,52.01,52.04,52.065,52.094,52.129,52.166,52.19,52.215,52.241,52.265,52.291,52.322,52.354,52.38,52.403,52.437,52.466,52.505,52.536,52.566,52.612,52.664,52.701,52.744,52.784,52.835,52.881,52.954,53.009,53.088,53.148,53.228,53.292,53.37,53.489,53.658,53.815,54.09,55.04
918,@TPP,48.614,49.371,49.601,49.737,49.848,49.958,50.027,50.095,50.175,50.231,50.299,50.362,50.404,50.451,50.521,50.563,50.605,50.643,50.681,50.713,50.743,50.779,50.814,50.846,50.874,50.913,50.934,50.964,50.989,51.008,51.036,51.076,51.114,51.138,51.159,51.185,51.221,51.248,51.281,51.313,51.341,51.367,51.394,51.424,51.447,51.478,51.508,51.533,51.555,51.597,51.62,51.644,51.668,51.694,51.724,51.752,51.783,51.814,51.834,51.859,51.888,51.913,51.933,51.974,51.99,52.024,52.059,52.086,52.114,52.152,52.176,52.21,52.233,52.268,52.3,52.327,52.351,52.382,52.416,52.455,52.499,52.535,52.58,52.629,52.655,52.69,52.743,52.784,52.823,52.878,52.929,52.999,53.07,53.133,53.232,53.341,53.424,53.622,53.773,54.07,54.877
919,@TPP,48.614,49.371,49.601,49.737,49.848,49.958,50.027,50.095,50.175,50.231,50.299,50.362,50.404,50.451,50.521,50.563,50.605,50.643,50.681,50.713,50.743,50.779,50.814,50.846,50.874,50.913,50.934,50.964,50.989,51.008,51.036,51.076,51.114,51.138,51.159,51.185,51.221,51.248,51.281,51.313,51.341,51.367,51.394,51.424,51.447,51.478,51.508,51.533,51.555,51.597,51.62,51.644,51.668,51.694,51.724,51.752,51.783,51.814,51.834,51.859,51.888,51.913,51.933,51.974,51.99,52.024,52.059,52.086,52.114,52.152,52.176,52.21,52.233,52.268,52.3,52.327,52.351,52.382,52.416,52.455,52.499,52.535,52.58,52.629,52.655,52.69,52.743,52.784,52.823,52.878,52.929,52.999,53.07,53.133,53.232,53.341,53.424,53.622,53.773,54.07,54.877
920,@TPP,48.417,49.301,49.522,49.665,49.776,49.889,49.961,50.061,50.125,50.206,50.259,50.301,50.365,50.402,50.452,50.501,50.549,50.581,50.615,50.643,50.704,50.739,50.789,50.816,50.85,50.874,50.911,50.941,50.968,50.997,51.028,51.064,51.093,51.118,51.141,51.168,51.193,51.221,51.244,51.267,51.299,51.326,51.346,51.37,51.393,51.412,51.438,51.464,51.489,51.516,51.544,51.572,51.605,51.626,51.656,51.679,51.699,51.732,51.762,51.785,51.818,51.85,51.877,51.9,51.924,51.948,51.968,51.999,52.029,52.065,52.103,52.123,52.159,52.2,52.234,52.276,52.303,52.336,52.366,52.394,52.421,52.459,52.487,52.533,52.571,52.614,52.647,52.708,52.764,52.815,52.887,52.932,53.025,53.1,53.162,53.256,53.388,53.523,53.766,54.037,54.747
921,@TPP,48.417,49.301,49.522,49.665,49.776,49.889,49.961,50.061,50.125,50.206,50.259,50.301,50.365,50.402,50.452,50.501,50.549,50.581,50.615,50.643,50.704,50.739,50.789,50.816,50.85,50.874,50.911,50.941,50.968,50.997,51.028,51.064,51.093,51.118,51.141,51.168,51.193,51.221,51.244,51.267,51.299,51.326,51.346,51.37,51.393,51.412,51.438,51.464,51.489,51.516,51.544,51.572,51.605,51.626,51.656,51.679,51.699,51.732,51.762,51.785,51.818,51.85,51.877,51.9,51.924,51.948,51.968,51.999,52.029,52.065,52.103,52.123,52.159,52.2,52.234,52.276,52.303,52.336,52.366,52.394,52.421,52.459,52.487,52.533,52.571,52.614,52.647,52.708,52.764,52.815,52.887,52.932,53.025,53.1,53.162,53.256,53.388,53.523,53.766,54.037,54.747
922,@TPP,48.257,49.224,49.444,49.59,49.715,49.812,49.908,49.975,50.072,50.135,50.197,50.256,50.335,50.371,50.432,50.484,50.532,50.57,50.604,50.642,50.697,50.733,50.768,50.805,50.842,50.88,50.908,50.943,50.972,50.998,51.031,51.053,51.083,51.114,51.151,51.189,51.219,51.248,51.269,51.292,51.325,51.349,51.381,51.414,51.433,51.455,51.479,51.495,51.53,51.562,51.589,51.612,51.635,51.662,51.693,51.725,51.748,51.771,51.795,51.823,51.848,51.885,51.909,51.933,51.969,51.997,52.025,52.049,52.072,52.095,52.124,52.167,52.202,52.238,52.264,52.288,52.317,52.36,52.397,52.428,52.46,52.498,52.531,52.568,52.607,52.671,52.716,52.758,52.802,52.857,52.953,53.046,53.092,53.168,53.287,53.418,53.513,53.659,53.892,54.228,54.964
923,@TPP,48.257,49.224,49.444,49.59,49.715,49.812,49.908,49.975,50.072,50.135,50.197,50.256,50.335,50.371,50.432,50.484,50.532,50.57,50.604,50.642,50.697,50.733,50.768,50.805,50.842,50.88,50.908,50.943,50.972,50.998,51.031,51.053,51.083,51.114,51.151,51.189,51.219,51.248,51.269,51.292,51.325,51.349,51.381,51.414,51.433,51.455,51.479,51.495,51.53,51.562,51.589,51.612,51.635,51.662,51.693,51.725,51.748,51.771,51.795,51.823,51.848,51.885,51.909,51.933,51.969,51.997,52.025,52.049,52.072,52.095,52.124,52.167,52.202,52.238,52.264,52.288,52.317,52.36,52.397,52.428,52.46,52.498,52.531,52.568,52.607,52.671,52.716,52.758,52.802,52.857,52.953,53.046,53.092,53.168,53.287,53.418,53.513,53.659,53.892,54.228,54.964
924,@TPP,48.177,49.086,49.296,49.484,49.633,49.784,49.896,49.983,50.048,50.128,50.193,50.235,50.299,50.356,50.4,50.437,50.49,50.53,50.581,50.625,50.665,50.708,50.757,50.788,50.822,50.864,50.897,50.933,50.96,50.992,51.026,51.05,51.078,51.112,51.146,51.182,51.208,51.237,51.264,51.291,51.319,51.346,51.386,51.418,51.44,51.465,51.489,51.515,51.545,51.567,51.599,51.634,51.664,51.691,51.714,51.742,51.763,51.789,51.823,51.853,51.874,51.894,51.926,51.959,51.987,52.02,52.046,52.074,52.104,52.135,52.16,52.194,52.229,52.262,52.293,52.319,52.356,52.395,52.424,52.462,52.506,52.547,52.601,52.646,52.693,52.749,52.797,52.852,52.915,52.963,53.033,53.106,53.178,53.266,53.342,53.484,53.639,53.755,53.965,54.242,54.834
925,@TPP,48.177,49.086,49.296,49.484,49.633,49.784,49.896,49.983,50.048,50.128,50.193,50.235,50.299,50.356,50.4,50.437,50.49,50.53,50.581,50.625,50.665,50.708,50.757,50.788,50.822,50.864,50.897,50.933,50.96,50.992,51.026,51.05,51.078,51.112,51.146,51.182,51.208,51.237,51.264,51.291,51.319,51.346,51.386,51.418,51.44,51.465,51.489,51.515,51.545,51.567,51.599,51.634,51.664,51.691,51.714,51.742,51.763,51.789,51.823,51.853,51.874,51.894,51.926,51.959,51.987,52.02,52.046,52.074,52.104,52.135,52.16,52.194,52.229,52.262,52.293,52.319,52.356,52.395,52.424,52.462,52.506,52.547,52.601,52.646,52.693,52.749,52.797,52.852,52.915,52.963,53.033,53.106,53.178,53.266,53.342,53.484,53.639,53.755,53.965,54.242,54.834
926,@TPP,48.106,48.912,49.23,49.443,49.604,49.695,49.801,49.909,49.996,50.082,50.156,50.234,50.295,50.342,50.387,50.424,50.453,50.507,50.546,50.584,50.614,50.653,50.693,50.74,50.776,50.82,50.861,50.897,50.933,50.984,51.01,51.045,51.076,51.119,51.145,51.174,51.197,51.229,51.268,51.297,51.321,51.359,51.386,51.414,51.442,51.469,51.497,51.526,51.552,51.583,51.61,51.637,51.671,51.698,51.726,51.749,51.773,51.812,51.831,51.859,51.891,51.915,51.942,51.967,52.004,52.037,52.072,52.103,52.134,52.163,52.2,52.228,52.257,52.297,52.331,52.366,52.401,52.434,52.467,52.508,52.547,52.597,52.64,52.676,52.726,52.784,52.842,52.882,52.942,53.013,53.083,53.148,53.214,53.298,53.405,53.523,53.635,53.803,54.027,54.341,55.075
927,@TPP,48.106,48.912,49.23,49.443,49.604,49.695,49.801,49.909,49.996,50.082,50.156,50.234,50.295,50.342,50.387,50.424,50.453,50.507,50.546,50.584,50.614,50.653,50.693,50.74,50.776,50.82,50.861,50.897,50.933,50.984,51.01,51.045,51.076,51.119,51.145,51.174,51.197,51.229,51.268,51.297,51.321,51.359,51.386,51.414,51.442,51.469,51.497,51.526,51.552,51.583,51.61,51.637,51.671,51.698,51.726,51.749,51.773,51.812,51.831,51.859,51.891,51.915,51.942,51.967,52.004,52.037,52.072,52.103,52.134,52.163,52.2,52.228,52.257,52.297,52.331,52.366,52.401,52.434,52.467,52.508,52.547,52.597,52.64,52.676,52.726,52.784,52.842,52.882,52.942,53.013,53.083,53.148,53.214,53.298,53.405,53.523,53.635,53.803,54.027,54.341,55.075
928,@TPP,47.886,48.78,49.136,49.365,49.496,49.675,49.753,49.867,49.947,50.019,50.09,50.158,50.215,50.278,50.321,50.362,50.422,50.483,50.521,50.56,50.611,50.651,50.693,50.741,50.779,50.816,50.851,50.877,50.896,50.928,50.976,51.01,51.046,51.082,51.123,51.163,51.203,51.238,51.268,51.296,51.321,51.35,51.378,51.404,51.437,51.459,51.496,51.54,51.572,51.6,51.622,51.648,51.677,51.704,51.735,51.766,51.801,51.84,51.868,51.895,51.929,51.96,51.99,52.028,52.05,52.086,52.122,52.15,52.181,52.204,52.23,52.264,52.295,52.321,52.363,52.393,52.429,52.471,52.516,52.554,52.596,52.632,52.679,52.715,52.743,52.802,52.881,52.938,52.992,53.048,53.116,53.168,53.256,53.353,53.469,53.575,53.751,53.858,54.072,54.405,55.197
929,@TPP,47.886,48.78,49.136,49.365,49.496,49.675,49.753,49.867,49.947,50.019,50.09,50.158,50.215,50.278,50.321,50.362,50.422,50.483,50.521,50.56,50.611,50.651,50.693,50.741,50.779,50.816,50.851,50.877,50.896,50.928,50.976,51.01,51.046,51.082,51.123,51.163,51.203,51.238,51.268,51.296,51.321,51.35,51.378,51.404,51.437,51.459,51.496,51.54,51.572,51.6,51.622,51.648,51.677,51.704,51.735,51.766,51.801,51.84,51.868,51.895,51.929,51.96,51.99,52.028,52.05,52.086,52.122,52.15,52.181,52.204,52.23,52.264,52.295,52.321,52.363,52.393,52.429,52.471,52.516,52.554,52.596,52.632,52.679,52.715,52.743,52.802,52.881,52.938,52.992,53.048,53.116,53.168,53.256,53.353,53.469,53.575,53.751,53.858,54.072,54.405,55.197
930,@TPP,47.776,48.864,49.114,49.299,49.454,49.583,49.712,49.812,49.887,49.973,50.046,50.125,50.209,50.254,50.319,50.385,50.449,50.479,50.522,50.571,50.631,50.692,50.744,50.785,50.816,50.851,50.88,50.919,50.948,50.986,51.02,51.041,51.073,51.114,51.151,51.188,51.208,51.246,51.282,51.325,51.356,51.384,51.413,51.442,51.462,51.503,51.533,51.561,51.59,51.623,51.649,51.677,51.706,51.735,51.765,51.793,51.819,51.845,51.881,51.898,51.933,51.965,51.997,52.032,52.065,52.099,52.133,52.16,52.187,52.211,52.246,52.268,52.298,52.345,52.38,52.409,52.439,52.479,52.527,52.565,52.609,52.638,52.678,52.735,52.79,52.858,52.935,52.982,53.044,53.12,53.169,53.246,53.322,53.424,53.547,53.664,53.785,53.937,54.133,54.418,55.207
931,@TPP,47.776,48.864,49.114,49.299,49.454,49.583,49.712,49.812,49.887,49.973,50.046,50.125,50.209,50.254,50.319,50.385,50.449,50.479,50.522,50.571,50.631,50.692,50.744,50.785,50.816,50.851,50.88,50.919,50.948,50.986,51.02,51.041,51.073,51.114,51.151,51.188,51.208,51.246,51.282,51.325,51.356,51.384,51.413,51.442,51.462,51.503,51.533,51.561,51.59,51.623,51.649,51.677,51.706,51.735,51.765,51.793,51.819,51.845,51.881,51.898,51.933,51.965,51.997,52.032,52.065,52.099,52.133,52.16,52.187,52.211,52.246,52.268,52.298,52.345,52.38,52.409,52.439,52.479,52.527,52.565,52.609,52.638,52.678,52.735,52.79,52.858,52.935,52.982,53.044,53.12,53.169,53.246,53.322,53.424,53.547,53.664,53.785,53.937,54.133,54.418,55.207
932,@TPP,47.79,48.78,49.038,49.201,49.359,49.531,49.656,49.769,49.873,49.933,50.034,50.092,50.168,50.24,50.3,50.376,50.425,50.475,50.52,50.563,50.598,50.643,50.689,50.733,50.787,50.827,50.863,50.899,50.937,50.979,51.013,51.05,51.083,51.12,51.163,51.19,51.226,51.265,51.302,51.334,51.366,51.397,51.436,51.464,51.483,51.515,51.545,51.578,51.609,51.629,51.662,51.684,51.711,51.744,51.774,51.806,51.826,51.852,51.879,51.913,51.945,51.977,52.008,52.035,52.069,52.106,52.128,52.159,52.185,52.222,52.255,52.285,52.32,52.35,52.402,52.428,52.458,52.497,52.546,52.585,52.623,52.676,52.727,52.782,52.827,52.874,52.93,52.981,53.037,53.125,53.215,53.275,53.35,53.441,53.529,53.652,53.806,54.003,54.235,54.536,55.216
933,@TPP,47.79,48.78,49.038,49.201,49.359,49.531,49.656,49.769,49.873,49.933,50.034,50.092,50.168,50.24,50.3,50.376,50.425,50.475,50.52,50.563,50.598,50.643,50.689,50.733,50.787,50.827,50.863,50.899,50.937,50.979,51.013,51.05,51.083,51.12,51.163,51.19,51.226,51.265,51.302,51.334,51.366,51.397,51.436,51.464,51.483,51.515,51.545,51.578,51.609,51.629,51.662,51.684,51.711,51.744,51.774,51.806,51.826,51.852,51.879,51.913,51.945,51.977,52.008,52.035,52.069,52.106,52.128,52.159,52.185,52.222,52.255,52.285,52.32,52.35,52.402,52.428,52.458,52.497,52.546,52.585,52.623,52.676,52.727,52.782,52.827,52.874,52.93,52.981,53.037,53.125,53.215,53.275,53.35,53.441,53.529,53.652,53.806,54.003,54.235,54.536,55.216
934,@TPP,47.938,48.69,48.982,49.202,49.36,49.505,49.64,49.755,49.878,49.984,50.06,50.113,50.179,50.254,50.323,50.378,50.439,50.493,50.534,50.573,50.614,50.659,50.722,50.76,50.8,50.844,50.873,50.915,50.959,51.002,51.031,51.059,51.095,51.134,51.167,51.212,51.245,51.28,51.31,51.347,51.377,51.412,51.439,51.465,51.488,51.505,51.539,51.571,51.61,51.639,51.668,51.697,51.726,51.761,51.791,51.824,51.848,51.879,51.912,51.941,51.97,52.001,52.029,52.059,52.088,52.122,52.155,52.189,52.229,52.256,52.281,52.321,52.349,52.392,52.432,52.471,52.509,52.545,52.585,52.62,52.652,52.699,52.734,52.773,52.824,52.87,52.957,53.016,53.066,53.151,53.232,53.301,53.398,53.54,53.632,53.752,53.914,54.069,54.224,54.507,55.487
935,@TPP,47.938,48.69,48.982,49.202,49.36,49.505,49.64,49.755,49.878,49.984,50.06,50.113,50.179,50.254,50.323,50.378,50.439,50.493,50.534,50.573,50.614,50.659,50.722,50.76,50.8,50.844,50.873,50.915,50.959,51.002,51.031,51.059,51.095,51.134,51.167,51.212,51.245,51.28,51.31,51.347,51.377,51.412,51.439,51.465,51.488,51.505,51.539,51.571,51.61,51.639,51.668,51.697,51.726,51.761,51.791,51.824,51.848,51.879,51.912,51.941,51.97,52.001,52.029,52.059,52.088,52.122,52.155,52.189,52.229,52.256,52.281,52.321,52.349,52.392,52.432,52.471,52.509,52.545,52.585,52.62,52.652,52.699,52.734,52.773,52.824,52.87,52.957,53.016,53.066,53.151,53.232,53.301,53.398,53.54,53.632,53.752,53.914,54.069,54.224,54.507,55.487
936,@TPP,47.75,48.576,48.92,49.143,49.364,49.48,49.635,49.764,49.853,49.962,50.04,50.117,50.182,50.254,50.316,50.365,50.414,50.47,50.511,50.554,50.598,50.643,50.68,50.713,50.76,50.795,50.831,50.885,50.945,50.986,51.021,51.057,51.095,51.131,51.159,51.19,51.234,51.264,51.301,51.337,51.364,51.394,51.427,51.45,51.485,51.519,51.542,51.577,51.617,51.644,51.684,51.719,51.751,51.781,51.81,51.855,51.882,51.906,51.942,51.977,52.0,52.031,52.065,52.09,52.132,52.163,52.186,52.21,52.23,52.266,52.3,52.326,52.37,52.397,52.437,52.467,52.514,52.569,52.618,52.674,52.72,52.757,52.788,52.849,52.894,52.93,52.982,53.053,53.131,53.188,53.266,53.334,53.411,53.508,53.661,53.765,53.903,54.059,54.326,54.65,55.553
937,@TPP,47.75,48.576,48.92,49.143,49.364,49.48,49.635,49.764,49.853,49.962,50.04,50.117,50.182,50.254,50.316,50.365,50.414,50.47,50.511,50.554,50.598,50.643,50.68,50.713,50.76,50.795,50.831,50.885,50.945,50.986,51.021,51.057,51.095,51.131,51.159,51.19,51.234,51.264,51.301,51.337,51.364,51.394,51.427,51.45,51.485,51.519,51.542,51.577,51.617,51.644,51.684,51.719,51.751,51.781,51.81,51.855,51.882,51.906,51.942,51.977,52.0,52.031,52.065,52.09,52.132,52.163,52.186,52.21,52.23,52.266,52.3,52.326,52.37,52.397,52.437,52.467,52.514,52.569,52.618,52.674,52.72,52.757,52.788,52.849,52.894,52.93,52.982,53.053,53.131,53.188,53.266,53.334,53.411,53.508,53.661,53.765,53.903,54.059,54.326,54.65,55.553
938,@TPP,47.654,48.581,48.906,49.162,49.339,49.481,49.624,49.793,49.876,49.96,50.035,50.099,50.165,50.238,50.29,50.353,50.405,50.453,50.499,50.558,50.604,50.647,50.706,50.747,50.792,50.822,50.861,50.895,50.942,50.984,51.018,51.058,51.098,51.144,51.192,51.228,51.258,51.287,51.319,51.35,51.39,51.422,51.454,51.485,51.514,51.541,51.571,51.594,51.618,51.651,51.695,51.728,51.76,51.788,51.82,51.856,51.889,51.914,51.949,51.975,52.013,52.047,52.077,52.114,52.142,52.172,52.216,52.242,52.273,52.31,52.341,52.366,52.409,52.449,52.481,52.514,52.562,52.597,52.659,52.7,52.738,52.779,52.828,52.88,52.918,52.96,53.036,53.105,53.172,53.239,53.3,53.418,53.497,53.596,53.756,53.855,53.945,54.113,54.405,54.714,55.717
939,@TPP,47.654,48.581,48.906,49.162,49.339,49.481,49.624,49.793,49.876,49.96,50.035,50.099,50.165,50.238,50.29,50.353,50.405,50.453,50.499,50.558,50.604,50.647,50.706,50.747,50.792,50.822,50.861,50.895,50.942,50.984,51.018,51.058,51.098,51.144,51.192,51.228,51.258,51.287,51.319,51.35,51.39,51.422,51.454,51.485,51.514,51.541,51.571,51.594,51.618,51.651,51.695,51.728,51.76,51.788,51.82,51.856,51.889,51.914,51.949,51.975,52.013,52.047,52.077,52.114,52.142,52.172,52.216,52.242,52.273,52.31,52.341,52.366,52.409,52.449,52.481,52.514,52.562,52.597,52.659,52.7,52.738,52.779,52.828,52.88,52.918,52.96,53.036,53.105,53.172,53.239,53.3,53.418,53.497,53.596,53.756,53.855,53.945,54.113,54.405,54.714,55.717
940,@TPP,47.367,48.528,48.857,49.151,49.346,49.53,49.616,49.754,49.839,49.963,50.031,50.085,50.147,50.205,50.267,50.325,50.382,50.452,50.511,50.57,50.63,50.664,50.699,50.76,50.798,50.841,50.882,50.917,50.953,50.984,51.01,51.042,51.085,51.126,51.161,51.19,51.226,51.264,51.292,51.329,51.365,51.4,51.425,51.473,51.502,51.533,51.578,51.613,51.651,51.695,51.723,51.759,51.793,51.827,51.855,51.885,51.925,51.954,51.986,52.014,52.06,52.101,52.123,52.15,52.184,52.226,52.258,52.292,52.324,52.347,52.38,52.415,52.443,52.476,52.519,52.563,52.599,52.64,52.683,52.727,52.774,52.825,52.875,52.925,52.965,53.029,53.078,53.137,53.213,53.297,53.367,53.432,53.493,53.585,53.713,53.814,53.979,54.173,54.452,54.682,55.742
941,@TPP,47.367,48.528,48.857,49.151,49.346,49.53,49.616,49.754,49.839,49.963,50.031,50.085,50.147,50.205,50.267,50.325,50.382,50.452,50.511,50.57,50.63,50.664,50.699,50.76,50.798,50.841,50.882,50.917,50.953,50.984,51.01,51.042,51.085,51.126,51.161,51.19,51.226,51.264,51.292,51.329,51.365,51.4,51.425,51.473,51.502,51.533,51.578,51.613,51.651,51.695,51.723,51.759,51.793,51.827,51.855,51.885,51.925,51.954,51.986,52.014,52.06,52.101,52.123,52.15,52.184,52.226,52.258,52.292,52.324,52.347,52.38,52.415,52.443,52.476,52.519,52.563,52.599,52.64,52.683,52.727,52.774,52.825,52.875,52.925,52.965,53.029,53.078,53.137,53.213,53.297,53.367,53.432,53.493,53.585,53.713,53.814,53.979,54.173,54.452,54.682,55.742
942,@TPP,47.368,48.539,48.921,49.163,49.337,49.528,49.633,49.732,49.836,49.932,50.013,50.071,50.16,50.215,50.274,50.32,50.388,50.448,50.513,50.549,50.593,50.637,50.699,50.738,50.771,50.808,50.858,50.893,50.926,50.977,51.013,51.051,51.089,51.115,51.137,51.167,51.202,51.242,51.284,51.318,51.368,51.402,51.434,51.468,51.506,51.533,51.565,51.611,51.644,51.677,51.714,51.745,51.777,51.818,51.853,51.881,51.924,51.962,51.99,52.019,52.056,52.081,52.116,52.143,52.183,52.22,52.256,52.292,52.326,52.363,52.404,52.438,52.493,52.525,52.567,52.607,52.645,52.679,52.721,52.765,52.808,52.84,52.894,52.938,53.002,53.055,53.122,53.176,53.24,53.3,53.393,53.47,53.587,53.678,53.754,53.858,54.009,54.138,54.461,54.764,55.567
943,@TPP,47.368,48.539,48.921,49.163,49.337,49.528,49.633,49.732,49.836,49.932,50.013,50.071,50.16,50.215,50.274,50.32,50.388,50.448,50.513,50.549,50.593,50.637,50.699,50.738,50.771,50.808,50.858,50.893,50.926,50.977,51.013,51.051,51.089,51.115,51.137,51.167,51.202,51.242,51.284,51.318,51.368,51.402,51.434,51.468,51.506,51.533,51.565,51.611,51.644,51.677,51.714,51.745,51.777,51.818,51.853,51.881,51.924,51.962,51.99,52.019,52.056,52.081,52.116,52.143,52.183,52.22,52.256,52.292,52.326,52.363,52.404,52.438,52.493,52.525,52.567,52.607,52.645,52.679,52.721,52.765,52.808,52.84,52.894,52.938,53.002,53.055,53.122,53.176,53.24,53.3,53.393,53.47,53.587,53.678,53.754,53.858,54.009,54.138,54.461,54.764,55.567
944,@TPP,47.331,48.513,48.968,49.147,49.343,49.516,49.642,49.764,49.842,49.905,49.977,50.058,50.134,50.212,50.261,50.306,50.354,50.433,50.484,50.535,50.588,50.637,50.679,50.716,50.769,50.823,50.861,50.888,50.936,50.984,51.026,51.056,51.094,51.12,51.151,51.185,51.226,51.256,51.288,51.343,51.376,51.414,51.443,51.479,51.521,51.561,51.599,51.632,51.667,51.693,51.726,51.758,51.799,51.825,51.858,51.892,51.939,51.969,52.004,52.035,52.075,52.113,52.14,52.18,52.209,52.237,52.26,52.292,52.341,52.38,52.412,52.444,52.488,52.536,52.569,52.608,52.654,52.702,52.748,52.803,52.851,52.895,52.925,52.982,53.043,53.105,53.178,53.239,53.298,53.355,53.428,53.512,53.606,53.686,53.791,53.933,54.094,54.24,54.445,54.817,55.626
945,@TPP,47.331,48.513,48.968,49.147,49.343,49.516,49.642,49.764,49.842,49.905,49.977,50.058,50.134,50.212,50.261,50.306,50.354,50.433,50.484,50.535,50.588,50.637,50.679,50.716,50.769,50.823,50.861,50.888,50.936,50.984,51.026,51.056,51.094,51.12,51.151,51.185,51.226,51.256,51.288,51.343,51.376,51.414,51.443,51.479,51.521,51.561,51.599,51.632,51.667,51.693,51.726,51.758,51.799,51.825,51.858,51.892,51.939,51.969,52.004,52.035,52.075,52.113,52.14,52.18,52.209,52.237,52.26,52.292,52.341,52.38,52.412,52.444,52.488,52.536,52.569,52.608,52.654,52.702,52.748,52.803,52.851,52.895,52.925,52.982,53.043,53.105,53.178,53.239,53.298,53.355,53.428,53.512,53.606,53.686,53.791,53.933,54.094,54.24,54.445,54.817,55.626
946,@TPP,47.638,48.472,48.944,49.133,49.331,49.467,49.645,49.749,49.834,49.929,50.03,50.089,50.151,50.195,50.249,50.309,50.372,50.434,50.494,50.55,50.591,50.66,50.705,50.75,50.794,50.844,50.889,50.917,50.966,51.009,51.049,51.096,51.131,51.175,51.207,51.238,51.264,51.299,51.323,51.358,51.401,51.435,51.461,51.49,51.517,51.547,51.591,51.64,51.669,51.703,51.737,51.769,51.807,51.836,51.877,51.91,51.948,51.97,52.002,52.048,52.083,52.114,52.148,52.193,52.232,52.259,52.295,52.329,52.376,52.412,52.454,52.487,52.516,52.563,52.601,52.643,52.686,52.73,52.787,52.829,52.889,52.935,52.981,53.029,53.082,53.126,53.188,53.235,53.3,53.38,53.449,53.54,53.653,53.742,53.836,53.983,54.121,54.25,54.425,54.96,55.71
947,@TPP,47.638,48.472,48.944,49.133,49.331,49.467,49.645,49.749,49.834,49.929,50.03,50.089,50.151,50.195,50.249,50.309,50.372,50.434,50.494,50.55,50.591,50.66,50.705,50.75,50.794,50.844,50.889,50.917,50.966,51.009,51.049,51.096,51.131,51.175,51.207,51.238,51.264,51.299,51.323,51.358,51.401,51.435,51.461,51.49,51.517,51.547,51.591,51.64,51.669,51.703,51.737,51.769,51.807,51.836,51.877,51.91,51.948,51.97,52.002,52.048,52.083,52.114,52.148,52.193,52.232,52.259,52.295,52.329,52.376,52.412,52.454,52.487,52.516,52.563,52.601,52.643,52.686,52.73,52.787,52.829,52.889,52.935,52.981,53.029,53.082,53.126,53.188,53.235,53.3,53.38,53.449,53.54,53.653,53.742,53.836,53.983,54.121,54.25,54.425,54.96,55.71
948,@TPP,47.49,48.503,48.864,49.153,49.342,49.534,49.632,49.745,49.863,49.915,50.006,50.074,50.139,50.215,50.275,50.331,50.389,50.452,50.501,50.563,50.612,50.652,50.7,50.75,50.795,50.871,50.919,50.955,50.986,51.041,51.071,51.108,51.151,51.194,51.225,51.251,51.284,51.323,51.355,51.382,51.41,51.44,51.476,51.518,51.544,51.583,51.618,51.647,51.683,51.706,51.741,51.789,51.819,51.856,51.888,51.922,51.957,51.988,52.02,52.049,52.087,52.121,52.158,52.189,52.233,52.273,52.315,52.355,52.397,52.426,52.476,52.509,52.555,52.583,52.626,52.671,52.716,52.76,52.807,52.862,52.906,52.943,52.991,53.045,53.101,53.161,53.212,53.279,53.338,53.395,53.475,53.568,53.676,53.772,53.854,53.945,54.074,54.303,54.587,54.954,55.898
949,@TPP,47.49,48.503,48.864,49.153,49.342,49.534,49.632,49.745,49.863,49.915,50.006,50.074,50.139,50.215,50.275,50.331,50.389,50.452,50.501,50.563,50.612,50.652,50.7,50.75,50.795,50.871,50.919,50.955,50.986,51.041,51.071,51.108,51.151,51.194,51.225,51.251,51.284,51.323,51.355,51.382,51.41,51.44,51.476,51.518,51.544,51.583,51.618,51.647,51.683,51.706,51.741,51.789,51.819,51.856,51.888,51.922,51.957,51.988,52.02,52.049,52.087,52.121,52.158,52.189,52.233,52.273,52.315,52.355,52.397,52.426,52.476,52.509,52.555,52.583,52.626,52.671,52.716,52.76,52.807,52.862,52.906,52.943,52.991,53.045,53.101,53.161,53.212,53.279,53.338,53.395,53.475,53.568,53.676,53.772,53.854,53.945,54.074,54.303,54.587,54.954,55.898
950,@TPP,47.582,48.589,48.962,49.194,49.373,49.513,49.645,49.759,49.872,49.934,50.023,50.1,50.163,50.228,50.289,50.363,50.414,50.479,50.531,50.569,50.63,50.685,50.729,50.778,50.827,50.875,50.925,50.962,51.006,51.043,51.078,51.129,51.184,51.212,51.246,51.273,51.312,51.343,51.39,51.428,51.458,51.49,51.521,51.558,51.599,51.63,51.665,51.702,51.726,51.757,51.793,51.825,51.855,51.892,51.922,51.954,51.991,52.027,52.054,52.081,52.135,52.171,52.206,52.238,52.266,52.301,52.342,52.371,52.419,52.455,52.493,52.544,52.586,52.625,52.677,52.711,52.747,52.786,52.835,52.884,52.925,52.97,53.024,53.081,53.138,53.176,53.224,53.274,53.323,53.394,53.467,53.538,53.639,53.718,53.848,53.958,54.106,54.298,54.567,54.923,55.818
951,@TPP,47.582,48.589,48.962,49.194,49.373,49.513,49.645,49.759,49.872,49.934,50.023,50.1,50.163,50.228,50.289,50.363,50.414,50.479,50.531,50.569,50.63,50.685,50.729,50.778,50.827,50.875,50.925,50.962,51.006,51.043,51.078,51.129,51.184,51.212,51.246,51.273,51.312,51.343,51.39,51.428,51.458,51.49,51.521,51.558,51.599,51.63,51.665,51.702,51.726,51.757,51.793,51.825,51.855,51.892,51.922,51.954,51.991,52.027,52.054,52.081,52.135,52.171,52.206,52.238,52.266,52.301,52.342,52.371,52.419,52.455,52.493,52.544,52.586,52.625,52.677,52.711,52.747,52.786,52.835,52.884,52.925,52.97,53.024,53.081,53.138,53.176,53.224,53.274,53.323,53.394,53.467,53.538,53.639,53.718,53.848,53.958,54.106,54.298,54.567,54.923,55.818
952,@TPP,47.475,48.594,48.949,49.203,49.346,49.498,49.675,49.776,49.895,49.967,50.049,50.134,50.194,50.264,50.323,50.395,50.443,50.507,50.564,50.627,50.677,50.725,50.775,50.817,50.85,50.892,50.948,50.994,51.042,51.074,51.106,51.152,51.192,51.223,51.256,51.289,51.33,51.366,51.392,51.424,51.466,51.507,51.548,51.571,51.603,51.638,51.67,51.705,51.733,51.767,51.806,51.838,51.883,51.911,51.947,51.971,52.005,52.042,52.074,52.117,52.148,52.195,52.221,52.252,52.287,52.331,52.366,52.405,52.443,52.487,52.528,52.557,52.585,52.619,52.652,52.691,52.725,52.77,52.818,52.854,52.915,52.952,53.003,53.057,53.118,53.174,53.226,53.295,53.362,53.444,53.524,53.594,53.703,53.788,53.884,54.021,54.171,54.366,54.593,54.96,55.888
953,@TPP,47.475,48.594,48.949,49.203,49.346,49.498,49.675,49.776,49.895,49.967,50.049,50.134,50.194,50.264,50.323,50.395,50.443,50.507,50.564,50.627,50.677,50.725,50.775,50.817,50.85,50.892,50.948,50.994,51.042,51.074,51.106,51.152,51.192,51.223,51.256,51.289,51.33,51.366,51.392,51.424,51.466,51.507,51.548,51.571,51.603,51.638,51.67,51.705,51.733,51.767,51.806,51.838,51.883,51.911,51.947,51.971,52.005,52.042,52.074,52.117,52.148,52.195,52.221,52.252,52.287,52.331,52.366,52.405,52.443,52.487,52.528,52.557,52.585,52.619,52.652,52.691,52.725,52.77,52.818,52.854,52.915,52.952,53.003,53.057,53.118,53.174,53.226,53.295,53.362,53.444,53.524,53.594,53.703,53.788,53.884,54.021,54.171,54.366,54.593,54.96,55.888
954,@TPP,47.671,48.444,48.959,49.173,49.354,49.541,49.667,49.775,49.889,49.971,50.038,50.118,50.188,50.253,50.362,50.422,50.482,50.542,50.591,50.646,50.689,50.727,50.777,50.807,50.85,50.899,50.952,50.991,51.039,51.079,51.13,51.159,51.203,51.246,51.282,51.326,51.357,51.389,51.423,51.464,51.488,51.528,51.565,51.606,51.639,51.67,51.702,51.739,51.772,51.807,51.836,51.869,51.899,51.934,51.972,52.012,52.041,52.068,52.103,52.131,52.169,52.2,52.234,52.268,52.309,52.355,52.393,52.425,52.451,52.505,52.544,52.58,52.608,52.633,52.677,52.725,52.77,52.81,52.854,52.891,52.932,52.985,53.027,53.088,53.155,53.21,53.289,53.35,53.442,53.504,53.566,53.649,53.709,53.8,53.93,54.079,54.204,54.402,54.595,54.988,56.256
955,@TPP,47.671,48.444,48.959,49.173,49.354,49.541,49.667,49.775,49.889,49.971,50.038,50.118,50.188,50.253,50.362,50.422,50.482,50.542,50.591,50.646,50.689,50.727,50.777,50.807,50.85,50.899,50.952,50.991,51.039,51.079,51.13,51.159,51.203,51.246,51.282,51.326,51.357,51.389,51.423,51.464,51.488,51.528,51.565,51.606,51.639,51.67,51.702,51.739,51.772,51.807,51.836,51.869,51.899,51.934,51.972,52.012,52.041,52.068,52.103,52.131,52.169,52.2,52.234,52.268,52.309,52.355,52.393,52.425,52.451,52.505,52.544,52.58,52.608,52.633,52.677,52.725,52.77,52.81,52.854,52.891,52.932,52.985,53.027,53.088,53.155,53.21,53.289,53.35,53.442,53.504,53.566,53.649,53.709,53.8,53.93,54.079,54.204,54.402,54.595,54.988,56.256
956,@TPP,47.604,48.559,48.976,49.243,49.475,49.604,49.741,49.833,49.903,50.008,50.112,50.168,50.232,50.293,50.353,50.425,50.471,50.529,50.585,50.63,50.675,50.729,50.782,50.811,50.866,50.921,50.98,51.029,51.059,51.109,51.15,51.191,51.239,51.285,51.313,51.347,51.384,51.413,51.448,51.486,51.519,51.562,51.591,51.624,51.656,51.685,51.713,51.751,51.787,51.823,51.848,51.882,51.914,51.936,51.975,52.005,52.042,52.077,52.117,52.152,52.182,52.213,52.251,52.285,52.309,52.345,52.382,52.42,52.451,52.485,52.531,52.579,52.619,52.659,52.696,52.729,52.766,52.806,52.862,52.908,52.95,53.01,53.054,53.108,53.174,53.223,53.289,53.37,53.436,53.514,53.584,53.658,53.75,53.853,53.959,54.1,54.281,54.439,54.67,54.96,56.155
957,@TPP,47.604,48.559,48.976,49.243,49.475,49.604,49.741,49.833,49.903,50.008,50.112,50.168,50.232,50.293,50.353,50.425,50.471,50.529,50.585,50.63,50.675,50.729,50.782,50.811,50.866,50.921,50.98,51.029,51.059,51.109,51.15,51.191,51.239,51.285,51.313,51.347,51.384,51.413,51.448,51.486,51.519,51.562,51.591,51.624,51.656,51.685,51.713,51.751,51.787,51.823,51.848,51.882,51.914,51.936,51.975,52.005,52.042,52.077,52.117,52.152,52.182,52.213,52.251,52.285,52.309,52.345,52.382,52.42,52.451,52.485,52.531,52.579,52.619,52.659,52.696,52.729,52.766,52.806,52.862,52.908,52.95,53.01,53.054,53.108,53.174,53.223,53.289,53.37,53.436,53.514,53.584,53.658,53.75,53.853,53.959,54.1,54.281,54.439,54.67,54.96,56.155
958,@TPP,47.586,48.62,49.078,49.279,49.425,49.563,49.699,49.814,49.898,49.991,50.078,50.174,50.243,50.315,50.362,50.418,50.462,50.516,50.586,50.627,50.677,50.729,50.786,50.842,50.897,50.937,50.998,51.035,51.068,51.121,51.178,51.218,51.253,51.297,51.334,51.366,51.406,51.447,51.479,51.514,51.541,51.589,51.613,51.647,51.672,51.713,51.748,51.767,51.794,51.821,51.865,51.897,51.937,51.968,51.998,52.024,52.062,52.09,52.123,52.172,52.204,52.247,52.281,52.317,52.358,52.395,52.426,52.465,52.492,52.526,52.564,52.602,52.645,52.691,52.737,52.788,52.827,52.876,52.922,52.956,53.005,53.056,53.104,53.163,53.213,53.28,53.345,53.43,53.475,53.556,53.625,53.711,53.783,53.877,53.943,54.127,54.238,54.408,54.654,54.922,56.019
959,@TPP,47.586,48.62,49.078,49.279,49.425,49.563,49.699,49.814,49.898,49.991,50.078,50.174,50.243,50.315,50.362,50.418,50.462,50.516,50.586,50.627,50.677,50.729,50.786,50.842,50.897,50.937,50.998,51.035,51.068,51.121,51.178,51.218,51.253,51.297,51.334,51.366,51.406,51.447,51.479,51.514,51.541,51.589,51.613,51.647,51.672,51.713,51.748,51.767,51.794,51.821,51.865,51.897,51.937,51.968,51.998,52.024,52.062,52.09,52.123,52.172,52.204,52.247,52.281,52.317,52.358,52.395,52.426,52.465,52.492,52.526,52.564,52.602,52.645,52.691,52.737,52.788,52.827,52.876,52.922,52.956,53.005,53.056,53.104,53.163,53.213,53.28,53.345,53.43,53.475,53.556,53.625,53.711,53.783,53.877,53.943,54.127,54.238,54.408,54.654,54.922,56.019
960,@TPP,47.361,48.608,49.064,49.308,49.448,49.58,49.745,49.849,49.925,49.991,50.075,50.164,50.233,50.303,50.369,50.431,50.492,50.566,50.626,50.671,50.739,50.788,50.84,50.87,50.932,50.975,51.038,51.082,51.114,51.161,51.206,51.247,51.288,51.325,51.36,51.391,51.426,51.456,51.486,51.52,51.546,51.58,51.615,51.649,51.689,51.721,51.75,51.783,51.824,51.849,51.89,51.917,51.97,52.004,52.043,52.083,52.118,52.157,52.187,52.225,52.252,52.281,52.317,52.354,52.389,52.431,52.464,52.5,52.539,52.572,52.616,52.653,52.691,52.748,52.783,52.837,52.865,52.91,52.951,52.998,53.036,53.1,53.156,53.203,53.244,53.298,53.358,53.418,53.477,53.544,53.618,53.687,53.796,53.876,53.95,54.055,54.2,54.371,54.637,55.056,56.035
961,@TPP,47.361,48.608,49.064,49.308,49.448,49.58,49.745,49.849,49.925,49.991,50.075,50.164,50.233,50.303,50.369,50.431,50.492,50.566,50.626,50.671,50.739,50.788,50.84,50.87,50.932,50.975,51.038,51.082,51.114,51.161,51.206,51.247,51.288,51.325,51.36,51.391,51.426,51.456,51.486,51.52,51.546,51.58,51.615,51.649,51.689,51.721,51.75,51.783,51.824,51.849,51.89,51.917,51.97,52.004,52.043,52.083,52.118,52.157,52.187,52.225,52.252,52.281,52.317,52.354,52.389,52.431,52.464,52.5,52.539,52.572,52.616,52.653,52.691,52.748,52.783,52.837,52.865,52.91,52.951,52.998,53.036,53.1,53.156,53.203,53.244,53.298,53.358,53.418,53.477,53.544,53.618,53.687,53.796,53.876,53.95,54.055,54.2,54.371,54.637,55.056,56.035
962,@TPP,47.379,48.577,49.095,49.284,49.482,49.615,49.718,49.853,49.963,50.041,50.165,50.221,50.287,50.352,50.437,50.499,50.545,50.593,50.658,50.716,50.768,50.808,50.859,50.903,50.95,50.987,51.03,51.06,51.104,51.151,51.192,51.223,51.273,51.315,51.351,51.386,51.419,51.455,51.5,51.535,51.576,51.606,51.634,51.674,51.703,51.737,51.767,51.806,51.846,51.877,51.906,51.937,51.981,52.018,52.048,52.085,52.128,52.154,52.185,52.22,52.252,52.288,52.322,52.355,52.395,52.429,52.453,52.485,52.523,52.557,52.609,52.646,52.689,52.733,52.776,52.825,52.865,52.907,52.949,52.987,53.05,53.093,53.16,53.222,53.28,53.331,53.386,53.443,53.514,53.583,53.658,53.72,53.806,53.892,54.003,54.154,54.267,54.4,54.704,55.067,56.208
963,@TPP,47.379,48.577,49.095,49.284,49.482,49.615,49.718,49.853,49.963,50.041,50.165,50.221,50.287,50.352,50.437,50.499,50.545,50.593,50.658,50.716,50.768,50.808,50.859,50.903,50.95,50.987,51.03,51.06,51.104,51.151,51.192,51.223,51.273,51.315,51.351,51.386,51.419,51.455,51.5,51.535,51.576,51.606,51.634,51.674,51.703,51.737,51.767,51.806,51.846,51.877,51.906,51.937,51.981,52.018,52.048,52.085,52.128,52.154,52.185,52.22,52.252,52.288,52.322,52.355,52.395,52.429,52.453,52.485,52.523,52.557,52.609,52.646,52.689,52.733,52.776,52.825,52.865,52.907,52.949,52.987,53.05,53.093,53.16,53.222,53.28,53.331,53.386,53.443,53.514,53.583,53.658,53.72,53.806,53.892,54.003,54.154,54.267,54.4,54.704,55.067,56.208
964,@TPP,47.332,48.602,49.022,49.316,49.536,49.673,49.757,49.862,49.967,50.053,50.143,50.224,50.285,50.375,50.435,50.507,50.571,50.623,50.675,50.753,50.807,50.861,50.9,50.926,50.983,51.02,51.079,51.114,51.144,51.179,51.218,51.266,51.29,51.328,51.361,51.4,51.443,51.474,51.513,51.556,51.593,51.626,51.663,51.693,51.718,51.748,51.785,51.819,51.847,51.871,51.901,51.946,51.992,52.032,52.064,52.096,52.123,52.155,52.203,52.246,52.276,52.302,52.345,52.37,52.406,52.439,52.47,52.505,52.546,52.59,52.627,52.667,52.704,52.745,52.787,52.826,52.877,52.92,52.959,53.021,53.073,53.115,53.16,53.208,53.264,53.327,53.379,53.454,53.512,53.563,53.656,53.737,53.842,53.914,54.061,54.164,54.303,54.444,54.649,55.004,56.203
965,@TPP,47.332,48.602,49.022,49.316,49.536,49.673,49.757,49.862,49.967,50.053,50.143,50.224,50.285,50.375,50.435,50.507,50.571,50.623,50.675,50.753,50.807,50.861,50.9,50.926,50.983,51.02,51.079,51.114,51.144,51.179,51.218,51.266,51.29,51.328,51.361,51.4,51.443,51.474,51.513,51.556,51.593,51.626,51.663,51.693,51.718,51.748,51.785,51.819,51.847,51.871,51.901,51.946,51.992,52.032,52.064,52.096,52.123,52.155,52.203,52.246,52.276,52.302,52.345,52.37,52.406,52.439,52.47,52.505,52.546,52.59,52.627,52.667,52.704,52.745,52.787,52.826,52.877,52.92,52.959,53.021,53.073,53.115,53.16,53.208,53.264,53.327,53.379,53.454,53.512,53.563,53.656,53.737,53.842,53.914,54.061,54.164,54.303,54.444,54.649,55.004,56.203
966,@TPP,47.559,48.668,49.078,49.381,49.576,49.73,49.841,49.935,50.021,50.107,50.167,50.24,50.307,50.37,50.439,50.506,50.568,50.616,50.67,50.744,50.796,50.864,50.919,50.959,51.006,51.049,51.085,51.121,51.152,51.187,51.211,51.267,51.307,51.345,51.39,51.432,51.459,51.493,51.525,51.567,51.605,51.634,51.664,51.691,51.735,51.764,51.798,51.834,51.871,51.905,51.938,51.969,52.011,52.042,52.076,52.111,52.148,52.182,52.22,52.253,52.288,52.323,52.354,52.4,52.455,52.481,52.513,52.545,52.585,52.624,52.668,52.704,52.752,52.795,52.837,52.883,52.929,52.962,52.997,53.04,53.089,53.137,53.178,53.233,53.292,53.354,53.405,53.473,53.549,53.617,53.677,53.749,53.836,53.923,54.014,54.147,54.312,54.471,54.701,55.05,55.914
967,@TPP,47.559,48.668,49.078,49.381,49.576,49.73,49.841,49.935,50.021,50.107,50.167,50.24,50.307,50.37,50.439,50.506,50.568,50.616,50.67,50.744,50.796,50.864,50.919,50.959,51.006,51.049,51.085,51.121,51.152,51.187,51.211,51.267,51.307,51.345,51.39,51.432,51.459,51.493,51.525,51.567,51.605,51.634,51.664,51.691,51.735,51.764,51.798,51.834,51.871,51.905,51.938,51.969,52.011,52.042,52.076,52.111,52.148,52.182,52.22,52.253,52.288,52.323,52.354,52.4,52.455,52.481,52.513,52.545,52.585,52.624,52.668,52.704,52.752,52.795,52.837,52.883,52.929,52.962,52.997,53.04,53.089,53.137,53.178,53.233,53.292,53.354,53.405,53.473,53.549,53.617,53.677,53.749,53.836,53.923,54.014,54.147,54.312,54.471,54.701,55.05,55.914
968,@TPP,47.434,48.773,49.174,49.393,49.613,49.726,49.84,49.941,50.032,50.123,50.186,50.271,50.369,50.43,50.485,50.554,50.602,50.644,50.699,50.75,50.811,50.869,50.925,50.975,51.02,51.068,51.108,51.146,51.183,51.224,51.26,51.299,51.341,51.367,51.398,51.432,51.467,51.509,51.539,51.574,51.611,51.646,51.681,51.716,51.749,51.78,51.819,51.851,51.885,51.919,51.941,51.968,52.02,52.043,52.082,52.121,52.146,52.172,52.208,52.24,52.272,52.296,52.341,52.389,52.421,52.448,52.503,52.535,52.571,52.622,52.663,52.699,52.743,52.791,52.838,52.872,52.914,52.953,53.011,53.051,53.091,53.134,53.183,53.236,53.277,53.333,53.429,53.506,53.576,53.638,53.696,53.784,53.874,53.966,54.076,54.196,54.348,54.492,54.696,55.058,56.189
969,@TPP,47.434,48.773,49.174,49.393,49.613,49.726,49.84,49.941,50.032,50.123,50.186,50.271,50.369,50.43,50.485,50.554,50.602,50.644,50.699,50.75,50.811,50.869,50.925,50.975,51.02,51.068,51.108,51.146,51.183,51.224,51.26,51.299,51.341,51.367,51.398,51.432,51.467,51.509,51.539,51.574,51.611,51.646,51.681,51.716,51.749,51.78,51.819,51.851,51.885,51.919,51.941,51.968,52.02,52.043,52.082,52.121,52.146,52.172,52.208,52.24,52.272,52.296,52.341,52.389,52.421,52.448,52.503,52.535,52.571,52.622,52.663,52.699,52.743,52.791,52.838,52.872,52.914,52.953,53.011,53.051,53.091,53.134,53.183,53.236,53.277,53.333,53.429,53.506,53.576,53.638,53.696,53.784,53.874,53.966,54.076,54.196,54.348,54.492,54.696,55.058,56.189
970,@TPP,47.418,48.822,49.17,49.412,49.587,49.777,49.88,49.99,50.064,50.16,50.224,50.317,50.399,50.471,50.529,50.594,50.658,50.715,50.76,50.802,50.864,50.907,50.961,51.007,51.044,51.067,51.105,51.147,51.188,51.222,51.257,51.306,51.345,51.381,51.422,51.462,51.499,51.528,51.565,51.598,51.622,51.658,51.694,51.728,51.753,51.791,51.834,51.863,51.892,51.919,51.959,51.99,52.018,52.058,52.095,52.128,52.158,52.189,52.209,52.248,52.283,52.321,52.356,52.397,52.44,52.483,52.523,52.558,52.604,52.663,52.691,52.74,52.793,52.829,52.858,52.894,52.928,52.972,53.024,53.063,53.112,53.157,53.209,53.27,53.322,53.382,53.45,53.528,53.599,53.673,53.756,53.835,53.896,53.983,54.078,54.252,54.386,54.51,54.781,55.166,56.274
971,@TPP,47.418,48.822,49.17,49.412,49.587,49.777,49.88,49.99,50.064,50.16,50.224,50.317,50.399,50.471,50.529,50.594,50.658,50.715,50.76,50.802,50.864,50.907,50.961,51.007,51.044,51.067,51.105,51.147,51.188,51.222,51.257,51.306,51.345,51.381,51.422,51.462,51.499,51.528,51.565,51.598,51.622,51.658,51.694,51.728,51.753,51.791,51.834,51.863,51.892,51.919,51.959,51.99,52.018,52.058,52.095,52.128,52.158,52.189,52.209,52.248,52.283,52.321,52.356,52.397,52.44,52.483,52.523,52.558,52.604,52.663,52.691,52.74,52.793,52.829,52.858,52.894,52.928,52.972,53.024,53.063,53.112,53.157,53.209,53.27,53.322,53.382,53.45,53.528,53.599,53.673,53.756,53.835,53.896,53.983,54.078,54.252,54.386,54.51,54.781,55.166,56.274
972,@TPP,47.447,48.766,49.242,49.436,49.647,49.747,49.88,50.002,50.119,50.242,50.309,50.391,50.451,50.505,50.562,50.607,50.674,50.727,50.77,50.827,50.881,50.935,50.978,51.035,51.089,51.122,51.17,51.212,51.246,51.28,51.32,51.357,51.391,51.432,51.468,51.5,51.531,51.56,51.606,51.635,51.671,51.7,51.733,51.762,51.788,51.826,51.862,51.896,51.921,51.947,51.978,52.009,52.059,52.09,52.14,52.177,52.205,52.231,52.27,52.301,52.338,52.373,52.416,52.447,52.475,52.522,52.552,52.585,52.617,52.656,52.695,52.734,52.775,52.819,52.863,52.894,52.934,52.965,53.019,53.062,53.109,53.153,53.208,53.28,53.338,53.387,53.438,53.512,53.586,53.658,53.727,53.831,53.906,54.003,54.083,54.245,54.395,54.574,54.843,55.151,56.212
973,@TPP,47.447,48.766,49.242,49.436,49.647,49.747,49.88,50.002,50.119,50.242,50.309,50.391,50.451,50.505,50.562,50.607,50.674,50.727,50.77,50.827,50.881,50.935,50.978,51.035,51.089,51.122,51.17,51.212,51.246,51.28,51.32,51.357,51.391,51.432,51.468,51.5,51.531,51.56,51.606,51.635,51.671,51.7,51.733,51.762,51.788,51.826,51.862,51.896,51.921,51.947,51.978,52.009,52.059,52.09,52.14,52.177,52.205,52.231,52.27,52.301,52.338,52.373,52.416,52.447,52.475,52.522,52.552,52.585,52.617,52.656,52.695,52.734,52.775,52.819,52.863,52.894,52.934,52.965,53.019,53.062,53.109,53.153,53.208,53.28,53.338,53.387,53.438,53.512,53.586,53.658,53.727,53.831,53.906,54.003,54.083,54.245,54.395,54.574,54.843,55.151,56.212
974,@TPP,47.522,48.83,49.216,49.511,49.668,49.855,49.96,50.051,50.132,50.212,50.286,50.372,50.462,50.514,50.592,50.661,50.713,50.778,50.822,50.877,50.92,50.965,51.013,51.058,51.101,51.138,51.185,51.231,51.263,51.298,51.334,51.363,51.397,51.426,51.451,51.482,51.518,51.552,51.598,51.622,51.653,51.681,51.724,51.754,51.778,51.81,51.845,51.897,51.933,51.97,52.003,52.03,52.066,52.113,52.147,52.19,52.229,52.27,52.299,52.321,52.349,52.377,52.416,52.454,52.502,52.534,52.576,52.61,52.646,52.671,52.702,52.737,52.775,52.804,52.853,52.894,52.936,52.98,53.026,53.08,53.114,53.165,53.215,53.277,53.321,53.381,53.45,53.523,53.588,53.685,53.753,53.851,53.94,54.042,54.154,54.293,54.434,54.583,54.791,55.164,56.078
975,@TPP,47.522,48.83,49.216,49.511,49.668,49.855,49.96,50.051,50.132,50.212,50.286,50.372,50.462,50.514,50.592,50.661,50.713,50.778,50.822,50.877,50.92,50.965,51.013,51.058,51.101,51.138,51.185,51.231,51.263,51.298,51.334,51.363,51.397,51.426,51.451,51.482,51.518,51.552,51.598,51.622,51.653,51.681,51.724,51.754,51.778,51.81,51.845,51.897,51.933,51.97,52.003,52.03,52.066,52.113,52.147,52.19,52.229,52.27,52.299,52.321,52.349,52.377,52.416,52.454,52.502,52.534,52.576,52.61,52.646,52.671,52.702,52.737,52.775,52.804,52.853,52.894,52.936,52.98,53.026,53.08,53.114,53.165,53.215,53.277,53.321,53.381,53.45,53.523,53.588,53.685,53.753,53.851,53.94,54.042,54.154,54.293,54.434,54.583,54.791,55.164,56.078
976,@TPP,47.641,48.889,49.276,49.486,49.689,49.892,50.006,50.081,50.187,50.273,50.359,50.44,50.528,50.591,50.646,50.689,50.753,50.798,50.847,50.894,50.932,50.978,51.035,51.085,51.12,51.149,51.199,51.233,51.277,51.308,51.338,51.378,51.418,51.451,51.484,51.519,51.551,51.583,51.63,51.665,51.707,51.734,51.768,51.794,51.826,51.861,51.886,51.928,51.954,51.991,52.032,52.063,52.104,52.142,52.175,52.217,52.244,52.275,52.322,52.356,52.391,52.423,52.467,52.505,52.536,52.572,52.607,52.645,52.673,52.701,52.73,52.77,52.82,52.872,52.891,52.937,52.975,53.014,53.054,53.105,53.156,53.191,53.241,53.295,53.356,53.433,53.491,53.539,53.582,53.653,53.719,53.835,53.94,54.034,54.149,54.26,54.421,54.55,54.833,55.174,55.891
977,@TPP,47.641,48.889,49.276,49.486,49.689,49.892,50.006,50.081,50.187,50.273,50.359,50.44,50.528,50.591,50.646,50.689,50.753,50.798,50.847,50.894,50.932,50.978,51.035,51.085,51.12,51.149,51.199,51.233,51.277,51.308,51.338,51.378,51.418,51.451,51.484,51.519,51.551,51.583,51.63,51.665,51.707,51.734,51.768,51.794,51.826,51.861,51.886,51.928,51.954,51.991,52.032,52.063,52.104,52.142,52.175,52.217,52.244,52.275,52.322,52.356,52.391,52.423,52.467,52.505,52.536,52.572,52.607,52.645,52.673,52.701,52.73,52.77,52.82,52.872,52.891,52.937,52.975,53.014,53.054,53.105,53.156,53.191,53.241,53.295,53.356,53.433,53.491,53.539,53.582,53.653,53.719,53.835,53.94,54.034,54.149,54.26,54.421,54.55,54.833,55.174,55.891
978,@TPP,47.521,48.853,49.3,49.606,49.809,49.918,50.05,50.143,50.242,50.299,50.388,50.472,50.55,50.607,50.679,50.729,50.781,50.848,50.905,50.947,50.989,51.034,51.076,51.106,51.143,51.19,51.226,51.265,51.302,51.336,51.369,51.401,51.445,51.483,51.519,51.557,51.601,51.633,51.661,51.703,51.738,51.779,51.813,51.85,51.88,51.913,51.945,51.983,52.017,52.05,52.089,52.116,52.145,52.183,52.217,52.257,52.292,52.333,52.369,52.398,52.425,52.467,52.498,52.531,52.562,52.59,52.616,52.644,52.684,52.728,52.773,52.822,52.859,52.889,52.912,52.951,52.99,53.037,53.071,53.115,53.15,53.191,53.238,53.279,53.333,53.394,53.456,53.519,53.591,53.67,53.762,53.83,53.911,53.997,54.127,54.249,54.343,54.622,54.886,55.218,55.943
979,@TPP,47.521,48.853,49.3,49.606,49.809,49.918,50.05,50.143,50.242,50.299,50.388,50.472,50.55,50.607,50.679,50.729,50.781,50.848,50.905,50.947,50.989,51.034,51.076,51.106,51.143,51.19,51.226,51.265,51.302,51.336,51.369,51.401,51.445,51.483,51.519,51.557,51.601,51.633,51.661,51.703,51.738,51.779,51.813,51.85,51.88,51.913,51.945,51.983,52.017,52.05,52.089,52.116,52.145,52.183,52.217,52.257,52.292,52.333,52.369,52.398,52.425,52.467,52.498,52.531,52.562,52.59,52.616,52.644,52.684,52.728,52.773,52.822,52.859,52.889,52.912,52.951,52.99,53.037,53.071,53.115,53.15,53.191,53.238,53.279,53.333,53.394,53.456,53.519,53.591,53.67,53.762,53.83,53.911,53.997,54.127,54.249,54.343,54.622,54.886,55.218,55.943
980,@TPP,47.877,48.927,49.347,49.58,49.835,49.959,50.081,50.18,50.303,50.372,50.45,50.514,50.588,50.653,50.712,50.78,50.823,50.867,50.917,50.96,51.003,51.044,51.095,51.143,51.173,51.22,51.252,51.29,51.333,51.357,51.397,51.439,51.478,51.516,51.548,51.585,51.624,51.665,51.699,51.724,51.757,51.796,51.832,51.857,51.905,51.934,51.966,52.002,52.037,52.059,52.1,52.132,52.176,52.215,52.25,52.287,52.323,52.357,52.381,52.41,52.441,52.48,52.518,52.548,52.573,52.607,52.634,52.678,52.718,52.755,52.784,52.816,52.851,52.88,52.908,52.953,53.0,53.042,53.078,53.13,53.18,53.236,53.274,53.311,53.364,53.431,53.472,53.522,53.573,53.631,53.707,53.802,53.896,54.006,54.152,54.252,54.396,54.604,54.8,55.11,55.994
981,@TPP,47.877,48.927,49.347,49.58,49.835,49.959,50.081,50.18,50.303,50.372,50.45,50.514,50.588,50.653,50.712,50.78,50.823,50.867,50.917,50.96,51.003,51.044,51.095,51.143,51.173,51.22,51.252,51.29,51.333,51.357,51.397,51.439,51.478,51.516,51.548,51.585,51.624,51.665,51.699,51.724,51.757,51.796,51.832,51.857,51.905,51.934,51.966,52.002,52.037,52.059,52.1,52.132,52.176,52.215,52.25,52.287,52.323,52.357,52.381,52.41,52.441,52.48,52.518,52.548,52.573,52.607,52.634,52.678,52.718,52.755,52.784,52.816,52.851,52.88,52.908,52.953,53.0,53.042,53.078,53.13,53.18,53.236,53.274,53.311,53.364,53.431,53.472,53.522,53.573,53.631,53.707,53.802,53.896,54.006,54.152,54.252,54.396,54.604,54.8,55.11,55.994
982,@TPP,47.854,49.023,49.389,49.656,49.865,50.005,50.135,50.242,50.357,50.436,50.508,50.561,50.63,50.686,50.753,50.802,50.845,50.898,50.94,50.986,51.043,51.092,51.131,51.175,51.214,51.255,51.289,51.331,51.372,51.403,51.435,51.48,51.518,51.559,51.593,51.631,51.653,51.686,51.719,51.754,51.778,51.812,51.841,51.877,51.907,51.942,51.987,52.017,52.046,52.074,52.104,52.137,52.178,52.213,52.252,52.291,52.327,52.363,52.39,52.416,52.452,52.484,52.517,52.544,52.588,52.624,52.663,52.691,52.714,52.756,52.787,52.831,52.872,52.909,52.948,52.983,53.018,53.057,53.095,53.132,53.189,53.239,53.302,53.352,53.403,53.458,53.503,53.556,53.63,53.679,53.77,53.843,53.926,54.038,54.116,54.242,54.385,54.569,54.754,55.102,56.058
983,@TPP,47.854,49.023,49.389,49.656,49.865,50.005,50.135,50.242,50.357,50.436,50.508,50.561,50.63,50.686,50.753,50.802,50.845,50.898,50.94,50.986,51.043,51.092,51.131,51.175,51.214,51.255,51.289,51.331,51.372,51.403,51.435,51.48,51.518,51.559,51.593,51.631,51.653,51.686,51.719,51.754,51.778,51.812,51.841,51.877,51.907,51.942,51.987,52.017,52.046,52.074,52.104,52.137,52.178,52.213,52.252,52.291,52.327,52.363,52.39,52.416,52.452,52.484,52.517,52.544,52.588,52.624,52.663,52.691,52.714,52.756,52.787,52.831,52.872,52.909,52.948,52.983,53.018,53.057,53.095,53.132,53.189,53.239,53.302,53.352,53.403,53.458,53.503,53.556,53.63,53.679,53.77,53.843,53.926,54.038,54.116,54.242,54.385,54.569,54.754,55.102,56.058
984,@TPP,47.969,49.122,49.452,49.705,49.925,50.062,50.24,50.331,50.405,50.478,50.543,50.63,50.699,50.759,50.808,50.859,50.907,50.947,50.998,51.051,51.105,51.135,51.175,51.223,51.264,51.295,51.331,51.36,51.395,51.425,51.467,51.497,51.545,51.58,51.604,51.63,51.667,51.698,51.738,51.775,51.808,51.835,51.865,51.91,51.939,51.972,52.005,52.031,52.057,52.085,52.115,52.154,52.198,52.236,52.264,52.292,52.327,52.355,52.386,52.413,52.456,52.491,52.525,52.557,52.588,52.62,52.65,52.688,52.726,52.771,52.812,52.847,52.882,52.917,52.949,52.99,53.028,53.063,53.102,53.154,53.205,53.246,53.295,53.337,53.375,53.416,53.471,53.523,53.583,53.686,53.756,53.833,53.921,54.002,54.127,54.259,54.375,54.568,54.777,55.097,56.032
985,@TPP,47.969,49.122,49.452,49.705,49.925,50.062,50.24,50.331,50.405,50.478,50.543,50.63,50.699,50.759,50.808,50.859,50.907,50.947,50.998,51.051,51.105,51.135,51.175,51.223,51.264,51.295,51.331,51.36,51.395,51.425,51.467,51.497,51.545,51.58,51.604,51.63,51.667,51.698,51.738,51.775,51.808,51.835,51.865,51.91,51.939,51.972,52.005,52.031,52.057,52.085,52.115,52.154,52.198,52.236,52.264,52.292,52.327,52.355,52.386,52.413,52.456,52.491,52.525,52.557,52.588,52.62,52.65,52.688,52.726,52.771,52.812,52.847,52.882,52.917,52.949,52.99,53.028,53.063,53.102,53.154,53.205,53.246,53.295,53.337,53.375,53.416,53.471,53.523,53.583,53.686,53.756,53.833,53.921,54.002,54.127,54.259,54.375,54.568,54.777,55.097,56.032
986,@TPP,48.31,49.192,49.546,49.706,49.934,50.092,50.269,50.376,50.464,50.555,50.624,50.668,50.744,50.794,50.843,50.905,50.957,51.001,51.037,51.078,51.146,51.174,51.218,51.264,51.316,51.348,51.382,51.419,51.452,51.487,51.521,51.556,51.586,51.613,51.649,51.687,51.719,51.759,51.8,51.829,51.868,51.889,51.927,51.943,51.963,52.001,52.034,52.059,52.09,52.124,52.149,52.185,52.208,52.238,52.264,52.292,52.322,52.359,52.388,52.418,52.443,52.474,52.512,52.542,52.583,52.62,52.651,52.693,52.738,52.782,52.823,52.848,52.894,52.935,52.967,53.024,53.071,53.109,53.154,53.198,53.235,53.279,53.318,53.371,53.412,53.474,53.53,53.591,53.638,53.699,53.765,53.832,53.928,54.024,54.1,54.21,54.395,54.566,54.703,55.049,56.084
987,@TPP,48.31,49.192,49.546,49.706,49.934,50.092,50.269,50.376,50.464,50.555,50.624,50.668,50.744,50.794,50.843,50.905,50.957,51.001,51.037,51.078,51.146,51.174,51.218,51.264,51.316,51.348,51.382,51.419,51.452,51.487,51.521,51.556,51.586,51.613,51.649,51.687,51.719,51.759,51.8,51.829,51.868,51.889,51.927,51.943,51.963,52.001,52.034,52.059,52.09,52.124,52.149,52.185,52.208,52.238,52.264,52.292,52.322,52.359,52.388,52.418,52.443,52.474,52.512,52.542,52.583,52.62,52.651,52.693,52.738,52.782,52.823,52.848,52.894,52.935,52.967,53.024,53.071,53.109,53.154,53.198,53.235,53.279,53.318,53.371,53.412,53.474,53.53,53.591,53.638,53.699,53.765,53.832,53.928,54.024,54.1,54.21,54.395,54.566,54.703,55.049,56.084
988,@TPP,48.308,49.305,49.579,49.811,50.017,50.182,50.275,50.385,50.489,50.601,50.672,50.721,50.789,50.852,50.897,50.954,51.015,51.06,51.107,51.147,51.191,51.226,51.254,51.295,51.339,51.383,51.417,51.458,51.48,51.519,51.554,51.588,51.618,51.649,51.674,51.7,51.735,51.775,51.815,51.844,51.872,51.894,51.926,51.952,51.979,52.016,52.047,52.078,52.11,52.148,52.179,52.213,52.245,52.271,52.303,52.332,52.362,52.387,52.418,52.45,52.478,52.506,52.538,52.571,52.598,52.633,52.679,52.719,52.755,52.787,52.829,52.865,52.907,52.949,52.988,53.026,53.058,53.094,53.128,53.171,53.211,53.265,53.303,53.357,53.392,53.439,53.523,53.565,53.655,53.701,53.772,53.838,53.911,53.989,54.086,54.194,54.332,54.517,54.697,54.954,55.938
989,@TPP,48.308,49.305,49.579,49.811,50.017,50.182,50.275,50.385,50.489,50.601,50.672,50.721,50.789,50.852,50.897,50.954,51.015,51.06,51.107,51.147,51.191,51.226,51.254,51.295,51.339,51.383,51.417,51.458,51.48,51.519,51.554,51.588,51.618,51.649,51.674,51.7,51.735,51.775,51.815,51.844,51.872,51.894,51.926,51.952,51.979,52.016,52.047,52.078,52.11,52.148,52.179,52.213,52.245,52.271,52.303,52.332,52.362,52.387,52.418,52.45,52.478,52.506,52.538,52.571,52.598,52.633,52.679,52.719,52.755,52.787,52.829,52.865,52.907,52.949,52.988,53.026,53.058,53.094,53.128,53.171,53.211,53.265,53.303,53.357,53.392,53.439,53.523,53.565,53.655,53.701,53.772,53.838,53.911,53.989,54.086,54.194,54.332,54.517,54.697,54.954,55.938
990,@TPP,48.554,49.455,49.71,49.907,50.157,50.257,50.378,50.453,50.561,50.643,50.706,50.763,50.813,50.867,50.942,51.0,51.053,51.11,51.164,51.207,51.248,51.285,51.328,51.355,51.399,51.437,51.471,51.499,51.522,51.551,51.592,51.619,51.65,51.688,51.721,51.748,51.773,51.812,51.842,51.869,51.903,51.938,51.964,51.991,52.017,52.05,52.079,52.116,52.159,52.186,52.221,52.242,52.271,52.302,52.332,52.368,52.393,52.427,52.458,52.49,52.524,52.557,52.588,52.619,52.657,52.693,52.721,52.753,52.793,52.832,52.868,52.903,52.929,52.962,52.991,53.03,53.055,53.095,53.124,53.162,53.199,53.239,53.294,53.355,53.399,53.44,53.492,53.546,53.605,53.675,53.756,53.831,53.899,53.966,54.036,54.159,54.256,54.43,54.627,54.999,55.925
991,@TPP,48.554,49.455,49.71,49.907,50.157,50.257,50.378,50.453,50.561,50.643,50.706,50.763,50.813,50.867,50.942,51.0,51.053,51.11,51.164,51.207,51.248,51.285,51.328,51.355,51.399,51.437,51.471,51.499,51.522,51.551,51.592,51.619,51.65,51.688,51.721,51.748,51.773,51.812,51.842,51.869,51.903,51.938,51.964,51.991,52.017,52.05,52.079,52.116,52.159,52.186,52.221,52.242,52.271,52.302,52.332,52.368,52.393,52.427,52.458,52.49,52.524,52.557,52.588,52.619,52.657,52.693,52.721,52.753,52.793,52.832,52.868,52.903,52.929,52.962,52.991,53.03,53.055,53.095,53.124,53.162,53.199,53.239,53.294,53.355,53.399,53.44,53.492,53.546,53.605,53.675,53.756,53.831,53.899,53.966,54.036,54.159,54.256,54.43,54.627,54.999,55.925
992,@TPP,48.523,49.489,49.776,50.011,50.201,50.356,50.45,50.545,50.615,50.679,50.743,50.809,50.893,50.976,51.045,51.084,51.115,51.15,51.177,51.235,51.279,51.327,51.357,51.402,51.438,51.471,51.504,51.536,51.565,51.605,51.639,51.677,51.705,51.74,51.779,51.804,51.837,51.865,51.896,51.925,51.953,51.982,52.007,52.037,52.064,52.087,52.117,52.138,52.177,52.196,52.234,52.266,52.295,52.326,52.371,52.407,52.437,52.467,52.498,52.529,52.552,52.592,52.622,52.665,52.702,52.728,52.76,52.787,52.817,52.846,52.883,52.915,52.949,52.975,53.004,53.046,53.085,53.115,53.156,53.187,53.237,53.272,53.325,53.36,53.407,53.452,53.503,53.561,53.613,53.678,53.726,53.776,53.845,53.942,54.041,54.159,54.275,54.424,54.575,54.935,56.058
993,@TPP,48.523,49.489,49.776,50.011,50.201,50.356,50.45,50.545,50.615,50.679,50.743,50.809,50.893,50.976,51.045,51.084,51.115,51.15,51.177,51.235,51.279,51.327,51.357,51.402,51.438,51.471,51.504,51.536,51.565,51.605,51.639,51.677,51.705,51.74,51.779,51.804,51.837,51.865,51.896,51.925,51.953,51.982,52.007,52.037,52.064,52.087,52.117,52.138,52.177,52.196,52.234,52.266,52.295,52.326,52.371,52.407,52.437,52.467,52.498,52.529,52.552,52.592,52.622,52.665,52.702,52.728,52.76,52.787,52.817,52.846,52.883,52.915,52.949,52.975,53.004,53.046,53.085,53.115,53.156,53.187,53.237,53.272,53.325,53.36,53.407,53.452,53.503,53.561,53.613,53.678,53.726,53.776,53.845,53.942,54.041,54.159,54.275,54.424,54.575,54.935,56.058
994,@TPP,48.604,49.552,49.881,50.141,50.29,50.437,50.532,50.613,50.674,50.731,50.801,50.866,50.919,50.973,51.024,51.084,51.134,51.183,51.226,51.25,51.29,51.331,51.379,51.415,51.453,51.511,51.543,51.577,51.615,51.641,51.677,51.707,51.73,51.769,51.788,51.817,51.848,51.89,51.915,51.943,51.981,52.002,52.025,52.051,52.085,52.115,52.143,52.172,52.201,52.229,52.26,52.293,52.327,52.352,52.384,52.413,52.445,52.472,52.498,52.534,52.576,52.603,52.636,52.669,52.695,52.723,52.752,52.779,52.814,52.841,52.873,52.909,52.948,52.976,53.023,53.059,53.085,53.115,53.148,53.191,53.229,53.266,53.301,53.351,53.394,53.439,53.49,53.535,53.595,53.672,53.736,53.785,53.848,53.941,54.049,54.121,54.258,54.384,54.541,54.889,55.722
995,@TPP,48.604,49.552,49.881,50.141,50.29,50.437,50.532,50.613,50.674,50.731,50.801,50.866,50.919,50.973,51.024,51.084,51.134,51.183,51.226,51.25,51.29,51.331,51.379,51.415,51.453,51.511,51.543,51.577,51.615,51.641,51.677,51.707,51.73,51.769,51.788,51.817,51.848,51.89,51.915,51.943,51.981,52.002,52.025,52.051,52.085,52.115,52.143,52.172,52.201,52.229,52.26,52.293,52.327,52.352,52.384,52.413,52.445,52.472,52.498,52.534,52.576,52.603,52.636,52.669,52.695,52.723,52.752,52.779,52.814,52.841,52.873,52.909,52.948,52.976,53.023,53.059,53.085,53.115,53.148,53.191,53.229,53.266,53.301,53.351,53.394,53.439,53.49,53.535,53.595,53.672,53.736,53.785,53.848,53.941,54.049,54.121,54.258,54.384,54.541,54.889,55.722
996,@TPP,48.928,49.704,49.997,50.19,50.355,50.461,50.588,50.667,50.755,50.831,50.92,50.974,51.011,51.062,51.106,51.143,51.182,51.214,51.258,51.317,51.349,51.393,51.425,51.462,51.509,51.544,51.584,51.618,51.657,51.7,51.729,51.747,51.777,51.814,51.835,51.864,51.909,51.936,51.965,51.996,52.021,52.052,52.081,52.102,52.133,52.157,52.182,52.21,52.249,52.273,52.29,52.318,52.35,52.374,52.398,52.43,52.464,52.496,52.527,52.57,52.596,52.627,52.648,52.669,52.687,52.718,52.748,52.793,52.828,52.862,52.895,52.934,52.97,53.002,53.02,53.056,53.089,53.123,53.15,53.192,53.232,53.272,53.307,53.344,53.391,53.446,53.491,53.529,53.575,53.622,53.688,53.765,53.837,53.917,54.034,54.13,54.227,54.382,54.614,54.929,55.393
997,@TPP,48.928,49.704,49.997,50.19,50.355,50.461,50.588,50.667,50.755,50.831,50.92,50.974,51.011,51.062,51.106,51.143,51.182,51.214,51.258,51.317,51.349,51.393,51.425,51.462,51.509,51.544,51.584,51.618,51.657,51.7,51.729,51.747,51.777,51.814,51.835,51.864,51.909,51.936,51.965,51.996,52.021,52.052,52.081,52.102,52.133,52.157,52.182,52.21,52.249,52.273,52.29,52.318,52.35,52.374,52.398,52.43,52.464,52.496,52.527,52.57,52.596,52.627,52.648,52.669,52.687,52.718,52.748,52.793,52.828,52.862,52.895,52.934,52.97,53.002,53.02,53.056,53.089,53.123,53.15,53.192,53.232,53.272,53.307,53.344,53.391,53.446,53.491,53.529,53.575,53.622,53.688,53.765,53.837,53.917,54.034,54.13,54.227,54.382,54.614,54.929,55.393
998,@TPP,49.024,49.758,50.049,50.287,50.444,50.55,50.654,50.754,50.831,50.893,50.957,51.02,51.081,51.127,51.165,51.205,51.254,51.29,51.333,51.383,51.422,51.454,51.495,51.536,51.569,51.592,51.618,51.65,51.677,51.702,51.728,51.759,51.79,51.821,51.85,51.884,51.908,51.946,51.973,52.003,52.03,52.06,52.088,52.118,52.146,52.174,52.208,52.235,52.259,52.284,52.314,52.346,52.377,52.4,52.424,52.45,52.481,52.5,52.527,52.557,52.588,52.612,52.635,52.668,52.694,52.717,52.757,52.784,52.817,52.858,52.887,52.924,52.953,52.981,53.014,53.047,53.073,53.11,53.14,53.17,53.2,53.243,53.279,53.328,53.375,53.407,53.464,53.512,53.563,53.613,53.679,53.73,53.805,53.88,53.968,54.068,54.238,54.419,54.576,54.864,55.57
999,@TPP,49.024,49.758,50.049,50.287,50.444,50.55,50.654,50.754,50.831,50.893,50.957,51.02,51.081,51.127,51.165,51.205,51.254,51.29,51.333,51.383,51.422,51.454,51.495,51.536,51.569,51.592,51.618,51.65,51.677,51.702,51.728,51.759,51.79,51.821,51.85,51.884,51.908,51.946,51.973,52.003,52.03,52.06,52.088,52.118,52.146,52.174,52.208,52.235,52.259,52.284,52.314,52.346,52.377,52.4,52.424,52.45,52.481,52.5,52.527,52.557,52.588,52.612,52.635,52.668,52.694,52.717,52.757,52.784,52.817,52.858,52.887,52.924,52.953,52.981,53.014,53.047,53.073,53.11,53.14,53.17,53.2,53.243,53.279,53.328,53.375,53.407,53.464,53.512,53.563,53.613,53.679,53.73,53.805,53.88,53.968,54.068,54.238,54.419,54.576,54.864,55.57
1000,@TPP,49.025,49.908,50.14,50.33,50.496,50.632,50.74,50.837,50.896,50.96,51.015,51.067,51.119,51.185,51.224,51.259,51.306,51.348,51.384,51.416,51.457,51.489,51.52,51.554,51.6,51.639,51.668,51.694,51.731,51.764,51.792,51.825,51.858,51.888,51.917,51.955,51.983,52.002,52.024,52.043,52.069,52.102,52.123,52.155,52.175,52.205,52.236,52.268,52.292,52.317,52.335,52.365,52.392,52.416,52.437,52.466,52.492,52.525,52.554,52.576,52.605,52.627,52.66,52.684,52.717,52.741,52.761,52.781,52.822,52.851,52.876,52.914,52.944,52.97,53.005,53.037,53.067,53.093,53.122,53.161,53.2,53.226,53.264,53.306,53.355,53.397,53.448,53.492,53.553,53.599,53.657,53.718,53.783,53.874,53.988,54.058,54.199,54.355,54.571,54.795,55.399
1001,@TPP,49.025,49.908,50.14,50.33,50.496,50.632,50.74,50.837,50.896,50.96,51.015,51.067,51.119,51.185,51.224,51.259,51.306,51.348,51.384,51.416,51.457,51.489,51.52,51.554,51.6,51.639,51.668,51.694,51.731,51.764,51.792,51.825,51.858,51.888,51.917,51.955,51.983,52.002,52.024,52.043,52.069,52.102,52.123,52.155,52.175,52.205,52.236,52.268,52.292,52.317,52.335,52.365,52.392,52.416,52.437,52.466,52.492,52.525,52.554,52.576,52.605,52.627,52.66,52.684,52.717,52.741,52.761,52.781,52.822,52.851,52.876,52.914,52.944,52.97,53.005,53.037,53.067,53.093,53.122,53.161,53.2,53.226,53.264,53.306,53.355,53.397,53.448,53.492,53.553,53.599,53.657,53.718,53.783,53.874,53.988,54.058,54.199,54.355,54.571,54.795,55.399
1002,@TPP,49.329,49.968,50.317,50.501,50.631,50.737,50.833,50.904,50.965,51.041,51.092,51.143,51.194,51.248,51.287,51.342,51.379,51.433,51.475,51.521,51.547,51.575,51.614,51.646,51.685,51.71,51.744,51.76,51.79,51.819,51.846,51.872,51.907,51.941,51.96,51.985,52.014,52.04,52.064,52.087,52.111,52.135,52.171,52.196,52.219,52.253,52.275,52.302,52.323,52.345,52.367,52.386,52.42,52.449,52.477,52.495,52.52,52.548,52.576,52.596,52.626,52.652,52.674,52.699,52.725,52.75,52.785,52.816,52.843,52.872,52.892,52.919,52.947,52.985,53.015,53.045,53.071,53.107,53.137,53.164,53.201,53.231,53.267,53.303,53.342,53.384,53.439,53.496,53.541,53.587,53.648,53.715,53.774,53.853,53.951,54.037,54.144,54.264,54.385,54.67,55.367
1003,@TPP,49.329,49.968,50.317,50.501,50.631,50.737,50.833,50.904,50.965,51.041,51.092,51.143,51.194,51.248,51.287,51.342,51.379,51.433,51.475,51.521,51.547,51.575,51.614,51.646,51.685,51.71,51.744,51.76,51.79,51.819,51.846,51.872,51.907,51.941,51.96,51.985,52.014,52.04,52.064,52.087,52.111,52.135,52.171,52.196,52.219,52.253,52.275,52.302,52.323,52.345,52.367,52.386,52.42,52.449,52.477,52.495,52.52,52.548,52.576,52.596,52.626,52.652,52.674,52.699,52.725,52.75,52.785,52.816,52.843,52.872,52.892,52.919,52.947,52.985,53.015,53.045,53.071,53.107,53.137,53.164,53.201,53.231,53.267,53.303,53.342,53.384,53.439,53.496,53.541,53.587,53.648,53.715,53.774,53.853,53.951,54.037,54.144,54.264,54.385,54.67,55.367
1004,@TPP,48.885,50.008,50.244,50.522,50.614,50.735,50.8,50.867,50.927,50.986,51.039,51.095,51.155,51.201,51.254,51.289,51.329,51.374,51.423,51.461,51.508,51.537,51.557,51.585,51.617,51.646,51.677,51.706,51.741,51.778,51.8,51.833,51.868,51.899,51.92,51.946,51.973,51.996,52.023,52.041,52.076,52.104,52.13,52.158,52.179,52.211,52.228,52.25,52.275,52.304,52.328,52.35,52.37,52.396,52.417,52.448,52.471,52.501,52.519,52.538,52.563,52.581,52.606,52.629,52.659,52.686,52.711,52.741,52.763,52.792,52.815,52.847,52.877,52.899,52.93,52.96,52.995,53.027,53.053,53.083,53.14,53.171,53.197,53.236,53.27,53.315,53.359,53.407,53.448,53.495,53.542,53.606,53.688,53.735,53.834,53.959,54.061,54.187,54.369,54.64,55.292
1005,@TPP,48.885,50.008,50.244,50.522,50.614,50.735,50.8,50.867,50.927,50.986,51.039,51.095,51.155,51.201,51.254,51.289,51.329,51.374,51.423,51.461,51.508,51.537,51.557,51.585,51.617,51.646,51.677,51.706,51.741,51.778,51.8,51.833,51.868,51.899,51.92,51.946,51.973,51.996,52.023,52.041,52.076,52.104,52.13,52.158,52.179,52.211,52.228,52.25,52.275,52.304,52.328,52.35,52.37,52.396,52.417,52.448,52.471,52.501,52.519,52.538,52.563,52.581,52.606,52.629,52.659,52.686,52.711,52.741,52.763,52.792,52.815,52.847,52.877,52.899,52.93,52.96,52.995,53.027,53.053,53.083,53.14,53.171,53.197,53.236,53.27,53.315,53.359,53.407,53.448,53.495,53.542,53.606,53.688,53.735,53.834,53.959,54.061,54.187,54.369,54.64,55.292
1006,@TPP,48.407,49.917,50.218,50.375,50.502,50.616,50.697,50.78,50.857,50.921,50.986,51.032,51.084,51.14,51.187,51.235,51.285,51.318,51.365,51.392,51.427,51.475,51.511,51.536,51.573,51.612,51.641,51.664,51.695,51.728,51.754,51.789,51.812,51.834,51.862,51.888,51.918,51.943,51.968,51.999,52.027,52.054,52.084,52.112,52.139,52.163,52.188,52.21,52.237,52.258,52.283,52.302,52.326,52.353,52.378,52.41,52.432,52.461,52.491,52.518,52.554,52.577,52.604,52.627,52.652,52.683,52.7,52.728,52.753,52.783,52.808,52.832,52.854,52.88,52.907,52.938,52.974,53.006,53.044,53.075,53.105,53.137,53.166,53.202,53.236,53.277,53.333,53.395,53.46,53.51,53.564,53.634,53.722,53.793,53.867,53.929,54.026,54.16,54.321,54.69,55.429
1007,@TPP,48.407,49.917,50.218,50.375,50.502,50.616,50.697,50.78,50.857,50.921,50.986,51.032,51.084,51.14,51.187,51.235,51.285,51.318,51.365,51.392,51.427,51.475,51.511,51.536,51.573,51.612,51.641,51.664,51.695,51.728,51.754,51.789,51.812,51.834,51.862,51.888,51.918,51.943,51.968,51.999,52.027,52.054,52.084,52.112,52.139,52.163,52.188,52.21,52.237,52.258,52.283,52.302,52.326,52.353,52.378,52.41,52.432,52.461,52.491,52.518,52.554,52.577,52.604,52.627,52.652,52.683,52.7,52.728,52.753,52.783,52.808,52.832,52.854,52.88,52.907,52.938,52.974,53.006,53.044,53.075,53.105,53.137,53.166,53.202,53.236,53.277,53.333,53.395,53.46,53.51,53.564,53.634,53.722,53.793,53.867,53.929,54.026,54.16,54.321,54.69,55.429
1008,@TPP,48.63,49.854,50.105,50.263,50.385,50.512,50.615,50.683,50.784,50.869,50.924,50.973,51.032,51.072,51.133,51.171,51.207,51.245,51.28,51.316,51.361,51.398,51.426,51.46,51.498,51.54,51.568,51.6,51.626,51.658,51.687,51.716,51.742,51.769,51.803,51.834,51.863,51.899,51.926,51.949,51.974,52.001,52.039,52.067,52.093,52.124,52.152,52.173,52.194,52.211,52.24,52.267,52.301,52.319,52.345,52.375,52.415,52.436,52.458,52.482,52.501,52.53,52.551,52.578,52.608,52.641,52.662,52.694,52.723,52.751,52.778,52.813,52.835,52.868,52.898,52.93,52.964,52.995,53.025,53.069,53.101,53.139,53.177,53.212,53.246,53.295,53.336,53.387,53.43,53.477,53.544,53.628,53.702,53.776,53.866,53.939,54.063,54.228,54.425,54.705,55.421
1009,@TPP,48.63,49.854,50.105,50.263,50.385,50.512,50.615,50.683,50.784,50.869,50.924,50.973,51.032,51.072,51.133,51.171,51.207,51.245,51.28,51.316,51.361,51.398,51.426,51.46,51.498,51.54,51.568,51.6,51.626,51.658,51.687,51.716,51.742,51.769,51.803,51.834,51.863,51.899,51.926,51.949,51.974,52.001,52.039,52.067,52.093,52.124,52.152,52.173,52.194,52.211,52.24,52.267,52.301,52.319,52.345,52.375,52.415,52.436,52.458,52.482,52.501,52.53,52.551,52.578,52.608,52.641,52.662,52.694,52.723,52.751,52.778,52.813,52.835,52.868,52.898,52.93,52.964,52.995,53.025,53.069,53.101,53.139,53.177,53.212,53.246,53.295,53.336,53.387,53.43,53.477,53.544,53.628,53.702,53.776,53.866,53.939,54.063,54.228,54.425,54.705,55.421
1010,@TPP,48.527,49.727,49.999,50.182,50.314,50.442,50.549,50.655,50.724,50.787,50.852,50.902,50.971,51.037,51.081,51.136,51.183,51.218,51.259,51.295,51.334,51.36,51.402,51.433,51.46,51.482,51.521,51.558,51.582,51.613,51.642,51.673,51.703,51.718,51.741,51.77,51.807,51.83,51.855,51.889,51.922,51.946,51.981,52.004,52.029,52.052,52.079,52.108,52.133,52.161,52.182,52.217,52.25,52.282,52.314,52.34,52.362,52.381,52.409,52.437,52.46,52.48,52.507,52.532,52.567,52.599,52.631,52.656,52.685,52.721,52.755,52.784,52.811,52.848,52.883,52.918,52.953,52.988,53.02,53.055,53.093,53.121,53.153,53.211,53.254,53.301,53.353,53.41,53.466,53.505,53.559,53.633,53.712,53.786,53.853,53.955,54.081,54.255,54.461,54.747,55.484
1011,@TPP,48.527,49.727,49.999,50.182,50.314,50.442,50.549,50.655,50.724,50.787,50.852,50.902,50.971,51.037,51.081,51.136,51.183,51.218,51.259,51.295,51.334,51.36,51.402,51.433,51.46,51.482,51.521,51.558,51.582,51.613,51.642,51.673,51.703,51.718,51.741,51.77,51.807,51.83,51.855,51.889,51.922,51.946,51.981,52.004,52.029,52.052,52.079,52.108,52.133,52.161,52.182,52.217,52.25,52.282,52.314,52.34,52.362,52.381,52.409,52.437,52.46,52.48,52.507,52.532,52.567,52.599,52.631,52.656,52.685,52.721,52.755,52.784,52.811,52.848,52.883,52.918,52.953,52.988,53.02,53.055,53.093,53.121,53.153,53.211,53.254,53.301,53.353,53.41,53.466,53.505,53.559,53.633,53.712,53.786,53.853,53.955,54.081,54.255,54.461,54.747,55.484
1012,@TPP,48.333,49.653,49.908,50.099,50.273,50.385,50.512,50.595,50.674,50.742,50.786,50.836,50.895,50.956,51.015,51.053,51.101,51.139,51.183,51.219,51.262,51.296,51.332,51.364,51.399,51.434,51.465,51.492,51.524,51.552,51.582,51.62,51.641,51.672,51.698,51.72,51.756,51.803,51.829,51.856,51.879,51.913,51.942,51.969,52.0,52.026,52.055,52.078,52.11,52.133,52.164,52.189,52.219,52.244,52.273,52.298,52.326,52.348,52.372,52.394,52.42,52.447,52.471,52.508,52.528,52.555,52.583,52.62,52.649,52.676,52.711,52.742,52.775,52.805,52.848,52.881,52.927,52.961,52.989,53.031,53.058,53.1,53.139,53.185,53.224,53.276,53.325,53.377,53.454,53.514,53.569,53.637,53.711,53.811,53.89,54.001,54.112,54.202,54.461,54.724,55.346
1013,@TPP,48.333,49.653,49.908,50.099,50.273,50.385,50.512,50.595,50.674,50.742,50.786,50.836,50.895,50.956,51.015,51.053,51.101,51.139,51.183,51.219,51.262,51.296,51.332,51.364,51.399,51.434,51.465,51.492,51.524,51.552,51.582,51.62,51.641,51.672,51.698,51.72,51.756,51.803,51.829,51.856,51.879,51.913,51.942,51.969,52.0,52.026,52.055,52.078,52.11,52.133,52.164,52.189,52.219,52.244,52.273,52.298,52.326,52.348,52.372,52.394,52.42,52.447,52.471,52.508,52.528,52.555,52.583,52.62,52.649,52.676,52.711,52.742,52.775,52.805,52.848,52.881,52.927,52.961,52.989,53.031,53.058,53.1,53.139,53.185,53.224,53.276,53.325,53.377,53.454,53.514,53.569,53.637,53.711,53.811,53.89,54.001,54.112,54.202,54.461,54.724,55.346
1014,@TPP,48.237,49.474,49.781,50.043,50.219,50.322,50.42,50.504,50.592,50.658,50.696,50.75,50.802,50.871,50.925,50.98,51.02,51.057,51.105,51.148,51.198,51.23,51.276,51.312,51.346,51.385,51.415,51.446,51.495,51.529,51.557,51.58,51.603,51.643,51.67,51.695,51.737,51.783,51.803,51.829,51.853,51.883,51.922,51.951,51.975,52.007,52.034,52.06,52.083,52.106,52.132,52.158,52.18,52.204,52.233,52.26,52.281,52.318,52.341,52.362,52.395,52.419,52.451,52.481,52.501,52.529,52.564,52.59,52.625,52.662,52.693,52.723,52.774,52.805,52.839,52.866,52.893,52.922,52.972,53.016,53.061,53.094,53.141,53.201,53.244,53.294,53.347,53.41,53.464,53.504,53.545,53.612,53.676,53.761,53.855,53.953,54.087,54.237,54.43,54.761,55.369
1015,@TPP,48.237,49.474,49.781,50.043,50.219,50.322,50.42,50.504,50.592,50.658,50.696,50.75,50.802,50.871,50.925,50.98,51.02,51.057,51.105,51.148,51.198,51.23,51.276,51.312,51.346,51.385,51.415,51.446,51.495,51.529,51.557,51.58,51.603,51.643,51.67,51.695,51.737,51.783,51.803,51.829,51.853,51.883,51.922,51.951,51.975,52.007,52.034,52.06,52.083,52.106,52.132,52.158,52.18,52.204,52.233,52.26,52.281,52.318,52.341,52.362,52.395,52.419,52.451,52.481,52.501,52.529,52.564,52.59,52.625,52.662,52.693,52.723,52.774,52.805,52.839,52.866,52.893,52.922,52.972,53.016,53.061,53.094,53.141,53.201,53.244,53.294,53.347,53.41,53.464,53.504,53.545,53.612,53.676,53.761,53.855,53.953,54.087,54.237,54.43,54.761,55.369
1016,@TPP,48.405,49.5,49.792,50.046,50.183,50.28,50.387,50.476,50.567,50.641,50.688,50.744,50.805,50.853,50.898,50.956,51.001,51.051,51.088,51.124,51.163,51.203,51.244,51.285,51.308,51.348,51.394,51.42,51.46,51.493,51.516,51.546,51.581,51.605,51.647,51.682,51.715,51.741,51.769,51.794,51.821,51.85,51.875,51.893,51.921,51.947,51.986,52.011,52.033,52.058,52.079,52.113,52.135,52.155,52.181,52.213,52.251,52.276,52.298,52.339,52.362,52.393,52.427,52.46,52.49,52.513,52.543,52.579,52.62,52.651,52.698,52.732,52.768,52.799,52.841,52.871,52.9,52.941,52.983,53.018,53.062,53.101,53.126,53.162,53.201,53.245,53.268,53.318,53.368,53.445,53.533,53.594,53.66,53.729,53.826,53.911,54.046,54.213,54.386,54.62,55.482
1017,@TPP,48.405,49.5,49.792,50.046,50.183,50.28,50.387,50.476,50.567,50.641,50.688,50.744,50.805,50.853,50.898,50.956,51.001,51.051,51.088,51.124,51.163,51.203,51.244,51.285,51.308,51.348,51.394,51.42,51.46,51.493,51.516,51.546,51.581,51.605,51.647,51.682,51.715,51.741,51.769,51.794,51.821,51.85,51.875,51.893,51.921,51.947,51.986,52.011,52.033,52.058,52.079,52.113,52.135,52.155,52.181,52.213,52.251,52.276,52.298,52.339,52.362,52.393,52.427,52.46,52.49,52.513,52.543,52.579,52.62,52.651,52.698,52.732,52.768,52.799,52.841,52.871,52.9,52.941,52.983,53.018,53.062,53.101,53.126,53.162,53.201,53.245,53.268,53.318,53.368,53.445,53.533,53.594,53.66,53.729,53.826,53.911,54.046,54.213,54.386,54.62,55.482
1018,@TPP,48.503,49.461,49.778,50.004,50.14,50.23,50.345,50.41,50.476,50.52,50.6,50.67,50.735,50.784,50.843,50.896,50.945,50.979,51.028,51.072,51.113,51.156,51.195,51.231,51.263,51.3,51.341,51.373,51.409,51.443,51.479,51.517,51.549,51.574,51.6,51.63,51.657,51.677,51.707,51.736,51.757,51.788,51.808,51.847,51.871,51.897,51.929,51.96,51.986,52.009,52.036,52.072,52.099,52.13,52.151,52.179,52.202,52.229,52.256,52.285,52.314,52.342,52.366,52.391,52.431,52.455,52.482,52.51,52.553,52.587,52.627,52.653,52.693,52.72,52.762,52.799,52.837,52.869,52.91,52.939,52.982,53.022,53.06,53.108,53.153,53.199,53.248,53.295,53.355,53.409,53.475,53.551,53.636,53.74,53.823,53.924,54.014,54.144,54.363,54.625,55.496
1019,@TPP,48.503,49.461,49.778,50.004,50.14,50.23,50.345,50.41,50.476,50.52,50.6,50.67,50.735,50.784,50.843,50.896,50.945,50.979,51.028,51.072,51.113,51.156,51.195,51.231,51.263,51.3,51.341,51.373,51.409,51.443,51.479,51.517,51.549,51.574,51.6,51.63,51.657,51.677,51.707,51.736,51.757,51.788,51.808,51.847,51.871,51.897,51.929,51.96,51.986,52.009,52.036,52.072,52.099,52.13,52.151,52.179,52.202,52.229,52.256,52.285,52.314,52.342,52.366,52.391,52.431,52.455,52.482,52.51,52.553,52.587,52.627,52.653,52.693,52.72,52.762,52.799,52.837,52.869,52.91,52.939,52.982,53.022,53.06,53.108,53.153,53.199,53.248,53.295,53.355,53.409,53.475,53.551,53.636,53.74,53.823,53.924,54.014,54.144,54.363,54.625,55.496
1020,@TPP,48.559,49.454,49.698,49.917,50.116,50.198,50.31,50.396,50.453,50.51,50.568,50.636,50.682,50.73,50.792,50.842,50.882,50.93,50.971,51.008,51.053,51.096,51.126,51.159,51.211,51.246,51.298,51.327,51.36,51.395,51.434,51.466,51.493,51.528,51.567,51.594,51.618,51.65,51.686,51.707,51.738,51.759,51.78,51.809,51.842,51.866,51.894,51.92,51.946,51.97,51.996,52.016,52.05,52.073,52.1,52.129,52.155,52.174,52.214,52.246,52.272,52.303,52.327,52.353,52.38,52.414,52.445,52.477,52.516,52.541,52.573,52.597,52.637,52.67,52.715,52.742,52.792,52.836,52.864,52.906,52.947,52.989,53.035,53.073,53.107,53.172,53.223,53.265,53.31,53.37,53.445,53.496,53.588,53.667,53.787,53.89,54.003,54.172,54.333,54.653,55.266
1021,@TPP,48.559,49.454,49.698,49.917,50.116,50.198,50.31,50.396,50.453,50.51,50.568,50.636,50.682,50.73,50.792,50.842,50.882,50.93,50.971,51.008,51.053,51.096,51.126,51.159,51.211,51.246,51.298,51.327,51.36,51.395,51.434,51.466,51.493,51.528,51.567,51.594,51.618,51.65,51.686,51.707,51.738,51.759,51.78,51.809,51.842,51.866,51.894,51.92,51.946,51.97,51.996,52.016,52.05,52.073,52.1,52.129,52.155,52.174,52.214,52.246,52.272,52.303,52.327,52.353,52.38,52.414,52.445,52.477,52.516,52.541,52.573,52.597,52.637,52.67,52.715,52.742,52.792,52.836,52.864,52.906,52.947,52.989,53.035,53.073,53.107,53.172,53.223,53.265,53.31,53.37,53.445,53.496,53.588,53.667,53.787,53.89,54.003,54.172,54.333,54.653,55.266
1022,@TPP,48.571,49.447,49.727,49.905,50.043,50.152,50.24,50.335,50.422,50.501,50.559,50.605,50.676,50.723,50.762,50.825,50.86,50.891,50.949,50.978,51.019,51.057,51.093,51.126,51.168,51.207,51.244,51.275,51.315,51.342,51.376,51.412,51.438,51.475,51.509,51.54,51.57,51.599,51.625,51.656,51.68,51.704,51.729,51.756,51.786,51.811,51.844,51.874,51.904,51.934,51.971,52.0,52.022,52.049,52.073,52.099,52.125,52.162,52.185,52.213,52.24,52.275,52.305,52.332,52.367,52.401,52.428,52.448,52.48,52.513,52.534,52.562,52.603,52.641,52.674,52.71,52.744,52.774,52.812,52.861,52.914,52.96,53.002,53.047,53.105,53.139,53.182,53.237,53.289,53.338,53.395,53.461,53.535,53.631,53.725,53.827,53.966,54.084,54.299,54.666,55.231
1023,@TPP,48.571,49.447,49.727,49.905,50.043,50.152,50.24,50.335,50.422,50.501,50.559,50.605,50.676,50.723,50.762,50.825,50.86,50.891,50.949,50.978,51.019,51.057,51.093,51.126,51.168,51.207,51.244,51.275,51.315,51.342,51.376,51.412,51.438,51.475,51.509,51.54,51.57,51.599,51.625,51.656,51.68,51.704,51.729,51.756,51.786,51.811,51.844,51.874,51.904,51.934,51.971,52.0,52.022,52.049,52.073,52.099,52.125,52.162,52.185,52.213,52.24,52.275,52.305,52.332,52.367,52.401,52.428,52.448,52.48,52.513,52.534,52.562,52.603,52.641,52.674,52.71,52.744,52.774,52.812,52.861,52.914,52.96,53.002,53.047,53.105,53.139,53.182,53.237,53.289,53.338,53.395,53.461,53.535,53.631,53.725,53.827,53.966,54.084,54.299,54.666,55.231
1024,@TPP,48.619,49.373,49.683,49.857,49.987,50.111,50.214,50.313,50.396,50.467,50.538,50.605,50.674,50.717,50.763,50.808,50.845,50.893,50.947,50.979,51.009,51.038,51.076,51.105,51.135,51.175,51.216,51.239,51.272,51.309,51.351,51.382,51.412,51.438,51.468,51.499,51.531,51.563,51.598,51.621,51.648,51.672,51.699,51.74,51.772,51.795,51.825,51.855,51.877,51.901,51.922,51.958,51.985,52.005,52.032,52.066,52.091,52.117,52.143,52.175,52.204,52.234,52.264,52.295,52.325,52.361,52.391,52.418,52.446,52.471,52.498,52.526,52.559,52.597,52.639,52.681,52.716,52.759,52.799,52.833,52.875,52.918,52.966,53.007,53.044,53.102,53.161,53.22,53.258,53.322,53.385,53.444,53.541,53.624,53.742,53.832,53.932,54.07,54.257,54.533,55.197
1025,@TPP,48.619,49.373,49.683,49.857,49.987,50.111,50.214,50.313,50.396,50.467,50.538,50.605,50.674,50.717,50.763,50.808,50.845,50.893,50.947,50.979,51.009,51.038,51.076,51.105,51.135,51.175,51.216,51.239,51.272,51.309,51.351,51.382,51.412,51.438,51.468,51.499,51.531,51.563,51.598,51.621,51.648,51.672,51.699,51.74,51.772,51.795,51.825,51.855,51.877,51.901,51.922,51.958,51.985,52.005,52.032,52.066,52.091,52.117,52.143,52.175,52.204,52.234,52.264,52.295,52.325,52.361,52.391,52.418,52.446,52.471,52.498,52.526,52.559,52.597,52.639,52.681,52.716,52.759,52.799,52.833,52.875,52.918,52.966,53.007,53.044,53.102,53.161,53.22,53.258,53.322,53.385,53.444,53.541,53.624,53.742,53.832,53.932,54.07,54.257,54.533,55.197
1026,@TPP,48.597,49.337,49.667,49.825,49.975,50.104,50.197,50.311,50.403,50.458,50.523,50.571,50.628,50.683,50.742,50.792,50.833,50.883,50.922,50.97,51.003,51.035,51.069,51.103,51.15,51.18,51.211,51.241,51.281,51.309,51.336,51.373,51.401,51.431,51.459,51.485,51.514,51.545,51.578,51.607,51.63,51.657,51.686,51.716,51.739,51.761,51.783,51.811,51.831,51.867,51.902,51.924,51.957,51.981,52.01,52.038,52.064,52.104,52.143,52.165,52.188,52.205,52.229,52.265,52.297,52.326,52.348,52.373,52.411,52.442,52.467,52.499,52.537,52.568,52.607,52.635,52.664,52.69,52.736,52.765,52.801,52.849,52.893,52.96,53.011,53.068,53.12,53.182,53.235,53.292,53.35,53.434,53.526,53.611,53.702,53.791,53.898,54.047,54.237,54.507,55.391
1027,@TPP,48.597,49.337,49.667,49.825,49.975,50.104,50.197,50.311,50.403,50.458,50.523,50.571,50.628,50.683,50.742,50.792,50.833,50.883,50.922,50.97,51.003,51.035,51.069,51.103,51.15,51.18,51.211,51.241,51.281,51.309,51.336,51.373,51.401,51.431,51.459,51.485,51.514,51.545,51.578,51.607,51.63,51.657,51.686,51.716,51.739,51.761,51.783,51.811,51.831,51.867,51.902,51.924,51.957,51.981,52.01,52.038,52.064,52.104,52.143,52.165,52.188,52.205,52.229,52.265,52.297,52.326,52.348,52.373,52.411,52.442,52.467,52.499,52.537,52.568,52.607,52.635,52.664,52.69,52.736,52.765,52.801,52.849,52.893,52.96,53.011,53.068,53.12,53.182,53.235,53.292,53.35,53.434,53.526,53.611,53.702,53.791,53.898,54.047,54.237,54.507,55.391
1028,@TPP,48.406,49.351,49.628,49.844,49.992,50.092,50.164,50.228,50.304,50.389,50.47,50.521,50.588,50.646,50.703,50.759,50.799,50.841,50.886,50.931,50.962,51.0,51.026,51.079,51.111,51.14,51.184,51.221,51.261,51.284,51.309,51.344,51.379,51.413,51.445,51.473,51.494,51.514,51.542,51.568,51.595,51.617,51.651,51.672,51.697,51.727,51.745,51.773,51.796,51.82,51.841,51.876,51.909,51.929,51.955,51.986,52.013,52.039,52.074,52.098,52.123,52.152,52.176,52.207,52.247,52.274,52.303,52.342,52.37,52.401,52.426,52.46,52.493,52.526,52.56,52.593,52.63,52.68,52.724,52.75,52.786,52.823,52.865,52.912,52.965,53.021,53.065,53.136,53.196,53.257,53.324,53.371,53.439,53.533,53.608,53.689,53.819,53.968,54.197,54.604,55.302
1029,@TPP,48.406,49.351,49.628,49.844,49.992,50.092,50.164,50.228,50.304,50.389,50.47,50.521,50.588,50.646,50.703,50.759,50.799,50.841,50.886,50.931,50.962,51.0,51.026,51.079,51.111,51.14,51.184,51.221,51.261,51.284,51.309,51.344,51.379,51.413,51.445,51.473,51.494,51.514,51.542,51.568,51.595,51.617,51.651,51.672,51.697,51.727,51.745,51.773,51.796,51.82,51.841,51.876,51.909,51.929,51.955,51.986,52.013,52.039,52.074,52.098,52.123,52.152,52.176,52.207,52.247,52.274,52.303,52.342,52.37,52.401,52.426,52.46,52.493,52.526,52.56,52.593,52.63,52.68,52.724,52.75,52.786,52.823,52.865,52.912,52.965,53.021,53.065,53.136,53.196,53.257,53.324,53.371,53.439,53.533,53.608,53.689,53.819,53.968,54.197,54.604,55.302
1030,@TPP,48.457,49.212,49.558,49.776,49.932,50.063,50.156,50.23,50.289,50.372,50.421,50.487,50.538,50.604,50.652,50.701,50.747,50.802,50.844,50.891,50.944,50.984,51.023,51.051,51.09,51.11,51.145,51.187,51.217,51.248,51.278,51.302,51.324,51.36,51.387,51.41,51.439,51.461,51.498,51.517,51.541,51.568,51.605,51.638,51.662,51.697,51.725,51.758,51.787,51.809,51.828,51.854,51.882,51.909,51.931,51.954,51.978,52.017,52.038,52.067,52.097,52.126,52.152,52.172,52.2,52.233,52.262,52.293,52.318,52.35,52.383,52.418,52.449,52.477,52.514,52.554,52.593,52.633,52.667,52.721,52.762,52.791,52.83,52.88,52.907,52.961,52.998,53.039,53.098,53.168,53.217,53.283,53.382,53.455,53.581,53.666,53.773,53.927,54.102,54.406,55.15
1031,@TPP,48.457,49.212,49.558,49.776,49.932,50.063,50.156,50.23,50.289,50.372,50.421,50.487,50.538,50.604,50.652,50.701,50.747,50.802,50.844,50.891,50.944,50.984,51.023,51.051,51.09,51.11,51.145,51.187,51.217,51.248,51.278,51.302,51.324,51.36,51.387,51.41,51.439,51.461,51.498,51.517,51.541,51.568,51.605,51.638,51.662,51.697,51.725,51.758,51.787,51.809,51.828,51.854,51.882,51.909,51.931,51.954,51.978,52.017,52.038,52.067,52.097,52.126,52.152,52.172,52.2,52.233,52.262,52.293,52.318,52.35,52.383,52.418,52.449,52.477,52.514,52.554,52.593,52.633,52.667,52.721,52.762,52.791,52.83,52.88,52.907,52.961,52.998,53.039,53.098,53.168,53.217,53.283,53.382,53.455,53.581,53.666,53.773,53.927,54.102,54.406,55.15
1032,@TPP,48.618,49.341,49.562,49.76,49.92,50.033,50.095,50.195,50.279,50.347,50.427,50.476,50.551,50.592,50.63,50.68,50.73,50.776,50.817,50.856,50.892,50.924,50.964,51.004,51.037,51.072,51.103,51.129,51.156,51.183,51.218,51.253,51.282,51.318,51.349,51.378,51.407,51.436,51.472,51.497,51.524,51.553,51.586,51.615,51.64,51.673,51.698,51.726,51.753,51.776,51.792,51.82,51.842,51.869,51.889,51.915,51.956,51.98,52.014,52.042,52.067,52.087,52.114,52.146,52.175,52.202,52.228,52.266,52.286,52.312,52.345,52.38,52.409,52.441,52.479,52.51,52.546,52.581,52.632,52.676,52.718,52.763,52.809,52.85,52.887,52.927,52.972,53.02,53.073,53.132,53.189,53.241,53.337,53.403,53.489,53.609,53.737,53.883,54.041,54.415,55.465
1033,@TPP,48.618,49.341,49.562,49.76,49.92,50.033,50.095,50.195,50.279,50.347,50.427,50.476,50.551,50.592,50.63,50.68,50.73,50.776,50.817,50.856,50.892,50.924,50.964,51.004,51.037,51.072,51.103,51.129,51.156,51.183,51.218,51.253,51.282,51.318,51.349,51.378,51.407,51.436,51.472,51.497,51.524,51.553,51.586,51.615,51.64,51.673,51.698,51.726,51.753,51.776,51.792,51.82,51.842,51.869,51.889,51.915,51.956,51.98,52.014,52.042,52.067,52.087,52.114,52.146,52.175,52.202,52.228,52.266,52.286,52.312,52.345,52.38,52.409,52.441,52.479,52.51,52.546,52.581,52.632,52.676,52.718,52.763,52.809,52.85,52.887,52.927,52.972,53.02,53.073,53.132,53.189,53.241,53.337,53.403,53.489,53.609,53.737,53.883,54.041,54.415,55.465
1034,@TPP,48.586,49.327,49.642,49.8,49.93,50.031,50.119,50.198,50.271,50.329,50.391,50.47,50.52,50.572,50.617,50.663,50.722,50.746,50.787,50.824,50.873,50.905,50.937,50.971,51.011,51.042,51.074,51.1,51.127,51.168,51.199,51.232,51.264,51.295,51.33,51.357,51.384,51.41,51.437,51.465,51.489,51.505,51.539,51.568,51.595,51.626,51.655,51.68,51.699,51.736,51.772,51.796,51.816,51.84,51.868,51.894,51.912,51.93,51.961,51.996,52.019,52.052,52.076,52.103,52.124,52.161,52.203,52.228,52.255,52.286,52.321,52.341,52.378,52.401,52.429,52.464,52.493,52.523,52.565,52.6,52.642,52.679,52.719,52.769,52.808,52.848,52.91,52.955,53.019,53.069,53.141,53.221,53.283,53.34,53.426,53.533,53.654,53.814,54.061,54.278,55.289
1035,@TPP,48.586,49.327,49.642,49.8,49.93,50.031,50.119,50.198,50.271,50.329,50.391,50.47,50.52,50.572,50.617,50.663,50.722,50.746,50.787,50.824,50.873,50.905,50.937,50.971,51.011,51.042,51.074,51.1,51.127,51.168,51.199,51.232,51.264,51.295,51.33,51.357,51.384,51.41,51.437,51.465,51.489,51.505,51.539,51.568,51.595,51.626,51.655,51.68,51.699,51.736,51.772,51.796,51.816,51.84,51.868,51.894,51.912,51.93,51.961,51.996,52.019,52.052,52.076,52.103,52.124,52.161,52.203,52.228,52.255,52.286,52.321,52.341,52.378,52.401,52.429,52.464,52.493,52.523,52.565,52.6,52.642,52.679,52.719,52.769,52.808,52.848,52.91,52.955,53.019,53.069,53.141,53.221,53.283,53.34,53.426,53.533,53.654,53.814,54.061,54.278,55.289
1036,@TPP,48.621,49.316,49.595,49.773,49.909,50.002,50.132,50.223,50.298,50.374,50.432,50.487,50.536,50.577,50.619,50.648,50.692,50.732,50.79,50.828,50.862,50.897,50.937,50.971,51.003,51.039,51.072,51.1,51.142,51.169,51.195,51.223,51.253,51.276,51.307,51.333,51.365,51.389,51.423,51.451,51.481,51.516,51.534,51.56,51.602,51.625,51.649,51.686,51.719,51.746,51.77,51.8,51.831,51.858,51.883,51.911,51.937,51.961,51.994,52.012,52.04,52.068,52.099,52.129,52.154,52.182,52.211,52.251,52.281,52.308,52.347,52.374,52.407,52.437,52.467,52.507,52.547,52.583,52.625,52.668,52.705,52.747,52.78,52.82,52.878,52.922,52.971,53.021,53.056,53.119,53.181,53.239,53.294,53.374,53.457,53.538,53.672,53.829,54.022,54.316,55.189
1037,@TPP,48.621,49.316,49.595,49.773,49.909,50.002,50.132,50.223,50.298,50.374,50.432,50.487,50.536,50.577,50.619,50.648,50.692,50.732,50.79,50.828,50.862,50.897,50.937,50.971,51.003,51.039,51.072,51.1,51.142,51.169,51.195,51.223,51.253,51.276,51.307,51.333,51.365,51.389,51.423,51.451,51.481,51.516,51.534,51.56,51.602,51.625,51.649,51.686,51.719,51.746,51.77,51.8,51.831,51.858,51.883,51.911,51.937,51.961,51.994,52.012,52.04,52.068,52.099,52.129,52.154,52.182,52.211,52.251,52.281,52.308,52.347,52.374,52.407,52.437,52.467,52.507,52.547,52.583,52.625,52.668,52.705,52.747,52.78,52.82,52.878,52.922,52.971,53.021,53.056,53.119,53.181,53.239,53.294,53.374,53.457,53.538,53.672,53.829,54.022,54.316,55.189
1038,@TPP,48.365,49.302,49.566,49.718,49.865,50.02,50.119,50.179,50.26,50.333,50.383,50.448,50.517,50.562,50.617,50.671,50.724,50.762,50.806,50.847,50.881,50.918,50.957,50.989,51.018,51.051,51.08,51.124,51.153,51.182,51.218,51.247,51.273,51.296,51.325,51.354,51.381,51.412,51.435,51.463,51.487,51.518,51.55,51.582,51.617,51.644,51.669,51.691,51.715,51.74,51.768,51.8,51.831,51.854,51.884,51.906,51.937,51.979,52.02,52.048,52.067,52.085,52.113,52.148,52.182,52.215,52.243,52.271,52.301,52.334,52.364,52.387,52.433,52.484,52.516,52.547,52.584,52.631,52.656,52.697,52.732,52.769,52.814,52.863,52.893,52.942,52.998,53.042,53.099,53.15,53.197,53.27,53.338,53.42,53.493,53.577,53.7,53.901,54.093,54.363,55.32
1039,@TPP,48.365,49.302,49.566,49.718,49.865,50.02,50.119,50.179,50.26,50.333,50.383,50.448,50.517,50.562,50.617,50.671,50.724,50.762,50.806,50.847,50.881,50.918,50.957,50.989,51.018,51.051,51.08,51.124,51.153,51.182,51.218,51.247,51.273,51.296,51.325,51.354,51.381,51.412,51.435,51.463,51.487,51.518,51.55,51.582,51.617,51.644,51.669,51.691,51.715,51.74,51.768,51.8,51.831,51.854,51.884,51.906,51.937,51.979,52.02,52.048,52.067,52.085,52.113,52.148,52.182,52.215,52.243,52.271,52.301,52.334,52.364,52.387,52.433,52.484,52.516,52.547,52.584,52.631,52.656,52.697,52.732,52.769,52.814,52.863,52.893,52.942,52.998,53.042,53.099,53.15,53.197,53.27,53.338,53.42,53.493,53.577,53.7,53.901,54.093,54.363,55.32
1040,@TPP,48.453,49.281,49.622,49.761,49.904,50.022,50.114,50.184,50.278,50.34,50.403,50.466,50.512,50.587,50.643,50.679,50.727,50.759,50.812,50.862,50.898,50.929,50.972,51.009,51.039,51.073,51.101,51.134,51.168,51.204,51.239,51.281,51.312,51.345,51.381,51.407,51.43,51.462,51.483,51.509,51.535,51.569,51.592,51.63,51.663,51.694,51.718,51.745,51.775,51.798,51.821,51.839,51.865,51.891,51.914,51.941,51.965,51.992,52.019,52.055,52.086,52.114,52.139,52.163,52.185,52.217,52.258,52.298,52.33,52.369,52.402,52.431,52.466,52.497,52.536,52.569,52.6,52.634,52.682,52.724,52.766,52.8,52.843,52.896,52.953,52.985,53.019,53.073,53.114,53.165,53.221,53.276,53.378,53.457,53.534,53.629,53.764,53.907,54.109,54.431,55.138
1041,@TPP,48.453,49.281,49.622,49.761,49.904,50.022,50.114,50.184,50.278,50.34,50.403,50.466,50.512,50.587,50.643,50.679,50.727,50.759,50.812,50.862,50.898,50.929,50.972,51.009,51.039,51.073,51.101,51.134,51.168,51.204,51.239,51.281,51.312,51.345,51.381,51.407,51.43,51.462,51.483,51.509,51.535,51.569,51.592,51.63,51.663,51.694,51.718,51.745,51.775,51.798,51.821,51.839,51.865,51.891,51.914,51.941,51.965,51.992,52.019,52.055,52.086,52.114,52.139,52.163,52.185,52.217,52.258,52.298,52.33,52.369,52.402,52.431,52.466,52.497,52.536,52.569,52.6,52.634,52.682,52.724,52.766,52.8,52.843,52.896,52.953,52.985,53.019,53.073,53.114,53.165,53.221,53.276,53.378,53.457,53.534,53.629,53.764,53.907,54.109,54.431,55.138
1042,@TPP,48.245,49.315,49.6,49.778,49.911,50.037,50.152,50.259,50.315,50.385,50.43,50.496,50.569,50.617,50.662,50.71,50.751,50.798,50.831,50.859,50.91,50.964,51.003,51.035,51.068,51.095,51.132,51.159,51.19,51.224,51.257,51.287,51.321,51.35,51.381,51.414,51.444,51.471,51.501,51.53,51.558,51.58,51.613,51.638,51.66,51.696,51.728,51.756,51.779,51.8,51.829,51.858,51.88,51.9,51.924,51.953,51.983,52.016,52.042,52.076,52.105,52.143,52.177,52.205,52.246,52.274,52.306,52.34,52.373,52.4,52.423,52.458,52.495,52.526,52.554,52.588,52.628,52.657,52.691,52.733,52.773,52.822,52.871,52.921,52.956,52.999,53.067,53.109,53.16,53.234,53.303,53.373,53.435,53.519,53.601,53.695,53.813,53.934,54.133,54.416,55.219
1043,@TPP,48.245,49.315,49.6,49.778,49.911,50.037,50.152,50.259,50.315,50.385,50.43,50.496,50.569,50.617,50.662,50.71,50.751,50.798,50.831,50.859,50.91,50.964,51.003,51.035,51.068,51.095,51.132,51.159,51.19,51.224,51.257,51.287,51.321,51.35,51.381,51.414,51.444,51.471,51.501,51.53,51.558,51.58,51.613,51.638,51.66,51.696,51.728,51.756,51.779,51.8,51.829,51.858,51.88,51.9,51.924,51.953,51.983,52.016,52.042,52.076,52.105,52.143,52.177,52.205,52.246,52.274,52.306,52.34,52.373,52.4,52.423,52.458,52.495,52.526,52.554,52.588,52.628,52.657,52.691,52.733,52.773,52.822,52.871,52.921,52.956,52.999,53.067,53.109,53.16,53.234,53.303,53.373,53.435,53.519,53.601,53.695,53.813,53.934,54.133,54.416,55.219
1044,@TPP,48.458,49.272,49.616,49.777,49.913,50.06,50.165,50.251,50.335,50.409,50.473,50.526,50.577,50.628,50.686,50.73,50.767,50.812,50.856,50.901,50.949,50.999,51.034,51.072,51.106,51.136,51.168,51.206,51.239,51.265,51.288,51.317,51.353,51.377,51.406,51.435,51.473,51.517,51.542,51.569,51.594,51.619,51.646,51.673,51.701,51.727,51.756,51.782,51.814,51.834,51.863,51.897,51.916,51.942,51.969,51.997,52.024,52.05,52.073,52.104,52.14,52.176,52.216,52.238,52.26,52.289,52.314,52.359,52.393,52.425,52.46,52.485,52.516,52.551,52.581,52.612,52.647,52.678,52.722,52.765,52.806,52.835,52.884,52.932,52.971,53.025,53.071,53.12,53.212,53.278,53.318,53.382,53.449,53.521,53.617,53.714,53.824,53.948,54.087,54.432,55.354
1045,@TPP,48.458,49.272,49.616,49.777,49.913,50.06,50.165,50.251,50.335,50.409,50.473,50.526,50.577,50.628,50.686,50.73,50.767,50.812,50.856,50.901,50.949,50.999,51.034,51.072,51.106,51.136,51.168,51.206,51.239,51.265,51.288,51.317,51.353,51.377,51.406,51.435,51.473,51.517,51.542,51.569,51.594,51.619,51.646,51.673,51.701,51.727,51.756,51.782,51.814,51.834,51.863,51.897,51.916,51.942,51.969,51.997,52.024,52.05,52.073,52.104,52.14,52.176,52.216,52.238,52.26,52.289,52.314,52.359,52.393,52.425,52.46,52.485,52.516,52.551,52.581,52.612,52.647,52.678,52.722,52.765,52.806,52.835,52.884,52.932,52.971,53.025,53.071,53.12,53.212,53.278,53.318,53.382,53.449,53.521,53.617,53.714,53.824,53.948,54.087,54.432,55.354
1046,@TPP,48.481,49.362,49.653,49.816,49.965,50.083,50.141,50.249,50.341,50.399,50.465,50.55,50.611,50.658,50.705,50.753,50.811,50.857,50.893,50.935,50.972,51.005,51.05,51.084,51.119,51.149,51.19,51.222,51.255,51.289,51.315,51.348,51.378,51.409,51.432,51.46,51.487,51.522,51.549,51.577,51.596,51.625,51.659,51.692,51.725,51.745,51.774,51.802,51.833,51.868,51.892,51.919,51.94,51.975,52.008,52.036,52.07,52.099,52.129,52.152,52.185,52.212,52.235,52.261,52.294,52.326,52.364,52.385,52.412,52.45,52.478,52.505,52.549,52.58,52.62,52.659,52.686,52.718,52.759,52.804,52.844,52.889,52.929,52.971,53.009,53.051,53.093,53.146,53.201,53.263,53.32,53.391,53.463,53.555,53.625,53.704,53.81,53.949,54.11,54.407,55.361
1047,@TPP,48.481,49.362,49.653,49.816,49.965,50.083,50.141,50.249,50.341,50.399,50.465,50.55,50.611,50.658,50.705,50.753,50.811,50.857,50.893,50.935,50.972,51.005,51.05,51.084,51.119,51.149,51.19,51.222,51.255,51.289,51.315,51.348,51.378,51.409,51.432,51.46,51.487,51.522,51.549,51.577,51.596,51.625,51.659,51.692,51.725,51.745,51.774,51.802,51.833,51.868,51.892,51.919,51.94,51.975,52.008,52.036,52.07,52.099,52.129,52.152,52.185,52.212,52.235,52.261,52.294,52.326,52.364,52.385,52.412,52.45,52.478,52.505,52.549,52.58,52.62,52.659,52.686,52.718,52.759,52.804,52.844,52.889,52.929,52.971,53.009,53.051,53.093,53.146,53.201,53.263,53.32,53.391,53.463,53.555,53.625,53.704,53.81,53.949,54.11,54.407,55.361
1048,@TPP,48.561,49.394,49.669,49.851,50.013,50.132,50.222,50.306,50.398,50.477,50.542,50.602,50.649,50.7,50.753,50.8,50.842,50.889,50.935,50.966,51.002,51.036,51.065,51.107,51.146,51.181,51.203,51.233,51.267,51.293,51.329,51.352,51.383,51.414,51.447,51.469,51.494,51.528,51.56,51.593,51.62,51.647,51.681,51.722,51.749,51.775,51.806,51.832,51.859,51.886,51.916,51.941,51.96,51.984,52.023,52.055,52.086,52.114,52.135,52.169,52.204,52.231,52.26,52.299,52.331,52.35,52.387,52.415,52.451,52.486,52.527,52.558,52.585,52.613,52.65,52.692,52.729,52.773,52.82,52.861,52.892,52.925,52.954,53.002,53.044,53.082,53.127,53.18,53.238,53.292,53.347,53.421,53.487,53.595,53.662,53.734,53.829,53.937,54.095,54.465,55.474
1049,@TPP,48.561,49.394,49.669,49.851,50.013,50.132,50.222,50.306,50.398,50.477,50.542,50.602,50.649,50.7,50.753,50.8,50.842,50.889,50.935,50.966,51.002,51.036,51.065,51.107,51.146,51.181,51.203,51.233,51.267,51.293,51.329,51.352,51.383,51.414,51.447,51.469,51.494,51.528,51.56,51.593,51.62,51.647,51.681,51.722,51.749,51.775,51.806,51.832,51.859,51.886,51.916,51.941,51.96,51.984,52.023,52.055,52.086,52.114,52.135,52.169,52.204,52.231,52.26,52.299,52.331,52.35,52.387,52.415,52.451,52.486,52.527,52.558,52.585,52.613,52.65,52.692,52.729,52.773,52.82,52.861,52.892,52.925,52.954,53.002,53.044,53.082,53.127,53.18,53.238,53.292,53.347,53.421,53.487,53.595,53.662,53.734,53.829,53.937,54.095,54.465,55.474
1050,@TPP,48.679,49.39,49.719,49.866,50.023,50.146,50.243,50.322,50.386,50.477,50.537,50.605,50.661,50.698,50.754,50.799,50.842,50.884,50.934,50.979,51.025,51.06,51.089,51.128,51.161,51.198,51.242,51.28,51.313,51.346,51.376,51.406,51.442,51.47,51.502,51.534,51.57,51.606,51.64,51.672,51.701,51.725,51.759,51.779,51.798,51.822,51.849,51.871,51.9,51.925,51.945,51.965,51.996,52.016,52.044,52.068,52.098,52.123,52.149,52.176,52.207,52.233,52.272,52.3,52.328,52.363,52.392,52.418,52.449,52.488,52.518,52.554,52.591,52.619,52.651,52.688,52.731,52.769,52.814,52.854,52.899,52.932,52.977,53.021,53.065,53.117,53.151,53.19,53.23,53.298,53.376,53.442,53.514,53.596,53.704,53.788,53.899,54.011,54.135,54.447,55.307
1051,@TPP,48.679,49.39,49.719,49.866,50.023,50.146,50.243,50.322,50.386,50.477,50.537,50.605,50.661,50.698,50.754,50.799,50.842,50.884,50.934,50.979,51.025,51.06,51.089,51.128,51.161,51.198,51.242,51.28,51.313,51.346,51.376,51.406,51.442,51.47,51.502,51.534,51.57,51.606,51.64,51.672,51.701,51.725,51.759,51.779,51.798,51.822,51.849,51.871,51.9,51.925,51.945,51.965,51.996,52.016,52.044,52.068,52.098,52.123,52.149,52.176,52.207,52.233,52.272,52.3,52.328,52.363,52.392,52.418,52.449,52.488,52.518,52.554,52.591,52.619,52.651,52.688,52.731,52.769,52.814,52.854,52.899,52.932,52.977,53.021,53.065,53.117,53.151,53.19,53.23,53.298,53.376,53.442,53.514,53.596,53.704,53.788,53.899,54.011,54.135,54.447,55.307
1052,@TPP,48.675,49.429,49.784,49.944,50.077,50.168,50.27,50.333,50.422,50.501,50.573,50.626,50.661,50.709,50.742,50.809,50.86,50.917,50.955,51.002,51.051,51.095,51.141,51.168,51.206,51.253,51.283,51.316,51.358,51.382,51.409,51.443,51.482,51.509,51.539,51.568,51.595,51.621,51.651,51.679,51.71,51.73,51.747,51.768,51.796,51.821,51.844,51.878,51.897,51.927,51.952,51.977,52.008,52.034,52.056,52.087,52.115,52.143,52.174,52.199,52.223,52.243,52.272,52.3,52.337,52.364,52.393,52.429,52.459,52.498,52.531,52.556,52.595,52.625,52.661,52.698,52.727,52.766,52.799,52.837,52.893,52.936,52.994,53.036,53.083,53.109,53.147,53.196,53.245,53.299,53.349,53.434,53.505,53.582,53.672,53.765,53.868,54.028,54.221,54.418,55.29
1053,@TPP,48.675,49.429,49.784,49.944,50.077,50.168,50.27,50.333,50.422,50.501,50.573,50.626,50.661,50.709,50.742,50.809,50.86,50.917,50.955,51.002,51.051,51.095,51.141,51.168,51.206,51.253,51.283,51.316,51.358,51.382,51.409,51.443,51.482,51.509,51.539,51.568,51.595,51.621,51.651,51.679,51.71,51.73,51.747,51.768,51.796,51.821,51.844,51.878,51.897,51.927,51.952,51.977,52.008,52.034,52.056,52.087,52.115,52.143,52.174,52.199,52.223,52.243,52.272,52.3,52.337,52.364,52.393,52.429,52.459,52.498,52.531,52.556,52.595,52.625,52.661,52.698,52.727,52.766,52.799,52.837,52.893,52.936,52.994,53.036,53.083,53.109,53.147,53.196,53.245,53.299,53.349,53.434,53.505,53.582,53.672,53.765,53.868,54.028,54.221,54.418,55.29
1054,@TPP,48.748,49.619,49.808,49.956,50.093,50.212,50.293,50.395,50.453,50.516,50.584,50.654,50.707,50.757,50.809,50.852,50.909,50.963,51.004,51.043,51.081,51.121,51.168,51.212,51.246,51.279,51.312,51.352,51.388,51.41,51.433,51.456,51.483,51.513,51.536,51.561,51.602,51.624,51.653,51.679,51.71,51.736,51.764,51.79,51.815,51.842,51.858,51.884,51.915,51.935,51.961,51.98,52.004,52.028,52.064,52.095,52.128,52.155,52.181,52.209,52.235,52.271,52.301,52.338,52.369,52.397,52.422,52.451,52.486,52.507,52.539,52.563,52.603,52.626,52.666,52.704,52.745,52.788,52.821,52.851,52.888,52.918,52.955,52.989,53.022,53.069,53.117,53.174,53.235,53.29,53.351,53.43,53.499,53.568,53.628,53.741,53.889,54.036,54.196,54.443,55.455
1055,@TPP,48.748,49.619,49.808,49.956,50.093,50.212,50.293,50.395,50.453,50.516,50.584,50.654,50.707,50.757,50.809,50.852,50.909,50.963,51.004,51.043,51.081,51.121,51.168,51.212,51.246,51.279,51.312,51.352,51.388,51.41,51.433,51.456,51.483,51.513,51.536,51.561,51.602,51.624,51.653,51.679,51.71,51.736,51.764,51.79,51.815,51.842,51.858,51.884,51.915,51.935,51.961,51.98,52.004,52.028,52.064,52.095,52.128,52.155,52.181,52.209,52.235,52.271,52.301,52.338,52.369,52.397,52.422,52.451,52.486,52.507,52.539,52.563,52.603,52.626,52.666,52.704,52.745,52.788,52.821,52.851,52.888,52.918,52.955,52.989,53.022,53.069,53.117,53.174,53.235,53.29,53.351,53.43,53.499,53.568,53.628,53.741,53.889,54.036,54.196,54.443,55.455
1056,@TPP,48.819,49.542,49.812,49.994,50.152,50.263,50.346,50.435,50.51,50.574,50.643,50.711,50.785,50.834,50.881,50.94,50.977,51.016,51.049,51.09,51.126,51.169,51.206,51.236,51.265,51.293,51.331,51.363,51.398,51.429,51.452,51.473,51.504,51.539,51.563,51.593,51.622,51.647,51.676,51.705,51.74,51.763,51.786,51.809,51.838,51.858,51.89,51.921,51.944,51.975,51.996,52.023,52.063,52.088,52.113,52.143,52.169,52.192,52.222,52.243,52.267,52.289,52.315,52.343,52.376,52.394,52.429,52.467,52.493,52.523,52.555,52.593,52.636,52.667,52.702,52.734,52.758,52.784,52.827,52.862,52.902,52.936,52.977,53.021,53.049,53.105,53.143,53.189,53.27,53.334,53.383,53.437,53.516,53.605,53.69,53.79,53.906,54.031,54.235,54.483,55.38
1057,@TPP,48.819,49.542,49.812,49.994,50.152,50.263,50.346,50.435,50.51,50.574,50.643,50.711,50.785,50.834,50.881,50.94,50.977,51.016,51.049,51.09,51.126,51.169,51.206,51.236,51.265,51.293,51.331,51.363,51.398,51.429,51.452,51.473,51.504,51.539,51.563,51.593,51.622,51.647,51.676,51.705,51.74,51.763,51.786,51.809,51.838,51.858,51.89,51.921,51.944,51.975,51.996,52.023,52.063,52.088,52.113,52.143,52.169,52.192,52.222,52.243,52.267,52.289,52.315,52.343,52.376,52.394,52.429,52.467,52.493,52.523,52.555,52.593,52.636,52.667,52.702,52.734,52.758,52.784,52.827,52.862,52.902,52.936,52.977,53.021,53.049,53.105,53.143,53.189,53.27,53.334,53.383,53.437,53.516,53.605,53.69,53.79,53.906,54.031,54.235,54.483,55.38
1058,@TPP,48.907,49.637,49.894,50.076,50.219,50.299,50.432,50.513,50.596,50.657,50.7,50.749,50.8,50.851,50.887,50.956,51.019,51.045,51.09,51.132,51.172,51.208,51.246,51.281,51.318,51.342,51.373,51.4,51.433,51.459,51.489,51.516,51.55,51.583,51.606,51.643,51.664,51.693,51.714,51.748,51.773,51.796,51.814,51.841,51.878,51.907,51.93,51.957,51.977,51.999,52.023,52.043,52.08,52.116,52.14,52.164,52.183,52.21,52.242,52.261,52.288,52.309,52.333,52.356,52.381,52.4,52.431,52.475,52.51,52.54,52.564,52.587,52.614,52.65,52.691,52.724,52.755,52.788,52.832,52.868,52.907,52.939,52.969,53.009,53.042,53.102,53.155,53.196,53.249,53.303,53.382,53.435,53.506,53.571,53.677,53.761,53.857,53.97,54.161,54.498,55.394
1059,@TPP,48.907,49.637,49.894,50.076,50.219,50.299,50.432,50.513,50.596,50.657,50.7,50.749,50.8,50.851,50.887,50.956,51.019,51.045,51.09,51.132,51.172,51.208,51.246,51.281,51.318,51.342,51.373,51.4,51.433,51.459,51.489,51.516,51.55,51.583,51.606,51.643,51.664,51.693,51.714,51.748,51.773,51.796,51.814,51.841,51.878,51.907,51.93,51.957,51.977,51.999,52.023,52.043,52.08,52.116,52.14,52.164,52.183,52.21,52.242,52.261,52.288,52.309,52.333,52.356,52.381,52.4,52.431,52.475,52.51,52.54,52.564,52.587,52.614,52.65,52.691,52.724,52.755,52.788,52.832,52.868,52.907,52.939,52.969,53.009,53.042,53.102,53.155,53.196,53.249,53.303,53.382,53.435,53.506,53.571,53.677,53.761,53.857,53.97,54.161,54.498,55.394
1060,@TPP,49.056,49.68,49.953,50.103,50.281,50.376,50.471,50.571,50.642,50.704,50.757,50.808,50.865,50.912,50.965,51.013,51.054,51.086,51.128,51.17,51.204,51.238,51.274,51.312,51.345,51.386,51.407,51.442,51.471,51.496,51.526,51.559,51.59,51.618,51.65,51.671,51.697,51.732,51.756,51.786,51.809,51.834,51.854,51.875,51.891,51.915,51.944,51.966,51.989,52.012,52.031,52.065,52.092,52.126,52.143,52.172,52.195,52.217,52.239,52.273,52.297,52.334,52.365,52.385,52.409,52.434,52.464,52.493,52.534,52.561,52.594,52.623,52.652,52.682,52.709,52.746,52.777,52.806,52.844,52.885,52.925,52.965,53.004,53.039,53.073,53.127,53.18,53.224,53.294,53.327,53.387,53.458,53.515,53.572,53.644,53.737,53.873,54.009,54.168,54.478,55.352
1061,@TPP,49.056,49.68,49.953,50.103,50.281,50.376,50.471,50.571,50.642,50.704,50.757,50.808,50.865,50.912,50.965,51.013,51.054,51.086,51.128,51.17,51.204,51.238,51.274,51.312,51.345,51.386,51.407,51.442,51.471,51.496,51.526,51.559,51.59,51.618,51.65,51.671,51.697,51.732,51.756,51.786,51.809,51.834,51.854,51.875,51.891,51.915,51.944,51.966,51.989,52.012,52.031,52.065,52.092,52.126,52.143,52.172,52.195,52.217,52.239,52.273,52.297,52.334,52.365,52.385,52.409,52.434,52.464,52.493,52.534,52.561,52.594,52.623,52.652,52.682,52.709,52.746,52.777,52.806,52.844,52.885,52.925,52.965,53.004,53.039,53.073,53.127,53.18,53.224,53.294,53.327,53.387,53.458,53.515,53.572,53.644,53.737,53.873,54.009,54.168,54.478,55.352
1062,@TPP,49.136,49.792,50.013,50.232,50.374,50.467,50.535,50.599,50.675,50.721,50.789,50.852,50.911,50.96,50.996,51.049,51.095,51.123,51.175,51.225,51.263,51.288,51.321,51.351,51.38,51.414,51.451,51.487,51.511,51.545,51.569,51.597,51.63,51.652,51.683,51.72,51.743,51.767,51.799,51.824,51.844,51.863,51.892,51.915,51.936,51.966,51.991,52.015,52.036,52.057,52.086,52.106,52.126,52.151,52.178,52.198,52.223,52.243,52.263,52.287,52.314,52.334,52.364,52.391,52.424,52.45,52.47,52.497,52.528,52.549,52.573,52.604,52.632,52.665,52.7,52.732,52.77,52.808,52.84,52.883,52.925,52.949,53.003,53.049,53.087,53.132,53.171,53.226,53.268,53.319,53.373,53.432,53.496,53.544,53.635,53.721,53.843,53.993,54.204,54.49,55.181
1063,@TPP,49.136,49.792,50.013,50.232,50.374,50.467,50.535,50.599,50.675,50.721,50.789,50.852,50.911,50.96,50.996,51.049,51.095,51.123,51.175,51.225,51.263,51.288,51.321,51.351,51.38,51.414,51.451,51.487,51.511,51.545,51.569,51.597,51.63,51.652,51.683,51.72,51.743,51.767,51.799,51.824,51.844,51.863,51.892,51.915,51.936,51.966,51.991,52.015,52.036,52.057,52.086,52.106,52.126,52.151,52.178,52.198,52.223,52.243,52.263,52.287,52.314,52.334,52.364,52.391,52.424,52.45,52.47,52.497,52.528,52.549,52.573,52.604,52.632,52.665,52.7,52.732,52.77,52.808,52.84,52.883,52.925,52.949,53.003,53.049,53.087,53.132,53.171,53.226,53.268,53.319,53.373,53.432,53.496,53.544,53.635,53.721,53.843,53.993,54.204,54.49,55.181
1064,@TPP,49.176,49.878,50.133,50.298,50.438,50.533,50.604,50.696,50.75,50.83,50.869,50.914,50.962,51.023,51.075,51.121,51.159,51.191,51.234,51.263,51.298,51.339,51.371,51.404,51.439,51.472,51.505,51.528,51.556,51.587,51.617,51.646,51.669,51.692,51.712,51.738,51.76,51.789,51.81,51.834,51.854,51.885,51.909,51.941,51.963,51.988,52.013,52.035,52.049,52.074,52.098,52.121,52.144,52.166,52.187,52.213,52.234,52.256,52.279,52.31,52.334,52.356,52.374,52.395,52.421,52.445,52.465,52.5,52.519,52.548,52.585,52.609,52.634,52.66,52.687,52.726,52.759,52.791,52.821,52.866,52.905,52.943,52.969,53.003,53.056,53.097,53.141,53.183,53.235,53.306,53.367,53.437,53.498,53.562,53.628,53.716,53.83,53.982,54.18,54.404,55.257
1065,@TPP,49.176,49.878,50.133,50.298,50.438,50.533,50.604,50.696,50.75,50.83,50.869,50.914,50.962,51.023,51.075,51.121,51.159,51.191,51.234,51.263,51.298,51.339,51.371,51.404,51.439,51.472,51.505,51.528,51.556,51.587,51.617,51.646,51.669,51.692,51.712,51.738,51.76,51.789,51.81,51.834,51.854,51.885,51.909,51.941,51.963,51.988,52.013,52.035,52.049,52.074,52.098,52.121,52.144,52.166,52.187,52.213,52.234,52.256,52.279,52.31,52.334,52.356,52.374,52.395,52.421,52.445,52.465,52.5,52.519,52.548,52.585,52.609,52.634,52.66,52.687,52.726,52.759,52.791,52.821,52.866,52.905,52.943,52.969,53.003,53.056,53.097,53.141,53.183,53.235,53.306,53.367,53.437,53.498,53.562,53.628,53.716,53.83,53.982,54.18,54.404,55.257
1066,@TPP,49.141,49.855,50.165,50.313,50.403,50.493,50.613,50.691,50.744,50.816,50.882,50.916,50.967,51.013,51.059,51.106,51.155,51.2,51.242,51.286,51.326,51.358,51.383,51.414,51.446,51.489,51.518,51.55,51.568,51.59,51.616,51.648,51.668,51.69,51.712,51.732,51.759,51.783,51.807,51.832,51.862,51.883,51.911,51.938,51.958,51.979,51.998,52.018,52.039,52.063,52.089,52.107,52.131,52.155,52.184,52.209,52.223,52.251,52.278,52.305,52.335,52.364,52.386,52.412,52.438,52.464,52.484,52.517,52.543,52.563,52.588,52.623,52.663,52.696,52.719,52.738,52.768,52.797,52.828,52.856,52.889,52.93,52.973,53.023,53.068,53.106,53.15,53.184,53.236,53.3,53.351,53.393,53.444,53.516,53.624,53.703,53.799,53.933,54.13,54.379,55.164
1067,@TPP,49.141,49.855,50.165,50.313,50.403,50.493,50.613,50.691,50.744,50.816,50.882,50.916,50.967,51.013,51.059,51.106,51.155,51.2,51.242,51.286,51.326,51.358,51.383,51.414,51.446,51.489,51.518,51.55,51.568,51.59,51.616,51.648,51.668,51.69,51.712,51.732,51.759,51.783,51.807,51.832,51.862,51.883,51.911,51.938,51.958,51.979,51.998,52.018,52.039,52.063,52.089,52.107,52.131,52.155,52.184,52.209,52.223,52.251,52.278,52.305,52.335,52.364,52.386,52.412,52.438,52.464,52.484,52.517,52.543,52.563,52.588,52.623,52.663,52.696,52.719,52.738,52.768,52.797,52.828,52.856,52.889,52.93,52.973,53.023,53.068,53.106,53.15,53.184,53.236,53.3,53.351,53.393,53.444,53.516,53.624,53.703,53.799,53.933,54.13,54.379,55.164
1068,@TPP,49.052,49.925,50.206,50.347,50.442,50.512,50.624,50.69,50.75,50.8,50.871,50.934,50.977,51.033,51.071,51.122,51.164,51.218,51.256,51.294,51.327,51.359,51.396,51.424,51.445,51.47,51.498,51.521,51.552,51.573,51.607,51.628,51.655,51.686,51.715,51.737,51.763,51.796,51.823,51.849,51.876,51.898,51.916,51.933,51.952,51.968,51.988,52.007,52.025,52.045,52.073,52.09,52.115,52.147,52.168,52.183,52.21,52.237,52.256,52.282,52.311,52.351,52.379,52.4,52.423,52.443,52.484,52.511,52.54,52.569,52.59,52.615,52.644,52.668,52.698,52.729,52.749,52.777,52.824,52.863,52.893,52.94,52.973,53.009,53.056,53.091,53.135,53.177,53.218,53.271,53.337,53.385,53.452,53.527,53.627,53.745,53.816,53.941,54.103,54.439,55.104
1069,@TPP,49.052,49.925,50.206,50.347,50.442,50.512,50.624,50.69,50.75,50.8,50.871,50.934,50.977,51.033,51.071,51.122,51.164,51.218,51.256,51.294,51.327,51.359,51.396,51.424,51.445,51.47,51.498,51.521,51.552,51.573,51.607,51.628,51.655,51.686,51.715,51.737,51.763,51.796,51.823,51.849,51.876,51.898,51.916,51.933,51.952,51.968,51.988,52.007,52.025,52.045,52.073,52.09,52.115,52.147,52.168,52.183,52.21,52.237,52.256,52.282,52.311,52.351,52.379,52.4,52.423,52.443,52.484,52.511,52.54,52.569,52.59,52.615,52.644,52.668,52.698,52.729,52.749,52.777,52.824,52.863,52.893,52.94,52.973,53.009,53.056,53.091,53.135,53.177,53.218,53.271,53.337,53.385,53.452,53.527,53.627,53.745,53.816,53.941,54.103,54.439,55.104
1070,@TPP,49.1,49.996,50.213,50.357,50.464,50.569,50.676,50.74,50.803,50.856,50.908,50.97,51.013,51.055,51.096,51.138,51.169,51.202,51.237,51.282,51.31,51.342,51.379,51.407,51.437,51.463,51.484,51.505,51.534,51.556,51.584,51.602,51.633,51.657,51.684,51.713,51.735,51.754,51.783,51.804,51.829,51.853,51.881,51.905,51.93,51.958,51.976,52.002,52.033,52.053,52.085,52.107,52.146,52.17,52.197,52.217,52.241,52.268,52.294,52.314,52.333,52.358,52.377,52.398,52.424,52.451,52.48,52.497,52.523,52.549,52.573,52.603,52.625,52.654,52.691,52.72,52.751,52.776,52.804,52.826,52.87,52.904,52.952,53.0,53.032,53.074,53.107,53.166,53.218,53.272,53.331,53.391,53.436,53.497,53.583,53.665,53.791,53.932,54.088,54.388,55.258
1071,@TPP,49.1,49.996,50.213,50.357,50.464,50.569,50.676,50.74,50.803,50.856,50.908,50.97,51.013,51.055,51.096,51.138,51.169,51.202,51.237,51.282,51.31,51.342,51.379,51.407,51.437,51.463,51.484,51.505,51.534,51.556,51.584,51.602,51.633,51.657,51.684,51.713,51.735,51.754,51.783,51.804,51.829,51.853,51.881,51.905,51.93,51.958,51.976,52.002,52.033,52.053,52.085,52.107,52.146,52.17,52.197,52.217,52.241,52.268,52.294,52.314,52.333,52.358,52.377,52.398,52.424,52.451,52.48,52.497,52.523,52.549,52.573,52.603,52.625,52.654,52.691,52.72,52.751,52.776,52.804,52.826,52.87,52.904,52.952,53.0,53.032,53.074,53.107,53.166,53.218,53.272,53.331,53.391,53.436,53.497,53.583,53.665,53.791,53.932,54.088,54.388,55.258
1072,@TPP,49.126,49.943,50.182,50.331,50.492,50.596,50.673,50.719,50.782,50.846,50.905,50.956,50.987,51.031,51.079,51.112,51.169,51.221,51.243,51.274,51.316,51.35,51.382,51.42,51.439,51.458,51.481,51.502,51.536,51.559,51.578,51.602,51.627,51.654,51.685,51.717,51.736,51.758,51.777,51.806,51.838,51.858,51.88,51.896,51.925,51.946,51.972,52.002,52.022,52.044,52.065,52.093,52.122,52.146,52.171,52.193,52.217,52.238,52.265,52.286,52.313,52.337,52.355,52.374,52.398,52.42,52.447,52.478,52.504,52.541,52.564,52.585,52.615,52.646,52.67,52.696,52.728,52.755,52.785,52.827,52.871,52.918,52.947,52.978,53.011,53.051,53.103,53.148,53.195,53.237,53.291,53.35,53.407,53.484,53.566,53.656,53.733,53.826,53.985,54.337,55.204
1073,@TPP,49.126,49.943,50.182,50.331,50.492,50.596,50.673,50.719,50.782,50.846,50.905,50.956,50.987,51.031,51.079,51.112,51.169,51.221,51.243,51.274,51.316,51.35,51.382,51.42,51.439,51.458,51.481,51.502,51.536,51.559,51.578,51.602,51.627,51.654,51.685,51.717,51.736,51.758,51.777,51.806,51.838,51.858,51.88,51.896,51.925,51.946,51.972,52.002,52.022,52.044,52.065,52.093,52.122,52.146,52.171,52.193,52.217,52.238,52.265,52.286,52.313,52.337,52.355,52.374,52.398,52.42,52.447,52.478,52.504,52.541,52.564,52.585,52.615,52.646,52.67,52.696,52.728,52.755,52.785,52.827,52.871,52.918,52.947,52.978,53.011,53.051,53.103,53.148,53.195,53.237,53.291,53.35,53.407,53.484,53.566,53.656,53.733,53.826,53.985,54.337,55.204
1074,@TPP,49.059,50.001,50.223,50.416,50.513,50.615,50.676,50.733,50.805,50.864,50.923,50.98,51.034,51.075,51.118,51.158,51.2,51.23,51.267,51.306,51.331,51.353,51.381,51.418,51.446,51.468,51.502,51.529,51.555,51.575,51.596,51.623,51.653,51.681,51.702,51.728,51.761,51.786,51.815,51.837,51.857,51.888,51.912,51.932,51.954,51.973,51.993,52.014,52.035,52.054,52.074,52.106,52.127,52.149,52.164,52.189,52.208,52.231,52.252,52.272,52.293,52.317,52.34,52.368,52.394,52.423,52.445,52.477,52.503,52.523,52.552,52.58,52.608,52.633,52.649,52.676,52.708,52.732,52.766,52.795,52.826,52.855,52.89,52.939,52.979,53.022,53.054,53.1,53.136,53.19,53.243,53.304,53.37,53.426,53.519,53.58,53.684,53.812,53.983,54.338,54.966
1075,@TPP,49.059,50.001,50.223,50.416,50.513,50.615,50.676,50.733,50.805,50.864,50.923,50.98,51.034,51.075,51.118,51.158,51.2,51.23,51.267,51.306,51.331,51.353,51.381,51.418,51.446,51.468,51.502,51.529,51.555,51.575,51.596,51.623,51.653,51.681,51.702,51.728,51.761,51.786,51.815,51.837,51.857,51.888,51.912,51.932,51.954,51.973,51.993,52.014,52.035,52.054,52.074,52.106,52.127,52.149,52.164,52.189,52.208,52.231,52.252,52.272,52.293,52.317,52.34,52.368,52.394,52.423,52.445,52.477,52.503,52.523,52.552,52.58,52.608,52.633,52.649,52.676,52.708,52.732,52.766,52.795,52.826,52.855,52.89,52.939,52.979,53.022,53.054,53.1,53.136,53.19,53.243,53.304,53.37,53.426,53.519,53.58,53.684,53.812,53.983,54.338,54.966
1076,@TPP,49.408,50.02,50.278,50.415,50.514,50.597,50.69,50.775,50.843,50.903,50.956,50.992,51.028,51.064,51.116,51.167,51.204,51.243,51.274,51.314,51.354,51.383,51.411,51.433,51.457,51.491,51.526,51.552,51.574,51.602,51.625,51.643,51.663,51.683,51.708,51.731,51.75,51.771,51.797,51.819,51.843,51.871,51.894,51.918,51.939,51.961,51.99,52.012,52.031,52.054,52.08,52.102,52.122,52.145,52.165,52.184,52.209,52.231,52.258,52.278,52.3,52.319,52.345,52.368,52.391,52.414,52.43,52.458,52.484,52.503,52.529,52.553,52.582,52.612,52.635,52.666,52.695,52.728,52.754,52.79,52.828,52.858,52.9,52.936,52.968,53.014,53.055,53.105,53.151,53.197,53.24,53.279,53.349,53.426,53.508,53.579,53.657,53.793,54.041,54.27,55.102
1077,@TPP,49.408,50.02,50.278,50.415,50.514,50.597,50.69,50.775,50.843,50.903,50.956,50.992,51.028,51.064,51.116,51.167,51.204,51.243,51.274,51.314,51.354,51.383,51.411,51.433,51.457,51.491,51.526,51.552,51.574,51.602,51.625,51.643,51.663,51.683,51.708,51.731,51.75,51.771,51.797,51.819,51.843,51.871,51.894,51.918,51.939,51.961,51.99,52.012,52.031,52.054,52.08,52.102,52.122,52.145,52.165,52.184,52.209,52.231,52.258,52.278,52.3,52.319,52.345,52.368,52.391,52.414,52.43,52.458,52.484,52.503,52.529,52.553,52.582,52.612,52.635,52.666,52.695,52.728,52.754,52.79,52.828,52.858,52.9,52.936,52.968,53.014,53.055,53.105,53.151,53.197,53.24,53.279,53.349,53.426,53.508,53.579,53.657,53.793,54.041,54.27,55.102
1078,@TPP,49.285,50.032,50.288,50.414,50.536,50.627,50.708,50.762,50.836,50.902,50.952,50.989,51.027,51.069,51.113,51.145,51.192,51.23,51.264,51.297,51.338,51.365,51.398,51.426,51.462,51.486,51.511,51.545,51.569,51.604,51.639,51.665,51.694,51.717,51.737,51.76,51.784,51.803,51.829,51.849,51.867,51.893,51.909,51.926,51.952,51.97,52.003,52.026,52.051,52.069,52.092,52.118,52.136,52.151,52.174,52.194,52.214,52.237,52.254,52.282,52.309,52.336,52.358,52.38,52.404,52.431,52.45,52.469,52.491,52.511,52.535,52.564,52.596,52.626,52.657,52.685,52.71,52.746,52.769,52.792,52.827,52.855,52.889,52.915,52.951,52.975,53.016,53.051,53.098,53.143,53.199,53.247,53.325,53.393,53.463,53.576,53.676,53.784,53.919,54.132,54.917
1079,@TPP,49.285,50.032,50.288,50.414,50.536,50.627,50.708,50.762,50.836,50.902,50.952,50.989,51.027,51.069,51.113,51.145,51.192,51.23,51.264,51.297,51.338,51.365,51.398,51.426,51.462,51.486,51.511,51.545,51.569,51.604,51.639,51.665,51.694,51.717,51.737,51.76,51.784,51.803,51.829,51.849,51.867,51.893,51.909,51.926,51.952,51.97,52.003,52.026,52.051,52.069,52.092,52.118,52.136,52.151,52.174,52.194,52.214,52.237,52.254,52.282,52.309,52.336,52.358,52.38,52.404,52.431,52.45,52.469,52.491,52.511,52.535,52.564,52.596,52.626,52.657,52.685,52.71,52.746,52.769,52.792,52.827,52.855,52.889,52.915,52.951,52.975,53.016,53.051,53.098,53.143,53.199,53.247,53.325,53.393,53.463,53.576,53.676,53.784,53.919,54.132,54.917
1080,@TPP,49.283,50.059,50.326,50.462,50.557,50.666,50.774,50.832,50.878,50.938,50.974,51.014,51.044,51.085,51.123,51.162,51.202,51.235,51.269,51.297,51.331,51.369,51.402,51.428,51.458,51.487,51.523,51.543,51.564,51.596,51.623,51.648,51.679,51.707,51.732,51.755,51.78,51.806,51.83,51.86,51.89,51.909,51.931,51.953,51.982,52.0,52.019,52.031,52.053,52.07,52.09,52.11,52.126,52.149,52.169,52.191,52.211,52.24,52.262,52.281,52.31,52.335,52.355,52.379,52.402,52.424,52.446,52.484,52.503,52.529,52.556,52.587,52.612,52.637,52.663,52.688,52.716,52.748,52.781,52.809,52.834,52.865,52.895,52.93,52.97,53.0,53.026,53.075,53.129,53.17,53.214,53.278,53.336,53.405,53.463,53.562,53.639,53.751,53.913,54.128,54.816
1081,@TPP,49.283,50.059,50.326,50.462,50.557,50.666,50.774,50.832,50.878,50.938,50.974,51.014,51.044,51.085,51.123,51.162,51.202,51.235,51.269,51.297,51.331,51.369,51.402,51.428,51.458,51.487,51.523,51.543,51.564,51.596,51.623,51.648,51.679,51.707,51.732,51.755,51.78,51.806,51.83,51.86,51.89,51.909,51.931,51.953,51.982,52.0,52.019,52.031,52.053,52.07,52.09,52.11,52.126,52.149,52.169,52.191,52.211,52.24,52.262,52.281,52.31,52.335,52.355,52.379,52.402,52.424,52.446,52.484,52.503,52.529,52.556,52.587,52.612,52.637,52.663,52.688,52.716,52.748,52.781,52.809,52.834,52.865,52.895,52.93,52.97,53.0,53.026,53.075,53.129,53.17,53.214,53.278,53.336,53.405,53.463,53.562,53.639,53.751,53.913,54.128,54.816
1082,@TPP,49.007,49.974,50.237,50.344,50.483,50.583,50.672,50.748,50.804,50.862,50.909,50.949,51.005,51.041,51.078,51.123,51.157,51.182,51.216,51.249,51.294,51.325,51.363,51.382,51.411,51.443,51.463,51.485,51.514,51.539,51.57,51.594,51.626,51.652,51.682,51.701,51.727,51.753,51.773,51.791,51.827,51.848,51.875,51.898,51.923,51.945,51.962,51.99,52.013,52.036,52.059,52.079,52.113,52.134,52.155,52.179,52.199,52.222,52.252,52.271,52.295,52.33,52.35,52.379,52.404,52.432,52.455,52.483,52.504,52.527,52.558,52.579,52.6,52.624,52.65,52.668,52.69,52.72,52.751,52.789,52.822,52.856,52.891,52.927,52.972,53.016,53.053,53.097,53.147,53.222,53.276,53.335,53.384,53.448,53.503,53.597,53.652,53.779,53.951,54.171,54.665
1083,@TPP,49.007,49.974,50.237,50.344,50.483,50.583,50.672,50.748,50.804,50.862,50.909,50.949,51.005,51.041,51.078,51.123,51.157,51.182,51.216,51.249,51.294,51.325,51.363,51.382,51.411,51.443,51.463,51.485,51.514,51.539,51.57,51.594,51.626,51.652,51.682,51.701,51.727,51.753,51.773,51.791,51.827,51.848,51.875,51.898,51.923,51.945,51.962,51.99,52.013,52.036,52.059,52.079,52.113,52.134,52.155,52.179,52.199,52.222,52.252,52.271,52.295,52.33,52.35,52.379,52.404,52.432,52.455,52.483,52.504,52.527,52.558,52.579,52.6,52.624,52.65,52.668,52.69,52.72,52.751,52.789,52.822,52.856,52.891,52.927,52.972,53.016,53.053,53.097,53.147,53.222,53.276,53.335,53.384,53.448,53.503,53.597,53.652,53.779,53.951,54.171,54.665
1084,@TPP,48.943,49.815,50.107,50.282,50.405,50.488,50.593,50.658,50.726,50.788,50.835,50.897,50.938,50.976,51.01,51.054,51.096,51.142,51.17,51.21,51.249,51.279,51.309,51.335,51.367,51.404,51.427,51.45,51.478,51.501,51.535,51.558,51.587,51.61,51.633,51.657,51.679,51.702,51.718,51.748,51.778,51.806,51.828,51.855,51.878,51.902,51.921,51.943,51.963,51.983,52.002,52.03,52.057,52.086,52.116,52.147,52.171,52.196,52.221,52.25,52.27,52.292,52.319,52.341,52.369,52.398,52.427,52.45,52.474,52.497,52.531,52.558,52.58,52.603,52.626,52.66,52.697,52.735,52.768,52.803,52.833,52.863,52.886,52.917,52.968,53.0,53.035,53.1,53.166,53.219,53.276,53.336,53.395,53.457,53.509,53.584,53.64,53.762,53.937,54.213,54.675
1085,@TPP,48.943,49.815,50.107,50.282,50.405,50.488,50.593,50.658,50.726,50.788,50.835,50.897,50.938,50.976,51.01,51.054,51.096,51.142,51.17,51.21,51.249,51.279,51.309,51.335,51.367,51.404,51.427,51.45,51.478,51.501,51.535,51.558,51.587,51.61,51.633,51.657,51.679,51.702,51.718,51.748,51.778,51.806,51.828,51.855,51.878,51.902,51.921,51.943,51.963,51.983,52.002,52.03,52.057,52.086,52.116,52.147,52.171,52.196,52.221,52.25,52.27,52.292,52.319,52.341,52.369,52.398,52.427,52.45,52.474,52.497,52.531,52.558,52.58,52.603,52.626,52.66,52.697,52.735,52.768,52.803,52.833,52.863,52.886,52.917,52.968,53.0,53.035,53.1,53.166,53.219,53.276,53.336,53.395,53.457,53.509,53.584,53.64,53.762,53.937,54.213,54.675
1086,@TPP,48.913,49.725,50.068,50.229,50.339,50.445,50.528,50.6,50.665,50.716,50.788,50.832,50.872,50.932,50.978,51.018,51.07,51.102,51.125,51.151,51.181,51.218,51.244,51.284,51.308,51.337,51.365,51.393,51.421,51.449,51.47,51.495,51.516,51.534,51.56,51.592,51.616,51.646,51.672,51.693,51.724,51.75,51.783,51.808,51.832,51.865,51.896,51.922,51.949,51.978,52.008,52.033,52.051,52.067,52.093,52.109,52.133,52.16,52.181,52.208,52.233,52.256,52.279,52.305,52.331,52.355,52.377,52.401,52.426,52.456,52.485,52.506,52.541,52.562,52.599,52.633,52.673,52.709,52.742,52.778,52.812,52.84,52.871,52.915,52.955,53.009,53.05,53.086,53.14,53.179,53.232,53.272,53.329,53.394,53.458,53.561,53.657,53.811,53.986,54.284,55.048
1087,@TPP,48.913,49.725,50.068,50.229,50.339,50.445,50.528,50.6,50.665,50.716,50.788,50.832,50.872,50.932,50.978,51.018,51.07,51.102,51.125,51.151,51.181,51.218,51.244,51.284,51.308,51.337,51.365,51.393,51.421,51.449,51.47,51.495,51.516,51.534,51.56,51.592,51.616,51.646,51.672,51.693,51.724,51.75,51.783,51.808,51.832,51.865,51.896,51.922,51.949,51.978,52.008,52.033,52.051,52.067,52.093,52.109,52.133,52.16,52.181,52.208,52.233,52.256,52.279,52.305,52.331,52.355,52.377,52.401,52.426,52.456,52.485,52.506,52.541,52.562,52.599,52.633,52.673,52.709,52.742,52.778,52.812,52.84,52.871,52.915,52.955,53.009,53.05,53.086,53.14,53.179,53.232,53.272,53.329,53.394,53.458,53.561,53.657,53.811,53.986,54.284,55.048
1088,@TPP,49.139,49.707,49.934,50.104,50.23,50.348,50.433,50.517,50.585,50.675,50.746,50.79,50.837,50.865,50.906,50.962,50.998,51.03,51.067,51.093,51.123,51.158,51.184,51.215,51.247,51.275,51.304,51.335,51.367,51.405,51.429,51.456,51.487,51.515,51.538,51.563,51.592,51.617,51.644,51.668,51.696,51.727,51.755,51.774,51.794,51.829,51.853,51.877,51.905,51.935,51.955,51.977,51.999,52.027,52.045,52.072,52.099,52.121,52.15,52.175,52.201,52.228,52.25,52.269,52.302,52.326,52.351,52.381,52.407,52.435,52.47,52.495,52.518,52.553,52.583,52.622,52.651,52.682,52.713,52.746,52.774,52.824,52.863,52.893,52.937,52.974,53.012,53.054,53.116,53.154,53.206,53.29,53.343,53.428,53.493,53.579,53.677,53.822,53.975,54.292,54.966
1089,@TPP,49.139,49.707,49.934,50.104,50.23,50.348,50.433,50.517,50.585,50.675,50.746,50.79,50.837,50.865,50.906,50.962,50.998,51.03,51.067,51.093,51.123,51.158,51.184,51.215,51.247,51.275,51.304,51.335,51.367,51.405,51.429,51.456,51.487,51.515,51.538,51.563,51.592,51.617,51.644,51.668,51.696,51.727,51.755,51.774,51.794,51.829,51.853,51.877,51.905,51.935,51.955,51.977,51.999,52.027,52.045,52.072,52.099,52.121,52.15,52.175,52.201,52.228,52.25,52.269,52.302,52.326,52.351,52.381,52.407,52.435,52.47,52.495,52.518,52.553,52.583,52.622,52.651,52.682,52.713,52.746,52.774,52.824,52.863,52.893,52.937,52.974,53.012,53.054,53.116,53.154,53.206,53.29,53.343,53.428,53.493,53.579,53.677,53.822,53.975,54.292,54.966
1090,@TPP,49.166,49.671,49.896,50.04,50.177,50.274,50.391,50.465,50.519,50.597,50.661,50.712,50.759,50.811,50.873,50.917,50.952,50.994,51.028,51.069,51.105,51.131,51.168,51.199,51.231,51.267,51.292,51.313,51.343,51.376,51.405,51.432,51.453,51.48,51.505,51.528,51.552,51.583,51.613,51.644,51.67,51.692,51.718,51.732,51.76,51.786,51.809,51.836,51.862,51.886,51.909,51.931,51.951,51.982,52.017,52.042,52.071,52.102,52.122,52.142,52.166,52.195,52.224,52.25,52.273,52.311,52.344,52.376,52.394,52.423,52.455,52.483,52.517,52.552,52.581,52.614,52.645,52.674,52.701,52.731,52.758,52.795,52.83,52.869,52.915,52.959,53.003,53.037,53.08,53.126,53.184,53.252,53.329,53.391,53.482,53.561,53.656,53.77,53.903,54.305,55.091
1091,@TPP,49.166,49.671,49.896,50.04,50.177,50.274,50.391,50.465,50.519,50.597,50.661,50.712,50.759,50.811,50.873,50.917,50.952,50.994,51.028,51.069,51.105,51.131,51.168,51.199,51.231,51.267,51.292,51.313,51.343,51.376,51.405,51.432,51.453,51.48,51.505,51.528,51.552,51.583,51.613,51.644,51.67,51.692,51.718,51.732,51.76,51.786,51.809,51.836,51.862,51.886,51.909,51.931,51.951,51.982,52.017,52.042,52.071,52.102,52.122,52.142,52.166,52.195,52.224,52.25,52.273,52.311,52.344,52.376,52.394,52.423,52.455,52.483,52.517,52.552,52.581,52.614,52.645,52.674,52.701,52.731,52.758,52.795,52.83,52.869,52.915,52.959,53.003,53.037,53.08,53.126,53.184,53.252,53.329,53.391,53.482,53.561,53.656,53.77,53.903,54.305,55.091
1092,@TPP,49.089,49.614,49.864,50.022,50.171,50.25,50.321,50.413,50.481,50.532,50.616,50.678,50.737,50.786,50.825,50.861,50.9,50.95,50.985,51.017,51.045,51.077,51.114,51.153,51.195,51.226,51.249,51.283,51.31,51.339,51.362,51.392,51.419,51.455,51.483,51.521,51.544,51.569,51.596,51.624,51.644,51.667,51.687,51.712,51.741,51.765,51.789,51.81,51.841,51.86,51.889,51.924,51.946,51.975,52.006,52.035,52.06,52.078,52.112,52.14,52.158,52.183,52.219,52.24,52.265,52.289,52.312,52.333,52.36,52.382,52.41,52.443,52.474,52.503,52.534,52.567,52.6,52.627,52.662,52.687,52.712,52.751,52.783,52.822,52.873,52.907,52.951,53.006,53.049,53.082,53.144,53.203,53.284,53.348,53.416,53.522,53.628,53.756,53.919,54.236,55.048
1093,@TPP,49.089,49.614,49.864,50.022,50.171,50.25,50.321,50.413,50.481,50.532,50.616,50.678,50.737,50.786,50.825,50.861,50.9,50.95,50.985,51.017,51.045,51.077,51.114,51.153,51.195,51.226,51.249,51.283,51.31,51.339,51.362,51.392,51.419,51.455,51.483,51.521,51.544,51.569,51.596,51.624,51.644,51.667,51.687,51.712,51.741,51.765,51.789,51.81,51.841,51.86,51.889,51.924,51.946,51.975,52.006,52.035,52.06,52.078,52.112,52.14,52.158,52.183,52.219,52.24,52.265,52.289,52.312,52.333,52.36,52.382,52.41,52.443,52.474,52.503,52.534,52.567,52.6,52.627,52.662,52.687,52.712,52.751,52.783,52.822,52.873,52.907,52.951,53.006,53.049,53.082,53.144,53.203,53.284,53.348,53.416,53.522,53.628,53.756,53.919,54.236,55.048
1094,@TPP,48.72,49.554,49.77,49.995,50.117,50.241,50.325,50.406,50.461,50.531,50.588,50.643,50.691,50.745,50.807,50.853,50.9,50.923,50.957,50.989,51.024,51.05,51.088,51.112,51.144,51.174,51.201,51.225,51.256,51.283,51.311,51.342,51.377,51.405,51.434,51.461,51.483,51.506,51.532,51.561,51.585,51.61,51.646,51.676,51.707,51.736,51.757,51.78,51.801,51.83,51.859,51.886,51.915,51.943,51.966,51.994,52.019,52.042,52.064,52.087,52.123,52.148,52.169,52.197,52.213,52.243,52.271,52.302,52.325,52.352,52.38,52.409,52.44,52.468,52.506,52.537,52.565,52.599,52.632,52.659,52.685,52.716,52.756,52.809,52.841,52.876,52.906,52.944,52.986,53.055,53.105,53.15,53.243,53.323,53.417,53.5,53.609,53.748,53.908,54.182,54.91
1095,@TPP,48.72,49.554,49.77,49.995,50.117,50.241,50.325,50.406,50.461,50.531,50.588,50.643,50.691,50.745,50.807,50.853,50.9,50.923,50.957,50.989,51.024,51.05,51.088,51.112,51.144,51.174,51.201,51.225,51.256,51.283,51.311,51.342,51.377,51.405,51.434,51.461,51.483,51.506,51.532,51.561,51.585,51.61,51.646,51.676,51.707,51.736,51.757,51.78,51.801,51.83,51.859,51.886,51.915,51.943,51.966,51.994,52.019,52.042,52.064,52.087,52.123,52.148,52.169,52.197,52.213,52.243,52.271,52.302,52.325,52.352,52.38,52.409,52.44,52.468,52.506,52.537,52.565,52.599,52.632,52.659,52.685,52.716,52.756,52.809,52.841,52.876,52.906,52.944,52.986,53.055,53.105,53.15,53.243,53.323,53.417,53.5,53.609,53.748,53.908,54.182,54.91
1096,@TPP,48.758,49.419,49.76,49.896,50.056,50.183,50.271,50.343,50.418,50.484,50.547,50.596,50.643,50.681,50.726,50.768,50.805,50.85,50.896,50.934,50.973,51.005,51.04,51.069,51.104,51.148,51.181,51.209,51.241,51.269,51.31,51.347,51.378,51.409,51.44,51.469,51.499,51.529,51.553,51.578,51.602,51.622,51.642,51.668,51.688,51.71,51.738,51.767,51.799,51.822,51.842,51.872,51.917,51.937,51.962,51.981,52.007,52.035,52.069,52.097,52.122,52.149,52.174,52.194,52.219,52.244,52.272,52.299,52.318,52.351,52.379,52.422,52.455,52.487,52.52,52.549,52.577,52.608,52.651,52.681,52.721,52.752,52.791,52.824,52.863,52.92,52.978,53.01,53.06,53.119,53.184,53.241,53.326,53.391,53.456,53.544,53.642,53.795,53.958,54.224,55.06
1097,@TPP,48.758,49.419,49.76,49.896,50.056,50.183,50.271,50.343,50.418,50.484,50.547,50.596,50.643,50.681,50.726,50.768,50.805,50.85,50.896,50.934,50.973,51.005,51.04,51.069,51.104,51.148,51.181,51.209,51.241,51.269,51.31,51.347,51.378,51.409,51.44,51.469,51.499,51.529,51.553,51.578,51.602,51.622,51.642,51.668,51.688,51.71,51.738,51.767,51.799,51.822,51.842,51.872,51.917,51.937,51.962,51.981,52.007,52.035,52.069,52.097,52.122,52.149,52.174,52.194,52.219,52.244,52.272,52.299,52.318,52.351,52.379,52.422,52.455,52.487,52.52,52.549,52.577,52.608,52.651,52.681,52.721,52.752,52.791,52.824,52.863,52.92,52.978,53.01,53.06,53.119,53.184,53.241,53.326,53.391,53.456,53.544,53.642,53.795,53.958,54.224,55.06
1098,@TPP,48.694,49.362,49.677,49.835,49.98,50.099,50.19,50.265,50.338,50.401,50.465,50.524,50.58,50.639,50.701,50.743,50.79,50.831,50.867,50.902,50.936,50.972,51.009,51.054,51.082,51.12,51.149,51.199,51.229,51.266,51.298,51.325,51.361,51.392,51.42,51.443,51.478,51.501,51.523,51.551,51.576,51.601,51.631,51.658,51.684,51.714,51.739,51.766,51.789,51.821,51.846,51.866,51.9,51.921,51.943,51.969,51.993,52.029,52.059,52.103,52.13,52.154,52.179,52.205,52.234,52.259,52.3,52.332,52.355,52.388,52.418,52.451,52.477,52.513,52.542,52.569,52.597,52.631,52.666,52.706,52.731,52.759,52.795,52.839,52.885,52.926,52.978,53.036,53.095,53.139,53.186,53.246,53.319,53.394,53.51,53.611,53.746,53.862,54.053,54.305,55.39
1099,@TPP,48.694,49.362,49.677,49.835,49.98,50.099,50.19,50.265,50.338,50.401,50.465,50.524,50.58,50.639,50.701,50.743,50.79,50.831,50.867,50.902,50.936,50.972,51.009,51.054,51.082,51.12,51.149,51.199,51.229,51.266,51.298,51.325,51.361,51.392,51.42,51.443,51.478,51.501,51.523,51.551,51.576,51.601,51.631,51.658,51.684,51.714,51.739,51.766,51.789,51.821,51.846,51.866,51.9,51.921,51.943,51.969,51.993,52.029,52.059,52.103,52.13,52.154,52.179,52.205,52.234,52.259,52.3,52.332,52.355,52.388,52.418,52.451,52.477,52.513,52.542,52.569,52.597,52.631,52.666,52.706,52.731,52.759,52.795,52.839,52.885,52.926,52.978,53.036,53.095,53.139,53.186,53.246,53.319,53.394,53.51,53.611,53.746,53.862,54.053,54.305,55.39
1100,@TPP,48.556,49.281,49.562,49.684,49.837,49.985,50.076,50.159,50.22,50.309,50.388,50.457,50.512,50.555,50.618,50.655,50.703,50.753,50.788,50.843,50.883,50.931,50.977,51.016,51.057,51.089,51.12,51.143,51.181,51.216,51.251,51.285,51.314,51.345,51.369,51.401,51.438,51.476,51.504,51.543,51.561,51.588,51.614,51.646,51.674,51.704,51.733,51.757,51.787,51.813,51.846,51.873,51.904,51.931,51.957,51.983,52.016,52.046,52.073,52.101,52.123,52.147,52.184,52.207,52.234,52.263,52.303,52.334,52.358,52.383,52.416,52.448,52.473,52.498,52.536,52.568,52.608,52.638,52.683,52.717,52.755,52.795,52.836,52.881,52.936,52.976,53.028,53.073,53.115,53.173,53.209,53.288,53.342,53.417,53.529,53.621,53.73,53.87,54.108,54.409,55.144
1101,@TPP,48.556,49.281,49.562,49.684,49.837,49.985,50.076,50.159,50.22,50.309,50.388,50.457,50.512,50.555,50.618,50.655,50.703,50.753,50.788,50.843,50.883,50.931,50.977,51.016,51.057,51.089,51.12,51.143,51.181,51.216,51.251,51.285,51.314,51.345,51.369,51.401,51.438,51.476,51.504,51.543,51.561,51.588,51.614,51.646,51.674,51.704,51.733,51.757,51.787,51.813,51.846,51.873,51.904,51.931,51.957,51.983,52.016,52.046,52.073,52.101,52.123,52.147,52.184,52.207,52.234,52.263,52.303,52.334,52.358,52.383,52.416,52.448,52.473,52.498,52.536,52.568,52.608,52.638,52.683,52.717,52.755,52.795,52.836,52.881,52.936,52.976,53.028,53.073,53.115,53.173,53.209,53.288,53.342,53.417,53.529,53.621,53.73,53.87,54.108,54.409,55.144
1102,@TPP,48.407,49.148,49.541,49.704,49.814,49.906,50.013,50.117,50.231,50.296,50.356,50.413,50.471,50.531,50.574,50.618,50.664,50.714,50.756,50.8,50.842,50.875,50.924,50.968,51.013,51.043,51.083,51.122,51.157,51.187,51.224,51.251,51.292,51.331,51.366,51.397,51.43,51.465,51.497,51.531,51.558,51.58,51.602,51.627,51.652,51.687,51.717,51.749,51.777,51.812,51.839,51.875,51.906,51.934,51.965,51.989,52.011,52.041,52.07,52.097,52.134,52.164,52.19,52.216,52.249,52.275,52.303,52.345,52.373,52.402,52.43,52.457,52.484,52.509,52.541,52.57,52.603,52.635,52.668,52.722,52.758,52.799,52.838,52.877,52.924,52.968,53.012,53.06,53.12,53.196,53.255,53.315,53.405,53.476,53.581,53.673,53.765,53.901,54.159,54.612,55.364
1103,@TPP,48.407,49.148,49.541,49.704,49.814,49.906,50.013,50.117,50.231,50.296,50.356,50.413,50.471,50.531,50.574,50.618,50.664,50.714,50.756,50.8,50.842,50.875,50.924,50.968,51.013,51.043,51.083,51.122,51.157,51.187,51.224,51.251,51.292,51.331,51.366,51.397,51.43,51.465,51.497,51.531,51.558,51.58,51.602,51.627,51.652,51.687,51.717,51.749,51.777,51.812,51.839,51.875,51.906,51.934,51.965,51.989,52.011,52.041,52.07,52.097,52.134,52.164,52.19,52.216,52.249,52.275,52.303,52.345,52.373,52.402,52.43,52.457,52.484,52.509,52.541,52.57,52.603,52.635,52.668,52.722,52.758,52.799,52.838,52.877,52.924,52.968,53.012,53.06,53.12,53.196,53.255,53.315,53.405,53.476,53.581,53.673,53.765,53.901,54.159,54.612,55.364
1104,@TPP,48.257,49.139,49.43,49.635,49.762,49.89,49.979,50.065,50.166,50.248,50.314,50.358,50.41,50.469,50.529,50.589,50.657,50.705,50.748,50.801,50.858,50.89,50.943,50.976,51.012,51.041,51.086,51.117,51.163,51.19,51.226,51.264,51.297,51.33,51.369,51.391,51.414,51.443,51.475,51.508,51.534,51.56,51.586,51.624,51.652,51.685,51.714,51.739,51.759,51.784,51.818,51.851,51.876,51.905,51.934,51.967,51.999,52.035,52.075,52.098,52.13,52.167,52.193,52.225,52.251,52.285,52.316,52.349,52.374,52.405,52.431,52.463,52.499,52.526,52.547,52.58,52.613,52.642,52.68,52.715,52.762,52.81,52.855,52.897,52.935,52.973,53.021,53.067,53.113,53.184,53.251,53.325,53.405,53.496,53.571,53.67,53.802,53.987,54.243,54.709,55.502
1105,@TPP,48.257,49.139,49.43,49.635,49.762,49.89,49.979,50.065,50.166,50.248,50.314,50.358,50.41,50.469,50.529,50.589,50.657,50.705,50.748,50.801,50.858,50.89,50.943,50.976,51.012,51.041,51.086,51.117,51.163,51.19,51.226,51.264,51.297,51.33,51.369,51.391,51.414,51.443,51.475,51.508,51.534,51.56,51.586,51.624,51.652,51.685,51.714,51.739,51.759,51.784,51.818,51.851,51.876,51.905,51.934,51.967,51.999,52.035,52.075,52.098,52.13,52.167,52.193,52.225,52.251,52.285,52.316,52.349,52.374,52.405,52.431,52.463,52.499,52.526,52.547,52.58,52.613,52.642,52.68,52.715,52.762,52.81,52.855,52.897,52.935,52.973,53.021,53.067,53.113,53.184,53.251,53.325,53.405,53.496,53.571,53.67,53.802,53.987,54.243,54.709,55.502
1106,@TPP,48.371,49.159,49.424,49.595,49.747,49.872,49.979,50.072,50.148,50.2,50.272,50.342,50.404,50.48,50.544,50.599,50.648,50.692,50.74,50.776,50.821,50.864,50.901,50.952,51.002,51.026,51.054,51.085,51.131,51.175,51.21,51.242,51.273,51.309,51.337,51.364,51.401,51.438,51.465,51.495,51.524,51.557,51.582,51.607,51.651,51.675,51.7,51.728,51.756,51.787,51.823,51.845,51.872,51.897,51.924,51.948,51.98,52.009,52.033,52.062,52.086,52.113,52.153,52.183,52.221,52.259,52.294,52.325,52.365,52.401,52.435,52.467,52.495,52.527,52.558,52.598,52.634,52.683,52.724,52.755,52.804,52.844,52.896,52.928,52.967,53.01,53.054,53.123,53.175,53.231,53.304,53.369,53.432,53.529,53.625,53.685,53.843,54.027,54.314,54.707,55.661
1107,@TPP,48.371,49.159,49.424,49.595,49.747,49.872,49.979,50.072,50.148,50.2,50.272,50.342,50.404,50.48,50.544,50.599,50.648,50.692,50.74,50.776,50.821,50.864,50.901,50.952,51.002,51.026,51.054,51.085,51.131,51.175,51.21,51.242,51.273,51.309,51.337,51.364,51.401,51.438,51.465,51.495,51.524,51.557,51.582,51.607,51.651,51.675,51.7,51.728,51.756,51.787,51.823,51.845,51.872,51.897,51.924,51.948,51.98,52.009,52.033,52.062,52.086,52.113,52.153,52.183,52.221,52.259,52.294,52.325,52.365,52.401,52.435,52.467,52.495,52.527,52.558,52.598,52.634,52.683,52.724,52.755,52.804,52.844,52.896,52.928,52.967,53.01,53.054,53.123,53.175,53.231,53.304,53.369,53.432,53.529,53.625,53.685,53.843,54.027,54.314,54.707,55.661
1108,@TPP,48.049,49.026,49.323,49.529,49.71,49.793,49.93,50.036,50.133,50.211,50.271,50.334,50.396,50.462,50.493,50.556,50.609,50.655,50.705,50.75,50.798,50.849,50.886,50.922,50.954,50.983,51.025,51.063,51.112,51.147,51.177,51.217,51.244,51.287,51.312,51.352,51.388,51.427,51.458,51.484,51.513,51.54,51.576,51.609,51.642,51.677,51.702,51.731,51.755,51.78,51.812,51.835,51.862,51.89,51.923,51.959,51.983,52.025,52.048,52.09,52.115,52.151,52.186,52.215,52.245,52.28,52.325,52.349,52.377,52.409,52.441,52.471,52.506,52.547,52.587,52.63,52.655,52.692,52.727,52.763,52.802,52.849,52.897,52.934,52.986,53.039,53.084,53.138,53.194,53.252,53.327,53.396,53.47,53.563,53.67,53.759,53.875,54.058,54.33,54.817,55.813
1109,@TPP,48.049,49.026,49.323,49.529,49.71,49.793,49.93,50.036,50.133,50.211,50.271,50.334,50.396,50.462,50.493,50.556,50.609,50.655,50.705,50.75,50.798,50.849,50.886,50.922,50.954,50.983,51.025,51.063,51.112,51.147,51.177,51.217,51.244,51.287,51.312,51.352,51.388,51.427,51.458,51.484,51.513,51.54,51.576,51.609,51.642,51.677,51.702,51.731,51.755,51.78,51.812,51.835,51.862,51.89,51.923,51.959,51.983,52.025,52.048,52.09,52.115,52.151,52.186,52.215,52.245,52.28,52.325,52.349,52.377,52.409,52.441,52.471,52.506,52.547,52.587,52.63,52.655,52.692,52.727,52.763,52.802,52.849,52.897,52.934,52.986,53.039,53.084,53.138,53.194,53.252,53.327,53.396,53.47,53.563,53.67,53.759,53.875,54.058,54.33,54.817,55.813
1110,@TPP,48.302,49.067,49.321,49.478,49.61,49.744,49.878,49.967,50.055,50.138,50.202,50.283,50.329,50.41,50.488,50.532,50.6,50.648,50.693,50.737,50.791,50.831,50.87,50.903,50.942,50.987,51.031,51.056,51.086,51.12,51.158,51.193,51.225,51.249,51.297,51.33,51.366,51.419,51.452,51.486,51.52,51.548,51.574,51.597,51.628,51.658,51.691,51.729,51.761,51.782,51.815,51.847,51.881,51.913,51.937,51.961,51.991,52.025,52.05,52.085,52.108,52.134,52.168,52.193,52.233,52.265,52.296,52.323,52.344,52.37,52.404,52.437,52.487,52.514,52.548,52.596,52.645,52.682,52.725,52.754,52.792,52.833,52.872,52.923,52.982,53.028,53.087,53.15,53.21,53.266,53.327,53.391,53.477,53.594,53.694,53.85,53.963,54.181,54.39,54.7,56.043
1111,@TPP,48.302,49.067,49.321,49.478,49.61,49.744,49.878,49.967,50.055,50.138,50.202,50.283,50.329,50.41,50.488,50.532,50.6,50.648,50.693,50.737,50.791,50.831,50.87,50.903,50.942,50.987,51.031,51.056,51.086,51.12,51.158,51.193,51.225,51.249,51.297,51.33,51.366,51.419,51.452,51.486,51.52,51.548,51.574,51.597,51.628,51.658,51.691,51.729,51.761,51.782,51.815,51.847,51.881,51.913,51.937,51.961,51.991,52.025,52.05,52.085,52.108,52.134,52.168,52.193,52.233,52.265,52.296,52.323,52.344,52.37,52.404,52.437,52.487,52.514,52.548,52.596,52.645,52.682,52.725,52.754,52.792,52.833,52.872,52.923,52.982,53.028,53.087,53.15,53.21,53.266,53.327,53.391,53.477,53.594,53.694,53.85,53.963,54.181,54.39,54.7,56.043
1112,@TPP,48.074,48.898,49.253,49.519,49.666,49.769,49.838,49.952,50.016,50.117,50.204,50.291,50.36,50.413,50.48,50.534,50.588,50.633,50.694,50.74,50.785,50.834,50.869,50.921,50.949,50.986,51.022,51.058,51.095,51.127,51.167,51.196,51.223,51.256,51.287,51.317,51.35,51.39,51.427,51.454,51.488,51.52,51.548,51.574,51.599,51.627,51.661,51.687,51.726,51.771,51.804,51.834,51.859,51.886,51.92,51.947,51.985,52.013,52.044,52.075,52.111,52.143,52.169,52.195,52.229,52.268,52.302,52.334,52.365,52.391,52.424,52.462,52.501,52.541,52.582,52.612,52.655,52.691,52.722,52.764,52.821,52.867,52.913,52.954,53.006,53.057,53.1,53.155,53.218,53.277,53.354,53.419,53.484,53.575,53.693,53.869,53.985,54.111,54.283,54.759,55.997
1113,@TPP,48.074,48.898,49.253,49.519,49.666,49.769,49.838,49.952,50.016,50.117,50.204,50.291,50.36,50.413,50.48,50.534,50.588,50.633,50.694,50.74,50.785,50.834,50.869,50.921,50.949,50.986,51.022,51.058,51.095,51.127,51.167,51.196,51.223,51.256,51.287,51.317,51.35,51.39,51.427,51.454,51.488,51.52,51.548,51.574,51.599,51.627,51.661,51.687,51.726,51.771,51.804,51.834,51.859,51.886,51.92,51.947,51.985,52.013,52.044,52.075,52.111,52.143,52.169,52.195,52.229,52.268,52.302,52.334,52.365,52.391,52.424,52.462,52.501,52.541,52.582,52.612,52.655,52.691,52.722,52.764,52.821,52.867,52.913,52.954,53.006,53.057,53.1,53.155,53.218,53.277,53.354,53.419,53.484,53.575,53.693,53.869,53.985,54.111,54.283,54.759,55.997
1114,@TPP,47.957,48.908,49.19,49.414,49.616,49.764,49.866,49.968,50.033,50.119,50.198,50.267,50.33,50.4,50.45,50.485,50.553,50.613,50.67,50.706,50.764,50.808,50.848,50.893,50.922,50.953,50.99,51.023,51.071,51.107,51.139,51.187,51.225,51.251,51.285,51.322,51.347,51.385,51.422,51.468,51.491,51.525,51.55,51.572,51.603,51.644,51.664,51.69,51.723,51.764,51.792,51.82,51.844,51.87,51.91,51.933,51.956,51.987,52.015,52.04,52.072,52.105,52.137,52.167,52.199,52.242,52.274,52.314,52.352,52.397,52.43,52.478,52.513,52.551,52.584,52.634,52.671,52.709,52.747,52.796,52.827,52.867,52.91,52.948,53.01,53.066,53.131,53.172,53.23,53.28,53.348,53.448,53.538,53.626,53.706,53.798,53.963,54.181,54.379,54.824,55.783
1115,@TPP,47.957,48.908,49.19,49.414,49.616,49.764,49.866,49.968,50.033,50.119,50.198,50.267,50.33,50.4,50.45,50.485,50.553,50.613,50.67,50.706,50.764,50.808,50.848,50.893,50.922,50.953,50.99,51.023,51.071,51.107,51.139,51.187,51.225,51.251,51.285,51.322,51.347,51.385,51.422,51.468,51.491,51.525,51.55,51.572,51.603,51.644,51.664,51.69,51.723,51.764,51.792,51.82,51.844,51.87,51.91,51.933,51.956,51.987,52.015,52.04,52.072,52.105,52.137,52.167,52.199,52.242,52.274,52.314,52.352,52.397,52.43,52.478,52.513,52.551,52.584,52.634,52.671,52.709,52.747,52.796,52.827,52.867,52.91,52.948,53.01,53.066,53.131,53.172,53.23,53.28,53.348,53.448,53.538,53.626,53.706,53.798,53.963,54.181,54.379,54.824,55.783
1116,@TPP,47.869,48.979,49.253,49.44,49.579,49.75,49.832,49.922,50.01,50.075,50.146,50.216,50.273,50.318,50.384,50.451,50.524,50.584,50.639,50.688,50.734,50.776,50.817,50.861,50.897,50.929,50.969,51.011,51.044,51.087,51.114,51.148,51.205,51.24,51.269,51.296,51.331,51.359,51.388,51.414,51.441,51.473,51.51,51.54,51.561,51.597,51.629,51.664,51.694,51.736,51.765,51.792,51.819,51.855,51.89,51.922,51.952,51.982,52.016,52.039,52.071,52.109,52.145,52.179,52.207,52.235,52.275,52.313,52.354,52.378,52.415,52.471,52.511,52.543,52.586,52.62,52.655,52.699,52.738,52.795,52.843,52.878,52.943,52.995,53.037,53.088,53.166,53.211,53.269,53.327,53.431,53.483,53.554,53.638,53.741,53.848,53.991,54.139,54.382,54.801,55.887
1117,@TPP,47.869,48.979,49.253,49.44,49.579,49.75,49.832,49.922,50.01,50.075,50.146,50.216,50.273,50.318,50.384,50.451,50.524,50.584,50.639,50.688,50.734,50.776,50.817,50.861,50.897,50.929,50.969,51.011,51.044,51.087,51.114,51.148,51.205,51.24,51.269,51.296,51.331,51.359,51.388,51.414,51.441,51.473,51.51,51.54,51.561,51.597,51.629,51.664,51.694,51.736,51.765,51.792,51.819,51.855,51.89,51.922,51.952,51.982,52.016,52.039,52.071,52.109,52.145,52.179,52.207,52.235,52.275,52.313,52.354,52.378,52.415,52.471,52.511,52.543,52.586,52.62,52.655,52.699,52.738,52.795,52.843,52.878,52.943,52.995,53.037,53.088,53.166,53.211,53.269,53.327,53.431,53.483,53.554,53.638,53.741,53.848,53.991,54.139,54.382,54.801,55.887
1118,@TPP,47.863,48.92,49.233,49.458,49.607,49.721,49.813,49.91,49.99,50.067,50.131,50.191,50.244,50.32,50.396,50.463,50.51,50.568,50.626,50.67,50.705,50.752,50.816,50.865,50.91,50.948,50.99,51.035,51.069,51.112,51.142,51.185,51.215,51.246,51.274,51.31,51.338,51.37,51.396,51.427,51.459,51.479,51.506,51.541,51.574,51.6,51.643,51.667,51.701,51.723,51.752,51.783,51.811,51.846,51.88,51.919,51.949,51.98,52.004,52.035,52.065,52.097,52.118,52.161,52.199,52.247,52.278,52.304,52.343,52.377,52.405,52.444,52.481,52.503,52.553,52.589,52.637,52.663,52.732,52.774,52.833,52.875,52.93,52.983,53.039,53.1,53.153,53.2,53.257,53.323,53.367,53.447,53.559,53.67,53.801,53.906,54.044,54.148,54.487,54.79,56.038
1119,@TPP,47.863,48.92,49.233,49.458,49.607,49.721,49.813,49.91,49.99,50.067,50.131,50.191,50.244,50.32,50.396,50.463,50.51,50.568,50.626,50.67,50.705,50.752,50.816,50.865,50.91,50.948,50.99,51.035,51.069,51.112,51.142,51.185,51.215,51.246,51.274,51.31,51.338,51.37,51.396,51.427,51.459,51.479,51.506,51.541,51.574,51.6,51.643,51.667,51.701,51.723,51.752,51.783,51.811,51.846,51.88,51.919,51.949,51.98,52.004,52.035,52.065,52.097,52.118,52.161,52.199,52.247,52.278,52.304,52.343,52.377,52.405,52.444,52.481,52.503,52.553,52.589,52.637,52.663,52.732,52.774,52.833,52.875,52.93,52.983,53.039,53.1,53.153,53.2,53.257,53.323,53.367,53.447,53.559,53.67,53.801,53.906,54.044,54.148,54.487,54.79,56.038
1120,@TPP,47.987,48.812,49.188,49.347,49.503,49.671,49.783,49.883,49.976,50.055,50.121,50.207,50.263,50.341,50.4,50.458,50.517,50.57,50.618,50.658,50.711,50.749,50.784,50.837,50.882,50.913,50.942,50.987,51.03,51.069,51.109,51.156,51.19,51.227,51.256,51.278,51.308,51.346,51.387,51.415,51.461,51.499,51.532,51.549,51.589,51.623,51.659,51.692,51.725,51.749,51.777,51.807,51.837,51.863,51.887,51.914,51.942,51.978,52.006,52.03,52.061,52.094,52.134,52.16,52.197,52.226,52.258,52.295,52.319,52.356,52.389,52.423,52.462,52.494,52.529,52.578,52.635,52.684,52.738,52.778,52.831,52.873,52.92,52.973,53.012,53.057,53.131,53.198,53.277,53.34,53.398,53.467,53.539,53.662,53.774,53.874,54.022,54.199,54.43,54.926,55.852
1121,@TPP,47.987,48.812,49.188,49.347,49.503,49.671,49.783,49.883,49.976,50.055,50.121,50.207,50.263,50.341,50.4,50.458,50.517,50.57,50.618,50.658,50.711,50.749,50.784,50.837,50.882,50.913,50.942,50.987,51.03,51.069,51.109,51.156,51.19,51.227,51.256,51.278,51.308,51.346,51.387,51.415,51.461,51.499,51.532,51.549,51.589,51.623,51.659,51.692,51.725,51.749,51.777,51.807,51.837,51.863,51.887,51.914,51.942,51.978,52.006,52.03,52.061,52.094,52.134,52.16,52.197,52.226,52.258,52.295,52.319,52.356,52.389,52.423,52.462,52.494,52.529,52.578,52.635,52.684,52.738,52.778,52.831,52.873,52.92,52.973,53.012,53.057,53.131,53.198,53.277,53.34,53.398,53.467,53.539,53.662,53.774,53.874,54.022,54.199,54.43,54.926,55.852
1122,@TPP,48.027,48.841,49.163,49.392,49.556,49.663,49.746,49.849,49.942,50.024,50.132,50.214,50.275,50.334,50.39,50.445,50.508,50.569,50.599,50.641,50.705,50.744,50.792,50.824,50.866,50.908,50.943,50.981,51.016,51.055,51.09,51.132,51.163,51.197,51.229,51.263,51.296,51.327,51.356,51.391,51.423,51.456,51.485,51.53,51.566,51.596,51.634,51.664,51.687,51.719,51.755,51.795,51.82,51.845,51.873,51.906,51.941,51.974,52.012,52.045,52.071,52.108,52.138,52.168,52.203,52.23,52.269,52.303,52.33,52.359,52.413,52.436,52.468,52.52,52.554,52.592,52.627,52.662,52.711,52.76,52.817,52.873,52.92,52.971,53.026,53.077,53.123,53.18,53.248,53.303,53.398,53.469,53.576,53.648,53.786,53.942,54.08,54.233,54.462,54.917,55.941
1123,@TPP,48.027,48.841,49.163,49.392,49.556,49.663,49.746,49.849,49.942,50.024,50.132,50.214,50.275,50.334,50.39,50.445,50.508,50.569,50.599,50.641,50.705,50.744,50.792,50.824,50.866,50.908,50.943,50.981,51.016,51.055,51.09,51.132,51.163,51.197,51.229,51.263,51.296,51.327,51.356,51.391,51.423,51.456,51.485,51.53,51.566,51.596,51.634,51.664,51.687,51.719,51.755,51.795,51.82,51.845,51.873,51.906,51.941,51.974,52.012,52.045,52.071,52.108,52.138,52.168,52.203,52.23,52.269,52.303,52.33,52.359,52.413,52.436,52.468,52.52,52.554,52.592,52.627,52.662,52.711,52.76,52.817,52.873,52.92,52.971,53.026,53.077,53.123,53.18,53.248,53.303,53.398,53.469,53.576,53.648,53.786,53.942,54.08,54.233,54.462,54.917,55.941
1124,@TPP,47.936,48.863,49.107,49.335,49.517,49.674,49.809,49.892,49.976,50.048,50.121,50.201,50.268,50.321,50.37,50.438,50.499,50.535,50.598,50.651,50.701,50.747,50.794,50.839,50.88,50.924,50.961,50.99,51.031,51.07,51.107,51.147,51.172,51.204,51.241,51.277,51.3,51.344,51.383,51.406,51.447,51.476,51.508,51.535,51.558,51.595,51.623,51.656,51.689,51.711,51.735,51.769,51.805,51.829,51.864,51.902,51.94,51.975,52.008,52.041,52.07,52.098,52.14,52.177,52.213,52.25,52.289,52.329,52.376,52.413,52.445,52.485,52.511,52.544,52.589,52.619,52.659,52.689,52.72,52.768,52.814,52.86,52.901,52.944,53.007,53.071,53.123,53.177,53.246,53.338,53.415,53.482,53.556,53.62,53.76,53.889,54.019,54.185,54.413,54.764,56.208
1125,@TPP,47.936,48.863,49.107,49.335,49.517,49.674,49.809,49.892,49.976,50.048,50.121,50.201,50.268,50.321,50.37,50.438,50.499,50.535,50.598,50.651,50.701,50.747,50.794,50.839,50.88,50.924,50.961,50.99,51.031,51.07,51.107,51.147,51.172,51.204,51.241,51.277,51.3,51.344,51.383,51.406,51.447,51.476,51.508,51.535,51.558,51.595,51.623,51.656,51.689,51.711,51.735,51.769,51.805,51.829,51.864,51.902,51.94,51.975,52.008,52.041,52.07,52.098,52.14,52.177,52.213,52.25,52.289,52.329,52.376,52.413,52.445,52.485,52.511,52.544,52.589,52.619,52.659,52.689,52.72,52.768,52.814,52.86,52.901,52.944,53.007,53.071,53.123,53.177,53.246,53.338,53.415,53.482,53.556,53.62,53.76,53.889,54.019,54.185,54.413,54.764,56.208
1126,@TPP,47.97,48.776,49.134,49.341,49.522,49.666,49.787,49.879,49.955,50.03,50.115,50.171,50.249,50.315,50.371,50.413,50.466,50.517,50.568,50.612,50.661,50.699,50.738,50.793,50.838,50.876,50.925,50.961,50.998,51.04,51.08,51.116,51.147,51.181,51.228,51.274,51.314,51.342,51.374,51.413,51.453,51.499,51.53,51.56,51.592,51.621,51.648,51.677,51.707,51.734,51.759,51.795,51.823,51.856,51.881,51.906,51.937,51.972,52.018,52.058,52.098,52.122,52.158,52.191,52.235,52.264,52.291,52.348,52.385,52.414,52.454,52.474,52.514,52.55,52.586,52.626,52.664,52.704,52.753,52.808,52.848,52.891,52.93,52.972,53.023,53.074,53.144,53.21,53.275,53.347,53.425,53.494,53.579,53.658,53.738,53.81,54.001,54.17,54.436,54.812,56.077
1127,@TPP,47.97,48.776,49.134,49.341,49.522,49.666,49.787,49.879,49.955,50.03,50.115,50.171,50.249,50.315,50.371,50.413,50.466,50.517,50.568,50.612,50.661,50.699,50.738,50.793,50.838,50.876,50.925,50.961,50.998,51.04,51.08,51.116,51.147,51.181,51.228,51.274,51.314,51.342,51.374,51.413,51.453,51.499,51.53,51.56,51.592,51.621,51.648,51.677,51.707,51.734,51.759,51.795,51.823,51.856,51.881,51.906,51.937,51.972,52.018,52.058,52.098,52.122,52.158,52.191,52.235,52.264,52.291,52.348,52.385,52.414,52.454,52.474,52.514,52.55,52.586,52.626,52.664,52.704,52.753,52.808,52.848,52.891,52.93,52.972,53.023,53.074,53.144,53.21,53.275,53.347,53.425,53.494,53.579,53.658,53.738,53.81,54.001,54.17,54.436,54.812,56.077
1128,@TPP,47.962,48.843,49.155,49.314,49.519,49.641,49.78,49.89,49.965,50.039,50.128,50.176,50.253,50.314,50.379,50.42,50.48,50.525,50.579,50.624,50.678,50.711,50.754,50.81,50.855,50.895,50.923,50.95,50.98,51.025,51.072,51.103,51.139,51.165,51.205,51.237,51.278,51.303,51.344,51.379,51.422,51.455,51.488,51.524,51.549,51.592,51.629,51.671,51.711,51.755,51.788,51.813,51.839,51.867,51.898,51.932,51.967,52.011,52.043,52.07,52.096,52.13,52.167,52.201,52.231,52.257,52.287,52.324,52.368,52.412,52.458,52.492,52.521,52.566,52.603,52.635,52.672,52.703,52.746,52.792,52.846,52.893,52.936,52.969,53.019,53.073,53.114,53.173,53.242,53.318,53.39,53.501,53.579,53.663,53.725,53.818,53.963,54.202,54.428,54.762,56.216
1129,@TPP,47.962,48.843,49.155,49.314,49.519,49.641,49.78,49.89,49.965,50.039,50.128,50.176,50.253,50.314,50.379,50.42,50.48,50.525,50.579,50.624,50.678,50.711,50.754,50.81,50.855,50.895,50.923,50.95,50.98,51.025,51.072,51.103,51.139,51.165,51.205,51.237,51.278,51.303,51.344,51.379,51.422,51.455,51.488,51.524,51.549,51.592,51.629,51.671,51.711,51.755,51.788,51.813,51.839,51.867,51.898,51.932,51.967,52.011,52.043,52.07,52.096,52.13,52.167,52.201,52.231,52.257,52.287,52.324,52.368,52.412,52.458,52.492,52.521,52.566,52.603,52.635,52.672,52.703,52.746,52.792,52.846,52.893,52.936,52.969,53.019,53.073,53.114,53.173,53.242,53.318,53.39,53.501,53.579,53.663,53.725,53.818,53.963,54.202,54.428,54.762,56.216
1130,@TPP,47.867,48.878,49.091,49.329,49.564,49.717,49.789,49.895,49.986,50.073,50.157,50.235,50.296,50.348,50.386,50.428,50.477,50.532,50.589,50.628,50.668,50.712,50.76,50.807,50.836,50.883,50.92,50.97,51.01,51.043,51.076,51.107,51.153,51.194,51.23,51.276,51.307,51.345,51.372,51.402,51.433,51.463,51.495,51.544,51.591,51.631,51.664,51.693,51.718,51.754,51.798,51.845,51.871,51.901,51.931,51.959,51.985,52.013,52.04,52.064,52.099,52.131,52.164,52.196,52.227,52.264,52.3,52.333,52.354,52.398,52.441,52.463,52.505,52.543,52.574,52.608,52.64,52.689,52.739,52.783,52.847,52.893,52.939,52.983,53.038,53.078,53.133,53.194,53.282,53.347,53.406,53.48,53.557,53.651,53.772,53.868,54.026,54.196,54.369,54.747,56.247
1131,@TPP,47.867,48.878,49.091,49.329,49.564,49.717,49.789,49.895,49.986,50.073,50.157,50.235,50.296,50.348,50.386,50.428,50.477,50.532,50.589,50.628,50.668,50.712,50.76,50.807,50.836,50.883,50.92,50.97,51.01,51.043,51.076,51.107,51.153,51.194,51.23,51.276,51.307,51.345,51.372,51.402,51.433,51.463,51.495,51.544,51.591,51.631,51.664,51.693,51.718,51.754,51.798,51.845,51.871,51.901,51.931,51.959,51.985,52.013,52.04,52.064,52.099,52.131,52.164,52.196,52.227,52.264,52.3,52.333,52.354,52.398,52.441,52.463,52.505,52.543,52.574,52.608,52.64,52.689,52.739,52.783,52.847,52.893,52.939,52.983,53.038,53.078,53.133,53.194,53.282,53.347,53.406,53.48,53.557,53.651,53.772,53.868,54.026,54.196,54.369,54.747,56.247
1132,@TPP,48.082,48.782,49.155,49.388,49.505,49.667,49.799,49.891,49.965,50.043,50.105,50.183,50.245,50.305,50.368,50.425,50.488,50.536,50.577,50.629,50.678,50.729,50.771,50.81,50.844,50.884,50.939,50.972,51.014,51.041,51.076,51.118,51.166,51.204,51.234,51.272,51.304,51.344,51.378,51.401,51.442,51.483,51.509,51.537,51.576,51.603,51.64,51.681,51.717,51.752,51.796,51.838,51.87,51.895,51.927,51.949,51.983,52.01,52.035,52.059,52.096,52.124,52.161,52.203,52.241,52.284,52.315,52.345,52.379,52.404,52.439,52.482,52.504,52.54,52.586,52.63,52.663,52.7,52.741,52.774,52.808,52.863,52.907,52.951,53.002,53.049,53.102,53.184,53.267,53.336,53.422,53.498,53.575,53.664,53.759,53.892,54.002,54.183,54.45,54.836,56.168
1133,@TPP,48.082,48.782,49.155,49.388,49.505,49.667,49.799,49.891,49.965,50.043,50.105,50.183,50.245,50.305,50.368,50.425,50.488,50.536,50.577,50.629,50.678,50.729,50.771,50.81,50.844,50.884,50.939,50.972,51.014,51.041,51.076,51.118,51.166,51.204,51.234,51.272,51.304,51.344,51.378,51.401,51.442,51.483,51.509,51.537,51.576,51.603,51.64,51.681,51.717,51.752,51.796,51.838,51.87,51.895,51.927,51.949,51.983,52.01,52.035,52.059,52.096,52.124,52.161,52.203,52.241,52.284,52.315,52.345,52.379,52.404,52.439,52.482,52.504,52.54,52.586,52.63,52.663,52.7,52.741,52.774,52.808,52.863,52.907,52.951,53.002,53.049,53.102,53.184,53.267,53.336,53.422,53.498,53.575,53.664,53.759,53.892,54.002,54.183,54.45,54.836,56.168
1134,@TPP,48.025,48.715,49.099,49.374,49.551,49.681,49.797,49.912,49.998,50.07,50.141,50.226,50.292,50.345,50.394,50.465,50.526,50.577,50.614,50.665,50.708,50.754,50.802,50.833,50.87,50.905,50.948,50.994,51.031,51.068,51.103,51.134,51.178,51.212,51.242,51.269,51.296,51.335,51.377,51.408,51.448,51.477,51.505,51.539,51.573,51.604,51.64,51.672,51.707,51.74,51.769,51.796,51.829,51.863,51.888,51.925,51.964,51.993,52.02,52.052,52.087,52.118,52.148,52.179,52.219,52.255,52.285,52.318,52.351,52.372,52.412,52.455,52.491,52.531,52.574,52.61,52.639,52.684,52.726,52.767,52.807,52.846,52.902,52.948,53.011,53.05,53.115,53.174,53.25,53.351,53.409,53.485,53.559,53.638,53.728,53.867,54.016,54.218,54.429,54.885,56.027
1135,@TPP,48.025,48.715,49.099,49.374,49.551,49.681,49.797,49.912,49.998,50.07,50.141,50.226,50.292,50.345,50.394,50.465,50.526,50.577,50.614,50.665,50.708,50.754,50.802,50.833,50.87,50.905,50.948,50.994,51.031,51.068,51.103,51.134,51.178,51.212,51.242,51.269,51.296,51.335,51.377,51.408,51.448,51.477,51.505,51.539,51.573,51.604,51.64,51.672,51.707,51.74,51.769,51.796,51.829,51.863,51.888,51.925,51.964,51.993,52.02,52.052,52.087,52.118,52.148,52.179,52.219,52.255,52.285,52.318,52.351,52.372,52.412,52.455,52.491,52.531,52.574,52.61,52.639,52.684,52.726,52.767,52.807,52.846,52.902,52.948,53.011,53.05,53.115,53.174,53.25,53.351,53.409,53.485,53.559,53.638,53.728,53.867,54.016,54.218,54.429,54.885,56.027
1136,@TPP,48.044,48.842,49.161,49.399,49.57,49.656,49.784,49.916,49.987,50.076,50.157,50.222,50.288,50.347,50.402,50.461,50.521,50.58,50.634,50.665,50.707,50.749,50.779,50.827,50.877,50.91,50.947,50.987,51.04,51.073,51.102,51.135,51.158,51.188,51.229,51.268,51.304,51.342,51.379,51.407,51.44,51.479,51.518,51.549,51.582,51.615,51.647,51.677,51.705,51.73,51.758,51.789,51.822,51.849,51.893,51.919,51.949,51.998,52.028,52.067,52.104,52.128,52.148,52.186,52.221,52.251,52.293,52.313,52.346,52.389,52.419,52.464,52.503,52.545,52.569,52.608,52.655,52.696,52.731,52.789,52.829,52.868,52.921,52.972,53.014,53.07,53.114,53.183,53.223,53.281,53.357,53.447,53.558,53.63,53.745,53.899,54.017,54.202,54.428,54.802,56.043
1137,@TPP,48.044,48.842,49.161,49.399,49.57,49.656,49.784,49.916,49.987,50.076,50.157,50.222,50.288,50.347,50.402,50.461,50.521,50.58,50.634,50.665,50.707,50.749,50.779,50.827,50.877,50.91,50.947,50.987,51.04,51.073,51.102,51.135,51.158,51.188,51.229,51.268,51.304,51.342,51.379,51.407,51.44,51.479,51.518,51.549,51.582,51.615,51.647,51.677,51.705,51.73,51.758,51.789,51.822,51.849,51.893,51.919,51.949,51.998,52.028,52.067,52.104,52.128,52.148,52.186,52.221,52.251,52.293,52.313,52.346,52.389,52.419,52.464,52.503,52.545,52.569,52.608,52.655,52.696,52.731,52.789,52.829,52.868,52.921,52.972,53.014,53.07,53.114,53.183,53.223,53.281,53.357,53.447,53.558,53.63,53.745,53.899,54.017,54.202,54.428,54.802,56.043
1138,@TPP,47.952,48.887,49.202,49.427,49.568,49.686,49.79,49.886,49.972,50.082,50.158,50.225,50.312,50.359,50.427,50.476,50.517,50.583,50.631,50.672,50.722,50.752,50.792,50.841,50.873,50.911,50.952,50.985,51.02,51.06,51.093,51.129,51.175,51.219,51.249,51.277,51.317,51.366,51.398,51.431,51.454,51.488,51.519,51.548,51.579,51.605,51.637,51.674,51.701,51.732,51.762,51.793,51.833,51.864,51.898,51.93,51.959,51.99,52.024,52.069,52.099,52.125,52.152,52.175,52.225,52.254,52.284,52.307,52.348,52.377,52.414,52.45,52.476,52.516,52.55,52.596,52.638,52.683,52.722,52.763,52.805,52.86,52.905,52.954,53.011,53.077,53.12,53.188,53.258,53.314,53.383,53.434,53.518,53.588,53.722,53.818,53.998,54.16,54.426,54.775,56.076
1139,@TPP,47.952,48.887,49.202,49.427,49.568,49.686,49.79,49.886,49.972,50.082,50.158,50.225,50.312,50.359,50.427,50.476,50.517,50.583,50.631,50.672,50.722,50.752,50.792,50.841,50.873,50.911,50.952,50.985,51.02,51.06,51.093,51.129,51.175,51.219,51.249,51.277,51.317,51.366,51.398,51.431,51.454,51.488,51.519,51.548,51.579,51.605,51.637,51.674,51.701,51.732,51.762,51.793,51.833,51.864,51.898,51.93,51.959,51.99,52.024,52.069,52.099,52.125,52.152,52.175,52.225,52.254,52.284,52.307,52.348,52.377,52.414,52.45,52.476,52.516,52.55,52.596,52.638,52.683,52.722,52.763,52.805,52.86,52.905,52.954,53.011,53.077,53.12,53.188,53.258,53.314,53.383,53.434,53.518,53.588,53.722,53.818,53.998,54.16,54.426,54.775,56.076
1140,@TPP,47.954,48.847,49.208,49.402,49.538,49.676,49.791,49.901,49.973,50.069,50.156,50.231,50.289,50.346,50.394,50.465,50.511,50.575,50.627,50.661,50.705,50.745,50.79,50.828,50.867,50.915,50.959,50.996,51.033,51.068,51.103,51.136,51.179,51.216,51.255,51.289,51.323,51.357,51.399,51.428,51.463,51.489,51.529,51.561,51.592,51.619,51.651,51.673,51.711,51.744,51.771,51.805,51.841,51.868,51.9,51.931,51.963,51.997,52.027,52.055,52.087,52.121,52.158,52.183,52.203,52.241,52.274,52.311,52.346,52.376,52.412,52.451,52.487,52.526,52.552,52.594,52.628,52.676,52.716,52.759,52.791,52.83,52.865,52.916,52.96,53.006,53.062,53.117,53.188,53.264,53.345,53.408,53.494,53.603,53.7,53.803,53.968,54.172,54.379,54.808,55.671
1141,@TPP,47.954,48.847,49.208,49.402,49.538,49.676,49.791,49.901,49.973,50.069,50.156,50.231,50.289,50.346,50.394,50.465,50.511,50.575,50.627,50.661,50.705,50.745,50.79,50.828,50.867,50.915,50.959,50.996,51.033,51.068,51.103,51.136,51.179,51.216,51.255,51.289,51.323,51.357,51.399,51.428,51.463,51.489,51.529,51.561,51.592,51.619,51.651,51.673,51.711,51.744,51.771,51.805,51.841,51.868,51.9,51.931,51.963,51.997,52.027,52.055,52.087,52.121,52.158,52.183,52.203,52.241,52.274,52.311,52.346,52.376,52.412,52.451,52.487,52.526,52.552,52.594,52.628,52.676,52.716,52.759,52.791,52.83,52.865,52.916,52.96,53.006,53.062,53.117,53.188,53.264,53.345,53.408,53.494,53.603,53.7,53.803,53.968,54.172,54.379,54.808,55.671
1142,@TPP,47.917,48.891,49.2,49.416,49.542,49.677,49.775,49.868,49.978,50.057,50.135,50.2,50.248,50.327,50.378,50.44,50.501,50.566,50.627,50.675,50.714,50.76,50.794,50.858,50.893,50.93,50.978,51.012,51.053,51.092,51.118,51.162,51.186,51.221,51.241,51.265,51.303,51.335,51.362,51.401,51.431,51.463,51.501,51.534,51.565,51.599,51.639,51.686,51.716,51.749,51.772,51.811,51.849,51.884,51.91,51.936,51.981,52.009,52.036,52.071,52.101,52.129,52.169,52.192,52.22,52.259,52.291,52.314,52.339,52.372,52.396,52.428,52.461,52.492,52.523,52.56,52.593,52.635,52.67,52.714,52.762,52.801,52.854,52.913,52.972,53.034,53.103,53.158,53.218,53.265,53.328,53.411,53.469,53.551,53.656,53.78,53.993,54.122,54.393,54.823,55.569
1143,@TPP,47.917,48.891,49.2,49.416,49.542,49.677,49.775,49.868,49.978,50.057,50.135,50.2,50.248,50.327,50.378,50.44,50.501,50.566,50.627,50.675,50.714,50.76,50.794,50.858,50.893,50.93,50.978,51.012,51.053,51.092,51.118,51.162,51.186,51.221,51.241,51.265,51.303,51.335,51.362,51.401,51.431,51.463,51.501,51.534,51.565,51.599,51.639,51.686,51.716,51.749,51.772,51.811,51.849,51.884,51.91,51.936,51.981,52.009,52.036,52.071,52.101,52.129,52.169,52.192,52.22,52.259,52.291,52.314,52.339,52.372,52.396,52.428,52.461,52.492,52.523,52.56,52.593,52.635,52.67,52.714,52.762,52.801,52.854,52.913,52.972,53.034,53.103,53.158,53.218,53.265,53.328,53.411,53.469,53.551,53.656,53.78,53.993,54.122,54.393,54.823,55.569
1144,@TPP,48.0,48.934,49.242,49.407,49.551,49.692,49.82,49.934,50.022,50.1,50.177,50.253,50.314,50.363,50.417,50.487,50.534,50.58,50.63,50.672,50.724,50.758,50.814,50.853,50.897,50.944,50.984,51.031,51.06,51.108,51.14,51.183,51.209,51.24,51.269,51.31,51.344,51.37,51.403,51.442,51.469,51.495,51.523,51.552,51.588,51.613,51.643,51.676,51.707,51.733,51.766,51.797,51.829,51.862,51.889,51.91,51.939,51.97,51.997,52.023,52.055,52.083,52.117,52.147,52.181,52.208,52.236,52.275,52.31,52.335,52.381,52.421,52.452,52.49,52.532,52.567,52.607,52.65,52.69,52.726,52.761,52.793,52.851,52.89,52.932,52.987,53.05,53.103,53.173,53.237,53.323,53.399,53.495,53.587,53.678,53.783,53.916,54.094,54.402,54.679,55.571
1145,@TPP,48.0,48.934,49.242,49.407,49.551,49.692,49.82,49.934,50.022,50.1,50.177,50.253,50.314,50.363,50.417,50.487,50.534,50.58,50.63,50.672,50.724,50.758,50.814,50.853,50.897,50.944,50.984,51.031,51.06,51.108,51.14,51.183,51.209,51.24,51.269,51.31,51.344,51.37,51.403,51.442,51.469,51.495,51.523,51.552,51.588,51.613,51.643,51.676,51.707,51.733,51.766,51.797,51.829,51.862,51.889,51.91,51.939,51.97,51.997,52.023,52.055,52.083,52.117,52.147,52.181,52.208,52.236,52.275,52.31,52.335,52.381,52.421,52.452,52.49,52.532,52.567,52.607,52.65,52.69,52.726,52.761,52.793,52.851,52.89,52.932,52.987,53.05,53.103,53.173,53.237,53.323,53.399,53.495,53.587,53.678,53.783,53.916,54.094,54.402,54.679,55.571
1146,@TPP,48.239,48.905,49.186,49.44,49.586,49.69,49.82,49.94,50.023,50.115,50.185,50.238,50.309,50.36,50.422,50.472,50.533,50.591,50.648,50.702,50.746,50.781,50.828,50.874,50.904,50.942,50.978,51.019,51.055,51.105,51.141,51.178,51.215,51.249,51.281,51.314,51.342,51.371,51.411,51.438,51.468,51.498,51.526,51.552,51.589,51.62,51.658,51.685,51.718,51.743,51.771,51.802,51.829,51.861,51.887,51.916,51.94,51.967,51.997,52.029,52.049,52.085,52.12,52.148,52.172,52.208,52.244,52.28,52.308,52.341,52.374,52.413,52.441,52.483,52.525,52.568,52.607,52.658,52.685,52.729,52.764,52.79,52.829,52.871,52.942,52.995,53.053,53.12,53.187,53.259,53.323,53.398,53.463,53.561,53.655,53.785,53.952,54.182,54.381,54.69,55.366
1147,@TPP,48.239,48.905,49.186,49.44,49.586,49.69,49.82,49.94,50.023,50.115,50.185,50.238,50.309,50.36,50.422,50.472,50.533,50.591,50.648,50.702,50.746,50.781,50.828,50.874,50.904,50.942,50.978,51.019,51.055,51.105,51.141,51.178,51.215,51.249,51.281,51.314,51.342,51.371,51.411,51.438,51.468,51.498,51.526,51.552,51.589,51.62,51.658,51.685,51.718,51.743,51.771,51.802,51.829,51.861,51.887,51.916,51.94,51.967,51.997,52.029,52.049,52.085,52.12,52.148,52.172,52.208,52.244,52.28,52.308,52.341,52.374,52.413,52.441,52.483,52.525,52.568,52.607,52.658,52.685,52.729,52.764,52.79,52.829,52.871,52.942,52.995,53.053,53.12,53.187,53.259,53.323,53.398,53.463,53.561,53.655,53.785,53.952,54.182,54.381,54.69,55.366
1148,@TPP,48.208,48.932,49.366,49.488,49.658,49.762,49.87,49.948,50.023,50.111,50.181,50.237,50.32,50.363,50.427,50.487,50.549,50.607,50.657,50.702,50.743,50.789,50.832,50.88,50.916,50.946,50.993,51.037,51.07,51.104,51.142,51.185,51.217,51.246,51.274,51.301,51.327,51.347,51.38,51.417,51.45,51.483,51.507,51.529,51.558,51.578,51.611,51.649,51.678,51.714,51.748,51.777,51.806,51.834,51.863,51.887,51.918,51.953,51.982,52.007,52.058,52.087,52.127,52.156,52.188,52.228,52.257,52.29,52.318,52.344,52.375,52.4,52.428,52.472,52.503,52.564,52.604,52.64,52.666,52.716,52.754,52.799,52.838,52.88,52.928,52.982,53.031,53.08,53.149,53.216,53.287,53.354,53.425,53.517,53.616,53.739,53.89,54.048,54.335,54.64,55.474
1149,@TPP,48.208,48.932,49.366,49.488,49.658,49.762,49.87,49.948,50.023,50.111,50.181,50.237,50.32,50.363,50.427,50.487,50.549,50.607,50.657,50.702,50.743,50.789,50.832,50.88,50.916,50.946,50.993,51.037,51.07,51.104,51.142,51.185,51.217,51.246,51.274,51.301,51.327,51.347,51.38,51.417,51.45,51.483,51.507,51.529,51.558,51.578,51.611,51.649,51.678,51.714,51.748,51.777,51.806,51.834,51.863,51.887,51.918,51.953,51.982,52.007,52.058,52.087,52.127,52.156,52.188,52.228,52.257,52.29,52.318,52.344,52.375,52.4,52.428,52.472,52.503,52.564,52.604,52.64,52.666,52.716,52.754,52.799,52.838,52.88,52.928,52.982,53.031,53.08,53.149,53.216,53.287,53.354,53.425,53.517,53.616,53.739,53.89,54.048,54.335,54.64,55.474
1150,@TPP,48.278,49.123,49.356,49.584,49.694,49.809,49.909,49.995,50.077,50.157,50.221,50.29,50.34,50.406,50.469,50.522,50.569,50.619,50.669,50.711,50.749,50.784,50.826,50.865,50.917,50.957,51.002,51.043,51.08,51.112,51.141,51.188,51.208,51.258,51.286,51.311,51.338,51.362,51.397,51.424,51.455,51.493,51.528,51.552,51.58,51.614,51.644,51.672,51.696,51.724,51.758,51.779,51.804,51.829,51.858,51.894,51.927,51.964,51.993,52.026,52.049,52.084,52.112,52.139,52.171,52.198,52.226,52.269,52.301,52.336,52.387,52.424,52.46,52.497,52.521,52.548,52.578,52.623,52.664,52.699,52.735,52.773,52.817,52.863,52.904,52.973,53.018,53.06,53.131,53.198,53.232,53.284,53.361,53.443,53.55,53.666,53.792,54.021,54.271,54.546,55.322
1151,@TPP,48.278,49.123,49.356,49.584,49.694,49.809,49.909,49.995,50.077,50.157,50.221,50.29,50.34,50.406,50.469,50.522,50.569,50.619,50.669,50.711,50.749,50.784,50.826,50.865,50.917,50.957,51.002,51.043,51.08,51.112,51.141,51.188,51.208,51.258,51.286,51.311,51.338,51.362,51.397,51.424,51.455,51.493,51.528,51.552,51.58,51.614,51.644,51.672,51.696,51.724,51.758,51.779,51.804,51.829,51.858,51.894,51.927,51.964,51.993,52.026,52.049,52.084,52.112,52.139,52.171,52.198,52.226,52.269,52.301,52.336,52.387,52.424,52.46,52.497,52.521,52.548,52.578,52.623,52.664,52.699,52.735,52.773,52.817,52.863,52.904,52.973,53.018,53.06,53.131,53.198,53.232,53.284,53.361,53.443,53.55,53.666,53.792,54.021,54.271,54.546,55.322
1152,@TPP,48.498,49.153,49.437,49.607,49.726,49.854,49.96,50.057,50.128,50.204,50.262,50.32,50.378,50.438,50.502,50.553,50.614,50.66,50.701,50.754,50.8,50.841,50.882,50.915,50.956,51.005,51.03,51.058,51.088,51.11,51.143,51.176,51.206,51.237,51.279,51.321,51.355,51.389,51.417,51.446,51.472,51.501,51.535,51.558,51.593,51.625,51.662,51.691,51.717,51.742,51.764,51.789,51.821,51.844,51.869,51.895,51.932,51.96,51.984,52.01,52.037,52.077,52.106,52.126,52.156,52.194,52.221,52.254,52.292,52.325,52.357,52.404,52.445,52.481,52.51,52.549,52.593,52.629,52.671,52.711,52.749,52.796,52.845,52.898,52.95,52.985,53.029,53.072,53.132,53.201,53.253,53.308,53.372,53.46,53.557,53.665,53.766,53.942,54.159,54.53,55.412
1153,@TPP,48.498,49.153,49.437,49.607,49.726,49.854,49.96,50.057,50.128,50.204,50.262,50.32,50.378,50.438,50.502,50.553,50.614,50.66,50.701,50.754,50.8,50.841,50.882,50.915,50.956,51.005,51.03,51.058,51.088,51.11,51.143,51.176,51.206,51.237,51.279,51.321,51.355,51.389,51.417,51.446,51.472,51.501,51.535,51.558,51.593,51.625,51.662,51.691,51.717,51.742,51.764,51.789,51.821,51.844,51.869,51.895,51.932,51.96,51.984,52.01,52.037,52.077,52.106,52.126,52.156,52.194,52.221,52.254,52.292,52.325,52.357,52.404,52.445,52.481,52.51,52.549,52.593,52.629,52.671,52.711,52.749,52.796,52.845,52.898,52.95,52.985,53.029,53.072,53.132,53.201,53.253,53.308,53.372,53.46,53.557,53.665,53.766,53.942,54.159,54.53,55.412
1154,@TPP,48.527,49.222,49.509,49.652,49.831,49.942,50.063,50.15,50.21,50.272,50.338,50.383,50.43,50.478,50.545,50.598,50.647,50.707,50.753,50.819,50.857,50.899,50.935,50.973,51.007,51.041,51.076,51.111,51.157,51.188,51.219,51.249,51.275,51.308,51.34,51.368,51.388,51.415,51.442,51.48,51.515,51.552,51.576,51.609,51.639,51.659,51.693,51.72,51.749,51.784,51.811,51.853,51.875,51.895,51.919,51.95,51.972,51.999,52.025,52.056,52.089,52.119,52.159,52.198,52.229,52.257,52.296,52.318,52.349,52.388,52.42,52.477,52.509,52.54,52.572,52.602,52.633,52.676,52.712,52.742,52.791,52.831,52.868,52.915,52.966,53.011,53.067,53.128,53.191,53.244,53.305,53.374,53.46,53.536,53.631,53.722,53.866,54.0,54.206,54.593,55.368
1155,@TPP,48.527,49.222,49.509,49.652,49.831,49.942,50.063,50.15,50.21,50.272,50.338,50.383,50.43,50.478,50.545,50.598,50.647,50.707,50.753,50.819,50.857,50.899,50.935,50.973,51.007,51.041,51.076,51.111,51.157,51.188,51.219,51.249,51.275,51.308,51.34,51.368,51.388,51.415,51.442,51.48,51.515,51.552,51.576,51.609,51.639,51.659,51.693,51.72,51.749,51.784,51.811,51.853,51.875,51.895,51.919,51.95,51.972,51.999,52.025,52.056,52.089,52.119,52.159,52.198,52.229,52.257,52.296,52.318,52.349,52.388,52.42,52.477,52.509,52.54,52.572,52.602,52.633,52.676,52.712,52.742,52.791,52.831,52.868,52.915,52.966,53.011,53.067,53.128,53.191,53.244,53.305,53.374,53.46,53.536,53.631,53.722,53.866,54.0,54.206,54.593,55.368
1156,@TPP,48.768,49.3,49.536,49.716,49.849,49.968,50.09,50.169,50.234,50.311,50.381,50.452,50.502,50.565,50.6,50.666,50.709,50.752,50.809,50.857,50.911,50.953,51.001,51.032,51.067,51.11,51.147,51.188,51.228,51.256,51.289,51.321,51.347,51.377,51.409,51.434,51.463,51.492,51.524,51.55,51.572,51.602,51.631,51.654,51.682,51.711,51.748,51.773,51.808,51.834,51.857,51.893,51.926,51.952,51.977,52.0,52.024,52.049,52.08,52.114,52.148,52.184,52.21,52.247,52.278,52.318,52.345,52.378,52.405,52.43,52.468,52.503,52.536,52.574,52.599,52.636,52.672,52.707,52.76,52.795,52.839,52.884,52.944,52.988,53.031,53.08,53.121,53.18,53.222,53.285,53.344,53.409,53.492,53.563,53.705,53.804,53.889,54.078,54.328,54.654,55.468
1157,@TPP,48.768,49.3,49.536,49.716,49.849,49.968,50.09,50.169,50.234,50.311,50.381,50.452,50.502,50.565,50.6,50.666,50.709,50.752,50.809,50.857,50.911,50.953,51.001,51.032,51.067,51.11,51.147,51.188,51.228,51.256,51.289,51.321,51.347,51.377,51.409,51.434,51.463,51.492,51.524,51.55,51.572,51.602,51.631,51.654,51.682,51.711,51.748,51.773,51.808,51.834,51.857,51.893,51.926,51.952,51.977,52.0,52.024,52.049,52.08,52.114,52.148,52.184,52.21,52.247,52.278,52.318,52.345,52.378,52.405,52.43,52.468,52.503,52.536,52.574,52.599,52.636,52.672,52.707,52.76,52.795,52.839,52.884,52.944,52.988,53.031,53.08,53.121,53.18,53.222,53.285,53.344,53.409,53.492,53.563,53.705,53.804,53.889,54.078,54.328,54.654,55.468
1158,@TPP,48.789,49.301,49.631,49.805,49.932,50.026,50.136,50.237,50.321,50.385,50.457,50.509,50.564,50.635,50.69,50.748,50.78,50.839,50.876,50.922,50.959,51.007,51.046,51.079,51.119,51.156,51.183,51.229,51.267,51.29,51.32,51.349,51.38,51.414,51.451,51.486,51.511,51.539,51.58,51.605,51.642,51.669,51.704,51.724,51.752,51.78,51.802,51.831,51.855,51.881,51.911,51.941,51.969,52.001,52.022,52.055,52.088,52.111,52.155,52.183,52.221,52.244,52.273,52.299,52.333,52.361,52.389,52.418,52.446,52.481,52.523,52.558,52.593,52.617,52.654,52.698,52.725,52.754,52.797,52.832,52.875,52.917,52.958,53.005,53.06,53.1,53.146,53.208,53.276,53.328,53.402,53.473,53.548,53.624,53.715,53.828,53.96,54.119,54.375,54.637,55.589
1159,@TPP,48.789,49.301,49.631,49.805,49.932,50.026,50.136,50.237,50.321,50.385,50.457,50.509,50.564,50.635,50.69,50.748,50.78,50.839,50.876,50.922,50.959,51.007,51.046,51.079,51.119,51.156,51.183,51.229,51.267,51.29,51.32,51.349,51.38,51.414,51.451,51.486,51.511,51.539,51.58,51.605,51.642,51.669,51.704,51.724,51.752,51.78,51.802,51.831,51.855,51.881,51.911,51.941,51.969,52.001,52.022,52.055,52.088,52.111,52.155,52.183,52.221,52.244,52.273,52.299,52.333,52.361,52.389,52.418,52.446,52.481,52.523,52.558,52.593,52.617,52.654,52.698,52.725,52.754,52.797,52.832,52.875,52.917,52.958,53.005,53.06,53.1,53.146,53.208,53.276,53.328,53.402,53.473,53.548,53.624,53.715,53.828,53.96,54.119,54.375,54.637,55.589
1160,@TPP,48.567,49.416,49.702,49.878,50.003,50.122,50.249,50.338,50.401,50.441,50.523,50.58,50.655,50.7,50.756,50.814,50.859,50.897,50.95,50.994,51.023,51.062,51.091,51.121,51.161,51.196,51.24,51.278,51.296,51.329,51.362,51.387,51.421,51.455,51.484,51.512,51.545,51.574,51.612,51.641,51.671,51.708,51.739,51.763,51.786,51.819,51.852,51.879,51.908,51.937,51.965,51.992,52.015,52.038,52.075,52.101,52.143,52.171,52.204,52.227,52.255,52.286,52.319,52.355,52.386,52.409,52.436,52.46,52.494,52.522,52.546,52.581,52.608,52.634,52.675,52.719,52.754,52.797,52.836,52.867,52.916,52.956,53.019,53.071,53.125,53.165,53.218,53.256,53.311,53.387,53.455,53.518,53.618,53.71,53.79,53.894,54.02,54.143,54.376,54.674,55.719
1161,@TPP,48.567,49.416,49.702,49.878,50.003,50.122,50.249,50.338,50.401,50.441,50.523,50.58,50.655,50.7,50.756,50.814,50.859,50.897,50.95,50.994,51.023,51.062,51.091,51.121,51.161,51.196,51.24,51.278,51.296,51.329,51.362,51.387,51.421,51.455,51.484,51.512,51.545,51.574,51.612,51.641,51.671,51.708,51.739,51.763,51.786,51.819,51.852,51.879,51.908,51.937,51.965,51.992,52.015,52.038,52.075,52.101,52.143,52.171,52.204,52.227,52.255,52.286,52.319,52.355,52.386,52.409,52.436,52.46,52.494,52.522,52.546,52.581,52.608,52.634,52.675,52.719,52.754,52.797,52.836,52.867,52.916,52.956,53.019,53.071,53.125,53.165,53.218,53.256,53.311,53.387,53.455,53.518,53.618,53.71,53.79,53.894,54.02,54.143,54.376,54.674,55.719
1162,@TPP,48.614,49.533,49.788,49.949,50.116,50.182,50.285,50.368,50.447,50.537,50.593,50.638,50.713,50.778,50.824,50.872,50.901,50.945,50.979,51.013,51.059,51.096,51.15,51.176,51.212,51.254,51.29,51.321,51.352,51.387,51.415,51.44,51.464,51.496,51.531,51.562,51.59,51.622,51.663,51.693,51.729,51.763,51.788,51.815,51.833,51.865,51.889,51.915,51.945,51.968,51.997,52.024,52.063,52.086,52.116,52.143,52.18,52.222,52.255,52.298,52.325,52.348,52.378,52.403,52.443,52.469,52.5,52.529,52.55,52.577,52.608,52.634,52.679,52.715,52.75,52.777,52.819,52.847,52.884,52.919,52.974,53.019,53.06,53.128,53.181,53.24,53.28,53.319,53.392,53.466,53.525,53.574,53.654,53.74,53.825,53.967,54.081,54.261,54.486,54.805,55.588
1163,@TPP,48.614,49.533,49.788,49.949,50.116,50.182,50.285,50.368,50.447,50.537,50.593,50.638,50.713,50.778,50.824,50.872,50.901,50.945,50.979,51.013,51.059,51.096,51.15,51.176,51.212,51.254,51.29,51.321,51.352,51.387,51.415,51.44,51.464,51.496,51.531,51.562,51.59,51.622,51.663,51.693,51.729,51.763,51.788,51.815,51.833,51.865,51.889,51.915,51.945,51.968,51.997,52.024,52.063,52.086,52.116,52.143,52.18,52.222,52.255,52.298,52.325,52.348,52.378,52.403,52.443,52.469,52.5,52.529,52.55,52.577,52.608,52.634,52.679,52.715,52.75,52.777,52.819,52.847,52.884,52.919,52.974,53.019,53.06,53.128,53.181,53.24,53.28,53.319,53.392,53.466,53.525,53.574,53.654,53.74,53.825,53.967,54.081,54.261,54.486,54.805,55.588
1164,@TPP,48.461,49.583,49.801,49.974,50.134,50.239,50.355,50.429,50.51,50.593,50.637,50.703,50.747,50.779,50.825,50.884,50.938,50.99,51.041,51.076,51.11,51.159,51.194,51.23,51.26,51.29,51.333,51.368,51.406,51.425,51.461,51.5,51.524,51.558,51.595,51.62,51.644,51.681,51.715,51.75,51.776,51.798,51.83,51.862,51.903,51.926,51.951,51.98,52.006,52.041,52.066,52.09,52.119,52.153,52.195,52.222,52.238,52.267,52.296,52.328,52.361,52.385,52.409,52.439,52.469,52.5,52.535,52.56,52.588,52.62,52.659,52.691,52.724,52.754,52.797,52.828,52.87,52.914,52.953,52.989,53.028,53.072,53.125,53.179,53.222,53.267,53.31,53.363,53.424,53.493,53.555,53.629,53.714,53.784,53.863,53.97,54.11,54.255,54.473,54.751,55.51
1165,@TPP,48.461,49.583,49.801,49.974,50.134,50.239,50.355,50.429,50.51,50.593,50.637,50.703,50.747,50.779,50.825,50.884,50.938,50.99,51.041,51.076,51.11,51.159,51.194,51.23,51.26,51.29,51.333,51.368,51.406,51.425,51.461,51.5,51.524,51.558,51.595,51.62,51.644,51.681,51.715,51.75,51.776,51.798,51.83,51.862,51.903,51.926,51.951,51.98,52.006,52.041,52.066,52.09,52.119,52.153,52.195,52.222,52.238,52.267,52.296,52.328,52.361,52.385,52.409,52.439,52.469,52.5,52.535,52.56,52.588,52.62,52.659,52.691,52.724,52.754,52.797,52.828,52.87,52.914,52.953,52.989,53.028,53.072,53.125,53.179,53.222,53.267,53.31,53.363,53.424,53.493,53.555,53.629,53.714,53.784,53.863,53.97,54.11,54.255,54.473,54.751,55.51
1166,@TPP,48.403,49.563,49.848,50.075,50.189,50.282,50.403,50.482,50.554,50.635,50.713,50.768,50.833,50.883,50.926,50.968,51.017,51.057,51.087,51.138,51.181,51.223,51.253,51.297,51.329,51.363,51.391,51.417,51.456,51.482,51.518,51.548,51.579,51.607,51.648,51.675,51.705,51.737,51.761,51.79,51.815,51.838,51.876,51.901,51.929,51.967,51.998,52.028,52.059,52.097,52.12,52.152,52.17,52.195,52.217,52.242,52.278,52.31,52.339,52.372,52.404,52.437,52.465,52.483,52.516,52.544,52.575,52.606,52.634,52.672,52.708,52.738,52.775,52.802,52.833,52.877,52.924,52.958,52.997,53.033,53.084,53.124,53.169,53.229,53.299,53.358,53.414,53.46,53.517,53.578,53.634,53.694,53.749,53.831,53.946,54.023,54.148,54.298,54.479,54.768,55.719
1167,@TPP,48.403,49.563,49.848,50.075,50.189,50.282,50.403,50.482,50.554,50.635,50.713,50.768,50.833,50.883,50.926,50.968,51.017,51.057,51.087,51.138,51.181,51.223,51.253,51.297,51.329,51.363,51.391,51.417,51.456,51.482,51.518,51.548,51.579,51.607,51.648,51.675,51.705,51.737,51.761,51.79,51.815,51.838,51.876,51.901,51.929,51.967,51.998,52.028,52.059,52.097,52.12,52.152,52.17,52.195,52.217,52.242,52.278,52.31,52.339,52.372,52.404,52.437,52.465,52.483,52.516,52.544,52.575,52.606,52.634,52.672,52.708,52.738,52.775,52.802,52.833,52.877,52.924,52.958,52.997,53.033,53.084,53.124,53.169,53.229,53.299,53.358,53.414,53.46,53.517,53.578,53.634,53.694,53.749,53.831,53.946,54.023,54.148,54.298,54.479,54.768,55.719
1168,@TPP,48.692,49.697,49.891,50.075,50.288,50.393,50.498,50.559,50.634,50.717,50.771,50.846,50.901,50.946,50.994,51.053,51.11,51.147,51.188,51.237,51.269,51.305,51.346,51.368,51.4,51.434,51.465,51.495,51.53,51.562,51.594,51.629,51.665,51.695,51.726,51.754,51.781,51.811,51.843,51.876,51.903,51.929,51.957,51.98,52.007,52.037,52.071,52.102,52.126,52.148,52.18,52.207,52.23,52.262,52.283,52.307,52.334,52.366,52.381,52.408,52.434,52.46,52.484,52.525,52.56,52.59,52.622,52.657,52.687,52.712,52.761,52.795,52.829,52.879,52.905,52.939,52.966,53.002,53.034,53.074,53.122,53.158,53.198,53.245,53.302,53.356,53.405,53.444,53.495,53.544,53.611,53.676,53.739,53.8,53.891,54.048,54.157,54.349,54.495,54.736,55.731
1169,@TPP,48.692,49.697,49.891,50.075,50.288,50.393,50.498,50.559,50.634,50.717,50.771,50.846,50.901,50.946,50.994,51.053,51.11,51.147,51.188,51.237,51.269,51.305,51.346,51.368,51.4,51.434,51.465,51.495,51.53,51.562,51.594,51.629,51.665,51.695,51.726,51.754,51.781,51.811,51.843,51.876,51.903,51.929,51.957,51.98,52.007,52.037,52.071,52.102,52.126,52.148,52.18,52.207,52.23,52.262,52.283,52.307,52.334,52.366,52.381,52.408,52.434,52.46,52.484,52.525,52.56,52.59,52.622,52.657,52.687,52.712,52.761,52.795,52.829,52.879,52.905,52.939,52.966,53.002,53.034,53.074,53.122,53.158,53.198,53.245,53.302,53.356,53.405,53.444,53.495,53.544,53.611,53.676,53.739,53.8,53.891,54.048,54.157,54.349,54.495,54.736,55.731
1170,@TPP,49.343,49.944,50.215,50.355,50.473,50.607,50.677,50.766,50.823,50.906,51.0,51.049,51.118,51.176,51.226,51.266,51.299,51.341,51.4,51.432,51.464,51.501,51.547,51.587,51.617,51.645,51.679,51.713,51.753,51.779,51.802,51.837,51.877,51.906,51.93,51.959,51.981,52.009,52.037,52.063,52.085,52.108,52.134,52.155,52.183,52.211,52.237,52.27,52.294,52.335,52.365,52.392,52.416,52.436,52.463,52.485,52.509,52.535,52.568,52.598,52.622,52.658,52.683,52.7,52.731,52.753,52.781,52.807,52.834,52.859,52.889,52.916,52.954,52.985,53.021,53.057,53.102,53.142,53.19,53.226,53.254,53.289,53.322,53.36,53.402,53.44,53.488,53.526,53.578,53.641,53.691,53.761,53.818,53.891,53.963,54.072,54.179,54.297,54.499,54.738,55.407
1171,@TPP,49.343,49.944,50.215,50.355,50.473,50.607,50.677,50.766,50.823,50.906,51.0,51.049,51.118,51.176,51.226,51.266,51.299,51.341,51.4,51.432,51.464,51.501,51.547,51.587,51.617,51.645,51.679,51.713,51.753,51.779,51.802,51.837,51.877,51.906,51.93,51.959,51.981,52.009,52.037,52.063,52.085,52.108,52.134,52.155,52.183,52.211,52.237,52.27,52.294,52.335,52.365,52.392,52.416,52.436,52.463,52.485,52.509,52.535,52.568,52.598,52.622,52.658,52.683,52.7,52.731,52.753,52.781,52.807,52.834,52.859,52.889,52.916,52.954,52.985,53.021,53.057,53.102,53.142,53.19,53.226,53.254,53.289,53.322,53.36,53.402,53.44,53.488,53.526,53.578,53.641,53.691,53.761,53.818,53.891,53.963,54.072,54.179,54.297,54.499,54.738,55.407
1172,@TPP,49.61,50.442,50.646,50.8,50.928,51.028,51.084,51.152,51.203,51.275,51.343,51.385,51.427,51.466,51.513,51.56,51.605,51.638,51.672,51.713,51.745,51.776,51.806,51.83,51.859,51.891,51.923,51.953,51.979,52.019,52.049,52.072,52.095,52.122,52.148,52.176,52.21,52.243,52.265,52.281,52.31,52.329,52.355,52.374,52.405,52.424,52.451,52.482,52.508,52.528,52.555,52.579,52.605,52.629,52.649,52.676,52.695,52.715,52.738,52.761,52.783,52.807,52.839,52.86,52.88,52.902,52.926,52.943,52.987,53.009,53.04,53.069,53.1,53.134,53.156,53.189,53.214,53.25,53.279,53.302,53.33,53.362,53.394,53.44,53.484,53.523,53.569,53.601,53.635,53.675,53.72,53.759,53.817,53.884,53.981,54.063,54.144,54.294,54.464,54.7,55.336
1173,@TPP,49.61,50.442,50.646,50.8,50.928,51.028,51.084,51.152,51.203,51.275,51.343,51.385,51.427,51.466,51.513,51.56,51.605,51.638,51.672,51.713,51.745,51.776,51.806,51.83,51.859,51.891,51.923,51.953,51.979,52.019,52.049,52.072,52.095,52.122,52.148,52.176,52.21,52.243,52.265,52.281,52.31,52.329,52.355,52.374,52.405,52.424,52.451,52.482,52.508,52.528,52.555,52.579,52.605,52.629,52.649,52.676,52.695,52.715,52.738,52.761,52.783,52.807,52.839,52.86,52.88,52.902,52.926,52.943,52.987,53.009,53.04,53.069,53.1,53.134,53.156,53.189,53.214,53.25,53.279,53.302,53.33,53.362,53.394,53.44,53.484,53.523,53.569,53.601,53.635,53.675,53.72,53.759,53.817,53.884,53.981,54.063,54.144,54.294,54.464,54.7,55.336
1174,@TPP,49.313,49.974,50.271,50.412,50.523,50.621,50.728,50.823,50.9,50.98,51.057,51.105,51.169,51.237,51.292,51.324,51.38,51.437,51.485,51.526,51.568,51.607,51.639,51.665,51.706,51.736,51.78,51.809,51.839,51.867,51.899,51.929,51.953,51.987,52.017,52.047,52.083,52.11,52.141,52.17,52.192,52.216,52.248,52.274,52.299,52.324,52.349,52.374,52.396,52.416,52.438,52.47,52.498,52.526,52.554,52.585,52.61,52.641,52.669,52.7,52.728,52.751,52.778,52.799,52.822,52.853,52.874,52.899,52.936,52.966,53.0,53.024,53.055,53.092,53.13,53.162,53.201,53.249,53.269,53.312,53.344,53.378,53.404,53.447,53.49,53.539,53.582,53.647,53.707,53.757,53.81,53.861,53.913,54.018,54.089,54.159,54.274,54.373,54.573,54.825,55.647
1175,@TPP,49.313,49.974,50.271,50.412,50.523,50.621,50.728,50.823,50.9,50.98,51.057,51.105,51.169,51.237,51.292,51.324,51.38,51.437,51.485,51.526,51.568,51.607,51.639,51.665,51.706,51.736,51.78,51.809,51.839,51.867,51.899,51.929,51.953,51.987,52.017,52.047,52.083,52.11,52.141,52.17,52.192,52.216,52.248,52.274,52.299,52.324,52.349,52.374,52.396,52.416,52.438,52.47,52.498,52.526,52.554,52.585,52.61,52.641,52.669,52.7,52.728,52.751,52.778,52.799,52.822,52.853,52.874,52.899,52.936,52.966,53.0,53.024,53.055,53.092,53.13,53.162,53.201,53.249,53.269,53.312,53.344,53.378,53.404,53.447,53.49,53.539,53.582,53.647,53.707,53.757,53.81,53.861,53.913,54.018,54.089,54.159,54.274,54.373,54.573,54.825,55.647
1176,@TPP,48.833,49.773,50.074,50.267,50.405,50.505,50.572,50.656,50.732,50.806,50.885,50.944,50.984,51.04,51.095,51.156,51.208,51.262,51.308,51.363,51.403,51.455,51.488,51.522,51.563,51.601,51.637,51.661,51.696,51.729,51.759,51.789,51.819,51.846,51.875,51.923,51.953,51.979,52.007,52.033,52.064,52.093,52.116,52.146,52.174,52.203,52.222,52.252,52.278,52.302,52.33,52.357,52.388,52.415,52.44,52.471,52.506,52.53,52.554,52.585,52.612,52.639,52.67,52.708,52.734,52.761,52.797,52.827,52.86,52.889,52.922,52.952,52.982,53.019,53.063,53.1,53.131,53.163,53.202,53.243,53.286,53.341,53.387,53.432,53.473,53.521,53.575,53.609,53.676,53.746,53.805,53.878,53.957,54.054,54.154,54.248,54.351,54.498,54.668,54.899,55.731
1177,@TPP,48.833,49.773,50.074,50.267,50.405,50.505,50.572,50.656,50.732,50.806,50.885,50.944,50.984,51.04,51.095,51.156,51.208,51.262,51.308,51.363,51.403,51.455,51.488,51.522,51.563,51.601,51.637,51.661,51.696,51.729,51.759,51.789,51.819,51.846,51.875,51.923,51.953,51.979,52.007,52.033,52.064,52.093,52.116,52.146,52.174,52.203,52.222,52.252,52.278,52.302,52.33,52.357,52.388,52.415,52.44,52.471,52.506,52.53,52.554,52.585,52.612,52.639,52.67,52.708,52.734,52.761,52.797,52.827,52.86,52.889,52.922,52.952,52.982,53.019,53.063,53.1,53.131,53.163,53.202,53.243,53.286,53.341,53.387,53.432,53.473,53.521,53.575,53.609,53.676,53.746,53.805,53.878,53.957,54.054,54.154,54.248,54.351,54.498,54.668,54.899,55.731
1178,@TPP,48.297,49.498,49.897,50.132,50.283,50.393,50.491,50.573,50.647,50.726,50.777,50.845,50.899,50.947,50.991,51.052,51.084,51.141,51.187,51.229,51.276,51.311,51.355,51.408,51.444,51.491,51.518,51.551,51.589,51.622,51.651,51.677,51.701,51.726,51.755,51.791,51.82,51.853,51.883,51.918,51.942,51.987,52.009,52.037,52.068,52.101,52.137,52.172,52.203,52.239,52.272,52.295,52.319,52.345,52.373,52.412,52.441,52.469,52.495,52.527,52.561,52.595,52.628,52.662,52.685,52.719,52.753,52.776,52.813,52.839,52.871,52.909,52.954,52.99,53.041,53.081,53.117,53.156,53.193,53.231,53.267,53.295,53.35,53.393,53.435,53.478,53.537,53.592,53.656,53.717,53.78,53.845,53.925,53.991,54.115,54.199,54.336,54.469,54.659,54.877,55.529
1179,@TPP,48.297,49.498,49.897,50.132,50.283,50.393,50.491,50.573,50.647,50.726,50.777,50.845,50.899,50.947,50.991,51.052,51.084,51.141,51.187,51.229,51.276,51.311,51.355,51.408,51.444,51.491,51.518,51.551,51.589,51.622,51.651,51.677,51.701,51.726,51.755,51.791,51.82,51.853,51.883,51.918,51.942,51.987,52.009,52.037,52.068,52.101,52.137,52.172,52.203,52.239,52.272,52.295,52.319,52.345,52.373,52.412,52.441,52.469,52.495,52.527,52.561,52.595,52.628,52.662,52.685,52.719,52.753,52.776,52.813,52.839,52.871,52.909,52.954,52.99,53.041,53.081,53.117,53.156,53.193,53.231,53.267,53.295,53.35,53.393,53.435,53.478,53.537,53.592,53.656,53.717,53.78,53.845,53.925,53.991,54.115,54.199,54.336,54.469,54.659,54.877,55.529
1180,@TPP,48.256,49.487,49.725,49.93,50.104,50.236,50.361,50.43,50.503,50.575,50.635,50.707,50.767,50.812,50.863,50.937,50.974,51.035,51.084,51.121,51.156,51.206,51.256,51.299,51.334,51.368,51.41,51.44,51.477,51.512,51.549,51.585,51.622,51.651,51.688,51.72,51.747,51.778,51.799,51.822,51.847,51.878,51.911,51.932,51.959,51.984,52.011,52.037,52.075,52.107,52.138,52.166,52.194,52.227,52.26,52.29,52.321,52.365,52.404,52.437,52.467,52.504,52.538,52.572,52.599,52.628,52.659,52.69,52.724,52.763,52.789,52.823,52.862,52.904,52.947,52.987,53.028,53.072,53.111,53.148,53.188,53.224,53.261,53.296,53.338,53.386,53.429,53.493,53.552,53.601,53.678,53.769,53.864,53.929,54.003,54.072,54.21,54.38,54.53,54.912,55.535
1181,@TPP,48.256,49.487,49.725,49.93,50.104,50.236,50.361,50.43,50.503,50.575,50.635,50.707,50.767,50.812,50.863,50.937,50.974,51.035,51.084,51.121,51.156,51.206,51.256,51.299,51.334,51.368,51.41,51.44,51.477,51.512,51.549,51.585,51.622,51.651,51.688,51.72,51.747,51.778,51.799,51.822,51.847,51.878,51.911,51.932,51.959,51.984,52.011,52.037,52.075,52.107,52.138,52.166,52.194,52.227,52.26,52.29,52.321,52.365,52.404,52.437,52.467,52.504,52.538,52.572,52.599,52.628,52.659,52.69,52.724,52.763,52.789,52.823,52.862,52.904,52.947,52.987,53.028,53.072,53.111,53.148,53.188,53.224,53.261,53.296,53.338,53.386,53.429,53.493,53.552,53.601,53.678,53.769,53.864,53.929,54.003,54.072,54.21,54.38,54.53,54.912,55.535
1182,@TPP,48.683,49.467,49.692,49.877,50.004,50.127,50.247,50.367,50.424,50.508,50.583,50.622,50.664,50.736,50.775,50.835,50.898,50.932,50.979,51.018,51.044,51.103,51.14,51.186,51.244,51.278,51.306,51.346,51.384,51.419,51.448,51.479,51.512,51.56,51.595,51.623,51.657,51.691,51.721,51.751,51.78,51.803,51.825,51.86,51.895,51.921,51.945,51.98,52.007,52.026,52.051,52.075,52.096,52.117,52.146,52.177,52.203,52.225,52.254,52.286,52.317,52.347,52.404,52.433,52.462,52.486,52.515,52.548,52.574,52.618,52.656,52.688,52.724,52.77,52.828,52.858,52.892,52.928,52.964,53.006,53.043,53.092,53.136,53.182,53.242,53.289,53.347,53.413,53.462,53.519,53.592,53.663,53.718,53.804,53.9,53.98,54.076,54.218,54.459,54.771,55.559
1183,@TPP,48.683,49.467,49.692,49.877,50.004,50.127,50.247,50.367,50.424,50.508,50.583,50.622,50.664,50.736,50.775,50.835,50.898,50.932,50.979,51.018,51.044,51.103,51.14,51.186,51.244,51.278,51.306,51.346,51.384,51.419,51.448,51.479,51.512,51.56,51.595,51.623,51.657,51.691,51.721,51.751,51.78,51.803,51.825,51.86,51.895,51.921,51.945,51.98,52.007,52.026,52.051,52.075,52.096,52.117,52.146,52.177,52.203,52.225,52.254,52.286,52.317,52.347,52.404,52.433,52.462,52.486,52.515,52.548,52.574,52.618,52.656,52.688,52.724,52.77,52.828,52.858,52.892,52.928,52.964,53.006,53.043,53.092,53.136,53.182,53.242,53.289,53.347,53.413,53.462,53.519,53.592,53.663,53.718,53.804,53.9,53.98,54.076,54.218,54.459,54.771,55.559
1184,@TPP,48.732,49.403,49.62,49.856,50.023,50.152,50.256,50.357,50.429,50.503,50.564,50.626,50.677,50.724,50.77,50.808,50.853,50.9,50.941,50.982,51.019,51.061,51.103,51.135,51.169,51.204,51.229,51.261,51.302,51.333,51.374,51.408,51.439,51.474,51.521,51.558,51.58,51.608,51.637,51.657,51.685,51.719,51.744,51.772,51.797,51.828,51.858,51.89,51.918,51.943,51.981,52.01,52.037,52.063,52.092,52.123,52.156,52.188,52.215,52.247,52.278,52.31,52.342,52.375,52.406,52.436,52.475,52.505,52.53,52.56,52.593,52.627,52.657,52.688,52.717,52.76,52.806,52.84,52.88,52.929,52.957,52.993,53.038,53.08,53.122,53.151,53.189,53.242,53.298,53.352,53.412,53.491,53.554,53.644,53.743,53.843,53.985,54.111,54.299,54.556,55.524
1185,@TPP,48.732,49.403,49.62,49.856,50.023,50.152,50.256,50.357,50.429,50.503,50.564,50.626,50.677,50.724,50.77,50.808,50.853,50.9,50.941,50.982,51.019,51.061,51.103,51.135,51.169,51.204,51.229,51.261,51.302,51.333,51.374,51.408,51.439,51.474,51.521,51.558,51.58,51.608,51.637,51.657,51.685,51.719,51.744,51.772,51.797,51.828,51.858,51.89,51.918,51.943,51.981,52.01,52.037,52.063,52.092,52.123,52.156,52.188,52.215,52.247,52.278,52.31,52.342,52.375,52.406,52.436,52.475,52.505,52.53,52.56,52.593,52.627,52.657,52.688,52.717,52.76,52.806,52.84,52.88,52.929,52.957,52.993,53.038,53.08,53.122,53.151,53.189,53.242,53.298,53.352,53.412,53.491,53.554,53.644,53.743,53.843,53.985,54.111,54.299,54.556,55.524
1186,@TPP,48.683,49.557,49.842,49.974,50.097,50.165,50.251,50.335,50.406,50.476,50.534,50.589,50.647,50.698,50.736,50.772,50.83,50.882,50.925,50.972,51.019,51.051,51.091,51.122,51.158,51.2,51.23,51.262,51.289,51.319,51.341,51.377,51.418,51.446,51.466,51.488,51.514,51.539,51.563,51.585,51.609,51.644,51.678,51.698,51.72,51.735,51.761,51.789,51.809,51.835,51.867,51.891,51.914,51.949,51.98,52.004,52.033,52.067,52.096,52.119,52.151,52.183,52.216,52.246,52.273,52.302,52.328,52.36,52.391,52.419,52.449,52.488,52.515,52.543,52.577,52.612,52.636,52.667,52.701,52.745,52.792,52.829,52.873,52.912,52.946,52.989,53.039,53.081,53.134,53.176,53.226,53.288,53.362,53.441,53.508,53.612,53.698,53.83,53.954,54.21,55.187
1187,@TPP,48.683,49.557,49.842,49.974,50.097,50.165,50.251,50.335,50.406,50.476,50.534,50.589,50.647,50.698,50.736,50.772,50.83,50.882,50.925,50.972,51.019,51.051,51.091,51.122,51.158,51.2,51.23,51.262,51.289,51.319,51.341,51.377,51.418,51.446,51.466,51.488,51.514,51.539,51.563,51.585,51.609,51.644,51.678,51.698,51.72,51.735,51.761,51.789,51.809,51.835,51.867,51.891,51.914,51.949,51.98,52.004,52.033,52.067,52.096,52.119,52.151,52.183,52.216,52.246,52.273,52.302,52.328,52.36,52.391,52.419,52.449,52.488,52.515,52.543,52.577,52.612,52.636,52.667,52.701,52.745,52.792,52.829,52.873,52.912,52.946,52.989,53.039,53.081,53.134,53.176,53.226,53.288,53.362,53.441,53.508,53.612,53.698,53.83,53.954,54.21,55.187
1188,@TPP,48.275,49.326,49.638,49.825,49.936,50.066,50.162,50.242,50.31,50.419,50.49,50.546,50.616,50.679,50.752,50.802,50.853,50.9,50.941,50.972,51.004,51.037,51.071,51.111,51.153,51.196,51.246,51.278,51.307,51.346,51.37,51.416,51.453,51.484,51.524,51.555,51.591,51.621,51.65,51.686,51.71,51.738,51.767,51.805,51.831,51.865,51.898,51.925,51.952,51.985,52.019,52.042,52.075,52.116,52.139,52.174,52.197,52.219,52.246,52.276,52.302,52.348,52.382,52.419,52.455,52.479,52.507,52.536,52.567,52.601,52.626,52.669,52.708,52.743,52.779,52.81,52.833,52.866,52.906,52.945,52.992,53.031,53.072,53.127,53.174,53.22,53.256,53.322,53.377,53.418,53.476,53.533,53.598,53.671,53.759,53.858,53.979,54.169,54.345,54.689,55.527
1189,@TPP,48.275,49.326,49.638,49.825,49.936,50.066,50.162,50.242,50.31,50.419,50.49,50.546,50.616,50.679,50.752,50.802,50.853,50.9,50.941,50.972,51.004,51.037,51.071,51.111,51.153,51.196,51.246,51.278,51.307,51.346,51.37,51.416,51.453,51.484,51.524,51.555,51.591,51.621,51.65,51.686,51.71,51.738,51.767,51.805,51.831,51.865,51.898,51.925,51.952,51.985,52.019,52.042,52.075,52.116,52.139,52.174,52.197,52.219,52.246,52.276,52.302,52.348,52.382,52.419,52.455,52.479,52.507,52.536,52.567,52.601,52.626,52.669,52.708,52.743,52.779,52.81,52.833,52.866,52.906,52.945,52.992,53.031,53.072,53.127,53.174,53.22,53.256,53.322,53.377,53.418,53.476,53.533,53.598,53.671,53.759,53.858,53.979,54.169,54.345,54.689,55.527
1190,@TPP,48.145,49.266,49.57,49.733,49.896,50.018,50.125,50.184,50.307,50.425,50.504,50.561,50.621,50.662,50.727,50.788,50.831,50.897,50.943,50.99,51.049,51.096,51.132,51.172,51.219,51.26,51.303,51.336,51.385,51.431,51.47,51.494,51.528,51.566,51.611,51.641,51.679,51.71,51.736,51.766,51.8,51.836,51.867,51.895,51.926,51.948,51.977,52.005,52.031,52.056,52.096,52.138,52.17,52.204,52.233,52.272,52.308,52.337,52.365,52.401,52.443,52.48,52.513,52.545,52.572,52.605,52.643,52.682,52.707,52.741,52.77,52.805,52.825,52.863,52.903,52.944,52.983,53.022,53.052,53.093,53.139,53.178,53.237,53.306,53.362,53.41,53.467,53.526,53.574,53.627,53.691,53.735,53.814,53.879,53.995,54.103,54.192,54.39,54.67,54.91,55.675
1191,@TPP,48.145,49.266,49.57,49.733,49.896,50.018,50.125,50.184,50.307,50.425,50.504,50.561,50.621,50.662,50.727,50.788,50.831,50.897,50.943,50.99,51.049,51.096,51.132,51.172,51.219,51.26,51.303,51.336,51.385,51.431,51.47,51.494,51.528,51.566,51.611,51.641,51.679,51.71,51.736,51.766,51.8,51.836,51.867,51.895,51.926,51.948,51.977,52.005,52.031,52.056,52.096,52.138,52.17,52.204,52.233,52.272,52.308,52.337,52.365,52.401,52.443,52.48,52.513,52.545,52.572,52.605,52.643,52.682,52.707,52.741,52.77,52.805,52.825,52.863,52.903,52.944,52.983,53.022,53.052,53.093,53.139,53.178,53.237,53.306,53.362,53.41,53.467,53.526,53.574,53.627,53.691,53.735,53.814,53.879,53.995,54.103,54.192,54.39,54.67,54.91,55.675
1192,@TPP,47.631,49.133,49.509,49.747,49.882,50.047,50.177,50.278,50.376,50.45,50.535,50.613,50.654,50.719,50.777,50.857,50.919,50.974,51.018,51.069,51.115,51.14,51.186,51.23,51.266,51.297,51.342,51.374,51.398,51.451,51.485,51.535,51.567,51.609,51.647,51.674,51.714,51.753,51.791,51.832,51.866,51.904,51.946,51.98,52.015,52.046,52.078,52.119,52.155,52.187,52.213,52.247,52.278,52.303,52.335,52.374,52.413,52.446,52.467,52.509,52.546,52.58,52.614,52.657,52.697,52.729,52.764,52.815,52.846,52.883,52.916,52.959,52.989,53.023,53.057,53.097,53.139,53.171,53.216,53.267,53.32,53.371,53.42,53.475,53.531,53.579,53.658,53.725,53.788,53.837,53.9,53.97,54.046,54.138,54.253,54.377,54.525,54.717,54.947,55.302,56.009
1193,@TPP,47.631,49.133,49.509,49.747,49.882,50.047,50.177,50.278,50.376,50.45,50.535,50.613,50.654,50.719,50.777,50.857,50.919,50.974,51.018,51.069,51.115,51.14,51.186,51.23,51.266,51.297,51.342,51.374,51.398,51.451,51.485,51.535,51.567,51.609,51.647,51.674,51.714,51.753,51.791,51.832,51.866,51.904,51.946,51.98,52.015,52.046,52.078,52.119,52.155,52.187,52.213,52.247,52.278,52.303,52.335,52.374,52.413,52.446,52.467,52.509,52.546,52.58,52.614,52.657,52.697,52.729,52.764,52.815,52.846,52.883,52.916,52.959,52.989,53.023,53.057,53.097,53.139,53.171,53.216,53.267,53.32,53.371,53.42,53.475,53.531,53.579,53.658,53.725,53.788,53.837,53.9,53.97,54.046,54.138,54.253,54.377,54.525,54.717,54.947,55.302,56.009
1194,@TPP,48.058,49.072,49.537,49.739,49.955,50.104,50.246,50.343,50.436,50.501,50.581,50.65,50.736,50.817,50.898,50.952,51.02,51.062,51.116,51.147,51.19,51.24,51.287,51.332,51.366,51.407,51.437,51.471,51.528,51.562,51.603,51.64,51.675,51.711,51.746,51.784,51.822,51.852,51.892,51.922,51.96,51.997,52.027,52.057,52.092,52.129,52.164,52.192,52.232,52.269,52.299,52.331,52.368,52.397,52.441,52.479,52.52,52.558,52.592,52.626,52.659,52.692,52.737,52.767,52.803,52.847,52.873,52.904,52.945,52.992,53.02,53.061,53.115,53.172,53.234,53.276,53.302,53.331,53.382,53.439,53.477,53.517,53.552,53.604,53.646,53.71,53.802,53.858,53.932,53.979,54.054,54.122,54.221,54.316,54.42,54.523,54.637,54.838,55.099,55.654,56.702
1195,@TPP,48.058,49.072,49.537,49.739,49.955,50.104,50.246,50.343,50.436,50.501,50.581,50.65,50.736,50.817,50.898,50.952,51.02,51.062,51.116,51.147,51.19,51.24,51.287,51.332,51.366,51.407,51.437,51.471,51.528,51.562,51.603,51.64,51.675,51.711,51.746,51.784,51.822,51.852,51.892,51.922,51.96,51.997,52.027,52.057,52.092,52.129,52.164,52.192,52.232,52.269,52.299,52.331,52.368,52.397,52.441,52.479,52.52,52.558,52.592,52.626,52.659,52.692,52.737,52.767,52.803,52.847,52.873,52.904,52.945,52.992,53.02,53.061,53.115,53.172,53.234,53.276,53.302,53.331,53.382,53.439,53.477,53.517,53.552,53.604,53.646,53.71,53.802,53.858,53.932,53.979,54.054,54.122,54.221,54.316,54.42,54.523,54.637,54.838,55.099,55.654,56.702
1196,@TPP,48.193,49.052,49.557,49.801,50.033,50.181,50.295,50.424,50.553,50.636,50.733,50.804,50.85,50.908,50.981,51.048,51.09,51.139,51.188,51.231,51.28,51.312,51.365,51.405,51.445,51.493,51.539,51.581,51.611,51.644,51.686,51.716,51.749,51.788,51.842,51.898,51.932,51.974,52.017,52.053,52.088,52.123,52.152,52.187,52.219,52.253,52.31,52.335,52.366,52.396,52.424,52.457,52.488,52.527,52.562,52.599,52.641,52.669,52.701,52.733,52.775,52.804,52.837,52.879,52.929,52.97,53.006,53.047,53.098,53.13,53.163,53.211,53.253,53.294,53.344,53.406,53.456,53.49,53.538,53.58,53.61,53.657,53.712,53.757,53.8,53.867,53.935,53.99,54.051,54.119,54.189,54.291,54.376,54.486,54.58,54.744,54.933,55.166,55.377,55.753,56.746
1197,@TPP,48.193,49.052,49.557,49.801,50.033,50.181,50.295,50.424,50.553,50.636,50.733,50.804,50.85,50.908,50.981,51.048,51.09,51.139,51.188,51.231,51.28,51.312,51.365,51.405,51.445,51.493,51.539,51.581,51.611,51.644,51.686,51.716,51.749,51.788,51.842,51.898,51.932,51.974,52.017,52.053,52.088,52.123,52.152,52.187,52.219,52.253,52.31,52.335,52.366,52.396,52.424,52.457,52.488,52.527,52.562,52.599,52.641,52.669,52.701,52.733,52.775,52.804,52.837,52.879,52.929,52.97,53.006,53.047,53.098,53.13,53.163,53.211,53.253,53.294,53.344,53.406,53.456,53.49,53.538,53.58,53.61,53.657,53.712,53.757,53.8,53.867,53.935,53.99,54.051,54.119,54.189,54.291,54.376,54.486,54.58,54.744,54.933,55.166,55.377,55.753,56.746
1198,@TPP,48.601,49.635,50.011,50.172,50.333,50.475,50.599,50.714,50.831,50.897,50.972,51.062,51.128,51.193,51.248,51.317,51.366,51.412,51.468,51.516,51.567,51.617,51.655,51.7,51.732,51.774,51.827,51.875,51.92,51.957,52.011,52.046,52.074,52.119,52.154,52.195,52.23,52.264,52.288,52.318,52.349,52.385,52.415,52.458,52.502,52.535,52.566,52.585,52.622,52.66,52.691,52.731,52.765,52.792,52.826,52.852,52.89,52.929,52.963,52.997,53.029,53.062,53.102,53.138,53.167,53.201,53.242,53.287,53.332,53.38,53.418,53.452,53.487,53.511,53.549,53.588,53.637,53.683,53.74,53.796,53.849,53.895,53.946,53.984,54.035,54.097,54.146,54.236,54.294,54.36,54.425,54.517,54.605,54.682,54.787,54.874,54.995,55.171,55.475,55.999,56.736
1199,@TPP,48.601,49.635,50.011,50.172,50.333,50.475,50.599,50.714,50.831,50.897,50.972,51.062,51.128,51.193,51.248,51.317,51.366,51.412,51.468,51.516,51.567,51.617,51.655,51.7,51.732,51.774,51.827,51.875,51.92,51.957,52.011,52.046,52.074,52.119,52.154,52.195,52.23,52.264,52.288,52.318,52.349,52.385,52.415,52.458,52.502,52.535,52.566,52.585,52.622,52.66,52.691,52.731,52.765,52.792,52.826,52.852,52.89,52.929,52.963,52.997,53.029,53.062,53.102,53.138,53.167,53.201,53.242,53.287,53.332,53.38,53.418,53.452,53.487,53.511,53.549,53.588,53.637,53.683,53.74,53.796,53.849,53.895,53.946,53.984,54.035,54.097,54.146,54.236,54.294,54.36,54.425,54.517,54.605,54.682,54.787,54.874,54.995,55.171,55.475,55.999,56.736
1200,@TPP,49.449,50.188,50.512,50.765,50.942,51.089,51.166,51.229,51.33,51.415,51.486,51.536,51.596,51.638,51.684,51.734,51.782,51.829,51.877,51.913,51.967,52.012,52.071,52.111,52.154,52.189,52.23,52.271,52.3,52.332,52.369,52.4,52.431,52.467,52.5,52.531,52.559,52.591,52.616,52.641,52.674,52.704,52.736,52.768,52.795,52.821,52.845,52.874,52.907,52.933,52.975,53.002,53.03,53.063,53.095,53.129,53.157,53.19,53.223,53.255,53.291,53.314,53.334,53.363,53.392,53.422,53.463,53.487,53.524,53.562,53.599,53.639,53.671,53.715,53.752,53.787,53.831,53.871,53.924,53.962,53.996,54.041,54.085,54.132,54.177,54.222,54.287,54.339,54.391,54.455,54.517,54.569,54.641,54.726,54.859,54.956,55.072,55.211,55.422,55.76,56.846
1201,@TPP,49.449,50.188,50.512,50.765,50.942,51.089,51.166,51.229,51.33,51.415,51.486,51.536,51.596,51.638,51.684,51.734,51.782,51.829,51.877,51.913,51.967,52.012,52.071,52.111,52.154,52.189,52.23,52.271,52.3,52.332,52.369,52.4,52.431,52.467,52.5,52.531,52.559,52.591,52.616,52.641,52.674,52.704,52.736,52.768,52.795,52.821,52.845,52.874,52.907,52.933,52.975,53.002,53.03,53.063,53.095,53.129,53.157,53.19,53.223,53.255,53.291,53.314,53.334,53.363,53.392,53.422,53.463,53.487,53.524,53.562,53.599,53.639,53.671,53.715,53.752,53.787,53.831,53.871,53.924,53.962,53.996,54.041,54.085,54.132,54.177,54.222,54.287,54.339,54.391,54.455,54.517,54.569,54.641,54.726,54.859,54.956,55.072,55.211,55.422,55.76,56.846
1202,@TPP,49.993,50.758,51.064,51.238,51.407,51.549,51.66,51.758,51.819,51.884,51.948,51.997,52.078,52.159,52.197,52.249,52.298,52.346,52.374,52.415,52.463,52.492,52.522,52.563,52.594,52.638,52.695,52.731,52.762,52.799,52.842,52.876,52.91,52.937,52.971,53.004,53.039,53.07,53.099,53.122,53.139,53.165,53.194,53.226,53.249,53.283,53.313,53.338,53.368,53.394,53.419,53.442,53.464,53.487,53.505,53.527,53.557,53.575,53.605,53.646,53.674,53.712,53.745,53.779,53.81,53.841,53.874,53.902,53.931,53.958,53.986,54.017,54.053,54.08,54.125,54.163,54.204,54.239,54.279,54.31,54.349,54.383,54.431,54.474,54.522,54.56,54.611,54.674,54.744,54.805,54.885,54.954,55.018,55.102,55.202,55.302,55.413,55.541,55.735,56.018,57.278
1203,@TPP,49.993,50.758,51.064,51.238,51.407,51.549,51.66,51.758,51.819,51.884,51.948,51.997,52.078,52.159,52.197,52.249,52.298,52.346,52.374,52.415,52.463,52.492,52.522,52.563,52.594,52.638,52.695,52.731,52.762,52.799,52.842,52.876,52.91,52.937,52.971,53.004,53.039,53.07,53.099,53.122,53.139,53.165,53.194,53.226,53.249,53.283,53.313,53.338,53.368,53.394,53.419,53.442,53.464,53.487,53.505,53.527,53.557,53.575,53.605,53.646,53.674,53.712,53.745,53.779,53.81,53.841,53.874,53.902,53.931,53.958,53.986,54.017,54.053,54.08,54.125,54.163,54.204,54.239,54.279,54.31,54.349,54.383,54.431,54.474,54.522,54.56,54.611,54.674,54.744,54.805,54.885,54.954,55.018,55.102,55.202,55.302,55.413,55.541,55.735,56.018,57.278
1204,@TPP,49.74,50.652,50.983,51.162,51.362,51.462,51.597,51.691,51.773,51.853,51.92,51.98,52.056,52.133,52.201,52.266,52.305,52.365,52.408,52.466,52.503,52.541,52.573,52.625,52.659,52.703,52.735,52.779,52.808,52.846,52.891,52.917,52.947,52.989,53.022,53.064,53.092,53.125,53.158,53.184,53.214,53.248,53.281,53.314,53.353,53.38,53.413,53.445,53.489,53.517,53.544,53.573,53.61,53.642,53.667,53.692,53.724,53.749,53.787,53.82,53.85,53.887,53.912,53.944,53.972,54.007,54.044,54.075,54.103,54.136,54.169,54.197,54.243,54.272,54.313,54.355,54.404,54.445,54.492,54.543,54.585,54.63,54.669,54.709,54.759,54.821,54.874,54.95,55.014,55.089,55.147,55.238,55.324,55.41,55.54,55.672,55.865,55.997,56.246,56.577,57.761
1205,@TPP,49.74,50.652,50.983,51.162,51.362,51.462,51.597,51.691,51.773,51.853,51.92,51.98,52.056,52.133,52.201,52.266,52.305,52.365,52.408,52.466,52.503,52.541,52.573,52.625,52.659,52.703,52.735,52.779,52.808,52.846,52.891,52.917,52.947,52.989,53.022,53.064,53.092,53.125,53.158,53.184,53.214,53.248,53.281,53.314,53.353,53.38,53.413,53.445,53.489,53.517,53.544,53.573,53.61,53.642,53.667,53.692,53.724,53.749,53.787,53.82,53.85,53.887,53.912,53.944,53.972,54.007,54.044,54.075,54.103,54.136,54.169,54.197,54.243,54.272,54.313,54.355,54.404,54.445,54.492,54.543,54.585,54.63,54.669,54.709,54.759,54.821,54.874,54.95,55.014,55.089,55.147,55.238,55.324,55.41,55.54,55.672,55.865,55.997,56.246,56.577,57.761
1206,@TPP,49.918,50.659,51.041,51.314,51.482,51.624,51.716,51.815,51.914,51.984,52.071,52.141,52.205,52.275,52.337,52.383,52.445,52.499,52.548,52.606,52.678,52.719,52.761,52.787,52.824,52.854,52.874,52.904,52.95,52.987,53.024,53.052,53.084,53.123,53.154,53.188,53.225,53.271,53.298,53.327,53.357,53.398,53.431,53.456,53.481,53.515,53.548,53.576,53.61,53.645,53.671,53.699,53.725,53.764,53.798,53.831,53.859,53.889,53.919,53.953,53.981,54.005,54.029,54.062,54.08,54.116,54.156,54.189,54.242,54.281,54.308,54.344,54.382,54.424,54.466,54.503,54.532,54.572,54.595,54.625,54.67,54.713,54.764,54.832,54.867,54.916,54.961,55.026,55.081,55.141,55.207,55.29,55.386,55.492,55.583,55.7,55.827,55.975,56.317,56.705,58.005
1207,@TPP,49.918,50.659,51.041,51.314,51.482,51.624,51.716,51.815,51.914,51.984,52.071,52.141,52.205,52.275,52.337,52.383,52.445,52.499,52.548,52.606,52.678,52.719,52.761,52.787,52.824,52.854,52.874,52.904,52.95,52.987,53.024,53.052,53.084,53.123,53.154,53.188,53.225,53.271,53.298,53.327,53.357,53.398,53.431,53.456,53.481,53.515,53.548,53.576,53.61,53.645,53.671,53.699,53.725,53.764,53.798,53.831,53.859,53.889,53.919,53.953,53.981,54.005,54.029,54.062,54.08,54.116,54.156,54.189,54.242,54.281,54.308,54.344,54.382,54.424,54.466,54.503,54.532,54.572,54.595,54.625,54.67,54.713,54.764,54.832,54.867,54.916,54.961,55.026,55.081,55.141,55.207,55.29,55.386,55.492,55.583,55.7,55.827,55.975,56.317,56.705,58.005
1208,@TPP,50.335,51.297,51.553,51.782,51.902,51.987,52.085,52.167,52.26,52.341,52.403,52.478,52.539,52.584,52.642,52.682,52.731,52.776,52.829,52.868,52.913,52.947,52.984,53.009,53.051,53.074,53.104,53.136,53.164,53.191,53.222,53.257,53.286,53.313,53.341,53.368,53.398,53.438,53.474,53.505,53.53,53.559,53.584,53.605,53.628,53.66,53.679,53.709,53.739,53.77,53.796,53.817,53.849,53.879,53.905,53.931,53.956,53.979,54.007,54.027,54.057,54.078,54.104,54.127,54.153,54.178,54.209,54.239,54.269,54.303,54.336,54.367,54.397,54.434,54.471,54.511,54.548,54.579,54.621,54.66,54.703,54.749,54.787,54.825,54.859,54.896,54.944,55.003,55.048,55.114,55.175,55.264,55.356,55.412,55.501,55.611,55.712,55.881,56.115,56.424,57.116
1209,@TPP,50.335,51.297,51.553,51.782,51.902,51.987,52.085,52.167,52.26,52.341,52.403,52.478,52.539,52.584,52.642,52.682,52.731,52.776,52.829,52.868,52.913,52.947,52.984,53.009,53.051,53.074,53.104,53.136,53.164,53.191,53.222,53.257,53.286,53.313,53.341,53.368,53.398,53.438,53.474,53.505,53.53,53.559,53.584,53.605,53.628,53.66,53.679,53.709,53.739,53.77,53.796,53.817,53.849,53.879,53.905,53.931,53.956,53.979,54.007,54.027,54.057,54.078,54.104,54.127,54.153,54.178,54.209,54.239,54.269,54.303,54.336,54.367,54.397,54.434,54.471,54.511,54.548,54.579,54.621,54.66,54.703,54.749,54.787,54.825,54.859,54.896,54.944,55.003,55.048,55.114,55.175,55.264,55.356,55.412,55.501,55.611,55.712,55.881,56.115,56.424,57.116
